 Lat    Lon    Disp_x_East(cm)   Disp_y_North(cm)   DispUp(cm)
    51.771  -170.203   -0.0   -0.0   -0.0
    51.780  -170.203   -0.0   -0.0   -0.0
    51.789  -170.203   -0.0   -0.0   -0.0
    51.798  -170.203   -0.0   -0.0   -0.0
    51.808  -170.203   -0.0   -0.0   -0.0
    51.817  -170.203   -0.0   -0.0   -0.0
    51.826  -170.203   -0.0   -0.0   -0.0
    51.835  -170.203   -0.0   -0.0   -0.0
    51.844  -170.203   -0.0   -0.0   -0.0
    51.853  -170.203   -0.0   -0.0   -0.0
    51.862  -170.203   -0.0   -0.0   -0.0
    51.871  -170.203   -0.0   -0.0   -0.0
    51.880  -170.203   -0.0   -0.0   -0.0
    51.889  -170.203   -0.0   -0.0   -0.0
    51.898  -170.203   -0.0   -0.0   -0.0
    51.907  -170.203   -0.0   -0.0   -0.0
    51.916  -170.203   -0.0   -0.0   -0.0
    51.925  -170.203   -0.0   -0.0   -0.0
    51.934  -170.203   -0.0   -0.0   -0.0
    51.943  -170.203   -0.0   -0.0   -0.0
    51.952  -170.203   -0.0   -0.0   -0.0
    51.961  -170.203   -0.0   -0.0   -0.0
    51.970  -170.203   -0.0   -0.0   -0.0
    51.979  -170.203   -0.0   -0.0   -0.0
    51.988  -170.203   -0.0   -0.0   -0.0
    51.997  -170.203    0.0   -0.0   -0.0
    52.006  -170.203    0.0   -0.0   -0.0
    52.015  -170.203    0.0   -0.0   -0.0
    52.024  -170.203    0.0   -0.0   -0.0
    52.033  -170.203    0.0   -0.0   -0.0
    52.042  -170.203    0.0   -0.0   -0.0
    52.051  -170.203    0.0   -0.0   -0.1
    52.060  -170.203    0.0   -0.0   -0.1
    52.069  -170.203    0.0   -0.0   -0.1
    52.078  -170.203    0.1   -0.0   -0.1
    52.087  -170.203    0.1   -0.0   -0.1
    52.096  -170.203    0.1   -0.0   -0.1
    52.105  -170.203    0.1   -0.0   -0.1
    52.114  -170.203    0.1   -0.0   -0.1
    52.123  -170.203    0.1   -0.0   -0.1
    52.132  -170.203    0.1   -0.0   -0.1
    52.141  -170.203    0.1   -0.0   -0.1
    52.150  -170.203    0.1   -0.0   -0.1
    52.159  -170.203    0.1   -0.0   -0.1
    52.168  -170.203    0.1   -0.0   -0.1
    52.177  -170.203    0.2   -0.0   -0.1
    52.186  -170.203    0.2   -0.0   -0.1
    52.195  -170.203    0.2   -0.0   -0.1
    52.204  -170.203    0.2   -0.0   -0.1
    52.213  -170.203    0.2   -0.0   -0.1
    52.222  -170.203    0.2   -0.1   -0.1
    52.231  -170.203    0.2   -0.1   -0.1
    52.240  -170.203    0.2   -0.1   -0.1
    52.249  -170.203    0.2   -0.1   -0.1
    52.258  -170.203    0.2   -0.1   -0.1
    52.267  -170.203    0.2   -0.1   -0.1
    52.276  -170.203    0.2   -0.1   -0.1
    52.285  -170.203    0.3   -0.1   -0.1
    52.294  -170.203    0.3   -0.1   -0.1
    52.303  -170.203    0.3   -0.1   -0.1
    52.312  -170.203    0.3   -0.1   -0.1
    52.321  -170.203    0.3   -0.1   -0.1
    52.330  -170.203    0.3   -0.1   -0.1
    52.339  -170.203    0.3   -0.1   -0.1
    52.348  -170.203    0.3   -0.1   -0.1
    52.357  -170.203    0.3   -0.1   -0.1
    52.366  -170.203    0.3   -0.1   -0.1
    52.375  -170.203    0.3   -0.2   -0.1
    52.384  -170.203    0.3   -0.2   -0.1
    52.393  -170.203    0.3   -0.2   -0.1
    52.402  -170.203    0.3   -0.2   -0.1
    52.411  -170.203    0.3   -0.2   -0.1
    52.420  -170.203    0.3   -0.2   -0.1
    52.429  -170.203    0.3   -0.2   -0.1
    52.438  -170.203    0.3   -0.2   -0.1
    52.447  -170.203    0.3   -0.2   -0.1
    52.456  -170.203    0.3   -0.2   -0.1
    52.465  -170.203    0.3   -0.2   -0.1
    52.474  -170.203    0.3   -0.2   -0.1
    52.483  -170.203    0.3   -0.2   -0.1
    52.492  -170.203    0.3   -0.2   -0.1
    52.501  -170.203    0.2   -0.2   -0.1
    52.510  -170.203    0.2   -0.2   -0.1
    52.519  -170.203    0.2   -0.2   -0.1
    52.528  -170.203    0.2   -0.2   -0.1
    52.537  -170.203    0.2   -0.2   -0.0
    52.546  -170.203    0.2   -0.2   -0.0
    52.555  -170.203    0.2   -0.2   -0.0
    52.564  -170.203    0.2   -0.2   -0.0
    52.573  -170.203    0.2   -0.2   -0.0
    52.582  -170.203    0.2   -0.2   -0.0
    52.591  -170.203    0.2   -0.2   -0.0
    52.600  -170.203    0.2   -0.2   -0.0
    52.609  -170.203    0.2   -0.2   -0.0
    52.618  -170.203    0.2   -0.2   -0.0
    52.627  -170.203    0.2   -0.2   -0.0
    52.636  -170.203    0.2   -0.2   -0.0
    52.645  -170.203    0.2   -0.2   -0.0
    52.654  -170.203    0.2   -0.2   -0.0
    52.663  -170.203    0.2   -0.2   -0.0
    52.672  -170.203    0.2   -0.2   -0.0
    51.771  -170.189   -0.0   -0.0   -0.0
    51.780  -170.189   -0.0   -0.0   -0.0
    51.789  -170.189   -0.0   -0.0   -0.0
    51.798  -170.189   -0.0   -0.0   -0.0
    51.808  -170.189   -0.0   -0.0   -0.0
    51.817  -170.189   -0.0   -0.0   -0.0
    51.826  -170.189   -0.0   -0.0   -0.0
    51.835  -170.189   -0.0   -0.0   -0.0
    51.844  -170.189   -0.0   -0.0   -0.0
    51.853  -170.189   -0.0   -0.0   -0.0
    51.862  -170.189   -0.0   -0.0   -0.0
    51.871  -170.189   -0.0   -0.0   -0.0
    51.880  -170.189   -0.0   -0.0   -0.0
    51.889  -170.189   -0.0   -0.0   -0.0
    51.898  -170.189   -0.0   -0.0   -0.0
    51.907  -170.189   -0.0   -0.0   -0.0
    51.916  -170.189   -0.0   -0.0   -0.0
    51.925  -170.189   -0.0   -0.0   -0.0
    51.934  -170.189   -0.0   -0.0   -0.0
    51.943  -170.189   -0.0   -0.0   -0.0
    51.952  -170.189   -0.0   -0.0   -0.0
    51.961  -170.189   -0.0   -0.0   -0.0
    51.970  -170.189   -0.0   -0.0   -0.0
    51.979  -170.189   -0.0   -0.0   -0.0
    51.988  -170.189   -0.0   -0.0   -0.0
    51.997  -170.189   -0.0   -0.0   -0.0
    52.006  -170.189    0.0   -0.0   -0.0
    52.015  -170.189    0.0   -0.0   -0.0
    52.024  -170.189    0.0   -0.0   -0.0
    52.033  -170.189    0.0   -0.0   -0.0
    52.042  -170.189    0.0   -0.0   -0.0
    52.051  -170.189    0.0   -0.0   -0.1
    52.060  -170.189    0.0   -0.0   -0.1
    52.069  -170.189    0.0   -0.0   -0.1
    52.078  -170.189    0.1   -0.0   -0.1
    52.087  -170.189    0.1   -0.0   -0.1
    52.096  -170.189    0.1   -0.0   -0.1
    52.105  -170.189    0.1   -0.0   -0.1
    52.114  -170.189    0.1   -0.0   -0.1
    52.123  -170.189    0.1   -0.0   -0.1
    52.132  -170.189    0.1   -0.0   -0.1
    52.141  -170.189    0.1   -0.0   -0.1
    52.150  -170.189    0.1   -0.0   -0.1
    52.159  -170.189    0.1   -0.0   -0.1
    52.168  -170.189    0.2   -0.0   -0.1
    52.177  -170.189    0.2   -0.0   -0.1
    52.186  -170.189    0.2   -0.0   -0.1
    52.195  -170.189    0.2   -0.0   -0.1
    52.204  -170.189    0.2   -0.0   -0.1
    52.213  -170.189    0.2   -0.0   -0.1
    52.222  -170.189    0.2   -0.1   -0.1
    52.231  -170.189    0.2   -0.1   -0.1
    52.240  -170.189    0.2   -0.1   -0.1
    52.249  -170.189    0.2   -0.1   -0.1
    52.258  -170.189    0.2   -0.1   -0.1
    52.267  -170.189    0.3   -0.1   -0.1
    52.276  -170.189    0.3   -0.1   -0.1
    52.285  -170.189    0.3   -0.1   -0.1
    52.294  -170.189    0.3   -0.1   -0.1
    52.303  -170.189    0.3   -0.1   -0.1
    52.312  -170.189    0.3   -0.1   -0.1
    52.321  -170.189    0.3   -0.1   -0.1
    52.330  -170.189    0.3   -0.1   -0.1
    52.339  -170.189    0.3   -0.1   -0.1
    52.348  -170.189    0.3   -0.1   -0.1
    52.357  -170.189    0.3   -0.2   -0.1
    52.366  -170.189    0.3   -0.2   -0.1
    52.375  -170.189    0.3   -0.2   -0.1
    52.384  -170.189    0.3   -0.2   -0.1
    52.393  -170.189    0.3   -0.2   -0.1
    52.402  -170.189    0.3   -0.2   -0.1
    52.411  -170.189    0.3   -0.2   -0.1
    52.420  -170.189    0.3   -0.2   -0.1
    52.429  -170.189    0.3   -0.2   -0.1
    52.438  -170.189    0.3   -0.2   -0.1
    52.447  -170.189    0.3   -0.2   -0.1
    52.456  -170.189    0.3   -0.2   -0.1
    52.465  -170.189    0.3   -0.2   -0.1
    52.474  -170.189    0.3   -0.2   -0.1
    52.483  -170.189    0.3   -0.2   -0.1
    52.492  -170.189    0.3   -0.2   -0.1
    52.501  -170.189    0.3   -0.2   -0.1
    52.510  -170.189    0.3   -0.2   -0.1
    52.519  -170.189    0.2   -0.2   -0.1
    52.528  -170.189    0.2   -0.2   -0.1
    52.537  -170.189    0.2   -0.2   -0.1
    52.546  -170.189    0.2   -0.2   -0.0
    52.555  -170.189    0.2   -0.2   -0.0
    52.564  -170.189    0.2   -0.2   -0.0
    52.573  -170.189    0.2   -0.2   -0.0
    52.582  -170.189    0.2   -0.2   -0.0
    52.591  -170.189    0.2   -0.2   -0.0
    52.600  -170.189    0.2   -0.2   -0.0
    52.609  -170.189    0.2   -0.2   -0.0
    52.618  -170.189    0.2   -0.2   -0.0
    52.627  -170.189    0.2   -0.2   -0.0
    52.636  -170.189    0.2   -0.2   -0.0
    52.645  -170.189    0.2   -0.2   -0.0
    52.654  -170.189    0.2   -0.2   -0.0
    52.663  -170.189    0.2   -0.2   -0.0
    52.672  -170.189    0.2   -0.2   -0.0
    51.771  -170.174   -0.0   -0.0   -0.0
    51.780  -170.174   -0.0   -0.0   -0.0
    51.789  -170.174   -0.0   -0.0   -0.0
    51.798  -170.174   -0.0   -0.0   -0.0
    51.808  -170.174   -0.0   -0.0   -0.0
    51.817  -170.174   -0.0   -0.0   -0.0
    51.826  -170.174   -0.0   -0.0   -0.0
    51.835  -170.174   -0.0   -0.0   -0.0
    51.844  -170.174   -0.0   -0.0   -0.0
    51.853  -170.174   -0.0   -0.0   -0.0
    51.862  -170.174   -0.0   -0.0   -0.0
    51.871  -170.174   -0.0   -0.0   -0.0
    51.880  -170.174   -0.0   -0.0   -0.0
    51.889  -170.174   -0.0   -0.0   -0.0
    51.898  -170.174   -0.0   -0.0   -0.0
    51.907  -170.174   -0.0   -0.0   -0.0
    51.916  -170.174   -0.0   -0.0   -0.0
    51.925  -170.174   -0.0   -0.0   -0.0
    51.934  -170.174   -0.0   -0.0   -0.0
    51.943  -170.174   -0.0   -0.0   -0.0
    51.952  -170.174   -0.0   -0.0   -0.0
    51.961  -170.174   -0.0   -0.0   -0.0
    51.970  -170.174   -0.0   -0.0   -0.0
    51.979  -170.174   -0.0   -0.0   -0.0
    51.988  -170.174   -0.0   -0.0   -0.0
    51.997  -170.174   -0.0   -0.0   -0.0
    52.006  -170.174   -0.0   -0.0   -0.0
    52.015  -170.174    0.0   -0.0   -0.0
    52.024  -170.174    0.0   -0.0   -0.0
    52.033  -170.174    0.0   -0.0   -0.0
    52.042  -170.174    0.0   -0.0   -0.1
    52.051  -170.174    0.0   -0.0   -0.1
    52.060  -170.174    0.0   -0.0   -0.1
    52.069  -170.174    0.0   -0.0   -0.1
    52.078  -170.174    0.1   -0.0   -0.1
    52.087  -170.174    0.1   -0.0   -0.1
    52.096  -170.174    0.1   -0.0   -0.1
    52.105  -170.174    0.1   -0.0   -0.1
    52.114  -170.174    0.1   -0.0   -0.1
    52.123  -170.174    0.1   -0.0   -0.1
    52.132  -170.174    0.1   -0.0   -0.1
    52.141  -170.174    0.1   -0.0   -0.1
    52.150  -170.174    0.1   -0.0   -0.1
    52.159  -170.174    0.1   -0.0   -0.1
    52.168  -170.174    0.2   -0.0   -0.1
    52.177  -170.174    0.2   -0.0   -0.1
    52.186  -170.174    0.2   -0.0   -0.1
    52.195  -170.174    0.2   -0.0   -0.1
    52.204  -170.174    0.2   -0.0   -0.1
    52.213  -170.174    0.2   -0.1   -0.1
    52.222  -170.174    0.2   -0.1   -0.1
    52.231  -170.174    0.2   -0.1   -0.1
    52.240  -170.174    0.2   -0.1   -0.1
    52.249  -170.174    0.3   -0.1   -0.1
    52.258  -170.174    0.3   -0.1   -0.1
    52.267  -170.174    0.3   -0.1   -0.1
    52.276  -170.174    0.3   -0.1   -0.1
    52.285  -170.174    0.3   -0.1   -0.1
    52.294  -170.174    0.3   -0.1   -0.1
    52.303  -170.174    0.3   -0.1   -0.1
    52.312  -170.174    0.3   -0.1   -0.1
    52.321  -170.174    0.3   -0.1   -0.1
    52.330  -170.174    0.3   -0.1   -0.1
    52.339  -170.174    0.3   -0.1   -0.1
    52.348  -170.174    0.3   -0.2   -0.1
    52.357  -170.174    0.3   -0.2   -0.1
    52.366  -170.174    0.3   -0.2   -0.1
    52.375  -170.174    0.3   -0.2   -0.1
    52.384  -170.174    0.3   -0.2   -0.1
    52.393  -170.174    0.3   -0.2   -0.1
    52.402  -170.174    0.3   -0.2   -0.1
    52.411  -170.174    0.3   -0.2   -0.1
    52.420  -170.174    0.3   -0.2   -0.1
    52.429  -170.174    0.3   -0.2   -0.1
    52.438  -170.174    0.3   -0.2   -0.1
    52.447  -170.174    0.3   -0.2   -0.1
    52.456  -170.174    0.3   -0.2   -0.1
    52.465  -170.174    0.3   -0.2   -0.1
    52.474  -170.174    0.3   -0.2   -0.1
    52.483  -170.174    0.3   -0.2   -0.1
    52.492  -170.174    0.3   -0.2   -0.1
    52.501  -170.174    0.3   -0.2   -0.1
    52.510  -170.174    0.3   -0.2   -0.1
    52.519  -170.174    0.3   -0.2   -0.1
    52.528  -170.174    0.3   -0.2   -0.1
    52.537  -170.174    0.2   -0.2   -0.1
    52.546  -170.174    0.2   -0.2   -0.1
    52.555  -170.174    0.2   -0.2   -0.1
    52.564  -170.174    0.2   -0.2   -0.0
    52.573  -170.174    0.2   -0.2   -0.0
    52.582  -170.174    0.2   -0.2   -0.0
    52.591  -170.174    0.2   -0.2   -0.0
    52.600  -170.174    0.2   -0.2   -0.0
    52.609  -170.174    0.2   -0.2   -0.0
    52.618  -170.174    0.2   -0.2   -0.0
    52.627  -170.174    0.2   -0.2   -0.0
    52.636  -170.174    0.2   -0.2   -0.0
    52.645  -170.174    0.2   -0.2   -0.0
    52.654  -170.174    0.2   -0.2   -0.0
    52.663  -170.174    0.2   -0.2   -0.0
    52.672  -170.174    0.2   -0.2   -0.0
    51.771  -170.159   -0.0   -0.0   -0.0
    51.780  -170.159   -0.0   -0.0   -0.0
    51.789  -170.159   -0.0   -0.0   -0.0
    51.798  -170.159   -0.0   -0.0   -0.0
    51.808  -170.159   -0.0   -0.0   -0.0
    51.817  -170.159   -0.0   -0.0   -0.0
    51.826  -170.159   -0.0   -0.0   -0.0
    51.835  -170.159   -0.0   -0.0   -0.0
    51.844  -170.159   -0.0   -0.0   -0.0
    51.853  -170.159   -0.0   -0.0   -0.0
    51.862  -170.159   -0.0   -0.0   -0.0
    51.871  -170.159   -0.0   -0.0   -0.0
    51.880  -170.159   -0.0   -0.0   -0.0
    51.889  -170.159   -0.0   -0.0   -0.0
    51.898  -170.159   -0.0   -0.0   -0.0
    51.907  -170.159   -0.0   -0.0   -0.0
    51.916  -170.159   -0.0   -0.0   -0.0
    51.925  -170.159   -0.0   -0.0   -0.0
    51.934  -170.159   -0.0   -0.0   -0.0
    51.943  -170.159   -0.0   -0.0   -0.0
    51.952  -170.159   -0.0   -0.0   -0.0
    51.961  -170.159   -0.0   -0.0   -0.0
    51.970  -170.159   -0.0   -0.0   -0.0
    51.979  -170.159   -0.0   -0.0   -0.0
    51.988  -170.159   -0.0   -0.0   -0.0
    51.997  -170.159   -0.0   -0.0   -0.0
    52.006  -170.159   -0.0   -0.0   -0.0
    52.015  -170.159    0.0   -0.0   -0.0
    52.024  -170.159    0.0   -0.0   -0.0
    52.033  -170.159    0.0   -0.0   -0.0
    52.042  -170.159    0.0   -0.0   -0.1
    52.051  -170.159    0.0   -0.0   -0.1
    52.060  -170.159    0.0   -0.0   -0.1
    52.069  -170.159    0.0   -0.0   -0.1
    52.078  -170.159    0.1   -0.0   -0.1
    52.087  -170.159    0.1   -0.0   -0.1
    52.096  -170.159    0.1   -0.0   -0.1
    52.105  -170.159    0.1   -0.0   -0.1
    52.114  -170.159    0.1   -0.0   -0.1
    52.123  -170.159    0.1   -0.0   -0.1
    52.132  -170.159    0.1   -0.0   -0.1
    52.141  -170.159    0.1   -0.0   -0.1
    52.150  -170.159    0.1   -0.0   -0.1
    52.159  -170.159    0.2   -0.0   -0.1
    52.168  -170.159    0.2   -0.0   -0.1
    52.177  -170.159    0.2   -0.0   -0.1
    52.186  -170.159    0.2   -0.0   -0.1
    52.195  -170.159    0.2   -0.0   -0.1
    52.204  -170.159    0.2   -0.0   -0.1
    52.213  -170.159    0.2   -0.1   -0.1
    52.222  -170.159    0.2   -0.1   -0.1
    52.231  -170.159    0.2   -0.1   -0.1
    52.240  -170.159    0.3   -0.1   -0.1
    52.249  -170.159    0.3   -0.1   -0.1
    52.258  -170.159    0.3   -0.1   -0.1
    52.267  -170.159    0.3   -0.1   -0.1
    52.276  -170.159    0.3   -0.1   -0.1
    52.285  -170.159    0.3   -0.1   -0.1
    52.294  -170.159    0.3   -0.1   -0.1
    52.303  -170.159    0.3   -0.1   -0.1
    52.312  -170.159    0.3   -0.1   -0.1
    52.321  -170.159    0.3   -0.1   -0.1
    52.330  -170.159    0.3   -0.1   -0.1
    52.339  -170.159    0.3   -0.2   -0.1
    52.348  -170.159    0.3   -0.2   -0.1
    52.357  -170.159    0.3   -0.2   -0.1
    52.366  -170.159    0.3   -0.2   -0.1
    52.375  -170.159    0.3   -0.2   -0.1
    52.384  -170.159    0.3   -0.2   -0.1
    52.393  -170.159    0.3   -0.2   -0.1
    52.402  -170.159    0.3   -0.2   -0.1
    52.411  -170.159    0.3   -0.2   -0.1
    52.420  -170.159    0.3   -0.2   -0.1
    52.429  -170.159    0.3   -0.2   -0.1
    52.438  -170.159    0.3   -0.2   -0.1
    52.447  -170.159    0.3   -0.2   -0.1
    52.456  -170.159    0.3   -0.2   -0.1
    52.465  -170.159    0.3   -0.2   -0.1
    52.474  -170.159    0.3   -0.2   -0.1
    52.483  -170.159    0.3   -0.2   -0.1
    52.492  -170.159    0.3   -0.2   -0.1
    52.501  -170.159    0.3   -0.2   -0.1
    52.510  -170.159    0.3   -0.2   -0.1
    52.519  -170.159    0.3   -0.2   -0.1
    52.528  -170.159    0.3   -0.2   -0.1
    52.537  -170.159    0.3   -0.2   -0.1
    52.546  -170.159    0.2   -0.2   -0.1
    52.555  -170.159    0.2   -0.2   -0.1
    52.564  -170.159    0.2   -0.2   -0.1
    52.573  -170.159    0.2   -0.2   -0.0
    52.582  -170.159    0.2   -0.2   -0.0
    52.591  -170.159    0.2   -0.2   -0.0
    52.600  -170.159    0.2   -0.2   -0.0
    52.609  -170.159    0.2   -0.2   -0.0
    52.618  -170.159    0.2   -0.2   -0.0
    52.627  -170.159    0.2   -0.2   -0.0
    52.636  -170.159    0.2   -0.2   -0.0
    52.645  -170.159    0.2   -0.2   -0.0
    52.654  -170.159    0.2   -0.2   -0.0
    52.663  -170.159    0.2   -0.2   -0.0
    52.672  -170.159    0.2   -0.2   -0.0
    51.771  -170.145   -0.0   -0.0   -0.0
    51.780  -170.145   -0.0   -0.0   -0.0
    51.789  -170.145   -0.0   -0.0   -0.0
    51.798  -170.145   -0.0   -0.0   -0.0
    51.808  -170.145   -0.0   -0.0   -0.0
    51.817  -170.145   -0.0   -0.0   -0.0
    51.826  -170.145   -0.0   -0.0   -0.0
    51.835  -170.145   -0.0   -0.0   -0.0
    51.844  -170.145   -0.0   -0.0   -0.0
    51.853  -170.145   -0.0   -0.0   -0.0
    51.862  -170.145   -0.0   -0.0   -0.0
    51.871  -170.145   -0.0   -0.0   -0.0
    51.880  -170.145   -0.0   -0.0   -0.0
    51.889  -170.145   -0.0   -0.0   -0.0
    51.898  -170.145   -0.0   -0.0   -0.0
    51.907  -170.145   -0.0   -0.0   -0.0
    51.916  -170.145   -0.0   -0.0   -0.0
    51.925  -170.145   -0.0   -0.0   -0.0
    51.934  -170.145   -0.0   -0.0   -0.0
    51.943  -170.145   -0.0   -0.0   -0.0
    51.952  -170.145   -0.0   -0.0   -0.0
    51.961  -170.145   -0.0   -0.0   -0.0
    51.970  -170.145   -0.0   -0.0   -0.0
    51.979  -170.145   -0.0   -0.0   -0.0
    51.988  -170.145   -0.0   -0.0   -0.0
    51.997  -170.145   -0.0   -0.0   -0.0
    52.006  -170.145   -0.0   -0.0   -0.0
    52.015  -170.145   -0.0   -0.0   -0.0
    52.024  -170.145    0.0   -0.0   -0.0
    52.033  -170.145    0.0   -0.0   -0.0
    52.042  -170.145    0.0   -0.0   -0.1
    52.051  -170.145    0.0   -0.0   -0.1
    52.060  -170.145    0.0   -0.0   -0.1
    52.069  -170.145    0.0   -0.0   -0.1
    52.078  -170.145    0.1   -0.0   -0.1
    52.087  -170.145    0.1   -0.0   -0.1
    52.096  -170.145    0.1   -0.0   -0.1
    52.105  -170.145    0.1   -0.0   -0.1
    52.114  -170.145    0.1   -0.0   -0.1
    52.123  -170.145    0.1   -0.0   -0.1
    52.132  -170.145    0.1   -0.0   -0.1
    52.141  -170.145    0.1   -0.0   -0.1
    52.150  -170.145    0.1   -0.0   -0.1
    52.159  -170.145    0.2   -0.0   -0.1
    52.168  -170.145    0.2   -0.0   -0.1
    52.177  -170.145    0.2   -0.0   -0.1
    52.186  -170.145    0.2   -0.0   -0.1
    52.195  -170.145    0.2   -0.0   -0.1
    52.204  -170.145    0.2   -0.0   -0.1
    52.213  -170.145    0.2   -0.1   -0.1
    52.222  -170.145    0.2   -0.1   -0.1
    52.231  -170.145    0.3   -0.1   -0.1
    52.240  -170.145    0.3   -0.1   -0.1
    52.249  -170.145    0.3   -0.1   -0.1
    52.258  -170.145    0.3   -0.1   -0.1
    52.267  -170.145    0.3   -0.1   -0.1
    52.276  -170.145    0.3   -0.1   -0.1
    52.285  -170.145    0.3   -0.1   -0.1
    52.294  -170.145    0.3   -0.1   -0.1
    52.303  -170.145    0.3   -0.1   -0.1
    52.312  -170.145    0.3   -0.1   -0.1
    52.321  -170.145    0.3   -0.1   -0.1
    52.330  -170.145    0.3   -0.2   -0.1
    52.339  -170.145    0.3   -0.2   -0.1
    52.348  -170.145    0.3   -0.2   -0.1
    52.357  -170.145    0.3   -0.2   -0.1
    52.366  -170.145    0.3   -0.2   -0.1
    52.375  -170.145    0.3   -0.2   -0.1
    52.384  -170.145    0.3   -0.2   -0.1
    52.393  -170.145    0.3   -0.2   -0.1
    52.402  -170.145    0.3   -0.2   -0.1
    52.411  -170.145    0.3   -0.2   -0.1
    52.420  -170.145    0.3   -0.2   -0.1
    52.429  -170.145    0.3   -0.2   -0.1
    52.438  -170.145    0.3   -0.2   -0.1
    52.447  -170.145    0.3   -0.2   -0.1
    52.456  -170.145    0.3   -0.2   -0.1
    52.465  -170.145    0.3   -0.2   -0.1
    52.474  -170.145    0.3   -0.2   -0.1
    52.483  -170.145    0.3   -0.2   -0.1
    52.492  -170.145    0.3   -0.2   -0.1
    52.501  -170.145    0.3   -0.2   -0.1
    52.510  -170.145    0.3   -0.2   -0.1
    52.519  -170.145    0.3   -0.2   -0.1
    52.528  -170.145    0.3   -0.2   -0.1
    52.537  -170.145    0.3   -0.2   -0.1
    52.546  -170.145    0.3   -0.2   -0.1
    52.555  -170.145    0.2   -0.2   -0.1
    52.564  -170.145    0.2   -0.2   -0.1
    52.573  -170.145    0.2   -0.2   -0.1
    52.582  -170.145    0.2   -0.2   -0.0
    52.591  -170.145    0.2   -0.2   -0.0
    52.600  -170.145    0.2   -0.2   -0.0
    52.609  -170.145    0.2   -0.2   -0.0
    52.618  -170.145    0.2   -0.2   -0.0
    52.627  -170.145    0.2   -0.2   -0.0
    52.636  -170.145    0.2   -0.2   -0.0
    52.645  -170.145    0.2   -0.2   -0.0
    52.654  -170.145    0.2   -0.2   -0.0
    52.663  -170.145    0.2   -0.2   -0.0
    52.672  -170.145    0.2   -0.2   -0.0
    51.771  -170.130   -0.0   -0.0   -0.0
    51.780  -170.130   -0.0   -0.0   -0.0
    51.789  -170.130   -0.0   -0.0   -0.0
    51.798  -170.130   -0.0   -0.0   -0.0
    51.808  -170.130   -0.0   -0.0   -0.0
    51.817  -170.130   -0.0   -0.0   -0.0
    51.826  -170.130   -0.0   -0.0   -0.0
    51.835  -170.130   -0.0   -0.0   -0.0
    51.844  -170.130   -0.0   -0.0   -0.0
    51.853  -170.130   -0.0   -0.0   -0.0
    51.862  -170.130   -0.0   -0.0   -0.0
    51.871  -170.130   -0.0   -0.0   -0.0
    51.880  -170.130   -0.0   -0.0   -0.0
    51.889  -170.130   -0.0   -0.0   -0.0
    51.898  -170.130   -0.0   -0.0   -0.0
    51.907  -170.130   -0.0   -0.0   -0.0
    51.916  -170.130   -0.0   -0.0   -0.0
    51.925  -170.130   -0.0   -0.0   -0.0
    51.934  -170.130   -0.0   -0.0   -0.0
    51.943  -170.130   -0.0   -0.0   -0.0
    51.952  -170.130   -0.0   -0.0   -0.0
    51.961  -170.130   -0.0   -0.0   -0.0
    51.970  -170.130   -0.0   -0.0   -0.0
    51.979  -170.130   -0.0   -0.0   -0.0
    51.988  -170.130   -0.0   -0.0   -0.0
    51.997  -170.130   -0.0   -0.0   -0.0
    52.006  -170.130   -0.0   -0.0   -0.0
    52.015  -170.130   -0.0   -0.0   -0.0
    52.024  -170.130    0.0   -0.0   -0.0
    52.033  -170.130    0.0   -0.0   -0.1
    52.042  -170.130    0.0   -0.0   -0.1
    52.051  -170.130    0.0   -0.0   -0.1
    52.060  -170.130    0.0   -0.0   -0.1
    52.069  -170.130    0.0   -0.0   -0.1
    52.078  -170.130    0.0   -0.0   -0.1
    52.087  -170.130    0.1   -0.0   -0.1
    52.096  -170.130    0.1   -0.0   -0.1
    52.105  -170.130    0.1   -0.0   -0.1
    52.114  -170.130    0.1   -0.0   -0.1
    52.123  -170.130    0.1   -0.0   -0.1
    52.132  -170.130    0.1   -0.0   -0.1
    52.141  -170.130    0.1   -0.0   -0.1
    52.150  -170.130    0.1   -0.0   -0.1
    52.159  -170.130    0.2   -0.0   -0.1
    52.168  -170.130    0.2   -0.0   -0.1
    52.177  -170.130    0.2   -0.0   -0.1
    52.186  -170.130    0.2   -0.0   -0.1
    52.195  -170.130    0.2   -0.0   -0.1
    52.204  -170.130    0.2   -0.1   -0.1
    52.213  -170.130    0.2   -0.1   -0.1
    52.222  -170.130    0.3   -0.1   -0.1
    52.231  -170.130    0.3   -0.1   -0.1
    52.240  -170.130    0.3   -0.1   -0.1
    52.249  -170.130    0.3   -0.1   -0.1
    52.258  -170.130    0.3   -0.1   -0.1
    52.267  -170.130    0.3   -0.1   -0.1
    52.276  -170.130    0.3   -0.1   -0.1
    52.285  -170.130    0.3   -0.1   -0.1
    52.294  -170.130    0.3   -0.1   -0.1
    52.303  -170.130    0.3   -0.1   -0.1
    52.312  -170.130    0.3   -0.1   -0.1
    52.321  -170.130    0.3   -0.2   -0.1
    52.330  -170.130    0.3   -0.2   -0.1
    52.339  -170.130    0.3   -0.2   -0.1
    52.348  -170.130    0.3   -0.2   -0.1
    52.357  -170.130    0.3   -0.2   -0.1
    52.366  -170.130    0.3   -0.2   -0.1
    52.375  -170.130    0.3   -0.2   -0.1
    52.384  -170.130    0.3   -0.2   -0.1
    52.393  -170.130    0.3   -0.2   -0.1
    52.402  -170.130    0.3   -0.2   -0.1
    52.411  -170.130    0.3   -0.2   -0.1
    52.420  -170.130    0.3   -0.2   -0.1
    52.429  -170.130    0.3   -0.2   -0.1
    52.438  -170.130    0.3   -0.2   -0.1
    52.447  -170.130    0.3   -0.2   -0.1
    52.456  -170.130    0.3   -0.2   -0.1
    52.465  -170.130    0.3   -0.2   -0.1
    52.474  -170.130    0.3   -0.2   -0.1
    52.483  -170.130    0.3   -0.2   -0.1
    52.492  -170.130    0.3   -0.2   -0.1
    52.501  -170.130    0.3   -0.2   -0.1
    52.510  -170.130    0.3   -0.2   -0.1
    52.519  -170.130    0.3   -0.2   -0.1
    52.528  -170.130    0.3   -0.2   -0.1
    52.537  -170.130    0.3   -0.2   -0.1
    52.546  -170.130    0.3   -0.2   -0.1
    52.555  -170.130    0.3   -0.2   -0.1
    52.564  -170.130    0.2   -0.2   -0.1
    52.573  -170.130    0.2   -0.2   -0.1
    52.582  -170.130    0.2   -0.2   -0.1
    52.591  -170.130    0.2   -0.2   -0.0
    52.600  -170.130    0.2   -0.2   -0.0
    52.609  -170.130    0.2   -0.2   -0.0
    52.618  -170.130    0.2   -0.2   -0.0
    52.627  -170.130    0.2   -0.2   -0.0
    52.636  -170.130    0.2   -0.2   -0.0
    52.645  -170.130    0.2   -0.2   -0.0
    52.654  -170.130    0.2   -0.2   -0.0
    52.663  -170.130    0.2   -0.2   -0.0
    52.672  -170.130    0.2   -0.2   -0.0
    51.771  -170.115   -0.0   -0.0   -0.0
    51.780  -170.115   -0.0   -0.0   -0.0
    51.789  -170.115   -0.0   -0.0   -0.0
    51.798  -170.115   -0.0   -0.0   -0.0
    51.808  -170.115   -0.0   -0.0   -0.0
    51.817  -170.115   -0.0   -0.0   -0.0
    51.826  -170.115   -0.0   -0.0   -0.0
    51.835  -170.115   -0.0   -0.0   -0.0
    51.844  -170.115   -0.0   -0.0   -0.0
    51.853  -170.115   -0.0   -0.0   -0.0
    51.862  -170.115   -0.0   -0.0   -0.0
    51.871  -170.115   -0.0   -0.0   -0.0
    51.880  -170.115   -0.0   -0.0   -0.0
    51.889  -170.115   -0.0   -0.0   -0.0
    51.898  -170.115   -0.0   -0.0   -0.0
    51.907  -170.115   -0.0   -0.0   -0.0
    51.916  -170.115   -0.0   -0.0   -0.0
    51.925  -170.115   -0.0   -0.0   -0.0
    51.934  -170.115   -0.0   -0.0   -0.0
    51.943  -170.115   -0.0   -0.0   -0.0
    51.952  -170.115   -0.0   -0.0   -0.0
    51.961  -170.115   -0.0   -0.0   -0.0
    51.970  -170.115   -0.0   -0.0   -0.0
    51.979  -170.115   -0.0   -0.0   -0.0
    51.988  -170.115   -0.0   -0.0   -0.0
    51.997  -170.115   -0.0   -0.0   -0.0
    52.006  -170.115   -0.0   -0.0   -0.0
    52.015  -170.115   -0.0   -0.0   -0.0
    52.024  -170.115   -0.0   -0.0   -0.0
    52.033  -170.115    0.0   -0.0   -0.1
    52.042  -170.115    0.0   -0.0   -0.1
    52.051  -170.115    0.0   -0.0   -0.1
    52.060  -170.115    0.0   -0.0   -0.1
    52.069  -170.115    0.0   -0.0   -0.1
    52.078  -170.115    0.0   -0.0   -0.1
    52.087  -170.115    0.1   -0.0   -0.1
    52.096  -170.115    0.1   -0.0   -0.1
    52.105  -170.115    0.1   -0.0   -0.1
    52.114  -170.115    0.1   -0.0   -0.1
    52.123  -170.115    0.1   -0.0   -0.1
    52.132  -170.115    0.1   -0.0   -0.1
    52.141  -170.115    0.1   -0.0   -0.1
    52.150  -170.115    0.2   -0.0   -0.1
    52.159  -170.115    0.2   -0.0   -0.1
    52.168  -170.115    0.2   -0.0   -0.1
    52.177  -170.115    0.2   -0.0   -0.1
    52.186  -170.115    0.2   -0.0   -0.1
    52.195  -170.115    0.2   -0.0   -0.1
    52.204  -170.115    0.2   -0.1   -0.1
    52.213  -170.115    0.3   -0.1   -0.1
    52.222  -170.115    0.3   -0.1   -0.1
    52.231  -170.115    0.3   -0.1   -0.1
    52.240  -170.115    0.3   -0.1   -0.1
    52.249  -170.115    0.3   -0.1   -0.1
    52.258  -170.115    0.3   -0.1   -0.1
    52.267  -170.115    0.3   -0.1   -0.1
    52.276  -170.115    0.3   -0.1   -0.1
    52.285  -170.115    0.3   -0.1   -0.1
    52.294  -170.115    0.3   -0.1   -0.1
    52.303  -170.115    0.3   -0.1   -0.1
    52.312  -170.115    0.4   -0.2   -0.1
    52.321  -170.115    0.4   -0.2   -0.1
    52.330  -170.115    0.4   -0.2   -0.1
    52.339  -170.115    0.4   -0.2   -0.1
    52.348  -170.115    0.4   -0.2   -0.1
    52.357  -170.115    0.4   -0.2   -0.1
    52.366  -170.115    0.4   -0.2   -0.1
    52.375  -170.115    0.4   -0.2   -0.1
    52.384  -170.115    0.4   -0.2   -0.1
    52.393  -170.115    0.4   -0.2   -0.1
    52.402  -170.115    0.4   -0.2   -0.1
    52.411  -170.115    0.3   -0.2   -0.1
    52.420  -170.115    0.3   -0.2   -0.1
    52.429  -170.115    0.3   -0.2   -0.1
    52.438  -170.115    0.3   -0.2   -0.1
    52.447  -170.115    0.3   -0.2   -0.1
    52.456  -170.115    0.3   -0.2   -0.1
    52.465  -170.115    0.3   -0.3   -0.1
    52.474  -170.115    0.3   -0.3   -0.1
    52.483  -170.115    0.3   -0.3   -0.1
    52.492  -170.115    0.3   -0.3   -0.1
    52.501  -170.115    0.3   -0.3   -0.1
    52.510  -170.115    0.3   -0.3   -0.1
    52.519  -170.115    0.3   -0.3   -0.1
    52.528  -170.115    0.3   -0.3   -0.1
    52.537  -170.115    0.3   -0.3   -0.1
    52.546  -170.115    0.3   -0.3   -0.1
    52.555  -170.115    0.3   -0.3   -0.1
    52.564  -170.115    0.3   -0.3   -0.1
    52.573  -170.115    0.2   -0.3   -0.1
    52.582  -170.115    0.2   -0.2   -0.1
    52.591  -170.115    0.2   -0.2   -0.1
    52.600  -170.115    0.2   -0.2   -0.0
    52.609  -170.115    0.2   -0.2   -0.0
    52.618  -170.115    0.2   -0.2   -0.0
    52.627  -170.115    0.2   -0.2   -0.0
    52.636  -170.115    0.2   -0.2   -0.0
    52.645  -170.115    0.2   -0.2   -0.0
    52.654  -170.115    0.2   -0.2   -0.0
    52.663  -170.115    0.2   -0.2   -0.0
    52.672  -170.115    0.2   -0.2   -0.0
    51.771  -170.100   -0.0   -0.0   -0.0
    51.780  -170.100   -0.0   -0.0   -0.0
    51.789  -170.100   -0.0   -0.0   -0.0
    51.798  -170.100   -0.0   -0.0   -0.0
    51.808  -170.100   -0.0   -0.0   -0.0
    51.817  -170.100   -0.0   -0.0   -0.0
    51.826  -170.100   -0.0   -0.0   -0.0
    51.835  -170.100   -0.0   -0.0   -0.0
    51.844  -170.100   -0.0   -0.0   -0.0
    51.853  -170.100   -0.0   -0.0   -0.0
    51.862  -170.100   -0.0   -0.0   -0.0
    51.871  -170.100   -0.0   -0.0   -0.0
    51.880  -170.100   -0.0   -0.0   -0.0
    51.889  -170.100   -0.0   -0.0   -0.0
    51.898  -170.100   -0.0   -0.0   -0.0
    51.907  -170.100   -0.0   -0.0   -0.0
    51.916  -170.100   -0.0   -0.0   -0.0
    51.925  -170.100   -0.0   -0.0   -0.0
    51.934  -170.100   -0.0   -0.0   -0.0
    51.943  -170.100   -0.0   -0.0   -0.0
    51.952  -170.100   -0.0   -0.0   -0.0
    51.961  -170.100   -0.0   -0.0   -0.0
    51.970  -170.100   -0.0   -0.0   -0.0
    51.979  -170.100   -0.0   -0.0   -0.0
    51.988  -170.100   -0.0   -0.0   -0.0
    51.997  -170.100   -0.0   -0.0   -0.0
    52.006  -170.100   -0.0   -0.0   -0.0
    52.015  -170.100   -0.0   -0.0   -0.0
    52.024  -170.100   -0.0   -0.0   -0.0
    52.033  -170.100   -0.0   -0.0   -0.1
    52.042  -170.100    0.0   -0.0   -0.1
    52.051  -170.100    0.0   -0.0   -0.1
    52.060  -170.100    0.0   -0.0   -0.1
    52.069  -170.100    0.0   -0.0   -0.1
    52.078  -170.100    0.0   -0.0   -0.1
    52.087  -170.100    0.1   -0.0   -0.1
    52.096  -170.100    0.1   -0.0   -0.1
    52.105  -170.100    0.1   -0.0   -0.1
    52.114  -170.100    0.1   -0.0   -0.1
    52.123  -170.100    0.1   -0.0   -0.1
    52.132  -170.100    0.1   -0.0   -0.1
    52.141  -170.100    0.1   -0.0   -0.1
    52.150  -170.100    0.2   -0.0   -0.1
    52.159  -170.100    0.2   -0.0   -0.1
    52.168  -170.100    0.2   -0.0   -0.1
    52.177  -170.100    0.2   -0.0   -0.1
    52.186  -170.100    0.2   -0.0   -0.1
    52.195  -170.100    0.2   -0.0   -0.1
    52.204  -170.100    0.3   -0.1   -0.1
    52.213  -170.100    0.3   -0.1   -0.1
    52.222  -170.100    0.3   -0.1   -0.1
    52.231  -170.100    0.3   -0.1   -0.1
    52.240  -170.100    0.3   -0.1   -0.1
    52.249  -170.100    0.3   -0.1   -0.1
    52.258  -170.100    0.3   -0.1   -0.1
    52.267  -170.100    0.3   -0.1   -0.1
    52.276  -170.100    0.3   -0.1   -0.1
    52.285  -170.100    0.4   -0.1   -0.1
    52.294  -170.100    0.4   -0.1   -0.1
    52.303  -170.100    0.4   -0.2   -0.1
    52.312  -170.100    0.4   -0.2   -0.1
    52.321  -170.100    0.4   -0.2   -0.1
    52.330  -170.100    0.4   -0.2   -0.1
    52.339  -170.100    0.4   -0.2   -0.1
    52.348  -170.100    0.4   -0.2   -0.1
    52.357  -170.100    0.4   -0.2   -0.1
    52.366  -170.100    0.4   -0.2   -0.1
    52.375  -170.100    0.4   -0.2   -0.1
    52.384  -170.100    0.4   -0.2   -0.1
    52.393  -170.100    0.4   -0.2   -0.1
    52.402  -170.100    0.4   -0.2   -0.1
    52.411  -170.100    0.4   -0.2   -0.1
    52.420  -170.100    0.4   -0.2   -0.1
    52.429  -170.100    0.4   -0.3   -0.1
    52.438  -170.100    0.3   -0.3   -0.1
    52.447  -170.100    0.3   -0.3   -0.1
    52.456  -170.100    0.3   -0.3   -0.1
    52.465  -170.100    0.3   -0.3   -0.1
    52.474  -170.100    0.3   -0.3   -0.1
    52.483  -170.100    0.3   -0.3   -0.1
    52.492  -170.100    0.3   -0.3   -0.1
    52.501  -170.100    0.3   -0.3   -0.1
    52.510  -170.100    0.3   -0.3   -0.1
    52.519  -170.100    0.3   -0.3   -0.1
    52.528  -170.100    0.3   -0.3   -0.1
    52.537  -170.100    0.3   -0.3   -0.1
    52.546  -170.100    0.3   -0.3   -0.1
    52.555  -170.100    0.3   -0.3   -0.1
    52.564  -170.100    0.3   -0.3   -0.1
    52.573  -170.100    0.3   -0.3   -0.1
    52.582  -170.100    0.2   -0.3   -0.1
    52.591  -170.100    0.2   -0.3   -0.1
    52.600  -170.100    0.2   -0.3   -0.1
    52.609  -170.100    0.2   -0.3   -0.0
    52.618  -170.100    0.2   -0.3   -0.0
    52.627  -170.100    0.2   -0.2   -0.0
    52.636  -170.100    0.2   -0.2   -0.0
    52.645  -170.100    0.2   -0.2   -0.0
    52.654  -170.100    0.2   -0.2   -0.0
    52.663  -170.100    0.2   -0.2   -0.0
    52.672  -170.100    0.2   -0.2   -0.0
    51.771  -170.086   -0.0   -0.0   -0.0
    51.780  -170.086   -0.0   -0.0   -0.0
    51.789  -170.086   -0.0   -0.0   -0.0
    51.798  -170.086   -0.0   -0.0   -0.0
    51.808  -170.086   -0.0   -0.0   -0.0
    51.817  -170.086   -0.0   -0.0   -0.0
    51.826  -170.086   -0.0   -0.0   -0.0
    51.835  -170.086   -0.0   -0.0   -0.0
    51.844  -170.086   -0.0   -0.0   -0.0
    51.853  -170.086   -0.0   -0.0   -0.0
    51.862  -170.086   -0.0   -0.0   -0.0
    51.871  -170.086   -0.0   -0.0   -0.0
    51.880  -170.086   -0.0   -0.0   -0.0
    51.889  -170.086   -0.0   -0.0   -0.0
    51.898  -170.086   -0.0   -0.0   -0.0
    51.907  -170.086   -0.0   -0.0   -0.0
    51.916  -170.086   -0.0   -0.0   -0.0
    51.925  -170.086   -0.0   -0.0   -0.0
    51.934  -170.086   -0.0   -0.0   -0.0
    51.943  -170.086   -0.0   -0.0   -0.0
    51.952  -170.086   -0.0   -0.0   -0.0
    51.961  -170.086   -0.0   -0.0   -0.0
    51.970  -170.086   -0.0   -0.0   -0.0
    51.979  -170.086   -0.0   -0.0   -0.0
    51.988  -170.086   -0.0   -0.0   -0.0
    51.997  -170.086   -0.0   -0.0   -0.0
    52.006  -170.086   -0.0   -0.0   -0.0
    52.015  -170.086   -0.0   -0.0   -0.0
    52.024  -170.086   -0.0   -0.0   -0.0
    52.033  -170.086   -0.0   -0.0   -0.1
    52.042  -170.086    0.0   -0.0   -0.1
    52.051  -170.086    0.0   -0.0   -0.1
    52.060  -170.086    0.0   -0.0   -0.1
    52.069  -170.086    0.0   -0.0   -0.1
    52.078  -170.086    0.0   -0.0   -0.1
    52.087  -170.086    0.1   -0.0   -0.1
    52.096  -170.086    0.1   -0.0   -0.1
    52.105  -170.086    0.1   -0.0   -0.1
    52.114  -170.086    0.1   -0.0   -0.1
    52.123  -170.086    0.1   -0.0   -0.1
    52.132  -170.086    0.1   -0.0   -0.1
    52.141  -170.086    0.1   -0.0   -0.1
    52.150  -170.086    0.2   -0.0   -0.1
    52.159  -170.086    0.2   -0.0   -0.1
    52.168  -170.086    0.2   -0.0   -0.1
    52.177  -170.086    0.2   -0.0   -0.1
    52.186  -170.086    0.2   -0.0   -0.1
    52.195  -170.086    0.2   -0.1   -0.1
    52.204  -170.086    0.3   -0.1   -0.1
    52.213  -170.086    0.3   -0.1   -0.1
    52.222  -170.086    0.3   -0.1   -0.1
    52.231  -170.086    0.3   -0.1   -0.1
    52.240  -170.086    0.3   -0.1   -0.1
    52.249  -170.086    0.3   -0.1   -0.1
    52.258  -170.086    0.3   -0.1   -0.1
    52.267  -170.086    0.4   -0.1   -0.1
    52.276  -170.086    0.4   -0.1   -0.1
    52.285  -170.086    0.4   -0.1   -0.1
    52.294  -170.086    0.4   -0.2   -0.1
    52.303  -170.086    0.4   -0.2   -0.1
    52.312  -170.086    0.4   -0.2   -0.1
    52.321  -170.086    0.4   -0.2   -0.1
    52.330  -170.086    0.4   -0.2   -0.1
    52.339  -170.086    0.4   -0.2   -0.1
    52.348  -170.086    0.4   -0.2   -0.1
    52.357  -170.086    0.4   -0.2   -0.1
    52.366  -170.086    0.4   -0.2   -0.1
    52.375  -170.086    0.4   -0.2   -0.1
    52.384  -170.086    0.4   -0.2   -0.1
    52.393  -170.086    0.4   -0.2   -0.1
    52.402  -170.086    0.4   -0.3   -0.1
    52.411  -170.086    0.4   -0.3   -0.1
    52.420  -170.086    0.4   -0.3   -0.1
    52.429  -170.086    0.4   -0.3   -0.1
    52.438  -170.086    0.4   -0.3   -0.1
    52.447  -170.086    0.4   -0.3   -0.1
    52.456  -170.086    0.3   -0.3   -0.1
    52.465  -170.086    0.3   -0.3   -0.1
    52.474  -170.086    0.3   -0.3   -0.1
    52.483  -170.086    0.3   -0.3   -0.1
    52.492  -170.086    0.3   -0.3   -0.1
    52.501  -170.086    0.3   -0.3   -0.1
    52.510  -170.086    0.3   -0.3   -0.1
    52.519  -170.086    0.3   -0.3   -0.1
    52.528  -170.086    0.3   -0.3   -0.1
    52.537  -170.086    0.3   -0.3   -0.1
    52.546  -170.086    0.3   -0.3   -0.1
    52.555  -170.086    0.3   -0.3   -0.1
    52.564  -170.086    0.3   -0.3   -0.1
    52.573  -170.086    0.3   -0.3   -0.1
    52.582  -170.086    0.3   -0.3   -0.1
    52.591  -170.086    0.2   -0.3   -0.1
    52.600  -170.086    0.2   -0.3   -0.1
    52.609  -170.086    0.2   -0.3   -0.1
    52.618  -170.086    0.2   -0.3   -0.0
    52.627  -170.086    0.2   -0.3   -0.0
    52.636  -170.086    0.2   -0.3   -0.0
    52.645  -170.086    0.2   -0.3   -0.0
    52.654  -170.086    0.2   -0.2   -0.0
    52.663  -170.086    0.2   -0.2   -0.0
    52.672  -170.086    0.2   -0.2   -0.0
    51.771  -170.071   -0.0   -0.0   -0.0
    51.780  -170.071   -0.0   -0.0   -0.0
    51.789  -170.071   -0.0   -0.0   -0.0
    51.798  -170.071   -0.0   -0.0   -0.0
    51.808  -170.071   -0.0   -0.0   -0.0
    51.817  -170.071   -0.0   -0.0   -0.0
    51.826  -170.071   -0.0   -0.0   -0.0
    51.835  -170.071   -0.0   -0.0   -0.0
    51.844  -170.071   -0.0   -0.0   -0.0
    51.853  -170.071   -0.0   -0.0   -0.0
    51.862  -170.071   -0.0   -0.0   -0.0
    51.871  -170.071   -0.0   -0.0   -0.0
    51.880  -170.071   -0.0   -0.0   -0.0
    51.889  -170.071   -0.0   -0.0   -0.0
    51.898  -170.071   -0.0   -0.0   -0.0
    51.907  -170.071   -0.0   -0.0   -0.0
    51.916  -170.071   -0.0   -0.0   -0.0
    51.925  -170.071   -0.0   -0.0   -0.0
    51.934  -170.071   -0.0   -0.0   -0.0
    51.943  -170.071   -0.0   -0.0   -0.0
    51.952  -170.071   -0.0   -0.0   -0.0
    51.961  -170.071   -0.0   -0.0   -0.0
    51.970  -170.071   -0.0   -0.0   -0.0
    51.979  -170.071   -0.0   -0.0   -0.0
    51.988  -170.071   -0.0   -0.0   -0.0
    51.997  -170.071   -0.0   -0.0   -0.0
    52.006  -170.071   -0.0   -0.0   -0.0
    52.015  -170.071   -0.0   -0.0   -0.0
    52.024  -170.071   -0.0   -0.0   -0.0
    52.033  -170.071   -0.0   -0.0   -0.1
    52.042  -170.071   -0.0   -0.0   -0.1
    52.051  -170.071    0.0   -0.0   -0.1
    52.060  -170.071    0.0   -0.0   -0.1
    52.069  -170.071    0.0   -0.0   -0.1
    52.078  -170.071    0.0   -0.0   -0.1
    52.087  -170.071    0.1   -0.0   -0.1
    52.096  -170.071    0.1   -0.0   -0.1
    52.105  -170.071    0.1   -0.0   -0.1
    52.114  -170.071    0.1   -0.0   -0.1
    52.123  -170.071    0.1   -0.0   -0.1
    52.132  -170.071    0.1   -0.0   -0.1
    52.141  -170.071    0.1   -0.0   -0.1
    52.150  -170.071    0.2   -0.0   -0.1
    52.159  -170.071    0.2   -0.0   -0.1
    52.168  -170.071    0.2   -0.0   -0.1
    52.177  -170.071    0.2   -0.0   -0.1
    52.186  -170.071    0.2   -0.0   -0.1
    52.195  -170.071    0.3   -0.1   -0.1
    52.204  -170.071    0.3   -0.1   -0.1
    52.213  -170.071    0.3   -0.1   -0.1
    52.222  -170.071    0.3   -0.1   -0.1
    52.231  -170.071    0.3   -0.1   -0.1
    52.240  -170.071    0.3   -0.1   -0.1
    52.249  -170.071    0.4   -0.1   -0.1
    52.258  -170.071    0.4   -0.1   -0.1
    52.267  -170.071    0.4   -0.1   -0.1
    52.276  -170.071    0.4   -0.1   -0.1
    52.285  -170.071    0.4   -0.2   -0.1
    52.294  -170.071    0.4   -0.2   -0.1
    52.303  -170.071    0.4   -0.2   -0.1
    52.312  -170.071    0.4   -0.2   -0.1
    52.321  -170.071    0.4   -0.2   -0.1
    52.330  -170.071    0.4   -0.2   -0.1
    52.339  -170.071    0.4   -0.2   -0.1
    52.348  -170.071    0.4   -0.2   -0.1
    52.357  -170.071    0.4   -0.2   -0.1
    52.366  -170.071    0.4   -0.2   -0.1
    52.375  -170.071    0.4   -0.2   -0.1
    52.384  -170.071    0.4   -0.3   -0.1
    52.393  -170.071    0.4   -0.3   -0.1
    52.402  -170.071    0.4   -0.3   -0.1
    52.411  -170.071    0.4   -0.3   -0.1
    52.420  -170.071    0.4   -0.3   -0.1
    52.429  -170.071    0.4   -0.3   -0.1
    52.438  -170.071    0.4   -0.3   -0.1
    52.447  -170.071    0.4   -0.3   -0.1
    52.456  -170.071    0.4   -0.3   -0.1
    52.465  -170.071    0.4   -0.3   -0.1
    52.474  -170.071    0.3   -0.3   -0.1
    52.483  -170.071    0.3   -0.3   -0.1
    52.492  -170.071    0.3   -0.3   -0.1
    52.501  -170.071    0.3   -0.3   -0.1
    52.510  -170.071    0.3   -0.3   -0.1
    52.519  -170.071    0.3   -0.3   -0.1
    52.528  -170.071    0.3   -0.3   -0.1
    52.537  -170.071    0.3   -0.3   -0.1
    52.546  -170.071    0.3   -0.3   -0.1
    52.555  -170.071    0.3   -0.3   -0.1
    52.564  -170.071    0.3   -0.3   -0.1
    52.573  -170.071    0.3   -0.3   -0.1
    52.582  -170.071    0.3   -0.3   -0.1
    52.591  -170.071    0.3   -0.3   -0.1
    52.600  -170.071    0.2   -0.3   -0.1
    52.609  -170.071    0.2   -0.3   -0.1
    52.618  -170.071    0.2   -0.3   -0.1
    52.627  -170.071    0.2   -0.3   -0.0
    52.636  -170.071    0.2   -0.3   -0.0
    52.645  -170.071    0.2   -0.3   -0.0
    52.654  -170.071    0.2   -0.3   -0.0
    52.663  -170.071    0.2   -0.3   -0.0
    52.672  -170.071    0.2   -0.2   -0.0
    51.771  -170.056   -0.0   -0.0   -0.0
    51.780  -170.056   -0.0   -0.0   -0.0
    51.789  -170.056   -0.0   -0.0   -0.0
    51.798  -170.056   -0.0   -0.0   -0.0
    51.808  -170.056   -0.0   -0.0   -0.0
    51.817  -170.056   -0.0   -0.0   -0.0
    51.826  -170.056   -0.0   -0.0   -0.0
    51.835  -170.056   -0.0   -0.0   -0.0
    51.844  -170.056   -0.0   -0.0   -0.0
    51.853  -170.056   -0.0   -0.0   -0.0
    51.862  -170.056   -0.0   -0.0   -0.0
    51.871  -170.056   -0.0   -0.0   -0.0
    51.880  -170.056   -0.0   -0.0   -0.0
    51.889  -170.056   -0.0   -0.0   -0.0
    51.898  -170.056   -0.0   -0.0   -0.0
    51.907  -170.056   -0.0   -0.0   -0.0
    51.916  -170.056   -0.1   -0.0   -0.0
    51.925  -170.056   -0.1   -0.0   -0.0
    51.934  -170.056   -0.1   -0.0   -0.0
    51.943  -170.056   -0.1   -0.0   -0.0
    51.952  -170.056   -0.0   -0.0   -0.0
    51.961  -170.056   -0.0   -0.0   -0.0
    51.970  -170.056   -0.0   -0.0   -0.0
    51.979  -170.056   -0.0   -0.0   -0.0
    51.988  -170.056   -0.0   -0.0   -0.0
    51.997  -170.056   -0.0   -0.0   -0.0
    52.006  -170.056   -0.0   -0.0   -0.0
    52.015  -170.056   -0.0   -0.0   -0.0
    52.024  -170.056   -0.0   -0.0   -0.0
    52.033  -170.056   -0.0   -0.0   -0.1
    52.042  -170.056   -0.0   -0.0   -0.1
    52.051  -170.056    0.0   -0.0   -0.1
    52.060  -170.056    0.0   -0.0   -0.1
    52.069  -170.056    0.0   -0.0   -0.1
    52.078  -170.056    0.0   -0.0   -0.1
    52.087  -170.056    0.0   -0.0   -0.1
    52.096  -170.056    0.1   -0.0   -0.1
    52.105  -170.056    0.1   -0.0   -0.1
    52.114  -170.056    0.1   -0.0   -0.1
    52.123  -170.056    0.1   -0.0   -0.1
    52.132  -170.056    0.1   -0.0   -0.1
    52.141  -170.056    0.2   -0.0   -0.1
    52.150  -170.056    0.2   -0.0   -0.1
    52.159  -170.056    0.2   -0.0   -0.1
    52.168  -170.056    0.2   -0.0   -0.1
    52.177  -170.056    0.2   -0.0   -0.1
    52.186  -170.056    0.3   -0.0   -0.1
    52.195  -170.056    0.3   -0.1   -0.1
    52.204  -170.056    0.3   -0.1   -0.1
    52.213  -170.056    0.3   -0.1   -0.1
    52.222  -170.056    0.3   -0.1   -0.1
    52.231  -170.056    0.3   -0.1   -0.1
    52.240  -170.056    0.4   -0.1   -0.2
    52.249  -170.056    0.4   -0.1   -0.2
    52.258  -170.056    0.4   -0.1   -0.2
    52.267  -170.056    0.4   -0.1   -0.2
    52.276  -170.056    0.4   -0.2   -0.2
    52.285  -170.056    0.4   -0.2   -0.2
    52.294  -170.056    0.4   -0.2   -0.2
    52.303  -170.056    0.4   -0.2   -0.2
    52.312  -170.056    0.4   -0.2   -0.2
    52.321  -170.056    0.4   -0.2   -0.2
    52.330  -170.056    0.4   -0.2   -0.2
    52.339  -170.056    0.4   -0.2   -0.2
    52.348  -170.056    0.4   -0.2   -0.1
    52.357  -170.056    0.4   -0.2   -0.1
    52.366  -170.056    0.4   -0.3   -0.1
    52.375  -170.056    0.4   -0.3   -0.1
    52.384  -170.056    0.4   -0.3   -0.1
    52.393  -170.056    0.4   -0.3   -0.1
    52.402  -170.056    0.4   -0.3   -0.1
    52.411  -170.056    0.4   -0.3   -0.1
    52.420  -170.056    0.4   -0.3   -0.1
    52.429  -170.056    0.4   -0.3   -0.1
    52.438  -170.056    0.4   -0.3   -0.1
    52.447  -170.056    0.4   -0.3   -0.1
    52.456  -170.056    0.4   -0.3   -0.1
    52.465  -170.056    0.4   -0.3   -0.1
    52.474  -170.056    0.4   -0.3   -0.1
    52.483  -170.056    0.4   -0.3   -0.1
    52.492  -170.056    0.3   -0.3   -0.1
    52.501  -170.056    0.3   -0.3   -0.1
    52.510  -170.056    0.3   -0.3   -0.1
    52.519  -170.056    0.3   -0.3   -0.1
    52.528  -170.056    0.3   -0.3   -0.1
    52.537  -170.056    0.3   -0.3   -0.1
    52.546  -170.056    0.3   -0.3   -0.1
    52.555  -170.056    0.3   -0.3   -0.1
    52.564  -170.056    0.3   -0.3   -0.1
    52.573  -170.056    0.3   -0.3   -0.1
    52.582  -170.056    0.3   -0.3   -0.1
    52.591  -170.056    0.3   -0.3   -0.1
    52.600  -170.056    0.2   -0.3   -0.1
    52.609  -170.056    0.2   -0.3   -0.1
    52.618  -170.056    0.2   -0.3   -0.1
    52.627  -170.056    0.2   -0.3   -0.0
    52.636  -170.056    0.2   -0.3   -0.0
    52.645  -170.056    0.2   -0.3   -0.0
    52.654  -170.056    0.2   -0.3   -0.0
    52.663  -170.056    0.2   -0.3   -0.0
    52.672  -170.056    0.2   -0.3   -0.0
    51.771  -170.042   -0.0   -0.0   -0.0
    51.780  -170.042   -0.0   -0.0   -0.0
    51.789  -170.042   -0.0   -0.0   -0.0
    51.798  -170.042   -0.0   -0.0   -0.0
    51.808  -170.042   -0.0   -0.0   -0.0
    51.817  -170.042   -0.0   -0.0   -0.0
    51.826  -170.042   -0.0   -0.0   -0.0
    51.835  -170.042   -0.0   -0.0   -0.0
    51.844  -170.042   -0.0   -0.0   -0.0
    51.853  -170.042   -0.0   -0.0   -0.0
    51.862  -170.042   -0.0   -0.0   -0.0
    51.871  -170.042   -0.0   -0.0   -0.0
    51.880  -170.042   -0.0   -0.0   -0.0
    51.889  -170.042   -0.1   -0.0   -0.0
    51.898  -170.042   -0.1   -0.0   -0.0
    51.907  -170.042   -0.1   -0.0   -0.0
    51.916  -170.042   -0.1   -0.0   -0.0
    51.925  -170.042   -0.1   -0.0   -0.0
    51.934  -170.042   -0.1   -0.0   -0.0
    51.943  -170.042   -0.1   -0.0   -0.0
    51.952  -170.042   -0.1   -0.0   -0.0
    51.961  -170.042   -0.1   -0.0   -0.0
    51.970  -170.042   -0.1   -0.0   -0.0
    51.979  -170.042   -0.1   -0.0   -0.0
    51.988  -170.042   -0.0   -0.0   -0.0
    51.997  -170.042   -0.0   -0.0   -0.0
    52.006  -170.042   -0.0   -0.0   -0.0
    52.015  -170.042   -0.0   -0.0   -0.0
    52.024  -170.042   -0.0   -0.0   -0.0
    52.033  -170.042   -0.0   -0.0   -0.0
    52.042  -170.042   -0.0   -0.0   -0.1
    52.051  -170.042   -0.0   -0.0   -0.1
    52.060  -170.042    0.0   -0.0   -0.1
    52.069  -170.042    0.0   -0.0   -0.1
    52.078  -170.042    0.0   -0.0   -0.1
    52.087  -170.042    0.0   -0.0   -0.1
    52.096  -170.042    0.1   -0.0   -0.1
    52.105  -170.042    0.1   -0.0   -0.1
    52.114  -170.042    0.1   -0.0   -0.1
    52.123  -170.042    0.1   -0.0   -0.1
    52.132  -170.042    0.1   -0.0   -0.1
    52.141  -170.042    0.2   -0.0   -0.1
    52.150  -170.042    0.2   -0.0   -0.1
    52.159  -170.042    0.2   -0.0   -0.1
    52.168  -170.042    0.2   -0.0   -0.1
    52.177  -170.042    0.2   -0.0   -0.1
    52.186  -170.042    0.3   -0.0   -0.1
    52.195  -170.042    0.3   -0.1   -0.1
    52.204  -170.042    0.3   -0.1   -0.1
    52.213  -170.042    0.3   -0.1   -0.2
    52.222  -170.042    0.3   -0.1   -0.2
    52.231  -170.042    0.4   -0.1   -0.2
    52.240  -170.042    0.4   -0.1   -0.2
    52.249  -170.042    0.4   -0.1   -0.2
    52.258  -170.042    0.4   -0.1   -0.2
    52.267  -170.042    0.4   -0.1   -0.2
    52.276  -170.042    0.4   -0.2   -0.2
    52.285  -170.042    0.4   -0.2   -0.2
    52.294  -170.042    0.4   -0.2   -0.2
    52.303  -170.042    0.4   -0.2   -0.2
    52.312  -170.042    0.5   -0.2   -0.2
    52.321  -170.042    0.5   -0.2   -0.2
    52.330  -170.042    0.5   -0.2   -0.2
    52.339  -170.042    0.5   -0.2   -0.2
    52.348  -170.042    0.5   -0.3   -0.2
    52.357  -170.042    0.5   -0.3   -0.2
    52.366  -170.042    0.4   -0.3   -0.2
    52.375  -170.042    0.4   -0.3   -0.2
    52.384  -170.042    0.4   -0.3   -0.1
    52.393  -170.042    0.4   -0.3   -0.1
    52.402  -170.042    0.4   -0.3   -0.1
    52.411  -170.042    0.4   -0.3   -0.1
    52.420  -170.042    0.4   -0.3   -0.1
    52.429  -170.042    0.4   -0.3   -0.1
    52.438  -170.042    0.4   -0.3   -0.1
    52.447  -170.042    0.4   -0.3   -0.1
    52.456  -170.042    0.4   -0.3   -0.1
    52.465  -170.042    0.4   -0.3   -0.1
    52.474  -170.042    0.4   -0.3   -0.1
    52.483  -170.042    0.4   -0.3   -0.1
    52.492  -170.042    0.4   -0.3   -0.1
    52.501  -170.042    0.3   -0.3   -0.1
    52.510  -170.042    0.3   -0.3   -0.1
    52.519  -170.042    0.3   -0.3   -0.1
    52.528  -170.042    0.3   -0.3   -0.1
    52.537  -170.042    0.3   -0.3   -0.1
    52.546  -170.042    0.3   -0.3   -0.1
    52.555  -170.042    0.3   -0.3   -0.1
    52.564  -170.042    0.3   -0.3   -0.1
    52.573  -170.042    0.3   -0.3   -0.1
    52.582  -170.042    0.3   -0.3   -0.1
    52.591  -170.042    0.3   -0.3   -0.1
    52.600  -170.042    0.3   -0.3   -0.1
    52.609  -170.042    0.2   -0.3   -0.1
    52.618  -170.042    0.2   -0.3   -0.1
    52.627  -170.042    0.2   -0.3   -0.1
    52.636  -170.042    0.2   -0.3   -0.0
    52.645  -170.042    0.2   -0.3   -0.0
    52.654  -170.042    0.2   -0.3   -0.0
    52.663  -170.042    0.2   -0.3   -0.0
    52.672  -170.042    0.2   -0.3   -0.0
    51.771  -170.027   -0.0   -0.0   -0.0
    51.780  -170.027   -0.0   -0.0   -0.0
    51.789  -170.027   -0.0   -0.0   -0.0
    51.798  -170.027   -0.0   -0.0   -0.0
    51.808  -170.027   -0.0   -0.0   -0.0
    51.817  -170.027   -0.0   -0.0   -0.0
    51.826  -170.027   -0.0   -0.0   -0.0
    51.835  -170.027   -0.0   -0.0   -0.0
    51.844  -170.027   -0.0   -0.0   -0.0
    51.853  -170.027   -0.0   -0.0   -0.0
    51.862  -170.027   -0.0   -0.0   -0.0
    51.871  -170.027   -0.1   -0.0   -0.0
    51.880  -170.027   -0.1   -0.0   -0.0
    51.889  -170.027   -0.1   -0.0   -0.0
    51.898  -170.027   -0.1   -0.0   -0.0
    51.907  -170.027   -0.1   -0.0   -0.0
    51.916  -170.027   -0.1   -0.0   -0.0
    51.925  -170.027   -0.1   -0.0   -0.0
    51.934  -170.027   -0.1   -0.0   -0.0
    51.943  -170.027   -0.1   -0.0   -0.0
    51.952  -170.027   -0.1   -0.0   -0.0
    51.961  -170.027   -0.1   -0.0   -0.0
    51.970  -170.027   -0.1   -0.0   -0.0
    51.979  -170.027   -0.1   -0.0   -0.0
    51.988  -170.027   -0.1   -0.0   -0.0
    51.997  -170.027   -0.1   -0.0   -0.0
    52.006  -170.027   -0.0   -0.0   -0.0
    52.015  -170.027   -0.0   -0.0   -0.0
    52.024  -170.027   -0.0   -0.0   -0.0
    52.033  -170.027   -0.0   -0.0   -0.0
    52.042  -170.027   -0.0   -0.0   -0.1
    52.051  -170.027   -0.0   -0.0   -0.1
    52.060  -170.027   -0.0   -0.0   -0.1
    52.069  -170.027    0.0   -0.0   -0.1
    52.078  -170.027    0.0   -0.0   -0.1
    52.087  -170.027    0.0   -0.0   -0.1
    52.096  -170.027    0.1   -0.0   -0.1
    52.105  -170.027    0.1   -0.0   -0.1
    52.114  -170.027    0.1   -0.0   -0.1
    52.123  -170.027    0.1   -0.0   -0.1
    52.132  -170.027    0.1   -0.0   -0.1
    52.141  -170.027    0.2   -0.0   -0.1
    52.150  -170.027    0.2   -0.0   -0.1
    52.159  -170.027    0.2   -0.0   -0.1
    52.168  -170.027    0.2   -0.0   -0.1
    52.177  -170.027    0.2   -0.0   -0.1
    52.186  -170.027    0.3   -0.0   -0.1
    52.195  -170.027    0.3   -0.1   -0.2
    52.204  -170.027    0.3   -0.1   -0.2
    52.213  -170.027    0.3   -0.1   -0.2
    52.222  -170.027    0.4   -0.1   -0.2
    52.231  -170.027    0.4   -0.1   -0.2
    52.240  -170.027    0.4   -0.1   -0.2
    52.249  -170.027    0.4   -0.1   -0.2
    52.258  -170.027    0.4   -0.1   -0.2
    52.267  -170.027    0.4   -0.2   -0.2
    52.276  -170.027    0.4   -0.2   -0.2
    52.285  -170.027    0.5   -0.2   -0.2
    52.294  -170.027    0.5   -0.2   -0.2
    52.303  -170.027    0.5   -0.2   -0.2
    52.312  -170.027    0.5   -0.2   -0.2
    52.321  -170.027    0.5   -0.2   -0.2
    52.330  -170.027    0.5   -0.2   -0.2
    52.339  -170.027    0.5   -0.3   -0.2
    52.348  -170.027    0.5   -0.3   -0.2
    52.357  -170.027    0.5   -0.3   -0.2
    52.366  -170.027    0.5   -0.3   -0.2
    52.375  -170.027    0.5   -0.3   -0.2
    52.384  -170.027    0.5   -0.3   -0.2
    52.393  -170.027    0.5   -0.3   -0.2
    52.402  -170.027    0.4   -0.3   -0.1
    52.411  -170.027    0.4   -0.3   -0.1
    52.420  -170.027    0.4   -0.3   -0.1
    52.429  -170.027    0.4   -0.3   -0.1
    52.438  -170.027    0.4   -0.3   -0.1
    52.447  -170.027    0.4   -0.3   -0.1
    52.456  -170.027    0.4   -0.3   -0.1
    52.465  -170.027    0.4   -0.3   -0.1
    52.474  -170.027    0.4   -0.3   -0.1
    52.483  -170.027    0.4   -0.3   -0.1
    52.492  -170.027    0.4   -0.3   -0.1
    52.501  -170.027    0.4   -0.3   -0.1
    52.510  -170.027    0.3   -0.3   -0.1
    52.519  -170.027    0.3   -0.3   -0.1
    52.528  -170.027    0.3   -0.3   -0.1
    52.537  -170.027    0.3   -0.3   -0.1
    52.546  -170.027    0.3   -0.3   -0.1
    52.555  -170.027    0.3   -0.3   -0.1
    52.564  -170.027    0.3   -0.3   -0.1
    52.573  -170.027    0.3   -0.3   -0.1
    52.582  -170.027    0.3   -0.3   -0.1
    52.591  -170.027    0.3   -0.3   -0.1
    52.600  -170.027    0.3   -0.3   -0.1
    52.609  -170.027    0.3   -0.3   -0.1
    52.618  -170.027    0.2   -0.3   -0.1
    52.627  -170.027    0.2   -0.3   -0.1
    52.636  -170.027    0.2   -0.3   -0.1
    52.645  -170.027    0.2   -0.3   -0.0
    52.654  -170.027    0.2   -0.3   -0.0
    52.663  -170.027    0.2   -0.3   -0.0
    52.672  -170.027    0.2   -0.3   -0.0
    51.771  -170.012   -0.0   -0.0   -0.0
    51.780  -170.012   -0.0   -0.0   -0.0
    51.789  -170.012   -0.0   -0.0   -0.0
    51.798  -170.012   -0.0   -0.0   -0.0
    51.808  -170.012   -0.0   -0.0   -0.0
    51.817  -170.012   -0.0   -0.0   -0.0
    51.826  -170.012   -0.0   -0.0   -0.0
    51.835  -170.012   -0.0   -0.0   -0.0
    51.844  -170.012   -0.0   -0.0   -0.0
    51.853  -170.012   -0.1   -0.0   -0.0
    51.862  -170.012   -0.1   -0.0   -0.0
    51.871  -170.012   -0.1   -0.0   -0.0
    51.880  -170.012   -0.1   -0.0   -0.0
    51.889  -170.012   -0.1   -0.0   -0.0
    51.898  -170.012   -0.1   -0.0   -0.0
    51.907  -170.012   -0.1   -0.0   -0.0
    51.916  -170.012   -0.1   -0.0   -0.0
    51.925  -170.012   -0.1   -0.0   -0.0
    51.934  -170.012   -0.1   -0.0   -0.0
    51.943  -170.012   -0.1   -0.0   -0.0
    51.952  -170.012   -0.1   -0.0   -0.0
    51.961  -170.012   -0.1   -0.0   -0.0
    51.970  -170.012   -0.1   -0.0   -0.0
    51.979  -170.012   -0.1   -0.0   -0.0
    51.988  -170.012   -0.1   -0.0   -0.0
    51.997  -170.012   -0.1   -0.0   -0.0
    52.006  -170.012   -0.1   -0.0   -0.0
    52.015  -170.012   -0.0   -0.0   -0.0
    52.024  -170.012   -0.0   -0.0   -0.0
    52.033  -170.012   -0.0   -0.0   -0.0
    52.042  -170.012   -0.0   -0.0   -0.0
    52.051  -170.012   -0.0   -0.0   -0.1
    52.060  -170.012   -0.0   -0.0   -0.1
    52.069  -170.012    0.0   -0.0   -0.1
    52.078  -170.012    0.0   -0.0   -0.1
    52.087  -170.012    0.0   -0.0   -0.1
    52.096  -170.012    0.1   -0.0   -0.1
    52.105  -170.012    0.1   -0.0   -0.1
    52.114  -170.012    0.1   -0.0   -0.1
    52.123  -170.012    0.1   -0.0   -0.1
    52.132  -170.012    0.1   -0.0   -0.1
    52.141  -170.012    0.2   -0.0   -0.1
    52.150  -170.012    0.2   -0.0   -0.1
    52.159  -170.012    0.2   -0.0   -0.1
    52.168  -170.012    0.2   -0.0   -0.1
    52.177  -170.012    0.3   -0.0   -0.1
    52.186  -170.012    0.3   -0.1   -0.2
    52.195  -170.012    0.3   -0.1   -0.2
    52.204  -170.012    0.3   -0.1   -0.2
    52.213  -170.012    0.4   -0.1   -0.2
    52.222  -170.012    0.4   -0.1   -0.2
    52.231  -170.012    0.4   -0.1   -0.2
    52.240  -170.012    0.4   -0.1   -0.2
    52.249  -170.012    0.4   -0.1   -0.2
    52.258  -170.012    0.4   -0.2   -0.2
    52.267  -170.012    0.5   -0.2   -0.2
    52.276  -170.012    0.5   -0.2   -0.2
    52.285  -170.012    0.5   -0.2   -0.2
    52.294  -170.012    0.5   -0.2   -0.2
    52.303  -170.012    0.5   -0.2   -0.2
    52.312  -170.012    0.5   -0.2   -0.2
    52.321  -170.012    0.5   -0.3   -0.2
    52.330  -170.012    0.5   -0.3   -0.2
    52.339  -170.012    0.5   -0.3   -0.2
    52.348  -170.012    0.5   -0.3   -0.2
    52.357  -170.012    0.5   -0.3   -0.2
    52.366  -170.012    0.5   -0.3   -0.2
    52.375  -170.012    0.5   -0.3   -0.2
    52.384  -170.012    0.5   -0.3   -0.2
    52.393  -170.012    0.5   -0.3   -0.2
    52.402  -170.012    0.5   -0.3   -0.2
    52.411  -170.012    0.5   -0.3   -0.2
    52.420  -170.012    0.4   -0.3   -0.1
    52.429  -170.012    0.4   -0.3   -0.1
    52.438  -170.012    0.4   -0.3   -0.1
    52.447  -170.012    0.4   -0.3   -0.1
    52.456  -170.012    0.4   -0.3   -0.1
    52.465  -170.012    0.4   -0.4   -0.1
    52.474  -170.012    0.4   -0.4   -0.1
    52.483  -170.012    0.4   -0.4   -0.1
    52.492  -170.012    0.4   -0.3   -0.1
    52.501  -170.012    0.4   -0.3   -0.1
    52.510  -170.012    0.4   -0.3   -0.1
    52.519  -170.012    0.3   -0.3   -0.1
    52.528  -170.012    0.3   -0.3   -0.1
    52.537  -170.012    0.3   -0.3   -0.1
    52.546  -170.012    0.3   -0.3   -0.1
    52.555  -170.012    0.3   -0.3   -0.1
    52.564  -170.012    0.3   -0.3   -0.1
    52.573  -170.012    0.3   -0.3   -0.1
    52.582  -170.012    0.3   -0.3   -0.1
    52.591  -170.012    0.3   -0.3   -0.1
    52.600  -170.012    0.3   -0.3   -0.1
    52.609  -170.012    0.3   -0.3   -0.1
    52.618  -170.012    0.2   -0.3   -0.1
    52.627  -170.012    0.2   -0.3   -0.1
    52.636  -170.012    0.2   -0.3   -0.1
    52.645  -170.012    0.2   -0.3   -0.1
    52.654  -170.012    0.2   -0.3   -0.0
    52.663  -170.012    0.2   -0.3   -0.0
    52.672  -170.012    0.2   -0.3   -0.0
    51.771  -169.997   -0.0   -0.0   -0.0
    51.780  -169.997   -0.0   -0.0   -0.0
    51.789  -169.997   -0.0   -0.0   -0.0
    51.798  -169.997   -0.0   -0.0   -0.0
    51.808  -169.997   -0.0   -0.0   -0.0
    51.817  -169.997   -0.0   -0.0   -0.0
    51.826  -169.997   -0.0   -0.0   -0.0
    51.835  -169.997   -0.0   -0.0   -0.0
    51.844  -169.997   -0.1   -0.0   -0.0
    51.853  -169.997   -0.1   -0.0   -0.0
    51.862  -169.997   -0.1   -0.0   -0.0
    51.871  -169.997   -0.1   -0.0   -0.0
    51.880  -169.997   -0.1   -0.0   -0.0
    51.889  -169.997   -0.1   -0.0   -0.0
    51.898  -169.997   -0.1   -0.0   -0.0
    51.907  -169.997   -0.1   -0.0   -0.0
    51.916  -169.997   -0.1   -0.0   -0.0
    51.925  -169.997   -0.1   -0.0   -0.0
    51.934  -169.997   -0.1   -0.0   -0.0
    51.943  -169.997   -0.1   -0.0   -0.0
    51.952  -169.997   -0.1   -0.0   -0.0
    51.961  -169.997   -0.1   -0.0   -0.0
    51.970  -169.997   -0.1   -0.0   -0.0
    51.979  -169.997   -0.1   -0.0   -0.0
    51.988  -169.997   -0.1   -0.0   -0.0
    51.997  -169.997   -0.1   -0.0   -0.0
    52.006  -169.997   -0.1   -0.0   -0.0
    52.015  -169.997   -0.1   -0.0   -0.0
    52.024  -169.997   -0.1   -0.0   -0.0
    52.033  -169.997   -0.0   -0.0   -0.0
    52.042  -169.997   -0.0   -0.0   -0.0
    52.051  -169.997   -0.0   -0.0   -0.1
    52.060  -169.997   -0.0   -0.0   -0.1
    52.069  -169.997   -0.0   -0.0   -0.1
    52.078  -169.997    0.0   -0.0   -0.1
    52.087  -169.997    0.0   -0.0   -0.1
    52.096  -169.997    0.0   -0.0   -0.1
    52.105  -169.997    0.1   -0.0   -0.1
    52.114  -169.997    0.1   -0.0   -0.1
    52.123  -169.997    0.1   -0.0   -0.1
    52.132  -169.997    0.1   -0.0   -0.1
    52.141  -169.997    0.2   -0.0   -0.1
    52.150  -169.997    0.2   -0.0   -0.1
    52.159  -169.997    0.2   -0.0   -0.1
    52.168  -169.997    0.2   -0.0   -0.1
    52.177  -169.997    0.3   -0.0   -0.2
    52.186  -169.997    0.3   -0.1   -0.2
    52.195  -169.997    0.3   -0.1   -0.2
    52.204  -169.997    0.3   -0.1   -0.2
    52.213  -169.997    0.4   -0.1   -0.2
    52.222  -169.997    0.4   -0.1   -0.2
    52.231  -169.997    0.4   -0.1   -0.2
    52.240  -169.997    0.4   -0.1   -0.2
    52.249  -169.997    0.5   -0.1   -0.2
    52.258  -169.997    0.5   -0.2   -0.2
    52.267  -169.997    0.5   -0.2   -0.2
    52.276  -169.997    0.5   -0.2   -0.2
    52.285  -169.997    0.5   -0.2   -0.2
    52.294  -169.997    0.5   -0.2   -0.2
    52.303  -169.997    0.5   -0.2   -0.2
    52.312  -169.997    0.5   -0.3   -0.2
    52.321  -169.997    0.5   -0.3   -0.2
    52.330  -169.997    0.5   -0.3   -0.2
    52.339  -169.997    0.5   -0.3   -0.2
    52.348  -169.997    0.5   -0.3   -0.2
    52.357  -169.997    0.5   -0.3   -0.2
    52.366  -169.997    0.5   -0.3   -0.2
    52.375  -169.997    0.5   -0.3   -0.2
    52.384  -169.997    0.5   -0.3   -0.2
    52.393  -169.997    0.5   -0.3   -0.2
    52.402  -169.997    0.5   -0.4   -0.2
    52.411  -169.997    0.5   -0.4   -0.2
    52.420  -169.997    0.5   -0.4   -0.2
    52.429  -169.997    0.5   -0.4   -0.2
    52.438  -169.997    0.4   -0.4   -0.1
    52.447  -169.997    0.4   -0.4   -0.1
    52.456  -169.997    0.4   -0.4   -0.1
    52.465  -169.997    0.4   -0.4   -0.1
    52.474  -169.997    0.4   -0.4   -0.1
    52.483  -169.997    0.4   -0.4   -0.1
    52.492  -169.997    0.4   -0.4   -0.1
    52.501  -169.997    0.4   -0.4   -0.1
    52.510  -169.997    0.4   -0.4   -0.1
    52.519  -169.997    0.4   -0.4   -0.1
    52.528  -169.997    0.3   -0.4   -0.1
    52.537  -169.997    0.3   -0.4   -0.1
    52.546  -169.997    0.3   -0.4   -0.1
    52.555  -169.997    0.3   -0.3   -0.1
    52.564  -169.997    0.3   -0.3   -0.1
    52.573  -169.997    0.3   -0.3   -0.1
    52.582  -169.997    0.3   -0.3   -0.1
    52.591  -169.997    0.3   -0.3   -0.1
    52.600  -169.997    0.3   -0.3   -0.1
    52.609  -169.997    0.3   -0.3   -0.1
    52.618  -169.997    0.3   -0.3   -0.1
    52.627  -169.997    0.2   -0.3   -0.1
    52.636  -169.997    0.2   -0.3   -0.1
    52.645  -169.997    0.2   -0.3   -0.1
    52.654  -169.997    0.2   -0.3   -0.0
    52.663  -169.997    0.2   -0.3   -0.0
    52.672  -169.997    0.2   -0.3   -0.0
    51.771  -169.983   -0.0   -0.0   -0.0
    51.780  -169.983   -0.0   -0.0   -0.0
    51.789  -169.983   -0.0   -0.0   -0.0
    51.798  -169.983   -0.0   -0.0   -0.0
    51.808  -169.983   -0.0   -0.0   -0.0
    51.817  -169.983   -0.0   -0.0   -0.0
    51.826  -169.983   -0.0   -0.0   -0.0
    51.835  -169.983   -0.1   -0.0   -0.0
    51.844  -169.983   -0.1   -0.0   -0.0
    51.853  -169.983   -0.1   -0.0   -0.0
    51.862  -169.983   -0.1   -0.0   -0.0
    51.871  -169.983   -0.1   -0.0   -0.0
    51.880  -169.983   -0.1   -0.0   -0.0
    51.889  -169.983   -0.1   -0.0   -0.0
    51.898  -169.983   -0.1   -0.0   -0.0
    51.907  -169.983   -0.1   -0.0   -0.0
    51.916  -169.983   -0.1   -0.0   -0.0
    51.925  -169.983   -0.1   -0.0   -0.0
    51.934  -169.983   -0.1   -0.0   -0.0
    51.943  -169.983   -0.1   -0.0   -0.0
    51.952  -169.983   -0.1   -0.0   -0.0
    51.961  -169.983   -0.1   -0.0   -0.0
    51.970  -169.983   -0.1   -0.0   -0.0
    51.979  -169.983   -0.1   -0.0   -0.0
    51.988  -169.983   -0.1   -0.0   -0.0
    51.997  -169.983   -0.1   -0.0   -0.0
    52.006  -169.983   -0.1   -0.0   -0.0
    52.015  -169.983   -0.1   -0.0   -0.0
    52.024  -169.983   -0.1   -0.0   -0.0
    52.033  -169.983   -0.1   -0.0   -0.0
    52.042  -169.983   -0.0   -0.0   -0.0
    52.051  -169.983   -0.0   -0.0   -0.0
    52.060  -169.983   -0.0   -0.0   -0.1
    52.069  -169.983   -0.0   -0.0   -0.1
    52.078  -169.983    0.0   -0.0   -0.1
    52.087  -169.983    0.0   -0.0   -0.1
    52.096  -169.983    0.0   -0.0   -0.1
    52.105  -169.983    0.1   -0.0   -0.1
    52.114  -169.983    0.1   -0.0   -0.1
    52.123  -169.983    0.1   -0.0   -0.1
    52.132  -169.983    0.1   -0.0   -0.1
    52.141  -169.983    0.2   -0.0   -0.1
    52.150  -169.983    0.2   -0.0   -0.1
    52.159  -169.983    0.2   -0.0   -0.1
    52.168  -169.983    0.2   -0.0   -0.2
    52.177  -169.983    0.3   -0.0   -0.2
    52.186  -169.983    0.3   -0.1   -0.2
    52.195  -169.983    0.3   -0.1   -0.2
    52.204  -169.983    0.4   -0.1   -0.2
    52.213  -169.983    0.4   -0.1   -0.2
    52.222  -169.983    0.4   -0.1   -0.2
    52.231  -169.983    0.4   -0.1   -0.2
    52.240  -169.983    0.5   -0.1   -0.2
    52.249  -169.983    0.5   -0.2   -0.2
    52.258  -169.983    0.5   -0.2   -0.2
    52.267  -169.983    0.5   -0.2   -0.2
    52.276  -169.983    0.5   -0.2   -0.2
    52.285  -169.983    0.5   -0.2   -0.2
    52.294  -169.983    0.5   -0.2   -0.2
    52.303  -169.983    0.5   -0.3   -0.2
    52.312  -169.983    0.6   -0.3   -0.2
    52.321  -169.983    0.6   -0.3   -0.2
    52.330  -169.983    0.6   -0.3   -0.2
    52.339  -169.983    0.6   -0.3   -0.2
    52.348  -169.983    0.5   -0.3   -0.2
    52.357  -169.983    0.5   -0.3   -0.2
    52.366  -169.983    0.5   -0.3   -0.2
    52.375  -169.983    0.5   -0.4   -0.2
    52.384  -169.983    0.5   -0.4   -0.2
    52.393  -169.983    0.5   -0.4   -0.2
    52.402  -169.983    0.5   -0.4   -0.2
    52.411  -169.983    0.5   -0.4   -0.2
    52.420  -169.983    0.5   -0.4   -0.2
    52.429  -169.983    0.5   -0.4   -0.2
    52.438  -169.983    0.5   -0.4   -0.2
    52.447  -169.983    0.5   -0.4   -0.2
    52.456  -169.983    0.4   -0.4   -0.1
    52.465  -169.983    0.4   -0.4   -0.1
    52.474  -169.983    0.4   -0.4   -0.1
    52.483  -169.983    0.4   -0.4   -0.1
    52.492  -169.983    0.4   -0.4   -0.1
    52.501  -169.983    0.4   -0.4   -0.1
    52.510  -169.983    0.4   -0.4   -0.1
    52.519  -169.983    0.4   -0.4   -0.1
    52.528  -169.983    0.4   -0.4   -0.1
    52.537  -169.983    0.3   -0.4   -0.1
    52.546  -169.983    0.3   -0.4   -0.1
    52.555  -169.983    0.3   -0.4   -0.1
    52.564  -169.983    0.3   -0.4   -0.1
    52.573  -169.983    0.3   -0.4   -0.1
    52.582  -169.983    0.3   -0.3   -0.1
    52.591  -169.983    0.3   -0.3   -0.1
    52.600  -169.983    0.3   -0.3   -0.1
    52.609  -169.983    0.3   -0.3   -0.1
    52.618  -169.983    0.3   -0.3   -0.1
    52.627  -169.983    0.2   -0.3   -0.1
    52.636  -169.983    0.2   -0.3   -0.1
    52.645  -169.983    0.2   -0.3   -0.1
    52.654  -169.983    0.2   -0.3   -0.1
    52.663  -169.983    0.2   -0.3   -0.0
    52.672  -169.983    0.2   -0.3   -0.0
    51.771  -169.968   -0.0   -0.0   -0.0
    51.780  -169.968   -0.0   -0.0   -0.0
    51.789  -169.968   -0.0   -0.0   -0.0
    51.798  -169.968   -0.0   -0.0   -0.0
    51.808  -169.968   -0.0   -0.0   -0.0
    51.817  -169.968   -0.0   -0.0   -0.0
    51.826  -169.968   -0.0   -0.0   -0.0
    51.835  -169.968   -0.1   -0.0   -0.0
    51.844  -169.968   -0.1   -0.0   -0.0
    51.853  -169.968   -0.1   -0.0   -0.0
    51.862  -169.968   -0.1   -0.0   -0.0
    51.871  -169.968   -0.1   -0.0   -0.0
    51.880  -169.968   -0.1   -0.0   -0.0
    51.889  -169.968   -0.1   -0.0   -0.0
    51.898  -169.968   -0.1   -0.0   -0.0
    51.907  -169.968   -0.1   -0.0   -0.0
    51.916  -169.968   -0.1   -0.0   -0.0
    51.925  -169.968   -0.1   -0.0   -0.0
    51.934  -169.968   -0.1   -0.0   -0.0
    51.943  -169.968   -0.1   -0.1   -0.0
    51.952  -169.968   -0.1   -0.1   -0.0
    51.961  -169.968   -0.1   -0.1   -0.0
    51.970  -169.968   -0.1   -0.1   -0.0
    51.979  -169.968   -0.1   -0.1   -0.0
    51.988  -169.968   -0.1   -0.1   -0.0
    51.997  -169.968   -0.1   -0.1   -0.0
    52.006  -169.968   -0.1   -0.1   -0.0
    52.015  -169.968   -0.1   -0.0   -0.0
    52.024  -169.968   -0.1   -0.0   -0.0
    52.033  -169.968   -0.1   -0.0   -0.0
    52.042  -169.968   -0.1   -0.0   -0.0
    52.051  -169.968   -0.0   -0.0   -0.0
    52.060  -169.968   -0.0   -0.0   -0.1
    52.069  -169.968   -0.0   -0.0   -0.1
    52.078  -169.968   -0.0   -0.0   -0.1
    52.087  -169.968    0.0   -0.0   -0.1
    52.096  -169.968    0.0   -0.0   -0.1
    52.105  -169.968    0.1   -0.0   -0.1
    52.114  -169.968    0.1   -0.0   -0.1
    52.123  -169.968    0.1   -0.0   -0.1
    52.132  -169.968    0.1   -0.0   -0.1
    52.141  -169.968    0.2   -0.0   -0.1
    52.150  -169.968    0.2   -0.0   -0.1
    52.159  -169.968    0.2   -0.0   -0.2
    52.168  -169.968    0.3   -0.0   -0.2
    52.177  -169.968    0.3   -0.0   -0.2
    52.186  -169.968    0.3   -0.1   -0.2
    52.195  -169.968    0.3   -0.1   -0.2
    52.204  -169.968    0.4   -0.1   -0.2
    52.213  -169.968    0.4   -0.1   -0.2
    52.222  -169.968    0.4   -0.1   -0.2
    52.231  -169.968    0.5   -0.1   -0.2
    52.240  -169.968    0.5   -0.1   -0.2
    52.249  -169.968    0.5   -0.2   -0.2
    52.258  -169.968    0.5   -0.2   -0.2
    52.267  -169.968    0.5   -0.2   -0.2
    52.276  -169.968    0.6   -0.2   -0.2
    52.285  -169.968    0.6   -0.2   -0.2
    52.294  -169.968    0.6   -0.3   -0.2
    52.303  -169.968    0.6   -0.3   -0.2
    52.312  -169.968    0.6   -0.3   -0.2
    52.321  -169.968    0.6   -0.3   -0.2
    52.330  -169.968    0.6   -0.3   -0.2
    52.339  -169.968    0.6   -0.3   -0.2
    52.348  -169.968    0.6   -0.3   -0.2
    52.357  -169.968    0.6   -0.4   -0.2
    52.366  -169.968    0.6   -0.4   -0.2
    52.375  -169.968    0.6   -0.4   -0.2
    52.384  -169.968    0.5   -0.4   -0.2
    52.393  -169.968    0.5   -0.4   -0.2
    52.402  -169.968    0.5   -0.4   -0.2
    52.411  -169.968    0.5   -0.4   -0.2
    52.420  -169.968    0.5   -0.4   -0.2
    52.429  -169.968    0.5   -0.4   -0.2
    52.438  -169.968    0.5   -0.4   -0.2
    52.447  -169.968    0.5   -0.4   -0.2
    52.456  -169.968    0.5   -0.4   -0.2
    52.465  -169.968    0.4   -0.4   -0.1
    52.474  -169.968    0.4   -0.4   -0.1
    52.483  -169.968    0.4   -0.4   -0.1
    52.492  -169.968    0.4   -0.4   -0.1
    52.501  -169.968    0.4   -0.4   -0.1
    52.510  -169.968    0.4   -0.4   -0.1
    52.519  -169.968    0.4   -0.4   -0.1
    52.528  -169.968    0.4   -0.4   -0.1
    52.537  -169.968    0.3   -0.4   -0.1
    52.546  -169.968    0.3   -0.4   -0.1
    52.555  -169.968    0.3   -0.4   -0.1
    52.564  -169.968    0.3   -0.4   -0.1
    52.573  -169.968    0.3   -0.4   -0.1
    52.582  -169.968    0.3   -0.4   -0.1
    52.591  -169.968    0.3   -0.4   -0.1
    52.600  -169.968    0.3   -0.3   -0.1
    52.609  -169.968    0.3   -0.3   -0.1
    52.618  -169.968    0.3   -0.3   -0.1
    52.627  -169.968    0.2   -0.3   -0.1
    52.636  -169.968    0.2   -0.3   -0.1
    52.645  -169.968    0.2   -0.3   -0.1
    52.654  -169.968    0.2   -0.3   -0.1
    52.663  -169.968    0.2   -0.3   -0.1
    52.672  -169.968    0.2   -0.3   -0.0
    51.771  -169.953   -0.0   -0.0   -0.0
    51.780  -169.953   -0.0   -0.0   -0.0
    51.789  -169.953   -0.0   -0.0   -0.0
    51.798  -169.953   -0.0   -0.0   -0.0
    51.808  -169.953   -0.0   -0.0   -0.0
    51.817  -169.953   -0.0   -0.0   -0.0
    51.826  -169.953   -0.1   -0.0   -0.0
    51.835  -169.953   -0.1   -0.0   -0.0
    51.844  -169.953   -0.1   -0.0   -0.0
    51.853  -169.953   -0.1   -0.0   -0.0
    51.862  -169.953   -0.1   -0.0   -0.0
    51.871  -169.953   -0.1   -0.0   -0.0
    51.880  -169.953   -0.1   -0.0   -0.0
    51.889  -169.953   -0.1   -0.0   -0.0
    51.898  -169.953   -0.1   -0.0   -0.0
    51.907  -169.953   -0.1   -0.0   -0.0
    51.916  -169.953   -0.1   -0.0   -0.0
    51.925  -169.953   -0.1   -0.1   -0.0
    51.934  -169.953   -0.1   -0.1   -0.0
    51.943  -169.953   -0.1   -0.1   -0.0
    51.952  -169.953   -0.1   -0.1   -0.0
    51.961  -169.953   -0.1   -0.1   -0.0
    51.970  -169.953   -0.1   -0.1   -0.0
    51.979  -169.953   -0.1   -0.1   -0.0
    51.988  -169.953   -0.1   -0.1   -0.0
    51.997  -169.953   -0.1   -0.1   -0.0
    52.006  -169.953   -0.1   -0.1   -0.0
    52.015  -169.953   -0.1   -0.1   -0.0
    52.024  -169.953   -0.1   -0.1   -0.0
    52.033  -169.953   -0.1   -0.1   -0.0
    52.042  -169.953   -0.1   -0.0   -0.0
    52.051  -169.953   -0.1   -0.0   -0.0
    52.060  -169.953   -0.0   -0.0   -0.0
    52.069  -169.953   -0.0   -0.0   -0.1
    52.078  -169.953   -0.0   -0.0   -0.1
    52.087  -169.953   -0.0   -0.0   -0.1
    52.096  -169.953    0.0   -0.0   -0.1
    52.105  -169.953    0.0   -0.0   -0.1
    52.114  -169.953    0.1   -0.0   -0.1
    52.123  -169.953    0.1   -0.0   -0.1
    52.132  -169.953    0.1   -0.0   -0.1
    52.141  -169.953    0.2   -0.0   -0.1
    52.150  -169.953    0.2   -0.0   -0.1
    52.159  -169.953    0.2   -0.0   -0.2
    52.168  -169.953    0.3   -0.0   -0.2
    52.177  -169.953    0.3   -0.0   -0.2
    52.186  -169.953    0.3   -0.1   -0.2
    52.195  -169.953    0.4   -0.1   -0.2
    52.204  -169.953    0.4   -0.1   -0.2
    52.213  -169.953    0.4   -0.1   -0.2
    52.222  -169.953    0.5   -0.1   -0.2
    52.231  -169.953    0.5   -0.1   -0.2
    52.240  -169.953    0.5   -0.2   -0.2
    52.249  -169.953    0.5   -0.2   -0.2
    52.258  -169.953    0.6   -0.2   -0.2
    52.267  -169.953    0.6   -0.2   -0.3
    52.276  -169.953    0.6   -0.2   -0.3
    52.285  -169.953    0.6   -0.3   -0.3
    52.294  -169.953    0.6   -0.3   -0.3
    52.303  -169.953    0.6   -0.3   -0.3
    52.312  -169.953    0.6   -0.3   -0.2
    52.321  -169.953    0.6   -0.3   -0.2
    52.330  -169.953    0.6   -0.3   -0.2
    52.339  -169.953    0.6   -0.4   -0.2
    52.348  -169.953    0.6   -0.4   -0.2
    52.357  -169.953    0.6   -0.4   -0.2
    52.366  -169.953    0.6   -0.4   -0.2
    52.375  -169.953    0.6   -0.4   -0.2
    52.384  -169.953    0.6   -0.4   -0.2
    52.393  -169.953    0.6   -0.4   -0.2
    52.402  -169.953    0.5   -0.4   -0.2
    52.411  -169.953    0.5   -0.4   -0.2
    52.420  -169.953    0.5   -0.4   -0.2
    52.429  -169.953    0.5   -0.4   -0.2
    52.438  -169.953    0.5   -0.4   -0.2
    52.447  -169.953    0.5   -0.4   -0.2
    52.456  -169.953    0.5   -0.4   -0.2
    52.465  -169.953    0.5   -0.4   -0.2
    52.474  -169.953    0.4   -0.4   -0.2
    52.483  -169.953    0.4   -0.4   -0.1
    52.492  -169.953    0.4   -0.4   -0.1
    52.501  -169.953    0.4   -0.4   -0.1
    52.510  -169.953    0.4   -0.4   -0.1
    52.519  -169.953    0.4   -0.4   -0.1
    52.528  -169.953    0.4   -0.4   -0.1
    52.537  -169.953    0.4   -0.4   -0.1
    52.546  -169.953    0.3   -0.4   -0.1
    52.555  -169.953    0.3   -0.4   -0.1
    52.564  -169.953    0.3   -0.4   -0.1
    52.573  -169.953    0.3   -0.4   -0.1
    52.582  -169.953    0.3   -0.4   -0.1
    52.591  -169.953    0.3   -0.4   -0.1
    52.600  -169.953    0.3   -0.4   -0.1
    52.609  -169.953    0.3   -0.4   -0.1
    52.618  -169.953    0.3   -0.3   -0.1
    52.627  -169.953    0.3   -0.3   -0.1
    52.636  -169.953    0.2   -0.3   -0.1
    52.645  -169.953    0.2   -0.3   -0.1
    52.654  -169.953    0.2   -0.3   -0.1
    52.663  -169.953    0.2   -0.3   -0.1
    52.672  -169.953    0.2   -0.3   -0.0
    51.771  -169.939   -0.0   -0.0   -0.0
    51.780  -169.939   -0.0   -0.0   -0.0
    51.789  -169.939   -0.0   -0.0   -0.0
    51.798  -169.939   -0.0   -0.0   -0.0
    51.808  -169.939   -0.0   -0.0   -0.0
    51.817  -169.939   -0.0   -0.0   -0.0
    51.826  -169.939   -0.1   -0.0   -0.0
    51.835  -169.939   -0.1   -0.0   -0.0
    51.844  -169.939   -0.1   -0.0   -0.0
    51.853  -169.939   -0.1   -0.0   -0.0
    51.862  -169.939   -0.1   -0.0   -0.0
    51.871  -169.939   -0.1   -0.0   -0.0
    51.880  -169.939   -0.1   -0.0   -0.0
    51.889  -169.939   -0.1   -0.0   -0.0
    51.898  -169.939   -0.1   -0.0   -0.0
    51.907  -169.939   -0.1   -0.1   -0.0
    51.916  -169.939   -0.1   -0.1   -0.0
    51.925  -169.939   -0.1   -0.1   -0.0
    51.934  -169.939   -0.1   -0.1   -0.0
    51.943  -169.939   -0.1   -0.1   -0.0
    51.952  -169.939   -0.1   -0.1   -0.0
    51.961  -169.939   -0.1   -0.1   -0.0
    51.970  -169.939   -0.1   -0.1   -0.0
    51.979  -169.939   -0.1   -0.1   -0.0
    51.988  -169.939   -0.1   -0.1   -0.0
    51.997  -169.939   -0.1   -0.1   -0.0
    52.006  -169.939   -0.1   -0.1   -0.0
    52.015  -169.939   -0.1   -0.1   -0.0
    52.024  -169.939   -0.1   -0.1   -0.0
    52.033  -169.939   -0.1   -0.1   -0.0
    52.042  -169.939   -0.1   -0.1   -0.0
    52.051  -169.939   -0.1   -0.1   -0.0
    52.060  -169.939   -0.1   -0.0   -0.0
    52.069  -169.939   -0.1   -0.0   -0.0
    52.078  -169.939   -0.0   -0.0   -0.1
    52.087  -169.939   -0.0   -0.0   -0.1
    52.096  -169.939    0.0   -0.0   -0.1
    52.105  -169.939    0.0   -0.0   -0.1
    52.114  -169.939    0.1   -0.0   -0.1
    52.123  -169.939    0.1   -0.0   -0.1
    52.132  -169.939    0.1   -0.0   -0.1
    52.141  -169.939    0.1   -0.0   -0.1
    52.150  -169.939    0.2   -0.0   -0.2
    52.159  -169.939    0.2   -0.0   -0.2
    52.168  -169.939    0.3   -0.0   -0.2
    52.177  -169.939    0.3   -0.0   -0.2
    52.186  -169.939    0.3   -0.1   -0.2
    52.195  -169.939    0.4   -0.1   -0.2
    52.204  -169.939    0.4   -0.1   -0.2
    52.213  -169.939    0.4   -0.1   -0.2
    52.222  -169.939    0.5   -0.1   -0.2
    52.231  -169.939    0.5   -0.1   -0.3
    52.240  -169.939    0.5   -0.2   -0.3
    52.249  -169.939    0.6   -0.2   -0.3
    52.258  -169.939    0.6   -0.2   -0.3
    52.267  -169.939    0.6   -0.2   -0.3
    52.276  -169.939    0.6   -0.3   -0.3
    52.285  -169.939    0.6   -0.3   -0.3
    52.294  -169.939    0.6   -0.3   -0.3
    52.303  -169.939    0.6   -0.3   -0.3
    52.312  -169.939    0.6   -0.3   -0.3
    52.321  -169.939    0.6   -0.4   -0.3
    52.330  -169.939    0.6   -0.4   -0.3
    52.339  -169.939    0.6   -0.4   -0.3
    52.348  -169.939    0.6   -0.4   -0.3
    52.357  -169.939    0.6   -0.4   -0.2
    52.366  -169.939    0.6   -0.4   -0.2
    52.375  -169.939    0.6   -0.4   -0.2
    52.384  -169.939    0.6   -0.4   -0.2
    52.393  -169.939    0.6   -0.4   -0.2
    52.402  -169.939    0.6   -0.4   -0.2
    52.411  -169.939    0.6   -0.4   -0.2
    52.420  -169.939    0.5   -0.4   -0.2
    52.429  -169.939    0.5   -0.4   -0.2
    52.438  -169.939    0.5   -0.4   -0.2
    52.447  -169.939    0.5   -0.4   -0.2
    52.456  -169.939    0.5   -0.4   -0.2
    52.465  -169.939    0.5   -0.4   -0.2
    52.474  -169.939    0.5   -0.4   -0.2
    52.483  -169.939    0.4   -0.4   -0.2
    52.492  -169.939    0.4   -0.4   -0.1
    52.501  -169.939    0.4   -0.4   -0.1
    52.510  -169.939    0.4   -0.4   -0.1
    52.519  -169.939    0.4   -0.4   -0.1
    52.528  -169.939    0.4   -0.4   -0.1
    52.537  -169.939    0.4   -0.4   -0.1
    52.546  -169.939    0.3   -0.4   -0.1
    52.555  -169.939    0.3   -0.4   -0.1
    52.564  -169.939    0.3   -0.4   -0.1
    52.573  -169.939    0.3   -0.4   -0.1
    52.582  -169.939    0.3   -0.4   -0.1
    52.591  -169.939    0.3   -0.4   -0.1
    52.600  -169.939    0.3   -0.4   -0.1
    52.609  -169.939    0.3   -0.4   -0.1
    52.618  -169.939    0.3   -0.4   -0.1
    52.627  -169.939    0.3   -0.4   -0.1
    52.636  -169.939    0.2   -0.3   -0.1
    52.645  -169.939    0.2   -0.3   -0.1
    52.654  -169.939    0.2   -0.3   -0.1
    52.663  -169.939    0.2   -0.3   -0.1
    52.672  -169.939    0.2   -0.3   -0.1
    51.771  -169.924   -0.0   -0.0   -0.0
    51.780  -169.924   -0.0   -0.0   -0.0
    51.789  -169.924   -0.0   -0.0   -0.0
    51.798  -169.924   -0.0   -0.0   -0.0
    51.808  -169.924   -0.0   -0.0   -0.0
    51.817  -169.924   -0.1   -0.0   -0.0
    51.826  -169.924   -0.1   -0.0   -0.0
    51.835  -169.924   -0.1   -0.0   -0.0
    51.844  -169.924   -0.1   -0.0   -0.0
    51.853  -169.924   -0.1   -0.0   -0.0
    51.862  -169.924   -0.1   -0.0   -0.0
    51.871  -169.924   -0.1   -0.0   -0.0
    51.880  -169.924   -0.1   -0.0   -0.0
    51.889  -169.924   -0.1   -0.0   -0.0
    51.898  -169.924   -0.1   -0.1   -0.0
    51.907  -169.924   -0.1   -0.1   -0.0
    51.916  -169.924   -0.1   -0.1   -0.0
    51.925  -169.924   -0.1   -0.1   -0.0
    51.934  -169.924   -0.1   -0.1   -0.0
    51.943  -169.924   -0.1   -0.1   -0.0
    51.952  -169.924   -0.1   -0.1   -0.0
    51.961  -169.924   -0.1   -0.1   -0.0
    51.970  -169.924   -0.1   -0.1   -0.0
    51.979  -169.924   -0.1   -0.1   -0.0
    51.988  -169.924   -0.1   -0.1   -0.0
    51.997  -169.924   -0.1   -0.1   -0.0
    52.006  -169.924   -0.1   -0.1   -0.0
    52.015  -169.924   -0.1   -0.1   -0.0
    52.024  -169.924   -0.1   -0.1   -0.0
    52.033  -169.924   -0.1   -0.1   -0.0
    52.042  -169.924   -0.1   -0.1   -0.0
    52.051  -169.924   -0.1   -0.1   -0.0
    52.060  -169.924   -0.1   -0.1   -0.0
    52.069  -169.924   -0.1   -0.1   -0.0
    52.078  -169.924   -0.1   -0.0   -0.0
    52.087  -169.924   -0.0   -0.0   -0.1
    52.096  -169.924   -0.0   -0.0   -0.1
    52.105  -169.924    0.0   -0.0   -0.1
    52.114  -169.924    0.0   -0.0   -0.1
    52.123  -169.924    0.1   -0.0   -0.1
    52.132  -169.924    0.1   -0.0   -0.1
    52.141  -169.924    0.1   -0.0   -0.1
    52.150  -169.924    0.2   -0.0   -0.2
    52.159  -169.924    0.2   -0.0   -0.2
    52.168  -169.924    0.3   -0.0   -0.2
    52.177  -169.924    0.3   -0.0   -0.2
    52.186  -169.924    0.3   -0.1   -0.2
    52.195  -169.924    0.4   -0.1   -0.2
    52.204  -169.924    0.4   -0.1   -0.2
    52.213  -169.924    0.5   -0.1   -0.3
    52.222  -169.924    0.5   -0.1   -0.3
    52.231  -169.924    0.5   -0.2   -0.3
    52.240  -169.924    0.6   -0.2   -0.3
    52.249  -169.924    0.6   -0.2   -0.3
    52.258  -169.924    0.6   -0.2   -0.3
    52.267  -169.924    0.6   -0.2   -0.3
    52.276  -169.924    0.7   -0.3   -0.3
    52.285  -169.924    0.7   -0.3   -0.3
    52.294  -169.924    0.7   -0.3   -0.3
    52.303  -169.924    0.7   -0.3   -0.3
    52.312  -169.924    0.7   -0.4   -0.3
    52.321  -169.924    0.7   -0.4   -0.3
    52.330  -169.924    0.7   -0.4   -0.3
    52.339  -169.924    0.7   -0.4   -0.3
    52.348  -169.924    0.7   -0.4   -0.3
    52.357  -169.924    0.6   -0.4   -0.3
    52.366  -169.924    0.6   -0.4   -0.3
    52.375  -169.924    0.6   -0.4   -0.3
    52.384  -169.924    0.6   -0.5   -0.2
    52.393  -169.924    0.6   -0.5   -0.2
    52.402  -169.924    0.6   -0.5   -0.2
    52.411  -169.924    0.6   -0.5   -0.2
    52.420  -169.924    0.6   -0.5   -0.2
    52.429  -169.924    0.5   -0.5   -0.2
    52.438  -169.924    0.5   -0.5   -0.2
    52.447  -169.924    0.5   -0.5   -0.2
    52.456  -169.924    0.5   -0.5   -0.2
    52.465  -169.924    0.5   -0.5   -0.2
    52.474  -169.924    0.5   -0.5   -0.2
    52.483  -169.924    0.5   -0.5   -0.2
    52.492  -169.924    0.4   -0.5   -0.2
    52.501  -169.924    0.4   -0.5   -0.1
    52.510  -169.924    0.4   -0.5   -0.1
    52.519  -169.924    0.4   -0.4   -0.1
    52.528  -169.924    0.4   -0.4   -0.1
    52.537  -169.924    0.4   -0.4   -0.1
    52.546  -169.924    0.4   -0.4   -0.1
    52.555  -169.924    0.3   -0.4   -0.1
    52.564  -169.924    0.3   -0.4   -0.1
    52.573  -169.924    0.3   -0.4   -0.1
    52.582  -169.924    0.3   -0.4   -0.1
    52.591  -169.924    0.3   -0.4   -0.1
    52.600  -169.924    0.3   -0.4   -0.1
    52.609  -169.924    0.3   -0.4   -0.1
    52.618  -169.924    0.3   -0.4   -0.1
    52.627  -169.924    0.3   -0.4   -0.1
    52.636  -169.924    0.2   -0.4   -0.1
    52.645  -169.924    0.2   -0.4   -0.1
    52.654  -169.924    0.2   -0.3   -0.1
    52.663  -169.924    0.2   -0.3   -0.1
    52.672  -169.924    0.2   -0.3   -0.1
    51.771  -169.909   -0.0   -0.0   -0.0
    51.780  -169.909   -0.0   -0.0   -0.0
    51.789  -169.909   -0.0   -0.0   -0.0
    51.798  -169.909   -0.0   -0.0   -0.0
    51.808  -169.909   -0.0   -0.0   -0.0
    51.817  -169.909   -0.1   -0.0   -0.0
    51.826  -169.909   -0.1   -0.0   -0.0
    51.835  -169.909   -0.1   -0.0   -0.0
    51.844  -169.909   -0.1   -0.0   -0.0
    51.853  -169.909   -0.1   -0.0   -0.0
    51.862  -169.909   -0.1   -0.0   -0.0
    51.871  -169.909   -0.1   -0.0   -0.0
    51.880  -169.909   -0.1   -0.0   -0.0
    51.889  -169.909   -0.1   -0.1   -0.0
    51.898  -169.909   -0.1   -0.1   -0.0
    51.907  -169.909   -0.1   -0.1   -0.0
    51.916  -169.909   -0.1   -0.1   -0.0
    51.925  -169.909   -0.1   -0.1   -0.0
    51.934  -169.909   -0.1   -0.1   -0.0
    51.943  -169.909   -0.1   -0.1   -0.0
    51.952  -169.909   -0.1   -0.1   -0.0
    51.961  -169.909   -0.1   -0.1    0.0
    51.970  -169.909   -0.1   -0.1    0.0
    51.979  -169.909   -0.1   -0.1    0.0
    51.988  -169.909   -0.1   -0.1    0.0
    51.997  -169.909   -0.1   -0.1    0.0
    52.006  -169.909   -0.1   -0.1    0.0
    52.015  -169.909   -0.1   -0.1    0.0
    52.024  -169.909   -0.1   -0.1   -0.0
    52.033  -169.909   -0.1   -0.1   -0.0
    52.042  -169.909   -0.1   -0.1   -0.0
    52.051  -169.909   -0.1   -0.1   -0.0
    52.060  -169.909   -0.1   -0.1   -0.0
    52.069  -169.909   -0.1   -0.1   -0.0
    52.078  -169.909   -0.1   -0.1   -0.0
    52.087  -169.909   -0.0   -0.0   -0.1
    52.096  -169.909   -0.0   -0.0   -0.1
    52.105  -169.909   -0.0   -0.0   -0.1
    52.114  -169.909    0.0   -0.0   -0.1
    52.123  -169.909    0.1   -0.0   -0.1
    52.132  -169.909    0.1   -0.0   -0.1
    52.141  -169.909    0.1   -0.0   -0.1
    52.150  -169.909    0.2   -0.0   -0.2
    52.159  -169.909    0.2   -0.0   -0.2
    52.168  -169.909    0.3   -0.0   -0.2
    52.177  -169.909    0.3   -0.1   -0.2
    52.186  -169.909    0.4   -0.1   -0.2
    52.195  -169.909    0.4   -0.1   -0.2
    52.204  -169.909    0.4   -0.1   -0.3
    52.213  -169.909    0.5   -0.1   -0.3
    52.222  -169.909    0.5   -0.1   -0.3
    52.231  -169.909    0.6   -0.2   -0.3
    52.240  -169.909    0.6   -0.2   -0.3
    52.249  -169.909    0.6   -0.2   -0.3
    52.258  -169.909    0.7   -0.2   -0.3
    52.267  -169.909    0.7   -0.3   -0.3
    52.276  -169.909    0.7   -0.3   -0.3
    52.285  -169.909    0.7   -0.3   -0.3
    52.294  -169.909    0.7   -0.3   -0.3
    52.303  -169.909    0.7   -0.4   -0.3
    52.312  -169.909    0.7   -0.4   -0.3
    52.321  -169.909    0.7   -0.4   -0.3
    52.330  -169.909    0.7   -0.4   -0.3
    52.339  -169.909    0.7   -0.4   -0.3
    52.348  -169.909    0.7   -0.4   -0.3
    52.357  -169.909    0.7   -0.5   -0.3
    52.366  -169.909    0.7   -0.5   -0.3
    52.375  -169.909    0.7   -0.5   -0.3
    52.384  -169.909    0.6   -0.5   -0.3
    52.393  -169.909    0.6   -0.5   -0.3
    52.402  -169.909    0.6   -0.5   -0.2
    52.411  -169.909    0.6   -0.5   -0.2
    52.420  -169.909    0.6   -0.5   -0.2
    52.429  -169.909    0.6   -0.5   -0.2
    52.438  -169.909    0.5   -0.5   -0.2
    52.447  -169.909    0.5   -0.5   -0.2
    52.456  -169.909    0.5   -0.5   -0.2
    52.465  -169.909    0.5   -0.5   -0.2
    52.474  -169.909    0.5   -0.5   -0.2
    52.483  -169.909    0.5   -0.5   -0.2
    52.492  -169.909    0.4   -0.5   -0.2
    52.501  -169.909    0.4   -0.5   -0.2
    52.510  -169.909    0.4   -0.5   -0.1
    52.519  -169.909    0.4   -0.5   -0.1
    52.528  -169.909    0.4   -0.5   -0.1
    52.537  -169.909    0.4   -0.5   -0.1
    52.546  -169.909    0.4   -0.4   -0.1
    52.555  -169.909    0.3   -0.4   -0.1
    52.564  -169.909    0.3   -0.4   -0.1
    52.573  -169.909    0.3   -0.4   -0.1
    52.582  -169.909    0.3   -0.4   -0.1
    52.591  -169.909    0.3   -0.4   -0.1
    52.600  -169.909    0.3   -0.4   -0.1
    52.609  -169.909    0.3   -0.4   -0.1
    52.618  -169.909    0.3   -0.4   -0.1
    52.627  -169.909    0.3   -0.4   -0.1
    52.636  -169.909    0.2   -0.4   -0.1
    52.645  -169.909    0.2   -0.4   -0.1
    52.654  -169.909    0.2   -0.4   -0.1
    52.663  -169.909    0.2   -0.3   -0.1
    52.672  -169.909    0.2   -0.3   -0.1
    51.771  -169.894   -0.0   -0.0   -0.0
    51.780  -169.894   -0.0   -0.0   -0.0
    51.789  -169.894   -0.0   -0.0   -0.0
    51.798  -169.894   -0.0   -0.0   -0.0
    51.808  -169.894   -0.1   -0.0   -0.0
    51.817  -169.894   -0.1   -0.0   -0.0
    51.826  -169.894   -0.1   -0.0   -0.0
    51.835  -169.894   -0.1   -0.0   -0.0
    51.844  -169.894   -0.1   -0.0   -0.0
    51.853  -169.894   -0.1   -0.0   -0.0
    51.862  -169.894   -0.1   -0.0   -0.0
    51.871  -169.894   -0.1   -0.0   -0.0
    51.880  -169.894   -0.1   -0.1   -0.0
    51.889  -169.894   -0.1   -0.1   -0.0
    51.898  -169.894   -0.1   -0.1   -0.0
    51.907  -169.894   -0.1   -0.1   -0.0
    51.916  -169.894   -0.1   -0.1   -0.0
    51.925  -169.894   -0.1   -0.1    0.0
    51.934  -169.894   -0.1   -0.1    0.0
    51.943  -169.894   -0.1   -0.1    0.0
    51.952  -169.894   -0.1   -0.1    0.0
    51.961  -169.894   -0.1   -0.1    0.0
    51.970  -169.894   -0.1   -0.1    0.0
    51.979  -169.894   -0.1   -0.1    0.0
    51.988  -169.894   -0.1   -0.1    0.0
    51.997  -169.894   -0.1   -0.1    0.0
    52.006  -169.894   -0.1   -0.1    0.0
    52.015  -169.894   -0.1   -0.1    0.0
    52.024  -169.894   -0.1   -0.1    0.0
    52.033  -169.894   -0.1   -0.1    0.0
    52.042  -169.894   -0.1   -0.1    0.0
    52.051  -169.894   -0.1   -0.1   -0.0
    52.060  -169.894   -0.1   -0.1   -0.0
    52.069  -169.894   -0.1   -0.1   -0.0
    52.078  -169.894   -0.1   -0.1   -0.0
    52.087  -169.894   -0.1   -0.1   -0.0
    52.096  -169.894   -0.0   -0.1   -0.1
    52.105  -169.894   -0.0   -0.0   -0.1
    52.114  -169.894    0.0   -0.0   -0.1
    52.123  -169.894    0.0   -0.0   -0.1
    52.132  -169.894    0.1   -0.0   -0.1
    52.141  -169.894    0.1   -0.0   -0.1
    52.150  -169.894    0.2   -0.0   -0.2
    52.159  -169.894    0.2   -0.0   -0.2
    52.168  -169.894    0.3   -0.0   -0.2
    52.177  -169.894    0.3   -0.1   -0.2
    52.186  -169.894    0.4   -0.1   -0.2
    52.195  -169.894    0.4   -0.1   -0.3
    52.204  -169.894    0.5   -0.1   -0.3
    52.213  -169.894    0.5   -0.1   -0.3
    52.222  -169.894    0.6   -0.1   -0.3
    52.231  -169.894    0.6   -0.2   -0.3
    52.240  -169.894    0.6   -0.2   -0.3
    52.249  -169.894    0.7   -0.2   -0.3
    52.258  -169.894    0.7   -0.3   -0.3
    52.267  -169.894    0.7   -0.3   -0.3
    52.276  -169.894    0.7   -0.3   -0.3
    52.285  -169.894    0.7   -0.3   -0.3
    52.294  -169.894    0.8   -0.4   -0.3
    52.303  -169.894    0.8   -0.4   -0.3
    52.312  -169.894    0.8   -0.4   -0.3
    52.321  -169.894    0.8   -0.4   -0.3
    52.330  -169.894    0.7   -0.4   -0.3
    52.339  -169.894    0.7   -0.5   -0.3
    52.348  -169.894    0.7   -0.5   -0.3
    52.357  -169.894    0.7   -0.5   -0.3
    52.366  -169.894    0.7   -0.5   -0.3
    52.375  -169.894    0.7   -0.5   -0.3
    52.384  -169.894    0.7   -0.5   -0.3
    52.393  -169.894    0.6   -0.5   -0.3
    52.402  -169.894    0.6   -0.5   -0.3
    52.411  -169.894    0.6   -0.5   -0.3
    52.420  -169.894    0.6   -0.5   -0.2
    52.429  -169.894    0.6   -0.5   -0.2
    52.438  -169.894    0.6   -0.5   -0.2
    52.447  -169.894    0.5   -0.5   -0.2
    52.456  -169.894    0.5   -0.5   -0.2
    52.465  -169.894    0.5   -0.5   -0.2
    52.474  -169.894    0.5   -0.5   -0.2
    52.483  -169.894    0.5   -0.5   -0.2
    52.492  -169.894    0.5   -0.5   -0.2
    52.501  -169.894    0.4   -0.5   -0.2
    52.510  -169.894    0.4   -0.5   -0.2
    52.519  -169.894    0.4   -0.5   -0.1
    52.528  -169.894    0.4   -0.5   -0.1
    52.537  -169.894    0.4   -0.5   -0.1
    52.546  -169.894    0.4   -0.5   -0.1
    52.555  -169.894    0.4   -0.5   -0.1
    52.564  -169.894    0.3   -0.4   -0.1
    52.573  -169.894    0.3   -0.4   -0.1
    52.582  -169.894    0.3   -0.4   -0.1
    52.591  -169.894    0.3   -0.4   -0.1
    52.600  -169.894    0.3   -0.4   -0.1
    52.609  -169.894    0.3   -0.4   -0.1
    52.618  -169.894    0.3   -0.4   -0.1
    52.627  -169.894    0.3   -0.4   -0.1
    52.636  -169.894    0.3   -0.4   -0.1
    52.645  -169.894    0.2   -0.4   -0.1
    52.654  -169.894    0.2   -0.4   -0.1
    52.663  -169.894    0.2   -0.4   -0.1
    52.672  -169.894    0.2   -0.3   -0.1
    51.771  -169.880   -0.0   -0.0   -0.0
    51.780  -169.880   -0.0   -0.0   -0.0
    51.789  -169.880   -0.0   -0.0   -0.0
    51.798  -169.880   -0.0   -0.0   -0.0
    51.808  -169.880   -0.1   -0.0   -0.0
    51.817  -169.880   -0.1   -0.0   -0.0
    51.826  -169.880   -0.1   -0.0   -0.0
    51.835  -169.880   -0.1   -0.0   -0.0
    51.844  -169.880   -0.1   -0.0   -0.0
    51.853  -169.880   -0.1   -0.0   -0.0
    51.862  -169.880   -0.1   -0.0   -0.0
    51.871  -169.880   -0.1   -0.1   -0.0
    51.880  -169.880   -0.1   -0.1   -0.0
    51.889  -169.880   -0.1   -0.1   -0.0
    51.898  -169.880   -0.1   -0.1    0.0
    51.907  -169.880   -0.1   -0.1    0.0
    51.916  -169.880   -0.1   -0.1    0.0
    51.925  -169.880   -0.1   -0.1    0.0
    51.934  -169.880   -0.1   -0.1    0.0
    51.943  -169.880   -0.1   -0.1    0.0
    51.952  -169.880   -0.1   -0.1    0.0
    51.961  -169.880   -0.1   -0.1    0.0
    51.970  -169.880   -0.1   -0.1    0.0
    51.979  -169.880   -0.1   -0.1    0.0
    51.988  -169.880   -0.1   -0.1    0.0
    51.997  -169.880   -0.1   -0.1    0.0
    52.006  -169.880   -0.1   -0.1    0.0
    52.015  -169.880   -0.2   -0.1    0.0
    52.024  -169.880   -0.2   -0.1    0.0
    52.033  -169.880   -0.2   -0.1    0.0
    52.042  -169.880   -0.1   -0.1    0.0
    52.051  -169.880   -0.1   -0.1    0.0
    52.060  -169.880   -0.1   -0.1    0.0
    52.069  -169.880   -0.1   -0.1   -0.0
    52.078  -169.880   -0.1   -0.1   -0.0
    52.087  -169.880   -0.1   -0.1   -0.0
    52.096  -169.880   -0.1   -0.1   -0.0
    52.105  -169.880   -0.0   -0.1   -0.1
    52.114  -169.880   -0.0   -0.0   -0.1
    52.123  -169.880    0.0   -0.0   -0.1
    52.132  -169.880    0.1   -0.0   -0.1
    52.141  -169.880    0.1   -0.0   -0.1
    52.150  -169.880    0.2   -0.0   -0.2
    52.159  -169.880    0.2   -0.0   -0.2
    52.168  -169.880    0.3   -0.0   -0.2
    52.177  -169.880    0.3   -0.1   -0.2
    52.186  -169.880    0.4   -0.1   -0.2
    52.195  -169.880    0.4   -0.1   -0.3
    52.204  -169.880    0.5   -0.1   -0.3
    52.213  -169.880    0.5   -0.1   -0.3
    52.222  -169.880    0.6   -0.2   -0.3
    52.231  -169.880    0.6   -0.2   -0.3
    52.240  -169.880    0.7   -0.2   -0.3
    52.249  -169.880    0.7   -0.2   -0.3
    52.258  -169.880    0.7   -0.3   -0.4
    52.267  -169.880    0.8   -0.3   -0.4
    52.276  -169.880    0.8   -0.3   -0.4
    52.285  -169.880    0.8   -0.4   -0.4
    52.294  -169.880    0.8   -0.4   -0.4
    52.303  -169.880    0.8   -0.4   -0.4
    52.312  -169.880    0.8   -0.4   -0.4
    52.321  -169.880    0.8   -0.5   -0.4
    52.330  -169.880    0.8   -0.5   -0.3
    52.339  -169.880    0.8   -0.5   -0.3
    52.348  -169.880    0.8   -0.5   -0.3
    52.357  -169.880    0.7   -0.5   -0.3
    52.366  -169.880    0.7   -0.5   -0.3
    52.375  -169.880    0.7   -0.5   -0.3
    52.384  -169.880    0.7   -0.5   -0.3
    52.393  -169.880    0.7   -0.5   -0.3
    52.402  -169.880    0.7   -0.6   -0.3
    52.411  -169.880    0.6   -0.6   -0.3
    52.420  -169.880    0.6   -0.6   -0.3
    52.429  -169.880    0.6   -0.6   -0.2
    52.438  -169.880    0.6   -0.6   -0.2
    52.447  -169.880    0.6   -0.5   -0.2
    52.456  -169.880    0.5   -0.5   -0.2
    52.465  -169.880    0.5   -0.5   -0.2
    52.474  -169.880    0.5   -0.5   -0.2
    52.483  -169.880    0.5   -0.5   -0.2
    52.492  -169.880    0.5   -0.5   -0.2
    52.501  -169.880    0.5   -0.5   -0.2
    52.510  -169.880    0.4   -0.5   -0.2
    52.519  -169.880    0.4   -0.5   -0.2
    52.528  -169.880    0.4   -0.5   -0.1
    52.537  -169.880    0.4   -0.5   -0.1
    52.546  -169.880    0.4   -0.5   -0.1
    52.555  -169.880    0.4   -0.5   -0.1
    52.564  -169.880    0.3   -0.5   -0.1
    52.573  -169.880    0.3   -0.5   -0.1
    52.582  -169.880    0.3   -0.4   -0.1
    52.591  -169.880    0.3   -0.4   -0.1
    52.600  -169.880    0.3   -0.4   -0.1
    52.609  -169.880    0.3   -0.4   -0.1
    52.618  -169.880    0.3   -0.4   -0.1
    52.627  -169.880    0.3   -0.4   -0.1
    52.636  -169.880    0.3   -0.4   -0.1
    52.645  -169.880    0.2   -0.4   -0.1
    52.654  -169.880    0.2   -0.4   -0.1
    52.663  -169.880    0.2   -0.4   -0.1
    52.672  -169.880    0.2   -0.4   -0.1
    51.771  -169.865   -0.0   -0.0   -0.0
    51.780  -169.865   -0.0   -0.0   -0.0
    51.789  -169.865   -0.0   -0.0   -0.0
    51.798  -169.865   -0.0   -0.0   -0.0
    51.808  -169.865   -0.1   -0.0   -0.0
    51.817  -169.865   -0.1   -0.0   -0.0
    51.826  -169.865   -0.1   -0.0   -0.0
    51.835  -169.865   -0.1   -0.0   -0.0
    51.844  -169.865   -0.1   -0.0   -0.0
    51.853  -169.865   -0.1   -0.0   -0.0
    51.862  -169.865   -0.1   -0.0   -0.0
    51.871  -169.865   -0.1   -0.1   -0.0
    51.880  -169.865   -0.1   -0.1    0.0
    51.889  -169.865   -0.1   -0.1    0.0
    51.898  -169.865   -0.1   -0.1    0.0
    51.907  -169.865   -0.1   -0.1    0.0
    51.916  -169.865   -0.1   -0.1    0.0
    51.925  -169.865   -0.1   -0.1    0.0
    51.934  -169.865   -0.1   -0.1    0.0
    51.943  -169.865   -0.1   -0.1    0.0
    51.952  -169.865   -0.1   -0.1    0.0
    51.961  -169.865   -0.1   -0.1    0.0
    51.970  -169.865   -0.1   -0.1    0.0
    51.979  -169.865   -0.1   -0.1    0.0
    51.988  -169.865   -0.2   -0.1    0.0
    51.997  -169.865   -0.2   -0.1    0.0
    52.006  -169.865   -0.2   -0.1    0.0
    52.015  -169.865   -0.2   -0.1    0.0
    52.024  -169.865   -0.2   -0.1    0.0
    52.033  -169.865   -0.2   -0.1    0.0
    52.042  -169.865   -0.2   -0.1    0.0
    52.051  -169.865   -0.2   -0.1    0.0
    52.060  -169.865   -0.2   -0.1    0.0
    52.069  -169.865   -0.1   -0.1    0.0
    52.078  -169.865   -0.1   -0.1    0.0
    52.087  -169.865   -0.1   -0.1   -0.0
    52.096  -169.865   -0.1   -0.1   -0.0
    52.105  -169.865   -0.1   -0.1   -0.0
    52.114  -169.865   -0.0   -0.1   -0.1
    52.123  -169.865    0.0   -0.1   -0.1
    52.132  -169.865    0.0   -0.0   -0.1
    52.141  -169.865    0.1   -0.0   -0.1
    52.150  -169.865    0.1   -0.0   -0.2
    52.159  -169.865    0.2   -0.0   -0.2
    52.168  -169.865    0.3   -0.0   -0.2
    52.177  -169.865    0.3   -0.1   -0.2
    52.186  -169.865    0.4   -0.1   -0.3
    52.195  -169.865    0.4   -0.1   -0.3
    52.204  -169.865    0.5   -0.1   -0.3
    52.213  -169.865    0.6   -0.1   -0.3
    52.222  -169.865    0.6   -0.2   -0.3
    52.231  -169.865    0.7   -0.2   -0.3
    52.240  -169.865    0.7   -0.2   -0.4
    52.249  -169.865    0.8   -0.3   -0.4
    52.258  -169.865    0.8   -0.3   -0.4
    52.267  -169.865    0.8   -0.3   -0.4
    52.276  -169.865    0.8   -0.4   -0.4
    52.285  -169.865    0.8   -0.4   -0.4
    52.294  -169.865    0.8   -0.4   -0.4
    52.303  -169.865    0.8   -0.4   -0.4
    52.312  -169.865    0.8   -0.5   -0.4
    52.321  -169.865    0.8   -0.5   -0.4
    52.330  -169.865    0.8   -0.5   -0.4
    52.339  -169.865    0.8   -0.5   -0.4
    52.348  -169.865    0.8   -0.5   -0.4
    52.357  -169.865    0.8   -0.6   -0.4
    52.366  -169.865    0.8   -0.6   -0.3
    52.375  -169.865    0.7   -0.6   -0.3
    52.384  -169.865    0.7   -0.6   -0.3
    52.393  -169.865    0.7   -0.6   -0.3
    52.402  -169.865    0.7   -0.6   -0.3
    52.411  -169.865    0.7   -0.6   -0.3
    52.420  -169.865    0.6   -0.6   -0.3
    52.429  -169.865    0.6   -0.6   -0.3
    52.438  -169.865    0.6   -0.6   -0.3
    52.447  -169.865    0.6   -0.6   -0.2
    52.456  -169.865    0.6   -0.6   -0.2
    52.465  -169.865    0.5   -0.6   -0.2
    52.474  -169.865    0.5   -0.6   -0.2
    52.483  -169.865    0.5   -0.6   -0.2
    52.492  -169.865    0.5   -0.5   -0.2
    52.501  -169.865    0.5   -0.5   -0.2
    52.510  -169.865    0.4   -0.5   -0.2
    52.519  -169.865    0.4   -0.5   -0.2
    52.528  -169.865    0.4   -0.5   -0.2
    52.537  -169.865    0.4   -0.5   -0.1
    52.546  -169.865    0.4   -0.5   -0.1
    52.555  -169.865    0.4   -0.5   -0.1
    52.564  -169.865    0.4   -0.5   -0.1
    52.573  -169.865    0.3   -0.5   -0.1
    52.582  -169.865    0.3   -0.5   -0.1
    52.591  -169.865    0.3   -0.5   -0.1
    52.600  -169.865    0.3   -0.4   -0.1
    52.609  -169.865    0.3   -0.4   -0.1
    52.618  -169.865    0.3   -0.4   -0.1
    52.627  -169.865    0.3   -0.4   -0.1
    52.636  -169.865    0.3   -0.4   -0.1
    52.645  -169.865    0.2   -0.4   -0.1
    52.654  -169.865    0.2   -0.4   -0.1
    52.663  -169.865    0.2   -0.4   -0.1
    52.672  -169.865    0.2   -0.4   -0.1
    51.771  -169.850   -0.0   -0.0   -0.0
    51.780  -169.850   -0.0   -0.0   -0.0
    51.789  -169.850   -0.0   -0.0   -0.0
    51.798  -169.850   -0.0   -0.0   -0.0
    51.808  -169.850   -0.1   -0.0   -0.0
    51.817  -169.850   -0.1   -0.0   -0.0
    51.826  -169.850   -0.1   -0.0   -0.0
    51.835  -169.850   -0.1   -0.0   -0.0
    51.844  -169.850   -0.1   -0.0   -0.0
    51.853  -169.850   -0.1   -0.0   -0.0
    51.862  -169.850   -0.1   -0.1    0.0
    51.871  -169.850   -0.1   -0.1    0.0
    51.880  -169.850   -0.1   -0.1    0.0
    51.889  -169.850   -0.1   -0.1    0.0
    51.898  -169.850   -0.1   -0.1    0.0
    51.907  -169.850   -0.1   -0.1    0.0
    51.916  -169.850   -0.1   -0.1    0.0
    51.925  -169.850   -0.1   -0.1    0.0
    51.934  -169.850   -0.1   -0.1    0.0
    51.943  -169.850   -0.1   -0.1    0.0
    51.952  -169.850   -0.1   -0.1    0.0
    51.961  -169.850   -0.1   -0.1    0.0
    51.970  -169.850   -0.1   -0.1    0.0
    51.979  -169.850   -0.2   -0.1    0.0
    51.988  -169.850   -0.2   -0.1    0.0
    51.997  -169.850   -0.2   -0.1    0.0
    52.006  -169.850   -0.2   -0.1    0.1
    52.015  -169.850   -0.2   -0.1    0.1
    52.024  -169.850   -0.2   -0.1    0.1
    52.033  -169.850   -0.2   -0.1    0.1
    52.042  -169.850   -0.2   -0.1    0.1
    52.051  -169.850   -0.2   -0.1    0.0
    52.060  -169.850   -0.2   -0.1    0.0
    52.069  -169.850   -0.2   -0.1    0.0
    52.078  -169.850   -0.2   -0.1    0.0
    52.087  -169.850   -0.1   -0.1    0.0
    52.096  -169.850   -0.1   -0.1   -0.0
    52.105  -169.850   -0.1   -0.1   -0.0
    52.114  -169.850   -0.1   -0.1   -0.0
    52.123  -169.850   -0.0   -0.1   -0.1
    52.132  -169.850    0.0   -0.1   -0.1
    52.141  -169.850    0.1   -0.0   -0.1
    52.150  -169.850    0.1   -0.0   -0.2
    52.159  -169.850    0.2   -0.0   -0.2
    52.168  -169.850    0.2   -0.0   -0.2
    52.177  -169.850    0.3   -0.1   -0.2
    52.186  -169.850    0.4   -0.1   -0.3
    52.195  -169.850    0.5   -0.1   -0.3
    52.204  -169.850    0.5   -0.1   -0.3
    52.213  -169.850    0.6   -0.1   -0.3
    52.222  -169.850    0.7   -0.2   -0.4
    52.231  -169.850    0.7   -0.2   -0.4
    52.240  -169.850    0.8   -0.2   -0.4
    52.249  -169.850    0.8   -0.3   -0.4
    52.258  -169.850    0.8   -0.3   -0.4
    52.267  -169.850    0.9   -0.4   -0.4
    52.276  -169.850    0.9   -0.4   -0.4
    52.285  -169.850    0.9   -0.4   -0.4
    52.294  -169.850    0.9   -0.5   -0.4
    52.303  -169.850    0.9   -0.5   -0.4
    52.312  -169.850    0.9   -0.5   -0.4
    52.321  -169.850    0.9   -0.5   -0.4
    52.330  -169.850    0.9   -0.6   -0.4
    52.339  -169.850    0.8   -0.6   -0.4
    52.348  -169.850    0.8   -0.6   -0.4
    52.357  -169.850    0.8   -0.6   -0.4
    52.366  -169.850    0.8   -0.6   -0.4
    52.375  -169.850    0.8   -0.6   -0.4
    52.384  -169.850    0.7   -0.6   -0.3
    52.393  -169.850    0.7   -0.6   -0.3
    52.402  -169.850    0.7   -0.6   -0.3
    52.411  -169.850    0.7   -0.6   -0.3
    52.420  -169.850    0.7   -0.6   -0.3
    52.429  -169.850    0.6   -0.6   -0.3
    52.438  -169.850    0.6   -0.6   -0.3
    52.447  -169.850    0.6   -0.6   -0.3
    52.456  -169.850    0.6   -0.6   -0.2
    52.465  -169.850    0.5   -0.6   -0.2
    52.474  -169.850    0.5   -0.6   -0.2
    52.483  -169.850    0.5   -0.6   -0.2
    52.492  -169.850    0.5   -0.6   -0.2
    52.501  -169.850    0.5   -0.6   -0.2
    52.510  -169.850    0.5   -0.6   -0.2
    52.519  -169.850    0.4   -0.5   -0.2
    52.528  -169.850    0.4   -0.5   -0.2
    52.537  -169.850    0.4   -0.5   -0.2
    52.546  -169.850    0.4   -0.5   -0.1
    52.555  -169.850    0.4   -0.5   -0.1
    52.564  -169.850    0.4   -0.5   -0.1
    52.573  -169.850    0.3   -0.5   -0.1
    52.582  -169.850    0.3   -0.5   -0.1
    52.591  -169.850    0.3   -0.5   -0.1
    52.600  -169.850    0.3   -0.5   -0.1
    52.609  -169.850    0.3   -0.4   -0.1
    52.618  -169.850    0.3   -0.4   -0.1
    52.627  -169.850    0.3   -0.4   -0.1
    52.636  -169.850    0.3   -0.4   -0.1
    52.645  -169.850    0.2   -0.4   -0.1
    52.654  -169.850    0.2   -0.4   -0.1
    52.663  -169.850    0.2   -0.4   -0.1
    52.672  -169.850    0.2   -0.4   -0.1
    51.771  -169.836   -0.0   -0.0   -0.0
    51.780  -169.836   -0.0   -0.0   -0.0
    51.789  -169.836   -0.0   -0.0   -0.0
    51.798  -169.836   -0.1   -0.0   -0.0
    51.808  -169.836   -0.1   -0.0   -0.0
    51.817  -169.836   -0.1   -0.0   -0.0
    51.826  -169.836   -0.1   -0.0   -0.0
    51.835  -169.836   -0.1   -0.0   -0.0
    51.844  -169.836   -0.1   -0.0    0.0
    51.853  -169.836   -0.1   -0.0    0.0
    51.862  -169.836   -0.1   -0.1    0.0
    51.871  -169.836   -0.1   -0.1    0.0
    51.880  -169.836   -0.1   -0.1    0.0
    51.889  -169.836   -0.1   -0.1    0.0
    51.898  -169.836   -0.1   -0.1    0.0
    51.907  -169.836   -0.1   -0.1    0.0
    51.916  -169.836   -0.1   -0.1    0.0
    51.925  -169.836   -0.1   -0.1    0.0
    51.934  -169.836   -0.1   -0.1    0.0
    51.943  -169.836   -0.1   -0.1    0.0
    51.952  -169.836   -0.1   -0.1    0.0
    51.961  -169.836   -0.1   -0.1    0.0
    51.970  -169.836   -0.2   -0.1    0.0
    51.979  -169.836   -0.2   -0.1    0.1
    51.988  -169.836   -0.2   -0.2    0.1
    51.997  -169.836   -0.2   -0.2    0.1
    52.006  -169.836   -0.2   -0.2    0.1
    52.015  -169.836   -0.2   -0.2    0.1
    52.024  -169.836   -0.2   -0.2    0.1
    52.033  -169.836   -0.2   -0.2    0.1
    52.042  -169.836   -0.2   -0.2    0.1
    52.051  -169.836   -0.2   -0.2    0.1
    52.060  -169.836   -0.2   -0.1    0.1
    52.069  -169.836   -0.2   -0.1    0.1
    52.078  -169.836   -0.2   -0.1    0.0
    52.087  -169.836   -0.2   -0.1    0.0
    52.096  -169.836   -0.2   -0.1    0.0
    52.105  -169.836   -0.1   -0.1   -0.0
    52.114  -169.836   -0.1   -0.1   -0.0
    52.123  -169.836   -0.1   -0.1   -0.1
    52.132  -169.836   -0.0   -0.1   -0.1
    52.141  -169.836    0.0   -0.1   -0.1
    52.150  -169.836    0.1   -0.1   -0.1
    52.159  -169.836    0.2   -0.0   -0.2
    52.168  -169.836    0.2   -0.0   -0.2
    52.177  -169.836    0.3   -0.1   -0.2
    52.186  -169.836    0.4   -0.1   -0.3
    52.195  -169.836    0.5   -0.1   -0.3
    52.204  -169.836    0.5   -0.1   -0.3
    52.213  -169.836    0.6   -0.1   -0.4
    52.222  -169.836    0.7   -0.2   -0.4
    52.231  -169.836    0.8   -0.2   -0.4
    52.240  -169.836    0.8   -0.3   -0.4
    52.249  -169.836    0.9   -0.3   -0.4
    52.258  -169.836    0.9   -0.3   -0.4
    52.267  -169.836    0.9   -0.4   -0.4
    52.276  -169.836    0.9   -0.4   -0.5
    52.285  -169.836    1.0   -0.5   -0.5
    52.294  -169.836    1.0   -0.5   -0.5
    52.303  -169.836    0.9   -0.5   -0.4
    52.312  -169.836    0.9   -0.5   -0.4
    52.321  -169.836    0.9   -0.6   -0.4
    52.330  -169.836    0.9   -0.6   -0.4
    52.339  -169.836    0.9   -0.6   -0.4
    52.348  -169.836    0.9   -0.6   -0.4
    52.357  -169.836    0.8   -0.6   -0.4
    52.366  -169.836    0.8   -0.6   -0.4
    52.375  -169.836    0.8   -0.6   -0.4
    52.384  -169.836    0.8   -0.7   -0.4
    52.393  -169.836    0.7   -0.7   -0.4
    52.402  -169.836    0.7   -0.7   -0.3
    52.411  -169.836    0.7   -0.7   -0.3
    52.420  -169.836    0.7   -0.7   -0.3
    52.429  -169.836    0.7   -0.6   -0.3
    52.438  -169.836    0.6   -0.6   -0.3
    52.447  -169.836    0.6   -0.6   -0.3
    52.456  -169.836    0.6   -0.6   -0.3
    52.465  -169.836    0.6   -0.6   -0.2
    52.474  -169.836    0.5   -0.6   -0.2
    52.483  -169.836    0.5   -0.6   -0.2
    52.492  -169.836    0.5   -0.6   -0.2
    52.501  -169.836    0.5   -0.6   -0.2
    52.510  -169.836    0.5   -0.6   -0.2
    52.519  -169.836    0.4   -0.6   -0.2
    52.528  -169.836    0.4   -0.6   -0.2
    52.537  -169.836    0.4   -0.5   -0.2
    52.546  -169.836    0.4   -0.5   -0.1
    52.555  -169.836    0.4   -0.5   -0.1
    52.564  -169.836    0.4   -0.5   -0.1
    52.573  -169.836    0.3   -0.5   -0.1
    52.582  -169.836    0.3   -0.5   -0.1
    52.591  -169.836    0.3   -0.5   -0.1
    52.600  -169.836    0.3   -0.5   -0.1
    52.609  -169.836    0.3   -0.5   -0.1
    52.618  -169.836    0.3   -0.4   -0.1
    52.627  -169.836    0.3   -0.4   -0.1
    52.636  -169.836    0.3   -0.4   -0.1
    52.645  -169.836    0.2   -0.4   -0.1
    52.654  -169.836    0.2   -0.4   -0.1
    52.663  -169.836    0.2   -0.4   -0.1
    52.672  -169.836    0.2   -0.4   -0.1
    51.771  -169.821   -0.0   -0.0   -0.0
    51.780  -169.821   -0.0   -0.0   -0.0
    51.789  -169.821   -0.0   -0.0   -0.0
    51.798  -169.821   -0.1   -0.0   -0.0
    51.808  -169.821   -0.1   -0.0   -0.0
    51.817  -169.821   -0.1   -0.0   -0.0
    51.826  -169.821   -0.1   -0.0   -0.0
    51.835  -169.821   -0.1   -0.0    0.0
    51.844  -169.821   -0.1   -0.0    0.0
    51.853  -169.821   -0.1   -0.1    0.0
    51.862  -169.821   -0.1   -0.1    0.0
    51.871  -169.821   -0.1   -0.1    0.0
    51.880  -169.821   -0.1   -0.1    0.0
    51.889  -169.821   -0.1   -0.1    0.0
    51.898  -169.821   -0.1   -0.1    0.0
    51.907  -169.821   -0.1   -0.1    0.0
    51.916  -169.821   -0.1   -0.1    0.0
    51.925  -169.821   -0.1   -0.1    0.0
    51.934  -169.821   -0.1   -0.1    0.0
    51.943  -169.821   -0.1   -0.1    0.0
    51.952  -169.821   -0.1   -0.1    0.0
    51.961  -169.821   -0.2   -0.1    0.1
    51.970  -169.821   -0.2   -0.2    0.1
    51.979  -169.821   -0.2   -0.2    0.1
    51.988  -169.821   -0.2   -0.2    0.1
    51.997  -169.821   -0.2   -0.2    0.1
    52.006  -169.821   -0.2   -0.2    0.1
    52.015  -169.821   -0.2   -0.2    0.1
    52.024  -169.821   -0.2   -0.2    0.1
    52.033  -169.821   -0.2   -0.2    0.1
    52.042  -169.821   -0.2   -0.2    0.1
    52.051  -169.821   -0.2   -0.2    0.1
    52.060  -169.821   -0.2   -0.2    0.1
    52.069  -169.821   -0.2   -0.2    0.1
    52.078  -169.821   -0.2   -0.2    0.1
    52.087  -169.821   -0.2   -0.1    0.1
    52.096  -169.821   -0.2   -0.1    0.0
    52.105  -169.821   -0.2   -0.1    0.0
    52.114  -169.821   -0.1   -0.1    0.0
    52.123  -169.821   -0.1   -0.1   -0.0
    52.132  -169.821   -0.1   -0.1   -0.1
    52.141  -169.821    0.0   -0.1   -0.1
    52.150  -169.821    0.1   -0.1   -0.1
    52.159  -169.821    0.1   -0.1   -0.2
    52.168  -169.821    0.2   -0.1   -0.2
    52.177  -169.821    0.3   -0.1   -0.2
    52.186  -169.821    0.4   -0.1   -0.3
    52.195  -169.821    0.5   -0.1   -0.3
    52.204  -169.821    0.6   -0.1   -0.3
    52.213  -169.821    0.7   -0.1   -0.4
    52.222  -169.821    0.7   -0.2   -0.4
    52.231  -169.821    0.8   -0.2   -0.4
    52.240  -169.821    0.9   -0.3   -0.4
    52.249  -169.821    0.9   -0.3   -0.5
    52.258  -169.821    1.0   -0.4   -0.5
    52.267  -169.821    1.0   -0.4   -0.5
    52.276  -169.821    1.0   -0.5   -0.5
    52.285  -169.821    1.0   -0.5   -0.5
    52.294  -169.821    1.0   -0.5   -0.5
    52.303  -169.821    1.0   -0.6   -0.5
    52.312  -169.821    1.0   -0.6   -0.5
    52.321  -169.821    1.0   -0.6   -0.5
    52.330  -169.821    1.0   -0.6   -0.5
    52.339  -169.821    0.9   -0.7   -0.5
    52.348  -169.821    0.9   -0.7   -0.4
    52.357  -169.821    0.9   -0.7   -0.4
    52.366  -169.821    0.9   -0.7   -0.4
    52.375  -169.821    0.8   -0.7   -0.4
    52.384  -169.821    0.8   -0.7   -0.4
    52.393  -169.821    0.8   -0.7   -0.4
    52.402  -169.821    0.7   -0.7   -0.4
    52.411  -169.821    0.7   -0.7   -0.3
    52.420  -169.821    0.7   -0.7   -0.3
    52.429  -169.821    0.7   -0.7   -0.3
    52.438  -169.821    0.6   -0.7   -0.3
    52.447  -169.821    0.6   -0.7   -0.3
    52.456  -169.821    0.6   -0.7   -0.3
    52.465  -169.821    0.6   -0.7   -0.3
    52.474  -169.821    0.6   -0.6   -0.2
    52.483  -169.821    0.5   -0.6   -0.2
    52.492  -169.821    0.5   -0.6   -0.2
    52.501  -169.821    0.5   -0.6   -0.2
    52.510  -169.821    0.5   -0.6   -0.2
    52.519  -169.821    0.4   -0.6   -0.2
    52.528  -169.821    0.4   -0.6   -0.2
    52.537  -169.821    0.4   -0.6   -0.2
    52.546  -169.821    0.4   -0.6   -0.2
    52.555  -169.821    0.4   -0.5   -0.1
    52.564  -169.821    0.4   -0.5   -0.1
    52.573  -169.821    0.3   -0.5   -0.1
    52.582  -169.821    0.3   -0.5   -0.1
    52.591  -169.821    0.3   -0.5   -0.1
    52.600  -169.821    0.3   -0.5   -0.1
    52.609  -169.821    0.3   -0.5   -0.1
    52.618  -169.821    0.3   -0.5   -0.1
    52.627  -169.821    0.3   -0.4   -0.1
    52.636  -169.821    0.3   -0.4   -0.1
    52.645  -169.821    0.2   -0.4   -0.1
    52.654  -169.821    0.2   -0.4   -0.1
    52.663  -169.821    0.2   -0.4   -0.1
    52.672  -169.821    0.2   -0.4   -0.1
    51.771  -169.806   -0.0   -0.0   -0.0
    51.780  -169.806   -0.0   -0.0   -0.0
    51.789  -169.806   -0.0   -0.0   -0.0
    51.798  -169.806   -0.1   -0.0   -0.0
    51.808  -169.806   -0.1   -0.0   -0.0
    51.817  -169.806   -0.1   -0.0    0.0
    51.826  -169.806   -0.1   -0.0    0.0
    51.835  -169.806   -0.1   -0.0    0.0
    51.844  -169.806   -0.1   -0.0    0.0
    51.853  -169.806   -0.1   -0.1    0.0
    51.862  -169.806   -0.1   -0.1    0.0
    51.871  -169.806   -0.1   -0.1    0.0
    51.880  -169.806   -0.1   -0.1    0.0
    51.889  -169.806   -0.1   -0.1    0.0
    51.898  -169.806   -0.1   -0.1    0.0
    51.907  -169.806   -0.1   -0.1    0.0
    51.916  -169.806   -0.1   -0.1    0.0
    51.925  -169.806   -0.1   -0.1    0.0
    51.934  -169.806   -0.1   -0.1    0.0
    51.943  -169.806   -0.1   -0.1    0.1
    51.952  -169.806   -0.1   -0.2    0.1
    51.961  -169.806   -0.2   -0.2    0.1
    51.970  -169.806   -0.2   -0.2    0.1
    51.979  -169.806   -0.2   -0.2    0.1
    51.988  -169.806   -0.2   -0.2    0.1
    51.997  -169.806   -0.2   -0.2    0.1
    52.006  -169.806   -0.2   -0.2    0.1
    52.015  -169.806   -0.2   -0.2    0.1
    52.024  -169.806   -0.2   -0.2    0.1
    52.033  -169.806   -0.2   -0.2    0.1
    52.042  -169.806   -0.2   -0.2    0.1
    52.051  -169.806   -0.2   -0.2    0.1
    52.060  -169.806   -0.2   -0.2    0.1
    52.069  -169.806   -0.2   -0.2    0.1
    52.078  -169.806   -0.2   -0.2    0.1
    52.087  -169.806   -0.2   -0.2    0.1
    52.096  -169.806   -0.2   -0.2    0.1
    52.105  -169.806   -0.2   -0.1    0.1
    52.114  -169.806   -0.2   -0.1    0.0
    52.123  -169.806   -0.1   -0.1    0.0
    52.132  -169.806   -0.1   -0.1   -0.0
    52.141  -169.806   -0.0   -0.1   -0.1
    52.150  -169.806    0.0   -0.1   -0.1
    52.159  -169.806    0.1   -0.1   -0.2
    52.168  -169.806    0.2   -0.1   -0.2
    52.177  -169.806    0.3   -0.1   -0.2
    52.186  -169.806    0.4   -0.1   -0.3
    52.195  -169.806    0.5   -0.1   -0.3
    52.204  -169.806    0.6   -0.1   -0.4
    52.213  -169.806    0.7   -0.1   -0.4
    52.222  -169.806    0.8   -0.2   -0.4
    52.231  -169.806    0.9   -0.2   -0.5
    52.240  -169.806    0.9   -0.3   -0.5
    52.249  -169.806    1.0   -0.3   -0.5
    52.258  -169.806    1.0   -0.4   -0.5
    52.267  -169.806    1.1   -0.4   -0.5
    52.276  -169.806    1.1   -0.5   -0.5
    52.285  -169.806    1.1   -0.5   -0.5
    52.294  -169.806    1.1   -0.6   -0.5
    52.303  -169.806    1.1   -0.6   -0.5
    52.312  -169.806    1.0   -0.6   -0.5
    52.321  -169.806    1.0   -0.7   -0.5
    52.330  -169.806    1.0   -0.7   -0.5
    52.339  -169.806    1.0   -0.7   -0.5
    52.348  -169.806    0.9   -0.7   -0.5
    52.357  -169.806    0.9   -0.7   -0.5
    52.366  -169.806    0.9   -0.7   -0.5
    52.375  -169.806    0.9   -0.7   -0.4
    52.384  -169.806    0.8   -0.7   -0.4
    52.393  -169.806    0.8   -0.7   -0.4
    52.402  -169.806    0.8   -0.7   -0.4
    52.411  -169.806    0.7   -0.7   -0.4
    52.420  -169.806    0.7   -0.7   -0.4
    52.429  -169.806    0.7   -0.7   -0.3
    52.438  -169.806    0.7   -0.7   -0.3
    52.447  -169.806    0.6   -0.7   -0.3
    52.456  -169.806    0.6   -0.7   -0.3
    52.465  -169.806    0.6   -0.7   -0.3
    52.474  -169.806    0.6   -0.7   -0.3
    52.483  -169.806    0.5   -0.7   -0.2
    52.492  -169.806    0.5   -0.7   -0.2
    52.501  -169.806    0.5   -0.6   -0.2
    52.510  -169.806    0.5   -0.6   -0.2
    52.519  -169.806    0.5   -0.6   -0.2
    52.528  -169.806    0.4   -0.6   -0.2
    52.537  -169.806    0.4   -0.6   -0.2
    52.546  -169.806    0.4   -0.6   -0.2
    52.555  -169.806    0.4   -0.6   -0.2
    52.564  -169.806    0.4   -0.6   -0.1
    52.573  -169.806    0.3   -0.5   -0.1
    52.582  -169.806    0.3   -0.5   -0.1
    52.591  -169.806    0.3   -0.5   -0.1
    52.600  -169.806    0.3   -0.5   -0.1
    52.609  -169.806    0.3   -0.5   -0.1
    52.618  -169.806    0.3   -0.5   -0.1
    52.627  -169.806    0.3   -0.5   -0.1
    52.636  -169.806    0.3   -0.5   -0.1
    52.645  -169.806    0.2   -0.4   -0.1
    52.654  -169.806    0.2   -0.4   -0.1
    52.663  -169.806    0.2   -0.4   -0.1
    52.672  -169.806    0.2   -0.4   -0.1
    51.771  -169.791   -0.0   -0.0   -0.0
    51.780  -169.791   -0.0   -0.0   -0.0
    51.789  -169.791   -0.0   -0.0   -0.0
    51.798  -169.791   -0.1   -0.0    0.0
    51.808  -169.791   -0.1   -0.0    0.0
    51.817  -169.791   -0.1   -0.0    0.0
    51.826  -169.791   -0.1   -0.0    0.0
    51.835  -169.791   -0.1   -0.0    0.0
    51.844  -169.791   -0.1   -0.0    0.0
    51.853  -169.791   -0.1   -0.1    0.0
    51.862  -169.791   -0.1   -0.1    0.0
    51.871  -169.791   -0.1   -0.1    0.0
    51.880  -169.791   -0.1   -0.1    0.0
    51.889  -169.791   -0.1   -0.1    0.0
    51.898  -169.791   -0.1   -0.1    0.0
    51.907  -169.791   -0.1   -0.1    0.0
    51.916  -169.791   -0.1   -0.1    0.0
    51.925  -169.791   -0.1   -0.1    0.0
    51.934  -169.791   -0.1   -0.1    0.1
    51.943  -169.791   -0.1   -0.2    0.1
    51.952  -169.791   -0.2   -0.2    0.1
    51.961  -169.791   -0.2   -0.2    0.1
    51.970  -169.791   -0.2   -0.2    0.1
    51.979  -169.791   -0.2   -0.2    0.1
    51.988  -169.791   -0.2   -0.2    0.1
    51.997  -169.791   -0.2   -0.2    0.1
    52.006  -169.791   -0.2   -0.2    0.1
    52.015  -169.791   -0.2   -0.2    0.1
    52.024  -169.791   -0.2   -0.2    0.1
    52.033  -169.791   -0.3   -0.2    0.2
    52.042  -169.791   -0.3   -0.2    0.2
    52.051  -169.791   -0.3   -0.2    0.2
    52.060  -169.791   -0.3   -0.2    0.2
    52.069  -169.791   -0.3   -0.2    0.2
    52.078  -169.791   -0.3   -0.2    0.2
    52.087  -169.791   -0.3   -0.2    0.1
    52.096  -169.791   -0.3   -0.2    0.1
    52.105  -169.791   -0.2   -0.2    0.1
    52.114  -169.791   -0.2   -0.2    0.1
    52.123  -169.791   -0.2   -0.1    0.0
    52.132  -169.791   -0.1   -0.1    0.0
    52.141  -169.791   -0.1   -0.1   -0.0
    52.150  -169.791   -0.0   -0.1   -0.1
    52.159  -169.791    0.1   -0.1   -0.1
    52.168  -169.791    0.1   -0.1   -0.2
    52.177  -169.791    0.3   -0.1   -0.2
    52.186  -169.791    0.4   -0.1   -0.3
    52.195  -169.791    0.5   -0.1   -0.3
    52.204  -169.791    0.6   -0.1   -0.4
    52.213  -169.791    0.7   -0.1   -0.4
    52.222  -169.791    0.8   -0.2   -0.5
    52.231  -169.791    0.9   -0.2   -0.5
    52.240  -169.791    1.0   -0.3   -0.5
    52.249  -169.791    1.1   -0.4   -0.5
    52.258  -169.791    1.1   -0.4   -0.5
    52.267  -169.791    1.1   -0.5   -0.6
    52.276  -169.791    1.2   -0.5   -0.6
    52.285  -169.791    1.2   -0.6   -0.6
    52.294  -169.791    1.1   -0.6   -0.6
    52.303  -169.791    1.1   -0.7   -0.6
    52.312  -169.791    1.1   -0.7   -0.6
    52.321  -169.791    1.1   -0.7   -0.6
    52.330  -169.791    1.0   -0.7   -0.5
    52.339  -169.791    1.0   -0.7   -0.5
    52.348  -169.791    1.0   -0.8   -0.5
    52.357  -169.791    1.0   -0.8   -0.5
    52.366  -169.791    0.9   -0.8   -0.5
    52.375  -169.791    0.9   -0.8   -0.5
    52.384  -169.791    0.9   -0.8   -0.4
    52.393  -169.791    0.8   -0.8   -0.4
    52.402  -169.791    0.8   -0.8   -0.4
    52.411  -169.791    0.8   -0.8   -0.4
    52.420  -169.791    0.7   -0.8   -0.4
    52.429  -169.791    0.7   -0.8   -0.4
    52.438  -169.791    0.7   -0.7   -0.3
    52.447  -169.791    0.6   -0.7   -0.3
    52.456  -169.791    0.6   -0.7   -0.3
    52.465  -169.791    0.6   -0.7   -0.3
    52.474  -169.791    0.6   -0.7   -0.3
    52.483  -169.791    0.5   -0.7   -0.3
    52.492  -169.791    0.5   -0.7   -0.2
    52.501  -169.791    0.5   -0.7   -0.2
    52.510  -169.791    0.5   -0.7   -0.2
    52.519  -169.791    0.5   -0.6   -0.2
    52.528  -169.791    0.4   -0.6   -0.2
    52.537  -169.791    0.4   -0.6   -0.2
    52.546  -169.791    0.4   -0.6   -0.2
    52.555  -169.791    0.4   -0.6   -0.2
    52.564  -169.791    0.4   -0.6   -0.1
    52.573  -169.791    0.4   -0.6   -0.1
    52.582  -169.791    0.3   -0.5   -0.1
    52.591  -169.791    0.3   -0.5   -0.1
    52.600  -169.791    0.3   -0.5   -0.1
    52.609  -169.791    0.3   -0.5   -0.1
    52.618  -169.791    0.3   -0.5   -0.1
    52.627  -169.791    0.3   -0.5   -0.1
    52.636  -169.791    0.3   -0.5   -0.1
    52.645  -169.791    0.2   -0.4   -0.1
    52.654  -169.791    0.2   -0.4   -0.1
    52.663  -169.791    0.2   -0.4   -0.1
    52.672  -169.791    0.2   -0.4   -0.1
    51.771  -169.777   -0.0   -0.0   -0.0
    51.780  -169.777   -0.0   -0.0   -0.0
    51.789  -169.777   -0.0   -0.0    0.0
    51.798  -169.777   -0.1   -0.0    0.0
    51.808  -169.777   -0.1   -0.0    0.0
    51.817  -169.777   -0.1   -0.0    0.0
    51.826  -169.777   -0.1   -0.0    0.0
    51.835  -169.777   -0.1   -0.0    0.0
    51.844  -169.777   -0.1   -0.1    0.0
    51.853  -169.777   -0.1   -0.1    0.0
    51.862  -169.777   -0.1   -0.1    0.0
    51.871  -169.777   -0.1   -0.1    0.0
    51.880  -169.777   -0.1   -0.1    0.0
    51.889  -169.777   -0.1   -0.1    0.0
    51.898  -169.777   -0.1   -0.1    0.0
    51.907  -169.777   -0.1   -0.1    0.0
    51.916  -169.777   -0.1   -0.1    0.0
    51.925  -169.777   -0.1   -0.1    0.1
    51.934  -169.777   -0.1   -0.2    0.1
    51.943  -169.777   -0.1   -0.2    0.1
    51.952  -169.777   -0.2   -0.2    0.1
    51.961  -169.777   -0.2   -0.2    0.1
    51.970  -169.777   -0.2   -0.2    0.1
    51.979  -169.777   -0.2   -0.2    0.1
    51.988  -169.777   -0.2   -0.2    0.1
    51.997  -169.777   -0.2   -0.2    0.1
    52.006  -169.777   -0.2   -0.2    0.2
    52.015  -169.777   -0.2   -0.3    0.2
    52.024  -169.777   -0.3   -0.3    0.2
    52.033  -169.777   -0.3   -0.3    0.2
    52.042  -169.777   -0.3   -0.3    0.2
    52.051  -169.777   -0.3   -0.3    0.2
    52.060  -169.777   -0.3   -0.3    0.2
    52.069  -169.777   -0.3   -0.3    0.2
    52.078  -169.777   -0.3   -0.3    0.2
    52.087  -169.777   -0.3   -0.2    0.2
    52.096  -169.777   -0.3   -0.2    0.2
    52.105  -169.777   -0.3   -0.2    0.1
    52.114  -169.777   -0.3   -0.2    0.1
    52.123  -169.777   -0.2   -0.2    0.1
    52.132  -169.777   -0.2   -0.2    0.0
    52.141  -169.777   -0.1   -0.1    0.0
    52.150  -169.777   -0.1   -0.1   -0.0
    52.159  -169.777    0.0   -0.1   -0.1
    52.168  -169.777    0.1   -0.1   -0.2
    52.177  -169.777    0.2   -0.1   -0.2
    52.186  -169.777    0.3   -0.1   -0.3
    52.195  -169.777    0.5   -0.1   -0.3
    52.204  -169.777    0.6   -0.1   -0.4
    52.213  -169.777    0.8   -0.1   -0.4
    52.222  -169.777    0.9   -0.2   -0.5
    52.231  -169.777    1.0   -0.3   -0.5
    52.240  -169.777    1.1   -0.3   -0.5
    52.249  -169.777    1.2   -0.4   -0.6
    52.258  -169.777    1.2   -0.5   -0.6
    52.267  -169.777    1.2   -0.5   -0.6
    52.276  -169.777    1.2   -0.6   -0.6
    52.285  -169.777    1.2   -0.6   -0.6
    52.294  -169.777    1.2   -0.7   -0.6
    52.303  -169.777    1.2   -0.7   -0.6
    52.312  -169.777    1.2   -0.7   -0.6
    52.321  -169.777    1.1   -0.8   -0.6
    52.330  -169.777    1.1   -0.8   -0.6
    52.339  -169.777    1.1   -0.8   -0.6
    52.348  -169.777    1.0   -0.8   -0.6
    52.357  -169.777    1.0   -0.8   -0.5
    52.366  -169.777    1.0   -0.8   -0.5
    52.375  -169.777    0.9   -0.8   -0.5
    52.384  -169.777    0.9   -0.8   -0.5
    52.393  -169.777    0.8   -0.8   -0.5
    52.402  -169.777    0.8   -0.8   -0.4
    52.411  -169.777    0.8   -0.8   -0.4
    52.420  -169.777    0.8   -0.8   -0.4
    52.429  -169.777    0.7   -0.8   -0.4
    52.438  -169.777    0.7   -0.8   -0.4
    52.447  -169.777    0.7   -0.8   -0.3
    52.456  -169.777    0.6   -0.8   -0.3
    52.465  -169.777    0.6   -0.8   -0.3
    52.474  -169.777    0.6   -0.7   -0.3
    52.483  -169.777    0.6   -0.7   -0.3
    52.492  -169.777    0.5   -0.7   -0.3
    52.501  -169.777    0.5   -0.7   -0.2
    52.510  -169.777    0.5   -0.7   -0.2
    52.519  -169.777    0.5   -0.7   -0.2
    52.528  -169.777    0.4   -0.7   -0.2
    52.537  -169.777    0.4   -0.6   -0.2
    52.546  -169.777    0.4   -0.6   -0.2
    52.555  -169.777    0.4   -0.6   -0.2
    52.564  -169.777    0.4   -0.6   -0.2
    52.573  -169.777    0.4   -0.6   -0.1
    52.582  -169.777    0.3   -0.6   -0.1
    52.591  -169.777    0.3   -0.5   -0.1
    52.600  -169.777    0.3   -0.5   -0.1
    52.609  -169.777    0.3   -0.5   -0.1
    52.618  -169.777    0.3   -0.5   -0.1
    52.627  -169.777    0.3   -0.5   -0.1
    52.636  -169.777    0.3   -0.5   -0.1
    52.645  -169.777    0.2   -0.5   -0.1
    52.654  -169.777    0.2   -0.4   -0.1
    52.663  -169.777    0.2   -0.4   -0.1
    52.672  -169.777    0.2   -0.4   -0.1
    51.771  -169.762   -0.0   -0.0    0.0
    51.780  -169.762   -0.0   -0.0    0.0
    51.789  -169.762   -0.0   -0.0    0.0
    51.798  -169.762   -0.1   -0.0    0.0
    51.808  -169.762   -0.1   -0.0    0.0
    51.817  -169.762   -0.1   -0.0    0.0
    51.826  -169.762   -0.1   -0.0    0.0
    51.835  -169.762   -0.1   -0.0    0.0
    51.844  -169.762   -0.1   -0.1    0.0
    51.853  -169.762   -0.1   -0.1    0.0
    51.862  -169.762   -0.1   -0.1    0.0
    51.871  -169.762   -0.1   -0.1    0.0
    51.880  -169.762   -0.1   -0.1    0.0
    51.889  -169.762   -0.1   -0.1    0.0
    51.898  -169.762   -0.1   -0.1    0.0
    51.907  -169.762   -0.1   -0.1    0.0
    51.916  -169.762   -0.1   -0.1    0.1
    51.925  -169.762   -0.1   -0.1    0.1
    51.934  -169.762   -0.1   -0.2    0.1
    51.943  -169.762   -0.1   -0.2    0.1
    51.952  -169.762   -0.2   -0.2    0.1
    51.961  -169.762   -0.2   -0.2    0.1
    51.970  -169.762   -0.2   -0.2    0.1
    51.979  -169.762   -0.2   -0.2    0.1
    51.988  -169.762   -0.2   -0.2    0.1
    51.997  -169.762   -0.2   -0.3    0.2
    52.006  -169.762   -0.2   -0.3    0.2
    52.015  -169.762   -0.2   -0.3    0.2
    52.024  -169.762   -0.3   -0.3    0.2
    52.033  -169.762   -0.3   -0.3    0.2
    52.042  -169.762   -0.3   -0.3    0.2
    52.051  -169.762   -0.3   -0.3    0.2
    52.060  -169.762   -0.3   -0.3    0.2
    52.069  -169.762   -0.3   -0.3    0.3
    52.078  -169.762   -0.3   -0.3    0.2
    52.087  -169.762   -0.3   -0.3    0.2
    52.096  -169.762   -0.3   -0.3    0.2
    52.105  -169.762   -0.3   -0.3    0.2
    52.114  -169.762   -0.3   -0.2    0.2
    52.123  -169.762   -0.3   -0.2    0.1
    52.132  -169.762   -0.3   -0.2    0.1
    52.141  -169.762   -0.2   -0.2    0.1
    52.150  -169.762   -0.1   -0.2    0.0
    52.159  -169.762   -0.1   -0.1   -0.1
    52.168  -169.762    0.0   -0.1   -0.1
    52.177  -169.762    0.2   -0.1   -0.2
    52.186  -169.762    0.3   -0.1   -0.3
    52.195  -169.762    0.5   -0.1   -0.3
    52.204  -169.762    0.6   -0.1   -0.4
    52.213  -169.762    0.8   -0.1   -0.5
    52.222  -169.762    1.0   -0.2   -0.5
    52.231  -169.762    1.1   -0.3   -0.6
    52.240  -169.762    1.2   -0.4   -0.6
    52.249  -169.762    1.3   -0.4   -0.6
    52.258  -169.762    1.3   -0.5   -0.6
    52.267  -169.762    1.3   -0.6   -0.7
    52.276  -169.762    1.3   -0.7   -0.7
    52.285  -169.762    1.3   -0.7   -0.7
    52.294  -169.762    1.3   -0.7   -0.7
    52.303  -169.762    1.3   -0.8   -0.7
    52.312  -169.762    1.2   -0.8   -0.7
    52.321  -169.762    1.2   -0.8   -0.6
    52.330  -169.762    1.1   -0.8   -0.6
    52.339  -169.762    1.1   -0.9   -0.6
    52.348  -169.762    1.1   -0.9   -0.6
    52.357  -169.762    1.0   -0.9   -0.6
    52.366  -169.762    1.0   -0.9   -0.6
    52.375  -169.762    0.9   -0.9   -0.5
    52.384  -169.762    0.9   -0.9   -0.5
    52.393  -169.762    0.9   -0.9   -0.5
    52.402  -169.762    0.8   -0.9   -0.5
    52.411  -169.762    0.8   -0.9   -0.4
    52.420  -169.762    0.8   -0.8   -0.4
    52.429  -169.762    0.7   -0.8   -0.4
    52.438  -169.762    0.7   -0.8   -0.4
    52.447  -169.762    0.7   -0.8   -0.4
    52.456  -169.762    0.6   -0.8   -0.3
    52.465  -169.762    0.6   -0.8   -0.3
    52.474  -169.762    0.6   -0.8   -0.3
    52.483  -169.762    0.6   -0.8   -0.3
    52.492  -169.762    0.5   -0.7   -0.3
    52.501  -169.762    0.5   -0.7   -0.2
    52.510  -169.762    0.5   -0.7   -0.2
    52.519  -169.762    0.5   -0.7   -0.2
    52.528  -169.762    0.4   -0.7   -0.2
    52.537  -169.762    0.4   -0.7   -0.2
    52.546  -169.762    0.4   -0.6   -0.2
    52.555  -169.762    0.4   -0.6   -0.2
    52.564  -169.762    0.4   -0.6   -0.2
    52.573  -169.762    0.4   -0.6   -0.1
    52.582  -169.762    0.3   -0.6   -0.1
    52.591  -169.762    0.3   -0.6   -0.1
    52.600  -169.762    0.3   -0.5   -0.1
    52.609  -169.762    0.3   -0.5   -0.1
    52.618  -169.762    0.3   -0.5   -0.1
    52.627  -169.762    0.3   -0.5   -0.1
    52.636  -169.762    0.3   -0.5   -0.1
    52.645  -169.762    0.2   -0.5   -0.1
    52.654  -169.762    0.2   -0.5   -0.1
    52.663  -169.762    0.2   -0.4   -0.1
    52.672  -169.762    0.2   -0.4   -0.1
    51.771  -169.747   -0.0   -0.0    0.0
    51.780  -169.747   -0.0   -0.0    0.0
    51.789  -169.747   -0.0   -0.0    0.0
    51.798  -169.747   -0.1   -0.0    0.0
    51.808  -169.747   -0.1   -0.0    0.0
    51.817  -169.747   -0.1   -0.0    0.0
    51.826  -169.747   -0.1   -0.0    0.0
    51.835  -169.747   -0.1   -0.0    0.0
    51.844  -169.747   -0.1   -0.1    0.0
    51.853  -169.747   -0.1   -0.1    0.0
    51.862  -169.747   -0.1   -0.1    0.0
    51.871  -169.747   -0.1   -0.1    0.0
    51.880  -169.747   -0.1   -0.1    0.0
    51.889  -169.747   -0.1   -0.1    0.0
    51.898  -169.747   -0.1   -0.1    0.0
    51.907  -169.747   -0.1   -0.1    0.1
    51.916  -169.747   -0.1   -0.1    0.1
    51.925  -169.747   -0.1   -0.2    0.1
    51.934  -169.747   -0.1   -0.2    0.1
    51.943  -169.747   -0.1   -0.2    0.1
    51.952  -169.747   -0.2   -0.2    0.1
    51.961  -169.747   -0.2   -0.2    0.1
    51.970  -169.747   -0.2   -0.2    0.1
    51.979  -169.747   -0.2   -0.2    0.1
    51.988  -169.747   -0.2   -0.3    0.2
    51.997  -169.747   -0.2   -0.3    0.2
    52.006  -169.747   -0.2   -0.3    0.2
    52.015  -169.747   -0.3   -0.3    0.2
    52.024  -169.747   -0.3   -0.3    0.2
    52.033  -169.747   -0.3   -0.3    0.3
    52.042  -169.747   -0.3   -0.3    0.3
    52.051  -169.747   -0.3   -0.3    0.3
    52.060  -169.747   -0.3   -0.3    0.3
    52.069  -169.747   -0.3   -0.3    0.3
    52.078  -169.747   -0.4   -0.3    0.3
    52.087  -169.747   -0.4   -0.3    0.3
    52.096  -169.747   -0.4   -0.3    0.3
    52.105  -169.747   -0.4   -0.3    0.3
    52.114  -169.747   -0.4   -0.3    0.2
    52.123  -169.747   -0.3   -0.3    0.2
    52.132  -169.747   -0.3   -0.3    0.2
    52.141  -169.747   -0.3   -0.2    0.1
    52.150  -169.747   -0.2   -0.2    0.1
    52.159  -169.747   -0.1   -0.2   -0.0
    52.168  -169.747   -0.0   -0.1   -0.1
    52.177  -169.747    0.1   -0.1   -0.2
    52.186  -169.747    0.3   -0.1   -0.2
    52.195  -169.747    0.5   -0.1   -0.3
    52.204  -169.747    0.7   -0.1   -0.4
    52.213  -169.747    0.9   -0.1   -0.5
    52.222  -169.747    1.0   -0.2   -0.5
    52.231  -169.747    1.2   -0.3   -0.6
    52.240  -169.747    1.3   -0.4   -0.6
    52.249  -169.747    1.4   -0.5   -0.7
    52.258  -169.747    1.5   -0.6   -0.7
    52.267  -169.747    1.5   -0.7   -0.7
    52.276  -169.747    1.5   -0.7   -0.7
    52.285  -169.747    1.4   -0.8   -0.7
    52.294  -169.747    1.4   -0.8   -0.7
    52.303  -169.747    1.3   -0.9   -0.7
    52.312  -169.747    1.3   -0.9   -0.7
    52.321  -169.747    1.2   -0.9   -0.7
    52.330  -169.747    1.2   -0.9   -0.7
    52.339  -169.747    1.2   -0.9   -0.7
    52.348  -169.747    1.1   -0.9   -0.6
    52.357  -169.747    1.1   -0.9   -0.6
    52.366  -169.747    1.0   -0.9   -0.6
    52.375  -169.747    1.0   -0.9   -0.6
    52.384  -169.747    0.9   -0.9   -0.5
    52.393  -169.747    0.9   -0.9   -0.5
    52.402  -169.747    0.9   -0.9   -0.5
    52.411  -169.747    0.8   -0.9   -0.5
    52.420  -169.747    0.8   -0.9   -0.4
    52.429  -169.747    0.8   -0.9   -0.4
    52.438  -169.747    0.7   -0.9   -0.4
    52.447  -169.747    0.7   -0.9   -0.4
    52.456  -169.747    0.7   -0.8   -0.4
    52.465  -169.747    0.6   -0.8   -0.3
    52.474  -169.747    0.6   -0.8   -0.3
    52.483  -169.747    0.6   -0.8   -0.3
    52.492  -169.747    0.5   -0.8   -0.3
    52.501  -169.747    0.5   -0.8   -0.3
    52.510  -169.747    0.5   -0.7   -0.2
    52.519  -169.747    0.5   -0.7   -0.2
    52.528  -169.747    0.5   -0.7   -0.2
    52.537  -169.747    0.4   -0.7   -0.2
    52.546  -169.747    0.4   -0.7   -0.2
    52.555  -169.747    0.4   -0.6   -0.2
    52.564  -169.747    0.4   -0.6   -0.2
    52.573  -169.747    0.4   -0.6   -0.2
    52.582  -169.747    0.3   -0.6   -0.1
    52.591  -169.747    0.3   -0.6   -0.1
    52.600  -169.747    0.3   -0.6   -0.1
    52.609  -169.747    0.3   -0.5   -0.1
    52.618  -169.747    0.3   -0.5   -0.1
    52.627  -169.747    0.3   -0.5   -0.1
    52.636  -169.747    0.3   -0.5   -0.1
    52.645  -169.747    0.2   -0.5   -0.1
    52.654  -169.747    0.2   -0.5   -0.1
    52.663  -169.747    0.2   -0.5   -0.1
    52.672  -169.747    0.2   -0.4   -0.1
    51.771  -169.733   -0.0   -0.0    0.0
    51.780  -169.733   -0.0   -0.0    0.0
    51.789  -169.733   -0.0   -0.0    0.0
    51.798  -169.733   -0.0   -0.0    0.0
    51.808  -169.733   -0.1   -0.0    0.0
    51.817  -169.733   -0.1   -0.0    0.0
    51.826  -169.733   -0.1   -0.0    0.0
    51.835  -169.733   -0.1   -0.0    0.0
    51.844  -169.733   -0.1   -0.1    0.0
    51.853  -169.733   -0.1   -0.1    0.0
    51.862  -169.733   -0.1   -0.1    0.0
    51.871  -169.733   -0.1   -0.1    0.0
    51.880  -169.733   -0.1   -0.1    0.0
    51.889  -169.733   -0.1   -0.1    0.0
    51.898  -169.733   -0.1   -0.1    0.1
    51.907  -169.733   -0.1   -0.1    0.1
    51.916  -169.733   -0.1   -0.1    0.1
    51.925  -169.733   -0.1   -0.2    0.1
    51.934  -169.733   -0.1   -0.2    0.1
    51.943  -169.733   -0.1   -0.2    0.1
    51.952  -169.733   -0.2   -0.2    0.1
    51.961  -169.733   -0.2   -0.2    0.1
    51.970  -169.733   -0.2   -0.2    0.1
    51.979  -169.733   -0.2   -0.3    0.2
    51.988  -169.733   -0.2   -0.3    0.2
    51.997  -169.733   -0.2   -0.3    0.2
    52.006  -169.733   -0.2   -0.3    0.2
    52.015  -169.733   -0.3   -0.3    0.3
    52.024  -169.733   -0.3   -0.4    0.3
    52.033  -169.733   -0.3   -0.4    0.3
    52.042  -169.733   -0.3   -0.4    0.3
    52.051  -169.733   -0.3   -0.4    0.3
    52.060  -169.733   -0.3   -0.4    0.3
    52.069  -169.733   -0.4   -0.4    0.4
    52.078  -169.733   -0.4   -0.4    0.4
    52.087  -169.733   -0.4   -0.4    0.4
    52.096  -169.733   -0.4   -0.4    0.4
    52.105  -169.733   -0.4   -0.4    0.3
    52.114  -169.733   -0.4   -0.4    0.3
    52.123  -169.733   -0.4   -0.3    0.3
    52.132  -169.733   -0.4   -0.3    0.2
    52.141  -169.733   -0.4   -0.3    0.2
    52.150  -169.733   -0.3   -0.3    0.1
    52.159  -169.733   -0.2   -0.2    0.1
    52.168  -169.733   -0.1   -0.2   -0.0
    52.177  -169.733    0.0   -0.1   -0.1
    52.186  -169.733    0.2   -0.1   -0.2
    52.195  -169.733    0.4   -0.1   -0.3
    52.204  -169.733    0.7   -0.1   -0.4
    52.213  -169.733    0.9   -0.1   -0.5
    52.222  -169.733    1.1   -0.2   -0.6
    52.231  -169.733    1.3   -0.3   -0.7
    52.240  -169.733    1.5   -0.4   -0.7
    52.249  -169.733    1.6   -0.6   -0.7
    52.258  -169.733    1.6   -0.7   -0.8
    52.267  -169.733    1.6   -0.7   -0.8
    52.276  -169.733    1.6   -0.8   -0.8
    52.285  -169.733    1.5   -0.9   -0.8
    52.294  -169.733    1.5   -0.9   -0.8
    52.303  -169.733    1.4   -0.9   -0.8
    52.312  -169.733    1.4   -0.9   -0.8
    52.321  -169.733    1.3   -1.0   -0.8
    52.330  -169.733    1.2   -1.0   -0.7
    52.339  -169.733    1.2   -1.0   -0.7
    52.348  -169.733    1.1   -1.0   -0.7
    52.357  -169.733    1.1   -1.0   -0.7
    52.366  -169.733    1.0   -1.0   -0.6
    52.375  -169.733    1.0   -1.0   -0.6
    52.384  -169.733    1.0   -1.0   -0.6
    52.393  -169.733    0.9   -1.0   -0.6
    52.402  -169.733    0.9   -1.0   -0.5
    52.411  -169.733    0.8   -0.9   -0.5
    52.420  -169.733    0.8   -0.9   -0.5
    52.429  -169.733    0.8   -0.9   -0.4
    52.438  -169.733    0.7   -0.9   -0.4
    52.447  -169.733    0.7   -0.9   -0.4
    52.456  -169.733    0.7   -0.9   -0.4
    52.465  -169.733    0.6   -0.9   -0.4
    52.474  -169.733    0.6   -0.8   -0.3
    52.483  -169.733    0.6   -0.8   -0.3
    52.492  -169.733    0.6   -0.8   -0.3
    52.501  -169.733    0.5   -0.8   -0.3
    52.510  -169.733    0.5   -0.8   -0.3
    52.519  -169.733    0.5   -0.7   -0.2
    52.528  -169.733    0.5   -0.7   -0.2
    52.537  -169.733    0.4   -0.7   -0.2
    52.546  -169.733    0.4   -0.7   -0.2
    52.555  -169.733    0.4   -0.7   -0.2
    52.564  -169.733    0.4   -0.7   -0.2
    52.573  -169.733    0.4   -0.6   -0.2
    52.582  -169.733    0.3   -0.6   -0.1
    52.591  -169.733    0.3   -0.6   -0.1
    52.600  -169.733    0.3   -0.6   -0.1
    52.609  -169.733    0.3   -0.6   -0.1
    52.618  -169.733    0.3   -0.5   -0.1
    52.627  -169.733    0.3   -0.5   -0.1
    52.636  -169.733    0.2   -0.5   -0.1
    52.645  -169.733    0.2   -0.5   -0.1
    52.654  -169.733    0.2   -0.5   -0.1
    52.663  -169.733    0.2   -0.5   -0.1
    52.672  -169.733    0.2   -0.4   -0.1
    51.771  -169.718   -0.0   -0.0    0.0
    51.780  -169.718   -0.0   -0.0    0.0
    51.789  -169.718   -0.0   -0.0    0.0
    51.798  -169.718   -0.0   -0.0    0.0
    51.808  -169.718   -0.1   -0.0    0.0
    51.817  -169.718   -0.1   -0.0    0.0
    51.826  -169.718   -0.1   -0.0    0.0
    51.835  -169.718   -0.1   -0.0    0.0
    51.844  -169.718   -0.1   -0.1    0.0
    51.853  -169.718   -0.1   -0.1    0.0
    51.862  -169.718   -0.1   -0.1    0.0
    51.871  -169.718   -0.1   -0.1    0.0
    51.880  -169.718   -0.1   -0.1    0.0
    51.889  -169.718   -0.1   -0.1    0.1
    51.898  -169.718   -0.1   -0.1    0.1
    51.907  -169.718   -0.1   -0.1    0.1
    51.916  -169.718   -0.1   -0.2    0.1
    51.925  -169.718   -0.1   -0.2    0.1
    51.934  -169.718   -0.1   -0.2    0.1
    51.943  -169.718   -0.1   -0.2    0.1
    51.952  -169.718   -0.1   -0.2    0.1
    51.961  -169.718   -0.2   -0.2    0.1
    51.970  -169.718   -0.2   -0.3    0.2
    51.979  -169.718   -0.2   -0.3    0.2
    51.988  -169.718   -0.2   -0.3    0.2
    51.997  -169.718   -0.2   -0.3    0.2
    52.006  -169.718   -0.2   -0.3    0.3
    52.015  -169.718   -0.3   -0.4    0.3
    52.024  -169.718   -0.3   -0.4    0.3
    52.033  -169.718   -0.3   -0.4    0.3
    52.042  -169.718   -0.3   -0.4    0.4
    52.051  -169.718   -0.3   -0.4    0.4
    52.060  -169.718   -0.4   -0.4    0.4
    52.069  -169.718   -0.4   -0.4    0.4
    52.078  -169.718   -0.4   -0.4    0.4
    52.087  -169.718   -0.4   -0.4    0.4
    52.096  -169.718   -0.4   -0.4    0.4
    52.105  -169.718   -0.4   -0.4    0.4
    52.114  -169.718   -0.5   -0.4    0.4
    52.123  -169.718   -0.5   -0.4    0.4
    52.132  -169.718   -0.5   -0.4    0.3
    52.141  -169.718   -0.4   -0.4    0.3
    52.150  -169.718   -0.4   -0.3    0.2
    52.159  -169.718   -0.3   -0.3    0.2
    52.168  -169.718   -0.2   -0.3    0.1
    52.177  -169.718   -0.1   -0.2   -0.0
    52.186  -169.718    0.1   -0.2   -0.1
    52.195  -169.718    0.3   -0.1   -0.3
    52.204  -169.718    0.6   -0.1   -0.4
    52.213  -169.718    1.0   -0.1   -0.5
    52.222  -169.718    1.3   -0.2   -0.6
    52.231  -169.718    1.5   -0.4   -0.7
    52.240  -169.718    1.7   -0.5   -0.8
    52.249  -169.718    1.7   -0.6   -0.8
    52.258  -169.718    1.8   -0.8   -0.9
    52.267  -169.718    1.7   -0.8   -0.9
    52.276  -169.718    1.7   -0.9   -0.9
    52.285  -169.718    1.6   -1.0   -0.9
    52.294  -169.718    1.6   -1.0   -0.9
    52.303  -169.718    1.5   -1.0   -0.9
    52.312  -169.718    1.4   -1.0   -0.8
    52.321  -169.718    1.4   -1.0   -0.8
    52.330  -169.718    1.3   -1.0   -0.8
    52.339  -169.718    1.2   -1.0   -0.8
    52.348  -169.718    1.2   -1.0   -0.7
    52.357  -169.718    1.1   -1.0   -0.7
    52.366  -169.718    1.1   -1.0   -0.7
    52.375  -169.718    1.0   -1.0   -0.7
    52.384  -169.718    1.0   -1.0   -0.6
    52.393  -169.718    0.9   -1.0   -0.6
    52.402  -169.718    0.9   -1.0   -0.6
    52.411  -169.718    0.9   -1.0   -0.5
    52.420  -169.718    0.8   -1.0   -0.5
    52.429  -169.718    0.8   -1.0   -0.5
    52.438  -169.718    0.8   -1.0   -0.4
    52.447  -169.718    0.7   -0.9   -0.4
    52.456  -169.718    0.7   -0.9   -0.4
    52.465  -169.718    0.7   -0.9   -0.4
    52.474  -169.718    0.6   -0.9   -0.3
    52.483  -169.718    0.6   -0.9   -0.3
    52.492  -169.718    0.6   -0.8   -0.3
    52.501  -169.718    0.5   -0.8   -0.3
    52.510  -169.718    0.5   -0.8   -0.3
    52.519  -169.718    0.5   -0.8   -0.2
    52.528  -169.718    0.5   -0.8   -0.2
    52.537  -169.718    0.4   -0.7   -0.2
    52.546  -169.718    0.4   -0.7   -0.2
    52.555  -169.718    0.4   -0.7   -0.2
    52.564  -169.718    0.4   -0.7   -0.2
    52.573  -169.718    0.4   -0.7   -0.2
    52.582  -169.718    0.3   -0.6   -0.1
    52.591  -169.718    0.3   -0.6   -0.1
    52.600  -169.718    0.3   -0.6   -0.1
    52.609  -169.718    0.3   -0.6   -0.1
    52.618  -169.718    0.3   -0.6   -0.1
    52.627  -169.718    0.3   -0.5   -0.1
    52.636  -169.718    0.2   -0.5   -0.1
    52.645  -169.718    0.2   -0.5   -0.1
    52.654  -169.718    0.2   -0.5   -0.1
    52.663  -169.718    0.2   -0.5   -0.1
    52.672  -169.718    0.2   -0.5   -0.1
    51.771  -169.703   -0.0   -0.0    0.0
    51.780  -169.703   -0.0   -0.0    0.0
    51.789  -169.703   -0.0   -0.0    0.0
    51.798  -169.703   -0.0   -0.0    0.0
    51.808  -169.703   -0.1   -0.0    0.0
    51.817  -169.703   -0.1   -0.0    0.0
    51.826  -169.703   -0.1   -0.0    0.0
    51.835  -169.703   -0.1   -0.0    0.0
    51.844  -169.703   -0.1   -0.1    0.0
    51.853  -169.703   -0.1   -0.1    0.0
    51.862  -169.703   -0.1   -0.1    0.0
    51.871  -169.703   -0.1   -0.1    0.0
    51.880  -169.703   -0.1   -0.1    0.0
    51.889  -169.703   -0.1   -0.1    0.1
    51.898  -169.703   -0.1   -0.1    0.1
    51.907  -169.703   -0.1   -0.1    0.1
    51.916  -169.703   -0.1   -0.2    0.1
    51.925  -169.703   -0.1   -0.2    0.1
    51.934  -169.703   -0.1   -0.2    0.1
    51.943  -169.703   -0.1   -0.2    0.1
    51.952  -169.703   -0.1   -0.2    0.1
    51.961  -169.703   -0.2   -0.3    0.2
    51.970  -169.703   -0.2   -0.3    0.2
    51.979  -169.703   -0.2   -0.3    0.2
    51.988  -169.703   -0.2   -0.3    0.2
    51.997  -169.703   -0.2   -0.3    0.3
    52.006  -169.703   -0.2   -0.4    0.3
    52.015  -169.703   -0.2   -0.4    0.3
    52.024  -169.703   -0.3   -0.4    0.3
    52.033  -169.703   -0.3   -0.4    0.4
    52.042  -169.703   -0.3   -0.4    0.4
    52.051  -169.703   -0.3   -0.5    0.4
    52.060  -169.703   -0.4   -0.5    0.5
    52.069  -169.703   -0.4   -0.5    0.5
    52.078  -169.703   -0.4   -0.5    0.5
    52.087  -169.703   -0.4   -0.5    0.5
    52.096  -169.703   -0.5   -0.5    0.5
    52.105  -169.703   -0.5   -0.5    0.5
    52.114  -169.703   -0.5   -0.5    0.5
    52.123  -169.703   -0.5   -0.5    0.5
    52.132  -169.703   -0.5   -0.5    0.4
    52.141  -169.703   -0.5   -0.5    0.4
    52.150  -169.703   -0.5   -0.5    0.3
    52.159  -169.703   -0.5   -0.4    0.3
    52.168  -169.703   -0.4   -0.4    0.2
    52.177  -169.703   -0.3   -0.3    0.1
    52.186  -169.703   -0.1   -0.2   -0.0
    52.195  -169.703    0.2   -0.2   -0.2
    52.204  -169.703    0.6   -0.1   -0.4
    52.213  -169.703    1.0   -0.2   -0.5
    52.222  -169.703    1.4   -0.3   -0.7
    52.231  -169.703    1.7   -0.4   -0.8
    52.240  -169.703    1.9   -0.6   -0.9
    52.249  -169.703    2.0   -0.8   -0.9
    52.258  -169.703    2.0   -0.9   -1.0
    52.267  -169.703    1.9   -1.0   -1.0
    52.276  -169.703    1.8   -1.0   -1.0
    52.285  -169.703    1.7   -1.1   -1.0
    52.294  -169.703    1.7   -1.1   -0.9
    52.303  -169.703    1.6   -1.1   -0.9
    52.312  -169.703    1.5   -1.1   -0.9
    52.321  -169.703    1.4   -1.1   -0.9
    52.330  -169.703    1.3   -1.1   -0.9
    52.339  -169.703    1.3   -1.1   -0.8
    52.348  -169.703    1.2   -1.1   -0.8
    52.357  -169.703    1.2   -1.1   -0.8
    52.366  -169.703    1.1   -1.1   -0.7
    52.375  -169.703    1.1   -1.1   -0.7
    52.384  -169.703    1.0   -1.1   -0.7
    52.393  -169.703    1.0   -1.1   -0.6
    52.402  -169.703    0.9   -1.1   -0.6
    52.411  -169.703    0.9   -1.0   -0.6
    52.420  -169.703    0.8   -1.0   -0.5
    52.429  -169.703    0.8   -1.0   -0.5
    52.438  -169.703    0.8   -1.0   -0.5
    52.447  -169.703    0.7   -1.0   -0.4
    52.456  -169.703    0.7   -1.0   -0.4
    52.465  -169.703    0.7   -0.9   -0.4
    52.474  -169.703    0.6   -0.9   -0.4
    52.483  -169.703    0.6   -0.9   -0.3
    52.492  -169.703    0.6   -0.9   -0.3
    52.501  -169.703    0.5   -0.9   -0.3
    52.510  -169.703    0.5   -0.8   -0.3
    52.519  -169.703    0.5   -0.8   -0.3
    52.528  -169.703    0.5   -0.8   -0.2
    52.537  -169.703    0.4   -0.8   -0.2
    52.546  -169.703    0.4   -0.7   -0.2
    52.555  -169.703    0.4   -0.7   -0.2
    52.564  -169.703    0.4   -0.7   -0.2
    52.573  -169.703    0.3   -0.7   -0.2
    52.582  -169.703    0.3   -0.6   -0.2
    52.591  -169.703    0.3   -0.6   -0.1
    52.600  -169.703    0.3   -0.6   -0.1
    52.609  -169.703    0.3   -0.6   -0.1
    52.618  -169.703    0.3   -0.6   -0.1
    52.627  -169.703    0.3   -0.5   -0.1
    52.636  -169.703    0.2   -0.5   -0.1
    52.645  -169.703    0.2   -0.5   -0.1
    52.654  -169.703    0.2   -0.5   -0.1
    52.663  -169.703    0.2   -0.5   -0.1
    52.672  -169.703    0.2   -0.5   -0.1
    51.771  -169.688   -0.0   -0.0    0.0
    51.780  -169.688   -0.0   -0.0    0.0
    51.789  -169.688   -0.0   -0.0    0.0
    51.798  -169.688   -0.0   -0.0    0.0
    51.808  -169.688   -0.1   -0.0    0.0
    51.817  -169.688   -0.1   -0.0    0.0
    51.826  -169.688   -0.1   -0.0    0.0
    51.835  -169.688   -0.1   -0.0    0.0
    51.844  -169.688   -0.1   -0.1    0.0
    51.853  -169.688   -0.1   -0.1    0.0
    51.862  -169.688   -0.1   -0.1    0.0
    51.871  -169.688   -0.1   -0.1    0.0
    51.880  -169.688   -0.1   -0.1    0.1
    51.889  -169.688   -0.1   -0.1    0.1
    51.898  -169.688   -0.1   -0.1    0.1
    51.907  -169.688   -0.1   -0.1    0.1
    51.916  -169.688   -0.1   -0.2    0.1
    51.925  -169.688   -0.1   -0.2    0.1
    51.934  -169.688   -0.1   -0.2    0.1
    51.943  -169.688   -0.1   -0.2    0.1
    51.952  -169.688   -0.1   -0.2    0.2
    51.961  -169.688   -0.2   -0.3    0.2
    51.970  -169.688   -0.2   -0.3    0.2
    51.979  -169.688   -0.2   -0.3    0.2
    51.988  -169.688   -0.2   -0.3    0.2
    51.997  -169.688   -0.2   -0.4    0.3
    52.006  -169.688   -0.2   -0.4    0.3
    52.015  -169.688   -0.2   -0.4    0.3
    52.024  -169.688   -0.3   -0.4    0.4
    52.033  -169.688   -0.3   -0.5    0.4
    52.042  -169.688   -0.3   -0.5    0.4
    52.051  -169.688   -0.3   -0.5    0.5
    52.060  -169.688   -0.4   -0.5    0.5
    52.069  -169.688   -0.4   -0.5    0.5
    52.078  -169.688   -0.4   -0.6    0.6
    52.087  -169.688   -0.4   -0.6    0.6
    52.096  -169.688   -0.5   -0.6    0.6
    52.105  -169.688   -0.5   -0.6    0.6
    52.114  -169.688   -0.5   -0.6    0.6
    52.123  -169.688   -0.6   -0.6    0.6
    52.132  -169.688   -0.6   -0.6    0.5
    52.141  -169.688   -0.6   -0.6    0.5
    52.150  -169.688   -0.6   -0.6    0.5
    52.159  -169.688   -0.6   -0.6    0.4
    52.168  -169.688   -0.6   -0.5    0.3
    52.177  -169.688   -0.5   -0.5    0.2
    52.186  -169.688   -0.3   -0.4    0.1
    52.195  -169.688    0.0   -0.3   -0.1
    52.204  -169.688    0.5   -0.2   -0.3
    52.213  -169.688    1.1   -0.2   -0.6
    52.222  -169.688    1.6   -0.3   -0.8
    52.231  -169.688    2.0   -0.5   -0.9
    52.240  -169.688    2.2   -0.7   -1.0
    52.249  -169.688    2.2   -0.9   -1.1
    52.258  -169.688    2.2   -1.0   -1.1
    52.267  -169.688    2.1   -1.1   -1.1
    52.276  -169.688    2.0   -1.1   -1.1
    52.285  -169.688    1.8   -1.2   -1.1
    52.294  -169.688    1.7   -1.2   -1.0
    52.303  -169.688    1.6   -1.2   -1.0
    52.312  -169.688    1.5   -1.2   -1.0
    52.321  -169.688    1.5   -1.2   -1.0
    52.330  -169.688    1.4   -1.2   -0.9
    52.339  -169.688    1.3   -1.2   -0.9
    52.348  -169.688    1.2   -1.2   -0.9
    52.357  -169.688    1.2   -1.2   -0.8
    52.366  -169.688    1.1   -1.2   -0.8
    52.375  -169.688    1.1   -1.1   -0.8
    52.384  -169.688    1.0   -1.1   -0.7
    52.393  -169.688    1.0   -1.1   -0.7
    52.402  -169.688    0.9   -1.1   -0.6
    52.411  -169.688    0.9   -1.1   -0.6
    52.420  -169.688    0.9   -1.1   -0.6
    52.429  -169.688    0.8   -1.1   -0.5
    52.438  -169.688    0.8   -1.0   -0.5
    52.447  -169.688    0.7   -1.0   -0.5
    52.456  -169.688    0.7   -1.0   -0.4
    52.465  -169.688    0.7   -1.0   -0.4
    52.474  -169.688    0.6   -1.0   -0.4
    52.483  -169.688    0.6   -0.9   -0.3
    52.492  -169.688    0.6   -0.9   -0.3
    52.501  -169.688    0.5   -0.9   -0.3
    52.510  -169.688    0.5   -0.9   -0.3
    52.519  -169.688    0.5   -0.8   -0.3
    52.528  -169.688    0.5   -0.8   -0.2
    52.537  -169.688    0.4   -0.8   -0.2
    52.546  -169.688    0.4   -0.8   -0.2
    52.555  -169.688    0.4   -0.7   -0.2
    52.564  -169.688    0.4   -0.7   -0.2
    52.573  -169.688    0.3   -0.7   -0.2
    52.582  -169.688    0.3   -0.7   -0.2
    52.591  -169.688    0.3   -0.6   -0.1
    52.600  -169.688    0.3   -0.6   -0.1
    52.609  -169.688    0.3   -0.6   -0.1
    52.618  -169.688    0.3   -0.6   -0.1
    52.627  -169.688    0.3   -0.6   -0.1
    52.636  -169.688    0.2   -0.5   -0.1
    52.645  -169.688    0.2   -0.5   -0.1
    52.654  -169.688    0.2   -0.5   -0.1
    52.663  -169.688    0.2   -0.5   -0.1
    52.672  -169.688    0.2   -0.5   -0.1
    51.771  -169.674   -0.0   -0.0    0.0
    51.780  -169.674   -0.0   -0.0    0.0
    51.789  -169.674   -0.0   -0.0    0.0
    51.798  -169.674   -0.0   -0.0    0.0
    51.808  -169.674   -0.0   -0.0    0.0
    51.817  -169.674   -0.1   -0.0    0.0
    51.826  -169.674   -0.1   -0.0    0.0
    51.835  -169.674   -0.1   -0.0    0.0
    51.844  -169.674   -0.1   -0.1    0.0
    51.853  -169.674   -0.1   -0.1    0.0
    51.862  -169.674   -0.1   -0.1    0.0
    51.871  -169.674   -0.1   -0.1    0.1
    51.880  -169.674   -0.1   -0.1    0.1
    51.889  -169.674   -0.1   -0.1    0.1
    51.898  -169.674   -0.1   -0.1    0.1
    51.907  -169.674   -0.1   -0.1    0.1
    51.916  -169.674   -0.1   -0.2    0.1
    51.925  -169.674   -0.1   -0.2    0.1
    51.934  -169.674   -0.1   -0.2    0.1
    51.943  -169.674   -0.1   -0.2    0.1
    51.952  -169.674   -0.1   -0.3    0.2
    51.961  -169.674   -0.1   -0.3    0.2
    51.970  -169.674   -0.2   -0.3    0.2
    51.979  -169.674   -0.2   -0.3    0.2
    51.988  -169.674   -0.2   -0.4    0.3
    51.997  -169.674   -0.2   -0.4    0.3
    52.006  -169.674   -0.2   -0.4    0.3
    52.015  -169.674   -0.2   -0.4    0.4
    52.024  -169.674   -0.2   -0.5    0.4
    52.033  -169.674   -0.3   -0.5    0.4
    52.042  -169.674   -0.3   -0.5    0.5
    52.051  -169.674   -0.3   -0.5    0.5
    52.060  -169.674   -0.3   -0.6    0.6
    52.069  -169.674   -0.4   -0.6    0.6
    52.078  -169.674   -0.4   -0.6    0.6
    52.087  -169.674   -0.4   -0.6    0.7
    52.096  -169.674   -0.5   -0.6    0.7
    52.105  -169.674   -0.5   -0.7    0.7
    52.114  -169.674   -0.6   -0.7    0.7
    52.123  -169.674   -0.6   -0.7    0.7
    52.132  -169.674   -0.6   -0.7    0.7
    52.141  -169.674   -0.7   -0.8    0.7
    52.150  -169.674   -0.7   -0.8    0.6
    52.159  -169.674   -0.8   -0.8    0.6
    52.168  -169.674   -0.8   -0.8    0.5
    52.177  -169.674   -0.7   -0.7    0.5
    52.186  -169.674   -0.6   -0.6    0.3
    52.195  -169.674   -0.3   -0.5    0.1
    52.204  -169.674    0.2   -0.3   -0.2
    52.213  -169.674    1.1   -0.2   -0.6
    52.222  -169.674    1.9   -0.4   -0.9
    52.231  -169.674    2.4   -0.7   -1.1
    52.240  -169.674    2.6   -1.0   -1.2
    52.249  -169.674    2.5   -1.1   -1.2
    52.258  -169.674    2.4   -1.2   -1.2
    52.267  -169.674    2.3   -1.3   -1.2
    52.276  -169.674    2.1   -1.3   -1.2
    52.285  -169.674    2.0   -1.3   -1.2
    52.294  -169.674    1.8   -1.3   -1.1
    52.303  -169.674    1.7   -1.3   -1.1
    52.312  -169.674    1.6   -1.3   -1.1
    52.321  -169.674    1.5   -1.3   -1.0
    52.330  -169.674    1.4   -1.2   -1.0
    52.339  -169.674    1.3   -1.2   -1.0
    52.348  -169.674    1.3   -1.2   -0.9
    52.357  -169.674    1.2   -1.2   -0.9
    52.366  -169.674    1.2   -1.2   -0.9
    52.375  -169.674    1.1   -1.2   -0.8
    52.384  -169.674    1.1   -1.2   -0.8
    52.393  -169.674    1.0   -1.2   -0.7
    52.402  -169.674    1.0   -1.2   -0.7
    52.411  -169.674    0.9   -1.2   -0.6
    52.420  -169.674    0.9   -1.1   -0.6
    52.429  -169.674    0.8   -1.1   -0.6
    52.438  -169.674    0.8   -1.1   -0.5
    52.447  -169.674    0.7   -1.1   -0.5
    52.456  -169.674    0.7   -1.1   -0.5
    52.465  -169.674    0.7   -1.0   -0.4
    52.474  -169.674    0.6   -1.0   -0.4
    52.483  -169.674    0.6   -1.0   -0.4
    52.492  -169.674    0.6   -0.9   -0.3
    52.501  -169.674    0.5   -0.9   -0.3
    52.510  -169.674    0.5   -0.9   -0.3
    52.519  -169.674    0.5   -0.9   -0.3
    52.528  -169.674    0.5   -0.8   -0.2
    52.537  -169.674    0.4   -0.8   -0.2
    52.546  -169.674    0.4   -0.8   -0.2
    52.555  -169.674    0.4   -0.8   -0.2
    52.564  -169.674    0.4   -0.7   -0.2
    52.573  -169.674    0.3   -0.7   -0.2
    52.582  -169.674    0.3   -0.7   -0.2
    52.591  -169.674    0.3   -0.7   -0.1
    52.600  -169.674    0.3   -0.6   -0.1
    52.609  -169.674    0.3   -0.6   -0.1
    52.618  -169.674    0.3   -0.6   -0.1
    52.627  -169.674    0.2   -0.6   -0.1
    52.636  -169.674    0.2   -0.6   -0.1
    52.645  -169.674    0.2   -0.5   -0.1
    52.654  -169.674    0.2   -0.5   -0.1
    52.663  -169.674    0.2   -0.5   -0.1
    52.672  -169.674    0.2   -0.5   -0.1
    51.771  -169.659   -0.0    0.0    0.0
    51.780  -169.659   -0.0   -0.0    0.0
    51.789  -169.659   -0.0   -0.0    0.0
    51.798  -169.659   -0.0   -0.0    0.0
    51.808  -169.659   -0.0   -0.0    0.0
    51.817  -169.659   -0.1   -0.0    0.0
    51.826  -169.659   -0.1   -0.0    0.0
    51.835  -169.659   -0.1   -0.0    0.0
    51.844  -169.659   -0.1   -0.1    0.0
    51.853  -169.659   -0.1   -0.1    0.0
    51.862  -169.659   -0.1   -0.1    0.0
    51.871  -169.659   -0.1   -0.1    0.1
    51.880  -169.659   -0.1   -0.1    0.1
    51.889  -169.659   -0.1   -0.1    0.1
    51.898  -169.659   -0.1   -0.1    0.1
    51.907  -169.659   -0.1   -0.2    0.1
    51.916  -169.659   -0.1   -0.2    0.1
    51.925  -169.659   -0.1   -0.2    0.1
    51.934  -169.659   -0.1   -0.2    0.1
    51.943  -169.659   -0.1   -0.2    0.2
    51.952  -169.659   -0.1   -0.3    0.2
    51.961  -169.659   -0.1   -0.3    0.2
    51.970  -169.659   -0.1   -0.3    0.2
    51.979  -169.659   -0.2   -0.3    0.3
    51.988  -169.659   -0.2   -0.4    0.3
    51.997  -169.659   -0.2   -0.4    0.3
    52.006  -169.659   -0.2   -0.4    0.4
    52.015  -169.659   -0.2   -0.5    0.4
    52.024  -169.659   -0.2   -0.5    0.4
    52.033  -169.659   -0.3   -0.5    0.5
    52.042  -169.659   -0.3   -0.5    0.5
    52.051  -169.659   -0.3   -0.6    0.6
    52.060  -169.659   -0.3   -0.6    0.6
    52.069  -169.659   -0.4   -0.6    0.7
    52.078  -169.659   -0.4   -0.7    0.7
    52.087  -169.659   -0.4   -0.7    0.7
    52.096  -169.659   -0.5   -0.7    0.8
    52.105  -169.659   -0.5   -0.7    0.8
    52.114  -169.659   -0.6   -0.8    0.8
    52.123  -169.659   -0.6   -0.8    0.8
    52.132  -169.659   -0.7   -0.9    0.8
    52.141  -169.659   -0.7   -0.9    0.8
    52.150  -169.659   -0.8   -1.0    0.8
    52.159  -169.659   -0.9   -1.0    0.8
    52.168  -169.659   -0.9   -1.1    0.8
    52.177  -169.659   -1.0   -1.1    0.8
    52.186  -169.659   -1.0   -1.1    0.7
    52.195  -169.659   -0.9   -0.9    0.5
    52.204  -169.659   -0.4   -0.6    0.2
    52.213  -169.659    0.9   -0.3   -0.5
    52.222  -169.659    2.3   -0.5   -1.1
    52.231  -169.659    3.0   -1.0   -1.4
    52.240  -169.659    3.0   -1.3   -1.5
    52.249  -169.659    2.9   -1.4   -1.5
    52.258  -169.659    2.6   -1.5   -1.4
    52.267  -169.659    2.4   -1.4   -1.4
    52.276  -169.659    2.2   -1.4   -1.3
    52.285  -169.659    2.0   -1.4   -1.3
    52.294  -169.659    1.9   -1.4   -1.2
    52.303  -169.659    1.8   -1.4   -1.2
    52.312  -169.659    1.6   -1.3   -1.2
    52.321  -169.659    1.5   -1.3   -1.1
    52.330  -169.659    1.5   -1.3   -1.1
    52.339  -169.659    1.4   -1.3   -1.1
    52.348  -169.659    1.3   -1.3   -1.0
    52.357  -169.659    1.2   -1.3   -1.0
    52.366  -169.659    1.2   -1.3   -0.9
    52.375  -169.659    1.1   -1.3   -0.9
    52.384  -169.659    1.1   -1.3   -0.8
    52.393  -169.659    1.0   -1.2   -0.8
    52.402  -169.659    1.0   -1.2   -0.7
    52.411  -169.659    0.9   -1.2   -0.7
    52.420  -169.659    0.9   -1.2   -0.6
    52.429  -169.659    0.8   -1.2   -0.6
    52.438  -169.659    0.8   -1.2   -0.5
    52.447  -169.659    0.8   -1.1   -0.5
    52.456  -169.659    0.7   -1.1   -0.5
    52.465  -169.659    0.7   -1.1   -0.4
    52.474  -169.659    0.6   -1.0   -0.4
    52.483  -169.659    0.6   -1.0   -0.4
    52.492  -169.659    0.6   -1.0   -0.3
    52.501  -169.659    0.5   -1.0   -0.3
    52.510  -169.659    0.5   -0.9   -0.3
    52.519  -169.659    0.5   -0.9   -0.3
    52.528  -169.659    0.5   -0.9   -0.3
    52.537  -169.659    0.4   -0.8   -0.2
    52.546  -169.659    0.4   -0.8   -0.2
    52.555  -169.659    0.4   -0.8   -0.2
    52.564  -169.659    0.4   -0.8   -0.2
    52.573  -169.659    0.3   -0.7   -0.2
    52.582  -169.659    0.3   -0.7   -0.2
    52.591  -169.659    0.3   -0.7   -0.2
    52.600  -169.659    0.3   -0.7   -0.1
    52.609  -169.659    0.3   -0.6   -0.1
    52.618  -169.659    0.3   -0.6   -0.1
    52.627  -169.659    0.2   -0.6   -0.1
    52.636  -169.659    0.2   -0.6   -0.1
    52.645  -169.659    0.2   -0.5   -0.1
    52.654  -169.659    0.2   -0.5   -0.1
    52.663  -169.659    0.2   -0.5   -0.1
    52.672  -169.659    0.2   -0.5   -0.1
    51.771  -169.644   -0.0    0.0    0.0
    51.780  -169.644   -0.0   -0.0    0.0
    51.789  -169.644   -0.0   -0.0    0.0
    51.798  -169.644   -0.0   -0.0    0.0
    51.808  -169.644   -0.0   -0.0    0.0
    51.817  -169.644   -0.0   -0.0    0.0
    51.826  -169.644   -0.1   -0.0    0.0
    51.835  -169.644   -0.1   -0.0    0.0
    51.844  -169.644   -0.1   -0.1    0.0
    51.853  -169.644   -0.1   -0.1    0.0
    51.862  -169.644   -0.1   -0.1    0.1
    51.871  -169.644   -0.1   -0.1    0.1
    51.880  -169.644   -0.1   -0.1    0.1
    51.889  -169.644   -0.1   -0.1    0.1
    51.898  -169.644   -0.1   -0.1    0.1
    51.907  -169.644   -0.1   -0.2    0.1
    51.916  -169.644   -0.1   -0.2    0.1
    51.925  -169.644   -0.1   -0.2    0.1
    51.934  -169.644   -0.1   -0.2    0.1
    51.943  -169.644   -0.1   -0.2    0.2
    51.952  -169.644   -0.1   -0.3    0.2
    51.961  -169.644   -0.1   -0.3    0.2
    51.970  -169.644   -0.1   -0.3    0.2
    51.979  -169.644   -0.1   -0.3    0.3
    51.988  -169.644   -0.2   -0.4    0.3
    51.997  -169.644   -0.2   -0.4    0.3
    52.006  -169.644   -0.2   -0.4    0.4
    52.015  -169.644   -0.2   -0.5    0.4
    52.024  -169.644   -0.2   -0.5    0.5
    52.033  -169.644   -0.2   -0.5    0.5
    52.042  -169.644   -0.3   -0.6    0.6
    52.051  -169.644   -0.3   -0.6    0.6
    52.060  -169.644   -0.3   -0.6    0.7
    52.069  -169.644   -0.3   -0.7    0.7
    52.078  -169.644   -0.4   -0.7    0.8
    52.087  -169.644   -0.4   -0.7    0.8
    52.096  -169.644   -0.4   -0.8    0.8
    52.105  -169.644   -0.5   -0.8    0.9
    52.114  -169.644   -0.5   -0.9    0.9
    52.123  -169.644   -0.6   -0.9    0.9
    52.132  -169.644   -0.7   -1.0    1.0
    52.141  -169.644   -0.7   -1.1    1.0
    52.150  -169.644   -0.8   -1.2    1.0
    52.159  -169.644   -0.9   -1.3    1.1
    52.168  -169.644   -1.0   -1.4    1.1
    52.177  -169.644   -1.2   -1.5    1.2
    52.186  -169.644   -1.3   -1.7    1.2
    52.195  -169.644   -1.4   -1.7    1.3
    52.204  -169.644   -1.4   -1.5    1.2
    52.213  -169.644   -0.3   -0.7    0.2
    52.222  -169.644    2.9   -0.9   -1.7
    52.231  -169.644    3.5   -1.5   -2.0
    52.240  -169.644    3.4   -1.7   -1.9
    52.249  -169.644    3.1   -1.7   -1.8
    52.258  -169.644    2.8   -1.7   -1.7
    52.267  -169.644    2.6   -1.6   -1.6
    52.276  -169.644    2.3   -1.6   -1.5
    52.285  -169.644    2.1   -1.5   -1.4
    52.294  -169.644    1.9   -1.5   -1.4
    52.303  -169.644    1.8   -1.4   -1.3
    52.312  -169.644    1.7   -1.4   -1.3
    52.321  -169.644    1.6   -1.4   -1.2
    52.330  -169.644    1.5   -1.4   -1.2
    52.339  -169.644    1.4   -1.4   -1.1
    52.348  -169.644    1.3   -1.4   -1.1
    52.357  -169.644    1.3   -1.4   -1.0
    52.366  -169.644    1.2   -1.3   -1.0
    52.375  -169.644    1.2   -1.3   -0.9
    52.384  -169.644    1.1   -1.3   -0.9
    52.393  -169.644    1.0   -1.3   -0.8
    52.402  -169.644    1.0   -1.3   -0.8
    52.411  -169.644    1.0   -1.3   -0.7
    52.420  -169.644    0.9   -1.3   -0.7
    52.429  -169.644    0.9   -1.2   -0.6
    52.438  -169.644    0.8   -1.2   -0.6
    52.447  -169.644    0.8   -1.2   -0.5
    52.456  -169.644    0.7   -1.2   -0.5
    52.465  -169.644    0.7   -1.1   -0.5
    52.474  -169.644    0.6   -1.1   -0.4
    52.483  -169.644    0.6   -1.1   -0.4
    52.492  -169.644    0.6   -1.0   -0.4
    52.501  -169.644    0.5   -1.0   -0.3
    52.510  -169.644    0.5   -1.0   -0.3
    52.519  -169.644    0.5   -0.9   -0.3
    52.528  -169.644    0.4   -0.9   -0.3
    52.537  -169.644    0.4   -0.9   -0.2
    52.546  -169.644    0.4   -0.8   -0.2
    52.555  -169.644    0.4   -0.8   -0.2
    52.564  -169.644    0.4   -0.8   -0.2
    52.573  -169.644    0.3   -0.7   -0.2
    52.582  -169.644    0.3   -0.7   -0.2
    52.591  -169.644    0.3   -0.7   -0.2
    52.600  -169.644    0.3   -0.7   -0.1
    52.609  -169.644    0.3   -0.6   -0.1
    52.618  -169.644    0.2   -0.6   -0.1
    52.627  -169.644    0.2   -0.6   -0.1
    52.636  -169.644    0.2   -0.6   -0.1
    52.645  -169.644    0.2   -0.6   -0.1
    52.654  -169.644    0.2   -0.5   -0.1
    52.663  -169.644    0.2   -0.5   -0.1
    52.672  -169.644    0.2   -0.5   -0.1
    51.771  -169.630   -0.0    0.0    0.0
    51.780  -169.630   -0.0    0.0    0.0
    51.789  -169.630   -0.0   -0.0    0.0
    51.798  -169.630   -0.0   -0.0    0.0
    51.808  -169.630   -0.0   -0.0    0.0
    51.817  -169.630   -0.0   -0.0    0.0
    51.826  -169.630   -0.1   -0.0    0.0
    51.835  -169.630   -0.1   -0.0    0.0
    51.844  -169.630   -0.1   -0.1    0.0
    51.853  -169.630   -0.1   -0.1    0.0
    51.862  -169.630   -0.1   -0.1    0.1
    51.871  -169.630   -0.1   -0.1    0.1
    51.880  -169.630   -0.1   -0.1    0.1
    51.889  -169.630   -0.1   -0.1    0.1
    51.898  -169.630   -0.1   -0.1    0.1
    51.907  -169.630   -0.1   -0.2    0.1
    51.916  -169.630   -0.1   -0.2    0.1
    51.925  -169.630   -0.1   -0.2    0.1
    51.934  -169.630   -0.1   -0.2    0.2
    51.943  -169.630   -0.1   -0.2    0.2
    51.952  -169.630   -0.1   -0.3    0.2
    51.961  -169.630   -0.1   -0.3    0.2
    51.970  -169.630   -0.1   -0.3    0.3
    51.979  -169.630   -0.1   -0.4    0.3
    51.988  -169.630   -0.1   -0.4    0.3
    51.997  -169.630   -0.2   -0.4    0.4
    52.006  -169.630   -0.2   -0.5    0.4
    52.015  -169.630   -0.2   -0.5    0.4
    52.024  -169.630   -0.2   -0.5    0.5
    52.033  -169.630   -0.2   -0.6    0.5
    52.042  -169.630   -0.2   -0.6    0.6
    52.051  -169.630   -0.3   -0.6    0.7
    52.060  -169.630   -0.3   -0.7    0.7
    52.069  -169.630   -0.3   -0.7    0.8
    52.078  -169.630   -0.3   -0.7    0.8
    52.087  -169.630   -0.4   -0.8    0.9
    52.096  -169.630   -0.4   -0.8    0.9
    52.105  -169.630   -0.5   -0.9    1.0
    52.114  -169.630   -0.5   -0.9    1.0
    52.123  -169.630   -0.6   -1.0    1.1
    52.132  -169.630   -0.7   -1.1    1.1
    52.141  -169.630   -0.7   -1.2    1.2
    52.150  -169.630   -0.8   -1.3    1.2
    52.159  -169.630   -0.9   -1.5    1.3
    52.168  -169.630   -1.1   -1.7    1.4
    52.177  -169.630   -1.2   -2.0    1.6
    52.186  -169.630   -1.4   -2.3    1.9
    52.195  -169.630   -1.6   -2.7    2.3
    52.204  -169.630   -1.9   -3.3    3.0
    52.213  -169.630   -2.0   -3.9    4.8
    52.222  -169.630    1.4   -1.0   -1.6
    52.231  -169.630    3.7   -2.0   -2.7
    52.240  -169.630    3.7   -2.0   -2.4
    52.249  -169.630    3.4   -2.0   -2.1
    52.258  -169.630    3.0   -1.9   -1.9
    52.267  -169.630    2.7   -1.8   -1.7
    52.276  -169.630    2.4   -1.7   -1.6
    52.285  -169.630    2.2   -1.6   -1.6
    52.294  -169.630    2.0   -1.5   -1.5
    52.303  -169.630    1.8   -1.5   -1.4
    52.312  -169.630    1.7   -1.5   -1.4
    52.321  -169.630    1.6   -1.4   -1.3
    52.330  -169.630    1.5   -1.4   -1.3
    52.339  -169.630    1.4   -1.4   -1.2
    52.348  -169.630    1.4   -1.4   -1.2
    52.357  -169.630    1.3   -1.4   -1.1
    52.366  -169.630    1.2   -1.4   -1.0
    52.375  -169.630    1.2   -1.4   -1.0
    52.384  -169.630    1.1   -1.4   -0.9
    52.393  -169.630    1.1   -1.4   -0.9
    52.402  -169.630    1.0   -1.4   -0.8
    52.411  -169.630    1.0   -1.3   -0.7
    52.420  -169.630    0.9   -1.3   -0.7
    52.429  -169.630    0.9   -1.3   -0.6
    52.438  -169.630    0.8   -1.3   -0.6
    52.447  -169.630    0.8   -1.2   -0.5
    52.456  -169.630    0.7   -1.2   -0.5
    52.465  -169.630    0.7   -1.2   -0.5
    52.474  -169.630    0.6   -1.1   -0.4
    52.483  -169.630    0.6   -1.1   -0.4
    52.492  -169.630    0.6   -1.1   -0.4
    52.501  -169.630    0.5   -1.0   -0.3
    52.510  -169.630    0.5   -1.0   -0.3
    52.519  -169.630    0.5   -1.0   -0.3
    52.528  -169.630    0.4   -0.9   -0.3
    52.537  -169.630    0.4   -0.9   -0.2
    52.546  -169.630    0.4   -0.9   -0.2
    52.555  -169.630    0.4   -0.8   -0.2
    52.564  -169.630    0.3   -0.8   -0.2
    52.573  -169.630    0.3   -0.8   -0.2
    52.582  -169.630    0.3   -0.7   -0.2
    52.591  -169.630    0.3   -0.7   -0.2
    52.600  -169.630    0.3   -0.7   -0.1
    52.609  -169.630    0.3   -0.7   -0.1
    52.618  -169.630    0.2   -0.6   -0.1
    52.627  -169.630    0.2   -0.6   -0.1
    52.636  -169.630    0.2   -0.6   -0.1
    52.645  -169.630    0.2   -0.6   -0.1
    52.654  -169.630    0.2   -0.5   -0.1
    52.663  -169.630    0.2   -0.5   -0.1
    52.672  -169.630    0.2   -0.5   -0.1
    51.771  -169.615   -0.0    0.0    0.0
    51.780  -169.615   -0.0    0.0    0.0
    51.789  -169.615   -0.0   -0.0    0.0
    51.798  -169.615   -0.0   -0.0    0.0
    51.808  -169.615   -0.0   -0.0    0.0
    51.817  -169.615   -0.0   -0.0    0.0
    51.826  -169.615   -0.0   -0.0    0.0
    51.835  -169.615   -0.1   -0.0    0.0
    51.844  -169.615   -0.1   -0.1    0.0
    51.853  -169.615   -0.1   -0.1    0.1
    51.862  -169.615   -0.1   -0.1    0.1
    51.871  -169.615   -0.1   -0.1    0.1
    51.880  -169.615   -0.1   -0.1    0.1
    51.889  -169.615   -0.1   -0.1    0.1
    51.898  -169.615   -0.1   -0.1    0.1
    51.907  -169.615   -0.1   -0.2    0.1
    51.916  -169.615   -0.1   -0.2    0.1
    51.925  -169.615   -0.1   -0.2    0.1
    51.934  -169.615   -0.1   -0.2    0.2
    51.943  -169.615   -0.1   -0.2    0.2
    51.952  -169.615   -0.1   -0.3    0.2
    51.961  -169.615   -0.1   -0.3    0.2
    51.970  -169.615   -0.1   -0.3    0.3
    51.979  -169.615   -0.1   -0.4    0.3
    51.988  -169.615   -0.1   -0.4    0.3
    51.997  -169.615   -0.1   -0.4    0.4
    52.006  -169.615   -0.1   -0.5    0.4
    52.015  -169.615   -0.2   -0.5    0.5
    52.024  -169.615   -0.2   -0.5    0.5
    52.033  -169.615   -0.2   -0.6    0.6
    52.042  -169.615   -0.2   -0.6    0.6
    52.051  -169.615   -0.2   -0.7    0.7
    52.060  -169.615   -0.2   -0.7    0.8
    52.069  -169.615   -0.3   -0.7    0.8
    52.078  -169.615   -0.3   -0.8    0.9
    52.087  -169.615   -0.3   -0.8    0.9
    52.096  -169.615   -0.4   -0.9    1.0
    52.105  -169.615   -0.4   -0.9    1.1
    52.114  -169.615   -0.5   -1.0    1.1
    52.123  -169.615   -0.5   -1.1    1.2
    52.132  -169.615   -0.6   -1.2    1.2
    52.141  -169.615   -0.7   -1.3    1.3
    52.150  -169.615   -0.8   -1.5    1.4
    52.159  -169.615   -0.9   -1.7    1.5
    52.168  -169.615   -1.0   -1.9    1.7
    52.177  -169.615   -1.1   -2.2    2.0
    52.186  -169.615   -1.2   -2.7    2.4
    52.195  -169.615   -1.4   -3.2    3.0
    52.204  -169.615   -1.5   -3.8    4.1
    52.213  -169.615   -1.5   -4.1    5.6
    52.222  -169.615   -1.5   -3.1    6.7
    52.231  -169.615    2.7   -1.5   -2.8
    52.240  -169.615    3.7   -2.1   -2.9
    52.249  -169.615    3.5   -2.1   -2.5
    52.258  -169.615    3.1   -2.0   -2.2
    52.267  -169.615    2.8   -1.8   -2.0
    52.276  -169.615    2.5   -1.7   -1.8
    52.285  -169.615    2.2   -1.6   -1.7
    52.294  -169.615    2.0   -1.6   -1.6
    52.303  -169.615    1.9   -1.5   -1.6
    52.312  -169.615    1.7   -1.5   -1.5
    52.321  -169.615    1.6   -1.5   -1.4
    52.330  -169.615    1.5   -1.5   -1.4
    52.339  -169.615    1.5   -1.5   -1.3
    52.348  -169.615    1.4   -1.5   -1.3
    52.357  -169.615    1.3   -1.5   -1.2
    52.366  -169.615    1.3   -1.5   -1.1
    52.375  -169.615    1.2   -1.5   -1.0
    52.384  -169.615    1.1   -1.5   -1.0
    52.393  -169.615    1.1   -1.5   -0.9
    52.402  -169.615    1.0   -1.4   -0.8
    52.411  -169.615    1.0   -1.4   -0.8
    52.420  -169.615    0.9   -1.4   -0.7
    52.429  -169.615    0.9   -1.4   -0.7
    52.438  -169.615    0.8   -1.3   -0.6
    52.447  -169.615    0.8   -1.3   -0.6
    52.456  -169.615    0.7   -1.3   -0.5
    52.465  -169.615    0.7   -1.2   -0.5
    52.474  -169.615    0.6   -1.2   -0.4
    52.483  -169.615    0.6   -1.1   -0.4
    52.492  -169.615    0.6   -1.1   -0.4
    52.501  -169.615    0.5   -1.1   -0.3
    52.510  -169.615    0.5   -1.0   -0.3
    52.519  -169.615    0.5   -1.0   -0.3
    52.528  -169.615    0.4   -1.0   -0.3
    52.537  -169.615    0.4   -0.9   -0.3
    52.546  -169.615    0.4   -0.9   -0.2
    52.555  -169.615    0.4   -0.8   -0.2
    52.564  -169.615    0.3   -0.8   -0.2
    52.573  -169.615    0.3   -0.8   -0.2
    52.582  -169.615    0.3   -0.7   -0.2
    52.591  -169.615    0.3   -0.7   -0.2
    52.600  -169.615    0.3   -0.7   -0.1
    52.609  -169.615    0.2   -0.7   -0.1
    52.618  -169.615    0.2   -0.6   -0.1
    52.627  -169.615    0.2   -0.6   -0.1
    52.636  -169.615    0.2   -0.6   -0.1
    52.645  -169.615    0.2   -0.6   -0.1
    52.654  -169.615    0.2   -0.5   -0.1
    52.663  -169.615    0.2   -0.5   -0.1
    52.672  -169.615    0.2   -0.5   -0.1
    51.771  -169.600   -0.0    0.0    0.0
    51.780  -169.600   -0.0    0.0    0.0
    51.789  -169.600   -0.0   -0.0    0.0
    51.798  -169.600   -0.0   -0.0    0.0
    51.808  -169.600   -0.0   -0.0    0.0
    51.817  -169.600   -0.0   -0.0    0.0
    51.826  -169.600   -0.0   -0.0    0.0
    51.835  -169.600   -0.0   -0.0    0.0
    51.844  -169.600   -0.1   -0.0    0.0
    51.853  -169.600   -0.1   -0.1    0.1
    51.862  -169.600   -0.1   -0.1    0.1
    51.871  -169.600   -0.1   -0.1    0.1
    51.880  -169.600   -0.1   -0.1    0.1
    51.889  -169.600   -0.1   -0.1    0.1
    51.898  -169.600   -0.1   -0.1    0.1
    51.907  -169.600   -0.1   -0.1    0.1
    51.916  -169.600   -0.1   -0.2    0.1
    51.925  -169.600   -0.1   -0.2    0.2
    51.934  -169.600   -0.1   -0.2    0.2
    51.943  -169.600   -0.1   -0.2    0.2
    51.952  -169.600   -0.1   -0.3    0.2
    51.961  -169.600   -0.1   -0.3    0.2
    51.970  -169.600   -0.1   -0.3    0.3
    51.979  -169.600   -0.1   -0.4    0.3
    51.988  -169.600   -0.1   -0.4    0.4
    51.997  -169.600   -0.1   -0.4    0.4
    52.006  -169.600   -0.1   -0.5    0.4
    52.015  -169.600   -0.1   -0.5    0.5
    52.024  -169.600   -0.1   -0.5    0.5
    52.033  -169.600   -0.2   -0.6    0.6
    52.042  -169.600   -0.2   -0.6    0.7
    52.051  -169.600   -0.2   -0.7    0.7
    52.060  -169.600   -0.2   -0.7    0.8
    52.069  -169.600   -0.2   -0.7    0.9
    52.078  -169.600   -0.3   -0.8    0.9
    52.087  -169.600   -0.3   -0.8    1.0
    52.096  -169.600   -0.3   -0.9    1.1
    52.105  -169.600   -0.4   -1.0    1.1
    52.114  -169.600   -0.4   -1.0    1.2
    52.123  -169.600   -0.5   -1.1    1.3
    52.132  -169.600   -0.5   -1.2    1.4
    52.141  -169.600   -0.6   -1.4    1.5
    52.150  -169.600   -0.7   -1.5    1.6
    52.159  -169.600   -0.8   -1.7    1.7
    52.168  -169.600   -0.8   -2.0    2.0
    52.177  -169.600   -0.9   -2.3    2.2
    52.186  -169.600   -1.0   -2.7    2.7
    52.195  -169.600   -1.1   -3.1    3.3
    52.204  -169.600   -1.2   -3.5    4.2
    52.213  -169.600   -1.4   -3.8    5.3
    52.222  -169.600   -1.6   -3.8    6.4
    52.231  -169.600   -1.5   -1.4    5.6
    52.240  -169.600    3.2   -1.7   -3.1
    52.249  -169.600    3.5   -2.1   -2.8
    52.258  -169.600    3.2   -2.0   -2.4
    52.267  -169.600    2.8   -1.8   -2.2
    52.276  -169.600    2.5   -1.7   -2.0
    52.285  -169.600    2.2   -1.6   -1.8
    52.294  -169.600    2.0   -1.6   -1.8
    52.303  -169.600    1.9   -1.5   -1.7
    52.312  -169.600    1.8   -1.5   -1.6
    52.321  -169.600    1.6   -1.5   -1.6
    52.330  -169.600    1.6   -1.5   -1.5
    52.339  -169.600    1.5   -1.6   -1.4
    52.348  -169.600    1.4   -1.6   -1.3
    52.357  -169.600    1.3   -1.6   -1.3
    52.366  -169.600    1.3   -1.6   -1.2
    52.375  -169.600    1.2   -1.6   -1.1
    52.384  -169.600    1.2   -1.6   -1.0
    52.393  -169.600    1.1   -1.5   -1.0
    52.402  -169.600    1.1   -1.5   -0.9
    52.411  -169.600    1.0   -1.5   -0.8
    52.420  -169.600    0.9   -1.5   -0.8
    52.429  -169.600    0.9   -1.4   -0.7
    52.438  -169.600    0.8   -1.4   -0.6
    52.447  -169.600    0.8   -1.4   -0.6
    52.456  -169.600    0.7   -1.3   -0.5
    52.465  -169.600    0.7   -1.3   -0.5
    52.474  -169.600    0.6   -1.2   -0.5
    52.483  -169.600    0.6   -1.2   -0.4
    52.492  -169.600    0.6   -1.2   -0.4
    52.501  -169.600    0.5   -1.1   -0.4
    52.510  -169.600    0.5   -1.1   -0.3
    52.519  -169.600    0.5   -1.0   -0.3
    52.528  -169.600    0.4   -1.0   -0.3
    52.537  -169.600    0.4   -0.9   -0.3
    52.546  -169.600    0.4   -0.9   -0.2
    52.555  -169.600    0.4   -0.9   -0.2
    52.564  -169.600    0.3   -0.8   -0.2
    52.573  -169.600    0.3   -0.8   -0.2
    52.582  -169.600    0.3   -0.8   -0.2
    52.591  -169.600    0.3   -0.7   -0.2
    52.600  -169.600    0.3   -0.7   -0.1
    52.609  -169.600    0.2   -0.7   -0.1
    52.618  -169.600    0.2   -0.6   -0.1
    52.627  -169.600    0.2   -0.6   -0.1
    52.636  -169.600    0.2   -0.6   -0.1
    52.645  -169.600    0.2   -0.6   -0.1
    52.654  -169.600    0.2   -0.6   -0.1
    52.663  -169.600    0.2   -0.5   -0.1
    52.672  -169.600    0.2   -0.5   -0.1
    51.771  -169.585   -0.0    0.0    0.0
    51.780  -169.585   -0.0    0.0    0.0
    51.789  -169.585   -0.0    0.0    0.0
    51.798  -169.585   -0.0   -0.0    0.0
    51.808  -169.585   -0.0   -0.0    0.0
    51.817  -169.585   -0.0   -0.0    0.0
    51.826  -169.585   -0.0   -0.0    0.0
    51.835  -169.585   -0.0   -0.0    0.0
    51.844  -169.585   -0.0   -0.0    0.1
    51.853  -169.585   -0.0   -0.1    0.1
    51.862  -169.585   -0.1   -0.1    0.1
    51.871  -169.585   -0.1   -0.1    0.1
    51.880  -169.585   -0.1   -0.1    0.1
    51.889  -169.585   -0.1   -0.1    0.1
    51.898  -169.585   -0.1   -0.1    0.1
    51.907  -169.585   -0.1   -0.1    0.1
    51.916  -169.585   -0.1   -0.2    0.1
    51.925  -169.585   -0.1   -0.2    0.2
    51.934  -169.585   -0.1   -0.2    0.2
    51.943  -169.585   -0.1   -0.2    0.2
    51.952  -169.585   -0.1   -0.3    0.2
    51.961  -169.585   -0.1   -0.3    0.3
    51.970  -169.585   -0.1   -0.3    0.3
    51.979  -169.585   -0.1   -0.4    0.3
    51.988  -169.585   -0.1   -0.4    0.4
    51.997  -169.585   -0.1   -0.4    0.4
    52.006  -169.585   -0.1   -0.5    0.5
    52.015  -169.585   -0.1   -0.5    0.5
    52.024  -169.585   -0.1   -0.5    0.6
    52.033  -169.585   -0.1   -0.6    0.6
    52.042  -169.585   -0.1   -0.6    0.7
    52.051  -169.585   -0.2   -0.7    0.7
    52.060  -169.585   -0.2   -0.7    0.8
    52.069  -169.585   -0.2   -0.8    0.9
    52.078  -169.585   -0.2   -0.8    1.0
    52.087  -169.585   -0.3   -0.9    1.0
    52.096  -169.585   -0.3   -0.9    1.1
    52.105  -169.585   -0.3   -1.0    1.2
    52.114  -169.585   -0.4   -1.0    1.3
    52.123  -169.585   -0.4   -1.1    1.4
    52.132  -169.585   -0.5   -1.2    1.5
    52.141  -169.585   -0.5   -1.4    1.6
    52.150  -169.585   -0.6   -1.5    1.7
    52.159  -169.585   -0.6   -1.7    1.9
    52.168  -169.585   -0.7   -1.9    2.1
    52.177  -169.585   -0.8   -2.2    2.4
    52.186  -169.585   -0.8   -2.5    2.8
    52.195  -169.585   -0.9   -2.8    3.3
    52.204  -169.585   -1.0   -3.1    4.0
    52.213  -169.585   -1.2   -3.3    4.8
    52.222  -169.585   -1.5   -3.5    5.7
    52.231  -169.585   -1.6   -3.4    6.6
    52.240  -169.585   -0.6    0.1    1.6
    52.249  -169.585    3.2   -1.8   -3.1
    52.258  -169.585    3.1   -1.9   -2.7
    52.267  -169.585    2.8   -1.7   -2.3
    52.276  -169.585    2.5   -1.6   -2.1
    52.285  -169.585    2.3   -1.6   -2.0
    52.294  -169.585    2.1   -1.6   -1.9
    52.303  -169.585    1.9   -1.6   -1.8
    52.312  -169.585    1.8   -1.6   -1.8
    52.321  -169.585    1.7   -1.6   -1.7
    52.330  -169.585    1.6   -1.6   -1.6
    52.339  -169.585    1.5   -1.6   -1.5
    52.348  -169.585    1.4   -1.6   -1.4
    52.357  -169.585    1.4   -1.7   -1.4
    52.366  -169.585    1.3   -1.7   -1.3
    52.375  -169.585    1.3   -1.7   -1.2
    52.384  -169.585    1.2   -1.7   -1.1
    52.393  -169.585    1.1   -1.6   -1.0
    52.402  -169.585    1.1   -1.6   -0.9
    52.411  -169.585    1.0   -1.6   -0.9
    52.420  -169.585    1.0   -1.6   -0.8
    52.429  -169.585    0.9   -1.5   -0.7
    52.438  -169.585    0.8   -1.5   -0.7
    52.447  -169.585    0.8   -1.4   -0.6
    52.456  -169.585    0.7   -1.4   -0.6
    52.465  -169.585    0.7   -1.3   -0.5
    52.474  -169.585    0.6   -1.3   -0.5
    52.483  -169.585    0.6   -1.2   -0.4
    52.492  -169.585    0.6   -1.2   -0.4
    52.501  -169.585    0.5   -1.1   -0.4
    52.510  -169.585    0.5   -1.1   -0.3
    52.519  -169.585    0.4   -1.1   -0.3
    52.528  -169.585    0.4   -1.0   -0.3
    52.537  -169.585    0.4   -1.0   -0.3
    52.546  -169.585    0.4   -0.9   -0.2
    52.555  -169.585    0.3   -0.9   -0.2
    52.564  -169.585    0.3   -0.8   -0.2
    52.573  -169.585    0.3   -0.8   -0.2
    52.582  -169.585    0.3   -0.8   -0.2
    52.591  -169.585    0.3   -0.7   -0.2
    52.600  -169.585    0.2   -0.7   -0.1
    52.609  -169.585    0.2   -0.7   -0.1
    52.618  -169.585    0.2   -0.7   -0.1
    52.627  -169.585    0.2   -0.6   -0.1
    52.636  -169.585    0.2   -0.6   -0.1
    52.645  -169.585    0.2   -0.6   -0.1
    52.654  -169.585    0.2   -0.6   -0.1
    52.663  -169.585    0.2   -0.5   -0.1
    52.672  -169.585    0.2   -0.5   -0.1
    51.771  -169.571   -0.0    0.0    0.0
    51.780  -169.571   -0.0    0.0    0.0
    51.789  -169.571   -0.0    0.0    0.0
    51.798  -169.571   -0.0   -0.0    0.0
    51.808  -169.571   -0.0   -0.0    0.0
    51.817  -169.571   -0.0   -0.0    0.0
    51.826  -169.571   -0.0   -0.0    0.0
    51.835  -169.571   -0.0   -0.0    0.0
    51.844  -169.571   -0.0   -0.0    0.1
    51.853  -169.571   -0.0   -0.1    0.1
    51.862  -169.571   -0.0   -0.1    0.1
    51.871  -169.571   -0.0   -0.1    0.1
    51.880  -169.571   -0.1   -0.1    0.1
    51.889  -169.571   -0.1   -0.1    0.1
    51.898  -169.571   -0.1   -0.1    0.1
    51.907  -169.571   -0.1   -0.1    0.1
    51.916  -169.571   -0.1   -0.2    0.1
    51.925  -169.571   -0.1   -0.2    0.2
    51.934  -169.571   -0.1   -0.2    0.2
    51.943  -169.571   -0.1   -0.2    0.2
    51.952  -169.571   -0.1   -0.3    0.2
    51.961  -169.571   -0.1   -0.3    0.3
    51.970  -169.571   -0.1   -0.3    0.3
    51.979  -169.571   -0.1   -0.3    0.3
    51.988  -169.571   -0.1   -0.4    0.4
    51.997  -169.571   -0.1   -0.4    0.4
    52.006  -169.571   -0.1   -0.5    0.5
    52.015  -169.571   -0.1   -0.5    0.5
    52.024  -169.571   -0.1   -0.5    0.6
    52.033  -169.571   -0.1   -0.6    0.6
    52.042  -169.571   -0.1   -0.6    0.7
    52.051  -169.571   -0.1   -0.7    0.8
    52.060  -169.571   -0.1   -0.7    0.8
    52.069  -169.571   -0.2   -0.8    0.9
    52.078  -169.571   -0.2   -0.8    1.0
    52.087  -169.571   -0.2   -0.9    1.1
    52.096  -169.571   -0.2   -0.9    1.2
    52.105  -169.571   -0.3   -1.0    1.3
    52.114  -169.571   -0.3   -1.0    1.4
    52.123  -169.571   -0.3   -1.1    1.5
    52.132  -169.571   -0.4   -1.2    1.6
    52.141  -169.571   -0.4   -1.3    1.7
    52.150  -169.571   -0.5   -1.4    1.8
    52.159  -169.571   -0.5   -1.6    2.0
    52.168  -169.571   -0.6   -1.8    2.2
    52.177  -169.571   -0.6   -2.0    2.5
    52.186  -169.571   -0.7   -2.2    2.8
    52.195  -169.571   -0.8   -2.4    3.2
    52.204  -169.571   -0.9   -2.6    3.7
    52.213  -169.571   -1.1   -2.8    4.3
    52.222  -169.571   -1.3   -3.0    5.0
    52.231  -169.571   -1.5   -3.1    5.7
    52.240  -169.571   -1.4   -2.9    6.5
    52.249  -169.571    1.0   -0.3   -1.8
    52.258  -169.571    2.8   -1.5   -2.8
    52.267  -169.571    2.7   -1.5   -2.5
    52.276  -169.571    2.5   -1.5   -2.3
    52.285  -169.571    2.3   -1.5   -2.1
    52.294  -169.571    2.1   -1.5   -2.1
    52.303  -169.571    1.9   -1.6   -2.0
    52.312  -169.571    1.8   -1.6   -1.9
    52.321  -169.571    1.7   -1.6   -1.8
    52.330  -169.571    1.6   -1.7   -1.7
    52.339  -169.571    1.5   -1.7   -1.7
    52.348  -169.571    1.5   -1.7   -1.6
    52.357  -169.571    1.4   -1.8   -1.5
    52.366  -169.571    1.4   -1.8   -1.4
    52.375  -169.571    1.3   -1.8   -1.3
    52.384  -169.571    1.2   -1.8   -1.2
    52.393  -169.571    1.2   -1.8   -1.1
    52.402  -169.571    1.1   -1.7   -1.0
    52.411  -169.571    1.0   -1.7   -0.9
    52.420  -169.571    1.0   -1.7   -0.8
    52.429  -169.571    0.9   -1.6   -0.8
    52.438  -169.571    0.9   -1.6   -0.7
    52.447  -169.571    0.8   -1.5   -0.6
    52.456  -169.571    0.7   -1.5   -0.6
    52.465  -169.571    0.7   -1.4   -0.5
    52.474  -169.571    0.6   -1.3   -0.5
    52.483  -169.571    0.6   -1.3   -0.4
    52.492  -169.571    0.5   -1.2   -0.4
    52.501  -169.571    0.5   -1.2   -0.4
    52.510  -169.571    0.5   -1.1   -0.3
    52.519  -169.571    0.4   -1.1   -0.3
    52.528  -169.571    0.4   -1.0   -0.3
    52.537  -169.571    0.4   -1.0   -0.3
    52.546  -169.571    0.4   -0.9   -0.2
    52.555  -169.571    0.3   -0.9   -0.2
    52.564  -169.571    0.3   -0.9   -0.2
    52.573  -169.571    0.3   -0.8   -0.2
    52.582  -169.571    0.3   -0.8   -0.2
    52.591  -169.571    0.3   -0.8   -0.2
    52.600  -169.571    0.2   -0.7   -0.2
    52.609  -169.571    0.2   -0.7   -0.1
    52.618  -169.571    0.2   -0.7   -0.1
    52.627  -169.571    0.2   -0.6   -0.1
    52.636  -169.571    0.2   -0.6   -0.1
    52.645  -169.571    0.2   -0.6   -0.1
    52.654  -169.571    0.2   -0.6   -0.1
    52.663  -169.571    0.2   -0.5   -0.1
    52.672  -169.571    0.1   -0.5   -0.1
    51.771  -169.556   -0.0    0.0    0.0
    51.780  -169.556   -0.0    0.0    0.0
    51.789  -169.556   -0.0    0.0    0.0
    51.798  -169.556   -0.0    0.0    0.0
    51.808  -169.556   -0.0   -0.0    0.0
    51.817  -169.556   -0.0   -0.0    0.0
    51.826  -169.556   -0.0   -0.0    0.0
    51.835  -169.556   -0.0   -0.0    0.1
    51.844  -169.556   -0.0   -0.0    0.1
    51.853  -169.556   -0.0   -0.0    0.1
    51.862  -169.556   -0.0   -0.1    0.1
    51.871  -169.556   -0.0   -0.1    0.1
    51.880  -169.556   -0.0   -0.1    0.1
    51.889  -169.556   -0.0   -0.1    0.1
    51.898  -169.556   -0.0   -0.1    0.1
    51.907  -169.556   -0.1   -0.1    0.1
    51.916  -169.556   -0.1   -0.2    0.1
    51.925  -169.556   -0.1   -0.2    0.2
    51.934  -169.556   -0.1   -0.2    0.2
    51.943  -169.556   -0.1   -0.2    0.2
    51.952  -169.556   -0.1   -0.3    0.2
    51.961  -169.556   -0.1   -0.3    0.3
    51.970  -169.556   -0.1   -0.3    0.3
    51.979  -169.556   -0.1   -0.3    0.3
    51.988  -169.556   -0.1   -0.4    0.4
    51.997  -169.556   -0.1   -0.4    0.4
    52.006  -169.556   -0.1   -0.4    0.5
    52.015  -169.556   -0.1   -0.5    0.5
    52.024  -169.556   -0.1   -0.5    0.6
    52.033  -169.556   -0.1   -0.6    0.6
    52.042  -169.556   -0.1   -0.6    0.7
    52.051  -169.556   -0.1   -0.6    0.8
    52.060  -169.556   -0.1   -0.7    0.9
    52.069  -169.556   -0.1   -0.7    0.9
    52.078  -169.556   -0.1   -0.8    1.0
    52.087  -169.556   -0.2   -0.8    1.1
    52.096  -169.556   -0.2   -0.9    1.2
    52.105  -169.556   -0.2   -0.9    1.3
    52.114  -169.556   -0.2   -1.0    1.4
    52.123  -169.556   -0.3   -1.1    1.5
    52.132  -169.556   -0.3   -1.2    1.6
    52.141  -169.556   -0.4   -1.2    1.8
    52.150  -169.556   -0.4   -1.3    1.9
    52.159  -169.556   -0.5   -1.5    2.1
    52.168  -169.556   -0.5   -1.6    2.3
    52.177  -169.556   -0.6   -1.7    2.5
    52.186  -169.556   -0.6   -1.8    2.8
    52.195  -169.556   -0.7   -2.0    3.1
    52.204  -169.556   -0.9   -2.1    3.4
    52.213  -169.556   -1.0   -2.3    3.8
    52.222  -169.556   -1.2   -2.5    4.3
    52.231  -169.556   -1.4   -2.6    4.8
    52.240  -169.556   -1.5   -2.5    5.3
    52.249  -169.556   -1.4   -1.7    5.0
    52.258  -169.556    1.8   -0.6   -2.3
    52.267  -169.556    2.6   -1.2   -2.6
    52.276  -169.556    2.5   -1.4   -2.4
    52.285  -169.556    2.3   -1.4   -2.3
    52.294  -169.556    2.1   -1.5   -2.2
    52.303  -169.556    2.0   -1.6   -2.1
    52.312  -169.556    1.8   -1.6   -2.1
    52.321  -169.556    1.7   -1.7   -2.0
    52.330  -169.556    1.6   -1.8   -1.9
    52.339  -169.556    1.6   -1.8   -1.8
    52.348  -169.556    1.5   -1.8   -1.7
    52.357  -169.556    1.5   -1.9   -1.6
    52.366  -169.556    1.4   -1.9   -1.4
    52.375  -169.556    1.3   -1.9   -1.3
    52.384  -169.556    1.3   -1.9   -1.2
    52.393  -169.556    1.2   -1.9   -1.1
    52.402  -169.556    1.1   -1.9   -1.0
    52.411  -169.556    1.1   -1.8   -0.9
    52.420  -169.556    1.0   -1.8   -0.9
    52.429  -169.556    0.9   -1.7   -0.8
    52.438  -169.556    0.9   -1.7   -0.7
    52.447  -169.556    0.8   -1.6   -0.6
    52.456  -169.556    0.7   -1.5   -0.6
    52.465  -169.556    0.7   -1.5   -0.5
    52.474  -169.556    0.6   -1.4   -0.5
    52.483  -169.556    0.6   -1.3   -0.4
    52.492  -169.556    0.5   -1.3   -0.4
    52.501  -169.556    0.5   -1.2   -0.4
    52.510  -169.556    0.5   -1.2   -0.3
    52.519  -169.556    0.4   -1.1   -0.3
    52.528  -169.556    0.4   -1.1   -0.3
    52.537  -169.556    0.4   -1.0   -0.3
    52.546  -169.556    0.3   -1.0   -0.2
    52.555  -169.556    0.3   -0.9   -0.2
    52.564  -169.556    0.3   -0.9   -0.2
    52.573  -169.556    0.3   -0.8   -0.2
    52.582  -169.556    0.3   -0.8   -0.2
    52.591  -169.556    0.2   -0.8   -0.2
    52.600  -169.556    0.2   -0.7   -0.2
    52.609  -169.556    0.2   -0.7   -0.1
    52.618  -169.556    0.2   -0.7   -0.1
    52.627  -169.556    0.2   -0.6   -0.1
    52.636  -169.556    0.2   -0.6   -0.1
    52.645  -169.556    0.2   -0.6   -0.1
    52.654  -169.556    0.2   -0.6   -0.1
    52.663  -169.556    0.1   -0.5   -0.1
    52.672  -169.556    0.1   -0.5   -0.1
    51.771  -169.541   -0.0    0.0    0.0
    51.780  -169.541   -0.0    0.0    0.0
    51.789  -169.541   -0.0    0.0    0.0
    51.798  -169.541   -0.0    0.0    0.0
    51.808  -169.541   -0.0   -0.0    0.0
    51.817  -169.541   -0.0   -0.0    0.0
    51.826  -169.541   -0.0   -0.0    0.0
    51.835  -169.541   -0.0   -0.0    0.1
    51.844  -169.541   -0.0   -0.0    0.1
    51.853  -169.541   -0.0   -0.0    0.1
    51.862  -169.541   -0.0   -0.1    0.1
    51.871  -169.541   -0.0   -0.1    0.1
    51.880  -169.541   -0.0   -0.1    0.1
    51.889  -169.541   -0.0   -0.1    0.1
    51.898  -169.541   -0.0   -0.1    0.1
    51.907  -169.541   -0.0   -0.1    0.1
    51.916  -169.541   -0.0   -0.1    0.2
    51.925  -169.541   -0.0   -0.2    0.2
    51.934  -169.541   -0.0   -0.2    0.2
    51.943  -169.541   -0.0   -0.2    0.2
    51.952  -169.541   -0.0   -0.2    0.2
    51.961  -169.541   -0.0   -0.3    0.3
    51.970  -169.541   -0.0   -0.3    0.3
    51.979  -169.541   -0.0   -0.3    0.3
    51.988  -169.541   -0.0   -0.4    0.4
    51.997  -169.541   -0.0   -0.4    0.4
    52.006  -169.541   -0.0   -0.4    0.5
    52.015  -169.541   -0.0   -0.5    0.5
    52.024  -169.541   -0.0   -0.5    0.6
    52.033  -169.541   -0.0   -0.5    0.7
    52.042  -169.541   -0.1   -0.6    0.7
    52.051  -169.541   -0.1   -0.6    0.8
    52.060  -169.541   -0.1   -0.7    0.9
    52.069  -169.541   -0.1   -0.7    1.0
    52.078  -169.541   -0.1   -0.8    1.1
    52.087  -169.541   -0.1   -0.8    1.1
    52.096  -169.541   -0.1   -0.9    1.2
    52.105  -169.541   -0.2   -0.9    1.3
    52.114  -169.541   -0.2   -1.0    1.5
    52.123  -169.541   -0.2   -1.0    1.6
    52.132  -169.541   -0.3   -1.1    1.7
    52.141  -169.541   -0.3   -1.2    1.8
    52.150  -169.541   -0.3   -1.2    2.0
    52.159  -169.541   -0.4   -1.3    2.1
    52.168  -169.541   -0.4   -1.4    2.3
    52.177  -169.541   -0.5   -1.5    2.5
    52.186  -169.541   -0.6   -1.5    2.7
    52.195  -169.541   -0.7   -1.6    3.0
    52.204  -169.541   -0.8   -1.7    3.2
    52.213  -169.541   -1.0   -1.8    3.5
    52.222  -169.541   -1.2   -2.0    3.8
    52.231  -169.541   -1.4   -2.1    4.2
    52.240  -169.541   -1.6   -2.2    4.5
    52.249  -169.541   -1.7   -2.3    4.7
    52.258  -169.541   -1.4   -0.8    3.9
    52.267  -169.541    2.2   -0.8   -2.5
    52.276  -169.541    2.5   -1.2   -2.6
    52.285  -169.541    2.3   -1.4   -2.5
    52.294  -169.541    2.1   -1.5   -2.4
    52.303  -169.541    2.0   -1.6   -2.3
    52.312  -169.541    1.9   -1.7   -2.3
    52.321  -169.541    1.8   -1.8   -2.2
    52.330  -169.541    1.7   -1.9   -2.1
    52.339  -169.541    1.6   -1.9   -1.9
    52.348  -169.541    1.6   -2.0   -1.8
    52.357  -169.541    1.5   -2.0   -1.7
    52.366  -169.541    1.5   -2.1   -1.5
    52.375  -169.541    1.4   -2.1   -1.4
    52.384  -169.541    1.3   -2.1   -1.3
    52.393  -169.541    1.2   -2.0   -1.2
    52.402  -169.541    1.2   -2.0   -1.1
    52.411  -169.541    1.1   -1.9   -1.0
    52.420  -169.541    1.0   -1.9   -0.9
    52.429  -169.541    0.9   -1.8   -0.8
    52.438  -169.541    0.9   -1.8   -0.7
    52.447  -169.541    0.8   -1.7   -0.7
    52.456  -169.541    0.7   -1.6   -0.6
    52.465  -169.541    0.7   -1.5   -0.5
    52.474  -169.541    0.6   -1.5   -0.5
    52.483  -169.541    0.6   -1.4   -0.5
    52.492  -169.541    0.5   -1.3   -0.4
    52.501  -169.541    0.5   -1.3   -0.4
    52.510  -169.541    0.4   -1.2   -0.3
    52.519  -169.541    0.4   -1.1   -0.3
    52.528  -169.541    0.4   -1.1   -0.3
    52.537  -169.541    0.3   -1.0   -0.3
    52.546  -169.541    0.3   -1.0   -0.2
    52.555  -169.541    0.3   -0.9   -0.2
    52.564  -169.541    0.3   -0.9   -0.2
    52.573  -169.541    0.3   -0.9   -0.2
    52.582  -169.541    0.2   -0.8   -0.2
    52.591  -169.541    0.2   -0.8   -0.2
    52.600  -169.541    0.2   -0.7   -0.2
    52.609  -169.541    0.2   -0.7   -0.1
    52.618  -169.541    0.2   -0.7   -0.1
    52.627  -169.541    0.2   -0.6   -0.1
    52.636  -169.541    0.2   -0.6   -0.1
    52.645  -169.541    0.2   -0.6   -0.1
    52.654  -169.541    0.1   -0.6   -0.1
    52.663  -169.541    0.1   -0.5   -0.1
    52.672  -169.541    0.1   -0.5   -0.1
    51.771  -169.527   -0.0    0.0    0.0
    51.780  -169.527   -0.0    0.0    0.0
    51.789  -169.527   -0.0    0.0    0.0
    51.798  -169.527   -0.0    0.0    0.0
    51.808  -169.527   -0.0    0.0    0.0
    51.817  -169.527   -0.0   -0.0    0.0
    51.826  -169.527   -0.0   -0.0    0.0
    51.835  -169.527   -0.0   -0.0    0.1
    51.844  -169.527   -0.0   -0.0    0.1
    51.853  -169.527   -0.0   -0.0    0.1
    51.862  -169.527   -0.0   -0.0    0.1
    51.871  -169.527   -0.0   -0.1    0.1
    51.880  -169.527   -0.0   -0.1    0.1
    51.889  -169.527   -0.0   -0.1    0.1
    51.898  -169.527   -0.0   -0.1    0.1
    51.907  -169.527   -0.0   -0.1    0.1
    51.916  -169.527   -0.0   -0.1    0.2
    51.925  -169.527   -0.0   -0.2    0.2
    51.934  -169.527   -0.0   -0.2    0.2
    51.943  -169.527   -0.0   -0.2    0.2
    51.952  -169.527   -0.0   -0.2    0.2
    51.961  -169.527   -0.0   -0.3    0.3
    51.970  -169.527   -0.0   -0.3    0.3
    51.979  -169.527   -0.0   -0.3    0.3
    51.988  -169.527   -0.0   -0.3    0.4
    51.997  -169.527   -0.0   -0.4    0.4
    52.006  -169.527   -0.0   -0.4    0.5
    52.015  -169.527   -0.0   -0.5    0.5
    52.024  -169.527   -0.0   -0.5    0.6
    52.033  -169.527   -0.0   -0.5    0.7
    52.042  -169.527   -0.0   -0.6    0.7
    52.051  -169.527   -0.0   -0.6    0.8
    52.060  -169.527   -0.0   -0.6    0.9
    52.069  -169.527   -0.0   -0.7    1.0
    52.078  -169.527   -0.0   -0.7    1.1
    52.087  -169.527   -0.1   -0.8    1.2
    52.096  -169.527   -0.1   -0.8    1.3
    52.105  -169.527   -0.1   -0.9    1.4
    52.114  -169.527   -0.1   -0.9    1.5
    52.123  -169.527   -0.2   -1.0    1.6
    52.132  -169.527   -0.2   -1.0    1.7
    52.141  -169.527   -0.2   -1.1    1.9
    52.150  -169.527   -0.3   -1.1    2.0
    52.159  -169.527   -0.3   -1.1    2.2
    52.168  -169.527   -0.4   -1.2    2.3
    52.177  -169.527   -0.5   -1.2    2.5
    52.186  -169.527   -0.6   -1.3    2.7
    52.195  -169.527   -0.7   -1.3    2.9
    52.204  -169.527   -0.8   -1.4    3.1
    52.213  -169.527   -1.0   -1.5    3.3
    52.222  -169.527   -1.2   -1.6    3.5
    52.231  -169.527   -1.4   -1.7    3.8
    52.240  -169.527   -1.6   -1.9    4.0
    52.249  -169.527   -1.7   -2.1    4.4
    52.258  -169.527   -1.8   -2.1    4.7
    52.267  -169.527   -0.9    0.4    1.2
    52.276  -169.527    2.2   -0.9   -2.7
    52.285  -169.527    2.3   -1.2   -2.7
    52.294  -169.527    2.1   -1.4   -2.6
    52.303  -169.527    2.0   -1.6   -2.6
    52.312  -169.527    1.9   -1.8   -2.5
    52.321  -169.527    1.8   -1.9   -2.4
    52.330  -169.527    1.7   -2.0   -2.2
    52.339  -169.527    1.7   -2.1   -2.1
    52.348  -169.527    1.6   -2.2   -2.0
    52.357  -169.527    1.6   -2.2   -1.8
    52.366  -169.527    1.5   -2.2   -1.6
    52.375  -169.527    1.5   -2.3   -1.5
    52.384  -169.527    1.4   -2.2   -1.4
    52.393  -169.527    1.3   -2.2   -1.2
    52.402  -169.527    1.2   -2.2   -1.1
    52.411  -169.527    1.1   -2.1   -1.0
    52.420  -169.527    1.0   -2.0   -0.9
    52.429  -169.527    0.9   -1.9   -0.8
    52.438  -169.527    0.9   -1.9   -0.7
    52.447  -169.527    0.8   -1.8   -0.7
    52.456  -169.527    0.7   -1.7   -0.6
    52.465  -169.527    0.6   -1.6   -0.5
    52.474  -169.527    0.6   -1.5   -0.5
    52.483  -169.527    0.5   -1.4   -0.5
    52.492  -169.527    0.5   -1.4   -0.4
    52.501  -169.527    0.5   -1.3   -0.4
    52.510  -169.527    0.4   -1.2   -0.3
    52.519  -169.527    0.4   -1.2   -0.3
    52.528  -169.527    0.4   -1.1   -0.3
    52.537  -169.527    0.3   -1.1   -0.3
    52.546  -169.527    0.3   -1.0   -0.2
    52.555  -169.527    0.3   -1.0   -0.2
    52.564  -169.527    0.3   -0.9   -0.2
    52.573  -169.527    0.2   -0.9   -0.2
    52.582  -169.527    0.2   -0.8   -0.2
    52.591  -169.527    0.2   -0.8   -0.2
    52.600  -169.527    0.2   -0.7   -0.2
    52.609  -169.527    0.2   -0.7   -0.1
    52.618  -169.527    0.2   -0.7   -0.1
    52.627  -169.527    0.2   -0.7   -0.1
    52.636  -169.527    0.2   -0.6   -0.1
    52.645  -169.527    0.1   -0.6   -0.1
    52.654  -169.527    0.1   -0.6   -0.1
    52.663  -169.527    0.1   -0.5   -0.1
    52.672  -169.527    0.1   -0.5   -0.1
    51.771  -169.512   -0.0    0.0    0.0
    51.780  -169.512   -0.0    0.0    0.0
    51.789  -169.512   -0.0    0.0    0.0
    51.798  -169.512   -0.0    0.0    0.0
    51.808  -169.512   -0.0    0.0    0.0
    51.817  -169.512   -0.0    0.0    0.0
    51.826  -169.512   -0.0   -0.0    0.1
    51.835  -169.512   -0.0   -0.0    0.1
    51.844  -169.512   -0.0   -0.0    0.1
    51.853  -169.512   -0.0   -0.0    0.1
    51.862  -169.512   -0.0   -0.0    0.1
    51.871  -169.512   -0.0   -0.1    0.1
    51.880  -169.512   -0.0   -0.1    0.1
    51.889  -169.512   -0.0   -0.1    0.1
    51.898  -169.512   -0.0   -0.1    0.1
    51.907  -169.512   -0.0   -0.1    0.1
    51.916  -169.512   -0.0   -0.1    0.2
    51.925  -169.512   -0.0   -0.2    0.2
    51.934  -169.512   -0.0   -0.2    0.2
    51.943  -169.512   -0.0   -0.2    0.2
    51.952  -169.512   -0.0   -0.2    0.2
    51.961  -169.512   -0.0   -0.2    0.3
    51.970  -169.512   -0.0   -0.3    0.3
    51.979  -169.512   -0.0   -0.3    0.3
    51.988  -169.512   -0.0   -0.3    0.4
    51.997  -169.512   -0.0   -0.4    0.4
    52.006  -169.512   -0.0   -0.4    0.5
    52.015  -169.512   -0.0   -0.4    0.5
    52.024  -169.512    0.0   -0.5    0.6
    52.033  -169.512    0.0   -0.5    0.7
    52.042  -169.512    0.0   -0.5    0.7
    52.051  -169.512    0.0   -0.6    0.8
    52.060  -169.512   -0.0   -0.6    0.9
    52.069  -169.512   -0.0   -0.7    1.0
    52.078  -169.512   -0.0   -0.7    1.1
    52.087  -169.512   -0.0   -0.7    1.2
    52.096  -169.512   -0.0   -0.8    1.3
    52.105  -169.512   -0.1   -0.8    1.4
    52.114  -169.512   -0.1   -0.8    1.5
    52.123  -169.512   -0.1   -0.9    1.6
    52.132  -169.512   -0.1   -0.9    1.8
    52.141  -169.512   -0.2   -0.9    1.9
    52.150  -169.512   -0.2   -1.0    2.1
    52.159  -169.512   -0.3   -1.0    2.2
    52.168  -169.512   -0.3   -1.0    2.4
    52.177  -169.512   -0.4   -1.0    2.5
    52.186  -169.512   -0.5   -1.0    2.7
    52.195  -169.512   -0.6   -1.0    2.8
    52.204  -169.512   -0.8   -1.1    3.0
    52.213  -169.512   -1.0   -1.1    3.2
    52.222  -169.512   -1.1   -1.2    3.3
    52.231  -169.512   -1.3   -1.4    3.5
    52.240  -169.512   -1.5   -1.5    3.8
    52.249  -169.512   -1.6   -1.7    4.1
    52.258  -169.512   -1.8   -1.9    4.4
    52.267  -169.512   -1.7   -1.8    4.7
    52.276  -169.512    0.4    0.2   -1.5
    52.285  -169.512    2.1   -1.0   -2.8
    52.294  -169.512    2.1   -1.4   -2.8
    52.303  -169.512    2.0   -1.7   -2.8
    52.312  -169.512    1.9   -1.9   -2.7
    52.321  -169.512    1.8   -2.1   -2.6
    52.330  -169.512    1.8   -2.2   -2.5
    52.339  -169.512    1.7   -2.3   -2.3
    52.348  -169.512    1.7   -2.4   -2.1
    52.357  -169.512    1.7   -2.5   -1.9
    52.366  -169.512    1.6   -2.5   -1.8
    52.375  -169.512    1.5   -2.5   -1.6
    52.384  -169.512    1.4   -2.5   -1.4
    52.393  -169.512    1.3   -2.4   -1.3
    52.402  -169.512    1.2   -2.3   -1.1
    52.411  -169.512    1.1   -2.3   -1.0
    52.420  -169.512    1.0   -2.2   -0.9
    52.429  -169.512    0.9   -2.1   -0.8
    52.438  -169.512    0.8   -2.0   -0.7
    52.447  -169.512    0.8   -1.9   -0.7
    52.456  -169.512    0.7   -1.8   -0.6
    52.465  -169.512    0.6   -1.7   -0.6
    52.474  -169.512    0.6   -1.6   -0.5
    52.483  -169.512    0.5   -1.5   -0.5
    52.492  -169.512    0.5   -1.4   -0.4
    52.501  -169.512    0.4   -1.3   -0.4
    52.510  -169.512    0.4   -1.3   -0.3
    52.519  -169.512    0.4   -1.2   -0.3
    52.528  -169.512    0.3   -1.1   -0.3
    52.537  -169.512    0.3   -1.1   -0.3
    52.546  -169.512    0.3   -1.0   -0.2
    52.555  -169.512    0.3   -1.0   -0.2
    52.564  -169.512    0.2   -0.9   -0.2
    52.573  -169.512    0.2   -0.9   -0.2
    52.582  -169.512    0.2   -0.8   -0.2
    52.591  -169.512    0.2   -0.8   -0.2
    52.600  -169.512    0.2   -0.8   -0.2
    52.609  -169.512    0.2   -0.7   -0.1
    52.618  -169.512    0.2   -0.7   -0.1
    52.627  -169.512    0.2   -0.7   -0.1
    52.636  -169.512    0.1   -0.6   -0.1
    52.645  -169.512    0.1   -0.6   -0.1
    52.654  -169.512    0.1   -0.6   -0.1
    52.663  -169.512    0.1   -0.5   -0.1
    52.672  -169.512    0.1   -0.5   -0.1
    51.771  -169.497   -0.0    0.0    0.0
    51.780  -169.497   -0.0    0.0    0.0
    51.789  -169.497   -0.0    0.0    0.0
    51.798  -169.497   -0.0    0.0    0.0
    51.808  -169.497   -0.0    0.0    0.0
    51.817  -169.497   -0.0    0.0    0.0
    51.826  -169.497   -0.0   -0.0    0.1
    51.835  -169.497   -0.0   -0.0    0.1
    51.844  -169.497   -0.0   -0.0    0.1
    51.853  -169.497   -0.0   -0.0    0.1
    51.862  -169.497   -0.0   -0.0    0.1
    51.871  -169.497   -0.0   -0.0    0.1
    51.880  -169.497   -0.0   -0.1    0.1
    51.889  -169.497   -0.0   -0.1    0.1
    51.898  -169.497   -0.0   -0.1    0.1
    51.907  -169.497   -0.0   -0.1    0.1
    51.916  -169.497   -0.0   -0.1    0.2
    51.925  -169.497   -0.0   -0.1    0.2
    51.934  -169.497   -0.0   -0.2    0.2
    51.943  -169.497   -0.0   -0.2    0.2
    51.952  -169.497   -0.0   -0.2    0.3
    51.961  -169.497   -0.0   -0.2    0.3
    51.970  -169.497   -0.0   -0.3    0.3
    51.979  -169.497   -0.0   -0.3    0.3
    51.988  -169.497    0.0   -0.3    0.4
    51.997  -169.497    0.0   -0.3    0.4
    52.006  -169.497    0.0   -0.4    0.5
    52.015  -169.497    0.0   -0.4    0.5
    52.024  -169.497    0.0   -0.4    0.6
    52.033  -169.497    0.0   -0.5    0.7
    52.042  -169.497    0.0   -0.5    0.7
    52.051  -169.497    0.0   -0.5    0.8
    52.060  -169.497    0.0   -0.6    0.9
    52.069  -169.497    0.0   -0.6    1.0
    52.078  -169.497    0.0   -0.7    1.1
    52.087  -169.497    0.0   -0.7    1.2
    52.096  -169.497    0.0   -0.7    1.3
    52.105  -169.497   -0.0   -0.7    1.4
    52.114  -169.497   -0.0   -0.8    1.5
    52.123  -169.497   -0.1   -0.8    1.7
    52.132  -169.497   -0.1   -0.8    1.8
    52.141  -169.497   -0.1   -0.8    1.9
    52.150  -169.497   -0.2   -0.9    2.1
    52.159  -169.497   -0.2   -0.9    2.2
    52.168  -169.497   -0.3   -0.8    2.4
    52.177  -169.497   -0.4   -0.8    2.5
    52.186  -169.497   -0.5   -0.8    2.7
    52.195  -169.497   -0.6   -0.8    2.8
    52.204  -169.497   -0.7   -0.8    3.0
    52.213  -169.497   -0.9   -0.9    3.1
    52.222  -169.497   -1.0   -0.9    3.3
    52.231  -169.497   -1.2   -1.0    3.5
    52.240  -169.497   -1.3   -1.1    3.7
    52.249  -169.497   -1.5   -1.3    4.0
    52.258  -169.497   -1.6   -1.4    4.2
    52.267  -169.497   -1.7   -1.5    4.5
    52.276  -169.497   -1.6   -1.1    4.5
    52.285  -169.497    1.1   -0.4   -2.6
    52.294  -169.497    2.1   -1.5   -3.1
    52.303  -169.497    2.0   -1.9   -3.1
    52.312  -169.497    1.9   -2.1   -3.0
    52.321  -169.497    1.8   -2.3   -2.9
    52.330  -169.497    1.8   -2.4   -2.7
    52.339  -169.497    1.8   -2.6   -2.5
    52.348  -169.497    1.8   -2.7   -2.3
    52.357  -169.497    1.8   -2.8   -2.1
    52.366  -169.497    1.7   -2.8   -1.9
    52.375  -169.497    1.6   -2.8   -1.7
    52.384  -169.497    1.5   -2.7   -1.5
    52.393  -169.497    1.4   -2.7   -1.3
    52.402  -169.497    1.3   -2.6   -1.2
    52.411  -169.497    1.1   -2.5   -1.1
    52.420  -169.497    1.0   -2.3   -0.9
    52.429  -169.497    0.9   -2.2   -0.8
    52.438  -169.497    0.8   -2.1   -0.8
    52.447  -169.497    0.7   -2.0   -0.7
    52.456  -169.497    0.7   -1.8   -0.6
    52.465  -169.497    0.6   -1.7   -0.6
    52.474  -169.497    0.5   -1.6   -0.5
    52.483  -169.497    0.5   -1.5   -0.5
    52.492  -169.497    0.4   -1.4   -0.4
    52.501  -169.497    0.4   -1.4   -0.4
    52.510  -169.497    0.4   -1.3   -0.3
    52.519  -169.497    0.3   -1.2   -0.3
    52.528  -169.497    0.3   -1.1   -0.3
    52.537  -169.497    0.3   -1.1   -0.3
    52.546  -169.497    0.3   -1.0   -0.2
    52.555  -169.497    0.2   -1.0   -0.2
    52.564  -169.497    0.2   -0.9   -0.2
    52.573  -169.497    0.2   -0.9   -0.2
    52.582  -169.497    0.2   -0.8   -0.2
    52.591  -169.497    0.2   -0.8   -0.2
    52.600  -169.497    0.2   -0.8   -0.2
    52.609  -169.497    0.2   -0.7   -0.1
    52.618  -169.497    0.2   -0.7   -0.1
    52.627  -169.497    0.1   -0.7   -0.1
    52.636  -169.497    0.1   -0.6   -0.1
    52.645  -169.497    0.1   -0.6   -0.1
    52.654  -169.497    0.1   -0.6   -0.1
    52.663  -169.497    0.1   -0.5   -0.1
    52.672  -169.497    0.1   -0.5   -0.1
    51.771  -169.482   -0.0    0.0    0.0
    51.780  -169.482   -0.0    0.0    0.0
    51.789  -169.482   -0.0    0.0    0.0
    51.798  -169.482   -0.0    0.0    0.0
    51.808  -169.482   -0.0    0.0    0.0
    51.817  -169.482   -0.0    0.0    0.0
    51.826  -169.482   -0.0    0.0    0.1
    51.835  -169.482   -0.0   -0.0    0.1
    51.844  -169.482   -0.0   -0.0    0.1
    51.853  -169.482   -0.0   -0.0    0.1
    51.862  -169.482   -0.0   -0.0    0.1
    51.871  -169.482   -0.0   -0.0    0.1
    51.880  -169.482   -0.0   -0.1    0.1
    51.889  -169.482   -0.0   -0.1    0.1
    51.898  -169.482   -0.0   -0.1    0.1
    51.907  -169.482   -0.0   -0.1    0.1
    51.916  -169.482   -0.0   -0.1    0.2
    51.925  -169.482   -0.0   -0.1    0.2
    51.934  -169.482   -0.0   -0.1    0.2
    51.943  -169.482   -0.0   -0.2    0.2
    51.952  -169.482   -0.0   -0.2    0.3
    51.961  -169.482   -0.0   -0.2    0.3
    51.970  -169.482    0.0   -0.2    0.3
    51.979  -169.482    0.0   -0.3    0.3
    51.988  -169.482    0.0   -0.3    0.4
    51.997  -169.482    0.0   -0.3    0.4
    52.006  -169.482    0.0   -0.4    0.5
    52.015  -169.482    0.0   -0.4    0.5
    52.024  -169.482    0.0   -0.4    0.6
    52.033  -169.482    0.0   -0.4    0.7
    52.042  -169.482    0.0   -0.5    0.7
    52.051  -169.482    0.0   -0.5    0.8
    52.060  -169.482    0.1   -0.5    0.9
    52.069  -169.482    0.1   -0.6    1.0
    52.078  -169.482    0.0   -0.6    1.1
    52.087  -169.482    0.0   -0.6    1.2
    52.096  -169.482    0.0   -0.7    1.3
    52.105  -169.482    0.0   -0.7    1.4
    52.114  -169.482    0.0   -0.7    1.5
    52.123  -169.482   -0.0   -0.7    1.7
    52.132  -169.482   -0.0   -0.7    1.8
    52.141  -169.482   -0.1   -0.7    1.9
    52.150  -169.482   -0.1   -0.7    2.1
    52.159  -169.482   -0.2   -0.7    2.2
    52.168  -169.482   -0.2   -0.7    2.4
    52.177  -169.482   -0.3   -0.7    2.6
    52.186  -169.482   -0.4   -0.7    2.7
    52.195  -169.482   -0.5   -0.6    2.9
    52.204  -169.482   -0.7   -0.6    3.0
    52.213  -169.482   -0.8   -0.6    3.2
    52.222  -169.482   -0.9   -0.6    3.3
    52.231  -169.482   -1.1   -0.7    3.5
    52.240  -169.482   -1.2   -0.8    3.7
    52.249  -169.482   -1.3   -0.8    4.0
    52.258  -169.482   -1.5   -0.9    4.2
    52.267  -169.482   -1.6   -0.9    4.5
    52.276  -169.482   -1.6   -1.1    4.9
    52.285  -169.482   -1.0    0.1    5.0
    52.294  -169.482    1.5   -1.5   -3.3
    52.303  -169.482    1.9   -2.2   -3.4
    52.312  -169.482    1.8   -2.4   -3.3
    52.321  -169.482    1.8   -2.6   -3.2
    52.330  -169.482    1.9   -2.8   -3.0
    52.339  -169.482    2.0   -3.0   -2.8
    52.348  -169.482    2.0   -3.1   -2.5
    52.357  -169.482    2.0   -3.2   -2.3
    52.366  -169.482    1.9   -3.2   -2.0
    52.375  -169.482    1.8   -3.2   -1.8
    52.384  -169.482    1.6   -3.1   -1.6
    52.393  -169.482    1.4   -3.0   -1.4
    52.402  -169.482    1.3   -2.8   -1.2
    52.411  -169.482    1.1   -2.7   -1.1
    52.420  -169.482    1.0   -2.5   -1.0
    52.429  -169.482    0.9   -2.3   -0.9
    52.438  -169.482    0.8   -2.2   -0.8
    52.447  -169.482    0.7   -2.1   -0.7
    52.456  -169.482    0.6   -1.9   -0.6
    52.465  -169.482    0.6   -1.8   -0.6
    52.474  -169.482    0.5   -1.7   -0.5
    52.483  -169.482    0.5   -1.6   -0.5
    52.492  -169.482    0.4   -1.5   -0.4
    52.501  -169.482    0.4   -1.4   -0.4
    52.510  -169.482    0.3   -1.3   -0.3
    52.519  -169.482    0.3   -1.2   -0.3
    52.528  -169.482    0.3   -1.2   -0.3
    52.537  -169.482    0.3   -1.1   -0.3
    52.546  -169.482    0.2   -1.0   -0.2
    52.555  -169.482    0.2   -1.0   -0.2
    52.564  -169.482    0.2   -0.9   -0.2
    52.573  -169.482    0.2   -0.9   -0.2
    52.582  -169.482    0.2   -0.8   -0.2
    52.591  -169.482    0.2   -0.8   -0.2
    52.600  -169.482    0.2   -0.8   -0.1
    52.609  -169.482    0.1   -0.7   -0.1
    52.618  -169.482    0.1   -0.7   -0.1
    52.627  -169.482    0.1   -0.7   -0.1
    52.636  -169.482    0.1   -0.6   -0.1
    52.645  -169.482    0.1   -0.6   -0.1
    52.654  -169.482    0.1   -0.6   -0.1
    52.663  -169.482    0.1   -0.5   -0.1
    52.672  -169.482    0.1   -0.5   -0.1
    51.771  -169.468   -0.0    0.0    0.0
    51.780  -169.468   -0.0    0.0    0.0
    51.789  -169.468   -0.0    0.0    0.0
    51.798  -169.468   -0.0    0.0    0.0
    51.808  -169.468   -0.0    0.0    0.0
    51.817  -169.468   -0.0    0.0    0.1
    51.826  -169.468   -0.0    0.0    0.1
    51.835  -169.468   -0.0    0.0    0.1
    51.844  -169.468   -0.0   -0.0    0.1
    51.853  -169.468   -0.0   -0.0    0.1
    51.862  -169.468   -0.0   -0.0    0.1
    51.871  -169.468   -0.0   -0.0    0.1
    51.880  -169.468   -0.0   -0.0    0.1
    51.889  -169.468   -0.0   -0.1    0.1
    51.898  -169.468   -0.0   -0.1    0.1
    51.907  -169.468   -0.0   -0.1    0.1
    51.916  -169.468   -0.0   -0.1    0.2
    51.925  -169.468   -0.0   -0.1    0.2
    51.934  -169.468   -0.0   -0.1    0.2
    51.943  -169.468   -0.0   -0.2    0.2
    51.952  -169.468   -0.0   -0.2    0.3
    51.961  -169.468    0.0   -0.2    0.3
    51.970  -169.468    0.0   -0.2    0.3
    51.979  -169.468    0.0   -0.2    0.3
    51.988  -169.468    0.0   -0.3    0.4
    51.997  -169.468    0.0   -0.3    0.4
    52.006  -169.468    0.0   -0.3    0.5
    52.015  -169.468    0.0   -0.4    0.5
    52.024  -169.468    0.1   -0.4    0.6
    52.033  -169.468    0.1   -0.4    0.7
    52.042  -169.468    0.1   -0.4    0.7
    52.051  -169.468    0.1   -0.5    0.8
    52.060  -169.468    0.1   -0.5    0.9
    52.069  -169.468    0.1   -0.5    1.0
    52.078  -169.468    0.1   -0.6    1.1
    52.087  -169.468    0.1   -0.6    1.2
    52.096  -169.468    0.1   -0.6    1.3
    52.105  -169.468    0.1   -0.6    1.4
    52.114  -169.468    0.0   -0.6    1.5
    52.123  -169.468    0.0   -0.6    1.7
    52.132  -169.468   -0.0   -0.6    1.8
    52.141  -169.468   -0.0   -0.6    1.9
    52.150  -169.468   -0.1   -0.6    2.1
    52.159  -169.468   -0.1   -0.6    2.2
    52.168  -169.468   -0.2   -0.6    2.4
    52.177  -169.468   -0.3   -0.5    2.6
    52.186  -169.468   -0.3   -0.5    2.7
    52.195  -169.468   -0.4   -0.5    2.9
    52.204  -169.468   -0.5   -0.4    3.0
    52.213  -169.468   -0.7   -0.4    3.2
    52.222  -169.468   -0.8   -0.4    3.4
    52.231  -169.468   -0.9   -0.4    3.6
    52.240  -169.468   -1.0   -0.4    3.8
    52.249  -169.468   -1.1   -0.5    4.1
    52.258  -169.468   -1.2   -0.5    4.4
    52.267  -169.468   -1.3   -0.6    4.7
    52.276  -169.468   -1.0   -0.8    5.2
    52.285  -169.468   -0.4   -0.8    6.0
    52.294  -169.468   -1.0    1.0    1.7
    52.303  -169.468    1.5   -2.1   -3.6
    52.312  -169.468    1.6   -2.6   -3.7
    52.321  -169.468    1.8   -2.9   -3.6
    52.330  -169.468    2.0   -3.2   -3.4
    52.339  -169.468    2.2   -3.5   -3.2
    52.348  -169.468    2.3   -3.7   -2.8
    52.357  -169.468    2.2   -3.8   -2.5
    52.366  -169.468    2.1   -3.8   -2.2
    52.375  -169.468    1.9   -3.7   -1.9
    52.384  -169.468    1.7   -3.5   -1.6
    52.393  -169.468    1.5   -3.3   -1.4
    52.402  -169.468    1.3   -3.1   -1.2
    52.411  -169.468    1.1   -2.9   -1.1
    52.420  -169.468    1.0   -2.7   -1.0
    52.429  -169.468    0.8   -2.5   -0.9
    52.438  -169.468    0.7   -2.3   -0.8
    52.447  -169.468    0.7   -2.1   -0.7
    52.456  -169.468    0.6   -2.0   -0.6
    52.465  -169.468    0.5   -1.8   -0.6
    52.474  -169.468    0.5   -1.7   -0.5
    52.483  -169.468    0.4   -1.6   -0.5
    52.492  -169.468    0.4   -1.5   -0.4
    52.501  -169.468    0.3   -1.4   -0.4
    52.510  -169.468    0.3   -1.3   -0.3
    52.519  -169.468    0.3   -1.2   -0.3
    52.528  -169.468    0.3   -1.2   -0.3
    52.537  -169.468    0.2   -1.1   -0.3
    52.546  -169.468    0.2   -1.0   -0.2
    52.555  -169.468    0.2   -1.0   -0.2
    52.564  -169.468    0.2   -0.9   -0.2
    52.573  -169.468    0.2   -0.9   -0.2
    52.582  -169.468    0.2   -0.8   -0.2
    52.591  -169.468    0.2   -0.8   -0.2
    52.600  -169.468    0.1   -0.7   -0.1
    52.609  -169.468    0.1   -0.7   -0.1
    52.618  -169.468    0.1   -0.7   -0.1
    52.627  -169.468    0.1   -0.6   -0.1
    52.636  -169.468    0.1   -0.6   -0.1
    52.645  -169.468    0.1   -0.6   -0.1
    52.654  -169.468    0.1   -0.6   -0.1
    52.663  -169.468    0.1   -0.5   -0.1
    52.672  -169.468    0.1   -0.5   -0.1
    51.771  -169.453   -0.0    0.0    0.0
    51.780  -169.453   -0.0    0.0    0.0
    51.789  -169.453   -0.0    0.0    0.0
    51.798  -169.453   -0.0    0.0    0.0
    51.808  -169.453   -0.0    0.0    0.0
    51.817  -169.453   -0.0    0.0    0.1
    51.826  -169.453   -0.0    0.0    0.1
    51.835  -169.453   -0.0    0.0    0.1
    51.844  -169.453   -0.0   -0.0    0.1
    51.853  -169.453   -0.0   -0.0    0.1
    51.862  -169.453   -0.0   -0.0    0.1
    51.871  -169.453   -0.0   -0.0    0.1
    51.880  -169.453   -0.0   -0.0    0.1
    51.889  -169.453   -0.0   -0.0    0.1
    51.898  -169.453   -0.0   -0.1    0.1
    51.907  -169.453   -0.0   -0.1    0.1
    51.916  -169.453   -0.0   -0.1    0.2
    51.925  -169.453   -0.0   -0.1    0.2
    51.934  -169.453   -0.0   -0.1    0.2
    51.943  -169.453   -0.0   -0.1    0.2
    51.952  -169.453    0.0   -0.2    0.2
    51.961  -169.453    0.0   -0.2    0.3
    51.970  -169.453    0.0   -0.2    0.3
    51.979  -169.453    0.0   -0.2    0.3
    51.988  -169.453    0.0   -0.2    0.4
    51.997  -169.453    0.0   -0.3    0.4
    52.006  -169.453    0.0   -0.3    0.5
    52.015  -169.453    0.1   -0.3    0.5
    52.024  -169.453    0.1   -0.4    0.6
    52.033  -169.453    0.1   -0.4    0.6
    52.042  -169.453    0.1   -0.4    0.7
    52.051  -169.453    0.1   -0.4    0.8
    52.060  -169.453    0.1   -0.5    0.9
    52.069  -169.453    0.1   -0.5    1.0
    52.078  -169.453    0.1   -0.5    1.1
    52.087  -169.453    0.1   -0.5    1.2
    52.096  -169.453    0.1   -0.5    1.3
    52.105  -169.453    0.1   -0.6    1.4
    52.114  -169.453    0.1   -0.6    1.5
    52.123  -169.453    0.1   -0.6    1.6
    52.132  -169.453    0.0   -0.6    1.8
    52.141  -169.453    0.0   -0.6    1.9
    52.150  -169.453   -0.0   -0.5    2.1
    52.159  -169.453   -0.1   -0.5    2.2
    52.168  -169.453   -0.1   -0.5    2.4
    52.177  -169.453   -0.2   -0.4    2.6
    52.186  -169.453   -0.3   -0.4    2.7
    52.195  -169.453   -0.3   -0.3    2.9
    52.204  -169.453   -0.4   -0.3    3.1
    52.213  -169.453   -0.5   -0.2    3.3
    52.222  -169.453   -0.6   -0.2    3.4
    52.231  -169.453   -0.7   -0.2    3.7
    52.240  -169.453   -0.8   -0.1    3.9
    52.249  -169.453   -0.8   -0.1    4.2
    52.258  -169.453   -0.8   -0.1    4.5
    52.267  -169.453   -0.7   -0.2    4.9
    52.276  -169.453   -0.5   -0.3    5.4
    52.285  -169.453   -0.1   -0.4    5.9
    52.294  -169.453    0.0   -0.4    6.2
    52.303  -169.453   -0.2   -0.0   -1.9
    52.312  -169.453    1.3   -2.5   -4.0
    52.321  -169.453    1.8   -3.1   -4.2
    52.330  -169.453    2.4   -3.8   -4.1
    52.339  -169.453    2.7   -4.4   -3.7
    52.348  -169.453    2.7   -4.6   -3.3
    52.357  -169.453    2.5   -4.6   -2.8
    52.366  -169.453    2.3   -4.5   -2.4
    52.375  -169.453    2.0   -4.3   -2.0
    52.384  -169.453    1.7   -4.0   -1.7
    52.393  -169.453    1.5   -3.7   -1.5
    52.402  -169.453    1.3   -3.4   -1.3
    52.411  -169.453    1.1   -3.1   -1.1
    52.420  -169.453    0.9   -2.9   -1.0
    52.429  -169.453    0.8   -2.6   -0.9
    52.438  -169.453    0.7   -2.4   -0.8
    52.447  -169.453    0.6   -2.2   -0.7
    52.456  -169.453    0.5   -2.0   -0.6
    52.465  -169.453    0.5   -1.9   -0.5
    52.474  -169.453    0.4   -1.8   -0.5
    52.483  -169.453    0.4   -1.6   -0.4
    52.492  -169.453    0.3   -1.5   -0.4
    52.501  -169.453    0.3   -1.4   -0.4
    52.510  -169.453    0.3   -1.3   -0.3
    52.519  -169.453    0.2   -1.2   -0.3
    52.528  -169.453    0.2   -1.2   -0.3
    52.537  -169.453    0.2   -1.1   -0.3
    52.546  -169.453    0.2   -1.0   -0.2
    52.555  -169.453    0.2   -1.0   -0.2
    52.564  -169.453    0.2   -0.9   -0.2
    52.573  -169.453    0.2   -0.9   -0.2
    52.582  -169.453    0.1   -0.8   -0.2
    52.591  -169.453    0.1   -0.8   -0.2
    52.600  -169.453    0.1   -0.7   -0.1
    52.609  -169.453    0.1   -0.7   -0.1
    52.618  -169.453    0.1   -0.7   -0.1
    52.627  -169.453    0.1   -0.6   -0.1
    52.636  -169.453    0.1   -0.6   -0.1
    52.645  -169.453    0.1   -0.6   -0.1
    52.654  -169.453    0.1   -0.6   -0.1
    52.663  -169.453    0.1   -0.5   -0.1
    52.672  -169.453    0.1   -0.5   -0.1
    51.771  -169.438   -0.0    0.0    0.0
    51.780  -169.438   -0.0    0.0    0.0
    51.789  -169.438   -0.0    0.0    0.0
    51.798  -169.438   -0.0    0.0    0.0
    51.808  -169.438   -0.0    0.0    0.0
    51.817  -169.438   -0.0    0.0    0.1
    51.826  -169.438   -0.0    0.0    0.1
    51.835  -169.438   -0.0    0.0    0.1
    51.844  -169.438   -0.0    0.0    0.1
    51.853  -169.438   -0.0   -0.0    0.1
    51.862  -169.438   -0.0   -0.0    0.1
    51.871  -169.438   -0.0   -0.0    0.1
    51.880  -169.438   -0.0   -0.0    0.1
    51.889  -169.438   -0.0   -0.0    0.1
    51.898  -169.438   -0.0   -0.1    0.1
    51.907  -169.438   -0.0   -0.1    0.1
    51.916  -169.438   -0.0   -0.1    0.2
    51.925  -169.438   -0.0   -0.1    0.2
    51.934  -169.438   -0.0   -0.1    0.2
    51.943  -169.438    0.0   -0.1    0.2
    51.952  -169.438    0.0   -0.1    0.2
    51.961  -169.438    0.0   -0.2    0.3
    51.970  -169.438    0.0   -0.2    0.3
    51.979  -169.438    0.0   -0.2    0.3
    51.988  -169.438    0.0   -0.2    0.4
    51.997  -169.438    0.0   -0.2    0.4
    52.006  -169.438    0.1   -0.3    0.5
    52.015  -169.438    0.1   -0.3    0.5
    52.024  -169.438    0.1   -0.3    0.6
    52.033  -169.438    0.1   -0.3    0.6
    52.042  -169.438    0.1   -0.4    0.7
    52.051  -169.438    0.1   -0.4    0.8
    52.060  -169.438    0.1   -0.4    0.9
    52.069  -169.438    0.1   -0.4    0.9
    52.078  -169.438    0.1   -0.5    1.0
    52.087  -169.438    0.1   -0.5    1.1
    52.096  -169.438    0.1   -0.5    1.2
    52.105  -169.438    0.1   -0.5    1.4
    52.114  -169.438    0.1   -0.5    1.5
    52.123  -169.438    0.1   -0.5    1.6
    52.132  -169.438    0.1   -0.5    1.8
    52.141  -169.438    0.1   -0.5    1.9
    52.150  -169.438    0.0   -0.5    2.1
    52.159  -169.438   -0.0   -0.4    2.2
    52.168  -169.438   -0.1   -0.4    2.4
    52.177  -169.438   -0.1   -0.3    2.5
    52.186  -169.438   -0.2   -0.3    2.7
    52.195  -169.438   -0.2   -0.2    2.9
    52.204  -169.438   -0.3   -0.1    3.1
    52.213  -169.438   -0.4   -0.1    3.3
    52.222  -169.438   -0.4    0.0    3.5
    52.231  -169.438   -0.5    0.1    3.7
    52.240  -169.438   -0.5    0.1    3.9
    52.249  -169.438   -0.5    0.2    4.2
    52.258  -169.438   -0.4    0.2    4.6
    52.267  -169.438   -0.3    0.3    5.0
    52.276  -169.438   -0.0    0.3    5.4
    52.285  -169.438    0.2    0.4    5.8
    52.294  -169.438    0.3    0.3    6.1
    52.303  -169.438   -0.2    0.2    6.2
    52.312  -169.438    0.2   -1.2   -3.6
    52.321  -169.438    2.1   -3.6   -5.2
    52.330  -169.438    3.1   -5.2   -5.2
    52.339  -169.438    3.3   -5.8   -4.6
    52.348  -169.438    3.2   -6.0   -3.9
    52.357  -169.438    2.8   -5.8   -3.2
    52.366  -169.438    2.5   -5.4   -2.6
    52.375  -169.438    2.1   -5.0   -2.2
    52.384  -169.438    1.7   -4.6   -1.8
    52.393  -169.438    1.4   -4.1   -1.5
    52.402  -169.438    1.2   -3.7   -1.3
    52.411  -169.438    1.0   -3.3   -1.1
    52.420  -169.438    0.8   -3.0   -1.0
    52.429  -169.438    0.7   -2.7   -0.8
    52.438  -169.438    0.6   -2.5   -0.7
    52.447  -169.438    0.5   -2.3   -0.7
    52.456  -169.438    0.5   -2.1   -0.6
    52.465  -169.438    0.4   -1.9   -0.5
    52.474  -169.438    0.4   -1.8   -0.5
    52.483  -169.438    0.3   -1.6   -0.4
    52.492  -169.438    0.3   -1.5   -0.4
    52.501  -169.438    0.3   -1.4   -0.4
    52.510  -169.438    0.2   -1.3   -0.3
    52.519  -169.438    0.2   -1.2   -0.3
    52.528  -169.438    0.2   -1.2   -0.3
    52.537  -169.438    0.2   -1.1   -0.3
    52.546  -169.438    0.2   -1.0   -0.2
    52.555  -169.438    0.2   -1.0   -0.2
    52.564  -169.438    0.1   -0.9   -0.2
    52.573  -169.438    0.1   -0.9   -0.2
    52.582  -169.438    0.1   -0.8   -0.2
    52.591  -169.438    0.1   -0.8   -0.2
    52.600  -169.438    0.1   -0.7   -0.1
    52.609  -169.438    0.1   -0.7   -0.1
    52.618  -169.438    0.1   -0.7   -0.1
    52.627  -169.438    0.1   -0.6   -0.1
    52.636  -169.438    0.1   -0.6   -0.1
    52.645  -169.438    0.1   -0.6   -0.1
    52.654  -169.438    0.1   -0.6   -0.1
    52.663  -169.438    0.1   -0.5   -0.1
    52.672  -169.438    0.1   -0.5   -0.1
    51.771  -169.424   -0.0    0.0    0.0
    51.780  -169.424   -0.0    0.0    0.0
    51.789  -169.424   -0.0    0.0    0.0
    51.798  -169.424   -0.0    0.0    0.0
    51.808  -169.424   -0.0    0.0    0.0
    51.817  -169.424   -0.0    0.0    0.1
    51.826  -169.424   -0.0    0.0    0.1
    51.835  -169.424   -0.0    0.0    0.1
    51.844  -169.424   -0.0    0.0    0.1
    51.853  -169.424   -0.0    0.0    0.1
    51.862  -169.424   -0.0   -0.0    0.1
    51.871  -169.424   -0.0   -0.0    0.1
    51.880  -169.424   -0.0   -0.0    0.1
    51.889  -169.424   -0.0   -0.0    0.1
    51.898  -169.424   -0.0   -0.0    0.1
    51.907  -169.424   -0.0   -0.1    0.1
    51.916  -169.424   -0.0   -0.1    0.2
    51.925  -169.424   -0.0   -0.1    0.2
    51.934  -169.424    0.0   -0.1    0.2
    51.943  -169.424    0.0   -0.1    0.2
    51.952  -169.424    0.0   -0.1    0.2
    51.961  -169.424    0.0   -0.1    0.3
    51.970  -169.424    0.0   -0.2    0.3
    51.979  -169.424    0.0   -0.2    0.3
    51.988  -169.424    0.0   -0.2    0.4
    51.997  -169.424    0.1   -0.2    0.4
    52.006  -169.424    0.1   -0.2    0.5
    52.015  -169.424    0.1   -0.3    0.5
    52.024  -169.424    0.1   -0.3    0.6
    52.033  -169.424    0.1   -0.3    0.6
    52.042  -169.424    0.1   -0.3    0.7
    52.051  -169.424    0.1   -0.4    0.8
    52.060  -169.424    0.1   -0.4    0.8
    52.069  -169.424    0.1   -0.4    0.9
    52.078  -169.424    0.1   -0.4    1.0
    52.087  -169.424    0.1   -0.4    1.1
    52.096  -169.424    0.1   -0.4    1.2
    52.105  -169.424    0.1   -0.4    1.3
    52.114  -169.424    0.1   -0.4    1.5
    52.123  -169.424    0.1   -0.4    1.6
    52.132  -169.424    0.1   -0.4    1.7
    52.141  -169.424    0.1   -0.4    1.9
    52.150  -169.424    0.1   -0.4    2.0
    52.159  -169.424    0.0   -0.3    2.2
    52.168  -169.424    0.0   -0.3    2.4
    52.177  -169.424   -0.0   -0.2    2.5
    52.186  -169.424   -0.1   -0.2    2.7
    52.195  -169.424   -0.1   -0.1    2.9
    52.204  -169.424   -0.2   -0.0    3.1
    52.213  -169.424   -0.2    0.1    3.2
    52.222  -169.424   -0.2    0.2    3.5
    52.231  -169.424   -0.2    0.3    3.7
    52.240  -169.424   -0.2    0.4    3.9
    52.249  -169.424   -0.2    0.5    4.2
    52.258  -169.424   -0.0    0.6    4.5
    52.267  -169.424    0.1    0.8    4.9
    52.276  -169.424    0.3    1.0    5.3
    52.285  -169.424    0.5    1.2    5.7
    52.294  -169.424    0.6    1.3    6.2
    52.303  -169.424    0.3    1.2    6.9
    52.312  -169.424   -1.7    1.0    7.0
    52.321  -169.424    2.7   -5.7   -7.7
    52.330  -169.424    3.9   -8.0   -7.1
    52.339  -169.424    3.9   -8.2   -5.8
    52.348  -169.424    3.6   -7.8   -4.7
    52.357  -169.424    3.1   -7.2   -3.7
    52.366  -169.424    2.6   -6.5   -2.9
    52.375  -169.424    2.1   -5.8   -2.3
    52.384  -169.424    1.6   -5.1   -1.9
    52.393  -169.424    1.3   -4.5   -1.6
    52.402  -169.424    1.1   -4.0   -1.3
    52.411  -169.424    0.9   -3.5   -1.1
    52.420  -169.424    0.7   -3.1   -1.0
    52.429  -169.424    0.6   -2.8   -0.8
    52.438  -169.424    0.5   -2.5   -0.7
    52.447  -169.424    0.4   -2.3   -0.6
    52.456  -169.424    0.4   -2.1   -0.6
    52.465  -169.424    0.3   -1.9   -0.5
    52.474  -169.424    0.3   -1.8   -0.5
    52.483  -169.424    0.3   -1.6   -0.4
    52.492  -169.424    0.2   -1.5   -0.4
    52.501  -169.424    0.2   -1.4   -0.4
    52.510  -169.424    0.2   -1.3   -0.3
    52.519  -169.424    0.2   -1.2   -0.3
    52.528  -169.424    0.2   -1.2   -0.3
    52.537  -169.424    0.2   -1.1   -0.2
    52.546  -169.424    0.1   -1.0   -0.2
    52.555  -169.424    0.1   -1.0   -0.2
    52.564  -169.424    0.1   -0.9   -0.2
    52.573  -169.424    0.1   -0.9   -0.2
    52.582  -169.424    0.1   -0.8   -0.2
    52.591  -169.424    0.1   -0.8   -0.2
    52.600  -169.424    0.1   -0.7   -0.1
    52.609  -169.424    0.1   -0.7   -0.1
    52.618  -169.424    0.1   -0.7   -0.1
    52.627  -169.424    0.1   -0.6   -0.1
    52.636  -169.424    0.1   -0.6   -0.1
    52.645  -169.424    0.1   -0.6   -0.1
    52.654  -169.424    0.1   -0.5   -0.1
    52.663  -169.424    0.1   -0.5   -0.1
    52.672  -169.424    0.1   -0.5   -0.1
    51.771  -169.409   -0.0    0.1    0.0
    51.780  -169.409   -0.0    0.0    0.0
    51.789  -169.409   -0.0    0.0    0.0
    51.798  -169.409   -0.0    0.0    0.0
    51.808  -169.409   -0.0    0.0    0.1
    51.817  -169.409   -0.0    0.0    0.1
    51.826  -169.409   -0.0    0.0    0.1
    51.835  -169.409   -0.0    0.0    0.1
    51.844  -169.409   -0.0    0.0    0.1
    51.853  -169.409   -0.0    0.0    0.1
    51.862  -169.409   -0.0    0.0    0.1
    51.871  -169.409   -0.0   -0.0    0.1
    51.880  -169.409   -0.0   -0.0    0.1
    51.889  -169.409   -0.0   -0.0    0.1
    51.898  -169.409   -0.0   -0.0    0.1
    51.907  -169.409   -0.0   -0.0    0.1
    51.916  -169.409   -0.0   -0.1    0.2
    51.925  -169.409    0.0   -0.1    0.2
    51.934  -169.409    0.0   -0.1    0.2
    51.943  -169.409    0.0   -0.1    0.2
    51.952  -169.409    0.0   -0.1    0.2
    51.961  -169.409    0.0   -0.1    0.3
    51.970  -169.409    0.0   -0.1    0.3
    51.979  -169.409    0.0   -0.2    0.3
    51.988  -169.409    0.0   -0.2    0.4
    51.997  -169.409    0.1   -0.2    0.4
    52.006  -169.409    0.1   -0.2    0.4
    52.015  -169.409    0.1   -0.2    0.5
    52.024  -169.409    0.1   -0.3    0.5
    52.033  -169.409    0.1   -0.3    0.6
    52.042  -169.409    0.1   -0.3    0.7
    52.051  -169.409    0.1   -0.3    0.7
    52.060  -169.409    0.1   -0.3    0.8
    52.069  -169.409    0.1   -0.3    0.9
    52.078  -169.409    0.1   -0.4    1.0
    52.087  -169.409    0.1   -0.4    1.1
    52.096  -169.409    0.2   -0.4    1.2
    52.105  -169.409    0.2   -0.4    1.3
    52.114  -169.409    0.2   -0.4    1.4
    52.123  -169.409    0.1   -0.4    1.6
    52.132  -169.409    0.1   -0.4    1.7
    52.141  -169.409    0.1   -0.3    1.8
    52.150  -169.409    0.1   -0.3    2.0
    52.159  -169.409    0.1   -0.3    2.1
    52.168  -169.409    0.1   -0.2    2.3
    52.177  -169.409    0.0   -0.1    2.5
    52.186  -169.409    0.0   -0.1    2.6
    52.195  -169.409   -0.0    0.0    2.8
    52.204  -169.409   -0.0    0.1    3.0
    52.213  -169.409   -0.1    0.2    3.2
    52.222  -169.409   -0.1    0.3    3.4
    52.231  -169.409   -0.0    0.5    3.6
    52.240  -169.409    0.0    0.6    3.8
    52.249  -169.409    0.1    0.8    4.1
    52.258  -169.409    0.2    0.9    4.4
    52.267  -169.409    0.4    1.2    4.7
    52.276  -169.409    0.6    1.4    5.1
    52.285  -169.409    0.7    1.6    5.7
    52.294  -169.409    0.8    1.6    6.7
    52.303  -169.409    1.0    1.0    8.9
    52.312  -169.409    3.7   -0.7   15.1
    52.321  -169.409   -0.7    2.7    7.8
    52.330  -169.409    3.2  -10.5   -9.4
    52.339  -169.409    3.9  -10.8   -7.5
    52.348  -169.409    3.7   -9.9   -5.7
    52.357  -169.409    3.1   -8.8   -4.3
    52.366  -169.409    2.5   -7.7   -3.2
    52.375  -169.409    1.9   -6.6   -2.5
    52.384  -169.409    1.4   -5.6   -2.0
    52.393  -169.409    1.1   -4.8   -1.6
    52.402  -169.409    0.9   -4.2   -1.3
    52.411  -169.409    0.7   -3.7   -1.1
    52.420  -169.409    0.6   -3.2   -0.9
    52.429  -169.409    0.5   -2.9   -0.8
    52.438  -169.409    0.4   -2.6   -0.7
    52.447  -169.409    0.3   -2.3   -0.6
    52.456  -169.409    0.3   -2.1   -0.6
    52.465  -169.409    0.3   -1.9   -0.5
    52.474  -169.409    0.2   -1.8   -0.5
    52.483  -169.409    0.2   -1.6   -0.4
    52.492  -169.409    0.2   -1.5   -0.4
    52.501  -169.409    0.2   -1.4   -0.3
    52.510  -169.409    0.2   -1.3   -0.3
    52.519  -169.409    0.1   -1.2   -0.3
    52.528  -169.409    0.1   -1.1   -0.3
    52.537  -169.409    0.1   -1.1   -0.2
    52.546  -169.409    0.1   -1.0   -0.2
    52.555  -169.409    0.1   -0.9   -0.2
    52.564  -169.409    0.1   -0.9   -0.2
    52.573  -169.409    0.1   -0.8   -0.2
    52.582  -169.409    0.1   -0.8   -0.2
    52.591  -169.409    0.1   -0.8   -0.2
    52.600  -169.409    0.1   -0.7   -0.1
    52.609  -169.409    0.1   -0.7   -0.1
    52.618  -169.409    0.1   -0.6   -0.1
    52.627  -169.409    0.1   -0.6   -0.1
    52.636  -169.409    0.1   -0.6   -0.1
    52.645  -169.409    0.1   -0.6   -0.1
    52.654  -169.409    0.1   -0.5   -0.1
    52.663  -169.409    0.1   -0.5   -0.1
    52.672  -169.409    0.1   -0.5   -0.1
    51.771  -169.394   -0.0    0.1    0.0
    51.780  -169.394   -0.0    0.1    0.0
    51.789  -169.394   -0.0    0.1    0.0
    51.798  -169.394   -0.0    0.0    0.0
    51.808  -169.394   -0.0    0.0    0.1
    51.817  -169.394   -0.0    0.0    0.1
    51.826  -169.394   -0.0    0.0    0.1
    51.835  -169.394   -0.0    0.0    0.1
    51.844  -169.394   -0.0    0.0    0.1
    51.853  -169.394   -0.0    0.0    0.1
    51.862  -169.394   -0.0    0.0    0.1
    51.871  -169.394   -0.0    0.0    0.1
    51.880  -169.394   -0.0   -0.0    0.1
    51.889  -169.394   -0.0   -0.0    0.1
    51.898  -169.394   -0.0   -0.0    0.1
    51.907  -169.394   -0.0   -0.0    0.1
    51.916  -169.394   -0.0   -0.0    0.2
    51.925  -169.394    0.0   -0.1    0.2
    51.934  -169.394    0.0   -0.1    0.2
    51.943  -169.394    0.0   -0.1    0.2
    51.952  -169.394    0.0   -0.1    0.2
    51.961  -169.394    0.0   -0.1    0.3
    51.970  -169.394    0.0   -0.1    0.3
    51.979  -169.394    0.0   -0.1    0.3
    51.988  -169.394    0.1   -0.2    0.4
    51.997  -169.394    0.1   -0.2    0.4
    52.006  -169.394    0.1   -0.2    0.4
    52.015  -169.394    0.1   -0.2    0.5
    52.024  -169.394    0.1   -0.2    0.5
    52.033  -169.394    0.1   -0.2    0.6
    52.042  -169.394    0.1   -0.3    0.7
    52.051  -169.394    0.1   -0.3    0.7
    52.060  -169.394    0.1   -0.3    0.8
    52.069  -169.394    0.1   -0.3    0.9
    52.078  -169.394    0.2   -0.3    1.0
    52.087  -169.394    0.2   -0.3    1.1
    52.096  -169.394    0.2   -0.3    1.2
    52.105  -169.394    0.2   -0.3    1.3
    52.114  -169.394    0.2   -0.3    1.4
    52.123  -169.394    0.2   -0.3    1.5
    52.132  -169.394    0.2   -0.3    1.6
    52.141  -169.394    0.2   -0.3    1.8
    52.150  -169.394    0.2   -0.2    1.9
    52.159  -169.394    0.1   -0.2    2.1
    52.168  -169.394    0.1   -0.1    2.2
    52.177  -169.394    0.1   -0.1    2.4
    52.186  -169.394    0.1    0.0    2.6
    52.195  -169.394    0.1    0.1    2.7
    52.204  -169.394    0.1    0.2    2.9
    52.213  -169.394    0.1    0.3    3.1
    52.222  -169.394    0.1    0.4    3.3
    52.231  -169.394    0.1    0.6    3.5
    52.240  -169.394    0.2    0.7    3.7
    52.249  -169.394    0.3    0.9    3.9
    52.258  -169.394    0.4    1.1    4.2
    52.267  -169.394    0.6    1.3    4.5
    52.276  -169.394    0.8    1.5    5.0
    52.285  -169.394    1.0    1.5    5.7
    52.294  -169.394    1.5    1.1    7.1
    52.303  -169.394    2.8    0.3   10.0
    52.312  -169.394    6.1   -0.4   15.1
    52.321  -169.394    9.3    0.5   20.9
    52.330  -169.394    0.0   -3.2   -4.3
    52.339  -169.394    3.4  -12.3   -9.1
    52.348  -169.394    3.6  -11.8   -6.8
    52.357  -169.394    2.9  -10.3   -4.9
    52.366  -169.394    2.1   -8.7   -3.5
    52.375  -169.394    1.5   -7.2   -2.6
    52.384  -169.394    1.1   -6.0   -2.0
    52.393  -169.394    0.8   -5.0   -1.6
    52.402  -169.394    0.6   -4.3   -1.3
    52.411  -169.394    0.5   -3.7   -1.1
    52.420  -169.394    0.4   -3.2   -0.9
    52.429  -169.394    0.3   -2.8   -0.8
    52.438  -169.394    0.3   -2.5   -0.7
    52.447  -169.394    0.2   -2.3   -0.6
    52.456  -169.394    0.2   -2.1   -0.5
    52.465  -169.394    0.2   -1.9   -0.5
    52.474  -169.394    0.2   -1.7   -0.4
    52.483  -169.394    0.1   -1.6   -0.4
    52.492  -169.394    0.1   -1.5   -0.4
    52.501  -169.394    0.1   -1.4   -0.3
    52.510  -169.394    0.1   -1.3   -0.3
    52.519  -169.394    0.1   -1.2   -0.3
    52.528  -169.394    0.1   -1.1   -0.3
    52.537  -169.394    0.1   -1.0   -0.2
    52.546  -169.394    0.1   -1.0   -0.2
    52.555  -169.394    0.1   -0.9   -0.2
    52.564  -169.394    0.1   -0.9   -0.2
    52.573  -169.394    0.1   -0.8   -0.2
    52.582  -169.394    0.1   -0.8   -0.2
    52.591  -169.394    0.1   -0.7   -0.1
    52.600  -169.394    0.1   -0.7   -0.1
    52.609  -169.394    0.1   -0.7   -0.1
    52.618  -169.394    0.1   -0.6   -0.1
    52.627  -169.394    0.1   -0.6   -0.1
    52.636  -169.394    0.1   -0.6   -0.1
    52.645  -169.394    0.0   -0.6   -0.1
    52.654  -169.394    0.0   -0.5   -0.1
    52.663  -169.394    0.0   -0.5   -0.1
    52.672  -169.394    0.0   -0.5   -0.1
    51.771  -169.379   -0.0    0.1    0.0
    51.780  -169.379   -0.0    0.1    0.0
    51.789  -169.379   -0.0    0.1    0.0
    51.798  -169.379   -0.0    0.1    0.0
    51.808  -169.379   -0.0    0.0    0.1
    51.817  -169.379   -0.0    0.0    0.1
    51.826  -169.379   -0.0    0.0    0.1
    51.835  -169.379   -0.0    0.0    0.1
    51.844  -169.379   -0.0    0.0    0.1
    51.853  -169.379   -0.0    0.0    0.1
    51.862  -169.379   -0.0    0.0    0.1
    51.871  -169.379   -0.0    0.0    0.1
    51.880  -169.379   -0.0    0.0    0.1
    51.889  -169.379   -0.0   -0.0    0.1
    51.898  -169.379   -0.0   -0.0    0.1
    51.907  -169.379   -0.0   -0.0    0.1
    51.916  -169.379   -0.0   -0.0    0.2
    51.925  -169.379    0.0   -0.0    0.2
    51.934  -169.379    0.0   -0.1    0.2
    51.943  -169.379    0.0   -0.1    0.2
    51.952  -169.379    0.0   -0.1    0.2
    51.961  -169.379    0.0   -0.1    0.3
    51.970  -169.379    0.0   -0.1    0.3
    51.979  -169.379    0.0   -0.1    0.3
    51.988  -169.379    0.1   -0.1    0.3
    51.997  -169.379    0.1   -0.1    0.4
    52.006  -169.379    0.1   -0.2    0.4
    52.015  -169.379    0.1   -0.2    0.5
    52.024  -169.379    0.1   -0.2    0.5
    52.033  -169.379    0.1   -0.2    0.6
    52.042  -169.379    0.1   -0.2    0.6
    52.051  -169.379    0.1   -0.2    0.7
    52.060  -169.379    0.1   -0.3    0.8
    52.069  -169.379    0.1   -0.3    0.8
    52.078  -169.379    0.2   -0.3    0.9
    52.087  -169.379    0.2   -0.3    1.0
    52.096  -169.379    0.2   -0.3    1.1
    52.105  -169.379    0.2   -0.3    1.2
    52.114  -169.379    0.2   -0.3    1.3
    52.123  -169.379    0.2   -0.3    1.5
    52.132  -169.379    0.2   -0.2    1.6
    52.141  -169.379    0.2   -0.2    1.7
    52.150  -169.379    0.2   -0.2    1.9
    52.159  -169.379    0.2   -0.1    2.0
    52.168  -169.379    0.2   -0.1    2.2
    52.177  -169.379    0.2   -0.0    2.3
    52.186  -169.379    0.2    0.1    2.5
    52.195  -169.379    0.2    0.2    2.7
    52.204  -169.379    0.2    0.3    2.8
    52.213  -169.379    0.2    0.4    3.0
    52.222  -169.379    0.2    0.5    3.2
    52.231  -169.379    0.2    0.7    3.3
    52.240  -169.379    0.3    0.8    3.5
    52.249  -169.379    0.4    1.0    3.7
    52.258  -169.379    0.5    1.2    4.0
    52.267  -169.379    0.7    1.3    4.3
    52.276  -169.379    1.0    1.3    4.7
    52.285  -169.379    1.4    1.1    5.5
    52.294  -169.379    2.3    0.6    7.0
    52.303  -169.379    4.1   -0.1    9.6
    52.312  -169.379    7.0   -0.4   13.6
    52.321  -169.379   10.2    0.1   18.2
    52.330  -169.379    9.8    1.2   22.1
    52.339  -169.379    1.9   -8.7   -8.5
    52.348  -169.379    3.2  -12.9   -7.9
    52.357  -169.379    2.3  -11.3   -5.4
    52.366  -169.379    1.3   -9.1   -3.6
    52.375  -169.379    0.8   -7.3   -2.6
    52.384  -169.379    0.6   -5.9   -1.9
    52.393  -169.379    0.4   -4.9   -1.5
    52.402  -169.379    0.3   -4.2   -1.2
    52.411  -169.379    0.2   -3.6   -1.0
    52.420  -169.379    0.2   -3.1   -0.9
    52.429  -169.379    0.2   -2.7   -0.7
    52.438  -169.379    0.1   -2.4   -0.6
    52.447  -169.379    0.1   -2.2   -0.6
    52.456  -169.379    0.1   -2.0   -0.5
    52.465  -169.379    0.1   -1.8   -0.5
    52.474  -169.379    0.1   -1.7   -0.4
    52.483  -169.379    0.1   -1.5   -0.4
    52.492  -169.379    0.1   -1.4   -0.4
    52.501  -169.379    0.1   -1.3   -0.3
    52.510  -169.379    0.1   -1.2   -0.3
    52.519  -169.379    0.1   -1.1   -0.3
    52.528  -169.379    0.1   -1.1   -0.2
    52.537  -169.379    0.1   -1.0   -0.2
    52.546  -169.379    0.1   -1.0   -0.2
    52.555  -169.379    0.1   -0.9   -0.2
    52.564  -169.379    0.1   -0.8   -0.2
    52.573  -169.379    0.1   -0.8   -0.2
    52.582  -169.379    0.1   -0.8   -0.2
    52.591  -169.379    0.0   -0.7   -0.1
    52.600  -169.379    0.0   -0.7   -0.1
    52.609  -169.379    0.0   -0.7   -0.1
    52.618  -169.379    0.0   -0.6   -0.1
    52.627  -169.379    0.0   -0.6   -0.1
    52.636  -169.379    0.0   -0.6   -0.1
    52.645  -169.379    0.0   -0.5   -0.1
    52.654  -169.379    0.0   -0.5   -0.1
    52.663  -169.379    0.0   -0.5   -0.1
    52.672  -169.379    0.0   -0.5   -0.1
    51.771  -169.365   -0.0    0.1    0.0
    51.780  -169.365   -0.0    0.1    0.0
    51.789  -169.365   -0.0    0.1    0.0
    51.798  -169.365   -0.0    0.1    0.0
    51.808  -169.365   -0.0    0.1    0.1
    51.817  -169.365   -0.0    0.0    0.1
    51.826  -169.365   -0.0    0.0    0.1
    51.835  -169.365   -0.0    0.0    0.1
    51.844  -169.365   -0.0    0.0    0.1
    51.853  -169.365   -0.0    0.0    0.1
    51.862  -169.365   -0.0    0.0    0.1
    51.871  -169.365   -0.0    0.0    0.1
    51.880  -169.365   -0.0    0.0    0.1
    51.889  -169.365   -0.0    0.0    0.1
    51.898  -169.365   -0.0    0.0    0.1
    51.907  -169.365   -0.0   -0.0    0.1
    51.916  -169.365   -0.0   -0.0    0.2
    51.925  -169.365    0.0   -0.0    0.2
    51.934  -169.365    0.0   -0.0    0.2
    51.943  -169.365    0.0   -0.0    0.2
    51.952  -169.365    0.0   -0.1    0.2
    51.961  -169.365    0.0   -0.1    0.3
    51.970  -169.365    0.0   -0.1    0.3
    51.979  -169.365    0.0   -0.1    0.3
    51.988  -169.365    0.1   -0.1    0.3
    51.997  -169.365    0.1   -0.1    0.4
    52.006  -169.365    0.1   -0.1    0.4
    52.015  -169.365    0.1   -0.2    0.5
    52.024  -169.365    0.1   -0.2    0.5
    52.033  -169.365    0.1   -0.2    0.6
    52.042  -169.365    0.1   -0.2    0.6
    52.051  -169.365    0.1   -0.2    0.7
    52.060  -169.365    0.1   -0.2    0.7
    52.069  -169.365    0.2   -0.2    0.8
    52.078  -169.365    0.2   -0.2    0.9
    52.087  -169.365    0.2   -0.2    1.0
    52.096  -169.365    0.2   -0.2    1.1
    52.105  -169.365    0.2   -0.2    1.2
    52.114  -169.365    0.2   -0.2    1.3
    52.123  -169.365    0.2   -0.2    1.4
    52.132  -169.365    0.2   -0.2    1.5
    52.141  -169.365    0.2   -0.2    1.7
    52.150  -169.365    0.2   -0.1    1.8
    52.159  -169.365    0.2   -0.1    1.9
    52.168  -169.365    0.2   -0.0    2.1
    52.177  -169.365    0.2    0.0    2.2
    52.186  -169.365    0.2    0.1    2.4
    52.195  -169.365    0.2    0.2    2.5
    52.204  -169.365    0.2    0.3    2.7
    52.213  -169.365    0.3    0.4    2.9
    52.222  -169.365    0.3    0.5    3.0
    52.231  -169.365    0.3    0.7    3.2
    52.240  -169.365    0.4    0.8    3.3
    52.249  -169.365    0.5    1.0    3.5
    52.258  -169.365    0.6    1.1    3.7
    52.267  -169.365    0.9    1.1    4.0
    52.276  -169.365    1.2    1.1    4.5
    52.285  -169.365    1.8    0.8    5.2
    52.294  -169.365    2.9    0.3    6.5
    52.303  -169.365    4.7   -0.4    8.6
    52.312  -169.365    7.3   -0.7   11.6
    52.321  -169.365   10.1   -0.4   15.4
    52.330  -169.365   12.2    0.3   19.4
    52.339  -169.365    7.5    2.1   20.1
    52.348  -169.365    2.3  -11.2   -8.1
    52.357  -169.365    0.8  -10.7   -5.1
    52.366  -169.365    0.2   -8.3   -3.3
    52.375  -169.365    0.1   -6.6   -2.3
    52.384  -169.365    0.0   -5.4   -1.7
    52.393  -169.365    0.0   -4.5   -1.4
    52.402  -169.365    0.0   -3.8   -1.1
    52.411  -169.365    0.0   -3.3   -0.9
    52.420  -169.365    0.0   -2.9   -0.8
    52.429  -169.365    0.0   -2.6   -0.7
    52.438  -169.365    0.0   -2.3   -0.6
    52.447  -169.365    0.0   -2.1   -0.5
    52.456  -169.365    0.0   -1.9   -0.5
    52.465  -169.365    0.0   -1.7   -0.4
    52.474  -169.365    0.0   -1.6   -0.4
    52.483  -169.365    0.0   -1.5   -0.4
    52.492  -169.365    0.0   -1.4   -0.3
    52.501  -169.365    0.0   -1.3   -0.3
    52.510  -169.365    0.0   -1.2   -0.3
    52.519  -169.365    0.0   -1.1   -0.3
    52.528  -169.365    0.0   -1.0   -0.2
    52.537  -169.365    0.0   -1.0   -0.2
    52.546  -169.365    0.0   -0.9   -0.2
    52.555  -169.365    0.0   -0.9   -0.2
    52.564  -169.365    0.0   -0.8   -0.2
    52.573  -169.365    0.0   -0.8   -0.2
    52.582  -169.365    0.0   -0.7   -0.2
    52.591  -169.365    0.0   -0.7   -0.1
    52.600  -169.365    0.0   -0.7   -0.1
    52.609  -169.365    0.0   -0.6   -0.1
    52.618  -169.365    0.0   -0.6   -0.1
    52.627  -169.365    0.0   -0.6   -0.1
    52.636  -169.365    0.0   -0.6   -0.1
    52.645  -169.365    0.0   -0.5   -0.1
    52.654  -169.365    0.0   -0.5   -0.1
    52.663  -169.365    0.0   -0.5   -0.1
    52.672  -169.365    0.0   -0.5   -0.1
    51.771  -169.350   -0.0    0.1    0.0
    51.780  -169.350   -0.0    0.1    0.0
    51.789  -169.350   -0.0    0.1    0.0
    51.798  -169.350   -0.0    0.1    0.0
    51.808  -169.350   -0.0    0.1    0.1
    51.817  -169.350   -0.0    0.1    0.1
    51.826  -169.350   -0.0    0.1    0.1
    51.835  -169.350   -0.0    0.0    0.1
    51.844  -169.350   -0.0    0.0    0.1
    51.853  -169.350   -0.0    0.0    0.1
    51.862  -169.350   -0.0    0.0    0.1
    51.871  -169.350   -0.0    0.0    0.1
    51.880  -169.350   -0.0    0.0    0.1
    51.889  -169.350   -0.0    0.0    0.1
    51.898  -169.350   -0.0    0.0    0.1
    51.907  -169.350   -0.0    0.0    0.1
    51.916  -169.350   -0.0   -0.0    0.2
    51.925  -169.350    0.0   -0.0    0.2
    51.934  -169.350    0.0   -0.0    0.2
    51.943  -169.350    0.0   -0.0    0.2
    51.952  -169.350    0.0   -0.0    0.2
    51.961  -169.350    0.0   -0.1    0.2
    51.970  -169.350    0.0   -0.1    0.3
    51.979  -169.350    0.0   -0.1    0.3
    51.988  -169.350    0.1   -0.1    0.3
    51.997  -169.350    0.1   -0.1    0.4
    52.006  -169.350    0.1   -0.1    0.4
    52.015  -169.350    0.1   -0.1    0.4
    52.024  -169.350    0.1   -0.1    0.5
    52.033  -169.350    0.1   -0.1    0.5
    52.042  -169.350    0.1   -0.2    0.6
    52.051  -169.350    0.1   -0.2    0.6
    52.060  -169.350    0.1   -0.2    0.7
    52.069  -169.350    0.2   -0.2    0.8
    52.078  -169.350    0.2   -0.2    0.9
    52.087  -169.350    0.2   -0.2    0.9
    52.096  -169.350    0.2   -0.2    1.0
    52.105  -169.350    0.2   -0.2    1.1
    52.114  -169.350    0.2   -0.2    1.2
    52.123  -169.350    0.2   -0.2    1.3
    52.132  -169.350    0.2   -0.2    1.5
    52.141  -169.350    0.2   -0.1    1.6
    52.150  -169.350    0.2   -0.1    1.7
    52.159  -169.350    0.3   -0.1    1.9
    52.168  -169.350    0.3   -0.0    2.0
    52.177  -169.350    0.3    0.1    2.1
    52.186  -169.350    0.3    0.1    2.3
    52.195  -169.350    0.3    0.2    2.4
    52.204  -169.350    0.3    0.3    2.6
    52.213  -169.350    0.3    0.4    2.7
    52.222  -169.350    0.4    0.5    2.9
    52.231  -169.350    0.4    0.6    3.0
    52.240  -169.350    0.5    0.8    3.1
    52.249  -169.350    0.6    0.9    3.3
    52.258  -169.350    0.8    0.9    3.5
    52.267  -169.350    1.0    0.9    3.8
    52.276  -169.350    1.4    0.8    4.1
    52.285  -169.350    2.1    0.5    4.8
    52.294  -169.350    3.3   -0.0    5.8
    52.303  -169.350    5.0   -0.5    7.3
    52.312  -169.350    7.2   -0.9    9.5
    52.321  -169.350    9.7   -0.8   12.3
    52.330  -169.350   12.2   -0.3   15.2
    52.339  -169.350   13.9    0.7   17.5
    52.348  -169.350    3.9    1.8    3.9
    52.357  -169.350   -0.6   -5.7   -2.7
    52.366  -169.350   -0.6   -5.7   -2.3
    52.375  -169.350   -0.5   -5.1   -1.8
    52.384  -169.350   -0.4   -4.4   -1.4
    52.393  -169.350   -0.3   -3.8   -1.2
    52.402  -169.350   -0.2   -3.3   -1.0
    52.411  -169.350   -0.2   -2.9   -0.8
    52.420  -169.350   -0.1   -2.6   -0.7
    52.429  -169.350   -0.1   -2.3   -0.6
    52.438  -169.350   -0.1   -2.1   -0.6
    52.447  -169.350   -0.1   -1.9   -0.5
    52.456  -169.350   -0.0   -1.8   -0.5
    52.465  -169.350   -0.0   -1.6   -0.4
    52.474  -169.350   -0.0   -1.5   -0.4
    52.483  -169.350   -0.0   -1.4   -0.3
    52.492  -169.350   -0.0   -1.3   -0.3
    52.501  -169.350    0.0   -1.2   -0.3
    52.510  -169.350    0.0   -1.1   -0.3
    52.519  -169.350    0.0   -1.1   -0.3
    52.528  -169.350    0.0   -1.0   -0.2
    52.537  -169.350    0.0   -0.9   -0.2
    52.546  -169.350    0.0   -0.9   -0.2
    52.555  -169.350    0.0   -0.8   -0.2
    52.564  -169.350    0.0   -0.8   -0.2
    52.573  -169.350    0.0   -0.8   -0.2
    52.582  -169.350    0.0   -0.7   -0.1
    52.591  -169.350    0.0   -0.7   -0.1
    52.600  -169.350    0.0   -0.6   -0.1
    52.609  -169.350    0.0   -0.6   -0.1
    52.618  -169.350    0.0   -0.6   -0.1
    52.627  -169.350    0.0   -0.6   -0.1
    52.636  -169.350    0.0   -0.5   -0.1
    52.645  -169.350    0.0   -0.5   -0.1
    52.654  -169.350    0.0   -0.5   -0.1
    52.663  -169.350    0.0   -0.5   -0.1
    52.672  -169.350    0.0   -0.5   -0.1
    51.771  -169.335   -0.0    0.1    0.0
    51.780  -169.335   -0.0    0.1    0.0
    51.789  -169.335   -0.0    0.1    0.0
    51.798  -169.335   -0.0    0.1    0.0
    51.808  -169.335   -0.0    0.1    0.1
    51.817  -169.335   -0.0    0.1    0.1
    51.826  -169.335   -0.0    0.1    0.1
    51.835  -169.335   -0.0    0.1    0.1
    51.844  -169.335   -0.0    0.0    0.1
    51.853  -169.335   -0.0    0.0    0.1
    51.862  -169.335   -0.0    0.0    0.1
    51.871  -169.335   -0.0    0.0    0.1
    51.880  -169.335   -0.0    0.0    0.1
    51.889  -169.335   -0.0    0.0    0.1
    51.898  -169.335   -0.0    0.0    0.1
    51.907  -169.335   -0.0    0.0    0.1
    51.916  -169.335   -0.0    0.0    0.2
    51.925  -169.335    0.0   -0.0    0.2
    51.934  -169.335    0.0   -0.0    0.2
    51.943  -169.335    0.0   -0.0    0.2
    51.952  -169.335    0.0   -0.0    0.2
    51.961  -169.335    0.0   -0.0    0.2
    51.970  -169.335    0.0   -0.0    0.3
    51.979  -169.335    0.0   -0.1    0.3
    51.988  -169.335    0.1   -0.1    0.3
    51.997  -169.335    0.1   -0.1    0.4
    52.006  -169.335    0.1   -0.1    0.4
    52.015  -169.335    0.1   -0.1    0.4
    52.024  -169.335    0.1   -0.1    0.5
    52.033  -169.335    0.1   -0.1    0.5
    52.042  -169.335    0.1   -0.1    0.6
    52.051  -169.335    0.1   -0.1    0.6
    52.060  -169.335    0.1   -0.2    0.7
    52.069  -169.335    0.2   -0.2    0.8
    52.078  -169.335    0.2   -0.2    0.8
    52.087  -169.335    0.2   -0.2    0.9
    52.096  -169.335    0.2   -0.2    1.0
    52.105  -169.335    0.2   -0.2    1.1
    52.114  -169.335    0.2   -0.2    1.2
    52.123  -169.335    0.2   -0.1    1.3
    52.132  -169.335    0.2   -0.1    1.4
    52.141  -169.335    0.3   -0.1    1.5
    52.150  -169.335    0.3   -0.1    1.6
    52.159  -169.335    0.3   -0.0    1.8
    52.168  -169.335    0.3    0.0    1.9
    52.177  -169.335    0.3    0.1    2.0
    52.186  -169.335    0.3    0.1    2.2
    52.195  -169.335    0.3    0.2    2.3
    52.204  -169.335    0.4    0.3    2.4
    52.213  -169.335    0.4    0.4    2.6
    52.222  -169.335    0.4    0.5    2.7
    52.231  -169.335    0.5    0.6    2.8
    52.240  -169.335    0.6    0.7    2.9
    52.249  -169.335    0.7    0.7    3.1
    52.258  -169.335    0.9    0.7    3.3
    52.267  -169.335    1.2    0.7    3.5
    52.276  -169.335    1.6    0.5    3.8
    52.285  -169.335    2.3    0.2    4.3
    52.294  -169.335    3.4   -0.2    5.0
    52.303  -169.335    4.9   -0.6    6.1
    52.312  -169.335    6.8   -0.9    7.5
    52.321  -169.335    9.0   -0.8    9.1
    52.330  -169.335   11.1   -0.0   10.4
    52.339  -169.335   11.6    1.9    9.6
    52.348  -169.335    6.3    2.8    4.2
    52.357  -169.335    1.0   -0.7   -0.1
    52.366  -169.335   -0.3   -2.7   -1.1
    52.375  -169.335   -0.5   -3.2   -1.2
    52.384  -169.335   -0.5   -3.2   -1.1
    52.393  -169.335   -0.4   -3.0   -0.9
    52.402  -169.335   -0.3   -2.7   -0.8
    52.411  -169.335   -0.3   -2.5   -0.7
    52.420  -169.335   -0.2   -2.3   -0.6
    52.429  -169.335   -0.2   -2.1   -0.6
    52.438  -169.335   -0.1   -1.9   -0.5
    52.447  -169.335   -0.1   -1.7   -0.5
    52.456  -169.335   -0.1   -1.6   -0.4
    52.465  -169.335   -0.1   -1.5   -0.4
    52.474  -169.335   -0.1   -1.4   -0.4
    52.483  -169.335   -0.1   -1.3   -0.3
    52.492  -169.335   -0.0   -1.2   -0.3
    52.501  -169.335   -0.0   -1.1   -0.3
    52.510  -169.335   -0.0   -1.1   -0.3
    52.519  -169.335   -0.0   -1.0   -0.2
    52.528  -169.335   -0.0   -0.9   -0.2
    52.537  -169.335   -0.0   -0.9   -0.2
    52.546  -169.335   -0.0   -0.8   -0.2
    52.555  -169.335   -0.0   -0.8   -0.2
    52.564  -169.335   -0.0   -0.8   -0.2
    52.573  -169.335    0.0   -0.7   -0.2
    52.582  -169.335    0.0   -0.7   -0.1
    52.591  -169.335    0.0   -0.7   -0.1
    52.600  -169.335    0.0   -0.6   -0.1
    52.609  -169.335    0.0   -0.6   -0.1
    52.618  -169.335    0.0   -0.6   -0.1
    52.627  -169.335    0.0   -0.5   -0.1
    52.636  -169.335    0.0   -0.5   -0.1
    52.645  -169.335    0.0   -0.5   -0.1
    52.654  -169.335    0.0   -0.5   -0.1
    52.663  -169.335    0.0   -0.5   -0.1
    52.672  -169.335    0.0   -0.4   -0.1
    51.771  -169.320   -0.0    0.1    0.0
    51.780  -169.320   -0.0    0.1    0.0
    51.789  -169.320   -0.0    0.1    0.0
    51.798  -169.320   -0.0    0.1    0.0
    51.808  -169.320   -0.0    0.1    0.1
    51.817  -169.320   -0.0    0.1    0.1
    51.826  -169.320   -0.0    0.1    0.1
    51.835  -169.320   -0.0    0.1    0.1
    51.844  -169.320   -0.0    0.1    0.1
    51.853  -169.320   -0.0    0.1    0.1
    51.862  -169.320   -0.0    0.0    0.1
    51.871  -169.320   -0.0    0.0    0.1
    51.880  -169.320   -0.0    0.0    0.1
    51.889  -169.320   -0.0    0.0    0.1
    51.898  -169.320   -0.0    0.0    0.1
    51.907  -169.320   -0.0    0.0    0.1
    51.916  -169.320   -0.0    0.0    0.1
    51.925  -169.320    0.0    0.0    0.2
    51.934  -169.320    0.0    0.0    0.2
    51.943  -169.320    0.0   -0.0    0.2
    51.952  -169.320    0.0   -0.0    0.2
    51.961  -169.320    0.0   -0.0    0.2
    51.970  -169.320    0.0   -0.0    0.3
    51.979  -169.320    0.0   -0.0    0.3
    51.988  -169.320    0.1   -0.0    0.3
    51.997  -169.320    0.1   -0.1    0.3
    52.006  -169.320    0.1   -0.1    0.4
    52.015  -169.320    0.1   -0.1    0.4
    52.024  -169.320    0.1   -0.1    0.5
    52.033  -169.320    0.1   -0.1    0.5
    52.042  -169.320    0.1   -0.1    0.5
    52.051  -169.320    0.1   -0.1    0.6
    52.060  -169.320    0.1   -0.1    0.7
    52.069  -169.320    0.2   -0.1    0.7
    52.078  -169.320    0.2   -0.1    0.8
    52.087  -169.320    0.2   -0.1    0.9
    52.096  -169.320    0.2   -0.1    0.9
    52.105  -169.320    0.2   -0.1    1.0
    52.114  -169.320    0.2   -0.1    1.1
    52.123  -169.320    0.2   -0.1    1.2
    52.132  -169.320    0.3   -0.1    1.3
    52.141  -169.320    0.3   -0.1    1.4
    52.150  -169.320    0.3   -0.0    1.6
    52.159  -169.320    0.3   -0.0    1.7
    52.168  -169.320    0.3    0.0    1.8
    52.177  -169.320    0.3    0.1    1.9
    52.186  -169.320    0.4    0.1    2.0
    52.195  -169.320    0.4    0.2    2.2
    52.204  -169.320    0.4    0.3    2.3
    52.213  -169.320    0.4    0.4    2.4
    52.222  -169.320    0.5    0.4    2.5
    52.231  -169.320    0.6    0.5    2.6
    52.240  -169.320    0.7    0.5    2.7
    52.249  -169.320    0.8    0.6    2.9
    52.258  -169.320    1.0    0.6    3.0
    52.267  -169.320    1.3    0.5    3.2
    52.276  -169.320    1.8    0.3    3.4
    52.285  -169.320    2.4    0.1    3.8
    52.294  -169.320    3.4   -0.2    4.2
    52.303  -169.320    4.7   -0.5    4.9
    52.312  -169.320    6.2   -0.6    5.7
    52.321  -169.320    7.8   -0.4    6.5
    52.330  -169.320    9.0    0.5    6.7
    52.339  -169.320    8.5    1.8    5.6
    52.348  -169.320    5.5    2.2    3.0
    52.357  -169.320    2.2    0.8    0.8
    52.366  -169.320    0.5   -0.7   -0.3
    52.375  -169.320   -0.2   -1.6   -0.7
    52.384  -169.320   -0.3   -2.0   -0.7
    52.393  -169.320   -0.4   -2.1   -0.7
    52.402  -169.320   -0.3   -2.1   -0.7
    52.411  -169.320   -0.3   -2.0   -0.6
    52.420  -169.320   -0.3   -1.9   -0.6
    52.429  -169.320   -0.2   -1.8   -0.5
    52.438  -169.320   -0.2   -1.7   -0.5
    52.447  -169.320   -0.2   -1.5   -0.4
    52.456  -169.320   -0.1   -1.4   -0.4
    52.465  -169.320   -0.1   -1.4   -0.4
    52.474  -169.320   -0.1   -1.3   -0.3
    52.483  -169.320   -0.1   -1.2   -0.3
    52.492  -169.320   -0.1   -1.1   -0.3
    52.501  -169.320   -0.1   -1.1   -0.3
    52.510  -169.320   -0.0   -1.0   -0.2
    52.519  -169.320   -0.0   -0.9   -0.2
    52.528  -169.320   -0.0   -0.9   -0.2
    52.537  -169.320   -0.0   -0.8   -0.2
    52.546  -169.320   -0.0   -0.8   -0.2
    52.555  -169.320   -0.0   -0.8   -0.2
    52.564  -169.320   -0.0   -0.7   -0.2
    52.573  -169.320   -0.0   -0.7   -0.1
    52.582  -169.320   -0.0   -0.7   -0.1
    52.591  -169.320   -0.0   -0.6   -0.1
    52.600  -169.320   -0.0   -0.6   -0.1
    52.609  -169.320   -0.0   -0.6   -0.1
    52.618  -169.320   -0.0   -0.5   -0.1
    52.627  -169.320    0.0   -0.5   -0.1
    52.636  -169.320    0.0   -0.5   -0.1
    52.645  -169.320    0.0   -0.5   -0.1
    52.654  -169.320    0.0   -0.5   -0.1
    52.663  -169.320    0.0   -0.4   -0.1
    52.672  -169.320    0.0   -0.4   -0.1
    51.771  -169.306   -0.0    0.1    0.0
    51.780  -169.306   -0.0    0.1    0.0
    51.789  -169.306   -0.0    0.1    0.0
    51.798  -169.306   -0.0    0.1    0.0
    51.808  -169.306   -0.0    0.1    0.1
    51.817  -169.306   -0.0    0.1    0.1
    51.826  -169.306   -0.0    0.1    0.1
    51.835  -169.306   -0.0    0.1    0.1
    51.844  -169.306   -0.0    0.1    0.1
    51.853  -169.306   -0.0    0.1    0.1
    51.862  -169.306   -0.0    0.1    0.1
    51.871  -169.306   -0.0    0.0    0.1
    51.880  -169.306   -0.0    0.0    0.1
    51.889  -169.306   -0.0    0.0    0.1
    51.898  -169.306   -0.0    0.0    0.1
    51.907  -169.306   -0.0    0.0    0.1
    51.916  -169.306   -0.0    0.0    0.1
    51.925  -169.306    0.0    0.0    0.2
    51.934  -169.306    0.0    0.0    0.2
    51.943  -169.306    0.0    0.0    0.2
    51.952  -169.306    0.0   -0.0    0.2
    51.961  -169.306    0.0   -0.0    0.2
    51.970  -169.306    0.0   -0.0    0.2
    51.979  -169.306    0.0   -0.0    0.3
    51.988  -169.306    0.0   -0.0    0.3
    51.997  -169.306    0.1   -0.0    0.3
    52.006  -169.306    0.1   -0.0    0.4
    52.015  -169.306    0.1   -0.1    0.4
    52.024  -169.306    0.1   -0.1    0.4
    52.033  -169.306    0.1   -0.1    0.5
    52.042  -169.306    0.1   -0.1    0.5
    52.051  -169.306    0.1   -0.1    0.6
    52.060  -169.306    0.1   -0.1    0.6
    52.069  -169.306    0.2   -0.1    0.7
    52.078  -169.306    0.2   -0.1    0.8
    52.087  -169.306    0.2   -0.1    0.8
    52.096  -169.306    0.2   -0.1    0.9
    52.105  -169.306    0.2   -0.1    1.0
    52.114  -169.306    0.2   -0.1    1.1
    52.123  -169.306    0.2   -0.1    1.2
    52.132  -169.306    0.3   -0.1    1.3
    52.141  -169.306    0.3   -0.1    1.4
    52.150  -169.306    0.3   -0.0    1.5
    52.159  -169.306    0.3   -0.0    1.6
    52.168  -169.306    0.3    0.0    1.7
    52.177  -169.306    0.4    0.1    1.8
    52.186  -169.306    0.4    0.1    1.9
    52.195  -169.306    0.4    0.2    2.0
    52.204  -169.306    0.5    0.2    2.1
    52.213  -169.306    0.5    0.3    2.2
    52.222  -169.306    0.6    0.4    2.4
    52.231  -169.306    0.6    0.4    2.5
    52.240  -169.306    0.7    0.4    2.6
    52.249  -169.306    0.9    0.4    2.7
    52.258  -169.306    1.1    0.4    2.8
    52.267  -169.306    1.4    0.3    2.9
    52.276  -169.306    1.9    0.2    3.1
    52.285  -169.306    2.5    0.0    3.3
    52.294  -169.306    3.3   -0.2    3.6
    52.303  -169.306    4.3   -0.3    3.9
    52.312  -169.306    5.4   -0.3    4.3
    52.321  -169.306    6.5    0.0    4.6
    52.330  -169.306    7.0    0.7    4.4
    52.339  -169.306    6.4    1.5    3.5
    52.348  -169.306    4.6    1.7    2.2
    52.357  -169.306    2.6    1.1    0.9
    52.366  -169.306    1.1    0.2    0.1
    52.375  -169.306    0.3   -0.6   -0.3
    52.384  -169.306   -0.1   -1.1   -0.5
    52.393  -169.306   -0.2   -1.4   -0.5
    52.402  -169.306   -0.3   -1.5   -0.5
    52.411  -169.306   -0.3   -1.5   -0.5
    52.420  -169.306   -0.3   -1.5   -0.5
    52.429  -169.306   -0.2   -1.5   -0.4
    52.438  -169.306   -0.2   -1.4   -0.4
    52.447  -169.306   -0.2   -1.3   -0.4
    52.456  -169.306   -0.2   -1.3   -0.4
    52.465  -169.306   -0.1   -1.2   -0.3
    52.474  -169.306   -0.1   -1.1   -0.3
    52.483  -169.306   -0.1   -1.1   -0.3
    52.492  -169.306   -0.1   -1.0   -0.3
    52.501  -169.306   -0.1   -1.0   -0.3
    52.510  -169.306   -0.1   -0.9   -0.2
    52.519  -169.306   -0.1   -0.9   -0.2
    52.528  -169.306   -0.1   -0.8   -0.2
    52.537  -169.306   -0.0   -0.8   -0.2
    52.546  -169.306   -0.0   -0.8   -0.2
    52.555  -169.306   -0.0   -0.7   -0.2
    52.564  -169.306   -0.0   -0.7   -0.2
    52.573  -169.306   -0.0   -0.7   -0.1
    52.582  -169.306   -0.0   -0.6   -0.1
    52.591  -169.306   -0.0   -0.6   -0.1
    52.600  -169.306   -0.0   -0.6   -0.1
    52.609  -169.306   -0.0   -0.5   -0.1
    52.618  -169.306   -0.0   -0.5   -0.1
    52.627  -169.306   -0.0   -0.5   -0.1
    52.636  -169.306   -0.0   -0.5   -0.1
    52.645  -169.306   -0.0   -0.5   -0.1
    52.654  -169.306   -0.0   -0.4   -0.1
    52.663  -169.306   -0.0   -0.4   -0.1
    52.672  -169.306   -0.0   -0.4   -0.1
    51.771  -169.291   -0.0    0.1    0.0
    51.780  -169.291   -0.0    0.1    0.0
    51.789  -169.291   -0.0    0.1    0.0
    51.798  -169.291   -0.0    0.1    0.0
    51.808  -169.291   -0.0    0.1    0.1
    51.817  -169.291   -0.0    0.1    0.1
    51.826  -169.291   -0.0    0.1    0.1
    51.835  -169.291   -0.0    0.1    0.1
    51.844  -169.291   -0.0    0.1    0.1
    51.853  -169.291   -0.0    0.1    0.1
    51.862  -169.291   -0.0    0.1    0.1
    51.871  -169.291   -0.0    0.1    0.1
    51.880  -169.291   -0.0    0.1    0.1
    51.889  -169.291   -0.0    0.0    0.1
    51.898  -169.291   -0.0    0.0    0.1
    51.907  -169.291   -0.0    0.0    0.1
    51.916  -169.291   -0.0    0.0    0.1
    51.925  -169.291   -0.0    0.0    0.2
    51.934  -169.291    0.0    0.0    0.2
    51.943  -169.291    0.0    0.0    0.2
    51.952  -169.291    0.0    0.0    0.2
    51.961  -169.291    0.0    0.0    0.2
    51.970  -169.291    0.0   -0.0    0.2
    51.979  -169.291    0.0   -0.0    0.3
    51.988  -169.291    0.0   -0.0    0.3
    51.997  -169.291    0.1   -0.0    0.3
    52.006  -169.291    0.1   -0.0    0.3
    52.015  -169.291    0.1   -0.0    0.4
    52.024  -169.291    0.1   -0.0    0.4
    52.033  -169.291    0.1   -0.1    0.5
    52.042  -169.291    0.1   -0.1    0.5
    52.051  -169.291    0.1   -0.1    0.5
    52.060  -169.291    0.1   -0.1    0.6
    52.069  -169.291    0.2   -0.1    0.7
    52.078  -169.291    0.2   -0.1    0.7
    52.087  -169.291    0.2   -0.1    0.8
    52.096  -169.291    0.2   -0.1    0.8
    52.105  -169.291    0.2   -0.1    0.9
    52.114  -169.291    0.2   -0.1    1.0
    52.123  -169.291    0.3   -0.1    1.1
    52.132  -169.291    0.3   -0.1    1.2
    52.141  -169.291    0.3   -0.0    1.3
    52.150  -169.291    0.3   -0.0    1.4
    52.159  -169.291    0.3    0.0    1.5
    52.168  -169.291    0.4    0.0    1.6
    52.177  -169.291    0.4    0.1    1.7
    52.186  -169.291    0.4    0.1    1.8
    52.195  -169.291    0.5    0.2    1.9
    52.204  -169.291    0.5    0.2    2.0
    52.213  -169.291    0.6    0.2    2.1
    52.222  -169.291    0.6    0.3    2.2
    52.231  -169.291    0.7    0.3    2.3
    52.240  -169.291    0.8    0.3    2.4
    52.249  -169.291    1.0    0.3    2.4
    52.258  -169.291    1.2    0.3    2.5
    52.267  -169.291    1.5    0.2    2.6
    52.276  -169.291    1.9    0.1    2.7
    52.285  -169.291    2.4    0.0    2.9
    52.294  -169.291    3.1   -0.1    3.0
    52.303  -169.291    3.8   -0.1    3.2
    52.312  -169.291    4.6   -0.0    3.3
    52.321  -169.291    5.3    0.3    3.3
    52.330  -169.291    5.5    0.8    3.0
    52.339  -169.291    5.0    1.2    2.4
    52.348  -169.291    3.8    1.4    1.6
    52.357  -169.291    2.5    1.1    0.9
    52.366  -169.291    1.4    0.5    0.3
    52.375  -169.291    0.6   -0.1   -0.1
    52.384  -169.291    0.2   -0.5   -0.3
    52.393  -169.291   -0.0   -0.8   -0.4
    52.402  -169.291   -0.1   -1.0   -0.4
    52.411  -169.291   -0.2   -1.1   -0.4
    52.420  -169.291   -0.2   -1.2   -0.4
    52.429  -169.291   -0.2   -1.2   -0.4
    52.438  -169.291   -0.2   -1.2   -0.4
    52.447  -169.291   -0.2   -1.1   -0.3
    52.456  -169.291   -0.2   -1.1   -0.3
    52.465  -169.291   -0.1   -1.1   -0.3
    52.474  -169.291   -0.1   -1.0   -0.3
    52.483  -169.291   -0.1   -1.0   -0.3
    52.492  -169.291   -0.1   -0.9   -0.3
    52.501  -169.291   -0.1   -0.9   -0.2
    52.510  -169.291   -0.1   -0.9   -0.2
    52.519  -169.291   -0.1   -0.8   -0.2
    52.528  -169.291   -0.1   -0.8   -0.2
    52.537  -169.291   -0.1   -0.7   -0.2
    52.546  -169.291   -0.1   -0.7   -0.2
    52.555  -169.291   -0.0   -0.7   -0.2
    52.564  -169.291   -0.0   -0.6   -0.1
    52.573  -169.291   -0.0   -0.6   -0.1
    52.582  -169.291   -0.0   -0.6   -0.1
    52.591  -169.291   -0.0   -0.6   -0.1
    52.600  -169.291   -0.0   -0.5   -0.1
    52.609  -169.291   -0.0   -0.5   -0.1
    52.618  -169.291   -0.0   -0.5   -0.1
    52.627  -169.291   -0.0   -0.5   -0.1
    52.636  -169.291   -0.0   -0.5   -0.1
    52.645  -169.291   -0.0   -0.4   -0.1
    52.654  -169.291   -0.0   -0.4   -0.1
    52.663  -169.291   -0.0   -0.4   -0.1
    52.672  -169.291   -0.0   -0.4   -0.1
    51.771  -169.276   -0.0    0.1    0.0
    51.780  -169.276   -0.0    0.1    0.0
    51.789  -169.276   -0.0    0.1    0.0
    51.798  -169.276   -0.0    0.1    0.0
    51.808  -169.276   -0.0    0.1    0.1
    51.817  -169.276   -0.0    0.1    0.1
    51.826  -169.276   -0.0    0.1    0.1
    51.835  -169.276   -0.0    0.1    0.1
    51.844  -169.276   -0.0    0.1    0.1
    51.853  -169.276   -0.0    0.1    0.1
    51.862  -169.276   -0.0    0.1    0.1
    51.871  -169.276   -0.0    0.1    0.1
    51.880  -169.276   -0.0    0.1    0.1
    51.889  -169.276   -0.0    0.1    0.1
    51.898  -169.276   -0.0    0.1    0.1
    51.907  -169.276   -0.0    0.0    0.1
    51.916  -169.276   -0.0    0.0    0.1
    51.925  -169.276   -0.0    0.0    0.2
    51.934  -169.276    0.0    0.0    0.2
    51.943  -169.276    0.0    0.0    0.2
    51.952  -169.276    0.0    0.0    0.2
    51.961  -169.276    0.0    0.0    0.2
    51.970  -169.276    0.0    0.0    0.2
    51.979  -169.276    0.0    0.0    0.3
    51.988  -169.276    0.0   -0.0    0.3
    51.997  -169.276    0.1   -0.0    0.3
    52.006  -169.276    0.1   -0.0    0.3
    52.015  -169.276    0.1   -0.0    0.4
    52.024  -169.276    0.1   -0.0    0.4
    52.033  -169.276    0.1   -0.0    0.4
    52.042  -169.276    0.1   -0.0    0.5
    52.051  -169.276    0.1   -0.0    0.5
    52.060  -169.276    0.1   -0.1    0.6
    52.069  -169.276    0.1   -0.1    0.6
    52.078  -169.276    0.2   -0.1    0.7
    52.087  -169.276    0.2   -0.1    0.7
    52.096  -169.276    0.2   -0.1    0.8
    52.105  -169.276    0.2   -0.1    0.9
    52.114  -169.276    0.2   -0.1    0.9
    52.123  -169.276    0.3   -0.1    1.0
    52.132  -169.276    0.3   -0.0    1.1
    52.141  -169.276    0.3   -0.0    1.2
    52.150  -169.276    0.3   -0.0    1.3
    52.159  -169.276    0.4    0.0    1.4
    52.168  -169.276    0.4    0.0    1.5
    52.177  -169.276    0.4    0.1    1.6
    52.186  -169.276    0.4    0.1    1.7
    52.195  -169.276    0.5    0.1    1.8
    52.204  -169.276    0.5    0.2    1.9
    52.213  -169.276    0.6    0.2    1.9
    52.222  -169.276    0.7    0.2    2.0
    52.231  -169.276    0.8    0.2    2.1
    52.240  -169.276    0.9    0.2    2.2
    52.249  -169.276    1.1    0.2    2.2
    52.258  -169.276    1.3    0.2    2.3
    52.267  -169.276    1.5    0.2    2.4
    52.276  -169.276    1.9    0.1    2.4
    52.285  -169.276    2.3    0.0    2.5
    52.294  -169.276    2.8   -0.0    2.5
    52.303  -169.276    3.4    0.0    2.6
    52.312  -169.276    3.9    0.2    2.6
    52.321  -169.276    4.3    0.4    2.5
    52.330  -169.276    4.3    0.7    2.2
    52.339  -169.276    4.0    1.0    1.8
    52.348  -169.276    3.2    1.1    1.3
    52.357  -169.276    2.3    1.0    0.7
    52.366  -169.276    1.5    0.6    0.3
    52.375  -169.276    0.8    0.2    0.1
    52.384  -169.276    0.4   -0.2   -0.1
    52.393  -169.276    0.1   -0.4   -0.2
    52.402  -169.276   -0.0   -0.7   -0.3
    52.411  -169.276   -0.1   -0.8   -0.3
    52.420  -169.276   -0.1   -0.9   -0.3
    52.429  -169.276   -0.2   -0.9   -0.3
    52.438  -169.276   -0.2   -0.9   -0.3
    52.447  -169.276   -0.2   -1.0   -0.3
    52.456  -169.276   -0.2   -0.9   -0.3
    52.465  -169.276   -0.1   -0.9   -0.3
    52.474  -169.276   -0.1   -0.9   -0.3
    52.483  -169.276   -0.1   -0.9   -0.2
    52.492  -169.276   -0.1   -0.8   -0.2
    52.501  -169.276   -0.1   -0.8   -0.2
    52.510  -169.276   -0.1   -0.8   -0.2
    52.519  -169.276   -0.1   -0.7   -0.2
    52.528  -169.276   -0.1   -0.7   -0.2
    52.537  -169.276   -0.1   -0.7   -0.2
    52.546  -169.276   -0.1   -0.7   -0.2
    52.555  -169.276   -0.1   -0.6   -0.2
    52.564  -169.276   -0.0   -0.6   -0.1
    52.573  -169.276   -0.0   -0.6   -0.1
    52.582  -169.276   -0.0   -0.6   -0.1
    52.591  -169.276   -0.0   -0.5   -0.1
    52.600  -169.276   -0.0   -0.5   -0.1
    52.609  -169.276   -0.0   -0.5   -0.1
    52.618  -169.276   -0.0   -0.5   -0.1
    52.627  -169.276   -0.0   -0.5   -0.1
    52.636  -169.276   -0.0   -0.4   -0.1
    52.645  -169.276   -0.0   -0.4   -0.1
    52.654  -169.276   -0.0   -0.4   -0.1
    52.663  -169.276   -0.0   -0.4   -0.1
    52.672  -169.276   -0.0   -0.4   -0.1
    51.771  -169.262   -0.0    0.1    0.0
    51.780  -169.262   -0.0    0.1    0.0
    51.789  -169.262   -0.0    0.1    0.0
    51.798  -169.262   -0.0    0.1    0.0
    51.808  -169.262   -0.0    0.1    0.1
    51.817  -169.262   -0.0    0.1    0.1
    51.826  -169.262   -0.0    0.1    0.1
    51.835  -169.262   -0.0    0.1    0.1
    51.844  -169.262   -0.0    0.1    0.1
    51.853  -169.262   -0.0    0.1    0.1
    51.862  -169.262   -0.0    0.1    0.1
    51.871  -169.262   -0.0    0.1    0.1
    51.880  -169.262   -0.0    0.1    0.1
    51.889  -169.262   -0.0    0.1    0.1
    51.898  -169.262   -0.0    0.1    0.1
    51.907  -169.262   -0.0    0.1    0.1
    51.916  -169.262   -0.0    0.1    0.1
    51.925  -169.262   -0.0    0.0    0.1
    51.934  -169.262    0.0    0.0    0.2
    51.943  -169.262    0.0    0.0    0.2
    51.952  -169.262    0.0    0.0    0.2
    51.961  -169.262    0.0    0.0    0.2
    51.970  -169.262    0.0    0.0    0.2
    51.979  -169.262    0.0    0.0    0.2
    51.988  -169.262    0.0    0.0    0.3
    51.997  -169.262    0.0    0.0    0.3
    52.006  -169.262    0.1   -0.0    0.3
    52.015  -169.262    0.1   -0.0    0.3
    52.024  -169.262    0.1   -0.0    0.4
    52.033  -169.262    0.1   -0.0    0.4
    52.042  -169.262    0.1   -0.0    0.5
    52.051  -169.262    0.1   -0.0    0.5
    52.060  -169.262    0.1   -0.0    0.5
    52.069  -169.262    0.1   -0.0    0.6
    52.078  -169.262    0.2   -0.0    0.6
    52.087  -169.262    0.2   -0.0    0.7
    52.096  -169.262    0.2   -0.0    0.8
    52.105  -169.262    0.2   -0.0    0.8
    52.114  -169.262    0.2   -0.0    0.9
    52.123  -169.262    0.3   -0.0    1.0
    52.132  -169.262    0.3   -0.0    1.0
    52.141  -169.262    0.3   -0.0    1.1
    52.150  -169.262    0.3   -0.0    1.2
    52.159  -169.262    0.4    0.0    1.3
    52.168  -169.262    0.4    0.0    1.4
    52.177  -169.262    0.4    0.1    1.5
    52.186  -169.262    0.5    0.1    1.5
    52.195  -169.262    0.5    0.1    1.6
    52.204  -169.262    0.6    0.1    1.7
    52.213  -169.262    0.6    0.1    1.8
    52.222  -169.262    0.7    0.2    1.9
    52.231  -169.262    0.8    0.2    1.9
    52.240  -169.262    0.9    0.2    2.0
    52.249  -169.262    1.1    0.2    2.0
    52.258  -169.262    1.3    0.1    2.1
    52.267  -169.262    1.5    0.1    2.1
    52.276  -169.262    1.8    0.1    2.1
    52.285  -169.262    2.2    0.1    2.2
    52.294  -169.262    2.6    0.1    2.2
    52.303  -169.262    3.0    0.1    2.1
    52.312  -169.262    3.3    0.3    2.1
    52.321  -169.262    3.5    0.5    1.9
    52.330  -169.262    3.5    0.7    1.7
    52.339  -169.262    3.2    0.9    1.4
    52.348  -169.262    2.7    0.9    1.0
    52.357  -169.262    2.1    0.9    0.7
    52.366  -169.262    1.5    0.6    0.3
    52.375  -169.262    1.0    0.4    0.1
    52.384  -169.262    0.6    0.1   -0.0
    52.393  -169.262    0.3   -0.2   -0.1
    52.402  -169.262    0.1   -0.4   -0.2
    52.411  -169.262   -0.0   -0.5   -0.3
    52.420  -169.262   -0.1   -0.6   -0.3
    52.429  -169.262   -0.1   -0.7   -0.3
    52.438  -169.262   -0.1   -0.8   -0.3
    52.447  -169.262   -0.1   -0.8   -0.3
    52.456  -169.262   -0.1   -0.8   -0.3
    52.465  -169.262   -0.1   -0.8   -0.3
    52.474  -169.262   -0.1   -0.8   -0.2
    52.483  -169.262   -0.1   -0.8   -0.2
    52.492  -169.262   -0.1   -0.7   -0.2
    52.501  -169.262   -0.1   -0.7   -0.2
    52.510  -169.262   -0.1   -0.7   -0.2
    52.519  -169.262   -0.1   -0.7   -0.2
    52.528  -169.262   -0.1   -0.7   -0.2
    52.537  -169.262   -0.1   -0.6   -0.2
    52.546  -169.262   -0.1   -0.6   -0.2
    52.555  -169.262   -0.1   -0.6   -0.1
    52.564  -169.262   -0.1   -0.6   -0.1
    52.573  -169.262   -0.1   -0.5   -0.1
    52.582  -169.262   -0.0   -0.5   -0.1
    52.591  -169.262   -0.0   -0.5   -0.1
    52.600  -169.262   -0.0   -0.5   -0.1
    52.609  -169.262   -0.0   -0.5   -0.1
    52.618  -169.262   -0.0   -0.5   -0.1
    52.627  -169.262   -0.0   -0.4   -0.1
    52.636  -169.262   -0.0   -0.4   -0.1
    52.645  -169.262   -0.0   -0.4   -0.1
    52.654  -169.262   -0.0   -0.4   -0.1
    52.663  -169.262   -0.0   -0.4   -0.1
    52.672  -169.262   -0.0   -0.4   -0.1
    51.771  -169.247   -0.0    0.1    0.0
    51.780  -169.247   -0.0    0.1    0.0
    51.789  -169.247   -0.0    0.1    0.0
    51.798  -169.247   -0.0    0.1    0.0
    51.808  -169.247   -0.0    0.1    0.1
    51.817  -169.247   -0.0    0.1    0.1
    51.826  -169.247   -0.0    0.1    0.1
    51.835  -169.247   -0.0    0.1    0.1
    51.844  -169.247   -0.0    0.1    0.1
    51.853  -169.247   -0.0    0.1    0.1
    51.862  -169.247   -0.0    0.1    0.1
    51.871  -169.247   -0.0    0.1    0.1
    51.880  -169.247   -0.0    0.1    0.1
    51.889  -169.247   -0.0    0.1    0.1
    51.898  -169.247   -0.0    0.1    0.1
    51.907  -169.247   -0.0    0.1    0.1
    51.916  -169.247   -0.0    0.1    0.1
    51.925  -169.247   -0.0    0.1    0.1
    51.934  -169.247   -0.0    0.1    0.2
    51.943  -169.247    0.0    0.0    0.2
    51.952  -169.247    0.0    0.0    0.2
    51.961  -169.247    0.0    0.0    0.2
    51.970  -169.247    0.0    0.0    0.2
    51.979  -169.247    0.0    0.0    0.2
    51.988  -169.247    0.0    0.0    0.3
    51.997  -169.247    0.0    0.0    0.3
    52.006  -169.247    0.1    0.0    0.3
    52.015  -169.247    0.1    0.0    0.3
    52.024  -169.247    0.1    0.0    0.4
    52.033  -169.247    0.1   -0.0    0.4
    52.042  -169.247    0.1   -0.0    0.4
    52.051  -169.247    0.1   -0.0    0.5
    52.060  -169.247    0.1   -0.0    0.5
    52.069  -169.247    0.1   -0.0    0.6
    52.078  -169.247    0.2   -0.0    0.6
    52.087  -169.247    0.2   -0.0    0.7
    52.096  -169.247    0.2   -0.0    0.7
    52.105  -169.247    0.2   -0.0    0.8
    52.114  -169.247    0.2   -0.0    0.8
    52.123  -169.247    0.3   -0.0    0.9
    52.132  -169.247    0.3   -0.0    1.0
    52.141  -169.247    0.3   -0.0    1.0
    52.150  -169.247    0.3   -0.0    1.1
    52.159  -169.247    0.4    0.0    1.2
    52.168  -169.247    0.4    0.0    1.3
    52.177  -169.247    0.4    0.0    1.4
    52.186  -169.247    0.5    0.1    1.4
    52.195  -169.247    0.5    0.1    1.5
    52.204  -169.247    0.6    0.1    1.6
    52.213  -169.247    0.7    0.1    1.6
    52.222  -169.247    0.8    0.1    1.7
    52.231  -169.247    0.9    0.1    1.8
    52.240  -169.247    1.0    0.1    1.8
    52.249  -169.247    1.1    0.1    1.8
    52.258  -169.247    1.3    0.1    1.9
    52.267  -169.247    1.5    0.1    1.9
    52.276  -169.247    1.8    0.1    1.9
    52.285  -169.247    2.1    0.1    1.9
    52.294  -169.247    2.4    0.1    1.9
    52.303  -169.247    2.6    0.2    1.8
    52.312  -169.247    2.9    0.3    1.7
    52.321  -169.247    3.0    0.5    1.5
    52.330  -169.247    2.9    0.6    1.3
    52.339  -169.247    2.7    0.8    1.1
    52.348  -169.247    2.3    0.8    0.8
    52.357  -169.247    1.9    0.8    0.6
    52.366  -169.247    1.4    0.6    0.3
    52.375  -169.247    1.0    0.4    0.2
    52.384  -169.247    0.7    0.2    0.0
    52.393  -169.247    0.4   -0.0   -0.1
    52.402  -169.247    0.2   -0.2   -0.2
    52.411  -169.247    0.1   -0.3   -0.2
    52.420  -169.247    0.0   -0.4   -0.2
    52.429  -169.247   -0.1   -0.5   -0.2
    52.438  -169.247   -0.1   -0.6   -0.2
    52.447  -169.247   -0.1   -0.6   -0.2
    52.456  -169.247   -0.1   -0.6   -0.2
    52.465  -169.247   -0.1   -0.7   -0.2
    52.474  -169.247   -0.1   -0.7   -0.2
    52.483  -169.247   -0.1   -0.7   -0.2
    52.492  -169.247   -0.1   -0.7   -0.2
    52.501  -169.247   -0.1   -0.6   -0.2
    52.510  -169.247   -0.1   -0.6   -0.2
    52.519  -169.247   -0.1   -0.6   -0.2
    52.528  -169.247   -0.1   -0.6   -0.2
    52.537  -169.247   -0.1   -0.6   -0.2
    52.546  -169.247   -0.1   -0.6   -0.1
    52.555  -169.247   -0.1   -0.5   -0.1
    52.564  -169.247   -0.1   -0.5   -0.1
    52.573  -169.247   -0.1   -0.5   -0.1
    52.582  -169.247   -0.1   -0.5   -0.1
    52.591  -169.247   -0.0   -0.5   -0.1
    52.600  -169.247   -0.0   -0.5   -0.1
    52.609  -169.247   -0.0   -0.4   -0.1
    52.618  -169.247   -0.0   -0.4   -0.1
    52.627  -169.247   -0.0   -0.4   -0.1
    52.636  -169.247   -0.0   -0.4   -0.1
    52.645  -169.247   -0.0   -0.4   -0.1
    52.654  -169.247   -0.0   -0.4   -0.1
    52.663  -169.247   -0.0   -0.4   -0.1
    52.672  -169.247   -0.0   -0.3   -0.1
    51.771  -169.232   -0.0    0.1    0.0
    51.780  -169.232   -0.0    0.1    0.0
    51.789  -169.232   -0.0    0.1    0.0
    51.798  -169.232   -0.0    0.1    0.0
    51.808  -169.232   -0.0    0.1    0.1
    51.817  -169.232   -0.0    0.1    0.1
    51.826  -169.232   -0.0    0.1    0.1
    51.835  -169.232   -0.0    0.1    0.1
    51.844  -169.232   -0.0    0.1    0.1
    51.853  -169.232   -0.0    0.1    0.1
    51.862  -169.232   -0.0    0.1    0.1
    51.871  -169.232   -0.0    0.1    0.1
    51.880  -169.232   -0.0    0.1    0.1
    51.889  -169.232   -0.0    0.1    0.1
    51.898  -169.232   -0.0    0.1    0.1
    51.907  -169.232   -0.0    0.1    0.1
    51.916  -169.232   -0.0    0.1    0.1
    51.925  -169.232   -0.0    0.1    0.1
    51.934  -169.232   -0.0    0.1    0.1
    51.943  -169.232    0.0    0.1    0.2
    51.952  -169.232    0.0    0.1    0.2
    51.961  -169.232    0.0    0.0    0.2
    51.970  -169.232    0.0    0.0    0.2
    51.979  -169.232    0.0    0.0    0.2
    51.988  -169.232    0.0    0.0    0.2
    51.997  -169.232    0.0    0.0    0.3
    52.006  -169.232    0.0    0.0    0.3
    52.015  -169.232    0.1    0.0    0.3
    52.024  -169.232    0.1    0.0    0.3
    52.033  -169.232    0.1    0.0    0.4
    52.042  -169.232    0.1    0.0    0.4
    52.051  -169.232    0.1   -0.0    0.4
    52.060  -169.232    0.1   -0.0    0.5
    52.069  -169.232    0.1   -0.0    0.5
    52.078  -169.232    0.2   -0.0    0.6
    52.087  -169.232    0.2   -0.0    0.6
    52.096  -169.232    0.2   -0.0    0.7
    52.105  -169.232    0.2   -0.0    0.7
    52.114  -169.232    0.2   -0.0    0.8
    52.123  -169.232    0.3   -0.0    0.8
    52.132  -169.232    0.3   -0.0    0.9
    52.141  -169.232    0.3   -0.0    1.0
    52.150  -169.232    0.3   -0.0    1.0
    52.159  -169.232    0.4    0.0    1.1
    52.168  -169.232    0.4    0.0    1.2
    52.177  -169.232    0.5    0.0    1.2
    52.186  -169.232    0.5    0.0    1.3
    52.195  -169.232    0.6    0.1    1.4
    52.204  -169.232    0.6    0.1    1.4
    52.213  -169.232    0.7    0.1    1.5
    52.222  -169.232    0.8    0.1    1.6
    52.231  -169.232    0.9    0.1    1.6
    52.240  -169.232    1.0    0.1    1.6
    52.249  -169.232    1.1    0.1    1.7
    52.258  -169.232    1.3    0.1    1.7
    52.267  -169.232    1.5    0.1    1.7
    52.276  -169.232    1.7    0.1    1.7
    52.285  -169.232    1.9    0.1    1.6
    52.294  -169.232    2.1    0.2    1.6
    52.303  -169.232    2.3    0.2    1.5
    52.312  -169.232    2.5    0.3    1.4
    52.321  -169.232    2.5    0.5    1.3
    52.330  -169.232    2.5    0.6    1.1
    52.339  -169.232    2.3    0.7    0.9
    52.348  -169.232    2.0    0.7    0.7
    52.357  -169.232    1.7    0.7    0.5
    52.366  -169.232    1.3    0.6    0.3
    52.375  -169.232    1.0    0.4    0.2
    52.384  -169.232    0.7    0.3    0.1
    52.393  -169.232    0.5    0.1   -0.0
    52.402  -169.232    0.3   -0.0   -0.1
    52.411  -169.232    0.2   -0.2   -0.1
    52.420  -169.232    0.1   -0.3   -0.2
    52.429  -169.232    0.0   -0.4   -0.2
    52.438  -169.232   -0.0   -0.4   -0.2
    52.447  -169.232   -0.1   -0.5   -0.2
    52.456  -169.232   -0.1   -0.5   -0.2
    52.465  -169.232   -0.1   -0.5   -0.2
    52.474  -169.232   -0.1   -0.6   -0.2
    52.483  -169.232   -0.1   -0.6   -0.2
    52.492  -169.232   -0.1   -0.6   -0.2
    52.501  -169.232   -0.1   -0.6   -0.2
    52.510  -169.232   -0.1   -0.6   -0.2
    52.519  -169.232   -0.1   -0.5   -0.2
    52.528  -169.232   -0.1   -0.5   -0.2
    52.537  -169.232   -0.1   -0.5   -0.1
    52.546  -169.232   -0.1   -0.5   -0.1
    52.555  -169.232   -0.1   -0.5   -0.1
    52.564  -169.232   -0.1   -0.5   -0.1
    52.573  -169.232   -0.1   -0.5   -0.1
    52.582  -169.232   -0.1   -0.5   -0.1
    52.591  -169.232   -0.1   -0.4   -0.1
    52.600  -169.232   -0.0   -0.4   -0.1
    52.609  -169.232   -0.0   -0.4   -0.1
    52.618  -169.232   -0.0   -0.4   -0.1
    52.627  -169.232   -0.0   -0.4   -0.1
    52.636  -169.232   -0.0   -0.4   -0.1
    52.645  -169.232   -0.0   -0.4   -0.1
    52.654  -169.232   -0.0   -0.4   -0.1
    52.663  -169.232   -0.0   -0.3   -0.1
    52.672  -169.232   -0.0   -0.3   -0.1
    51.771  -169.217   -0.0    0.1    0.0
    51.780  -169.217   -0.0    0.1    0.0
    51.789  -169.217   -0.0    0.1    0.0
    51.798  -169.217   -0.0    0.1    0.0
    51.808  -169.217   -0.0    0.1    0.1
    51.817  -169.217   -0.0    0.1    0.1
    51.826  -169.217   -0.0    0.1    0.1
    51.835  -169.217   -0.0    0.1    0.1
    51.844  -169.217   -0.0    0.1    0.1
    51.853  -169.217   -0.0    0.1    0.1
    51.862  -169.217   -0.0    0.1    0.1
    51.871  -169.217   -0.0    0.1    0.1
    51.880  -169.217   -0.0    0.1    0.1
    51.889  -169.217   -0.0    0.1    0.1
    51.898  -169.217   -0.0    0.1    0.1
    51.907  -169.217   -0.0    0.1    0.1
    51.916  -169.217   -0.0    0.1    0.1
    51.925  -169.217   -0.0    0.1    0.1
    51.934  -169.217   -0.0    0.1    0.1
    51.943  -169.217   -0.0    0.1    0.2
    51.952  -169.217    0.0    0.1    0.2
    51.961  -169.217    0.0    0.1    0.2
    51.970  -169.217    0.0    0.1    0.2
    51.979  -169.217    0.0    0.0    0.2
    51.988  -169.217    0.0    0.0    0.2
    51.997  -169.217    0.0    0.0    0.3
    52.006  -169.217    0.0    0.0    0.3
    52.015  -169.217    0.1    0.0    0.3
    52.024  -169.217    0.1    0.0    0.3
    52.033  -169.217    0.1    0.0    0.4
    52.042  -169.217    0.1    0.0    0.4
    52.051  -169.217    0.1    0.0    0.4
    52.060  -169.217    0.1    0.0    0.5
    52.069  -169.217    0.1    0.0    0.5
    52.078  -169.217    0.1   -0.0    0.5
    52.087  -169.217    0.2   -0.0    0.6
    52.096  -169.217    0.2   -0.0    0.6
    52.105  -169.217    0.2   -0.0    0.7
    52.114  -169.217    0.2   -0.0    0.7
    52.123  -169.217    0.3   -0.0    0.8
    52.132  -169.217    0.3   -0.0    0.8
    52.141  -169.217    0.3   -0.0    0.9
    52.150  -169.217    0.3   -0.0    1.0
    52.159  -169.217    0.4    0.0    1.0
    52.168  -169.217    0.4    0.0    1.1
    52.177  -169.217    0.5    0.0    1.1
    52.186  -169.217    0.5    0.0    1.2
    52.195  -169.217    0.6    0.0    1.3
    52.204  -169.217    0.6    0.0    1.3
    52.213  -169.217    0.7    0.1    1.4
    52.222  -169.217    0.8    0.1    1.4
    52.231  -169.217    0.9    0.1    1.4
    52.240  -169.217    1.0    0.1    1.5
    52.249  -169.217    1.1    0.1    1.5
    52.258  -169.217    1.3    0.1    1.5
    52.267  -169.217    1.4    0.1    1.5
    52.276  -169.217    1.6    0.1    1.5
    52.285  -169.217    1.8    0.1    1.4
    52.294  -169.217    1.9    0.2    1.4
    52.303  -169.217    2.1    0.3    1.3
    52.312  -169.217    2.2    0.3    1.2
    52.321  -169.217    2.2    0.4    1.1
    52.330  -169.217    2.1    0.5    0.9
    52.339  -169.217    2.0    0.6    0.8
    52.348  -169.217    1.8    0.6    0.6
    52.357  -169.217    1.5    0.6    0.5
    52.366  -169.217    1.2    0.5    0.3
    52.375  -169.217    1.0    0.4    0.2
    52.384  -169.217    0.7    0.3    0.1
    52.393  -169.217    0.5    0.2   -0.0
    52.402  -169.217    0.4    0.0   -0.1
    52.411  -169.217    0.2   -0.1   -0.1
    52.420  -169.217    0.1   -0.2   -0.1
    52.429  -169.217    0.1   -0.3   -0.2
    52.438  -169.217    0.0   -0.3   -0.2
    52.447  -169.217   -0.0   -0.4   -0.2
    52.456  -169.217   -0.1   -0.4   -0.2
    52.465  -169.217   -0.1   -0.4   -0.2
    52.474  -169.217   -0.1   -0.5   -0.2
    52.483  -169.217   -0.1   -0.5   -0.2
    52.492  -169.217   -0.1   -0.5   -0.2
    52.501  -169.217   -0.1   -0.5   -0.2
    52.510  -169.217   -0.1   -0.5   -0.2
    52.519  -169.217   -0.1   -0.5   -0.2
    52.528  -169.217   -0.1   -0.5   -0.1
    52.537  -169.217   -0.1   -0.5   -0.1
    52.546  -169.217   -0.1   -0.5   -0.1
    52.555  -169.217   -0.1   -0.5   -0.1
    52.564  -169.217   -0.1   -0.4   -0.1
    52.573  -169.217   -0.1   -0.4   -0.1
    52.582  -169.217   -0.1   -0.4   -0.1
    52.591  -169.217   -0.1   -0.4   -0.1
    52.600  -169.217   -0.0   -0.4   -0.1
    52.609  -169.217   -0.0   -0.4   -0.1
    52.618  -169.217   -0.0   -0.4   -0.1
    52.627  -169.217   -0.0   -0.4   -0.1
    52.636  -169.217   -0.0   -0.4   -0.1
    52.645  -169.217   -0.0   -0.3   -0.1
    52.654  -169.217   -0.0   -0.3   -0.1
    52.663  -169.217   -0.0   -0.3   -0.1
    52.672  -169.217   -0.0   -0.3   -0.1
    51.771  -169.203   -0.0    0.1    0.0
    51.780  -169.203   -0.0    0.1    0.0
    51.789  -169.203   -0.0    0.1    0.0
    51.798  -169.203   -0.0    0.1    0.0
    51.808  -169.203   -0.0    0.1    0.1
    51.817  -169.203   -0.0    0.1    0.1
    51.826  -169.203   -0.0    0.1    0.1
    51.835  -169.203   -0.0    0.1    0.1
    51.844  -169.203   -0.0    0.1    0.1
    51.853  -169.203   -0.0    0.1    0.1
    51.862  -169.203   -0.0    0.1    0.1
    51.871  -169.203   -0.0    0.1    0.1
    51.880  -169.203   -0.0    0.1    0.1
    51.889  -169.203   -0.0    0.1    0.1
    51.898  -169.203   -0.0    0.1    0.1
    51.907  -169.203   -0.0    0.1    0.1
    51.916  -169.203   -0.0    0.1    0.1
    51.925  -169.203   -0.0    0.1    0.1
    51.934  -169.203   -0.0    0.1    0.1
    51.943  -169.203   -0.0    0.1    0.2
    51.952  -169.203   -0.0    0.1    0.2
    51.961  -169.203    0.0    0.1    0.2
    51.970  -169.203    0.0    0.1    0.2
    51.979  -169.203    0.0    0.1    0.2
    51.988  -169.203    0.0    0.1    0.2
    51.997  -169.203    0.0    0.0    0.2
    52.006  -169.203    0.0    0.0    0.3
    52.015  -169.203    0.1    0.0    0.3
    52.024  -169.203    0.1    0.0    0.3
    52.033  -169.203    0.1    0.0    0.3
    52.042  -169.203    0.1    0.0    0.4
    52.051  -169.203    0.1    0.0    0.4
    52.060  -169.203    0.1    0.0    0.4
    52.069  -169.203    0.1    0.0    0.5
    52.078  -169.203    0.1    0.0    0.5
    52.087  -169.203    0.2    0.0    0.5
    52.096  -169.203    0.2    0.0    0.6
    52.105  -169.203    0.2   -0.0    0.6
    52.114  -169.203    0.2   -0.0    0.7
    52.123  -169.203    0.3   -0.0    0.7
    52.132  -169.203    0.3   -0.0    0.8
    52.141  -169.203    0.3   -0.0    0.8
    52.150  -169.203    0.3   -0.0    0.9
    52.159  -169.203    0.4    0.0    0.9
    52.168  -169.203    0.4    0.0    1.0
    52.177  -169.203    0.5    0.0    1.0
    52.186  -169.203    0.5    0.0    1.1
    52.195  -169.203    0.6    0.0    1.2
    52.204  -169.203    0.6    0.0    1.2
    52.213  -169.203    0.7    0.0    1.2
    52.222  -169.203    0.8    0.0    1.3
    52.231  -169.203    0.9    0.1    1.3
    52.240  -169.203    1.0    0.1    1.3
    52.249  -169.203    1.1    0.1    1.3
    52.258  -169.203    1.2    0.1    1.3
    52.267  -169.203    1.4    0.1    1.3
    52.276  -169.203    1.5    0.1    1.3
    52.285  -169.203    1.6    0.2    1.3
    52.294  -169.203    1.8    0.2    1.2
    52.303  -169.203    1.9    0.3    1.1
    52.312  -169.203    1.9    0.3    1.0
    52.321  -169.203    1.9    0.4    0.9
    52.330  -169.203    1.9    0.5    0.8
    52.339  -169.203    1.7    0.5    0.7
    52.348  -169.203    1.6    0.6    0.5
    52.357  -169.203    1.4    0.5    0.4
    52.366  -169.203    1.1    0.5    0.3
    52.375  -169.203    0.9    0.4    0.2
    52.384  -169.203    0.7    0.3    0.1
    52.393  -169.203    0.5    0.2    0.0
    52.402  -169.203    0.4    0.1   -0.0
    52.411  -169.203    0.3    0.0   -0.1
    52.420  -169.203    0.2   -0.1   -0.1
    52.429  -169.203    0.1   -0.2   -0.1
    52.438  -169.203    0.0   -0.2   -0.1
    52.447  -169.203    0.0   -0.3   -0.2
    52.456  -169.203   -0.0   -0.3   -0.2
    52.465  -169.203   -0.0   -0.4   -0.2
    52.474  -169.203   -0.1   -0.4   -0.2
    52.483  -169.203   -0.1   -0.4   -0.2
    52.492  -169.203   -0.1   -0.4   -0.2
    52.501  -169.203   -0.1   -0.4   -0.2
    52.510  -169.203   -0.1   -0.4   -0.1
    52.519  -169.203   -0.1   -0.4   -0.1
    52.528  -169.203   -0.1   -0.4   -0.1
    52.537  -169.203   -0.1   -0.4   -0.1
    52.546  -169.203   -0.1   -0.4   -0.1
    52.555  -169.203   -0.1   -0.4   -0.1
    52.564  -169.203   -0.1   -0.4   -0.1
    52.573  -169.203   -0.1   -0.4   -0.1
    52.582  -169.203   -0.1   -0.4   -0.1
    52.591  -169.203   -0.1   -0.4   -0.1
    52.600  -169.203   -0.0   -0.4   -0.1
    52.609  -169.203   -0.0   -0.4   -0.1
    52.618  -169.203   -0.0   -0.4   -0.1
    52.627  -169.203   -0.0   -0.3   -0.1
    52.636  -169.203   -0.0   -0.3   -0.1
    52.645  -169.203   -0.0   -0.3   -0.1
    52.654  -169.203   -0.0   -0.3   -0.1
    52.663  -169.203   -0.0   -0.3   -0.1
    52.672  -169.203   -0.0   -0.3   -0.1
    51.771  -169.188   -0.0    0.1    0.0
    51.780  -169.188   -0.0    0.1    0.0
    51.789  -169.188   -0.0    0.1    0.0
    51.798  -169.188   -0.0    0.1    0.0
    51.808  -169.188   -0.0    0.1    0.0
    51.817  -169.188   -0.0    0.1    0.1
    51.826  -169.188   -0.0    0.1    0.1
    51.835  -169.188   -0.0    0.1    0.1
    51.844  -169.188   -0.0    0.1    0.1
    51.853  -169.188   -0.0    0.1    0.1
    51.862  -169.188   -0.0    0.1    0.1
    51.871  -169.188   -0.0    0.1    0.1
    51.880  -169.188   -0.0    0.1    0.1
    51.889  -169.188   -0.0    0.1    0.1
    51.898  -169.188   -0.0    0.1    0.1
    51.907  -169.188   -0.0    0.1    0.1
    51.916  -169.188   -0.0    0.1    0.1
    51.925  -169.188   -0.0    0.1    0.1
    51.934  -169.188   -0.0    0.1    0.1
    51.943  -169.188   -0.0    0.1    0.1
    51.952  -169.188   -0.0    0.1    0.2
    51.961  -169.188    0.0    0.1    0.2
    51.970  -169.188    0.0    0.1    0.2
    51.979  -169.188    0.0    0.1    0.2
    51.988  -169.188    0.0    0.1    0.2
    51.997  -169.188    0.0    0.1    0.2
    52.006  -169.188    0.0    0.1    0.2
    52.015  -169.188    0.0    0.0    0.3
    52.024  -169.188    0.1    0.0    0.3
    52.033  -169.188    0.1    0.0    0.3
    52.042  -169.188    0.1    0.0    0.3
    52.051  -169.188    0.1    0.0    0.4
    52.060  -169.188    0.1    0.0    0.4
    52.069  -169.188    0.1    0.0    0.4
    52.078  -169.188    0.1    0.0    0.5
    52.087  -169.188    0.2    0.0    0.5
    52.096  -169.188    0.2    0.0    0.5
    52.105  -169.188    0.2    0.0    0.6
    52.114  -169.188    0.2    0.0    0.6
    52.123  -169.188    0.3    0.0    0.7
    52.132  -169.188    0.3    0.0    0.7
    52.141  -169.188    0.3   -0.0    0.8
    52.150  -169.188    0.3    0.0    0.8
    52.159  -169.188    0.4    0.0    0.9
    52.168  -169.188    0.4    0.0    0.9
    52.177  -169.188    0.5    0.0    1.0
    52.186  -169.188    0.5    0.0    1.0
    52.195  -169.188    0.6    0.0    1.0
    52.204  -169.188    0.6    0.0    1.1
    52.213  -169.188    0.7    0.0    1.1
    52.222  -169.188    0.8    0.0    1.2
    52.231  -169.188    0.9    0.0    1.2
    52.240  -169.188    1.0    0.0    1.2
    52.249  -169.188    1.1    0.1    1.2
    52.258  -169.188    1.2    0.1    1.2
    52.267  -169.188    1.3    0.1    1.2
    52.276  -169.188    1.4    0.1    1.2
    52.285  -169.188    1.5    0.2    1.1
    52.294  -169.188    1.6    0.2    1.1
    52.303  -169.188    1.7    0.3    1.0
    52.312  -169.188    1.7    0.3    0.9
    52.321  -169.188    1.7    0.4    0.8
    52.330  -169.188    1.6    0.4    0.7
    52.339  -169.188    1.5    0.5    0.6
    52.348  -169.188    1.4    0.5    0.5
    52.357  -169.188    1.2    0.5    0.4
    52.366  -169.188    1.1    0.5    0.3
    52.375  -169.188    0.9    0.4    0.2
    52.384  -169.188    0.7    0.3    0.1
    52.393  -169.188    0.6    0.2    0.0
    52.402  -169.188    0.4    0.2   -0.0
    52.411  -169.188    0.3    0.1   -0.1
    52.420  -169.188    0.2   -0.0   -0.1
    52.429  -169.188    0.1   -0.1   -0.1
    52.438  -169.188    0.1   -0.2   -0.1
    52.447  -169.188    0.0   -0.2   -0.1
    52.456  -169.188    0.0   -0.2   -0.1
    52.465  -169.188   -0.0   -0.3   -0.1
    52.474  -169.188   -0.0   -0.3   -0.1
    52.483  -169.188   -0.0   -0.3   -0.1
    52.492  -169.188   -0.1   -0.4   -0.1
    52.501  -169.188   -0.1   -0.4   -0.1
    52.510  -169.188   -0.1   -0.4   -0.1
    52.519  -169.188   -0.1   -0.4   -0.1
    52.528  -169.188   -0.1   -0.4   -0.1
    52.537  -169.188   -0.1   -0.4   -0.1
    52.546  -169.188   -0.1   -0.4   -0.1
    52.555  -169.188   -0.1   -0.4   -0.1
    52.564  -169.188   -0.1   -0.4   -0.1
    52.573  -169.188   -0.1   -0.4   -0.1
    52.582  -169.188   -0.1   -0.4   -0.1
    52.591  -169.188   -0.1   -0.4   -0.1
    52.600  -169.188   -0.0   -0.3   -0.1
    52.609  -169.188   -0.0   -0.3   -0.1
    52.618  -169.188   -0.0   -0.3   -0.1
    52.627  -169.188   -0.0   -0.3   -0.1
    52.636  -169.188   -0.0   -0.3   -0.1
    52.645  -169.188   -0.0   -0.3   -0.1
    52.654  -169.188   -0.0   -0.3   -0.1
    52.663  -169.188   -0.0   -0.3   -0.1
    52.672  -169.188   -0.0   -0.3   -0.1
    51.771  -169.173   -0.0    0.1    0.0
    51.780  -169.173   -0.0    0.1    0.0
    51.789  -169.173   -0.0    0.1    0.0
    51.798  -169.173   -0.0    0.1    0.0
    51.808  -169.173   -0.0    0.1    0.0
    51.817  -169.173   -0.0    0.1    0.1
    51.826  -169.173   -0.0    0.1    0.1
    51.835  -169.173   -0.0    0.1    0.1
    51.844  -169.173   -0.0    0.1    0.1
    51.853  -169.173   -0.0    0.1    0.1
    51.862  -169.173   -0.0    0.1    0.1
    51.871  -169.173   -0.0    0.1    0.1
    51.880  -169.173   -0.0    0.1    0.1
    51.889  -169.173   -0.0    0.1    0.1
    51.898  -169.173   -0.0    0.1    0.1
    51.907  -169.173   -0.0    0.1    0.1
    51.916  -169.173   -0.0    0.1    0.1
    51.925  -169.173   -0.0    0.1    0.1
    51.934  -169.173   -0.0    0.1    0.1
    51.943  -169.173   -0.0    0.1    0.1
    51.952  -169.173   -0.0    0.1    0.2
    51.961  -169.173   -0.0    0.1    0.2
    51.970  -169.173    0.0    0.1    0.2
    51.979  -169.173    0.0    0.1    0.2
    51.988  -169.173    0.0    0.1    0.2
    51.997  -169.173    0.0    0.1    0.2
    52.006  -169.173    0.0    0.1    0.2
    52.015  -169.173    0.0    0.1    0.3
    52.024  -169.173    0.1    0.1    0.3
    52.033  -169.173    0.1    0.0    0.3
    52.042  -169.173    0.1    0.0    0.3
    52.051  -169.173    0.1    0.0    0.3
    52.060  -169.173    0.1    0.0    0.4
    52.069  -169.173    0.1    0.0    0.4
    52.078  -169.173    0.1    0.0    0.4
    52.087  -169.173    0.2    0.0    0.5
    52.096  -169.173    0.2    0.0    0.5
    52.105  -169.173    0.2    0.0    0.5
    52.114  -169.173    0.2    0.0    0.6
    52.123  -169.173    0.2    0.0    0.6
    52.132  -169.173    0.3    0.0    0.7
    52.141  -169.173    0.3    0.0    0.7
    52.150  -169.173    0.3    0.0    0.7
    52.159  -169.173    0.4    0.0    0.8
    52.168  -169.173    0.4    0.0    0.8
    52.177  -169.173    0.5    0.0    0.9
    52.186  -169.173    0.5    0.0    0.9
    52.195  -169.173    0.6    0.0    0.9
    52.204  -169.173    0.6    0.0    1.0
    52.213  -169.173    0.7    0.0    1.0
    52.222  -169.173    0.8    0.0    1.0
    52.231  -169.173    0.9    0.0    1.1
    52.240  -169.173    0.9    0.0    1.1
    52.249  -169.173    1.0    0.1    1.1
    52.258  -169.173    1.1    0.1    1.1
    52.267  -169.173    1.2    0.1    1.0
    52.276  -169.173    1.3    0.1    1.0
    52.285  -169.173    1.4    0.2    1.0
    52.294  -169.173    1.5    0.2    0.9
    52.303  -169.173    1.5    0.3    0.9
    52.312  -169.173    1.5    0.3    0.8
    52.321  -169.173    1.5    0.4    0.7
    52.330  -169.173    1.5    0.4    0.6
    52.339  -169.173    1.4    0.4    0.5
    52.348  -169.173    1.3    0.5    0.4
    52.357  -169.173    1.1    0.4    0.3
    52.366  -169.173    1.0    0.4    0.2
    52.375  -169.173    0.8    0.4    0.2
    52.384  -169.173    0.7    0.3    0.1
    52.393  -169.173    0.6    0.3    0.0
    52.402  -169.173    0.4    0.2    0.0
    52.411  -169.173    0.3    0.1   -0.0
    52.420  -169.173    0.3    0.0   -0.1
    52.429  -169.173    0.2   -0.0   -0.1
    52.438  -169.173    0.1   -0.1   -0.1
    52.447  -169.173    0.1   -0.1   -0.1
    52.456  -169.173    0.0   -0.2   -0.1
    52.465  -169.173    0.0   -0.2   -0.1
    52.474  -169.173   -0.0   -0.3   -0.1
    52.483  -169.173   -0.0   -0.3   -0.1
    52.492  -169.173   -0.0   -0.3   -0.1
    52.501  -169.173   -0.0   -0.3   -0.1
    52.510  -169.173   -0.1   -0.3   -0.1
    52.519  -169.173   -0.1   -0.3   -0.1
    52.528  -169.173   -0.1   -0.3   -0.1
    52.537  -169.173   -0.1   -0.3   -0.1
    52.546  -169.173   -0.1   -0.3   -0.1
    52.555  -169.173   -0.1   -0.3   -0.1
    52.564  -169.173   -0.1   -0.3   -0.1
    52.573  -169.173   -0.1   -0.3   -0.1
    52.582  -169.173   -0.1   -0.3   -0.1
    52.591  -169.173   -0.1   -0.3   -0.1
    52.600  -169.173   -0.0   -0.3   -0.1
    52.609  -169.173   -0.0   -0.3   -0.1
    52.618  -169.173   -0.0   -0.3   -0.1
    52.627  -169.173   -0.0   -0.3   -0.1
    52.636  -169.173   -0.0   -0.3   -0.1
    52.645  -169.173   -0.0   -0.3   -0.1
    52.654  -169.173   -0.0   -0.3   -0.1
    52.663  -169.173   -0.0   -0.3   -0.1
    52.672  -169.173   -0.0   -0.3   -0.1
    51.771  -169.159   -0.0    0.1    0.0
    51.780  -169.159   -0.0    0.1    0.0
    51.789  -169.159   -0.0    0.1    0.0
    51.798  -169.159   -0.0    0.1    0.0
    51.808  -169.159   -0.0    0.1    0.0
    51.817  -169.159   -0.0    0.1    0.1
    51.826  -169.159   -0.0    0.1    0.1
    51.835  -169.159   -0.0    0.1    0.1
    51.844  -169.159   -0.0    0.1    0.1
    51.853  -169.159   -0.0    0.1    0.1
    51.862  -169.159   -0.0    0.1    0.1
    51.871  -169.159   -0.0    0.1    0.1
    51.880  -169.159   -0.0    0.1    0.1
    51.889  -169.159   -0.0    0.1    0.1
    51.898  -169.159   -0.0    0.1    0.1
    51.907  -169.159   -0.0    0.1    0.1
    51.916  -169.159   -0.0    0.1    0.1
    51.925  -169.159   -0.0    0.1    0.1
    51.934  -169.159   -0.0    0.1    0.1
    51.943  -169.159   -0.0    0.1    0.1
    51.952  -169.159   -0.0    0.1    0.1
    51.961  -169.159   -0.0    0.1    0.2
    51.970  -169.159    0.0    0.1    0.2
    51.979  -169.159    0.0    0.1    0.2
    51.988  -169.159    0.0    0.1    0.2
    51.997  -169.159    0.0    0.1    0.2
    52.006  -169.159    0.0    0.1    0.2
    52.015  -169.159    0.0    0.1    0.2
    52.024  -169.159    0.0    0.1    0.3
    52.033  -169.159    0.1    0.1    0.3
    52.042  -169.159    0.1    0.0    0.3
    52.051  -169.159    0.1    0.0    0.3
    52.060  -169.159    0.1    0.0    0.3
    52.069  -169.159    0.1    0.0    0.4
    52.078  -169.159    0.1    0.0    0.4
    52.087  -169.159    0.1    0.0    0.4
    52.096  -169.159    0.2    0.0    0.5
    52.105  -169.159    0.2    0.0    0.5
    52.114  -169.159    0.2    0.0    0.5
    52.123  -169.159    0.2    0.0    0.6
    52.132  -169.159    0.3    0.0    0.6
    52.141  -169.159    0.3    0.0    0.6
    52.150  -169.159    0.3    0.0    0.7
    52.159  -169.159    0.4    0.0    0.7
    52.168  -169.159    0.4    0.0    0.8
    52.177  -169.159    0.5    0.0    0.8
    52.186  -169.159    0.5    0.0    0.8
    52.195  -169.159    0.6    0.0    0.9
    52.204  -169.159    0.6    0.0    0.9
    52.213  -169.159    0.7    0.0    0.9
    52.222  -169.159    0.8    0.0    0.9
    52.231  -169.159    0.8    0.0    0.9
    52.240  -169.159    0.9    0.0    1.0
    52.249  -169.159    1.0    0.1    1.0
    52.258  -169.159    1.1    0.1    0.9
    52.267  -169.159    1.1    0.1    0.9
    52.276  -169.159    1.2    0.1    0.9
    52.285  -169.159    1.3    0.2    0.9
    52.294  -169.159    1.3    0.2    0.8
    52.303  -169.159    1.4    0.3    0.8
    52.312  -169.159    1.4    0.3    0.7
    52.321  -169.159    1.4    0.3    0.6
    52.330  -169.159    1.3    0.4    0.5
    52.339  -169.159    1.2    0.4    0.5
    52.348  -169.159    1.2    0.4    0.4
    52.357  -169.159    1.0    0.4    0.3
    52.366  -169.159    0.9    0.4    0.2
    52.375  -169.159    0.8    0.4    0.2
    52.384  -169.159    0.7    0.3    0.1
    52.393  -169.159    0.6    0.3    0.1
    52.402  -169.159    0.4    0.2    0.0
    52.411  -169.159    0.4    0.1   -0.0
    52.420  -169.159    0.3    0.1   -0.0
    52.429  -169.159    0.2    0.0   -0.1
    52.438  -169.159    0.1   -0.0   -0.1
    52.447  -169.159    0.1   -0.1   -0.1
    52.456  -169.159    0.1   -0.1   -0.1
    52.465  -169.159    0.0   -0.2   -0.1
    52.474  -169.159    0.0   -0.2   -0.1
    52.483  -169.159   -0.0   -0.2   -0.1
    52.492  -169.159   -0.0   -0.2   -0.1
    52.501  -169.159   -0.0   -0.3   -0.1
    52.510  -169.159   -0.0   -0.3   -0.1
    52.519  -169.159   -0.0   -0.3   -0.1
    52.528  -169.159   -0.1   -0.3   -0.1
    52.537  -169.159   -0.1   -0.3   -0.1
    52.546  -169.159   -0.1   -0.3   -0.1
    52.555  -169.159   -0.1   -0.3   -0.1
    52.564  -169.159   -0.1   -0.3   -0.1
    52.573  -169.159   -0.1   -0.3   -0.1
    52.582  -169.159   -0.1   -0.3   -0.1
    52.591  -169.159   -0.0   -0.3   -0.1
    52.600  -169.159   -0.0   -0.3   -0.1
    52.609  -169.159   -0.0   -0.3   -0.1
    52.618  -169.159   -0.0   -0.3   -0.1
    52.627  -169.159   -0.0   -0.3   -0.1
    52.636  -169.159   -0.0   -0.3   -0.1
    52.645  -169.159   -0.0   -0.3   -0.1
    52.654  -169.159   -0.0   -0.3   -0.1
    52.663  -169.159   -0.0   -0.3   -0.1
    52.672  -169.159   -0.0   -0.3   -0.1
    51.771  -169.144   -0.0    0.1    0.0
    51.780  -169.144   -0.0    0.1    0.0
    51.789  -169.144   -0.0    0.1    0.0
    51.798  -169.144   -0.0    0.1    0.0
    51.808  -169.144   -0.0    0.1    0.0
    51.817  -169.144   -0.0    0.1    0.1
    51.826  -169.144   -0.0    0.1    0.1
    51.835  -169.144   -0.0    0.1    0.1
    51.844  -169.144   -0.0    0.1    0.1
    51.853  -169.144   -0.0    0.1    0.1
    51.862  -169.144   -0.0    0.1    0.1
    51.871  -169.144   -0.0    0.1    0.1
    51.880  -169.144   -0.0    0.1    0.1
    51.889  -169.144   -0.0    0.1    0.1
    51.898  -169.144   -0.0    0.1    0.1
    51.907  -169.144   -0.0    0.1    0.1
    51.916  -169.144   -0.0    0.1    0.1
    51.925  -169.144   -0.0    0.1    0.1
    51.934  -169.144   -0.0    0.1    0.1
    51.943  -169.144   -0.0    0.1    0.1
    51.952  -169.144   -0.0    0.1    0.1
    51.961  -169.144   -0.0    0.1    0.1
    51.970  -169.144   -0.0    0.1    0.2
    51.979  -169.144    0.0    0.1    0.2
    51.988  -169.144    0.0    0.1    0.2
    51.997  -169.144    0.0    0.1    0.2
    52.006  -169.144    0.0    0.1    0.2
    52.015  -169.144    0.0    0.1    0.2
    52.024  -169.144    0.0    0.1    0.2
    52.033  -169.144    0.1    0.1    0.3
    52.042  -169.144    0.1    0.1    0.3
    52.051  -169.144    0.1    0.0    0.3
    52.060  -169.144    0.1    0.0    0.3
    52.069  -169.144    0.1    0.0    0.4
    52.078  -169.144    0.1    0.0    0.4
    52.087  -169.144    0.1    0.0    0.4
    52.096  -169.144    0.2    0.0    0.4
    52.105  -169.144    0.2    0.0    0.5
    52.114  -169.144    0.2    0.0    0.5
    52.123  -169.144    0.2    0.0    0.5
    52.132  -169.144    0.3    0.0    0.6
    52.141  -169.144    0.3    0.0    0.6
    52.150  -169.144    0.3    0.0    0.6
    52.159  -169.144    0.4    0.0    0.7
    52.168  -169.144    0.4    0.0    0.7
    52.177  -169.144    0.5    0.0    0.7
    52.186  -169.144    0.5    0.0    0.7
    52.195  -169.144    0.6    0.0    0.8
    52.204  -169.144    0.6    0.0    0.8
    52.213  -169.144    0.7    0.0    0.8
    52.222  -169.144    0.7    0.0    0.8
    52.231  -169.144    0.8    0.0    0.8
    52.240  -169.144    0.9    0.0    0.9
    52.249  -169.144    0.9    0.1    0.8
    52.258  -169.144    1.0    0.1    0.8
    52.267  -169.144    1.1    0.1    0.8
    52.276  -169.144    1.1    0.1    0.8
    52.285  -169.144    1.2    0.2    0.8
    52.294  -169.144    1.2    0.2    0.7
    52.303  -169.144    1.2    0.2    0.7
    52.312  -169.144    1.2    0.3    0.6
    52.321  -169.144    1.2    0.3    0.5
    52.330  -169.144    1.2    0.3    0.5
    52.339  -169.144    1.1    0.4    0.4
    52.348  -169.144    1.1    0.4    0.3
    52.357  -169.144    1.0    0.4    0.3
    52.366  -169.144    0.9    0.4    0.2
    52.375  -169.144    0.8    0.3    0.2
    52.384  -169.144    0.6    0.3    0.1
    52.393  -169.144    0.5    0.3    0.1
    52.402  -169.144    0.4    0.2    0.0
    52.411  -169.144    0.4    0.1   -0.0
    52.420  -169.144    0.3    0.1   -0.0
    52.429  -169.144    0.2    0.0   -0.1
    52.438  -169.144    0.2   -0.0   -0.1
    52.447  -169.144    0.1   -0.0   -0.1
    52.456  -169.144    0.1   -0.1   -0.1
    52.465  -169.144    0.1   -0.1   -0.1
    52.474  -169.144    0.0   -0.2   -0.1
    52.483  -169.144    0.0   -0.2   -0.1
    52.492  -169.144   -0.0   -0.2   -0.1
    52.501  -169.144   -0.0   -0.2   -0.1
    52.510  -169.144   -0.0   -0.2   -0.1
    52.519  -169.144   -0.0   -0.2   -0.1
    52.528  -169.144   -0.0   -0.3   -0.1
    52.537  -169.144   -0.0   -0.3   -0.1
    52.546  -169.144   -0.0   -0.3   -0.1
    52.555  -169.144   -0.0   -0.3   -0.1
    52.564  -169.144   -0.0   -0.3   -0.1
    52.573  -169.144   -0.0   -0.3   -0.1
    52.582  -169.144   -0.0   -0.3   -0.1
    52.591  -169.144   -0.0   -0.3   -0.1
    52.600  -169.144   -0.0   -0.3   -0.1
    52.609  -169.144   -0.0   -0.3   -0.1
    52.618  -169.144   -0.0   -0.3   -0.1
    52.627  -169.144   -0.0   -0.3   -0.1
    52.636  -169.144   -0.0   -0.3   -0.1
    52.645  -169.144   -0.0   -0.3   -0.1
    52.654  -169.144   -0.0   -0.2   -0.1
    52.663  -169.144   -0.0   -0.2   -0.1
    52.672  -169.144   -0.0   -0.2   -0.1
    51.771  -169.129   -0.0    0.1    0.0
    51.780  -169.129   -0.0    0.1    0.0
    51.789  -169.129   -0.0    0.1    0.0
    51.798  -169.129   -0.0    0.1    0.0
    51.808  -169.129   -0.0    0.1    0.0
    51.817  -169.129   -0.0    0.1    0.0
    51.826  -169.129   -0.0    0.1    0.1
    51.835  -169.129   -0.0    0.1    0.1
    51.844  -169.129   -0.0    0.1    0.1
    51.853  -169.129   -0.0    0.1    0.1
    51.862  -169.129   -0.0    0.1    0.1
    51.871  -169.129   -0.0    0.1    0.1
    51.880  -169.129   -0.0    0.1    0.1
    51.889  -169.129   -0.0    0.1    0.1
    51.898  -169.129   -0.0    0.1    0.1
    51.907  -169.129   -0.0    0.1    0.1
    51.916  -169.129   -0.0    0.1    0.1
    51.925  -169.129   -0.0    0.1    0.1
    51.934  -169.129   -0.0    0.1    0.1
    51.943  -169.129   -0.0    0.1    0.1
    51.952  -169.129   -0.0    0.1    0.1
    51.961  -169.129   -0.0    0.1    0.1
    51.970  -169.129   -0.0    0.1    0.2
    51.979  -169.129    0.0    0.1    0.2
    51.988  -169.129    0.0    0.1    0.2
    51.997  -169.129    0.0    0.1    0.2
    52.006  -169.129    0.0    0.1    0.2
    52.015  -169.129    0.0    0.1    0.2
    52.024  -169.129    0.0    0.1    0.2
    52.033  -169.129    0.1    0.1    0.2
    52.042  -169.129    0.1    0.1    0.3
    52.051  -169.129    0.1    0.1    0.3
    52.060  -169.129    0.1    0.1    0.3
    52.069  -169.129    0.1    0.0    0.3
    52.078  -169.129    0.1    0.0    0.3
    52.087  -169.129    0.1    0.0    0.4
    52.096  -169.129    0.2    0.0    0.4
    52.105  -169.129    0.2    0.0    0.4
    52.114  -169.129    0.2    0.0    0.5
    52.123  -169.129    0.2    0.0    0.5
    52.132  -169.129    0.3    0.0    0.5
    52.141  -169.129    0.3    0.0    0.5
    52.150  -169.129    0.3    0.0    0.6
    52.159  -169.129    0.4    0.0    0.6
    52.168  -169.129    0.4    0.0    0.6
    52.177  -169.129    0.4    0.0    0.6
    52.186  -169.129    0.5    0.0    0.7
    52.195  -169.129    0.5    0.0    0.7
    52.204  -169.129    0.6    0.0    0.7
    52.213  -169.129    0.6    0.0    0.7
    52.222  -169.129    0.7    0.0    0.7
    52.231  -169.129    0.8    0.0    0.8
    52.240  -169.129    0.8    0.0    0.8
    52.249  -169.129    0.9    0.1    0.8
    52.258  -169.129    0.9    0.1    0.7
    52.267  -169.129    1.0    0.1    0.7
    52.276  -169.129    1.1    0.1    0.7
    52.285  -169.129    1.1    0.2    0.7
    52.294  -169.129    1.1    0.2    0.6
    52.303  -169.129    1.1    0.2    0.6
    52.312  -169.129    1.1    0.3    0.5
    52.321  -169.129    1.1    0.3    0.5
    52.330  -169.129    1.1    0.3    0.4
    52.339  -169.129    1.0    0.3    0.4
    52.348  -169.129    1.0    0.3    0.3
    52.357  -169.129    0.9    0.3    0.2
    52.366  -169.129    0.8    0.3    0.2
    52.375  -169.129    0.7    0.3    0.1
    52.384  -169.129    0.6    0.3    0.1
    52.393  -169.129    0.5    0.2    0.1
    52.402  -169.129    0.4    0.2    0.0
    52.411  -169.129    0.4    0.2   -0.0
    52.420  -169.129    0.3    0.1   -0.0
    52.429  -169.129    0.2    0.1   -0.0
    52.438  -169.129    0.2    0.0   -0.1
    52.447  -169.129    0.1   -0.0   -0.1
    52.456  -169.129    0.1   -0.0   -0.1
    52.465  -169.129    0.1   -0.1   -0.1
    52.474  -169.129    0.0   -0.1   -0.1
    52.483  -169.129    0.0   -0.1   -0.1
    52.492  -169.129    0.0   -0.2   -0.1
    52.501  -169.129   -0.0   -0.2   -0.1
    52.510  -169.129   -0.0   -0.2   -0.1
    52.519  -169.129   -0.0   -0.2   -0.1
    52.528  -169.129   -0.0   -0.2   -0.1
    52.537  -169.129   -0.0   -0.2   -0.1
    52.546  -169.129   -0.0   -0.2   -0.1
    52.555  -169.129   -0.0   -0.2   -0.1
    52.564  -169.129   -0.0   -0.2   -0.1
    52.573  -169.129   -0.0   -0.2   -0.1
    52.582  -169.129   -0.0   -0.2   -0.1
    52.591  -169.129   -0.0   -0.2   -0.1
    52.600  -169.129   -0.0   -0.2   -0.1
    52.609  -169.129   -0.0   -0.2   -0.1
    52.618  -169.129   -0.0   -0.2   -0.1
    52.627  -169.129   -0.0   -0.2   -0.1
    52.636  -169.129   -0.0   -0.2   -0.1
    52.645  -169.129   -0.0   -0.2   -0.1
    52.654  -169.129   -0.0   -0.2   -0.1
    52.663  -169.129   -0.0   -0.2   -0.1
    52.672  -169.129   -0.0   -0.2   -0.1
    51.771  -169.114   -0.0    0.1    0.0
    51.780  -169.114   -0.0    0.1    0.0
    51.789  -169.114   -0.0    0.1    0.0
    51.798  -169.114   -0.0    0.1    0.0
    51.808  -169.114   -0.0    0.1    0.0
    51.817  -169.114   -0.0    0.1    0.0
    51.826  -169.114   -0.0    0.1    0.1
    51.835  -169.114   -0.0    0.1    0.1
    51.844  -169.114   -0.0    0.1    0.1
    51.853  -169.114   -0.0    0.1    0.1
    51.862  -169.114   -0.0    0.1    0.1
    51.871  -169.114   -0.0    0.1    0.1
    51.880  -169.114   -0.0    0.1    0.1
    51.889  -169.114   -0.0    0.1    0.1
    51.898  -169.114   -0.0    0.1    0.1
    51.907  -169.114   -0.0    0.1    0.1
    51.916  -169.114   -0.0    0.1    0.1
    51.925  -169.114   -0.0    0.1    0.1
    51.934  -169.114   -0.0    0.1    0.1
    51.943  -169.114   -0.0    0.1    0.1
    51.952  -169.114   -0.0    0.1    0.1
    51.961  -169.114   -0.0    0.1    0.1
    51.970  -169.114   -0.0    0.1    0.1
    51.979  -169.114   -0.0    0.1    0.2
    51.988  -169.114    0.0    0.1    0.2
    51.997  -169.114    0.0    0.1    0.2
    52.006  -169.114    0.0    0.1    0.2
    52.015  -169.114    0.0    0.1    0.2
    52.024  -169.114    0.0    0.1    0.2
    52.033  -169.114    0.0    0.1    0.2
    52.042  -169.114    0.1    0.1    0.2
    52.051  -169.114    0.1    0.1    0.3
    52.060  -169.114    0.1    0.1    0.3
    52.069  -169.114    0.1    0.0    0.3
    52.078  -169.114    0.1    0.0    0.3
    52.087  -169.114    0.1    0.0    0.3
    52.096  -169.114    0.2    0.0    0.4
    52.105  -169.114    0.2    0.0    0.4
    52.114  -169.114    0.2    0.0    0.4
    52.123  -169.114    0.2    0.0    0.4
    52.132  -169.114    0.3    0.0    0.5
    52.141  -169.114    0.3    0.0    0.5
    52.150  -169.114    0.3    0.0    0.5
    52.159  -169.114    0.4    0.0    0.5
    52.168  -169.114    0.4    0.0    0.6
    52.177  -169.114    0.4    0.0    0.6
    52.186  -169.114    0.5    0.0    0.6
    52.195  -169.114    0.5    0.0    0.6
    52.204  -169.114    0.6    0.0    0.6
    52.213  -169.114    0.6    0.0    0.7
    52.222  -169.114    0.7    0.0    0.7
    52.231  -169.114    0.7    0.0    0.7
    52.240  -169.114    0.8    0.0    0.7
    52.249  -169.114    0.8    0.1    0.7
    52.258  -169.114    0.9    0.1    0.7
    52.267  -169.114    0.9    0.1    0.6
    52.276  -169.114    1.0    0.1    0.6
    52.285  -169.114    1.0    0.2    0.6
    52.294  -169.114    1.0    0.2    0.6
    52.303  -169.114    1.0    0.2    0.5
    52.312  -169.114    1.0    0.2    0.5
    52.321  -169.114    1.0    0.3    0.4
    52.330  -169.114    1.0    0.3    0.4
    52.339  -169.114    0.9    0.3    0.3
    52.348  -169.114    0.9    0.3    0.3
    52.357  -169.114    0.8    0.3    0.2
    52.366  -169.114    0.7    0.3    0.2
    52.375  -169.114    0.7    0.3    0.1
    52.384  -169.114    0.6    0.3    0.1
    52.393  -169.114    0.5    0.2    0.1
    52.402  -169.114    0.4    0.2    0.0
    52.411  -169.114    0.4    0.2    0.0
    52.420  -169.114    0.3    0.1   -0.0
    52.429  -169.114    0.2    0.1   -0.0
    52.438  -169.114    0.2    0.1   -0.1
    52.447  -169.114    0.2    0.0   -0.1
    52.456  -169.114    0.1   -0.0   -0.1
    52.465  -169.114    0.1   -0.1   -0.1
    52.474  -169.114    0.1   -0.1   -0.1
    52.483  -169.114    0.0   -0.1   -0.1
    52.492  -169.114    0.0   -0.1   -0.1
    52.501  -169.114    0.0   -0.1   -0.1
    52.510  -169.114   -0.0   -0.2   -0.1
    52.519  -169.114   -0.0   -0.2   -0.1
    52.528  -169.114   -0.0   -0.2   -0.1
    52.537  -169.114   -0.0   -0.2   -0.1
    52.546  -169.114   -0.0   -0.2   -0.1
    52.555  -169.114   -0.0   -0.2   -0.1
    52.564  -169.114   -0.0   -0.2   -0.1
    52.573  -169.114   -0.0   -0.2   -0.1
    52.582  -169.114   -0.0   -0.2   -0.1
    52.591  -169.114   -0.0   -0.2   -0.1
    52.600  -169.114   -0.0   -0.2   -0.1
    52.609  -169.114   -0.0   -0.2   -0.1
    52.618  -169.114   -0.0   -0.2   -0.1
    52.627  -169.114   -0.0   -0.2   -0.1
    52.636  -169.114   -0.0   -0.2   -0.1
    52.645  -169.114   -0.0   -0.2   -0.1
    52.654  -169.114   -0.0   -0.2   -0.1
    52.663  -169.114   -0.0   -0.2   -0.1
    52.672  -169.114   -0.0   -0.2   -0.1
    51.771  -169.100   -0.0    0.1    0.0
    51.780  -169.100   -0.0    0.1    0.0
    51.789  -169.100   -0.0    0.1    0.0
    51.798  -169.100   -0.0    0.1    0.0
    51.808  -169.100   -0.0    0.1    0.0
    51.817  -169.100   -0.0    0.1    0.0
    51.826  -169.100   -0.0    0.1    0.1
    51.835  -169.100   -0.0    0.1    0.1
    51.844  -169.100   -0.0    0.1    0.1
    51.853  -169.100   -0.0    0.1    0.1
    51.862  -169.100   -0.0    0.1    0.1
    51.871  -169.100   -0.0    0.1    0.1
    51.880  -169.100   -0.0    0.1    0.1
    51.889  -169.100   -0.0    0.1    0.1
    51.898  -169.100   -0.0    0.1    0.1
    51.907  -169.100   -0.0    0.1    0.1
    51.916  -169.100   -0.0    0.1    0.1
    51.925  -169.100   -0.0    0.1    0.1
    51.934  -169.100   -0.0    0.1    0.1
    51.943  -169.100   -0.0    0.1    0.1
    51.952  -169.100   -0.0    0.1    0.1
    51.961  -169.100   -0.0    0.1    0.1
    51.970  -169.100   -0.0    0.1    0.1
    51.979  -169.100   -0.0    0.1    0.1
    51.988  -169.100    0.0    0.1    0.2
    51.997  -169.100    0.0    0.1    0.2
    52.006  -169.100    0.0    0.1    0.2
    52.015  -169.100    0.0    0.1    0.2
    52.024  -169.100    0.0    0.1    0.2
    52.033  -169.100    0.0    0.1    0.2
    52.042  -169.100    0.1    0.1    0.2
    52.051  -169.100    0.1    0.1    0.2
    52.060  -169.100    0.1    0.1    0.3
    52.069  -169.100    0.1    0.1    0.3
    52.078  -169.100    0.1    0.0    0.3
    52.087  -169.100    0.1    0.0    0.3
    52.096  -169.100    0.1    0.0    0.3
    52.105  -169.100    0.2    0.0    0.4
    52.114  -169.100    0.2    0.0    0.4
    52.123  -169.100    0.2    0.0    0.4
    52.132  -169.100    0.2    0.0    0.4
    52.141  -169.100    0.3    0.0    0.4
    52.150  -169.100    0.3    0.0    0.5
    52.159  -169.100    0.3    0.0    0.5
    52.168  -169.100    0.4    0.0    0.5
    52.177  -169.100    0.4    0.0    0.5
    52.186  -169.100    0.5    0.0    0.5
    52.195  -169.100    0.5    0.0    0.6
    52.204  -169.100    0.5    0.0    0.6
    52.213  -169.100    0.6    0.0    0.6
    52.222  -169.100    0.6    0.0    0.6
    52.231  -169.100    0.7    0.0    0.6
    52.240  -169.100    0.7    0.1    0.6
    52.249  -169.100    0.8    0.1    0.6
    52.258  -169.100    0.8    0.1    0.6
    52.267  -169.100    0.9    0.1    0.6
    52.276  -169.100    0.9    0.1    0.5
    52.285  -169.100    0.9    0.2    0.5
    52.294  -169.100    0.9    0.2    0.5
    52.303  -169.100    1.0    0.2    0.5
    52.312  -169.100    1.0    0.2    0.4
    52.321  -169.100    0.9    0.3    0.4
    52.330  -169.100    0.9    0.3    0.3
    52.339  -169.100    0.9    0.3    0.3
    52.348  -169.100    0.8    0.3    0.2
    52.357  -169.100    0.8    0.3    0.2
    52.366  -169.100    0.7    0.3    0.2
    52.375  -169.100    0.6    0.3    0.1
    52.384  -169.100    0.6    0.3    0.1
    52.393  -169.100    0.5    0.2    0.1
    52.402  -169.100    0.4    0.2    0.0
    52.411  -169.100    0.4    0.2    0.0
    52.420  -169.100    0.3    0.1   -0.0
    52.429  -169.100    0.3    0.1   -0.0
    52.438  -169.100    0.2    0.1   -0.0
    52.447  -169.100    0.2    0.0   -0.1
    52.456  -169.100    0.1    0.0   -0.1
    52.465  -169.100    0.1   -0.0   -0.1
    52.474  -169.100    0.1   -0.1   -0.1
    52.483  -169.100    0.1   -0.1   -0.1
    52.492  -169.100    0.0   -0.1   -0.1
    52.501  -169.100    0.0   -0.1   -0.1
    52.510  -169.100    0.0   -0.1   -0.1
    52.519  -169.100   -0.0   -0.1   -0.1
    52.528  -169.100   -0.0   -0.2   -0.1
    52.537  -169.100   -0.0   -0.2   -0.1
    52.546  -169.100   -0.0   -0.2   -0.1
    52.555  -169.100   -0.0   -0.2   -0.1
    52.564  -169.100   -0.0   -0.2   -0.1
    52.573  -169.100   -0.0   -0.2   -0.1
    52.582  -169.100   -0.0   -0.2   -0.1
    52.591  -169.100   -0.0   -0.2   -0.1
    52.600  -169.100   -0.0   -0.2   -0.1
    52.609  -169.100   -0.0   -0.2   -0.1
    52.618  -169.100   -0.0   -0.2   -0.1
    52.627  -169.100   -0.0   -0.2   -0.1
    52.636  -169.100   -0.0   -0.2   -0.1
    52.645  -169.100   -0.0   -0.2   -0.1
    52.654  -169.100   -0.0   -0.2   -0.1
    52.663  -169.100   -0.0   -0.2   -0.1
    52.672  -169.100   -0.0   -0.2   -0.1
    51.771  -169.085   -0.0    0.1    0.0
    51.780  -169.085   -0.0    0.1    0.0
    51.789  -169.085   -0.0    0.1    0.0
    51.798  -169.085   -0.0    0.1    0.0
    51.808  -169.085   -0.0    0.1    0.0
    51.817  -169.085   -0.0    0.1    0.0
    51.826  -169.085   -0.0    0.1    0.0
    51.835  -169.085   -0.0    0.1    0.1
    51.844  -169.085   -0.0    0.1    0.1
    51.853  -169.085   -0.0    0.1    0.1
    51.862  -169.085   -0.0    0.1    0.1
    51.871  -169.085   -0.0    0.1    0.1
    51.880  -169.085   -0.0    0.1    0.1
    51.889  -169.085   -0.0    0.1    0.1
    51.898  -169.085   -0.0    0.1    0.1
    51.907  -169.085   -0.0    0.1    0.1
    51.916  -169.085   -0.0    0.1    0.1
    51.925  -169.085   -0.0    0.1    0.1
    51.934  -169.085   -0.0    0.1    0.1
    51.943  -169.085   -0.0    0.1    0.1
    51.952  -169.085   -0.0    0.1    0.1
    51.961  -169.085   -0.0    0.1    0.1
    51.970  -169.085   -0.0    0.1    0.1
    51.979  -169.085   -0.0    0.1    0.1
    51.988  -169.085    0.0    0.1    0.1
    51.997  -169.085    0.0    0.1    0.2
    52.006  -169.085    0.0    0.1    0.2
    52.015  -169.085    0.0    0.1    0.2
    52.024  -169.085    0.0    0.1    0.2
    52.033  -169.085    0.0    0.1    0.2
    52.042  -169.085    0.1    0.1    0.2
    52.051  -169.085    0.1    0.1    0.2
    52.060  -169.085    0.1    0.1    0.2
    52.069  -169.085    0.1    0.1    0.3
    52.078  -169.085    0.1    0.1    0.3
    52.087  -169.085    0.1    0.0    0.3
    52.096  -169.085    0.1    0.0    0.3
    52.105  -169.085    0.2    0.0    0.3
    52.114  -169.085    0.2    0.0    0.3
    52.123  -169.085    0.2    0.0    0.4
    52.132  -169.085    0.2    0.0    0.4
    52.141  -169.085    0.3    0.0    0.4
    52.150  -169.085    0.3    0.0    0.4
    52.159  -169.085    0.3    0.0    0.4
    52.168  -169.085    0.4    0.0    0.5
    52.177  -169.085    0.4    0.0    0.5
    52.186  -169.085    0.4    0.0    0.5
    52.195  -169.085    0.5    0.0    0.5
    52.204  -169.085    0.5    0.0    0.5
    52.213  -169.085    0.6    0.0    0.5
    52.222  -169.085    0.6    0.0    0.5
    52.231  -169.085    0.7    0.0    0.5
    52.240  -169.085    0.7    0.1    0.5
    52.249  -169.085    0.7    0.1    0.5
    52.258  -169.085    0.8    0.1    0.5
    52.267  -169.085    0.8    0.1    0.5
    52.276  -169.085    0.8    0.1    0.5
    52.285  -169.085    0.9    0.1    0.5
    52.294  -169.085    0.9    0.2    0.4
    52.303  -169.085    0.9    0.2    0.4
    52.312  -169.085    0.9    0.2    0.4
    52.321  -169.085    0.9    0.2    0.3
    52.330  -169.085    0.8    0.3    0.3
    52.339  -169.085    0.8    0.3    0.3
    52.348  -169.085    0.8    0.3    0.2
    52.357  -169.085    0.7    0.3    0.2
    52.366  -169.085    0.7    0.3    0.1
    52.375  -169.085    0.6    0.3    0.1
    52.384  -169.085    0.5    0.2    0.1
    52.393  -169.085    0.5    0.2    0.1
    52.402  -169.085    0.4    0.2    0.0
    52.411  -169.085    0.4    0.2    0.0
    52.420  -169.085    0.3    0.1   -0.0
    52.429  -169.085    0.3    0.1   -0.0
    52.438  -169.085    0.2    0.1   -0.0
    52.447  -169.085    0.2    0.1   -0.1
    52.456  -169.085    0.1    0.0   -0.1
    52.465  -169.085    0.1   -0.0   -0.1
    52.474  -169.085    0.1   -0.0   -0.1
    52.483  -169.085    0.1   -0.1   -0.1
    52.492  -169.085    0.0   -0.1   -0.1
    52.501  -169.085    0.0   -0.1   -0.1
    52.510  -169.085    0.0   -0.1   -0.1
    52.519  -169.085    0.0   -0.1   -0.1
    52.528  -169.085   -0.0   -0.1   -0.1
    52.537  -169.085   -0.0   -0.1   -0.1
    52.546  -169.085   -0.0   -0.2   -0.1
    52.555  -169.085   -0.0   -0.2   -0.1
    52.564  -169.085   -0.0   -0.2   -0.1
    52.573  -169.085   -0.0   -0.2   -0.1
    52.582  -169.085   -0.0   -0.2   -0.1
    52.591  -169.085   -0.0   -0.2   -0.1
    52.600  -169.085   -0.0   -0.2   -0.1
    52.609  -169.085   -0.0   -0.2   -0.1
    52.618  -169.085   -0.0   -0.2   -0.1
    52.627  -169.085   -0.0   -0.2   -0.1
    52.636  -169.085   -0.0   -0.2   -0.1
    52.645  -169.085   -0.0   -0.2   -0.1
    52.654  -169.085   -0.0   -0.2   -0.1
    52.663  -169.085   -0.0   -0.2   -0.1
    52.672  -169.085   -0.0   -0.2   -0.0
    51.771  -169.070   -0.0    0.1    0.0
    51.780  -169.070   -0.0    0.1    0.0
    51.789  -169.070   -0.0    0.1    0.0
    51.798  -169.070   -0.0    0.1    0.0
    51.808  -169.070   -0.0    0.1    0.0
    51.817  -169.070   -0.0    0.1    0.0
    51.826  -169.070   -0.0    0.1    0.0
    51.835  -169.070   -0.0    0.1    0.1
    51.844  -169.070   -0.0    0.1    0.1
    51.853  -169.070   -0.0    0.1    0.1
    51.862  -169.070   -0.0    0.1    0.1
    51.871  -169.070   -0.0    0.1    0.1
    51.880  -169.070   -0.0    0.1    0.1
    51.889  -169.070   -0.0    0.1    0.1
    51.898  -169.070   -0.0    0.1    0.1
    51.907  -169.070   -0.0    0.1    0.1
    51.916  -169.070   -0.0    0.1    0.1
    51.925  -169.070   -0.0    0.1    0.1
    51.934  -169.070   -0.0    0.1    0.1
    51.943  -169.070   -0.0    0.1    0.1
    51.952  -169.070   -0.0    0.1    0.1
    51.961  -169.070   -0.0    0.1    0.1
    51.970  -169.070   -0.0    0.1    0.1
    51.979  -169.070   -0.0    0.1    0.1
    51.988  -169.070   -0.0    0.1    0.1
    51.997  -169.070    0.0    0.1    0.1
    52.006  -169.070    0.0    0.1    0.2
    52.015  -169.070    0.0    0.1    0.2
    52.024  -169.070    0.0    0.1    0.2
    52.033  -169.070    0.0    0.1    0.2
    52.042  -169.070    0.0    0.1    0.2
    52.051  -169.070    0.1    0.1    0.2
    52.060  -169.070    0.1    0.1    0.2
    52.069  -169.070    0.1    0.1    0.2
    52.078  -169.070    0.1    0.1    0.3
    52.087  -169.070    0.1    0.0    0.3
    52.096  -169.070    0.1    0.0    0.3
    52.105  -169.070    0.2    0.0    0.3
    52.114  -169.070    0.2    0.0    0.3
    52.123  -169.070    0.2    0.0    0.3
    52.132  -169.070    0.2    0.0    0.4
    52.141  -169.070    0.3    0.0    0.4
    52.150  -169.070    0.3    0.0    0.4
    52.159  -169.070    0.3    0.0    0.4
    52.168  -169.070    0.3    0.0    0.4
    52.177  -169.070    0.4    0.0    0.4
    52.186  -169.070    0.4    0.0    0.4
    52.195  -169.070    0.5    0.0    0.5
    52.204  -169.070    0.5    0.0    0.5
    52.213  -169.070    0.5    0.0    0.5
    52.222  -169.070    0.6    0.0    0.5
    52.231  -169.070    0.6    0.0    0.5
    52.240  -169.070    0.7    0.1    0.5
    52.249  -169.070    0.7    0.1    0.5
    52.258  -169.070    0.7    0.1    0.5
    52.267  -169.070    0.8    0.1    0.4
    52.276  -169.070    0.8    0.1    0.4
    52.285  -169.070    0.8    0.1    0.4
    52.294  -169.070    0.8    0.2    0.4
    52.303  -169.070    0.8    0.2    0.4
    52.312  -169.070    0.8    0.2    0.3
    52.321  -169.070    0.8    0.2    0.3
    52.330  -169.070    0.8    0.2    0.3
    52.339  -169.070    0.7    0.2    0.2
    52.348  -169.070    0.7    0.2    0.2
    52.357  -169.070    0.7    0.2    0.2
    52.366  -169.070    0.6    0.2    0.1
    52.375  -169.070    0.6    0.2    0.1
    52.384  -169.070    0.5    0.2    0.1
    52.393  -169.070    0.5    0.2    0.1
    52.402  -169.070    0.4    0.2    0.0
    52.411  -169.070    0.4    0.2    0.0
    52.420  -169.070    0.3    0.1   -0.0
    52.429  -169.070    0.3    0.1   -0.0
    52.438  -169.070    0.2    0.1   -0.0
    52.447  -169.070    0.2    0.1   -0.0
    52.456  -169.070    0.2    0.0   -0.1
    52.465  -169.070    0.1    0.0   -0.1
    52.474  -169.070    0.1   -0.0   -0.1
    52.483  -169.070    0.1   -0.0   -0.1
    52.492  -169.070    0.1   -0.1   -0.1
    52.501  -169.070    0.0   -0.1   -0.1
    52.510  -169.070    0.0   -0.1   -0.1
    52.519  -169.070    0.0   -0.1   -0.1
    52.528  -169.070    0.0   -0.1   -0.1
    52.537  -169.070   -0.0   -0.1   -0.1
    52.546  -169.070   -0.0   -0.1   -0.1
    52.555  -169.070   -0.0   -0.1   -0.1
    52.564  -169.070   -0.0   -0.1   -0.1
    52.573  -169.070   -0.0   -0.2   -0.1
    52.582  -169.070   -0.0   -0.2   -0.1
    52.591  -169.070   -0.0   -0.2   -0.1
    52.600  -169.070   -0.0   -0.2   -0.1
    52.609  -169.070   -0.0   -0.2   -0.1
    52.618  -169.070   -0.0   -0.2   -0.1
    52.627  -169.070   -0.0   -0.2   -0.1
    52.636  -169.070   -0.0   -0.2   -0.1
    52.645  -169.070   -0.0   -0.2   -0.1
    52.654  -169.070   -0.0   -0.2   -0.1
    52.663  -169.070   -0.0   -0.2   -0.1
    52.672  -169.070   -0.0   -0.2   -0.0
    51.771  -169.056   -0.0    0.1    0.0
    51.780  -169.056   -0.0    0.1    0.0
    51.789  -169.056   -0.0    0.1    0.0
    51.798  -169.056   -0.0    0.1    0.0
    51.808  -169.056   -0.0    0.1    0.0
    51.817  -169.056   -0.0    0.1    0.0
    51.826  -169.056   -0.0    0.1    0.0
    51.835  -169.056   -0.0    0.1    0.0
    51.844  -169.056   -0.0    0.1    0.1
    51.853  -169.056   -0.0    0.1    0.1
    51.862  -169.056   -0.0    0.1    0.1
    51.871  -169.056   -0.0    0.1    0.1
    51.880  -169.056   -0.0    0.1    0.1
    51.889  -169.056   -0.0    0.1    0.1
    51.898  -169.056   -0.0    0.1    0.1
    51.907  -169.056   -0.0    0.1    0.1
    51.916  -169.056   -0.0    0.1    0.1
    51.925  -169.056   -0.0    0.1    0.1
    51.934  -169.056   -0.0    0.1    0.1
    51.943  -169.056   -0.0    0.1    0.1
    51.952  -169.056   -0.0    0.1    0.1
    51.961  -169.056   -0.0    0.1    0.1
    51.970  -169.056   -0.0    0.1    0.1
    51.979  -169.056   -0.0    0.1    0.1
    51.988  -169.056   -0.0    0.1    0.1
    51.997  -169.056    0.0    0.1    0.1
    52.006  -169.056    0.0    0.1    0.1
    52.015  -169.056    0.0    0.1    0.2
    52.024  -169.056    0.0    0.1    0.2
    52.033  -169.056    0.0    0.1    0.2
    52.042  -169.056    0.0    0.1    0.2
    52.051  -169.056    0.1    0.1    0.2
    52.060  -169.056    0.1    0.1    0.2
    52.069  -169.056    0.1    0.1    0.2
    52.078  -169.056    0.1    0.1    0.2
    52.087  -169.056    0.1    0.0    0.3
    52.096  -169.056    0.1    0.0    0.3
    52.105  -169.056    0.1    0.0    0.3
    52.114  -169.056    0.2    0.0    0.3
    52.123  -169.056    0.2    0.0    0.3
    52.132  -169.056    0.2    0.0    0.3
    52.141  -169.056    0.2    0.0    0.3
    52.150  -169.056    0.3    0.0    0.3
    52.159  -169.056    0.3    0.0    0.4
    52.168  -169.056    0.3    0.0    0.4
    52.177  -169.056    0.4    0.0    0.4
    52.186  -169.056    0.4    0.0    0.4
    52.195  -169.056    0.4    0.0    0.4
    52.204  -169.056    0.5    0.0    0.4
    52.213  -169.056    0.5    0.0    0.4
    52.222  -169.056    0.5    0.0    0.4
    52.231  -169.056    0.6    0.0    0.4
    52.240  -169.056    0.6    0.1    0.4
    52.249  -169.056    0.6    0.1    0.4
    52.258  -169.056    0.7    0.1    0.4
    52.267  -169.056    0.7    0.1    0.4
    52.276  -169.056    0.7    0.1    0.4
    52.285  -169.056    0.7    0.1    0.4
    52.294  -169.056    0.7    0.2    0.3
    52.303  -169.056    0.7    0.2    0.3
    52.312  -169.056    0.7    0.2    0.3
    52.321  -169.056    0.7    0.2    0.3
    52.330  -169.056    0.7    0.2    0.2
    52.339  -169.056    0.7    0.2    0.2
    52.348  -169.056    0.6    0.2    0.2
    52.357  -169.056    0.6    0.2    0.1
    52.366  -169.056    0.6    0.2    0.1
    52.375  -169.056    0.5    0.2    0.1
    52.384  -169.056    0.5    0.2    0.1
    52.393  -169.056    0.4    0.2    0.0
    52.402  -169.056    0.4    0.2    0.0
    52.411  -169.056    0.3    0.2    0.0
    52.420  -169.056    0.3    0.1   -0.0
    52.429  -169.056    0.3    0.1   -0.0
    52.438  -169.056    0.2    0.1   -0.0
    52.447  -169.056    0.2    0.1   -0.0
    52.456  -169.056    0.2    0.0   -0.0
    52.465  -169.056    0.1    0.0   -0.1
    52.474  -169.056    0.1    0.0   -0.1
    52.483  -169.056    0.1   -0.0   -0.1
    52.492  -169.056    0.1   -0.0   -0.1
    52.501  -169.056    0.1   -0.1   -0.1
    52.510  -169.056    0.0   -0.1   -0.1
    52.519  -169.056    0.0   -0.1   -0.1
    52.528  -169.056    0.0   -0.1   -0.1
    52.537  -169.056    0.0   -0.1   -0.1
    52.546  -169.056   -0.0   -0.1   -0.1
    52.555  -169.056   -0.0   -0.1   -0.1
    52.564  -169.056   -0.0   -0.1   -0.1
    52.573  -169.056   -0.0   -0.1   -0.1
    52.582  -169.056   -0.0   -0.1   -0.1
    52.591  -169.056   -0.0   -0.1   -0.1
    52.600  -169.056   -0.0   -0.2   -0.1
    52.609  -169.056   -0.0   -0.2   -0.1
    52.618  -169.056   -0.0   -0.2   -0.1
    52.627  -169.056   -0.0   -0.2   -0.1
    52.636  -169.056   -0.0   -0.2   -0.1
    52.645  -169.056   -0.0   -0.2   -0.1
    52.654  -169.056   -0.0   -0.2   -0.1
    52.663  -169.056   -0.0   -0.2   -0.0
    52.672  -169.056   -0.0   -0.2   -0.0
    51.771  -169.041   -0.0    0.1    0.0
    51.780  -169.041   -0.0    0.1    0.0
    51.789  -169.041   -0.0    0.1    0.0
    51.798  -169.041   -0.0    0.1    0.0
    51.808  -169.041   -0.0    0.1    0.0
    51.817  -169.041   -0.0    0.1    0.0
    51.826  -169.041   -0.0    0.1    0.0
    51.835  -169.041   -0.0    0.1    0.0
    51.844  -169.041   -0.0    0.1    0.1
    51.853  -169.041   -0.0    0.1    0.1
    51.862  -169.041   -0.0    0.1    0.1
    51.871  -169.041   -0.0    0.1    0.1
    51.880  -169.041   -0.0    0.1    0.1
    51.889  -169.041   -0.0    0.1    0.1
    51.898  -169.041   -0.0    0.1    0.1
    51.907  -169.041   -0.0    0.1    0.1
    51.916  -169.041   -0.0    0.1    0.1
    51.925  -169.041   -0.0    0.1    0.1
    51.934  -169.041   -0.0    0.1    0.1
    51.943  -169.041   -0.0    0.1    0.1
    51.952  -169.041   -0.0    0.1    0.1
    51.961  -169.041   -0.0    0.1    0.1
    51.970  -169.041   -0.0    0.1    0.1
    51.979  -169.041   -0.0    0.1    0.1
    51.988  -169.041   -0.0    0.1    0.1
    51.997  -169.041    0.0    0.1    0.1
    52.006  -169.041    0.0    0.1    0.1
    52.015  -169.041    0.0    0.1    0.1
    52.024  -169.041    0.0    0.1    0.2
    52.033  -169.041    0.0    0.1    0.2
    52.042  -169.041    0.0    0.1    0.2
    52.051  -169.041    0.1    0.1    0.2
    52.060  -169.041    0.1    0.1    0.2
    52.069  -169.041    0.1    0.1    0.2
    52.078  -169.041    0.1    0.1    0.2
    52.087  -169.041    0.1    0.1    0.2
    52.096  -169.041    0.1    0.0    0.2
    52.105  -169.041    0.1    0.0    0.3
    52.114  -169.041    0.2    0.0    0.3
    52.123  -169.041    0.2    0.0    0.3
    52.132  -169.041    0.2    0.0    0.3
    52.141  -169.041    0.2    0.0    0.3
    52.150  -169.041    0.3    0.0    0.3
    52.159  -169.041    0.3    0.0    0.3
    52.168  -169.041    0.3    0.0    0.3
    52.177  -169.041    0.3    0.0    0.3
    52.186  -169.041    0.4    0.0    0.4
    52.195  -169.041    0.4    0.0    0.4
    52.204  -169.041    0.4    0.0    0.4
    52.213  -169.041    0.5    0.0    0.4
    52.222  -169.041    0.5    0.0    0.4
    52.231  -169.041    0.5    0.0    0.4
    52.240  -169.041    0.6    0.1    0.4
    52.249  -169.041    0.6    0.1    0.4
    52.258  -169.041    0.6    0.1    0.4
    52.267  -169.041    0.6    0.1    0.3
    52.276  -169.041    0.7    0.1    0.3
    52.285  -169.041    0.7    0.1    0.3
    52.294  -169.041    0.7    0.1    0.3
    52.303  -169.041    0.7    0.2    0.3
    52.312  -169.041    0.7    0.2    0.3
    52.321  -169.041    0.7    0.2    0.2
    52.330  -169.041    0.7    0.2    0.2
    52.339  -169.041    0.6    0.2    0.2
    52.348  -169.041    0.6    0.2    0.2
    52.357  -169.041    0.6    0.2    0.1
    52.366  -169.041    0.5    0.2    0.1
    52.375  -169.041    0.5    0.2    0.1
    52.384  -169.041    0.5    0.2    0.1
    52.393  -169.041    0.4    0.2    0.0
    52.402  -169.041    0.4    0.2    0.0
    52.411  -169.041    0.3    0.2    0.0
    52.420  -169.041    0.3    0.1   -0.0
    52.429  -169.041    0.3    0.1   -0.0
    52.438  -169.041    0.2    0.1   -0.0
    52.447  -169.041    0.2    0.1   -0.0
    52.456  -169.041    0.2    0.1   -0.0
    52.465  -169.041    0.1    0.0   -0.1
    52.474  -169.041    0.1    0.0   -0.1
    52.483  -169.041    0.1   -0.0   -0.1
    52.492  -169.041    0.1   -0.0   -0.1
    52.501  -169.041    0.1   -0.0   -0.1
    52.510  -169.041    0.0   -0.0   -0.1
    52.519  -169.041    0.0   -0.1   -0.1
    52.528  -169.041    0.0   -0.1   -0.1
    52.537  -169.041    0.0   -0.1   -0.1
    52.546  -169.041    0.0   -0.1   -0.1
    52.555  -169.041   -0.0   -0.1   -0.1
    52.564  -169.041   -0.0   -0.1   -0.1
    52.573  -169.041   -0.0   -0.1   -0.1
    52.582  -169.041   -0.0   -0.1   -0.1
    52.591  -169.041   -0.0   -0.1   -0.1
    52.600  -169.041   -0.0   -0.1   -0.1
    52.609  -169.041   -0.0   -0.1   -0.1
    52.618  -169.041   -0.0   -0.1   -0.1
    52.627  -169.041   -0.0   -0.1   -0.1
    52.636  -169.041   -0.0   -0.1   -0.1
    52.645  -169.041   -0.0   -0.1   -0.1
    52.654  -169.041   -0.0   -0.1   -0.0
    52.663  -169.041   -0.0   -0.1   -0.0
    52.672  -169.041   -0.0   -0.1   -0.0
    51.771  -169.026   -0.0    0.1    0.0
    51.780  -169.026   -0.0    0.1    0.0
    51.789  -169.026   -0.0    0.1    0.0
    51.798  -169.026   -0.0    0.1    0.0
    51.808  -169.026   -0.0    0.1    0.0
    51.817  -169.026   -0.0    0.1    0.0
    51.826  -169.026   -0.0    0.1    0.0
    51.835  -169.026   -0.0    0.1    0.0
    51.844  -169.026   -0.0    0.1    0.0
    51.853  -169.026   -0.0    0.1    0.1
    51.862  -169.026   -0.0    0.1    0.1
    51.871  -169.026   -0.0    0.1    0.1
    51.880  -169.026   -0.0    0.1    0.1
    51.889  -169.026   -0.0    0.1    0.1
    51.898  -169.026   -0.0    0.1    0.1
    51.907  -169.026   -0.0    0.1    0.1
    51.916  -169.026   -0.0    0.1    0.1
    51.925  -169.026   -0.0    0.1    0.1
    51.934  -169.026   -0.0    0.1    0.1
    51.943  -169.026   -0.0    0.1    0.1
    51.952  -169.026   -0.0    0.1    0.1
    51.961  -169.026   -0.0    0.1    0.1
    51.970  -169.026   -0.0    0.1    0.1
    51.979  -169.026   -0.0    0.1    0.1
    51.988  -169.026   -0.0    0.1    0.1
    51.997  -169.026   -0.0    0.1    0.1
    52.006  -169.026    0.0    0.1    0.1
    52.015  -169.026    0.0    0.1    0.1
    52.024  -169.026    0.0    0.1    0.1
    52.033  -169.026    0.0    0.1    0.2
    52.042  -169.026    0.0    0.1    0.2
    52.051  -169.026    0.0    0.1    0.2
    52.060  -169.026    0.1    0.1    0.2
    52.069  -169.026    0.1    0.1    0.2
    52.078  -169.026    0.1    0.1    0.2
    52.087  -169.026    0.1    0.1    0.2
    52.096  -169.026    0.1    0.0    0.2
    52.105  -169.026    0.1    0.0    0.2
    52.114  -169.026    0.2    0.0    0.2
    52.123  -169.026    0.2    0.0    0.3
    52.132  -169.026    0.2    0.0    0.3
    52.141  -169.026    0.2    0.0    0.3
    52.150  -169.026    0.2    0.0    0.3
    52.159  -169.026    0.3    0.0    0.3
    52.168  -169.026    0.3    0.0    0.3
    52.177  -169.026    0.3    0.0    0.3
    52.186  -169.026    0.4    0.0    0.3
    52.195  -169.026    0.4    0.0    0.3
    52.204  -169.026    0.4    0.0    0.3
    52.213  -169.026    0.4    0.0    0.3
    52.222  -169.026    0.5    0.0    0.3
    52.231  -169.026    0.5    0.1    0.3
    52.240  -169.026    0.5    0.1    0.3
    52.249  -169.026    0.6    0.1    0.3
    52.258  -169.026    0.6    0.1    0.3
    52.267  -169.026    0.6    0.1    0.3
    52.276  -169.026    0.6    0.1    0.3
    52.285  -169.026    0.6    0.1    0.3
    52.294  -169.026    0.6    0.1    0.3
    52.303  -169.026    0.6    0.2    0.2
    52.312  -169.026    0.6    0.2    0.2
    52.321  -169.026    0.6    0.2    0.2
    52.330  -169.026    0.6    0.2    0.2
    52.339  -169.026    0.6    0.2    0.2
    52.348  -169.026    0.6    0.2    0.1
    52.357  -169.026    0.5    0.2    0.1
    52.366  -169.026    0.5    0.2    0.1
    52.375  -169.026    0.5    0.2    0.1
    52.384  -169.026    0.4    0.2    0.1
    52.393  -169.026    0.4    0.2    0.0
    52.402  -169.026    0.4    0.2    0.0
    52.411  -169.026    0.3    0.2    0.0
    52.420  -169.026    0.3    0.1   -0.0
    52.429  -169.026    0.3    0.1   -0.0
    52.438  -169.026    0.2    0.1   -0.0
    52.447  -169.026    0.2    0.1   -0.0
    52.456  -169.026    0.2    0.1   -0.0
    52.465  -169.026    0.1    0.0   -0.0
    52.474  -169.026    0.1    0.0   -0.1
    52.483  -169.026    0.1    0.0   -0.1
    52.492  -169.026    0.1   -0.0   -0.1
    52.501  -169.026    0.1   -0.0   -0.1
    52.510  -169.026    0.1   -0.0   -0.1
    52.519  -169.026    0.0   -0.0   -0.1
    52.528  -169.026    0.0   -0.1   -0.1
    52.537  -169.026    0.0   -0.1   -0.1
    52.546  -169.026    0.0   -0.1   -0.1
    52.555  -169.026    0.0   -0.1   -0.1
    52.564  -169.026    0.0   -0.1   -0.1
    52.573  -169.026   -0.0   -0.1   -0.1
    52.582  -169.026   -0.0   -0.1   -0.1
    52.591  -169.026   -0.0   -0.1   -0.1
    52.600  -169.026   -0.0   -0.1   -0.1
    52.609  -169.026   -0.0   -0.1   -0.1
    52.618  -169.026   -0.0   -0.1   -0.1
    52.627  -169.026   -0.0   -0.1   -0.1
    52.636  -169.026   -0.0   -0.1   -0.1
    52.645  -169.026   -0.0   -0.1   -0.0
    52.654  -169.026   -0.0   -0.1   -0.0
    52.663  -169.026   -0.0   -0.1   -0.0
    52.672  -169.026   -0.0   -0.1   -0.0
    51.771  -169.011   -0.0    0.1    0.0
    51.780  -169.011   -0.0    0.1    0.0
    51.789  -169.011   -0.0    0.1    0.0
    51.798  -169.011   -0.0    0.1    0.0
    51.808  -169.011   -0.0    0.1    0.0
    51.817  -169.011   -0.0    0.1    0.0
    51.826  -169.011   -0.0    0.1    0.0
    51.835  -169.011   -0.0    0.1    0.0
    51.844  -169.011   -0.0    0.1    0.0
    51.853  -169.011   -0.0    0.1    0.1
    51.862  -169.011   -0.0    0.1    0.1
    51.871  -169.011   -0.0    0.1    0.1
    51.880  -169.011   -0.0    0.1    0.1
    51.889  -169.011   -0.0    0.1    0.1
    51.898  -169.011   -0.0    0.1    0.1
    51.907  -169.011   -0.0    0.1    0.1
    51.916  -169.011   -0.0    0.1    0.1
    51.925  -169.011   -0.0    0.1    0.1
    51.934  -169.011   -0.0    0.1    0.1
    51.943  -169.011   -0.0    0.1    0.1
    51.952  -169.011   -0.0    0.1    0.1
    51.961  -169.011   -0.0    0.1    0.1
    51.970  -169.011   -0.0    0.1    0.1
    51.979  -169.011   -0.0    0.1    0.1
    51.988  -169.011   -0.0    0.1    0.1
    51.997  -169.011   -0.0    0.1    0.1
    52.006  -169.011    0.0    0.1    0.1
    52.015  -169.011    0.0    0.1    0.1
    52.024  -169.011    0.0    0.1    0.1
    52.033  -169.011    0.0    0.1    0.1
    52.042  -169.011    0.0    0.1    0.2
    52.051  -169.011    0.0    0.1    0.2
    52.060  -169.011    0.1    0.1    0.2
    52.069  -169.011    0.1    0.1    0.2
    52.078  -169.011    0.1    0.1    0.2
    52.087  -169.011    0.1    0.1    0.2
    52.096  -169.011    0.1    0.0    0.2
    52.105  -169.011    0.1    0.0    0.2
    52.114  -169.011    0.1    0.0    0.2
    52.123  -169.011    0.2    0.0    0.2
    52.132  -169.011    0.2    0.0    0.2
    52.141  -169.011    0.2    0.0    0.2
    52.150  -169.011    0.2    0.0    0.3
    52.159  -169.011    0.3    0.0    0.3
    52.168  -169.011    0.3    0.0    0.3
    52.177  -169.011    0.3    0.0    0.3
    52.186  -169.011    0.3    0.0    0.3
    52.195  -169.011    0.4    0.0    0.3
    52.204  -169.011    0.4    0.0    0.3
    52.213  -169.011    0.4    0.0    0.3
    52.222  -169.011    0.4    0.0    0.3
    52.231  -169.011    0.5    0.1    0.3
    52.240  -169.011    0.5    0.1    0.3
    52.249  -169.011    0.5    0.1    0.3
    52.258  -169.011    0.5    0.1    0.3
    52.267  -169.011    0.6    0.1    0.3
    52.276  -169.011    0.6    0.1    0.3
    52.285  -169.011    0.6    0.1    0.2
    52.294  -169.011    0.6    0.1    0.2
    52.303  -169.011    0.6    0.1    0.2
    52.312  -169.011    0.6    0.2    0.2
    52.321  -169.011    0.6    0.2    0.2
    52.330  -169.011    0.6    0.2    0.2
    52.339  -169.011    0.5    0.2    0.1
    52.348  -169.011    0.5    0.2    0.1
    52.357  -169.011    0.5    0.2    0.1
    52.366  -169.011    0.5    0.2    0.1
    52.375  -169.011    0.4    0.2    0.1
    52.384  -169.011    0.4    0.2    0.0
    52.393  -169.011    0.4    0.2    0.0
    52.402  -169.011    0.3    0.2    0.0
    52.411  -169.011    0.3    0.1    0.0
    52.420  -169.011    0.3    0.1   -0.0
    52.429  -169.011    0.2    0.1   -0.0
    52.438  -169.011    0.2    0.1   -0.0
    52.447  -169.011    0.2    0.1   -0.0
    52.456  -169.011    0.2    0.1   -0.0
    52.465  -169.011    0.1    0.1   -0.0
    52.474  -169.011    0.1    0.0   -0.0
    52.483  -169.011    0.1    0.0   -0.1
    52.492  -169.011    0.1    0.0   -0.1
    52.501  -169.011    0.1   -0.0   -0.1
    52.510  -169.011    0.1   -0.0   -0.1
    52.519  -169.011    0.0   -0.0   -0.1
    52.528  -169.011    0.0   -0.0   -0.1
    52.537  -169.011    0.0   -0.1   -0.1
    52.546  -169.011    0.0   -0.1   -0.1
    52.555  -169.011    0.0   -0.1   -0.1
    52.564  -169.011    0.0   -0.1   -0.1
    52.573  -169.011    0.0   -0.1   -0.1
    52.582  -169.011   -0.0   -0.1   -0.1
    52.591  -169.011   -0.0   -0.1   -0.1
    52.600  -169.011   -0.0   -0.1   -0.1
    52.609  -169.011   -0.0   -0.1   -0.1
    52.618  -169.011   -0.0   -0.1   -0.1
    52.627  -169.011   -0.0   -0.1   -0.1
    52.636  -169.011   -0.0   -0.1   -0.0
    52.645  -169.011   -0.0   -0.1   -0.0
    52.654  -169.011   -0.0   -0.1   -0.0
    52.663  -169.011   -0.0   -0.1   -0.0
    52.672  -169.011   -0.0   -0.1   -0.0
    51.771  -168.997   -0.0    0.1    0.0
    51.780  -168.997   -0.0    0.1    0.0
    51.789  -168.997   -0.0    0.1    0.0
    51.798  -168.997   -0.0    0.1    0.0
    51.808  -168.997   -0.0    0.1    0.0
    51.817  -168.997   -0.0    0.1    0.0
    51.826  -168.997   -0.0    0.1    0.0
    51.835  -168.997   -0.0    0.1    0.0
    51.844  -168.997   -0.0    0.1    0.0
    51.853  -168.997   -0.0    0.1    0.0
    51.862  -168.997   -0.0    0.1    0.1
    51.871  -168.997   -0.0    0.1    0.1
    51.880  -168.997   -0.0    0.1    0.1
    51.889  -168.997   -0.0    0.1    0.1
    51.898  -168.997   -0.0    0.1    0.1
    51.907  -168.997   -0.0    0.1    0.1
    51.916  -168.997   -0.0    0.1    0.1
    51.925  -168.997   -0.0    0.1    0.1
    51.934  -168.997   -0.0    0.1    0.1
    51.943  -168.997   -0.0    0.1    0.1
    51.952  -168.997   -0.0    0.1    0.1
    51.961  -168.997   -0.0    0.1    0.1
    51.970  -168.997   -0.0    0.1    0.1
    51.979  -168.997   -0.0    0.1    0.1
    51.988  -168.997   -0.0    0.1    0.1
    51.997  -168.997   -0.0    0.1    0.1
    52.006  -168.997    0.0    0.1    0.1
    52.015  -168.997    0.0    0.1    0.1
    52.024  -168.997    0.0    0.1    0.1
    52.033  -168.997    0.0    0.1    0.1
    52.042  -168.997    0.0    0.1    0.1
    52.051  -168.997    0.0    0.1    0.1
    52.060  -168.997    0.1    0.1    0.2
    52.069  -168.997    0.1    0.1    0.2
    52.078  -168.997    0.1    0.1    0.2
    52.087  -168.997    0.1    0.1    0.2
    52.096  -168.997    0.1    0.1    0.2
    52.105  -168.997    0.1    0.0    0.2
    52.114  -168.997    0.1    0.0    0.2
    52.123  -168.997    0.2    0.0    0.2
    52.132  -168.997    0.2    0.0    0.2
    52.141  -168.997    0.2    0.0    0.2
    52.150  -168.997    0.2    0.0    0.2
    52.159  -168.997    0.2    0.0    0.2
    52.168  -168.997    0.3    0.0    0.2
    52.177  -168.997    0.3    0.0    0.3
    52.186  -168.997    0.3    0.0    0.3
    52.195  -168.997    0.3    0.0    0.3
    52.204  -168.997    0.4    0.0    0.3
    52.213  -168.997    0.4    0.0    0.3
    52.222  -168.997    0.4    0.0    0.3
    52.231  -168.997    0.4    0.1    0.3
    52.240  -168.997    0.5    0.1    0.3
    52.249  -168.997    0.5    0.1    0.2
    52.258  -168.997    0.5    0.1    0.2
    52.267  -168.997    0.5    0.1    0.2
    52.276  -168.997    0.5    0.1    0.2
    52.285  -168.997    0.5    0.1    0.2
    52.294  -168.997    0.5    0.1    0.2
    52.303  -168.997    0.5    0.1    0.2
    52.312  -168.997    0.5    0.1    0.2
    52.321  -168.997    0.5    0.2    0.2
    52.330  -168.997    0.5    0.2    0.1
    52.339  -168.997    0.5    0.2    0.1
    52.348  -168.997    0.5    0.2    0.1
    52.357  -168.997    0.5    0.2    0.1
    52.366  -168.997    0.4    0.2    0.1
    52.375  -168.997    0.4    0.2    0.1
    52.384  -168.997    0.4    0.2    0.0
    52.393  -168.997    0.4    0.2    0.0
    52.402  -168.997    0.3    0.1    0.0
    52.411  -168.997    0.3    0.1    0.0
    52.420  -168.997    0.3    0.1   -0.0
    52.429  -168.997    0.2    0.1   -0.0
    52.438  -168.997    0.2    0.1   -0.0
    52.447  -168.997    0.2    0.1   -0.0
    52.456  -168.997    0.2    0.1   -0.0
    52.465  -168.997    0.1    0.1   -0.0
    52.474  -168.997    0.1    0.0   -0.0
    52.483  -168.997    0.1    0.0   -0.0
    52.492  -168.997    0.1    0.0   -0.1
    52.501  -168.997    0.1    0.0   -0.1
    52.510  -168.997    0.1   -0.0   -0.1
    52.519  -168.997    0.1   -0.0   -0.1
    52.528  -168.997    0.0   -0.0   -0.1
    52.537  -168.997    0.0   -0.0   -0.1
    52.546  -168.997    0.0   -0.1   -0.1
    52.555  -168.997    0.0   -0.1   -0.1
    52.564  -168.997    0.0   -0.1   -0.1
    52.573  -168.997    0.0   -0.1   -0.1
    52.582  -168.997    0.0   -0.1   -0.1
    52.591  -168.997   -0.0   -0.1   -0.1
    52.600  -168.997   -0.0   -0.1   -0.1
    52.609  -168.997   -0.0   -0.1   -0.1
    52.618  -168.997   -0.0   -0.1   -0.1
    52.627  -168.997   -0.0   -0.1   -0.0
    52.636  -168.997   -0.0   -0.1   -0.0
    52.645  -168.997   -0.0   -0.1   -0.0
    52.654  -168.997   -0.0   -0.1   -0.0
    52.663  -168.997   -0.0   -0.1   -0.0
    52.672  -168.997   -0.0   -0.1   -0.0
    51.771  -168.982   -0.0    0.1    0.0
    51.780  -168.982   -0.0    0.1    0.0
    51.789  -168.982   -0.0    0.1    0.0
    51.798  -168.982   -0.0    0.1    0.0
    51.808  -168.982   -0.0    0.1    0.0
    51.817  -168.982   -0.0    0.1    0.0
    51.826  -168.982   -0.0    0.1    0.0
    51.835  -168.982   -0.0    0.1    0.0
    51.844  -168.982   -0.0    0.1    0.0
    51.853  -168.982   -0.0    0.1    0.0
    51.862  -168.982   -0.0    0.1    0.0
    51.871  -168.982   -0.0    0.1    0.1
    51.880  -168.982   -0.0    0.1    0.1
    51.889  -168.982   -0.0    0.1    0.1
    51.898  -168.982   -0.0    0.1    0.1
    51.907  -168.982   -0.0    0.1    0.1
    51.916  -168.982   -0.0    0.1    0.1
    51.925  -168.982   -0.0    0.1    0.1
    51.934  -168.982   -0.0    0.1    0.1
    51.943  -168.982   -0.0    0.1    0.1
    51.952  -168.982   -0.0    0.1    0.1
    51.961  -168.982   -0.0    0.1    0.1
    51.970  -168.982   -0.0    0.1    0.1
    51.979  -168.982   -0.0    0.1    0.1
    51.988  -168.982   -0.0    0.1    0.1
    51.997  -168.982   -0.0    0.1    0.1
    52.006  -168.982   -0.0    0.1    0.1
    52.015  -168.982    0.0    0.1    0.1
    52.024  -168.982    0.0    0.1    0.1
    52.033  -168.982    0.0    0.1    0.1
    52.042  -168.982    0.0    0.1    0.1
    52.051  -168.982    0.0    0.1    0.1
    52.060  -168.982    0.1    0.1    0.1
    52.069  -168.982    0.1    0.1    0.2
    52.078  -168.982    0.1    0.1    0.2
    52.087  -168.982    0.1    0.1    0.2
    52.096  -168.982    0.1    0.1    0.2
    52.105  -168.982    0.1    0.0    0.2
    52.114  -168.982    0.1    0.0    0.2
    52.123  -168.982    0.2    0.0    0.2
    52.132  -168.982    0.2    0.0    0.2
    52.141  -168.982    0.2    0.0    0.2
    52.150  -168.982    0.2    0.0    0.2
    52.159  -168.982    0.2    0.0    0.2
    52.168  -168.982    0.3    0.0    0.2
    52.177  -168.982    0.3    0.0    0.2
    52.186  -168.982    0.3    0.0    0.2
    52.195  -168.982    0.3    0.0    0.2
    52.204  -168.982    0.3    0.0    0.2
    52.213  -168.982    0.4    0.0    0.2
    52.222  -168.982    0.4    0.0    0.2
    52.231  -168.982    0.4    0.1    0.2
    52.240  -168.982    0.4    0.1    0.2
    52.249  -168.982    0.5    0.1    0.2
    52.258  -168.982    0.5    0.1    0.2
    52.267  -168.982    0.5    0.1    0.2
    52.276  -168.982    0.5    0.1    0.2
    52.285  -168.982    0.5    0.1    0.2
    52.294  -168.982    0.5    0.1    0.2
    52.303  -168.982    0.5    0.1    0.2
    52.312  -168.982    0.5    0.1    0.1
    52.321  -168.982    0.5    0.1    0.1
    52.330  -168.982    0.5    0.1    0.1
    52.339  -168.982    0.5    0.2    0.1
    52.348  -168.982    0.5    0.2    0.1
    52.357  -168.982    0.4    0.2    0.1
    52.366  -168.982    0.4    0.2    0.1
    52.375  -168.982    0.4    0.2    0.0
    52.384  -168.982    0.4    0.2    0.0
    52.393  -168.982    0.3    0.1    0.0
    52.402  -168.982    0.3    0.1    0.0
    52.411  -168.982    0.3    0.1    0.0
    52.420  -168.982    0.3    0.1   -0.0
    52.429  -168.982    0.2    0.1   -0.0
    52.438  -168.982    0.2    0.1   -0.0
    52.447  -168.982    0.2    0.1   -0.0
    52.456  -168.982    0.2    0.1   -0.0
    52.465  -168.982    0.1    0.1   -0.0
    52.474  -168.982    0.1    0.0   -0.0
    52.483  -168.982    0.1    0.0   -0.0
    52.492  -168.982    0.1    0.0   -0.0
    52.501  -168.982    0.1    0.0   -0.1
    52.510  -168.982    0.1   -0.0   -0.1
    52.519  -168.982    0.1   -0.0   -0.1
    52.528  -168.982    0.0   -0.0   -0.1
    52.537  -168.982    0.0   -0.0   -0.1
    52.546  -168.982    0.0   -0.0   -0.1
    52.555  -168.982    0.0   -0.1   -0.1
    52.564  -168.982    0.0   -0.1   -0.1
    52.573  -168.982    0.0   -0.1   -0.1
    52.582  -168.982    0.0   -0.1   -0.1
    52.591  -168.982    0.0   -0.1   -0.1
    52.600  -168.982   -0.0   -0.1   -0.1
    52.609  -168.982   -0.0   -0.1   -0.1
    52.618  -168.982   -0.0   -0.1   -0.0
    52.627  -168.982   -0.0   -0.1   -0.0
    52.636  -168.982   -0.0   -0.1   -0.0
    52.645  -168.982   -0.0   -0.1   -0.0
    52.654  -168.982   -0.0   -0.1   -0.0
    52.663  -168.982   -0.0   -0.1   -0.0
    52.672  -168.982   -0.0   -0.1   -0.0
    51.771  -168.967   -0.0    0.1    0.0
    51.780  -168.967   -0.0    0.1    0.0
    51.789  -168.967   -0.0    0.1    0.0
    51.798  -168.967   -0.0    0.1    0.0
    51.808  -168.967   -0.0    0.1    0.0
    51.817  -168.967   -0.0    0.1    0.0
    51.826  -168.967   -0.0    0.1    0.0
    51.835  -168.967   -0.0    0.1    0.0
    51.844  -168.967   -0.0    0.1    0.0
    51.853  -168.967   -0.0    0.1    0.0
    51.862  -168.967   -0.0    0.1    0.0
    51.871  -168.967   -0.0    0.1    0.1
    51.880  -168.967   -0.0    0.1    0.1
    51.889  -168.967   -0.0    0.1    0.1
    51.898  -168.967   -0.0    0.1    0.1
    51.907  -168.967   -0.0    0.1    0.1
    51.916  -168.967   -0.0    0.1    0.1
    51.925  -168.967   -0.0    0.1    0.1
    51.934  -168.967   -0.0    0.1    0.1
    51.943  -168.967   -0.0    0.1    0.1
    51.952  -168.967   -0.0    0.1    0.1
    51.961  -168.967   -0.0    0.1    0.1
    51.970  -168.967   -0.0    0.1    0.1
    51.979  -168.967   -0.0    0.1    0.1
    51.988  -168.967   -0.0    0.1    0.1
    51.997  -168.967   -0.0    0.1    0.1
    52.006  -168.967   -0.0    0.1    0.1
    52.015  -168.967    0.0    0.1    0.1
    52.024  -168.967    0.0    0.1    0.1
    52.033  -168.967    0.0    0.1    0.1
    52.042  -168.967    0.0    0.1    0.1
    52.051  -168.967    0.0    0.1    0.1
    52.060  -168.967    0.0    0.1    0.1
    52.069  -168.967    0.1    0.1    0.1
    52.078  -168.967    0.1    0.1    0.1
    52.087  -168.967    0.1    0.1    0.2
    52.096  -168.967    0.1    0.1    0.2
    52.105  -168.967    0.1    0.0    0.2
    52.114  -168.967    0.1    0.0    0.2
    52.123  -168.967    0.1    0.0    0.2
    52.132  -168.967    0.2    0.0    0.2
    52.141  -168.967    0.2    0.0    0.2
    52.150  -168.967    0.2    0.0    0.2
    52.159  -168.967    0.2    0.0    0.2
    52.168  -168.967    0.2    0.0    0.2
    52.177  -168.967    0.3    0.0    0.2
    52.186  -168.967    0.3    0.0    0.2
    52.195  -168.967    0.3    0.0    0.2
    52.204  -168.967    0.3    0.0    0.2
    52.213  -168.967    0.3    0.0    0.2
    52.222  -168.967    0.4    0.0    0.2
    52.231  -168.967    0.4    0.1    0.2
    52.240  -168.967    0.4    0.1    0.2
    52.249  -168.967    0.4    0.1    0.2
    52.258  -168.967    0.4    0.1    0.2
    52.267  -168.967    0.4    0.1    0.2
    52.276  -168.967    0.5    0.1    0.2
    52.285  -168.967    0.5    0.1    0.2
    52.294  -168.967    0.5    0.1    0.2
    52.303  -168.967    0.5    0.1    0.1
    52.312  -168.967    0.5    0.1    0.1
    52.321  -168.967    0.5    0.1    0.1
    52.330  -168.967    0.5    0.1    0.1
    52.339  -168.967    0.4    0.1    0.1
    52.348  -168.967    0.4    0.1    0.1
    52.357  -168.967    0.4    0.1    0.1
    52.366  -168.967    0.4    0.2    0.1
    52.375  -168.967    0.4    0.1    0.0
    52.384  -168.967    0.3    0.1    0.0
    52.393  -168.967    0.3    0.1    0.0
    52.402  -168.967    0.3    0.1    0.0
    52.411  -168.967    0.3    0.1    0.0
    52.420  -168.967    0.3    0.1   -0.0
    52.429  -168.967    0.2    0.1   -0.0
    52.438  -168.967    0.2    0.1   -0.0
    52.447  -168.967    0.2    0.1   -0.0
    52.456  -168.967    0.2    0.1   -0.0
    52.465  -168.967    0.1    0.1   -0.0
    52.474  -168.967    0.1    0.1   -0.0
    52.483  -168.967    0.1    0.0   -0.0
    52.492  -168.967    0.1    0.0   -0.0
    52.501  -168.967    0.1    0.0   -0.0
    52.510  -168.967    0.1    0.0   -0.1
    52.519  -168.967    0.1   -0.0   -0.1
    52.528  -168.967    0.1   -0.0   -0.1
    52.537  -168.967    0.0   -0.0   -0.1
    52.546  -168.967    0.0   -0.0   -0.1
    52.555  -168.967    0.0   -0.0   -0.1
    52.564  -168.967    0.0   -0.0   -0.1
    52.573  -168.967    0.0   -0.1   -0.1
    52.582  -168.967    0.0   -0.1   -0.1
    52.591  -168.967    0.0   -0.1   -0.1
    52.600  -168.967    0.0   -0.1   -0.1
    52.609  -168.967   -0.0   -0.1   -0.0
    52.618  -168.967   -0.0   -0.1   -0.0
    52.627  -168.967   -0.0   -0.1   -0.0
    52.636  -168.967   -0.0   -0.1   -0.0
    52.645  -168.967   -0.0   -0.1   -0.0
    52.654  -168.967   -0.0   -0.1   -0.0
    52.663  -168.967   -0.0   -0.1   -0.0
    52.672  -168.967   -0.0   -0.1   -0.0
    51.771  -168.953   -0.0    0.1    0.0
    51.780  -168.953   -0.0    0.1    0.0
    51.789  -168.953   -0.0    0.1    0.0
    51.798  -168.953   -0.0    0.1    0.0
    51.808  -168.953   -0.0    0.1    0.0
    51.817  -168.953   -0.0    0.1    0.0
    51.826  -168.953   -0.0    0.1    0.0
    51.835  -168.953   -0.0    0.1    0.0
    51.844  -168.953   -0.0    0.1    0.0
    51.853  -168.953   -0.0    0.1    0.0
    51.862  -168.953   -0.0    0.1    0.0
    51.871  -168.953   -0.0    0.1    0.0
    51.880  -168.953   -0.0    0.1    0.1
    51.889  -168.953   -0.0    0.1    0.1
    51.898  -168.953   -0.0    0.1    0.1
    51.907  -168.953   -0.0    0.1    0.1
    51.916  -168.953   -0.0    0.1    0.1
    51.925  -168.953   -0.0    0.1    0.1
    51.934  -168.953   -0.0    0.1    0.1
    51.943  -168.953   -0.0    0.1    0.1
    51.952  -168.953   -0.0    0.1    0.1
    51.961  -168.953   -0.0    0.1    0.1
    51.970  -168.953   -0.0    0.1    0.1
    51.979  -168.953   -0.0    0.1    0.1
    51.988  -168.953   -0.0    0.1    0.1
    51.997  -168.953   -0.0    0.1    0.1
    52.006  -168.953   -0.0    0.1    0.1
    52.015  -168.953    0.0    0.1    0.1
    52.024  -168.953    0.0    0.1    0.1
    52.033  -168.953    0.0    0.1    0.1
    52.042  -168.953    0.0    0.1    0.1
    52.051  -168.953    0.0    0.1    0.1
    52.060  -168.953    0.0    0.1    0.1
    52.069  -168.953    0.1    0.1    0.1
    52.078  -168.953    0.1    0.1    0.1
    52.087  -168.953    0.1    0.1    0.1
    52.096  -168.953    0.1    0.1    0.1
    52.105  -168.953    0.1    0.0    0.1
    52.114  -168.953    0.1    0.0    0.2
    52.123  -168.953    0.1    0.0    0.2
    52.132  -168.953    0.2    0.0    0.2
    52.141  -168.953    0.2    0.0    0.2
    52.150  -168.953    0.2    0.0    0.2
    52.159  -168.953    0.2    0.0    0.2
    52.168  -168.953    0.2    0.0    0.2
    52.177  -168.953    0.2    0.0    0.2
    52.186  -168.953    0.3    0.0    0.2
    52.195  -168.953    0.3    0.0    0.2
    52.204  -168.953    0.3    0.0    0.2
    52.213  -168.953    0.3    0.0    0.2
    52.222  -168.953    0.3    0.0    0.2
    52.231  -168.953    0.4    0.1    0.2
    52.240  -168.953    0.4    0.1    0.2
    52.249  -168.953    0.4    0.1    0.2
    52.258  -168.953    0.4    0.1    0.2
    52.267  -168.953    0.4    0.1    0.2
    52.276  -168.953    0.4    0.1    0.2
    52.285  -168.953    0.4    0.1    0.1
    52.294  -168.953    0.4    0.1    0.1
    52.303  -168.953    0.4    0.1    0.1
    52.312  -168.953    0.4    0.1    0.1
    52.321  -168.953    0.4    0.1    0.1
    52.330  -168.953    0.4    0.1    0.1
    52.339  -168.953    0.4    0.1    0.1
    52.348  -168.953    0.4    0.1    0.1
    52.357  -168.953    0.4    0.1    0.1
    52.366  -168.953    0.4    0.1    0.0
    52.375  -168.953    0.3    0.1    0.0
    52.384  -168.953    0.3    0.1    0.0
    52.393  -168.953    0.3    0.1    0.0
    52.402  -168.953    0.3    0.1    0.0
    52.411  -168.953    0.3    0.1   -0.0
    52.420  -168.953    0.2    0.1   -0.0
    52.429  -168.953    0.2    0.1   -0.0
    52.438  -168.953    0.2    0.1   -0.0
    52.447  -168.953    0.2    0.1   -0.0
    52.456  -168.953    0.2    0.1   -0.0
    52.465  -168.953    0.1    0.1   -0.0
    52.474  -168.953    0.1    0.1   -0.0
    52.483  -168.953    0.1    0.0   -0.0
    52.492  -168.953    0.1    0.0   -0.0
    52.501  -168.953    0.1    0.0   -0.0
    52.510  -168.953    0.1    0.0   -0.0
    52.519  -168.953    0.1    0.0   -0.0
    52.528  -168.953    0.1   -0.0   -0.1
    52.537  -168.953    0.0   -0.0   -0.1
    52.546  -168.953    0.0   -0.0   -0.1
    52.555  -168.953    0.0   -0.0   -0.1
    52.564  -168.953    0.0   -0.0   -0.1
    52.573  -168.953    0.0   -0.0   -0.1
    52.582  -168.953    0.0   -0.1   -0.0
    52.591  -168.953    0.0   -0.1   -0.0
    52.600  -168.953    0.0   -0.1   -0.0
    52.609  -168.953    0.0   -0.1   -0.0
    52.618  -168.953   -0.0   -0.1   -0.0
    52.627  -168.953   -0.0   -0.1   -0.0
    52.636  -168.953   -0.0   -0.1   -0.0
    52.645  -168.953   -0.0   -0.1   -0.0
    52.654  -168.953   -0.0   -0.1   -0.0
    52.663  -168.953   -0.0   -0.1   -0.0
    52.672  -168.953   -0.0   -0.1   -0.0
    51.771  -168.938   -0.0    0.1    0.0
    51.780  -168.938   -0.0    0.1    0.0
    51.789  -168.938   -0.0    0.1    0.0
    51.798  -168.938   -0.0    0.1    0.0
    51.808  -168.938   -0.0    0.1    0.0
    51.817  -168.938   -0.0    0.1    0.0
    51.826  -168.938   -0.0    0.1    0.0
    51.835  -168.938   -0.0    0.1    0.0
    51.844  -168.938   -0.0    0.1    0.0
    51.853  -168.938   -0.0    0.1    0.0
    51.862  -168.938   -0.0    0.1    0.0
    51.871  -168.938   -0.0    0.1    0.0
    51.880  -168.938   -0.0    0.1    0.0
    51.889  -168.938   -0.0    0.1    0.1
    51.898  -168.938   -0.0    0.1    0.1
    51.907  -168.938   -0.0    0.1    0.1
    51.916  -168.938   -0.0    0.1    0.1
    51.925  -168.938   -0.0    0.1    0.1
    51.934  -168.938   -0.0    0.1    0.1
    51.943  -168.938   -0.0    0.1    0.1
    51.952  -168.938   -0.0    0.1    0.1
    51.961  -168.938   -0.0    0.1    0.1
    51.970  -168.938   -0.0    0.1    0.1
    51.979  -168.938   -0.0    0.1    0.1
    51.988  -168.938   -0.0    0.1    0.1
    51.997  -168.938   -0.0    0.1    0.1
    52.006  -168.938   -0.0    0.1    0.1
    52.015  -168.938    0.0    0.1    0.1
    52.024  -168.938    0.0    0.1    0.1
    52.033  -168.938    0.0    0.1    0.1
    52.042  -168.938    0.0    0.1    0.1
    52.051  -168.938    0.0    0.1    0.1
    52.060  -168.938    0.0    0.1    0.1
    52.069  -168.938    0.1    0.1    0.1
    52.078  -168.938    0.1    0.1    0.1
    52.087  -168.938    0.1    0.1    0.1
    52.096  -168.938    0.1    0.1    0.1
    52.105  -168.938    0.1    0.0    0.1
    52.114  -168.938    0.1    0.0    0.1
    52.123  -168.938    0.1    0.0    0.1
    52.132  -168.938    0.1    0.0    0.1
    52.141  -168.938    0.2    0.0    0.2
    52.150  -168.938    0.2    0.0    0.2
    52.159  -168.938    0.2    0.0    0.2
    52.168  -168.938    0.2    0.0    0.2
    52.177  -168.938    0.2    0.0    0.2
    52.186  -168.938    0.2    0.0    0.2
    52.195  -168.938    0.3    0.0    0.2
    52.204  -168.938    0.3    0.0    0.2
    52.213  -168.938    0.3    0.0    0.2
    52.222  -168.938    0.3    0.0    0.2
    52.231  -168.938    0.3    0.1    0.2
    52.240  -168.938    0.4    0.1    0.2
    52.249  -168.938    0.4    0.1    0.2
    52.258  -168.938    0.4    0.1    0.1
    52.267  -168.938    0.4    0.1    0.1
    52.276  -168.938    0.4    0.1    0.1
    52.285  -168.938    0.4    0.1    0.1
    52.294  -168.938    0.4    0.1    0.1
    52.303  -168.938    0.4    0.1    0.1
    52.312  -168.938    0.4    0.1    0.1
    52.321  -168.938    0.4    0.1    0.1
    52.330  -168.938    0.4    0.1    0.1
    52.339  -168.938    0.4    0.1    0.1
    52.348  -168.938    0.4    0.1    0.1
    52.357  -168.938    0.4    0.1    0.1
    52.366  -168.938    0.3    0.1    0.0
    52.375  -168.938    0.3    0.1    0.0
    52.384  -168.938    0.3    0.1    0.0
    52.393  -168.938    0.3    0.1    0.0
    52.402  -168.938    0.3    0.1    0.0
    52.411  -168.938    0.3    0.1   -0.0
    52.420  -168.938    0.2    0.1   -0.0
    52.429  -168.938    0.2    0.1   -0.0
    52.438  -168.938    0.2    0.1   -0.0
    52.447  -168.938    0.2    0.1   -0.0
    52.456  -168.938    0.2    0.1   -0.0
    52.465  -168.938    0.1    0.1   -0.0
    52.474  -168.938    0.1    0.1   -0.0
    52.483  -168.938    0.1    0.0   -0.0
    52.492  -168.938    0.1    0.0   -0.0
    52.501  -168.938    0.1    0.0   -0.0
    52.510  -168.938    0.1    0.0   -0.0
    52.519  -168.938    0.1    0.0   -0.0
    52.528  -168.938    0.1   -0.0   -0.0
    52.537  -168.938    0.0   -0.0   -0.0
    52.546  -168.938    0.0   -0.0   -0.0
    52.555  -168.938    0.0   -0.0   -0.0
    52.564  -168.938    0.0   -0.0   -0.0
    52.573  -168.938    0.0   -0.0   -0.0
    52.582  -168.938    0.0   -0.0   -0.0
    52.591  -168.938    0.0   -0.1   -0.0
    52.600  -168.938    0.0   -0.1   -0.0
    52.609  -168.938    0.0   -0.1   -0.0
    52.618  -168.938    0.0   -0.1   -0.0
    52.627  -168.938   -0.0   -0.1   -0.0
    52.636  -168.938   -0.0   -0.1   -0.0
    52.645  -168.938   -0.0   -0.1   -0.0
    52.654  -168.938   -0.0   -0.1   -0.0
    52.663  -168.938   -0.0   -0.1   -0.0
    52.672  -168.938   -0.0   -0.1   -0.0
    51.771  -168.923   -0.0    0.1    0.0
    51.780  -168.923   -0.0    0.1    0.0
    51.789  -168.923   -0.0    0.1    0.0
    51.798  -168.923   -0.0    0.1    0.0
    51.808  -168.923   -0.0    0.1    0.0
    51.817  -168.923   -0.0    0.1    0.0
    51.826  -168.923   -0.0    0.1    0.0
    51.835  -168.923   -0.0    0.1    0.0
    51.844  -168.923   -0.0    0.1    0.0
    51.853  -168.923   -0.0    0.1    0.0
    51.862  -168.923   -0.0    0.1    0.0
    51.871  -168.923   -0.0    0.1    0.0
    51.880  -168.923   -0.0    0.1    0.0
    51.889  -168.923   -0.0    0.1    0.0
    51.898  -168.923   -0.0    0.1    0.1
    51.907  -168.923   -0.0    0.1    0.1
    51.916  -168.923   -0.0    0.1    0.1
    51.925  -168.923   -0.0    0.1    0.1
    51.934  -168.923   -0.0    0.1    0.1
    51.943  -168.923   -0.0    0.1    0.1
    51.952  -168.923   -0.0    0.1    0.1
    51.961  -168.923   -0.0    0.1    0.1
    51.970  -168.923   -0.0    0.1    0.1
    51.979  -168.923   -0.0    0.1    0.1
    51.988  -168.923   -0.0    0.1    0.1
    51.997  -168.923   -0.0    0.1    0.1
    52.006  -168.923   -0.0    0.1    0.1
    52.015  -168.923    0.0    0.1    0.1
    52.024  -168.923    0.0    0.1    0.1
    52.033  -168.923    0.0    0.1    0.1
    52.042  -168.923    0.0    0.1    0.1
    52.051  -168.923    0.0    0.1    0.1
    52.060  -168.923    0.0    0.1    0.1
    52.069  -168.923    0.0    0.1    0.1
    52.078  -168.923    0.1    0.1    0.1
    52.087  -168.923    0.1    0.1    0.1
    52.096  -168.923    0.1    0.1    0.1
    52.105  -168.923    0.1    0.0    0.1
    52.114  -168.923    0.1    0.0    0.1
    52.123  -168.923    0.1    0.0    0.1
    52.132  -168.923    0.1    0.0    0.1
    52.141  -168.923    0.2    0.0    0.1
    52.150  -168.923    0.2    0.0    0.1
    52.159  -168.923    0.2    0.0    0.1
    52.168  -168.923    0.2    0.0    0.1
    52.177  -168.923    0.2    0.0    0.1
    52.186  -168.923    0.2    0.0    0.1
    52.195  -168.923    0.3    0.0    0.1
    52.204  -168.923    0.3    0.0    0.1
    52.213  -168.923    0.3    0.0    0.1
    52.222  -168.923    0.3    0.0    0.1
    52.231  -168.923    0.3    0.1    0.1
    52.240  -168.923    0.3    0.1    0.1
    52.249  -168.923    0.3    0.1    0.1
    52.258  -168.923    0.3    0.1    0.1
    52.267  -168.923    0.4    0.1    0.1
    52.276  -168.923    0.4    0.1    0.1
    52.285  -168.923    0.4    0.1    0.1
    52.294  -168.923    0.4    0.1    0.1
    52.303  -168.923    0.4    0.1    0.1
    52.312  -168.923    0.4    0.1    0.1
    52.321  -168.923    0.4    0.1    0.1
    52.330  -168.923    0.4    0.1    0.1
    52.339  -168.923    0.4    0.1    0.1
    52.348  -168.923    0.3    0.1    0.1
    52.357  -168.923    0.3    0.1    0.0
    52.366  -168.923    0.3    0.1    0.0
    52.375  -168.923    0.3    0.1    0.0
    52.384  -168.923    0.3    0.1    0.0
    52.393  -168.923    0.3    0.1    0.0
    52.402  -168.923    0.3    0.1    0.0
    52.411  -168.923    0.2    0.1   -0.0
    52.420  -168.923    0.2    0.1   -0.0
    52.429  -168.923    0.2    0.1   -0.0
    52.438  -168.923    0.2    0.1   -0.0
    52.447  -168.923    0.2    0.1   -0.0
    52.456  -168.923    0.2    0.1   -0.0
    52.465  -168.923    0.1    0.1   -0.0
    52.474  -168.923    0.1    0.1   -0.0
    52.483  -168.923    0.1    0.0   -0.0
    52.492  -168.923    0.1    0.0   -0.0
    52.501  -168.923    0.1    0.0   -0.0
    52.510  -168.923    0.1    0.0   -0.0
    52.519  -168.923    0.1    0.0   -0.0
    52.528  -168.923    0.1    0.0   -0.0
    52.537  -168.923    0.1   -0.0   -0.0
    52.546  -168.923    0.0   -0.0   -0.0
    52.555  -168.923    0.0   -0.0   -0.0
    52.564  -168.923    0.0   -0.0   -0.0
    52.573  -168.923    0.0   -0.0   -0.0
    52.582  -168.923    0.0   -0.0   -0.0
    52.591  -168.923    0.0   -0.0   -0.0
    52.600  -168.923    0.0   -0.0   -0.0
    52.609  -168.923    0.0   -0.1   -0.0
    52.618  -168.923    0.0   -0.1   -0.0
    52.627  -168.923    0.0   -0.1   -0.0
    52.636  -168.923   -0.0   -0.1   -0.0
    52.645  -168.923   -0.0   -0.1   -0.0
    52.654  -168.923   -0.0   -0.1   -0.0
    52.663  -168.923   -0.0   -0.1   -0.0
    52.672  -168.923   -0.0   -0.1   -0.0
    51.771  -168.908   -0.0    0.1    0.0
    51.780  -168.908   -0.0    0.1    0.0
    51.789  -168.908   -0.0    0.1    0.0
    51.798  -168.908   -0.0    0.1    0.0
    51.808  -168.908   -0.0    0.1    0.0
    51.817  -168.908   -0.0    0.1    0.0
    51.826  -168.908   -0.0    0.1    0.0
    51.835  -168.908   -0.0    0.1    0.0
    51.844  -168.908   -0.0    0.1    0.0
    51.853  -168.908   -0.0    0.1    0.0
    51.862  -168.908   -0.0    0.1    0.0
    51.871  -168.908   -0.0    0.1    0.0
    51.880  -168.908   -0.0    0.1    0.0
    51.889  -168.908   -0.0    0.1    0.0
    51.898  -168.908   -0.0    0.1    0.0
    51.907  -168.908   -0.0    0.1    0.1
    51.916  -168.908   -0.0    0.1    0.1
    51.925  -168.908   -0.0    0.1    0.1
    51.934  -168.908   -0.0    0.1    0.1
    51.943  -168.908   -0.0    0.1    0.1
    51.952  -168.908   -0.0    0.1    0.1
    51.961  -168.908   -0.0    0.1    0.1
    51.970  -168.908   -0.0    0.1    0.1
    51.979  -168.908   -0.0    0.1    0.1
    51.988  -168.908   -0.0    0.1    0.1
    51.997  -168.908   -0.0    0.1    0.1
    52.006  -168.908   -0.0    0.1    0.1
    52.015  -168.908   -0.0    0.1    0.1
    52.024  -168.908    0.0    0.1    0.1
    52.033  -168.908    0.0    0.1    0.1
    52.042  -168.908    0.0    0.1    0.1
    52.051  -168.908    0.0    0.1    0.1
    52.060  -168.908    0.0    0.1    0.1
    52.069  -168.908    0.0    0.1    0.1
    52.078  -168.908    0.1    0.1    0.1
    52.087  -168.908    0.1    0.1    0.1
    52.096  -168.908    0.1    0.1    0.1
    52.105  -168.908    0.1    0.1    0.1
    52.114  -168.908    0.1    0.0    0.1
    52.123  -168.908    0.1    0.0    0.1
    52.132  -168.908    0.1    0.0    0.1
    52.141  -168.908    0.1    0.0    0.1
    52.150  -168.908    0.2    0.0    0.1
    52.159  -168.908    0.2    0.0    0.1
    52.168  -168.908    0.2    0.0    0.1
    52.177  -168.908    0.2    0.0    0.1
    52.186  -168.908    0.2    0.0    0.1
    52.195  -168.908    0.2    0.0    0.1
    52.204  -168.908    0.2    0.0    0.1
    52.213  -168.908    0.3    0.0    0.1
    52.222  -168.908    0.3    0.0    0.1
    52.231  -168.908    0.3    0.1    0.1
    52.240  -168.908    0.3    0.1    0.1
    52.249  -168.908    0.3    0.1    0.1
    52.258  -168.908    0.3    0.1    0.1
    52.267  -168.908    0.3    0.1    0.1
    52.276  -168.908    0.3    0.1    0.1
    52.285  -168.908    0.3    0.1    0.1
    52.294  -168.908    0.3    0.1    0.1
    52.303  -168.908    0.3    0.1    0.1
    52.312  -168.908    0.3    0.1    0.1
    52.321  -168.908    0.3    0.1    0.1
    52.330  -168.908    0.3    0.1    0.1
    52.339  -168.908    0.3    0.1    0.1
    52.348  -168.908    0.3    0.1    0.0
    52.357  -168.908    0.3    0.1    0.0
    52.366  -168.908    0.3    0.1    0.0
    52.375  -168.908    0.3    0.1    0.0
    52.384  -168.908    0.3    0.1    0.0
    52.393  -168.908    0.3    0.1    0.0
    52.402  -168.908    0.2    0.1    0.0
    52.411  -168.908    0.2    0.1   -0.0
    52.420  -168.908    0.2    0.1   -0.0
    52.429  -168.908    0.2    0.1   -0.0
    52.438  -168.908    0.2    0.1   -0.0
    52.447  -168.908    0.2    0.1   -0.0
    52.456  -168.908    0.2    0.1   -0.0
    52.465  -168.908    0.1    0.1   -0.0
    52.474  -168.908    0.1    0.1   -0.0
    52.483  -168.908    0.1    0.0   -0.0
    52.492  -168.908    0.1    0.0   -0.0
    52.501  -168.908    0.1    0.0   -0.0
    52.510  -168.908    0.1    0.0   -0.0
    52.519  -168.908    0.1    0.0   -0.0
    52.528  -168.908    0.1    0.0   -0.0
    52.537  -168.908    0.1    0.0   -0.0
    52.546  -168.908    0.0   -0.0   -0.0
    52.555  -168.908    0.0   -0.0   -0.0
    52.564  -168.908    0.0   -0.0   -0.0
    52.573  -168.908    0.0   -0.0   -0.0
    52.582  -168.908    0.0   -0.0   -0.0
    52.591  -168.908    0.0   -0.0   -0.0
    52.600  -168.908    0.0   -0.0   -0.0
    52.609  -168.908    0.0   -0.0   -0.0
    52.618  -168.908    0.0   -0.0   -0.0
    52.627  -168.908    0.0   -0.1   -0.0
    52.636  -168.908    0.0   -0.1   -0.0
    52.645  -168.908   -0.0   -0.1   -0.0
    52.654  -168.908   -0.0   -0.1   -0.0
    52.663  -168.908   -0.0   -0.1   -0.0
    52.672  -168.908   -0.0   -0.1   -0.0
    51.771  -168.894   -0.0    0.1    0.0
    51.780  -168.894   -0.0    0.1    0.0
    51.789  -168.894   -0.0    0.1    0.0
    51.798  -168.894   -0.0    0.1    0.0
    51.808  -168.894   -0.0    0.1    0.0
    51.817  -168.894   -0.0    0.1    0.0
    51.826  -168.894   -0.0    0.1    0.0
    51.835  -168.894   -0.0    0.1    0.0
    51.844  -168.894   -0.0    0.1    0.0
    51.853  -168.894   -0.0    0.1    0.0
    51.862  -168.894   -0.0    0.1    0.0
    51.871  -168.894   -0.0    0.1    0.0
    51.880  -168.894   -0.0    0.1    0.0
    51.889  -168.894   -0.0    0.1    0.0
    51.898  -168.894   -0.0    0.1    0.0
    51.907  -168.894   -0.0    0.1    0.0
    51.916  -168.894   -0.0    0.1    0.1
    51.925  -168.894   -0.0    0.1    0.1
    51.934  -168.894   -0.0    0.1    0.1
    51.943  -168.894   -0.0    0.1    0.1
    51.952  -168.894   -0.0    0.1    0.1
    51.961  -168.894   -0.0    0.1    0.1
    51.970  -168.894   -0.0    0.1    0.1
    51.979  -168.894   -0.0    0.1    0.1
    51.988  -168.894   -0.0    0.1    0.1
    51.997  -168.894   -0.0    0.1    0.1
    52.006  -168.894   -0.0    0.1    0.1
    52.015  -168.894   -0.0    0.1    0.1
    52.024  -168.894    0.0    0.1    0.1
    52.033  -168.894    0.0    0.1    0.1
    52.042  -168.894    0.0    0.1    0.1
    52.051  -168.894    0.0    0.1    0.1
    52.060  -168.894    0.0    0.1    0.1
    52.069  -168.894    0.0    0.1    0.1
    52.078  -168.894    0.1    0.1    0.1
    52.087  -168.894    0.1    0.1    0.1
    52.096  -168.894    0.1    0.1    0.1
    52.105  -168.894    0.1    0.1    0.1
    52.114  -168.894    0.1    0.0    0.1
    52.123  -168.894    0.1    0.0    0.1
    52.132  -168.894    0.1    0.0    0.1
    52.141  -168.894    0.1    0.0    0.1
    52.150  -168.894    0.1    0.0    0.1
    52.159  -168.894    0.2    0.0    0.1
    52.168  -168.894    0.2    0.0    0.1
    52.177  -168.894    0.2    0.0    0.1
    52.186  -168.894    0.2    0.0    0.1
    52.195  -168.894    0.2    0.0    0.1
    52.204  -168.894    0.2    0.0    0.1
    52.213  -168.894    0.2    0.0    0.1
    52.222  -168.894    0.3    0.0    0.1
    52.231  -168.894    0.3    0.1    0.1
    52.240  -168.894    0.3    0.1    0.1
    52.249  -168.894    0.3    0.1    0.1
    52.258  -168.894    0.3    0.1    0.1
    52.267  -168.894    0.3    0.1    0.1
    52.276  -168.894    0.3    0.1    0.1
    52.285  -168.894    0.3    0.1    0.1
    52.294  -168.894    0.3    0.1    0.1
    52.303  -168.894    0.3    0.1    0.1
    52.312  -168.894    0.3    0.1    0.1
    52.321  -168.894    0.3    0.1    0.1
    52.330  -168.894    0.3    0.1    0.1
    52.339  -168.894    0.3    0.1    0.0
    52.348  -168.894    0.3    0.1    0.0
    52.357  -168.894    0.3    0.1    0.0
    52.366  -168.894    0.3    0.1    0.0
    52.375  -168.894    0.3    0.1    0.0
    52.384  -168.894    0.3    0.1    0.0
    52.393  -168.894    0.2    0.1    0.0
    52.402  -168.894    0.2    0.1   -0.0
    52.411  -168.894    0.2    0.1   -0.0
    52.420  -168.894    0.2    0.1   -0.0
    52.429  -168.894    0.2    0.1   -0.0
    52.438  -168.894    0.2    0.1   -0.0
    52.447  -168.894    0.2    0.1   -0.0
    52.456  -168.894    0.2    0.1   -0.0
    52.465  -168.894    0.1    0.1   -0.0
    52.474  -168.894    0.1    0.1   -0.0
    52.483  -168.894    0.1    0.0   -0.0
    52.492  -168.894    0.1    0.0   -0.0
    52.501  -168.894    0.1    0.0   -0.0
    52.510  -168.894    0.1    0.0   -0.0
    52.519  -168.894    0.1    0.0   -0.0
    52.528  -168.894    0.1    0.0   -0.0
    52.537  -168.894    0.1    0.0   -0.0
    52.546  -168.894    0.0   -0.0   -0.0
    52.555  -168.894    0.0   -0.0   -0.0
    52.564  -168.894    0.0   -0.0   -0.0
    52.573  -168.894    0.0   -0.0   -0.0
    52.582  -168.894    0.0   -0.0   -0.0
    52.591  -168.894    0.0   -0.0   -0.0
    52.600  -168.894    0.0   -0.0   -0.0
    52.609  -168.894    0.0   -0.0   -0.0
    52.618  -168.894    0.0   -0.0   -0.0
    52.627  -168.894    0.0   -0.0   -0.0
    52.636  -168.894    0.0   -0.1   -0.0
    52.645  -168.894    0.0   -0.1   -0.0
    52.654  -168.894    0.0   -0.1   -0.0
    52.663  -168.894   -0.0   -0.1   -0.0
    52.672  -168.894   -0.0   -0.1   -0.0
    51.771  -168.879   -0.0    0.1    0.0
    51.780  -168.879   -0.0    0.1    0.0
    51.789  -168.879   -0.0    0.1    0.0
    51.798  -168.879   -0.0    0.1    0.0
    51.808  -168.879   -0.0    0.1    0.0
    51.817  -168.879   -0.0    0.1    0.0
    51.826  -168.879   -0.0    0.1    0.0
    51.835  -168.879   -0.0    0.1    0.0
    51.844  -168.879   -0.0    0.1    0.0
    51.853  -168.879   -0.0    0.1    0.0
    51.862  -168.879   -0.0    0.1    0.0
    51.871  -168.879   -0.0    0.1    0.0
    51.880  -168.879   -0.0    0.1    0.0
    51.889  -168.879   -0.0    0.1    0.0
    51.898  -168.879   -0.0    0.1    0.0
    51.907  -168.879   -0.0    0.1    0.0
    51.916  -168.879   -0.0    0.1    0.0
    51.925  -168.879   -0.0    0.1    0.0
    51.934  -168.879   -0.0    0.1    0.1
    51.943  -168.879   -0.0    0.1    0.1
    51.952  -168.879   -0.0    0.1    0.1
    51.961  -168.879   -0.0    0.1    0.1
    51.970  -168.879   -0.0    0.1    0.1
    51.979  -168.879   -0.0    0.1    0.1
    51.988  -168.879   -0.0    0.1    0.1
    51.997  -168.879   -0.0    0.1    0.1
    52.006  -168.879   -0.0    0.1    0.1
    52.015  -168.879   -0.0    0.1    0.1
    52.024  -168.879    0.0    0.1    0.1
    52.033  -168.879    0.0    0.1    0.1
    52.042  -168.879    0.0    0.1    0.1
    52.051  -168.879    0.0    0.1    0.1
    52.060  -168.879    0.0    0.1    0.1
    52.069  -168.879    0.0    0.1    0.1
    52.078  -168.879    0.0    0.1    0.1
    52.087  -168.879    0.1    0.1    0.1
    52.096  -168.879    0.1    0.1    0.1
    52.105  -168.879    0.1    0.1    0.1
    52.114  -168.879    0.1    0.0    0.1
    52.123  -168.879    0.1    0.0    0.1
    52.132  -168.879    0.1    0.0    0.1
    52.141  -168.879    0.1    0.0    0.1
    52.150  -168.879    0.1    0.0    0.1
    52.159  -168.879    0.2    0.0    0.1
    52.168  -168.879    0.2    0.0    0.1
    52.177  -168.879    0.2    0.0    0.1
    52.186  -168.879    0.2    0.0    0.1
    52.195  -168.879    0.2    0.0    0.1
    52.204  -168.879    0.2    0.0    0.1
    52.213  -168.879    0.2    0.0    0.1
    52.222  -168.879    0.2    0.0    0.1
    52.231  -168.879    0.3    0.1    0.1
    52.240  -168.879    0.3    0.1    0.1
    52.249  -168.879    0.3    0.1    0.1
    52.258  -168.879    0.3    0.1    0.1
    52.267  -168.879    0.3    0.1    0.1
    52.276  -168.879    0.3    0.1    0.1
    52.285  -168.879    0.3    0.1    0.1
    52.294  -168.879    0.3    0.1    0.1
    52.303  -168.879    0.3    0.1    0.1
    52.312  -168.879    0.3    0.1    0.1
    52.321  -168.879    0.3    0.1    0.1
    52.330  -168.879    0.3    0.1    0.0
    52.339  -168.879    0.3    0.1    0.0
    52.348  -168.879    0.3    0.1    0.0
    52.357  -168.879    0.3    0.1    0.0
    52.366  -168.879    0.3    0.1    0.0
    52.375  -168.879    0.3    0.1    0.0
    52.384  -168.879    0.2    0.1    0.0
    52.393  -168.879    0.2    0.1    0.0
    52.402  -168.879    0.2    0.1   -0.0
    52.411  -168.879    0.2    0.1   -0.0
    52.420  -168.879    0.2    0.1   -0.0
    52.429  -168.879    0.2    0.1   -0.0
    52.438  -168.879    0.2    0.1   -0.0
    52.447  -168.879    0.2    0.1   -0.0
    52.456  -168.879    0.1    0.1   -0.0
    52.465  -168.879    0.1    0.1   -0.0
    52.474  -168.879    0.1    0.1   -0.0
    52.483  -168.879    0.1    0.0   -0.0
    52.492  -168.879    0.1    0.0   -0.0
    52.501  -168.879    0.1    0.0   -0.0
    52.510  -168.879    0.1    0.0   -0.0
    52.519  -168.879    0.1    0.0   -0.0
    52.528  -168.879    0.1    0.0   -0.0
    52.537  -168.879    0.1    0.0   -0.0
    52.546  -168.879    0.1    0.0   -0.0
    52.555  -168.879    0.0   -0.0   -0.0
    52.564  -168.879    0.0   -0.0   -0.0
    52.573  -168.879    0.0   -0.0   -0.0
    52.582  -168.879    0.0   -0.0   -0.0
    52.591  -168.879    0.0   -0.0   -0.0
    52.600  -168.879    0.0   -0.0   -0.0
    52.609  -168.879    0.0   -0.0   -0.0
    52.618  -168.879    0.0   -0.0   -0.0
    52.627  -168.879    0.0   -0.0   -0.0
    52.636  -168.879    0.0   -0.0   -0.0
    52.645  -168.879    0.0   -0.0   -0.0
    52.654  -168.879    0.0   -0.1   -0.0
    52.663  -168.879    0.0   -0.1   -0.0
    52.672  -168.879   -0.0   -0.1   -0.0
    51.771  -168.864   -0.0    0.1    0.0
    51.780  -168.864   -0.0    0.1    0.0
    51.789  -168.864   -0.0    0.1    0.0
    51.798  -168.864   -0.0    0.1    0.0
    51.808  -168.864   -0.0    0.1    0.0
    51.817  -168.864   -0.0    0.1    0.0
    51.826  -168.864   -0.0    0.1    0.0
    51.835  -168.864   -0.0    0.1    0.0
    51.844  -168.864   -0.0    0.1    0.0
    51.853  -168.864   -0.0    0.1    0.0
    51.862  -168.864   -0.0    0.1    0.0
    51.871  -168.864   -0.0    0.1    0.0
    51.880  -168.864   -0.0    0.1    0.0
    51.889  -168.864   -0.0    0.1    0.0
    51.898  -168.864   -0.0    0.1    0.0
    51.907  -168.864   -0.0    0.1    0.0
    51.916  -168.864   -0.0    0.1    0.0
    51.925  -168.864   -0.0    0.1    0.0
    51.934  -168.864   -0.0    0.1    0.0
    51.943  -168.864   -0.0    0.1    0.1
    51.952  -168.864   -0.0    0.1    0.1
    51.961  -168.864   -0.0    0.1    0.1
    51.970  -168.864   -0.0    0.1    0.1
    51.979  -168.864   -0.0    0.1    0.1
    51.988  -168.864   -0.0    0.1    0.1
    51.997  -168.864   -0.0    0.1    0.1
    52.006  -168.864   -0.0    0.1    0.1
    52.015  -168.864   -0.0    0.1    0.1
    52.024  -168.864    0.0    0.1    0.1
    52.033  -168.864    0.0    0.1    0.1
    52.042  -168.864    0.0    0.1    0.1
    52.051  -168.864    0.0    0.1    0.1
    52.060  -168.864    0.0    0.1    0.1
    52.069  -168.864    0.0    0.1    0.1
    52.078  -168.864    0.0    0.1    0.1
    52.087  -168.864    0.1    0.1    0.1
    52.096  -168.864    0.1    0.1    0.1
    52.105  -168.864    0.1    0.0    0.1
    52.114  -168.864    0.1    0.0    0.1
    52.123  -168.864    0.1    0.0    0.1
    52.132  -168.864    0.1    0.0    0.1
    52.141  -168.864    0.1    0.0    0.1
    52.150  -168.864    0.1    0.0    0.1
    52.159  -168.864    0.1    0.0    0.1
    52.168  -168.864    0.2    0.0    0.1
    52.177  -168.864    0.2    0.0    0.1
    52.186  -168.864    0.2    0.0    0.1
    52.195  -168.864    0.2    0.0    0.1
    52.204  -168.864    0.2    0.0    0.1
    52.213  -168.864    0.2    0.0    0.1
    52.222  -168.864    0.2    0.0    0.1
    52.231  -168.864    0.2    0.1    0.1
    52.240  -168.864    0.2    0.1    0.1
    52.249  -168.864    0.3    0.1    0.1
    52.258  -168.864    0.3    0.1    0.1
    52.267  -168.864    0.3    0.1    0.1
    52.276  -168.864    0.3    0.1    0.1
    52.285  -168.864    0.3    0.1    0.1
    52.294  -168.864    0.3    0.1    0.1
    52.303  -168.864    0.3    0.1    0.1
    52.312  -168.864    0.3    0.1    0.0
    52.321  -168.864    0.3    0.1    0.0
    52.330  -168.864    0.3    0.1    0.0
    52.339  -168.864    0.3    0.1    0.0
    52.348  -168.864    0.3    0.1    0.0
    52.357  -168.864    0.3    0.1    0.0
    52.366  -168.864    0.3    0.1    0.0
    52.375  -168.864    0.2    0.1    0.0
    52.384  -168.864    0.2    0.1    0.0
    52.393  -168.864    0.2    0.1   -0.0
    52.402  -168.864    0.2    0.1   -0.0
    52.411  -168.864    0.2    0.1   -0.0
    52.420  -168.864    0.2    0.1   -0.0
    52.429  -168.864    0.2    0.1   -0.0
    52.438  -168.864    0.2    0.1   -0.0
    52.447  -168.864    0.2    0.1   -0.0
    52.456  -168.864    0.1    0.1   -0.0
    52.465  -168.864    0.1    0.1   -0.0
    52.474  -168.864    0.1    0.1   -0.0
    52.483  -168.864    0.1    0.0   -0.0
    52.492  -168.864    0.1    0.0   -0.0
    52.501  -168.864    0.1    0.0   -0.0
    52.510  -168.864    0.1    0.0   -0.0
    52.519  -168.864    0.1    0.0   -0.0
    52.528  -168.864    0.1    0.0   -0.0
    52.537  -168.864    0.1    0.0   -0.0
    52.546  -168.864    0.1    0.0   -0.0
    52.555  -168.864    0.0    0.0   -0.0
    52.564  -168.864    0.0   -0.0   -0.0
    52.573  -168.864    0.0   -0.0   -0.0
    52.582  -168.864    0.0   -0.0   -0.0
    52.591  -168.864    0.0   -0.0   -0.0
    52.600  -168.864    0.0   -0.0   -0.0
    52.609  -168.864    0.0   -0.0   -0.0
    52.618  -168.864    0.0   -0.0   -0.0
    52.627  -168.864    0.0   -0.0   -0.0
    52.636  -168.864    0.0   -0.0   -0.0
    52.645  -168.864    0.0   -0.0   -0.0
    52.654  -168.864    0.0   -0.0   -0.0
    52.663  -168.864    0.0   -0.0   -0.0
    52.672  -168.864    0.0   -0.1   -0.0
    51.771  -168.850   -0.0    0.1    0.0
    51.780  -168.850   -0.0    0.1    0.0
    51.789  -168.850   -0.0    0.1    0.0
    51.798  -168.850   -0.0    0.1    0.0
    51.808  -168.850   -0.0    0.1    0.0
    51.817  -168.850   -0.0    0.1    0.0
    51.826  -168.850   -0.0    0.1    0.0
    51.835  -168.850   -0.0    0.1    0.0
    51.844  -168.850   -0.0    0.1    0.0
    51.853  -168.850   -0.0    0.1    0.0
    51.862  -168.850   -0.0    0.1    0.0
    51.871  -168.850   -0.0    0.1    0.0
    51.880  -168.850   -0.0    0.1    0.0
    51.889  -168.850   -0.0    0.1    0.0
    51.898  -168.850   -0.0    0.1    0.0
    51.907  -168.850   -0.0    0.1    0.0
    51.916  -168.850   -0.0    0.1    0.0
    51.925  -168.850   -0.0    0.1    0.0
    51.934  -168.850   -0.0    0.1    0.0
    51.943  -168.850   -0.0    0.1    0.0
    51.952  -168.850   -0.0    0.1    0.0
    51.961  -168.850   -0.0    0.1    0.1
    51.970  -168.850   -0.0    0.1    0.1
    51.979  -168.850   -0.0    0.1    0.1
    51.988  -168.850   -0.0    0.1    0.1
    51.997  -168.850   -0.0    0.1    0.1
    52.006  -168.850   -0.0    0.1    0.1
    52.015  -168.850   -0.0    0.1    0.1
    52.024  -168.850    0.0    0.1    0.1
    52.033  -168.850    0.0    0.1    0.1
    52.042  -168.850    0.0    0.1    0.1
    52.051  -168.850    0.0    0.1    0.1
    52.060  -168.850    0.0    0.1    0.1
    52.069  -168.850    0.0    0.1    0.1
    52.078  -168.850    0.0    0.1    0.1
    52.087  -168.850    0.1    0.1    0.1
    52.096  -168.850    0.1    0.1    0.1
    52.105  -168.850    0.1    0.0    0.1
    52.114  -168.850    0.1    0.0    0.1
    52.123  -168.850    0.1    0.0    0.1
    52.132  -168.850    0.1    0.0    0.1
    52.141  -168.850    0.1    0.0    0.1
    52.150  -168.850    0.1    0.0    0.1
    52.159  -168.850    0.1    0.0    0.1
    52.168  -168.850    0.1    0.0    0.1
    52.177  -168.850    0.2    0.0    0.1
    52.186  -168.850    0.2    0.0    0.1
    52.195  -168.850    0.2    0.0    0.1
    52.204  -168.850    0.2    0.0    0.1
    52.213  -168.850    0.2    0.0    0.1
    52.222  -168.850    0.2    0.0    0.1
    52.231  -168.850    0.2    0.1    0.1
    52.240  -168.850    0.2    0.1    0.1
    52.249  -168.850    0.2    0.1    0.1
    52.258  -168.850    0.2    0.1    0.1
    52.267  -168.850    0.3    0.1    0.1
    52.276  -168.850    0.3    0.1    0.1
    52.285  -168.850    0.3    0.1    0.1
    52.294  -168.850    0.3    0.1    0.1
    52.303  -168.850    0.3    0.1    0.0
    52.312  -168.850    0.3    0.1    0.0
    52.321  -168.850    0.3    0.1    0.0
    52.330  -168.850    0.3    0.1    0.0
    52.339  -168.850    0.3    0.1    0.0
    52.348  -168.850    0.3    0.1    0.0
    52.357  -168.850    0.2    0.1    0.0
    52.366  -168.850    0.2    0.1    0.0
    52.375  -168.850    0.2    0.1    0.0
    52.384  -168.850    0.2    0.1    0.0
    52.393  -168.850    0.2    0.1   -0.0
    52.402  -168.850    0.2    0.1   -0.0
    52.411  -168.850    0.2    0.1   -0.0
    52.420  -168.850    0.2    0.1   -0.0
    52.429  -168.850    0.2    0.1   -0.0
    52.438  -168.850    0.2    0.1   -0.0
    52.447  -168.850    0.1    0.1   -0.0
    52.456  -168.850    0.1    0.1   -0.0
    52.465  -168.850    0.1    0.1   -0.0
    52.474  -168.850    0.1    0.1   -0.0
    52.483  -168.850    0.1    0.0   -0.0
    52.492  -168.850    0.1    0.0   -0.0
    52.501  -168.850    0.1    0.0   -0.0
    52.510  -168.850    0.1    0.0   -0.0
    52.519  -168.850    0.1    0.0   -0.0
    52.528  -168.850    0.1    0.0   -0.0
    52.537  -168.850    0.1    0.0   -0.0
    52.546  -168.850    0.1    0.0   -0.0
    52.555  -168.850    0.0    0.0   -0.0
    52.564  -168.850    0.0   -0.0   -0.0
    52.573  -168.850    0.0   -0.0   -0.0
    52.582  -168.850    0.0   -0.0   -0.0
    52.591  -168.850    0.0   -0.0   -0.0
    52.600  -168.850    0.0   -0.0   -0.0
    52.609  -168.850    0.0   -0.0   -0.0
    52.618  -168.850    0.0   -0.0   -0.0
    52.627  -168.850    0.0   -0.0   -0.0
    52.636  -168.850    0.0   -0.0   -0.0
    52.645  -168.850    0.0   -0.0   -0.0
    52.654  -168.850    0.0   -0.0   -0.0
    52.663  -168.850    0.0   -0.0   -0.0
    52.672  -168.850    0.0   -0.0   -0.0
    51.771  -168.835   -0.0    0.1    0.0
    51.780  -168.835   -0.0    0.1    0.0
    51.789  -168.835   -0.0    0.1    0.0
    51.798  -168.835   -0.0    0.1    0.0
    51.808  -168.835   -0.0    0.1    0.0
    51.817  -168.835   -0.0    0.1    0.0
    51.826  -168.835   -0.0    0.1    0.0
    51.835  -168.835   -0.0    0.1    0.0
    51.844  -168.835   -0.0    0.1    0.0
    51.853  -168.835   -0.0    0.1    0.0
    51.862  -168.835   -0.0    0.1    0.0
    51.871  -168.835   -0.0    0.1    0.0
    51.880  -168.835   -0.0    0.1    0.0
    51.889  -168.835   -0.0    0.1    0.0
    51.898  -168.835   -0.0    0.1    0.0
    51.907  -168.835   -0.0    0.1    0.0
    51.916  -168.835   -0.0    0.1    0.0
    51.925  -168.835   -0.0    0.1    0.0
    51.934  -168.835   -0.0    0.1    0.0
    51.943  -168.835   -0.0    0.1    0.0
    51.952  -168.835   -0.0    0.1    0.0
    51.961  -168.835   -0.0    0.1    0.0
    51.970  -168.835   -0.0    0.1    0.0
    51.979  -168.835   -0.0    0.1    0.1
    51.988  -168.835   -0.0    0.1    0.1
    51.997  -168.835   -0.0    0.1    0.1
    52.006  -168.835   -0.0    0.1    0.1
    52.015  -168.835   -0.0    0.1    0.1
    52.024  -168.835   -0.0    0.1    0.1
    52.033  -168.835    0.0    0.1    0.1
    52.042  -168.835    0.0    0.1    0.1
    52.051  -168.835    0.0    0.1    0.1
    52.060  -168.835    0.0    0.1    0.1
    52.069  -168.835    0.0    0.1    0.1
    52.078  -168.835    0.0    0.1    0.1
    52.087  -168.835    0.0    0.1    0.1
    52.096  -168.835    0.1    0.1    0.1
    52.105  -168.835    0.1    0.0    0.1
    52.114  -168.835    0.1    0.0    0.1
    52.123  -168.835    0.1    0.0    0.1
    52.132  -168.835    0.1    0.0    0.1
    52.141  -168.835    0.1    0.0    0.1
    52.150  -168.835    0.1    0.0    0.1
    52.159  -168.835    0.1    0.0    0.1
    52.168  -168.835    0.1    0.0    0.1
    52.177  -168.835    0.1    0.0    0.1
    52.186  -168.835    0.2    0.0    0.1
    52.195  -168.835    0.2    0.0    0.1
    52.204  -168.835    0.2    0.0    0.1
    52.213  -168.835    0.2    0.0    0.1
    52.222  -168.835    0.2    0.0    0.1
    52.231  -168.835    0.2    0.1    0.1
    52.240  -168.835    0.2    0.1    0.1
    52.249  -168.835    0.2    0.1    0.1
    52.258  -168.835    0.2    0.1    0.1
    52.267  -168.835    0.2    0.1    0.1
    52.276  -168.835    0.2    0.1    0.1
    52.285  -168.835    0.2    0.1    0.0
    52.294  -168.835    0.2    0.1    0.0
    52.303  -168.835    0.2    0.1    0.0
    52.312  -168.835    0.2    0.1    0.0
    52.321  -168.835    0.2    0.1    0.0
    52.330  -168.835    0.2    0.1    0.0
    52.339  -168.835    0.2    0.1    0.0
    52.348  -168.835    0.2    0.1    0.0
    52.357  -168.835    0.2    0.1    0.0
    52.366  -168.835    0.2    0.1    0.0
    52.375  -168.835    0.2    0.1    0.0
    52.384  -168.835    0.2    0.1   -0.0
    52.393  -168.835    0.2    0.1   -0.0
    52.402  -168.835    0.2    0.1   -0.0
    52.411  -168.835    0.2    0.1   -0.0
    52.420  -168.835    0.2    0.1   -0.0
    52.429  -168.835    0.2    0.1   -0.0
    52.438  -168.835    0.2    0.1   -0.0
    52.447  -168.835    0.1    0.1   -0.0
    52.456  -168.835    0.1    0.1   -0.0
    52.465  -168.835    0.1    0.1   -0.0
    52.474  -168.835    0.1    0.1   -0.0
    52.483  -168.835    0.1    0.0   -0.0
    52.492  -168.835    0.1    0.0   -0.0
    52.501  -168.835    0.1    0.0   -0.0
    52.510  -168.835    0.1    0.0   -0.0
    52.519  -168.835    0.1    0.0   -0.0
    52.528  -168.835    0.1    0.0   -0.0
    52.537  -168.835    0.1    0.0   -0.0
    52.546  -168.835    0.1    0.0   -0.0
    52.555  -168.835    0.0    0.0   -0.0
    52.564  -168.835    0.0    0.0   -0.0
    52.573  -168.835    0.0   -0.0   -0.0
    52.582  -168.835    0.0   -0.0   -0.0
    52.591  -168.835    0.0   -0.0   -0.0
    52.600  -168.835    0.0   -0.0   -0.0
    52.609  -168.835    0.0   -0.0   -0.0
    52.618  -168.835    0.0   -0.0   -0.0
    52.627  -168.835    0.0   -0.0   -0.0
    52.636  -168.835    0.0   -0.0   -0.0
    52.645  -168.835    0.0   -0.0   -0.0
    52.654  -168.835    0.0   -0.0   -0.0
    52.663  -168.835    0.0   -0.0   -0.0
    52.672  -168.835    0.0   -0.0   -0.0
    51.771  -168.820   -0.0    0.1    0.0
    51.780  -168.820   -0.0    0.1    0.0
    51.789  -168.820   -0.0    0.1    0.0
    51.798  -168.820   -0.0    0.1    0.0
    51.808  -168.820   -0.0    0.1    0.0
    51.817  -168.820   -0.0    0.1    0.0
    51.826  -168.820   -0.0    0.1    0.0
    51.835  -168.820   -0.0    0.1    0.0
    51.844  -168.820   -0.0    0.1    0.0
    51.853  -168.820   -0.0    0.1    0.0
    51.862  -168.820   -0.0    0.1    0.0
    51.871  -168.820   -0.0    0.1    0.0
    51.880  -168.820   -0.0    0.1    0.0
    51.889  -168.820   -0.0    0.1    0.0
    51.898  -168.820   -0.0    0.1    0.0
    51.907  -168.820   -0.0    0.1    0.0
    51.916  -168.820   -0.0    0.1    0.0
    51.925  -168.820   -0.0    0.1    0.0
    51.934  -168.820   -0.0    0.1    0.0
    51.943  -168.820   -0.0    0.1    0.0
    51.952  -168.820   -0.0    0.1    0.0
    51.961  -168.820   -0.0    0.1    0.0
    51.970  -168.820   -0.0    0.1    0.0
    51.979  -168.820   -0.0    0.1    0.0
    51.988  -168.820   -0.0    0.1    0.0
    51.997  -168.820   -0.0    0.1    0.1
    52.006  -168.820   -0.0    0.1    0.1
    52.015  -168.820   -0.0    0.1    0.1
    52.024  -168.820   -0.0    0.1    0.1
    52.033  -168.820    0.0    0.1    0.1
    52.042  -168.820    0.0    0.1    0.1
    52.051  -168.820    0.0    0.1    0.1
    52.060  -168.820    0.0    0.1    0.1
    52.069  -168.820    0.0    0.1    0.1
    52.078  -168.820    0.0    0.1    0.1
    52.087  -168.820    0.0    0.1    0.1
    52.096  -168.820    0.1    0.1    0.1
    52.105  -168.820    0.1    0.0    0.1
    52.114  -168.820    0.1    0.0    0.1
    52.123  -168.820    0.1    0.0    0.1
    52.132  -168.820    0.1    0.0    0.1
    52.141  -168.820    0.1    0.0    0.1
    52.150  -168.820    0.1    0.0    0.1
    52.159  -168.820    0.1    0.0    0.1
    52.168  -168.820    0.1    0.0    0.1
    52.177  -168.820    0.1    0.0    0.1
    52.186  -168.820    0.1    0.0    0.1
    52.195  -168.820    0.2    0.0    0.1
    52.204  -168.820    0.2    0.0    0.1
    52.213  -168.820    0.2    0.0    0.1
    52.222  -168.820    0.2    0.0    0.1
    52.231  -168.820    0.2    0.0    0.1
    52.240  -168.820    0.2    0.1    0.1
    52.249  -168.820    0.2    0.1    0.1
    52.258  -168.820    0.2    0.1    0.1
    52.267  -168.820    0.2    0.1    0.0
    52.276  -168.820    0.2    0.1    0.0
    52.285  -168.820    0.2    0.1    0.0
    52.294  -168.820    0.2    0.1    0.0
    52.303  -168.820    0.2    0.1    0.0
    52.312  -168.820    0.2    0.1    0.0
    52.321  -168.820    0.2    0.1    0.0
    52.330  -168.820    0.2    0.1    0.0
    52.339  -168.820    0.2    0.1    0.0
    52.348  -168.820    0.2    0.1    0.0
    52.357  -168.820    0.2    0.1    0.0
    52.366  -168.820    0.2    0.1    0.0
    52.375  -168.820    0.2    0.1    0.0
    52.384  -168.820    0.2    0.1   -0.0
    52.393  -168.820    0.2    0.1   -0.0
    52.402  -168.820    0.2    0.1   -0.0
    52.411  -168.820    0.2    0.1   -0.0
    52.420  -168.820    0.2    0.1   -0.0
    52.429  -168.820    0.2    0.1   -0.0
    52.438  -168.820    0.1    0.1   -0.0
    52.447  -168.820    0.1    0.1   -0.0
    52.456  -168.820    0.1    0.1   -0.0
    52.465  -168.820    0.1    0.1   -0.0
    52.474  -168.820    0.1    0.1   -0.0
    52.483  -168.820    0.1    0.0   -0.0
    52.492  -168.820    0.1    0.0   -0.0
    52.501  -168.820    0.1    0.0   -0.0
    52.510  -168.820    0.1    0.0   -0.0
    52.519  -168.820    0.1    0.0   -0.0
    52.528  -168.820    0.1    0.0   -0.0
    52.537  -168.820    0.1    0.0   -0.0
    52.546  -168.820    0.1    0.0   -0.0
    52.555  -168.820    0.1    0.0   -0.0
    52.564  -168.820    0.0    0.0   -0.0
    52.573  -168.820    0.0    0.0   -0.0
    52.582  -168.820    0.0   -0.0   -0.0
    52.591  -168.820    0.0   -0.0   -0.0
    52.600  -168.820    0.0   -0.0   -0.0
    52.609  -168.820    0.0   -0.0   -0.0
    52.618  -168.820    0.0   -0.0   -0.0
    52.627  -168.820    0.0   -0.0   -0.0
    52.636  -168.820    0.0   -0.0   -0.0
    52.645  -168.820    0.0   -0.0   -0.0
    52.654  -168.820    0.0   -0.0   -0.0
    52.663  -168.820    0.0   -0.0   -0.0
    52.672  -168.820    0.0   -0.0   -0.0
    51.771  -168.805   -0.0    0.1    0.0
    51.780  -168.805   -0.0    0.1    0.0
    51.789  -168.805   -0.0    0.1    0.0
    51.798  -168.805   -0.0    0.1    0.0
    51.808  -168.805   -0.0    0.1    0.0
    51.817  -168.805   -0.0    0.1    0.0
    51.826  -168.805   -0.0    0.1    0.0
    51.835  -168.805   -0.0    0.1    0.0
    51.844  -168.805   -0.0    0.1    0.0
    51.853  -168.805   -0.0    0.1    0.0
    51.862  -168.805   -0.0    0.1    0.0
    51.871  -168.805   -0.0    0.1    0.0
    51.880  -168.805   -0.0    0.1    0.0
    51.889  -168.805   -0.0    0.1    0.0
    51.898  -168.805   -0.0    0.1    0.0
    51.907  -168.805   -0.0    0.1    0.0
    51.916  -168.805   -0.0    0.1    0.0
    51.925  -168.805   -0.0    0.1    0.0
    51.934  -168.805   -0.0    0.1    0.0
    51.943  -168.805   -0.0    0.1    0.0
    51.952  -168.805   -0.0    0.1    0.0
    51.961  -168.805   -0.0    0.1    0.0
    51.970  -168.805   -0.0    0.1    0.0
    51.979  -168.805   -0.0    0.1    0.0
    51.988  -168.805   -0.0    0.1    0.0
    51.997  -168.805   -0.0    0.1    0.0
    52.006  -168.805   -0.0    0.1    0.0
    52.015  -168.805   -0.0    0.1    0.1
    52.024  -168.805   -0.0    0.1    0.1
    52.033  -168.805    0.0    0.1    0.1
    52.042  -168.805    0.0    0.1    0.1
    52.051  -168.805    0.0    0.1    0.1
    52.060  -168.805    0.0    0.1    0.1
    52.069  -168.805    0.0    0.1    0.1
    52.078  -168.805    0.0    0.1    0.1
    52.087  -168.805    0.0    0.1    0.1
    52.096  -168.805    0.0    0.0    0.1
    52.105  -168.805    0.1    0.0    0.1
    52.114  -168.805    0.1    0.0    0.1
    52.123  -168.805    0.1    0.0    0.1
    52.132  -168.805    0.1    0.0    0.1
    52.141  -168.805    0.1    0.0    0.1
    52.150  -168.805    0.1    0.0    0.1
    52.159  -168.805    0.1    0.0    0.1
    52.168  -168.805    0.1    0.0    0.1
    52.177  -168.805    0.1    0.0    0.1
    52.186  -168.805    0.1    0.0    0.1
    52.195  -168.805    0.1    0.0    0.1
    52.204  -168.805    0.2    0.0    0.1
    52.213  -168.805    0.2    0.0    0.1
    52.222  -168.805    0.2    0.0    0.1
    52.231  -168.805    0.2    0.0    0.1
    52.240  -168.805    0.2    0.1    0.0
    52.249  -168.805    0.2    0.1    0.0
    52.258  -168.805    0.2    0.1    0.0
    52.267  -168.805    0.2    0.1    0.0
    52.276  -168.805    0.2    0.1    0.0
    52.285  -168.805    0.2    0.1    0.0
    52.294  -168.805    0.2    0.1    0.0
    52.303  -168.805    0.2    0.1    0.0
    52.312  -168.805    0.2    0.1    0.0
    52.321  -168.805    0.2    0.1    0.0
    52.330  -168.805    0.2    0.1    0.0
    52.339  -168.805    0.2    0.1    0.0
    52.348  -168.805    0.2    0.1    0.0
    52.357  -168.805    0.2    0.1    0.0
    52.366  -168.805    0.2    0.1    0.0
    52.375  -168.805    0.2    0.1   -0.0
    52.384  -168.805    0.2    0.1   -0.0
    52.393  -168.805    0.2    0.1   -0.0
    52.402  -168.805    0.2    0.1   -0.0
    52.411  -168.805    0.2    0.1   -0.0
    52.420  -168.805    0.2    0.1   -0.0
    52.429  -168.805    0.2    0.1   -0.0
    52.438  -168.805    0.1    0.1   -0.0
    52.447  -168.805    0.1    0.1   -0.0
    52.456  -168.805    0.1    0.1   -0.0
    52.465  -168.805    0.1    0.1   -0.0
    52.474  -168.805    0.1    0.1   -0.0
    52.483  -168.805    0.1    0.0   -0.0
    52.492  -168.805    0.1    0.0   -0.0
    52.501  -168.805    0.1    0.0   -0.0
    52.510  -168.805    0.1    0.0   -0.0
    52.519  -168.805    0.1    0.0   -0.0
    52.528  -168.805    0.1    0.0   -0.0
    52.537  -168.805    0.1    0.0   -0.0
    52.546  -168.805    0.1    0.0   -0.0
    52.555  -168.805    0.1    0.0   -0.0
    52.564  -168.805    0.0    0.0   -0.0
    52.573  -168.805    0.0    0.0   -0.0
    52.582  -168.805    0.0   -0.0   -0.0
    52.591  -168.805    0.0   -0.0   -0.0
    52.600  -168.805    0.0   -0.0   -0.0
    52.609  -168.805    0.0   -0.0   -0.0
    52.618  -168.805    0.0   -0.0   -0.0
    52.627  -168.805    0.0   -0.0   -0.0
    52.636  -168.805    0.0   -0.0   -0.0
    52.645  -168.805    0.0   -0.0   -0.0
    52.654  -168.805    0.0   -0.0   -0.0
    52.663  -168.805    0.0   -0.0   -0.0
    52.672  -168.805    0.0   -0.0   -0.0
    51.771  -168.791   -0.0    0.1    0.0
    51.780  -168.791   -0.0    0.1    0.0
    51.789  -168.791   -0.0    0.1    0.0
    51.798  -168.791   -0.0    0.1    0.0
    51.808  -168.791   -0.0    0.1    0.0
    51.817  -168.791   -0.0    0.1    0.0
    51.826  -168.791   -0.0    0.1    0.0
    51.835  -168.791   -0.0    0.1    0.0
    51.844  -168.791   -0.0    0.1    0.0
    51.853  -168.791   -0.0    0.1    0.0
    51.862  -168.791   -0.0    0.1    0.0
    51.871  -168.791   -0.0    0.1    0.0
    51.880  -168.791   -0.0    0.1    0.0
    51.889  -168.791   -0.0    0.1    0.0
    51.898  -168.791   -0.0    0.1    0.0
    51.907  -168.791   -0.0    0.1    0.0
    51.916  -168.791   -0.0    0.1    0.0
    51.925  -168.791   -0.0    0.1    0.0
    51.934  -168.791   -0.0    0.1    0.0
    51.943  -168.791   -0.0    0.1    0.0
    51.952  -168.791   -0.0    0.1    0.0
    51.961  -168.791   -0.0    0.1    0.0
    51.970  -168.791   -0.0    0.1    0.0
    51.979  -168.791   -0.0    0.1    0.0
    51.988  -168.791   -0.0    0.1    0.0
    51.997  -168.791   -0.0    0.1    0.0
    52.006  -168.791   -0.0    0.1    0.0
    52.015  -168.791   -0.0    0.1    0.0
    52.024  -168.791   -0.0    0.1    0.0
    52.033  -168.791    0.0    0.1    0.0
    52.042  -168.791    0.0    0.1    0.0
    52.051  -168.791    0.0    0.1    0.1
    52.060  -168.791    0.0    0.1    0.1
    52.069  -168.791    0.0    0.1    0.1
    52.078  -168.791    0.0    0.1    0.1
    52.087  -168.791    0.0    0.1    0.1
    52.096  -168.791    0.0    0.0    0.1
    52.105  -168.791    0.1    0.0    0.1
    52.114  -168.791    0.1    0.0    0.1
    52.123  -168.791    0.1    0.0    0.1
    52.132  -168.791    0.1    0.0    0.1
    52.141  -168.791    0.1    0.0    0.1
    52.150  -168.791    0.1    0.0    0.1
    52.159  -168.791    0.1    0.0    0.1
    52.168  -168.791    0.1    0.0    0.1
    52.177  -168.791    0.1    0.0    0.1
    52.186  -168.791    0.1    0.0    0.1
    52.195  -168.791    0.1    0.0    0.1
    52.204  -168.791    0.1    0.0    0.1
    52.213  -168.791    0.2    0.0    0.0
    52.222  -168.791    0.2    0.0    0.0
    52.231  -168.791    0.2    0.0    0.0
    52.240  -168.791    0.2    0.0    0.0
    52.249  -168.791    0.2    0.1    0.0
    52.258  -168.791    0.2    0.1    0.0
    52.267  -168.791    0.2    0.1    0.0
    52.276  -168.791    0.2    0.1    0.0
    52.285  -168.791    0.2    0.1    0.0
    52.294  -168.791    0.2    0.1    0.0
    52.303  -168.791    0.2    0.1    0.0
    52.312  -168.791    0.2    0.1    0.0
    52.321  -168.791    0.2    0.1    0.0
    52.330  -168.791    0.2    0.1    0.0
    52.339  -168.791    0.2    0.1    0.0
    52.348  -168.791    0.2    0.1    0.0
    52.357  -168.791    0.2    0.1    0.0
    52.366  -168.791    0.2    0.1    0.0
    52.375  -168.791    0.2    0.1   -0.0
    52.384  -168.791    0.2    0.1   -0.0
    52.393  -168.791    0.2    0.1   -0.0
    52.402  -168.791    0.2    0.1   -0.0
    52.411  -168.791    0.2    0.1   -0.0
    52.420  -168.791    0.2    0.1   -0.0
    52.429  -168.791    0.1    0.1   -0.0
    52.438  -168.791    0.1    0.1   -0.0
    52.447  -168.791    0.1    0.1   -0.0
    52.456  -168.791    0.1    0.1   -0.0
    52.465  -168.791    0.1    0.1   -0.0
    52.474  -168.791    0.1    0.1   -0.0
    52.483  -168.791    0.1    0.0   -0.0
    52.492  -168.791    0.1    0.0   -0.0
    52.501  -168.791    0.1    0.0   -0.0
    52.510  -168.791    0.1    0.0   -0.0
    52.519  -168.791    0.1    0.0   -0.0
    52.528  -168.791    0.1    0.0   -0.0
    52.537  -168.791    0.1    0.0   -0.0
    52.546  -168.791    0.1    0.0   -0.0
    52.555  -168.791    0.1    0.0   -0.0
    52.564  -168.791    0.0    0.0   -0.0
    52.573  -168.791    0.0    0.0   -0.0
    52.582  -168.791    0.0    0.0   -0.0
    52.591  -168.791    0.0   -0.0   -0.0
    52.600  -168.791    0.0   -0.0   -0.0
    52.609  -168.791    0.0   -0.0   -0.0
    52.618  -168.791    0.0   -0.0   -0.0
    52.627  -168.791    0.0   -0.0   -0.0
    52.636  -168.791    0.0   -0.0   -0.0
    52.645  -168.791    0.0   -0.0   -0.0
    52.654  -168.791    0.0   -0.0   -0.0
    52.663  -168.791    0.0   -0.0   -0.0
    52.672  -168.791    0.0   -0.0   -0.0
    51.771  -168.776   -0.0    0.1    0.0
    51.780  -168.776   -0.0    0.1    0.0
    51.789  -168.776   -0.0    0.1    0.0
    51.798  -168.776   -0.0    0.1    0.0
    51.808  -168.776   -0.0    0.1    0.0
    51.817  -168.776   -0.0    0.1    0.0
    51.826  -168.776   -0.0    0.1    0.0
    51.835  -168.776   -0.0    0.1    0.0
    51.844  -168.776   -0.0    0.1    0.0
    51.853  -168.776   -0.0    0.1    0.0
    51.862  -168.776   -0.0    0.1    0.0
    51.871  -168.776   -0.0    0.1    0.0
    51.880  -168.776   -0.0    0.1    0.0
    51.889  -168.776   -0.0    0.1    0.0
    51.898  -168.776   -0.0    0.1    0.0
    51.907  -168.776   -0.0    0.1    0.0
    51.916  -168.776   -0.0    0.1    0.0
    51.925  -168.776   -0.0    0.1    0.0
    51.934  -168.776   -0.0    0.1    0.0
    51.943  -168.776   -0.0    0.1    0.0
    51.952  -168.776   -0.0    0.1    0.0
    51.961  -168.776   -0.0    0.1    0.0
    51.970  -168.776   -0.0    0.1    0.0
    51.979  -168.776   -0.0    0.1    0.0
    51.988  -168.776   -0.0    0.1    0.0
    51.997  -168.776   -0.0    0.1    0.0
    52.006  -168.776   -0.0    0.1    0.0
    52.015  -168.776   -0.0    0.1    0.0
    52.024  -168.776   -0.0    0.1    0.0
    52.033  -168.776    0.0    0.1    0.0
    52.042  -168.776    0.0    0.1    0.0
    52.051  -168.776    0.0    0.1    0.0
    52.060  -168.776    0.0    0.1    0.0
    52.069  -168.776    0.0    0.1    0.0
    52.078  -168.776    0.0    0.1    0.0
    52.087  -168.776    0.0    0.1    0.0
    52.096  -168.776    0.0    0.0    0.0
    52.105  -168.776    0.1    0.0    0.0
    52.114  -168.776    0.1    0.0    0.1
    52.123  -168.776    0.1    0.0    0.1
    52.132  -168.776    0.1    0.0    0.1
    52.141  -168.776    0.1    0.0    0.1
    52.150  -168.776    0.1    0.0    0.0
    52.159  -168.776    0.1    0.0    0.0
    52.168  -168.776    0.1    0.0    0.0
    52.177  -168.776    0.1    0.0    0.0
    52.186  -168.776    0.1    0.0    0.0
    52.195  -168.776    0.1    0.0    0.0
    52.204  -168.776    0.1    0.0    0.0
    52.213  -168.776    0.1    0.0    0.0
    52.222  -168.776    0.2    0.0    0.0
    52.231  -168.776    0.2    0.0    0.0
    52.240  -168.776    0.2    0.0    0.0
    52.249  -168.776    0.2    0.0    0.0
    52.258  -168.776    0.2    0.1    0.0
    52.267  -168.776    0.2    0.1    0.0
    52.276  -168.776    0.2    0.1    0.0
    52.285  -168.776    0.2    0.1    0.0
    52.294  -168.776    0.2    0.1    0.0
    52.303  -168.776    0.2    0.1    0.0
    52.312  -168.776    0.2    0.1    0.0
    52.321  -168.776    0.2    0.1    0.0
    52.330  -168.776    0.2    0.1    0.0
    52.339  -168.776    0.2    0.1    0.0
    52.348  -168.776    0.2    0.1    0.0
    52.357  -168.776    0.2    0.1    0.0
    52.366  -168.776    0.2    0.1   -0.0
    52.375  -168.776    0.2    0.1   -0.0
    52.384  -168.776    0.2    0.1   -0.0
    52.393  -168.776    0.2    0.1   -0.0
    52.402  -168.776    0.2    0.1   -0.0
    52.411  -168.776    0.2    0.1   -0.0
    52.420  -168.776    0.1    0.1   -0.0
    52.429  -168.776    0.1    0.1   -0.0
    52.438  -168.776    0.1    0.1   -0.0
    52.447  -168.776    0.1    0.1   -0.0
    52.456  -168.776    0.1    0.1   -0.0
    52.465  -168.776    0.1    0.1   -0.0
    52.474  -168.776    0.1    0.0   -0.0
    52.483  -168.776    0.1    0.0   -0.0
    52.492  -168.776    0.1    0.0   -0.0
    52.501  -168.776    0.1    0.0   -0.0
    52.510  -168.776    0.1    0.0   -0.0
    52.519  -168.776    0.1    0.0   -0.0
    52.528  -168.776    0.1    0.0   -0.0
    52.537  -168.776    0.1    0.0   -0.0
    52.546  -168.776    0.1    0.0   -0.0
    52.555  -168.776    0.1    0.0   -0.0
    52.564  -168.776    0.0    0.0   -0.0
    52.573  -168.776    0.0    0.0   -0.0
    52.582  -168.776    0.0    0.0   -0.0
    52.591  -168.776    0.0    0.0   -0.0
    52.600  -168.776    0.0   -0.0   -0.0
    52.609  -168.776    0.0   -0.0   -0.0
    52.618  -168.776    0.0   -0.0   -0.0
    52.627  -168.776    0.0   -0.0   -0.0
    52.636  -168.776    0.0   -0.0   -0.0
    52.645  -168.776    0.0   -0.0   -0.0
    52.654  -168.776    0.0   -0.0   -0.0
    52.663  -168.776    0.0   -0.0   -0.0
    52.672  -168.776    0.0   -0.0   -0.0
    51.771  -168.761   -0.0    0.1    0.0
    51.780  -168.761   -0.0    0.1    0.0
    51.789  -168.761   -0.0    0.1    0.0
    51.798  -168.761   -0.0    0.1    0.0
    51.808  -168.761   -0.0    0.1    0.0
    51.817  -168.761   -0.0    0.1    0.0
    51.826  -168.761   -0.0    0.1    0.0
    51.835  -168.761   -0.0    0.1    0.0
    51.844  -168.761   -0.0    0.1    0.0
    51.853  -168.761   -0.0    0.1    0.0
    51.862  -168.761   -0.0    0.1    0.0
    51.871  -168.761   -0.0    0.1    0.0
    51.880  -168.761   -0.0    0.1    0.0
    51.889  -168.761   -0.0    0.1    0.0
    51.898  -168.761   -0.0    0.1    0.0
    51.907  -168.761   -0.0    0.1    0.0
    51.916  -168.761   -0.0    0.1    0.0
    51.925  -168.761   -0.0    0.1    0.0
    51.934  -168.761   -0.0    0.1    0.0
    51.943  -168.761   -0.0    0.1    0.0
    51.952  -168.761   -0.0    0.1    0.0
    51.961  -168.761   -0.0    0.1    0.0
    51.970  -168.761   -0.0    0.1    0.0
    51.979  -168.761   -0.0    0.1    0.0
    51.988  -168.761   -0.0    0.1    0.0
    51.997  -168.761   -0.0    0.1    0.0
    52.006  -168.761   -0.0    0.1    0.0
    52.015  -168.761   -0.0    0.1    0.0
    52.024  -168.761   -0.0    0.1    0.0
    52.033  -168.761    0.0    0.1    0.0
    52.042  -168.761    0.0    0.1    0.0
    52.051  -168.761    0.0    0.1    0.0
    52.060  -168.761    0.0    0.1    0.0
    52.069  -168.761    0.0    0.1    0.0
    52.078  -168.761    0.0    0.1    0.0
    52.087  -168.761    0.0    0.0    0.0
    52.096  -168.761    0.0    0.0    0.0
    52.105  -168.761    0.0    0.0    0.0
    52.114  -168.761    0.1    0.0    0.0
    52.123  -168.761    0.1    0.0    0.0
    52.132  -168.761    0.1    0.0    0.0
    52.141  -168.761    0.1    0.0    0.0
    52.150  -168.761    0.1    0.0    0.0
    52.159  -168.761    0.1    0.0    0.0
    52.168  -168.761    0.1    0.0    0.0
    52.177  -168.761    0.1    0.0    0.0
    52.186  -168.761    0.1    0.0    0.0
    52.195  -168.761    0.1    0.0    0.0
    52.204  -168.761    0.1    0.0    0.0
    52.213  -168.761    0.1    0.0    0.0
    52.222  -168.761    0.1    0.0    0.0
    52.231  -168.761    0.1    0.0    0.0
    52.240  -168.761    0.2    0.0    0.0
    52.249  -168.761    0.2    0.0    0.0
    52.258  -168.761    0.2    0.0    0.0
    52.267  -168.761    0.2    0.1    0.0
    52.276  -168.761    0.2    0.1    0.0
    52.285  -168.761    0.2    0.1    0.0
    52.294  -168.761    0.2    0.1    0.0
    52.303  -168.761    0.2    0.1    0.0
    52.312  -168.761    0.2    0.1    0.0
    52.321  -168.761    0.2    0.1    0.0
    52.330  -168.761    0.2    0.1    0.0
    52.339  -168.761    0.2    0.1    0.0
    52.348  -168.761    0.2    0.1    0.0
    52.357  -168.761    0.2    0.1   -0.0
    52.366  -168.761    0.2    0.1   -0.0
    52.375  -168.761    0.2    0.1   -0.0
    52.384  -168.761    0.2    0.1   -0.0
    52.393  -168.761    0.2    0.1   -0.0
    52.402  -168.761    0.1    0.1   -0.0
    52.411  -168.761    0.1    0.1   -0.0
    52.420  -168.761    0.1    0.1   -0.0
    52.429  -168.761    0.1    0.1   -0.0
    52.438  -168.761    0.1    0.1   -0.0
    52.447  -168.761    0.1    0.1   -0.0
    52.456  -168.761    0.1    0.1   -0.0
    52.465  -168.761    0.1    0.1   -0.0
    52.474  -168.761    0.1    0.0   -0.0
    52.483  -168.761    0.1    0.0   -0.0
    52.492  -168.761    0.1    0.0   -0.0
    52.501  -168.761    0.1    0.0   -0.0
    52.510  -168.761    0.1    0.0   -0.0
    52.519  -168.761    0.1    0.0   -0.0
    52.528  -168.761    0.1    0.0   -0.0
    52.537  -168.761    0.1    0.0   -0.0
    52.546  -168.761    0.1    0.0   -0.0
    52.555  -168.761    0.1    0.0   -0.0
    52.564  -168.761    0.0    0.0   -0.0
    52.573  -168.761    0.0    0.0   -0.0
    52.582  -168.761    0.0    0.0   -0.0
    52.591  -168.761    0.0    0.0   -0.0
    52.600  -168.761    0.0   -0.0   -0.0
    52.609  -168.761    0.0   -0.0   -0.0
    52.618  -168.761    0.0   -0.0   -0.0
    52.627  -168.761    0.0   -0.0   -0.0
    52.636  -168.761    0.0   -0.0   -0.0
    52.645  -168.761    0.0   -0.0   -0.0
    52.654  -168.761    0.0   -0.0   -0.0
    52.663  -168.761    0.0   -0.0   -0.0
    52.672  -168.761    0.0   -0.0   -0.0
    51.771  -168.747   -0.0    0.1    0.0
    51.780  -168.747   -0.0    0.1    0.0
    51.789  -168.747   -0.0    0.1    0.0
    51.798  -168.747   -0.0    0.1    0.0
    51.808  -168.747   -0.0    0.1    0.0
    51.817  -168.747   -0.0    0.1    0.0
    51.826  -168.747   -0.0    0.1    0.0
    51.835  -168.747   -0.0    0.1    0.0
    51.844  -168.747   -0.0    0.1    0.0
    51.853  -168.747   -0.0    0.1    0.0
    51.862  -168.747   -0.0    0.1    0.0
    51.871  -168.747   -0.0    0.1    0.0
    51.880  -168.747   -0.0    0.1    0.0
    51.889  -168.747   -0.0    0.1    0.0
    51.898  -168.747   -0.0    0.1    0.0
    51.907  -168.747   -0.0    0.1    0.0
    51.916  -168.747   -0.0    0.1    0.0
    51.925  -168.747   -0.0    0.1    0.0
    51.934  -168.747   -0.0    0.1    0.0
    51.943  -168.747   -0.0    0.1    0.0
    51.952  -168.747   -0.0    0.1    0.0
    51.961  -168.747   -0.0    0.1    0.0
    51.970  -168.747   -0.0    0.1    0.0
    51.979  -168.747   -0.0    0.1    0.0
    51.988  -168.747   -0.0    0.1    0.0
    51.997  -168.747   -0.0    0.1    0.0
    52.006  -168.747   -0.0    0.1    0.0
    52.015  -168.747   -0.0    0.1    0.0
    52.024  -168.747   -0.0    0.1    0.0
    52.033  -168.747   -0.0    0.1    0.0
    52.042  -168.747    0.0    0.1    0.0
    52.051  -168.747    0.0    0.1    0.0
    52.060  -168.747    0.0    0.1    0.0
    52.069  -168.747    0.0    0.1    0.0
    52.078  -168.747    0.0    0.1    0.0
    52.087  -168.747    0.0    0.0    0.0
    52.096  -168.747    0.0    0.0    0.0
    52.105  -168.747    0.0    0.0    0.0
    52.114  -168.747    0.1    0.0    0.0
    52.123  -168.747    0.1    0.0    0.0
    52.132  -168.747    0.1    0.0    0.0
    52.141  -168.747    0.1    0.0    0.0
    52.150  -168.747    0.1    0.0    0.0
    52.159  -168.747    0.1    0.0    0.0
    52.168  -168.747    0.1    0.0    0.0
    52.177  -168.747    0.1    0.0    0.0
    52.186  -168.747    0.1    0.0    0.0
    52.195  -168.747    0.1    0.0    0.0
    52.204  -168.747    0.1    0.0    0.0
    52.213  -168.747    0.1    0.0    0.0
    52.222  -168.747    0.1    0.0    0.0
    52.231  -168.747    0.1    0.0    0.0
    52.240  -168.747    0.1    0.0    0.0
    52.249  -168.747    0.1    0.0    0.0
    52.258  -168.747    0.2    0.0    0.0
    52.267  -168.747    0.2    0.0    0.0
    52.276  -168.747    0.2    0.1    0.0
    52.285  -168.747    0.2    0.1    0.0
    52.294  -168.747    0.2    0.1    0.0
    52.303  -168.747    0.2    0.1    0.0
    52.312  -168.747    0.2    0.1    0.0
    52.321  -168.747    0.2    0.1    0.0
    52.330  -168.747    0.2    0.1    0.0
    52.339  -168.747    0.2    0.1    0.0
    52.348  -168.747    0.2    0.1   -0.0
    52.357  -168.747    0.2    0.1   -0.0
    52.366  -168.747    0.2    0.1   -0.0
    52.375  -168.747    0.2    0.1   -0.0
    52.384  -168.747    0.2    0.1   -0.0
    52.393  -168.747    0.1    0.1   -0.0
    52.402  -168.747    0.1    0.1   -0.0
    52.411  -168.747    0.1    0.1   -0.0
    52.420  -168.747    0.1    0.1   -0.0
    52.429  -168.747    0.1    0.1   -0.0
    52.438  -168.747    0.1    0.1   -0.0
    52.447  -168.747    0.1    0.1   -0.0
    52.456  -168.747    0.1    0.1   -0.0
    52.465  -168.747    0.1    0.0   -0.0
    52.474  -168.747    0.1    0.0   -0.0
    52.483  -168.747    0.1    0.0   -0.0
    52.492  -168.747    0.1    0.0   -0.0
    52.501  -168.747    0.1    0.0   -0.0
    52.510  -168.747    0.1    0.0   -0.0
    52.519  -168.747    0.1    0.0   -0.0
    52.528  -168.747    0.1    0.0   -0.0
    52.537  -168.747    0.1    0.0   -0.0
    52.546  -168.747    0.1    0.0   -0.0
    52.555  -168.747    0.1    0.0   -0.0
    52.564  -168.747    0.0    0.0   -0.0
    52.573  -168.747    0.0    0.0   -0.0
    52.582  -168.747    0.0    0.0   -0.0
    52.591  -168.747    0.0    0.0   -0.0
    52.600  -168.747    0.0    0.0   -0.0
    52.609  -168.747    0.0   -0.0   -0.0
    52.618  -168.747    0.0   -0.0   -0.0
    52.627  -168.747    0.0   -0.0   -0.0
    52.636  -168.747    0.0   -0.0   -0.0
    52.645  -168.747    0.0   -0.0   -0.0
    52.654  -168.747    0.0   -0.0   -0.0
    52.663  -168.747    0.0   -0.0   -0.0
    52.672  -168.747    0.0   -0.0   -0.0
    51.771  -168.732   -0.0    0.1    0.0
    51.780  -168.732   -0.0    0.1    0.0
    51.789  -168.732   -0.0    0.1    0.0
    51.798  -168.732   -0.0    0.1    0.0
    51.808  -168.732   -0.0    0.1    0.0
    51.817  -168.732   -0.0    0.1    0.0
    51.826  -168.732   -0.0    0.1    0.0
    51.835  -168.732   -0.0    0.1    0.0
    51.844  -168.732   -0.0    0.1    0.0
    51.853  -168.732   -0.0    0.1    0.0
    51.862  -168.732   -0.0    0.1    0.0
    51.871  -168.732   -0.0    0.1    0.0
    51.880  -168.732   -0.0    0.1    0.0
    51.889  -168.732   -0.0    0.1    0.0
    51.898  -168.732   -0.0    0.1    0.0
    51.907  -168.732   -0.0    0.1    0.0
    51.916  -168.732   -0.0    0.1    0.0
    51.925  -168.732   -0.0    0.1    0.0
    51.934  -168.732   -0.0    0.1    0.0
    51.943  -168.732   -0.0    0.1    0.0
    51.952  -168.732   -0.0    0.1    0.0
    51.961  -168.732   -0.0    0.1    0.0
    51.970  -168.732   -0.0    0.1    0.0
    51.979  -168.732   -0.0    0.1    0.0
    51.988  -168.732   -0.0    0.1    0.0
    51.997  -168.732   -0.0    0.1    0.0
    52.006  -168.732   -0.0    0.1    0.0
    52.015  -168.732   -0.0    0.1    0.0
    52.024  -168.732   -0.0    0.1    0.0
    52.033  -168.732   -0.0    0.1    0.0
    52.042  -168.732    0.0    0.1    0.0
    52.051  -168.732    0.0    0.1    0.0
    52.060  -168.732    0.0    0.1    0.0
    52.069  -168.732    0.0    0.1    0.0
    52.078  -168.732    0.0    0.0    0.0
    52.087  -168.732    0.0    0.0    0.0
    52.096  -168.732    0.0    0.0    0.0
    52.105  -168.732    0.0    0.0    0.0
    52.114  -168.732    0.0    0.0    0.0
    52.123  -168.732    0.1    0.0    0.0
    52.132  -168.732    0.1    0.0    0.0
    52.141  -168.732    0.1    0.0    0.0
    52.150  -168.732    0.1    0.0    0.0
    52.159  -168.732    0.1    0.0    0.0
    52.168  -168.732    0.1    0.0    0.0
    52.177  -168.732    0.1    0.0    0.0
    52.186  -168.732    0.1    0.0    0.0
    52.195  -168.732    0.1    0.0    0.0
    52.204  -168.732    0.1    0.0    0.0
    52.213  -168.732    0.1    0.0    0.0
    52.222  -168.732    0.1    0.0    0.0
    52.231  -168.732    0.1    0.0    0.0
    52.240  -168.732    0.1    0.0    0.0
    52.249  -168.732    0.1    0.0    0.0
    52.258  -168.732    0.1    0.0    0.0
    52.267  -168.732    0.1    0.0    0.0
    52.276  -168.732    0.2    0.0    0.0
    52.285  -168.732    0.2    0.1    0.0
    52.294  -168.732    0.2    0.1    0.0
    52.303  -168.732    0.2    0.1    0.0
    52.312  -168.732    0.2    0.1    0.0
    52.321  -168.732    0.2    0.1    0.0
    52.330  -168.732    0.2    0.1    0.0
    52.339  -168.732    0.2    0.1    0.0
    52.348  -168.732    0.2    0.1   -0.0
    52.357  -168.732    0.2    0.1   -0.0
    52.366  -168.732    0.1    0.1   -0.0
    52.375  -168.732    0.1    0.1   -0.0
    52.384  -168.732    0.1    0.1   -0.0
    52.393  -168.732    0.1    0.1   -0.0
    52.402  -168.732    0.1    0.1   -0.0
    52.411  -168.732    0.1    0.1   -0.0
    52.420  -168.732    0.1    0.1   -0.0
    52.429  -168.732    0.1    0.1   -0.0
    52.438  -168.732    0.1    0.1   -0.0
    52.447  -168.732    0.1    0.1   -0.0
    52.456  -168.732    0.1    0.0   -0.0
    52.465  -168.732    0.1    0.0   -0.0
    52.474  -168.732    0.1    0.0   -0.0
    52.483  -168.732    0.1    0.0   -0.0
    52.492  -168.732    0.1    0.0   -0.0
    52.501  -168.732    0.1    0.0   -0.0
    52.510  -168.732    0.1    0.0   -0.0
    52.519  -168.732    0.1    0.0   -0.0
    52.528  -168.732    0.1    0.0   -0.0
    52.537  -168.732    0.1    0.0   -0.0
    52.546  -168.732    0.1    0.0   -0.0
    52.555  -168.732    0.1    0.0   -0.0
    52.564  -168.732    0.0    0.0   -0.0
    52.573  -168.732    0.0    0.0   -0.0
    52.582  -168.732    0.0    0.0   -0.0
    52.591  -168.732    0.0    0.0   -0.0
    52.600  -168.732    0.0    0.0   -0.0
    52.609  -168.732    0.0    0.0   -0.0
    52.618  -168.732    0.0   -0.0   -0.0
    52.627  -168.732    0.0   -0.0   -0.0
    52.636  -168.732    0.0   -0.0   -0.0
    52.645  -168.732    0.0   -0.0   -0.0
    52.654  -168.732    0.0   -0.0   -0.0
    52.663  -168.732    0.0   -0.0   -0.0
    52.672  -168.732    0.0   -0.0   -0.0
