 Lat    Lon    Disp_x_East(cm)   Disp_y_North(cm)   DispUp(cm)
    25.626   125.434    0.1    0.1    0.0
    25.635   125.434    0.1    0.1    0.0
    25.644   125.434    0.1    0.1    0.0
    25.653   125.434    0.1    0.1    0.0
    25.662   125.434    0.1    0.1    0.0
    25.671   125.434    0.1    0.1    0.0
    25.680   125.434    0.1    0.1    0.0
    25.689   125.434    0.1    0.1    0.0
    25.698   125.434    0.1    0.1    0.0
    25.707   125.434    0.1    0.1    0.0
    25.716   125.434    0.1    0.1    0.0
    25.725   125.434    0.1    0.1    0.0
    25.734   125.434    0.1    0.1    0.0
    25.743   125.434    0.1    0.1    0.0
    25.752   125.434    0.1    0.1    0.0
    25.761   125.434    0.1    0.1    0.0
    25.770   125.434    0.1    0.1    0.0
    25.779   125.434    0.1    0.1    0.0
    25.788   125.434    0.1    0.1    0.1
    25.797   125.434    0.1    0.1    0.1
    25.806   125.434    0.1    0.1    0.1
    25.815   125.434    0.1    0.1    0.1
    25.824   125.434    0.1    0.1    0.1
    25.833   125.434    0.1    0.1    0.1
    25.842   125.434    0.1    0.1    0.1
    25.851   125.434    0.0    0.1    0.1
    25.860   125.434    0.0    0.1    0.1
    25.869   125.434    0.0    0.1    0.1
    25.878   125.434   -0.0    0.1    0.1
    25.887   125.434   -0.0    0.1    0.1
    25.896   125.434   -0.0    0.1    0.1
    25.905   125.434   -0.0    0.1    0.1
    25.914   125.434   -0.1    0.1    0.1
    25.923   125.434   -0.1    0.1    0.1
    25.932   125.434   -0.1    0.1    0.1
    25.941   125.434   -0.1    0.1    0.1
    25.950   125.434   -0.1    0.1    0.1
    25.959   125.434   -0.1    0.1    0.1
    25.968   125.434   -0.1    0.2    0.1
    25.977   125.434   -0.1    0.2    0.1
    25.986   125.434   -0.2    0.2    0.1
    25.995   125.434   -0.2    0.2    0.1
    26.004   125.434   -0.2    0.2    0.1
    26.013   125.434   -0.2    0.2    0.1
    26.022   125.434   -0.2    0.2    0.1
    26.031   125.434   -0.2    0.2    0.1
    26.040   125.434   -0.2    0.2    0.1
    26.049   125.434   -0.2    0.2    0.1
    26.058   125.434   -0.2    0.2    0.1
    26.067   125.434   -0.2    0.2    0.1
    26.076   125.434   -0.2    0.2    0.1
    26.085   125.434   -0.2    0.2    0.1
    26.094   125.434   -0.2    0.2    0.1
    26.103   125.434   -0.2    0.2    0.1
    26.112   125.434   -0.2    0.2    0.1
    26.121   125.434   -0.2    0.2    0.1
    26.130   125.434   -0.2    0.2    0.0
    26.139   125.434   -0.2    0.2    0.0
    26.148   125.434   -0.2    0.2    0.0
    26.157   125.434   -0.2    0.2    0.0
    26.166   125.434   -0.2    0.2    0.0
    26.175   125.434   -0.2    0.2    0.0
    26.184   125.434   -0.2    0.2    0.0
    26.193   125.434   -0.2    0.2    0.0
    26.202   125.434   -0.2    0.2    0.0
    26.211   125.434   -0.2    0.2    0.0
    26.220   125.434   -0.2    0.2    0.0
    26.229   125.434   -0.2    0.2    0.0
    26.238   125.434   -0.2    0.2    0.0
    26.247   125.434   -0.2    0.2    0.0
    26.256   125.434   -0.2    0.2    0.0
    26.265   125.434   -0.2    0.2    0.0
    26.274   125.434   -0.2    0.2    0.0
    26.283   125.434   -0.2    0.2    0.0
    26.292   125.434   -0.2    0.2   -0.0
    26.301   125.434   -0.2    0.2   -0.0
    26.310   125.434   -0.2    0.2   -0.0
    26.319   125.434   -0.2    0.2   -0.0
    26.328   125.434   -0.1    0.2   -0.0
    26.337   125.434   -0.1    0.2   -0.0
    26.346   125.434   -0.1    0.2   -0.0
    26.355   125.434   -0.1    0.2   -0.0
    26.364   125.434   -0.1    0.1   -0.0
    26.373   125.434   -0.1    0.1   -0.0
    26.382   125.434   -0.1    0.1   -0.0
    26.391   125.434   -0.1    0.1   -0.0
    26.400   125.434   -0.1    0.1   -0.0
    26.409   125.434   -0.1    0.1   -0.0
    26.418   125.434   -0.1    0.1   -0.0
    26.427   125.434   -0.1    0.1   -0.0
    26.436   125.434   -0.1    0.1   -0.0
    26.445   125.434   -0.1    0.1   -0.0
    26.454   125.434   -0.1    0.1   -0.0
    26.463   125.434   -0.1    0.1   -0.0
    26.472   125.434   -0.1    0.1   -0.0
    26.481   125.434   -0.1    0.1   -0.0
    26.490   125.434   -0.1    0.1   -0.0
    26.499   125.434   -0.1    0.1   -0.0
    26.508   125.434   -0.1    0.1   -0.0
    26.517   125.434   -0.1    0.1   -0.0
    26.526   125.434   -0.1    0.1   -0.0
    25.626   125.444    0.1    0.1    0.0
    25.635   125.444    0.1    0.1    0.0
    25.644   125.444    0.1    0.1    0.0
    25.653   125.444    0.1    0.1    0.0
    25.662   125.444    0.1    0.1    0.0
    25.671   125.444    0.2    0.1    0.0
    25.680   125.444    0.2    0.1    0.0
    25.689   125.444    0.2    0.1    0.0
    25.698   125.444    0.2    0.1    0.0
    25.707   125.444    0.2    0.1    0.0
    25.716   125.444    0.2    0.1    0.0
    25.725   125.444    0.2    0.1    0.0
    25.734   125.444    0.1    0.1    0.0
    25.743   125.444    0.1    0.1    0.0
    25.752   125.444    0.1    0.1    0.0
    25.761   125.444    0.1    0.1    0.0
    25.770   125.444    0.1    0.1    0.0
    25.779   125.444    0.1    0.1    0.0
    25.788   125.444    0.1    0.1    0.1
    25.797   125.444    0.1    0.1    0.1
    25.806   125.444    0.1    0.1    0.1
    25.815   125.444    0.1    0.1    0.1
    25.824   125.444    0.1    0.1    0.1
    25.833   125.444    0.1    0.1    0.1
    25.842   125.444    0.1    0.1    0.1
    25.851   125.444    0.0    0.1    0.1
    25.860   125.444    0.0    0.1    0.1
    25.869   125.444    0.0    0.1    0.1
    25.878   125.444   -0.0    0.1    0.1
    25.887   125.444   -0.0    0.1    0.1
    25.896   125.444   -0.0    0.1    0.1
    25.905   125.444   -0.0    0.1    0.1
    25.914   125.444   -0.1    0.1    0.1
    25.923   125.444   -0.1    0.1    0.1
    25.932   125.444   -0.1    0.1    0.1
    25.941   125.444   -0.1    0.1    0.1
    25.950   125.444   -0.1    0.2    0.1
    25.959   125.444   -0.1    0.2    0.1
    25.968   125.444   -0.1    0.2    0.1
    25.977   125.444   -0.2    0.2    0.1
    25.986   125.444   -0.2    0.2    0.1
    25.995   125.444   -0.2    0.2    0.1
    26.004   125.444   -0.2    0.2    0.1
    26.013   125.444   -0.2    0.2    0.1
    26.022   125.444   -0.2    0.2    0.1
    26.031   125.444   -0.2    0.2    0.1
    26.040   125.444   -0.2    0.2    0.1
    26.049   125.444   -0.2    0.2    0.1
    26.058   125.444   -0.2    0.2    0.1
    26.067   125.444   -0.2    0.2    0.1
    26.076   125.444   -0.2    0.2    0.1
    26.085   125.444   -0.2    0.2    0.1
    26.094   125.444   -0.2    0.2    0.1
    26.103   125.444   -0.2    0.2    0.1
    26.112   125.444   -0.2    0.2    0.1
    26.121   125.444   -0.2    0.2    0.1
    26.130   125.444   -0.2    0.2    0.1
    26.139   125.444   -0.2    0.2    0.0
    26.148   125.444   -0.2    0.2    0.0
    26.157   125.444   -0.2    0.2    0.0
    26.166   125.444   -0.2    0.2    0.0
    26.175   125.444   -0.2    0.2    0.0
    26.184   125.444   -0.2    0.2    0.0
    26.193   125.444   -0.2    0.2    0.0
    26.202   125.444   -0.2    0.2    0.0
    26.211   125.444   -0.2    0.2    0.0
    26.220   125.444   -0.2    0.2    0.0
    26.229   125.444   -0.2    0.2    0.0
    26.238   125.444   -0.2    0.2    0.0
    26.247   125.444   -0.2    0.2    0.0
    26.256   125.444   -0.2    0.2    0.0
    26.265   125.444   -0.2    0.2    0.0
    26.274   125.444   -0.2    0.2    0.0
    26.283   125.444   -0.2    0.2    0.0
    26.292   125.444   -0.2    0.2   -0.0
    26.301   125.444   -0.2    0.2   -0.0
    26.310   125.444   -0.2    0.2   -0.0
    26.319   125.444   -0.2    0.2   -0.0
    26.328   125.444   -0.1    0.2   -0.0
    26.337   125.444   -0.1    0.2   -0.0
    26.346   125.444   -0.1    0.2   -0.0
    26.355   125.444   -0.1    0.2   -0.0
    26.364   125.444   -0.1    0.2   -0.0
    26.373   125.444   -0.1    0.1   -0.0
    26.382   125.444   -0.1    0.1   -0.0
    26.391   125.444   -0.1    0.1   -0.0
    26.400   125.444   -0.1    0.1   -0.0
    26.409   125.444   -0.1    0.1   -0.0
    26.418   125.444   -0.1    0.1   -0.0
    26.427   125.444   -0.1    0.1   -0.0
    26.436   125.444   -0.1    0.1   -0.0
    26.445   125.444   -0.1    0.1   -0.0
    26.454   125.444   -0.1    0.1   -0.0
    26.463   125.444   -0.1    0.1   -0.0
    26.472   125.444   -0.1    0.1   -0.0
    26.481   125.444   -0.1    0.1   -0.0
    26.490   125.444   -0.1    0.1   -0.0
    26.499   125.444   -0.1    0.1   -0.0
    26.508   125.444   -0.1    0.1   -0.0
    26.517   125.444   -0.1    0.1   -0.0
    26.526   125.444   -0.1    0.1   -0.0
    25.626   125.454    0.1    0.1    0.0
    25.635   125.454    0.1    0.1    0.0
    25.644   125.454    0.1    0.1    0.0
    25.653   125.454    0.2    0.1    0.0
    25.662   125.454    0.2    0.1    0.0
    25.671   125.454    0.2    0.1    0.0
    25.680   125.454    0.2    0.1    0.0
    25.689   125.454    0.2    0.1    0.0
    25.698   125.454    0.2    0.1    0.0
    25.707   125.454    0.2    0.1    0.0
    25.716   125.454    0.2    0.1    0.0
    25.725   125.454    0.2    0.1    0.0
    25.734   125.454    0.2    0.1    0.0
    25.743   125.454    0.2    0.1    0.0
    25.752   125.454    0.2    0.1    0.0
    25.761   125.454    0.1    0.1    0.0
    25.770   125.454    0.1    0.1    0.0
    25.779   125.454    0.1    0.1    0.1
    25.788   125.454    0.1    0.1    0.1
    25.797   125.454    0.1    0.1    0.1
    25.806   125.454    0.1    0.1    0.1
    25.815   125.454    0.1    0.1    0.1
    25.824   125.454    0.1    0.1    0.1
    25.833   125.454    0.1    0.1    0.1
    25.842   125.454    0.1    0.1    0.1
    25.851   125.454    0.0    0.1    0.1
    25.860   125.454    0.0    0.1    0.1
    25.869   125.454    0.0    0.1    0.1
    25.878   125.454   -0.0    0.1    0.1
    25.887   125.454   -0.0    0.1    0.1
    25.896   125.454   -0.0    0.1    0.1
    25.905   125.454   -0.0    0.1    0.1
    25.914   125.454   -0.1    0.1    0.1
    25.923   125.454   -0.1    0.1    0.1
    25.932   125.454   -0.1    0.1    0.1
    25.941   125.454   -0.1    0.2    0.1
    25.950   125.454   -0.1    0.2    0.1
    25.959   125.454   -0.1    0.2    0.1
    25.968   125.454   -0.1    0.2    0.1
    25.977   125.454   -0.2    0.2    0.1
    25.986   125.454   -0.2    0.2    0.1
    25.995   125.454   -0.2    0.2    0.1
    26.004   125.454   -0.2    0.2    0.1
    26.013   125.454   -0.2    0.2    0.1
    26.022   125.454   -0.2    0.2    0.1
    26.031   125.454   -0.2    0.2    0.1
    26.040   125.454   -0.2    0.2    0.1
    26.049   125.454   -0.2    0.2    0.1
    26.058   125.454   -0.2    0.2    0.1
    26.067   125.454   -0.2    0.2    0.1
    26.076   125.454   -0.2    0.2    0.1
    26.085   125.454   -0.2    0.2    0.1
    26.094   125.454   -0.2    0.2    0.1
    26.103   125.454   -0.2    0.2    0.1
    26.112   125.454   -0.2    0.2    0.1
    26.121   125.454   -0.2    0.2    0.1
    26.130   125.454   -0.2    0.2    0.1
    26.139   125.454   -0.2    0.2    0.1
    26.148   125.454   -0.2    0.2    0.0
    26.157   125.454   -0.2    0.2    0.0
    26.166   125.454   -0.2    0.2    0.0
    26.175   125.454   -0.2    0.2    0.0
    26.184   125.454   -0.2    0.2    0.0
    26.193   125.454   -0.2    0.2    0.0
    26.202   125.454   -0.2    0.2    0.0
    26.211   125.454   -0.2    0.2    0.0
    26.220   125.454   -0.2    0.2    0.0
    26.229   125.454   -0.2    0.2    0.0
    26.238   125.454   -0.2    0.2    0.0
    26.247   125.454   -0.2    0.2    0.0
    26.256   125.454   -0.2    0.2    0.0
    26.265   125.454   -0.2    0.2    0.0
    26.274   125.454   -0.2    0.2    0.0
    26.283   125.454   -0.2    0.2    0.0
    26.292   125.454   -0.2    0.2   -0.0
    26.301   125.454   -0.2    0.2   -0.0
    26.310   125.454   -0.2    0.2   -0.0
    26.319   125.454   -0.2    0.2   -0.0
    26.328   125.454   -0.2    0.2   -0.0
    26.337   125.454   -0.1    0.2   -0.0
    26.346   125.454   -0.1    0.2   -0.0
    26.355   125.454   -0.1    0.2   -0.0
    26.364   125.454   -0.1    0.2   -0.0
    26.373   125.454   -0.1    0.2   -0.0
    26.382   125.454   -0.1    0.1   -0.0
    26.391   125.454   -0.1    0.1   -0.0
    26.400   125.454   -0.1    0.1   -0.0
    26.409   125.454   -0.1    0.1   -0.0
    26.418   125.454   -0.1    0.1   -0.0
    26.427   125.454   -0.1    0.1   -0.0
    26.436   125.454   -0.1    0.1   -0.0
    26.445   125.454   -0.1    0.1   -0.0
    26.454   125.454   -0.1    0.1   -0.0
    26.463   125.454   -0.1    0.1   -0.0
    26.472   125.454   -0.1    0.1   -0.0
    26.481   125.454   -0.1    0.1   -0.0
    26.490   125.454   -0.1    0.1   -0.0
    26.499   125.454   -0.1    0.1   -0.0
    26.508   125.454   -0.1    0.1   -0.0
    26.517   125.454   -0.1    0.1   -0.0
    26.526   125.454   -0.1    0.1   -0.0
    25.626   125.464    0.1    0.1    0.0
    25.635   125.464    0.1    0.1    0.0
    25.644   125.464    0.2    0.1    0.0
    25.653   125.464    0.2    0.1    0.0
    25.662   125.464    0.2    0.1    0.0
    25.671   125.464    0.2    0.1    0.0
    25.680   125.464    0.2    0.1    0.0
    25.689   125.464    0.2    0.1    0.0
    25.698   125.464    0.2    0.1    0.0
    25.707   125.464    0.2    0.1    0.0
    25.716   125.464    0.2    0.1    0.0
    25.725   125.464    0.2    0.1    0.0
    25.734   125.464    0.2    0.1    0.0
    25.743   125.464    0.2    0.1    0.0
    25.752   125.464    0.2    0.1    0.0
    25.761   125.464    0.2    0.1    0.0
    25.770   125.464    0.1    0.1    0.0
    25.779   125.464    0.1    0.1    0.1
    25.788   125.464    0.1    0.1    0.1
    25.797   125.464    0.1    0.1    0.1
    25.806   125.464    0.1    0.1    0.1
    25.815   125.464    0.1    0.1    0.1
    25.824   125.464    0.1    0.1    0.1
    25.833   125.464    0.1    0.1    0.1
    25.842   125.464    0.1    0.1    0.1
    25.851   125.464    0.1    0.1    0.1
    25.860   125.464    0.0    0.1    0.1
    25.869   125.464    0.0    0.1    0.1
    25.878   125.464    0.0    0.1    0.1
    25.887   125.464   -0.0    0.1    0.1
    25.896   125.464   -0.0    0.1    0.1
    25.905   125.464   -0.0    0.1    0.1
    25.914   125.464   -0.1    0.1    0.1
    25.923   125.464   -0.1    0.2    0.1
    25.932   125.464   -0.1    0.2    0.1
    25.941   125.464   -0.1    0.2    0.1
    25.950   125.464   -0.1    0.2    0.1
    25.959   125.464   -0.1    0.2    0.1
    25.968   125.464   -0.2    0.2    0.1
    25.977   125.464   -0.2    0.2    0.1
    25.986   125.464   -0.2    0.2    0.1
    25.995   125.464   -0.2    0.2    0.1
    26.004   125.464   -0.2    0.2    0.1
    26.013   125.464   -0.2    0.2    0.1
    26.022   125.464   -0.2    0.2    0.1
    26.031   125.464   -0.2    0.2    0.1
    26.040   125.464   -0.2    0.2    0.1
    26.049   125.464   -0.2    0.2    0.1
    26.058   125.464   -0.2    0.2    0.1
    26.067   125.464   -0.2    0.2    0.1
    26.076   125.464   -0.2    0.2    0.1
    26.085   125.464   -0.2    0.2    0.1
    26.094   125.464   -0.2    0.2    0.1
    26.103   125.464   -0.2    0.2    0.1
    26.112   125.464   -0.2    0.2    0.1
    26.121   125.464   -0.2    0.2    0.1
    26.130   125.464   -0.2    0.2    0.1
    26.139   125.464   -0.2    0.2    0.1
    26.148   125.464   -0.2    0.2    0.0
    26.157   125.464   -0.2    0.2    0.0
    26.166   125.464   -0.2    0.2    0.0
    26.175   125.464   -0.2    0.2    0.0
    26.184   125.464   -0.2    0.2    0.0
    26.193   125.464   -0.2    0.2    0.0
    26.202   125.464   -0.2    0.2    0.0
    26.211   125.464   -0.2    0.2    0.0
    26.220   125.464   -0.2    0.2    0.0
    26.229   125.464   -0.2    0.2    0.0
    26.238   125.464   -0.2    0.2    0.0
    26.247   125.464   -0.2    0.2    0.0
    26.256   125.464   -0.2    0.2    0.0
    26.265   125.464   -0.2    0.2    0.0
    26.274   125.464   -0.2    0.2    0.0
    26.283   125.464   -0.2    0.2    0.0
    26.292   125.464   -0.2    0.2   -0.0
    26.301   125.464   -0.2    0.2   -0.0
    26.310   125.464   -0.2    0.2   -0.0
    26.319   125.464   -0.2    0.2   -0.0
    26.328   125.464   -0.2    0.2   -0.0
    26.337   125.464   -0.1    0.2   -0.0
    26.346   125.464   -0.1    0.2   -0.0
    26.355   125.464   -0.1    0.2   -0.0
    26.364   125.464   -0.1    0.2   -0.0
    26.373   125.464   -0.1    0.2   -0.0
    26.382   125.464   -0.1    0.1   -0.0
    26.391   125.464   -0.1    0.1   -0.0
    26.400   125.464   -0.1    0.1   -0.0
    26.409   125.464   -0.1    0.1   -0.0
    26.418   125.464   -0.1    0.1   -0.0
    26.427   125.464   -0.1    0.1   -0.0
    26.436   125.464   -0.1    0.1   -0.0
    26.445   125.464   -0.1    0.1   -0.0
    26.454   125.464   -0.1    0.1   -0.0
    26.463   125.464   -0.1    0.1   -0.0
    26.472   125.464   -0.1    0.1   -0.0
    26.481   125.464   -0.1    0.1   -0.0
    26.490   125.464   -0.1    0.1   -0.0
    26.499   125.464   -0.1    0.1   -0.0
    26.508   125.464   -0.1    0.1   -0.0
    26.517   125.464   -0.1    0.1   -0.0
    26.526   125.464   -0.1    0.1   -0.0
    25.626   125.474    0.1    0.1    0.0
    25.635   125.474    0.2    0.1    0.0
    25.644   125.474    0.2    0.1    0.0
    25.653   125.474    0.2    0.1    0.0
    25.662   125.474    0.2    0.2    0.0
    25.671   125.474    0.2    0.2    0.0
    25.680   125.474    0.2    0.2    0.0
    25.689   125.474    0.2    0.2    0.0
    25.698   125.474    0.2    0.2    0.0
    25.707   125.474    0.2    0.2    0.0
    25.716   125.474    0.2    0.2    0.0
    25.725   125.474    0.2    0.2    0.0
    25.734   125.474    0.2    0.2    0.0
    25.743   125.474    0.2    0.2    0.0
    25.752   125.474    0.2    0.2    0.0
    25.761   125.474    0.2    0.2    0.0
    25.770   125.474    0.2    0.1    0.0
    25.779   125.474    0.2    0.1    0.1
    25.788   125.474    0.1    0.1    0.1
    25.797   125.474    0.1    0.1    0.1
    25.806   125.474    0.1    0.1    0.1
    25.815   125.474    0.1    0.1    0.1
    25.824   125.474    0.1    0.1    0.1
    25.833   125.474    0.1    0.1    0.1
    25.842   125.474    0.1    0.1    0.1
    25.851   125.474    0.1    0.1    0.1
    25.860   125.474    0.0    0.1    0.1
    25.869   125.474    0.0    0.1    0.1
    25.878   125.474    0.0    0.1    0.1
    25.887   125.474   -0.0    0.1    0.1
    25.896   125.474   -0.0    0.1    0.1
    25.905   125.474   -0.1    0.2    0.1
    25.914   125.474   -0.1    0.2    0.1
    25.923   125.474   -0.1    0.2    0.1
    25.932   125.474   -0.1    0.2    0.1
    25.941   125.474   -0.1    0.2    0.1
    25.950   125.474   -0.1    0.2    0.1
    25.959   125.474   -0.1    0.2    0.1
    25.968   125.474   -0.2    0.2    0.1
    25.977   125.474   -0.2    0.2    0.1
    25.986   125.474   -0.2    0.2    0.1
    25.995   125.474   -0.2    0.2    0.1
    26.004   125.474   -0.2    0.2    0.1
    26.013   125.474   -0.2    0.2    0.1
    26.022   125.474   -0.2    0.2    0.1
    26.031   125.474   -0.2    0.2    0.1
    26.040   125.474   -0.2    0.2    0.1
    26.049   125.474   -0.2    0.2    0.1
    26.058   125.474   -0.2    0.2    0.1
    26.067   125.474   -0.2    0.2    0.1
    26.076   125.474   -0.2    0.2    0.1
    26.085   125.474   -0.2    0.2    0.1
    26.094   125.474   -0.3    0.2    0.1
    26.103   125.474   -0.3    0.3    0.1
    26.112   125.474   -0.3    0.3    0.1
    26.121   125.474   -0.3    0.3    0.1
    26.130   125.474   -0.3    0.3    0.1
    26.139   125.474   -0.3    0.3    0.1
    26.148   125.474   -0.3    0.2    0.1
    26.157   125.474   -0.2    0.2    0.0
    26.166   125.474   -0.2    0.2    0.0
    26.175   125.474   -0.2    0.2    0.0
    26.184   125.474   -0.2    0.2    0.0
    26.193   125.474   -0.2    0.2    0.0
    26.202   125.474   -0.2    0.2    0.0
    26.211   125.474   -0.2    0.2    0.0
    26.220   125.474   -0.2    0.2    0.0
    26.229   125.474   -0.2    0.2    0.0
    26.238   125.474   -0.2    0.2    0.0
    26.247   125.474   -0.2    0.2    0.0
    26.256   125.474   -0.2    0.2    0.0
    26.265   125.474   -0.2    0.2    0.0
    26.274   125.474   -0.2    0.2    0.0
    26.283   125.474   -0.2    0.2    0.0
    26.292   125.474   -0.2    0.2   -0.0
    26.301   125.474   -0.2    0.2   -0.0
    26.310   125.474   -0.2    0.2   -0.0
    26.319   125.474   -0.2    0.2   -0.0
    26.328   125.474   -0.2    0.2   -0.0
    26.337   125.474   -0.1    0.2   -0.0
    26.346   125.474   -0.1    0.2   -0.0
    26.355   125.474   -0.1    0.2   -0.0
    26.364   125.474   -0.1    0.2   -0.0
    26.373   125.474   -0.1    0.2   -0.0
    26.382   125.474   -0.1    0.1   -0.0
    26.391   125.474   -0.1    0.1   -0.0
    26.400   125.474   -0.1    0.1   -0.0
    26.409   125.474   -0.1    0.1   -0.0
    26.418   125.474   -0.1    0.1   -0.0
    26.427   125.474   -0.1    0.1   -0.0
    26.436   125.474   -0.1    0.1   -0.0
    26.445   125.474   -0.1    0.1   -0.0
    26.454   125.474   -0.1    0.1   -0.0
    26.463   125.474   -0.1    0.1   -0.0
    26.472   125.474   -0.1    0.1   -0.0
    26.481   125.474   -0.1    0.1   -0.0
    26.490   125.474   -0.1    0.1   -0.0
    26.499   125.474   -0.1    0.1   -0.0
    26.508   125.474   -0.1    0.1   -0.0
    26.517   125.474   -0.1    0.1   -0.0
    26.526   125.474   -0.1    0.1   -0.0
    25.626   125.484    0.2    0.1    0.0
    25.635   125.484    0.2    0.1    0.0
    25.644   125.484    0.2    0.2    0.0
    25.653   125.484    0.2    0.2    0.0
    25.662   125.484    0.2    0.2    0.0
    25.671   125.484    0.2    0.2    0.0
    25.680   125.484    0.2    0.2    0.0
    25.689   125.484    0.2    0.2    0.0
    25.698   125.484    0.2    0.2    0.0
    25.707   125.484    0.2    0.2    0.0
    25.716   125.484    0.2    0.2    0.0
    25.725   125.484    0.2    0.2    0.0
    25.734   125.484    0.2    0.2    0.0
    25.743   125.484    0.2    0.2    0.0
    25.752   125.484    0.2    0.2    0.0
    25.761   125.484    0.2    0.2    0.0
    25.770   125.484    0.2    0.2    0.1
    25.779   125.484    0.2    0.2    0.1
    25.788   125.484    0.2    0.2    0.1
    25.797   125.484    0.1    0.2    0.1
    25.806   125.484    0.1    0.1    0.1
    25.815   125.484    0.1    0.1    0.1
    25.824   125.484    0.1    0.1    0.1
    25.833   125.484    0.1    0.1    0.1
    25.842   125.484    0.1    0.1    0.1
    25.851   125.484    0.1    0.1    0.1
    25.860   125.484    0.0    0.1    0.1
    25.869   125.484    0.0    0.1    0.1
    25.878   125.484    0.0    0.1    0.1
    25.887   125.484   -0.0    0.2    0.1
    25.896   125.484   -0.0    0.2    0.1
    25.905   125.484   -0.1    0.2    0.1
    25.914   125.484   -0.1    0.2    0.1
    25.923   125.484   -0.1    0.2    0.1
    25.932   125.484   -0.1    0.2    0.1
    25.941   125.484   -0.1    0.2    0.1
    25.950   125.484   -0.1    0.2    0.1
    25.959   125.484   -0.2    0.2    0.1
    25.968   125.484   -0.2    0.2    0.1
    25.977   125.484   -0.2    0.2    0.1
    25.986   125.484   -0.2    0.2    0.1
    25.995   125.484   -0.2    0.2    0.1
    26.004   125.484   -0.2    0.2    0.1
    26.013   125.484   -0.2    0.2    0.1
    26.022   125.484   -0.2    0.2    0.1
    26.031   125.484   -0.2    0.2    0.1
    26.040   125.484   -0.2    0.2    0.1
    26.049   125.484   -0.2    0.3    0.1
    26.058   125.484   -0.2    0.3    0.1
    26.067   125.484   -0.3    0.3    0.1
    26.076   125.484   -0.3    0.3    0.1
    26.085   125.484   -0.3    0.3    0.1
    26.094   125.484   -0.3    0.3    0.1
    26.103   125.484   -0.3    0.3    0.1
    26.112   125.484   -0.3    0.3    0.1
    26.121   125.484   -0.3    0.3    0.1
    26.130   125.484   -0.3    0.3    0.1
    26.139   125.484   -0.3    0.3    0.1
    26.148   125.484   -0.3    0.3    0.1
    26.157   125.484   -0.3    0.3    0.0
    26.166   125.484   -0.3    0.3    0.0
    26.175   125.484   -0.3    0.3    0.0
    26.184   125.484   -0.2    0.3    0.0
    26.193   125.484   -0.2    0.2    0.0
    26.202   125.484   -0.2    0.2    0.0
    26.211   125.484   -0.2    0.2    0.0
    26.220   125.484   -0.2    0.2    0.0
    26.229   125.484   -0.2    0.2    0.0
    26.238   125.484   -0.2    0.2    0.0
    26.247   125.484   -0.2    0.2    0.0
    26.256   125.484   -0.2    0.2    0.0
    26.265   125.484   -0.2    0.2    0.0
    26.274   125.484   -0.2    0.2    0.0
    26.283   125.484   -0.2    0.2    0.0
    26.292   125.484   -0.2    0.2   -0.0
    26.301   125.484   -0.2    0.2   -0.0
    26.310   125.484   -0.2    0.2   -0.0
    26.319   125.484   -0.2    0.2   -0.0
    26.328   125.484   -0.2    0.2   -0.0
    26.337   125.484   -0.1    0.2   -0.0
    26.346   125.484   -0.1    0.2   -0.0
    26.355   125.484   -0.1    0.2   -0.0
    26.364   125.484   -0.1    0.2   -0.0
    26.373   125.484   -0.1    0.2   -0.0
    26.382   125.484   -0.1    0.2   -0.0
    26.391   125.484   -0.1    0.1   -0.0
    26.400   125.484   -0.1    0.1   -0.0
    26.409   125.484   -0.1    0.1   -0.0
    26.418   125.484   -0.1    0.1   -0.0
    26.427   125.484   -0.1    0.1   -0.0
    26.436   125.484   -0.1    0.1   -0.0
    26.445   125.484   -0.1    0.1   -0.0
    26.454   125.484   -0.1    0.1   -0.0
    26.463   125.484   -0.1    0.1   -0.0
    26.472   125.484   -0.1    0.1   -0.0
    26.481   125.484   -0.1    0.1   -0.0
    26.490   125.484   -0.1    0.1   -0.0
    26.499   125.484   -0.1    0.1   -0.0
    26.508   125.484   -0.1    0.1   -0.0
    26.517   125.484   -0.1    0.1   -0.0
    26.526   125.484   -0.1    0.1   -0.0
    25.626   125.494    0.2    0.2    0.0
    25.635   125.494    0.2    0.2    0.0
    25.644   125.494    0.2    0.2    0.0
    25.653   125.494    0.2    0.2    0.0
    25.662   125.494    0.2    0.2    0.0
    25.671   125.494    0.2    0.2    0.0
    25.680   125.494    0.2    0.2    0.0
    25.689   125.494    0.2    0.2    0.0
    25.698   125.494    0.2    0.2    0.0
    25.707   125.494    0.2    0.2    0.0
    25.716   125.494    0.2    0.2    0.0
    25.725   125.494    0.2    0.2    0.0
    25.734   125.494    0.2    0.2    0.0
    25.743   125.494    0.2    0.2    0.0
    25.752   125.494    0.2    0.2    0.0
    25.761   125.494    0.2    0.2    0.0
    25.770   125.494    0.2    0.2    0.1
    25.779   125.494    0.2    0.2    0.1
    25.788   125.494    0.2    0.2    0.1
    25.797   125.494    0.2    0.2    0.1
    25.806   125.494    0.1    0.2    0.1
    25.815   125.494    0.1    0.2    0.1
    25.824   125.494    0.1    0.2    0.1
    25.833   125.494    0.1    0.2    0.1
    25.842   125.494    0.1    0.1    0.1
    25.851   125.494    0.1    0.1    0.1
    25.860   125.494    0.0    0.2    0.1
    25.869   125.494    0.0    0.2    0.1
    25.878   125.494    0.0    0.2    0.1
    25.887   125.494   -0.0    0.2    0.1
    25.896   125.494   -0.0    0.2    0.1
    25.905   125.494   -0.1    0.2    0.1
    25.914   125.494   -0.1    0.2    0.1
    25.923   125.494   -0.1    0.2    0.1
    25.932   125.494   -0.1    0.2    0.1
    25.941   125.494   -0.1    0.2    0.1
    25.950   125.494   -0.1    0.2    0.1
    25.959   125.494   -0.2    0.2    0.1
    25.968   125.494   -0.2    0.2    0.1
    25.977   125.494   -0.2    0.2    0.1
    25.986   125.494   -0.2    0.2    0.1
    25.995   125.494   -0.2    0.2    0.1
    26.004   125.494   -0.2    0.2    0.1
    26.013   125.494   -0.2    0.2    0.1
    26.022   125.494   -0.2    0.3    0.1
    26.031   125.494   -0.2    0.3    0.1
    26.040   125.494   -0.2    0.3    0.1
    26.049   125.494   -0.2    0.3    0.1
    26.058   125.494   -0.3    0.3    0.1
    26.067   125.494   -0.3    0.3    0.1
    26.076   125.494   -0.3    0.3    0.1
    26.085   125.494   -0.3    0.3    0.1
    26.094   125.494   -0.3    0.3    0.1
    26.103   125.494   -0.3    0.3    0.1
    26.112   125.494   -0.3    0.3    0.1
    26.121   125.494   -0.3    0.3    0.1
    26.130   125.494   -0.3    0.3    0.1
    26.139   125.494   -0.3    0.3    0.1
    26.148   125.494   -0.3    0.3    0.1
    26.157   125.494   -0.3    0.3    0.1
    26.166   125.494   -0.3    0.3    0.0
    26.175   125.494   -0.3    0.3    0.0
    26.184   125.494   -0.3    0.3    0.0
    26.193   125.494   -0.2    0.3    0.0
    26.202   125.494   -0.2    0.3    0.0
    26.211   125.494   -0.2    0.3    0.0
    26.220   125.494   -0.2    0.2    0.0
    26.229   125.494   -0.2    0.2    0.0
    26.238   125.494   -0.2    0.2    0.0
    26.247   125.494   -0.2    0.2    0.0
    26.256   125.494   -0.2    0.2    0.0
    26.265   125.494   -0.2    0.2    0.0
    26.274   125.494   -0.2    0.2    0.0
    26.283   125.494   -0.2    0.2    0.0
    26.292   125.494   -0.2    0.2   -0.0
    26.301   125.494   -0.2    0.2   -0.0
    26.310   125.494   -0.2    0.2   -0.0
    26.319   125.494   -0.2    0.2   -0.0
    26.328   125.494   -0.2    0.2   -0.0
    26.337   125.494   -0.1    0.2   -0.0
    26.346   125.494   -0.1    0.2   -0.0
    26.355   125.494   -0.1    0.2   -0.0
    26.364   125.494   -0.1    0.2   -0.0
    26.373   125.494   -0.1    0.2   -0.0
    26.382   125.494   -0.1    0.2   -0.0
    26.391   125.494   -0.1    0.1   -0.0
    26.400   125.494   -0.1    0.1   -0.0
    26.409   125.494   -0.1    0.1   -0.0
    26.418   125.494   -0.1    0.1   -0.0
    26.427   125.494   -0.1    0.1   -0.0
    26.436   125.494   -0.1    0.1   -0.0
    26.445   125.494   -0.1    0.1   -0.0
    26.454   125.494   -0.1    0.1   -0.0
    26.463   125.494   -0.1    0.1   -0.0
    26.472   125.494   -0.1    0.1   -0.0
    26.481   125.494   -0.1    0.1   -0.0
    26.490   125.494   -0.1    0.1   -0.0
    26.499   125.494   -0.1    0.1   -0.0
    26.508   125.494   -0.1    0.1   -0.0
    26.517   125.494   -0.1    0.1   -0.0
    26.526   125.494   -0.1    0.1   -0.0
    25.626   125.504    0.2    0.2    0.0
    25.635   125.504    0.2    0.2    0.0
    25.644   125.504    0.2    0.2    0.0
    25.653   125.504    0.2    0.2    0.0
    25.662   125.504    0.2    0.2    0.0
    25.671   125.504    0.2    0.2    0.0
    25.680   125.504    0.2    0.2    0.0
    25.689   125.504    0.2    0.2    0.0
    25.698   125.504    0.2    0.2    0.0
    25.707   125.504    0.2    0.2    0.0
    25.716   125.504    0.2    0.2    0.0
    25.725   125.504    0.2    0.2    0.0
    25.734   125.504    0.2    0.2    0.0
    25.743   125.504    0.2    0.2    0.0
    25.752   125.504    0.2    0.2    0.0
    25.761   125.504    0.2    0.2    0.0
    25.770   125.504    0.2    0.2    0.1
    25.779   125.504    0.2    0.2    0.1
    25.788   125.504    0.2    0.2    0.1
    25.797   125.504    0.2    0.2    0.1
    25.806   125.504    0.2    0.2    0.1
    25.815   125.504    0.1    0.2    0.1
    25.824   125.504    0.1    0.2    0.1
    25.833   125.504    0.1    0.2    0.1
    25.842   125.504    0.1    0.2    0.1
    25.851   125.504    0.1    0.2    0.1
    25.860   125.504    0.1    0.2    0.1
    25.869   125.504    0.0    0.2    0.1
    25.878   125.504    0.0    0.2    0.1
    25.887   125.504   -0.0    0.2    0.1
    25.896   125.504   -0.0    0.2    0.1
    25.905   125.504   -0.1    0.2    0.1
    25.914   125.504   -0.1    0.2    0.1
    25.923   125.504   -0.1    0.2    0.1
    25.932   125.504   -0.1    0.2    0.1
    25.941   125.504   -0.1    0.2    0.1
    25.950   125.504   -0.1    0.2    0.1
    25.959   125.504   -0.2    0.2    0.1
    25.968   125.504   -0.2    0.2    0.2
    25.977   125.504   -0.2    0.2    0.2
    25.986   125.504   -0.2    0.2    0.2
    25.995   125.504   -0.2    0.3    0.1
    26.004   125.504   -0.2    0.3    0.1
    26.013   125.504   -0.2    0.3    0.1
    26.022   125.504   -0.2    0.3    0.1
    26.031   125.504   -0.2    0.3    0.1
    26.040   125.504   -0.2    0.3    0.1
    26.049   125.504   -0.3    0.3    0.1
    26.058   125.504   -0.3    0.3    0.1
    26.067   125.504   -0.3    0.3    0.1
    26.076   125.504   -0.3    0.3    0.1
    26.085   125.504   -0.3    0.3    0.1
    26.094   125.504   -0.3    0.3    0.1
    26.103   125.504   -0.3    0.3    0.1
    26.112   125.504   -0.3    0.3    0.1
    26.121   125.504   -0.3    0.3    0.1
    26.130   125.504   -0.3    0.3    0.1
    26.139   125.504   -0.3    0.3    0.1
    26.148   125.504   -0.3    0.3    0.1
    26.157   125.504   -0.3    0.3    0.1
    26.166   125.504   -0.3    0.3    0.0
    26.175   125.504   -0.3    0.3    0.0
    26.184   125.504   -0.3    0.3    0.0
    26.193   125.504   -0.3    0.3    0.0
    26.202   125.504   -0.2    0.3    0.0
    26.211   125.504   -0.2    0.3    0.0
    26.220   125.504   -0.2    0.3    0.0
    26.229   125.504   -0.2    0.3    0.0
    26.238   125.504   -0.2    0.2    0.0
    26.247   125.504   -0.2    0.2    0.0
    26.256   125.504   -0.2    0.2    0.0
    26.265   125.504   -0.2    0.2    0.0
    26.274   125.504   -0.2    0.2    0.0
    26.283   125.504   -0.2    0.2    0.0
    26.292   125.504   -0.2    0.2   -0.0
    26.301   125.504   -0.2    0.2   -0.0
    26.310   125.504   -0.2    0.2   -0.0
    26.319   125.504   -0.2    0.2   -0.0
    26.328   125.504   -0.2    0.2   -0.0
    26.337   125.504   -0.1    0.2   -0.0
    26.346   125.504   -0.1    0.2   -0.0
    26.355   125.504   -0.1    0.2   -0.0
    26.364   125.504   -0.1    0.2   -0.0
    26.373   125.504   -0.1    0.2   -0.0
    26.382   125.504   -0.1    0.2   -0.0
    26.391   125.504   -0.1    0.1   -0.0
    26.400   125.504   -0.1    0.1   -0.0
    26.409   125.504   -0.1    0.1   -0.0
    26.418   125.504   -0.1    0.1   -0.0
    26.427   125.504   -0.1    0.1   -0.0
    26.436   125.504   -0.1    0.1   -0.0
    26.445   125.504   -0.1    0.1   -0.0
    26.454   125.504   -0.1    0.1   -0.0
    26.463   125.504   -0.1    0.1   -0.0
    26.472   125.504   -0.1    0.1   -0.0
    26.481   125.504   -0.1    0.1   -0.0
    26.490   125.504   -0.1    0.1   -0.0
    26.499   125.504   -0.1    0.1   -0.0
    26.508   125.504   -0.1    0.1   -0.0
    26.517   125.504   -0.1    0.1   -0.0
    26.526   125.504   -0.1    0.1   -0.0
    25.626   125.514    0.2    0.2    0.0
    25.635   125.514    0.2    0.2    0.0
    25.644   125.514    0.2    0.2    0.0
    25.653   125.514    0.2    0.2    0.0
    25.662   125.514    0.2    0.2    0.0
    25.671   125.514    0.2    0.2    0.0
    25.680   125.514    0.2    0.2    0.0
    25.689   125.514    0.2    0.2    0.0
    25.698   125.514    0.2    0.2    0.0
    25.707   125.514    0.2    0.2    0.0
    25.716   125.514    0.2    0.2    0.0
    25.725   125.514    0.2    0.2    0.0
    25.734   125.514    0.2    0.2    0.0
    25.743   125.514    0.2    0.2    0.0
    25.752   125.514    0.2    0.2    0.0
    25.761   125.514    0.2    0.2    0.0
    25.770   125.514    0.2    0.2    0.1
    25.779   125.514    0.2    0.2    0.1
    25.788   125.514    0.2    0.2    0.1
    25.797   125.514    0.2    0.2    0.1
    25.806   125.514    0.2    0.2    0.1
    25.815   125.514    0.2    0.2    0.1
    25.824   125.514    0.1    0.2    0.1
    25.833   125.514    0.1    0.2    0.1
    25.842   125.514    0.1    0.2    0.1
    25.851   125.514    0.1    0.2    0.1
    25.860   125.514    0.1    0.2    0.1
    25.869   125.514    0.0    0.2    0.1
    25.878   125.514    0.0    0.2    0.1
    25.887   125.514   -0.0    0.2    0.1
    25.896   125.514   -0.0    0.2    0.1
    25.905   125.514   -0.1    0.2    0.1
    25.914   125.514   -0.1    0.2    0.1
    25.923   125.514   -0.1    0.2    0.1
    25.932   125.514   -0.1    0.2    0.2
    25.941   125.514   -0.1    0.2    0.2
    25.950   125.514   -0.2    0.2    0.2
    25.959   125.514   -0.2    0.2    0.2
    25.968   125.514   -0.2    0.2    0.2
    25.977   125.514   -0.2    0.3    0.2
    25.986   125.514   -0.2    0.3    0.2
    25.995   125.514   -0.2    0.3    0.2
    26.004   125.514   -0.2    0.3    0.2
    26.013   125.514   -0.2    0.3    0.2
    26.022   125.514   -0.2    0.3    0.2
    26.031   125.514   -0.2    0.3    0.1
    26.040   125.514   -0.3    0.3    0.1
    26.049   125.514   -0.3    0.3    0.1
    26.058   125.514   -0.3    0.3    0.1
    26.067   125.514   -0.3    0.3    0.1
    26.076   125.514   -0.3    0.3    0.1
    26.085   125.514   -0.3    0.3    0.1
    26.094   125.514   -0.3    0.3    0.1
    26.103   125.514   -0.3    0.3    0.1
    26.112   125.514   -0.3    0.3    0.1
    26.121   125.514   -0.3    0.3    0.1
    26.130   125.514   -0.3    0.3    0.1
    26.139   125.514   -0.3    0.3    0.1
    26.148   125.514   -0.3    0.3    0.1
    26.157   125.514   -0.3    0.3    0.1
    26.166   125.514   -0.3    0.3    0.1
    26.175   125.514   -0.3    0.3    0.0
    26.184   125.514   -0.3    0.3    0.0
    26.193   125.514   -0.3    0.3    0.0
    26.202   125.514   -0.3    0.3    0.0
    26.211   125.514   -0.2    0.3    0.0
    26.220   125.514   -0.2    0.3    0.0
    26.229   125.514   -0.2    0.3    0.0
    26.238   125.514   -0.2    0.3    0.0
    26.247   125.514   -0.2    0.2    0.0
    26.256   125.514   -0.2    0.2    0.0
    26.265   125.514   -0.2    0.2    0.0
    26.274   125.514   -0.2    0.2    0.0
    26.283   125.514   -0.2    0.2    0.0
    26.292   125.514   -0.2    0.2   -0.0
    26.301   125.514   -0.2    0.2   -0.0
    26.310   125.514   -0.2    0.2   -0.0
    26.319   125.514   -0.2    0.2   -0.0
    26.328   125.514   -0.2    0.2   -0.0
    26.337   125.514   -0.1    0.2   -0.0
    26.346   125.514   -0.1    0.2   -0.0
    26.355   125.514   -0.1    0.2   -0.0
    26.364   125.514   -0.1    0.2   -0.0
    26.373   125.514   -0.1    0.2   -0.0
    26.382   125.514   -0.1    0.2   -0.0
    26.391   125.514   -0.1    0.1   -0.0
    26.400   125.514   -0.1    0.1   -0.0
    26.409   125.514   -0.1    0.1   -0.0
    26.418   125.514   -0.1    0.1   -0.0
    26.427   125.514   -0.1    0.1   -0.0
    26.436   125.514   -0.1    0.1   -0.0
    26.445   125.514   -0.1    0.1   -0.0
    26.454   125.514   -0.1    0.1   -0.0
    26.463   125.514   -0.1    0.1   -0.0
    26.472   125.514   -0.1    0.1   -0.0
    26.481   125.514   -0.1    0.1   -0.0
    26.490   125.514   -0.1    0.1   -0.0
    26.499   125.514   -0.1    0.1   -0.0
    26.508   125.514   -0.1    0.1   -0.0
    26.517   125.514   -0.1    0.1   -0.0
    26.526   125.514   -0.1    0.1   -0.0
    25.626   125.524    0.2    0.2    0.0
    25.635   125.524    0.2    0.2    0.0
    25.644   125.524    0.2    0.2    0.0
    25.653   125.524    0.2    0.2    0.0
    25.662   125.524    0.2    0.2    0.0
    25.671   125.524    0.2    0.2    0.0
    25.680   125.524    0.2    0.2    0.0
    25.689   125.524    0.2    0.2    0.0
    25.698   125.524    0.2    0.2    0.0
    25.707   125.524    0.2    0.2    0.0
    25.716   125.524    0.2    0.2    0.0
    25.725   125.524    0.2    0.2    0.0
    25.734   125.524    0.2    0.2    0.0
    25.743   125.524    0.2    0.2    0.0
    25.752   125.524    0.2    0.2    0.0
    25.761   125.524    0.2    0.2    0.0
    25.770   125.524    0.2    0.2    0.1
    25.779   125.524    0.2    0.2    0.1
    25.788   125.524    0.2    0.2    0.1
    25.797   125.524    0.2    0.2    0.1
    25.806   125.524    0.2    0.2    0.1
    25.815   125.524    0.2    0.2    0.1
    25.824   125.524    0.2    0.2    0.1
    25.833   125.524    0.1    0.2    0.1
    25.842   125.524    0.1    0.2    0.1
    25.851   125.524    0.1    0.2    0.1
    25.860   125.524    0.1    0.2    0.1
    25.869   125.524    0.0    0.2    0.1
    25.878   125.524    0.0    0.2    0.1
    25.887   125.524   -0.0    0.2    0.1
    25.896   125.524   -0.0    0.2    0.1
    25.905   125.524   -0.1    0.2    0.1
    25.914   125.524   -0.1    0.2    0.2
    25.923   125.524   -0.1    0.2    0.2
    25.932   125.524   -0.1    0.2    0.2
    25.941   125.524   -0.1    0.2    0.2
    25.950   125.524   -0.2    0.2    0.2
    25.959   125.524   -0.2    0.2    0.2
    25.968   125.524   -0.2    0.3    0.2
    25.977   125.524   -0.2    0.3    0.2
    25.986   125.524   -0.2    0.3    0.2
    25.995   125.524   -0.2    0.3    0.2
    26.004   125.524   -0.2    0.3    0.2
    26.013   125.524   -0.2    0.3    0.2
    26.022   125.524   -0.2    0.3    0.2
    26.031   125.524   -0.3    0.3    0.2
    26.040   125.524   -0.3    0.3    0.2
    26.049   125.524   -0.3    0.3    0.1
    26.058   125.524   -0.3    0.3    0.1
    26.067   125.524   -0.3    0.3    0.1
    26.076   125.524   -0.3    0.3    0.1
    26.085   125.524   -0.3    0.3    0.1
    26.094   125.524   -0.3    0.3    0.1
    26.103   125.524   -0.3    0.3    0.1
    26.112   125.524   -0.3    0.3    0.1
    26.121   125.524   -0.3    0.3    0.1
    26.130   125.524   -0.3    0.3    0.1
    26.139   125.524   -0.3    0.3    0.1
    26.148   125.524   -0.3    0.3    0.1
    26.157   125.524   -0.3    0.3    0.1
    26.166   125.524   -0.3    0.3    0.1
    26.175   125.524   -0.3    0.3    0.0
    26.184   125.524   -0.3    0.3    0.0
    26.193   125.524   -0.3    0.3    0.0
    26.202   125.524   -0.3    0.3    0.0
    26.211   125.524   -0.3    0.3    0.0
    26.220   125.524   -0.2    0.3    0.0
    26.229   125.524   -0.2    0.3    0.0
    26.238   125.524   -0.2    0.3    0.0
    26.247   125.524   -0.2    0.3    0.0
    26.256   125.524   -0.2    0.2    0.0
    26.265   125.524   -0.2    0.2    0.0
    26.274   125.524   -0.2    0.2    0.0
    26.283   125.524   -0.2    0.2    0.0
    26.292   125.524   -0.2    0.2   -0.0
    26.301   125.524   -0.2    0.2   -0.0
    26.310   125.524   -0.2    0.2   -0.0
    26.319   125.524   -0.2    0.2   -0.0
    26.328   125.524   -0.2    0.2   -0.0
    26.337   125.524   -0.1    0.2   -0.0
    26.346   125.524   -0.1    0.2   -0.0
    26.355   125.524   -0.1    0.2   -0.0
    26.364   125.524   -0.1    0.2   -0.0
    26.373   125.524   -0.1    0.2   -0.0
    26.382   125.524   -0.1    0.2   -0.0
    26.391   125.524   -0.1    0.1   -0.0
    26.400   125.524   -0.1    0.1   -0.0
    26.409   125.524   -0.1    0.1   -0.0
    26.418   125.524   -0.1    0.1   -0.0
    26.427   125.524   -0.1    0.1   -0.0
    26.436   125.524   -0.1    0.1   -0.0
    26.445   125.524   -0.1    0.1   -0.0
    26.454   125.524   -0.1    0.1   -0.0
    26.463   125.524   -0.1    0.1   -0.0
    26.472   125.524   -0.1    0.1   -0.0
    26.481   125.524   -0.1    0.1   -0.0
    26.490   125.524   -0.1    0.1   -0.0
    26.499   125.524   -0.1    0.1   -0.0
    26.508   125.524   -0.1    0.1   -0.0
    26.517   125.524   -0.1    0.1   -0.0
    26.526   125.524   -0.1    0.1   -0.0
    25.626   125.534    0.2    0.2    0.0
    25.635   125.534    0.2    0.2    0.0
    25.644   125.534    0.2    0.2    0.0
    25.653   125.534    0.2    0.2    0.0
    25.662   125.534    0.2    0.2    0.0
    25.671   125.534    0.2    0.2    0.0
    25.680   125.534    0.2    0.2    0.0
    25.689   125.534    0.2    0.2    0.0
    25.698   125.534    0.2    0.2    0.0
    25.707   125.534    0.2    0.2    0.0
    25.716   125.534    0.2    0.2    0.0
    25.725   125.534    0.2    0.2    0.0
    25.734   125.534    0.2    0.2    0.0
    25.743   125.534    0.2    0.2    0.0
    25.752   125.534    0.2    0.2    0.0
    25.761   125.534    0.2    0.2    0.0
    25.770   125.534    0.2    0.2    0.1
    25.779   125.534    0.2    0.2    0.1
    25.788   125.534    0.2    0.2    0.1
    25.797   125.534    0.2    0.2    0.1
    25.806   125.534    0.2    0.2    0.1
    25.815   125.534    0.2    0.2    0.1
    25.824   125.534    0.2    0.2    0.1
    25.833   125.534    0.1    0.2    0.1
    25.842   125.534    0.1    0.2    0.1
    25.851   125.534    0.1    0.2    0.1
    25.860   125.534    0.1    0.2    0.1
    25.869   125.534    0.1    0.2    0.1
    25.878   125.534    0.0    0.2    0.1
    25.887   125.534    0.0    0.2    0.1
    25.896   125.534   -0.0    0.2    0.1
    25.905   125.534   -0.0    0.2    0.2
    25.914   125.534   -0.1    0.2    0.2
    25.923   125.534   -0.1    0.2    0.2
    25.932   125.534   -0.1    0.2    0.2
    25.941   125.534   -0.1    0.2    0.2
    25.950   125.534   -0.2    0.3    0.2
    25.959   125.534   -0.2    0.3    0.2
    25.968   125.534   -0.2    0.3    0.2
    25.977   125.534   -0.2    0.3    0.2
    25.986   125.534   -0.2    0.3    0.2
    25.995   125.534   -0.2    0.3    0.2
    26.004   125.534   -0.2    0.3    0.2
    26.013   125.534   -0.2    0.3    0.2
    26.022   125.534   -0.3    0.3    0.2
    26.031   125.534   -0.3    0.3    0.2
    26.040   125.534   -0.3    0.3    0.2
    26.049   125.534   -0.3    0.3    0.2
    26.058   125.534   -0.3    0.3    0.2
    26.067   125.534   -0.3    0.3    0.1
    26.076   125.534   -0.3    0.3    0.1
    26.085   125.534   -0.3    0.3    0.1
    26.094   125.534   -0.3    0.3    0.1
    26.103   125.534   -0.3    0.3    0.1
    26.112   125.534   -0.3    0.3    0.1
    26.121   125.534   -0.3    0.3    0.1
    26.130   125.534   -0.3    0.3    0.1
    26.139   125.534   -0.3    0.3    0.1
    26.148   125.534   -0.3    0.3    0.1
    26.157   125.534   -0.3    0.3    0.1
    26.166   125.534   -0.3    0.3    0.1
    26.175   125.534   -0.3    0.3    0.0
    26.184   125.534   -0.3    0.3    0.0
    26.193   125.534   -0.3    0.3    0.0
    26.202   125.534   -0.3    0.3    0.0
    26.211   125.534   -0.3    0.3    0.0
    26.220   125.534   -0.3    0.3    0.0
    26.229   125.534   -0.2    0.3    0.0
    26.238   125.534   -0.2    0.3    0.0
    26.247   125.534   -0.2    0.3    0.0
    26.256   125.534   -0.2    0.3    0.0
    26.265   125.534   -0.2    0.2    0.0
    26.274   125.534   -0.2    0.2    0.0
    26.283   125.534   -0.2    0.2    0.0
    26.292   125.534   -0.2    0.2   -0.0
    26.301   125.534   -0.2    0.2   -0.0
    26.310   125.534   -0.2    0.2   -0.0
    26.319   125.534   -0.2    0.2   -0.0
    26.328   125.534   -0.2    0.2   -0.0
    26.337   125.534   -0.1    0.2   -0.0
    26.346   125.534   -0.1    0.2   -0.0
    26.355   125.534   -0.1    0.2   -0.0
    26.364   125.534   -0.1    0.2   -0.0
    26.373   125.534   -0.1    0.2   -0.0
    26.382   125.534   -0.1    0.2   -0.0
    26.391   125.534   -0.1    0.1   -0.0
    26.400   125.534   -0.1    0.1   -0.0
    26.409   125.534   -0.1    0.1   -0.0
    26.418   125.534   -0.1    0.1   -0.0
    26.427   125.534   -0.1    0.1   -0.0
    26.436   125.534   -0.1    0.1   -0.0
    26.445   125.534   -0.1    0.1   -0.0
    26.454   125.534   -0.1    0.1   -0.0
    26.463   125.534   -0.1    0.1   -0.0
    26.472   125.534   -0.1    0.1   -0.0
    26.481   125.534   -0.1    0.1   -0.0
    26.490   125.534   -0.1    0.1   -0.0
    26.499   125.534   -0.1    0.1   -0.0
    26.508   125.534   -0.1    0.1   -0.0
    26.517   125.534   -0.1    0.1   -0.0
    26.526   125.534   -0.1    0.1   -0.0
    25.626   125.544    0.2    0.2    0.0
    25.635   125.544    0.2    0.2    0.0
    25.644   125.544    0.2    0.2    0.0
    25.653   125.544    0.2    0.2    0.0
    25.662   125.544    0.2    0.2    0.0
    25.671   125.544    0.2    0.2    0.0
    25.680   125.544    0.2    0.2    0.0
    25.689   125.544    0.2    0.2    0.0
    25.698   125.544    0.2    0.2    0.0
    25.707   125.544    0.2    0.2    0.0
    25.716   125.544    0.2    0.2    0.0
    25.725   125.544    0.2    0.2    0.0
    25.734   125.544    0.2    0.2    0.0
    25.743   125.544    0.2    0.2    0.0
    25.752   125.544    0.2    0.2    0.0
    25.761   125.544    0.2    0.2    0.0
    25.770   125.544    0.2    0.2    0.1
    25.779   125.544    0.2    0.2    0.1
    25.788   125.544    0.2    0.2    0.1
    25.797   125.544    0.2    0.2    0.1
    25.806   125.544    0.2    0.2    0.1
    25.815   125.544    0.2    0.2    0.1
    25.824   125.544    0.2    0.2    0.1
    25.833   125.544    0.2    0.2    0.1
    25.842   125.544    0.1    0.2    0.1
    25.851   125.544    0.1    0.2    0.1
    25.860   125.544    0.1    0.2    0.1
    25.869   125.544    0.1    0.2    0.1
    25.878   125.544    0.0    0.2    0.1
    25.887   125.544    0.0    0.2    0.1
    25.896   125.544   -0.0    0.2    0.2
    25.905   125.544   -0.0    0.2    0.2
    25.914   125.544   -0.1    0.2    0.2
    25.923   125.544   -0.1    0.2    0.2
    25.932   125.544   -0.1    0.2    0.2
    25.941   125.544   -0.1    0.3    0.2
    25.950   125.544   -0.2    0.3    0.2
    25.959   125.544   -0.2    0.3    0.2
    25.968   125.544   -0.2    0.3    0.2
    25.977   125.544   -0.2    0.3    0.2
    25.986   125.544   -0.2    0.3    0.2
    25.995   125.544   -0.2    0.3    0.2
    26.004   125.544   -0.2    0.3    0.2
    26.013   125.544   -0.2    0.3    0.2
    26.022   125.544   -0.3    0.3    0.2
    26.031   125.544   -0.3    0.4    0.2
    26.040   125.544   -0.3    0.4    0.2
    26.049   125.544   -0.3    0.4    0.2
    26.058   125.544   -0.3    0.4    0.2
    26.067   125.544   -0.3    0.4    0.2
    26.076   125.544   -0.3    0.4    0.1
    26.085   125.544   -0.3    0.4    0.1
    26.094   125.544   -0.3    0.4    0.1
    26.103   125.544   -0.3    0.3    0.1
    26.112   125.544   -0.3    0.3    0.1
    26.121   125.544   -0.3    0.3    0.1
    26.130   125.544   -0.3    0.3    0.1
    26.139   125.544   -0.3    0.3    0.1
    26.148   125.544   -0.3    0.3    0.1
    26.157   125.544   -0.3    0.3    0.1
    26.166   125.544   -0.3    0.3    0.1
    26.175   125.544   -0.3    0.3    0.1
    26.184   125.544   -0.3    0.3    0.0
    26.193   125.544   -0.3    0.3    0.0
    26.202   125.544   -0.3    0.3    0.0
    26.211   125.544   -0.3    0.3    0.0
    26.220   125.544   -0.3    0.3    0.0
    26.229   125.544   -0.2    0.3    0.0
    26.238   125.544   -0.2    0.3    0.0
    26.247   125.544   -0.2    0.3    0.0
    26.256   125.544   -0.2    0.3    0.0
    26.265   125.544   -0.2    0.3    0.0
    26.274   125.544   -0.2    0.2    0.0
    26.283   125.544   -0.2    0.2   -0.0
    26.292   125.544   -0.2    0.2   -0.0
    26.301   125.544   -0.2    0.2   -0.0
    26.310   125.544   -0.2    0.2   -0.0
    26.319   125.544   -0.2    0.2   -0.0
    26.328   125.544   -0.2    0.2   -0.0
    26.337   125.544   -0.1    0.2   -0.0
    26.346   125.544   -0.1    0.2   -0.0
    26.355   125.544   -0.1    0.2   -0.0
    26.364   125.544   -0.1    0.2   -0.0
    26.373   125.544   -0.1    0.2   -0.0
    26.382   125.544   -0.1    0.2   -0.0
    26.391   125.544   -0.1    0.1   -0.0
    26.400   125.544   -0.1    0.1   -0.0
    26.409   125.544   -0.1    0.1   -0.0
    26.418   125.544   -0.1    0.1   -0.0
    26.427   125.544   -0.1    0.1   -0.0
    26.436   125.544   -0.1    0.1   -0.0
    26.445   125.544   -0.1    0.1   -0.0
    26.454   125.544   -0.1    0.1   -0.0
    26.463   125.544   -0.1    0.1   -0.0
    26.472   125.544   -0.1    0.1   -0.0
    26.481   125.544   -0.1    0.1   -0.0
    26.490   125.544   -0.1    0.1   -0.0
    26.499   125.544   -0.1    0.1   -0.0
    26.508   125.544   -0.1    0.1   -0.0
    26.517   125.544   -0.1    0.1   -0.0
    26.526   125.544   -0.1    0.1   -0.0
    25.626   125.554    0.2    0.2    0.0
    25.635   125.554    0.2    0.2    0.0
    25.644   125.554    0.2    0.2    0.0
    25.653   125.554    0.2    0.2    0.0
    25.662   125.554    0.2    0.2    0.0
    25.671   125.554    0.2    0.2    0.0
    25.680   125.554    0.2    0.2    0.0
    25.689   125.554    0.2    0.2    0.0
    25.698   125.554    0.2    0.2    0.0
    25.707   125.554    0.2    0.2    0.0
    25.716   125.554    0.2    0.2    0.0
    25.725   125.554    0.2    0.2    0.0
    25.734   125.554    0.2    0.2    0.0
    25.743   125.554    0.2    0.2    0.0
    25.752   125.554    0.3    0.2    0.0
    25.761   125.554    0.3    0.2    0.0
    25.770   125.554    0.3    0.2    0.0
    25.779   125.554    0.2    0.2    0.1
    25.788   125.554    0.2    0.2    0.1
    25.797   125.554    0.2    0.2    0.1
    25.806   125.554    0.2    0.2    0.1
    25.815   125.554    0.2    0.2    0.1
    25.824   125.554    0.2    0.2    0.1
    25.833   125.554    0.2    0.2    0.1
    25.842   125.554    0.2    0.2    0.1
    25.851   125.554    0.1    0.2    0.1
    25.860   125.554    0.1    0.2    0.1
    25.869   125.554    0.1    0.2    0.1
    25.878   125.554    0.0    0.2    0.1
    25.887   125.554    0.0    0.2    0.2
    25.896   125.554   -0.0    0.2    0.2
    25.905   125.554   -0.0    0.2    0.2
    25.914   125.554   -0.1    0.2    0.2
    25.923   125.554   -0.1    0.2    0.2
    25.932   125.554   -0.1    0.3    0.2
    25.941   125.554   -0.2    0.3    0.2
    25.950   125.554   -0.2    0.3    0.2
    25.959   125.554   -0.2    0.3    0.2
    25.968   125.554   -0.2    0.3    0.2
    25.977   125.554   -0.2    0.3    0.2
    25.986   125.554   -0.2    0.3    0.2
    25.995   125.554   -0.2    0.3    0.2
    26.004   125.554   -0.2    0.4    0.2
    26.013   125.554   -0.2    0.4    0.2
    26.022   125.554   -0.3    0.4    0.2
    26.031   125.554   -0.3    0.4    0.2
    26.040   125.554   -0.3    0.4    0.2
    26.049   125.554   -0.3    0.4    0.2
    26.058   125.554   -0.3    0.4    0.2
    26.067   125.554   -0.3    0.4    0.2
    26.076   125.554   -0.3    0.4    0.2
    26.085   125.554   -0.3    0.4    0.1
    26.094   125.554   -0.3    0.4    0.1
    26.103   125.554   -0.3    0.4    0.1
    26.112   125.554   -0.3    0.4    0.1
    26.121   125.554   -0.3    0.4    0.1
    26.130   125.554   -0.3    0.4    0.1
    26.139   125.554   -0.3    0.3    0.1
    26.148   125.554   -0.3    0.3    0.1
    26.157   125.554   -0.3    0.3    0.1
    26.166   125.554   -0.3    0.3    0.1
    26.175   125.554   -0.3    0.3    0.1
    26.184   125.554   -0.3    0.3    0.0
    26.193   125.554   -0.3    0.3    0.0
    26.202   125.554   -0.3    0.3    0.0
    26.211   125.554   -0.3    0.3    0.0
    26.220   125.554   -0.3    0.3    0.0
    26.229   125.554   -0.3    0.3    0.0
    26.238   125.554   -0.2    0.3    0.0
    26.247   125.554   -0.2    0.3    0.0
    26.256   125.554   -0.2    0.3    0.0
    26.265   125.554   -0.2    0.3    0.0
    26.274   125.554   -0.2    0.2    0.0
    26.283   125.554   -0.2    0.2   -0.0
    26.292   125.554   -0.2    0.2   -0.0
    26.301   125.554   -0.2    0.2   -0.0
    26.310   125.554   -0.2    0.2   -0.0
    26.319   125.554   -0.2    0.2   -0.0
    26.328   125.554   -0.2    0.2   -0.0
    26.337   125.554   -0.1    0.2   -0.0
    26.346   125.554   -0.1    0.2   -0.0
    26.355   125.554   -0.1    0.2   -0.0
    26.364   125.554   -0.1    0.2   -0.0
    26.373   125.554   -0.1    0.2   -0.0
    26.382   125.554   -0.1    0.2   -0.0
    26.391   125.554   -0.1    0.1   -0.0
    26.400   125.554   -0.1    0.1   -0.0
    26.409   125.554   -0.1    0.1   -0.0
    26.418   125.554   -0.1    0.1   -0.0
    26.427   125.554   -0.1    0.1   -0.0
    26.436   125.554   -0.1    0.1   -0.0
    26.445   125.554   -0.1    0.1   -0.0
    26.454   125.554   -0.1    0.1   -0.0
    26.463   125.554   -0.1    0.1   -0.0
    26.472   125.554   -0.1    0.1   -0.0
    26.481   125.554   -0.1    0.1   -0.0
    26.490   125.554   -0.1    0.1   -0.0
    26.499   125.554   -0.1    0.1   -0.0
    26.508   125.554   -0.1    0.1   -0.0
    26.517   125.554   -0.1    0.1   -0.0
    26.526   125.554   -0.1    0.1   -0.0
    25.626   125.564    0.2    0.2    0.0
    25.635   125.564    0.2    0.2    0.0
    25.644   125.564    0.2    0.2    0.0
    25.653   125.564    0.2    0.2    0.0
    25.662   125.564    0.2    0.2    0.0
    25.671   125.564    0.2    0.2    0.0
    25.680   125.564    0.2    0.2    0.0
    25.689   125.564    0.2    0.2    0.0
    25.698   125.564    0.2    0.2    0.0
    25.707   125.564    0.2    0.2    0.0
    25.716   125.564    0.2    0.2    0.0
    25.725   125.564    0.2    0.2    0.0
    25.734   125.564    0.3    0.2    0.0
    25.743   125.564    0.3    0.2    0.0
    25.752   125.564    0.3    0.2    0.0
    25.761   125.564    0.3    0.2    0.0
    25.770   125.564    0.3    0.2    0.0
    25.779   125.564    0.3    0.2    0.1
    25.788   125.564    0.3    0.2    0.1
    25.797   125.564    0.3    0.2    0.1
    25.806   125.564    0.2    0.2    0.1
    25.815   125.564    0.2    0.2    0.1
    25.824   125.564    0.2    0.2    0.1
    25.833   125.564    0.2    0.2    0.1
    25.842   125.564    0.2    0.2    0.1
    25.851   125.564    0.1    0.2    0.1
    25.860   125.564    0.1    0.2    0.1
    25.869   125.564    0.1    0.2    0.1
    25.878   125.564    0.1    0.2    0.2
    25.887   125.564    0.0    0.2    0.2
    25.896   125.564   -0.0    0.2    0.2
    25.905   125.564   -0.0    0.2    0.2
    25.914   125.564   -0.1    0.3    0.2
    25.923   125.564   -0.1    0.3    0.2
    25.932   125.564   -0.1    0.3    0.2
    25.941   125.564   -0.2    0.3    0.2
    25.950   125.564   -0.2    0.3    0.2
    25.959   125.564   -0.2    0.3    0.2
    25.968   125.564   -0.2    0.3    0.2
    25.977   125.564   -0.2    0.3    0.2
    25.986   125.564   -0.2    0.4    0.2
    25.995   125.564   -0.2    0.4    0.2
    26.004   125.564   -0.2    0.4    0.2
    26.013   125.564   -0.2    0.4    0.2
    26.022   125.564   -0.3    0.4    0.2
    26.031   125.564   -0.3    0.4    0.2
    26.040   125.564   -0.3    0.4    0.2
    26.049   125.564   -0.3    0.4    0.2
    26.058   125.564   -0.3    0.4    0.2
    26.067   125.564   -0.3    0.4    0.2
    26.076   125.564   -0.3    0.4    0.2
    26.085   125.564   -0.3    0.4    0.2
    26.094   125.564   -0.3    0.4    0.1
    26.103   125.564   -0.3    0.4    0.1
    26.112   125.564   -0.3    0.4    0.1
    26.121   125.564   -0.3    0.4    0.1
    26.130   125.564   -0.3    0.4    0.1
    26.139   125.564   -0.3    0.4    0.1
    26.148   125.564   -0.3    0.4    0.1
    26.157   125.564   -0.3    0.4    0.1
    26.166   125.564   -0.3    0.3    0.1
    26.175   125.564   -0.3    0.3    0.1
    26.184   125.564   -0.3    0.3    0.0
    26.193   125.564   -0.3    0.3    0.0
    26.202   125.564   -0.3    0.3    0.0
    26.211   125.564   -0.3    0.3    0.0
    26.220   125.564   -0.3    0.3    0.0
    26.229   125.564   -0.3    0.3    0.0
    26.238   125.564   -0.2    0.3    0.0
    26.247   125.564   -0.2    0.3    0.0
    26.256   125.564   -0.2    0.3    0.0
    26.265   125.564   -0.2    0.3    0.0
    26.274   125.564   -0.2    0.3    0.0
    26.283   125.564   -0.2    0.2   -0.0
    26.292   125.564   -0.2    0.2   -0.0
    26.301   125.564   -0.2    0.2   -0.0
    26.310   125.564   -0.2    0.2   -0.0
    26.319   125.564   -0.2    0.2   -0.0
    26.328   125.564   -0.2    0.2   -0.0
    26.337   125.564   -0.1    0.2   -0.0
    26.346   125.564   -0.1    0.2   -0.0
    26.355   125.564   -0.1    0.2   -0.0
    26.364   125.564   -0.1    0.2   -0.0
    26.373   125.564   -0.1    0.2   -0.0
    26.382   125.564   -0.1    0.2   -0.0
    26.391   125.564   -0.1    0.1   -0.0
    26.400   125.564   -0.1    0.1   -0.0
    26.409   125.564   -0.1    0.1   -0.0
    26.418   125.564   -0.1    0.1   -0.0
    26.427   125.564   -0.1    0.1   -0.0
    26.436   125.564   -0.1    0.1   -0.0
    26.445   125.564   -0.1    0.1   -0.0
    26.454   125.564   -0.1    0.1   -0.0
    26.463   125.564   -0.1    0.1   -0.0
    26.472   125.564   -0.1    0.1   -0.0
    26.481   125.564   -0.1    0.1   -0.0
    26.490   125.564   -0.1    0.1   -0.0
    26.499   125.564   -0.1    0.1   -0.0
    26.508   125.564   -0.1    0.1   -0.0
    26.517   125.564   -0.1    0.1   -0.0
    26.526   125.564   -0.1    0.1   -0.0
    25.626   125.574    0.2    0.2    0.0
    25.635   125.574    0.2    0.2    0.0
    25.644   125.574    0.2    0.2    0.0
    25.653   125.574    0.2    0.2    0.0
    25.662   125.574    0.2    0.2    0.0
    25.671   125.574    0.2    0.2    0.0
    25.680   125.574    0.2    0.2    0.0
    25.689   125.574    0.2    0.2    0.0
    25.698   125.574    0.2    0.2    0.0
    25.707   125.574    0.2    0.2    0.0
    25.716   125.574    0.2    0.2    0.0
    25.725   125.574    0.3    0.2    0.0
    25.734   125.574    0.3    0.2    0.0
    25.743   125.574    0.3    0.2    0.0
    25.752   125.574    0.3    0.2    0.0
    25.761   125.574    0.3    0.2    0.0
    25.770   125.574    0.3    0.2    0.0
    25.779   125.574    0.3    0.2    0.1
    25.788   125.574    0.3    0.2    0.1
    25.797   125.574    0.3    0.2    0.1
    25.806   125.574    0.3    0.2    0.1
    25.815   125.574    0.3    0.2    0.1
    25.824   125.574    0.2    0.2    0.1
    25.833   125.574    0.2    0.2    0.1
    25.842   125.574    0.2    0.2    0.1
    25.851   125.574    0.2    0.2    0.1
    25.860   125.574    0.1    0.2    0.1
    25.869   125.574    0.1    0.2    0.2
    25.878   125.574    0.1    0.2    0.2
    25.887   125.574    0.0    0.2    0.2
    25.896   125.574   -0.0    0.2    0.2
    25.905   125.574   -0.0    0.3    0.2
    25.914   125.574   -0.1    0.3    0.2
    25.923   125.574   -0.1    0.3    0.2
    25.932   125.574   -0.1    0.3    0.2
    25.941   125.574   -0.2    0.3    0.2
    25.950   125.574   -0.2    0.3    0.2
    25.959   125.574   -0.2    0.3    0.2
    25.968   125.574   -0.2    0.4    0.2
    25.977   125.574   -0.2    0.4    0.2
    25.986   125.574   -0.2    0.4    0.2
    25.995   125.574   -0.2    0.4    0.2
    26.004   125.574   -0.2    0.4    0.2
    26.013   125.574   -0.2    0.4    0.2
    26.022   125.574   -0.2    0.4    0.2
    26.031   125.574   -0.2    0.4    0.2
    26.040   125.574   -0.2    0.4    0.2
    26.049   125.574   -0.3    0.4    0.2
    26.058   125.574   -0.3    0.4    0.2
    26.067   125.574   -0.3    0.4    0.2
    26.076   125.574   -0.3    0.4    0.2
    26.085   125.574   -0.3    0.4    0.2
    26.094   125.574   -0.3    0.4    0.2
    26.103   125.574   -0.3    0.4    0.1
    26.112   125.574   -0.3    0.4    0.1
    26.121   125.574   -0.3    0.4    0.1
    26.130   125.574   -0.3    0.4    0.1
    26.139   125.574   -0.3    0.4    0.1
    26.148   125.574   -0.3    0.4    0.1
    26.157   125.574   -0.3    0.4    0.1
    26.166   125.574   -0.3    0.4    0.1
    26.175   125.574   -0.3    0.4    0.1
    26.184   125.574   -0.3    0.3    0.0
    26.193   125.574   -0.3    0.3    0.0
    26.202   125.574   -0.3    0.3    0.0
    26.211   125.574   -0.3    0.3    0.0
    26.220   125.574   -0.3    0.3    0.0
    26.229   125.574   -0.3    0.3    0.0
    26.238   125.574   -0.2    0.3    0.0
    26.247   125.574   -0.2    0.3    0.0
    26.256   125.574   -0.2    0.3    0.0
    26.265   125.574   -0.2    0.3    0.0
    26.274   125.574   -0.2    0.3   -0.0
    26.283   125.574   -0.2    0.2   -0.0
    26.292   125.574   -0.2    0.2   -0.0
    26.301   125.574   -0.2    0.2   -0.0
    26.310   125.574   -0.2    0.2   -0.0
    26.319   125.574   -0.2    0.2   -0.0
    26.328   125.574   -0.2    0.2   -0.0
    26.337   125.574   -0.1    0.2   -0.0
    26.346   125.574   -0.1    0.2   -0.0
    26.355   125.574   -0.1    0.2   -0.0
    26.364   125.574   -0.1    0.2   -0.0
    26.373   125.574   -0.1    0.2   -0.0
    26.382   125.574   -0.1    0.2   -0.0
    26.391   125.574   -0.1    0.1   -0.0
    26.400   125.574   -0.1    0.1   -0.0
    26.409   125.574   -0.1    0.1   -0.0
    26.418   125.574   -0.1    0.1   -0.0
    26.427   125.574   -0.1    0.1   -0.0
    26.436   125.574   -0.1    0.1   -0.0
    26.445   125.574   -0.1    0.1   -0.0
    26.454   125.574   -0.1    0.1   -0.0
    26.463   125.574   -0.1    0.1   -0.0
    26.472   125.574   -0.1    0.1   -0.0
    26.481   125.574   -0.1    0.1   -0.0
    26.490   125.574   -0.1    0.1   -0.0
    26.499   125.574   -0.1    0.1   -0.0
    26.508   125.574   -0.1    0.1   -0.0
    26.517   125.574   -0.1    0.1   -0.0
    26.526   125.574   -0.1    0.1   -0.0
    25.626   125.584    0.2    0.2    0.0
    25.635   125.584    0.2    0.2    0.0
    25.644   125.584    0.2    0.2    0.0
    25.653   125.584    0.2    0.2    0.0
    25.662   125.584    0.2    0.2    0.0
    25.671   125.584    0.2    0.2    0.0
    25.680   125.584    0.2    0.2    0.0
    25.689   125.584    0.2    0.2    0.0
    25.698   125.584    0.2    0.2    0.0
    25.707   125.584    0.2    0.2    0.0
    25.716   125.584    0.3    0.2    0.0
    25.725   125.584    0.3    0.2    0.0
    25.734   125.584    0.3    0.3    0.0
    25.743   125.584    0.3    0.3    0.0
    25.752   125.584    0.3    0.3    0.0
    25.761   125.584    0.3    0.3    0.0
    25.770   125.584    0.3    0.3    0.0
    25.779   125.584    0.3    0.3    0.1
    25.788   125.584    0.3    0.3    0.1
    25.797   125.584    0.3    0.3    0.1
    25.806   125.584    0.3    0.3    0.1
    25.815   125.584    0.3    0.3    0.1
    25.824   125.584    0.3    0.3    0.1
    25.833   125.584    0.2    0.2    0.1
    25.842   125.584    0.2    0.2    0.1
    25.851   125.584    0.2    0.2    0.1
    25.860   125.584    0.2    0.2    0.1
    25.869   125.584    0.1    0.2    0.2
    25.878   125.584    0.1    0.2    0.2
    25.887   125.584    0.0    0.3    0.2
    25.896   125.584    0.0    0.3    0.2
    25.905   125.584   -0.0    0.3    0.2
    25.914   125.584   -0.1    0.3    0.2
    25.923   125.584   -0.1    0.3    0.2
    25.932   125.584   -0.1    0.3    0.2
    25.941   125.584   -0.2    0.3    0.2
    25.950   125.584   -0.2    0.3    0.2
    25.959   125.584   -0.2    0.4    0.3
    25.968   125.584   -0.2    0.4    0.3
    25.977   125.584   -0.2    0.4    0.3
    25.986   125.584   -0.2    0.4    0.3
    25.995   125.584   -0.2    0.4    0.3
    26.004   125.584   -0.2    0.4    0.3
    26.013   125.584   -0.2    0.4    0.3
    26.022   125.584   -0.2    0.5    0.2
    26.031   125.584   -0.2    0.5    0.2
    26.040   125.584   -0.2    0.5    0.2
    26.049   125.584   -0.2    0.5    0.2
    26.058   125.584   -0.2    0.4    0.2
    26.067   125.584   -0.2    0.4    0.2
    26.076   125.584   -0.3    0.4    0.2
    26.085   125.584   -0.3    0.4    0.2
    26.094   125.584   -0.3    0.4    0.2
    26.103   125.584   -0.3    0.4    0.1
    26.112   125.584   -0.3    0.4    0.1
    26.121   125.584   -0.3    0.4    0.1
    26.130   125.584   -0.3    0.4    0.1
    26.139   125.584   -0.3    0.4    0.1
    26.148   125.584   -0.3    0.4    0.1
    26.157   125.584   -0.3    0.4    0.1
    26.166   125.584   -0.3    0.4    0.1
    26.175   125.584   -0.3    0.4    0.1
    26.184   125.584   -0.3    0.4    0.0
    26.193   125.584   -0.3    0.4    0.0
    26.202   125.584   -0.3    0.3    0.0
    26.211   125.584   -0.3    0.3    0.0
    26.220   125.584   -0.3    0.3    0.0
    26.229   125.584   -0.3    0.3    0.0
    26.238   125.584   -0.3    0.3    0.0
    26.247   125.584   -0.2    0.3    0.0
    26.256   125.584   -0.2    0.3    0.0
    26.265   125.584   -0.2    0.3    0.0
    26.274   125.584   -0.2    0.3   -0.0
    26.283   125.584   -0.2    0.2   -0.0
    26.292   125.584   -0.2    0.2   -0.0
    26.301   125.584   -0.2    0.2   -0.0
    26.310   125.584   -0.2    0.2   -0.0
    26.319   125.584   -0.2    0.2   -0.0
    26.328   125.584   -0.2    0.2   -0.0
    26.337   125.584   -0.1    0.2   -0.0
    26.346   125.584   -0.1    0.2   -0.0
    26.355   125.584   -0.1    0.2   -0.0
    26.364   125.584   -0.1    0.2   -0.0
    26.373   125.584   -0.1    0.2   -0.0
    26.382   125.584   -0.1    0.1   -0.0
    26.391   125.584   -0.1    0.1   -0.0
    26.400   125.584   -0.1    0.1   -0.0
    26.409   125.584   -0.1    0.1   -0.0
    26.418   125.584   -0.1    0.1   -0.0
    26.427   125.584   -0.1    0.1   -0.0
    26.436   125.584   -0.1    0.1   -0.0
    26.445   125.584   -0.1    0.1   -0.0
    26.454   125.584   -0.1    0.1   -0.0
    26.463   125.584   -0.1    0.1   -0.0
    26.472   125.584   -0.1    0.1   -0.0
    26.481   125.584   -0.1    0.1   -0.0
    26.490   125.584   -0.1    0.1   -0.0
    26.499   125.584   -0.1    0.1   -0.0
    26.508   125.584   -0.1    0.1   -0.0
    26.517   125.584   -0.1    0.1   -0.0
    26.526   125.584   -0.1    0.1   -0.0
    25.626   125.594    0.2    0.2    0.0
    25.635   125.594    0.2    0.2    0.0
    25.644   125.594    0.2    0.2    0.0
    25.653   125.594    0.2    0.2    0.0
    25.662   125.594    0.2    0.2    0.0
    25.671   125.594    0.2    0.2    0.0
    25.680   125.594    0.2    0.2    0.0
    25.689   125.594    0.2    0.2    0.0
    25.698   125.594    0.2    0.2    0.0
    25.707   125.594    0.2    0.2    0.0
    25.716   125.594    0.3    0.3    0.0
    25.725   125.594    0.3    0.3    0.0
    25.734   125.594    0.3    0.3    0.0
    25.743   125.594    0.3    0.3    0.0
    25.752   125.594    0.3    0.3    0.0
    25.761   125.594    0.3    0.3    0.0
    25.770   125.594    0.3    0.3    0.0
    25.779   125.594    0.3    0.3    0.0
    25.788   125.594    0.3    0.3    0.1
    25.797   125.594    0.3    0.3    0.1
    25.806   125.594    0.3    0.3    0.1
    25.815   125.594    0.3    0.3    0.1
    25.824   125.594    0.3    0.3    0.1
    25.833   125.594    0.3    0.3    0.1
    25.842   125.594    0.2    0.3    0.1
    25.851   125.594    0.2    0.3    0.1
    25.860   125.594    0.2    0.3    0.1
    25.869   125.594    0.1    0.3    0.2
    25.878   125.594    0.1    0.3    0.2
    25.887   125.594    0.1    0.3    0.2
    25.896   125.594    0.0    0.3    0.2
    25.905   125.594   -0.0    0.3    0.2
    25.914   125.594   -0.1    0.3    0.2
    25.923   125.594   -0.1    0.3    0.2
    25.932   125.594   -0.1    0.3    0.2
    25.941   125.594   -0.2    0.4    0.3
    25.950   125.594   -0.2    0.4    0.3
    25.959   125.594   -0.2    0.4    0.3
    25.968   125.594   -0.2    0.4    0.3
    25.977   125.594   -0.2    0.4    0.3
    25.986   125.594   -0.2    0.4    0.3
    25.995   125.594   -0.2    0.5    0.3
    26.004   125.594   -0.2    0.5    0.3
    26.013   125.594   -0.2    0.5    0.3
    26.022   125.594   -0.2    0.5    0.3
    26.031   125.594   -0.2    0.5    0.3
    26.040   125.594   -0.2    0.5    0.2
    26.049   125.594   -0.2    0.5    0.2
    26.058   125.594   -0.2    0.5    0.2
    26.067   125.594   -0.2    0.5    0.2
    26.076   125.594   -0.2    0.5    0.2
    26.085   125.594   -0.2    0.5    0.2
    26.094   125.594   -0.3    0.4    0.2
    26.103   125.594   -0.3    0.4    0.2
    26.112   125.594   -0.3    0.4    0.1
    26.121   125.594   -0.3    0.4    0.1
    26.130   125.594   -0.3    0.4    0.1
    26.139   125.594   -0.3    0.4    0.1
    26.148   125.594   -0.3    0.4    0.1
    26.157   125.594   -0.3    0.4    0.1
    26.166   125.594   -0.3    0.4    0.1
    26.175   125.594   -0.3    0.4    0.1
    26.184   125.594   -0.3    0.4    0.0
    26.193   125.594   -0.3    0.4    0.0
    26.202   125.594   -0.3    0.4    0.0
    26.211   125.594   -0.3    0.3    0.0
    26.220   125.594   -0.3    0.3    0.0
    26.229   125.594   -0.3    0.3    0.0
    26.238   125.594   -0.3    0.3    0.0
    26.247   125.594   -0.2    0.3    0.0
    26.256   125.594   -0.2    0.3    0.0
    26.265   125.594   -0.2    0.3   -0.0
    26.274   125.594   -0.2    0.3   -0.0
    26.283   125.594   -0.2    0.3   -0.0
    26.292   125.594   -0.2    0.2   -0.0
    26.301   125.594   -0.2    0.2   -0.0
    26.310   125.594   -0.2    0.2   -0.0
    26.319   125.594   -0.2    0.2   -0.0
    26.328   125.594   -0.1    0.2   -0.0
    26.337   125.594   -0.1    0.2   -0.0
    26.346   125.594   -0.1    0.2   -0.0
    26.355   125.594   -0.1    0.2   -0.0
    26.364   125.594   -0.1    0.2   -0.0
    26.373   125.594   -0.1    0.2   -0.0
    26.382   125.594   -0.1    0.1   -0.0
    26.391   125.594   -0.1    0.1   -0.0
    26.400   125.594   -0.1    0.1   -0.0
    26.409   125.594   -0.1    0.1   -0.0
    26.418   125.594   -0.1    0.1   -0.0
    26.427   125.594   -0.1    0.1   -0.0
    26.436   125.594   -0.1    0.1   -0.0
    26.445   125.594   -0.1    0.1   -0.0
    26.454   125.594   -0.1    0.1   -0.0
    26.463   125.594   -0.1    0.1   -0.0
    26.472   125.594   -0.1    0.1   -0.0
    26.481   125.594   -0.1    0.1   -0.0
    26.490   125.594   -0.1    0.1   -0.0
    26.499   125.594   -0.1    0.1   -0.0
    26.508   125.594   -0.1    0.1   -0.0
    26.517   125.594   -0.1    0.1   -0.0
    26.526   125.594   -0.1    0.1   -0.0
    25.626   125.604    0.2    0.2    0.0
    25.635   125.604    0.2    0.2    0.0
    25.644   125.604    0.2    0.2    0.0
    25.653   125.604    0.2    0.2    0.0
    25.662   125.604    0.2    0.2    0.0
    25.671   125.604    0.2    0.2    0.0
    25.680   125.604    0.2    0.2    0.0
    25.689   125.604    0.2    0.2    0.0
    25.698   125.604    0.2    0.2    0.0
    25.707   125.604    0.3    0.3    0.0
    25.716   125.604    0.3    0.3    0.0
    25.725   125.604    0.3    0.3    0.0
    25.734   125.604    0.3    0.3    0.0
    25.743   125.604    0.3    0.3    0.0
    25.752   125.604    0.3    0.3    0.0
    25.761   125.604    0.3    0.3    0.0
    25.770   125.604    0.3    0.3    0.0
    25.779   125.604    0.3    0.3    0.0
    25.788   125.604    0.3    0.3    0.1
    25.797   125.604    0.3    0.3    0.1
    25.806   125.604    0.3    0.3    0.1
    25.815   125.604    0.3    0.3    0.1
    25.824   125.604    0.3    0.3    0.1
    25.833   125.604    0.3    0.3    0.1
    25.842   125.604    0.3    0.3    0.1
    25.851   125.604    0.2    0.3    0.1
    25.860   125.604    0.2    0.3    0.1
    25.869   125.604    0.2    0.3    0.2
    25.878   125.604    0.1    0.3    0.2
    25.887   125.604    0.1    0.3    0.2
    25.896   125.604    0.0    0.3    0.2
    25.905   125.604   -0.0    0.3    0.2
    25.914   125.604   -0.1    0.3    0.2
    25.923   125.604   -0.1    0.3    0.2
    25.932   125.604   -0.1    0.4    0.3
    25.941   125.604   -0.2    0.4    0.3
    25.950   125.604   -0.2    0.4    0.3
    25.959   125.604   -0.2    0.4    0.3
    25.968   125.604   -0.2    0.4    0.3
    25.977   125.604   -0.2    0.5    0.3
    25.986   125.604   -0.2    0.5    0.3
    25.995   125.604   -0.2    0.5    0.3
    26.004   125.604   -0.2    0.5    0.3
    26.013   125.604   -0.2    0.5    0.3
    26.022   125.604   -0.2    0.5    0.3
    26.031   125.604   -0.2    0.5    0.3
    26.040   125.604   -0.2    0.5    0.3
    26.049   125.604   -0.2    0.5    0.2
    26.058   125.604   -0.2    0.5    0.2
    26.067   125.604   -0.2    0.5    0.2
    26.076   125.604   -0.2    0.5    0.2
    26.085   125.604   -0.2    0.5    0.2
    26.094   125.604   -0.2    0.5    0.2
    26.103   125.604   -0.3    0.5    0.2
    26.112   125.604   -0.3    0.4    0.1
    26.121   125.604   -0.3    0.4    0.1
    26.130   125.604   -0.3    0.4    0.1
    26.139   125.604   -0.3    0.4    0.1
    26.148   125.604   -0.3    0.4    0.1
    26.157   125.604   -0.3    0.4    0.1
    26.166   125.604   -0.3    0.4    0.1
    26.175   125.604   -0.3    0.4    0.0
    26.184   125.604   -0.3    0.4    0.0
    26.193   125.604   -0.3    0.4    0.0
    26.202   125.604   -0.3    0.4    0.0
    26.211   125.604   -0.3    0.4    0.0
    26.220   125.604   -0.3    0.3    0.0
    26.229   125.604   -0.3    0.3    0.0
    26.238   125.604   -0.3    0.3    0.0
    26.247   125.604   -0.2    0.3    0.0
    26.256   125.604   -0.2    0.3    0.0
    26.265   125.604   -0.2    0.3   -0.0
    26.274   125.604   -0.2    0.3   -0.0
    26.283   125.604   -0.2    0.3   -0.0
    26.292   125.604   -0.2    0.2   -0.0
    26.301   125.604   -0.2    0.2   -0.0
    26.310   125.604   -0.2    0.2   -0.0
    26.319   125.604   -0.2    0.2   -0.0
    26.328   125.604   -0.1    0.2   -0.0
    26.337   125.604   -0.1    0.2   -0.0
    26.346   125.604   -0.1    0.2   -0.0
    26.355   125.604   -0.1    0.2   -0.0
    26.364   125.604   -0.1    0.2   -0.0
    26.373   125.604   -0.1    0.2   -0.0
    26.382   125.604   -0.1    0.1   -0.0
    26.391   125.604   -0.1    0.1   -0.0
    26.400   125.604   -0.1    0.1   -0.0
    26.409   125.604   -0.1    0.1   -0.0
    26.418   125.604   -0.1    0.1   -0.0
    26.427   125.604   -0.1    0.1   -0.0
    26.436   125.604   -0.1    0.1   -0.0
    26.445   125.604   -0.1    0.1   -0.0
    26.454   125.604   -0.1    0.1   -0.0
    26.463   125.604   -0.1    0.1   -0.0
    26.472   125.604   -0.1    0.1   -0.0
    26.481   125.604   -0.1    0.1   -0.0
    26.490   125.604   -0.1    0.1   -0.0
    26.499   125.604   -0.1    0.1   -0.0
    26.508   125.604   -0.1    0.1   -0.0
    26.517   125.604   -0.1    0.1   -0.0
    26.526   125.604   -0.1    0.1   -0.0
    25.626   125.614    0.2    0.2    0.0
    25.635   125.614    0.2    0.2    0.0
    25.644   125.614    0.2    0.2    0.0
    25.653   125.614    0.2    0.2    0.0
    25.662   125.614    0.2    0.2    0.0
    25.671   125.614    0.2    0.2    0.0
    25.680   125.614    0.2    0.2    0.0
    25.689   125.614    0.2    0.2    0.0
    25.698   125.614    0.2    0.2    0.0
    25.707   125.614    0.3    0.3    0.0
    25.716   125.614    0.3    0.3    0.0
    25.725   125.614    0.3    0.3    0.0
    25.734   125.614    0.3    0.3    0.0
    25.743   125.614    0.3    0.3    0.0
    25.752   125.614    0.3    0.3    0.0
    25.761   125.614    0.3    0.3    0.0
    25.770   125.614    0.4    0.3    0.0
    25.779   125.614    0.4    0.3    0.0
    25.788   125.614    0.4    0.3    0.1
    25.797   125.614    0.4    0.3    0.1
    25.806   125.614    0.4    0.3    0.1
    25.815   125.614    0.4    0.3    0.1
    25.824   125.614    0.4    0.3    0.1
    25.833   125.614    0.3    0.3    0.1
    25.842   125.614    0.3    0.3    0.1
    25.851   125.614    0.3    0.3    0.1
    25.860   125.614    0.2    0.3    0.1
    25.869   125.614    0.2    0.3    0.2
    25.878   125.614    0.2    0.3    0.2
    25.887   125.614    0.1    0.3    0.2
    25.896   125.614    0.1    0.3    0.2
    25.905   125.614    0.0    0.3    0.2
    25.914   125.614   -0.0    0.3    0.2
    25.923   125.614   -0.1    0.4    0.3
    25.932   125.614   -0.1    0.4    0.3
    25.941   125.614   -0.2    0.4    0.3
    25.950   125.614   -0.2    0.4    0.3
    25.959   125.614   -0.2    0.5    0.3
    25.968   125.614   -0.2    0.5    0.3
    25.977   125.614   -0.2    0.5    0.3
    25.986   125.614   -0.2    0.5    0.3
    25.995   125.614   -0.2    0.5    0.3
    26.004   125.614   -0.2    0.5    0.3
    26.013   125.614   -0.2    0.6    0.3
    26.022   125.614   -0.2    0.6    0.3
    26.031   125.614   -0.2    0.6    0.3
    26.040   125.614   -0.2    0.6    0.3
    26.049   125.614   -0.2    0.6    0.3
    26.058   125.614   -0.2    0.5    0.2
    26.067   125.614   -0.2    0.5    0.2
    26.076   125.614   -0.2    0.5    0.2
    26.085   125.614   -0.2    0.5    0.2
    26.094   125.614   -0.2    0.5    0.2
    26.103   125.614   -0.3    0.5    0.2
    26.112   125.614   -0.3    0.5    0.1
    26.121   125.614   -0.3    0.5    0.1
    26.130   125.614   -0.3    0.4    0.1
    26.139   125.614   -0.3    0.4    0.1
    26.148   125.614   -0.3    0.4    0.1
    26.157   125.614   -0.3    0.4    0.1
    26.166   125.614   -0.3    0.4    0.1
    26.175   125.614   -0.3    0.4    0.0
    26.184   125.614   -0.3    0.4    0.0
    26.193   125.614   -0.3    0.4    0.0
    26.202   125.614   -0.3    0.4    0.0
    26.211   125.614   -0.3    0.4    0.0
    26.220   125.614   -0.3    0.4    0.0
    26.229   125.614   -0.3    0.3    0.0
    26.238   125.614   -0.3    0.3    0.0
    26.247   125.614   -0.2    0.3    0.0
    26.256   125.614   -0.2    0.3   -0.0
    26.265   125.614   -0.2    0.3   -0.0
    26.274   125.614   -0.2    0.3   -0.0
    26.283   125.614   -0.2    0.3   -0.0
    26.292   125.614   -0.2    0.2   -0.0
    26.301   125.614   -0.2    0.2   -0.0
    26.310   125.614   -0.2    0.2   -0.0
    26.319   125.614   -0.2    0.2   -0.0
    26.328   125.614   -0.1    0.2   -0.0
    26.337   125.614   -0.1    0.2   -0.0
    26.346   125.614   -0.1    0.2   -0.0
    26.355   125.614   -0.1    0.2   -0.0
    26.364   125.614   -0.1    0.2   -0.0
    26.373   125.614   -0.1    0.1   -0.0
    26.382   125.614   -0.1    0.1   -0.0
    26.391   125.614   -0.1    0.1   -0.0
    26.400   125.614   -0.1    0.1   -0.0
    26.409   125.614   -0.1    0.1   -0.0
    26.418   125.614   -0.1    0.1   -0.0
    26.427   125.614   -0.1    0.1   -0.0
    26.436   125.614   -0.1    0.1   -0.0
    26.445   125.614   -0.1    0.1   -0.0
    26.454   125.614   -0.1    0.1   -0.0
    26.463   125.614   -0.1    0.1   -0.0
    26.472   125.614   -0.1    0.1   -0.0
    26.481   125.614   -0.1    0.1   -0.0
    26.490   125.614   -0.1    0.1   -0.0
    26.499   125.614   -0.1    0.1   -0.0
    26.508   125.614   -0.1    0.1   -0.0
    26.517   125.614   -0.1    0.1   -0.0
    26.526   125.614   -0.1    0.1   -0.0
    25.626   125.624    0.2    0.2    0.0
    25.635   125.624    0.2    0.2    0.0
    25.644   125.624    0.2    0.2    0.0
    25.653   125.624    0.2    0.2    0.0
    25.662   125.624    0.2    0.2    0.0
    25.671   125.624    0.2    0.2    0.0
    25.680   125.624    0.2    0.2    0.0
    25.689   125.624    0.2    0.2    0.0
    25.698   125.624    0.2    0.2    0.0
    25.707   125.624    0.3    0.3    0.0
    25.716   125.624    0.3    0.3    0.0
    25.725   125.624    0.3    0.3    0.0
    25.734   125.624    0.3    0.3    0.0
    25.743   125.624    0.3    0.3    0.0
    25.752   125.624    0.3    0.3    0.0
    25.761   125.624    0.4    0.3    0.0
    25.770   125.624    0.4    0.3    0.0
    25.779   125.624    0.4    0.3    0.0
    25.788   125.624    0.4    0.3    0.0
    25.797   125.624    0.4    0.3    0.1
    25.806   125.624    0.4    0.3    0.1
    25.815   125.624    0.4    0.3    0.1
    25.824   125.624    0.4    0.3    0.1
    25.833   125.624    0.4    0.3    0.1
    25.842   125.624    0.4    0.3    0.1
    25.851   125.624    0.3    0.3    0.1
    25.860   125.624    0.3    0.3    0.1
    25.869   125.624    0.2    0.3    0.2
    25.878   125.624    0.2    0.3    0.2
    25.887   125.624    0.1    0.3    0.2
    25.896   125.624    0.1    0.3    0.2
    25.905   125.624    0.0    0.3    0.2
    25.914   125.624   -0.0    0.4    0.2
    25.923   125.624   -0.1    0.4    0.3
    25.932   125.624   -0.1    0.4    0.3
    25.941   125.624   -0.2    0.4    0.3
    25.950   125.624   -0.2    0.5    0.3
    25.959   125.624   -0.2    0.5    0.3
    25.968   125.624   -0.2    0.5    0.3
    25.977   125.624   -0.2    0.5    0.3
    25.986   125.624   -0.2    0.6    0.3
    25.995   125.624   -0.2    0.6    0.3
    26.004   125.624   -0.2    0.6    0.3
    26.013   125.624   -0.2    0.6    0.3
    26.022   125.624   -0.2    0.6    0.3
    26.031   125.624   -0.1    0.6    0.3
    26.040   125.624   -0.1    0.6    0.3
    26.049   125.624   -0.1    0.6    0.3
    26.058   125.624   -0.1    0.6    0.3
    26.067   125.624   -0.1    0.6    0.2
    26.076   125.624   -0.1    0.5    0.2
    26.085   125.624   -0.2    0.5    0.2
    26.094   125.624   -0.2    0.5    0.2
    26.103   125.624   -0.2    0.5    0.2
    26.112   125.624   -0.3    0.5    0.1
    26.121   125.624   -0.3    0.5    0.1
    26.130   125.624   -0.3    0.5    0.1
    26.139   125.624   -0.3    0.5    0.1
    26.148   125.624   -0.4    0.4    0.1
    26.157   125.624   -0.4    0.4    0.1
    26.166   125.624   -0.4    0.4    0.1
    26.175   125.624   -0.4    0.4    0.0
    26.184   125.624   -0.3    0.4    0.0
    26.193   125.624   -0.3    0.4    0.0
    26.202   125.624   -0.3    0.4    0.0
    26.211   125.624   -0.3    0.4    0.0
    26.220   125.624   -0.3    0.4    0.0
    26.229   125.624   -0.3    0.3    0.0
    26.238   125.624   -0.3    0.3    0.0
    26.247   125.624   -0.2    0.3    0.0
    26.256   125.624   -0.2    0.3   -0.0
    26.265   125.624   -0.2    0.3   -0.0
    26.274   125.624   -0.2    0.3   -0.0
    26.283   125.624   -0.2    0.2   -0.0
    26.292   125.624   -0.2    0.2   -0.0
    26.301   125.624   -0.2    0.2   -0.0
    26.310   125.624   -0.2    0.2   -0.0
    26.319   125.624   -0.1    0.2   -0.0
    26.328   125.624   -0.1    0.2   -0.0
    26.337   125.624   -0.1    0.2   -0.0
    26.346   125.624   -0.1    0.2   -0.0
    26.355   125.624   -0.1    0.2   -0.0
    26.364   125.624   -0.1    0.2   -0.0
    26.373   125.624   -0.1    0.1   -0.0
    26.382   125.624   -0.1    0.1   -0.0
    26.391   125.624   -0.1    0.1   -0.0
    26.400   125.624   -0.1    0.1   -0.0
    26.409   125.624   -0.1    0.1   -0.0
    26.418   125.624   -0.1    0.1   -0.0
    26.427   125.624   -0.1    0.1   -0.0
    26.436   125.624   -0.1    0.1   -0.0
    26.445   125.624   -0.1    0.1   -0.0
    26.454   125.624   -0.1    0.1   -0.0
    26.463   125.624   -0.1    0.1   -0.0
    26.472   125.624   -0.1    0.1   -0.0
    26.481   125.624   -0.1    0.1   -0.0
    26.490   125.624   -0.1    0.1   -0.0
    26.499   125.624   -0.1    0.1   -0.0
    26.508   125.624   -0.1    0.1   -0.0
    26.517   125.624   -0.1    0.1   -0.0
    26.526   125.624   -0.1    0.1   -0.0
    25.626   125.634    0.2    0.2    0.0
    25.635   125.634    0.2    0.2    0.0
    25.644   125.634    0.2    0.2    0.0
    25.653   125.634    0.2    0.2    0.0
    25.662   125.634    0.2    0.2    0.0
    25.671   125.634    0.2    0.2    0.0
    25.680   125.634    0.2    0.2    0.0
    25.689   125.634    0.2    0.2    0.0
    25.698   125.634    0.2    0.2    0.0
    25.707   125.634    0.3    0.3    0.0
    25.716   125.634    0.3    0.3    0.0
    25.725   125.634    0.3    0.3    0.0
    25.734   125.634    0.3    0.3    0.0
    25.743   125.634    0.3    0.3    0.0
    25.752   125.634    0.4    0.3    0.0
    25.761   125.634    0.4    0.3    0.0
    25.770   125.634    0.4    0.4    0.0
    25.779   125.634    0.4    0.4    0.0
    25.788   125.634    0.4    0.4    0.0
    25.797   125.634    0.4    0.4    0.0
    25.806   125.634    0.4    0.4    0.1
    25.815   125.634    0.4    0.4    0.1
    25.824   125.634    0.4    0.4    0.1
    25.833   125.634    0.4    0.4    0.1
    25.842   125.634    0.4    0.4    0.1
    25.851   125.634    0.4    0.4    0.1
    25.860   125.634    0.3    0.3    0.1
    25.869   125.634    0.3    0.3    0.2
    25.878   125.634    0.2    0.3    0.2
    25.887   125.634    0.2    0.3    0.2
    25.896   125.634    0.1    0.4    0.2
    25.905   125.634    0.0    0.4    0.2
    25.914   125.634   -0.0    0.4    0.3
    25.923   125.634   -0.1    0.4    0.3
    25.932   125.634   -0.1    0.4    0.3
    25.941   125.634   -0.2    0.5    0.3
    25.950   125.634   -0.2    0.5    0.3
    25.959   125.634   -0.2    0.5    0.3
    25.968   125.634   -0.2    0.5    0.3
    25.977   125.634   -0.2    0.6    0.3
    25.986   125.634   -0.2    0.6    0.3
    25.995   125.634   -0.2    0.6    0.3
    26.004   125.634   -0.2    0.6    0.3
    26.013   125.634   -0.2    0.6    0.3
    26.022   125.634   -0.1    0.6    0.3
    26.031   125.634   -0.1    0.6    0.3
    26.040   125.634   -0.1    0.6    0.3
    26.049   125.634   -0.1    0.6    0.3
    26.058   125.634   -0.1    0.6    0.3
    26.067   125.634   -0.1    0.6    0.2
    26.076   125.634   -0.1    0.6    0.2
    26.085   125.634   -0.1    0.5    0.2
    26.094   125.634   -0.2    0.5    0.2
    26.103   125.634   -0.2    0.5    0.2
    26.112   125.634   -0.2    0.5    0.1
    26.121   125.634   -0.3    0.5    0.1
    26.130   125.634   -0.3    0.5    0.1
    26.139   125.634   -0.3    0.5    0.1
    26.148   125.634   -0.4    0.5    0.1
    26.157   125.634   -0.4    0.5    0.1
    26.166   125.634   -0.4    0.5    0.0
    26.175   125.634   -0.4    0.4    0.0
    26.184   125.634   -0.4    0.4    0.0
    26.193   125.634   -0.3    0.4    0.0
    26.202   125.634   -0.3    0.4    0.0
    26.211   125.634   -0.3    0.4    0.0
    26.220   125.634   -0.3    0.4    0.0
    26.229   125.634   -0.3    0.3    0.0
    26.238   125.634   -0.3    0.3    0.0
    26.247   125.634   -0.2    0.3   -0.0
    26.256   125.634   -0.2    0.3   -0.0
    26.265   125.634   -0.2    0.3   -0.0
    26.274   125.634   -0.2    0.3   -0.0
    26.283   125.634   -0.2    0.2   -0.0
    26.292   125.634   -0.2    0.2   -0.0
    26.301   125.634   -0.2    0.2   -0.0
    26.310   125.634   -0.2    0.2   -0.0
    26.319   125.634   -0.1    0.2   -0.0
    26.328   125.634   -0.1    0.2   -0.0
    26.337   125.634   -0.1    0.2   -0.0
    26.346   125.634   -0.1    0.2   -0.0
    26.355   125.634   -0.1    0.2   -0.0
    26.364   125.634   -0.1    0.1   -0.0
    26.373   125.634   -0.1    0.1   -0.0
    26.382   125.634   -0.1    0.1   -0.0
    26.391   125.634   -0.1    0.1   -0.0
    26.400   125.634   -0.1    0.1   -0.0
    26.409   125.634   -0.1    0.1   -0.0
    26.418   125.634   -0.1    0.1   -0.0
    26.427   125.634   -0.1    0.1   -0.0
    26.436   125.634   -0.1    0.1   -0.0
    26.445   125.634   -0.1    0.1   -0.0
    26.454   125.634   -0.1    0.1   -0.0
    26.463   125.634   -0.1    0.1   -0.0
    26.472   125.634   -0.1    0.1   -0.0
    26.481   125.634   -0.1    0.1   -0.0
    26.490   125.634   -0.1    0.1   -0.0
    26.499   125.634   -0.1    0.1   -0.0
    26.508   125.634   -0.1    0.1   -0.0
    26.517   125.634   -0.1    0.1   -0.0
    26.526   125.634   -0.1    0.1   -0.0
    25.626   125.644    0.1    0.2    0.0
    25.635   125.644    0.2    0.2    0.0
    25.644   125.644    0.2    0.2    0.0
    25.653   125.644    0.2    0.2    0.0
    25.662   125.644    0.2    0.2    0.0
    25.671   125.644    0.2    0.2    0.0
    25.680   125.644    0.2    0.2    0.0
    25.689   125.644    0.2    0.2    0.0
    25.698   125.644    0.2    0.2    0.0
    25.707   125.644    0.3    0.3    0.0
    25.716   125.644    0.3    0.3    0.0
    25.725   125.644    0.3    0.3    0.0
    25.734   125.644    0.3    0.3    0.0
    25.743   125.644    0.3    0.3    0.0
    25.752   125.644    0.4    0.3    0.0
    25.761   125.644    0.4    0.4    0.0
    25.770   125.644    0.4    0.4    0.0
    25.779   125.644    0.4    0.4    0.0
    25.788   125.644    0.5    0.4    0.0
    25.797   125.644    0.5    0.4    0.0
    25.806   125.644    0.5    0.4    0.0
    25.815   125.644    0.5    0.4    0.1
    25.824   125.644    0.5    0.4    0.1
    25.833   125.644    0.5    0.4    0.1
    25.842   125.644    0.5    0.4    0.1
    25.851   125.644    0.4    0.4    0.1
    25.860   125.644    0.4    0.4    0.1
    25.869   125.644    0.4    0.4    0.2
    25.878   125.644    0.3    0.4    0.2
    25.887   125.644    0.2    0.4    0.2
    25.896   125.644    0.1    0.4    0.2
    25.905   125.644    0.1    0.4    0.2
    25.914   125.644    0.0    0.4    0.3
    25.923   125.644   -0.1    0.4    0.3
    25.932   125.644   -0.1    0.5    0.3
    25.941   125.644   -0.2    0.5    0.3
    25.950   125.644   -0.2    0.5    0.3
    25.959   125.644   -0.2    0.6    0.3
    25.968   125.644   -0.2    0.6    0.3
    25.977   125.644   -0.2    0.6    0.3
    25.986   125.644   -0.2    0.6    0.3
    25.995   125.644   -0.2    0.7    0.3
    26.004   125.644   -0.1    0.7    0.3
    26.013   125.644   -0.1    0.7    0.3
    26.022   125.644   -0.1    0.7    0.3
    26.031   125.644   -0.1    0.7    0.3
    26.040   125.644   -0.0    0.7    0.3
    26.049   125.644   -0.0    0.7    0.3
    26.058   125.644   -0.0    0.7    0.3
    26.067   125.644   -0.0    0.6    0.2
    26.076   125.644   -0.0    0.6    0.2
    26.085   125.644   -0.1    0.6    0.2
    26.094   125.644   -0.1    0.6    0.2
    26.103   125.644   -0.2    0.5    0.2
    26.112   125.644   -0.2    0.5    0.1
    26.121   125.644   -0.3    0.5    0.1
    26.130   125.644   -0.3    0.5    0.1
    26.139   125.644   -0.4    0.5    0.1
    26.148   125.644   -0.4    0.5    0.1
    26.157   125.644   -0.4    0.5    0.1
    26.166   125.644   -0.4    0.5    0.0
    26.175   125.644   -0.4    0.5    0.0
    26.184   125.644   -0.4    0.4    0.0
    26.193   125.644   -0.4    0.4    0.0
    26.202   125.644   -0.3    0.4    0.0
    26.211   125.644   -0.3    0.4    0.0
    26.220   125.644   -0.3    0.4    0.0
    26.229   125.644   -0.3    0.3    0.0
    26.238   125.644   -0.3    0.3   -0.0
    26.247   125.644   -0.2    0.3   -0.0
    26.256   125.644   -0.2    0.3   -0.0
    26.265   125.644   -0.2    0.3   -0.0
    26.274   125.644   -0.2    0.3   -0.0
    26.283   125.644   -0.2    0.2   -0.0
    26.292   125.644   -0.2    0.2   -0.0
    26.301   125.644   -0.2    0.2   -0.0
    26.310   125.644   -0.2    0.2   -0.0
    26.319   125.644   -0.1    0.2   -0.0
    26.328   125.644   -0.1    0.2   -0.0
    26.337   125.644   -0.1    0.2   -0.0
    26.346   125.644   -0.1    0.2   -0.0
    26.355   125.644   -0.1    0.1   -0.0
    26.364   125.644   -0.1    0.1   -0.0
    26.373   125.644   -0.1    0.1   -0.0
    26.382   125.644   -0.1    0.1   -0.0
    26.391   125.644   -0.1    0.1   -0.0
    26.400   125.644   -0.1    0.1   -0.0
    26.409   125.644   -0.1    0.1   -0.0
    26.418   125.644   -0.1    0.1   -0.0
    26.427   125.644   -0.1    0.1   -0.0
    26.436   125.644   -0.1    0.1   -0.0
    26.445   125.644   -0.1    0.1   -0.0
    26.454   125.644   -0.1    0.1   -0.0
    26.463   125.644   -0.1    0.1   -0.0
    26.472   125.644   -0.1    0.1   -0.0
    26.481   125.644   -0.1    0.1   -0.0
    26.490   125.644   -0.1    0.1   -0.0
    26.499   125.644   -0.1    0.1   -0.0
    26.508   125.644   -0.1    0.1   -0.0
    26.517   125.644   -0.1    0.1   -0.0
    26.526   125.644   -0.1    0.1   -0.0
    25.626   125.654    0.1    0.1    0.0
    25.635   125.654    0.2    0.2    0.0
    25.644   125.654    0.2    0.2    0.0
    25.653   125.654    0.2    0.2    0.0
    25.662   125.654    0.2    0.2    0.0
    25.671   125.654    0.2    0.2    0.0
    25.680   125.654    0.2    0.2    0.0
    25.689   125.654    0.2    0.2    0.0
    25.698   125.654    0.2    0.2    0.0
    25.707   125.654    0.3    0.3    0.0
    25.716   125.654    0.3    0.3    0.0
    25.725   125.654    0.3    0.3    0.0
    25.734   125.654    0.3    0.3    0.0
    25.743   125.654    0.3    0.3    0.0
    25.752   125.654    0.4    0.4    0.0
    25.761   125.654    0.4    0.4    0.0
    25.770   125.654    0.4    0.4    0.0
    25.779   125.654    0.5    0.4    0.0
    25.788   125.654    0.5    0.4    0.0
    25.797   125.654    0.5    0.4    0.0
    25.806   125.654    0.5    0.4    0.0
    25.815   125.654    0.5    0.5    0.0
    25.824   125.654    0.6    0.5    0.1
    25.833   125.654    0.6    0.5    0.1
    25.842   125.654    0.5    0.4    0.1
    25.851   125.654    0.5    0.4    0.1
    25.860   125.654    0.5    0.4    0.1
    25.869   125.654    0.4    0.4    0.1
    25.878   125.654    0.4    0.4    0.2
    25.887   125.654    0.3    0.4    0.2
    25.896   125.654    0.2    0.4    0.2
    25.905   125.654    0.1    0.4    0.2
    25.914   125.654    0.0    0.4    0.2
    25.923   125.654   -0.0    0.5    0.3
    25.932   125.654   -0.1    0.5    0.3
    25.941   125.654   -0.1    0.5    0.3
    25.950   125.654   -0.2    0.6    0.3
    25.959   125.654   -0.2    0.6    0.3
    25.968   125.654   -0.2    0.6    0.3
    25.977   125.654   -0.2    0.6    0.3
    25.986   125.654   -0.2    0.7    0.3
    25.995   125.654   -0.1    0.7    0.3
    26.004   125.654   -0.1    0.7    0.3
    26.013   125.654   -0.1    0.7    0.3
    26.022   125.654   -0.0    0.8    0.3
    26.031   125.654    0.0    0.8    0.3
    26.040   125.654    0.0    0.8    0.3
    26.049   125.654    0.1    0.7    0.3
    26.058   125.654    0.1    0.7    0.3
    26.067   125.654    0.1    0.7    0.2
    26.076   125.654    0.1    0.6    0.2
    26.085   125.654    0.0    0.6    0.2
    26.094   125.654   -0.1    0.6    0.2
    26.103   125.654   -0.1    0.5    0.1
    26.112   125.654   -0.2    0.5    0.1
    26.121   125.654   -0.3    0.5    0.1
    26.130   125.654   -0.3    0.5    0.1
    26.139   125.654   -0.4    0.5    0.1
    26.148   125.654   -0.4    0.5    0.1
    26.157   125.654   -0.4    0.5    0.0
    26.166   125.654   -0.4    0.5    0.0
    26.175   125.654   -0.4    0.5    0.0
    26.184   125.654   -0.4    0.5    0.0
    26.193   125.654   -0.4    0.4    0.0
    26.202   125.654   -0.3    0.4    0.0
    26.211   125.654   -0.3    0.4    0.0
    26.220   125.654   -0.3    0.4    0.0
    26.229   125.654   -0.3    0.4   -0.0
    26.238   125.654   -0.3    0.3   -0.0
    26.247   125.654   -0.2    0.3   -0.0
    26.256   125.654   -0.2    0.3   -0.0
    26.265   125.654   -0.2    0.3   -0.0
    26.274   125.654   -0.2    0.3   -0.0
    26.283   125.654   -0.2    0.2   -0.0
    26.292   125.654   -0.2    0.2   -0.0
    26.301   125.654   -0.2    0.2   -0.0
    26.310   125.654   -0.1    0.2   -0.0
    26.319   125.654   -0.1    0.2   -0.0
    26.328   125.654   -0.1    0.2   -0.0
    26.337   125.654   -0.1    0.2   -0.0
    26.346   125.654   -0.1    0.2   -0.0
    26.355   125.654   -0.1    0.1   -0.0
    26.364   125.654   -0.1    0.1   -0.0
    26.373   125.654   -0.1    0.1   -0.0
    26.382   125.654   -0.1    0.1   -0.0
    26.391   125.654   -0.1    0.1   -0.0
    26.400   125.654   -0.1    0.1   -0.0
    26.409   125.654   -0.1    0.1   -0.0
    26.418   125.654   -0.1    0.1   -0.0
    26.427   125.654   -0.1    0.1   -0.0
    26.436   125.654   -0.1    0.1   -0.0
    26.445   125.654   -0.1    0.1   -0.0
    26.454   125.654   -0.1    0.1   -0.0
    26.463   125.654   -0.1    0.1   -0.0
    26.472   125.654   -0.1    0.1   -0.0
    26.481   125.654   -0.1    0.1   -0.0
    26.490   125.654   -0.1    0.1   -0.0
    26.499   125.654   -0.1    0.1   -0.0
    26.508   125.654   -0.1    0.1   -0.0
    26.517   125.654   -0.1    0.1   -0.0
    26.526   125.654   -0.1    0.1   -0.0
    25.626   125.664    0.1    0.1    0.0
    25.635   125.664    0.1    0.1    0.0
    25.644   125.664    0.2    0.2    0.0
    25.653   125.664    0.2    0.2    0.0
    25.662   125.664    0.2    0.2    0.0
    25.671   125.664    0.2    0.2    0.0
    25.680   125.664    0.2    0.2    0.0
    25.689   125.664    0.2    0.2    0.0
    25.698   125.664    0.2    0.2    0.0
    25.707   125.664    0.2    0.3    0.0
    25.716   125.664    0.3    0.3    0.0
    25.725   125.664    0.3    0.3    0.0
    25.734   125.664    0.3    0.3    0.0
    25.743   125.664    0.3    0.3    0.0
    25.752   125.664    0.4    0.4    0.0
    25.761   125.664    0.4    0.4    0.0
    25.770   125.664    0.4    0.4    0.0
    25.779   125.664    0.5    0.4    0.0
    25.788   125.664    0.5    0.5    0.0
    25.797   125.664    0.5    0.5    0.0
    25.806   125.664    0.6    0.5    0.0
    25.815   125.664    0.6    0.5    0.0
    25.824   125.664    0.6    0.5    0.0
    25.833   125.664    0.6    0.5    0.1
    25.842   125.664    0.6    0.5    0.1
    25.851   125.664    0.6    0.5    0.1
    25.860   125.664    0.6    0.5    0.1
    25.869   125.664    0.5    0.5    0.1
    25.878   125.664    0.4    0.4    0.1
    25.887   125.664    0.4    0.4    0.2
    25.896   125.664    0.2    0.4    0.2
    25.905   125.664    0.1    0.4    0.2
    25.914   125.664    0.1    0.5    0.2
    25.923   125.664   -0.0    0.5    0.2
    25.932   125.664   -0.1    0.5    0.3
    25.941   125.664   -0.1    0.6    0.3
    25.950   125.664   -0.2    0.6    0.3
    25.959   125.664   -0.2    0.6    0.3
    25.968   125.664   -0.2    0.7    0.3
    25.977   125.664   -0.2    0.7    0.3
    25.986   125.664   -0.2    0.7    0.3
    25.995   125.664   -0.1    0.7    0.3
    26.004   125.664   -0.1    0.8    0.3
    26.013   125.664   -0.0    0.8    0.3
    26.022   125.664    0.0    0.8    0.3
    26.031   125.664    0.1    0.8    0.3
    26.040   125.664    0.1    0.8    0.3
    26.049   125.664    0.2    0.8    0.3
    26.058   125.664    0.2    0.8    0.3
    26.067   125.664    0.2    0.7    0.2
    26.076   125.664    0.2    0.7    0.2
    26.085   125.664    0.1    0.6    0.2
    26.094   125.664    0.0    0.6    0.2
    26.103   125.664   -0.1    0.6    0.1
    26.112   125.664   -0.2    0.5    0.1
    26.121   125.664   -0.3    0.5    0.1
    26.130   125.664   -0.3    0.5    0.1
    26.139   125.664   -0.4    0.5    0.1
    26.148   125.664   -0.4    0.5    0.0
    26.157   125.664   -0.4    0.5    0.0
    26.166   125.664   -0.4    0.5    0.0
    26.175   125.664   -0.4    0.5    0.0
    26.184   125.664   -0.4    0.5    0.0
    26.193   125.664   -0.4    0.5    0.0
    26.202   125.664   -0.3    0.4    0.0
    26.211   125.664   -0.3    0.4   -0.0
    26.220   125.664   -0.3    0.4   -0.0
    26.229   125.664   -0.3    0.3   -0.0
    26.238   125.664   -0.3    0.3   -0.0
    26.247   125.664   -0.2    0.3   -0.0
    26.256   125.664   -0.2    0.3   -0.0
    26.265   125.664   -0.2    0.3   -0.0
    26.274   125.664   -0.2    0.2   -0.0
    26.283   125.664   -0.2    0.2   -0.0
    26.292   125.664   -0.2    0.2   -0.0
    26.301   125.664   -0.2    0.2   -0.0
    26.310   125.664   -0.1    0.2   -0.0
    26.319   125.664   -0.1    0.2   -0.0
    26.328   125.664   -0.1    0.2   -0.0
    26.337   125.664   -0.1    0.2   -0.0
    26.346   125.664   -0.1    0.1   -0.0
    26.355   125.664   -0.1    0.1   -0.0
    26.364   125.664   -0.1    0.1   -0.0
    26.373   125.664   -0.1    0.1   -0.0
    26.382   125.664   -0.1    0.1   -0.0
    26.391   125.664   -0.1    0.1   -0.0
    26.400   125.664   -0.1    0.1   -0.0
    26.409   125.664   -0.1    0.1   -0.0
    26.418   125.664   -0.1    0.1   -0.0
    26.427   125.664   -0.1    0.1   -0.0
    26.436   125.664   -0.1    0.1   -0.0
    26.445   125.664   -0.1    0.1   -0.0
    26.454   125.664   -0.1    0.1   -0.0
    26.463   125.664   -0.1    0.1   -0.0
    26.472   125.664   -0.1    0.1   -0.0
    26.481   125.664   -0.1    0.1   -0.0
    26.490   125.664   -0.1    0.1   -0.0
    26.499   125.664   -0.1    0.1   -0.0
    26.508   125.664   -0.1    0.1   -0.0
    26.517   125.664   -0.1    0.1   -0.0
    26.526   125.664   -0.1    0.0   -0.0
    25.626   125.674    0.1    0.1    0.0
    25.635   125.674    0.1    0.1    0.0
    25.644   125.674    0.1    0.1    0.0
    25.653   125.674    0.2    0.2    0.0
    25.662   125.674    0.2    0.2    0.0
    25.671   125.674    0.2    0.2    0.0
    25.680   125.674    0.2    0.2    0.0
    25.689   125.674    0.2    0.2    0.0
    25.698   125.674    0.2    0.2    0.0
    25.707   125.674    0.2    0.2    0.0
    25.716   125.674    0.3    0.3    0.0
    25.725   125.674    0.3    0.3    0.0
    25.734   125.674    0.3    0.3    0.0
    25.743   125.674    0.3    0.3    0.0
    25.752   125.674    0.4    0.4   -0.0
    25.761   125.674    0.4    0.4   -0.0
    25.770   125.674    0.5    0.4   -0.0
    25.779   125.674    0.5    0.5   -0.0
    25.788   125.674    0.5    0.5    0.0
    25.797   125.674    0.6    0.5    0.0
    25.806   125.674    0.6    0.5    0.0
    25.815   125.674    0.7    0.6    0.0
    25.824   125.674    0.7    0.6    0.0
    25.833   125.674    0.7    0.6    0.0
    25.842   125.674    0.7    0.6    0.0
    25.851   125.674    0.7    0.6    0.0
    25.860   125.674    0.7    0.6    0.1
    25.869   125.674    0.7    0.5    0.1
    25.878   125.674    0.6    0.5    0.1
    25.887   125.674    0.4    0.5    0.1
    25.896   125.674    0.3    0.5    0.1
    25.905   125.674    0.2    0.5    0.2
    25.914   125.674    0.1    0.5    0.2
    25.923   125.674   -0.0    0.5    0.2
    25.932   125.674   -0.1    0.6    0.2
    25.941   125.674   -0.1    0.6    0.3
    25.950   125.674   -0.2    0.6    0.3
    25.959   125.674   -0.2    0.7    0.3
    25.968   125.674   -0.2    0.7    0.3
    25.977   125.674   -0.2    0.7    0.3
    25.986   125.674   -0.1    0.7    0.3
    25.995   125.674   -0.1    0.8    0.3
    26.004   125.674   -0.0    0.8    0.3
    26.013   125.674    0.0    0.8    0.3
    26.022   125.674    0.1    0.9    0.3
    26.031   125.674    0.2    0.9    0.3
    26.040   125.674    0.2    0.9    0.3
    26.049   125.674    0.3    0.9    0.3
    26.058   125.674    0.3    0.9    0.2
    26.067   125.674    0.3    0.8    0.2
    26.076   125.674    0.3    0.8    0.2
    26.085   125.674    0.2    0.7    0.2
    26.094   125.674    0.1    0.6    0.1
    26.103   125.674   -0.0    0.6    0.1
    26.112   125.674   -0.2    0.6    0.1
    26.121   125.674   -0.3    0.6    0.1
    26.130   125.674   -0.4    0.6    0.1
    26.139   125.674   -0.4    0.6    0.0
    26.148   125.674   -0.5    0.6    0.0
    26.157   125.674   -0.5    0.6    0.0
    26.166   125.674   -0.5    0.5    0.0
    26.175   125.674   -0.4    0.5    0.0
    26.184   125.674   -0.4    0.5    0.0
    26.193   125.674   -0.4    0.5    0.0
    26.202   125.674   -0.3    0.4   -0.0
    26.211   125.674   -0.3    0.4   -0.0
    26.220   125.674   -0.3    0.4   -0.0
    26.229   125.674   -0.3    0.3   -0.0
    26.238   125.674   -0.2    0.3   -0.0
    26.247   125.674   -0.2    0.3   -0.0
    26.256   125.674   -0.2    0.3   -0.0
    26.265   125.674   -0.2    0.3   -0.0
    26.274   125.674   -0.2    0.2   -0.0
    26.283   125.674   -0.2    0.2   -0.0
    26.292   125.674   -0.2    0.2   -0.0
    26.301   125.674   -0.1    0.2   -0.0
    26.310   125.674   -0.1    0.2   -0.0
    26.319   125.674   -0.1    0.2   -0.0
    26.328   125.674   -0.1    0.2   -0.0
    26.337   125.674   -0.1    0.1   -0.0
    26.346   125.674   -0.1    0.1   -0.0
    26.355   125.674   -0.1    0.1   -0.0
    26.364   125.674   -0.1    0.1   -0.0
    26.373   125.674   -0.1    0.1   -0.0
    26.382   125.674   -0.1    0.1   -0.0
    26.391   125.674   -0.1    0.1   -0.0
    26.400   125.674   -0.1    0.1   -0.0
    26.409   125.674   -0.1    0.1   -0.0
    26.418   125.674   -0.1    0.1   -0.0
    26.427   125.674   -0.1    0.1   -0.0
    26.436   125.674   -0.1    0.1   -0.0
    26.445   125.674   -0.1    0.1   -0.0
    26.454   125.674   -0.1    0.1   -0.0
    26.463   125.674   -0.1    0.1   -0.0
    26.472   125.674   -0.1    0.1   -0.0
    26.481   125.674   -0.1    0.1   -0.0
    26.490   125.674   -0.1    0.1   -0.0
    26.499   125.674   -0.1    0.1   -0.0
    26.508   125.674   -0.1    0.0   -0.0
    26.517   125.674   -0.1    0.0   -0.0
    26.526   125.674   -0.1    0.0   -0.0
    25.626   125.684    0.1    0.1    0.0
    25.635   125.684    0.1    0.1    0.0
    25.644   125.684    0.1    0.1    0.0
    25.653   125.684    0.2    0.1    0.0
    25.662   125.684    0.2    0.1    0.0
    25.671   125.684    0.2    0.2    0.0
    25.680   125.684    0.2    0.2    0.0
    25.689   125.684    0.2    0.2    0.0
    25.698   125.684    0.2    0.2    0.0
    25.707   125.684    0.2    0.2    0.0
    25.716   125.684    0.3    0.3    0.0
    25.725   125.684    0.3    0.3   -0.0
    25.734   125.684    0.3    0.3   -0.0
    25.743   125.684    0.3    0.3   -0.0
    25.752   125.684    0.4    0.4   -0.0
    25.761   125.684    0.4    0.4   -0.0
    25.770   125.684    0.5    0.4   -0.0
    25.779   125.684    0.5    0.5   -0.0
    25.788   125.684    0.6    0.5   -0.0
    25.797   125.684    0.6    0.5   -0.0
    25.806   125.684    0.7    0.6   -0.0
    25.815   125.684    0.7    0.6   -0.0
    25.824   125.684    0.8    0.6   -0.0
    25.833   125.684    0.8    0.7   -0.0
    25.842   125.684    0.9    0.7   -0.0
    25.851   125.684    0.9    0.7   -0.0
    25.860   125.684    0.9    0.6    0.0
    25.869   125.684    0.8    0.6    0.0
    25.878   125.684    0.7    0.6    0.0
    25.887   125.684    0.6    0.5    0.1
    25.896   125.684    0.4    0.5    0.1
    25.905   125.684    0.3    0.5    0.1
    25.914   125.684    0.1    0.6    0.2
    25.923   125.684    0.0    0.6    0.2
    25.932   125.684   -0.1    0.6    0.2
    25.941   125.684   -0.1    0.6    0.2
    25.950   125.684   -0.2    0.7    0.3
    25.959   125.684   -0.2    0.7    0.3
    25.968   125.684   -0.2    0.7    0.3
    25.977   125.684   -0.1    0.7    0.3
    25.986   125.684   -0.1    0.8    0.3
    25.995   125.684   -0.1    0.8    0.3
    26.004   125.684   -0.0    0.8    0.3
    26.013   125.684    0.1    0.9    0.3
    26.022   125.684    0.1    0.9    0.3
    26.031   125.684    0.2    1.0    0.3
    26.040   125.684    0.3    1.0    0.3
    26.049   125.684    0.4    1.0    0.2
    26.058   125.684    0.5    1.0    0.2
    26.067   125.684    0.5    0.9    0.2
    26.076   125.684    0.5    0.8    0.1
    26.085   125.684    0.4    0.8    0.1
    26.094   125.684    0.3    0.7    0.1
    26.103   125.684    0.1    0.6    0.1
    26.112   125.684   -0.1    0.6    0.0
    26.121   125.684   -0.3    0.6    0.0
    26.130   125.684   -0.4    0.6    0.0
    26.139   125.684   -0.5    0.6    0.0
    26.148   125.684   -0.5    0.6    0.0
    26.157   125.684   -0.5    0.6    0.0
    26.166   125.684   -0.5    0.6    0.0
    26.175   125.684   -0.4    0.5   -0.0
    26.184   125.684   -0.4    0.5   -0.0
    26.193   125.684   -0.4    0.5   -0.0
    26.202   125.684   -0.3    0.4   -0.0
    26.211   125.684   -0.3    0.4   -0.0
    26.220   125.684   -0.3    0.4   -0.0
    26.229   125.684   -0.3    0.3   -0.0
    26.238   125.684   -0.2    0.3   -0.0
    26.247   125.684   -0.2    0.3   -0.0
    26.256   125.684   -0.2    0.3   -0.0
    26.265   125.684   -0.2    0.2   -0.0
    26.274   125.684   -0.2    0.2   -0.0
    26.283   125.684   -0.2    0.2   -0.0
    26.292   125.684   -0.2    0.2   -0.0
    26.301   125.684   -0.1    0.2   -0.0
    26.310   125.684   -0.1    0.2   -0.0
    26.319   125.684   -0.1    0.1   -0.0
    26.328   125.684   -0.1    0.1   -0.0
    26.337   125.684   -0.1    0.1   -0.0
    26.346   125.684   -0.1    0.1   -0.0
    26.355   125.684   -0.1    0.1   -0.0
    26.364   125.684   -0.1    0.1   -0.0
    26.373   125.684   -0.1    0.1   -0.0
    26.382   125.684   -0.1    0.1   -0.0
    26.391   125.684   -0.1    0.1   -0.0
    26.400   125.684   -0.1    0.1   -0.0
    26.409   125.684   -0.1    0.1   -0.0
    26.418   125.684   -0.1    0.1   -0.0
    26.427   125.684   -0.1    0.1   -0.0
    26.436   125.684   -0.1    0.1   -0.0
    26.445   125.684   -0.1    0.1   -0.0
    26.454   125.684   -0.1    0.1   -0.0
    26.463   125.684   -0.1    0.1   -0.0
    26.472   125.684   -0.1    0.1   -0.0
    26.481   125.684   -0.1    0.1   -0.0
    26.490   125.684   -0.1    0.0   -0.0
    26.499   125.684   -0.1    0.0   -0.0
    26.508   125.684   -0.1    0.0   -0.0
    26.517   125.684   -0.1    0.0   -0.0
    26.526   125.684   -0.0    0.0   -0.0
    25.626   125.694    0.1    0.1    0.0
    25.635   125.694    0.1    0.1    0.0
    25.644   125.694    0.1    0.1    0.0
    25.653   125.694    0.1    0.1    0.0
    25.662   125.694    0.2    0.1    0.0
    25.671   125.694    0.2    0.1    0.0
    25.680   125.694    0.2    0.2    0.0
    25.689   125.694    0.2    0.2    0.0
    25.698   125.694    0.2    0.2    0.0
    25.707   125.694    0.2    0.2    0.0
    25.716   125.694    0.2    0.2    0.0
    25.725   125.694    0.3    0.3   -0.0
    25.734   125.694    0.3    0.3   -0.0
    25.743   125.694    0.3    0.3   -0.0
    25.752   125.694    0.4    0.4   -0.0
    25.761   125.694    0.4    0.4   -0.0
    25.770   125.694    0.5    0.5   -0.0
    25.779   125.694    0.5    0.5   -0.0
    25.788   125.694    0.6    0.5   -0.0
    25.797   125.694    0.7    0.6   -0.0
    25.806   125.694    0.7    0.6   -0.0
    25.815   125.694    0.8    0.7   -0.1
    25.824   125.694    0.8    0.7   -0.1
    25.833   125.694    0.9    0.8   -0.1
    25.842   125.694    1.0    0.8   -0.1
    25.851   125.694    1.1    0.8   -0.1
    25.860   125.694    1.1    0.8   -0.1
    25.869   125.694    1.0    0.7   -0.1
    25.878   125.694    0.9    0.7   -0.1
    25.887   125.694    0.7    0.6   -0.0
    25.896   125.694    0.5    0.6    0.0
    25.905   125.694    0.3    0.6    0.1
    25.914   125.694    0.2    0.6    0.1
    25.923   125.694    0.0    0.6    0.1
    25.932   125.694   -0.0    0.7    0.2
    25.941   125.694   -0.1    0.7    0.2
    25.950   125.694   -0.1    0.7    0.2
    25.959   125.694   -0.2    0.7    0.2
    25.968   125.694   -0.1    0.7    0.3
    25.977   125.694   -0.1    0.8    0.3
    25.986   125.694   -0.1    0.8    0.3
    25.995   125.694   -0.0    0.8    0.3
    26.004   125.694    0.0    0.9    0.3
    26.013   125.694    0.1    0.9    0.3
    26.022   125.694    0.2    1.0    0.3
    26.031   125.694    0.3    1.0    0.3
    26.040   125.694    0.5    1.1    0.2
    26.049   125.694    0.6    1.1    0.2
    26.058   125.694    0.7    1.1    0.2
    26.067   125.694    0.8    1.1    0.1
    26.076   125.694    0.8    1.0    0.1
    26.085   125.694    0.7    0.8    0.0
    26.094   125.694    0.4    0.7    0.0
    26.103   125.694    0.2    0.7   -0.0
    26.112   125.694   -0.1    0.6   -0.0
    26.121   125.694   -0.3    0.6   -0.0
    26.130   125.694   -0.5    0.7   -0.0
    26.139   125.694   -0.5    0.7   -0.0
    26.148   125.694   -0.5    0.7   -0.0
    26.157   125.694   -0.5    0.6   -0.0
    26.166   125.694   -0.5    0.6   -0.0
    26.175   125.694   -0.5    0.6   -0.0
    26.184   125.694   -0.4    0.5   -0.0
    26.193   125.694   -0.4    0.5   -0.0
    26.202   125.694   -0.3    0.4   -0.0
    26.211   125.694   -0.3    0.4   -0.0
    26.220   125.694   -0.3    0.4   -0.0
    26.229   125.694   -0.3    0.3   -0.0
    26.238   125.694   -0.2    0.3   -0.0
    26.247   125.694   -0.2    0.3   -0.0
    26.256   125.694   -0.2    0.2   -0.0
    26.265   125.694   -0.2    0.2   -0.0
    26.274   125.694   -0.2    0.2   -0.0
    26.283   125.694   -0.2    0.2   -0.0
    26.292   125.694   -0.1    0.2   -0.0
    26.301   125.694   -0.1    0.2   -0.0
    26.310   125.694   -0.1    0.1   -0.0
    26.319   125.694   -0.1    0.1   -0.0
    26.328   125.694   -0.1    0.1   -0.0
    26.337   125.694   -0.1    0.1   -0.0
    26.346   125.694   -0.1    0.1   -0.0
    26.355   125.694   -0.1    0.1   -0.0
    26.364   125.694   -0.1    0.1   -0.0
    26.373   125.694   -0.1    0.1   -0.0
    26.382   125.694   -0.1    0.1   -0.0
    26.391   125.694   -0.1    0.1   -0.0
    26.400   125.694   -0.1    0.1   -0.0
    26.409   125.694   -0.1    0.1   -0.0
    26.418   125.694   -0.1    0.1   -0.0
    26.427   125.694   -0.1    0.1   -0.0
    26.436   125.694   -0.1    0.1   -0.0
    26.445   125.694   -0.1    0.1   -0.0
    26.454   125.694   -0.1    0.1   -0.0
    26.463   125.694   -0.1    0.1   -0.0
    26.472   125.694   -0.1    0.0   -0.0
    26.481   125.694   -0.1    0.0   -0.0
    26.490   125.694   -0.1    0.0   -0.0
    26.499   125.694   -0.1    0.0   -0.0
    26.508   125.694   -0.1    0.0   -0.0
    26.517   125.694   -0.1    0.0   -0.0
    26.526   125.694   -0.0    0.0   -0.0
    25.626   125.704    0.1    0.1    0.0
    25.635   125.704    0.1    0.1    0.0
    25.644   125.704    0.1    0.1    0.0
    25.653   125.704    0.1    0.1    0.0
    25.662   125.704    0.1    0.1    0.0
    25.671   125.704    0.2    0.1    0.0
    25.680   125.704    0.2    0.1    0.0
    25.689   125.704    0.2    0.1    0.0
    25.698   125.704    0.2    0.2    0.0
    25.707   125.704    0.2    0.2    0.0
    25.716   125.704    0.2    0.2    0.0
    25.725   125.704    0.3    0.2   -0.0
    25.734   125.704    0.3    0.3   -0.0
    25.743   125.704    0.3    0.3   -0.0
    25.752   125.704    0.4    0.4   -0.0
    25.761   125.704    0.4    0.4   -0.0
    25.770   125.704    0.5    0.5   -0.0
    25.779   125.704    0.6    0.5   -0.1
    25.788   125.704    0.6    0.5   -0.1
    25.797   125.704    0.7    0.6   -0.1
    25.806   125.704    0.7    0.7   -0.1
    25.815   125.704    0.8    0.7   -0.1
    25.824   125.704    0.9    0.8   -0.1
    25.833   125.704    1.0    0.9   -0.1
    25.842   125.704    1.1    1.0   -0.1
    25.851   125.704    1.3    1.0   -0.2
    25.860   125.704    1.3    0.9   -0.2
    25.869   125.704    1.3    0.9   -0.2
    25.878   125.704    1.1    0.8   -0.2
    25.887   125.704    0.9    0.7   -0.2
    25.896   125.704    0.6    0.7   -0.1
    25.905   125.704    0.4    0.7   -0.1
    25.914   125.704    0.2    0.7    0.0
    25.923   125.704    0.1    0.7    0.1
    25.932   125.704   -0.0    0.7    0.1
    25.941   125.704   -0.1    0.7    0.1
    25.950   125.704   -0.1    0.7    0.2
    25.959   125.704   -0.1    0.7    0.2
    25.968   125.704   -0.1    0.7    0.2
    25.977   125.704   -0.1    0.8    0.2
    25.986   125.704   -0.1    0.8    0.2
    25.995   125.704    0.0    0.8    0.3
    26.004   125.704    0.1    0.9    0.3
    26.013   125.704    0.2    0.9    0.2
    26.022   125.704    0.3    1.0    0.2
    26.031   125.704    0.4    1.1    0.2
    26.040   125.704    0.6    1.2    0.2
    26.049   125.704    0.8    1.3    0.1
    26.058   125.704    1.0    1.3    0.1
    26.067   125.704    1.1    1.2    0.0
    26.076   125.704    1.1    1.1   -0.1
    26.085   125.704    1.0    1.0   -0.1
    26.094   125.704    0.7    0.8   -0.1
    26.103   125.704    0.3    0.7   -0.1
    26.112   125.704   -0.1    0.7   -0.1
    26.121   125.704   -0.4    0.7   -0.1
    26.130   125.704   -0.5    0.7   -0.0
    26.139   125.704   -0.6    0.7   -0.0
    26.148   125.704   -0.6    0.7   -0.0
    26.157   125.704   -0.6    0.7   -0.0
    26.166   125.704   -0.5    0.6   -0.0
    26.175   125.704   -0.5    0.6   -0.0
    26.184   125.704   -0.4    0.5   -0.0
    26.193   125.704   -0.4    0.5   -0.0
    26.202   125.704   -0.3    0.4   -0.0
    26.211   125.704   -0.3    0.4   -0.0
    26.220   125.704   -0.3    0.3   -0.0
    26.229   125.704   -0.2    0.3   -0.0
    26.238   125.704   -0.2    0.3   -0.0
    26.247   125.704   -0.2    0.2   -0.0
    26.256   125.704   -0.2    0.2   -0.0
    26.265   125.704   -0.2    0.2   -0.0
    26.274   125.704   -0.2    0.2   -0.0
    26.283   125.704   -0.2    0.2   -0.0
    26.292   125.704   -0.1    0.2   -0.0
    26.301   125.704   -0.1    0.1   -0.0
    26.310   125.704   -0.1    0.1   -0.0
    26.319   125.704   -0.1    0.1   -0.0
    26.328   125.704   -0.1    0.1   -0.0
    26.337   125.704   -0.1    0.1   -0.0
    26.346   125.704   -0.1    0.1   -0.0
    26.355   125.704   -0.1    0.1   -0.0
    26.364   125.704   -0.1    0.1   -0.0
    26.373   125.704   -0.1    0.1   -0.0
    26.382   125.704   -0.1    0.1   -0.0
    26.391   125.704   -0.1    0.1   -0.0
    26.400   125.704   -0.1    0.1   -0.0
    26.409   125.704   -0.1    0.1   -0.0
    26.418   125.704   -0.1    0.1   -0.0
    26.427   125.704   -0.1    0.1   -0.0
    26.436   125.704   -0.1    0.1   -0.0
    26.445   125.704   -0.1    0.1   -0.0
    26.454   125.704   -0.1    0.0   -0.0
    26.463   125.704   -0.1    0.0   -0.0
    26.472   125.704   -0.1    0.0   -0.0
    26.481   125.704   -0.1    0.0   -0.0
    26.490   125.704   -0.1    0.0   -0.0
    26.499   125.704   -0.1    0.0   -0.0
    26.508   125.704   -0.1    0.0   -0.0
    26.517   125.704   -0.0    0.0   -0.0
    26.526   125.704   -0.0    0.0   -0.0
    25.626   125.714    0.1    0.1    0.0
    25.635   125.714    0.1    0.1    0.0
    25.644   125.714    0.1    0.1    0.0
    25.653   125.714    0.1    0.1    0.0
    25.662   125.714    0.1    0.1    0.0
    25.671   125.714    0.1    0.1    0.0
    25.680   125.714    0.2    0.1    0.0
    25.689   125.714    0.2    0.1    0.0
    25.698   125.714    0.2    0.1    0.0
    25.707   125.714    0.2    0.2    0.0
    25.716   125.714    0.2    0.2    0.0
    25.725   125.714    0.2    0.2   -0.0
    25.734   125.714    0.3    0.2   -0.0
    25.743   125.714    0.3    0.3   -0.0
    25.752   125.714    0.3    0.3   -0.0
    25.761   125.714    0.4    0.4   -0.0
    25.770   125.714    0.5    0.4   -0.1
    25.779   125.714    0.6    0.5   -0.1
    25.788   125.714    0.7    0.6   -0.1
    25.797   125.714    0.7    0.6   -0.1
    25.806   125.714    0.8    0.7   -0.1
    25.815   125.714    0.8    0.8   -0.2
    25.824   125.714    0.9    0.9   -0.2
    25.833   125.714    1.1    1.0   -0.2
    25.842   125.714    1.3    1.1   -0.3
    25.851   125.714    1.5    1.2   -0.3
    25.860   125.714    1.7    1.2   -0.4
    25.869   125.714    1.7    1.1   -0.4
    25.878   125.714    1.5    1.0   -0.4
    25.887   125.714    1.1    0.9   -0.4
    25.896   125.714    0.8    0.8   -0.3
    25.905   125.714    0.5    0.8   -0.2
    25.914   125.714    0.3    0.8   -0.1
    25.923   125.714    0.1    0.8   -0.1
    25.932   125.714    0.0    0.8    0.0
    25.941   125.714   -0.1    0.8    0.1
    25.950   125.714   -0.1    0.7    0.1
    25.959   125.714   -0.1    0.7    0.1
    25.968   125.714   -0.1    0.7    0.2
    25.977   125.714   -0.1    0.7    0.2
    25.986   125.714   -0.0    0.8    0.2
    25.995   125.714    0.0    0.8    0.2
    26.004   125.714    0.1    0.9    0.2
    26.013   125.714    0.2    0.9    0.2
    26.022   125.714    0.3    1.0    0.2
    26.031   125.714    0.5    1.1    0.2
    26.040   125.714    0.7    1.3    0.1
    26.049   125.714    0.9    1.4    0.0
    26.058   125.714    1.2    1.5   -0.0
    26.067   125.714    1.5    1.5   -0.1
    26.076   125.714    1.6    1.4   -0.2
    26.085   125.714    1.4    1.2   -0.3
    26.094   125.714    1.0    1.0   -0.3
    26.103   125.714    0.5    0.8   -0.3
    26.112   125.714   -0.1    0.8   -0.2
    26.121   125.714   -0.5    0.8   -0.1
    26.130   125.714   -0.6    0.8   -0.1
    26.139   125.714   -0.7    0.8   -0.1
    26.148   125.714   -0.7    0.8   -0.0
    26.157   125.714   -0.6    0.7   -0.0
    26.166   125.714   -0.5    0.6   -0.0
    26.175   125.714   -0.5    0.6   -0.0
    26.184   125.714   -0.4    0.5   -0.0
    26.193   125.714   -0.4    0.4   -0.0
    26.202   125.714   -0.3    0.4   -0.0
    26.211   125.714   -0.3    0.3   -0.0
    26.220   125.714   -0.3    0.3   -0.0
    26.229   125.714   -0.2    0.3   -0.0
    26.238   125.714   -0.2    0.2   -0.0
    26.247   125.714   -0.2    0.2   -0.0
    26.256   125.714   -0.2    0.2   -0.0
    26.265   125.714   -0.2    0.2   -0.0
    26.274   125.714   -0.2    0.2   -0.0
    26.283   125.714   -0.1    0.1   -0.0
    26.292   125.714   -0.1    0.1   -0.0
    26.301   125.714   -0.1    0.1   -0.0
    26.310   125.714   -0.1    0.1   -0.0
    26.319   125.714   -0.1    0.1   -0.0
    26.328   125.714   -0.1    0.1   -0.0
    26.337   125.714   -0.1    0.1   -0.0
    26.346   125.714   -0.1    0.1   -0.0
    26.355   125.714   -0.1    0.1   -0.0
    26.364   125.714   -0.1    0.1   -0.0
    26.373   125.714   -0.1    0.1   -0.0
    26.382   125.714   -0.1    0.1   -0.0
    26.391   125.714   -0.1    0.1   -0.0
    26.400   125.714   -0.1    0.1   -0.0
    26.409   125.714   -0.1    0.1   -0.0
    26.418   125.714   -0.1    0.1   -0.0
    26.427   125.714   -0.1    0.0   -0.0
    26.436   125.714   -0.1    0.0   -0.0
    26.445   125.714   -0.1    0.0   -0.0
    26.454   125.714   -0.1    0.0   -0.0
    26.463   125.714   -0.1    0.0   -0.0
    26.472   125.714   -0.1    0.0   -0.0
    26.481   125.714   -0.1    0.0   -0.0
    26.490   125.714   -0.1    0.0   -0.0
    26.499   125.714   -0.1    0.0   -0.0
    26.508   125.714   -0.1    0.0   -0.0
    26.517   125.714   -0.0    0.0   -0.0
    26.526   125.714   -0.0    0.0   -0.0
    25.626   125.724    0.1    0.0    0.0
    25.635   125.724    0.1    0.0    0.0
    25.644   125.724    0.1    0.0    0.0
    25.653   125.724    0.1    0.1    0.0
    25.662   125.724    0.1    0.1    0.0
    25.671   125.724    0.1    0.1    0.0
    25.680   125.724    0.2    0.1    0.0
    25.689   125.724    0.2    0.1    0.0
    25.698   125.724    0.2    0.1    0.0
    25.707   125.724    0.2    0.1    0.0
    25.716   125.724    0.2    0.1    0.0
    25.725   125.724    0.2    0.2    0.0
    25.734   125.724    0.2    0.2   -0.0
    25.743   125.724    0.3    0.2   -0.0
    25.752   125.724    0.3    0.3   -0.0
    25.761   125.724    0.4    0.3   -0.0
    25.770   125.724    0.5    0.4   -0.1
    25.779   125.724    0.6    0.5   -0.1
    25.788   125.724    0.7    0.6   -0.1
    25.797   125.724    0.8    0.6   -0.2
    25.806   125.724    0.8    0.7   -0.2
    25.815   125.724    0.8    0.8   -0.2
    25.824   125.724    0.9    0.9   -0.2
    25.833   125.724    1.0    1.1   -0.3
    25.842   125.724    1.3    1.3   -0.4
    25.851   125.724    1.7    1.5   -0.5
    25.860   125.724    2.1    1.6   -0.7
    25.869   125.724    2.2    1.4   -0.8
    25.878   125.724    1.9    1.2   -0.8
    25.887   125.724    1.4    1.1   -0.7
    25.896   125.724    0.9    1.0   -0.5
    25.905   125.724    0.6    1.0   -0.4
    25.914   125.724    0.3    1.0   -0.3
    25.923   125.724    0.2    0.9   -0.2
    25.932   125.724    0.1    0.8   -0.1
    25.941   125.724   -0.0    0.8   -0.1
    25.950   125.724   -0.0    0.7   -0.0
    25.959   125.724   -0.1    0.7    0.0
    25.968   125.724   -0.1    0.7    0.1
    25.977   125.724   -0.1    0.7    0.1
    25.986   125.724   -0.0    0.7    0.1
    25.995   125.724    0.1    0.8    0.1
    26.004   125.724    0.2    0.8    0.1
    26.013   125.724    0.2    0.9    0.1
    26.022   125.724    0.3    1.0    0.1
    26.031   125.724    0.5    1.1    0.1
    26.040   125.724    0.7    1.3    0.0
    26.049   125.724    1.0    1.6   -0.1
    26.058   125.724    1.5    1.8   -0.2
    26.067   125.724    1.9    1.9   -0.4
    26.076   125.724    2.2    1.8   -0.5
    26.085   125.724    2.1    1.5   -0.6
    26.094   125.724    1.5    1.2   -0.6
    26.103   125.724    0.7    1.0   -0.5
    26.112   125.724   -0.1    0.9   -0.4
    26.121   125.724   -0.6    1.0   -0.2
    26.130   125.724   -0.8    1.0   -0.1
    26.139   125.724   -0.8    0.9   -0.1
    26.148   125.724   -0.7    0.8   -0.1
    26.157   125.724   -0.6    0.7   -0.0
    26.166   125.724   -0.5    0.6   -0.0
    26.175   125.724   -0.4    0.5   -0.0
    26.184   125.724   -0.4    0.5   -0.0
    26.193   125.724   -0.3    0.4   -0.0
    26.202   125.724   -0.3    0.3   -0.0
    26.211   125.724   -0.3    0.3   -0.0
    26.220   125.724   -0.2    0.3   -0.0
    26.229   125.724   -0.2    0.2   -0.0
    26.238   125.724   -0.2    0.2   -0.0
    26.247   125.724   -0.2    0.2   -0.0
    26.256   125.724   -0.2    0.2   -0.0
    26.265   125.724   -0.2    0.1   -0.0
    26.274   125.724   -0.1    0.1   -0.0
    26.283   125.724   -0.1    0.1   -0.0
    26.292   125.724   -0.1    0.1   -0.0
    26.301   125.724   -0.1    0.1   -0.0
    26.310   125.724   -0.1    0.1   -0.0
    26.319   125.724   -0.1    0.1   -0.0
    26.328   125.724   -0.1    0.1   -0.0
    26.337   125.724   -0.1    0.1   -0.0
    26.346   125.724   -0.1    0.1   -0.0
    26.355   125.724   -0.1    0.1   -0.0
    26.364   125.724   -0.1    0.1   -0.0
    26.373   125.724   -0.1    0.1   -0.0
    26.382   125.724   -0.1    0.1   -0.0
    26.391   125.724   -0.1    0.0   -0.0
    26.400   125.724   -0.1    0.0   -0.0
    26.409   125.724   -0.1    0.0   -0.0
    26.418   125.724   -0.1    0.0   -0.0
    26.427   125.724   -0.1    0.0   -0.0
    26.436   125.724   -0.1    0.0   -0.0
    26.445   125.724   -0.1    0.0   -0.0
    26.454   125.724   -0.1    0.0   -0.0
    26.463   125.724   -0.1    0.0   -0.0
    26.472   125.724   -0.1    0.0   -0.0
    26.481   125.724   -0.1    0.0   -0.0
    26.490   125.724   -0.1    0.0   -0.0
    26.499   125.724   -0.1    0.0   -0.0
    26.508   125.724   -0.1    0.0   -0.0
    26.517   125.724   -0.0    0.0   -0.0
    26.526   125.724   -0.0    0.0   -0.0
    25.626   125.734    0.1    0.0    0.0
    25.635   125.734    0.1    0.0    0.0
    25.644   125.734    0.1    0.0    0.0
    25.653   125.734    0.1    0.0    0.0
    25.662   125.734    0.1    0.0    0.0
    25.671   125.734    0.1    0.0    0.0
    25.680   125.734    0.1    0.0    0.0
    25.689   125.734    0.2    0.0    0.0
    25.698   125.734    0.2    0.1    0.0
    25.707   125.734    0.2    0.1    0.0
    25.716   125.734    0.2    0.1    0.0
    25.725   125.734    0.2    0.1    0.0
    25.734   125.734    0.2    0.1    0.0
    25.743   125.734    0.2    0.1   -0.0
    25.752   125.734    0.3    0.2   -0.0
    25.761   125.734    0.3    0.2   -0.0
    25.770   125.734    0.4    0.3   -0.1
    25.779   125.734    0.6    0.5   -0.1
    25.788   125.734    0.8    0.6   -0.2
    25.797   125.734    0.9    0.6   -0.3
    25.806   125.734    0.9    0.7   -0.3
    25.815   125.734    0.8    0.7   -0.3
    25.824   125.734    0.8    0.9   -0.3
    25.833   125.734    0.9    1.1   -0.3
    25.842   125.734    1.3    1.4   -0.5
    25.851   125.734    1.9    1.8   -0.7
    25.860   125.734    2.6    2.0   -1.0
    25.869   125.734    2.8    1.9   -1.3
    25.878   125.734    2.5    1.7   -1.3
    25.887   125.734    1.8    1.5   -1.2
    25.896   125.734    1.1    1.3   -0.9
    25.905   125.734    0.6    1.3   -0.7
    25.914   125.734    0.4    1.2   -0.5
    25.923   125.734    0.3    1.0   -0.4
    25.932   125.734    0.1    0.9   -0.3
    25.941   125.734    0.0    0.8   -0.2
    25.950   125.734    0.0    0.7   -0.1
    25.959   125.734   -0.0    0.7   -0.1
    25.968   125.734   -0.0    0.6   -0.0
    25.977   125.734   -0.0    0.6    0.0
    25.986   125.734    0.0    0.6    0.0
    25.995   125.734    0.1    0.7    0.0
    26.004   125.734    0.2    0.7    0.0
    26.013   125.734    0.3    0.8    0.0
    26.022   125.734    0.4    0.9    0.0
    26.031   125.734    0.4    1.0   -0.0
    26.040   125.734    0.6    1.3   -0.1
    26.049   125.734    1.0    1.6   -0.2
    26.058   125.734    1.6    2.0   -0.4
    26.067   125.734    2.4    2.4   -0.7
    26.076   125.734    3.0    2.4   -1.0
    26.085   125.734    3.0    2.1   -1.1
    26.094   125.734    2.2    1.7   -1.1
    26.103   125.734    1.0    1.3   -0.9
    26.112   125.734   -0.2    1.2   -0.6
    26.121   125.734   -0.9    1.2   -0.3
    26.130   125.734   -1.0    1.1   -0.2
    26.139   125.734   -0.9    1.0   -0.1
    26.148   125.734   -0.7    0.8   -0.1
    26.157   125.734   -0.6    0.7   -0.1
    26.166   125.734   -0.5    0.6   -0.1
    26.175   125.734   -0.4    0.5   -0.0
    26.184   125.734   -0.4    0.4   -0.0
    26.193   125.734   -0.3    0.3   -0.0
    26.202   125.734   -0.3    0.3   -0.0
    26.211   125.734   -0.3    0.2   -0.0
    26.220   125.734   -0.2    0.2   -0.0
    26.229   125.734   -0.2    0.2   -0.0
    26.238   125.734   -0.2    0.2   -0.0
    26.247   125.734   -0.2    0.1   -0.0
    26.256   125.734   -0.2    0.1   -0.0
    26.265   125.734   -0.2    0.1   -0.0
    26.274   125.734   -0.1    0.1   -0.0
    26.283   125.734   -0.1    0.1   -0.0
    26.292   125.734   -0.1    0.1   -0.0
    26.301   125.734   -0.1    0.1   -0.0
    26.310   125.734   -0.1    0.1   -0.0
    26.319   125.734   -0.1    0.1   -0.0
    26.328   125.734   -0.1    0.1   -0.0
    26.337   125.734   -0.1    0.1   -0.0
    26.346   125.734   -0.1    0.1   -0.0
    26.355   125.734   -0.1    0.0   -0.0
    26.364   125.734   -0.1    0.0   -0.0
    26.373   125.734   -0.1    0.0   -0.0
    26.382   125.734   -0.1    0.0   -0.0
    26.391   125.734   -0.1    0.0   -0.0
    26.400   125.734   -0.1    0.0   -0.0
    26.409   125.734   -0.1    0.0   -0.0
    26.418   125.734   -0.1    0.0   -0.0
    26.427   125.734   -0.1    0.0   -0.0
    26.436   125.734   -0.1    0.0   -0.0
    26.445   125.734   -0.1    0.0   -0.0
    26.454   125.734   -0.1    0.0   -0.0
    26.463   125.734   -0.1    0.0   -0.0
    26.472   125.734   -0.1    0.0   -0.0
    26.481   125.734   -0.1    0.0   -0.0
    26.490   125.734   -0.1    0.0   -0.0
    26.499   125.734   -0.1    0.0   -0.0
    26.508   125.734   -0.0    0.0   -0.0
    26.517   125.734   -0.0    0.0   -0.0
    26.526   125.734   -0.0    0.0   -0.0
    25.626   125.744    0.1   -0.0    0.0
    25.635   125.744    0.1   -0.0    0.0
    25.644   125.744    0.1    0.0    0.0
    25.653   125.744    0.1    0.0    0.0
    25.662   125.744    0.1    0.0    0.0
    25.671   125.744    0.1    0.0    0.0
    25.680   125.744    0.1    0.0    0.0
    25.689   125.744    0.1    0.0    0.0
    25.698   125.744    0.2    0.0    0.0
    25.707   125.744    0.2    0.0    0.0
    25.716   125.744    0.2    0.0    0.0
    25.725   125.744    0.2    0.0    0.0
    25.734   125.744    0.2    0.0    0.0
    25.743   125.744    0.2    0.0    0.0
    25.752   125.744    0.2    0.1    0.0
    25.761   125.744    0.3    0.1   -0.0
    25.770   125.744    0.3    0.2   -0.0
    25.779   125.744    0.4    0.3   -0.1
    25.788   125.744    0.8    0.6   -0.3
    25.797   125.744    1.0    0.6   -0.4
    25.806   125.744    0.9    0.7   -0.5
    25.815   125.744    0.9    0.7   -0.4
    25.824   125.744    0.7    0.7   -0.4
    25.833   125.744    0.7    0.8   -0.3
    25.842   125.744    1.0    1.1   -0.4
    25.851   125.744    1.6    1.7   -0.8
    25.860   125.744    3.1    2.6   -1.5
    25.869   125.744    3.6    2.7   -2.1
    25.878   125.744    3.1    2.7   -2.2
    25.887   125.744    2.4    2.4   -2.0
    25.896   125.744    1.2    1.8   -1.4
    25.905   125.744    0.6    1.6   -1.0
    25.914   125.744    0.6    1.4   -0.8
    25.923   125.744    0.5    1.1   -0.7
    25.932   125.744    0.2    0.9   -0.5
    25.941   125.744    0.1    0.8   -0.4
    25.950   125.744    0.1    0.7   -0.3
    25.959   125.744    0.1    0.6   -0.2
    25.968   125.744   -0.0    0.5   -0.1
    25.977   125.744   -0.0    0.5   -0.1
    25.986   125.744    0.0    0.5   -0.0
    25.995   125.744    0.1    0.5   -0.1
    26.004   125.744    0.2    0.6   -0.1
    26.013   125.744    0.3    0.6   -0.1
    26.022   125.744    0.4    0.7   -0.1
    26.031   125.744    0.4    0.8   -0.1
    26.040   125.744    0.5    1.0   -0.1
    26.049   125.744    0.7    1.3   -0.2
    26.058   125.744    1.4    2.0   -0.5
    26.067   125.744    2.5    2.8   -0.9
    26.076   125.744    4.0    3.4   -1.6
    26.085   125.744    4.2    3.2   -2.0
    26.094   125.744    3.1    2.8   -2.0
    26.103   125.744    1.4    2.2   -1.5
    26.112   125.744   -0.5    1.7   -0.9
    26.121   125.744   -1.2    1.5   -0.4
    26.130   125.744   -1.1    1.3   -0.2
    26.139   125.744   -0.8    1.0   -0.1
    26.148   125.744   -0.7    0.7   -0.1
    26.157   125.744   -0.5    0.6   -0.1
    26.166   125.744   -0.4    0.4   -0.1
    26.175   125.744   -0.4    0.3   -0.1
    26.184   125.744   -0.3    0.3   -0.1
    26.193   125.744   -0.3    0.2   -0.0
    26.202   125.744   -0.3    0.2   -0.0
    26.211   125.744   -0.2    0.2   -0.0
    26.220   125.744   -0.2    0.1   -0.0
    26.229   125.744   -0.2    0.1   -0.0
    26.238   125.744   -0.2    0.1   -0.0
    26.247   125.744   -0.2    0.1   -0.0
    26.256   125.744   -0.2    0.1   -0.0
    26.265   125.744   -0.1    0.1   -0.0
    26.274   125.744   -0.1    0.1   -0.0
    26.283   125.744   -0.1    0.1   -0.0
    26.292   125.744   -0.1    0.1   -0.0
    26.301   125.744   -0.1    0.1   -0.0
    26.310   125.744   -0.1    0.0   -0.0
    26.319   125.744   -0.1    0.0   -0.0
    26.328   125.744   -0.1    0.0   -0.0
    26.337   125.744   -0.1    0.0   -0.0
    26.346   125.744   -0.1    0.0   -0.0
    26.355   125.744   -0.1    0.0   -0.0
    26.364   125.744   -0.1    0.0   -0.0
    26.373   125.744   -0.1    0.0   -0.0
    26.382   125.744   -0.1    0.0   -0.0
    26.391   125.744   -0.1    0.0   -0.0
    26.400   125.744   -0.1    0.0   -0.0
    26.409   125.744   -0.1    0.0   -0.0
    26.418   125.744   -0.1    0.0   -0.0
    26.427   125.744   -0.1    0.0   -0.0
    26.436   125.744   -0.1    0.0   -0.0
    26.445   125.744   -0.1    0.0   -0.0
    26.454   125.744   -0.1    0.0   -0.0
    26.463   125.744   -0.1    0.0   -0.0
    26.472   125.744   -0.1    0.0   -0.0
    26.481   125.744   -0.1    0.0   -0.0
    26.490   125.744   -0.1    0.0   -0.0
    26.499   125.744   -0.1    0.0   -0.0
    26.508   125.744   -0.0    0.0   -0.0
    26.517   125.744   -0.0    0.0   -0.0
    26.526   125.744   -0.0    0.0   -0.0
    25.626   125.754    0.1   -0.0    0.0
    25.635   125.754    0.1   -0.0    0.0
    25.644   125.754    0.1   -0.0    0.0
    25.653   125.754    0.1   -0.0    0.0
    25.662   125.754    0.1   -0.0    0.0
    25.671   125.754    0.1   -0.0    0.0
    25.680   125.754    0.1   -0.0    0.0
    25.689   125.754    0.1   -0.0    0.0
    25.698   125.754    0.2   -0.0    0.0
    25.707   125.754    0.2   -0.0    0.0
    25.716   125.754    0.2   -0.0    0.0
    25.725   125.754    0.2   -0.0    0.0
    25.734   125.754    0.2   -0.1    0.0
    25.743   125.754    0.2   -0.1    0.0
    25.752   125.754    0.2   -0.1    0.0
    25.761   125.754    0.3   -0.1    0.0
    25.770   125.754    0.3   -0.2    0.1
    25.779   125.754    0.4   -0.3    0.1
    25.788   125.754    0.7   -0.8    0.6
    25.797   125.754    0.7   -1.0    0.8
    25.806   125.754    0.6   -1.0    0.8
    25.815   125.754    0.6   -1.0    0.8
    25.824   125.754    0.4   -0.7    0.6
    25.833   125.754    0.5   -0.7    0.4
    25.842   125.754    0.6   -0.7    0.5
    25.851   125.754    0.8   -1.0    0.6
    25.860   125.754    1.9   -3.2    2.4
    25.869   125.754    2.0   -4.3    4.7
    25.878   125.754    1.3   -3.7    4.4
    25.887   125.754    0.3   -2.4    3.5
    25.896   125.754   -0.8   -0.2    0.7
    25.905   125.754   -0.2    0.5   -0.7
    25.914   125.754    0.3    0.9   -1.0
    25.923   125.754    0.5    1.0   -1.1
    25.932   125.754    0.3    0.8   -0.9
    25.941   125.754    0.1    0.6   -0.5
    25.950   125.754    0.2    0.6   -0.5
    25.959   125.754    0.2    0.5   -0.5
    25.968   125.754    0.0    0.3   -0.3
    25.977   125.754   -0.1    0.2   -0.2
    25.986   125.754    0.0    0.2   -0.1
    25.995   125.754    0.1    0.3   -0.1
    26.004   125.754    0.3    0.4   -0.2
    26.013   125.754    0.4    0.4   -0.3
    26.022   125.754    0.4    0.5   -0.3
    26.031   125.754    0.4    0.5   -0.3
    26.040   125.754    0.3    0.4   -0.2
    26.049   125.754    0.4    0.5   -0.1
    26.058   125.754    0.8    0.9   -0.3
    26.067   125.754    1.7    2.0   -0.7
    26.076   125.754    5.0    4.5   -2.4
    26.085   125.754    5.2    5.3   -3.4
    26.094   125.754    4.1    5.4   -3.4
    26.103   125.754    2.6    4.5   -2.9
    26.112   125.754   -0.8    2.4   -1.4
    26.121   125.754   -1.5    1.6   -0.3
    26.130   125.754   -1.0    0.9   -0.2
    26.139   125.754   -0.7    0.6   -0.1
    26.148   125.754   -0.6    0.4   -0.1
    26.157   125.754   -0.5    0.3   -0.1
    26.166   125.754   -0.4    0.2   -0.1
    26.175   125.754   -0.4    0.2   -0.1
    26.184   125.754   -0.3    0.1   -0.1
    26.193   125.754   -0.3    0.1   -0.1
    26.202   125.754   -0.3    0.1   -0.0
    26.211   125.754   -0.2    0.1   -0.0
    26.220   125.754   -0.2    0.1   -0.0
    26.229   125.754   -0.2    0.1   -0.0
    26.238   125.754   -0.2    0.1   -0.0
    26.247   125.754   -0.2    0.0   -0.0
    26.256   125.754   -0.2    0.0   -0.0
    26.265   125.754   -0.1    0.0   -0.0
    26.274   125.754   -0.1    0.0   -0.0
    26.283   125.754   -0.1    0.0   -0.0
    26.292   125.754   -0.1    0.0   -0.0
    26.301   125.754   -0.1    0.0   -0.0
    26.310   125.754   -0.1    0.0   -0.0
    26.319   125.754   -0.1    0.0   -0.0
    26.328   125.754   -0.1    0.0   -0.0
    26.337   125.754   -0.1    0.0   -0.0
    26.346   125.754   -0.1    0.0   -0.0
    26.355   125.754   -0.1    0.0   -0.0
    26.364   125.754   -0.1    0.0   -0.0
    26.373   125.754   -0.1    0.0   -0.0
    26.382   125.754   -0.1    0.0   -0.0
    26.391   125.754   -0.1    0.0   -0.0
    26.400   125.754   -0.1    0.0   -0.0
    26.409   125.754   -0.1    0.0   -0.0
    26.418   125.754   -0.1    0.0   -0.0
    26.427   125.754   -0.1    0.0   -0.0
    26.436   125.754   -0.1    0.0   -0.0
    26.445   125.754   -0.1    0.0   -0.0
    26.454   125.754   -0.1    0.0   -0.0
    26.463   125.754   -0.1    0.0   -0.0
    26.472   125.754   -0.1    0.0   -0.0
    26.481   125.754   -0.1    0.0   -0.0
    26.490   125.754   -0.1    0.0   -0.0
    26.499   125.754   -0.1    0.0   -0.0
    26.508   125.754   -0.0    0.0   -0.0
    26.517   125.754   -0.0    0.0   -0.0
    26.526   125.754   -0.0    0.0   -0.0
    25.626   125.764    0.1   -0.0    0.0
    25.635   125.764    0.1   -0.0    0.0
    25.644   125.764    0.1   -0.1    0.0
    25.653   125.764    0.1   -0.1    0.0
    25.662   125.764    0.1   -0.1    0.0
    25.671   125.764    0.1   -0.1    0.0
    25.680   125.764    0.1   -0.1    0.0
    25.689   125.764    0.1   -0.1    0.0
    25.698   125.764    0.2   -0.1    0.0
    25.707   125.764    0.2   -0.1    0.0
    25.716   125.764    0.2   -0.1    0.0
    25.725   125.764    0.2   -0.1    0.0
    25.734   125.764    0.2   -0.1    0.0
    25.743   125.764    0.2   -0.2    0.0
    25.752   125.764    0.2   -0.2    0.1
    25.761   125.764    0.3   -0.3    0.1
    25.770   125.764    0.4   -0.4    0.1
    25.779   125.764    0.5   -0.6    0.3
    25.788   125.764    0.7   -0.8    0.5
    25.797   125.764    0.7   -0.8    0.6
    25.806   125.764    0.7   -0.9    0.6
    25.815   125.764    0.6   -1.0    0.6
    25.824   125.764    0.5   -1.1    0.5
    25.833   125.764    0.6   -1.3    0.5
    25.842   125.764    0.8   -1.8    0.8
    25.851   125.764    1.4   -2.6    1.4
    25.860   125.764    2.6   -3.6    2.7
    25.869   125.764    2.5   -3.7    3.4
    25.878   125.764    1.9   -3.7    3.3
    25.887   125.764    1.2   -3.2    2.8
    25.896   125.764   -0.0   -2.4    1.7
    25.905   125.764   -0.1   -2.1    1.1
    25.914   125.764    0.1   -1.8    1.0
    25.923   125.764    0.1   -1.5    0.8
    25.932   125.764   -0.2   -1.1    0.5
    25.941   125.764   -0.1   -1.0    0.3
    25.950   125.764   -0.0   -0.8    0.3
    25.959   125.764   -0.0   -0.7    0.2
    25.968   125.764   -0.2   -0.5    0.0
    25.977   125.764   -0.1   -0.4   -0.1
    25.986   125.764   -0.0   -0.4   -0.1
    25.995   125.764    0.1   -0.5   -0.0
    26.004   125.764    0.2   -0.6    0.1
    26.013   125.764    0.2   -0.7    0.2
    26.022   125.764    0.3   -0.7    0.2
    26.031   125.764    0.3   -0.7    0.2
    26.040   125.764    0.2   -0.6    0.1
    26.049   125.764    0.3   -0.8    0.1
    26.058   125.764    0.6   -1.2    0.3
    26.067   125.764    1.1   -2.4    1.0
    26.076   125.764    4.5   -6.7    4.8
    26.085   125.764    3.2   -8.6    6.1
    26.094   125.764    2.2   -8.9    5.8
    26.103   125.764    1.3   -8.1    5.3
    26.112   125.764   -2.4   -3.2    1.2
    26.121   125.764   -1.5   -0.8   -0.4
    26.130   125.764   -0.9   -0.3   -0.3
    26.139   125.764   -0.7   -0.2   -0.2
    26.148   125.764   -0.6   -0.1   -0.1
    26.157   125.764   -0.5   -0.1   -0.1
    26.166   125.764   -0.4   -0.0   -0.1
    26.175   125.764   -0.4   -0.0   -0.1
    26.184   125.764   -0.3   -0.0   -0.1
    26.193   125.764   -0.3   -0.0   -0.1
    26.202   125.764   -0.3   -0.0   -0.0
    26.211   125.764   -0.2   -0.0   -0.0
    26.220   125.764   -0.2   -0.0   -0.0
    26.229   125.764   -0.2   -0.0   -0.0
    26.238   125.764   -0.2   -0.0   -0.0
    26.247   125.764   -0.2   -0.0   -0.0
    26.256   125.764   -0.2   -0.0   -0.0
    26.265   125.764   -0.1    0.0   -0.0
    26.274   125.764   -0.1    0.0   -0.0
    26.283   125.764   -0.1    0.0   -0.0
    26.292   125.764   -0.1    0.0   -0.0
    26.301   125.764   -0.1    0.0   -0.0
    26.310   125.764   -0.1    0.0   -0.0
    26.319   125.764   -0.1    0.0   -0.0
    26.328   125.764   -0.1    0.0   -0.0
    26.337   125.764   -0.1    0.0   -0.0
    26.346   125.764   -0.1    0.0   -0.0
    26.355   125.764   -0.1    0.0   -0.0
    26.364   125.764   -0.1    0.0   -0.0
    26.373   125.764   -0.1    0.0   -0.0
    26.382   125.764   -0.1    0.0   -0.0
    26.391   125.764   -0.1    0.0   -0.0
    26.400   125.764   -0.1    0.0   -0.0
    26.409   125.764   -0.1    0.0   -0.0
    26.418   125.764   -0.1    0.0   -0.0
    26.427   125.764   -0.1    0.0   -0.0
    26.436   125.764   -0.1    0.0   -0.0
    26.445   125.764   -0.1    0.0   -0.0
    26.454   125.764   -0.1    0.0   -0.0
    26.463   125.764   -0.1    0.0   -0.0
    26.472   125.764   -0.1    0.0   -0.0
    26.481   125.764   -0.1    0.0   -0.0
    26.490   125.764   -0.1    0.0   -0.0
    26.499   125.764   -0.1    0.0   -0.0
    26.508   125.764   -0.0    0.0   -0.0
    26.517   125.764   -0.0    0.0   -0.0
    26.526   125.764   -0.0    0.0   -0.0
    25.626   125.774    0.1   -0.1    0.0
    25.635   125.774    0.1   -0.1    0.0
    25.644   125.774    0.1   -0.1    0.0
    25.653   125.774    0.1   -0.1    0.0
    25.662   125.774    0.1   -0.1    0.0
    25.671   125.774    0.1   -0.1    0.0
    25.680   125.774    0.1   -0.1    0.0
    25.689   125.774    0.2   -0.1    0.0
    25.698   125.774    0.2   -0.1    0.0
    25.707   125.774    0.2   -0.1    0.0
    25.716   125.774    0.2   -0.2    0.0
    25.725   125.774    0.2   -0.2    0.0
    25.734   125.774    0.2   -0.2    0.0
    25.743   125.774    0.2   -0.3    0.1
    25.752   125.774    0.3   -0.3    0.1
    25.761   125.774    0.3   -0.4    0.1
    25.770   125.774    0.4   -0.5    0.2
    25.779   125.774    0.6   -0.7    0.3
    25.788   125.774    0.7   -0.8    0.4
    25.797   125.774    0.7   -0.8    0.5
    25.806   125.774    0.7   -0.9    0.5
    25.815   125.774    0.6   -1.0    0.5
    25.824   125.774    0.6   -1.2    0.5
    25.833   125.774    0.8   -1.5    0.6
    25.842   125.774    1.1   -2.0    0.8
    25.851   125.774    1.7   -2.5    1.3
    25.860   125.774    2.3   -2.7    1.9
    25.869   125.774    2.2   -2.6    2.2
    25.878   125.774    1.7   -2.3    2.1
    25.887   125.774    0.9   -2.0    1.7
    25.896   125.774    0.1   -1.8    1.1
    25.905   125.774   -0.1   -1.8    0.7
    25.914   125.774   -0.1   -1.6    0.5
    25.923   125.774   -0.1   -1.3    0.4
    25.932   125.774   -0.2   -1.1    0.2
    25.941   125.774   -0.2   -1.0    0.1
    25.950   125.774   -0.1   -0.9    0.0
    25.959   125.774   -0.1   -0.8   -0.0
    25.968   125.774   -0.2   -0.7   -0.1
    25.977   125.774   -0.1   -0.7   -0.2
    25.986   125.774   -0.0   -0.7   -0.2
    25.995   125.774    0.1   -0.7   -0.1
    26.004   125.774    0.2   -0.8   -0.0
    26.013   125.774    0.3   -0.8    0.0
    26.022   125.774    0.3   -0.9    0.0
    26.031   125.774    0.3   -1.1    0.0
    26.040   125.774    0.3   -1.3    0.1
    26.049   125.774    0.6   -1.9    0.3
    26.058   125.774    1.1   -2.7    0.8
    26.067   125.774    2.3   -4.2    1.9
    26.076   125.774    4.1   -5.2    3.6
    26.085   125.774    3.6   -5.2    4.3
    26.094   125.774    2.0   -5.0    3.8
    26.103   125.774    0.2   -3.8    2.6
    26.112   125.774   -2.2   -2.6    0.5
    26.121   125.774   -2.1   -2.2   -0.4
    26.130   125.774   -1.3   -1.4   -0.3
    26.139   125.774   -0.9   -0.9   -0.3
    26.148   125.774   -0.7   -0.6   -0.2
    26.157   125.774   -0.5   -0.4   -0.1
    26.166   125.774   -0.4   -0.3   -0.1
    26.175   125.774   -0.4   -0.2   -0.1
    26.184   125.774   -0.3   -0.2   -0.1
    26.193   125.774   -0.3   -0.1   -0.1
    26.202   125.774   -0.3   -0.1   -0.1
    26.211   125.774   -0.2   -0.1   -0.0
    26.220   125.774   -0.2   -0.1   -0.0
    26.229   125.774   -0.2   -0.1   -0.0
    26.238   125.774   -0.2   -0.1   -0.0
    26.247   125.774   -0.2   -0.1   -0.0
    26.256   125.774   -0.2   -0.0   -0.0
    26.265   125.774   -0.1   -0.0   -0.0
    26.274   125.774   -0.1   -0.0   -0.0
    26.283   125.774   -0.1   -0.0   -0.0
    26.292   125.774   -0.1   -0.0   -0.0
    26.301   125.774   -0.1   -0.0   -0.0
    26.310   125.774   -0.1   -0.0   -0.0
    26.319   125.774   -0.1   -0.0   -0.0
    26.328   125.774   -0.1   -0.0   -0.0
    26.337   125.774   -0.1   -0.0   -0.0
    26.346   125.774   -0.1   -0.0   -0.0
    26.355   125.774   -0.1   -0.0   -0.0
    26.364   125.774   -0.1   -0.0   -0.0
    26.373   125.774   -0.1   -0.0   -0.0
    26.382   125.774   -0.1   -0.0   -0.0
    26.391   125.774   -0.1   -0.0   -0.0
    26.400   125.774   -0.1   -0.0   -0.0
    26.409   125.774   -0.1   -0.0   -0.0
    26.418   125.774   -0.1   -0.0   -0.0
    26.427   125.774   -0.1   -0.0   -0.0
    26.436   125.774   -0.1   -0.0   -0.0
    26.445   125.774   -0.1   -0.0   -0.0
    26.454   125.774   -0.1   -0.0   -0.0
    26.463   125.774   -0.1   -0.0   -0.0
    26.472   125.774   -0.1   -0.0   -0.0
    26.481   125.774   -0.1   -0.0   -0.0
    26.490   125.774   -0.1   -0.0   -0.0
    26.499   125.774   -0.1   -0.0   -0.0
    26.508   125.774   -0.0   -0.0   -0.0
    26.517   125.774   -0.0   -0.0   -0.0
    26.526   125.774   -0.0   -0.0   -0.0
    25.626   125.784    0.1   -0.1    0.0
    25.635   125.784    0.1   -0.1    0.0
    25.644   125.784    0.1   -0.1    0.0
    25.653   125.784    0.1   -0.1    0.0
    25.662   125.784    0.1   -0.1    0.0
    25.671   125.784    0.1   -0.1    0.0
    25.680   125.784    0.1   -0.1    0.0
    25.689   125.784    0.2   -0.2    0.0
    25.698   125.784    0.2   -0.2    0.0
    25.707   125.784    0.2   -0.2    0.0
    25.716   125.784    0.2   -0.2    0.0
    25.725   125.784    0.2   -0.2    0.0
    25.734   125.784    0.2   -0.3    0.1
    25.743   125.784    0.3   -0.3    0.1
    25.752   125.784    0.3   -0.4    0.1
    25.761   125.784    0.4   -0.5    0.1
    25.770   125.784    0.5   -0.6    0.2
    25.779   125.784    0.6   -0.7    0.2
    25.788   125.784    0.6   -0.7    0.3
    25.797   125.784    0.7   -0.8    0.3
    25.806   125.784    0.7   -0.9    0.4
    25.815   125.784    0.7   -1.0    0.4
    25.824   125.784    0.7   -1.2    0.4
    25.833   125.784    0.9   -1.5    0.5
    25.842   125.784    1.2   -1.8    0.7
    25.851   125.784    1.6   -2.0    1.0
    25.860   125.784    1.9   -2.0    1.2
    25.869   125.784    1.8   -1.8    1.4
    25.878   125.784    1.3   -1.6    1.3
    25.887   125.784    0.7   -1.5    1.0
    25.896   125.784    0.2   -1.4    0.6
    25.905   125.784   -0.1   -1.4    0.4
    25.914   125.784   -0.2   -1.4    0.2
    25.923   125.784   -0.2   -1.2    0.1
    25.932   125.784   -0.2   -1.1   -0.0
    25.941   125.784   -0.2   -1.0   -0.1
    25.950   125.784   -0.2   -0.9   -0.2
    25.959   125.784   -0.2   -0.9   -0.2
    25.968   125.784   -0.2   -0.8   -0.3
    25.977   125.784   -0.1   -0.8   -0.3
    25.986   125.784   -0.0   -0.8   -0.3
    25.995   125.784    0.1   -0.9   -0.2
    26.004   125.784    0.2   -0.9   -0.2
    26.013   125.784    0.2   -1.0   -0.2
    26.022   125.784    0.3   -1.1   -0.1
    26.031   125.784    0.4   -1.4   -0.1
    26.040   125.784    0.5   -1.7    0.0
    26.049   125.784    0.9   -2.3    0.3
    26.058   125.784    1.6   -3.0    0.8
    26.067   125.784    2.5   -3.7    1.6
    26.076   125.784    3.3   -3.8    2.4
    26.085   125.784    2.9   -3.3    2.6
    26.094   125.784    1.5   -2.8    2.2
    26.103   125.784   -0.2   -2.2    1.3
    26.112   125.784   -1.7   -1.9    0.3
    26.121   125.784   -2.0   -1.9   -0.3
    26.130   125.784   -1.5   -1.7   -0.3
    26.139   125.784   -1.1   -1.3   -0.3
    26.148   125.784   -0.8   -0.9   -0.2
    26.157   125.784   -0.6   -0.7   -0.2
    26.166   125.784   -0.5   -0.5   -0.1
    26.175   125.784   -0.4   -0.4   -0.1
    26.184   125.784   -0.4   -0.3   -0.1
    26.193   125.784   -0.3   -0.3   -0.1
    26.202   125.784   -0.3   -0.2   -0.1
    26.211   125.784   -0.2   -0.2   -0.1
    26.220   125.784   -0.2   -0.2   -0.0
    26.229   125.784   -0.2   -0.1   -0.0
    26.238   125.784   -0.2   -0.1   -0.0
    26.247   125.784   -0.2   -0.1   -0.0
    26.256   125.784   -0.2   -0.1   -0.0
    26.265   125.784   -0.2   -0.1   -0.0
    26.274   125.784   -0.1   -0.1   -0.0
    26.283   125.784   -0.1   -0.1   -0.0
    26.292   125.784   -0.1   -0.1   -0.0
    26.301   125.784   -0.1   -0.1   -0.0
    26.310   125.784   -0.1   -0.0   -0.0
    26.319   125.784   -0.1   -0.0   -0.0
    26.328   125.784   -0.1   -0.0   -0.0
    26.337   125.784   -0.1   -0.0   -0.0
    26.346   125.784   -0.1   -0.0   -0.0
    26.355   125.784   -0.1   -0.0   -0.0
    26.364   125.784   -0.1   -0.0   -0.0
    26.373   125.784   -0.1   -0.0   -0.0
    26.382   125.784   -0.1   -0.0   -0.0
    26.391   125.784   -0.1   -0.0   -0.0
    26.400   125.784   -0.1   -0.0   -0.0
    26.409   125.784   -0.1   -0.0   -0.0
    26.418   125.784   -0.1   -0.0   -0.0
    26.427   125.784   -0.1   -0.0   -0.0
    26.436   125.784   -0.1   -0.0   -0.0
    26.445   125.784   -0.1   -0.0   -0.0
    26.454   125.784   -0.1   -0.0   -0.0
    26.463   125.784   -0.1   -0.0   -0.0
    26.472   125.784   -0.1   -0.0   -0.0
    26.481   125.784   -0.1   -0.0   -0.0
    26.490   125.784   -0.1   -0.0   -0.0
    26.499   125.784   -0.1   -0.0   -0.0
    26.508   125.784   -0.0   -0.0   -0.0
    26.517   125.784   -0.0   -0.0   -0.0
    26.526   125.784   -0.0   -0.0   -0.0
    25.626   125.794    0.1   -0.1    0.0
    25.635   125.794    0.1   -0.1    0.0
    25.644   125.794    0.1   -0.1    0.0
    25.653   125.794    0.1   -0.1    0.0
    25.662   125.794    0.1   -0.1    0.0
    25.671   125.794    0.1   -0.2    0.0
    25.680   125.794    0.2   -0.2    0.0
    25.689   125.794    0.2   -0.2    0.0
    25.698   125.794    0.2   -0.2    0.0
    25.707   125.794    0.2   -0.2    0.0
    25.716   125.794    0.2   -0.3    0.1
    25.725   125.794    0.2   -0.3    0.1
    25.734   125.794    0.3   -0.3    0.1
    25.743   125.794    0.3   -0.4    0.1
    25.752   125.794    0.3   -0.4    0.1
    25.761   125.794    0.4   -0.5    0.1
    25.770   125.794    0.5   -0.6    0.2
    25.779   125.794    0.5   -0.7    0.2
    25.788   125.794    0.6   -0.7    0.2
    25.797   125.794    0.6   -0.8    0.3
    25.806   125.794    0.7   -0.9    0.3
    25.815   125.794    0.7   -1.0    0.3
    25.824   125.794    0.8   -1.1    0.3
    25.833   125.794    0.9   -1.3    0.4
    25.842   125.794    1.2   -1.5    0.5
    25.851   125.794    1.4   -1.6    0.6
    25.860   125.794    1.5   -1.5    0.7
    25.869   125.794    1.4   -1.4    0.8
    25.878   125.794    1.0   -1.2    0.7
    25.887   125.794    0.6   -1.1    0.5
    25.896   125.794    0.2   -1.1    0.3
    25.905   125.794   -0.1   -1.2    0.1
    25.914   125.794   -0.2   -1.2   -0.0
    25.923   125.794   -0.3   -1.1   -0.1
    25.932   125.794   -0.3   -1.1   -0.2
    25.941   125.794   -0.3   -1.0   -0.3
    25.950   125.794   -0.3   -1.0   -0.3
    25.959   125.794   -0.2   -0.9   -0.4
    25.968   125.794   -0.2   -0.9   -0.4
    25.977   125.794   -0.1   -0.9   -0.4
    25.986   125.794   -0.1   -1.0   -0.4
    25.995   125.794    0.0   -1.0   -0.4
    26.004   125.794    0.1   -1.1   -0.3
    26.013   125.794    0.2   -1.1   -0.3
    26.022   125.794    0.3   -1.3   -0.3
    26.031   125.794    0.4   -1.5   -0.2
    26.040   125.794    0.7   -1.9   -0.1
    26.049   125.794    1.0   -2.3    0.2
    26.058   125.794    1.6   -2.7    0.5
    26.067   125.794    2.2   -2.9    1.0
    26.076   125.794    2.5   -2.7    1.4
    26.085   125.794    2.1   -2.2    1.4
    26.094   125.794    1.0   -1.8    1.2
    26.103   125.794   -0.3   -1.5    0.7
    26.112   125.794   -1.3   -1.5    0.1
    26.121   125.794   -1.7   -1.6   -0.2
    26.130   125.794   -1.5   -1.6   -0.3
    26.139   125.794   -1.2   -1.3   -0.3
    26.148   125.794   -0.9   -1.1   -0.2
    26.157   125.794   -0.7   -0.9   -0.2
    26.166   125.794   -0.6   -0.7   -0.1
    26.175   125.794   -0.5   -0.6   -0.1
    26.184   125.794   -0.4   -0.5   -0.1
    26.193   125.794   -0.3   -0.4   -0.1
    26.202   125.794   -0.3   -0.3   -0.1
    26.211   125.794   -0.3   -0.3   -0.1
    26.220   125.794   -0.2   -0.2   -0.0
    26.229   125.794   -0.2   -0.2   -0.0
    26.238   125.794   -0.2   -0.2   -0.0
    26.247   125.794   -0.2   -0.2   -0.0
    26.256   125.794   -0.2   -0.1   -0.0
    26.265   125.794   -0.2   -0.1   -0.0
    26.274   125.794   -0.1   -0.1   -0.0
    26.283   125.794   -0.1   -0.1   -0.0
    26.292   125.794   -0.1   -0.1   -0.0
    26.301   125.794   -0.1   -0.1   -0.0
    26.310   125.794   -0.1   -0.1   -0.0
    26.319   125.794   -0.1   -0.1   -0.0
    26.328   125.794   -0.1   -0.1   -0.0
    26.337   125.794   -0.1   -0.1   -0.0
    26.346   125.794   -0.1   -0.0   -0.0
    26.355   125.794   -0.1   -0.0   -0.0
    26.364   125.794   -0.1   -0.0   -0.0
    26.373   125.794   -0.1   -0.0   -0.0
    26.382   125.794   -0.1   -0.0   -0.0
    26.391   125.794   -0.1   -0.0   -0.0
    26.400   125.794   -0.1   -0.0   -0.0
    26.409   125.794   -0.1   -0.0   -0.0
    26.418   125.794   -0.1   -0.0   -0.0
    26.427   125.794   -0.1   -0.0   -0.0
    26.436   125.794   -0.1   -0.0   -0.0
    26.445   125.794   -0.1   -0.0   -0.0
    26.454   125.794   -0.1   -0.0   -0.0
    26.463   125.794   -0.1   -0.0   -0.0
    26.472   125.794   -0.1   -0.0   -0.0
    26.481   125.794   -0.1   -0.0   -0.0
    26.490   125.794   -0.1   -0.0   -0.0
    26.499   125.794   -0.1   -0.0   -0.0
    26.508   125.794   -0.0   -0.0   -0.0
    26.517   125.794   -0.0   -0.0   -0.0
    26.526   125.794   -0.0   -0.0   -0.0
    25.626   125.804    0.1   -0.1    0.0
    25.635   125.804    0.1   -0.1    0.0
    25.644   125.804    0.1   -0.2    0.0
    25.653   125.804    0.1   -0.2    0.0
    25.662   125.804    0.1   -0.2    0.0
    25.671   125.804    0.2   -0.2    0.0
    25.680   125.804    0.2   -0.2    0.0
    25.689   125.804    0.2   -0.2    0.0
    25.698   125.804    0.2   -0.2    0.0
    25.707   125.804    0.2   -0.3    0.1
    25.716   125.804    0.2   -0.3    0.1
    25.725   125.804    0.2   -0.3    0.1
    25.734   125.804    0.3   -0.4    0.1
    25.743   125.804    0.3   -0.4    0.1
    25.752   125.804    0.4   -0.5    0.1
    25.761   125.804    0.4   -0.5    0.1
    25.770   125.804    0.5   -0.6    0.1
    25.779   125.804    0.5   -0.6    0.2
    25.788   125.804    0.6   -0.7    0.2
    25.797   125.804    0.6   -0.7    0.2
    25.806   125.804    0.6   -0.8    0.2
    25.815   125.804    0.7   -0.9    0.2
    25.824   125.804    0.8   -1.0    0.2
    25.833   125.804    0.9   -1.1    0.3
    25.842   125.804    1.0   -1.2    0.3
    25.851   125.804    1.1   -1.2    0.4
    25.860   125.804    1.1   -1.2    0.4
    25.869   125.804    1.0   -1.1    0.4
    25.878   125.804    0.7   -1.0    0.3
    25.887   125.804    0.4   -0.9    0.1
    25.896   125.804    0.1   -0.9   -0.0
    25.905   125.804   -0.1   -1.0   -0.1
    25.914   125.804   -0.2   -1.0   -0.2
    25.923   125.804   -0.3   -1.0   -0.3
    25.932   125.804   -0.3   -1.0   -0.4
    25.941   125.804   -0.3   -1.0   -0.4
    25.950   125.804   -0.3   -1.0   -0.4
    25.959   125.804   -0.3   -1.0   -0.5
    25.968   125.804   -0.2   -1.0   -0.5
    25.977   125.804   -0.2   -1.0   -0.5
    25.986   125.804   -0.1   -1.0   -0.5
    25.995   125.804   -0.0   -1.1   -0.5
    26.004   125.804    0.1   -1.1   -0.5
    26.013   125.804    0.2   -1.2   -0.4
    26.022   125.804    0.3   -1.4   -0.4
    26.031   125.804    0.4   -1.6   -0.3
    26.040   125.804    0.7   -1.8   -0.2
    26.049   125.804    1.0   -2.0   -0.0
    26.058   125.804    1.4   -2.2    0.2
    26.067   125.804    1.7   -2.2    0.5
    26.076   125.804    1.8   -2.0    0.7
    26.085   125.804    1.4   -1.6    0.7
    26.094   125.804    0.6   -1.3    0.5
    26.103   125.804   -0.3   -1.2    0.2
    26.112   125.804   -1.1   -1.2   -0.0
    26.121   125.804   -1.4   -1.3   -0.2
    26.130   125.804   -1.4   -1.4   -0.3
    26.139   125.804   -1.2   -1.3   -0.3
    26.148   125.804   -1.0   -1.1   -0.2
    26.157   125.804   -0.8   -1.0   -0.2
    26.166   125.804   -0.6   -0.8   -0.1
    26.175   125.804   -0.5   -0.7   -0.1
    26.184   125.804   -0.4   -0.6   -0.1
    26.193   125.804   -0.4   -0.5   -0.1
    26.202   125.804   -0.3   -0.4   -0.1
    26.211   125.804   -0.3   -0.3   -0.1
    26.220   125.804   -0.3   -0.3   -0.0
    26.229   125.804   -0.2   -0.3   -0.0
    26.238   125.804   -0.2   -0.2   -0.0
    26.247   125.804   -0.2   -0.2   -0.0
    26.256   125.804   -0.2   -0.2   -0.0
    26.265   125.804   -0.2   -0.2   -0.0
    26.274   125.804   -0.2   -0.1   -0.0
    26.283   125.804   -0.1   -0.1   -0.0
    26.292   125.804   -0.1   -0.1   -0.0
    26.301   125.804   -0.1   -0.1   -0.0
    26.310   125.804   -0.1   -0.1   -0.0
    26.319   125.804   -0.1   -0.1   -0.0
    26.328   125.804   -0.1   -0.1   -0.0
    26.337   125.804   -0.1   -0.1   -0.0
    26.346   125.804   -0.1   -0.1   -0.0
    26.355   125.804   -0.1   -0.1   -0.0
    26.364   125.804   -0.1   -0.1   -0.0
    26.373   125.804   -0.1   -0.1   -0.0
    26.382   125.804   -0.1   -0.0   -0.0
    26.391   125.804   -0.1   -0.0   -0.0
    26.400   125.804   -0.1   -0.0   -0.0
    26.409   125.804   -0.1   -0.0   -0.0
    26.418   125.804   -0.1   -0.0   -0.0
    26.427   125.804   -0.1   -0.0   -0.0
    26.436   125.804   -0.1   -0.0   -0.0
    26.445   125.804   -0.1   -0.0   -0.0
    26.454   125.804   -0.1   -0.0   -0.0
    26.463   125.804   -0.1   -0.0   -0.0
    26.472   125.804   -0.1   -0.0   -0.0
    26.481   125.804   -0.1   -0.0   -0.0
    26.490   125.804   -0.1   -0.0   -0.0
    26.499   125.804   -0.1   -0.0   -0.0
    26.508   125.804   -0.0   -0.0   -0.0
    26.517   125.804   -0.0   -0.0   -0.0
    26.526   125.804   -0.0   -0.0   -0.0
    25.626   125.814    0.1   -0.2    0.0
    25.635   125.814    0.1   -0.2    0.0
    25.644   125.814    0.1   -0.2    0.0
    25.653   125.814    0.1   -0.2    0.0
    25.662   125.814    0.2   -0.2    0.0
    25.671   125.814    0.2   -0.2    0.0
    25.680   125.814    0.2   -0.2    0.0
    25.689   125.814    0.2   -0.3    0.0
    25.698   125.814    0.2   -0.3    0.1
    25.707   125.814    0.2   -0.3    0.1
    25.716   125.814    0.2   -0.3    0.1
    25.725   125.814    0.3   -0.4    0.1
    25.734   125.814    0.3   -0.4    0.1
    25.743   125.814    0.3   -0.4    0.1
    25.752   125.814    0.4   -0.5    0.1
    25.761   125.814    0.4   -0.5    0.1
    25.770   125.814    0.5   -0.6    0.1
    25.779   125.814    0.5   -0.6    0.1
    25.788   125.814    0.5   -0.7    0.1
    25.797   125.814    0.6   -0.7    0.2
    25.806   125.814    0.6   -0.8    0.2
    25.815   125.814    0.7   -0.8    0.2
    25.824   125.814    0.7   -0.9    0.2
    25.833   125.814    0.8   -1.0    0.2
    25.842   125.814    0.9   -1.0    0.2
    25.851   125.814    0.9   -1.0    0.2
    25.860   125.814    0.9   -0.9    0.2
    25.869   125.814    0.7   -0.8    0.1
    25.878   125.814    0.5   -0.8    0.0
    25.887   125.814    0.3   -0.8   -0.1
    25.896   125.814    0.0   -0.8   -0.2
    25.905   125.814   -0.1   -0.8   -0.3
    25.914   125.814   -0.3   -0.9   -0.4
    25.923   125.814   -0.3   -0.9   -0.4
    25.932   125.814   -0.4   -0.9   -0.5
    25.941   125.814   -0.4   -1.0   -0.5
    25.950   125.814   -0.3   -1.0   -0.5
    25.959   125.814   -0.3   -1.0   -0.6
    25.968   125.814   -0.3   -1.0   -0.6
    25.977   125.814   -0.2   -1.0   -0.6
    25.986   125.814   -0.1   -1.0   -0.6
    25.995   125.814   -0.1   -1.1   -0.6
    26.004   125.814    0.0   -1.2   -0.6
    26.013   125.814    0.1   -1.2   -0.5
    26.022   125.814    0.3   -1.4   -0.5
    26.031   125.814    0.4   -1.5   -0.4
    26.040   125.814    0.6   -1.6   -0.3
    26.049   125.814    0.8   -1.8   -0.2
    26.058   125.814    1.1   -1.8   -0.1
    26.067   125.814    1.2   -1.7    0.1
    26.076   125.814    1.2   -1.6    0.2
    26.085   125.814    0.8   -1.3    0.2
    26.094   125.814    0.3   -1.1    0.1
    26.103   125.814   -0.4   -1.0    0.0
    26.112   125.814   -0.9   -1.1   -0.1
    26.121   125.814   -1.2   -1.1   -0.2
    26.130   125.814   -1.2   -1.2   -0.3
    26.139   125.814   -1.1   -1.2   -0.2
    26.148   125.814   -1.0   -1.1   -0.2
    26.157   125.814   -0.8   -1.0   -0.2
    26.166   125.814   -0.7   -0.8   -0.1
    26.175   125.814   -0.6   -0.7   -0.1
    26.184   125.814   -0.5   -0.6   -0.1
    26.193   125.814   -0.4   -0.5   -0.1
    26.202   125.814   -0.4   -0.5   -0.1
    26.211   125.814   -0.3   -0.4   -0.1
    26.220   125.814   -0.3   -0.3   -0.1
    26.229   125.814   -0.2   -0.3   -0.0
    26.238   125.814   -0.2   -0.3   -0.0
    26.247   125.814   -0.2   -0.2   -0.0
    26.256   125.814   -0.2   -0.2   -0.0
    26.265   125.814   -0.2   -0.2   -0.0
    26.274   125.814   -0.2   -0.2   -0.0
    26.283   125.814   -0.1   -0.2   -0.0
    26.292   125.814   -0.1   -0.1   -0.0
    26.301   125.814   -0.1   -0.1   -0.0
    26.310   125.814   -0.1   -0.1   -0.0
    26.319   125.814   -0.1   -0.1   -0.0
    26.328   125.814   -0.1   -0.1   -0.0
    26.337   125.814   -0.1   -0.1   -0.0
    26.346   125.814   -0.1   -0.1   -0.0
    26.355   125.814   -0.1   -0.1   -0.0
    26.364   125.814   -0.1   -0.1   -0.0
    26.373   125.814   -0.1   -0.1   -0.0
    26.382   125.814   -0.1   -0.1   -0.0
    26.391   125.814   -0.1   -0.1   -0.0
    26.400   125.814   -0.1   -0.1   -0.0
    26.409   125.814   -0.1   -0.0   -0.0
    26.418   125.814   -0.1   -0.0   -0.0
    26.427   125.814   -0.1   -0.0   -0.0
    26.436   125.814   -0.1   -0.0   -0.0
    26.445   125.814   -0.1   -0.0   -0.0
    26.454   125.814   -0.1   -0.0   -0.0
    26.463   125.814   -0.1   -0.0   -0.0
    26.472   125.814   -0.1   -0.0   -0.0
    26.481   125.814   -0.1   -0.0   -0.0
    26.490   125.814   -0.1   -0.0   -0.0
    26.499   125.814   -0.1   -0.0   -0.0
    26.508   125.814   -0.1   -0.0   -0.0
    26.517   125.814   -0.0   -0.0   -0.0
    26.526   125.814   -0.0   -0.0   -0.0
    25.626   125.824    0.1   -0.2    0.0
    25.635   125.824    0.1   -0.2    0.0
    25.644   125.824    0.1   -0.2    0.0
    25.653   125.824    0.1   -0.2    0.0
    25.662   125.824    0.2   -0.2    0.0
    25.671   125.824    0.2   -0.2    0.0
    25.680   125.824    0.2   -0.3    0.0
    25.689   125.824    0.2   -0.3    0.1
    25.698   125.824    0.2   -0.3    0.1
    25.707   125.824    0.2   -0.3    0.1
    25.716   125.824    0.2   -0.3    0.1
    25.725   125.824    0.3   -0.4    0.1
    25.734   125.824    0.3   -0.4    0.1
    25.743   125.824    0.3   -0.4    0.1
    25.752   125.824    0.4   -0.5    0.1
    25.761   125.824    0.4   -0.5    0.1
    25.770   125.824    0.4   -0.6    0.1
    25.779   125.824    0.5   -0.6    0.1
    25.788   125.824    0.5   -0.6    0.1
    25.797   125.824    0.6   -0.7    0.1
    25.806   125.824    0.6   -0.7    0.1
    25.815   125.824    0.6   -0.7    0.1
    25.824   125.824    0.7   -0.8    0.1
    25.833   125.824    0.7   -0.8    0.1
    25.842   125.824    0.7   -0.8    0.1
    25.851   125.824    0.7   -0.8    0.0
    25.860   125.824    0.7   -0.7    0.0
    25.869   125.824    0.5   -0.7   -0.1
    25.878   125.824    0.4   -0.7   -0.1
    25.887   125.824    0.2   -0.7   -0.2
    25.896   125.824   -0.0   -0.7   -0.3
    25.905   125.824   -0.2   -0.7   -0.4
    25.914   125.824   -0.3   -0.8   -0.5
    25.923   125.824   -0.3   -0.8   -0.5
    25.932   125.824   -0.4   -0.9   -0.6
    25.941   125.824   -0.4   -0.9   -0.6
    25.950   125.824   -0.4   -0.9   -0.6
    25.959   125.824   -0.3   -1.0   -0.6
    25.968   125.824   -0.3   -1.0   -0.7
    25.977   125.824   -0.2   -1.0   -0.7
    25.986   125.824   -0.2   -1.1   -0.7
    25.995   125.824   -0.1   -1.1   -0.7
    26.004   125.824   -0.0   -1.2   -0.6
    26.013   125.824    0.1   -1.2   -0.6
    26.022   125.824    0.2   -1.3   -0.6
    26.031   125.824    0.3   -1.4   -0.5
    26.040   125.824    0.5   -1.5   -0.5
    26.049   125.824    0.6   -1.5   -0.4
    26.058   125.824    0.8   -1.5   -0.3
    26.067   125.824    0.8   -1.4   -0.2
    26.076   125.824    0.7   -1.3   -0.1
    26.085   125.824    0.4   -1.1   -0.1
    26.094   125.824    0.0   -1.0   -0.1
    26.103   125.824   -0.4   -0.9   -0.1
    26.112   125.824   -0.8   -0.9   -0.2
    26.121   125.824   -1.0   -1.0   -0.2
    26.130   125.824   -1.1   -1.0   -0.3
    26.139   125.824   -1.0   -1.0   -0.2
    26.148   125.824   -0.9   -1.0   -0.2
    26.157   125.824   -0.8   -0.9   -0.2
    26.166   125.824   -0.7   -0.8   -0.2
    26.175   125.824   -0.6   -0.7   -0.1
    26.184   125.824   -0.5   -0.6   -0.1
    26.193   125.824   -0.4   -0.6   -0.1
    26.202   125.824   -0.4   -0.5   -0.1
    26.211   125.824   -0.3   -0.4   -0.1
    26.220   125.824   -0.3   -0.4   -0.1
    26.229   125.824   -0.3   -0.3   -0.0
    26.238   125.824   -0.2   -0.3   -0.0
    26.247   125.824   -0.2   -0.3   -0.0
    26.256   125.824   -0.2   -0.2   -0.0
    26.265   125.824   -0.2   -0.2   -0.0
    26.274   125.824   -0.2   -0.2   -0.0
    26.283   125.824   -0.2   -0.2   -0.0
    26.292   125.824   -0.1   -0.2   -0.0
    26.301   125.824   -0.1   -0.1   -0.0
    26.310   125.824   -0.1   -0.1   -0.0
    26.319   125.824   -0.1   -0.1   -0.0
    26.328   125.824   -0.1   -0.1   -0.0
    26.337   125.824   -0.1   -0.1   -0.0
    26.346   125.824   -0.1   -0.1   -0.0
    26.355   125.824   -0.1   -0.1   -0.0
    26.364   125.824   -0.1   -0.1   -0.0
    26.373   125.824   -0.1   -0.1   -0.0
    26.382   125.824   -0.1   -0.1   -0.0
    26.391   125.824   -0.1   -0.1   -0.0
    26.400   125.824   -0.1   -0.1   -0.0
    26.409   125.824   -0.1   -0.1   -0.0
    26.418   125.824   -0.1   -0.1   -0.0
    26.427   125.824   -0.1   -0.1   -0.0
    26.436   125.824   -0.1   -0.0   -0.0
    26.445   125.824   -0.1   -0.0   -0.0
    26.454   125.824   -0.1   -0.0   -0.0
    26.463   125.824   -0.1   -0.0   -0.0
    26.472   125.824   -0.1   -0.0   -0.0
    26.481   125.824   -0.1   -0.0   -0.0
    26.490   125.824   -0.1   -0.0   -0.0
    26.499   125.824   -0.1   -0.0   -0.0
    26.508   125.824   -0.1   -0.0   -0.0
    26.517   125.824   -0.0   -0.0   -0.0
    26.526   125.824   -0.0   -0.0   -0.0
    25.626   125.834    0.1   -0.2    0.0
    25.635   125.834    0.1   -0.2    0.0
    25.644   125.834    0.1   -0.2    0.0
    25.653   125.834    0.2   -0.2    0.0
    25.662   125.834    0.2   -0.2    0.0
    25.671   125.834    0.2   -0.3    0.0
    25.680   125.834    0.2   -0.3    0.0
    25.689   125.834    0.2   -0.3    0.1
    25.698   125.834    0.2   -0.3    0.1
    25.707   125.834    0.2   -0.3    0.1
    25.716   125.834    0.3   -0.4    0.1
    25.725   125.834    0.3   -0.4    0.1
    25.734   125.834    0.3   -0.4    0.1
    25.743   125.834    0.3   -0.5    0.1
    25.752   125.834    0.4   -0.5    0.1
    25.761   125.834    0.4   -0.5    0.1
    25.770   125.834    0.4   -0.5    0.1
    25.779   125.834    0.5   -0.6    0.1
    25.788   125.834    0.5   -0.6    0.1
    25.797   125.834    0.5   -0.6    0.1
    25.806   125.834    0.6   -0.6    0.1
    25.815   125.834    0.6   -0.7    0.1
    25.824   125.834    0.6   -0.7    0.1
    25.833   125.834    0.6   -0.7    0.0
    25.842   125.834    0.6   -0.7   -0.0
    25.851   125.834    0.6   -0.7   -0.0
    25.860   125.834    0.5   -0.6   -0.1
    25.869   125.834    0.4   -0.6   -0.2
    25.878   125.834    0.2   -0.6   -0.2
    25.887   125.834    0.1   -0.6   -0.3
    25.896   125.834   -0.1   -0.6   -0.4
    25.905   125.834   -0.2   -0.7   -0.5
    25.914   125.834   -0.3   -0.7   -0.5
    25.923   125.834   -0.4   -0.8   -0.6
    25.932   125.834   -0.4   -0.8   -0.6
    25.941   125.834   -0.4   -0.9   -0.7
    25.950   125.834   -0.4   -0.9   -0.7
    25.959   125.834   -0.4   -0.9   -0.7
    25.968   125.834   -0.3   -1.0   -0.7
    25.977   125.834   -0.3   -1.0   -0.7
    25.986   125.834   -0.2   -1.0   -0.7
    25.995   125.834   -0.2   -1.1   -0.7
    26.004   125.834   -0.1   -1.1   -0.7
    26.013   125.834   -0.0   -1.2   -0.7
    26.022   125.834    0.1   -1.2   -0.6
    26.031   125.834    0.2   -1.3   -0.6
    26.040   125.834    0.3   -1.3   -0.5
    26.049   125.834    0.4   -1.3   -0.5
    26.058   125.834    0.5   -1.3   -0.4
    26.067   125.834    0.5   -1.2   -0.3
    26.076   125.834    0.4   -1.1   -0.3
    26.085   125.834    0.2   -1.0   -0.2
    26.094   125.834   -0.1   -0.9   -0.2
    26.103   125.834   -0.4   -0.9   -0.2
    26.112   125.834   -0.7   -0.9   -0.3
    26.121   125.834   -0.9   -0.9   -0.3
    26.130   125.834   -0.9   -0.9   -0.3
    26.139   125.834   -0.9   -0.9   -0.2
    26.148   125.834   -0.9   -0.9   -0.2
    26.157   125.834   -0.8   -0.9   -0.2
    26.166   125.834   -0.7   -0.8   -0.2
    26.175   125.834   -0.6   -0.7   -0.1
    26.184   125.834   -0.5   -0.7   -0.1
    26.193   125.834   -0.5   -0.6   -0.1
    26.202   125.834   -0.4   -0.5   -0.1
    26.211   125.834   -0.3   -0.5   -0.1
    26.220   125.834   -0.3   -0.4   -0.1
    26.229   125.834   -0.3   -0.4   -0.0
    26.238   125.834   -0.3   -0.3   -0.0
    26.247   125.834   -0.2   -0.3   -0.0
    26.256   125.834   -0.2   -0.3   -0.0
    26.265   125.834   -0.2   -0.2   -0.0
    26.274   125.834   -0.2   -0.2   -0.0
    26.283   125.834   -0.2   -0.2   -0.0
    26.292   125.834   -0.2   -0.2   -0.0
    26.301   125.834   -0.1   -0.2   -0.0
    26.310   125.834   -0.1   -0.2   -0.0
    26.319   125.834   -0.1   -0.1   -0.0
    26.328   125.834   -0.1   -0.1   -0.0
    26.337   125.834   -0.1   -0.1   -0.0
    26.346   125.834   -0.1   -0.1   -0.0
    26.355   125.834   -0.1   -0.1   -0.0
    26.364   125.834   -0.1   -0.1   -0.0
    26.373   125.834   -0.1   -0.1   -0.0
    26.382   125.834   -0.1   -0.1   -0.0
    26.391   125.834   -0.1   -0.1   -0.0
    26.400   125.834   -0.1   -0.1   -0.0
    26.409   125.834   -0.1   -0.1   -0.0
    26.418   125.834   -0.1   -0.1   -0.0
    26.427   125.834   -0.1   -0.1   -0.0
    26.436   125.834   -0.1   -0.1   -0.0
    26.445   125.834   -0.1   -0.1   -0.0
    26.454   125.834   -0.1   -0.1   -0.0
    26.463   125.834   -0.1   -0.0   -0.0
    26.472   125.834   -0.1   -0.0   -0.0
    26.481   125.834   -0.1   -0.0   -0.0
    26.490   125.834   -0.1   -0.0   -0.0
    26.499   125.834   -0.1   -0.0   -0.0
    26.508   125.834   -0.1   -0.0   -0.0
    26.517   125.834   -0.1   -0.0   -0.0
    26.526   125.834   -0.0   -0.0   -0.0
    25.626   125.844    0.1   -0.2    0.0
    25.635   125.844    0.1   -0.2    0.0
    25.644   125.844    0.2   -0.2    0.0
    25.653   125.844    0.2   -0.2    0.0
    25.662   125.844    0.2   -0.3    0.0
    25.671   125.844    0.2   -0.3    0.0
    25.680   125.844    0.2   -0.3    0.1
    25.689   125.844    0.2   -0.3    0.1
    25.698   125.844    0.2   -0.3    0.1
    25.707   125.844    0.2   -0.4    0.1
    25.716   125.844    0.3   -0.4    0.1
    25.725   125.844    0.3   -0.4    0.1
    25.734   125.844    0.3   -0.4    0.1
    25.743   125.844    0.3   -0.4    0.1
    25.752   125.844    0.4   -0.5    0.1
    25.761   125.844    0.4   -0.5    0.1
    25.770   125.844    0.4   -0.5    0.1
    25.779   125.844    0.5   -0.5    0.1
    25.788   125.844    0.5   -0.6    0.1
    25.797   125.844    0.5   -0.6    0.1
    25.806   125.844    0.5   -0.6    0.1
    25.815   125.844    0.5   -0.6    0.0
    25.824   125.844    0.5   -0.6    0.0
    25.833   125.844    0.5   -0.6   -0.0
    25.842   125.844    0.5   -0.6   -0.1
    25.851   125.844    0.5   -0.6   -0.1
    25.860   125.844    0.4   -0.5   -0.2
    25.869   125.844    0.3   -0.5   -0.2
    25.878   125.844    0.2   -0.5   -0.3
    25.887   125.844    0.0   -0.5   -0.4
    25.896   125.844   -0.1   -0.6   -0.5
    25.905   125.844   -0.2   -0.6   -0.5
    25.914   125.844   -0.3   -0.7   -0.6
    25.923   125.844   -0.4   -0.7   -0.6
    25.932   125.844   -0.4   -0.8   -0.7
    25.941   125.844   -0.4   -0.8   -0.7
    25.950   125.844   -0.4   -0.9   -0.7
    25.959   125.844   -0.4   -0.9   -0.7
    25.968   125.844   -0.4   -0.9   -0.7
    25.977   125.844   -0.3   -1.0   -0.7
    25.986   125.844   -0.3   -1.0   -0.7
    25.995   125.844   -0.2   -1.1   -0.7
    26.004   125.844   -0.2   -1.1   -0.7
    26.013   125.844   -0.1   -1.1   -0.7
    26.022   125.844   -0.0   -1.2   -0.7
    26.031   125.844    0.1   -1.2   -0.6
    26.040   125.844    0.2   -1.2   -0.6
    26.049   125.844    0.2   -1.2   -0.5
    26.058   125.844    0.2   -1.2   -0.5
    26.067   125.844    0.2   -1.1   -0.4
    26.076   125.844    0.1   -1.0   -0.4
    26.085   125.844   -0.0   -0.9   -0.3
    26.094   125.844   -0.2   -0.9   -0.3
    26.103   125.844   -0.5   -0.8   -0.3
    26.112   125.844   -0.6   -0.8   -0.3
    26.121   125.844   -0.8   -0.8   -0.3
    26.130   125.844   -0.8   -0.9   -0.3
    26.139   125.844   -0.8   -0.9   -0.2
    26.148   125.844   -0.8   -0.9   -0.2
    26.157   125.844   -0.7   -0.8   -0.2
    26.166   125.844   -0.7   -0.8   -0.2
    26.175   125.844   -0.6   -0.7   -0.1
    26.184   125.844   -0.5   -0.7   -0.1
    26.193   125.844   -0.5   -0.6   -0.1
    26.202   125.844   -0.4   -0.5   -0.1
    26.211   125.844   -0.4   -0.5   -0.1
    26.220   125.844   -0.3   -0.4   -0.1
    26.229   125.844   -0.3   -0.4   -0.1
    26.238   125.844   -0.3   -0.4   -0.0
    26.247   125.844   -0.2   -0.3   -0.0
    26.256   125.844   -0.2   -0.3   -0.0
    26.265   125.844   -0.2   -0.3   -0.0
    26.274   125.844   -0.2   -0.2   -0.0
    26.283   125.844   -0.2   -0.2   -0.0
    26.292   125.844   -0.2   -0.2   -0.0
    26.301   125.844   -0.1   -0.2   -0.0
    26.310   125.844   -0.1   -0.2   -0.0
    26.319   125.844   -0.1   -0.2   -0.0
    26.328   125.844   -0.1   -0.1   -0.0
    26.337   125.844   -0.1   -0.1   -0.0
    26.346   125.844   -0.1   -0.1   -0.0
    26.355   125.844   -0.1   -0.1   -0.0
    26.364   125.844   -0.1   -0.1   -0.0
    26.373   125.844   -0.1   -0.1   -0.0
    26.382   125.844   -0.1   -0.1   -0.0
    26.391   125.844   -0.1   -0.1   -0.0
    26.400   125.844   -0.1   -0.1   -0.0
    26.409   125.844   -0.1   -0.1   -0.0
    26.418   125.844   -0.1   -0.1   -0.0
    26.427   125.844   -0.1   -0.1   -0.0
    26.436   125.844   -0.1   -0.1   -0.0
    26.445   125.844   -0.1   -0.1   -0.0
    26.454   125.844   -0.1   -0.1   -0.0
    26.463   125.844   -0.1   -0.1   -0.0
    26.472   125.844   -0.1   -0.1   -0.0
    26.481   125.844   -0.1   -0.0   -0.0
    26.490   125.844   -0.1   -0.0   -0.0
    26.499   125.844   -0.1   -0.0   -0.0
    26.508   125.844   -0.1   -0.0   -0.0
    26.517   125.844   -0.1   -0.0   -0.0
    26.526   125.844   -0.0   -0.0   -0.0
    25.626   125.854    0.1   -0.2    0.0
    25.635   125.854    0.2   -0.2    0.0
    25.644   125.854    0.2   -0.2    0.0
    25.653   125.854    0.2   -0.3    0.0
    25.662   125.854    0.2   -0.3    0.0
    25.671   125.854    0.2   -0.3    0.0
    25.680   125.854    0.2   -0.3    0.1
    25.689   125.854    0.2   -0.3    0.1
    25.698   125.854    0.2   -0.3    0.1
    25.707   125.854    0.3   -0.4    0.1
    25.716   125.854    0.3   -0.4    0.1
    25.725   125.854    0.3   -0.4    0.1
    25.734   125.854    0.3   -0.4    0.1
    25.743   125.854    0.3   -0.4    0.1
    25.752   125.854    0.4   -0.5    0.1
    25.761   125.854    0.4   -0.5    0.1
    25.770   125.854    0.4   -0.5    0.1
    25.779   125.854    0.4   -0.5    0.1
    25.788   125.854    0.5   -0.5    0.1
    25.797   125.854    0.5   -0.5    0.1
    25.806   125.854    0.5   -0.5    0.1
    25.815   125.854    0.5   -0.5    0.0
    25.824   125.854    0.5   -0.5   -0.0
    25.833   125.854    0.5   -0.5   -0.0
    25.842   125.854    0.4   -0.5   -0.1
    25.851   125.854    0.4   -0.5   -0.1
    25.860   125.854    0.3   -0.5   -0.2
    25.869   125.854    0.2   -0.5   -0.3
    25.878   125.854    0.1   -0.5   -0.3
    25.887   125.854   -0.0   -0.5   -0.4
    25.896   125.854   -0.1   -0.5   -0.5
    25.905   125.854   -0.2   -0.6   -0.5
    25.914   125.854   -0.3   -0.6   -0.6
    25.923   125.854   -0.4   -0.7   -0.6
    25.932   125.854   -0.4   -0.7   -0.7
    25.941   125.854   -0.4   -0.8   -0.7
    25.950   125.854   -0.4   -0.8   -0.7
    25.959   125.854   -0.4   -0.9   -0.7
    25.968   125.854   -0.4   -0.9   -0.8
    25.977   125.854   -0.4   -0.9   -0.8
    25.986   125.854   -0.3   -1.0   -0.8
    25.995   125.854   -0.3   -1.0   -0.8
    26.004   125.854   -0.2   -1.0   -0.7
    26.013   125.854   -0.2   -1.1   -0.7
    26.022   125.854   -0.1   -1.1   -0.7
    26.031   125.854   -0.0   -1.1   -0.7
    26.040   125.854    0.0   -1.1   -0.6
    26.049   125.854    0.0   -1.1   -0.6
    26.058   125.854    0.1   -1.0   -0.5
    26.067   125.854    0.0   -1.0   -0.5
    26.076   125.854   -0.1   -0.9   -0.4
    26.085   125.854   -0.2   -0.9   -0.4
    26.094   125.854   -0.3   -0.8   -0.4
    26.103   125.854   -0.5   -0.8   -0.3
    26.112   125.854   -0.6   -0.8   -0.3
    26.121   125.854   -0.7   -0.8   -0.3
    26.130   125.854   -0.8   -0.8   -0.3
    26.139   125.854   -0.8   -0.8   -0.2
    26.148   125.854   -0.8   -0.8   -0.2
    26.157   125.854   -0.7   -0.8   -0.2
    26.166   125.854   -0.6   -0.7   -0.2
    26.175   125.854   -0.6   -0.7   -0.1
    26.184   125.854   -0.5   -0.6   -0.1
    26.193   125.854   -0.5   -0.6   -0.1
    26.202   125.854   -0.4   -0.5   -0.1
    26.211   125.854   -0.4   -0.5   -0.1
    26.220   125.854   -0.3   -0.5   -0.1
    26.229   125.854   -0.3   -0.4   -0.1
    26.238   125.854   -0.3   -0.4   -0.0
    26.247   125.854   -0.3   -0.3   -0.0
    26.256   125.854   -0.2   -0.3   -0.0
    26.265   125.854   -0.2   -0.3   -0.0
    26.274   125.854   -0.2   -0.3   -0.0
    26.283   125.854   -0.2   -0.2   -0.0
    26.292   125.854   -0.2   -0.2   -0.0
    26.301   125.854   -0.2   -0.2   -0.0
    26.310   125.854   -0.1   -0.2   -0.0
    26.319   125.854   -0.1   -0.2   -0.0
    26.328   125.854   -0.1   -0.2   -0.0
    26.337   125.854   -0.1   -0.1   -0.0
    26.346   125.854   -0.1   -0.1   -0.0
    26.355   125.854   -0.1   -0.1   -0.0
    26.364   125.854   -0.1   -0.1   -0.0
    26.373   125.854   -0.1   -0.1   -0.0
    26.382   125.854   -0.1   -0.1   -0.0
    26.391   125.854   -0.1   -0.1   -0.0
    26.400   125.854   -0.1   -0.1   -0.0
    26.409   125.854   -0.1   -0.1   -0.0
    26.418   125.854   -0.1   -0.1   -0.0
    26.427   125.854   -0.1   -0.1   -0.0
    26.436   125.854   -0.1   -0.1   -0.0
    26.445   125.854   -0.1   -0.1   -0.0
    26.454   125.854   -0.1   -0.1   -0.0
    26.463   125.854   -0.1   -0.1   -0.0
    26.472   125.854   -0.1   -0.1   -0.0
    26.481   125.854   -0.1   -0.1   -0.0
    26.490   125.854   -0.1   -0.1   -0.0
    26.499   125.854   -0.1   -0.0   -0.0
    26.508   125.854   -0.1   -0.0    0.0
    26.517   125.854   -0.1   -0.0    0.0
    26.526   125.854   -0.1   -0.0    0.0
    25.626   125.864    0.2   -0.2    0.0
    25.635   125.864    0.2   -0.2    0.0
    25.644   125.864    0.2   -0.2    0.0
    25.653   125.864    0.2   -0.3    0.0
    25.662   125.864    0.2   -0.3    0.0
    25.671   125.864    0.2   -0.3    0.1
    25.680   125.864    0.2   -0.3    0.1
    25.689   125.864    0.2   -0.3    0.1
    25.698   125.864    0.2   -0.3    0.1
    25.707   125.864    0.3   -0.4    0.1
    25.716   125.864    0.3   -0.4    0.1
    25.725   125.864    0.3   -0.4    0.1
    25.734   125.864    0.3   -0.4    0.1
    25.743   125.864    0.3   -0.4    0.1
    25.752   125.864    0.4   -0.5    0.1
    25.761   125.864    0.4   -0.5    0.1
    25.770   125.864    0.4   -0.5    0.1
    25.779   125.864    0.4   -0.5    0.1
    25.788   125.864    0.4   -0.5    0.1
    25.797   125.864    0.4   -0.5    0.1
    25.806   125.864    0.4   -0.5    0.0
    25.815   125.864    0.4   -0.5    0.0
    25.824   125.864    0.4   -0.5   -0.0
    25.833   125.864    0.4   -0.5   -0.1
    25.842   125.864    0.3   -0.4   -0.1
    25.851   125.864    0.3   -0.4   -0.2
    25.860   125.864    0.2   -0.4   -0.2
    25.869   125.864    0.1   -0.4   -0.3
    25.878   125.864    0.0   -0.4   -0.4
    25.887   125.864   -0.1   -0.4   -0.4
    25.896   125.864   -0.2   -0.5   -0.5
    25.905   125.864   -0.3   -0.5   -0.6
    25.914   125.864   -0.3   -0.6   -0.6
    25.923   125.864   -0.4   -0.6   -0.7
    25.932   125.864   -0.4   -0.7   -0.7
    25.941   125.864   -0.4   -0.7   -0.7
    25.950   125.864   -0.5   -0.8   -0.7
    25.959   125.864   -0.4   -0.8   -0.8
    25.968   125.864   -0.4   -0.9   -0.8
    25.977   125.864   -0.4   -0.9   -0.8
    25.986   125.864   -0.4   -0.9   -0.8
    25.995   125.864   -0.3   -1.0   -0.8
    26.004   125.864   -0.3   -1.0   -0.7
    26.013   125.864   -0.2   -1.0   -0.7
    26.022   125.864   -0.2   -1.0   -0.7
    26.031   125.864   -0.1   -1.0   -0.7
    26.040   125.864   -0.1   -1.0   -0.6
    26.049   125.864   -0.1   -1.0   -0.6
    26.058   125.864   -0.1   -1.0   -0.5
    26.067   125.864   -0.1   -0.9   -0.5
    26.076   125.864   -0.2   -0.9   -0.5
    26.085   125.864   -0.3   -0.8   -0.4
    26.094   125.864   -0.4   -0.8   -0.4
    26.103   125.864   -0.5   -0.8   -0.4
    26.112   125.864   -0.6   -0.8   -0.3
    26.121   125.864   -0.7   -0.8   -0.3
    26.130   125.864   -0.7   -0.8   -0.3
    26.139   125.864   -0.7   -0.8   -0.2
    26.148   125.864   -0.7   -0.8   -0.2
    26.157   125.864   -0.7   -0.7   -0.2
    26.166   125.864   -0.6   -0.7   -0.2
    26.175   125.864   -0.6   -0.7   -0.1
    26.184   125.864   -0.5   -0.6   -0.1
    26.193   125.864   -0.5   -0.6   -0.1
    26.202   125.864   -0.4   -0.5   -0.1
    26.211   125.864   -0.4   -0.5   -0.1
    26.220   125.864   -0.3   -0.5   -0.1
    26.229   125.864   -0.3   -0.4   -0.1
    26.238   125.864   -0.3   -0.4   -0.0
    26.247   125.864   -0.3   -0.4   -0.0
    26.256   125.864   -0.2   -0.3   -0.0
    26.265   125.864   -0.2   -0.3   -0.0
    26.274   125.864   -0.2   -0.3   -0.0
    26.283   125.864   -0.2   -0.3   -0.0
    26.292   125.864   -0.2   -0.2   -0.0
    26.301   125.864   -0.2   -0.2   -0.0
    26.310   125.864   -0.2   -0.2   -0.0
    26.319   125.864   -0.1   -0.2   -0.0
    26.328   125.864   -0.1   -0.2   -0.0
    26.337   125.864   -0.1   -0.2   -0.0
    26.346   125.864   -0.1   -0.2   -0.0
    26.355   125.864   -0.1   -0.1   -0.0
    26.364   125.864   -0.1   -0.1   -0.0
    26.373   125.864   -0.1   -0.1   -0.0
    26.382   125.864   -0.1   -0.1   -0.0
    26.391   125.864   -0.1   -0.1   -0.0
    26.400   125.864   -0.1   -0.1   -0.0
    26.409   125.864   -0.1   -0.1   -0.0
    26.418   125.864   -0.1   -0.1   -0.0
    26.427   125.864   -0.1   -0.1   -0.0
    26.436   125.864   -0.1   -0.1   -0.0
    26.445   125.864   -0.1   -0.1   -0.0
    26.454   125.864   -0.1   -0.1   -0.0
    26.463   125.864   -0.1   -0.1   -0.0
    26.472   125.864   -0.1   -0.1   -0.0
    26.481   125.864   -0.1   -0.1   -0.0
    26.490   125.864   -0.1   -0.1    0.0
    26.499   125.864   -0.1   -0.1    0.0
    26.508   125.864   -0.1   -0.1    0.0
    26.517   125.864   -0.1   -0.0    0.0
    26.526   125.864   -0.1   -0.0    0.0
    25.626   125.874    0.2   -0.2    0.0
    25.635   125.874    0.2   -0.2    0.0
    25.644   125.874    0.2   -0.3    0.0
    25.653   125.874    0.2   -0.3    0.0
    25.662   125.874    0.2   -0.3    0.0
    25.671   125.874    0.2   -0.3    0.1
    25.680   125.874    0.2   -0.3    0.1
    25.689   125.874    0.2   -0.3    0.1
    25.698   125.874    0.3   -0.3    0.1
    25.707   125.874    0.3   -0.4    0.1
    25.716   125.874    0.3   -0.4    0.1
    25.725   125.874    0.3   -0.4    0.1
    25.734   125.874    0.3   -0.4    0.1
    25.743   125.874    0.3   -0.4    0.1
    25.752   125.874    0.4   -0.4    0.1
    25.761   125.874    0.4   -0.4    0.1
    25.770   125.874    0.4   -0.5    0.1
    25.779   125.874    0.4   -0.5    0.1
    25.788   125.874    0.4   -0.5    0.1
    25.797   125.874    0.4   -0.5    0.0
    25.806   125.874    0.4   -0.4    0.0
    25.815   125.874    0.4   -0.4   -0.0
    25.824   125.874    0.4   -0.4   -0.0
    25.833   125.874    0.3   -0.4   -0.1
    25.842   125.874    0.3   -0.4   -0.1
    25.851   125.874    0.2   -0.4   -0.2
    25.860   125.874    0.2   -0.4   -0.2
    25.869   125.874    0.1   -0.4   -0.3
    25.878   125.874   -0.0   -0.4   -0.4
    25.887   125.874   -0.1   -0.4   -0.4
    25.896   125.874   -0.2   -0.4   -0.5
    25.905   125.874   -0.3   -0.5   -0.6
    25.914   125.874   -0.3   -0.5   -0.6
    25.923   125.874   -0.4   -0.6   -0.6
    25.932   125.874   -0.4   -0.6   -0.7
    25.941   125.874   -0.5   -0.7   -0.7
    25.950   125.874   -0.5   -0.7   -0.7
    25.959   125.874   -0.5   -0.8   -0.7
    25.968   125.874   -0.5   -0.8   -0.8
    25.977   125.874   -0.4   -0.9   -0.8
    25.986   125.874   -0.4   -0.9   -0.8
    25.995   125.874   -0.4   -0.9   -0.7
    26.004   125.874   -0.3   -0.9   -0.7
    26.013   125.874   -0.3   -0.9   -0.7
    26.022   125.874   -0.3   -1.0   -0.7
    26.031   125.874   -0.2   -1.0   -0.7
    26.040   125.874   -0.2   -0.9   -0.6
    26.049   125.874   -0.2   -0.9   -0.6
    26.058   125.874   -0.2   -0.9   -0.6
    26.067   125.874   -0.2   -0.9   -0.5
    26.076   125.874   -0.3   -0.8   -0.5
    26.085   125.874   -0.4   -0.8   -0.4
    26.094   125.874   -0.4   -0.8   -0.4
    26.103   125.874   -0.5   -0.7   -0.4
    26.112   125.874   -0.6   -0.7   -0.3
    26.121   125.874   -0.6   -0.7   -0.3
    26.130   125.874   -0.7   -0.7   -0.3
    26.139   125.874   -0.7   -0.7   -0.2
    26.148   125.874   -0.7   -0.7   -0.2
    26.157   125.874   -0.6   -0.7   -0.2
    26.166   125.874   -0.6   -0.7   -0.2
    26.175   125.874   -0.6   -0.6   -0.1
    26.184   125.874   -0.5   -0.6   -0.1
    26.193   125.874   -0.5   -0.6   -0.1
    26.202   125.874   -0.4   -0.5   -0.1
    26.211   125.874   -0.4   -0.5   -0.1
    26.220   125.874   -0.4   -0.5   -0.1
    26.229   125.874   -0.3   -0.4   -0.1
    26.238   125.874   -0.3   -0.4   -0.0
    26.247   125.874   -0.3   -0.4   -0.0
    26.256   125.874   -0.2   -0.3   -0.0
    26.265   125.874   -0.2   -0.3   -0.0
    26.274   125.874   -0.2   -0.3   -0.0
    26.283   125.874   -0.2   -0.3   -0.0
    26.292   125.874   -0.2   -0.2   -0.0
    26.301   125.874   -0.2   -0.2   -0.0
    26.310   125.874   -0.2   -0.2   -0.0
    26.319   125.874   -0.1   -0.2   -0.0
    26.328   125.874   -0.1   -0.2   -0.0
    26.337   125.874   -0.1   -0.2   -0.0
    26.346   125.874   -0.1   -0.2   -0.0
    26.355   125.874   -0.1   -0.2   -0.0
    26.364   125.874   -0.1   -0.1   -0.0
    26.373   125.874   -0.1   -0.1   -0.0
    26.382   125.874   -0.1   -0.1   -0.0
    26.391   125.874   -0.1   -0.1   -0.0
    26.400   125.874   -0.1   -0.1   -0.0
    26.409   125.874   -0.1   -0.1   -0.0
    26.418   125.874   -0.1   -0.1   -0.0
    26.427   125.874   -0.1   -0.1   -0.0
    26.436   125.874   -0.1   -0.1   -0.0
    26.445   125.874   -0.1   -0.1   -0.0
    26.454   125.874   -0.1   -0.1   -0.0
    26.463   125.874   -0.1   -0.1   -0.0
    26.472   125.874   -0.1   -0.1    0.0
    26.481   125.874   -0.1   -0.1    0.0
    26.490   125.874   -0.1   -0.1    0.0
    26.499   125.874   -0.1   -0.1    0.0
    26.508   125.874   -0.1   -0.1    0.0
    26.517   125.874   -0.1   -0.1    0.0
    26.526   125.874   -0.1   -0.1    0.0
    25.626   125.884    0.2   -0.2    0.0
    25.635   125.884    0.2   -0.2    0.0
    25.644   125.884    0.2   -0.3    0.0
    25.653   125.884    0.2   -0.3    0.0
    25.662   125.884    0.2   -0.3    0.0
    25.671   125.884    0.2   -0.3    0.1
    25.680   125.884    0.2   -0.3    0.1
    25.689   125.884    0.2   -0.3    0.1
    25.698   125.884    0.3   -0.4    0.1
    25.707   125.884    0.3   -0.4    0.1
    25.716   125.884    0.3   -0.4    0.1
    25.725   125.884    0.3   -0.4    0.1
    25.734   125.884    0.3   -0.4    0.1
    25.743   125.884    0.3   -0.4    0.1
    25.752   125.884    0.4   -0.4    0.1
    25.761   125.884    0.4   -0.4    0.1
    25.770   125.884    0.4   -0.4    0.1
    25.779   125.884    0.4   -0.4    0.1
    25.788   125.884    0.4   -0.4    0.1
    25.797   125.884    0.4   -0.4    0.0
    25.806   125.884    0.4   -0.4    0.0
    25.815   125.884    0.4   -0.4   -0.0
    25.824   125.884    0.3   -0.4   -0.0
    25.833   125.884    0.3   -0.4   -0.1
    25.842   125.884    0.2   -0.4   -0.1
    25.851   125.884    0.2   -0.4   -0.2
    25.860   125.884    0.1   -0.4   -0.2
    25.869   125.884    0.0   -0.4   -0.3
    25.878   125.884   -0.0   -0.4   -0.4
    25.887   125.884   -0.1   -0.4   -0.4
    25.896   125.884   -0.2   -0.4   -0.5
    25.905   125.884   -0.3   -0.5   -0.5
    25.914   125.884   -0.3   -0.5   -0.6
    25.923   125.884   -0.4   -0.5   -0.6
    25.932   125.884   -0.4   -0.6   -0.7
    25.941   125.884   -0.5   -0.6   -0.7
    25.950   125.884   -0.5   -0.7   -0.7
    25.959   125.884   -0.5   -0.7   -0.7
    25.968   125.884   -0.5   -0.8   -0.7
    25.977   125.884   -0.5   -0.8   -0.7
    25.986   125.884   -0.4   -0.8   -0.7
    25.995   125.884   -0.4   -0.9   -0.7
    26.004   125.884   -0.4   -0.9   -0.7
    26.013   125.884   -0.4   -0.9   -0.7
    26.022   125.884   -0.3   -0.9   -0.7
    26.031   125.884   -0.3   -0.9   -0.6
    26.040   125.884   -0.3   -0.9   -0.6
    26.049   125.884   -0.3   -0.9   -0.6
    26.058   125.884   -0.3   -0.8   -0.5
    26.067   125.884   -0.3   -0.8   -0.5
    26.076   125.884   -0.4   -0.8   -0.5
    26.085   125.884   -0.4   -0.8   -0.4
    26.094   125.884   -0.5   -0.7   -0.4
    26.103   125.884   -0.5   -0.7   -0.4
    26.112   125.884   -0.6   -0.7   -0.3
    26.121   125.884   -0.6   -0.7   -0.3
    26.130   125.884   -0.6   -0.7   -0.3
    26.139   125.884   -0.6   -0.7   -0.2
    26.148   125.884   -0.6   -0.7   -0.2
    26.157   125.884   -0.6   -0.7   -0.2
    26.166   125.884   -0.6   -0.6   -0.2
    26.175   125.884   -0.5   -0.6   -0.1
    26.184   125.884   -0.5   -0.6   -0.1
    26.193   125.884   -0.5   -0.6   -0.1
    26.202   125.884   -0.4   -0.5   -0.1
    26.211   125.884   -0.4   -0.5   -0.1
    26.220   125.884   -0.4   -0.5   -0.1
    26.229   125.884   -0.3   -0.4   -0.1
    26.238   125.884   -0.3   -0.4   -0.0
    26.247   125.884   -0.3   -0.4   -0.0
    26.256   125.884   -0.3   -0.3   -0.0
    26.265   125.884   -0.2   -0.3   -0.0
    26.274   125.884   -0.2   -0.3   -0.0
    26.283   125.884   -0.2   -0.3   -0.0
    26.292   125.884   -0.2   -0.3   -0.0
    26.301   125.884   -0.2   -0.2   -0.0
    26.310   125.884   -0.2   -0.2   -0.0
    26.319   125.884   -0.2   -0.2   -0.0
    26.328   125.884   -0.1   -0.2   -0.0
    26.337   125.884   -0.1   -0.2   -0.0
    26.346   125.884   -0.1   -0.2   -0.0
    26.355   125.884   -0.1   -0.2   -0.0
    26.364   125.884   -0.1   -0.1   -0.0
    26.373   125.884   -0.1   -0.1   -0.0
    26.382   125.884   -0.1   -0.1   -0.0
    26.391   125.884   -0.1   -0.1   -0.0
    26.400   125.884   -0.1   -0.1   -0.0
    26.409   125.884   -0.1   -0.1   -0.0
    26.418   125.884   -0.1   -0.1   -0.0
    26.427   125.884   -0.1   -0.1   -0.0
    26.436   125.884   -0.1   -0.1   -0.0
    26.445   125.884   -0.1   -0.1   -0.0
    26.454   125.884   -0.1   -0.1    0.0
    26.463   125.884   -0.1   -0.1    0.0
    26.472   125.884   -0.1   -0.1    0.0
    26.481   125.884   -0.1   -0.1    0.0
    26.490   125.884   -0.1   -0.1    0.0
    26.499   125.884   -0.1   -0.1    0.0
    26.508   125.884   -0.1   -0.1    0.0
    26.517   125.884   -0.1   -0.1    0.0
    26.526   125.884   -0.1   -0.1    0.0
    25.626   125.894    0.2   -0.2    0.0
    25.635   125.894    0.2   -0.3    0.0
    25.644   125.894    0.2   -0.3    0.0
    25.653   125.894    0.2   -0.3    0.0
    25.662   125.894    0.2   -0.3    0.0
    25.671   125.894    0.2   -0.3    0.1
    25.680   125.894    0.2   -0.3    0.1
    25.689   125.894    0.2   -0.3    0.1
    25.698   125.894    0.3   -0.3    0.1
    25.707   125.894    0.3   -0.4    0.1
    25.716   125.894    0.3   -0.4    0.1
    25.725   125.894    0.3   -0.4    0.1
    25.734   125.894    0.3   -0.4    0.1
    25.743   125.894    0.3   -0.4    0.1
    25.752   125.894    0.4   -0.4    0.1
    25.761   125.894    0.4   -0.4    0.1
    25.770   125.894    0.4   -0.4    0.1
    25.779   125.894    0.4   -0.4    0.1
    25.788   125.894    0.4   -0.4    0.0
    25.797   125.894    0.4   -0.4    0.0
    25.806   125.894    0.4   -0.4    0.0
    25.815   125.894    0.3   -0.4   -0.0
    25.824   125.894    0.3   -0.4   -0.1
    25.833   125.894    0.3   -0.3   -0.1
    25.842   125.894    0.2   -0.3   -0.1
    25.851   125.894    0.2   -0.3   -0.2
    25.860   125.894    0.1   -0.3   -0.2
    25.869   125.894    0.0   -0.3   -0.3
    25.878   125.894   -0.1   -0.3   -0.4
    25.887   125.894   -0.1   -0.4   -0.4
    25.896   125.894   -0.2   -0.4   -0.5
    25.905   125.894   -0.3   -0.4   -0.5
    25.914   125.894   -0.3   -0.5   -0.6
    25.923   125.894   -0.4   -0.5   -0.6
    25.932   125.894   -0.4   -0.6   -0.6
    25.941   125.894   -0.5   -0.6   -0.7
    25.950   125.894   -0.5   -0.6   -0.7
    25.959   125.894   -0.5   -0.7   -0.7
    25.968   125.894   -0.5   -0.7   -0.7
    25.977   125.894   -0.5   -0.8   -0.7
    25.986   125.894   -0.5   -0.8   -0.7
    25.995   125.894   -0.4   -0.8   -0.7
    26.004   125.894   -0.4   -0.8   -0.7
    26.013   125.894   -0.4   -0.8   -0.7
    26.022   125.894   -0.4   -0.8   -0.6
    26.031   125.894   -0.4   -0.8   -0.6
    26.040   125.894   -0.4   -0.8   -0.6
    26.049   125.894   -0.4   -0.8   -0.6
    26.058   125.894   -0.4   -0.8   -0.5
    26.067   125.894   -0.4   -0.8   -0.5
    26.076   125.894   -0.4   -0.8   -0.5
    26.085   125.894   -0.4   -0.7   -0.4
    26.094   125.894   -0.5   -0.7   -0.4
    26.103   125.894   -0.5   -0.7   -0.4
    26.112   125.894   -0.6   -0.7   -0.3
    26.121   125.894   -0.6   -0.7   -0.3
    26.130   125.894   -0.6   -0.7   -0.3
    26.139   125.894   -0.6   -0.7   -0.2
    26.148   125.894   -0.6   -0.7   -0.2
    26.157   125.894   -0.6   -0.6   -0.2
    26.166   125.894   -0.6   -0.6   -0.2
    26.175   125.894   -0.5   -0.6   -0.1
    26.184   125.894   -0.5   -0.6   -0.1
    26.193   125.894   -0.5   -0.5   -0.1
    26.202   125.894   -0.4   -0.5   -0.1
    26.211   125.894   -0.4   -0.5   -0.1
    26.220   125.894   -0.4   -0.5   -0.1
    26.229   125.894   -0.3   -0.4   -0.1
    26.238   125.894   -0.3   -0.4   -0.1
    26.247   125.894   -0.3   -0.4   -0.0
    26.256   125.894   -0.3   -0.4   -0.0
    26.265   125.894   -0.2   -0.3   -0.0
    26.274   125.894   -0.2   -0.3   -0.0
    26.283   125.894   -0.2   -0.3   -0.0
    26.292   125.894   -0.2   -0.3   -0.0
    26.301   125.894   -0.2   -0.2   -0.0
    26.310   125.894   -0.2   -0.2   -0.0
    26.319   125.894   -0.2   -0.2   -0.0
    26.328   125.894   -0.1   -0.2   -0.0
    26.337   125.894   -0.1   -0.2   -0.0
    26.346   125.894   -0.1   -0.2   -0.0
    26.355   125.894   -0.1   -0.2   -0.0
    26.364   125.894   -0.1   -0.2   -0.0
    26.373   125.894   -0.1   -0.1   -0.0
    26.382   125.894   -0.1   -0.1   -0.0
    26.391   125.894   -0.1   -0.1   -0.0
    26.400   125.894   -0.1   -0.1   -0.0
    26.409   125.894   -0.1   -0.1   -0.0
    26.418   125.894   -0.1   -0.1   -0.0
    26.427   125.894   -0.1   -0.1   -0.0
    26.436   125.894   -0.1   -0.1   -0.0
    26.445   125.894   -0.1   -0.1    0.0
    26.454   125.894   -0.1   -0.1    0.0
    26.463   125.894   -0.1   -0.1    0.0
    26.472   125.894   -0.1   -0.1    0.0
    26.481   125.894   -0.1   -0.1    0.0
    26.490   125.894   -0.1   -0.1    0.0
    26.499   125.894   -0.1   -0.1    0.0
    26.508   125.894   -0.1   -0.1    0.0
    26.517   125.894   -0.1   -0.1    0.0
    26.526   125.894   -0.1   -0.1    0.0
    25.626   125.904    0.2   -0.2    0.0
    25.635   125.904    0.2   -0.3    0.0
    25.644   125.904    0.2   -0.3    0.0
    25.653   125.904    0.2   -0.3    0.0
    25.662   125.904    0.2   -0.3    0.0
    25.671   125.904    0.2   -0.3    0.1
    25.680   125.904    0.2   -0.3    0.1
    25.689   125.904    0.3   -0.3    0.1
    25.698   125.904    0.3   -0.3    0.1
    25.707   125.904    0.3   -0.4    0.1
    25.716   125.904    0.3   -0.4    0.1
    25.725   125.904    0.3   -0.4    0.1
    25.734   125.904    0.3   -0.4    0.1
    25.743   125.904    0.3   -0.4    0.1
    25.752   125.904    0.3   -0.4    0.1
    25.761   125.904    0.4   -0.4    0.1
    25.770   125.904    0.4   -0.4    0.1
    25.779   125.904    0.4   -0.4    0.1
    25.788   125.904    0.4   -0.4    0.0
    25.797   125.904    0.3   -0.4    0.0
    25.806   125.904    0.3   -0.4   -0.0
    25.815   125.904    0.3   -0.3   -0.0
    25.824   125.904    0.3   -0.3   -0.1
    25.833   125.904    0.2   -0.3   -0.1
    25.842   125.904    0.2   -0.3   -0.1
    25.851   125.904    0.1   -0.3   -0.2
    25.860   125.904    0.1   -0.3   -0.2
    25.869   125.904   -0.0   -0.3   -0.3
    25.878   125.904   -0.1   -0.3   -0.3
    25.887   125.904   -0.2   -0.3   -0.4
    25.896   125.904   -0.2   -0.4   -0.4
    25.905   125.904   -0.3   -0.4   -0.5
    25.914   125.904   -0.3   -0.4   -0.5
    25.923   125.904   -0.4   -0.5   -0.6
    25.932   125.904   -0.4   -0.5   -0.6
    25.941   125.904   -0.5   -0.6   -0.6
    25.950   125.904   -0.5   -0.6   -0.7
    25.959   125.904   -0.5   -0.6   -0.7
    25.968   125.904   -0.5   -0.7   -0.7
    25.977   125.904   -0.5   -0.7   -0.7
    25.986   125.904   -0.5   -0.7   -0.7
    25.995   125.904   -0.5   -0.8   -0.7
    26.004   125.904   -0.5   -0.8   -0.7
    26.013   125.904   -0.4   -0.8   -0.6
    26.022   125.904   -0.4   -0.8   -0.6
    26.031   125.904   -0.4   -0.8   -0.6
    26.040   125.904   -0.4   -0.8   -0.6
    26.049   125.904   -0.4   -0.8   -0.5
    26.058   125.904   -0.4   -0.8   -0.5
    26.067   125.904   -0.4   -0.7   -0.5
    26.076   125.904   -0.4   -0.7   -0.4
    26.085   125.904   -0.5   -0.7   -0.4
    26.094   125.904   -0.5   -0.7   -0.4
    26.103   125.904   -0.5   -0.7   -0.3
    26.112   125.904   -0.6   -0.7   -0.3
    26.121   125.904   -0.6   -0.7   -0.3
    26.130   125.904   -0.6   -0.6   -0.3
    26.139   125.904   -0.6   -0.6   -0.2
    26.148   125.904   -0.6   -0.6   -0.2
    26.157   125.904   -0.6   -0.6   -0.2
    26.166   125.904   -0.5   -0.6   -0.2
    26.175   125.904   -0.5   -0.6   -0.1
    26.184   125.904   -0.5   -0.6   -0.1
    26.193   125.904   -0.4   -0.5   -0.1
    26.202   125.904   -0.4   -0.5   -0.1
    26.211   125.904   -0.4   -0.5   -0.1
    26.220   125.904   -0.4   -0.5   -0.1
    26.229   125.904   -0.3   -0.4   -0.1
    26.238   125.904   -0.3   -0.4   -0.1
    26.247   125.904   -0.3   -0.4   -0.0
    26.256   125.904   -0.3   -0.4   -0.0
    26.265   125.904   -0.2   -0.3   -0.0
    26.274   125.904   -0.2   -0.3   -0.0
    26.283   125.904   -0.2   -0.3   -0.0
    26.292   125.904   -0.2   -0.3   -0.0
    26.301   125.904   -0.2   -0.3   -0.0
    26.310   125.904   -0.2   -0.2   -0.0
    26.319   125.904   -0.2   -0.2   -0.0
    26.328   125.904   -0.2   -0.2   -0.0
    26.337   125.904   -0.1   -0.2   -0.0
    26.346   125.904   -0.1   -0.2   -0.0
    26.355   125.904   -0.1   -0.2   -0.0
    26.364   125.904   -0.1   -0.2   -0.0
    26.373   125.904   -0.1   -0.2   -0.0
    26.382   125.904   -0.1   -0.1   -0.0
    26.391   125.904   -0.1   -0.1   -0.0
    26.400   125.904   -0.1   -0.1   -0.0
    26.409   125.904   -0.1   -0.1   -0.0
    26.418   125.904   -0.1   -0.1   -0.0
    26.427   125.904   -0.1   -0.1   -0.0
    26.436   125.904   -0.1   -0.1    0.0
    26.445   125.904   -0.1   -0.1    0.0
    26.454   125.904   -0.1   -0.1    0.0
    26.463   125.904   -0.1   -0.1    0.0
    26.472   125.904   -0.1   -0.1    0.0
    26.481   125.904   -0.1   -0.1    0.0
    26.490   125.904   -0.1   -0.1    0.0
    26.499   125.904   -0.1   -0.1    0.0
    26.508   125.904   -0.1   -0.1    0.0
    26.517   125.904   -0.1   -0.1    0.0
    26.526   125.904   -0.1   -0.1    0.0
    25.626   125.914    0.2   -0.2    0.0
    25.635   125.914    0.2   -0.3    0.0
    25.644   125.914    0.2   -0.3    0.0
    25.653   125.914    0.2   -0.3    0.0
    25.662   125.914    0.2   -0.3    0.0
    25.671   125.914    0.2   -0.3    0.1
    25.680   125.914    0.2   -0.3    0.1
    25.689   125.914    0.3   -0.3    0.1
    25.698   125.914    0.3   -0.3    0.1
    25.707   125.914    0.3   -0.3    0.1
    25.716   125.914    0.3   -0.4    0.1
    25.725   125.914    0.3   -0.4    0.1
    25.734   125.914    0.3   -0.4    0.1
    25.743   125.914    0.3   -0.4    0.1
    25.752   125.914    0.3   -0.4    0.1
    25.761   125.914    0.3   -0.4    0.1
    25.770   125.914    0.3   -0.4    0.1
    25.779   125.914    0.3   -0.4    0.0
    25.788   125.914    0.3   -0.4    0.0
    25.797   125.914    0.3   -0.3    0.0
    25.806   125.914    0.3   -0.3   -0.0
    25.815   125.914    0.3   -0.3   -0.0
    25.824   125.914    0.2   -0.3   -0.1
    25.833   125.914    0.2   -0.3   -0.1
    25.842   125.914    0.2   -0.3   -0.1
    25.851   125.914    0.1   -0.3   -0.2
    25.860   125.914    0.0   -0.3   -0.2
    25.869   125.914   -0.0   -0.3   -0.3
    25.878   125.914   -0.1   -0.3   -0.3
    25.887   125.914   -0.2   -0.3   -0.4
    25.896   125.914   -0.2   -0.3   -0.4
    25.905   125.914   -0.3   -0.4   -0.5
    25.914   125.914   -0.3   -0.4   -0.5
    25.923   125.914   -0.4   -0.4   -0.5
    25.932   125.914   -0.4   -0.5   -0.6
    25.941   125.914   -0.5   -0.5   -0.6
    25.950   125.914   -0.5   -0.6   -0.6
    25.959   125.914   -0.5   -0.6   -0.6
    25.968   125.914   -0.5   -0.6   -0.6
    25.977   125.914   -0.5   -0.7   -0.6
    25.986   125.914   -0.5   -0.7   -0.6
    25.995   125.914   -0.5   -0.7   -0.6
    26.004   125.914   -0.5   -0.7   -0.6
    26.013   125.914   -0.5   -0.7   -0.6
    26.022   125.914   -0.5   -0.7   -0.6
    26.031   125.914   -0.5   -0.7   -0.6
    26.040   125.914   -0.4   -0.7   -0.5
    26.049   125.914   -0.4   -0.7   -0.5
    26.058   125.914   -0.4   -0.7   -0.5
    26.067   125.914   -0.5   -0.7   -0.5
    26.076   125.914   -0.5   -0.7   -0.4
    26.085   125.914   -0.5   -0.7   -0.4
    26.094   125.914   -0.5   -0.7   -0.4
    26.103   125.914   -0.5   -0.6   -0.3
    26.112   125.914   -0.5   -0.6   -0.3
    26.121   125.914   -0.6   -0.6   -0.3
    26.130   125.914   -0.6   -0.6   -0.2
    26.139   125.914   -0.6   -0.6   -0.2
    26.148   125.914   -0.6   -0.6   -0.2
    26.157   125.914   -0.5   -0.6   -0.2
    26.166   125.914   -0.5   -0.6   -0.2
    26.175   125.914   -0.5   -0.6   -0.1
    26.184   125.914   -0.5   -0.5   -0.1
    26.193   125.914   -0.4   -0.5   -0.1
    26.202   125.914   -0.4   -0.5   -0.1
    26.211   125.914   -0.4   -0.5   -0.1
    26.220   125.914   -0.4   -0.4   -0.1
    26.229   125.914   -0.3   -0.4   -0.1
    26.238   125.914   -0.3   -0.4   -0.1
    26.247   125.914   -0.3   -0.4   -0.0
    26.256   125.914   -0.3   -0.4   -0.0
    26.265   125.914   -0.2   -0.3   -0.0
    26.274   125.914   -0.2   -0.3   -0.0
    26.283   125.914   -0.2   -0.3   -0.0
    26.292   125.914   -0.2   -0.3   -0.0
    26.301   125.914   -0.2   -0.3   -0.0
    26.310   125.914   -0.2   -0.2   -0.0
    26.319   125.914   -0.2   -0.2   -0.0
    26.328   125.914   -0.2   -0.2   -0.0
    26.337   125.914   -0.1   -0.2   -0.0
    26.346   125.914   -0.1   -0.2   -0.0
    26.355   125.914   -0.1   -0.2   -0.0
    26.364   125.914   -0.1   -0.2   -0.0
    26.373   125.914   -0.1   -0.2   -0.0
    26.382   125.914   -0.1   -0.2   -0.0
    26.391   125.914   -0.1   -0.1   -0.0
    26.400   125.914   -0.1   -0.1   -0.0
    26.409   125.914   -0.1   -0.1   -0.0
    26.418   125.914   -0.1   -0.1   -0.0
    26.427   125.914   -0.1   -0.1    0.0
    26.436   125.914   -0.1   -0.1    0.0
    26.445   125.914   -0.1   -0.1    0.0
    26.454   125.914   -0.1   -0.1    0.0
    26.463   125.914   -0.1   -0.1    0.0
    26.472   125.914   -0.1   -0.1    0.0
    26.481   125.914   -0.1   -0.1    0.0
    26.490   125.914   -0.1   -0.1    0.0
    26.499   125.914   -0.1   -0.1    0.0
    26.508   125.914   -0.1   -0.1    0.0
    26.517   125.914   -0.1   -0.1    0.0
    26.526   125.914   -0.1   -0.1    0.0
    25.626   125.924    0.2   -0.3    0.0
    25.635   125.924    0.2   -0.3    0.0
    25.644   125.924    0.2   -0.3    0.0
    25.653   125.924    0.2   -0.3    0.0
    25.662   125.924    0.2   -0.3    0.0
    25.671   125.924    0.2   -0.3    0.0
    25.680   125.924    0.2   -0.3    0.1
    25.689   125.924    0.3   -0.3    0.1
    25.698   125.924    0.3   -0.3    0.1
    25.707   125.924    0.3   -0.3    0.1
    25.716   125.924    0.3   -0.3    0.1
    25.725   125.924    0.3   -0.4    0.1
    25.734   125.924    0.3   -0.4    0.1
    25.743   125.924    0.3   -0.4    0.1
    25.752   125.924    0.3   -0.4    0.1
    25.761   125.924    0.3   -0.4    0.1
    25.770   125.924    0.3   -0.4    0.0
    25.779   125.924    0.3   -0.3    0.0
    25.788   125.924    0.3   -0.3    0.0
    25.797   125.924    0.3   -0.3    0.0
    25.806   125.924    0.3   -0.3   -0.0
    25.815   125.924    0.3   -0.3   -0.0
    25.824   125.924    0.2   -0.3   -0.1
    25.833   125.924    0.2   -0.3   -0.1
    25.842   125.924    0.1   -0.3   -0.1
    25.851   125.924    0.1   -0.3   -0.2
    25.860   125.924    0.0   -0.3   -0.2
    25.869   125.924   -0.0   -0.3   -0.3
    25.878   125.924   -0.1   -0.3   -0.3
    25.887   125.924   -0.2   -0.3   -0.4
    25.896   125.924   -0.2   -0.3   -0.4
    25.905   125.924   -0.3   -0.4   -0.4
    25.914   125.924   -0.3   -0.4   -0.5
    25.923   125.924   -0.4   -0.4   -0.5
    25.932   125.924   -0.4   -0.5   -0.5
    25.941   125.924   -0.5   -0.5   -0.6
    25.950   125.924   -0.5   -0.5   -0.6
    25.959   125.924   -0.5   -0.6   -0.6
    25.968   125.924   -0.5   -0.6   -0.6
    25.977   125.924   -0.5   -0.6   -0.6
    25.986   125.924   -0.5   -0.6   -0.6
    25.995   125.924   -0.5   -0.7   -0.6
    26.004   125.924   -0.5   -0.7   -0.6
    26.013   125.924   -0.5   -0.7   -0.6
    26.022   125.924   -0.5   -0.7   -0.6
    26.031   125.924   -0.5   -0.7   -0.5
    26.040   125.924   -0.5   -0.7   -0.5
    26.049   125.924   -0.5   -0.7   -0.5
    26.058   125.924   -0.5   -0.7   -0.5
    26.067   125.924   -0.5   -0.7   -0.4
    26.076   125.924   -0.5   -0.7   -0.4
    26.085   125.924   -0.5   -0.6   -0.4
    26.094   125.924   -0.5   -0.6   -0.3
    26.103   125.924   -0.5   -0.6   -0.3
    26.112   125.924   -0.5   -0.6   -0.3
    26.121   125.924   -0.5   -0.6   -0.3
    26.130   125.924   -0.5   -0.6   -0.2
    26.139   125.924   -0.5   -0.6   -0.2
    26.148   125.924   -0.5   -0.6   -0.2
    26.157   125.924   -0.5   -0.6   -0.2
    26.166   125.924   -0.5   -0.6   -0.2
    26.175   125.924   -0.5   -0.5   -0.1
    26.184   125.924   -0.5   -0.5   -0.1
    26.193   125.924   -0.4   -0.5   -0.1
    26.202   125.924   -0.4   -0.5   -0.1
    26.211   125.924   -0.4   -0.5   -0.1
    26.220   125.924   -0.4   -0.4   -0.1
    26.229   125.924   -0.3   -0.4   -0.1
    26.238   125.924   -0.3   -0.4   -0.1
    26.247   125.924   -0.3   -0.4   -0.0
    26.256   125.924   -0.3   -0.4   -0.0
    26.265   125.924   -0.3   -0.3   -0.0
    26.274   125.924   -0.2   -0.3   -0.0
    26.283   125.924   -0.2   -0.3   -0.0
    26.292   125.924   -0.2   -0.3   -0.0
    26.301   125.924   -0.2   -0.3   -0.0
    26.310   125.924   -0.2   -0.2   -0.0
    26.319   125.924   -0.2   -0.2   -0.0
    26.328   125.924   -0.2   -0.2   -0.0
    26.337   125.924   -0.2   -0.2   -0.0
    26.346   125.924   -0.1   -0.2   -0.0
    26.355   125.924   -0.1   -0.2   -0.0
    26.364   125.924   -0.1   -0.2   -0.0
    26.373   125.924   -0.1   -0.2   -0.0
    26.382   125.924   -0.1   -0.2   -0.0
    26.391   125.924   -0.1   -0.1   -0.0
    26.400   125.924   -0.1   -0.1   -0.0
    26.409   125.924   -0.1   -0.1   -0.0
    26.418   125.924   -0.1   -0.1    0.0
    26.427   125.924   -0.1   -0.1    0.0
    26.436   125.924   -0.1   -0.1    0.0
    26.445   125.924   -0.1   -0.1    0.0
    26.454   125.924   -0.1   -0.1    0.0
    26.463   125.924   -0.1   -0.1    0.0
    26.472   125.924   -0.1   -0.1    0.0
    26.481   125.924   -0.1   -0.1    0.0
    26.490   125.924   -0.1   -0.1    0.0
    26.499   125.924   -0.1   -0.1    0.0
    26.508   125.924   -0.1   -0.1    0.0
    26.517   125.924   -0.1   -0.1    0.0
    26.526   125.924   -0.1   -0.1    0.0
    25.626   125.934    0.2   -0.3    0.0
    25.635   125.934    0.2   -0.3    0.0
    25.644   125.934    0.2   -0.3    0.0
    25.653   125.934    0.2   -0.3    0.0
    25.662   125.934    0.2   -0.3    0.0
    25.671   125.934    0.2   -0.3    0.0
    25.680   125.934    0.2   -0.3    0.0
    25.689   125.934    0.3   -0.3    0.1
    25.698   125.934    0.3   -0.3    0.1
    25.707   125.934    0.3   -0.3    0.1
    25.716   125.934    0.3   -0.3    0.1
    25.725   125.934    0.3   -0.3    0.1
    25.734   125.934    0.3   -0.3    0.1
    25.743   125.934    0.3   -0.3    0.1
    25.752   125.934    0.3   -0.3    0.1
    25.761   125.934    0.3   -0.3    0.1
    25.770   125.934    0.3   -0.3    0.0
    25.779   125.934    0.3   -0.3    0.0
    25.788   125.934    0.3   -0.3    0.0
    25.797   125.934    0.3   -0.3    0.0
    25.806   125.934    0.3   -0.3   -0.0
    25.815   125.934    0.2   -0.3   -0.0
    25.824   125.934    0.2   -0.3   -0.1
    25.833   125.934    0.2   -0.3   -0.1
    25.842   125.934    0.1   -0.3   -0.1
    25.851   125.934    0.1   -0.3   -0.2
    25.860   125.934    0.0   -0.3   -0.2
    25.869   125.934   -0.0   -0.3   -0.3
    25.878   125.934   -0.1   -0.3   -0.3
    25.887   125.934   -0.2   -0.3   -0.3
    25.896   125.934   -0.2   -0.3   -0.4
    25.905   125.934   -0.3   -0.3   -0.4
    25.914   125.934   -0.3   -0.4   -0.4
    25.923   125.934   -0.4   -0.4   -0.5
    25.932   125.934   -0.4   -0.4   -0.5
    25.941   125.934   -0.4   -0.5   -0.5
    25.950   125.934   -0.5   -0.5   -0.5
    25.959   125.934   -0.5   -0.5   -0.6
    25.968   125.934   -0.5   -0.6   -0.6
    25.977   125.934   -0.5   -0.6   -0.6
    25.986   125.934   -0.5   -0.6   -0.6
    25.995   125.934   -0.5   -0.6   -0.6
    26.004   125.934   -0.5   -0.6   -0.5
    26.013   125.934   -0.5   -0.6   -0.5
    26.022   125.934   -0.5   -0.7   -0.5
    26.031   125.934   -0.5   -0.7   -0.5
    26.040   125.934   -0.5   -0.7   -0.5
    26.049   125.934   -0.5   -0.7   -0.5
    26.058   125.934   -0.5   -0.6   -0.4
    26.067   125.934   -0.5   -0.6   -0.4
    26.076   125.934   -0.5   -0.6   -0.4
    26.085   125.934   -0.5   -0.6   -0.4
    26.094   125.934   -0.5   -0.6   -0.3
    26.103   125.934   -0.5   -0.6   -0.3
    26.112   125.934   -0.5   -0.6   -0.3
    26.121   125.934   -0.5   -0.6   -0.3
    26.130   125.934   -0.5   -0.6   -0.2
    26.139   125.934   -0.5   -0.6   -0.2
    26.148   125.934   -0.5   -0.6   -0.2
    26.157   125.934   -0.5   -0.5   -0.2
    26.166   125.934   -0.5   -0.5   -0.1
    26.175   125.934   -0.5   -0.5   -0.1
    26.184   125.934   -0.4   -0.5   -0.1
    26.193   125.934   -0.4   -0.5   -0.1
    26.202   125.934   -0.4   -0.5   -0.1
    26.211   125.934   -0.4   -0.4   -0.1
    26.220   125.934   -0.4   -0.4   -0.1
    26.229   125.934   -0.3   -0.4   -0.1
    26.238   125.934   -0.3   -0.4   -0.1
    26.247   125.934   -0.3   -0.4   -0.0
    26.256   125.934   -0.3   -0.4   -0.0
    26.265   125.934   -0.3   -0.3   -0.0
    26.274   125.934   -0.2   -0.3   -0.0
    26.283   125.934   -0.2   -0.3   -0.0
    26.292   125.934   -0.2   -0.3   -0.0
    26.301   125.934   -0.2   -0.3   -0.0
    26.310   125.934   -0.2   -0.3   -0.0
    26.319   125.934   -0.2   -0.2   -0.0
    26.328   125.934   -0.2   -0.2   -0.0
    26.337   125.934   -0.2   -0.2   -0.0
    26.346   125.934   -0.1   -0.2   -0.0
    26.355   125.934   -0.1   -0.2   -0.0
    26.364   125.934   -0.1   -0.2   -0.0
    26.373   125.934   -0.1   -0.2   -0.0
    26.382   125.934   -0.1   -0.2   -0.0
    26.391   125.934   -0.1   -0.2   -0.0
    26.400   125.934   -0.1   -0.1   -0.0
    26.409   125.934   -0.1   -0.1    0.0
    26.418   125.934   -0.1   -0.1    0.0
    26.427   125.934   -0.1   -0.1    0.0
    26.436   125.934   -0.1   -0.1    0.0
    26.445   125.934   -0.1   -0.1    0.0
    26.454   125.934   -0.1   -0.1    0.0
    26.463   125.934   -0.1   -0.1    0.0
    26.472   125.934   -0.1   -0.1    0.0
    26.481   125.934   -0.1   -0.1    0.0
    26.490   125.934   -0.1   -0.1    0.0
    26.499   125.934   -0.1   -0.1    0.0
    26.508   125.934   -0.1   -0.1    0.0
    26.517   125.934   -0.1   -0.1    0.0
    26.526   125.934   -0.1   -0.1    0.0
    25.626   125.944    0.2   -0.3    0.0
    25.635   125.944    0.2   -0.3    0.0
    25.644   125.944    0.2   -0.3    0.0
    25.653   125.944    0.2   -0.3    0.0
    25.662   125.944    0.2   -0.3    0.0
    25.671   125.944    0.2   -0.3    0.0
    25.680   125.944    0.2   -0.3    0.0
    25.689   125.944    0.3   -0.3    0.0
    25.698   125.944    0.3   -0.3    0.1
    25.707   125.944    0.3   -0.3    0.1
    25.716   125.944    0.3   -0.3    0.1
    25.725   125.944    0.3   -0.3    0.1
    25.734   125.944    0.3   -0.3    0.1
    25.743   125.944    0.3   -0.3    0.1
    25.752   125.944    0.3   -0.3    0.0
    25.761   125.944    0.3   -0.3    0.0
    25.770   125.944    0.3   -0.3    0.0
    25.779   125.944    0.3   -0.3    0.0
    25.788   125.944    0.3   -0.3    0.0
    25.797   125.944    0.3   -0.3   -0.0
    25.806   125.944    0.2   -0.3   -0.0
    25.815   125.944    0.2   -0.3   -0.0
    25.824   125.944    0.2   -0.3   -0.1
    25.833   125.944    0.1   -0.3   -0.1
    25.842   125.944    0.1   -0.2   -0.1
    25.851   125.944    0.1   -0.2   -0.2
    25.860   125.944    0.0   -0.2   -0.2
    25.869   125.944   -0.1   -0.2   -0.2
    25.878   125.944   -0.1   -0.3   -0.3
    25.887   125.944   -0.2   -0.3   -0.3
    25.896   125.944   -0.2   -0.3   -0.3
    25.905   125.944   -0.3   -0.3   -0.4
    25.914   125.944   -0.3   -0.3   -0.4
    25.923   125.944   -0.4   -0.4   -0.4
    25.932   125.944   -0.4   -0.4   -0.5
    25.941   125.944   -0.4   -0.4   -0.5
    25.950   125.944   -0.5   -0.5   -0.5
    25.959   125.944   -0.5   -0.5   -0.5
    25.968   125.944   -0.5   -0.5   -0.5
    25.977   125.944   -0.5   -0.5   -0.5
    25.986   125.944   -0.5   -0.6   -0.5
    25.995   125.944   -0.5   -0.6   -0.5
    26.004   125.944   -0.5   -0.6   -0.5
    26.013   125.944   -0.5   -0.6   -0.5
    26.022   125.944   -0.5   -0.6   -0.5
    26.031   125.944   -0.5   -0.6   -0.5
    26.040   125.944   -0.5   -0.6   -0.5
    26.049   125.944   -0.5   -0.6   -0.4
    26.058   125.944   -0.5   -0.6   -0.4
    26.067   125.944   -0.5   -0.6   -0.4
    26.076   125.944   -0.5   -0.6   -0.4
    26.085   125.944   -0.5   -0.6   -0.3
    26.094   125.944   -0.5   -0.6   -0.3
    26.103   125.944   -0.5   -0.6   -0.3
    26.112   125.944   -0.5   -0.6   -0.3
    26.121   125.944   -0.5   -0.6   -0.2
    26.130   125.944   -0.5   -0.6   -0.2
    26.139   125.944   -0.5   -0.5   -0.2
    26.148   125.944   -0.5   -0.5   -0.2
    26.157   125.944   -0.5   -0.5   -0.2
    26.166   125.944   -0.5   -0.5   -0.1
    26.175   125.944   -0.5   -0.5   -0.1
    26.184   125.944   -0.4   -0.5   -0.1
    26.193   125.944   -0.4   -0.5   -0.1
    26.202   125.944   -0.4   -0.5   -0.1
    26.211   125.944   -0.4   -0.4   -0.1
    26.220   125.944   -0.4   -0.4   -0.1
    26.229   125.944   -0.3   -0.4   -0.1
    26.238   125.944   -0.3   -0.4   -0.1
    26.247   125.944   -0.3   -0.4   -0.0
    26.256   125.944   -0.3   -0.3   -0.0
    26.265   125.944   -0.3   -0.3   -0.0
    26.274   125.944   -0.2   -0.3   -0.0
    26.283   125.944   -0.2   -0.3   -0.0
    26.292   125.944   -0.2   -0.3   -0.0
    26.301   125.944   -0.2   -0.3   -0.0
    26.310   125.944   -0.2   -0.3   -0.0
    26.319   125.944   -0.2   -0.2   -0.0
    26.328   125.944   -0.2   -0.2   -0.0
    26.337   125.944   -0.2   -0.2   -0.0
    26.346   125.944   -0.1   -0.2   -0.0
    26.355   125.944   -0.1   -0.2   -0.0
    26.364   125.944   -0.1   -0.2   -0.0
    26.373   125.944   -0.1   -0.2   -0.0
    26.382   125.944   -0.1   -0.2   -0.0
    26.391   125.944   -0.1   -0.2   -0.0
    26.400   125.944   -0.1   -0.1   -0.0
    26.409   125.944   -0.1   -0.1    0.0
    26.418   125.944   -0.1   -0.1    0.0
    26.427   125.944   -0.1   -0.1    0.0
    26.436   125.944   -0.1   -0.1    0.0
    26.445   125.944   -0.1   -0.1    0.0
    26.454   125.944   -0.1   -0.1    0.0
    26.463   125.944   -0.1   -0.1    0.0
    26.472   125.944   -0.1   -0.1    0.0
    26.481   125.944   -0.1   -0.1    0.0
    26.490   125.944   -0.1   -0.1    0.0
    26.499   125.944   -0.1   -0.1    0.0
    26.508   125.944   -0.1   -0.1    0.0
    26.517   125.944   -0.1   -0.1    0.0
    26.526   125.944   -0.1   -0.1    0.0
    25.626   125.954    0.2   -0.2    0.0
    25.635   125.954    0.2   -0.3    0.0
    25.644   125.954    0.2   -0.3    0.0
    25.653   125.954    0.2   -0.3    0.0
    25.662   125.954    0.2   -0.3    0.0
    25.671   125.954    0.2   -0.3    0.0
    25.680   125.954    0.2   -0.3    0.0
    25.689   125.954    0.3   -0.3    0.0
    25.698   125.954    0.3   -0.3    0.0
    25.707   125.954    0.3   -0.3    0.1
    25.716   125.954    0.3   -0.3    0.1
    25.725   125.954    0.3   -0.3    0.1
    25.734   125.954    0.3   -0.3    0.1
    25.743   125.954    0.3   -0.3    0.0
    25.752   125.954    0.3   -0.3    0.0
    25.761   125.954    0.3   -0.3    0.0
    25.770   125.954    0.3   -0.3    0.0
    25.779   125.954    0.3   -0.3    0.0
    25.788   125.954    0.3   -0.3    0.0
    25.797   125.954    0.3   -0.3   -0.0
    25.806   125.954    0.2   -0.3   -0.0
    25.815   125.954    0.2   -0.3   -0.0
    25.824   125.954    0.2   -0.2   -0.1
    25.833   125.954    0.1   -0.2   -0.1
    25.842   125.954    0.1   -0.2   -0.1
    25.851   125.954    0.0   -0.2   -0.2
    25.860   125.954   -0.0   -0.2   -0.2
    25.869   125.954   -0.1   -0.2   -0.2
    25.878   125.954   -0.1   -0.2   -0.3
    25.887   125.954   -0.2   -0.3   -0.3
    25.896   125.954   -0.2   -0.3   -0.3
    25.905   125.954   -0.3   -0.3   -0.4
    25.914   125.954   -0.3   -0.3   -0.4
    25.923   125.954   -0.3   -0.3   -0.4
    25.932   125.954   -0.4   -0.4   -0.4
    25.941   125.954   -0.4   -0.4   -0.5
    25.950   125.954   -0.4   -0.4   -0.5
    25.959   125.954   -0.5   -0.5   -0.5
    25.968   125.954   -0.5   -0.5   -0.5
    25.977   125.954   -0.5   -0.5   -0.5
    25.986   125.954   -0.5   -0.5   -0.5
    25.995   125.954   -0.5   -0.5   -0.5
    26.004   125.954   -0.5   -0.6   -0.5
    26.013   125.954   -0.5   -0.6   -0.5
    26.022   125.954   -0.5   -0.6   -0.5
    26.031   125.954   -0.5   -0.6   -0.4
    26.040   125.954   -0.5   -0.6   -0.4
    26.049   125.954   -0.5   -0.6   -0.4
    26.058   125.954   -0.5   -0.6   -0.4
    26.067   125.954   -0.5   -0.6   -0.4
    26.076   125.954   -0.5   -0.6   -0.3
    26.085   125.954   -0.5   -0.6   -0.3
    26.094   125.954   -0.5   -0.6   -0.3
    26.103   125.954   -0.5   -0.6   -0.3
    26.112   125.954   -0.5   -0.5   -0.3
    26.121   125.954   -0.5   -0.5   -0.2
    26.130   125.954   -0.5   -0.5   -0.2
    26.139   125.954   -0.5   -0.5   -0.2
    26.148   125.954   -0.5   -0.5   -0.2
    26.157   125.954   -0.5   -0.5   -0.2
    26.166   125.954   -0.5   -0.5   -0.1
    26.175   125.954   -0.4   -0.5   -0.1
    26.184   125.954   -0.4   -0.5   -0.1
    26.193   125.954   -0.4   -0.5   -0.1
    26.202   125.954   -0.4   -0.4   -0.1
    26.211   125.954   -0.4   -0.4   -0.1
    26.220   125.954   -0.3   -0.4   -0.1
    26.229   125.954   -0.3   -0.4   -0.1
    26.238   125.954   -0.3   -0.4   -0.1
    26.247   125.954   -0.3   -0.4   -0.0
    26.256   125.954   -0.3   -0.3   -0.0
    26.265   125.954   -0.3   -0.3   -0.0
    26.274   125.954   -0.2   -0.3   -0.0
    26.283   125.954   -0.2   -0.3   -0.0
    26.292   125.954   -0.2   -0.3   -0.0
    26.301   125.954   -0.2   -0.3   -0.0
    26.310   125.954   -0.2   -0.3   -0.0
    26.319   125.954   -0.2   -0.2   -0.0
    26.328   125.954   -0.2   -0.2   -0.0
    26.337   125.954   -0.2   -0.2   -0.0
    26.346   125.954   -0.2   -0.2   -0.0
    26.355   125.954   -0.1   -0.2   -0.0
    26.364   125.954   -0.1   -0.2   -0.0
    26.373   125.954   -0.1   -0.2   -0.0
    26.382   125.954   -0.1   -0.2   -0.0
    26.391   125.954   -0.1   -0.2   -0.0
    26.400   125.954   -0.1   -0.2    0.0
    26.409   125.954   -0.1   -0.1    0.0
    26.418   125.954   -0.1   -0.1    0.0
    26.427   125.954   -0.1   -0.1    0.0
    26.436   125.954   -0.1   -0.1    0.0
    26.445   125.954   -0.1   -0.1    0.0
    26.454   125.954   -0.1   -0.1    0.0
    26.463   125.954   -0.1   -0.1    0.0
    26.472   125.954   -0.1   -0.1    0.0
    26.481   125.954   -0.1   -0.1    0.0
    26.490   125.954   -0.1   -0.1    0.0
    26.499   125.954   -0.1   -0.1    0.0
    26.508   125.954   -0.1   -0.1    0.0
    26.517   125.954   -0.1   -0.1    0.0
    26.526   125.954   -0.1   -0.1    0.0
    25.626   125.964    0.2   -0.2    0.0
    25.635   125.964    0.2   -0.3    0.0
    25.644   125.964    0.2   -0.3    0.0
    25.653   125.964    0.2   -0.3    0.0
    25.662   125.964    0.2   -0.3    0.0
    25.671   125.964    0.2   -0.3    0.0
    25.680   125.964    0.2   -0.3    0.0
    25.689   125.964    0.3   -0.3    0.0
    25.698   125.964    0.3   -0.3    0.0
    25.707   125.964    0.3   -0.3    0.0
    25.716   125.964    0.3   -0.3    0.0
    25.725   125.964    0.3   -0.3    0.0
    25.734   125.964    0.3   -0.3    0.0
    25.743   125.964    0.3   -0.3    0.0
    25.752   125.964    0.3   -0.3    0.0
    25.761   125.964    0.3   -0.3    0.0
    25.770   125.964    0.3   -0.3    0.0
    25.779   125.964    0.3   -0.3    0.0
    25.788   125.964    0.3   -0.3    0.0
    25.797   125.964    0.2   -0.3   -0.0
    25.806   125.964    0.2   -0.3   -0.0
    25.815   125.964    0.2   -0.2   -0.0
    25.824   125.964    0.2   -0.2   -0.1
    25.833   125.964    0.1   -0.2   -0.1
    25.842   125.964    0.1   -0.2   -0.1
    25.851   125.964    0.0   -0.2   -0.1
    25.860   125.964   -0.0   -0.2   -0.2
    25.869   125.964   -0.1   -0.2   -0.2
    25.878   125.964   -0.1   -0.2   -0.2
    25.887   125.964   -0.2   -0.2   -0.3
    25.896   125.964   -0.2   -0.3   -0.3
    25.905   125.964   -0.3   -0.3   -0.3
    25.914   125.964   -0.3   -0.3   -0.4
    25.923   125.964   -0.3   -0.3   -0.4
    25.932   125.964   -0.4   -0.3   -0.4
    25.941   125.964   -0.4   -0.4   -0.4
    25.950   125.964   -0.4   -0.4   -0.4
    25.959   125.964   -0.5   -0.4   -0.4
    25.968   125.964   -0.5   -0.4   -0.4
    25.977   125.964   -0.5   -0.5   -0.4
    25.986   125.964   -0.5   -0.5   -0.4
    25.995   125.964   -0.5   -0.5   -0.4
    26.004   125.964   -0.5   -0.5   -0.4
    26.013   125.964   -0.5   -0.5   -0.4
    26.022   125.964   -0.5   -0.5   -0.4
    26.031   125.964   -0.5   -0.5   -0.4
    26.040   125.964   -0.5   -0.5   -0.4
    26.049   125.964   -0.5   -0.6   -0.4
    26.058   125.964   -0.5   -0.5   -0.4
    26.067   125.964   -0.5   -0.5   -0.3
    26.076   125.964   -0.5   -0.5   -0.3
    26.085   125.964   -0.5   -0.5   -0.3
    26.094   125.964   -0.5   -0.5   -0.3
    26.103   125.964   -0.5   -0.5   -0.3
    26.112   125.964   -0.5   -0.5   -0.2
    26.121   125.964   -0.5   -0.5   -0.2
    26.130   125.964   -0.5   -0.5   -0.2
    26.139   125.964   -0.5   -0.5   -0.2
    26.148   125.964   -0.5   -0.5   -0.2
    26.157   125.964   -0.5   -0.5   -0.1
    26.166   125.964   -0.4   -0.5   -0.1
    26.175   125.964   -0.4   -0.5   -0.1
    26.184   125.964   -0.4   -0.5   -0.1
    26.193   125.964   -0.4   -0.4   -0.1
    26.202   125.964   -0.4   -0.4   -0.1
    26.211   125.964   -0.4   -0.4   -0.1
    26.220   125.964   -0.3   -0.4   -0.1
    26.229   125.964   -0.3   -0.4   -0.1
    26.238   125.964   -0.3   -0.4   -0.0
    26.247   125.964   -0.3   -0.4   -0.0
    26.256   125.964   -0.3   -0.3   -0.0
    26.265   125.964   -0.3   -0.3   -0.0
    26.274   125.964   -0.2   -0.3   -0.0
    26.283   125.964   -0.2   -0.3   -0.0
    26.292   125.964   -0.2   -0.3   -0.0
    26.301   125.964   -0.2   -0.3   -0.0
    26.310   125.964   -0.2   -0.3   -0.0
    26.319   125.964   -0.2   -0.2   -0.0
    26.328   125.964   -0.2   -0.2   -0.0
    26.337   125.964   -0.2   -0.2   -0.0
    26.346   125.964   -0.2   -0.2   -0.0
    26.355   125.964   -0.1   -0.2   -0.0
    26.364   125.964   -0.1   -0.2   -0.0
    26.373   125.964   -0.1   -0.2   -0.0
    26.382   125.964   -0.1   -0.2   -0.0
    26.391   125.964   -0.1   -0.2   -0.0
    26.400   125.964   -0.1   -0.2    0.0
    26.409   125.964   -0.1   -0.1    0.0
    26.418   125.964   -0.1   -0.1    0.0
    26.427   125.964   -0.1   -0.1    0.0
    26.436   125.964   -0.1   -0.1    0.0
    26.445   125.964   -0.1   -0.1    0.0
    26.454   125.964   -0.1   -0.1    0.0
    26.463   125.964   -0.1   -0.1    0.0
    26.472   125.964   -0.1   -0.1    0.0
    26.481   125.964   -0.1   -0.1    0.0
    26.490   125.964   -0.1   -0.1    0.0
    26.499   125.964   -0.1   -0.1    0.0
    26.508   125.964   -0.1   -0.1    0.0
    26.517   125.964   -0.1   -0.1    0.0
    26.526   125.964   -0.1   -0.1    0.0
    25.626   125.974    0.2   -0.2    0.0
    25.635   125.974    0.2   -0.2    0.0
    25.644   125.974    0.2   -0.3    0.0
    25.653   125.974    0.2   -0.3    0.0
    25.662   125.974    0.2   -0.3    0.0
    25.671   125.974    0.2   -0.3    0.0
    25.680   125.974    0.2   -0.3    0.0
    25.689   125.974    0.3   -0.3    0.0
    25.698   125.974    0.3   -0.3    0.0
    25.707   125.974    0.3   -0.3    0.0
    25.716   125.974    0.3   -0.3    0.0
    25.725   125.974    0.3   -0.3    0.0
    25.734   125.974    0.3   -0.3    0.0
    25.743   125.974    0.3   -0.3    0.0
    25.752   125.974    0.3   -0.3    0.0
    25.761   125.974    0.3   -0.3    0.0
    25.770   125.974    0.3   -0.3    0.0
    25.779   125.974    0.3   -0.3    0.0
    25.788   125.974    0.2   -0.3    0.0
    25.797   125.974    0.2   -0.2   -0.0
    25.806   125.974    0.2   -0.2   -0.0
    25.815   125.974    0.2   -0.2   -0.0
    25.824   125.974    0.1   -0.2   -0.1
    25.833   125.974    0.1   -0.2   -0.1
    25.842   125.974    0.1   -0.2   -0.1
    25.851   125.974    0.0   -0.2   -0.1
    25.860   125.974   -0.0   -0.2   -0.2
    25.869   125.974   -0.1   -0.2   -0.2
    25.878   125.974   -0.1   -0.2   -0.2
    25.887   125.974   -0.2   -0.2   -0.2
    25.896   125.974   -0.2   -0.2   -0.3
    25.905   125.974   -0.2   -0.3   -0.3
    25.914   125.974   -0.3   -0.3   -0.3
    25.923   125.974   -0.3   -0.3   -0.3
    25.932   125.974   -0.4   -0.3   -0.4
    25.941   125.974   -0.4   -0.3   -0.4
    25.950   125.974   -0.4   -0.4   -0.4
    25.959   125.974   -0.4   -0.4   -0.4
    25.968   125.974   -0.5   -0.4   -0.4
    25.977   125.974   -0.5   -0.4   -0.4
    25.986   125.974   -0.5   -0.5   -0.4
    25.995   125.974   -0.5   -0.5   -0.4
    26.004   125.974   -0.5   -0.5   -0.4
    26.013   125.974   -0.5   -0.5   -0.4
    26.022   125.974   -0.5   -0.5   -0.4
    26.031   125.974   -0.5   -0.5   -0.4
    26.040   125.974   -0.5   -0.5   -0.4
    26.049   125.974   -0.5   -0.5   -0.3
    26.058   125.974   -0.5   -0.5   -0.3
    26.067   125.974   -0.5   -0.5   -0.3
    26.076   125.974   -0.5   -0.5   -0.3
    26.085   125.974   -0.5   -0.5   -0.3
    26.094   125.974   -0.5   -0.5   -0.3
    26.103   125.974   -0.5   -0.5   -0.2
    26.112   125.974   -0.5   -0.5   -0.2
    26.121   125.974   -0.5   -0.5   -0.2
    26.130   125.974   -0.5   -0.5   -0.2
    26.139   125.974   -0.5   -0.5   -0.2
    26.148   125.974   -0.5   -0.5   -0.2
    26.157   125.974   -0.4   -0.5   -0.1
    26.166   125.974   -0.4   -0.5   -0.1
    26.175   125.974   -0.4   -0.4   -0.1
    26.184   125.974   -0.4   -0.4   -0.1
    26.193   125.974   -0.4   -0.4   -0.1
    26.202   125.974   -0.4   -0.4   -0.1
    26.211   125.974   -0.4   -0.4   -0.1
    26.220   125.974   -0.3   -0.4   -0.1
    26.229   125.974   -0.3   -0.4   -0.1
    26.238   125.974   -0.3   -0.4   -0.0
    26.247   125.974   -0.3   -0.3   -0.0
    26.256   125.974   -0.3   -0.3   -0.0
    26.265   125.974   -0.3   -0.3   -0.0
    26.274   125.974   -0.2   -0.3   -0.0
    26.283   125.974   -0.2   -0.3   -0.0
    26.292   125.974   -0.2   -0.3   -0.0
    26.301   125.974   -0.2   -0.3   -0.0
    26.310   125.974   -0.2   -0.3   -0.0
    26.319   125.974   -0.2   -0.2   -0.0
    26.328   125.974   -0.2   -0.2   -0.0
    26.337   125.974   -0.2   -0.2   -0.0
    26.346   125.974   -0.2   -0.2   -0.0
    26.355   125.974   -0.1   -0.2   -0.0
    26.364   125.974   -0.1   -0.2   -0.0
    26.373   125.974   -0.1   -0.2   -0.0
    26.382   125.974   -0.1   -0.2   -0.0
    26.391   125.974   -0.1   -0.2   -0.0
    26.400   125.974   -0.1   -0.2    0.0
    26.409   125.974   -0.1   -0.1    0.0
    26.418   125.974   -0.1   -0.1    0.0
    26.427   125.974   -0.1   -0.1    0.0
    26.436   125.974   -0.1   -0.1    0.0
    26.445   125.974   -0.1   -0.1    0.0
    26.454   125.974   -0.1   -0.1    0.0
    26.463   125.974   -0.1   -0.1    0.0
    26.472   125.974   -0.1   -0.1    0.0
    26.481   125.974   -0.1   -0.1    0.0
    26.490   125.974   -0.1   -0.1    0.0
    26.499   125.974   -0.1   -0.1    0.0
    26.508   125.974   -0.1   -0.1    0.0
    26.517   125.974   -0.1   -0.1    0.0
    26.526   125.974   -0.1   -0.1    0.0
    25.626   125.984    0.2   -0.2    0.0
    25.635   125.984    0.2   -0.2    0.0
    25.644   125.984    0.2   -0.3    0.0
    25.653   125.984    0.2   -0.3    0.0
    25.662   125.984    0.2   -0.3    0.0
    25.671   125.984    0.2   -0.3    0.0
    25.680   125.984    0.2   -0.3    0.0
    25.689   125.984    0.2   -0.3    0.0
    25.698   125.984    0.3   -0.3    0.0
    25.707   125.984    0.3   -0.3    0.0
    25.716   125.984    0.3   -0.3    0.0
    25.725   125.984    0.3   -0.3    0.0
    25.734   125.984    0.3   -0.3    0.0
    25.743   125.984    0.3   -0.3    0.0
    25.752   125.984    0.3   -0.3    0.0
    25.761   125.984    0.3   -0.3    0.0
    25.770   125.984    0.3   -0.3    0.0
    25.779   125.984    0.2   -0.3    0.0
    25.788   125.984    0.2   -0.2   -0.0
    25.797   125.984    0.2   -0.2   -0.0
    25.806   125.984    0.2   -0.2   -0.0
    25.815   125.984    0.2   -0.2   -0.0
    25.824   125.984    0.1   -0.2   -0.1
    25.833   125.984    0.1   -0.2   -0.1
    25.842   125.984    0.1   -0.2   -0.1
    25.851   125.984    0.0   -0.2   -0.1
    25.860   125.984   -0.0   -0.2   -0.2
    25.869   125.984   -0.1   -0.2   -0.2
    25.878   125.984   -0.1   -0.2   -0.2
    25.887   125.984   -0.1   -0.2   -0.2
    25.896   125.984   -0.2   -0.2   -0.3
    25.905   125.984   -0.2   -0.2   -0.3
    25.914   125.984   -0.3   -0.3   -0.3
    25.923   125.984   -0.3   -0.3   -0.3
    25.932   125.984   -0.3   -0.3   -0.3
    25.941   125.984   -0.4   -0.3   -0.3
    25.950   125.984   -0.4   -0.3   -0.4
    25.959   125.984   -0.4   -0.4   -0.4
    25.968   125.984   -0.4   -0.4   -0.4
    25.977   125.984   -0.5   -0.4   -0.4
    25.986   125.984   -0.5   -0.4   -0.4
    25.995   125.984   -0.5   -0.4   -0.4
    26.004   125.984   -0.5   -0.5   -0.4
    26.013   125.984   -0.5   -0.5   -0.4
    26.022   125.984   -0.5   -0.5   -0.4
    26.031   125.984   -0.5   -0.5   -0.3
    26.040   125.984   -0.5   -0.5   -0.3
    26.049   125.984   -0.5   -0.5   -0.3
    26.058   125.984   -0.5   -0.5   -0.3
    26.067   125.984   -0.5   -0.5   -0.3
    26.076   125.984   -0.5   -0.5   -0.3
    26.085   125.984   -0.5   -0.5   -0.3
    26.094   125.984   -0.5   -0.5   -0.2
    26.103   125.984   -0.5   -0.5   -0.2
    26.112   125.984   -0.5   -0.5   -0.2
    26.121   125.984   -0.5   -0.5   -0.2
    26.130   125.984   -0.5   -0.5   -0.2
    26.139   125.984   -0.5   -0.5   -0.2
    26.148   125.984   -0.4   -0.5   -0.1
    26.157   125.984   -0.4   -0.4   -0.1
    26.166   125.984   -0.4   -0.4   -0.1
    26.175   125.984   -0.4   -0.4   -0.1
    26.184   125.984   -0.4   -0.4   -0.1
    26.193   125.984   -0.4   -0.4   -0.1
    26.202   125.984   -0.4   -0.4   -0.1
    26.211   125.984   -0.3   -0.4   -0.1
    26.220   125.984   -0.3   -0.4   -0.1
    26.229   125.984   -0.3   -0.4   -0.1
    26.238   125.984   -0.3   -0.4   -0.0
    26.247   125.984   -0.3   -0.3   -0.0
    26.256   125.984   -0.3   -0.3   -0.0
    26.265   125.984   -0.3   -0.3   -0.0
    26.274   125.984   -0.2   -0.3   -0.0
    26.283   125.984   -0.2   -0.3   -0.0
    26.292   125.984   -0.2   -0.3   -0.0
    26.301   125.984   -0.2   -0.3   -0.0
    26.310   125.984   -0.2   -0.3   -0.0
    26.319   125.984   -0.2   -0.2   -0.0
    26.328   125.984   -0.2   -0.2   -0.0
    26.337   125.984   -0.2   -0.2   -0.0
    26.346   125.984   -0.2   -0.2   -0.0
    26.355   125.984   -0.1   -0.2   -0.0
    26.364   125.984   -0.1   -0.2   -0.0
    26.373   125.984   -0.1   -0.2   -0.0
    26.382   125.984   -0.1   -0.2   -0.0
    26.391   125.984   -0.1   -0.2    0.0
    26.400   125.984   -0.1   -0.2    0.0
    26.409   125.984   -0.1   -0.2    0.0
    26.418   125.984   -0.1   -0.1    0.0
    26.427   125.984   -0.1   -0.1    0.0
    26.436   125.984   -0.1   -0.1    0.0
    26.445   125.984   -0.1   -0.1    0.0
    26.454   125.984   -0.1   -0.1    0.0
    26.463   125.984   -0.1   -0.1    0.0
    26.472   125.984   -0.1   -0.1    0.0
    26.481   125.984   -0.1   -0.1    0.0
    26.490   125.984   -0.1   -0.1    0.0
    26.499   125.984   -0.1   -0.1    0.0
    26.508   125.984   -0.1   -0.1    0.0
    26.517   125.984   -0.1   -0.1    0.0
    26.526   125.984   -0.1   -0.1    0.0
    25.626   125.994    0.2   -0.2    0.0
    25.635   125.994    0.2   -0.2    0.0
    25.644   125.994    0.2   -0.2    0.0
    25.653   125.994    0.2   -0.3    0.0
    25.662   125.994    0.2   -0.3    0.0
    25.671   125.994    0.2   -0.3    0.0
    25.680   125.994    0.2   -0.3    0.0
    25.689   125.994    0.2   -0.3    0.0
    25.698   125.994    0.3   -0.3    0.0
    25.707   125.994    0.3   -0.3    0.0
    25.716   125.994    0.3   -0.3    0.0
    25.725   125.994    0.3   -0.3    0.0
    25.734   125.994    0.3   -0.3    0.0
    25.743   125.994    0.3   -0.3    0.0
    25.752   125.994    0.3   -0.3    0.0
    25.761   125.994    0.3   -0.3    0.0
    25.770   125.994    0.2   -0.2    0.0
    25.779   125.994    0.2   -0.2    0.0
    25.788   125.994    0.2   -0.2   -0.0
    25.797   125.994    0.2   -0.2   -0.0
    25.806   125.994    0.2   -0.2   -0.0
    25.815   125.994    0.2   -0.2   -0.0
    25.824   125.994    0.1   -0.2   -0.1
    25.833   125.994    0.1   -0.2   -0.1
    25.842   125.994    0.1   -0.2   -0.1
    25.851   125.994    0.0   -0.2   -0.1
    25.860   125.994   -0.0   -0.2   -0.1
    25.869   125.994   -0.1   -0.2   -0.2
    25.878   125.994   -0.1   -0.2   -0.2
    25.887   125.994   -0.1   -0.2   -0.2
    25.896   125.994   -0.2   -0.2   -0.2
    25.905   125.994   -0.2   -0.2   -0.3
    25.914   125.994   -0.3   -0.2   -0.3
    25.923   125.994   -0.3   -0.3   -0.3
    25.932   125.994   -0.3   -0.3   -0.3
    25.941   125.994   -0.4   -0.3   -0.3
    25.950   125.994   -0.4   -0.3   -0.3
    25.959   125.994   -0.4   -0.3   -0.3
    25.968   125.994   -0.4   -0.4   -0.3
    25.977   125.994   -0.4   -0.4   -0.3
    25.986   125.994   -0.5   -0.4   -0.3
    25.995   125.994   -0.5   -0.4   -0.3
    26.004   125.994   -0.5   -0.4   -0.3
    26.013   125.994   -0.5   -0.4   -0.3
    26.022   125.994   -0.5   -0.4   -0.3
    26.031   125.994   -0.5   -0.5   -0.3
    26.040   125.994   -0.5   -0.5   -0.3
    26.049   125.994   -0.5   -0.5   -0.3
    26.058   125.994   -0.5   -0.5   -0.3
    26.067   125.994   -0.5   -0.5   -0.3
    26.076   125.994   -0.5   -0.5   -0.3
    26.085   125.994   -0.5   -0.5   -0.2
    26.094   125.994   -0.5   -0.5   -0.2
    26.103   125.994   -0.5   -0.5   -0.2
    26.112   125.994   -0.5   -0.5   -0.2
    26.121   125.994   -0.5   -0.5   -0.2
    26.130   125.994   -0.5   -0.4   -0.2
    26.139   125.994   -0.4   -0.4   -0.2
    26.148   125.994   -0.4   -0.4   -0.1
    26.157   125.994   -0.4   -0.4   -0.1
    26.166   125.994   -0.4   -0.4   -0.1
    26.175   125.994   -0.4   -0.4   -0.1
    26.184   125.994   -0.4   -0.4   -0.1
    26.193   125.994   -0.4   -0.4   -0.1
    26.202   125.994   -0.4   -0.4   -0.1
    26.211   125.994   -0.3   -0.4   -0.1
    26.220   125.994   -0.3   -0.4   -0.1
    26.229   125.994   -0.3   -0.4   -0.1
    26.238   125.994   -0.3   -0.3   -0.0
    26.247   125.994   -0.3   -0.3   -0.0
    26.256   125.994   -0.3   -0.3   -0.0
    26.265   125.994   -0.3   -0.3   -0.0
    26.274   125.994   -0.2   -0.3   -0.0
    26.283   125.994   -0.2   -0.3   -0.0
    26.292   125.994   -0.2   -0.3   -0.0
    26.301   125.994   -0.2   -0.3   -0.0
    26.310   125.994   -0.2   -0.2   -0.0
    26.319   125.994   -0.2   -0.2   -0.0
    26.328   125.994   -0.2   -0.2   -0.0
    26.337   125.994   -0.2   -0.2   -0.0
    26.346   125.994   -0.2   -0.2   -0.0
    26.355   125.994   -0.2   -0.2   -0.0
    26.364   125.994   -0.1   -0.2   -0.0
    26.373   125.994   -0.1   -0.2   -0.0
    26.382   125.994   -0.1   -0.2   -0.0
    26.391   125.994   -0.1   -0.2    0.0
    26.400   125.994   -0.1   -0.2    0.0
    26.409   125.994   -0.1   -0.2    0.0
    26.418   125.994   -0.1   -0.1    0.0
    26.427   125.994   -0.1   -0.1    0.0
    26.436   125.994   -0.1   -0.1    0.0
    26.445   125.994   -0.1   -0.1    0.0
    26.454   125.994   -0.1   -0.1    0.0
    26.463   125.994   -0.1   -0.1    0.0
    26.472   125.994   -0.1   -0.1    0.0
    26.481   125.994   -0.1   -0.1    0.0
    26.490   125.994   -0.1   -0.1    0.0
    26.499   125.994   -0.1   -0.1    0.0
    26.508   125.994   -0.1   -0.1    0.0
    26.517   125.994   -0.1   -0.1    0.0
    26.526   125.994   -0.1   -0.1    0.0
    25.626   126.004    0.2   -0.2    0.0
    25.635   126.004    0.2   -0.2    0.0
    25.644   126.004    0.2   -0.2    0.0
    25.653   126.004    0.2   -0.2    0.0
    25.662   126.004    0.2   -0.2    0.0
    25.671   126.004    0.2   -0.3    0.0
    25.680   126.004    0.2   -0.3    0.0
    25.689   126.004    0.2   -0.3    0.0
    25.698   126.004    0.2   -0.3    0.0
    25.707   126.004    0.2   -0.3    0.0
    25.716   126.004    0.3   -0.3    0.0
    25.725   126.004    0.3   -0.3    0.0
    25.734   126.004    0.3   -0.3    0.0
    25.743   126.004    0.3   -0.3    0.0
    25.752   126.004    0.2   -0.2    0.0
    25.761   126.004    0.2   -0.2    0.0
    25.770   126.004    0.2   -0.2    0.0
    25.779   126.004    0.2   -0.2    0.0
    25.788   126.004    0.2   -0.2   -0.0
    25.797   126.004    0.2   -0.2   -0.0
    25.806   126.004    0.2   -0.2   -0.0
    25.815   126.004    0.1   -0.2   -0.0
    25.824   126.004    0.1   -0.2   -0.1
    25.833   126.004    0.1   -0.2   -0.1
    25.842   126.004    0.1   -0.2   -0.1
    25.851   126.004    0.0   -0.2   -0.1
    25.860   126.004   -0.0   -0.2   -0.1
    25.869   126.004   -0.1   -0.2   -0.2
    25.878   126.004   -0.1   -0.2   -0.2
    25.887   126.004   -0.1   -0.2   -0.2
    25.896   126.004   -0.2   -0.2   -0.2
    25.905   126.004   -0.2   -0.2   -0.2
    25.914   126.004   -0.2   -0.2   -0.3
    25.923   126.004   -0.3   -0.2   -0.3
    25.932   126.004   -0.3   -0.3   -0.3
    25.941   126.004   -0.3   -0.3   -0.3
    25.950   126.004   -0.4   -0.3   -0.3
    25.959   126.004   -0.4   -0.3   -0.3
    25.968   126.004   -0.4   -0.3   -0.3
    25.977   126.004   -0.4   -0.4   -0.3
    25.986   126.004   -0.4   -0.4   -0.3
    25.995   126.004   -0.4   -0.4   -0.3
    26.004   126.004   -0.5   -0.4   -0.3
    26.013   126.004   -0.5   -0.4   -0.3
    26.022   126.004   -0.5   -0.4   -0.3
    26.031   126.004   -0.5   -0.4   -0.3
    26.040   126.004   -0.5   -0.4   -0.3
    26.049   126.004   -0.5   -0.4   -0.3
    26.058   126.004   -0.5   -0.4   -0.3
    26.067   126.004   -0.5   -0.4   -0.3
    26.076   126.004   -0.5   -0.4   -0.2
    26.085   126.004   -0.5   -0.4   -0.2
    26.094   126.004   -0.5   -0.4   -0.2
    26.103   126.004   -0.5   -0.4   -0.2
    26.112   126.004   -0.5   -0.4   -0.2
    26.121   126.004   -0.4   -0.4   -0.2
    26.130   126.004   -0.4   -0.4   -0.2
    26.139   126.004   -0.4   -0.4   -0.1
    26.148   126.004   -0.4   -0.4   -0.1
    26.157   126.004   -0.4   -0.4   -0.1
    26.166   126.004   -0.4   -0.4   -0.1
    26.175   126.004   -0.4   -0.4   -0.1
    26.184   126.004   -0.4   -0.4   -0.1
    26.193   126.004   -0.4   -0.4   -0.1
    26.202   126.004   -0.4   -0.4   -0.1
    26.211   126.004   -0.3   -0.4   -0.1
    26.220   126.004   -0.3   -0.4   -0.1
    26.229   126.004   -0.3   -0.3   -0.1
    26.238   126.004   -0.3   -0.3   -0.0
    26.247   126.004   -0.3   -0.3   -0.0
    26.256   126.004   -0.3   -0.3   -0.0
    26.265   126.004   -0.3   -0.3   -0.0
    26.274   126.004   -0.2   -0.3   -0.0
    26.283   126.004   -0.2   -0.3   -0.0
    26.292   126.004   -0.2   -0.3   -0.0
    26.301   126.004   -0.2   -0.3   -0.0
    26.310   126.004   -0.2   -0.2   -0.0
    26.319   126.004   -0.2   -0.2   -0.0
    26.328   126.004   -0.2   -0.2   -0.0
    26.337   126.004   -0.2   -0.2   -0.0
    26.346   126.004   -0.2   -0.2   -0.0
    26.355   126.004   -0.2   -0.2   -0.0
    26.364   126.004   -0.1   -0.2   -0.0
    26.373   126.004   -0.1   -0.2   -0.0
    26.382   126.004   -0.1   -0.2   -0.0
    26.391   126.004   -0.1   -0.2    0.0
    26.400   126.004   -0.1   -0.2    0.0
    26.409   126.004   -0.1   -0.2    0.0
    26.418   126.004   -0.1   -0.1    0.0
    26.427   126.004   -0.1   -0.1    0.0
    26.436   126.004   -0.1   -0.1    0.0
    26.445   126.004   -0.1   -0.1    0.0
    26.454   126.004   -0.1   -0.1    0.0
    26.463   126.004   -0.1   -0.1    0.0
    26.472   126.004   -0.1   -0.1    0.0
    26.481   126.004   -0.1   -0.1    0.0
    26.490   126.004   -0.1   -0.1    0.0
    26.499   126.004   -0.1   -0.1    0.0
    26.508   126.004   -0.1   -0.1    0.0
    26.517   126.004   -0.1   -0.1    0.0
    26.526   126.004   -0.1   -0.1    0.0
    25.626   126.014    0.2   -0.2    0.0
    25.635   126.014    0.2   -0.2    0.0
    25.644   126.014    0.2   -0.2    0.0
    25.653   126.014    0.2   -0.2    0.0
    25.662   126.014    0.2   -0.2    0.0
    25.671   126.014    0.2   -0.2    0.0
    25.680   126.014    0.2   -0.2    0.0
    25.689   126.014    0.2   -0.2    0.0
    25.698   126.014    0.2   -0.2    0.0
    25.707   126.014    0.2   -0.2    0.0
    25.716   126.014    0.2   -0.2    0.0
    25.725   126.014    0.2   -0.2    0.0
    25.734   126.014    0.2   -0.2    0.0
    25.743   126.014    0.2   -0.2    0.0
    25.752   126.014    0.2   -0.2    0.0
    25.761   126.014    0.2   -0.2    0.0
    25.770   126.014    0.2   -0.2    0.0
    25.779   126.014    0.2   -0.2   -0.0
    25.788   126.014    0.2   -0.2   -0.0
    25.797   126.014    0.2   -0.2   -0.0
    25.806   126.014    0.2   -0.2   -0.0
    25.815   126.014    0.1   -0.2   -0.0
    25.824   126.014    0.1   -0.2   -0.1
    25.833   126.014    0.1   -0.2   -0.1
    25.842   126.014    0.1   -0.2   -0.1
    25.851   126.014    0.0   -0.2   -0.1
    25.860   126.014   -0.0   -0.2   -0.1
    25.869   126.014   -0.1   -0.2   -0.1
    25.878   126.014   -0.1   -0.2   -0.2
    25.887   126.014   -0.1   -0.2   -0.2
    25.896   126.014   -0.2   -0.2   -0.2
    25.905   126.014   -0.2   -0.2   -0.2
    25.914   126.014   -0.2   -0.2   -0.2
    25.923   126.014   -0.3   -0.2   -0.2
    25.932   126.014   -0.3   -0.2   -0.3
    25.941   126.014   -0.3   -0.3   -0.3
    25.950   126.014   -0.3   -0.3   -0.3
    25.959   126.014   -0.4   -0.3   -0.3
    25.968   126.014   -0.4   -0.3   -0.3
    25.977   126.014   -0.4   -0.3   -0.3
    25.986   126.014   -0.4   -0.3   -0.3
    25.995   126.014   -0.4   -0.4   -0.3
    26.004   126.014   -0.4   -0.4   -0.3
    26.013   126.014   -0.4   -0.4   -0.3
    26.022   126.014   -0.5   -0.4   -0.3
    26.031   126.014   -0.5   -0.4   -0.3
    26.040   126.014   -0.5   -0.4   -0.3
    26.049   126.014   -0.5   -0.4   -0.3
    26.058   126.014   -0.5   -0.4   -0.2
    26.067   126.014   -0.5   -0.4   -0.2
    26.076   126.014   -0.5   -0.4   -0.2
    26.085   126.014   -0.5   -0.4   -0.2
    26.094   126.014   -0.5   -0.4   -0.2
    26.103   126.014   -0.4   -0.4   -0.2
    26.112   126.014   -0.4   -0.4   -0.2
    26.121   126.014   -0.4   -0.4   -0.2
    26.130   126.014   -0.4   -0.4   -0.1
    26.139   126.014   -0.4   -0.4   -0.1
    26.148   126.014   -0.4   -0.4   -0.1
    26.157   126.014   -0.4   -0.4   -0.1
    26.166   126.014   -0.4   -0.4   -0.1
    26.175   126.014   -0.4   -0.4   -0.1
    26.184   126.014   -0.4   -0.4   -0.1
    26.193   126.014   -0.4   -0.4   -0.1
    26.202   126.014   -0.3   -0.4   -0.1
    26.211   126.014   -0.3   -0.4   -0.1
    26.220   126.014   -0.3   -0.3   -0.1
    26.229   126.014   -0.3   -0.3   -0.0
    26.238   126.014   -0.3   -0.3   -0.0
    26.247   126.014   -0.3   -0.3   -0.0
    26.256   126.014   -0.3   -0.3   -0.0
    26.265   126.014   -0.3   -0.3   -0.0
    26.274   126.014   -0.2   -0.3   -0.0
    26.283   126.014   -0.2   -0.3   -0.0
    26.292   126.014   -0.2   -0.3   -0.0
    26.301   126.014   -0.2   -0.3   -0.0
    26.310   126.014   -0.2   -0.2   -0.0
    26.319   126.014   -0.2   -0.2   -0.0
    26.328   126.014   -0.2   -0.2   -0.0
    26.337   126.014   -0.2   -0.2   -0.0
    26.346   126.014   -0.2   -0.2   -0.0
    26.355   126.014   -0.2   -0.2   -0.0
    26.364   126.014   -0.1   -0.2   -0.0
    26.373   126.014   -0.1   -0.2   -0.0
    26.382   126.014   -0.1   -0.2    0.0
    26.391   126.014   -0.1   -0.2    0.0
    26.400   126.014   -0.1   -0.2    0.0
    26.409   126.014   -0.1   -0.2    0.0
    26.418   126.014   -0.1   -0.1    0.0
    26.427   126.014   -0.1   -0.1    0.0
    26.436   126.014   -0.1   -0.1    0.0
    26.445   126.014   -0.1   -0.1    0.0
    26.454   126.014   -0.1   -0.1    0.0
    26.463   126.014   -0.1   -0.1    0.0
    26.472   126.014   -0.1   -0.1    0.0
    26.481   126.014   -0.1   -0.1    0.0
    26.490   126.014   -0.1   -0.1    0.0
    26.499   126.014   -0.1   -0.1    0.0
    26.508   126.014   -0.1   -0.1    0.0
    26.517   126.014   -0.1   -0.1    0.0
    26.526   126.014   -0.1   -0.1    0.0
    25.626   126.024    0.2   -0.2    0.0
    25.635   126.024    0.2   -0.2    0.0
    25.644   126.024    0.2   -0.2    0.0
    25.653   126.024    0.2   -0.2    0.0
    25.662   126.024    0.2   -0.2    0.0
    25.671   126.024    0.2   -0.2    0.0
    25.680   126.024    0.2   -0.2    0.0
    25.689   126.024    0.2   -0.2    0.0
    25.698   126.024    0.2   -0.2    0.0
    25.707   126.024    0.2   -0.2    0.0
    25.716   126.024    0.2   -0.2    0.0
    25.725   126.024    0.2   -0.2    0.0
    25.734   126.024    0.2   -0.2    0.0
    25.743   126.024    0.2   -0.2    0.0
    25.752   126.024    0.2   -0.2    0.0
    25.761   126.024    0.2   -0.2    0.0
    25.770   126.024    0.2   -0.2    0.0
    25.779   126.024    0.2   -0.2   -0.0
    25.788   126.024    0.2   -0.2   -0.0
    25.797   126.024    0.2   -0.2   -0.0
    25.806   126.024    0.2   -0.2   -0.0
    25.815   126.024    0.1   -0.2   -0.0
    25.824   126.024    0.1   -0.2   -0.1
    25.833   126.024    0.1   -0.2   -0.1
    25.842   126.024    0.0   -0.2   -0.1
    25.851   126.024    0.0   -0.2   -0.1
    25.860   126.024   -0.0   -0.2   -0.1
    25.869   126.024   -0.1   -0.2   -0.1
    25.878   126.024   -0.1   -0.2   -0.1
    25.887   126.024   -0.1   -0.2   -0.2
    25.896   126.024   -0.2   -0.2   -0.2
    25.905   126.024   -0.2   -0.2   -0.2
    25.914   126.024   -0.2   -0.2   -0.2
    25.923   126.024   -0.3   -0.2   -0.2
    25.932   126.024   -0.3   -0.2   -0.2
    25.941   126.024   -0.3   -0.2   -0.2
    25.950   126.024   -0.3   -0.3   -0.3
    25.959   126.024   -0.4   -0.3   -0.3
    25.968   126.024   -0.4   -0.3   -0.3
    25.977   126.024   -0.4   -0.3   -0.3
    25.986   126.024   -0.4   -0.3   -0.3
    25.995   126.024   -0.4   -0.3   -0.3
    26.004   126.024   -0.4   -0.3   -0.3
    26.013   126.024   -0.4   -0.4   -0.3
    26.022   126.024   -0.4   -0.4   -0.3
    26.031   126.024   -0.4   -0.4   -0.3
    26.040   126.024   -0.4   -0.4   -0.2
    26.049   126.024   -0.4   -0.4   -0.2
    26.058   126.024   -0.4   -0.4   -0.2
    26.067   126.024   -0.4   -0.4   -0.2
    26.076   126.024   -0.4   -0.4   -0.2
    26.085   126.024   -0.4   -0.4   -0.2
    26.094   126.024   -0.4   -0.4   -0.2
    26.103   126.024   -0.4   -0.4   -0.2
    26.112   126.024   -0.4   -0.4   -0.2
    26.121   126.024   -0.4   -0.4   -0.2
    26.130   126.024   -0.4   -0.4   -0.1
    26.139   126.024   -0.4   -0.4   -0.1
    26.148   126.024   -0.4   -0.4   -0.1
    26.157   126.024   -0.4   -0.4   -0.1
    26.166   126.024   -0.4   -0.4   -0.1
    26.175   126.024   -0.4   -0.4   -0.1
    26.184   126.024   -0.4   -0.4   -0.1
    26.193   126.024   -0.3   -0.4   -0.1
    26.202   126.024   -0.3   -0.3   -0.1
    26.211   126.024   -0.3   -0.3   -0.1
    26.220   126.024   -0.3   -0.3   -0.1
    26.229   126.024   -0.3   -0.3   -0.0
    26.238   126.024   -0.3   -0.3   -0.0
    26.247   126.024   -0.3   -0.3   -0.0
    26.256   126.024   -0.3   -0.3   -0.0
    26.265   126.024   -0.2   -0.3   -0.0
    26.274   126.024   -0.2   -0.3   -0.0
    26.283   126.024   -0.2   -0.3   -0.0
    26.292   126.024   -0.2   -0.3   -0.0
    26.301   126.024   -0.2   -0.2   -0.0
    26.310   126.024   -0.2   -0.2   -0.0
    26.319   126.024   -0.2   -0.2   -0.0
    26.328   126.024   -0.2   -0.2   -0.0
    26.337   126.024   -0.2   -0.2   -0.0
    26.346   126.024   -0.2   -0.2   -0.0
    26.355   126.024   -0.2   -0.2   -0.0
    26.364   126.024   -0.1   -0.2   -0.0
    26.373   126.024   -0.1   -0.2   -0.0
    26.382   126.024   -0.1   -0.2    0.0
    26.391   126.024   -0.1   -0.2    0.0
    26.400   126.024   -0.1   -0.2    0.0
    26.409   126.024   -0.1   -0.2    0.0
    26.418   126.024   -0.1   -0.1    0.0
    26.427   126.024   -0.1   -0.1    0.0
    26.436   126.024   -0.1   -0.1    0.0
    26.445   126.024   -0.1   -0.1    0.0
    26.454   126.024   -0.1   -0.1    0.0
    26.463   126.024   -0.1   -0.1    0.0
    26.472   126.024   -0.1   -0.1    0.0
    26.481   126.024   -0.1   -0.1    0.0
    26.490   126.024   -0.1   -0.1    0.0
    26.499   126.024   -0.1   -0.1    0.0
    26.508   126.024   -0.1   -0.1    0.0
    26.517   126.024   -0.1   -0.1    0.0
    26.526   126.024   -0.1   -0.1    0.0
    25.626   126.034    0.2   -0.2    0.0
    25.635   126.034    0.2   -0.2    0.0
    25.644   126.034    0.2   -0.2    0.0
    25.653   126.034    0.2   -0.2    0.0
    25.662   126.034    0.2   -0.2    0.0
    25.671   126.034    0.2   -0.2    0.0
    25.680   126.034    0.2   -0.2    0.0
    25.689   126.034    0.2   -0.2    0.0
    25.698   126.034    0.2   -0.2    0.0
    25.707   126.034    0.2   -0.2    0.0
    25.716   126.034    0.2   -0.2    0.0
    25.725   126.034    0.2   -0.2    0.0
    25.734   126.034    0.2   -0.2    0.0
    25.743   126.034    0.2   -0.2    0.0
    25.752   126.034    0.2   -0.2    0.0
    25.761   126.034    0.2   -0.2    0.0
    25.770   126.034    0.2   -0.2   -0.0
    25.779   126.034    0.2   -0.2   -0.0
    25.788   126.034    0.2   -0.2   -0.0
    25.797   126.034    0.2   -0.2   -0.0
    25.806   126.034    0.1   -0.2   -0.0
    25.815   126.034    0.1   -0.2   -0.0
    25.824   126.034    0.1   -0.2   -0.1
    25.833   126.034    0.1   -0.2   -0.1
    25.842   126.034    0.0   -0.2   -0.1
    25.851   126.034    0.0   -0.2   -0.1
    25.860   126.034   -0.0   -0.2   -0.1
    25.869   126.034   -0.0   -0.2   -0.1
    25.878   126.034   -0.1   -0.2   -0.1
    25.887   126.034   -0.1   -0.2   -0.2
    25.896   126.034   -0.1   -0.2   -0.2
    25.905   126.034   -0.2   -0.2   -0.2
    25.914   126.034   -0.2   -0.2   -0.2
    25.923   126.034   -0.2   -0.2   -0.2
    25.932   126.034   -0.3   -0.2   -0.2
    25.941   126.034   -0.3   -0.2   -0.2
    25.950   126.034   -0.3   -0.2   -0.2
    25.959   126.034   -0.3   -0.3   -0.2
    25.968   126.034   -0.4   -0.3   -0.2
    25.977   126.034   -0.4   -0.3   -0.2
    25.986   126.034   -0.4   -0.3   -0.2
    25.995   126.034   -0.4   -0.3   -0.2
    26.004   126.034   -0.4   -0.3   -0.2
    26.013   126.034   -0.4   -0.3   -0.2
    26.022   126.034   -0.4   -0.3   -0.2
    26.031   126.034   -0.4   -0.4   -0.2
    26.040   126.034   -0.4   -0.4   -0.2
    26.049   126.034   -0.4   -0.4   -0.2
    26.058   126.034   -0.4   -0.4   -0.2
    26.067   126.034   -0.4   -0.4   -0.2
    26.076   126.034   -0.4   -0.4   -0.2
    26.085   126.034   -0.4   -0.4   -0.2
    26.094   126.034   -0.4   -0.4   -0.2
    26.103   126.034   -0.4   -0.4   -0.2
    26.112   126.034   -0.4   -0.4   -0.2
    26.121   126.034   -0.4   -0.4   -0.1
    26.130   126.034   -0.4   -0.4   -0.1
    26.139   126.034   -0.4   -0.4   -0.1
    26.148   126.034   -0.4   -0.4   -0.1
    26.157   126.034   -0.4   -0.4   -0.1
    26.166   126.034   -0.4   -0.4   -0.1
    26.175   126.034   -0.4   -0.4   -0.1
    26.184   126.034   -0.4   -0.3   -0.1
    26.193   126.034   -0.3   -0.3   -0.1
    26.202   126.034   -0.3   -0.3   -0.1
    26.211   126.034   -0.3   -0.3   -0.1
    26.220   126.034   -0.3   -0.3   -0.1
    26.229   126.034   -0.3   -0.3   -0.0
    26.238   126.034   -0.3   -0.3   -0.0
    26.247   126.034   -0.3   -0.3   -0.0
    26.256   126.034   -0.3   -0.3   -0.0
    26.265   126.034   -0.2   -0.3   -0.0
    26.274   126.034   -0.2   -0.3   -0.0
    26.283   126.034   -0.2   -0.3   -0.0
    26.292   126.034   -0.2   -0.3   -0.0
    26.301   126.034   -0.2   -0.2   -0.0
    26.310   126.034   -0.2   -0.2   -0.0
    26.319   126.034   -0.2   -0.2   -0.0
    26.328   126.034   -0.2   -0.2   -0.0
    26.337   126.034   -0.2   -0.2   -0.0
    26.346   126.034   -0.2   -0.2   -0.0
    26.355   126.034   -0.2   -0.2   -0.0
    26.364   126.034   -0.1   -0.2   -0.0
    26.373   126.034   -0.1   -0.2   -0.0
    26.382   126.034   -0.1   -0.2    0.0
    26.391   126.034   -0.1   -0.2    0.0
    26.400   126.034   -0.1   -0.2    0.0
    26.409   126.034   -0.1   -0.2    0.0
    26.418   126.034   -0.1   -0.1    0.0
    26.427   126.034   -0.1   -0.1    0.0
    26.436   126.034   -0.1   -0.1    0.0
    26.445   126.034   -0.1   -0.1    0.0
    26.454   126.034   -0.1   -0.1    0.0
    26.463   126.034   -0.1   -0.1    0.0
    26.472   126.034   -0.1   -0.1    0.0
    26.481   126.034   -0.1   -0.1    0.0
    26.490   126.034   -0.1   -0.1    0.0
    26.499   126.034   -0.1   -0.1    0.0
    26.508   126.034   -0.1   -0.1    0.0
    26.517   126.034   -0.1   -0.1    0.0
    26.526   126.034   -0.1   -0.1    0.0
    25.626   126.044    0.2   -0.2    0.0
    25.635   126.044    0.2   -0.2    0.0
    25.644   126.044    0.2   -0.2    0.0
    25.653   126.044    0.2   -0.2    0.0
    25.662   126.044    0.2   -0.2    0.0
    25.671   126.044    0.2   -0.2    0.0
    25.680   126.044    0.2   -0.2    0.0
    25.689   126.044    0.2   -0.2    0.0
    25.698   126.044    0.2   -0.2    0.0
    25.707   126.044    0.2   -0.2    0.0
    25.716   126.044    0.2   -0.2    0.0
    25.725   126.044    0.2   -0.2    0.0
    25.734   126.044    0.2   -0.2    0.0
    25.743   126.044    0.2   -0.2    0.0
    25.752   126.044    0.2   -0.2    0.0
    25.761   126.044    0.2   -0.2    0.0
    25.770   126.044    0.2   -0.2   -0.0
    25.779   126.044    0.2   -0.2   -0.0
    25.788   126.044    0.2   -0.2   -0.0
    25.797   126.044    0.2   -0.2   -0.0
    25.806   126.044    0.1   -0.2   -0.0
    25.815   126.044    0.1   -0.2   -0.0
    25.824   126.044    0.1   -0.2   -0.1
    25.833   126.044    0.1   -0.2   -0.1
    25.842   126.044    0.0   -0.2   -0.1
    25.851   126.044    0.0   -0.2   -0.1
    25.860   126.044   -0.0   -0.2   -0.1
    25.869   126.044   -0.0   -0.2   -0.1
    25.878   126.044   -0.1   -0.2   -0.1
    25.887   126.044   -0.1   -0.2   -0.1
    25.896   126.044   -0.1   -0.2   -0.2
    25.905   126.044   -0.2   -0.2   -0.2
    25.914   126.044   -0.2   -0.2   -0.2
    25.923   126.044   -0.2   -0.2   -0.2
    25.932   126.044   -0.3   -0.2   -0.2
    25.941   126.044   -0.3   -0.2   -0.2
    25.950   126.044   -0.3   -0.2   -0.2
    25.959   126.044   -0.3   -0.2   -0.2
    25.968   126.044   -0.3   -0.3   -0.2
    25.977   126.044   -0.4   -0.3   -0.2
    25.986   126.044   -0.4   -0.3   -0.2
    25.995   126.044   -0.4   -0.3   -0.2
    26.004   126.044   -0.4   -0.3   -0.2
    26.013   126.044   -0.4   -0.3   -0.2
    26.022   126.044   -0.4   -0.3   -0.2
    26.031   126.044   -0.4   -0.3   -0.2
    26.040   126.044   -0.4   -0.3   -0.2
    26.049   126.044   -0.4   -0.3   -0.2
    26.058   126.044   -0.4   -0.3   -0.2
    26.067   126.044   -0.4   -0.4   -0.2
    26.076   126.044   -0.4   -0.4   -0.2
    26.085   126.044   -0.4   -0.4   -0.2
    26.094   126.044   -0.4   -0.4   -0.2
    26.103   126.044   -0.4   -0.4   -0.1
    26.112   126.044   -0.4   -0.4   -0.1
    26.121   126.044   -0.4   -0.4   -0.1
    26.130   126.044   -0.4   -0.4   -0.1
    26.139   126.044   -0.4   -0.4   -0.1
    26.148   126.044   -0.4   -0.4   -0.1
    26.157   126.044   -0.4   -0.3   -0.1
    26.166   126.044   -0.4   -0.3   -0.1
    26.175   126.044   -0.4   -0.3   -0.1
    26.184   126.044   -0.3   -0.3   -0.1
    26.193   126.044   -0.3   -0.3   -0.1
    26.202   126.044   -0.3   -0.3   -0.1
    26.211   126.044   -0.3   -0.3   -0.1
    26.220   126.044   -0.3   -0.3   -0.0
    26.229   126.044   -0.3   -0.3   -0.0
    26.238   126.044   -0.3   -0.3   -0.0
    26.247   126.044   -0.3   -0.3   -0.0
    26.256   126.044   -0.3   -0.3   -0.0
    26.265   126.044   -0.2   -0.3   -0.0
    26.274   126.044   -0.2   -0.3   -0.0
    26.283   126.044   -0.2   -0.3   -0.0
    26.292   126.044   -0.2   -0.2   -0.0
    26.301   126.044   -0.2   -0.2   -0.0
    26.310   126.044   -0.2   -0.2   -0.0
    26.319   126.044   -0.2   -0.2   -0.0
    26.328   126.044   -0.2   -0.2   -0.0
    26.337   126.044   -0.2   -0.2   -0.0
    26.346   126.044   -0.2   -0.2   -0.0
    26.355   126.044   -0.2   -0.2   -0.0
    26.364   126.044   -0.1   -0.2   -0.0
    26.373   126.044   -0.1   -0.2    0.0
    26.382   126.044   -0.1   -0.2    0.0
    26.391   126.044   -0.1   -0.2    0.0
    26.400   126.044   -0.1   -0.2    0.0
    26.409   126.044   -0.1   -0.2    0.0
    26.418   126.044   -0.1   -0.1    0.0
    26.427   126.044   -0.1   -0.1    0.0
    26.436   126.044   -0.1   -0.1    0.0
    26.445   126.044   -0.1   -0.1    0.0
    26.454   126.044   -0.1   -0.1    0.0
    26.463   126.044   -0.1   -0.1    0.0
    26.472   126.044   -0.1   -0.1    0.0
    26.481   126.044   -0.1   -0.1    0.0
    26.490   126.044   -0.1   -0.1    0.0
    26.499   126.044   -0.1   -0.1    0.0
    26.508   126.044   -0.1   -0.1    0.0
    26.517   126.044   -0.1   -0.1    0.0
    26.526   126.044   -0.1   -0.1    0.0
    25.626   126.054    0.2   -0.2    0.0
    25.635   126.054    0.2   -0.2    0.0
    25.644   126.054    0.2   -0.2    0.0
    25.653   126.054    0.2   -0.2    0.0
    25.662   126.054    0.2   -0.2    0.0
    25.671   126.054    0.2   -0.2    0.0
    25.680   126.054    0.2   -0.2    0.0
    25.689   126.054    0.2   -0.2    0.0
    25.698   126.054    0.2   -0.2    0.0
    25.707   126.054    0.2   -0.2    0.0
    25.716   126.054    0.2   -0.2    0.0
    25.725   126.054    0.2   -0.2    0.0
    25.734   126.054    0.2   -0.2    0.0
    25.743   126.054    0.2   -0.2    0.0
    25.752   126.054    0.2   -0.2    0.0
    25.761   126.054    0.2   -0.2   -0.0
    25.770   126.054    0.2   -0.2   -0.0
    25.779   126.054    0.2   -0.2   -0.0
    25.788   126.054    0.2   -0.2   -0.0
    25.797   126.054    0.1   -0.2   -0.0
    25.806   126.054    0.1   -0.2   -0.0
    25.815   126.054    0.1   -0.2   -0.0
    25.824   126.054    0.1   -0.2   -0.0
    25.833   126.054    0.1   -0.1   -0.1
    25.842   126.054    0.0   -0.1   -0.1
    25.851   126.054    0.0   -0.1   -0.1
    25.860   126.054   -0.0   -0.1   -0.1
    25.869   126.054   -0.0   -0.1   -0.1
    25.878   126.054   -0.1   -0.1   -0.1
    25.887   126.054   -0.1   -0.2   -0.1
    25.896   126.054   -0.1   -0.2   -0.1
    25.905   126.054   -0.2   -0.2   -0.1
    25.914   126.054   -0.2   -0.2   -0.2
    25.923   126.054   -0.2   -0.2   -0.2
    25.932   126.054   -0.2   -0.2   -0.2
    25.941   126.054   -0.3   -0.2   -0.2
    25.950   126.054   -0.3   -0.2   -0.2
    25.959   126.054   -0.3   -0.2   -0.2
    25.968   126.054   -0.3   -0.2   -0.2
    25.977   126.054   -0.3   -0.3   -0.2
    25.986   126.054   -0.3   -0.3   -0.2
    25.995   126.054   -0.4   -0.3   -0.2
    26.004   126.054   -0.4   -0.3   -0.2
    26.013   126.054   -0.4   -0.3   -0.2
    26.022   126.054   -0.4   -0.3   -0.2
    26.031   126.054   -0.4   -0.3   -0.2
    26.040   126.054   -0.4   -0.3   -0.2
    26.049   126.054   -0.4   -0.3   -0.2
    26.058   126.054   -0.4   -0.3   -0.2
    26.067   126.054   -0.4   -0.3   -0.2
    26.076   126.054   -0.4   -0.3   -0.2
    26.085   126.054   -0.4   -0.3   -0.2
    26.094   126.054   -0.4   -0.3   -0.1
    26.103   126.054   -0.4   -0.3   -0.1
    26.112   126.054   -0.4   -0.3   -0.1
    26.121   126.054   -0.4   -0.3   -0.1
    26.130   126.054   -0.4   -0.3   -0.1
    26.139   126.054   -0.4   -0.3   -0.1
    26.148   126.054   -0.4   -0.3   -0.1
    26.157   126.054   -0.4   -0.3   -0.1
    26.166   126.054   -0.4   -0.3   -0.1
    26.175   126.054   -0.3   -0.3   -0.1
    26.184   126.054   -0.3   -0.3   -0.1
    26.193   126.054   -0.3   -0.3   -0.1
    26.202   126.054   -0.3   -0.3   -0.1
    26.211   126.054   -0.3   -0.3   -0.1
    26.220   126.054   -0.3   -0.3   -0.0
    26.229   126.054   -0.3   -0.3   -0.0
    26.238   126.054   -0.3   -0.3   -0.0
    26.247   126.054   -0.3   -0.3   -0.0
    26.256   126.054   -0.3   -0.3   -0.0
    26.265   126.054   -0.2   -0.3   -0.0
    26.274   126.054   -0.2   -0.3   -0.0
    26.283   126.054   -0.2   -0.2   -0.0
    26.292   126.054   -0.2   -0.2   -0.0
    26.301   126.054   -0.2   -0.2   -0.0
    26.310   126.054   -0.2   -0.2   -0.0
    26.319   126.054   -0.2   -0.2   -0.0
    26.328   126.054   -0.2   -0.2   -0.0
    26.337   126.054   -0.2   -0.2   -0.0
    26.346   126.054   -0.2   -0.2   -0.0
    26.355   126.054   -0.2   -0.2   -0.0
    26.364   126.054   -0.1   -0.2   -0.0
    26.373   126.054   -0.1   -0.2    0.0
    26.382   126.054   -0.1   -0.2    0.0
    26.391   126.054   -0.1   -0.2    0.0
    26.400   126.054   -0.1   -0.2    0.0
    26.409   126.054   -0.1   -0.2    0.0
    26.418   126.054   -0.1   -0.1    0.0
    26.427   126.054   -0.1   -0.1    0.0
    26.436   126.054   -0.1   -0.1    0.0
    26.445   126.054   -0.1   -0.1    0.0
    26.454   126.054   -0.1   -0.1    0.0
    26.463   126.054   -0.1   -0.1    0.0
    26.472   126.054   -0.1   -0.1    0.0
    26.481   126.054   -0.1   -0.1    0.0
    26.490   126.054   -0.1   -0.1    0.0
    26.499   126.054   -0.1   -0.1    0.0
    26.508   126.054   -0.1   -0.1    0.0
    26.517   126.054   -0.1   -0.1    0.0
    26.526   126.054   -0.1   -0.1    0.0
    25.626   126.064    0.2   -0.2    0.0
    25.635   126.064    0.2   -0.2    0.0
    25.644   126.064    0.2   -0.2    0.0
    25.653   126.064    0.2   -0.2    0.0
    25.662   126.064    0.2   -0.2    0.0
    25.671   126.064    0.2   -0.2    0.0
    25.680   126.064    0.2   -0.2    0.0
    25.689   126.064    0.2   -0.2    0.0
    25.698   126.064    0.2   -0.2    0.0
    25.707   126.064    0.2   -0.2    0.0
    25.716   126.064    0.2   -0.2    0.0
    25.725   126.064    0.2   -0.2    0.0
    25.734   126.064    0.2   -0.2    0.0
    25.743   126.064    0.2   -0.2    0.0
    25.752   126.064    0.2   -0.2    0.0
    25.761   126.064    0.2   -0.2   -0.0
    25.770   126.064    0.2   -0.2   -0.0
    25.779   126.064    0.2   -0.2   -0.0
    25.788   126.064    0.2   -0.2   -0.0
    25.797   126.064    0.1   -0.2   -0.0
    25.806   126.064    0.1   -0.2   -0.0
    25.815   126.064    0.1   -0.2   -0.0
    25.824   126.064    0.1   -0.1   -0.0
    25.833   126.064    0.1   -0.1   -0.1
    25.842   126.064    0.0   -0.1   -0.1
    25.851   126.064    0.0   -0.1   -0.1
    25.860   126.064   -0.0   -0.1   -0.1
    25.869   126.064   -0.0   -0.1   -0.1
    25.878   126.064   -0.1   -0.1   -0.1
    25.887   126.064   -0.1   -0.1   -0.1
    25.896   126.064   -0.1   -0.2   -0.1
    25.905   126.064   -0.1   -0.2   -0.1
    25.914   126.064   -0.2   -0.2   -0.1
    25.923   126.064   -0.2   -0.2   -0.2
    25.932   126.064   -0.2   -0.2   -0.2
    25.941   126.064   -0.2   -0.2   -0.2
    25.950   126.064   -0.3   -0.2   -0.2
    25.959   126.064   -0.3   -0.2   -0.2
    25.968   126.064   -0.3   -0.2   -0.2
    25.977   126.064   -0.3   -0.2   -0.2
    25.986   126.064   -0.3   -0.2   -0.2
    25.995   126.064   -0.3   -0.3   -0.2
    26.004   126.064   -0.4   -0.3   -0.2
    26.013   126.064   -0.4   -0.3   -0.2
    26.022   126.064   -0.4   -0.3   -0.2
    26.031   126.064   -0.4   -0.3   -0.2
    26.040   126.064   -0.4   -0.3   -0.2
    26.049   126.064   -0.4   -0.3   -0.2
    26.058   126.064   -0.4   -0.3   -0.2
    26.067   126.064   -0.4   -0.3   -0.2
    26.076   126.064   -0.4   -0.3   -0.1
    26.085   126.064   -0.4   -0.3   -0.1
    26.094   126.064   -0.4   -0.3   -0.1
    26.103   126.064   -0.4   -0.3   -0.1
    26.112   126.064   -0.4   -0.3   -0.1
    26.121   126.064   -0.4   -0.3   -0.1
    26.130   126.064   -0.4   -0.3   -0.1
    26.139   126.064   -0.4   -0.3   -0.1
    26.148   126.064   -0.4   -0.3   -0.1
    26.157   126.064   -0.3   -0.3   -0.1
    26.166   126.064   -0.3   -0.3   -0.1
    26.175   126.064   -0.3   -0.3   -0.1
    26.184   126.064   -0.3   -0.3   -0.1
    26.193   126.064   -0.3   -0.3   -0.1
    26.202   126.064   -0.3   -0.3   -0.1
    26.211   126.064   -0.3   -0.3   -0.0
    26.220   126.064   -0.3   -0.3   -0.0
    26.229   126.064   -0.3   -0.3   -0.0
    26.238   126.064   -0.3   -0.3   -0.0
    26.247   126.064   -0.3   -0.3   -0.0
    26.256   126.064   -0.2   -0.3   -0.0
    26.265   126.064   -0.2   -0.3   -0.0
    26.274   126.064   -0.2   -0.3   -0.0
    26.283   126.064   -0.2   -0.2   -0.0
    26.292   126.064   -0.2   -0.2   -0.0
    26.301   126.064   -0.2   -0.2   -0.0
    26.310   126.064   -0.2   -0.2   -0.0
    26.319   126.064   -0.2   -0.2   -0.0
    26.328   126.064   -0.2   -0.2   -0.0
    26.337   126.064   -0.2   -0.2   -0.0
    26.346   126.064   -0.2   -0.2   -0.0
    26.355   126.064   -0.2   -0.2   -0.0
    26.364   126.064   -0.1   -0.2   -0.0
    26.373   126.064   -0.1   -0.2    0.0
    26.382   126.064   -0.1   -0.2    0.0
    26.391   126.064   -0.1   -0.2    0.0
    26.400   126.064   -0.1   -0.2    0.0
    26.409   126.064   -0.1   -0.2    0.0
    26.418   126.064   -0.1   -0.1    0.0
    26.427   126.064   -0.1   -0.1    0.0
    26.436   126.064   -0.1   -0.1    0.0
    26.445   126.064   -0.1   -0.1    0.0
    26.454   126.064   -0.1   -0.1    0.0
    26.463   126.064   -0.1   -0.1    0.0
    26.472   126.064   -0.1   -0.1    0.0
    26.481   126.064   -0.1   -0.1    0.0
    26.490   126.064   -0.1   -0.1    0.0
    26.499   126.064   -0.1   -0.1    0.0
    26.508   126.064   -0.1   -0.1    0.0
    26.517   126.064   -0.1   -0.1    0.0
    26.526   126.064   -0.1   -0.1    0.0
    25.626   126.074    0.2   -0.2    0.0
    25.635   126.074    0.2   -0.2    0.0
    25.644   126.074    0.2   -0.2    0.0
    25.653   126.074    0.2   -0.2    0.0
    25.662   126.074    0.2   -0.2    0.0
    25.671   126.074    0.2   -0.2    0.0
    25.680   126.074    0.2   -0.2    0.0
    25.689   126.074    0.2   -0.2    0.0
    25.698   126.074    0.2   -0.2    0.0
    25.707   126.074    0.2   -0.2    0.0
    25.716   126.074    0.2   -0.2    0.0
    25.725   126.074    0.2   -0.2    0.0
    25.734   126.074    0.2   -0.2    0.0
    25.743   126.074    0.2   -0.2    0.0
    25.752   126.074    0.2   -0.2   -0.0
    25.761   126.074    0.2   -0.2   -0.0
    25.770   126.074    0.2   -0.2   -0.0
    25.779   126.074    0.2   -0.2   -0.0
    25.788   126.074    0.1   -0.2   -0.0
    25.797   126.074    0.1   -0.2   -0.0
    25.806   126.074    0.1   -0.1   -0.0
    25.815   126.074    0.1   -0.1   -0.0
    25.824   126.074    0.1   -0.1   -0.0
    25.833   126.074    0.1   -0.1   -0.1
    25.842   126.074    0.0   -0.1   -0.1
    25.851   126.074    0.0   -0.1   -0.1
    25.860   126.074   -0.0   -0.1   -0.1
    25.869   126.074   -0.0   -0.1   -0.1
    25.878   126.074   -0.1   -0.1   -0.1
    25.887   126.074   -0.1   -0.1   -0.1
    25.896   126.074   -0.1   -0.1   -0.1
    25.905   126.074   -0.1   -0.2   -0.1
    25.914   126.074   -0.2   -0.2   -0.1
    25.923   126.074   -0.2   -0.2   -0.1
    25.932   126.074   -0.2   -0.2   -0.1
    25.941   126.074   -0.2   -0.2   -0.2
    25.950   126.074   -0.3   -0.2   -0.2
    25.959   126.074   -0.3   -0.2   -0.2
    25.968   126.074   -0.3   -0.2   -0.2
    25.977   126.074   -0.3   -0.2   -0.2
    25.986   126.074   -0.3   -0.2   -0.2
    25.995   126.074   -0.3   -0.2   -0.2
    26.004   126.074   -0.3   -0.2   -0.2
    26.013   126.074   -0.3   -0.3   -0.2
    26.022   126.074   -0.4   -0.3   -0.2
    26.031   126.074   -0.4   -0.3   -0.2
    26.040   126.074   -0.4   -0.3   -0.2
    26.049   126.074   -0.4   -0.3   -0.2
    26.058   126.074   -0.4   -0.3   -0.1
    26.067   126.074   -0.4   -0.3   -0.1
    26.076   126.074   -0.4   -0.3   -0.1
    26.085   126.074   -0.4   -0.3   -0.1
    26.094   126.074   -0.4   -0.3   -0.1
    26.103   126.074   -0.4   -0.3   -0.1
    26.112   126.074   -0.4   -0.3   -0.1
    26.121   126.074   -0.4   -0.3   -0.1
    26.130   126.074   -0.4   -0.3   -0.1
    26.139   126.074   -0.4   -0.3   -0.1
    26.148   126.074   -0.3   -0.3   -0.1
    26.157   126.074   -0.3   -0.3   -0.1
    26.166   126.074   -0.3   -0.3   -0.1
    26.175   126.074   -0.3   -0.3   -0.1
    26.184   126.074   -0.3   -0.3   -0.1
    26.193   126.074   -0.3   -0.3   -0.1
    26.202   126.074   -0.3   -0.3   -0.0
    26.211   126.074   -0.3   -0.3   -0.0
    26.220   126.074   -0.3   -0.3   -0.0
    26.229   126.074   -0.3   -0.3   -0.0
    26.238   126.074   -0.3   -0.3   -0.0
    26.247   126.074   -0.3   -0.3   -0.0
    26.256   126.074   -0.2   -0.3   -0.0
    26.265   126.074   -0.2   -0.2   -0.0
    26.274   126.074   -0.2   -0.2   -0.0
    26.283   126.074   -0.2   -0.2   -0.0
    26.292   126.074   -0.2   -0.2   -0.0
    26.301   126.074   -0.2   -0.2   -0.0
    26.310   126.074   -0.2   -0.2   -0.0
    26.319   126.074   -0.2   -0.2   -0.0
    26.328   126.074   -0.2   -0.2   -0.0
    26.337   126.074   -0.2   -0.2   -0.0
    26.346   126.074   -0.2   -0.2   -0.0
    26.355   126.074   -0.2   -0.2   -0.0
    26.364   126.074   -0.1   -0.2    0.0
    26.373   126.074   -0.1   -0.2    0.0
    26.382   126.074   -0.1   -0.2    0.0
    26.391   126.074   -0.1   -0.2    0.0
    26.400   126.074   -0.1   -0.2    0.0
    26.409   126.074   -0.1   -0.2    0.0
    26.418   126.074   -0.1   -0.1    0.0
    26.427   126.074   -0.1   -0.1    0.0
    26.436   126.074   -0.1   -0.1    0.0
    26.445   126.074   -0.1   -0.1    0.0
    26.454   126.074   -0.1   -0.1    0.0
    26.463   126.074   -0.1   -0.1    0.0
    26.472   126.074   -0.1   -0.1    0.0
    26.481   126.074   -0.1   -0.1    0.0
    26.490   126.074   -0.1   -0.1    0.0
    26.499   126.074   -0.1   -0.1    0.0
    26.508   126.074   -0.1   -0.1    0.0
    26.517   126.074   -0.1   -0.1    0.0
    26.526   126.074   -0.1   -0.1    0.0
    25.626   126.084    0.2   -0.2    0.0
    25.635   126.084    0.2   -0.2    0.0
    25.644   126.084    0.2   -0.2    0.0
    25.653   126.084    0.2   -0.2    0.0
    25.662   126.084    0.2   -0.2    0.0
    25.671   126.084    0.2   -0.2    0.0
    25.680   126.084    0.2   -0.2    0.0
    25.689   126.084    0.2   -0.2    0.0
    25.698   126.084    0.2   -0.2    0.0
    25.707   126.084    0.2   -0.2    0.0
    25.716   126.084    0.2   -0.2    0.0
    25.725   126.084    0.2   -0.2    0.0
    25.734   126.084    0.2   -0.2    0.0
    25.743   126.084    0.2   -0.2    0.0
    25.752   126.084    0.2   -0.2   -0.0
    25.761   126.084    0.2   -0.2   -0.0
    25.770   126.084    0.2   -0.2   -0.0
    25.779   126.084    0.1   -0.2   -0.0
    25.788   126.084    0.1   -0.2   -0.0
    25.797   126.084    0.1   -0.1   -0.0
    25.806   126.084    0.1   -0.1   -0.0
    25.815   126.084    0.1   -0.1   -0.0
    25.824   126.084    0.1   -0.1   -0.0
    25.833   126.084    0.1   -0.1   -0.1
    25.842   126.084    0.0   -0.1   -0.1
    25.851   126.084    0.0   -0.1   -0.1
    25.860   126.084   -0.0   -0.1   -0.1
    25.869   126.084   -0.0   -0.1   -0.1
    25.878   126.084   -0.1   -0.1   -0.1
    25.887   126.084   -0.1   -0.1   -0.1
    25.896   126.084   -0.1   -0.1   -0.1
    25.905   126.084   -0.1   -0.1   -0.1
    25.914   126.084   -0.2   -0.1   -0.1
    25.923   126.084   -0.2   -0.2   -0.1
    25.932   126.084   -0.2   -0.2   -0.1
    25.941   126.084   -0.2   -0.2   -0.1
    25.950   126.084   -0.2   -0.2   -0.1
    25.959   126.084   -0.3   -0.2   -0.1
    25.968   126.084   -0.3   -0.2   -0.2
    25.977   126.084   -0.3   -0.2   -0.2
    25.986   126.084   -0.3   -0.2   -0.2
    25.995   126.084   -0.3   -0.2   -0.2
    26.004   126.084   -0.3   -0.2   -0.2
    26.013   126.084   -0.3   -0.2   -0.2
    26.022   126.084   -0.3   -0.3   -0.2
    26.031   126.084   -0.3   -0.3   -0.1
    26.040   126.084   -0.4   -0.3   -0.1
    26.049   126.084   -0.4   -0.3   -0.1
    26.058   126.084   -0.4   -0.3   -0.1
    26.067   126.084   -0.4   -0.3   -0.1
    26.076   126.084   -0.4   -0.3   -0.1
    26.085   126.084   -0.4   -0.3   -0.1
    26.094   126.084   -0.4   -0.3   -0.1
    26.103   126.084   -0.4   -0.3   -0.1
    26.112   126.084   -0.4   -0.3   -0.1
    26.121   126.084   -0.3   -0.3   -0.1
    26.130   126.084   -0.3   -0.3   -0.1
    26.139   126.084   -0.3   -0.3   -0.1
    26.148   126.084   -0.3   -0.3   -0.1
    26.157   126.084   -0.3   -0.3   -0.1
    26.166   126.084   -0.3   -0.3   -0.1
    26.175   126.084   -0.3   -0.3   -0.1
    26.184   126.084   -0.3   -0.3   -0.1
    26.193   126.084   -0.3   -0.3   -0.1
    26.202   126.084   -0.3   -0.3   -0.0
    26.211   126.084   -0.3   -0.3   -0.0
    26.220   126.084   -0.3   -0.3   -0.0
    26.229   126.084   -0.3   -0.3   -0.0
    26.238   126.084   -0.3   -0.3   -0.0
    26.247   126.084   -0.2   -0.3   -0.0
    26.256   126.084   -0.2   -0.2   -0.0
    26.265   126.084   -0.2   -0.2   -0.0
    26.274   126.084   -0.2   -0.2   -0.0
    26.283   126.084   -0.2   -0.2   -0.0
    26.292   126.084   -0.2   -0.2   -0.0
    26.301   126.084   -0.2   -0.2   -0.0
    26.310   126.084   -0.2   -0.2   -0.0
    26.319   126.084   -0.2   -0.2   -0.0
    26.328   126.084   -0.2   -0.2   -0.0
    26.337   126.084   -0.2   -0.2   -0.0
    26.346   126.084   -0.2   -0.2   -0.0
    26.355   126.084   -0.2   -0.2   -0.0
    26.364   126.084   -0.1   -0.2    0.0
    26.373   126.084   -0.1   -0.2    0.0
    26.382   126.084   -0.1   -0.2    0.0
    26.391   126.084   -0.1   -0.2    0.0
    26.400   126.084   -0.1   -0.2    0.0
    26.409   126.084   -0.1   -0.2    0.0
    26.418   126.084   -0.1   -0.1    0.0
    26.427   126.084   -0.1   -0.1    0.0
    26.436   126.084   -0.1   -0.1    0.0
    26.445   126.084   -0.1   -0.1    0.0
    26.454   126.084   -0.1   -0.1    0.0
    26.463   126.084   -0.1   -0.1    0.0
    26.472   126.084   -0.1   -0.1    0.0
    26.481   126.084   -0.1   -0.1    0.0
    26.490   126.084   -0.1   -0.1    0.0
    26.499   126.084   -0.1   -0.1    0.0
    26.508   126.084   -0.1   -0.1    0.0
    26.517   126.084   -0.1   -0.1    0.0
    26.526   126.084   -0.1   -0.1    0.0
    25.626   126.094    0.2   -0.2    0.0
    25.635   126.094    0.2   -0.2    0.0
    25.644   126.094    0.2   -0.2    0.0
    25.653   126.094    0.2   -0.2    0.0
    25.662   126.094    0.2   -0.2    0.0
    25.671   126.094    0.2   -0.2    0.0
    25.680   126.094    0.2   -0.2    0.0
    25.689   126.094    0.2   -0.2    0.0
    25.698   126.094    0.2   -0.2    0.0
    25.707   126.094    0.2   -0.2    0.0
    25.716   126.094    0.2   -0.2    0.0
    25.725   126.094    0.2   -0.2    0.0
    25.734   126.094    0.2   -0.2    0.0
    25.743   126.094    0.2   -0.2   -0.0
    25.752   126.094    0.2   -0.2   -0.0
    25.761   126.094    0.2   -0.2   -0.0
    25.770   126.094    0.2   -0.2   -0.0
    25.779   126.094    0.1   -0.1   -0.0
    25.788   126.094    0.1   -0.1   -0.0
    25.797   126.094    0.1   -0.1   -0.0
    25.806   126.094    0.1   -0.1   -0.0
    25.815   126.094    0.1   -0.1   -0.0
    25.824   126.094    0.1   -0.1   -0.0
    25.833   126.094    0.0   -0.1   -0.0
    25.842   126.094    0.0   -0.1   -0.1
    25.851   126.094    0.0   -0.1   -0.1
    25.860   126.094   -0.0   -0.1   -0.1
    25.869   126.094   -0.0   -0.1   -0.1
    25.878   126.094   -0.1   -0.1   -0.1
    25.887   126.094   -0.1   -0.1   -0.1
    25.896   126.094   -0.1   -0.1   -0.1
    25.905   126.094   -0.1   -0.1   -0.1
    25.914   126.094   -0.1   -0.1   -0.1
    25.923   126.094   -0.2   -0.1   -0.1
    25.932   126.094   -0.2   -0.2   -0.1
    25.941   126.094   -0.2   -0.2   -0.1
    25.950   126.094   -0.2   -0.2   -0.1
    25.959   126.094   -0.2   -0.2   -0.1
    25.968   126.094   -0.3   -0.2   -0.1
    25.977   126.094   -0.3   -0.2   -0.1
    25.986   126.094   -0.3   -0.2   -0.1
    25.995   126.094   -0.3   -0.2   -0.1
    26.004   126.094   -0.3   -0.2   -0.1
    26.013   126.094   -0.3   -0.2   -0.1
    26.022   126.094   -0.3   -0.2   -0.1
    26.031   126.094   -0.3   -0.2   -0.1
    26.040   126.094   -0.3   -0.2   -0.1
    26.049   126.094   -0.3   -0.3   -0.1
    26.058   126.094   -0.3   -0.3   -0.1
    26.067   126.094   -0.3   -0.3   -0.1
    26.076   126.094   -0.3   -0.3   -0.1
    26.085   126.094   -0.3   -0.3   -0.1
    26.094   126.094   -0.3   -0.3   -0.1
    26.103   126.094   -0.3   -0.3   -0.1
    26.112   126.094   -0.3   -0.3   -0.1
    26.121   126.094   -0.3   -0.3   -0.1
    26.130   126.094   -0.3   -0.3   -0.1
    26.139   126.094   -0.3   -0.3   -0.1
    26.148   126.094   -0.3   -0.3   -0.1
    26.157   126.094   -0.3   -0.3   -0.1
    26.166   126.094   -0.3   -0.3   -0.1
    26.175   126.094   -0.3   -0.3   -0.1
    26.184   126.094   -0.3   -0.3   -0.1
    26.193   126.094   -0.3   -0.3   -0.0
    26.202   126.094   -0.3   -0.3   -0.0
    26.211   126.094   -0.3   -0.3   -0.0
    26.220   126.094   -0.3   -0.3   -0.0
    26.229   126.094   -0.3   -0.3   -0.0
    26.238   126.094   -0.3   -0.2   -0.0
    26.247   126.094   -0.2   -0.2   -0.0
    26.256   126.094   -0.2   -0.2   -0.0
    26.265   126.094   -0.2   -0.2   -0.0
    26.274   126.094   -0.2   -0.2   -0.0
    26.283   126.094   -0.2   -0.2   -0.0
    26.292   126.094   -0.2   -0.2   -0.0
    26.301   126.094   -0.2   -0.2   -0.0
    26.310   126.094   -0.2   -0.2   -0.0
    26.319   126.094   -0.2   -0.2   -0.0
    26.328   126.094   -0.2   -0.2   -0.0
    26.337   126.094   -0.2   -0.2   -0.0
    26.346   126.094   -0.2   -0.2   -0.0
    26.355   126.094   -0.2   -0.2   -0.0
    26.364   126.094   -0.1   -0.2    0.0
    26.373   126.094   -0.1   -0.2    0.0
    26.382   126.094   -0.1   -0.2    0.0
    26.391   126.094   -0.1   -0.2    0.0
    26.400   126.094   -0.1   -0.2    0.0
    26.409   126.094   -0.1   -0.1    0.0
    26.418   126.094   -0.1   -0.1    0.0
    26.427   126.094   -0.1   -0.1    0.0
    26.436   126.094   -0.1   -0.1    0.0
    26.445   126.094   -0.1   -0.1    0.0
    26.454   126.094   -0.1   -0.1    0.0
    26.463   126.094   -0.1   -0.1    0.0
    26.472   126.094   -0.1   -0.1    0.0
    26.481   126.094   -0.1   -0.1    0.0
    26.490   126.094   -0.1   -0.1    0.0
    26.499   126.094   -0.1   -0.1    0.0
    26.508   126.094   -0.1   -0.1    0.0
    26.517   126.094   -0.1   -0.1    0.0
    26.526   126.094   -0.1   -0.1    0.0
    25.626   126.104    0.2   -0.2    0.0
    25.635   126.104    0.2   -0.2    0.0
    25.644   126.104    0.2   -0.2    0.0
    25.653   126.104    0.2   -0.2    0.0
    25.662   126.104    0.2   -0.2    0.0
    25.671   126.104    0.2   -0.2    0.0
    25.680   126.104    0.2   -0.2    0.0
    25.689   126.104    0.2   -0.2    0.0
    25.698   126.104    0.2   -0.2    0.0
    25.707   126.104    0.2   -0.2    0.0
    25.716   126.104    0.2   -0.2    0.0
    25.725   126.104    0.2   -0.2    0.0
    25.734   126.104    0.2   -0.2   -0.0
    25.743   126.104    0.2   -0.2   -0.0
    25.752   126.104    0.2   -0.2   -0.0
    25.761   126.104    0.2   -0.1   -0.0
    25.770   126.104    0.1   -0.1   -0.0
    25.779   126.104    0.1   -0.1   -0.0
    25.788   126.104    0.1   -0.1   -0.0
    25.797   126.104    0.1   -0.1   -0.0
    25.806   126.104    0.1   -0.1   -0.0
    25.815   126.104    0.1   -0.1   -0.0
    25.824   126.104    0.1   -0.1   -0.0
    25.833   126.104    0.0   -0.1   -0.0
    25.842   126.104    0.0   -0.1   -0.1
    25.851   126.104    0.0   -0.1   -0.1
    25.860   126.104   -0.0   -0.1   -0.1
    25.869   126.104   -0.0   -0.1   -0.1
    25.878   126.104   -0.1   -0.1   -0.1
    25.887   126.104   -0.1   -0.1   -0.1
    25.896   126.104   -0.1   -0.1   -0.1
    25.905   126.104   -0.1   -0.1   -0.1
    25.914   126.104   -0.1   -0.1   -0.1
    25.923   126.104   -0.2   -0.1   -0.1
    25.932   126.104   -0.2   -0.1   -0.1
    25.941   126.104   -0.2   -0.2   -0.1
    25.950   126.104   -0.2   -0.2   -0.1
    25.959   126.104   -0.2   -0.2   -0.1
    25.968   126.104   -0.2   -0.2   -0.1
    25.977   126.104   -0.3   -0.2   -0.1
    25.986   126.104   -0.3   -0.2   -0.1
    25.995   126.104   -0.3   -0.2   -0.1
    26.004   126.104   -0.3   -0.2   -0.1
    26.013   126.104   -0.3   -0.2   -0.1
    26.022   126.104   -0.3   -0.2   -0.1
    26.031   126.104   -0.3   -0.2   -0.1
    26.040   126.104   -0.3   -0.2   -0.1
    26.049   126.104   -0.3   -0.2   -0.1
    26.058   126.104   -0.3   -0.2   -0.1
    26.067   126.104   -0.3   -0.3   -0.1
    26.076   126.104   -0.3   -0.3   -0.1
    26.085   126.104   -0.3   -0.3   -0.1
    26.094   126.104   -0.3   -0.3   -0.1
    26.103   126.104   -0.3   -0.3   -0.1
    26.112   126.104   -0.3   -0.3   -0.1
    26.121   126.104   -0.3   -0.3   -0.1
    26.130   126.104   -0.3   -0.3   -0.1
    26.139   126.104   -0.3   -0.3   -0.1
    26.148   126.104   -0.3   -0.3   -0.1
    26.157   126.104   -0.3   -0.3   -0.1
    26.166   126.104   -0.3   -0.3   -0.1
    26.175   126.104   -0.3   -0.3   -0.1
    26.184   126.104   -0.3   -0.3   -0.0
    26.193   126.104   -0.3   -0.3   -0.0
    26.202   126.104   -0.3   -0.3   -0.0
    26.211   126.104   -0.3   -0.3   -0.0
    26.220   126.104   -0.3   -0.2   -0.0
    26.229   126.104   -0.3   -0.2   -0.0
    26.238   126.104   -0.2   -0.2   -0.0
    26.247   126.104   -0.2   -0.2   -0.0
    26.256   126.104   -0.2   -0.2   -0.0
    26.265   126.104   -0.2   -0.2   -0.0
    26.274   126.104   -0.2   -0.2   -0.0
    26.283   126.104   -0.2   -0.2   -0.0
    26.292   126.104   -0.2   -0.2   -0.0
    26.301   126.104   -0.2   -0.2   -0.0
    26.310   126.104   -0.2   -0.2   -0.0
    26.319   126.104   -0.2   -0.2   -0.0
    26.328   126.104   -0.2   -0.2   -0.0
    26.337   126.104   -0.2   -0.2   -0.0
    26.346   126.104   -0.2   -0.2   -0.0
    26.355   126.104   -0.2   -0.2    0.0
    26.364   126.104   -0.1   -0.2    0.0
    26.373   126.104   -0.1   -0.2    0.0
    26.382   126.104   -0.1   -0.2    0.0
    26.391   126.104   -0.1   -0.2    0.0
    26.400   126.104   -0.1   -0.2    0.0
    26.409   126.104   -0.1   -0.1    0.0
    26.418   126.104   -0.1   -0.1    0.0
    26.427   126.104   -0.1   -0.1    0.0
    26.436   126.104   -0.1   -0.1    0.0
    26.445   126.104   -0.1   -0.1    0.0
    26.454   126.104   -0.1   -0.1    0.0
    26.463   126.104   -0.1   -0.1    0.0
    26.472   126.104   -0.1   -0.1    0.0
    26.481   126.104   -0.1   -0.1    0.0
    26.490   126.104   -0.1   -0.1    0.0
    26.499   126.104   -0.1   -0.1    0.0
    26.508   126.104   -0.1   -0.1    0.0
    26.517   126.104   -0.1   -0.1    0.0
    26.526   126.104   -0.1   -0.1    0.0
    25.626   126.114    0.2   -0.2    0.0
    25.635   126.114    0.2   -0.2    0.0
    25.644   126.114    0.2   -0.2    0.0
    25.653   126.114    0.2   -0.2    0.0
    25.662   126.114    0.2   -0.2    0.0
    25.671   126.114    0.2   -0.2    0.0
    25.680   126.114    0.2   -0.2    0.0
    25.689   126.114    0.2   -0.2    0.0
    25.698   126.114    0.2   -0.2    0.0
    25.707   126.114    0.2   -0.2    0.0
    25.716   126.114    0.2   -0.2   -0.0
    25.725   126.114    0.2   -0.2   -0.0
    25.734   126.114    0.2   -0.2   -0.0
    25.743   126.114    0.2   -0.2   -0.0
    25.752   126.114    0.2   -0.1   -0.0
    25.761   126.114    0.1   -0.1   -0.0
    25.770   126.114    0.1   -0.1   -0.0
    25.779   126.114    0.1   -0.1   -0.0
    25.788   126.114    0.1   -0.1   -0.0
    25.797   126.114    0.1   -0.1   -0.0
    25.806   126.114    0.1   -0.1   -0.0
    25.815   126.114    0.1   -0.1   -0.0
    25.824   126.114    0.1   -0.1   -0.0
    25.833   126.114    0.0   -0.1   -0.0
    25.842   126.114    0.0   -0.1   -0.0
    25.851   126.114    0.0   -0.1   -0.1
    25.860   126.114   -0.0   -0.1   -0.1
    25.869   126.114   -0.0   -0.1   -0.1
    25.878   126.114   -0.1   -0.1   -0.1
    25.887   126.114   -0.1   -0.1   -0.1
    25.896   126.114   -0.1   -0.1   -0.1
    25.905   126.114   -0.1   -0.1   -0.1
    25.914   126.114   -0.1   -0.1   -0.1
    25.923   126.114   -0.1   -0.1   -0.1
    25.932   126.114   -0.2   -0.1   -0.1
    25.941   126.114   -0.2   -0.1   -0.1
    25.950   126.114   -0.2   -0.2   -0.1
    25.959   126.114   -0.2   -0.2   -0.1
    25.968   126.114   -0.2   -0.2   -0.1
    25.977   126.114   -0.2   -0.2   -0.1
    25.986   126.114   -0.3   -0.2   -0.1
    25.995   126.114   -0.3   -0.2   -0.1
    26.004   126.114   -0.3   -0.2   -0.1
    26.013   126.114   -0.3   -0.2   -0.1
    26.022   126.114   -0.3   -0.2   -0.1
    26.031   126.114   -0.3   -0.2   -0.1
    26.040   126.114   -0.3   -0.2   -0.1
    26.049   126.114   -0.3   -0.2   -0.1
    26.058   126.114   -0.3   -0.2   -0.1
    26.067   126.114   -0.3   -0.2   -0.1
    26.076   126.114   -0.3   -0.2   -0.1
    26.085   126.114   -0.3   -0.2   -0.1
    26.094   126.114   -0.3   -0.2   -0.1
    26.103   126.114   -0.3   -0.2   -0.1
    26.112   126.114   -0.3   -0.3   -0.1
    26.121   126.114   -0.3   -0.3   -0.1
    26.130   126.114   -0.3   -0.3   -0.1
    26.139   126.114   -0.3   -0.3   -0.1
    26.148   126.114   -0.3   -0.3   -0.1
    26.157   126.114   -0.3   -0.3   -0.1
    26.166   126.114   -0.3   -0.3   -0.1
    26.175   126.114   -0.3   -0.3   -0.0
    26.184   126.114   -0.3   -0.3   -0.0
    26.193   126.114   -0.3   -0.2   -0.0
    26.202   126.114   -0.3   -0.2   -0.0
    26.211   126.114   -0.3   -0.2   -0.0
    26.220   126.114   -0.3   -0.2   -0.0
    26.229   126.114   -0.2   -0.2   -0.0
    26.238   126.114   -0.2   -0.2   -0.0
    26.247   126.114   -0.2   -0.2   -0.0
    26.256   126.114   -0.2   -0.2   -0.0
    26.265   126.114   -0.2   -0.2   -0.0
    26.274   126.114   -0.2   -0.2   -0.0
    26.283   126.114   -0.2   -0.2   -0.0
    26.292   126.114   -0.2   -0.2   -0.0
    26.301   126.114   -0.2   -0.2   -0.0
    26.310   126.114   -0.2   -0.2   -0.0
    26.319   126.114   -0.2   -0.2   -0.0
    26.328   126.114   -0.2   -0.2   -0.0
    26.337   126.114   -0.2   -0.2   -0.0
    26.346   126.114   -0.2   -0.2   -0.0
    26.355   126.114   -0.2   -0.2    0.0
    26.364   126.114   -0.1   -0.2    0.0
    26.373   126.114   -0.1   -0.2    0.0
    26.382   126.114   -0.1   -0.2    0.0
    26.391   126.114   -0.1   -0.2    0.0
    26.400   126.114   -0.1   -0.1    0.0
    26.409   126.114   -0.1   -0.1    0.0
    26.418   126.114   -0.1   -0.1    0.0
    26.427   126.114   -0.1   -0.1    0.0
    26.436   126.114   -0.1   -0.1    0.0
    26.445   126.114   -0.1   -0.1    0.0
    26.454   126.114   -0.1   -0.1    0.0
    26.463   126.114   -0.1   -0.1    0.0
    26.472   126.114   -0.1   -0.1    0.0
    26.481   126.114   -0.1   -0.1    0.0
    26.490   126.114   -0.1   -0.1    0.0
    26.499   126.114   -0.1   -0.1    0.0
    26.508   126.114   -0.1   -0.1    0.0
    26.517   126.114   -0.1   -0.1    0.0
    26.526   126.114   -0.1   -0.1    0.0
    25.626   126.124    0.2   -0.2    0.0
    25.635   126.124    0.2   -0.2    0.0
    25.644   126.124    0.2   -0.2    0.0
    25.653   126.124    0.2   -0.2    0.0
    25.662   126.124    0.2   -0.2    0.0
    25.671   126.124    0.2   -0.2    0.0
    25.680   126.124    0.2   -0.2    0.0
    25.689   126.124    0.2   -0.2    0.0
    25.698   126.124    0.2   -0.2    0.0
    25.707   126.124    0.2   -0.2   -0.0
    25.716   126.124    0.2   -0.2   -0.0
    25.725   126.124    0.2   -0.1   -0.0
    25.734   126.124    0.2   -0.1   -0.0
    25.743   126.124    0.2   -0.1   -0.0
    25.752   126.124    0.1   -0.1   -0.0
    25.761   126.124    0.1   -0.1   -0.0
    25.770   126.124    0.1   -0.1   -0.0
    25.779   126.124    0.1   -0.1   -0.0
    25.788   126.124    0.1   -0.1   -0.0
    25.797   126.124    0.1   -0.1   -0.0
    25.806   126.124    0.1   -0.1   -0.0
    25.815   126.124    0.1   -0.1   -0.0
    25.824   126.124    0.1   -0.1   -0.0
    25.833   126.124    0.0   -0.1   -0.0
    25.842   126.124    0.0   -0.1   -0.0
    25.851   126.124    0.0   -0.1   -0.1
    25.860   126.124   -0.0   -0.1   -0.1
    25.869   126.124   -0.0   -0.1   -0.1
    25.878   126.124   -0.0   -0.1   -0.1
    25.887   126.124   -0.1   -0.1   -0.1
    25.896   126.124   -0.1   -0.1   -0.1
    25.905   126.124   -0.1   -0.1   -0.1
    25.914   126.124   -0.1   -0.1   -0.1
    25.923   126.124   -0.1   -0.1   -0.1
    25.932   126.124   -0.2   -0.1   -0.1
    25.941   126.124   -0.2   -0.1   -0.1
    25.950   126.124   -0.2   -0.1   -0.1
    25.959   126.124   -0.2   -0.2   -0.1
    25.968   126.124   -0.2   -0.2   -0.1
    25.977   126.124   -0.2   -0.2   -0.1
    25.986   126.124   -0.2   -0.2   -0.1
    25.995   126.124   -0.3   -0.2   -0.1
    26.004   126.124   -0.3   -0.2   -0.1
    26.013   126.124   -0.3   -0.2   -0.1
    26.022   126.124   -0.3   -0.2   -0.1
    26.031   126.124   -0.3   -0.2   -0.1
    26.040   126.124   -0.3   -0.2   -0.1
    26.049   126.124   -0.3   -0.2   -0.1
    26.058   126.124   -0.3   -0.2   -0.1
    26.067   126.124   -0.3   -0.2   -0.1
    26.076   126.124   -0.3   -0.2   -0.1
    26.085   126.124   -0.3   -0.2   -0.1
    26.094   126.124   -0.3   -0.2   -0.1
    26.103   126.124   -0.3   -0.2   -0.1
    26.112   126.124   -0.3   -0.2   -0.1
    26.121   126.124   -0.3   -0.2   -0.1
    26.130   126.124   -0.3   -0.2   -0.1
    26.139   126.124   -0.3   -0.2   -0.1
    26.148   126.124   -0.3   -0.2   -0.1
    26.157   126.124   -0.3   -0.2   -0.1
    26.166   126.124   -0.3   -0.2   -0.1
    26.175   126.124   -0.3   -0.2   -0.0
    26.184   126.124   -0.3   -0.2   -0.0
    26.193   126.124   -0.3   -0.2   -0.0
    26.202   126.124   -0.3   -0.2   -0.0
    26.211   126.124   -0.3   -0.2   -0.0
    26.220   126.124   -0.2   -0.2   -0.0
    26.229   126.124   -0.2   -0.2   -0.0
    26.238   126.124   -0.2   -0.2   -0.0
    26.247   126.124   -0.2   -0.2   -0.0
    26.256   126.124   -0.2   -0.2   -0.0
    26.265   126.124   -0.2   -0.2   -0.0
    26.274   126.124   -0.2   -0.2   -0.0
    26.283   126.124   -0.2   -0.2   -0.0
    26.292   126.124   -0.2   -0.2   -0.0
    26.301   126.124   -0.2   -0.2   -0.0
    26.310   126.124   -0.2   -0.2   -0.0
    26.319   126.124   -0.2   -0.2   -0.0
    26.328   126.124   -0.2   -0.2   -0.0
    26.337   126.124   -0.2   -0.2   -0.0
    26.346   126.124   -0.2   -0.2    0.0
    26.355   126.124   -0.2   -0.2    0.0
    26.364   126.124   -0.1   -0.2    0.0
    26.373   126.124   -0.1   -0.2    0.0
    26.382   126.124   -0.1   -0.2    0.0
    26.391   126.124   -0.1   -0.2    0.0
    26.400   126.124   -0.1   -0.1    0.0
    26.409   126.124   -0.1   -0.1    0.0
    26.418   126.124   -0.1   -0.1    0.0
    26.427   126.124   -0.1   -0.1    0.0
    26.436   126.124   -0.1   -0.1    0.0
    26.445   126.124   -0.1   -0.1    0.0
    26.454   126.124   -0.1   -0.1    0.0
    26.463   126.124   -0.1   -0.1    0.0
    26.472   126.124   -0.1   -0.1    0.0
    26.481   126.124   -0.1   -0.1    0.0
    26.490   126.124   -0.1   -0.1    0.0
    26.499   126.124   -0.1   -0.1    0.0
    26.508   126.124   -0.1   -0.1    0.0
    26.517   126.124   -0.1   -0.1    0.0
    26.526   126.124   -0.1   -0.1    0.0
    25.626   126.134    0.2   -0.2   -0.0
    25.635   126.134    0.2   -0.2   -0.0
    25.644   126.134    0.2   -0.2    0.0
    25.653   126.134    0.2   -0.2    0.0
    25.662   126.134    0.2   -0.2    0.0
    25.671   126.134    0.2   -0.2   -0.0
    25.680   126.134    0.2   -0.2   -0.0
    25.689   126.134    0.2   -0.2   -0.0
    25.698   126.134    0.2   -0.2   -0.0
    25.707   126.134    0.2   -0.1   -0.0
    25.716   126.134    0.2   -0.1   -0.0
    25.725   126.134    0.2   -0.1   -0.0
    25.734   126.134    0.2   -0.1   -0.0
    25.743   126.134    0.1   -0.1   -0.0
    25.752   126.134    0.1   -0.1   -0.0
    25.761   126.134    0.1   -0.1   -0.0
    25.770   126.134    0.1   -0.1   -0.0
    25.779   126.134    0.1   -0.1   -0.0
    25.788   126.134    0.1   -0.1   -0.0
    25.797   126.134    0.1   -0.1   -0.0
    25.806   126.134    0.1   -0.1   -0.0
    25.815   126.134    0.1   -0.1   -0.0
    25.824   126.134    0.1   -0.1   -0.0
    25.833   126.134    0.0   -0.1   -0.0
    25.842   126.134    0.0   -0.1   -0.0
    25.851   126.134    0.0   -0.1   -0.0
    25.860   126.134   -0.0   -0.1   -0.1
    25.869   126.134   -0.0   -0.1   -0.1
    25.878   126.134   -0.0   -0.1   -0.1
    25.887   126.134   -0.1   -0.1   -0.1
    25.896   126.134   -0.1   -0.1   -0.1
    25.905   126.134   -0.1   -0.1   -0.1
    25.914   126.134   -0.1   -0.1   -0.1
    25.923   126.134   -0.1   -0.1   -0.1
    25.932   126.134   -0.1   -0.1   -0.1
    25.941   126.134   -0.2   -0.1   -0.1
    25.950   126.134   -0.2   -0.1   -0.1
    25.959   126.134   -0.2   -0.1   -0.1
    25.968   126.134   -0.2   -0.1   -0.1
    25.977   126.134   -0.2   -0.2   -0.1
    25.986   126.134   -0.2   -0.2   -0.1
    25.995   126.134   -0.2   -0.2   -0.1
    26.004   126.134   -0.3   -0.2   -0.1
    26.013   126.134   -0.3   -0.2   -0.1
    26.022   126.134   -0.3   -0.2   -0.1
    26.031   126.134   -0.3   -0.2   -0.1
    26.040   126.134   -0.3   -0.2   -0.1
    26.049   126.134   -0.3   -0.2   -0.1
    26.058   126.134   -0.3   -0.2   -0.1
    26.067   126.134   -0.3   -0.2   -0.1
    26.076   126.134   -0.3   -0.2   -0.1
    26.085   126.134   -0.3   -0.2   -0.1
    26.094   126.134   -0.3   -0.2   -0.1
    26.103   126.134   -0.3   -0.2   -0.1
    26.112   126.134   -0.3   -0.2   -0.1
    26.121   126.134   -0.3   -0.2   -0.1
    26.130   126.134   -0.3   -0.2   -0.1
    26.139   126.134   -0.3   -0.2   -0.1
    26.148   126.134   -0.3   -0.2   -0.1
    26.157   126.134   -0.3   -0.2   -0.1
    26.166   126.134   -0.3   -0.2   -0.0
    26.175   126.134   -0.3   -0.2   -0.0
    26.184   126.134   -0.3   -0.2   -0.0
    26.193   126.134   -0.3   -0.2   -0.0
    26.202   126.134   -0.3   -0.2   -0.0
    26.211   126.134   -0.2   -0.2   -0.0
    26.220   126.134   -0.2   -0.2   -0.0
    26.229   126.134   -0.2   -0.2   -0.0
    26.238   126.134   -0.2   -0.2   -0.0
    26.247   126.134   -0.2   -0.2   -0.0
    26.256   126.134   -0.2   -0.2   -0.0
    26.265   126.134   -0.2   -0.2   -0.0
    26.274   126.134   -0.2   -0.2   -0.0
    26.283   126.134   -0.2   -0.2   -0.0
    26.292   126.134   -0.2   -0.2   -0.0
    26.301   126.134   -0.2   -0.2   -0.0
    26.310   126.134   -0.2   -0.2   -0.0
    26.319   126.134   -0.2   -0.2   -0.0
    26.328   126.134   -0.2   -0.2   -0.0
    26.337   126.134   -0.2   -0.2   -0.0
    26.346   126.134   -0.2   -0.2    0.0
    26.355   126.134   -0.1   -0.2    0.0
    26.364   126.134   -0.1   -0.2    0.0
    26.373   126.134   -0.1   -0.2    0.0
    26.382   126.134   -0.1   -0.2    0.0
    26.391   126.134   -0.1   -0.1    0.0
    26.400   126.134   -0.1   -0.1    0.0
    26.409   126.134   -0.1   -0.1    0.0
    26.418   126.134   -0.1   -0.1    0.0
    26.427   126.134   -0.1   -0.1    0.0
    26.436   126.134   -0.1   -0.1    0.0
    26.445   126.134   -0.1   -0.1    0.0
    26.454   126.134   -0.1   -0.1    0.0
    26.463   126.134   -0.1   -0.1    0.0
    26.472   126.134   -0.1   -0.1    0.0
    26.481   126.134   -0.1   -0.1    0.0
    26.490   126.134   -0.1   -0.1    0.0
    26.499   126.134   -0.1   -0.1    0.0
    26.508   126.134   -0.1   -0.1    0.0
    26.517   126.134   -0.1   -0.1    0.0
    26.526   126.134   -0.1   -0.1    0.0
    25.626   126.144    0.2   -0.1   -0.0
    25.635   126.144    0.2   -0.1   -0.0
    25.644   126.144    0.2   -0.1   -0.0
    25.653   126.144    0.2   -0.1   -0.0
    25.662   126.144    0.2   -0.1   -0.0
    25.671   126.144    0.2   -0.1   -0.0
    25.680   126.144    0.2   -0.1   -0.0
    25.689   126.144    0.2   -0.1   -0.0
    25.698   126.144    0.2   -0.1   -0.0
    25.707   126.144    0.2   -0.1   -0.0
    25.716   126.144    0.2   -0.1   -0.0
    25.725   126.144    0.2   -0.1   -0.0
    25.734   126.144    0.1   -0.1   -0.0
    25.743   126.144    0.1   -0.1   -0.0
    25.752   126.144    0.1   -0.1   -0.0
    25.761   126.144    0.1   -0.1   -0.0
    25.770   126.144    0.1   -0.1   -0.0
    25.779   126.144    0.1   -0.1   -0.0
    25.788   126.144    0.1   -0.1   -0.0
    25.797   126.144    0.1   -0.1   -0.0
    25.806   126.144    0.1   -0.1   -0.0
    25.815   126.144    0.1   -0.1   -0.0
    25.824   126.144    0.1   -0.1   -0.0
    25.833   126.144    0.0   -0.1   -0.0
    25.842   126.144    0.0   -0.1   -0.0
    25.851   126.144    0.0   -0.1   -0.0
    25.860   126.144   -0.0   -0.1   -0.0
    25.869   126.144   -0.0   -0.1   -0.1
    25.878   126.144   -0.0   -0.1   -0.1
    25.887   126.144   -0.1   -0.1   -0.1
    25.896   126.144   -0.1   -0.1   -0.1
    25.905   126.144   -0.1   -0.1   -0.1
    25.914   126.144   -0.1   -0.1   -0.1
    25.923   126.144   -0.1   -0.1   -0.1
    25.932   126.144   -0.1   -0.1   -0.1
    25.941   126.144   -0.2   -0.1   -0.1
    25.950   126.144   -0.2   -0.1   -0.1
    25.959   126.144   -0.2   -0.1   -0.1
    25.968   126.144   -0.2   -0.1   -0.1
    25.977   126.144   -0.2   -0.1   -0.1
    25.986   126.144   -0.2   -0.2   -0.1
    25.995   126.144   -0.2   -0.2   -0.1
    26.004   126.144   -0.2   -0.2   -0.1
    26.013   126.144   -0.2   -0.2   -0.1
    26.022   126.144   -0.3   -0.2   -0.1
    26.031   126.144   -0.3   -0.2   -0.1
    26.040   126.144   -0.3   -0.2   -0.1
    26.049   126.144   -0.3   -0.2   -0.1
    26.058   126.144   -0.3   -0.2   -0.1
    26.067   126.144   -0.3   -0.2   -0.1
    26.076   126.144   -0.3   -0.2   -0.1
    26.085   126.144   -0.3   -0.2   -0.1
    26.094   126.144   -0.3   -0.2   -0.1
    26.103   126.144   -0.3   -0.2   -0.1
    26.112   126.144   -0.3   -0.2   -0.1
    26.121   126.144   -0.3   -0.2   -0.1
    26.130   126.144   -0.3   -0.2   -0.1
    26.139   126.144   -0.3   -0.2   -0.1
    26.148   126.144   -0.3   -0.2   -0.0
    26.157   126.144   -0.3   -0.2   -0.0
    26.166   126.144   -0.3   -0.2   -0.0
    26.175   126.144   -0.3   -0.2   -0.0
    26.184   126.144   -0.3   -0.2   -0.0
    26.193   126.144   -0.3   -0.2   -0.0
    26.202   126.144   -0.2   -0.2   -0.0
    26.211   126.144   -0.2   -0.2   -0.0
    26.220   126.144   -0.2   -0.2   -0.0
    26.229   126.144   -0.2   -0.2   -0.0
    26.238   126.144   -0.2   -0.2   -0.0
    26.247   126.144   -0.2   -0.2   -0.0
    26.256   126.144   -0.2   -0.2   -0.0
    26.265   126.144   -0.2   -0.2   -0.0
    26.274   126.144   -0.2   -0.2   -0.0
    26.283   126.144   -0.2   -0.2   -0.0
    26.292   126.144   -0.2   -0.2   -0.0
    26.301   126.144   -0.2   -0.2   -0.0
    26.310   126.144   -0.2   -0.2   -0.0
    26.319   126.144   -0.2   -0.2   -0.0
    26.328   126.144   -0.2   -0.2   -0.0
    26.337   126.144   -0.2   -0.2    0.0
    26.346   126.144   -0.2   -0.2    0.0
    26.355   126.144   -0.1   -0.2    0.0
    26.364   126.144   -0.1   -0.2    0.0
    26.373   126.144   -0.1   -0.2    0.0
    26.382   126.144   -0.1   -0.2    0.0
    26.391   126.144   -0.1   -0.1    0.0
    26.400   126.144   -0.1   -0.1    0.0
    26.409   126.144   -0.1   -0.1    0.0
    26.418   126.144   -0.1   -0.1    0.0
    26.427   126.144   -0.1   -0.1    0.0
    26.436   126.144   -0.1   -0.1    0.0
    26.445   126.144   -0.1   -0.1    0.0
    26.454   126.144   -0.1   -0.1    0.0
    26.463   126.144   -0.1   -0.1    0.0
    26.472   126.144   -0.1   -0.1    0.0
    26.481   126.144   -0.1   -0.1    0.0
    26.490   126.144   -0.1   -0.1    0.0
    26.499   126.144   -0.1   -0.1    0.0
    26.508   126.144   -0.1   -0.1    0.0
    26.517   126.144   -0.1   -0.1    0.0
    26.526   126.144   -0.1   -0.1    0.0
    25.626   126.154    0.2   -0.1   -0.0
    25.635   126.154    0.2   -0.1   -0.0
    25.644   126.154    0.2   -0.1   -0.0
    25.653   126.154    0.2   -0.1   -0.0
    25.662   126.154    0.2   -0.1   -0.0
    25.671   126.154    0.2   -0.1   -0.0
    25.680   126.154    0.2   -0.1   -0.0
    25.689   126.154    0.2   -0.1   -0.0
    25.698   126.154    0.2   -0.1   -0.0
    25.707   126.154    0.2   -0.1   -0.0
    25.716   126.154    0.1   -0.1   -0.0
    25.725   126.154    0.1   -0.1   -0.0
    25.734   126.154    0.1   -0.1   -0.0
    25.743   126.154    0.1   -0.1   -0.0
    25.752   126.154    0.1   -0.1   -0.0
    25.761   126.154    0.1   -0.1   -0.0
    25.770   126.154    0.1   -0.1   -0.0
    25.779   126.154    0.1   -0.1   -0.0
    25.788   126.154    0.1   -0.1   -0.0
    25.797   126.154    0.1   -0.1   -0.0
    25.806   126.154    0.1   -0.1   -0.0
    25.815   126.154    0.1   -0.1   -0.0
    25.824   126.154    0.0   -0.1   -0.0
    25.833   126.154    0.0   -0.1   -0.0
    25.842   126.154    0.0   -0.1   -0.0
    25.851   126.154    0.0   -0.1   -0.0
    25.860   126.154   -0.0   -0.1   -0.0
    25.869   126.154   -0.0   -0.1   -0.0
    25.878   126.154   -0.0   -0.1   -0.1
    25.887   126.154   -0.1   -0.1   -0.1
    25.896   126.154   -0.1   -0.1   -0.1
    25.905   126.154   -0.1   -0.1   -0.1
    25.914   126.154   -0.1   -0.1   -0.1
    25.923   126.154   -0.1   -0.1   -0.1
    25.932   126.154   -0.1   -0.1   -0.1
    25.941   126.154   -0.1   -0.1   -0.1
    25.950   126.154   -0.2   -0.1   -0.1
    25.959   126.154   -0.2   -0.1   -0.1
    25.968   126.154   -0.2   -0.1   -0.1
    25.977   126.154   -0.2   -0.1   -0.1
    25.986   126.154   -0.2   -0.1   -0.1
    25.995   126.154   -0.2   -0.2   -0.1
    26.004   126.154   -0.2   -0.2   -0.1
    26.013   126.154   -0.2   -0.2   -0.1
    26.022   126.154   -0.2   -0.2   -0.1
    26.031   126.154   -0.2   -0.2   -0.1
    26.040   126.154   -0.3   -0.2   -0.1
    26.049   126.154   -0.3   -0.2   -0.1
    26.058   126.154   -0.3   -0.2   -0.1
    26.067   126.154   -0.3   -0.2   -0.1
    26.076   126.154   -0.3   -0.2   -0.1
    26.085   126.154   -0.3   -0.2   -0.1
    26.094   126.154   -0.3   -0.2   -0.1
    26.103   126.154   -0.3   -0.2   -0.1
    26.112   126.154   -0.3   -0.2   -0.1
    26.121   126.154   -0.3   -0.2   -0.1
    26.130   126.154   -0.3   -0.2   -0.1
    26.139   126.154   -0.3   -0.2   -0.0
    26.148   126.154   -0.3   -0.2   -0.0
    26.157   126.154   -0.3   -0.2   -0.0
    26.166   126.154   -0.3   -0.2   -0.0
    26.175   126.154   -0.3   -0.2   -0.0
    26.184   126.154   -0.2   -0.2   -0.0
    26.193   126.154   -0.2   -0.2   -0.0
    26.202   126.154   -0.2   -0.2   -0.0
    26.211   126.154   -0.2   -0.2   -0.0
    26.220   126.154   -0.2   -0.2   -0.0
    26.229   126.154   -0.2   -0.2   -0.0
    26.238   126.154   -0.2   -0.2   -0.0
    26.247   126.154   -0.2   -0.2   -0.0
    26.256   126.154   -0.2   -0.2   -0.0
    26.265   126.154   -0.2   -0.2   -0.0
    26.274   126.154   -0.2   -0.2   -0.0
    26.283   126.154   -0.2   -0.2   -0.0
    26.292   126.154   -0.2   -0.2   -0.0
    26.301   126.154   -0.2   -0.2   -0.0
    26.310   126.154   -0.2   -0.2   -0.0
    26.319   126.154   -0.2   -0.2   -0.0
    26.328   126.154   -0.2   -0.2   -0.0
    26.337   126.154   -0.2   -0.2    0.0
    26.346   126.154   -0.2   -0.2    0.0
    26.355   126.154   -0.1   -0.2    0.0
    26.364   126.154   -0.1   -0.2    0.0
    26.373   126.154   -0.1   -0.2    0.0
    26.382   126.154   -0.1   -0.1    0.0
    26.391   126.154   -0.1   -0.1    0.0
    26.400   126.154   -0.1   -0.1    0.0
    26.409   126.154   -0.1   -0.1    0.0
    26.418   126.154   -0.1   -0.1    0.0
    26.427   126.154   -0.1   -0.1    0.0
    26.436   126.154   -0.1   -0.1    0.0
    26.445   126.154   -0.1   -0.1    0.0
    26.454   126.154   -0.1   -0.1    0.0
    26.463   126.154   -0.1   -0.1    0.0
    26.472   126.154   -0.1   -0.1    0.0
    26.481   126.154   -0.1   -0.1    0.0
    26.490   126.154   -0.1   -0.1    0.0
    26.499   126.154   -0.1   -0.1    0.0
    26.508   126.154   -0.1   -0.1    0.0
    26.517   126.154   -0.1   -0.1    0.0
    26.526   126.154   -0.1   -0.1    0.0
    25.626   126.164    0.1   -0.1   -0.0
    25.635   126.164    0.1   -0.1   -0.0
    25.644   126.164    0.1   -0.1   -0.0
    25.653   126.164    0.1   -0.1   -0.0
    25.662   126.164    0.2   -0.1   -0.0
    25.671   126.164    0.2   -0.1   -0.0
    25.680   126.164    0.2   -0.1   -0.0
    25.689   126.164    0.1   -0.1   -0.0
    25.698   126.164    0.1   -0.1   -0.0
    25.707   126.164    0.1   -0.1   -0.0
    25.716   126.164    0.1   -0.1   -0.0
    25.725   126.164    0.1   -0.1   -0.0
    25.734   126.164    0.1   -0.1   -0.0
    25.743   126.164    0.1   -0.1   -0.0
    25.752   126.164    0.1   -0.1   -0.0
    25.761   126.164    0.1   -0.1   -0.0
    25.770   126.164    0.1   -0.1   -0.0
    25.779   126.164    0.1   -0.1   -0.0
    25.788   126.164    0.1   -0.1   -0.0
    25.797   126.164    0.1   -0.1   -0.0
    25.806   126.164    0.1   -0.1   -0.0
    25.815   126.164    0.1   -0.1   -0.0
    25.824   126.164    0.0   -0.1   -0.0
    25.833   126.164    0.0   -0.1   -0.0
    25.842   126.164    0.0   -0.1   -0.0
    25.851   126.164    0.0   -0.1   -0.0
    25.860   126.164   -0.0   -0.1   -0.0
    25.869   126.164   -0.0   -0.1   -0.0
    25.878   126.164   -0.0   -0.1   -0.0
    25.887   126.164   -0.1   -0.1   -0.1
    25.896   126.164   -0.1   -0.1   -0.1
    25.905   126.164   -0.1   -0.1   -0.1
    25.914   126.164   -0.1   -0.1   -0.1
    25.923   126.164   -0.1   -0.1   -0.1
    25.932   126.164   -0.1   -0.1   -0.1
    25.941   126.164   -0.1   -0.1   -0.1
    25.950   126.164   -0.2   -0.1   -0.1
    25.959   126.164   -0.2   -0.1   -0.1
    25.968   126.164   -0.2   -0.1   -0.1
    25.977   126.164   -0.2   -0.1   -0.1
    25.986   126.164   -0.2   -0.1   -0.1
    25.995   126.164   -0.2   -0.1   -0.1
    26.004   126.164   -0.2   -0.1   -0.1
    26.013   126.164   -0.2   -0.2   -0.1
    26.022   126.164   -0.2   -0.2   -0.1
    26.031   126.164   -0.2   -0.2   -0.1
    26.040   126.164   -0.2   -0.2   -0.1
    26.049   126.164   -0.2   -0.2   -0.1
    26.058   126.164   -0.3   -0.2   -0.1
    26.067   126.164   -0.3   -0.2   -0.1
    26.076   126.164   -0.3   -0.2   -0.1
    26.085   126.164   -0.3   -0.2   -0.1
    26.094   126.164   -0.3   -0.2   -0.1
    26.103   126.164   -0.3   -0.2   -0.1
    26.112   126.164   -0.3   -0.2   -0.1
    26.121   126.164   -0.3   -0.2   -0.1
    26.130   126.164   -0.3   -0.2   -0.0
    26.139   126.164   -0.3   -0.2   -0.0
    26.148   126.164   -0.3   -0.2   -0.0
    26.157   126.164   -0.3   -0.2   -0.0
    26.166   126.164   -0.2   -0.2   -0.0
    26.175   126.164   -0.2   -0.2   -0.0
    26.184   126.164   -0.2   -0.2   -0.0
    26.193   126.164   -0.2   -0.2   -0.0
    26.202   126.164   -0.2   -0.2   -0.0
    26.211   126.164   -0.2   -0.2   -0.0
    26.220   126.164   -0.2   -0.2   -0.0
    26.229   126.164   -0.2   -0.2   -0.0
    26.238   126.164   -0.2   -0.2   -0.0
    26.247   126.164   -0.2   -0.2   -0.0
    26.256   126.164   -0.2   -0.2   -0.0
    26.265   126.164   -0.2   -0.2   -0.0
    26.274   126.164   -0.2   -0.2   -0.0
    26.283   126.164   -0.2   -0.2   -0.0
    26.292   126.164   -0.2   -0.2   -0.0
    26.301   126.164   -0.2   -0.2   -0.0
    26.310   126.164   -0.2   -0.2   -0.0
    26.319   126.164   -0.2   -0.2   -0.0
    26.328   126.164   -0.2   -0.2   -0.0
    26.337   126.164   -0.2   -0.2    0.0
    26.346   126.164   -0.1   -0.2    0.0
    26.355   126.164   -0.1   -0.2    0.0
    26.364   126.164   -0.1   -0.2    0.0
    26.373   126.164   -0.1   -0.1    0.0
    26.382   126.164   -0.1   -0.1    0.0
    26.391   126.164   -0.1   -0.1    0.0
    26.400   126.164   -0.1   -0.1    0.0
    26.409   126.164   -0.1   -0.1    0.0
    26.418   126.164   -0.1   -0.1    0.0
    26.427   126.164   -0.1   -0.1    0.0
    26.436   126.164   -0.1   -0.1    0.0
    26.445   126.164   -0.1   -0.1    0.0
    26.454   126.164   -0.1   -0.1    0.0
    26.463   126.164   -0.1   -0.1    0.0
    26.472   126.164   -0.1   -0.1    0.0
    26.481   126.164   -0.1   -0.1    0.0
    26.490   126.164   -0.1   -0.1    0.0
    26.499   126.164   -0.1   -0.1    0.0
    26.508   126.164   -0.1   -0.1    0.0
    26.517   126.164   -0.1   -0.1    0.0
    26.526   126.164   -0.1   -0.1    0.0
    25.626   126.174    0.1   -0.1   -0.0
    25.635   126.174    0.1   -0.1   -0.0
    25.644   126.174    0.1   -0.1   -0.0
    25.653   126.174    0.1   -0.1   -0.0
    25.662   126.174    0.1   -0.1   -0.0
    25.671   126.174    0.1   -0.1   -0.0
    25.680   126.174    0.1   -0.1   -0.0
    25.689   126.174    0.1   -0.1   -0.0
    25.698   126.174    0.1   -0.1   -0.0
    25.707   126.174    0.1   -0.1   -0.0
    25.716   126.174    0.1   -0.1   -0.0
    25.725   126.174    0.1   -0.1   -0.0
    25.734   126.174    0.1   -0.1   -0.0
    25.743   126.174    0.1   -0.1   -0.0
    25.752   126.174    0.1   -0.1   -0.0
    25.761   126.174    0.1   -0.1   -0.0
    25.770   126.174    0.1   -0.1   -0.0
    25.779   126.174    0.1   -0.1   -0.0
    25.788   126.174    0.1   -0.1   -0.0
    25.797   126.174    0.1   -0.1   -0.0
    25.806   126.174    0.1   -0.1   -0.0
    25.815   126.174    0.1   -0.1   -0.0
    25.824   126.174    0.0   -0.1   -0.0
    25.833   126.174    0.0   -0.1   -0.0
    25.842   126.174    0.0   -0.1   -0.0
    25.851   126.174    0.0   -0.1   -0.0
    25.860   126.174   -0.0   -0.1   -0.0
    25.869   126.174   -0.0   -0.1   -0.0
    25.878   126.174   -0.0   -0.1   -0.0
    25.887   126.174   -0.0   -0.1   -0.0
    25.896   126.174   -0.1   -0.1   -0.1
    25.905   126.174   -0.1   -0.1   -0.1
    25.914   126.174   -0.1   -0.1   -0.1
    25.923   126.174   -0.1   -0.1   -0.1
    25.932   126.174   -0.1   -0.1   -0.1
    25.941   126.174   -0.1   -0.1   -0.1
    25.950   126.174   -0.1   -0.1   -0.1
    25.959   126.174   -0.2   -0.1   -0.1
    25.968   126.174   -0.2   -0.1   -0.1
    25.977   126.174   -0.2   -0.1   -0.1
    25.986   126.174   -0.2   -0.1   -0.1
    25.995   126.174   -0.2   -0.1   -0.1
    26.004   126.174   -0.2   -0.1   -0.1
    26.013   126.174   -0.2   -0.1   -0.1
    26.022   126.174   -0.2   -0.2   -0.1
    26.031   126.174   -0.2   -0.2   -0.1
    26.040   126.174   -0.2   -0.2   -0.1
    26.049   126.174   -0.2   -0.2   -0.1
    26.058   126.174   -0.2   -0.2   -0.1
    26.067   126.174   -0.2   -0.2   -0.1
    26.076   126.174   -0.2   -0.2   -0.1
    26.085   126.174   -0.2   -0.2   -0.1
    26.094   126.174   -0.2   -0.2   -0.1
    26.103   126.174   -0.3   -0.2   -0.1
    26.112   126.174   -0.3   -0.2   -0.0
    26.121   126.174   -0.2   -0.2   -0.0
    26.130   126.174   -0.2   -0.2   -0.0
    26.139   126.174   -0.2   -0.2   -0.0
    26.148   126.174   -0.2   -0.2   -0.0
    26.157   126.174   -0.2   -0.2   -0.0
    26.166   126.174   -0.2   -0.2   -0.0
    26.175   126.174   -0.2   -0.2   -0.0
    26.184   126.174   -0.2   -0.2   -0.0
    26.193   126.174   -0.2   -0.2   -0.0
    26.202   126.174   -0.2   -0.2   -0.0
    26.211   126.174   -0.2   -0.2   -0.0
    26.220   126.174   -0.2   -0.2   -0.0
    26.229   126.174   -0.2   -0.2   -0.0
    26.238   126.174   -0.2   -0.2   -0.0
    26.247   126.174   -0.2   -0.2   -0.0
    26.256   126.174   -0.2   -0.2   -0.0
    26.265   126.174   -0.2   -0.2   -0.0
    26.274   126.174   -0.2   -0.2   -0.0
    26.283   126.174   -0.2   -0.2   -0.0
    26.292   126.174   -0.2   -0.2   -0.0
    26.301   126.174   -0.2   -0.2   -0.0
    26.310   126.174   -0.2   -0.2   -0.0
    26.319   126.174   -0.2   -0.2   -0.0
    26.328   126.174   -0.2   -0.2    0.0
    26.337   126.174   -0.2   -0.2    0.0
    26.346   126.174   -0.1   -0.2    0.0
    26.355   126.174   -0.1   -0.2    0.0
    26.364   126.174   -0.1   -0.1    0.0
    26.373   126.174   -0.1   -0.1    0.0
    26.382   126.174   -0.1   -0.1    0.0
    26.391   126.174   -0.1   -0.1    0.0
    26.400   126.174   -0.1   -0.1    0.0
    26.409   126.174   -0.1   -0.1    0.0
    26.418   126.174   -0.1   -0.1    0.0
    26.427   126.174   -0.1   -0.1    0.0
    26.436   126.174   -0.1   -0.1    0.0
    26.445   126.174   -0.1   -0.1    0.0
    26.454   126.174   -0.1   -0.1    0.0
    26.463   126.174   -0.1   -0.1    0.0
    26.472   126.174   -0.1   -0.1    0.0
    26.481   126.174   -0.1   -0.1    0.0
    26.490   126.174   -0.1   -0.1    0.0
    26.499   126.174   -0.1   -0.1    0.0
    26.508   126.174   -0.1   -0.1    0.0
    26.517   126.174   -0.1   -0.1    0.0
    26.526   126.174   -0.1   -0.1    0.0
    25.626   126.184    0.1   -0.1   -0.0
    25.635   126.184    0.1   -0.1   -0.0
    25.644   126.184    0.1   -0.1   -0.0
    25.653   126.184    0.1   -0.1   -0.0
    25.662   126.184    0.1   -0.1   -0.0
    25.671   126.184    0.1   -0.1   -0.0
    25.680   126.184    0.1   -0.1   -0.0
    25.689   126.184    0.1   -0.1   -0.0
    25.698   126.184    0.1   -0.1   -0.0
    25.707   126.184    0.1   -0.1   -0.0
    25.716   126.184    0.1   -0.1   -0.0
    25.725   126.184    0.1   -0.1   -0.0
    25.734   126.184    0.1   -0.1   -0.0
    25.743   126.184    0.1   -0.1   -0.0
    25.752   126.184    0.1   -0.1   -0.0
    25.761   126.184    0.1   -0.1   -0.0
    25.770   126.184    0.1   -0.1   -0.0
    25.779   126.184    0.1   -0.1   -0.0
    25.788   126.184    0.1   -0.1   -0.0
    25.797   126.184    0.1   -0.1   -0.0
    25.806   126.184    0.1   -0.1   -0.0
    25.815   126.184    0.1   -0.1   -0.0
    25.824   126.184    0.0   -0.1   -0.0
    25.833   126.184    0.0   -0.1   -0.0
    25.842   126.184    0.0   -0.1   -0.0
    25.851   126.184    0.0   -0.1   -0.0
    25.860   126.184   -0.0   -0.1   -0.0
    25.869   126.184   -0.0   -0.1   -0.0
    25.878   126.184   -0.0   -0.1   -0.0
    25.887   126.184   -0.0   -0.1   -0.0
    25.896   126.184   -0.1   -0.1   -0.0
    25.905   126.184   -0.1   -0.1   -0.0
    25.914   126.184   -0.1   -0.1   -0.1
    25.923   126.184   -0.1   -0.1   -0.1
    25.932   126.184   -0.1   -0.1   -0.1
    25.941   126.184   -0.1   -0.1   -0.1
    25.950   126.184   -0.1   -0.1   -0.1
    25.959   126.184   -0.1   -0.1   -0.1
    25.968   126.184   -0.2   -0.1   -0.1
    25.977   126.184   -0.2   -0.1   -0.1
    25.986   126.184   -0.2   -0.1   -0.1
    25.995   126.184   -0.2   -0.1   -0.1
    26.004   126.184   -0.2   -0.1   -0.1
    26.013   126.184   -0.2   -0.1   -0.1
    26.022   126.184   -0.2   -0.1   -0.1
    26.031   126.184   -0.2   -0.1   -0.1
    26.040   126.184   -0.2   -0.2   -0.1
    26.049   126.184   -0.2   -0.2   -0.1
    26.058   126.184   -0.2   -0.2   -0.1
    26.067   126.184   -0.2   -0.2   -0.1
    26.076   126.184   -0.2   -0.2   -0.1
    26.085   126.184   -0.2   -0.2   -0.1
    26.094   126.184   -0.2   -0.2   -0.0
    26.103   126.184   -0.2   -0.2   -0.0
    26.112   126.184   -0.2   -0.2   -0.0
    26.121   126.184   -0.2   -0.2   -0.0
    26.130   126.184   -0.2   -0.2   -0.0
    26.139   126.184   -0.2   -0.2   -0.0
    26.148   126.184   -0.2   -0.2   -0.0
    26.157   126.184   -0.2   -0.2   -0.0
    26.166   126.184   -0.2   -0.2   -0.0
    26.175   126.184   -0.2   -0.2   -0.0
    26.184   126.184   -0.2   -0.2   -0.0
    26.193   126.184   -0.2   -0.2   -0.0
    26.202   126.184   -0.2   -0.2   -0.0
    26.211   126.184   -0.2   -0.2   -0.0
    26.220   126.184   -0.2   -0.2   -0.0
    26.229   126.184   -0.2   -0.2   -0.0
    26.238   126.184   -0.2   -0.2   -0.0
    26.247   126.184   -0.2   -0.2   -0.0
    26.256   126.184   -0.2   -0.2   -0.0
    26.265   126.184   -0.2   -0.2   -0.0
    26.274   126.184   -0.2   -0.2   -0.0
    26.283   126.184   -0.2   -0.2   -0.0
    26.292   126.184   -0.2   -0.2   -0.0
    26.301   126.184   -0.2   -0.2   -0.0
    26.310   126.184   -0.2   -0.2   -0.0
    26.319   126.184   -0.2   -0.2   -0.0
    26.328   126.184   -0.2   -0.2    0.0
    26.337   126.184   -0.2   -0.2    0.0
    26.346   126.184   -0.1   -0.2    0.0
    26.355   126.184   -0.1   -0.1    0.0
    26.364   126.184   -0.1   -0.1    0.0
    26.373   126.184   -0.1   -0.1    0.0
    26.382   126.184   -0.1   -0.1    0.0
    26.391   126.184   -0.1   -0.1    0.0
    26.400   126.184   -0.1   -0.1    0.0
    26.409   126.184   -0.1   -0.1    0.0
    26.418   126.184   -0.1   -0.1    0.0
    26.427   126.184   -0.1   -0.1    0.0
    26.436   126.184   -0.1   -0.1    0.0
    26.445   126.184   -0.1   -0.1    0.0
    26.454   126.184   -0.1   -0.1    0.0
    26.463   126.184   -0.1   -0.1    0.0
    26.472   126.184   -0.1   -0.1    0.0
    26.481   126.184   -0.1   -0.1    0.0
    26.490   126.184   -0.1   -0.1    0.0
    26.499   126.184   -0.1   -0.1    0.0
    26.508   126.184   -0.1   -0.1    0.0
    26.517   126.184   -0.1   -0.1    0.0
    26.526   126.184   -0.1   -0.1    0.0
    25.626   126.194    0.1   -0.1   -0.0
    25.635   126.194    0.1   -0.1   -0.0
    25.644   126.194    0.1   -0.1   -0.0
    25.653   126.194    0.1   -0.1   -0.0
    25.662   126.194    0.1   -0.1   -0.0
    25.671   126.194    0.1   -0.1   -0.0
    25.680   126.194    0.1   -0.1   -0.0
    25.689   126.194    0.1   -0.1   -0.0
    25.698   126.194    0.1   -0.1   -0.0
    25.707   126.194    0.1   -0.1   -0.0
    25.716   126.194    0.1   -0.1   -0.0
    25.725   126.194    0.1   -0.1   -0.0
    25.734   126.194    0.1   -0.1   -0.0
    25.743   126.194    0.1   -0.1   -0.0
    25.752   126.194    0.1   -0.1   -0.0
    25.761   126.194    0.1   -0.1   -0.0
    25.770   126.194    0.1   -0.1   -0.0
    25.779   126.194    0.1   -0.1   -0.0
    25.788   126.194    0.1   -0.1   -0.0
    25.797   126.194    0.1   -0.1   -0.0
    25.806   126.194    0.1   -0.1   -0.0
    25.815   126.194    0.1   -0.1   -0.0
    25.824   126.194    0.0   -0.1   -0.0
    25.833   126.194    0.0   -0.1   -0.0
    25.842   126.194    0.0   -0.1   -0.0
    25.851   126.194    0.0   -0.1   -0.0
    25.860   126.194   -0.0   -0.1   -0.0
    25.869   126.194   -0.0   -0.1   -0.0
    25.878   126.194   -0.0   -0.1   -0.0
    25.887   126.194   -0.0   -0.1   -0.0
    25.896   126.194   -0.1   -0.1   -0.0
    25.905   126.194   -0.1   -0.1   -0.0
    25.914   126.194   -0.1   -0.1   -0.0
    25.923   126.194   -0.1   -0.1   -0.0
    25.932   126.194   -0.1   -0.1   -0.1
    25.941   126.194   -0.1   -0.1   -0.1
    25.950   126.194   -0.1   -0.1   -0.1
    25.959   126.194   -0.1   -0.1   -0.1
    25.968   126.194   -0.1   -0.1   -0.1
    25.977   126.194   -0.2   -0.1   -0.1
    25.986   126.194   -0.2   -0.1   -0.1
    25.995   126.194   -0.2   -0.1   -0.1
    26.004   126.194   -0.2   -0.1   -0.1
    26.013   126.194   -0.2   -0.1   -0.1
    26.022   126.194   -0.2   -0.1   -0.1
    26.031   126.194   -0.2   -0.1   -0.1
    26.040   126.194   -0.2   -0.1   -0.1
    26.049   126.194   -0.2   -0.1   -0.1
    26.058   126.194   -0.2   -0.2   -0.1
    26.067   126.194   -0.2   -0.2   -0.1
    26.076   126.194   -0.2   -0.2   -0.0
    26.085   126.194   -0.2   -0.2   -0.0
    26.094   126.194   -0.2   -0.2   -0.0
    26.103   126.194   -0.2   -0.2   -0.0
    26.112   126.194   -0.2   -0.2   -0.0
    26.121   126.194   -0.2   -0.2   -0.0
    26.130   126.194   -0.2   -0.2   -0.0
    26.139   126.194   -0.2   -0.2   -0.0
    26.148   126.194   -0.2   -0.2   -0.0
    26.157   126.194   -0.2   -0.2   -0.0
    26.166   126.194   -0.2   -0.2   -0.0
    26.175   126.194   -0.2   -0.2   -0.0
    26.184   126.194   -0.2   -0.2   -0.0
    26.193   126.194   -0.2   -0.2   -0.0
    26.202   126.194   -0.2   -0.2   -0.0
    26.211   126.194   -0.2   -0.2   -0.0
    26.220   126.194   -0.2   -0.2   -0.0
    26.229   126.194   -0.2   -0.2   -0.0
    26.238   126.194   -0.2   -0.2   -0.0
    26.247   126.194   -0.2   -0.2   -0.0
    26.256   126.194   -0.2   -0.2   -0.0
    26.265   126.194   -0.2   -0.2   -0.0
    26.274   126.194   -0.2   -0.2   -0.0
    26.283   126.194   -0.2   -0.2   -0.0
    26.292   126.194   -0.2   -0.2   -0.0
    26.301   126.194   -0.2   -0.2   -0.0
    26.310   126.194   -0.2   -0.2   -0.0
    26.319   126.194   -0.2   -0.2    0.0
    26.328   126.194   -0.2   -0.2    0.0
    26.337   126.194   -0.1   -0.1    0.0
    26.346   126.194   -0.1   -0.1    0.0
    26.355   126.194   -0.1   -0.1    0.0
    26.364   126.194   -0.1   -0.1    0.0
    26.373   126.194   -0.1   -0.1    0.0
    26.382   126.194   -0.1   -0.1    0.0
    26.391   126.194   -0.1   -0.1    0.0
    26.400   126.194   -0.1   -0.1    0.0
    26.409   126.194   -0.1   -0.1    0.0
    26.418   126.194   -0.1   -0.1    0.0
    26.427   126.194   -0.1   -0.1    0.0
    26.436   126.194   -0.1   -0.1    0.0
    26.445   126.194   -0.1   -0.1    0.0
    26.454   126.194   -0.1   -0.1    0.0
    26.463   126.194   -0.1   -0.1    0.0
    26.472   126.194   -0.1   -0.1    0.0
    26.481   126.194   -0.1   -0.1    0.0
    26.490   126.194   -0.1   -0.1    0.0
    26.499   126.194   -0.1   -0.1    0.0
    26.508   126.194   -0.1   -0.1    0.0
    26.517   126.194   -0.1   -0.1    0.0
    26.526   126.194   -0.1   -0.1    0.0
    25.626   126.204    0.1   -0.1   -0.0
    25.635   126.204    0.1   -0.1   -0.0
    25.644   126.204    0.1   -0.1   -0.0
    25.653   126.204    0.1   -0.1   -0.0
    25.662   126.204    0.1   -0.1   -0.0
    25.671   126.204    0.1   -0.1   -0.0
    25.680   126.204    0.1   -0.1   -0.0
    25.689   126.204    0.1   -0.1   -0.0
    25.698   126.204    0.1   -0.1   -0.0
    25.707   126.204    0.1   -0.1   -0.0
    25.716   126.204    0.1   -0.1   -0.0
    25.725   126.204    0.1   -0.1   -0.0
    25.734   126.204    0.1   -0.1   -0.0
    25.743   126.204    0.1   -0.1   -0.0
    25.752   126.204    0.1   -0.1   -0.0
    25.761   126.204    0.1   -0.1   -0.0
    25.770   126.204    0.1   -0.1   -0.0
    25.779   126.204    0.1   -0.1   -0.0
    25.788   126.204    0.1   -0.1   -0.0
    25.797   126.204    0.1   -0.1   -0.0
    25.806   126.204    0.1   -0.1   -0.0
    25.815   126.204    0.0   -0.1   -0.0
    25.824   126.204    0.0   -0.1   -0.0
    25.833   126.204    0.0   -0.1   -0.0
    25.842   126.204    0.0   -0.1   -0.0
    25.851   126.204    0.0   -0.1   -0.0
    25.860   126.204   -0.0   -0.1   -0.0
    25.869   126.204   -0.0   -0.1   -0.0
    25.878   126.204   -0.0   -0.1   -0.0
    25.887   126.204   -0.0   -0.1   -0.0
    25.896   126.204   -0.1   -0.1   -0.0
    25.905   126.204   -0.1   -0.1   -0.0
    25.914   126.204   -0.1   -0.1   -0.0
    25.923   126.204   -0.1   -0.1   -0.0
    25.932   126.204   -0.1   -0.1   -0.0
    25.941   126.204   -0.1   -0.1   -0.0
    25.950   126.204   -0.1   -0.1   -0.0
    25.959   126.204   -0.1   -0.1   -0.1
    25.968   126.204   -0.1   -0.1   -0.1
    25.977   126.204   -0.2   -0.1   -0.1
    25.986   126.204   -0.2   -0.1   -0.1
    25.995   126.204   -0.2   -0.1   -0.1
    26.004   126.204   -0.2   -0.1   -0.1
    26.013   126.204   -0.2   -0.1   -0.1
    26.022   126.204   -0.2   -0.1   -0.1
    26.031   126.204   -0.2   -0.1   -0.1
    26.040   126.204   -0.2   -0.1   -0.0
    26.049   126.204   -0.2   -0.1   -0.0
    26.058   126.204   -0.2   -0.1   -0.0
    26.067   126.204   -0.2   -0.1   -0.0
    26.076   126.204   -0.2   -0.2   -0.0
    26.085   126.204   -0.2   -0.2   -0.0
    26.094   126.204   -0.2   -0.2   -0.0
    26.103   126.204   -0.2   -0.2   -0.0
    26.112   126.204   -0.2   -0.2   -0.0
    26.121   126.204   -0.2   -0.2   -0.0
    26.130   126.204   -0.2   -0.2   -0.0
    26.139   126.204   -0.2   -0.2   -0.0
    26.148   126.204   -0.2   -0.2   -0.0
    26.157   126.204   -0.2   -0.2   -0.0
    26.166   126.204   -0.2   -0.2   -0.0
    26.175   126.204   -0.2   -0.2   -0.0
    26.184   126.204   -0.2   -0.2   -0.0
    26.193   126.204   -0.2   -0.2   -0.0
    26.202   126.204   -0.2   -0.2   -0.0
    26.211   126.204   -0.2   -0.2   -0.0
    26.220   126.204   -0.2   -0.2   -0.0
    26.229   126.204   -0.2   -0.2   -0.0
    26.238   126.204   -0.2   -0.2   -0.0
    26.247   126.204   -0.2   -0.2   -0.0
    26.256   126.204   -0.2   -0.2   -0.0
    26.265   126.204   -0.2   -0.2   -0.0
    26.274   126.204   -0.2   -0.2   -0.0
    26.283   126.204   -0.2   -0.2   -0.0
    26.292   126.204   -0.2   -0.2   -0.0
    26.301   126.204   -0.2   -0.2   -0.0
    26.310   126.204   -0.2   -0.2    0.0
    26.319   126.204   -0.2   -0.2    0.0
    26.328   126.204   -0.1   -0.1    0.0
    26.337   126.204   -0.1   -0.1    0.0
    26.346   126.204   -0.1   -0.1    0.0
    26.355   126.204   -0.1   -0.1    0.0
    26.364   126.204   -0.1   -0.1    0.0
    26.373   126.204   -0.1   -0.1    0.0
    26.382   126.204   -0.1   -0.1    0.0
    26.391   126.204   -0.1   -0.1    0.0
    26.400   126.204   -0.1   -0.1    0.0
    26.409   126.204   -0.1   -0.1    0.0
    26.418   126.204   -0.1   -0.1    0.0
    26.427   126.204   -0.1   -0.1    0.0
    26.436   126.204   -0.1   -0.1    0.0
    26.445   126.204   -0.1   -0.1    0.0
    26.454   126.204   -0.1   -0.1    0.0
    26.463   126.204   -0.1   -0.1    0.0
    26.472   126.204   -0.1   -0.1    0.0
    26.481   126.204   -0.1   -0.1    0.0
    26.490   126.204   -0.1   -0.1    0.0
    26.499   126.204   -0.1   -0.1    0.0
    26.508   126.204   -0.1   -0.1    0.0
    26.517   126.204   -0.1   -0.1    0.0
    26.526   126.204   -0.1   -0.1    0.0
    25.626   126.214    0.1   -0.1   -0.0
    25.635   126.214    0.1   -0.1   -0.0
    25.644   126.214    0.1   -0.1   -0.0
    25.653   126.214    0.1   -0.1   -0.0
    25.662   126.214    0.1   -0.1   -0.0
    25.671   126.214    0.1   -0.1   -0.0
    25.680   126.214    0.1   -0.1   -0.0
    25.689   126.214    0.1   -0.1   -0.0
    25.698   126.214    0.1   -0.1   -0.0
    25.707   126.214    0.1   -0.1   -0.0
    25.716   126.214    0.1   -0.1   -0.0
    25.725   126.214    0.1   -0.1   -0.0
    25.734   126.214    0.1   -0.1   -0.0
    25.743   126.214    0.1   -0.1   -0.0
    25.752   126.214    0.1   -0.1   -0.0
    25.761   126.214    0.1   -0.1   -0.0
    25.770   126.214    0.1   -0.1   -0.0
    25.779   126.214    0.1   -0.1   -0.0
    25.788   126.214    0.1   -0.1   -0.0
    25.797   126.214    0.1   -0.1   -0.0
    25.806   126.214    0.1   -0.1   -0.0
    25.815   126.214    0.0   -0.1   -0.0
    25.824   126.214    0.0   -0.1   -0.0
    25.833   126.214    0.0   -0.1   -0.0
    25.842   126.214    0.0   -0.1   -0.0
    25.851   126.214    0.0   -0.1   -0.0
    25.860   126.214   -0.0   -0.1   -0.0
    25.869   126.214   -0.0   -0.1   -0.0
    25.878   126.214   -0.0   -0.1   -0.0
    25.887   126.214   -0.0   -0.1   -0.0
    25.896   126.214   -0.0   -0.1   -0.0
    25.905   126.214   -0.1   -0.1   -0.0
    25.914   126.214   -0.1   -0.1   -0.0
    25.923   126.214   -0.1   -0.1   -0.0
    25.932   126.214   -0.1   -0.1   -0.0
    25.941   126.214   -0.1   -0.1   -0.0
    25.950   126.214   -0.1   -0.1   -0.0
    25.959   126.214   -0.1   -0.1   -0.0
    25.968   126.214   -0.1   -0.1   -0.0
    25.977   126.214   -0.1   -0.1   -0.0
    25.986   126.214   -0.2   -0.1   -0.0
    25.995   126.214   -0.2   -0.1   -0.0
    26.004   126.214   -0.2   -0.1   -0.0
    26.013   126.214   -0.2   -0.1   -0.0
    26.022   126.214   -0.2   -0.1   -0.0
    26.031   126.214   -0.2   -0.1   -0.0
    26.040   126.214   -0.2   -0.1   -0.0
    26.049   126.214   -0.2   -0.1   -0.0
    26.058   126.214   -0.2   -0.1   -0.0
    26.067   126.214   -0.2   -0.1   -0.0
    26.076   126.214   -0.2   -0.1   -0.0
    26.085   126.214   -0.2   -0.1   -0.0
    26.094   126.214   -0.2   -0.1   -0.0
    26.103   126.214   -0.2   -0.2   -0.0
    26.112   126.214   -0.2   -0.2   -0.0
    26.121   126.214   -0.2   -0.2   -0.0
    26.130   126.214   -0.2   -0.2   -0.0
    26.139   126.214   -0.2   -0.2   -0.0
    26.148   126.214   -0.2   -0.2   -0.0
    26.157   126.214   -0.2   -0.2   -0.0
    26.166   126.214   -0.2   -0.2   -0.0
    26.175   126.214   -0.2   -0.2   -0.0
    26.184   126.214   -0.2   -0.2   -0.0
    26.193   126.214   -0.2   -0.2   -0.0
    26.202   126.214   -0.2   -0.2   -0.0
    26.211   126.214   -0.2   -0.2   -0.0
    26.220   126.214   -0.2   -0.2   -0.0
    26.229   126.214   -0.2   -0.2   -0.0
    26.238   126.214   -0.2   -0.2   -0.0
    26.247   126.214   -0.2   -0.2   -0.0
    26.256   126.214   -0.2   -0.2   -0.0
    26.265   126.214   -0.2   -0.2   -0.0
    26.274   126.214   -0.2   -0.2   -0.0
    26.283   126.214   -0.2   -0.2   -0.0
    26.292   126.214   -0.2   -0.2   -0.0
    26.301   126.214   -0.2   -0.2   -0.0
    26.310   126.214   -0.2   -0.1    0.0
    26.319   126.214   -0.2   -0.1    0.0
    26.328   126.214   -0.1   -0.1    0.0
    26.337   126.214   -0.1   -0.1    0.0
    26.346   126.214   -0.1   -0.1    0.0
    26.355   126.214   -0.1   -0.1    0.0
    26.364   126.214   -0.1   -0.1    0.0
    26.373   126.214   -0.1   -0.1    0.0
    26.382   126.214   -0.1   -0.1    0.0
    26.391   126.214   -0.1   -0.1    0.0
    26.400   126.214   -0.1   -0.1    0.0
    26.409   126.214   -0.1   -0.1    0.0
    26.418   126.214   -0.1   -0.1    0.0
    26.427   126.214   -0.1   -0.1    0.0
    26.436   126.214   -0.1   -0.1    0.0
    26.445   126.214   -0.1   -0.1    0.0
    26.454   126.214   -0.1   -0.1    0.0
    26.463   126.214   -0.1   -0.1    0.0
    26.472   126.214   -0.1   -0.1    0.0
    26.481   126.214   -0.1   -0.1    0.0
    26.490   126.214   -0.1   -0.1    0.0
    26.499   126.214   -0.1   -0.1    0.0
    26.508   126.214   -0.1   -0.1    0.0
    26.517   126.214   -0.1   -0.1    0.0
    26.526   126.214   -0.1   -0.1    0.0
    25.626   126.224    0.1   -0.1   -0.0
    25.635   126.224    0.1   -0.1   -0.0
    25.644   126.224    0.1   -0.1   -0.0
    25.653   126.224    0.1   -0.1   -0.0
    25.662   126.224    0.1   -0.1   -0.0
    25.671   126.224    0.1   -0.1   -0.0
    25.680   126.224    0.1   -0.1   -0.0
    25.689   126.224    0.1   -0.1   -0.0
    25.698   126.224    0.1   -0.1   -0.0
    25.707   126.224    0.1   -0.1   -0.0
    25.716   126.224    0.1   -0.1   -0.0
    25.725   126.224    0.1   -0.1   -0.0
    25.734   126.224    0.1   -0.1   -0.0
    25.743   126.224    0.1   -0.1   -0.0
    25.752   126.224    0.1   -0.1   -0.0
    25.761   126.224    0.1   -0.1   -0.0
    25.770   126.224    0.1   -0.1   -0.0
    25.779   126.224    0.1   -0.1   -0.0
    25.788   126.224    0.1   -0.1   -0.0
    25.797   126.224    0.1   -0.1   -0.0
    25.806   126.224    0.1   -0.1   -0.0
    25.815   126.224    0.0   -0.1   -0.0
    25.824   126.224    0.0   -0.1   -0.0
    25.833   126.224    0.0   -0.1   -0.0
    25.842   126.224    0.0   -0.1   -0.0
    25.851   126.224    0.0   -0.1   -0.0
    25.860   126.224   -0.0   -0.1   -0.0
    25.869   126.224   -0.0   -0.1   -0.0
    25.878   126.224   -0.0   -0.1   -0.0
    25.887   126.224   -0.0   -0.1   -0.0
    25.896   126.224   -0.0   -0.1   -0.0
    25.905   126.224   -0.1   -0.1   -0.0
    25.914   126.224   -0.1   -0.1   -0.0
    25.923   126.224   -0.1   -0.1   -0.0
    25.932   126.224   -0.1   -0.1   -0.0
    25.941   126.224   -0.1   -0.1   -0.0
    25.950   126.224   -0.1   -0.1   -0.0
    25.959   126.224   -0.1   -0.1   -0.0
    25.968   126.224   -0.1   -0.1   -0.0
    25.977   126.224   -0.1   -0.1   -0.0
    25.986   126.224   -0.1   -0.1   -0.0
    25.995   126.224   -0.2   -0.1   -0.0
    26.004   126.224   -0.2   -0.1   -0.0
    26.013   126.224   -0.2   -0.1   -0.0
    26.022   126.224   -0.2   -0.1   -0.0
    26.031   126.224   -0.2   -0.1   -0.0
    26.040   126.224   -0.2   -0.1   -0.0
    26.049   126.224   -0.2   -0.1   -0.0
    26.058   126.224   -0.2   -0.1   -0.0
    26.067   126.224   -0.2   -0.1   -0.0
    26.076   126.224   -0.2   -0.1   -0.0
    26.085   126.224   -0.2   -0.1   -0.0
    26.094   126.224   -0.2   -0.1   -0.0
    26.103   126.224   -0.2   -0.1   -0.0
    26.112   126.224   -0.2   -0.1   -0.0
    26.121   126.224   -0.2   -0.1   -0.0
    26.130   126.224   -0.2   -0.2   -0.0
    26.139   126.224   -0.2   -0.2   -0.0
    26.148   126.224   -0.2   -0.2   -0.0
    26.157   126.224   -0.2   -0.2   -0.0
    26.166   126.224   -0.2   -0.2   -0.0
    26.175   126.224   -0.2   -0.2   -0.0
    26.184   126.224   -0.2   -0.2   -0.0
    26.193   126.224   -0.2   -0.2   -0.0
    26.202   126.224   -0.2   -0.2   -0.0
    26.211   126.224   -0.2   -0.2   -0.0
    26.220   126.224   -0.2   -0.2   -0.0
    26.229   126.224   -0.2   -0.2   -0.0
    26.238   126.224   -0.2   -0.2   -0.0
    26.247   126.224   -0.2   -0.2   -0.0
    26.256   126.224   -0.2   -0.2   -0.0
    26.265   126.224   -0.2   -0.2   -0.0
    26.274   126.224   -0.2   -0.2   -0.0
    26.283   126.224   -0.2   -0.1   -0.0
    26.292   126.224   -0.2   -0.1   -0.0
    26.301   126.224   -0.2   -0.1    0.0
    26.310   126.224   -0.2   -0.1    0.0
    26.319   126.224   -0.1   -0.1    0.0
    26.328   126.224   -0.1   -0.1    0.0
    26.337   126.224   -0.1   -0.1    0.0
    26.346   126.224   -0.1   -0.1    0.0
    26.355   126.224   -0.1   -0.1    0.0
    26.364   126.224   -0.1   -0.1    0.0
    26.373   126.224   -0.1   -0.1    0.0
    26.382   126.224   -0.1   -0.1    0.0
    26.391   126.224   -0.1   -0.1    0.0
    26.400   126.224   -0.1   -0.1    0.0
    26.409   126.224   -0.1   -0.1    0.0
    26.418   126.224   -0.1   -0.1    0.0
    26.427   126.224   -0.1   -0.1    0.0
    26.436   126.224   -0.1   -0.1    0.0
    26.445   126.224   -0.1   -0.1    0.0
    26.454   126.224   -0.1   -0.1    0.0
    26.463   126.224   -0.1   -0.1    0.0
    26.472   126.224   -0.1   -0.1    0.0
    26.481   126.224   -0.1   -0.1    0.0
    26.490   126.224   -0.1   -0.1    0.0
    26.499   126.224   -0.1   -0.1    0.0
    26.508   126.224   -0.1   -0.1    0.0
    26.517   126.224   -0.1   -0.1    0.0
    26.526   126.224   -0.1   -0.1    0.0
    25.626   126.234    0.1   -0.1   -0.0
    25.635   126.234    0.1   -0.1   -0.0
    25.644   126.234    0.1   -0.1   -0.0
    25.653   126.234    0.1   -0.1   -0.0
    25.662   126.234    0.1   -0.1   -0.0
    25.671   126.234    0.1   -0.1   -0.0
    25.680   126.234    0.1   -0.1   -0.0
    25.689   126.234    0.1   -0.1   -0.0
    25.698   126.234    0.1   -0.1   -0.0
    25.707   126.234    0.1   -0.1   -0.0
    25.716   126.234    0.1   -0.1   -0.0
    25.725   126.234    0.1   -0.1   -0.0
    25.734   126.234    0.1   -0.1   -0.0
    25.743   126.234    0.1   -0.1   -0.0
    25.752   126.234    0.1   -0.1   -0.0
    25.761   126.234    0.1   -0.1   -0.0
    25.770   126.234    0.1   -0.1   -0.0
    25.779   126.234    0.1   -0.1   -0.0
    25.788   126.234    0.1   -0.1   -0.0
    25.797   126.234    0.1   -0.1   -0.0
    25.806   126.234    0.1   -0.1   -0.0
    25.815   126.234    0.0   -0.1   -0.0
    25.824   126.234    0.0   -0.1   -0.0
    25.833   126.234    0.0   -0.1   -0.0
    25.842   126.234    0.0   -0.1   -0.0
    25.851   126.234    0.0   -0.1   -0.0
    25.860   126.234   -0.0   -0.1   -0.0
    25.869   126.234   -0.0   -0.1   -0.0
    25.878   126.234   -0.0   -0.1   -0.0
    25.887   126.234   -0.0   -0.1   -0.0
    25.896   126.234   -0.0   -0.1   -0.0
    25.905   126.234   -0.1   -0.1   -0.0
    25.914   126.234   -0.1   -0.1   -0.0
    25.923   126.234   -0.1   -0.1   -0.0
    25.932   126.234   -0.1   -0.1   -0.0
    25.941   126.234   -0.1   -0.1   -0.0
    25.950   126.234   -0.1   -0.1   -0.0
    25.959   126.234   -0.1   -0.1   -0.0
    25.968   126.234   -0.1   -0.1   -0.0
    25.977   126.234   -0.1   -0.1   -0.0
    25.986   126.234   -0.1   -0.1   -0.0
    25.995   126.234   -0.1   -0.1   -0.0
    26.004   126.234   -0.2   -0.1   -0.0
    26.013   126.234   -0.2   -0.1   -0.0
    26.022   126.234   -0.2   -0.1   -0.0
    26.031   126.234   -0.2   -0.1   -0.0
    26.040   126.234   -0.2   -0.1   -0.0
    26.049   126.234   -0.2   -0.1   -0.0
    26.058   126.234   -0.2   -0.1   -0.0
    26.067   126.234   -0.2   -0.1   -0.0
    26.076   126.234   -0.2   -0.1   -0.0
    26.085   126.234   -0.2   -0.1   -0.0
    26.094   126.234   -0.2   -0.1   -0.0
    26.103   126.234   -0.2   -0.1   -0.0
    26.112   126.234   -0.2   -0.1   -0.0
    26.121   126.234   -0.2   -0.1   -0.0
    26.130   126.234   -0.2   -0.1   -0.0
    26.139   126.234   -0.2   -0.1   -0.0
    26.148   126.234   -0.2   -0.1   -0.0
    26.157   126.234   -0.2   -0.1   -0.0
    26.166   126.234   -0.2   -0.1   -0.0
    26.175   126.234   -0.2   -0.2   -0.0
    26.184   126.234   -0.2   -0.2   -0.0
    26.193   126.234   -0.2   -0.2   -0.0
    26.202   126.234   -0.2   -0.2   -0.0
    26.211   126.234   -0.2   -0.2   -0.0
    26.220   126.234   -0.2   -0.2   -0.0
    26.229   126.234   -0.2   -0.2   -0.0
    26.238   126.234   -0.2   -0.1   -0.0
    26.247   126.234   -0.2   -0.1   -0.0
    26.256   126.234   -0.2   -0.1   -0.0
    26.265   126.234   -0.2   -0.1   -0.0
    26.274   126.234   -0.2   -0.1   -0.0
    26.283   126.234   -0.2   -0.1   -0.0
    26.292   126.234   -0.2   -0.1   -0.0
    26.301   126.234   -0.2   -0.1    0.0
    26.310   126.234   -0.1   -0.1    0.0
    26.319   126.234   -0.1   -0.1    0.0
    26.328   126.234   -0.1   -0.1    0.0
    26.337   126.234   -0.1   -0.1    0.0
    26.346   126.234   -0.1   -0.1    0.0
    26.355   126.234   -0.1   -0.1    0.0
    26.364   126.234   -0.1   -0.1    0.0
    26.373   126.234   -0.1   -0.1    0.0
    26.382   126.234   -0.1   -0.1    0.0
    26.391   126.234   -0.1   -0.1    0.0
    26.400   126.234   -0.1   -0.1    0.0
    26.409   126.234   -0.1   -0.1    0.0
    26.418   126.234   -0.1   -0.1    0.0
    26.427   126.234   -0.1   -0.1    0.0
    26.436   126.234   -0.1   -0.1    0.0
    26.445   126.234   -0.1   -0.1    0.0
    26.454   126.234   -0.1   -0.1    0.0
    26.463   126.234   -0.1   -0.1    0.0
    26.472   126.234   -0.1   -0.1    0.0
    26.481   126.234   -0.1   -0.1    0.0
    26.490   126.234   -0.1   -0.1    0.0
    26.499   126.234   -0.1   -0.1    0.0
    26.508   126.234   -0.1   -0.1    0.0
    26.517   126.234   -0.1   -0.1    0.0
    26.526   126.234   -0.1   -0.1    0.0
    25.626   126.244    0.1   -0.1   -0.0
    25.635   126.244    0.1   -0.1   -0.0
    25.644   126.244    0.1   -0.1   -0.0
    25.653   126.244    0.1   -0.1   -0.0
    25.662   126.244    0.1   -0.1   -0.0
    25.671   126.244    0.1   -0.1   -0.0
    25.680   126.244    0.1   -0.1   -0.0
    25.689   126.244    0.1   -0.1   -0.0
    25.698   126.244    0.1   -0.1   -0.0
    25.707   126.244    0.1   -0.1   -0.0
    25.716   126.244    0.1   -0.1   -0.0
    25.725   126.244    0.1   -0.1   -0.0
    25.734   126.244    0.1   -0.1   -0.0
    25.743   126.244    0.1   -0.1   -0.0
    25.752   126.244    0.1   -0.1   -0.0
    25.761   126.244    0.1   -0.1   -0.0
    25.770   126.244    0.1   -0.1   -0.0
    25.779   126.244    0.1   -0.1   -0.0
    25.788   126.244    0.1   -0.1   -0.0
    25.797   126.244    0.1   -0.1   -0.0
    25.806   126.244    0.0   -0.1   -0.0
    25.815   126.244    0.0   -0.1   -0.0
    25.824   126.244    0.0   -0.1   -0.0
    25.833   126.244    0.0   -0.1   -0.0
    25.842   126.244    0.0   -0.1   -0.0
    25.851   126.244    0.0   -0.1   -0.0
    25.860   126.244   -0.0   -0.1   -0.0
    25.869   126.244   -0.0   -0.1   -0.0
    25.878   126.244   -0.0   -0.1   -0.0
    25.887   126.244   -0.0   -0.1   -0.0
    25.896   126.244   -0.0   -0.1   -0.0
    25.905   126.244   -0.1   -0.1   -0.0
    25.914   126.244   -0.1   -0.1   -0.0
    25.923   126.244   -0.1   -0.1   -0.0
    25.932   126.244   -0.1   -0.1   -0.0
    25.941   126.244   -0.1   -0.1   -0.0
    25.950   126.244   -0.1   -0.1   -0.0
    25.959   126.244   -0.1   -0.1   -0.0
    25.968   126.244   -0.1   -0.1   -0.0
    25.977   126.244   -0.1   -0.1   -0.0
    25.986   126.244   -0.1   -0.1   -0.0
    25.995   126.244   -0.1   -0.1   -0.0
    26.004   126.244   -0.1   -0.1   -0.0
    26.013   126.244   -0.2   -0.1   -0.0
    26.022   126.244   -0.2   -0.1   -0.0
    26.031   126.244   -0.2   -0.1   -0.0
    26.040   126.244   -0.2   -0.1   -0.0
    26.049   126.244   -0.2   -0.1   -0.0
    26.058   126.244   -0.2   -0.1   -0.0
    26.067   126.244   -0.2   -0.1   -0.0
    26.076   126.244   -0.2   -0.1   -0.0
    26.085   126.244   -0.2   -0.1   -0.0
    26.094   126.244   -0.2   -0.1   -0.0
    26.103   126.244   -0.2   -0.1   -0.0
    26.112   126.244   -0.2   -0.1   -0.0
    26.121   126.244   -0.2   -0.1   -0.0
    26.130   126.244   -0.2   -0.1   -0.0
    26.139   126.244   -0.2   -0.1   -0.0
    26.148   126.244   -0.2   -0.1   -0.0
    26.157   126.244   -0.2   -0.1   -0.0
    26.166   126.244   -0.2   -0.1   -0.0
    26.175   126.244   -0.2   -0.1   -0.0
    26.184   126.244   -0.2   -0.1   -0.0
    26.193   126.244   -0.2   -0.1   -0.0
    26.202   126.244   -0.2   -0.1   -0.0
    26.211   126.244   -0.2   -0.1   -0.0
    26.220   126.244   -0.2   -0.1   -0.0
    26.229   126.244   -0.2   -0.1   -0.0
    26.238   126.244   -0.2   -0.1   -0.0
    26.247   126.244   -0.2   -0.1   -0.0
    26.256   126.244   -0.2   -0.1   -0.0
    26.265   126.244   -0.2   -0.1   -0.0
    26.274   126.244   -0.2   -0.1   -0.0
    26.283   126.244   -0.2   -0.1   -0.0
    26.292   126.244   -0.2   -0.1    0.0
    26.301   126.244   -0.1   -0.1    0.0
    26.310   126.244   -0.1   -0.1    0.0
    26.319   126.244   -0.1   -0.1    0.0
    26.328   126.244   -0.1   -0.1    0.0
    26.337   126.244   -0.1   -0.1    0.0
    26.346   126.244   -0.1   -0.1    0.0
    26.355   126.244   -0.1   -0.1    0.0
    26.364   126.244   -0.1   -0.1    0.0
    26.373   126.244   -0.1   -0.1    0.0
    26.382   126.244   -0.1   -0.1    0.0
    26.391   126.244   -0.1   -0.1    0.0
    26.400   126.244   -0.1   -0.1    0.0
    26.409   126.244   -0.1   -0.1    0.0
    26.418   126.244   -0.1   -0.1    0.0
    26.427   126.244   -0.1   -0.1    0.0
    26.436   126.244   -0.1   -0.1    0.0
    26.445   126.244   -0.1   -0.1    0.0
    26.454   126.244   -0.1   -0.1    0.0
    26.463   126.244   -0.1   -0.1    0.0
    26.472   126.244   -0.1   -0.1    0.0
    26.481   126.244   -0.1   -0.1    0.0
    26.490   126.244   -0.1   -0.1    0.0
    26.499   126.244   -0.1   -0.1    0.0
    26.508   126.244   -0.1   -0.1    0.0
    26.517   126.244   -0.1   -0.1    0.0
    26.526   126.244   -0.1   -0.1    0.0
    25.626   126.254    0.1   -0.1   -0.0
    25.635   126.254    0.1   -0.1   -0.0
    25.644   126.254    0.1   -0.1   -0.0
    25.653   126.254    0.1   -0.1   -0.0
    25.662   126.254    0.1   -0.1   -0.0
    25.671   126.254    0.1   -0.1   -0.0
    25.680   126.254    0.1   -0.1   -0.0
    25.689   126.254    0.1   -0.1   -0.0
    25.698   126.254    0.1   -0.1   -0.0
    25.707   126.254    0.1   -0.1   -0.0
    25.716   126.254    0.1   -0.1   -0.0
    25.725   126.254    0.1   -0.1   -0.0
    25.734   126.254    0.1   -0.1   -0.0
    25.743   126.254    0.1   -0.1   -0.0
    25.752   126.254    0.1   -0.1   -0.0
    25.761   126.254    0.1   -0.1   -0.0
    25.770   126.254    0.1   -0.1   -0.0
    25.779   126.254    0.1   -0.1   -0.0
    25.788   126.254    0.1   -0.1   -0.0
    25.797   126.254    0.1   -0.1   -0.0
    25.806   126.254    0.0   -0.1   -0.0
    25.815   126.254    0.0   -0.1   -0.0
    25.824   126.254    0.0   -0.1   -0.0
    25.833   126.254    0.0   -0.1   -0.0
    25.842   126.254    0.0   -0.1   -0.0
    25.851   126.254    0.0   -0.1   -0.0
    25.860   126.254   -0.0   -0.1   -0.0
    25.869   126.254   -0.0   -0.1   -0.0
    25.878   126.254   -0.0   -0.1   -0.0
    25.887   126.254   -0.0   -0.1   -0.0
    25.896   126.254   -0.0   -0.1   -0.0
    25.905   126.254   -0.0   -0.1   -0.0
    25.914   126.254   -0.1   -0.1   -0.0
    25.923   126.254   -0.1   -0.1   -0.0
    25.932   126.254   -0.1   -0.1   -0.0
    25.941   126.254   -0.1   -0.1   -0.0
    25.950   126.254   -0.1   -0.1   -0.0
    25.959   126.254   -0.1   -0.1   -0.0
    25.968   126.254   -0.1   -0.1   -0.0
    25.977   126.254   -0.1   -0.1   -0.0
    25.986   126.254   -0.1   -0.1   -0.0
    25.995   126.254   -0.1   -0.1   -0.0
    26.004   126.254   -0.1   -0.1   -0.0
    26.013   126.254   -0.1   -0.1   -0.0
    26.022   126.254   -0.1   -0.1   -0.0
    26.031   126.254   -0.2   -0.1   -0.0
    26.040   126.254   -0.2   -0.1   -0.0
    26.049   126.254   -0.2   -0.1   -0.0
    26.058   126.254   -0.2   -0.1   -0.0
    26.067   126.254   -0.2   -0.1   -0.0
    26.076   126.254   -0.2   -0.1   -0.0
    26.085   126.254   -0.2   -0.1   -0.0
    26.094   126.254   -0.2   -0.1   -0.0
    26.103   126.254   -0.2   -0.1   -0.0
    26.112   126.254   -0.2   -0.1   -0.0
    26.121   126.254   -0.2   -0.1   -0.0
    26.130   126.254   -0.2   -0.1   -0.0
    26.139   126.254   -0.2   -0.1   -0.0
    26.148   126.254   -0.2   -0.1   -0.0
    26.157   126.254   -0.2   -0.1   -0.0
    26.166   126.254   -0.2   -0.1   -0.0
    26.175   126.254   -0.2   -0.1   -0.0
    26.184   126.254   -0.2   -0.1   -0.0
    26.193   126.254   -0.2   -0.1   -0.0
    26.202   126.254   -0.2   -0.1   -0.0
    26.211   126.254   -0.2   -0.1   -0.0
    26.220   126.254   -0.2   -0.1   -0.0
    26.229   126.254   -0.2   -0.1   -0.0
    26.238   126.254   -0.2   -0.1   -0.0
    26.247   126.254   -0.2   -0.1   -0.0
    26.256   126.254   -0.2   -0.1   -0.0
    26.265   126.254   -0.2   -0.1   -0.0
    26.274   126.254   -0.2   -0.1   -0.0
    26.283   126.254   -0.2   -0.1    0.0
    26.292   126.254   -0.1   -0.1    0.0
    26.301   126.254   -0.1   -0.1    0.0
    26.310   126.254   -0.1   -0.1    0.0
    26.319   126.254   -0.1   -0.1    0.0
    26.328   126.254   -0.1   -0.1    0.0
    26.337   126.254   -0.1   -0.1    0.0
    26.346   126.254   -0.1   -0.1    0.0
    26.355   126.254   -0.1   -0.1    0.0
    26.364   126.254   -0.1   -0.1    0.0
    26.373   126.254   -0.1   -0.1    0.0
    26.382   126.254   -0.1   -0.1    0.0
    26.391   126.254   -0.1   -0.1    0.0
    26.400   126.254   -0.1   -0.1    0.0
    26.409   126.254   -0.1   -0.1    0.0
    26.418   126.254   -0.1   -0.1    0.0
    26.427   126.254   -0.1   -0.1    0.0
    26.436   126.254   -0.1   -0.1    0.0
    26.445   126.254   -0.1   -0.1    0.0
    26.454   126.254   -0.1   -0.1    0.0
    26.463   126.254   -0.1   -0.1    0.0
    26.472   126.254   -0.1   -0.1    0.0
    26.481   126.254   -0.1   -0.1    0.0
    26.490   126.254   -0.1   -0.1    0.0
    26.499   126.254   -0.1   -0.1    0.0
    26.508   126.254   -0.1   -0.1    0.0
    26.517   126.254   -0.1   -0.1    0.0
    26.526   126.254   -0.1   -0.1    0.0
    25.626   126.264    0.1   -0.1   -0.0
    25.635   126.264    0.1   -0.1   -0.0
    25.644   126.264    0.1   -0.1   -0.0
    25.653   126.264    0.1   -0.1   -0.0
    25.662   126.264    0.1   -0.1   -0.0
    25.671   126.264    0.1   -0.1   -0.0
    25.680   126.264    0.1   -0.1   -0.0
    25.689   126.264    0.1   -0.1   -0.0
    25.698   126.264    0.1   -0.1   -0.0
    25.707   126.264    0.1   -0.1   -0.0
    25.716   126.264    0.1   -0.1   -0.0
    25.725   126.264    0.1   -0.1   -0.0
    25.734   126.264    0.1   -0.1   -0.0
    25.743   126.264    0.1   -0.1   -0.0
    25.752   126.264    0.1   -0.1   -0.0
    25.761   126.264    0.1   -0.1   -0.0
    25.770   126.264    0.1   -0.1   -0.0
    25.779   126.264    0.1   -0.1   -0.0
    25.788   126.264    0.1   -0.1   -0.0
    25.797   126.264    0.1   -0.1   -0.0
    25.806   126.264    0.0   -0.1   -0.0
    25.815   126.264    0.0   -0.1   -0.0
    25.824   126.264    0.0   -0.1   -0.0
    25.833   126.264    0.0   -0.1   -0.0
    25.842   126.264    0.0   -0.1   -0.0
    25.851   126.264    0.0   -0.1   -0.0
    25.860   126.264   -0.0   -0.1   -0.0
    25.869   126.264   -0.0   -0.1   -0.0
    25.878   126.264   -0.0   -0.1   -0.0
    25.887   126.264   -0.0   -0.1   -0.0
    25.896   126.264   -0.0   -0.1   -0.0
    25.905   126.264   -0.0   -0.1   -0.0
    25.914   126.264   -0.1   -0.1   -0.0
    25.923   126.264   -0.1   -0.1   -0.0
    25.932   126.264   -0.1   -0.1   -0.0
    25.941   126.264   -0.1   -0.1   -0.0
    25.950   126.264   -0.1   -0.1   -0.0
    25.959   126.264   -0.1   -0.1   -0.0
    25.968   126.264   -0.1   -0.1   -0.0
    25.977   126.264   -0.1   -0.1   -0.0
    25.986   126.264   -0.1   -0.1   -0.0
    25.995   126.264   -0.1   -0.1   -0.0
    26.004   126.264   -0.1   -0.1   -0.0
    26.013   126.264   -0.1   -0.1   -0.0
    26.022   126.264   -0.1   -0.1   -0.0
    26.031   126.264   -0.1   -0.1   -0.0
    26.040   126.264   -0.2   -0.1   -0.0
    26.049   126.264   -0.2   -0.1   -0.0
    26.058   126.264   -0.2   -0.1   -0.0
    26.067   126.264   -0.2   -0.1   -0.0
    26.076   126.264   -0.2   -0.1   -0.0
    26.085   126.264   -0.2   -0.1   -0.0
    26.094   126.264   -0.2   -0.1   -0.0
    26.103   126.264   -0.2   -0.1   -0.0
    26.112   126.264   -0.2   -0.1   -0.0
    26.121   126.264   -0.2   -0.1   -0.0
    26.130   126.264   -0.2   -0.1   -0.0
    26.139   126.264   -0.2   -0.1   -0.0
    26.148   126.264   -0.2   -0.1   -0.0
    26.157   126.264   -0.2   -0.1   -0.0
    26.166   126.264   -0.2   -0.1   -0.0
    26.175   126.264   -0.2   -0.1   -0.0
    26.184   126.264   -0.2   -0.1   -0.0
    26.193   126.264   -0.2   -0.1   -0.0
    26.202   126.264   -0.2   -0.1   -0.0
    26.211   126.264   -0.2   -0.1   -0.0
    26.220   126.264   -0.2   -0.1   -0.0
    26.229   126.264   -0.2   -0.1   -0.0
    26.238   126.264   -0.2   -0.1   -0.0
    26.247   126.264   -0.2   -0.1   -0.0
    26.256   126.264   -0.2   -0.1   -0.0
    26.265   126.264   -0.2   -0.1   -0.0
    26.274   126.264   -0.2   -0.1   -0.0
    26.283   126.264   -0.1   -0.1    0.0
    26.292   126.264   -0.1   -0.1    0.0
    26.301   126.264   -0.1   -0.1    0.0
    26.310   126.264   -0.1   -0.1    0.0
    26.319   126.264   -0.1   -0.1    0.0
    26.328   126.264   -0.1   -0.1    0.0
    26.337   126.264   -0.1   -0.1    0.0
    26.346   126.264   -0.1   -0.1    0.0
    26.355   126.264   -0.1   -0.1    0.0
    26.364   126.264   -0.1   -0.1    0.0
    26.373   126.264   -0.1   -0.1    0.0
    26.382   126.264   -0.1   -0.1    0.0
    26.391   126.264   -0.1   -0.1    0.0
    26.400   126.264   -0.1   -0.1    0.0
    26.409   126.264   -0.1   -0.1    0.0
    26.418   126.264   -0.1   -0.1    0.0
    26.427   126.264   -0.1   -0.1    0.0
    26.436   126.264   -0.1   -0.1    0.0
    26.445   126.264   -0.1   -0.1    0.0
    26.454   126.264   -0.1   -0.1    0.0
    26.463   126.264   -0.1   -0.1    0.0
    26.472   126.264   -0.1   -0.1    0.0
    26.481   126.264   -0.1   -0.1    0.0
    26.490   126.264   -0.1   -0.1    0.0
    26.499   126.264   -0.1   -0.1    0.0
    26.508   126.264   -0.1   -0.1    0.0
    26.517   126.264   -0.1   -0.1    0.0
    26.526   126.264   -0.1   -0.1    0.0
    25.626   126.274    0.1   -0.1   -0.0
    25.635   126.274    0.1   -0.1   -0.0
    25.644   126.274    0.1   -0.1   -0.0
    25.653   126.274    0.1   -0.1   -0.0
    25.662   126.274    0.1   -0.1   -0.0
    25.671   126.274    0.1   -0.1   -0.0
    25.680   126.274    0.1   -0.1   -0.0
    25.689   126.274    0.1   -0.1   -0.0
    25.698   126.274    0.1   -0.1   -0.0
    25.707   126.274    0.1   -0.1   -0.0
    25.716   126.274    0.1   -0.1   -0.0
    25.725   126.274    0.1   -0.1   -0.0
    25.734   126.274    0.1   -0.1   -0.0
    25.743   126.274    0.1   -0.1   -0.0
    25.752   126.274    0.1   -0.1   -0.0
    25.761   126.274    0.1   -0.1   -0.0
    25.770   126.274    0.1   -0.1   -0.0
    25.779   126.274    0.1   -0.1   -0.0
    25.788   126.274    0.1   -0.1   -0.0
    25.797   126.274    0.0   -0.1   -0.0
    25.806   126.274    0.0   -0.1   -0.0
    25.815   126.274    0.0   -0.1   -0.0
    25.824   126.274    0.0   -0.1   -0.0
    25.833   126.274    0.0   -0.1   -0.0
    25.842   126.274    0.0   -0.1   -0.0
    25.851   126.274    0.0   -0.1   -0.0
    25.860   126.274   -0.0   -0.1   -0.0
    25.869   126.274   -0.0   -0.1   -0.0
    25.878   126.274   -0.0   -0.1   -0.0
    25.887   126.274   -0.0   -0.1   -0.0
    25.896   126.274   -0.0   -0.1   -0.0
    25.905   126.274   -0.0   -0.1   -0.0
    25.914   126.274   -0.1   -0.1   -0.0
    25.923   126.274   -0.1   -0.1   -0.0
    25.932   126.274   -0.1   -0.1   -0.0
    25.941   126.274   -0.1   -0.1   -0.0
    25.950   126.274   -0.1   -0.1   -0.0
    25.959   126.274   -0.1   -0.1   -0.0
    25.968   126.274   -0.1   -0.1   -0.0
    25.977   126.274   -0.1   -0.1   -0.0
    25.986   126.274   -0.1   -0.1   -0.0
    25.995   126.274   -0.1   -0.1   -0.0
    26.004   126.274   -0.1   -0.1   -0.0
    26.013   126.274   -0.1   -0.1   -0.0
    26.022   126.274   -0.1   -0.1   -0.0
    26.031   126.274   -0.1   -0.1   -0.0
    26.040   126.274   -0.1   -0.1   -0.0
    26.049   126.274   -0.1   -0.1   -0.0
    26.058   126.274   -0.2   -0.1   -0.0
    26.067   126.274   -0.2   -0.1   -0.0
    26.076   126.274   -0.2   -0.1   -0.0
    26.085   126.274   -0.2   -0.1   -0.0
    26.094   126.274   -0.2   -0.1   -0.0
    26.103   126.274   -0.2   -0.1   -0.0
    26.112   126.274   -0.2   -0.1   -0.0
    26.121   126.274   -0.2   -0.1   -0.0
    26.130   126.274   -0.2   -0.1   -0.0
    26.139   126.274   -0.2   -0.1   -0.0
    26.148   126.274   -0.2   -0.1   -0.0
    26.157   126.274   -0.2   -0.1   -0.0
    26.166   126.274   -0.2   -0.1   -0.0
    26.175   126.274   -0.2   -0.1   -0.0
    26.184   126.274   -0.2   -0.1   -0.0
    26.193   126.274   -0.2   -0.1   -0.0
    26.202   126.274   -0.2   -0.1   -0.0
    26.211   126.274   -0.2   -0.1   -0.0
    26.220   126.274   -0.2   -0.1   -0.0
    26.229   126.274   -0.2   -0.1   -0.0
    26.238   126.274   -0.2   -0.1   -0.0
    26.247   126.274   -0.2   -0.1   -0.0
    26.256   126.274   -0.2   -0.1   -0.0
    26.265   126.274   -0.2   -0.1   -0.0
    26.274   126.274   -0.1   -0.1    0.0
    26.283   126.274   -0.1   -0.1    0.0
    26.292   126.274   -0.1   -0.1    0.0
    26.301   126.274   -0.1   -0.1    0.0
    26.310   126.274   -0.1   -0.1    0.0
    26.319   126.274   -0.1   -0.1    0.0
    26.328   126.274   -0.1   -0.1    0.0
    26.337   126.274   -0.1   -0.1    0.0
    26.346   126.274   -0.1   -0.1    0.0
    26.355   126.274   -0.1   -0.1    0.0
    26.364   126.274   -0.1   -0.1    0.0
    26.373   126.274   -0.1   -0.1    0.0
    26.382   126.274   -0.1   -0.1    0.0
    26.391   126.274   -0.1   -0.1    0.0
    26.400   126.274   -0.1   -0.1    0.0
    26.409   126.274   -0.1   -0.1    0.0
    26.418   126.274   -0.1   -0.1    0.0
    26.427   126.274   -0.1   -0.1    0.0
    26.436   126.274   -0.1   -0.1    0.0
    26.445   126.274   -0.1   -0.1    0.0
    26.454   126.274   -0.1   -0.1    0.0
    26.463   126.274   -0.1   -0.1    0.0
    26.472   126.274   -0.1   -0.1    0.0
    26.481   126.274   -0.1   -0.1    0.0
    26.490   126.274   -0.1   -0.1    0.0
    26.499   126.274   -0.1   -0.1    0.0
    26.508   126.274   -0.1   -0.1    0.0
    26.517   126.274   -0.1   -0.1    0.0
    26.526   126.274   -0.1   -0.1    0.0
    25.626   126.284    0.1   -0.1   -0.0
    25.635   126.284    0.1   -0.1   -0.0
    25.644   126.284    0.1   -0.1   -0.0
    25.653   126.284    0.1   -0.1   -0.0
    25.662   126.284    0.1   -0.1   -0.0
    25.671   126.284    0.1   -0.1   -0.0
    25.680   126.284    0.1   -0.1   -0.0
    25.689   126.284    0.1   -0.1   -0.0
    25.698   126.284    0.1   -0.1   -0.0
    25.707   126.284    0.1   -0.1   -0.0
    25.716   126.284    0.1   -0.1   -0.0
    25.725   126.284    0.1   -0.1   -0.0
    25.734   126.284    0.1   -0.1   -0.0
    25.743   126.284    0.1   -0.1   -0.0
    25.752   126.284    0.1   -0.1   -0.0
    25.761   126.284    0.1   -0.1   -0.0
    25.770   126.284    0.1   -0.1   -0.0
    25.779   126.284    0.1   -0.1   -0.0
    25.788   126.284    0.1   -0.1   -0.0
    25.797   126.284    0.0   -0.1   -0.0
    25.806   126.284    0.0   -0.1   -0.0
    25.815   126.284    0.0   -0.1   -0.0
    25.824   126.284    0.0   -0.1   -0.0
    25.833   126.284    0.0   -0.1   -0.0
    25.842   126.284    0.0   -0.1   -0.0
    25.851   126.284    0.0   -0.1   -0.0
    25.860   126.284   -0.0   -0.1   -0.0
    25.869   126.284   -0.0   -0.1   -0.0
    25.878   126.284   -0.0   -0.1   -0.0
    25.887   126.284   -0.0   -0.1   -0.0
    25.896   126.284   -0.0   -0.1   -0.0
    25.905   126.284   -0.0   -0.1   -0.0
    25.914   126.284   -0.0   -0.1   -0.0
    25.923   126.284   -0.1   -0.1   -0.0
    25.932   126.284   -0.1   -0.1   -0.0
    25.941   126.284   -0.1   -0.1   -0.0
    25.950   126.284   -0.1   -0.1   -0.0
    25.959   126.284   -0.1   -0.1   -0.0
    25.968   126.284   -0.1   -0.1   -0.0
    25.977   126.284   -0.1   -0.1   -0.0
    25.986   126.284   -0.1   -0.1   -0.0
    25.995   126.284   -0.1   -0.1   -0.0
    26.004   126.284   -0.1   -0.1   -0.0
    26.013   126.284   -0.1   -0.1   -0.0
    26.022   126.284   -0.1   -0.1   -0.0
    26.031   126.284   -0.1   -0.1   -0.0
    26.040   126.284   -0.1   -0.1   -0.0
    26.049   126.284   -0.1   -0.1   -0.0
    26.058   126.284   -0.1   -0.1   -0.0
    26.067   126.284   -0.1   -0.1   -0.0
    26.076   126.284   -0.2   -0.1   -0.0
    26.085   126.284   -0.2   -0.1   -0.0
    26.094   126.284   -0.2   -0.1   -0.0
    26.103   126.284   -0.2   -0.1   -0.0
    26.112   126.284   -0.2   -0.1   -0.0
    26.121   126.284   -0.2   -0.1   -0.0
    26.130   126.284   -0.2   -0.1   -0.0
    26.139   126.284   -0.2   -0.1   -0.0
    26.148   126.284   -0.2   -0.1   -0.0
    26.157   126.284   -0.2   -0.1   -0.0
    26.166   126.284   -0.2   -0.1   -0.0
    26.175   126.284   -0.2   -0.1   -0.0
    26.184   126.284   -0.2   -0.1   -0.0
    26.193   126.284   -0.2   -0.1   -0.0
    26.202   126.284   -0.2   -0.1   -0.0
    26.211   126.284   -0.2   -0.1   -0.0
    26.220   126.284   -0.2   -0.1   -0.0
    26.229   126.284   -0.2   -0.1   -0.0
    26.238   126.284   -0.2   -0.1   -0.0
    26.247   126.284   -0.2   -0.1   -0.0
    26.256   126.284   -0.1   -0.1   -0.0
    26.265   126.284   -0.1   -0.1    0.0
    26.274   126.284   -0.1   -0.1    0.0
    26.283   126.284   -0.1   -0.1    0.0
    26.292   126.284   -0.1   -0.1    0.0
    26.301   126.284   -0.1   -0.1    0.0
    26.310   126.284   -0.1   -0.1    0.0
    26.319   126.284   -0.1   -0.1    0.0
    26.328   126.284   -0.1   -0.1    0.0
    26.337   126.284   -0.1   -0.1    0.0
    26.346   126.284   -0.1   -0.1    0.0
    26.355   126.284   -0.1   -0.1    0.0
    26.364   126.284   -0.1   -0.1    0.0
    26.373   126.284   -0.1   -0.1    0.0
    26.382   126.284   -0.1   -0.1    0.0
    26.391   126.284   -0.1   -0.1    0.0
    26.400   126.284   -0.1   -0.1    0.0
    26.409   126.284   -0.1   -0.1    0.0
    26.418   126.284   -0.1   -0.1    0.0
    26.427   126.284   -0.1   -0.1    0.0
    26.436   126.284   -0.1   -0.1    0.0
    26.445   126.284   -0.1   -0.1    0.0
    26.454   126.284   -0.1   -0.1    0.0
    26.463   126.284   -0.1   -0.1    0.0
    26.472   126.284   -0.1   -0.1    0.0
    26.481   126.284   -0.1   -0.1    0.0
    26.490   126.284   -0.1   -0.1    0.0
    26.499   126.284   -0.1   -0.1    0.0
    26.508   126.284   -0.1   -0.1    0.0
    26.517   126.284   -0.1   -0.1    0.0
    26.526   126.284   -0.1   -0.1    0.0
    25.626   126.294    0.1   -0.1   -0.0
    25.635   126.294    0.1   -0.1   -0.0
    25.644   126.294    0.1   -0.1   -0.0
    25.653   126.294    0.1   -0.1   -0.0
    25.662   126.294    0.1   -0.1   -0.0
    25.671   126.294    0.1   -0.1   -0.0
    25.680   126.294    0.1   -0.1   -0.0
    25.689   126.294    0.1   -0.1   -0.0
    25.698   126.294    0.1   -0.1   -0.0
    25.707   126.294    0.1   -0.1   -0.0
    25.716   126.294    0.1   -0.1   -0.0
    25.725   126.294    0.1   -0.1   -0.0
    25.734   126.294    0.1   -0.1   -0.0
    25.743   126.294    0.1   -0.1   -0.0
    25.752   126.294    0.1   -0.1   -0.0
    25.761   126.294    0.1   -0.1   -0.0
    25.770   126.294    0.1   -0.1   -0.0
    25.779   126.294    0.1   -0.1   -0.0
    25.788   126.294    0.1   -0.1   -0.0
    25.797   126.294    0.0   -0.1   -0.0
    25.806   126.294    0.0   -0.1   -0.0
    25.815   126.294    0.0   -0.1   -0.0
    25.824   126.294    0.0   -0.1   -0.0
    25.833   126.294    0.0   -0.1   -0.0
    25.842   126.294    0.0   -0.1   -0.0
    25.851   126.294    0.0   -0.1   -0.0
    25.860   126.294   -0.0   -0.1   -0.0
    25.869   126.294   -0.0   -0.1   -0.0
    25.878   126.294   -0.0   -0.1   -0.0
    25.887   126.294   -0.0   -0.1   -0.0
    25.896   126.294   -0.0   -0.1   -0.0
    25.905   126.294   -0.0   -0.1   -0.0
    25.914   126.294   -0.0   -0.1   -0.0
    25.923   126.294   -0.1   -0.1   -0.0
    25.932   126.294   -0.1   -0.1   -0.0
    25.941   126.294   -0.1   -0.1   -0.0
    25.950   126.294   -0.1   -0.1   -0.0
    25.959   126.294   -0.1   -0.1   -0.0
    25.968   126.294   -0.1   -0.1   -0.0
    25.977   126.294   -0.1   -0.1   -0.0
    25.986   126.294   -0.1   -0.1   -0.0
    25.995   126.294   -0.1   -0.1   -0.0
    26.004   126.294   -0.1   -0.1   -0.0
    26.013   126.294   -0.1   -0.1   -0.0
    26.022   126.294   -0.1   -0.1   -0.0
    26.031   126.294   -0.1   -0.1   -0.0
    26.040   126.294   -0.1   -0.1   -0.0
    26.049   126.294   -0.1   -0.1   -0.0
    26.058   126.294   -0.1   -0.1   -0.0
    26.067   126.294   -0.1   -0.1   -0.0
    26.076   126.294   -0.1   -0.1   -0.0
    26.085   126.294   -0.1   -0.1   -0.0
    26.094   126.294   -0.2   -0.1   -0.0
    26.103   126.294   -0.2   -0.1   -0.0
    26.112   126.294   -0.2   -0.1   -0.0
    26.121   126.294   -0.2   -0.1   -0.0
    26.130   126.294   -0.2   -0.1   -0.0
    26.139   126.294   -0.2   -0.1   -0.0
    26.148   126.294   -0.2   -0.1   -0.0
    26.157   126.294   -0.2   -0.1   -0.0
    26.166   126.294   -0.2   -0.1   -0.0
    26.175   126.294   -0.2   -0.1   -0.0
    26.184   126.294   -0.2   -0.1   -0.0
    26.193   126.294   -0.2   -0.1   -0.0
    26.202   126.294   -0.2   -0.1   -0.0
    26.211   126.294   -0.2   -0.1   -0.0
    26.220   126.294   -0.2   -0.1   -0.0
    26.229   126.294   -0.2   -0.1   -0.0
    26.238   126.294   -0.1   -0.1   -0.0
    26.247   126.294   -0.1   -0.1   -0.0
    26.256   126.294   -0.1   -0.1   -0.0
    26.265   126.294   -0.1   -0.1    0.0
    26.274   126.294   -0.1   -0.1    0.0
    26.283   126.294   -0.1   -0.1    0.0
    26.292   126.294   -0.1   -0.1    0.0
    26.301   126.294   -0.1   -0.1    0.0
    26.310   126.294   -0.1   -0.1    0.0
    26.319   126.294   -0.1   -0.1    0.0
    26.328   126.294   -0.1   -0.1    0.0
    26.337   126.294   -0.1   -0.1    0.0
    26.346   126.294   -0.1   -0.1    0.0
    26.355   126.294   -0.1   -0.1    0.0
    26.364   126.294   -0.1   -0.1    0.0
    26.373   126.294   -0.1   -0.1    0.0
    26.382   126.294   -0.1   -0.1    0.0
    26.391   126.294   -0.1   -0.1    0.0
    26.400   126.294   -0.1   -0.1    0.0
    26.409   126.294   -0.1   -0.1    0.0
    26.418   126.294   -0.1   -0.1    0.0
    26.427   126.294   -0.1   -0.1    0.0
    26.436   126.294   -0.1   -0.1    0.0
    26.445   126.294   -0.1   -0.1    0.0
    26.454   126.294   -0.1   -0.1    0.0
    26.463   126.294   -0.1   -0.1    0.0
    26.472   126.294   -0.1   -0.1    0.0
    26.481   126.294   -0.1   -0.1    0.0
    26.490   126.294   -0.1   -0.1    0.0
    26.499   126.294   -0.1   -0.1    0.0
    26.508   126.294   -0.1   -0.1    0.0
    26.517   126.294   -0.1   -0.1    0.0
    26.526   126.294   -0.1   -0.1    0.0
    25.626   126.304    0.1   -0.1   -0.0
    25.635   126.304    0.1   -0.1   -0.0
    25.644   126.304    0.1   -0.1   -0.0
    25.653   126.304    0.1   -0.1   -0.0
    25.662   126.304    0.1   -0.1   -0.0
    25.671   126.304    0.1   -0.1   -0.0
    25.680   126.304    0.1   -0.1   -0.0
    25.689   126.304    0.1   -0.1   -0.0
    25.698   126.304    0.1   -0.1   -0.0
    25.707   126.304    0.1   -0.1   -0.0
    25.716   126.304    0.1   -0.1   -0.0
    25.725   126.304    0.1   -0.1   -0.0
    25.734   126.304    0.1   -0.1   -0.0
    25.743   126.304    0.1   -0.1   -0.0
    25.752   126.304    0.1   -0.1   -0.0
    25.761   126.304    0.1   -0.1   -0.0
    25.770   126.304    0.1   -0.1   -0.0
    25.779   126.304    0.1   -0.1   -0.0
    25.788   126.304    0.0   -0.1   -0.0
    25.797   126.304    0.0   -0.1   -0.0
    25.806   126.304    0.0   -0.1   -0.0
    25.815   126.304    0.0   -0.1   -0.0
    25.824   126.304    0.0   -0.1   -0.0
    25.833   126.304    0.0   -0.1   -0.0
    25.842   126.304    0.0   -0.1   -0.0
    25.851   126.304    0.0   -0.1   -0.0
    25.860   126.304   -0.0   -0.1   -0.0
    25.869   126.304   -0.0   -0.1   -0.0
    25.878   126.304   -0.0   -0.1   -0.0
    25.887   126.304   -0.0   -0.1   -0.0
    25.896   126.304   -0.0   -0.1   -0.0
    25.905   126.304   -0.0   -0.1   -0.0
    25.914   126.304   -0.0   -0.1   -0.0
    25.923   126.304   -0.1   -0.1   -0.0
    25.932   126.304   -0.1   -0.1   -0.0
    25.941   126.304   -0.1   -0.1   -0.0
    25.950   126.304   -0.1   -0.1   -0.0
    25.959   126.304   -0.1   -0.1   -0.0
    25.968   126.304   -0.1   -0.1   -0.0
    25.977   126.304   -0.1   -0.1   -0.0
    25.986   126.304   -0.1   -0.1   -0.0
    25.995   126.304   -0.1   -0.1   -0.0
    26.004   126.304   -0.1   -0.1   -0.0
    26.013   126.304   -0.1   -0.1   -0.0
    26.022   126.304   -0.1   -0.1   -0.0
    26.031   126.304   -0.1   -0.1   -0.0
    26.040   126.304   -0.1   -0.1   -0.0
    26.049   126.304   -0.1   -0.1   -0.0
    26.058   126.304   -0.1   -0.1   -0.0
    26.067   126.304   -0.1   -0.1   -0.0
    26.076   126.304   -0.1   -0.1   -0.0
    26.085   126.304   -0.1   -0.1   -0.0
    26.094   126.304   -0.1   -0.1   -0.0
    26.103   126.304   -0.1   -0.1   -0.0
    26.112   126.304   -0.1   -0.1   -0.0
    26.121   126.304   -0.1   -0.1   -0.0
    26.130   126.304   -0.2   -0.1   -0.0
    26.139   126.304   -0.2   -0.1   -0.0
    26.148   126.304   -0.2   -0.1   -0.0
    26.157   126.304   -0.2   -0.1   -0.0
    26.166   126.304   -0.2   -0.1   -0.0
    26.175   126.304   -0.2   -0.1   -0.0
    26.184   126.304   -0.2   -0.1   -0.0
    26.193   126.304   -0.2   -0.1   -0.0
    26.202   126.304   -0.1   -0.1   -0.0
    26.211   126.304   -0.1   -0.1   -0.0
    26.220   126.304   -0.1   -0.1   -0.0
    26.229   126.304   -0.1   -0.1   -0.0
    26.238   126.304   -0.1   -0.1   -0.0
    26.247   126.304   -0.1   -0.1   -0.0
    26.256   126.304   -0.1   -0.1    0.0
    26.265   126.304   -0.1   -0.1    0.0
    26.274   126.304   -0.1   -0.1    0.0
    26.283   126.304   -0.1   -0.1    0.0
    26.292   126.304   -0.1   -0.1    0.0
    26.301   126.304   -0.1   -0.1    0.0
    26.310   126.304   -0.1   -0.1    0.0
    26.319   126.304   -0.1   -0.1    0.0
    26.328   126.304   -0.1   -0.1    0.0
    26.337   126.304   -0.1   -0.1    0.0
    26.346   126.304   -0.1   -0.1    0.0
    26.355   126.304   -0.1   -0.1    0.0
    26.364   126.304   -0.1   -0.1    0.0
    26.373   126.304   -0.1   -0.1    0.0
    26.382   126.304   -0.1   -0.1    0.0
    26.391   126.304   -0.1   -0.1    0.0
    26.400   126.304   -0.1   -0.1    0.0
    26.409   126.304   -0.1   -0.1    0.0
    26.418   126.304   -0.1   -0.1    0.0
    26.427   126.304   -0.1   -0.1    0.0
    26.436   126.304   -0.1   -0.1    0.0
    26.445   126.304   -0.1   -0.1    0.0
    26.454   126.304   -0.1   -0.1    0.0
    26.463   126.304   -0.1   -0.1    0.0
    26.472   126.304   -0.1   -0.1    0.0
    26.481   126.304   -0.1   -0.1    0.0
    26.490   126.304   -0.1   -0.1    0.0
    26.499   126.304   -0.1   -0.1    0.0
    26.508   126.304   -0.1   -0.1    0.0
    26.517   126.304   -0.1   -0.1    0.0
    26.526   126.304   -0.1   -0.1    0.0
    25.626   126.314    0.1   -0.1   -0.0
    25.635   126.314    0.1   -0.1   -0.0
    25.644   126.314    0.1   -0.1   -0.0
    25.653   126.314    0.1   -0.1   -0.0
    25.662   126.314    0.1   -0.1   -0.0
    25.671   126.314    0.1   -0.1   -0.0
    25.680   126.314    0.1   -0.1   -0.0
    25.689   126.314    0.1   -0.1   -0.0
    25.698   126.314    0.1   -0.1   -0.0
    25.707   126.314    0.1   -0.1   -0.0
    25.716   126.314    0.1   -0.1   -0.0
    25.725   126.314    0.1   -0.1   -0.0
    25.734   126.314    0.1   -0.1   -0.0
    25.743   126.314    0.1   -0.1   -0.0
    25.752   126.314    0.1   -0.1   -0.0
    25.761   126.314    0.1   -0.1   -0.0
    25.770   126.314    0.1   -0.1   -0.0
    25.779   126.314    0.1   -0.1   -0.0
    25.788   126.314    0.0   -0.1   -0.0
    25.797   126.314    0.0   -0.1   -0.0
    25.806   126.314    0.0   -0.1   -0.0
    25.815   126.314    0.0   -0.1   -0.0
    25.824   126.314    0.0   -0.1   -0.0
    25.833   126.314    0.0   -0.1   -0.0
    25.842   126.314    0.0   -0.1   -0.0
    25.851   126.314    0.0   -0.1   -0.0
    25.860   126.314   -0.0   -0.1   -0.0
    25.869   126.314   -0.0   -0.1   -0.0
    25.878   126.314   -0.0   -0.1   -0.0
    25.887   126.314   -0.0   -0.1   -0.0
    25.896   126.314   -0.0   -0.1   -0.0
    25.905   126.314   -0.0   -0.1   -0.0
    25.914   126.314   -0.0   -0.1   -0.0
    25.923   126.314   -0.0   -0.1   -0.0
    25.932   126.314   -0.1   -0.1   -0.0
    25.941   126.314   -0.1   -0.1   -0.0
    25.950   126.314   -0.1   -0.1   -0.0
    25.959   126.314   -0.1   -0.1   -0.0
    25.968   126.314   -0.1   -0.1   -0.0
    25.977   126.314   -0.1   -0.1   -0.0
    25.986   126.314   -0.1   -0.1   -0.0
    25.995   126.314   -0.1   -0.1   -0.0
    26.004   126.314   -0.1   -0.1   -0.0
    26.013   126.314   -0.1   -0.1   -0.0
    26.022   126.314   -0.1   -0.1   -0.0
    26.031   126.314   -0.1   -0.1   -0.0
    26.040   126.314   -0.1   -0.1   -0.0
    26.049   126.314   -0.1   -0.1   -0.0
    26.058   126.314   -0.1   -0.1   -0.0
    26.067   126.314   -0.1   -0.1   -0.0
    26.076   126.314   -0.1   -0.1   -0.0
    26.085   126.314   -0.1   -0.1   -0.0
    26.094   126.314   -0.1   -0.1   -0.0
    26.103   126.314   -0.1   -0.1   -0.0
    26.112   126.314   -0.1   -0.1   -0.0
    26.121   126.314   -0.1   -0.1   -0.0
    26.130   126.314   -0.1   -0.1   -0.0
    26.139   126.314   -0.1   -0.1   -0.0
    26.148   126.314   -0.1   -0.1   -0.0
    26.157   126.314   -0.1   -0.1   -0.0
    26.166   126.314   -0.1   -0.1   -0.0
    26.175   126.314   -0.1   -0.1   -0.0
    26.184   126.314   -0.1   -0.1   -0.0
    26.193   126.314   -0.1   -0.1   -0.0
    26.202   126.314   -0.1   -0.1   -0.0
    26.211   126.314   -0.1   -0.1   -0.0
    26.220   126.314   -0.1   -0.1   -0.0
    26.229   126.314   -0.1   -0.1   -0.0
    26.238   126.314   -0.1   -0.1   -0.0
    26.247   126.314   -0.1   -0.1    0.0
    26.256   126.314   -0.1   -0.1    0.0
    26.265   126.314   -0.1   -0.1    0.0
    26.274   126.314   -0.1   -0.1    0.0
    26.283   126.314   -0.1   -0.1    0.0
    26.292   126.314   -0.1   -0.1    0.0
    26.301   126.314   -0.1   -0.1    0.0
    26.310   126.314   -0.1   -0.1    0.0
    26.319   126.314   -0.1   -0.1    0.0
    26.328   126.314   -0.1   -0.1    0.0
    26.337   126.314   -0.1   -0.1    0.0
    26.346   126.314   -0.1   -0.1    0.0
    26.355   126.314   -0.1   -0.1    0.0
    26.364   126.314   -0.1   -0.1    0.0
    26.373   126.314   -0.1   -0.1    0.0
    26.382   126.314   -0.1   -0.1    0.0
    26.391   126.314   -0.1   -0.1    0.0
    26.400   126.314   -0.1   -0.1    0.0
    26.409   126.314   -0.1   -0.1    0.0
    26.418   126.314   -0.1   -0.1    0.0
    26.427   126.314   -0.1   -0.1    0.0
    26.436   126.314   -0.1   -0.1    0.0
    26.445   126.314   -0.1   -0.1    0.0
    26.454   126.314   -0.1   -0.1    0.0
    26.463   126.314   -0.1   -0.1    0.0
    26.472   126.314   -0.1   -0.1    0.0
    26.481   126.314   -0.1   -0.1    0.0
    26.490   126.314   -0.1   -0.1    0.0
    26.499   126.314   -0.1   -0.1    0.0
    26.508   126.314   -0.1   -0.1    0.0
    26.517   126.314   -0.1   -0.1    0.0
    26.526   126.314   -0.1   -0.1    0.0
    25.626   126.324    0.1   -0.1   -0.0
    25.635   126.324    0.1   -0.1   -0.0
    25.644   126.324    0.1   -0.1   -0.0
    25.653   126.324    0.1   -0.1   -0.0
    25.662   126.324    0.1   -0.1   -0.0
    25.671   126.324    0.1   -0.1   -0.0
    25.680   126.324    0.1   -0.1   -0.0
    25.689   126.324    0.1   -0.1   -0.0
    25.698   126.324    0.1   -0.1   -0.0
    25.707   126.324    0.1   -0.1   -0.0
    25.716   126.324    0.1   -0.1   -0.0
    25.725   126.324    0.1   -0.1   -0.0
    25.734   126.324    0.1   -0.1   -0.0
    25.743   126.324    0.1   -0.1   -0.0
    25.752   126.324    0.1   -0.1   -0.0
    25.761   126.324    0.1   -0.1   -0.0
    25.770   126.324    0.1   -0.1   -0.0
    25.779   126.324    0.0   -0.1   -0.0
    25.788   126.324    0.0   -0.1   -0.0
    25.797   126.324    0.0   -0.1   -0.0
    25.806   126.324    0.0   -0.1   -0.0
    25.815   126.324    0.0   -0.1   -0.0
    25.824   126.324    0.0   -0.1   -0.0
    25.833   126.324    0.0   -0.1   -0.0
    25.842   126.324    0.0   -0.1   -0.0
    25.851   126.324    0.0   -0.1   -0.0
    25.860   126.324   -0.0   -0.1   -0.0
    25.869   126.324   -0.0   -0.1   -0.0
    25.878   126.324   -0.0   -0.1   -0.0
    25.887   126.324   -0.0   -0.1   -0.0
    25.896   126.324   -0.0   -0.1   -0.0
    25.905   126.324   -0.0   -0.1   -0.0
    25.914   126.324   -0.0   -0.1   -0.0
    25.923   126.324   -0.0   -0.1   -0.0
    25.932   126.324   -0.1   -0.1   -0.0
    25.941   126.324   -0.1   -0.1   -0.0
    25.950   126.324   -0.1   -0.1   -0.0
    25.959   126.324   -0.1   -0.1   -0.0
    25.968   126.324   -0.1   -0.1   -0.0
    25.977   126.324   -0.1   -0.1   -0.0
    25.986   126.324   -0.1   -0.1   -0.0
    25.995   126.324   -0.1   -0.1   -0.0
    26.004   126.324   -0.1   -0.1   -0.0
    26.013   126.324   -0.1   -0.1   -0.0
    26.022   126.324   -0.1   -0.1   -0.0
    26.031   126.324   -0.1   -0.1   -0.0
    26.040   126.324   -0.1   -0.1   -0.0
    26.049   126.324   -0.1   -0.1   -0.0
    26.058   126.324   -0.1   -0.1   -0.0
    26.067   126.324   -0.1   -0.1   -0.0
    26.076   126.324   -0.1   -0.1   -0.0
    26.085   126.324   -0.1   -0.1   -0.0
    26.094   126.324   -0.1   -0.1   -0.0
    26.103   126.324   -0.1   -0.1   -0.0
    26.112   126.324   -0.1   -0.1   -0.0
    26.121   126.324   -0.1   -0.1   -0.0
    26.130   126.324   -0.1   -0.1   -0.0
    26.139   126.324   -0.1   -0.1   -0.0
    26.148   126.324   -0.1   -0.1   -0.0
    26.157   126.324   -0.1   -0.1   -0.0
    26.166   126.324   -0.1   -0.1   -0.0
    26.175   126.324   -0.1   -0.1   -0.0
    26.184   126.324   -0.1   -0.1   -0.0
    26.193   126.324   -0.1   -0.1   -0.0
    26.202   126.324   -0.1   -0.1   -0.0
    26.211   126.324   -0.1   -0.1   -0.0
    26.220   126.324   -0.1   -0.1   -0.0
    26.229   126.324   -0.1   -0.1   -0.0
    26.238   126.324   -0.1   -0.1    0.0
    26.247   126.324   -0.1   -0.1    0.0
    26.256   126.324   -0.1   -0.1    0.0
    26.265   126.324   -0.1   -0.1    0.0
    26.274   126.324   -0.1   -0.1    0.0
    26.283   126.324   -0.1   -0.1    0.0
    26.292   126.324   -0.1   -0.1    0.0
    26.301   126.324   -0.1   -0.1    0.0
    26.310   126.324   -0.1   -0.1    0.0
    26.319   126.324   -0.1   -0.1    0.0
    26.328   126.324   -0.1   -0.1    0.0
    26.337   126.324   -0.1   -0.1    0.0
    26.346   126.324   -0.1   -0.1    0.0
    26.355   126.324   -0.1   -0.1    0.0
    26.364   126.324   -0.1   -0.1    0.0
    26.373   126.324   -0.1   -0.1    0.0
    26.382   126.324   -0.1   -0.1    0.0
    26.391   126.324   -0.1   -0.1    0.0
    26.400   126.324   -0.1   -0.1    0.0
    26.409   126.324   -0.1   -0.1    0.0
    26.418   126.324   -0.1   -0.1    0.0
    26.427   126.324   -0.1   -0.1    0.0
    26.436   126.324   -0.1   -0.1    0.0
    26.445   126.324   -0.1   -0.1    0.0
    26.454   126.324   -0.1   -0.1    0.0
    26.463   126.324   -0.1   -0.1    0.0
    26.472   126.324   -0.1   -0.1    0.0
    26.481   126.324   -0.1   -0.1    0.0
    26.490   126.324   -0.1   -0.1    0.0
    26.499   126.324   -0.1   -0.1    0.0
    26.508   126.324   -0.1   -0.1    0.0
    26.517   126.324   -0.1   -0.1    0.0
    26.526   126.324   -0.1   -0.1    0.0
    25.626   126.334    0.1   -0.1   -0.0
    25.635   126.334    0.1   -0.1   -0.0
    25.644   126.334    0.1   -0.1   -0.0
    25.653   126.334    0.1   -0.1   -0.0
    25.662   126.334    0.1   -0.1   -0.0
    25.671   126.334    0.1   -0.1   -0.0
    25.680   126.334    0.1   -0.1   -0.0
    25.689   126.334    0.1   -0.1   -0.0
    25.698   126.334    0.1   -0.1   -0.0
    25.707   126.334    0.1   -0.1   -0.0
    25.716   126.334    0.1   -0.1   -0.0
    25.725   126.334    0.1   -0.1   -0.0
    25.734   126.334    0.1   -0.1   -0.0
    25.743   126.334    0.1   -0.1   -0.0
    25.752   126.334    0.1   -0.1   -0.0
    25.761   126.334    0.1   -0.1   -0.0
    25.770   126.334    0.1   -0.1   -0.0
    25.779   126.334    0.0   -0.1   -0.0
    25.788   126.334    0.0   -0.1   -0.0
    25.797   126.334    0.0   -0.1   -0.0
    25.806   126.334    0.0   -0.1   -0.0
    25.815   126.334    0.0   -0.1   -0.0
    25.824   126.334    0.0   -0.1   -0.0
    25.833   126.334    0.0   -0.1   -0.0
    25.842   126.334    0.0   -0.1   -0.0
    25.851   126.334    0.0   -0.1   -0.0
    25.860   126.334   -0.0   -0.1   -0.0
    25.869   126.334   -0.0   -0.1   -0.0
    25.878   126.334   -0.0   -0.1   -0.0
    25.887   126.334   -0.0   -0.1   -0.0
    25.896   126.334   -0.0   -0.1   -0.0
    25.905   126.334   -0.0   -0.1   -0.0
    25.914   126.334   -0.0   -0.1   -0.0
    25.923   126.334   -0.0   -0.1   -0.0
    25.932   126.334   -0.1   -0.1   -0.0
    25.941   126.334   -0.1   -0.1   -0.0
    25.950   126.334   -0.1   -0.1   -0.0
    25.959   126.334   -0.1   -0.1   -0.0
    25.968   126.334   -0.1   -0.1   -0.0
    25.977   126.334   -0.1   -0.1   -0.0
    25.986   126.334   -0.1   -0.1   -0.0
    25.995   126.334   -0.1   -0.1   -0.0
    26.004   126.334   -0.1   -0.1   -0.0
    26.013   126.334   -0.1   -0.1   -0.0
    26.022   126.334   -0.1   -0.1   -0.0
    26.031   126.334   -0.1   -0.1   -0.0
    26.040   126.334   -0.1   -0.1   -0.0
    26.049   126.334   -0.1   -0.1   -0.0
    26.058   126.334   -0.1   -0.1   -0.0
    26.067   126.334   -0.1   -0.1   -0.0
    26.076   126.334   -0.1   -0.1   -0.0
    26.085   126.334   -0.1   -0.1   -0.0
    26.094   126.334   -0.1   -0.1   -0.0
    26.103   126.334   -0.1   -0.1   -0.0
    26.112   126.334   -0.1   -0.1   -0.0
    26.121   126.334   -0.1   -0.1   -0.0
    26.130   126.334   -0.1   -0.1   -0.0
    26.139   126.334   -0.1   -0.1   -0.0
    26.148   126.334   -0.1   -0.1   -0.0
    26.157   126.334   -0.1   -0.1   -0.0
    26.166   126.334   -0.1   -0.1   -0.0
    26.175   126.334   -0.1   -0.1   -0.0
    26.184   126.334   -0.1   -0.1   -0.0
    26.193   126.334   -0.1   -0.1   -0.0
    26.202   126.334   -0.1   -0.1   -0.0
    26.211   126.334   -0.1   -0.1   -0.0
    26.220   126.334   -0.1   -0.1   -0.0
    26.229   126.334   -0.1   -0.1    0.0
    26.238   126.334   -0.1   -0.1    0.0
    26.247   126.334   -0.1   -0.1    0.0
    26.256   126.334   -0.1   -0.1    0.0
    26.265   126.334   -0.1   -0.1    0.0
    26.274   126.334   -0.1   -0.1    0.0
    26.283   126.334   -0.1   -0.1    0.0
    26.292   126.334   -0.1   -0.1    0.0
    26.301   126.334   -0.1   -0.1    0.0
    26.310   126.334   -0.1   -0.1    0.0
    26.319   126.334   -0.1   -0.1    0.0
    26.328   126.334   -0.1   -0.1    0.0
    26.337   126.334   -0.1   -0.1    0.0
    26.346   126.334   -0.1   -0.1    0.0
    26.355   126.334   -0.1   -0.1    0.0
    26.364   126.334   -0.1   -0.1    0.0
    26.373   126.334   -0.1   -0.1    0.0
    26.382   126.334   -0.1   -0.1    0.0
    26.391   126.334   -0.1   -0.1    0.0
    26.400   126.334   -0.1   -0.1    0.0
    26.409   126.334   -0.1   -0.1    0.0
    26.418   126.334   -0.1   -0.1    0.0
    26.427   126.334   -0.1   -0.1    0.0
    26.436   126.334   -0.1   -0.1    0.0
    26.445   126.334   -0.1   -0.1    0.0
    26.454   126.334   -0.1   -0.1    0.0
    26.463   126.334   -0.1   -0.1    0.0
    26.472   126.334   -0.1   -0.1    0.0
    26.481   126.334   -0.1   -0.1    0.0
    26.490   126.334   -0.1   -0.1    0.0
    26.499   126.334   -0.1   -0.1    0.0
    26.508   126.334   -0.1   -0.1    0.0
    26.517   126.334   -0.1   -0.1    0.0
    26.526   126.334   -0.1   -0.1    0.0
    25.626   126.344    0.1   -0.1   -0.0
    25.635   126.344    0.1   -0.1   -0.0
    25.644   126.344    0.1   -0.1   -0.0
    25.653   126.344    0.1   -0.1   -0.0
    25.662   126.344    0.1   -0.1   -0.0
    25.671   126.344    0.1   -0.1   -0.0
    25.680   126.344    0.1   -0.1   -0.0
    25.689   126.344    0.1   -0.1   -0.0
    25.698   126.344    0.1   -0.1   -0.0
    25.707   126.344    0.1   -0.1   -0.0
    25.716   126.344    0.1   -0.1   -0.0
    25.725   126.344    0.1   -0.1   -0.0
    25.734   126.344    0.1   -0.1   -0.0
    25.743   126.344    0.1   -0.1   -0.0
    25.752   126.344    0.1   -0.1   -0.0
    25.761   126.344    0.1   -0.1   -0.0
    25.770   126.344    0.1   -0.1   -0.0
    25.779   126.344    0.0   -0.1   -0.0
    25.788   126.344    0.0   -0.1   -0.0
    25.797   126.344    0.0   -0.1   -0.0
    25.806   126.344    0.0   -0.1   -0.0
    25.815   126.344    0.0   -0.1   -0.0
    25.824   126.344    0.0   -0.1   -0.0
    25.833   126.344    0.0   -0.1   -0.0
    25.842   126.344    0.0   -0.1   -0.0
    25.851   126.344    0.0   -0.1   -0.0
    25.860   126.344   -0.0   -0.1   -0.0
    25.869   126.344   -0.0   -0.1   -0.0
    25.878   126.344   -0.0   -0.1   -0.0
    25.887   126.344   -0.0   -0.1   -0.0
    25.896   126.344   -0.0   -0.1   -0.0
    25.905   126.344   -0.0   -0.1   -0.0
    25.914   126.344   -0.0   -0.1   -0.0
    25.923   126.344   -0.0   -0.1   -0.0
    25.932   126.344   -0.0   -0.1   -0.0
    25.941   126.344   -0.1   -0.1   -0.0
    25.950   126.344   -0.1   -0.1   -0.0
    25.959   126.344   -0.1   -0.1   -0.0
    25.968   126.344   -0.1   -0.1   -0.0
    25.977   126.344   -0.1   -0.1   -0.0
    25.986   126.344   -0.1   -0.1   -0.0
    25.995   126.344   -0.1   -0.1   -0.0
    26.004   126.344   -0.1   -0.1   -0.0
    26.013   126.344   -0.1   -0.1   -0.0
    26.022   126.344   -0.1   -0.1   -0.0
    26.031   126.344   -0.1   -0.1   -0.0
    26.040   126.344   -0.1   -0.1   -0.0
    26.049   126.344   -0.1   -0.1   -0.0
    26.058   126.344   -0.1   -0.1   -0.0
    26.067   126.344   -0.1   -0.1   -0.0
    26.076   126.344   -0.1   -0.1   -0.0
    26.085   126.344   -0.1   -0.1   -0.0
    26.094   126.344   -0.1   -0.1   -0.0
    26.103   126.344   -0.1   -0.1   -0.0
    26.112   126.344   -0.1   -0.1   -0.0
    26.121   126.344   -0.1   -0.1   -0.0
    26.130   126.344   -0.1   -0.1   -0.0
    26.139   126.344   -0.1   -0.1   -0.0
    26.148   126.344   -0.1   -0.1   -0.0
    26.157   126.344   -0.1   -0.1   -0.0
    26.166   126.344   -0.1   -0.1   -0.0
    26.175   126.344   -0.1   -0.1   -0.0
    26.184   126.344   -0.1   -0.1   -0.0
    26.193   126.344   -0.1   -0.1   -0.0
    26.202   126.344   -0.1   -0.1   -0.0
    26.211   126.344   -0.1   -0.1   -0.0
    26.220   126.344   -0.1   -0.1   -0.0
    26.229   126.344   -0.1   -0.1    0.0
    26.238   126.344   -0.1   -0.1    0.0
    26.247   126.344   -0.1   -0.1    0.0
    26.256   126.344   -0.1   -0.1    0.0
    26.265   126.344   -0.1   -0.1    0.0
    26.274   126.344   -0.1   -0.1    0.0
    26.283   126.344   -0.1   -0.1    0.0
    26.292   126.344   -0.1   -0.1    0.0
    26.301   126.344   -0.1   -0.1    0.0
    26.310   126.344   -0.1   -0.1    0.0
    26.319   126.344   -0.1   -0.1    0.0
    26.328   126.344   -0.1   -0.1    0.0
    26.337   126.344   -0.1   -0.1    0.0
    26.346   126.344   -0.1   -0.1    0.0
    26.355   126.344   -0.1   -0.1    0.0
    26.364   126.344   -0.1   -0.1    0.0
    26.373   126.344   -0.1   -0.1    0.0
    26.382   126.344   -0.1   -0.1    0.0
    26.391   126.344   -0.1   -0.1    0.0
    26.400   126.344   -0.1   -0.1    0.0
    26.409   126.344   -0.1   -0.1    0.0
    26.418   126.344   -0.1   -0.1    0.0
    26.427   126.344   -0.1   -0.1    0.0
    26.436   126.344   -0.1   -0.1    0.0
    26.445   126.344   -0.1   -0.1    0.0
    26.454   126.344   -0.1   -0.1    0.0
    26.463   126.344   -0.1   -0.1    0.0
    26.472   126.344   -0.1   -0.1    0.0
    26.481   126.344   -0.1   -0.1    0.0
    26.490   126.344   -0.1   -0.1    0.0
    26.499   126.344   -0.1   -0.1    0.0
    26.508   126.344   -0.1   -0.1    0.0
    26.517   126.344   -0.1   -0.1    0.0
    26.526   126.344   -0.1   -0.1    0.0
    25.626   126.354    0.1   -0.1   -0.0
    25.635   126.354    0.1   -0.1   -0.0
    25.644   126.354    0.1   -0.1   -0.0
    25.653   126.354    0.1   -0.1   -0.0
    25.662   126.354    0.1   -0.1   -0.0
    25.671   126.354    0.1   -0.1   -0.0
    25.680   126.354    0.1   -0.1   -0.0
    25.689   126.354    0.1   -0.1   -0.0
    25.698   126.354    0.1   -0.1   -0.0
    25.707   126.354    0.1   -0.1   -0.0
    25.716   126.354    0.1   -0.1   -0.0
    25.725   126.354    0.1   -0.1   -0.0
    25.734   126.354    0.1   -0.1   -0.0
    25.743   126.354    0.1   -0.1   -0.0
    25.752   126.354    0.1   -0.1   -0.0
    25.761   126.354    0.1   -0.1   -0.0
    25.770   126.354    0.0   -0.1   -0.0
    25.779   126.354    0.0   -0.1   -0.0
    25.788   126.354    0.0   -0.1   -0.0
    25.797   126.354    0.0   -0.1   -0.0
    25.806   126.354    0.0   -0.1   -0.0
    25.815   126.354    0.0   -0.1   -0.0
    25.824   126.354    0.0   -0.1   -0.0
    25.833   126.354    0.0   -0.1   -0.0
    25.842   126.354    0.0   -0.1   -0.0
    25.851   126.354    0.0   -0.1   -0.0
    25.860   126.354   -0.0   -0.1   -0.0
    25.869   126.354   -0.0   -0.1   -0.0
    25.878   126.354   -0.0   -0.1   -0.0
    25.887   126.354   -0.0   -0.1   -0.0
    25.896   126.354   -0.0   -0.1   -0.0
    25.905   126.354   -0.0   -0.1   -0.0
    25.914   126.354   -0.0   -0.1   -0.0
    25.923   126.354   -0.0   -0.1   -0.0
    25.932   126.354   -0.0   -0.1   -0.0
    25.941   126.354   -0.1   -0.1   -0.0
    25.950   126.354   -0.1   -0.1   -0.0
    25.959   126.354   -0.1   -0.1   -0.0
    25.968   126.354   -0.1   -0.1   -0.0
    25.977   126.354   -0.1   -0.1   -0.0
    25.986   126.354   -0.1   -0.1   -0.0
    25.995   126.354   -0.1   -0.1   -0.0
    26.004   126.354   -0.1   -0.1   -0.0
    26.013   126.354   -0.1   -0.1   -0.0
    26.022   126.354   -0.1   -0.1   -0.0
    26.031   126.354   -0.1   -0.1   -0.0
    26.040   126.354   -0.1   -0.1   -0.0
    26.049   126.354   -0.1   -0.1   -0.0
    26.058   126.354   -0.1   -0.1   -0.0
    26.067   126.354   -0.1   -0.1   -0.0
    26.076   126.354   -0.1   -0.1   -0.0
    26.085   126.354   -0.1   -0.1   -0.0
    26.094   126.354   -0.1   -0.1   -0.0
    26.103   126.354   -0.1   -0.1   -0.0
    26.112   126.354   -0.1   -0.1   -0.0
    26.121   126.354   -0.1   -0.1   -0.0
    26.130   126.354   -0.1   -0.1   -0.0
    26.139   126.354   -0.1   -0.1   -0.0
    26.148   126.354   -0.1   -0.1   -0.0
    26.157   126.354   -0.1   -0.1   -0.0
    26.166   126.354   -0.1   -0.1   -0.0
    26.175   126.354   -0.1   -0.1   -0.0
    26.184   126.354   -0.1   -0.1   -0.0
    26.193   126.354   -0.1   -0.1   -0.0
    26.202   126.354   -0.1   -0.1   -0.0
    26.211   126.354   -0.1   -0.1   -0.0
    26.220   126.354   -0.1   -0.1    0.0
    26.229   126.354   -0.1   -0.1    0.0
    26.238   126.354   -0.1   -0.1    0.0
    26.247   126.354   -0.1   -0.1    0.0
    26.256   126.354   -0.1   -0.1    0.0
    26.265   126.354   -0.1   -0.1    0.0
    26.274   126.354   -0.1   -0.1    0.0
    26.283   126.354   -0.1   -0.1    0.0
    26.292   126.354   -0.1   -0.1    0.0
    26.301   126.354   -0.1   -0.1    0.0
    26.310   126.354   -0.1   -0.1    0.0
    26.319   126.354   -0.1   -0.1    0.0
    26.328   126.354   -0.1   -0.1    0.0
    26.337   126.354   -0.1   -0.1    0.0
    26.346   126.354   -0.1   -0.1    0.0
    26.355   126.354   -0.1   -0.1    0.0
    26.364   126.354   -0.1   -0.1    0.0
    26.373   126.354   -0.1   -0.1    0.0
    26.382   126.354   -0.1   -0.1    0.0
    26.391   126.354   -0.1   -0.1    0.0
    26.400   126.354   -0.1   -0.1    0.0
    26.409   126.354   -0.1   -0.1    0.0
    26.418   126.354   -0.1   -0.1    0.0
    26.427   126.354   -0.1   -0.1    0.0
    26.436   126.354   -0.1   -0.1    0.0
    26.445   126.354   -0.1   -0.1    0.0
    26.454   126.354   -0.1   -0.1    0.0
    26.463   126.354   -0.1   -0.1    0.0
    26.472   126.354   -0.1   -0.1    0.0
    26.481   126.354   -0.1   -0.1    0.0
    26.490   126.354   -0.1   -0.1    0.0
    26.499   126.354   -0.1   -0.1    0.0
    26.508   126.354   -0.1   -0.1    0.0
    26.517   126.354   -0.1   -0.1    0.0
    26.526   126.354   -0.1   -0.1    0.0
    25.626   126.364    0.1   -0.1   -0.0
    25.635   126.364    0.1   -0.1   -0.0
    25.644   126.364    0.1   -0.1   -0.0
    25.653   126.364    0.1   -0.1   -0.0
    25.662   126.364    0.1   -0.1   -0.0
    25.671   126.364    0.1   -0.1   -0.0
    25.680   126.364    0.1   -0.1   -0.0
    25.689   126.364    0.1   -0.1   -0.0
    25.698   126.364    0.1   -0.1   -0.0
    25.707   126.364    0.1   -0.1   -0.0
    25.716   126.364    0.1   -0.1   -0.0
    25.725   126.364    0.1   -0.1   -0.0
    25.734   126.364    0.1   -0.1   -0.0
    25.743   126.364    0.1   -0.1   -0.0
    25.752   126.364    0.1   -0.1   -0.0
    25.761   126.364    0.1   -0.1   -0.0
    25.770   126.364    0.0   -0.1   -0.0
    25.779   126.364    0.0   -0.1   -0.0
    25.788   126.364    0.0   -0.1   -0.0
    25.797   126.364    0.0   -0.1   -0.0
    25.806   126.364    0.0   -0.1   -0.0
    25.815   126.364    0.0   -0.1   -0.0
    25.824   126.364    0.0   -0.1   -0.0
    25.833   126.364    0.0   -0.1   -0.0
    25.842   126.364    0.0   -0.1   -0.0
    25.851   126.364    0.0   -0.1   -0.0
    25.860   126.364   -0.0   -0.1   -0.0
    25.869   126.364   -0.0   -0.1   -0.0
    25.878   126.364   -0.0   -0.1   -0.0
    25.887   126.364   -0.0   -0.1   -0.0
    25.896   126.364   -0.0   -0.1   -0.0
    25.905   126.364   -0.0   -0.1   -0.0
    25.914   126.364   -0.0   -0.1   -0.0
    25.923   126.364   -0.0   -0.1   -0.0
    25.932   126.364   -0.0   -0.1   -0.0
    25.941   126.364   -0.0   -0.1   -0.0
    25.950   126.364   -0.1   -0.1   -0.0
    25.959   126.364   -0.1   -0.1   -0.0
    25.968   126.364   -0.1   -0.1   -0.0
    25.977   126.364   -0.1   -0.1   -0.0
    25.986   126.364   -0.1   -0.1   -0.0
    25.995   126.364   -0.1   -0.1   -0.0
    26.004   126.364   -0.1   -0.1   -0.0
    26.013   126.364   -0.1   -0.1   -0.0
    26.022   126.364   -0.1   -0.1   -0.0
    26.031   126.364   -0.1   -0.1   -0.0
    26.040   126.364   -0.1   -0.1   -0.0
    26.049   126.364   -0.1   -0.1   -0.0
    26.058   126.364   -0.1   -0.1   -0.0
    26.067   126.364   -0.1   -0.1   -0.0
    26.076   126.364   -0.1   -0.1   -0.0
    26.085   126.364   -0.1   -0.1   -0.0
    26.094   126.364   -0.1   -0.1   -0.0
    26.103   126.364   -0.1   -0.1   -0.0
    26.112   126.364   -0.1   -0.1   -0.0
    26.121   126.364   -0.1   -0.1   -0.0
    26.130   126.364   -0.1   -0.1   -0.0
    26.139   126.364   -0.1   -0.1   -0.0
    26.148   126.364   -0.1   -0.1   -0.0
    26.157   126.364   -0.1   -0.1   -0.0
    26.166   126.364   -0.1   -0.1   -0.0
    26.175   126.364   -0.1   -0.1   -0.0
    26.184   126.364   -0.1   -0.1   -0.0
    26.193   126.364   -0.1   -0.1   -0.0
    26.202   126.364   -0.1   -0.1   -0.0
    26.211   126.364   -0.1   -0.1    0.0
    26.220   126.364   -0.1   -0.1    0.0
    26.229   126.364   -0.1   -0.1    0.0
    26.238   126.364   -0.1   -0.1    0.0
    26.247   126.364   -0.1   -0.1    0.0
    26.256   126.364   -0.1   -0.1    0.0
    26.265   126.364   -0.1   -0.1    0.0
    26.274   126.364   -0.1   -0.1    0.0
    26.283   126.364   -0.1   -0.1    0.0
    26.292   126.364   -0.1   -0.1    0.0
    26.301   126.364   -0.1   -0.1    0.0
    26.310   126.364   -0.1   -0.1    0.0
    26.319   126.364   -0.1   -0.1    0.0
    26.328   126.364   -0.1   -0.1    0.0
    26.337   126.364   -0.1   -0.1    0.0
    26.346   126.364   -0.1   -0.1    0.0
    26.355   126.364   -0.1   -0.1    0.0
    26.364   126.364   -0.1   -0.1    0.0
    26.373   126.364   -0.1   -0.1    0.0
    26.382   126.364   -0.1   -0.1    0.0
    26.391   126.364   -0.1   -0.1    0.0
    26.400   126.364   -0.1   -0.1    0.0
    26.409   126.364   -0.1   -0.1    0.0
    26.418   126.364   -0.1   -0.1    0.0
    26.427   126.364   -0.1   -0.1    0.0
    26.436   126.364   -0.1   -0.1    0.0
    26.445   126.364   -0.1   -0.1    0.0
    26.454   126.364   -0.1   -0.1    0.0
    26.463   126.364   -0.1   -0.1    0.0
    26.472   126.364   -0.1   -0.1    0.0
    26.481   126.364   -0.1   -0.1    0.0
    26.490   126.364   -0.1   -0.1    0.0
    26.499   126.364   -0.1   -0.1    0.0
    26.508   126.364   -0.1   -0.1    0.0
    26.517   126.364   -0.1   -0.1    0.0
    26.526   126.364   -0.1   -0.1    0.0
    25.626   126.374    0.1   -0.1   -0.0
    25.635   126.374    0.1   -0.1   -0.0
    25.644   126.374    0.1   -0.1   -0.0
    25.653   126.374    0.1   -0.1   -0.0
    25.662   126.374    0.1   -0.1   -0.0
    25.671   126.374    0.1   -0.1   -0.0
    25.680   126.374    0.1   -0.1   -0.0
    25.689   126.374    0.1   -0.1   -0.0
    25.698   126.374    0.1   -0.1   -0.0
    25.707   126.374    0.1   -0.1   -0.0
    25.716   126.374    0.1   -0.1   -0.0
    25.725   126.374    0.1   -0.1   -0.0
    25.734   126.374    0.1   -0.1   -0.0
    25.743   126.374    0.1   -0.1   -0.0
    25.752   126.374    0.1   -0.1   -0.0
    25.761   126.374    0.0   -0.1   -0.0
    25.770   126.374    0.0   -0.1   -0.0
    25.779   126.374    0.0   -0.1   -0.0
    25.788   126.374    0.0   -0.1   -0.0
    25.797   126.374    0.0   -0.1   -0.0
    25.806   126.374    0.0   -0.1   -0.0
    25.815   126.374    0.0   -0.1   -0.0
    25.824   126.374    0.0   -0.1   -0.0
    25.833   126.374    0.0   -0.1   -0.0
    25.842   126.374    0.0   -0.1   -0.0
    25.851   126.374    0.0   -0.1   -0.0
    25.860   126.374   -0.0   -0.0   -0.0
    25.869   126.374   -0.0   -0.0   -0.0
    25.878   126.374   -0.0   -0.1   -0.0
    25.887   126.374   -0.0   -0.1   -0.0
    25.896   126.374   -0.0   -0.1   -0.0
    25.905   126.374   -0.0   -0.1   -0.0
    25.914   126.374   -0.0   -0.1   -0.0
    25.923   126.374   -0.0   -0.1   -0.0
    25.932   126.374   -0.0   -0.1   -0.0
    25.941   126.374   -0.0   -0.1   -0.0
    25.950   126.374   -0.1   -0.1   -0.0
    25.959   126.374   -0.1   -0.1   -0.0
    25.968   126.374   -0.1   -0.1   -0.0
    25.977   126.374   -0.1   -0.1   -0.0
    25.986   126.374   -0.1   -0.1   -0.0
    25.995   126.374   -0.1   -0.1   -0.0
    26.004   126.374   -0.1   -0.1   -0.0
    26.013   126.374   -0.1   -0.1   -0.0
    26.022   126.374   -0.1   -0.1   -0.0
    26.031   126.374   -0.1   -0.1   -0.0
    26.040   126.374   -0.1   -0.1   -0.0
    26.049   126.374   -0.1   -0.1   -0.0
    26.058   126.374   -0.1   -0.1   -0.0
    26.067   126.374   -0.1   -0.1   -0.0
    26.076   126.374   -0.1   -0.1   -0.0
    26.085   126.374   -0.1   -0.1   -0.0
    26.094   126.374   -0.1   -0.1   -0.0
    26.103   126.374   -0.1   -0.1   -0.0
    26.112   126.374   -0.1   -0.1   -0.0
    26.121   126.374   -0.1   -0.1   -0.0
    26.130   126.374   -0.1   -0.1   -0.0
    26.139   126.374   -0.1   -0.1   -0.0
    26.148   126.374   -0.1   -0.1   -0.0
    26.157   126.374   -0.1   -0.1   -0.0
    26.166   126.374   -0.1   -0.1   -0.0
    26.175   126.374   -0.1   -0.1   -0.0
    26.184   126.374   -0.1   -0.1   -0.0
    26.193   126.374   -0.1   -0.1   -0.0
    26.202   126.374   -0.1   -0.1    0.0
    26.211   126.374   -0.1   -0.1    0.0
    26.220   126.374   -0.1   -0.1    0.0
    26.229   126.374   -0.1   -0.1    0.0
    26.238   126.374   -0.1   -0.1    0.0
    26.247   126.374   -0.1   -0.1    0.0
    26.256   126.374   -0.1   -0.1    0.0
    26.265   126.374   -0.1   -0.1    0.0
    26.274   126.374   -0.1   -0.1    0.0
    26.283   126.374   -0.1   -0.1    0.0
    26.292   126.374   -0.1   -0.1    0.0
    26.301   126.374   -0.1   -0.1    0.0
    26.310   126.374   -0.1   -0.1    0.0
    26.319   126.374   -0.1   -0.1    0.0
    26.328   126.374   -0.1   -0.1    0.0
    26.337   126.374   -0.1   -0.1    0.0
    26.346   126.374   -0.1   -0.1    0.0
    26.355   126.374   -0.1   -0.1    0.0
    26.364   126.374   -0.1   -0.1    0.0
    26.373   126.374   -0.1   -0.1    0.0
    26.382   126.374   -0.1   -0.1    0.0
    26.391   126.374   -0.1   -0.1    0.0
    26.400   126.374   -0.1   -0.1    0.0
    26.409   126.374   -0.1   -0.1    0.0
    26.418   126.374   -0.1   -0.1    0.0
    26.427   126.374   -0.1   -0.1    0.0
    26.436   126.374   -0.1   -0.1    0.0
    26.445   126.374   -0.1   -0.1    0.0
    26.454   126.374   -0.1   -0.1    0.0
    26.463   126.374   -0.1   -0.1    0.0
    26.472   126.374   -0.1   -0.1    0.0
    26.481   126.374   -0.1   -0.1    0.0
    26.490   126.374   -0.1   -0.1    0.0
    26.499   126.374   -0.1   -0.1    0.0
    26.508   126.374   -0.1   -0.1    0.0
    26.517   126.374   -0.1   -0.1    0.0
    26.526   126.374   -0.1   -0.1    0.0
    25.626   126.384    0.1   -0.1   -0.0
    25.635   126.384    0.1   -0.1   -0.0
    25.644   126.384    0.1   -0.1   -0.0
    25.653   126.384    0.1   -0.1   -0.0
    25.662   126.384    0.1   -0.1   -0.0
    25.671   126.384    0.1   -0.1   -0.0
    25.680   126.384    0.1   -0.1   -0.0
    25.689   126.384    0.1   -0.1   -0.0
    25.698   126.384    0.1   -0.1   -0.0
    25.707   126.384    0.1   -0.1   -0.0
    25.716   126.384    0.1   -0.1   -0.0
    25.725   126.384    0.1   -0.1   -0.0
    25.734   126.384    0.1   -0.1   -0.0
    25.743   126.384    0.1   -0.1   -0.0
    25.752   126.384    0.0   -0.1   -0.0
    25.761   126.384    0.0   -0.1   -0.0
    25.770   126.384    0.0   -0.1   -0.0
    25.779   126.384    0.0   -0.1   -0.0
    25.788   126.384    0.0   -0.1   -0.0
    25.797   126.384    0.0   -0.1   -0.0
    25.806   126.384    0.0   -0.1   -0.0
    25.815   126.384    0.0   -0.1   -0.0
    25.824   126.384    0.0   -0.0   -0.0
    25.833   126.384    0.0   -0.0   -0.0
    25.842   126.384    0.0   -0.0   -0.0
    25.851   126.384    0.0   -0.0   -0.0
    25.860   126.384   -0.0   -0.0   -0.0
    25.869   126.384   -0.0   -0.0   -0.0
    25.878   126.384   -0.0   -0.0   -0.0
    25.887   126.384   -0.0   -0.0   -0.0
    25.896   126.384   -0.0   -0.0   -0.0
    25.905   126.384   -0.0   -0.0   -0.0
    25.914   126.384   -0.0   -0.0   -0.0
    25.923   126.384   -0.0   -0.1   -0.0
    25.932   126.384   -0.0   -0.1   -0.0
    25.941   126.384   -0.0   -0.1   -0.0
    25.950   126.384   -0.0   -0.1   -0.0
    25.959   126.384   -0.1   -0.1   -0.0
    25.968   126.384   -0.1   -0.1   -0.0
    25.977   126.384   -0.1   -0.1   -0.0
    25.986   126.384   -0.1   -0.1   -0.0
    25.995   126.384   -0.1   -0.1   -0.0
    26.004   126.384   -0.1   -0.1   -0.0
    26.013   126.384   -0.1   -0.1   -0.0
    26.022   126.384   -0.1   -0.1   -0.0
    26.031   126.384   -0.1   -0.1   -0.0
    26.040   126.384   -0.1   -0.1   -0.0
    26.049   126.384   -0.1   -0.1   -0.0
    26.058   126.384   -0.1   -0.1   -0.0
    26.067   126.384   -0.1   -0.1   -0.0
    26.076   126.384   -0.1   -0.1   -0.0
    26.085   126.384   -0.1   -0.1   -0.0
    26.094   126.384   -0.1   -0.1   -0.0
    26.103   126.384   -0.1   -0.1   -0.0
    26.112   126.384   -0.1   -0.1   -0.0
    26.121   126.384   -0.1   -0.1   -0.0
    26.130   126.384   -0.1   -0.1   -0.0
    26.139   126.384   -0.1   -0.1   -0.0
    26.148   126.384   -0.1   -0.1   -0.0
    26.157   126.384   -0.1   -0.1   -0.0
    26.166   126.384   -0.1   -0.1   -0.0
    26.175   126.384   -0.1   -0.1   -0.0
    26.184   126.384   -0.1   -0.1   -0.0
    26.193   126.384   -0.1   -0.1    0.0
    26.202   126.384   -0.1   -0.1    0.0
    26.211   126.384   -0.1   -0.1    0.0
    26.220   126.384   -0.1   -0.1    0.0
    26.229   126.384   -0.1   -0.1    0.0
    26.238   126.384   -0.1   -0.1    0.0
    26.247   126.384   -0.1   -0.1    0.0
    26.256   126.384   -0.1   -0.1    0.0
    26.265   126.384   -0.1   -0.1    0.0
    26.274   126.384   -0.1   -0.1    0.0
    26.283   126.384   -0.1   -0.1    0.0
    26.292   126.384   -0.1   -0.1    0.0
    26.301   126.384   -0.1   -0.1    0.0
    26.310   126.384   -0.1   -0.1    0.0
    26.319   126.384   -0.1   -0.1    0.0
    26.328   126.384   -0.1   -0.1    0.0
    26.337   126.384   -0.1   -0.1    0.0
    26.346   126.384   -0.1   -0.1    0.0
    26.355   126.384   -0.1   -0.1    0.0
    26.364   126.384   -0.1   -0.1    0.0
    26.373   126.384   -0.1   -0.1    0.0
    26.382   126.384   -0.1   -0.1    0.0
    26.391   126.384   -0.1   -0.1    0.0
    26.400   126.384   -0.1   -0.1    0.0
    26.409   126.384   -0.1   -0.1    0.0
    26.418   126.384   -0.1   -0.1    0.0
    26.427   126.384   -0.1   -0.1    0.0
    26.436   126.384   -0.1   -0.1    0.0
    26.445   126.384   -0.1   -0.1    0.0
    26.454   126.384   -0.1   -0.1    0.0
    26.463   126.384   -0.1   -0.1    0.0
    26.472   126.384   -0.1   -0.1    0.0
    26.481   126.384   -0.1   -0.1    0.0
    26.490   126.384   -0.1   -0.1    0.0
    26.499   126.384   -0.1   -0.1    0.0
    26.508   126.384   -0.1   -0.1    0.0
    26.517   126.384   -0.1   -0.1    0.0
    26.526   126.384   -0.1   -0.1    0.0
    25.626   126.394    0.1   -0.1   -0.0
    25.635   126.394    0.1   -0.1   -0.0
    25.644   126.394    0.1   -0.1   -0.0
    25.653   126.394    0.1   -0.1   -0.0
    25.662   126.394    0.1   -0.1   -0.0
    25.671   126.394    0.1   -0.1   -0.0
    25.680   126.394    0.1   -0.1   -0.0
    25.689   126.394    0.1   -0.1   -0.0
    25.698   126.394    0.1   -0.1   -0.0
    25.707   126.394    0.1   -0.1   -0.0
    25.716   126.394    0.1   -0.1   -0.0
    25.725   126.394    0.1   -0.1   -0.0
    25.734   126.394    0.1   -0.1   -0.0
    25.743   126.394    0.1   -0.1   -0.0
    25.752   126.394    0.0   -0.1   -0.0
    25.761   126.394    0.0   -0.1   -0.0
    25.770   126.394    0.0   -0.1   -0.0
    25.779   126.394    0.0   -0.1   -0.0
    25.788   126.394    0.0   -0.1   -0.0
    25.797   126.394    0.0   -0.0   -0.0
    25.806   126.394    0.0   -0.0   -0.0
    25.815   126.394    0.0   -0.0   -0.0
    25.824   126.394    0.0   -0.0   -0.0
    25.833   126.394    0.0   -0.0   -0.0
    25.842   126.394    0.0   -0.0   -0.0
    25.851   126.394    0.0   -0.0   -0.0
    25.860   126.394    0.0   -0.0   -0.0
    25.869   126.394   -0.0   -0.0   -0.0
    25.878   126.394   -0.0   -0.0   -0.0
    25.887   126.394   -0.0   -0.0   -0.0
    25.896   126.394   -0.0   -0.0   -0.0
    25.905   126.394   -0.0   -0.0   -0.0
    25.914   126.394   -0.0   -0.0   -0.0
    25.923   126.394   -0.0   -0.0   -0.0
    25.932   126.394   -0.0   -0.0   -0.0
    25.941   126.394   -0.0   -0.1   -0.0
    25.950   126.394   -0.0   -0.1   -0.0
    25.959   126.394   -0.1   -0.1   -0.0
    25.968   126.394   -0.1   -0.1   -0.0
    25.977   126.394   -0.1   -0.1   -0.0
    25.986   126.394   -0.1   -0.1   -0.0
    25.995   126.394   -0.1   -0.1   -0.0
    26.004   126.394   -0.1   -0.1   -0.0
    26.013   126.394   -0.1   -0.1   -0.0
    26.022   126.394   -0.1   -0.1   -0.0
    26.031   126.394   -0.1   -0.1   -0.0
    26.040   126.394   -0.1   -0.1   -0.0
    26.049   126.394   -0.1   -0.1   -0.0
    26.058   126.394   -0.1   -0.1   -0.0
    26.067   126.394   -0.1   -0.1   -0.0
    26.076   126.394   -0.1   -0.1   -0.0
    26.085   126.394   -0.1   -0.1   -0.0
    26.094   126.394   -0.1   -0.1   -0.0
    26.103   126.394   -0.1   -0.1   -0.0
    26.112   126.394   -0.1   -0.1   -0.0
    26.121   126.394   -0.1   -0.1   -0.0
    26.130   126.394   -0.1   -0.1   -0.0
    26.139   126.394   -0.1   -0.1   -0.0
    26.148   126.394   -0.1   -0.1   -0.0
    26.157   126.394   -0.1   -0.1   -0.0
    26.166   126.394   -0.1   -0.1   -0.0
    26.175   126.394   -0.1   -0.1   -0.0
    26.184   126.394   -0.1   -0.1    0.0
    26.193   126.394   -0.1   -0.1    0.0
    26.202   126.394   -0.1   -0.1    0.0
    26.211   126.394   -0.1   -0.1    0.0
    26.220   126.394   -0.1   -0.1    0.0
    26.229   126.394   -0.1   -0.1    0.0
    26.238   126.394   -0.1   -0.1    0.0
    26.247   126.394   -0.1   -0.1    0.0
    26.256   126.394   -0.1   -0.1    0.0
    26.265   126.394   -0.1   -0.1    0.0
    26.274   126.394   -0.1   -0.1    0.0
    26.283   126.394   -0.1   -0.1    0.0
    26.292   126.394   -0.1   -0.1    0.0
    26.301   126.394   -0.1   -0.1    0.0
    26.310   126.394   -0.1   -0.1    0.0
    26.319   126.394   -0.1   -0.1    0.0
    26.328   126.394   -0.1   -0.1    0.0
    26.337   126.394   -0.1   -0.1    0.0
    26.346   126.394   -0.1   -0.1    0.0
    26.355   126.394   -0.1   -0.1    0.0
    26.364   126.394   -0.1   -0.1    0.0
    26.373   126.394   -0.1   -0.1    0.0
    26.382   126.394   -0.1   -0.1    0.0
    26.391   126.394   -0.1   -0.1    0.0
    26.400   126.394   -0.1   -0.1    0.0
    26.409   126.394   -0.1   -0.1    0.0
    26.418   126.394   -0.1   -0.1    0.0
    26.427   126.394   -0.1   -0.1    0.0
    26.436   126.394   -0.1   -0.1    0.0
    26.445   126.394   -0.1   -0.1    0.0
    26.454   126.394   -0.1   -0.1    0.0
    26.463   126.394   -0.1   -0.1    0.0
    26.472   126.394   -0.1   -0.1    0.0
    26.481   126.394   -0.1   -0.1    0.0
    26.490   126.394   -0.1   -0.1    0.0
    26.499   126.394   -0.1   -0.1    0.0
    26.508   126.394   -0.1   -0.1    0.0
    26.517   126.394   -0.1   -0.1    0.0
    26.526   126.394   -0.1   -0.1    0.0
    25.626   126.404    0.1   -0.1   -0.0
    25.635   126.404    0.1   -0.1   -0.0
    25.644   126.404    0.1   -0.1   -0.0
    25.653   126.404    0.1   -0.1   -0.0
    25.662   126.404    0.1   -0.1   -0.0
    25.671   126.404    0.1   -0.1   -0.0
    25.680   126.404    0.1   -0.1   -0.0
    25.689   126.404    0.1   -0.1   -0.0
    25.698   126.404    0.1   -0.1   -0.0
    25.707   126.404    0.1   -0.1   -0.0
    25.716   126.404    0.1   -0.1   -0.0
    25.725   126.404    0.1   -0.1   -0.0
    25.734   126.404    0.1   -0.1   -0.0
    25.743   126.404    0.0   -0.1   -0.0
    25.752   126.404    0.0   -0.1   -0.0
    25.761   126.404    0.0   -0.1   -0.0
    25.770   126.404    0.0   -0.1   -0.0
    25.779   126.404    0.0   -0.0   -0.0
    25.788   126.404    0.0   -0.0   -0.0
    25.797   126.404    0.0   -0.0   -0.0
    25.806   126.404    0.0   -0.0   -0.0
    25.815   126.404    0.0   -0.0   -0.0
    25.824   126.404    0.0   -0.0   -0.0
    25.833   126.404    0.0   -0.0   -0.0
    25.842   126.404    0.0   -0.0   -0.0
    25.851   126.404    0.0   -0.0   -0.0
    25.860   126.404    0.0   -0.0   -0.0
    25.869   126.404   -0.0   -0.0   -0.0
    25.878   126.404   -0.0   -0.0   -0.0
    25.887   126.404   -0.0   -0.0   -0.0
    25.896   126.404   -0.0   -0.0   -0.0
    25.905   126.404   -0.0   -0.0   -0.0
    25.914   126.404   -0.0   -0.0   -0.0
    25.923   126.404   -0.0   -0.0   -0.0
    25.932   126.404   -0.0   -0.0   -0.0
    25.941   126.404   -0.0   -0.0   -0.0
    25.950   126.404   -0.0   -0.0   -0.0
    25.959   126.404   -0.0   -0.1   -0.0
    25.968   126.404   -0.1   -0.1   -0.0
    25.977   126.404   -0.1   -0.1   -0.0
    25.986   126.404   -0.1   -0.1   -0.0
    25.995   126.404   -0.1   -0.1   -0.0
    26.004   126.404   -0.1   -0.1   -0.0
    26.013   126.404   -0.1   -0.1   -0.0
    26.022   126.404   -0.1   -0.1   -0.0
    26.031   126.404   -0.1   -0.1   -0.0
    26.040   126.404   -0.1   -0.1   -0.0
    26.049   126.404   -0.1   -0.1   -0.0
    26.058   126.404   -0.1   -0.1   -0.0
    26.067   126.404   -0.1   -0.1   -0.0
    26.076   126.404   -0.1   -0.1   -0.0
    26.085   126.404   -0.1   -0.1   -0.0
    26.094   126.404   -0.1   -0.1   -0.0
    26.103   126.404   -0.1   -0.1   -0.0
    26.112   126.404   -0.1   -0.1   -0.0
    26.121   126.404   -0.1   -0.1   -0.0
    26.130   126.404   -0.1   -0.1   -0.0
    26.139   126.404   -0.1   -0.1   -0.0
    26.148   126.404   -0.1   -0.1   -0.0
    26.157   126.404   -0.1   -0.1   -0.0
    26.166   126.404   -0.1   -0.1   -0.0
    26.175   126.404   -0.1   -0.1    0.0
    26.184   126.404   -0.1   -0.1    0.0
    26.193   126.404   -0.1   -0.1    0.0
    26.202   126.404   -0.1   -0.1    0.0
    26.211   126.404   -0.1   -0.1    0.0
    26.220   126.404   -0.1   -0.1    0.0
    26.229   126.404   -0.1   -0.1    0.0
    26.238   126.404   -0.1   -0.1    0.0
    26.247   126.404   -0.1   -0.1    0.0
    26.256   126.404   -0.1   -0.1    0.0
    26.265   126.404   -0.1   -0.1    0.0
    26.274   126.404   -0.1   -0.1    0.0
    26.283   126.404   -0.1   -0.1    0.0
    26.292   126.404   -0.1   -0.1    0.0
    26.301   126.404   -0.1   -0.1    0.0
    26.310   126.404   -0.1   -0.1    0.0
    26.319   126.404   -0.1   -0.1    0.0
    26.328   126.404   -0.1   -0.1    0.0
    26.337   126.404   -0.1   -0.1    0.0
    26.346   126.404   -0.1   -0.1    0.0
    26.355   126.404   -0.1   -0.1    0.0
    26.364   126.404   -0.1   -0.1    0.0
    26.373   126.404   -0.1   -0.1    0.0
    26.382   126.404   -0.1   -0.1    0.0
    26.391   126.404   -0.1   -0.1    0.0
    26.400   126.404   -0.1   -0.1    0.0
    26.409   126.404   -0.1   -0.1    0.0
    26.418   126.404   -0.1   -0.1    0.0
    26.427   126.404   -0.1   -0.1    0.0
    26.436   126.404   -0.1   -0.1    0.0
    26.445   126.404   -0.1   -0.1    0.0
    26.454   126.404   -0.1   -0.1    0.0
    26.463   126.404   -0.1   -0.1    0.0
    26.472   126.404   -0.1   -0.1    0.0
    26.481   126.404   -0.1   -0.1    0.0
    26.490   126.404   -0.1   -0.1    0.0
    26.499   126.404   -0.1   -0.1    0.0
    26.508   126.404   -0.1   -0.1    0.0
    26.517   126.404   -0.1   -0.1    0.0
    26.526   126.404   -0.1   -0.1    0.0
    25.626   126.414    0.1   -0.1   -0.0
    25.635   126.414    0.1   -0.1   -0.0
    25.644   126.414    0.1   -0.1   -0.0
    25.653   126.414    0.1   -0.1   -0.0
    25.662   126.414    0.1   -0.1   -0.0
    25.671   126.414    0.1   -0.1   -0.0
    25.680   126.414    0.1   -0.1   -0.0
    25.689   126.414    0.1   -0.1   -0.0
    25.698   126.414    0.1   -0.1   -0.0
    25.707   126.414    0.1   -0.1   -0.0
    25.716   126.414    0.1   -0.1   -0.0
    25.725   126.414    0.1   -0.1   -0.0
    25.734   126.414    0.1   -0.1   -0.0
    25.743   126.414    0.0   -0.1   -0.0
    25.752   126.414    0.0   -0.1   -0.0
    25.761   126.414    0.0   -0.0   -0.0
    25.770   126.414    0.0   -0.0   -0.0
    25.779   126.414    0.0   -0.0   -0.0
    25.788   126.414    0.0   -0.0   -0.0
    25.797   126.414    0.0   -0.0   -0.0
    25.806   126.414    0.0   -0.0   -0.0
    25.815   126.414    0.0   -0.0   -0.0
    25.824   126.414    0.0   -0.0   -0.0
    25.833   126.414    0.0   -0.0   -0.0
    25.842   126.414    0.0   -0.0   -0.0
    25.851   126.414    0.0   -0.0   -0.0
    25.860   126.414    0.0   -0.0   -0.0
    25.869   126.414   -0.0   -0.0   -0.0
    25.878   126.414   -0.0   -0.0   -0.0
    25.887   126.414   -0.0   -0.0   -0.0
    25.896   126.414   -0.0   -0.0   -0.0
    25.905   126.414   -0.0   -0.0   -0.0
    25.914   126.414   -0.0   -0.0   -0.0
    25.923   126.414   -0.0   -0.0   -0.0
    25.932   126.414   -0.0   -0.0   -0.0
    25.941   126.414   -0.0   -0.0   -0.0
    25.950   126.414   -0.0   -0.0   -0.0
    25.959   126.414   -0.0   -0.0   -0.0
    25.968   126.414   -0.1   -0.1   -0.0
    25.977   126.414   -0.1   -0.1   -0.0
    25.986   126.414   -0.1   -0.1   -0.0
    25.995   126.414   -0.1   -0.1   -0.0
    26.004   126.414   -0.1   -0.1   -0.0
    26.013   126.414   -0.1   -0.1   -0.0
    26.022   126.414   -0.1   -0.1   -0.0
    26.031   126.414   -0.1   -0.1   -0.0
    26.040   126.414   -0.1   -0.1   -0.0
    26.049   126.414   -0.1   -0.1   -0.0
    26.058   126.414   -0.1   -0.1   -0.0
    26.067   126.414   -0.1   -0.1   -0.0
    26.076   126.414   -0.1   -0.1   -0.0
    26.085   126.414   -0.1   -0.1   -0.0
    26.094   126.414   -0.1   -0.1   -0.0
    26.103   126.414   -0.1   -0.1   -0.0
    26.112   126.414   -0.1   -0.1   -0.0
    26.121   126.414   -0.1   -0.1   -0.0
    26.130   126.414   -0.1   -0.1   -0.0
    26.139   126.414   -0.1   -0.1   -0.0
    26.148   126.414   -0.1   -0.1   -0.0
    26.157   126.414   -0.1   -0.1   -0.0
    26.166   126.414   -0.1   -0.1    0.0
    26.175   126.414   -0.1   -0.1    0.0
    26.184   126.414   -0.1   -0.1    0.0
    26.193   126.414   -0.1   -0.1    0.0
    26.202   126.414   -0.1   -0.1    0.0
    26.211   126.414   -0.1   -0.1    0.0
    26.220   126.414   -0.1   -0.1    0.0
    26.229   126.414   -0.1   -0.1    0.0
    26.238   126.414   -0.1   -0.1    0.0
    26.247   126.414   -0.1   -0.1    0.0
    26.256   126.414   -0.1   -0.1    0.0
    26.265   126.414   -0.1   -0.1    0.0
    26.274   126.414   -0.1   -0.1    0.0
    26.283   126.414   -0.1   -0.1    0.0
    26.292   126.414   -0.1   -0.1    0.0
    26.301   126.414   -0.1   -0.1    0.0
    26.310   126.414   -0.1   -0.1    0.0
    26.319   126.414   -0.1   -0.1    0.0
    26.328   126.414   -0.1   -0.1    0.0
    26.337   126.414   -0.1   -0.1    0.0
    26.346   126.414   -0.1   -0.1    0.0
    26.355   126.414   -0.1   -0.1    0.0
    26.364   126.414   -0.1   -0.1    0.0
    26.373   126.414   -0.1   -0.1    0.0
    26.382   126.414   -0.1   -0.1    0.0
    26.391   126.414   -0.1   -0.1    0.0
    26.400   126.414   -0.1   -0.1    0.0
    26.409   126.414   -0.1   -0.1    0.0
    26.418   126.414   -0.1   -0.1    0.0
    26.427   126.414   -0.1   -0.1    0.0
    26.436   126.414   -0.1   -0.1    0.0
    26.445   126.414   -0.1   -0.1    0.0
    26.454   126.414   -0.1   -0.1    0.0
    26.463   126.414   -0.1   -0.1    0.0
    26.472   126.414   -0.1   -0.1    0.0
    26.481   126.414   -0.1   -0.1    0.0
    26.490   126.414   -0.1   -0.1    0.0
    26.499   126.414   -0.1   -0.1    0.0
    26.508   126.414   -0.1   -0.1    0.0
    26.517   126.414   -0.1   -0.1    0.0
    26.526   126.414   -0.1   -0.1    0.0
    25.626   126.424    0.1   -0.1   -0.0
    25.635   126.424    0.1   -0.1   -0.0
    25.644   126.424    0.1   -0.1   -0.0
    25.653   126.424    0.1   -0.1   -0.0
    25.662   126.424    0.1   -0.1   -0.0
    25.671   126.424    0.1   -0.1   -0.0
    25.680   126.424    0.1   -0.1   -0.0
    25.689   126.424    0.1   -0.1   -0.0
    25.698   126.424    0.1   -0.1   -0.0
    25.707   126.424    0.1   -0.1   -0.0
    25.716   126.424    0.1   -0.1   -0.0
    25.725   126.424    0.1   -0.1   -0.0
    25.734   126.424    0.0   -0.1   -0.0
    25.743   126.424    0.0   -0.1   -0.0
    25.752   126.424    0.0   -0.0   -0.0
    25.761   126.424    0.0   -0.0   -0.0
    25.770   126.424    0.0   -0.0   -0.0
    25.779   126.424    0.0   -0.0   -0.0
    25.788   126.424    0.0   -0.0   -0.0
    25.797   126.424    0.0   -0.0   -0.0
    25.806   126.424    0.0   -0.0   -0.0
    25.815   126.424    0.0   -0.0   -0.0
    25.824   126.424    0.0   -0.0   -0.0
    25.833   126.424    0.0   -0.0   -0.0
    25.842   126.424    0.0   -0.0   -0.0
    25.851   126.424    0.0   -0.0   -0.0
    25.860   126.424    0.0   -0.0   -0.0
    25.869   126.424   -0.0   -0.0   -0.0
    25.878   126.424   -0.0   -0.0   -0.0
    25.887   126.424   -0.0   -0.0   -0.0
    25.896   126.424   -0.0   -0.0   -0.0
    25.905   126.424   -0.0   -0.0   -0.0
    25.914   126.424   -0.0   -0.0   -0.0
    25.923   126.424   -0.0   -0.0   -0.0
    25.932   126.424   -0.0   -0.0   -0.0
    25.941   126.424   -0.0   -0.0   -0.0
    25.950   126.424   -0.0   -0.0   -0.0
    25.959   126.424   -0.0   -0.0   -0.0
    25.968   126.424   -0.0   -0.0   -0.0
    25.977   126.424   -0.1   -0.0   -0.0
    25.986   126.424   -0.1   -0.1   -0.0
    25.995   126.424   -0.1   -0.1   -0.0
    26.004   126.424   -0.1   -0.1   -0.0
    26.013   126.424   -0.1   -0.1   -0.0
    26.022   126.424   -0.1   -0.1   -0.0
    26.031   126.424   -0.1   -0.1   -0.0
    26.040   126.424   -0.1   -0.1   -0.0
    26.049   126.424   -0.1   -0.1   -0.0
    26.058   126.424   -0.1   -0.1   -0.0
    26.067   126.424   -0.1   -0.1   -0.0
    26.076   126.424   -0.1   -0.1   -0.0
    26.085   126.424   -0.1   -0.1   -0.0
    26.094   126.424   -0.1   -0.1   -0.0
    26.103   126.424   -0.1   -0.1   -0.0
    26.112   126.424   -0.1   -0.1   -0.0
    26.121   126.424   -0.1   -0.1   -0.0
    26.130   126.424   -0.1   -0.1   -0.0
    26.139   126.424   -0.1   -0.1   -0.0
    26.148   126.424   -0.1   -0.1   -0.0
    26.157   126.424   -0.1   -0.1    0.0
    26.166   126.424   -0.1   -0.1    0.0
    26.175   126.424   -0.1   -0.1    0.0
    26.184   126.424   -0.1   -0.1    0.0
    26.193   126.424   -0.1   -0.1    0.0
    26.202   126.424   -0.1   -0.1    0.0
    26.211   126.424   -0.1   -0.1    0.0
    26.220   126.424   -0.1   -0.1    0.0
    26.229   126.424   -0.1   -0.1    0.0
    26.238   126.424   -0.1   -0.1    0.0
    26.247   126.424   -0.1   -0.1    0.0
    26.256   126.424   -0.1   -0.1    0.0
    26.265   126.424   -0.1   -0.1    0.0
    26.274   126.424   -0.1   -0.1    0.0
    26.283   126.424   -0.1   -0.1    0.0
    26.292   126.424   -0.1   -0.1    0.0
    26.301   126.424   -0.1   -0.1    0.0
    26.310   126.424   -0.1   -0.1    0.0
    26.319   126.424   -0.1   -0.1    0.0
    26.328   126.424   -0.1   -0.1    0.0
    26.337   126.424   -0.1   -0.1    0.0
    26.346   126.424   -0.1   -0.1    0.0
    26.355   126.424   -0.1   -0.1    0.0
    26.364   126.424   -0.1   -0.1    0.0
    26.373   126.424   -0.1   -0.1    0.0
    26.382   126.424   -0.1   -0.1    0.0
    26.391   126.424   -0.1   -0.1    0.0
    26.400   126.424   -0.1   -0.1    0.0
    26.409   126.424   -0.1   -0.1    0.0
    26.418   126.424   -0.1   -0.1    0.0
    26.427   126.424   -0.1   -0.1    0.0
    26.436   126.424   -0.1   -0.1    0.0
    26.445   126.424   -0.1   -0.1    0.0
    26.454   126.424   -0.1   -0.1    0.0
    26.463   126.424   -0.1   -0.1    0.0
    26.472   126.424   -0.1   -0.1    0.0
    26.481   126.424   -0.1   -0.1    0.0
    26.490   126.424   -0.1   -0.1    0.0
    26.499   126.424   -0.1   -0.1    0.0
    26.508   126.424   -0.1   -0.1    0.0
    26.517   126.424   -0.1   -0.1    0.0
    26.526   126.424   -0.1   -0.1    0.0
    25.626   126.434    0.1   -0.1   -0.0
    25.635   126.434    0.1   -0.1   -0.0
    25.644   126.434    0.1   -0.1   -0.0
    25.653   126.434    0.1   -0.1   -0.0
    25.662   126.434    0.1   -0.1   -0.0
    25.671   126.434    0.1   -0.1   -0.0
    25.680   126.434    0.1   -0.1   -0.0
    25.689   126.434    0.1   -0.1   -0.0
    25.698   126.434    0.1   -0.1   -0.0
    25.707   126.434    0.1   -0.1   -0.0
    25.716   126.434    0.1   -0.1   -0.0
    25.725   126.434    0.0   -0.1   -0.0
    25.734   126.434    0.0   -0.0   -0.0
    25.743   126.434    0.0   -0.0   -0.0
    25.752   126.434    0.0   -0.0   -0.0
    25.761   126.434    0.0   -0.0   -0.0
    25.770   126.434    0.0   -0.0   -0.0
    25.779   126.434    0.0   -0.0   -0.0
    25.788   126.434    0.0   -0.0   -0.0
    25.797   126.434    0.0   -0.0   -0.0
    25.806   126.434    0.0   -0.0   -0.0
    25.815   126.434    0.0   -0.0   -0.0
    25.824   126.434    0.0   -0.0   -0.0
    25.833   126.434    0.0   -0.0   -0.0
    25.842   126.434    0.0   -0.0   -0.0
    25.851   126.434    0.0   -0.0   -0.0
    25.860   126.434    0.0   -0.0   -0.0
    25.869   126.434   -0.0   -0.0   -0.0
    25.878   126.434   -0.0   -0.0   -0.0
    25.887   126.434   -0.0   -0.0   -0.0
    25.896   126.434   -0.0   -0.0   -0.0
    25.905   126.434   -0.0   -0.0   -0.0
    25.914   126.434   -0.0   -0.0   -0.0
    25.923   126.434   -0.0   -0.0   -0.0
    25.932   126.434   -0.0   -0.0   -0.0
    25.941   126.434   -0.0   -0.0   -0.0
    25.950   126.434   -0.0   -0.0   -0.0
    25.959   126.434   -0.0   -0.0   -0.0
    25.968   126.434   -0.0   -0.0   -0.0
    25.977   126.434   -0.1   -0.0   -0.0
    25.986   126.434   -0.1   -0.0   -0.0
    25.995   126.434   -0.1   -0.0   -0.0
    26.004   126.434   -0.1   -0.1   -0.0
    26.013   126.434   -0.1   -0.1   -0.0
    26.022   126.434   -0.1   -0.1   -0.0
    26.031   126.434   -0.1   -0.1   -0.0
    26.040   126.434   -0.1   -0.1   -0.0
    26.049   126.434   -0.1   -0.1   -0.0
    26.058   126.434   -0.1   -0.1   -0.0
    26.067   126.434   -0.1   -0.1   -0.0
    26.076   126.434   -0.1   -0.1   -0.0
    26.085   126.434   -0.1   -0.1   -0.0
    26.094   126.434   -0.1   -0.1   -0.0
    26.103   126.434   -0.1   -0.1   -0.0
    26.112   126.434   -0.1   -0.1   -0.0
    26.121   126.434   -0.1   -0.1   -0.0
    26.130   126.434   -0.1   -0.1   -0.0
    26.139   126.434   -0.1   -0.1   -0.0
    26.148   126.434   -0.1   -0.1   -0.0
    26.157   126.434   -0.1   -0.1    0.0
    26.166   126.434   -0.1   -0.1    0.0
    26.175   126.434   -0.1   -0.1    0.0
    26.184   126.434   -0.1   -0.1    0.0
    26.193   126.434   -0.1   -0.1    0.0
    26.202   126.434   -0.1   -0.1    0.0
    26.211   126.434   -0.1   -0.1    0.0
    26.220   126.434   -0.1   -0.1    0.0
    26.229   126.434   -0.1   -0.1    0.0
    26.238   126.434   -0.1   -0.1    0.0
    26.247   126.434   -0.1   -0.1    0.0
    26.256   126.434   -0.1   -0.1    0.0
    26.265   126.434   -0.1   -0.1    0.0
    26.274   126.434   -0.1   -0.1    0.0
    26.283   126.434   -0.1   -0.1    0.0
    26.292   126.434   -0.1   -0.1    0.0
    26.301   126.434   -0.1   -0.1    0.0
    26.310   126.434   -0.1   -0.1    0.0
    26.319   126.434   -0.1   -0.1    0.0
    26.328   126.434   -0.1   -0.1    0.0
    26.337   126.434   -0.1   -0.1    0.0
    26.346   126.434   -0.1   -0.1    0.0
    26.355   126.434   -0.1   -0.1    0.0
    26.364   126.434   -0.1   -0.1    0.0
    26.373   126.434   -0.1   -0.1    0.0
    26.382   126.434   -0.1   -0.1    0.0
    26.391   126.434   -0.1   -0.1    0.0
    26.400   126.434   -0.1   -0.1    0.0
    26.409   126.434   -0.1   -0.1    0.0
    26.418   126.434   -0.1   -0.1    0.0
    26.427   126.434   -0.1   -0.1    0.0
    26.436   126.434   -0.1   -0.1    0.0
    26.445   126.434   -0.1   -0.1    0.0
    26.454   126.434   -0.1   -0.1    0.0
    26.463   126.434   -0.1   -0.1    0.0
    26.472   126.434   -0.1   -0.1    0.0
    26.481   126.434   -0.1   -0.1    0.0
    26.490   126.434   -0.1   -0.1    0.0
    26.499   126.434   -0.1   -0.1    0.0
    26.508   126.434   -0.1   -0.1    0.0
    26.517   126.434   -0.1   -0.1    0.0
    26.526   126.434   -0.1   -0.1    0.0
