 Lat    Lon    Disp_x_East(cm)   Disp_y_North(cm)   DispUp(cm)
    13.854   -93.576    0.3    0.4    0.1
    13.863   -93.576    0.3    0.4    0.1
    13.872   -93.576    0.3    0.4    0.1
    13.881   -93.576    0.3    0.4    0.1
    13.890   -93.576    0.3    0.4    0.1
    13.899   -93.576    0.3    0.4    0.1
    13.908   -93.576    0.3    0.4    0.1
    13.917   -93.576    0.3    0.4    0.1
    13.926   -93.576    0.4    0.4    0.1
    13.935   -93.576    0.4    0.4    0.1
    13.944   -93.576    0.4    0.4    0.1
    13.953   -93.576    0.4    0.4    0.1
    13.962   -93.576    0.4    0.4    0.1
    13.971   -93.576    0.4    0.5    0.1
    13.980   -93.576    0.4    0.5    0.1
    13.989   -93.576    0.4    0.5    0.1
    13.998   -93.576    0.4    0.5    0.1
    14.007   -93.576    0.5    0.5    0.1
    14.016   -93.576    0.5    0.5    0.1
    14.024   -93.576    0.5    0.5    0.1
    14.033   -93.576    0.5    0.5    0.1
    14.042   -93.576    0.5    0.5    0.1
    14.051   -93.576    0.5    0.5    0.1
    14.060   -93.576    0.5    0.5    0.1
    14.069   -93.576    0.5    0.5    0.1
    14.078   -93.576    0.5    0.5    0.1
    14.087   -93.576    0.5    0.5    0.1
    14.096   -93.576    0.6    0.5    0.1
    14.105   -93.576    0.6    0.5    0.1
    14.114   -93.576    0.6    0.5    0.1
    14.123   -93.576    0.6    0.5    0.1
    14.132   -93.576    0.5    0.4    0.1
    14.141   -93.576    0.5    0.4    0.1
    14.150   -93.576    0.5    0.4    0.1
    14.159   -93.576    0.5    0.4    0.0
    14.168   -93.576    0.5    0.4    0.0
    14.177   -93.576    0.5    0.4    0.0
    14.186   -93.576    0.4    0.4    0.0
    14.195   -93.576    0.4    0.3   -0.0
    14.204   -93.576    0.4    0.3   -0.0
    14.213   -93.576    0.4    0.3   -0.0
    14.222   -93.576    0.3    0.3   -0.0
    14.231   -93.576    0.3    0.3   -0.1
    14.240   -93.576    0.3    0.3   -0.1
    14.249   -93.576    0.2    0.2   -0.1
    14.258   -93.576    0.2    0.2   -0.1
    14.267   -93.576    0.2    0.2   -0.1
    14.276   -93.576    0.1    0.2   -0.1
    14.285   -93.576    0.1    0.2   -0.1
    14.294   -93.576    0.1    0.2   -0.1
    14.303   -93.576    0.0    0.2   -0.1
    14.312   -93.576    0.0    0.2   -0.2
    14.321   -93.576   -0.0    0.2   -0.2
    14.330   -93.576   -0.0    0.2   -0.2
    14.339   -93.576   -0.1    0.2   -0.2
    14.348   -93.576   -0.1    0.2   -0.2
    14.357   -93.576   -0.1    0.1   -0.2
    14.366   -93.576   -0.1    0.1   -0.2
    14.375   -93.576   -0.1    0.1   -0.2
    14.384   -93.576   -0.1    0.1   -0.2
    14.393   -93.576   -0.1    0.1   -0.2
    14.402   -93.576   -0.1    0.1   -0.2
    14.411   -93.576   -0.1    0.1   -0.2
    14.420   -93.576   -0.1    0.1   -0.2
    14.429   -93.576   -0.1    0.1   -0.2
    14.438   -93.576   -0.1    0.1   -0.2
    14.447   -93.576   -0.1    0.1   -0.2
    14.456   -93.576   -0.1    0.1   -0.2
    14.465   -93.576   -0.1    0.1   -0.2
    14.474   -93.576   -0.1    0.1   -0.1
    14.483   -93.576   -0.1    0.0   -0.1
    14.492   -93.576   -0.1    0.0   -0.1
    14.501   -93.576   -0.1    0.0   -0.1
    14.510   -93.576   -0.1    0.0   -0.1
    14.519   -93.576   -0.1    0.0   -0.1
    14.528   -93.576   -0.1    0.0   -0.1
    14.537   -93.576   -0.1    0.0   -0.1
    14.546   -93.576   -0.1    0.0   -0.1
    14.555   -93.576   -0.1    0.0   -0.1
    14.564   -93.576   -0.1   -0.0   -0.1
    14.573   -93.576   -0.1   -0.0   -0.1
    14.582   -93.576   -0.1   -0.0   -0.1
    14.591   -93.576   -0.1   -0.0   -0.1
    14.600   -93.576   -0.1   -0.0   -0.1
    14.609   -93.576   -0.1   -0.0   -0.1
    14.618   -93.576   -0.1   -0.0   -0.1
    14.627   -93.576   -0.1   -0.0   -0.1
    14.636   -93.576   -0.1   -0.0   -0.1
    14.645   -93.576   -0.1   -0.0   -0.1
    14.654   -93.576   -0.0   -0.0   -0.1
    14.663   -93.576   -0.0   -0.0   -0.1
    14.672   -93.576   -0.0   -0.0   -0.1
    14.681   -93.576   -0.0   -0.0   -0.1
    14.690   -93.576   -0.0   -0.0   -0.1
    14.699   -93.576   -0.0   -0.1   -0.1
    14.708   -93.576   -0.0   -0.1   -0.1
    14.717   -93.576   -0.0   -0.1   -0.1
    14.726   -93.576   -0.0   -0.1   -0.1
    14.735   -93.576   -0.0   -0.1   -0.1
    14.744   -93.576   -0.0   -0.1   -0.1
    14.753   -93.576   -0.0   -0.1   -0.1
    13.854   -93.566    0.3    0.4    0.1
    13.863   -93.566    0.3    0.4    0.1
    13.872   -93.566    0.3    0.4    0.1
    13.881   -93.566    0.3    0.4    0.1
    13.890   -93.566    0.3    0.4    0.1
    13.899   -93.566    0.3    0.4    0.1
    13.908   -93.566    0.3    0.4    0.1
    13.917   -93.566    0.4    0.4    0.1
    13.926   -93.566    0.4    0.4    0.1
    13.935   -93.566    0.4    0.4    0.1
    13.944   -93.566    0.4    0.5    0.1
    13.953   -93.566    0.4    0.5    0.1
    13.962   -93.566    0.4    0.5    0.1
    13.971   -93.566    0.4    0.5    0.1
    13.980   -93.566    0.4    0.5    0.1
    13.989   -93.566    0.4    0.5    0.1
    13.998   -93.566    0.5    0.5    0.1
    14.007   -93.566    0.5    0.5    0.1
    14.016   -93.566    0.5    0.5    0.1
    14.024   -93.566    0.5    0.5    0.1
    14.033   -93.566    0.5    0.5    0.1
    14.042   -93.566    0.5    0.5    0.1
    14.051   -93.566    0.5    0.5    0.1
    14.060   -93.566    0.5    0.5    0.1
    14.069   -93.566    0.6    0.5    0.1
    14.078   -93.566    0.6    0.5    0.1
    14.087   -93.566    0.6    0.5    0.1
    14.096   -93.566    0.6    0.5    0.1
    14.105   -93.566    0.6    0.5    0.1
    14.114   -93.566    0.6    0.5    0.1
    14.123   -93.566    0.6    0.5    0.1
    14.132   -93.566    0.6    0.5    0.1
    14.141   -93.566    0.6    0.5    0.1
    14.150   -93.566    0.6    0.5    0.1
    14.159   -93.566    0.5    0.4    0.1
    14.168   -93.566    0.5    0.4    0.0
    14.177   -93.566    0.5    0.4    0.0
    14.186   -93.566    0.5    0.4    0.0
    14.195   -93.566    0.4    0.4   -0.0
    14.204   -93.566    0.4    0.3   -0.0
    14.213   -93.566    0.4    0.3   -0.0
    14.222   -93.566    0.3    0.3   -0.0
    14.231   -93.566    0.3    0.3   -0.1
    14.240   -93.566    0.3    0.3   -0.1
    14.249   -93.566    0.2    0.3   -0.1
    14.258   -93.566    0.2    0.2   -0.1
    14.267   -93.566    0.1    0.2   -0.1
    14.276   -93.566    0.1    0.2   -0.1
    14.285   -93.566    0.1    0.2   -0.1
    14.294   -93.566    0.0    0.2   -0.1
    14.303   -93.566    0.0    0.2   -0.2
    14.312   -93.566   -0.0    0.2   -0.2
    14.321   -93.566   -0.0    0.2   -0.2
    14.330   -93.566   -0.1    0.2   -0.2
    14.339   -93.566   -0.1    0.2   -0.2
    14.348   -93.566   -0.1    0.2   -0.2
    14.357   -93.566   -0.1    0.2   -0.2
    14.366   -93.566   -0.1    0.1   -0.2
    14.375   -93.566   -0.1    0.1   -0.2
    14.384   -93.566   -0.1    0.1   -0.2
    14.393   -93.566   -0.1    0.1   -0.2
    14.402   -93.566   -0.1    0.1   -0.2
    14.411   -93.566   -0.1    0.1   -0.2
    14.420   -93.566   -0.1    0.1   -0.2
    14.429   -93.566   -0.1    0.1   -0.2
    14.438   -93.566   -0.1    0.1   -0.2
    14.447   -93.566   -0.1    0.1   -0.2
    14.456   -93.566   -0.1    0.1   -0.2
    14.465   -93.566   -0.1    0.1   -0.2
    14.474   -93.566   -0.1    0.1   -0.2
    14.483   -93.566   -0.1    0.0   -0.1
    14.492   -93.566   -0.1    0.0   -0.1
    14.501   -93.566   -0.1    0.0   -0.1
    14.510   -93.566   -0.1    0.0   -0.1
    14.519   -93.566   -0.1    0.0   -0.1
    14.528   -93.566   -0.1    0.0   -0.1
    14.537   -93.566   -0.1    0.0   -0.1
    14.546   -93.566   -0.1    0.0   -0.1
    14.555   -93.566   -0.1   -0.0   -0.1
    14.564   -93.566   -0.1   -0.0   -0.1
    14.573   -93.566   -0.1   -0.0   -0.1
    14.582   -93.566   -0.1   -0.0   -0.1
    14.591   -93.566   -0.1   -0.0   -0.1
    14.600   -93.566   -0.1   -0.0   -0.1
    14.609   -93.566   -0.1   -0.0   -0.1
    14.618   -93.566   -0.1   -0.0   -0.1
    14.627   -93.566   -0.1   -0.0   -0.1
    14.636   -93.566   -0.1   -0.0   -0.1
    14.645   -93.566   -0.1   -0.0   -0.1
    14.654   -93.566   -0.0   -0.0   -0.1
    14.663   -93.566   -0.0   -0.0   -0.1
    14.672   -93.566   -0.0   -0.1   -0.1
    14.681   -93.566   -0.0   -0.1   -0.1
    14.690   -93.566   -0.0   -0.1   -0.1
    14.699   -93.566   -0.0   -0.1   -0.1
    14.708   -93.566   -0.0   -0.1   -0.1
    14.717   -93.566   -0.0   -0.1   -0.1
    14.726   -93.566   -0.0   -0.1   -0.1
    14.735   -93.566   -0.0   -0.1   -0.1
    14.744   -93.566   -0.0   -0.1   -0.1
    14.753   -93.566   -0.0   -0.1   -0.1
    13.854   -93.557    0.3    0.4    0.1
    13.863   -93.557    0.3    0.4    0.1
    13.872   -93.557    0.3    0.4    0.1
    13.881   -93.557    0.3    0.4    0.1
    13.890   -93.557    0.3    0.4    0.1
    13.899   -93.557    0.3    0.4    0.1
    13.908   -93.557    0.3    0.4    0.1
    13.917   -93.557    0.4    0.4    0.1
    13.926   -93.557    0.4    0.4    0.1
    13.935   -93.557    0.4    0.5    0.1
    13.944   -93.557    0.4    0.5    0.1
    13.953   -93.557    0.4    0.5    0.1
    13.962   -93.557    0.4    0.5    0.1
    13.971   -93.557    0.4    0.5    0.1
    13.980   -93.557    0.4    0.5    0.1
    13.989   -93.557    0.5    0.5    0.1
    13.998   -93.557    0.5    0.5    0.1
    14.007   -93.557    0.5    0.5    0.1
    14.016   -93.557    0.5    0.5    0.1
    14.024   -93.557    0.5    0.5    0.1
    14.033   -93.557    0.5    0.5    0.1
    14.042   -93.557    0.5    0.5    0.1
    14.051   -93.557    0.6    0.6    0.1
    14.060   -93.557    0.6    0.6    0.1
    14.069   -93.557    0.6    0.6    0.1
    14.078   -93.557    0.6    0.6    0.1
    14.087   -93.557    0.6    0.6    0.1
    14.096   -93.557    0.6    0.5    0.1
    14.105   -93.557    0.6    0.5    0.1
    14.114   -93.557    0.6    0.5    0.1
    14.123   -93.557    0.6    0.5    0.1
    14.132   -93.557    0.6    0.5    0.1
    14.141   -93.557    0.6    0.5    0.1
    14.150   -93.557    0.6    0.5    0.1
    14.159   -93.557    0.6    0.5    0.1
    14.168   -93.557    0.6    0.4    0.0
    14.177   -93.557    0.5    0.4    0.0
    14.186   -93.557    0.5    0.4    0.0
    14.195   -93.557    0.5    0.4    0.0
    14.204   -93.557    0.4    0.4   -0.0
    14.213   -93.557    0.4    0.3   -0.0
    14.222   -93.557    0.4    0.3   -0.0
    14.231   -93.557    0.3    0.3   -0.1
    14.240   -93.557    0.3    0.3   -0.1
    14.249   -93.557    0.2    0.3   -0.1
    14.258   -93.557    0.2    0.3   -0.1
    14.267   -93.557    0.1    0.2   -0.1
    14.276   -93.557    0.1    0.2   -0.1
    14.285   -93.557    0.1    0.2   -0.1
    14.294   -93.557    0.0    0.2   -0.2
    14.303   -93.557    0.0    0.2   -0.2
    14.312   -93.557   -0.0    0.2   -0.2
    14.321   -93.557   -0.0    0.2   -0.2
    14.330   -93.557   -0.1    0.2   -0.2
    14.339   -93.557   -0.1    0.2   -0.2
    14.348   -93.557   -0.1    0.2   -0.2
    14.357   -93.557   -0.1    0.2   -0.2
    14.366   -93.557   -0.1    0.1   -0.2
    14.375   -93.557   -0.1    0.1   -0.2
    14.384   -93.557   -0.1    0.1   -0.2
    14.393   -93.557   -0.1    0.1   -0.2
    14.402   -93.557   -0.1    0.1   -0.2
    14.411   -93.557   -0.1    0.1   -0.2
    14.420   -93.557   -0.1    0.1   -0.2
    14.429   -93.557   -0.1    0.1   -0.2
    14.438   -93.557   -0.1    0.1   -0.2
    14.447   -93.557   -0.1    0.1   -0.2
    14.456   -93.557   -0.1    0.1   -0.2
    14.465   -93.557   -0.1    0.1   -0.2
    14.474   -93.557   -0.1    0.0   -0.2
    14.483   -93.557   -0.1    0.0   -0.2
    14.492   -93.557   -0.1    0.0   -0.1
    14.501   -93.557   -0.1    0.0   -0.1
    14.510   -93.557   -0.1    0.0   -0.1
    14.519   -93.557   -0.1    0.0   -0.1
    14.528   -93.557   -0.1    0.0   -0.1
    14.537   -93.557   -0.1    0.0   -0.1
    14.546   -93.557   -0.1   -0.0   -0.1
    14.555   -93.557   -0.1   -0.0   -0.1
    14.564   -93.557   -0.1   -0.0   -0.1
    14.573   -93.557   -0.1   -0.0   -0.1
    14.582   -93.557   -0.1   -0.0   -0.1
    14.591   -93.557   -0.1   -0.0   -0.1
    14.600   -93.557   -0.1   -0.0   -0.1
    14.609   -93.557   -0.1   -0.0   -0.1
    14.618   -93.557   -0.1   -0.0   -0.1
    14.627   -93.557   -0.1   -0.0   -0.1
    14.636   -93.557   -0.1   -0.0   -0.1
    14.645   -93.557   -0.1   -0.0   -0.1
    14.654   -93.557   -0.1   -0.1   -0.1
    14.663   -93.557   -0.0   -0.1   -0.1
    14.672   -93.557   -0.0   -0.1   -0.1
    14.681   -93.557   -0.0   -0.1   -0.1
    14.690   -93.557   -0.0   -0.1   -0.1
    14.699   -93.557   -0.0   -0.1   -0.1
    14.708   -93.557   -0.0   -0.1   -0.1
    14.717   -93.557   -0.0   -0.1   -0.1
    14.726   -93.557   -0.0   -0.1   -0.1
    14.735   -93.557   -0.0   -0.1   -0.1
    14.744   -93.557   -0.0   -0.1   -0.1
    14.753   -93.557   -0.0   -0.1   -0.1
    13.854   -93.548    0.3    0.4    0.1
    13.863   -93.548    0.3    0.4    0.1
    13.872   -93.548    0.3    0.4    0.1
    13.881   -93.548    0.3    0.4    0.1
    13.890   -93.548    0.3    0.4    0.1
    13.899   -93.548    0.3    0.4    0.1
    13.908   -93.548    0.3    0.4    0.1
    13.917   -93.548    0.4    0.5    0.1
    13.926   -93.548    0.4    0.5    0.1
    13.935   -93.548    0.4    0.5    0.1
    13.944   -93.548    0.4    0.5    0.1
    13.953   -93.548    0.4    0.5    0.1
    13.962   -93.548    0.4    0.5    0.1
    13.971   -93.548    0.4    0.5    0.1
    13.980   -93.548    0.5    0.5    0.1
    13.989   -93.548    0.5    0.5    0.1
    13.998   -93.548    0.5    0.5    0.1
    14.007   -93.548    0.5    0.5    0.1
    14.016   -93.548    0.5    0.6    0.1
    14.024   -93.548    0.5    0.6    0.1
    14.033   -93.548    0.5    0.6    0.1
    14.042   -93.548    0.6    0.6    0.1
    14.051   -93.548    0.6    0.6    0.1
    14.060   -93.548    0.6    0.6    0.1
    14.069   -93.548    0.6    0.6    0.1
    14.078   -93.548    0.6    0.6    0.1
    14.087   -93.548    0.6    0.6    0.1
    14.096   -93.548    0.6    0.6    0.1
    14.105   -93.548    0.7    0.6    0.1
    14.114   -93.548    0.7    0.6    0.1
    14.123   -93.548    0.7    0.6    0.1
    14.132   -93.548    0.7    0.6    0.1
    14.141   -93.548    0.6    0.5    0.1
    14.150   -93.548    0.6    0.5    0.1
    14.159   -93.548    0.6    0.5    0.1
    14.168   -93.548    0.6    0.5    0.1
    14.177   -93.548    0.6    0.5    0.0
    14.186   -93.548    0.5    0.4    0.0
    14.195   -93.548    0.5    0.4    0.0
    14.204   -93.548    0.5    0.4   -0.0
    14.213   -93.548    0.4    0.4   -0.0
    14.222   -93.548    0.4    0.3   -0.0
    14.231   -93.548    0.3    0.3   -0.1
    14.240   -93.548    0.3    0.3   -0.1
    14.249   -93.548    0.2    0.3   -0.1
    14.258   -93.548    0.2    0.3   -0.1
    14.267   -93.548    0.1    0.3   -0.1
    14.276   -93.548    0.1    0.3   -0.1
    14.285   -93.548    0.1    0.2   -0.2
    14.294   -93.548    0.0    0.2   -0.2
    14.303   -93.548   -0.0    0.2   -0.2
    14.312   -93.548   -0.0    0.2   -0.2
    14.321   -93.548   -0.1    0.2   -0.2
    14.330   -93.548   -0.1    0.2   -0.2
    14.339   -93.548   -0.1    0.2   -0.2
    14.348   -93.548   -0.1    0.2   -0.2
    14.357   -93.548   -0.1    0.2   -0.2
    14.366   -93.548   -0.1    0.2   -0.2
    14.375   -93.548   -0.1    0.1   -0.2
    14.384   -93.548   -0.2    0.1   -0.2
    14.393   -93.548   -0.2    0.1   -0.2
    14.402   -93.548   -0.2    0.1   -0.2
    14.411   -93.548   -0.2    0.1   -0.2
    14.420   -93.548   -0.2    0.1   -0.2
    14.429   -93.548   -0.2    0.1   -0.2
    14.438   -93.548   -0.1    0.1   -0.2
    14.447   -93.548   -0.1    0.1   -0.2
    14.456   -93.548   -0.1    0.1   -0.2
    14.465   -93.548   -0.1    0.0   -0.2
    14.474   -93.548   -0.1    0.0   -0.2
    14.483   -93.548   -0.1    0.0   -0.2
    14.492   -93.548   -0.1    0.0   -0.1
    14.501   -93.548   -0.1    0.0   -0.1
    14.510   -93.548   -0.1    0.0   -0.1
    14.519   -93.548   -0.1    0.0   -0.1
    14.528   -93.548   -0.1    0.0   -0.1
    14.537   -93.548   -0.1   -0.0   -0.1
    14.546   -93.548   -0.1   -0.0   -0.1
    14.555   -93.548   -0.1   -0.0   -0.1
    14.564   -93.548   -0.1   -0.0   -0.1
    14.573   -93.548   -0.1   -0.0   -0.1
    14.582   -93.548   -0.1   -0.0   -0.1
    14.591   -93.548   -0.1   -0.0   -0.1
    14.600   -93.548   -0.1   -0.0   -0.1
    14.609   -93.548   -0.1   -0.0   -0.1
    14.618   -93.548   -0.1   -0.0   -0.1
    14.627   -93.548   -0.1   -0.0   -0.1
    14.636   -93.548   -0.1   -0.1   -0.1
    14.645   -93.548   -0.1   -0.1   -0.1
    14.654   -93.548   -0.1   -0.1   -0.1
    14.663   -93.548   -0.0   -0.1   -0.1
    14.672   -93.548   -0.0   -0.1   -0.1
    14.681   -93.548   -0.0   -0.1   -0.1
    14.690   -93.548   -0.0   -0.1   -0.1
    14.699   -93.548   -0.0   -0.1   -0.1
    14.708   -93.548   -0.0   -0.1   -0.1
    14.717   -93.548   -0.0   -0.1   -0.1
    14.726   -93.548   -0.0   -0.1   -0.1
    14.735   -93.548   -0.0   -0.1   -0.1
    14.744   -93.548   -0.0   -0.1   -0.1
    14.753   -93.548   -0.0   -0.1   -0.1
    13.854   -93.539    0.3    0.4    0.1
    13.863   -93.539    0.3    0.4    0.1
    13.872   -93.539    0.3    0.4    0.1
    13.881   -93.539    0.3    0.4    0.1
    13.890   -93.539    0.3    0.4    0.1
    13.899   -93.539    0.3    0.4    0.1
    13.908   -93.539    0.4    0.5    0.1
    13.917   -93.539    0.4    0.5    0.1
    13.926   -93.539    0.4    0.5    0.1
    13.935   -93.539    0.4    0.5    0.1
    13.944   -93.539    0.4    0.5    0.1
    13.953   -93.539    0.4    0.5    0.1
    13.962   -93.539    0.4    0.5    0.1
    13.971   -93.539    0.4    0.5    0.1
    13.980   -93.539    0.5    0.5    0.1
    13.989   -93.539    0.5    0.6    0.1
    13.998   -93.539    0.5    0.6    0.1
    14.007   -93.539    0.5    0.6    0.1
    14.016   -93.539    0.5    0.6    0.1
    14.024   -93.539    0.5    0.6    0.1
    14.033   -93.539    0.6    0.6    0.1
    14.042   -93.539    0.6    0.6    0.1
    14.051   -93.539    0.6    0.6    0.1
    14.060   -93.539    0.6    0.6    0.1
    14.069   -93.539    0.6    0.6    0.1
    14.078   -93.539    0.7    0.6    0.1
    14.087   -93.539    0.7    0.6    0.1
    14.096   -93.539    0.7    0.6    0.1
    14.105   -93.539    0.7    0.6    0.1
    14.114   -93.539    0.7    0.6    0.1
    14.123   -93.539    0.7    0.6    0.1
    14.132   -93.539    0.7    0.6    0.1
    14.141   -93.539    0.7    0.6    0.1
    14.150   -93.539    0.7    0.6    0.1
    14.159   -93.539    0.7    0.5    0.1
    14.168   -93.539    0.6    0.5    0.1
    14.177   -93.539    0.6    0.5    0.0
    14.186   -93.539    0.6    0.5    0.0
    14.195   -93.539    0.5    0.4    0.0
    14.204   -93.539    0.5    0.4   -0.0
    14.213   -93.539    0.5    0.4   -0.0
    14.222   -93.539    0.4    0.4   -0.1
    14.231   -93.539    0.3    0.4   -0.1
    14.240   -93.539    0.3    0.3   -0.1
    14.249   -93.539    0.2    0.3   -0.1
    14.258   -93.539    0.2    0.3   -0.1
    14.267   -93.539    0.1    0.3   -0.1
    14.276   -93.539    0.1    0.3   -0.2
    14.285   -93.539    0.0    0.3   -0.2
    14.294   -93.539   -0.0    0.2   -0.2
    14.303   -93.539   -0.0    0.2   -0.2
    14.312   -93.539   -0.1    0.2   -0.2
    14.321   -93.539   -0.1    0.2   -0.2
    14.330   -93.539   -0.1    0.2   -0.2
    14.339   -93.539   -0.1    0.2   -0.2
    14.348   -93.539   -0.1    0.2   -0.2
    14.357   -93.539   -0.2    0.2   -0.2
    14.366   -93.539   -0.2    0.2   -0.2
    14.375   -93.539   -0.2    0.1   -0.2
    14.384   -93.539   -0.2    0.1   -0.2
    14.393   -93.539   -0.2    0.1   -0.2
    14.402   -93.539   -0.2    0.1   -0.2
    14.411   -93.539   -0.2    0.1   -0.2
    14.420   -93.539   -0.2    0.1   -0.2
    14.429   -93.539   -0.2    0.1   -0.2
    14.438   -93.539   -0.2    0.1   -0.2
    14.447   -93.539   -0.2    0.1   -0.2
    14.456   -93.539   -0.2    0.1   -0.2
    14.465   -93.539   -0.1    0.0   -0.2
    14.474   -93.539   -0.1    0.0   -0.2
    14.483   -93.539   -0.1    0.0   -0.2
    14.492   -93.539   -0.1    0.0   -0.2
    14.501   -93.539   -0.1    0.0   -0.1
    14.510   -93.539   -0.1    0.0   -0.1
    14.519   -93.539   -0.1    0.0   -0.1
    14.528   -93.539   -0.1   -0.0   -0.1
    14.537   -93.539   -0.1   -0.0   -0.1
    14.546   -93.539   -0.1   -0.0   -0.1
    14.555   -93.539   -0.1   -0.0   -0.1
    14.564   -93.539   -0.1   -0.0   -0.1
    14.573   -93.539   -0.1   -0.0   -0.1
    14.582   -93.539   -0.1   -0.0   -0.1
    14.591   -93.539   -0.1   -0.0   -0.1
    14.600   -93.539   -0.1   -0.0   -0.1
    14.609   -93.539   -0.1   -0.0   -0.1
    14.618   -93.539   -0.1   -0.1   -0.1
    14.627   -93.539   -0.1   -0.1   -0.1
    14.636   -93.539   -0.1   -0.1   -0.1
    14.645   -93.539   -0.1   -0.1   -0.1
    14.654   -93.539   -0.1   -0.1   -0.1
    14.663   -93.539   -0.0   -0.1   -0.1
    14.672   -93.539   -0.0   -0.1   -0.1
    14.681   -93.539   -0.0   -0.1   -0.1
    14.690   -93.539   -0.0   -0.1   -0.1
    14.699   -93.539   -0.0   -0.1   -0.1
    14.708   -93.539   -0.0   -0.1   -0.1
    14.717   -93.539   -0.0   -0.1   -0.1
    14.726   -93.539   -0.0   -0.1   -0.1
    14.735   -93.539   -0.0   -0.1   -0.1
    14.744   -93.539   -0.0   -0.1   -0.1
    14.753   -93.539   -0.0   -0.1   -0.1
    13.854   -93.529    0.3    0.4    0.1
    13.863   -93.529    0.3    0.4    0.1
    13.872   -93.529    0.3    0.4    0.1
    13.881   -93.529    0.3    0.4    0.1
    13.890   -93.529    0.3    0.4    0.1
    13.899   -93.529    0.3    0.5    0.1
    13.908   -93.529    0.4    0.5    0.1
    13.917   -93.529    0.4    0.5    0.1
    13.926   -93.529    0.4    0.5    0.1
    13.935   -93.529    0.4    0.5    0.1
    13.944   -93.529    0.4    0.5    0.1
    13.953   -93.529    0.4    0.5    0.1
    13.962   -93.529    0.4    0.5    0.1
    13.971   -93.529    0.5    0.6    0.1
    13.980   -93.529    0.5    0.6    0.1
    13.989   -93.529    0.5    0.6    0.1
    13.998   -93.529    0.5    0.6    0.1
    14.007   -93.529    0.5    0.6    0.1
    14.016   -93.529    0.5    0.6    0.1
    14.024   -93.529    0.6    0.6    0.1
    14.033   -93.529    0.6    0.6    0.1
    14.042   -93.529    0.6    0.6    0.1
    14.051   -93.529    0.6    0.7    0.1
    14.060   -93.529    0.6    0.7    0.1
    14.069   -93.529    0.7    0.7    0.1
    14.078   -93.529    0.7    0.7    0.1
    14.087   -93.529    0.7    0.7    0.1
    14.096   -93.529    0.7    0.7    0.1
    14.105   -93.529    0.7    0.7    0.1
    14.114   -93.529    0.7    0.7    0.1
    14.123   -93.529    0.7    0.7    0.1
    14.132   -93.529    0.7    0.6    0.1
    14.141   -93.529    0.7    0.6    0.1
    14.150   -93.529    0.7    0.6    0.1
    14.159   -93.529    0.7    0.6    0.1
    14.168   -93.529    0.7    0.6    0.1
    14.177   -93.529    0.7    0.5    0.1
    14.186   -93.529    0.6    0.5    0.0
    14.195   -93.529    0.6    0.5    0.0
    14.204   -93.529    0.5    0.5   -0.0
    14.213   -93.529    0.5    0.4   -0.0
    14.222   -93.529    0.4    0.4   -0.1
    14.231   -93.529    0.4    0.4   -0.1
    14.240   -93.529    0.3    0.4   -0.1
    14.249   -93.529    0.2    0.3   -0.1
    14.258   -93.529    0.2    0.3   -0.1
    14.267   -93.529    0.1    0.3   -0.2
    14.276   -93.529    0.1    0.3   -0.2
    14.285   -93.529    0.0    0.3   -0.2
    14.294   -93.529   -0.0    0.3   -0.2
    14.303   -93.529   -0.1    0.2   -0.2
    14.312   -93.529   -0.1    0.2   -0.2
    14.321   -93.529   -0.1    0.2   -0.2
    14.330   -93.529   -0.1    0.2   -0.2
    14.339   -93.529   -0.2    0.2   -0.2
    14.348   -93.529   -0.2    0.2   -0.2
    14.357   -93.529   -0.2    0.2   -0.2
    14.366   -93.529   -0.2    0.2   -0.2
    14.375   -93.529   -0.2    0.2   -0.2
    14.384   -93.529   -0.2    0.1   -0.2
    14.393   -93.529   -0.2    0.1   -0.2
    14.402   -93.529   -0.2    0.1   -0.2
    14.411   -93.529   -0.2    0.1   -0.2
    14.420   -93.529   -0.2    0.1   -0.2
    14.429   -93.529   -0.2    0.1   -0.2
    14.438   -93.529   -0.2    0.1   -0.2
    14.447   -93.529   -0.2    0.1   -0.2
    14.456   -93.529   -0.2    0.0   -0.2
    14.465   -93.529   -0.2    0.0   -0.2
    14.474   -93.529   -0.2    0.0   -0.2
    14.483   -93.529   -0.1    0.0   -0.2
    14.492   -93.529   -0.1    0.0   -0.2
    14.501   -93.529   -0.1    0.0   -0.1
    14.510   -93.529   -0.1   -0.0   -0.1
    14.519   -93.529   -0.1   -0.0   -0.1
    14.528   -93.529   -0.1   -0.0   -0.1
    14.537   -93.529   -0.1   -0.0   -0.1
    14.546   -93.529   -0.1   -0.0   -0.1
    14.555   -93.529   -0.1   -0.0   -0.1
    14.564   -93.529   -0.1   -0.0   -0.1
    14.573   -93.529   -0.1   -0.0   -0.1
    14.582   -93.529   -0.1   -0.0   -0.1
    14.591   -93.529   -0.1   -0.0   -0.1
    14.600   -93.529   -0.1   -0.1   -0.1
    14.609   -93.529   -0.1   -0.1   -0.1
    14.618   -93.529   -0.1   -0.1   -0.1
    14.627   -93.529   -0.1   -0.1   -0.1
    14.636   -93.529   -0.1   -0.1   -0.1
    14.645   -93.529   -0.1   -0.1   -0.1
    14.654   -93.529   -0.1   -0.1   -0.1
    14.663   -93.529   -0.0   -0.1   -0.1
    14.672   -93.529   -0.0   -0.1   -0.1
    14.681   -93.529   -0.0   -0.1   -0.1
    14.690   -93.529   -0.0   -0.1   -0.1
    14.699   -93.529   -0.0   -0.1   -0.1
    14.708   -93.529   -0.0   -0.1   -0.1
    14.717   -93.529   -0.0   -0.1   -0.1
    14.726   -93.529   -0.0   -0.1   -0.1
    14.735   -93.529   -0.0   -0.1   -0.1
    14.744   -93.529   -0.0   -0.1   -0.1
    14.753   -93.529   -0.0   -0.1   -0.1
    13.854   -93.520    0.3    0.4    0.1
    13.863   -93.520    0.3    0.4    0.1
    13.872   -93.520    0.3    0.4    0.1
    13.881   -93.520    0.3    0.4    0.1
    13.890   -93.520    0.3    0.5    0.1
    13.899   -93.520    0.3    0.5    0.1
    13.908   -93.520    0.4    0.5    0.1
    13.917   -93.520    0.4    0.5    0.1
    13.926   -93.520    0.4    0.5    0.1
    13.935   -93.520    0.4    0.5    0.1
    13.944   -93.520    0.4    0.5    0.1
    13.953   -93.520    0.4    0.5    0.1
    13.962   -93.520    0.4    0.6    0.1
    13.971   -93.520    0.5    0.6    0.1
    13.980   -93.520    0.5    0.6    0.1
    13.989   -93.520    0.5    0.6    0.1
    13.998   -93.520    0.5    0.6    0.1
    14.007   -93.520    0.5    0.6    0.1
    14.016   -93.520    0.6    0.6    0.1
    14.024   -93.520    0.6    0.7    0.1
    14.033   -93.520    0.6    0.7    0.1
    14.042   -93.520    0.6    0.7    0.1
    14.051   -93.520    0.7    0.7    0.1
    14.060   -93.520    0.7    0.7    0.2
    14.069   -93.520    0.7    0.7    0.2
    14.078   -93.520    0.7    0.7    0.2
    14.087   -93.520    0.7    0.7    0.2
    14.096   -93.520    0.8    0.7    0.2
    14.105   -93.520    0.8    0.7    0.1
    14.114   -93.520    0.8    0.7    0.1
    14.123   -93.520    0.8    0.7    0.1
    14.132   -93.520    0.8    0.7    0.1
    14.141   -93.520    0.8    0.7    0.1
    14.150   -93.520    0.8    0.7    0.1
    14.159   -93.520    0.8    0.6    0.1
    14.168   -93.520    0.7    0.6    0.1
    14.177   -93.520    0.7    0.6    0.1
    14.186   -93.520    0.7    0.6    0.0
    14.195   -93.520    0.6    0.5    0.0
    14.204   -93.520    0.6    0.5   -0.0
    14.213   -93.520    0.5    0.5   -0.0
    14.222   -93.520    0.4    0.4   -0.1
    14.231   -93.520    0.4    0.4   -0.1
    14.240   -93.520    0.3    0.4   -0.1
    14.249   -93.520    0.2    0.4   -0.1
    14.258   -93.520    0.2    0.3   -0.1
    14.267   -93.520    0.1    0.3   -0.2
    14.276   -93.520    0.0    0.3   -0.2
    14.285   -93.520   -0.0    0.3   -0.2
    14.294   -93.520   -0.1    0.3   -0.2
    14.303   -93.520   -0.1    0.3   -0.2
    14.312   -93.520   -0.1    0.2   -0.2
    14.321   -93.520   -0.2    0.2   -0.2
    14.330   -93.520   -0.2    0.2   -0.2
    14.339   -93.520   -0.2    0.2   -0.2
    14.348   -93.520   -0.2    0.2   -0.2
    14.357   -93.520   -0.2    0.2   -0.2
    14.366   -93.520   -0.2    0.2   -0.2
    14.375   -93.520   -0.2    0.2   -0.2
    14.384   -93.520   -0.2    0.1   -0.2
    14.393   -93.520   -0.2    0.1   -0.2
    14.402   -93.520   -0.2    0.1   -0.2
    14.411   -93.520   -0.2    0.1   -0.2
    14.420   -93.520   -0.2    0.1   -0.2
    14.429   -93.520   -0.2    0.1   -0.2
    14.438   -93.520   -0.2    0.1   -0.2
    14.447   -93.520   -0.2    0.1   -0.2
    14.456   -93.520   -0.2    0.0   -0.2
    14.465   -93.520   -0.2    0.0   -0.2
    14.474   -93.520   -0.2    0.0   -0.2
    14.483   -93.520   -0.2    0.0   -0.2
    14.492   -93.520   -0.2    0.0   -0.2
    14.501   -93.520   -0.1   -0.0   -0.1
    14.510   -93.520   -0.1   -0.0   -0.1
    14.519   -93.520   -0.1   -0.0   -0.1
    14.528   -93.520   -0.1   -0.0   -0.1
    14.537   -93.520   -0.1   -0.0   -0.1
    14.546   -93.520   -0.1   -0.0   -0.1
    14.555   -93.520   -0.1   -0.0   -0.1
    14.564   -93.520   -0.1   -0.0   -0.1
    14.573   -93.520   -0.1   -0.1   -0.1
    14.582   -93.520   -0.1   -0.1   -0.1
    14.591   -93.520   -0.1   -0.1   -0.1
    14.600   -93.520   -0.1   -0.1   -0.1
    14.609   -93.520   -0.1   -0.1   -0.1
    14.618   -93.520   -0.1   -0.1   -0.1
    14.627   -93.520   -0.1   -0.1   -0.1
    14.636   -93.520   -0.1   -0.1   -0.1
    14.645   -93.520   -0.1   -0.1   -0.1
    14.654   -93.520   -0.1   -0.1   -0.1
    14.663   -93.520   -0.1   -0.1   -0.1
    14.672   -93.520   -0.0   -0.1   -0.1
    14.681   -93.520   -0.0   -0.1   -0.1
    14.690   -93.520   -0.0   -0.1   -0.1
    14.699   -93.520   -0.0   -0.1   -0.1
    14.708   -93.520   -0.0   -0.1   -0.1
    14.717   -93.520   -0.0   -0.1   -0.1
    14.726   -93.520   -0.0   -0.1   -0.1
    14.735   -93.520   -0.0   -0.1   -0.1
    14.744   -93.520   -0.0   -0.1   -0.1
    14.753   -93.520   -0.0   -0.1   -0.1
    13.854   -93.511    0.3    0.4    0.1
    13.863   -93.511    0.3    0.4    0.1
    13.872   -93.511    0.3    0.4    0.1
    13.881   -93.511    0.3    0.5    0.1
    13.890   -93.511    0.3    0.5    0.1
    13.899   -93.511    0.4    0.5    0.1
    13.908   -93.511    0.4    0.5    0.1
    13.917   -93.511    0.4    0.5    0.1
    13.926   -93.511    0.4    0.5    0.1
    13.935   -93.511    0.4    0.5    0.1
    13.944   -93.511    0.4    0.5    0.1
    13.953   -93.511    0.4    0.6    0.1
    13.962   -93.511    0.5    0.6    0.1
    13.971   -93.511    0.5    0.6    0.1
    13.980   -93.511    0.5    0.6    0.1
    13.989   -93.511    0.5    0.6    0.1
    13.998   -93.511    0.5    0.6    0.1
    14.007   -93.511    0.6    0.7    0.1
    14.016   -93.511    0.6    0.7    0.1
    14.024   -93.511    0.6    0.7    0.1
    14.033   -93.511    0.6    0.7    0.2
    14.042   -93.511    0.6    0.7    0.2
    14.051   -93.511    0.7    0.7    0.2
    14.060   -93.511    0.7    0.7    0.2
    14.069   -93.511    0.7    0.8    0.2
    14.078   -93.511    0.7    0.8    0.2
    14.087   -93.511    0.8    0.8    0.2
    14.096   -93.511    0.8    0.8    0.2
    14.105   -93.511    0.8    0.8    0.2
    14.114   -93.511    0.8    0.8    0.2
    14.123   -93.511    0.8    0.8    0.2
    14.132   -93.511    0.9    0.8    0.1
    14.141   -93.511    0.9    0.7    0.1
    14.150   -93.511    0.8    0.7    0.1
    14.159   -93.511    0.8    0.7    0.1
    14.168   -93.511    0.8    0.7    0.1
    14.177   -93.511    0.8    0.6    0.1
    14.186   -93.511    0.7    0.6    0.1
    14.195   -93.511    0.7    0.6    0.0
    14.204   -93.511    0.6    0.5    0.0
    14.213   -93.511    0.5    0.5   -0.0
    14.222   -93.511    0.5    0.5   -0.1
    14.231   -93.511    0.4    0.4   -0.1
    14.240   -93.511    0.3    0.4   -0.1
    14.249   -93.511    0.2    0.4   -0.1
    14.258   -93.511    0.1    0.4   -0.2
    14.267   -93.511    0.1    0.3   -0.2
    14.276   -93.511    0.0    0.3   -0.2
    14.285   -93.511   -0.0    0.3   -0.2
    14.294   -93.511   -0.1    0.3   -0.2
    14.303   -93.511   -0.1    0.3   -0.2
    14.312   -93.511   -0.2    0.3   -0.2
    14.321   -93.511   -0.2    0.3   -0.3
    14.330   -93.511   -0.2    0.2   -0.3
    14.339   -93.511   -0.2    0.2   -0.3
    14.348   -93.511   -0.2    0.2   -0.3
    14.357   -93.511   -0.2    0.2   -0.2
    14.366   -93.511   -0.2    0.2   -0.2
    14.375   -93.511   -0.2    0.2   -0.2
    14.384   -93.511   -0.2    0.1   -0.2
    14.393   -93.511   -0.2    0.1   -0.2
    14.402   -93.511   -0.2    0.1   -0.2
    14.411   -93.511   -0.2    0.1   -0.2
    14.420   -93.511   -0.2    0.1   -0.2
    14.429   -93.511   -0.2    0.1   -0.2
    14.438   -93.511   -0.2    0.1   -0.2
    14.447   -93.511   -0.2    0.0   -0.2
    14.456   -93.511   -0.2    0.0   -0.2
    14.465   -93.511   -0.2    0.0   -0.2
    14.474   -93.511   -0.2    0.0   -0.2
    14.483   -93.511   -0.2    0.0   -0.2
    14.492   -93.511   -0.2   -0.0   -0.2
    14.501   -93.511   -0.2   -0.0   -0.2
    14.510   -93.511   -0.1   -0.0   -0.1
    14.519   -93.511   -0.1   -0.0   -0.1
    14.528   -93.511   -0.1   -0.0   -0.1
    14.537   -93.511   -0.1   -0.0   -0.1
    14.546   -93.511   -0.1   -0.0   -0.1
    14.555   -93.511   -0.1   -0.1   -0.1
    14.564   -93.511   -0.1   -0.1   -0.1
    14.573   -93.511   -0.1   -0.1   -0.1
    14.582   -93.511   -0.1   -0.1   -0.1
    14.591   -93.511   -0.1   -0.1   -0.1
    14.600   -93.511   -0.1   -0.1   -0.1
    14.609   -93.511   -0.1   -0.1   -0.1
    14.618   -93.511   -0.1   -0.1   -0.1
    14.627   -93.511   -0.1   -0.1   -0.1
    14.636   -93.511   -0.1   -0.1   -0.1
    14.645   -93.511   -0.1   -0.1   -0.1
    14.654   -93.511   -0.1   -0.1   -0.1
    14.663   -93.511   -0.1   -0.1   -0.1
    14.672   -93.511   -0.0   -0.1   -0.1
    14.681   -93.511   -0.0   -0.1   -0.1
    14.690   -93.511   -0.0   -0.1   -0.1
    14.699   -93.511   -0.0   -0.1   -0.1
    14.708   -93.511   -0.0   -0.1   -0.1
    14.717   -93.511   -0.0   -0.1   -0.1
    14.726   -93.511   -0.0   -0.1   -0.1
    14.735   -93.511   -0.0   -0.1   -0.1
    14.744   -93.511   -0.0   -0.1   -0.1
    14.753   -93.511   -0.0   -0.1   -0.1
    13.854   -93.501    0.3    0.4    0.1
    13.863   -93.501    0.3    0.4    0.1
    13.872   -93.501    0.3    0.5    0.1
    13.881   -93.501    0.3    0.5    0.1
    13.890   -93.501    0.3    0.5    0.1
    13.899   -93.501    0.4    0.5    0.1
    13.908   -93.501    0.4    0.5    0.1
    13.917   -93.501    0.4    0.5    0.1
    13.926   -93.501    0.4    0.5    0.1
    13.935   -93.501    0.4    0.5    0.1
    13.944   -93.501    0.4    0.6    0.1
    13.953   -93.501    0.4    0.6    0.1
    13.962   -93.501    0.5    0.6    0.1
    13.971   -93.501    0.5    0.6    0.1
    13.980   -93.501    0.5    0.6    0.1
    13.989   -93.501    0.5    0.6    0.1
    13.998   -93.501    0.5    0.7    0.1
    14.007   -93.501    0.6    0.7    0.1
    14.016   -93.501    0.6    0.7    0.1
    14.024   -93.501    0.6    0.7    0.2
    14.033   -93.501    0.6    0.7    0.2
    14.042   -93.501    0.7    0.8    0.2
    14.051   -93.501    0.7    0.8    0.2
    14.060   -93.501    0.7    0.8    0.2
    14.069   -93.501    0.8    0.8    0.2
    14.078   -93.501    0.8    0.8    0.2
    14.087   -93.501    0.8    0.8    0.2
    14.096   -93.501    0.8    0.8    0.2
    14.105   -93.501    0.9    0.8    0.2
    14.114   -93.501    0.9    0.8    0.2
    14.123   -93.501    0.9    0.8    0.2
    14.132   -93.501    0.9    0.8    0.2
    14.141   -93.501    0.9    0.8    0.2
    14.150   -93.501    0.9    0.8    0.1
    14.159   -93.501    0.9    0.8    0.1
    14.168   -93.501    0.9    0.7    0.1
    14.177   -93.501    0.8    0.7    0.1
    14.186   -93.501    0.8    0.7    0.1
    14.195   -93.501    0.7    0.6    0.0
    14.204   -93.501    0.7    0.6    0.0
    14.213   -93.501    0.6    0.5   -0.0
    14.222   -93.501    0.5    0.5   -0.1
    14.231   -93.501    0.4    0.5   -0.1
    14.240   -93.501    0.3    0.4   -0.1
    14.249   -93.501    0.2    0.4   -0.2
    14.258   -93.501    0.1    0.4   -0.2
    14.267   -93.501    0.0    0.4   -0.2
    14.276   -93.501   -0.0    0.3   -0.2
    14.285   -93.501   -0.1    0.3   -0.2
    14.294   -93.501   -0.1    0.3   -0.3
    14.303   -93.501   -0.2    0.3   -0.3
    14.312   -93.501   -0.2    0.3   -0.3
    14.321   -93.501   -0.2    0.3   -0.3
    14.330   -93.501   -0.3    0.2   -0.3
    14.339   -93.501   -0.3    0.2   -0.3
    14.348   -93.501   -0.3    0.2   -0.3
    14.357   -93.501   -0.3    0.2   -0.3
    14.366   -93.501   -0.3    0.2   -0.3
    14.375   -93.501   -0.3    0.2   -0.3
    14.384   -93.501   -0.3    0.1   -0.2
    14.393   -93.501   -0.3    0.1   -0.2
    14.402   -93.501   -0.2    0.1   -0.2
    14.411   -93.501   -0.2    0.1   -0.2
    14.420   -93.501   -0.2    0.1   -0.2
    14.429   -93.501   -0.2    0.1   -0.2
    14.438   -93.501   -0.2    0.0   -0.2
    14.447   -93.501   -0.2    0.0   -0.2
    14.456   -93.501   -0.2    0.0   -0.2
    14.465   -93.501   -0.2    0.0   -0.2
    14.474   -93.501   -0.2   -0.0   -0.2
    14.483   -93.501   -0.2   -0.0   -0.2
    14.492   -93.501   -0.2   -0.0   -0.2
    14.501   -93.501   -0.2   -0.0   -0.2
    14.510   -93.501   -0.2   -0.0   -0.1
    14.519   -93.501   -0.1   -0.0   -0.1
    14.528   -93.501   -0.1   -0.0   -0.1
    14.537   -93.501   -0.1   -0.1   -0.1
    14.546   -93.501   -0.1   -0.1   -0.1
    14.555   -93.501   -0.1   -0.1   -0.1
    14.564   -93.501   -0.1   -0.1   -0.1
    14.573   -93.501   -0.1   -0.1   -0.1
    14.582   -93.501   -0.1   -0.1   -0.1
    14.591   -93.501   -0.1   -0.1   -0.1
    14.600   -93.501   -0.1   -0.1   -0.1
    14.609   -93.501   -0.1   -0.1   -0.1
    14.618   -93.501   -0.1   -0.1   -0.1
    14.627   -93.501   -0.1   -0.1   -0.1
    14.636   -93.501   -0.1   -0.1   -0.1
    14.645   -93.501   -0.1   -0.1   -0.1
    14.654   -93.501   -0.1   -0.1   -0.1
    14.663   -93.501   -0.1   -0.1   -0.1
    14.672   -93.501   -0.0   -0.1   -0.1
    14.681   -93.501   -0.0   -0.1   -0.1
    14.690   -93.501   -0.0   -0.1   -0.1
    14.699   -93.501   -0.0   -0.1   -0.1
    14.708   -93.501   -0.0   -0.1   -0.1
    14.717   -93.501   -0.0   -0.1   -0.1
    14.726   -93.501   -0.0   -0.1   -0.1
    14.735   -93.501   -0.0   -0.1   -0.1
    14.744   -93.501   -0.0   -0.1   -0.1
    14.753   -93.501   -0.0   -0.1   -0.1
    13.854   -93.492    0.3    0.4    0.1
    13.863   -93.492    0.3    0.4    0.1
    13.872   -93.492    0.3    0.5    0.1
    13.881   -93.492    0.3    0.5    0.1
    13.890   -93.492    0.3    0.5    0.1
    13.899   -93.492    0.4    0.5    0.1
    13.908   -93.492    0.4    0.5    0.1
    13.917   -93.492    0.4    0.5    0.1
    13.926   -93.492    0.4    0.5    0.1
    13.935   -93.492    0.4    0.6    0.1
    13.944   -93.492    0.4    0.6    0.1
    13.953   -93.492    0.4    0.6    0.1
    13.962   -93.492    0.5    0.6    0.1
    13.971   -93.492    0.5    0.6    0.1
    13.980   -93.492    0.5    0.7    0.1
    13.989   -93.492    0.5    0.7    0.1
    13.998   -93.492    0.6    0.7    0.1
    14.007   -93.492    0.6    0.7    0.1
    14.016   -93.492    0.6    0.7    0.2
    14.024   -93.492    0.6    0.8    0.2
    14.033   -93.492    0.7    0.8    0.2
    14.042   -93.492    0.7    0.8    0.2
    14.051   -93.492    0.7    0.8    0.2
    14.060   -93.492    0.8    0.8    0.2
    14.069   -93.492    0.8    0.9    0.2
    14.078   -93.492    0.8    0.9    0.2
    14.087   -93.492    0.8    0.9    0.2
    14.096   -93.492    0.9    0.9    0.2
    14.105   -93.492    0.9    0.9    0.2
    14.114   -93.492    0.9    0.9    0.2
    14.123   -93.492    1.0    0.9    0.2
    14.132   -93.492    1.0    0.9    0.2
    14.141   -93.492    1.0    0.9    0.2
    14.150   -93.492    1.0    0.9    0.2
    14.159   -93.492    1.0    0.8    0.1
    14.168   -93.492    1.0    0.8    0.1
    14.177   -93.492    0.9    0.8    0.1
    14.186   -93.492    0.9    0.7    0.1
    14.195   -93.492    0.8    0.7    0.0
    14.204   -93.492    0.7    0.6    0.0
    14.213   -93.492    0.6    0.6   -0.0
    14.222   -93.492    0.5    0.5   -0.1
    14.231   -93.492    0.4    0.5   -0.1
    14.240   -93.492    0.3    0.5   -0.1
    14.249   -93.492    0.2    0.4   -0.2
    14.258   -93.492    0.1    0.4   -0.2
    14.267   -93.492    0.0    0.4   -0.2
    14.276   -93.492   -0.1    0.4   -0.2
    14.285   -93.492   -0.1    0.4   -0.3
    14.294   -93.492   -0.2    0.3   -0.3
    14.303   -93.492   -0.2    0.3   -0.3
    14.312   -93.492   -0.3    0.3   -0.3
    14.321   -93.492   -0.3    0.3   -0.3
    14.330   -93.492   -0.3    0.3   -0.3
    14.339   -93.492   -0.3    0.2   -0.3
    14.348   -93.492   -0.3    0.2   -0.3
    14.357   -93.492   -0.3    0.2   -0.3
    14.366   -93.492   -0.3    0.2   -0.3
    14.375   -93.492   -0.3    0.2   -0.3
    14.384   -93.492   -0.3    0.1   -0.3
    14.393   -93.492   -0.3    0.1   -0.2
    14.402   -93.492   -0.3    0.1   -0.2
    14.411   -93.492   -0.3    0.1   -0.2
    14.420   -93.492   -0.3    0.1   -0.2
    14.429   -93.492   -0.2    0.0   -0.2
    14.438   -93.492   -0.2    0.0   -0.2
    14.447   -93.492   -0.2    0.0   -0.2
    14.456   -93.492   -0.2    0.0   -0.2
    14.465   -93.492   -0.2   -0.0   -0.2
    14.474   -93.492   -0.2   -0.0   -0.2
    14.483   -93.492   -0.2   -0.0   -0.2
    14.492   -93.492   -0.2   -0.0   -0.2
    14.501   -93.492   -0.2   -0.0   -0.2
    14.510   -93.492   -0.2   -0.0   -0.1
    14.519   -93.492   -0.2   -0.1   -0.1
    14.528   -93.492   -0.1   -0.1   -0.1
    14.537   -93.492   -0.1   -0.1   -0.1
    14.546   -93.492   -0.1   -0.1   -0.1
    14.555   -93.492   -0.1   -0.1   -0.1
    14.564   -93.492   -0.1   -0.1   -0.1
    14.573   -93.492   -0.1   -0.1   -0.1
    14.582   -93.492   -0.1   -0.1   -0.1
    14.591   -93.492   -0.1   -0.1   -0.1
    14.600   -93.492   -0.1   -0.1   -0.1
    14.609   -93.492   -0.1   -0.1   -0.1
    14.618   -93.492   -0.1   -0.1   -0.1
    14.627   -93.492   -0.1   -0.1   -0.1
    14.636   -93.492   -0.1   -0.1   -0.1
    14.645   -93.492   -0.1   -0.1   -0.1
    14.654   -93.492   -0.1   -0.1   -0.1
    14.663   -93.492   -0.1   -0.1   -0.1
    14.672   -93.492   -0.0   -0.1   -0.1
    14.681   -93.492   -0.0   -0.1   -0.1
    14.690   -93.492   -0.0   -0.1   -0.1
    14.699   -93.492   -0.0   -0.1   -0.1
    14.708   -93.492   -0.0   -0.1   -0.1
    14.717   -93.492   -0.0   -0.1   -0.1
    14.726   -93.492   -0.0   -0.1   -0.1
    14.735   -93.492   -0.0   -0.1   -0.1
    14.744   -93.492   -0.0   -0.1   -0.1
    14.753   -93.492   -0.0   -0.1   -0.1
    13.854   -93.483    0.3    0.4    0.1
    13.863   -93.483    0.3    0.5    0.1
    13.872   -93.483    0.3    0.5    0.1
    13.881   -93.483    0.3    0.5    0.1
    13.890   -93.483    0.3    0.5    0.1
    13.899   -93.483    0.4    0.5    0.1
    13.908   -93.483    0.4    0.5    0.1
    13.917   -93.483    0.4    0.5    0.1
    13.926   -93.483    0.4    0.6    0.1
    13.935   -93.483    0.4    0.6    0.1
    13.944   -93.483    0.4    0.6    0.1
    13.953   -93.483    0.5    0.6    0.1
    13.962   -93.483    0.5    0.6    0.1
    13.971   -93.483    0.5    0.7    0.1
    13.980   -93.483    0.5    0.7    0.1
    13.989   -93.483    0.5    0.7    0.1
    13.998   -93.483    0.6    0.7    0.1
    14.007   -93.483    0.6    0.7    0.2
    14.016   -93.483    0.6    0.8    0.2
    14.024   -93.483    0.6    0.8    0.2
    14.033   -93.483    0.7    0.8    0.2
    14.042   -93.483    0.7    0.8    0.2
    14.051   -93.483    0.7    0.9    0.2
    14.060   -93.483    0.8    0.9    0.2
    14.069   -93.483    0.8    0.9    0.2
    14.078   -93.483    0.9    0.9    0.2
    14.087   -93.483    0.9    0.9    0.2
    14.096   -93.483    0.9    1.0    0.2
    14.105   -93.483    1.0    1.0    0.2
    14.114   -93.483    1.0    1.0    0.2
    14.123   -93.483    1.0    1.0    0.2
    14.132   -93.483    1.0    1.0    0.2
    14.141   -93.483    1.1    1.0    0.2
    14.150   -93.483    1.1    1.0    0.2
    14.159   -93.483    1.1    0.9    0.2
    14.168   -93.483    1.0    0.9    0.2
    14.177   -93.483    1.0    0.9    0.1
    14.186   -93.483    1.0    0.8    0.1
    14.195   -93.483    0.9    0.8    0.1
    14.204   -93.483    0.8    0.7    0.0
    14.213   -93.483    0.7    0.6   -0.0
    14.222   -93.483    0.6    0.6   -0.1
    14.231   -93.483    0.4    0.5   -0.1
    14.240   -93.483    0.3    0.5   -0.1
    14.249   -93.483    0.2    0.5   -0.2
    14.258   -93.483    0.0    0.4   -0.2
    14.267   -93.483   -0.1    0.4   -0.2
    14.276   -93.483   -0.1    0.4   -0.3
    14.285   -93.483   -0.2    0.4   -0.3
    14.294   -93.483   -0.3    0.4   -0.3
    14.303   -93.483   -0.3    0.3   -0.3
    14.312   -93.483   -0.3    0.3   -0.3
    14.321   -93.483   -0.4    0.3   -0.3
    14.330   -93.483   -0.4    0.3   -0.3
    14.339   -93.483   -0.4    0.3   -0.3
    14.348   -93.483   -0.4    0.2   -0.3
    14.357   -93.483   -0.4    0.2   -0.3
    14.366   -93.483   -0.3    0.2   -0.3
    14.375   -93.483   -0.3    0.2   -0.3
    14.384   -93.483   -0.3    0.1   -0.3
    14.393   -93.483   -0.3    0.1   -0.3
    14.402   -93.483   -0.3    0.1   -0.2
    14.411   -93.483   -0.3    0.1   -0.2
    14.420   -93.483   -0.3    0.0   -0.2
    14.429   -93.483   -0.3    0.0   -0.2
    14.438   -93.483   -0.2    0.0   -0.2
    14.447   -93.483   -0.2   -0.0   -0.2
    14.456   -93.483   -0.2   -0.0   -0.2
    14.465   -93.483   -0.2   -0.0   -0.2
    14.474   -93.483   -0.2   -0.0   -0.2
    14.483   -93.483   -0.2   -0.0   -0.2
    14.492   -93.483   -0.2   -0.1   -0.2
    14.501   -93.483   -0.2   -0.1   -0.1
    14.510   -93.483   -0.2   -0.1   -0.1
    14.519   -93.483   -0.2   -0.1   -0.1
    14.528   -93.483   -0.2   -0.1   -0.1
    14.537   -93.483   -0.1   -0.1   -0.1
    14.546   -93.483   -0.1   -0.1   -0.1
    14.555   -93.483   -0.1   -0.1   -0.1
    14.564   -93.483   -0.1   -0.1   -0.1
    14.573   -93.483   -0.1   -0.1   -0.1
    14.582   -93.483   -0.1   -0.1   -0.1
    14.591   -93.483   -0.1   -0.1   -0.1
    14.600   -93.483   -0.1   -0.1   -0.1
    14.609   -93.483   -0.1   -0.1   -0.1
    14.618   -93.483   -0.1   -0.1   -0.1
    14.627   -93.483   -0.1   -0.1   -0.1
    14.636   -93.483   -0.1   -0.1   -0.1
    14.645   -93.483   -0.1   -0.1   -0.1
    14.654   -93.483   -0.1   -0.1   -0.1
    14.663   -93.483   -0.1   -0.1   -0.1
    14.672   -93.483   -0.0   -0.1   -0.1
    14.681   -93.483   -0.0   -0.1   -0.1
    14.690   -93.483   -0.0   -0.1   -0.1
    14.699   -93.483   -0.0   -0.1   -0.1
    14.708   -93.483   -0.0   -0.1   -0.1
    14.717   -93.483   -0.0   -0.1   -0.1
    14.726   -93.483   -0.0   -0.1   -0.1
    14.735   -93.483   -0.0   -0.1   -0.1
    14.744   -93.483   -0.0   -0.1   -0.1
    14.753   -93.483   -0.0   -0.1   -0.1
    13.854   -93.474    0.3    0.5    0.1
    13.863   -93.474    0.3    0.5    0.1
    13.872   -93.474    0.3    0.5    0.1
    13.881   -93.474    0.3    0.5    0.1
    13.890   -93.474    0.3    0.5    0.1
    13.899   -93.474    0.4    0.5    0.1
    13.908   -93.474    0.4    0.5    0.1
    13.917   -93.474    0.4    0.6    0.1
    13.926   -93.474    0.4    0.6    0.1
    13.935   -93.474    0.4    0.6    0.1
    13.944   -93.474    0.4    0.6    0.1
    13.953   -93.474    0.5    0.6    0.1
    13.962   -93.474    0.5    0.7    0.1
    13.971   -93.474    0.5    0.7    0.1
    13.980   -93.474    0.5    0.7    0.1
    13.989   -93.474    0.5    0.7    0.1
    13.998   -93.474    0.6    0.7    0.2
    14.007   -93.474    0.6    0.8    0.2
    14.016   -93.474    0.6    0.8    0.2
    14.024   -93.474    0.7    0.8    0.2
    14.033   -93.474    0.7    0.9    0.2
    14.042   -93.474    0.7    0.9    0.2
    14.051   -93.474    0.8    0.9    0.2
    14.060   -93.474    0.8    0.9    0.2
    14.069   -93.474    0.8    1.0    0.2
    14.078   -93.474    0.9    1.0    0.2
    14.087   -93.474    0.9    1.0    0.2
    14.096   -93.474    1.0    1.0    0.2
    14.105   -93.474    1.0    1.1    0.2
    14.114   -93.474    1.1    1.1    0.2
    14.123   -93.474    1.1    1.1    0.2
    14.132   -93.474    1.1    1.1    0.2
    14.141   -93.474    1.1    1.1    0.2
    14.150   -93.474    1.2    1.1    0.2
    14.159   -93.474    1.2    1.0    0.2
    14.168   -93.474    1.2    1.0    0.2
    14.177   -93.474    1.1    1.0    0.2
    14.186   -93.474    1.1    0.9    0.1
    14.195   -93.474    1.0    0.8    0.1
    14.204   -93.474    0.9    0.8    0.0
    14.213   -93.474    0.7    0.7   -0.0
    14.222   -93.474    0.6    0.6   -0.1
    14.231   -93.474    0.4    0.6   -0.1
    14.240   -93.474    0.3    0.6   -0.2
    14.249   -93.474    0.1    0.5   -0.2
    14.258   -93.474   -0.0    0.5   -0.2
    14.267   -93.474   -0.1    0.5   -0.3
    14.276   -93.474   -0.2    0.4   -0.3
    14.285   -93.474   -0.3    0.4   -0.3
    14.294   -93.474   -0.4    0.4   -0.3
    14.303   -93.474   -0.4    0.4   -0.3
    14.312   -93.474   -0.4    0.4   -0.3
    14.321   -93.474   -0.4    0.3   -0.3
    14.330   -93.474   -0.4    0.3   -0.3
    14.339   -93.474   -0.4    0.3   -0.3
    14.348   -93.474   -0.4    0.2   -0.3
    14.357   -93.474   -0.4    0.2   -0.3
    14.366   -93.474   -0.4    0.2   -0.3
    14.375   -93.474   -0.4    0.1   -0.3
    14.384   -93.474   -0.3    0.1   -0.3
    14.393   -93.474   -0.3    0.1   -0.3
    14.402   -93.474   -0.3    0.1   -0.2
    14.411   -93.474   -0.3    0.0   -0.2
    14.420   -93.474   -0.3    0.0   -0.2
    14.429   -93.474   -0.3    0.0   -0.2
    14.438   -93.474   -0.3   -0.0   -0.2
    14.447   -93.474   -0.3   -0.0   -0.2
    14.456   -93.474   -0.2   -0.0   -0.2
    14.465   -93.474   -0.2   -0.0   -0.2
    14.474   -93.474   -0.2   -0.1   -0.2
    14.483   -93.474   -0.2   -0.1   -0.2
    14.492   -93.474   -0.2   -0.1   -0.2
    14.501   -93.474   -0.2   -0.1   -0.1
    14.510   -93.474   -0.2   -0.1   -0.1
    14.519   -93.474   -0.2   -0.1   -0.1
    14.528   -93.474   -0.2   -0.1   -0.1
    14.537   -93.474   -0.2   -0.1   -0.1
    14.546   -93.474   -0.1   -0.1   -0.1
    14.555   -93.474   -0.1   -0.1   -0.1
    14.564   -93.474   -0.1   -0.1   -0.1
    14.573   -93.474   -0.1   -0.1   -0.1
    14.582   -93.474   -0.1   -0.1   -0.1
    14.591   -93.474   -0.1   -0.1   -0.1
    14.600   -93.474   -0.1   -0.1   -0.1
    14.609   -93.474   -0.1   -0.1   -0.1
    14.618   -93.474   -0.1   -0.1   -0.1
    14.627   -93.474   -0.1   -0.1   -0.1
    14.636   -93.474   -0.1   -0.1   -0.1
    14.645   -93.474   -0.1   -0.1   -0.1
    14.654   -93.474   -0.1   -0.1   -0.1
    14.663   -93.474   -0.1   -0.1   -0.1
    14.672   -93.474   -0.0   -0.1   -0.1
    14.681   -93.474   -0.0   -0.1   -0.1
    14.690   -93.474   -0.0   -0.1   -0.1
    14.699   -93.474   -0.0   -0.1   -0.1
    14.708   -93.474   -0.0   -0.1   -0.1
    14.717   -93.474   -0.0   -0.1   -0.1
    14.726   -93.474   -0.0   -0.2   -0.1
    14.735   -93.474   -0.0   -0.2   -0.1
    14.744   -93.474   -0.0   -0.2   -0.1
    14.753   -93.474   -0.0   -0.2   -0.1
    13.854   -93.464    0.3    0.5    0.1
    13.863   -93.464    0.3    0.5    0.1
    13.872   -93.464    0.3    0.5    0.1
    13.881   -93.464    0.3    0.5    0.1
    13.890   -93.464    0.3    0.5    0.1
    13.899   -93.464    0.4    0.5    0.1
    13.908   -93.464    0.4    0.5    0.1
    13.917   -93.464    0.4    0.6    0.1
    13.926   -93.464    0.4    0.6    0.1
    13.935   -93.464    0.4    0.6    0.1
    13.944   -93.464    0.4    0.6    0.1
    13.953   -93.464    0.5    0.6    0.1
    13.962   -93.464    0.5    0.7    0.1
    13.971   -93.464    0.5    0.7    0.1
    13.980   -93.464    0.5    0.7    0.1
    13.989   -93.464    0.5    0.7    0.1
    13.998   -93.464    0.6    0.8    0.2
    14.007   -93.464    0.6    0.8    0.2
    14.016   -93.464    0.6    0.8    0.2
    14.024   -93.464    0.7    0.9    0.2
    14.033   -93.464    0.7    0.9    0.2
    14.042   -93.464    0.7    0.9    0.2
    14.051   -93.464    0.8    1.0    0.2
    14.060   -93.464    0.8    1.0    0.2
    14.069   -93.464    0.9    1.0    0.2
    14.078   -93.464    0.9    1.1    0.2
    14.087   -93.464    1.0    1.1    0.2
    14.096   -93.464    1.0    1.1    0.2
    14.105   -93.464    1.1    1.1    0.2
    14.114   -93.464    1.1    1.2    0.2
    14.123   -93.464    1.2    1.2    0.3
    14.132   -93.464    1.2    1.2    0.3
    14.141   -93.464    1.2    1.2    0.2
    14.150   -93.464    1.3    1.2    0.2
    14.159   -93.464    1.3    1.2    0.2
    14.168   -93.464    1.3    1.1    0.2
    14.177   -93.464    1.2    1.1    0.2
    14.186   -93.464    1.2    1.0    0.1
    14.195   -93.464    1.1    0.9    0.1
    14.204   -93.464    0.9    0.9    0.1
    14.213   -93.464    0.8    0.8   -0.0
    14.222   -93.464    0.6    0.7   -0.1
    14.231   -93.464    0.4    0.7   -0.1
    14.240   -93.464    0.2    0.6   -0.2
    14.249   -93.464    0.1    0.6   -0.2
    14.258   -93.464   -0.1    0.5   -0.3
    14.267   -93.464   -0.2    0.5   -0.3
    14.276   -93.464   -0.3    0.5   -0.3
    14.285   -93.464   -0.4    0.5   -0.3
    14.294   -93.464   -0.5    0.4   -0.3
    14.303   -93.464   -0.5    0.4   -0.4
    14.312   -93.464   -0.5    0.4   -0.4
    14.321   -93.464   -0.5    0.3   -0.4
    14.330   -93.464   -0.5    0.3   -0.3
    14.339   -93.464   -0.5    0.3   -0.3
    14.348   -93.464   -0.5    0.2   -0.3
    14.357   -93.464   -0.4    0.2   -0.3
    14.366   -93.464   -0.4    0.2   -0.3
    14.375   -93.464   -0.4    0.1   -0.3
    14.384   -93.464   -0.4    0.1   -0.3
    14.393   -93.464   -0.4    0.1   -0.3
    14.402   -93.464   -0.3    0.0   -0.2
    14.411   -93.464   -0.3    0.0   -0.2
    14.420   -93.464   -0.3    0.0   -0.2
    14.429   -93.464   -0.3   -0.0   -0.2
    14.438   -93.464   -0.3   -0.0   -0.2
    14.447   -93.464   -0.3   -0.0   -0.2
    14.456   -93.464   -0.3   -0.1   -0.2
    14.465   -93.464   -0.2   -0.1   -0.2
    14.474   -93.464   -0.2   -0.1   -0.2
    14.483   -93.464   -0.2   -0.1   -0.2
    14.492   -93.464   -0.2   -0.1   -0.1
    14.501   -93.464   -0.2   -0.1   -0.1
    14.510   -93.464   -0.2   -0.1   -0.1
    14.519   -93.464   -0.2   -0.1   -0.1
    14.528   -93.464   -0.2   -0.1   -0.1
    14.537   -93.464   -0.2   -0.1   -0.1
    14.546   -93.464   -0.2   -0.1   -0.1
    14.555   -93.464   -0.1   -0.1   -0.1
    14.564   -93.464   -0.1   -0.1   -0.1
    14.573   -93.464   -0.1   -0.1   -0.1
    14.582   -93.464   -0.1   -0.1   -0.1
    14.591   -93.464   -0.1   -0.1   -0.1
    14.600   -93.464   -0.1   -0.1   -0.1
    14.609   -93.464   -0.1   -0.1   -0.1
    14.618   -93.464   -0.1   -0.1   -0.1
    14.627   -93.464   -0.1   -0.1   -0.1
    14.636   -93.464   -0.1   -0.1   -0.1
    14.645   -93.464   -0.1   -0.2   -0.1
    14.654   -93.464   -0.1   -0.2   -0.1
    14.663   -93.464   -0.1   -0.2   -0.1
    14.672   -93.464   -0.0   -0.2   -0.1
    14.681   -93.464   -0.0   -0.2   -0.1
    14.690   -93.464   -0.0   -0.2   -0.1
    14.699   -93.464   -0.0   -0.2   -0.1
    14.708   -93.464   -0.0   -0.2   -0.1
    14.717   -93.464   -0.0   -0.2   -0.1
    14.726   -93.464   -0.0   -0.2   -0.1
    14.735   -93.464   -0.0   -0.2   -0.1
    14.744   -93.464   -0.0   -0.2   -0.1
    14.753   -93.464   -0.0   -0.2   -0.1
    13.854   -93.455    0.3    0.5    0.1
    13.863   -93.455    0.3    0.5    0.1
    13.872   -93.455    0.3    0.5    0.1
    13.881   -93.455    0.3    0.5    0.1
    13.890   -93.455    0.3    0.5    0.1
    13.899   -93.455    0.4    0.5    0.1
    13.908   -93.455    0.4    0.6    0.1
    13.917   -93.455    0.4    0.6    0.1
    13.926   -93.455    0.4    0.6    0.1
    13.935   -93.455    0.4    0.6    0.1
    13.944   -93.455    0.4    0.6    0.1
    13.953   -93.455    0.5    0.7    0.1
    13.962   -93.455    0.5    0.7    0.1
    13.971   -93.455    0.5    0.7    0.1
    13.980   -93.455    0.5    0.7    0.1
    13.989   -93.455    0.6    0.8    0.1
    13.998   -93.455    0.6    0.8    0.2
    14.007   -93.455    0.6    0.8    0.2
    14.016   -93.455    0.6    0.9    0.2
    14.024   -93.455    0.7    0.9    0.2
    14.033   -93.455    0.7    0.9    0.2
    14.042   -93.455    0.8    1.0    0.2
    14.051   -93.455    0.8    1.0    0.2
    14.060   -93.455    0.8    1.0    0.2
    14.069   -93.455    0.9    1.1    0.2
    14.078   -93.455    0.9    1.1    0.2
    14.087   -93.455    1.0    1.2    0.2
    14.096   -93.455    1.1    1.2    0.3
    14.105   -93.455    1.1    1.2    0.3
    14.114   -93.455    1.2    1.3    0.3
    14.123   -93.455    1.2    1.3    0.3
    14.132   -93.455    1.3    1.3    0.3
    14.141   -93.455    1.3    1.3    0.3
    14.150   -93.455    1.4    1.3    0.3
    14.159   -93.455    1.4    1.3    0.3
    14.168   -93.455    1.4    1.3    0.2
    14.177   -93.455    1.4    1.2    0.2
    14.186   -93.455    1.3    1.1    0.2
    14.195   -93.455    1.2    1.1    0.1
    14.204   -93.455    1.1    1.0    0.1
    14.213   -93.455    0.9    0.9    0.0
    14.222   -93.455    0.6    0.8   -0.1
    14.231   -93.455    0.4    0.7   -0.1
    14.240   -93.455    0.2    0.7   -0.2
    14.249   -93.455   -0.1    0.6   -0.2
    14.258   -93.455   -0.2    0.6   -0.3
    14.267   -93.455   -0.4    0.6   -0.3
    14.276   -93.455   -0.5    0.5   -0.3
    14.285   -93.455   -0.6    0.5   -0.4
    14.294   -93.455   -0.6    0.5   -0.4
    14.303   -93.455   -0.6    0.4   -0.4
    14.312   -93.455   -0.6    0.4   -0.4
    14.321   -93.455   -0.6    0.4   -0.4
    14.330   -93.455   -0.6    0.3   -0.4
    14.339   -93.455   -0.6    0.3   -0.4
    14.348   -93.455   -0.5    0.2   -0.3
    14.357   -93.455   -0.5    0.2   -0.3
    14.366   -93.455   -0.5    0.2   -0.3
    14.375   -93.455   -0.4    0.1   -0.3
    14.384   -93.455   -0.4    0.1   -0.3
    14.393   -93.455   -0.4    0.0   -0.3
    14.402   -93.455   -0.4    0.0   -0.2
    14.411   -93.455   -0.4   -0.0   -0.2
    14.420   -93.455   -0.3   -0.0   -0.2
    14.429   -93.455   -0.3   -0.0   -0.2
    14.438   -93.455   -0.3   -0.1   -0.2
    14.447   -93.455   -0.3   -0.1   -0.2
    14.456   -93.455   -0.3   -0.1   -0.2
    14.465   -93.455   -0.3   -0.1   -0.2
    14.474   -93.455   -0.3   -0.1   -0.2
    14.483   -93.455   -0.2   -0.1   -0.2
    14.492   -93.455   -0.2   -0.1   -0.1
    14.501   -93.455   -0.2   -0.1   -0.1
    14.510   -93.455   -0.2   -0.1   -0.1
    14.519   -93.455   -0.2   -0.1   -0.1
    14.528   -93.455   -0.2   -0.1   -0.1
    14.537   -93.455   -0.2   -0.1   -0.1
    14.546   -93.455   -0.2   -0.1   -0.1
    14.555   -93.455   -0.2   -0.1   -0.1
    14.564   -93.455   -0.1   -0.1   -0.1
    14.573   -93.455   -0.1   -0.2   -0.1
    14.582   -93.455   -0.1   -0.2   -0.1
    14.591   -93.455   -0.1   -0.2   -0.1
    14.600   -93.455   -0.1   -0.2   -0.1
    14.609   -93.455   -0.1   -0.2   -0.1
    14.618   -93.455   -0.1   -0.2   -0.1
    14.627   -93.455   -0.1   -0.2   -0.1
    14.636   -93.455   -0.1   -0.2   -0.1
    14.645   -93.455   -0.1   -0.2   -0.1
    14.654   -93.455   -0.1   -0.2   -0.1
    14.663   -93.455   -0.1   -0.2   -0.1
    14.672   -93.455   -0.1   -0.2   -0.1
    14.681   -93.455   -0.0   -0.2   -0.1
    14.690   -93.455   -0.0   -0.2   -0.1
    14.699   -93.455   -0.0   -0.2   -0.1
    14.708   -93.455   -0.0   -0.2   -0.1
    14.717   -93.455   -0.0   -0.2   -0.1
    14.726   -93.455   -0.0   -0.2   -0.1
    14.735   -93.455   -0.0   -0.2   -0.1
    14.744   -93.455   -0.0   -0.2   -0.1
    14.753   -93.455   -0.0   -0.2   -0.1
    13.854   -93.446    0.3    0.5    0.1
    13.863   -93.446    0.3    0.5    0.1
    13.872   -93.446    0.3    0.5    0.1
    13.881   -93.446    0.3    0.5    0.1
    13.890   -93.446    0.3    0.5    0.1
    13.899   -93.446    0.4    0.5    0.1
    13.908   -93.446    0.4    0.6    0.1
    13.917   -93.446    0.4    0.6    0.1
    13.926   -93.446    0.4    0.6    0.1
    13.935   -93.446    0.4    0.6    0.1
    13.944   -93.446    0.4    0.7    0.1
    13.953   -93.446    0.5    0.7    0.1
    13.962   -93.446    0.5    0.7    0.1
    13.971   -93.446    0.5    0.7    0.1
    13.980   -93.446    0.5    0.8    0.1
    13.989   -93.446    0.6    0.8    0.1
    13.998   -93.446    0.6    0.8    0.2
    14.007   -93.446    0.6    0.9    0.2
    14.016   -93.446    0.6    0.9    0.2
    14.024   -93.446    0.7    0.9    0.2
    14.033   -93.446    0.7    1.0    0.2
    14.042   -93.446    0.8    1.0    0.2
    14.051   -93.446    0.8    1.1    0.2
    14.060   -93.446    0.9    1.1    0.2
    14.069   -93.446    0.9    1.1    0.2
    14.078   -93.446    1.0    1.2    0.2
    14.087   -93.446    1.0    1.2    0.3
    14.096   -93.446    1.1    1.3    0.3
    14.105   -93.446    1.2    1.3    0.3
    14.114   -93.446    1.2    1.4    0.3
    14.123   -93.446    1.3    1.4    0.3
    14.132   -93.446    1.4    1.4    0.3
    14.141   -93.446    1.4    1.5    0.3
    14.150   -93.446    1.5    1.5    0.3
    14.159   -93.446    1.5    1.5    0.3
    14.168   -93.446    1.6    1.4    0.3
    14.177   -93.446    1.5    1.4    0.3
    14.186   -93.446    1.5    1.3    0.2
    14.195   -93.446    1.4    1.2    0.2
    14.204   -93.446    1.2    1.1    0.1
    14.213   -93.446    0.9    1.0    0.0
    14.222   -93.446    0.7    0.9   -0.1
    14.231   -93.446    0.4    0.8   -0.1
    14.240   -93.446    0.1    0.7   -0.2
    14.249   -93.446   -0.2    0.7   -0.3
    14.258   -93.446   -0.4    0.6   -0.3
    14.267   -93.446   -0.6    0.6   -0.4
    14.276   -93.446   -0.7    0.6   -0.4
    14.285   -93.446   -0.8    0.6   -0.4
    14.294   -93.446   -0.8    0.5   -0.4
    14.303   -93.446   -0.8    0.5   -0.4
    14.312   -93.446   -0.8    0.4   -0.4
    14.321   -93.446   -0.7    0.4   -0.4
    14.330   -93.446   -0.7    0.3   -0.4
    14.339   -93.446   -0.6    0.3   -0.4
    14.348   -93.446   -0.6    0.2   -0.3
    14.357   -93.446   -0.6    0.2   -0.3
    14.366   -93.446   -0.5    0.1   -0.3
    14.375   -93.446   -0.5    0.1   -0.3
    14.384   -93.446   -0.4    0.0   -0.3
    14.393   -93.446   -0.4    0.0   -0.3
    14.402   -93.446   -0.4   -0.0   -0.2
    14.411   -93.446   -0.4   -0.0   -0.2
    14.420   -93.446   -0.4   -0.1   -0.2
    14.429   -93.446   -0.3   -0.1   -0.2
    14.438   -93.446   -0.3   -0.1   -0.2
    14.447   -93.446   -0.3   -0.1   -0.2
    14.456   -93.446   -0.3   -0.1   -0.2
    14.465   -93.446   -0.3   -0.1   -0.2
    14.474   -93.446   -0.3   -0.1   -0.2
    14.483   -93.446   -0.3   -0.1   -0.1
    14.492   -93.446   -0.2   -0.2   -0.1
    14.501   -93.446   -0.2   -0.2   -0.1
    14.510   -93.446   -0.2   -0.2   -0.1
    14.519   -93.446   -0.2   -0.2   -0.1
    14.528   -93.446   -0.2   -0.2   -0.1
    14.537   -93.446   -0.2   -0.2   -0.1
    14.546   -93.446   -0.2   -0.2   -0.1
    14.555   -93.446   -0.2   -0.2   -0.1
    14.564   -93.446   -0.1   -0.2   -0.1
    14.573   -93.446   -0.1   -0.2   -0.1
    14.582   -93.446   -0.1   -0.2   -0.1
    14.591   -93.446   -0.1   -0.2   -0.1
    14.600   -93.446   -0.1   -0.2   -0.1
    14.609   -93.446   -0.1   -0.2   -0.1
    14.618   -93.446   -0.1   -0.2   -0.1
    14.627   -93.446   -0.1   -0.2   -0.1
    14.636   -93.446   -0.1   -0.2   -0.1
    14.645   -93.446   -0.1   -0.2   -0.1
    14.654   -93.446   -0.1   -0.2   -0.1
    14.663   -93.446   -0.1   -0.2   -0.1
    14.672   -93.446   -0.1   -0.2   -0.1
    14.681   -93.446   -0.0   -0.2   -0.1
    14.690   -93.446   -0.0   -0.2   -0.1
    14.699   -93.446   -0.0   -0.2   -0.1
    14.708   -93.446   -0.0   -0.2   -0.1
    14.717   -93.446   -0.0   -0.2   -0.1
    14.726   -93.446   -0.0   -0.2   -0.1
    14.735   -93.446   -0.0   -0.2   -0.1
    14.744   -93.446   -0.0   -0.2   -0.1
    14.753   -93.446   -0.0   -0.2   -0.1
    13.854   -93.436    0.3    0.5    0.1
    13.863   -93.436    0.3    0.5    0.1
    13.872   -93.436    0.3    0.5    0.1
    13.881   -93.436    0.3    0.5    0.1
    13.890   -93.436    0.3    0.5    0.1
    13.899   -93.436    0.4    0.6    0.1
    13.908   -93.436    0.4    0.6    0.1
    13.917   -93.436    0.4    0.6    0.1
    13.926   -93.436    0.4    0.6    0.1
    13.935   -93.436    0.4    0.6    0.1
    13.944   -93.436    0.4    0.7    0.1
    13.953   -93.436    0.5    0.7    0.1
    13.962   -93.436    0.5    0.7    0.1
    13.971   -93.436    0.5    0.7    0.1
    13.980   -93.436    0.5    0.8    0.1
    13.989   -93.436    0.6    0.8    0.2
    13.998   -93.436    0.6    0.8    0.2
    14.007   -93.436    0.6    0.9    0.2
    14.016   -93.436    0.7    0.9    0.2
    14.024   -93.436    0.7    1.0    0.2
    14.033   -93.436    0.7    1.0    0.2
    14.042   -93.436    0.8    1.1    0.2
    14.051   -93.436    0.8    1.1    0.2
    14.060   -93.436    0.9    1.1    0.2
    14.069   -93.436    0.9    1.2    0.2
    14.078   -93.436    1.0    1.3    0.3
    14.087   -93.436    1.1    1.3    0.3
    14.096   -93.436    1.1    1.4    0.3
    14.105   -93.436    1.2    1.4    0.3
    14.114   -93.436    1.3    1.5    0.3
    14.123   -93.436    1.4    1.5    0.3
    14.132   -93.436    1.5    1.6    0.3
    14.141   -93.436    1.6    1.6    0.3
    14.150   -93.436    1.6    1.6    0.4
    14.159   -93.436    1.7    1.7    0.4
    14.168   -93.436    1.7    1.6    0.3
    14.177   -93.436    1.7    1.6    0.3
    14.186   -93.436    1.7    1.5    0.3
    14.195   -93.436    1.6    1.4    0.2
    14.204   -93.436    1.3    1.3    0.1
    14.213   -93.436    1.0    1.1    0.1
    14.222   -93.436    0.7    1.0   -0.1
    14.231   -93.436    0.3    0.9   -0.2
    14.240   -93.436   -0.1    0.8   -0.2
    14.249   -93.436   -0.4    0.8   -0.3
    14.258   -93.436   -0.7    0.7   -0.4
    14.267   -93.436   -0.9    0.7   -0.4
    14.276   -93.436   -1.0    0.7   -0.4
    14.285   -93.436   -1.0    0.6   -0.4
    14.294   -93.436   -1.0    0.6   -0.4
    14.303   -93.436   -1.0    0.5   -0.4
    14.312   -93.436   -0.9    0.5   -0.4
    14.321   -93.436   -0.9    0.4   -0.4
    14.330   -93.436   -0.8    0.3   -0.4
    14.339   -93.436   -0.7    0.3   -0.4
    14.348   -93.436   -0.7    0.2   -0.4
    14.357   -93.436   -0.6    0.2   -0.3
    14.366   -93.436   -0.6    0.1   -0.3
    14.375   -93.436   -0.5    0.0   -0.3
    14.384   -93.436   -0.5    0.0   -0.3
    14.393   -93.436   -0.5   -0.0   -0.3
    14.402   -93.436   -0.4   -0.1   -0.2
    14.411   -93.436   -0.4   -0.1   -0.2
    14.420   -93.436   -0.4   -0.1   -0.2
    14.429   -93.436   -0.4   -0.1   -0.2
    14.438   -93.436   -0.3   -0.1   -0.2
    14.447   -93.436   -0.3   -0.2   -0.2
    14.456   -93.436   -0.3   -0.2   -0.2
    14.465   -93.436   -0.3   -0.2   -0.2
    14.474   -93.436   -0.3   -0.2   -0.1
    14.483   -93.436   -0.3   -0.2   -0.1
    14.492   -93.436   -0.3   -0.2   -0.1
    14.501   -93.436   -0.2   -0.2   -0.1
    14.510   -93.436   -0.2   -0.2   -0.1
    14.519   -93.436   -0.2   -0.2   -0.1
    14.528   -93.436   -0.2   -0.2   -0.1
    14.537   -93.436   -0.2   -0.2   -0.1
    14.546   -93.436   -0.2   -0.2   -0.1
    14.555   -93.436   -0.2   -0.2   -0.1
    14.564   -93.436   -0.2   -0.2   -0.1
    14.573   -93.436   -0.1   -0.2   -0.1
    14.582   -93.436   -0.1   -0.2   -0.1
    14.591   -93.436   -0.1   -0.2   -0.1
    14.600   -93.436   -0.1   -0.2   -0.1
    14.609   -93.436   -0.1   -0.2   -0.1
    14.618   -93.436   -0.1   -0.2   -0.1
    14.627   -93.436   -0.1   -0.2   -0.1
    14.636   -93.436   -0.1   -0.2   -0.1
    14.645   -93.436   -0.1   -0.2   -0.1
    14.654   -93.436   -0.1   -0.2   -0.1
    14.663   -93.436   -0.1   -0.2   -0.1
    14.672   -93.436   -0.1   -0.2   -0.1
    14.681   -93.436   -0.0   -0.2   -0.1
    14.690   -93.436   -0.0   -0.2   -0.1
    14.699   -93.436   -0.0   -0.2   -0.1
    14.708   -93.436   -0.0   -0.2   -0.1
    14.717   -93.436   -0.0   -0.2   -0.1
    14.726   -93.436   -0.0   -0.2   -0.1
    14.735   -93.436   -0.0   -0.2   -0.1
    14.744   -93.436   -0.0   -0.2   -0.1
    14.753   -93.436   -0.0   -0.2   -0.1
    13.854   -93.427    0.3    0.5    0.1
    13.863   -93.427    0.3    0.5    0.1
    13.872   -93.427    0.3    0.5    0.1
    13.881   -93.427    0.3    0.5    0.1
    13.890   -93.427    0.3    0.5    0.1
    13.899   -93.427    0.4    0.6    0.1
    13.908   -93.427    0.4    0.6    0.1
    13.917   -93.427    0.4    0.6    0.1
    13.926   -93.427    0.4    0.6    0.1
    13.935   -93.427    0.4    0.6    0.1
    13.944   -93.427    0.4    0.7    0.1
    13.953   -93.427    0.5    0.7    0.1
    13.962   -93.427    0.5    0.7    0.1
    13.971   -93.427    0.5    0.8    0.1
    13.980   -93.427    0.5    0.8    0.1
    13.989   -93.427    0.6    0.8    0.2
    13.998   -93.427    0.6    0.9    0.2
    14.007   -93.427    0.6    0.9    0.2
    14.016   -93.427    0.7    0.9    0.2
    14.024   -93.427    0.7    1.0    0.2
    14.033   -93.427    0.7    1.0    0.2
    14.042   -93.427    0.8    1.1    0.2
    14.051   -93.427    0.8    1.1    0.2
    14.060   -93.427    0.9    1.2    0.2
    14.069   -93.427    1.0    1.3    0.2
    14.078   -93.427    1.0    1.3    0.3
    14.087   -93.427    1.1    1.4    0.3
    14.096   -93.427    1.2    1.5    0.3
    14.105   -93.427    1.3    1.5    0.3
    14.114   -93.427    1.4    1.6    0.3
    14.123   -93.427    1.5    1.7    0.4
    14.132   -93.427    1.6    1.7    0.4
    14.141   -93.427    1.7    1.8    0.4
    14.150   -93.427    1.8    1.8    0.4
    14.159   -93.427    1.9    1.9    0.4
    14.168   -93.427    1.9    1.9    0.4
    14.177   -93.427    2.0    1.9    0.4
    14.186   -93.427    1.9    1.8    0.4
    14.195   -93.427    1.8    1.7    0.3
    14.204   -93.427    1.5    1.5    0.2
    14.213   -93.427    1.2    1.3    0.1
    14.222   -93.427    0.6    1.1   -0.0
    14.231   -93.427    0.1    1.0   -0.2
    14.240   -93.427   -0.4    0.9   -0.3
    14.249   -93.427   -0.8    0.8   -0.3
    14.258   -93.427   -1.1    0.8   -0.4
    14.267   -93.427   -1.3    0.8   -0.4
    14.276   -93.427   -1.3    0.7   -0.4
    14.285   -93.427   -1.3    0.7   -0.4
    14.294   -93.427   -1.3    0.6   -0.4
    14.303   -93.427   -1.2    0.6   -0.4
    14.312   -93.427   -1.1    0.5   -0.4
    14.321   -93.427   -1.0    0.4   -0.4
    14.330   -93.427   -0.9    0.3   -0.4
    14.339   -93.427   -0.8    0.3   -0.4
    14.348   -93.427   -0.7    0.2   -0.4
    14.357   -93.427   -0.7    0.1   -0.3
    14.366   -93.427   -0.6    0.0   -0.3
    14.375   -93.427   -0.6   -0.0   -0.3
    14.384   -93.427   -0.5   -0.1   -0.3
    14.393   -93.427   -0.5   -0.1   -0.3
    14.402   -93.427   -0.5   -0.1   -0.2
    14.411   -93.427   -0.4   -0.2   -0.2
    14.420   -93.427   -0.4   -0.2   -0.2
    14.429   -93.427   -0.4   -0.2   -0.2
    14.438   -93.427   -0.4   -0.2   -0.2
    14.447   -93.427   -0.4   -0.2   -0.2
    14.456   -93.427   -0.3   -0.2   -0.2
    14.465   -93.427   -0.3   -0.2   -0.1
    14.474   -93.427   -0.3   -0.2   -0.1
    14.483   -93.427   -0.3   -0.2   -0.1
    14.492   -93.427   -0.3   -0.2   -0.1
    14.501   -93.427   -0.3   -0.2   -0.1
    14.510   -93.427   -0.2   -0.2   -0.1
    14.519   -93.427   -0.2   -0.2   -0.1
    14.528   -93.427   -0.2   -0.2   -0.1
    14.537   -93.427   -0.2   -0.2   -0.1
    14.546   -93.427   -0.2   -0.2   -0.1
    14.555   -93.427   -0.2   -0.2   -0.1
    14.564   -93.427   -0.2   -0.2   -0.1
    14.573   -93.427   -0.1   -0.2   -0.1
    14.582   -93.427   -0.1   -0.2   -0.1
    14.591   -93.427   -0.1   -0.2   -0.1
    14.600   -93.427   -0.1   -0.2   -0.1
    14.609   -93.427   -0.1   -0.2   -0.1
    14.618   -93.427   -0.1   -0.2   -0.1
    14.627   -93.427   -0.1   -0.2   -0.1
    14.636   -93.427   -0.1   -0.2   -0.1
    14.645   -93.427   -0.1   -0.2   -0.1
    14.654   -93.427   -0.1   -0.2   -0.1
    14.663   -93.427   -0.1   -0.2   -0.1
    14.672   -93.427   -0.1   -0.2   -0.1
    14.681   -93.427   -0.0   -0.2   -0.1
    14.690   -93.427   -0.0   -0.2   -0.1
    14.699   -93.427   -0.0   -0.2   -0.1
    14.708   -93.427   -0.0   -0.2   -0.1
    14.717   -93.427   -0.0   -0.2   -0.1
    14.726   -93.427   -0.0   -0.2   -0.1
    14.735   -93.427   -0.0   -0.2   -0.1
    14.744   -93.427   -0.0   -0.2   -0.1
    14.753   -93.427   -0.0   -0.2   -0.1
    13.854   -93.418    0.3    0.5    0.1
    13.863   -93.418    0.3    0.5    0.1
    13.872   -93.418    0.3    0.5    0.1
    13.881   -93.418    0.3    0.5    0.1
    13.890   -93.418    0.3    0.5    0.1
    13.899   -93.418    0.3    0.6    0.1
    13.908   -93.418    0.4    0.6    0.1
    13.917   -93.418    0.4    0.6    0.1
    13.926   -93.418    0.4    0.6    0.1
    13.935   -93.418    0.4    0.7    0.1
    13.944   -93.418    0.4    0.7    0.1
    13.953   -93.418    0.5    0.7    0.1
    13.962   -93.418    0.5    0.7    0.1
    13.971   -93.418    0.5    0.8    0.1
    13.980   -93.418    0.5    0.8    0.1
    13.989   -93.418    0.6    0.8    0.1
    13.998   -93.418    0.6    0.9    0.2
    14.007   -93.418    0.6    0.9    0.2
    14.016   -93.418    0.7    1.0    0.2
    14.024   -93.418    0.7    1.0    0.2
    14.033   -93.418    0.7    1.1    0.2
    14.042   -93.418    0.8    1.1    0.2
    14.051   -93.418    0.8    1.2    0.2
    14.060   -93.418    0.9    1.3    0.2
    14.069   -93.418    1.0    1.3    0.3
    14.078   -93.418    1.0    1.4    0.3
    14.087   -93.418    1.1    1.5    0.3
    14.096   -93.418    1.2    1.5    0.3
    14.105   -93.418    1.3    1.6    0.3
    14.114   -93.418    1.4    1.7    0.4
    14.123   -93.418    1.5    1.8    0.4
    14.132   -93.418    1.6    1.9    0.4
    14.141   -93.418    1.8    2.0    0.4
    14.150   -93.418    1.9    2.1    0.4
    14.159   -93.418    2.0    2.1    0.5
    14.168   -93.418    2.1    2.2    0.5
    14.177   -93.418    2.2    2.2    0.5
    14.186   -93.418    2.2    2.1    0.5
    14.195   -93.418    2.1    2.0    0.4
    14.204   -93.418    1.8    1.8    0.3
    14.213   -93.418    1.3    1.5    0.2
    14.222   -93.418    0.6    1.3   -0.0
    14.231   -93.418   -0.2    1.1   -0.2
    14.240   -93.418   -0.9    1.0   -0.3
    14.249   -93.418   -1.4    1.0   -0.3
    14.258   -93.418   -1.7    0.9   -0.4
    14.267   -93.418   -1.8    0.9   -0.4
    14.276   -93.418   -1.8    0.8   -0.4
    14.285   -93.418   -1.8    0.8   -0.4
    14.294   -93.418   -1.7    0.7   -0.4
    14.303   -93.418   -1.5    0.6   -0.4
    14.312   -93.418   -1.4    0.5   -0.4
    14.321   -93.418   -1.2    0.4   -0.4
    14.330   -93.418   -1.1    0.3   -0.4
    14.339   -93.418   -0.9    0.2   -0.4
    14.348   -93.418   -0.8    0.1   -0.3
    14.357   -93.418   -0.7    0.0   -0.3
    14.366   -93.418   -0.7   -0.0   -0.3
    14.375   -93.418   -0.6   -0.1   -0.3
    14.384   -93.418   -0.6   -0.1   -0.3
    14.393   -93.418   -0.5   -0.2   -0.2
    14.402   -93.418   -0.5   -0.2   -0.2
    14.411   -93.418   -0.5   -0.2   -0.2
    14.420   -93.418   -0.4   -0.2   -0.2
    14.429   -93.418   -0.4   -0.3   -0.2
    14.438   -93.418   -0.4   -0.3   -0.2
    14.447   -93.418   -0.4   -0.3   -0.1
    14.456   -93.418   -0.4   -0.3   -0.1
    14.465   -93.418   -0.3   -0.3   -0.1
    14.474   -93.418   -0.3   -0.3   -0.1
    14.483   -93.418   -0.3   -0.3   -0.1
    14.492   -93.418   -0.3   -0.3   -0.1
    14.501   -93.418   -0.3   -0.3   -0.1
    14.510   -93.418   -0.3   -0.3   -0.1
    14.519   -93.418   -0.2   -0.3   -0.1
    14.528   -93.418   -0.2   -0.3   -0.1
    14.537   -93.418   -0.2   -0.2   -0.1
    14.546   -93.418   -0.2   -0.2   -0.1
    14.555   -93.418   -0.2   -0.2   -0.1
    14.564   -93.418   -0.2   -0.2   -0.1
    14.573   -93.418   -0.2   -0.2   -0.1
    14.582   -93.418   -0.1   -0.2   -0.1
    14.591   -93.418   -0.1   -0.2   -0.1
    14.600   -93.418   -0.1   -0.2   -0.1
    14.609   -93.418   -0.1   -0.2   -0.1
    14.618   -93.418   -0.1   -0.2   -0.1
    14.627   -93.418   -0.1   -0.2   -0.1
    14.636   -93.418   -0.1   -0.2   -0.1
    14.645   -93.418   -0.1   -0.2   -0.1
    14.654   -93.418   -0.1   -0.2   -0.1
    14.663   -93.418   -0.1   -0.2   -0.1
    14.672   -93.418   -0.1   -0.2   -0.1
    14.681   -93.418   -0.0   -0.2   -0.1
    14.690   -93.418   -0.0   -0.2   -0.1
    14.699   -93.418   -0.0   -0.2   -0.1
    14.708   -93.418   -0.0   -0.2   -0.1
    14.717   -93.418   -0.0   -0.2   -0.1
    14.726   -93.418   -0.0   -0.2   -0.1
    14.735   -93.418   -0.0   -0.2   -0.1
    14.744   -93.418   -0.0   -0.2   -0.1
    14.753   -93.418   -0.0   -0.2   -0.1
    13.854   -93.409    0.3    0.5    0.1
    13.863   -93.409    0.3    0.5    0.1
    13.872   -93.409    0.3    0.5    0.1
    13.881   -93.409    0.3    0.5    0.1
    13.890   -93.409    0.3    0.6    0.1
    13.899   -93.409    0.3    0.6    0.1
    13.908   -93.409    0.4    0.6    0.1
    13.917   -93.409    0.4    0.6    0.1
    13.926   -93.409    0.4    0.6    0.1
    13.935   -93.409    0.4    0.7    0.1
    13.944   -93.409    0.4    0.7    0.1
    13.953   -93.409    0.4    0.7    0.1
    13.962   -93.409    0.5    0.8    0.1
    13.971   -93.409    0.5    0.8    0.1
    13.980   -93.409    0.5    0.8    0.1
    13.989   -93.409    0.5    0.9    0.1
    13.998   -93.409    0.6    0.9    0.2
    14.007   -93.409    0.6    0.9    0.2
    14.016   -93.409    0.7    1.0    0.2
    14.024   -93.409    0.7    1.0    0.2
    14.033   -93.409    0.7    1.1    0.2
    14.042   -93.409    0.8    1.2    0.2
    14.051   -93.409    0.8    1.2    0.2
    14.060   -93.409    0.9    1.3    0.2
    14.069   -93.409    1.0    1.4    0.3
    14.078   -93.409    1.1    1.5    0.3
    14.087   -93.409    1.1    1.5    0.3
    14.096   -93.409    1.2    1.6    0.3
    14.105   -93.409    1.3    1.7    0.3
    14.114   -93.409    1.5    1.8    0.4
    14.123   -93.409    1.6    2.0    0.4
    14.132   -93.409    1.7    2.1    0.4
    14.141   -93.409    1.9    2.2    0.5
    14.150   -93.409    2.0    2.3    0.5
    14.159   -93.409    2.2    2.4    0.5
    14.168   -93.409    2.4    2.5    0.6
    14.177   -93.409    2.5    2.6    0.6
    14.186   -93.409    2.6    2.6    0.6
    14.195   -93.409    2.5    2.5    0.5
    14.204   -93.409    2.2    2.3    0.4
    14.213   -93.409    1.5    1.9    0.3
    14.222   -93.409    0.3    1.5    0.0
    14.231   -93.409   -0.9    1.3   -0.2
    14.240   -93.409   -1.8    1.2   -0.3
    14.249   -93.409   -2.3    1.1   -0.3
    14.258   -93.409   -2.6    1.0   -0.3
    14.267   -93.409   -2.6    1.0   -0.3
    14.276   -93.409   -2.5    0.9   -0.3
    14.285   -93.409   -2.4    0.8   -0.3
    14.294   -93.409   -2.1    0.7   -0.3
    14.303   -93.409   -1.9    0.6   -0.3
    14.312   -93.409   -1.7    0.5   -0.3
    14.321   -93.409   -1.4    0.4   -0.3
    14.330   -93.409   -1.2    0.3   -0.4
    14.339   -93.409   -1.0    0.1   -0.3
    14.348   -93.409   -0.9    0.0   -0.3
    14.357   -93.409   -0.8   -0.1   -0.3
    14.366   -93.409   -0.7   -0.1   -0.3
    14.375   -93.409   -0.6   -0.2   -0.3
    14.384   -93.409   -0.6   -0.2   -0.3
    14.393   -93.409   -0.6   -0.3   -0.2
    14.402   -93.409   -0.5   -0.3   -0.2
    14.411   -93.409   -0.5   -0.3   -0.2
    14.420   -93.409   -0.5   -0.3   -0.2
    14.429   -93.409   -0.5   -0.3   -0.2
    14.438   -93.409   -0.4   -0.3   -0.1
    14.447   -93.409   -0.4   -0.3   -0.1
    14.456   -93.409   -0.4   -0.3   -0.1
    14.465   -93.409   -0.4   -0.3   -0.1
    14.474   -93.409   -0.4   -0.3   -0.1
    14.483   -93.409   -0.3   -0.3   -0.1
    14.492   -93.409   -0.3   -0.3   -0.1
    14.501   -93.409   -0.3   -0.3   -0.1
    14.510   -93.409   -0.3   -0.3   -0.1
    14.519   -93.409   -0.3   -0.3   -0.1
    14.528   -93.409   -0.2   -0.3   -0.1
    14.537   -93.409   -0.2   -0.3   -0.1
    14.546   -93.409   -0.2   -0.3   -0.1
    14.555   -93.409   -0.2   -0.3   -0.1
    14.564   -93.409   -0.2   -0.3   -0.1
    14.573   -93.409   -0.2   -0.3   -0.1
    14.582   -93.409   -0.2   -0.3   -0.1
    14.591   -93.409   -0.1   -0.3   -0.1
    14.600   -93.409   -0.1   -0.3   -0.1
    14.609   -93.409   -0.1   -0.3   -0.1
    14.618   -93.409   -0.1   -0.3   -0.1
    14.627   -93.409   -0.1   -0.3   -0.1
    14.636   -93.409   -0.1   -0.3   -0.1
    14.645   -93.409   -0.1   -0.3   -0.1
    14.654   -93.409   -0.1   -0.3   -0.1
    14.663   -93.409   -0.1   -0.3   -0.1
    14.672   -93.409   -0.1   -0.3   -0.1
    14.681   -93.409   -0.0   -0.3   -0.1
    14.690   -93.409   -0.0   -0.3   -0.1
    14.699   -93.409   -0.0   -0.3   -0.1
    14.708   -93.409   -0.0   -0.3   -0.1
    14.717   -93.409   -0.0   -0.2   -0.1
    14.726   -93.409   -0.0   -0.2   -0.1
    14.735   -93.409   -0.0   -0.2   -0.1
    14.744   -93.409   -0.0   -0.2   -0.1
    14.753   -93.409   -0.0   -0.2   -0.1
    13.854   -93.399    0.3    0.5    0.1
    13.863   -93.399    0.3    0.5    0.1
    13.872   -93.399    0.3    0.5    0.1
    13.881   -93.399    0.3    0.5    0.1
    13.890   -93.399    0.3    0.6    0.1
    13.899   -93.399    0.3    0.6    0.1
    13.908   -93.399    0.4    0.6    0.1
    13.917   -93.399    0.4    0.6    0.1
    13.926   -93.399    0.4    0.6    0.1
    13.935   -93.399    0.4    0.7    0.1
    13.944   -93.399    0.4    0.7    0.1
    13.953   -93.399    0.4    0.7    0.1
    13.962   -93.399    0.5    0.8    0.1
    13.971   -93.399    0.5    0.8    0.1
    13.980   -93.399    0.5    0.8    0.1
    13.989   -93.399    0.5    0.9    0.1
    13.998   -93.399    0.6    0.9    0.2
    14.007   -93.399    0.6    1.0    0.2
    14.016   -93.399    0.6    1.0    0.2
    14.024   -93.399    0.7    1.1    0.2
    14.033   -93.399    0.7    1.1    0.2
    14.042   -93.399    0.8    1.2    0.2
    14.051   -93.399    0.8    1.3    0.2
    14.060   -93.399    0.9    1.3    0.2
    14.069   -93.399    1.0    1.4    0.3
    14.078   -93.399    1.1    1.5    0.3
    14.087   -93.399    1.2    1.6    0.3
    14.096   -93.399    1.3    1.7    0.3
    14.105   -93.399    1.4    1.8    0.3
    14.114   -93.399    1.5    2.0    0.4
    14.123   -93.399    1.6    2.1    0.4
    14.132   -93.399    1.8    2.2    0.4
    14.141   -93.399    2.0    2.4    0.5
    14.150   -93.399    2.2    2.6    0.5
    14.159   -93.399    2.4    2.7    0.6
    14.168   -93.399    2.6    2.9    0.6
    14.177   -93.399    2.8    3.0    0.7
    14.186   -93.399    3.0    3.1    0.7
    14.195   -93.399    3.0    3.2    0.7
    14.204   -93.399    2.8    3.0    0.7
    14.213   -93.399    1.8    2.5    0.5
    14.222   -93.399   -0.4    1.8    0.1
    14.231   -93.399   -2.5    1.5   -0.1
    14.240   -93.399   -3.5    1.3   -0.1
    14.249   -93.399   -3.9    1.2   -0.0
    14.258   -93.399   -4.0    1.1    0.0
    14.267   -93.399   -3.8    1.0    0.0
    14.276   -93.399   -3.5    1.0   -0.0
    14.285   -93.399   -3.2    0.9   -0.1
    14.294   -93.399   -2.8    0.8   -0.1
    14.303   -93.399   -2.4    0.6   -0.2
    14.312   -93.399   -2.0    0.5   -0.2
    14.321   -93.399   -1.7    0.3   -0.3
    14.330   -93.399   -1.4    0.2   -0.3
    14.339   -93.399   -1.1    0.0   -0.3
    14.348   -93.399   -1.0   -0.1   -0.3
    14.357   -93.399   -0.8   -0.2   -0.3
    14.366   -93.399   -0.8   -0.3   -0.3
    14.375   -93.399   -0.7   -0.3   -0.3
    14.384   -93.399   -0.6   -0.4   -0.2
    14.393   -93.399   -0.6   -0.4   -0.2
    14.402   -93.399   -0.6   -0.4   -0.2
    14.411   -93.399   -0.5   -0.4   -0.2
    14.420   -93.399   -0.5   -0.4   -0.1
    14.429   -93.399   -0.5   -0.4   -0.1
    14.438   -93.399   -0.5   -0.4   -0.1
    14.447   -93.399   -0.5   -0.4   -0.1
    14.456   -93.399   -0.4   -0.4   -0.1
    14.465   -93.399   -0.4   -0.4   -0.1
    14.474   -93.399   -0.4   -0.4   -0.1
    14.483   -93.399   -0.4   -0.4   -0.1
    14.492   -93.399   -0.3   -0.4   -0.1
    14.501   -93.399   -0.3   -0.3   -0.1
    14.510   -93.399   -0.3   -0.3   -0.1
    14.519   -93.399   -0.3   -0.3   -0.1
    14.528   -93.399   -0.3   -0.3   -0.1
    14.537   -93.399   -0.2   -0.3   -0.1
    14.546   -93.399   -0.2   -0.3   -0.1
    14.555   -93.399   -0.2   -0.3   -0.1
    14.564   -93.399   -0.2   -0.3   -0.1
    14.573   -93.399   -0.2   -0.3   -0.1
    14.582   -93.399   -0.2   -0.3   -0.1
    14.591   -93.399   -0.1   -0.3   -0.1
    14.600   -93.399   -0.1   -0.3   -0.1
    14.609   -93.399   -0.1   -0.3   -0.1
    14.618   -93.399   -0.1   -0.3   -0.1
    14.627   -93.399   -0.1   -0.3   -0.1
    14.636   -93.399   -0.1   -0.3   -0.1
    14.645   -93.399   -0.1   -0.3   -0.1
    14.654   -93.399   -0.1   -0.3   -0.1
    14.663   -93.399   -0.1   -0.3   -0.1
    14.672   -93.399   -0.1   -0.3   -0.1
    14.681   -93.399   -0.0   -0.3   -0.1
    14.690   -93.399   -0.0   -0.3   -0.1
    14.699   -93.399   -0.0   -0.3   -0.1
    14.708   -93.399   -0.0   -0.3   -0.1
    14.717   -93.399   -0.0   -0.3   -0.1
    14.726   -93.399   -0.0   -0.3   -0.1
    14.735   -93.399   -0.0   -0.3   -0.1
    14.744   -93.399   -0.0   -0.3   -0.1
    14.753   -93.399   -0.0   -0.3   -0.1
    13.854   -93.390    0.3    0.5    0.1
    13.863   -93.390    0.3    0.5    0.1
    13.872   -93.390    0.3    0.5    0.1
    13.881   -93.390    0.3    0.5    0.1
    13.890   -93.390    0.3    0.6    0.1
    13.899   -93.390    0.3    0.6    0.1
    13.908   -93.390    0.4    0.6    0.1
    13.917   -93.390    0.4    0.6    0.1
    13.926   -93.390    0.4    0.6    0.1
    13.935   -93.390    0.4    0.7    0.1
    13.944   -93.390    0.4    0.7    0.1
    13.953   -93.390    0.4    0.7    0.1
    13.962   -93.390    0.5    0.8    0.1
    13.971   -93.390    0.5    0.8    0.1
    13.980   -93.390    0.5    0.8    0.1
    13.989   -93.390    0.5    0.9    0.1
    13.998   -93.390    0.6    0.9    0.1
    14.007   -93.390    0.6    1.0    0.2
    14.016   -93.390    0.6    1.0    0.2
    14.024   -93.390    0.7    1.1    0.2
    14.033   -93.390    0.7    1.2    0.2
    14.042   -93.390    0.8    1.2    0.2
    14.051   -93.390    0.8    1.3    0.2
    14.060   -93.390    0.9    1.4    0.2
    14.069   -93.390    1.0    1.5    0.3
    14.078   -93.390    1.1    1.6    0.3
    14.087   -93.390    1.2    1.7    0.3
    14.096   -93.390    1.3    1.8    0.3
    14.105   -93.390    1.4    1.9    0.4
    14.114   -93.390    1.5    2.1    0.4
    14.123   -93.390    1.7    2.2    0.4
    14.132   -93.390    1.8    2.4    0.5
    14.141   -93.390    2.0    2.6    0.5
    14.150   -93.390    2.3    2.8    0.6
    14.159   -93.390    2.5    3.0    0.6
    14.168   -93.390    2.8    3.3    0.7
    14.177   -93.390    3.1    3.5    0.8
    14.186   -93.390    3.3    3.8    0.9
    14.195   -93.390    3.5    4.0    0.9
    14.204   -93.390    3.5    4.1    1.0
    14.213   -93.390    2.4    3.8    1.1
    14.222   -93.390   -4.3    2.1    0.7
    14.231   -93.390   -7.1    1.6    0.9
    14.240   -93.390   -7.2    1.2    1.0
    14.249   -93.390   -6.8    1.1    0.9
    14.258   -93.390   -6.3    1.0    0.8
    14.267   -93.390   -5.6    0.9    0.7
    14.276   -93.390   -4.9    0.9    0.5
    14.285   -93.390   -4.3    0.8    0.4
    14.294   -93.390   -3.6    0.7    0.2
    14.303   -93.390   -2.9    0.6    0.0
    14.312   -93.390   -2.4    0.4   -0.1
    14.321   -93.390   -1.9    0.2   -0.2
    14.330   -93.390   -1.5    0.0   -0.2
    14.339   -93.390   -1.2   -0.1   -0.3
    14.348   -93.390   -1.0   -0.3   -0.3
    14.357   -93.390   -0.9   -0.4   -0.3
    14.366   -93.390   -0.8   -0.5   -0.3
    14.375   -93.390   -0.7   -0.5   -0.2
    14.384   -93.390   -0.7   -0.6   -0.2
    14.393   -93.390   -0.6   -0.6   -0.2
    14.402   -93.390   -0.6   -0.6   -0.2
    14.411   -93.390   -0.6   -0.6   -0.1
    14.420   -93.390   -0.6   -0.6   -0.1
    14.429   -93.390   -0.5   -0.5   -0.1
    14.438   -93.390   -0.5   -0.5   -0.1
    14.447   -93.390   -0.5   -0.5   -0.1
    14.456   -93.390   -0.5   -0.5   -0.1
    14.465   -93.390   -0.4   -0.5   -0.1
    14.474   -93.390   -0.4   -0.4   -0.1
    14.483   -93.390   -0.4   -0.4   -0.1
    14.492   -93.390   -0.4   -0.4   -0.1
    14.501   -93.390   -0.3   -0.4   -0.1
    14.510   -93.390   -0.3   -0.4   -0.1
    14.519   -93.390   -0.3   -0.4   -0.1
    14.528   -93.390   -0.3   -0.4   -0.1
    14.537   -93.390   -0.3   -0.4   -0.1
    14.546   -93.390   -0.2   -0.4   -0.1
    14.555   -93.390   -0.2   -0.3   -0.1
    14.564   -93.390   -0.2   -0.3   -0.1
    14.573   -93.390   -0.2   -0.3   -0.1
    14.582   -93.390   -0.2   -0.3   -0.1
    14.591   -93.390   -0.2   -0.3   -0.1
    14.600   -93.390   -0.1   -0.3   -0.1
    14.609   -93.390   -0.1   -0.3   -0.1
    14.618   -93.390   -0.1   -0.3   -0.1
    14.627   -93.390   -0.1   -0.3   -0.1
    14.636   -93.390   -0.1   -0.3   -0.1
    14.645   -93.390   -0.1   -0.3   -0.1
    14.654   -93.390   -0.1   -0.3   -0.1
    14.663   -93.390   -0.1   -0.3   -0.1
    14.672   -93.390   -0.1   -0.3   -0.1
    14.681   -93.390   -0.0   -0.3   -0.1
    14.690   -93.390   -0.0   -0.3   -0.1
    14.699   -93.390   -0.0   -0.3   -0.1
    14.708   -93.390   -0.0   -0.3   -0.1
    14.717   -93.390   -0.0   -0.3   -0.1
    14.726   -93.390   -0.0   -0.3   -0.1
    14.735   -93.390   -0.0   -0.3   -0.1
    14.744   -93.390   -0.0   -0.3   -0.1
    14.753   -93.390   -0.0   -0.3   -0.1
    13.854   -93.381    0.3    0.5    0.1
    13.863   -93.381    0.3    0.5    0.1
    13.872   -93.381    0.3    0.5    0.1
    13.881   -93.381    0.3    0.5    0.1
    13.890   -93.381    0.3    0.6    0.1
    13.899   -93.381    0.3    0.6    0.1
    13.908   -93.381    0.3    0.6    0.1
    13.917   -93.381    0.4    0.6    0.1
    13.926   -93.381    0.4    0.6    0.1
    13.935   -93.381    0.4    0.7    0.1
    13.944   -93.381    0.4    0.7    0.1
    13.953   -93.381    0.4    0.7    0.1
    13.962   -93.381    0.5    0.8    0.1
    13.971   -93.381    0.5    0.8    0.1
    13.980   -93.381    0.5    0.8    0.1
    13.989   -93.381    0.5    0.9    0.1
    13.998   -93.381    0.6    0.9    0.1
    14.007   -93.381    0.6    1.0    0.2
    14.016   -93.381    0.6    1.0    0.2
    14.024   -93.381    0.7    1.1    0.2
    14.033   -93.381    0.7    1.2    0.2
    14.042   -93.381    0.8    1.2    0.2
    14.051   -93.381    0.8    1.3    0.2
    14.060   -93.381    0.9    1.4    0.2
    14.069   -93.381    1.0    1.5    0.2
    14.078   -93.381    1.1    1.6    0.3
    14.087   -93.381    1.2    1.7    0.3
    14.096   -93.381    1.3    1.9    0.3
    14.105   -93.381    1.4    2.0    0.3
    14.114   -93.381    1.5    2.2    0.4
    14.123   -93.381    1.7    2.3    0.4
    14.132   -93.381    1.9    2.5    0.5
    14.141   -93.381    2.1    2.8    0.5
    14.150   -93.381    2.3    3.0    0.6
    14.159   -93.381    2.6    3.3    0.7
    14.168   -93.381    3.0    3.6    0.7
    14.177   -93.381    3.3    4.0    0.8
    14.186   -93.381    3.7    4.4    1.0
    14.195   -93.381    4.0    4.8    1.1
    14.204   -93.381    4.0    5.2    1.4
    14.213   -93.381    1.4    3.7    2.1
    14.222   -93.381  -39.3  -25.3   19.5
    14.231   -93.381  -22.8   -5.9   12.6
    14.240   -93.381  -15.5   -1.2    6.2
    14.249   -93.381  -12.1   -0.2    4.0
    14.258   -93.381  -10.0    0.2    3.0
    14.267   -93.381   -8.4    0.4    2.3
    14.276   -93.381   -7.0    0.5    1.7
    14.285   -93.381   -5.7    0.6    1.2
    14.294   -93.381   -4.6    0.5    0.8
    14.303   -93.381   -3.7    0.4    0.4
    14.312   -93.381   -2.8    0.2    0.2
    14.321   -93.381   -2.2   -0.0   -0.0
    14.330   -93.381   -1.7   -0.2   -0.2
    14.339   -93.381   -1.3   -0.4   -0.2
    14.348   -93.381   -1.1   -0.6   -0.3
    14.357   -93.381   -0.9   -0.7   -0.3
    14.366   -93.381   -0.8   -0.7   -0.2
    14.375   -93.381   -0.8   -0.8   -0.2
    14.384   -93.381   -0.7   -0.8   -0.2
    14.393   -93.381   -0.7   -0.8   -0.1
    14.402   -93.381   -0.7   -0.7   -0.1
    14.411   -93.381   -0.6   -0.7   -0.1
    14.420   -93.381   -0.6   -0.7   -0.1
    14.429   -93.381   -0.6   -0.7   -0.1
    14.438   -93.381   -0.6   -0.6   -0.1
    14.447   -93.381   -0.5   -0.6   -0.1
    14.456   -93.381   -0.5   -0.6   -0.1
    14.465   -93.381   -0.5   -0.5   -0.0
    14.474   -93.381   -0.5   -0.5   -0.0
    14.483   -93.381   -0.4   -0.5   -0.1
    14.492   -93.381   -0.4   -0.5   -0.1
    14.501   -93.381   -0.4   -0.4   -0.1
    14.510   -93.381   -0.3   -0.4   -0.1
    14.519   -93.381   -0.3   -0.4   -0.1
    14.528   -93.381   -0.3   -0.4   -0.1
    14.537   -93.381   -0.3   -0.4   -0.1
    14.546   -93.381   -0.2   -0.4   -0.1
    14.555   -93.381   -0.2   -0.4   -0.1
    14.564   -93.381   -0.2   -0.4   -0.1
    14.573   -93.381   -0.2   -0.4   -0.1
    14.582   -93.381   -0.2   -0.4   -0.1
    14.591   -93.381   -0.2   -0.4   -0.1
    14.600   -93.381   -0.1   -0.4   -0.1
    14.609   -93.381   -0.1   -0.3   -0.1
    14.618   -93.381   -0.1   -0.3   -0.1
    14.627   -93.381   -0.1   -0.3   -0.1
    14.636   -93.381   -0.1   -0.3   -0.1
    14.645   -93.381   -0.1   -0.3   -0.1
    14.654   -93.381   -0.1   -0.3   -0.1
    14.663   -93.381   -0.1   -0.3   -0.1
    14.672   -93.381   -0.1   -0.3   -0.1
    14.681   -93.381   -0.0   -0.3   -0.1
    14.690   -93.381   -0.0   -0.3   -0.1
    14.699   -93.381   -0.0   -0.3   -0.1
    14.708   -93.381   -0.0   -0.3   -0.1
    14.717   -93.381   -0.0   -0.3   -0.1
    14.726   -93.381   -0.0   -0.3   -0.1
    14.735   -93.381   -0.0   -0.3   -0.1
    14.744   -93.381   -0.0   -0.3   -0.1
    14.753   -93.381   -0.0   -0.3   -0.1
    13.854   -93.371    0.3    0.5    0.1
    13.863   -93.371    0.3    0.5    0.1
    13.872   -93.371    0.3    0.5    0.1
    13.881   -93.371    0.3    0.5    0.1
    13.890   -93.371    0.3    0.6    0.1
    13.899   -93.371    0.3    0.6    0.1
    13.908   -93.371    0.3    0.6    0.1
    13.917   -93.371    0.4    0.6    0.1
    13.926   -93.371    0.4    0.7    0.1
    13.935   -93.371    0.4    0.7    0.1
    13.944   -93.371    0.4    0.7    0.1
    13.953   -93.371    0.4    0.7    0.1
    13.962   -93.371    0.4    0.8    0.1
    13.971   -93.371    0.5    0.8    0.1
    13.980   -93.371    0.5    0.8    0.1
    13.989   -93.371    0.5    0.9    0.1
    13.998   -93.371    0.5    0.9    0.1
    14.007   -93.371    0.6    1.0    0.1
    14.016   -93.371    0.6    1.0    0.2
    14.024   -93.371    0.7    1.1    0.2
    14.033   -93.371    0.7    1.2    0.2
    14.042   -93.371    0.8    1.3    0.2
    14.051   -93.371    0.8    1.3    0.2
    14.060   -93.371    0.9    1.4    0.2
    14.069   -93.371    1.0    1.5    0.2
    14.078   -93.371    1.0    1.6    0.3
    14.087   -93.371    1.1    1.8    0.3
    14.096   -93.371    1.3    1.9    0.3
    14.105   -93.371    1.4    2.1    0.3
    14.114   -93.371    1.5    2.2    0.4
    14.123   -93.371    1.7    2.4    0.4
    14.132   -93.371    1.9    2.6    0.5
    14.141   -93.371    2.1    2.9    0.5
    14.150   -93.371    2.4    3.2    0.6
    14.159   -93.371    2.7    3.5    0.6
    14.168   -93.371    3.1    3.9    0.7
    14.177   -93.371    3.5    4.4    0.9
    14.186   -93.371    4.0    4.9    1.0
    14.195   -93.371    4.3    5.3    1.2
    14.204   -93.371    3.9    5.1    1.5
    14.213   -93.371  -38.6  -26.5   20.3
    14.222   -93.371  -40.9  -28.9   19.3
    14.231   -93.371  -35.1  -24.3   18.6
    14.240   -93.371  -26.2  -14.2   16.6
    14.249   -93.371  -19.9   -6.2   11.7
    14.258   -93.371  -15.5   -2.8    7.9
    14.267   -93.371  -12.3   -1.3    5.5
    14.276   -93.371   -9.8   -0.5    3.9
    14.285   -93.371   -7.7   -0.1    2.7
    14.294   -93.371   -6.0    0.0    1.8
    14.303   -93.371   -4.5    0.0    1.1
    14.312   -93.371   -3.3   -0.2    0.5
    14.321   -93.371   -2.4   -0.4    0.1
    14.330   -93.371   -1.8   -0.6   -0.1
    14.339   -93.371   -1.4   -0.8   -0.2
    14.348   -93.371   -1.2   -1.0   -0.2
    14.357   -93.371   -1.0   -1.0   -0.2
    14.366   -93.371   -0.9   -1.1   -0.2
    14.375   -93.371   -0.8   -1.1   -0.2
    14.384   -93.371   -0.8   -1.0   -0.1
    14.393   -93.371   -0.8   -1.0   -0.1
    14.402   -93.371   -0.7   -0.9   -0.1
    14.411   -93.371   -0.7   -0.9   -0.1
    14.420   -93.371   -0.7   -0.8   -0.0
    14.429   -93.371   -0.7   -0.8   -0.0
    14.438   -93.371   -0.6   -0.7   -0.0
    14.447   -93.371   -0.6   -0.7   -0.0
    14.456   -93.371   -0.6   -0.6   -0.0
    14.465   -93.371   -0.5   -0.6   -0.0
    14.474   -93.371   -0.5   -0.6   -0.0
    14.483   -93.371   -0.5   -0.6   -0.0
    14.492   -93.371   -0.4   -0.5   -0.0
    14.501   -93.371   -0.4   -0.5   -0.0
    14.510   -93.371   -0.4   -0.5   -0.0
    14.519   -93.371   -0.3   -0.5   -0.0
    14.528   -93.371   -0.3   -0.5   -0.1
    14.537   -93.371   -0.3   -0.4   -0.1
    14.546   -93.371   -0.3   -0.4   -0.1
    14.555   -93.371   -0.2   -0.4   -0.1
    14.564   -93.371   -0.2   -0.4   -0.1
    14.573   -93.371   -0.2   -0.4   -0.1
    14.582   -93.371   -0.2   -0.4   -0.1
    14.591   -93.371   -0.2   -0.4   -0.1
    14.600   -93.371   -0.1   -0.4   -0.1
    14.609   -93.371   -0.1   -0.4   -0.1
    14.618   -93.371   -0.1   -0.4   -0.1
    14.627   -93.371   -0.1   -0.4   -0.1
    14.636   -93.371   -0.1   -0.4   -0.1
    14.645   -93.371   -0.1   -0.4   -0.1
    14.654   -93.371   -0.1   -0.4   -0.1
    14.663   -93.371   -0.1   -0.4   -0.1
    14.672   -93.371   -0.1   -0.3   -0.1
    14.681   -93.371   -0.0   -0.3   -0.1
    14.690   -93.371   -0.0   -0.3   -0.1
    14.699   -93.371   -0.0   -0.3   -0.1
    14.708   -93.371   -0.0   -0.3   -0.1
    14.717   -93.371   -0.0   -0.3   -0.1
    14.726   -93.371   -0.0   -0.3   -0.1
    14.735   -93.371   -0.0   -0.3   -0.1
    14.744   -93.371   -0.0   -0.3   -0.1
    14.753   -93.371   -0.0   -0.3   -0.1
    13.854   -93.362    0.3    0.5    0.1
    13.863   -93.362    0.3    0.5    0.1
    13.872   -93.362    0.3    0.5    0.1
    13.881   -93.362    0.3    0.5    0.1
    13.890   -93.362    0.3    0.6    0.1
    13.899   -93.362    0.3    0.6    0.1
    13.908   -93.362    0.3    0.6    0.1
    13.917   -93.362    0.4    0.6    0.1
    13.926   -93.362    0.4    0.6    0.1
    13.935   -93.362    0.4    0.7    0.1
    13.944   -93.362    0.4    0.7    0.1
    13.953   -93.362    0.4    0.7    0.1
    13.962   -93.362    0.4    0.8    0.1
    13.971   -93.362    0.5    0.8    0.1
    13.980   -93.362    0.5    0.8    0.1
    13.989   -93.362    0.5    0.9    0.1
    13.998   -93.362    0.5    0.9    0.1
    14.007   -93.362    0.6    1.0    0.1
    14.016   -93.362    0.6    1.0    0.1
    14.024   -93.362    0.6    1.1    0.2
    14.033   -93.362    0.7    1.2    0.2
    14.042   -93.362    0.7    1.3    0.2
    14.051   -93.362    0.8    1.3    0.2
    14.060   -93.362    0.9    1.4    0.2
    14.069   -93.362    0.9    1.5    0.2
    14.078   -93.362    1.0    1.7    0.2
    14.087   -93.362    1.1    1.8    0.3
    14.096   -93.362    1.2    1.9    0.3
    14.105   -93.362    1.4    2.1    0.3
    14.114   -93.362    1.5    2.3    0.3
    14.123   -93.362    1.7    2.5    0.4
    14.132   -93.362    1.9    2.7    0.4
    14.141   -93.362    2.1    3.0    0.5
    14.150   -93.362    2.4    3.3    0.5
    14.159   -93.362    2.7    3.7    0.6
    14.168   -93.362    3.2    4.1    0.7
    14.177   -93.362    3.7    4.7    0.8
    14.186   -93.362    4.3    5.2    1.0
    14.195   -93.362    4.5    5.3    1.2
    14.204   -93.362   -3.7   -4.1    4.4
    14.213   -93.362  -41.2  -30.5   19.3
    14.222   -93.362  -40.4  -29.9   19.0
    14.231   -93.362  -37.4  -27.6   18.5
    14.240   -93.362  -32.2  -23.5   17.8
    14.249   -93.362  -26.0  -16.9   16.7
    14.258   -93.362  -20.8  -10.1   13.9
    14.267   -93.362  -16.6   -5.6   10.4
    14.276   -93.362  -13.1   -3.1    7.4
    14.285   -93.362  -10.1   -1.7    5.1
    14.294   -93.362   -7.5   -1.0    3.3
    14.303   -93.362   -5.4   -0.7    1.9
    14.312   -93.362   -3.8   -0.8    0.9
    14.321   -93.362   -2.6   -1.0    0.3
    14.330   -93.362   -1.9   -1.3   -0.0
    14.339   -93.362   -1.5   -1.4   -0.2
    14.348   -93.362   -1.2   -1.5   -0.2
    14.357   -93.362   -1.1   -1.5   -0.2
    14.366   -93.362   -1.0   -1.5   -0.2
    14.375   -93.362   -0.9   -1.4   -0.1
    14.384   -93.362   -0.9   -1.4   -0.1
    14.393   -93.362   -0.9   -1.3   -0.1
    14.402   -93.362   -0.8   -1.2   -0.0
    14.411   -93.362   -0.8   -1.1   -0.0
    14.420   -93.362   -0.8   -1.0    0.0
    14.429   -93.362   -0.7   -0.9    0.0
    14.438   -93.362   -0.7   -0.9    0.0
    14.447   -93.362   -0.7   -0.8    0.0
    14.456   -93.362   -0.6   -0.7    0.0
    14.465   -93.362   -0.6   -0.7    0.0
    14.474   -93.362   -0.6   -0.7    0.0
    14.483   -93.362   -0.5   -0.6    0.0
    14.492   -93.362   -0.5   -0.6   -0.0
    14.501   -93.362   -0.4   -0.6   -0.0
    14.510   -93.362   -0.4   -0.5   -0.0
    14.519   -93.362   -0.4   -0.5   -0.0
    14.528   -93.362   -0.3   -0.5   -0.0
    14.537   -93.362   -0.3   -0.5   -0.0
    14.546   -93.362   -0.3   -0.5   -0.1
    14.555   -93.362   -0.3   -0.5   -0.1
    14.564   -93.362   -0.2   -0.5   -0.1
    14.573   -93.362   -0.2   -0.4   -0.1
    14.582   -93.362   -0.2   -0.4   -0.1
    14.591   -93.362   -0.2   -0.4   -0.1
    14.600   -93.362   -0.2   -0.4   -0.1
    14.609   -93.362   -0.1   -0.4   -0.1
    14.618   -93.362   -0.1   -0.4   -0.1
    14.627   -93.362   -0.1   -0.4   -0.1
    14.636   -93.362   -0.1   -0.4   -0.1
    14.645   -93.362   -0.1   -0.4   -0.1
    14.654   -93.362   -0.1   -0.4   -0.1
    14.663   -93.362   -0.1   -0.4   -0.1
    14.672   -93.362   -0.1   -0.4   -0.1
    14.681   -93.362   -0.0   -0.4   -0.1
    14.690   -93.362   -0.0   -0.4   -0.1
    14.699   -93.362   -0.0   -0.4   -0.1
    14.708   -93.362   -0.0   -0.4   -0.1
    14.717   -93.362   -0.0   -0.3   -0.1
    14.726   -93.362   -0.0   -0.3   -0.1
    14.735   -93.362   -0.0   -0.3   -0.1
    14.744   -93.362   -0.0   -0.3   -0.1
    14.753   -93.362   -0.0   -0.3   -0.1
    13.854   -93.353    0.3    0.5    0.1
    13.863   -93.353    0.3    0.5    0.1
    13.872   -93.353    0.3    0.5    0.1
    13.881   -93.353    0.3    0.5    0.1
    13.890   -93.353    0.3    0.6    0.1
    13.899   -93.353    0.3    0.6    0.1
    13.908   -93.353    0.3    0.6    0.1
    13.917   -93.353    0.3    0.6    0.1
    13.926   -93.353    0.4    0.6    0.1
    13.935   -93.353    0.4    0.7    0.1
    13.944   -93.353    0.4    0.7    0.1
    13.953   -93.353    0.4    0.7    0.1
    13.962   -93.353    0.4    0.8    0.1
    13.971   -93.353    0.4    0.8    0.1
    13.980   -93.353    0.5    0.8    0.1
    13.989   -93.353    0.5    0.9    0.1
    13.998   -93.353    0.5    0.9    0.1
    14.007   -93.353    0.6    1.0    0.1
    14.016   -93.353    0.6    1.0    0.1
    14.024   -93.353    0.6    1.1    0.1
    14.033   -93.353    0.7    1.2    0.2
    14.042   -93.353    0.7    1.3    0.2
    14.051   -93.353    0.8    1.3    0.2
    14.060   -93.353    0.9    1.4    0.2
    14.069   -93.353    0.9    1.5    0.2
    14.078   -93.353    1.0    1.7    0.2
    14.087   -93.353    1.1    1.8    0.2
    14.096   -93.353    1.2    1.9    0.3
    14.105   -93.353    1.4    2.1    0.3
    14.114   -93.353    1.5    2.3    0.3
    14.123   -93.353    1.7    2.5    0.4
    14.132   -93.353    1.9    2.8    0.4
    14.141   -93.353    2.1    3.0    0.4
    14.150   -93.353    2.4    3.4    0.5
    14.159   -93.353    2.7    3.7    0.5
    14.168   -93.353    3.2    4.2    0.6
    14.177   -93.353    3.8    4.7    0.7
    14.186   -93.353    4.5    5.1    0.9
    14.195   -93.353    3.9    3.9    1.3
    14.204   -93.353  -39.8  -30.1   19.2
    14.213   -93.353  -40.5  -31.2   18.9
    14.222   -93.353  -39.3  -30.3   18.7
    14.231   -93.353  -37.2  -28.7   18.2
    14.240   -93.353  -33.9  -26.3   17.6
    14.249   -93.353  -29.5  -22.6   16.9
    14.258   -93.353  -24.5  -17.6   15.8
    14.267   -93.353  -19.9  -12.2   13.9
    14.276   -93.353  -15.9   -7.7   11.0
    14.285   -93.353  -12.2   -4.6    8.0
    14.294   -93.353   -9.0   -2.9    5.2
    14.303   -93.353   -6.2   -2.1    2.9
    14.312   -93.353   -4.1   -1.9    1.3
    14.321   -93.353   -2.8   -2.1    0.4
    14.330   -93.353   -1.9   -2.2   -0.1
    14.339   -93.353   -1.5   -2.3   -0.3
    14.348   -93.353   -1.3   -2.3   -0.3
    14.357   -93.353   -1.1   -2.2   -0.2
    14.366   -93.353   -1.1   -2.0   -0.2
    14.375   -93.353   -1.0   -1.9   -0.1
    14.384   -93.353   -1.0   -1.7   -0.0
    14.393   -93.353   -1.0   -1.6    0.0
    14.402   -93.353   -1.0   -1.4    0.0
    14.411   -93.353   -0.9   -1.3    0.1
    14.420   -93.353   -0.9   -1.2    0.1
    14.429   -93.353   -0.8   -1.1    0.1
    14.438   -93.353   -0.8   -1.0    0.1
    14.447   -93.353   -0.8   -0.9    0.1
    14.456   -93.353   -0.7   -0.8    0.1
    14.465   -93.353   -0.7   -0.8    0.1
    14.474   -93.353   -0.6   -0.7    0.0
    14.483   -93.353   -0.6   -0.7    0.0
    14.492   -93.353   -0.5   -0.7    0.0
    14.501   -93.353   -0.5   -0.6    0.0
    14.510   -93.353   -0.4   -0.6   -0.0
    14.519   -93.353   -0.4   -0.6   -0.0
    14.528   -93.353   -0.4   -0.6   -0.0
    14.537   -93.353   -0.3   -0.5   -0.0
    14.546   -93.353   -0.3   -0.5   -0.0
    14.555   -93.353   -0.3   -0.5   -0.0
    14.564   -93.353   -0.2   -0.5   -0.1
    14.573   -93.353   -0.2   -0.5   -0.1
    14.582   -93.353   -0.2   -0.5   -0.1
    14.591   -93.353   -0.2   -0.5   -0.1
    14.600   -93.353   -0.2   -0.5   -0.1
    14.609   -93.353   -0.1   -0.5   -0.1
    14.618   -93.353   -0.1   -0.4   -0.1
    14.627   -93.353   -0.1   -0.4   -0.1
    14.636   -93.353   -0.1   -0.4   -0.1
    14.645   -93.353   -0.1   -0.4   -0.1
    14.654   -93.353   -0.1   -0.4   -0.1
    14.663   -93.353   -0.1   -0.4   -0.1
    14.672   -93.353   -0.1   -0.4   -0.1
    14.681   -93.353   -0.0   -0.4   -0.1
    14.690   -93.353   -0.0   -0.4   -0.1
    14.699   -93.353   -0.0   -0.4   -0.1
    14.708   -93.353   -0.0   -0.4   -0.1
    14.717   -93.353   -0.0   -0.4   -0.1
    14.726   -93.353   -0.0   -0.4   -0.1
    14.735   -93.353   -0.0   -0.4   -0.1
    14.744   -93.353   -0.0   -0.4   -0.1
    14.753   -93.353    0.0   -0.4   -0.1
    13.854   -93.344    0.3    0.5    0.1
    13.863   -93.344    0.3    0.5    0.1
    13.872   -93.344    0.3    0.5    0.1
    13.881   -93.344    0.3    0.5    0.1
    13.890   -93.344    0.3    0.6    0.1
    13.899   -93.344    0.3    0.6    0.1
    13.908   -93.344    0.3    0.6    0.1
    13.917   -93.344    0.3    0.6    0.1
    13.926   -93.344    0.4    0.6    0.1
    13.935   -93.344    0.4    0.7    0.1
    13.944   -93.344    0.4    0.7    0.1
    13.953   -93.344    0.4    0.7    0.1
    13.962   -93.344    0.4    0.8    0.1
    13.971   -93.344    0.4    0.8    0.1
    13.980   -93.344    0.5    0.8    0.1
    13.989   -93.344    0.5    0.9    0.1
    13.998   -93.344    0.5    0.9    0.1
    14.007   -93.344    0.5    1.0    0.1
    14.016   -93.344    0.6    1.0    0.1
    14.024   -93.344    0.6    1.1    0.1
    14.033   -93.344    0.7    1.2    0.1
    14.042   -93.344    0.7    1.2    0.1
    14.051   -93.344    0.8    1.3    0.2
    14.060   -93.344    0.8    1.4    0.2
    14.069   -93.344    0.9    1.5    0.2
    14.078   -93.344    1.0    1.7    0.2
    14.087   -93.344    1.1    1.8    0.2
    14.096   -93.344    1.2    1.9    0.2
    14.105   -93.344    1.3    2.1    0.3
    14.114   -93.344    1.5    2.3    0.3
    14.123   -93.344    1.7    2.5    0.3
    14.132   -93.344    1.9    2.7    0.3
    14.141   -93.344    2.1    3.0    0.4
    14.150   -93.344    2.4    3.3    0.4
    14.159   -93.344    2.7    3.7    0.4
    14.168   -93.344    3.1    4.1    0.5
    14.177   -93.344    3.7    4.5    0.5
    14.186   -93.344    4.5    4.6    0.8
    14.195   -93.344  -31.4  -22.2   22.3
    14.204   -93.344  -39.7  -31.8   18.7
    14.213   -93.344  -39.0  -31.4   18.5
    14.222   -93.344  -37.8  -30.5   18.2
    14.231   -93.344  -36.1  -29.1   17.7
    14.240   -93.344  -33.7  -27.3   17.1
    14.249   -93.344  -30.5  -24.7   16.4
    14.258   -93.344  -26.5  -21.4   15.5
    14.267   -93.344  -22.1  -17.2   14.2
    14.276   -93.344  -17.7  -12.7   12.2
    14.285   -93.344  -13.6   -8.7    9.5
    14.294   -93.344   -9.9   -5.8    6.3
    14.303   -93.344   -6.7   -4.3    3.4
    14.312   -93.344   -4.3   -3.7    1.2
    14.321   -93.344   -2.8   -3.7    0.1
    14.330   -93.344   -2.0   -3.6   -0.4
    14.339   -93.344   -1.6   -3.5   -0.4
    14.348   -93.344   -1.4   -3.2   -0.3
    14.357   -93.344   -1.3   -2.9   -0.2
    14.366   -93.344   -1.2   -2.6   -0.1
    14.375   -93.344   -1.2   -2.4   -0.0
    14.384   -93.344   -1.2   -2.1    0.0
    14.393   -93.344   -1.1   -1.9    0.1
    14.402   -93.344   -1.1   -1.7    0.1
    14.411   -93.344   -1.1   -1.5    0.2
    14.420   -93.344   -1.0   -1.4    0.2
    14.429   -93.344   -1.0   -1.3    0.2
    14.438   -93.344   -0.9   -1.1    0.2
    14.447   -93.344   -0.8   -1.0    0.1
    14.456   -93.344   -0.8   -1.0    0.1
    14.465   -93.344   -0.7   -0.9    0.1
    14.474   -93.344   -0.7   -0.8    0.1
    14.483   -93.344   -0.6   -0.8    0.1
    14.492   -93.344   -0.6   -0.7    0.1
    14.501   -93.344   -0.5   -0.7    0.0
    14.510   -93.344   -0.5   -0.7    0.0
    14.519   -93.344   -0.4   -0.6    0.0
    14.528   -93.344   -0.4   -0.6   -0.0
    14.537   -93.344   -0.3   -0.6   -0.0
    14.546   -93.344   -0.3   -0.6   -0.0
    14.555   -93.344   -0.3   -0.6   -0.0
    14.564   -93.344   -0.3   -0.6   -0.0
    14.573   -93.344   -0.2   -0.5   -0.1
    14.582   -93.344   -0.2   -0.5   -0.1
    14.591   -93.344   -0.2   -0.5   -0.1
    14.600   -93.344   -0.2   -0.5   -0.1
    14.609   -93.344   -0.2   -0.5   -0.1
    14.618   -93.344   -0.1   -0.5   -0.1
    14.627   -93.344   -0.1   -0.5   -0.1
    14.636   -93.344   -0.1   -0.5   -0.1
    14.645   -93.344   -0.1   -0.5   -0.1
    14.654   -93.344   -0.1   -0.4   -0.1
    14.663   -93.344   -0.1   -0.4   -0.1
    14.672   -93.344   -0.1   -0.4   -0.1
    14.681   -93.344   -0.0   -0.4   -0.1
    14.690   -93.344   -0.0   -0.4   -0.1
    14.699   -93.344   -0.0   -0.4   -0.1
    14.708   -93.344   -0.0   -0.4   -0.1
    14.717   -93.344   -0.0   -0.4   -0.1
    14.726   -93.344   -0.0   -0.4   -0.1
    14.735   -93.344   -0.0   -0.4   -0.1
    14.744   -93.344   -0.0   -0.4   -0.1
    14.753   -93.344    0.0   -0.4   -0.1
    13.854   -93.334    0.3    0.5    0.1
    13.863   -93.334    0.3    0.5    0.1
    13.872   -93.334    0.3    0.5    0.1
    13.881   -93.334    0.3    0.5    0.1
    13.890   -93.334    0.3    0.6    0.1
    13.899   -93.334    0.3    0.6    0.1
    13.908   -93.334    0.3    0.6    0.1
    13.917   -93.334    0.3    0.6    0.1
    13.926   -93.334    0.4    0.6    0.1
    13.935   -93.334    0.4    0.7    0.1
    13.944   -93.334    0.4    0.7    0.1
    13.953   -93.334    0.4    0.7    0.1
    13.962   -93.334    0.4    0.8    0.1
    13.971   -93.334    0.4    0.8    0.1
    13.980   -93.334    0.4    0.8    0.1
    13.989   -93.334    0.5    0.9    0.1
    13.998   -93.334    0.5    0.9    0.1
    14.007   -93.334    0.5    1.0    0.1
    14.016   -93.334    0.6    1.0    0.1
    14.024   -93.334    0.6    1.1    0.1
    14.033   -93.334    0.6    1.2    0.1
    14.042   -93.334    0.7    1.2    0.1
    14.051   -93.334    0.7    1.3    0.1
    14.060   -93.334    0.8    1.4    0.2
    14.069   -93.334    0.9    1.5    0.2
    14.078   -93.334    1.0    1.6    0.2
    14.087   -93.334    1.1    1.8    0.2
    14.096   -93.334    1.2    1.9    0.2
    14.105   -93.334    1.3    2.1    0.2
    14.114   -93.334    1.4    2.3    0.2
    14.123   -93.334    1.6    2.5    0.3
    14.132   -93.334    1.8    2.7    0.3
    14.141   -93.334    2.1    2.9    0.3
    14.150   -93.334    2.4    3.2    0.3
    14.159   -93.334    2.7    3.5    0.3
    14.168   -93.334    3.0    3.7    0.3
    14.177   -93.334    3.4    3.7    0.2
    14.186   -93.334    2.5    0.4    0.9
    14.195   -93.334  -36.8  -31.9   18.0
    14.204   -93.334  -36.9  -32.2   17.8
    14.213   -93.334  -36.4  -31.5   17.6
    14.222   -93.334  -35.5  -30.5   17.3
    14.231   -93.334  -34.3  -29.2   16.9
    14.240   -93.334  -32.5  -27.6   16.3
    14.249   -93.334  -30.0  -25.5   15.5
    14.258   -93.334  -26.9  -22.9   14.4
    14.267   -93.334  -23.1  -19.6   13.1
    14.276   -93.334  -18.8  -15.9   11.2
    14.285   -93.334  -14.4  -12.2    8.7
    14.294   -93.334  -10.3   -9.0    5.5
    14.303   -93.334   -6.9   -7.1    2.4
    14.312   -93.334   -4.4   -6.2    0.2
    14.321   -93.334   -3.0   -5.9   -0.8
    14.330   -93.334   -2.2   -5.4   -0.9
    14.339   -93.334   -1.9   -4.9   -0.7
    14.348   -93.334   -1.7   -4.3   -0.5
    14.357   -93.334   -1.6   -3.8   -0.2
    14.366   -93.334   -1.5   -3.3   -0.1
    14.375   -93.334   -1.4   -2.9    0.0
    14.384   -93.334   -1.4   -2.6    0.1
    14.393   -93.334   -1.3   -2.3    0.2
    14.402   -93.334   -1.3   -2.0    0.2
    14.411   -93.334   -1.2   -1.8    0.3
    14.420   -93.334   -1.2   -1.6    0.3
    14.429   -93.334   -1.1   -1.4    0.3
    14.438   -93.334   -1.0   -1.3    0.2
    14.447   -93.334   -1.0   -1.2    0.2
    14.456   -93.334   -0.9   -1.1    0.2
    14.465   -93.334   -0.8   -1.0    0.2
    14.474   -93.334   -0.7   -0.9    0.1
    14.483   -93.334   -0.7   -0.9    0.1
    14.492   -93.334   -0.6   -0.8    0.1
    14.501   -93.334   -0.6   -0.8    0.1
    14.510   -93.334   -0.5   -0.7    0.0
    14.519   -93.334   -0.5   -0.7    0.0
    14.528   -93.334   -0.4   -0.7    0.0
    14.537   -93.334   -0.4   -0.7   -0.0
    14.546   -93.334   -0.3   -0.6   -0.0
    14.555   -93.334   -0.3   -0.6   -0.0
    14.564   -93.334   -0.3   -0.6   -0.0
    14.573   -93.334   -0.2   -0.6   -0.0
    14.582   -93.334   -0.2   -0.6   -0.1
    14.591   -93.334   -0.2   -0.6   -0.1
    14.600   -93.334   -0.2   -0.5   -0.1
    14.609   -93.334   -0.2   -0.5   -0.1
    14.618   -93.334   -0.1   -0.5   -0.1
    14.627   -93.334   -0.1   -0.5   -0.1
    14.636   -93.334   -0.1   -0.5   -0.1
    14.645   -93.334   -0.1   -0.5   -0.1
    14.654   -93.334   -0.1   -0.5   -0.1
    14.663   -93.334   -0.1   -0.5   -0.1
    14.672   -93.334   -0.1   -0.5   -0.1
    14.681   -93.334   -0.1   -0.5   -0.1
    14.690   -93.334   -0.0   -0.4   -0.1
    14.699   -93.334   -0.0   -0.4   -0.1
    14.708   -93.334   -0.0   -0.4   -0.1
    14.717   -93.334   -0.0   -0.4   -0.1
    14.726   -93.334   -0.0   -0.4   -0.1
    14.735   -93.334   -0.0   -0.4   -0.1
    14.744   -93.334   -0.0   -0.4   -0.1
    14.753   -93.334    0.0   -0.4   -0.1
    13.854   -93.325    0.3    0.5    0.1
    13.863   -93.325    0.3    0.5    0.1
    13.872   -93.325    0.3    0.5    0.1
    13.881   -93.325    0.3    0.5    0.1
    13.890   -93.325    0.3    0.5    0.1
    13.899   -93.325    0.3    0.6    0.1
    13.908   -93.325    0.3    0.6    0.1
    13.917   -93.325    0.3    0.6    0.1
    13.926   -93.325    0.3    0.6    0.1
    13.935   -93.325    0.4    0.7    0.1
    13.944   -93.325    0.4    0.7    0.1
    13.953   -93.325    0.4    0.7    0.1
    13.962   -93.325    0.4    0.7    0.1
    13.971   -93.325    0.4    0.8    0.1
    13.980   -93.325    0.4    0.8    0.1
    13.989   -93.325    0.5    0.9    0.1
    13.998   -93.325    0.5    0.9    0.1
    14.007   -93.325    0.5    1.0    0.1
    14.016   -93.325    0.5    1.0    0.1
    14.024   -93.325    0.6    1.1    0.1
    14.033   -93.325    0.6    1.1    0.1
    14.042   -93.325    0.7    1.2    0.1
    14.051   -93.325    0.7    1.3    0.1
    14.060   -93.325    0.8    1.4    0.1
    14.069   -93.325    0.8    1.5    0.1
    14.078   -93.325    0.9    1.6    0.1
    14.087   -93.325    1.0    1.7    0.2
    14.096   -93.325    1.1    1.9    0.2
    14.105   -93.325    1.3    2.0    0.2
    14.114   -93.325    1.4    2.2    0.2
    14.123   -93.325    1.6    2.4    0.2
    14.132   -93.325    1.8    2.6    0.2
    14.141   -93.325    2.1    2.9    0.2
    14.150   -93.325    2.4    3.1    0.2
    14.159   -93.325    2.7    3.2    0.2
    14.168   -93.325    2.9    3.2    0.1
    14.177   -93.325    2.8    2.4   -0.1
    14.186   -93.325  -15.2  -17.9    8.7
    14.195   -93.325  -25.3  -26.4    8.2
    14.204   -93.325  -30.2  -31.2   13.2
    14.213   -93.325  -31.9  -31.0   14.9
    14.222   -93.325  -32.1  -30.1   15.4
    14.231   -93.325  -31.6  -28.9   15.3
    14.240   -93.325  -30.5  -27.4   14.9
    14.249   -93.325  -28.6  -25.5   14.1
    14.258   -93.325  -26.1  -23.2   12.9
    14.267   -93.325  -22.9  -20.4   11.3
    14.276   -93.325  -19.0  -17.3    9.0
    14.285   -93.325  -14.8  -14.1    6.1
    14.294   -93.325  -10.8  -11.5    2.7
    14.303   -93.325   -7.4   -9.9   -0.3
    14.312   -93.325   -5.0   -9.1   -1.9
    14.321   -93.325   -3.6   -8.3   -2.1
    14.330   -93.325   -2.8   -7.4   -1.6
    14.339   -93.325   -2.4   -6.4   -1.0
    14.348   -93.325   -2.1   -5.5   -0.6
    14.357   -93.325   -1.9   -4.7   -0.2
    14.366   -93.325   -1.8   -4.0   -0.0
    14.375   -93.325   -1.7   -3.5    0.1
    14.384   -93.325   -1.6   -3.0    0.3
    14.393   -93.325   -1.6   -2.6    0.3
    14.402   -93.325   -1.5   -2.3    0.4
    14.411   -93.325   -1.4   -2.0    0.4
    14.420   -93.325   -1.3   -1.8    0.4
    14.429   -93.325   -1.2   -1.6    0.4
    14.438   -93.325   -1.2   -1.4    0.3
    14.447   -93.325   -1.1   -1.3    0.3
    14.456   -93.325   -1.0   -1.2    0.3
    14.465   -93.325   -0.9   -1.1    0.2
    14.474   -93.325   -0.8   -1.0    0.2
    14.483   -93.325   -0.7   -0.9    0.2
    14.492   -93.325   -0.7   -0.9    0.1
    14.501   -93.325   -0.6   -0.8    0.1
    14.510   -93.325   -0.5   -0.8    0.1
    14.519   -93.325   -0.5   -0.8    0.0
    14.528   -93.325   -0.4   -0.7    0.0
    14.537   -93.325   -0.4   -0.7    0.0
    14.546   -93.325   -0.4   -0.7   -0.0
    14.555   -93.325   -0.3   -0.7   -0.0
    14.564   -93.325   -0.3   -0.7   -0.0
    14.573   -93.325   -0.3   -0.6   -0.0
    14.582   -93.325   -0.2   -0.6   -0.1
    14.591   -93.325   -0.2   -0.6   -0.1
    14.600   -93.325   -0.2   -0.6   -0.1
    14.609   -93.325   -0.2   -0.6   -0.1
    14.618   -93.325   -0.2   -0.6   -0.1
    14.627   -93.325   -0.1   -0.5   -0.1
    14.636   -93.325   -0.1   -0.5   -0.1
    14.645   -93.325   -0.1   -0.5   -0.1
    14.654   -93.325   -0.1   -0.5   -0.1
    14.663   -93.325   -0.1   -0.5   -0.1
    14.672   -93.325   -0.1   -0.5   -0.1
    14.681   -93.325   -0.1   -0.5   -0.1
    14.690   -93.325   -0.0   -0.5   -0.1
    14.699   -93.325   -0.0   -0.5   -0.1
    14.708   -93.325   -0.0   -0.5   -0.1
    14.717   -93.325   -0.0   -0.4   -0.1
    14.726   -93.325   -0.0   -0.4   -0.1
    14.735   -93.325   -0.0   -0.4   -0.1
    14.744   -93.325    0.0   -0.4   -0.1
    14.753   -93.325    0.0   -0.4   -0.1
    13.854   -93.316    0.3    0.5    0.1
    13.863   -93.316    0.3    0.5    0.1
    13.872   -93.316    0.3    0.5    0.1
    13.881   -93.316    0.3    0.5    0.1
    13.890   -93.316    0.3    0.5    0.1
    13.899   -93.316    0.3    0.6    0.1
    13.908   -93.316    0.3    0.6    0.1
    13.917   -93.316    0.3    0.6    0.1
    13.926   -93.316    0.3    0.6    0.1
    13.935   -93.316    0.4    0.6    0.1
    13.944   -93.316    0.4    0.7    0.1
    13.953   -93.316    0.4    0.7    0.1
    13.962   -93.316    0.4    0.7    0.1
    13.971   -93.316    0.4    0.8    0.1
    13.980   -93.316    0.4    0.8    0.1
    13.989   -93.316    0.4    0.8    0.1
    13.998   -93.316    0.5    0.9    0.1
    14.007   -93.316    0.5    0.9    0.1
    14.016   -93.316    0.5    1.0    0.1
    14.024   -93.316    0.6    1.0    0.1
    14.033   -93.316    0.6    1.1    0.1
    14.042   -93.316    0.6    1.2    0.1
    14.051   -93.316    0.7    1.3    0.1
    14.060   -93.316    0.7    1.3    0.1
    14.069   -93.316    0.8    1.4    0.1
    14.078   -93.316    0.9    1.6    0.1
    14.087   -93.316    1.0    1.7    0.1
    14.096   -93.316    1.1    1.8    0.1
    14.105   -93.316    1.2    2.0    0.1
    14.114   -93.316    1.4    2.1    0.1
    14.123   -93.316    1.6    2.3    0.1
    14.132   -93.316    1.8    2.5    0.2
    14.141   -93.316    2.1    2.8    0.1
    14.150   -93.316    2.4    2.9    0.1
    14.159   -93.316    2.7    3.0    0.1
    14.168   -93.316    2.8    2.8    0.0
    14.177   -93.316   -6.3   -9.3    8.6
    14.186   -93.316  -16.3  -18.8    8.6
    14.195   -93.316  -18.8  -20.0    8.4
    14.204   -93.316  -23.4  -23.2    7.8
    14.213   -93.316  -26.3  -27.2    9.2
    14.222   -93.316  -27.7  -28.3   11.3
    14.231   -93.316  -28.1  -27.8   12.4
    14.240   -93.316  -27.7  -26.6   12.5
    14.249   -93.316  -26.6  -24.9   12.0
    14.258   -93.316  -24.6  -22.7   10.8
    14.267   -93.316  -22.0  -20.1    8.9
    14.276   -93.316  -18.6  -17.4    6.1
    14.285   -93.316  -15.0  -14.9    2.6
    14.294   -93.316  -11.4  -13.1   -0.9
    14.303   -93.316   -8.5  -12.2   -3.4
    14.312   -93.316   -6.3  -11.6   -4.0
    14.321   -93.316   -4.8  -10.5   -3.3
    14.330   -93.316   -3.8   -9.2   -2.2
    14.339   -93.316   -3.1   -7.8   -1.3
    14.348   -93.316   -2.7   -6.5   -0.6
    14.357   -93.316   -2.4   -5.5   -0.2
    14.366   -93.316   -2.2   -4.7    0.1
    14.375   -93.316   -2.1   -4.0    0.3
    14.384   -93.316   -1.9   -3.5    0.4
    14.393   -93.316   -1.8   -3.0    0.5
    14.402   -93.316   -1.7   -2.6    0.5
    14.411   -93.316   -1.6   -2.3    0.5
    14.420   -93.316   -1.5   -2.0    0.5
    14.429   -93.316   -1.4   -1.8    0.5
    14.438   -93.316   -1.3   -1.6    0.5
    14.447   -93.316   -1.2   -1.4    0.4
    14.456   -93.316   -1.1   -1.3    0.3
    14.465   -93.316   -1.0   -1.2    0.3
    14.474   -93.316   -0.9   -1.1    0.2
    14.483   -93.316   -0.8   -1.0    0.2
    14.492   -93.316   -0.7   -1.0    0.2
    14.501   -93.316   -0.6   -0.9    0.1
    14.510   -93.316   -0.6   -0.9    0.1
    14.519   -93.316   -0.5   -0.9    0.1
    14.528   -93.316   -0.5   -0.8    0.0
    14.537   -93.316   -0.4   -0.8    0.0
    14.546   -93.316   -0.4   -0.8   -0.0
    14.555   -93.316   -0.3   -0.7   -0.0
    14.564   -93.316   -0.3   -0.7   -0.0
    14.573   -93.316   -0.3   -0.7   -0.0
    14.582   -93.316   -0.2   -0.7   -0.0
    14.591   -93.316   -0.2   -0.7   -0.1
    14.600   -93.316   -0.2   -0.6   -0.1
    14.609   -93.316   -0.2   -0.6   -0.1
    14.618   -93.316   -0.2   -0.6   -0.1
    14.627   -93.316   -0.1   -0.6   -0.1
    14.636   -93.316   -0.1   -0.6   -0.1
    14.645   -93.316   -0.1   -0.6   -0.1
    14.654   -93.316   -0.1   -0.6   -0.1
    14.663   -93.316   -0.1   -0.5   -0.1
    14.672   -93.316   -0.1   -0.5   -0.1
    14.681   -93.316   -0.1   -0.5   -0.1
    14.690   -93.316   -0.0   -0.5   -0.1
    14.699   -93.316   -0.0   -0.5   -0.1
    14.708   -93.316   -0.0   -0.5   -0.1
    14.717   -93.316   -0.0   -0.5   -0.1
    14.726   -93.316   -0.0   -0.5   -0.1
    14.735   -93.316   -0.0   -0.5   -0.1
    14.744   -93.316    0.0   -0.5   -0.1
    14.753   -93.316    0.0   -0.4   -0.1
    13.854   -93.306    0.3    0.5    0.1
    13.863   -93.306    0.3    0.5    0.1
    13.872   -93.306    0.3    0.5    0.1
    13.881   -93.306    0.3    0.5    0.1
    13.890   -93.306    0.3    0.5    0.1
    13.899   -93.306    0.3    0.6    0.1
    13.908   -93.306    0.3    0.6    0.1
    13.917   -93.306    0.3    0.6    0.1
    13.926   -93.306    0.3    0.6    0.1
    13.935   -93.306    0.3    0.6    0.1
    13.944   -93.306    0.4    0.7    0.1
    13.953   -93.306    0.4    0.7    0.1
    13.962   -93.306    0.4    0.7    0.1
    13.971   -93.306    0.4    0.7    0.1
    13.980   -93.306    0.4    0.8    0.1
    13.989   -93.306    0.4    0.8    0.1
    13.998   -93.306    0.5    0.9    0.1
    14.007   -93.306    0.5    0.9    0.1
    14.016   -93.306    0.5    1.0    0.1
    14.024   -93.306    0.5    1.0    0.1
    14.033   -93.306    0.6    1.1    0.1
    14.042   -93.306    0.6    1.1    0.1
    14.051   -93.306    0.7    1.2    0.1
    14.060   -93.306    0.7    1.3    0.1
    14.069   -93.306    0.8    1.4    0.1
    14.078   -93.306    0.8    1.5    0.1
    14.087   -93.306    0.9    1.6    0.1
    14.096   -93.306    1.0    1.7    0.1
    14.105   -93.306    1.2    1.9    0.1
    14.114   -93.306    1.3    2.0    0.1
    14.123   -93.306    1.5    2.2    0.1
    14.132   -93.306    1.7    2.4    0.1
    14.141   -93.306    2.0    2.7    0.1
    14.150   -93.306    2.4    2.8    0.1
    14.159   -93.306    2.7    2.8    0.0
    14.168   -93.306    2.0    1.6    0.1
    14.177   -93.306  -15.6  -18.1    8.8
    14.186   -93.306  -16.3  -18.8    8.6
    14.195   -93.306  -17.3  -19.0    8.4
    14.204   -93.306  -19.3  -19.6    8.1
    14.213   -93.306  -22.0  -21.3    7.5
    14.222   -93.306  -23.9  -23.6    7.5
    14.231   -93.306  -24.6  -24.9    8.4
    14.240   -93.306  -24.7  -24.7    9.1
    14.249   -93.306  -24.1  -23.5    9.0
    14.258   -93.306  -22.7  -21.6    8.0
    14.267   -93.306  -20.6  -19.2    5.9
    14.276   -93.306  -17.9  -16.9    2.8
    14.285   -93.306  -14.9  -15.0   -1.0
    14.294   -93.306  -12.2  -14.1   -4.3
    14.303   -93.306   -9.8  -13.8   -5.8
    14.312   -93.306   -7.8  -13.3   -5.4
    14.321   -93.306   -6.1  -12.0   -4.0
    14.330   -93.306   -4.8  -10.4   -2.5
    14.339   -93.306   -3.9   -8.8   -1.4
    14.348   -93.306   -3.3   -7.4   -0.6
    14.357   -93.306   -2.9   -6.2   -0.1
    14.366   -93.306   -2.6   -5.3    0.2
    14.375   -93.306   -2.4   -4.5    0.5
    14.384   -93.306   -2.3   -3.9    0.6
    14.393   -93.306   -2.1   -3.3    0.7
    14.402   -93.306   -2.0   -2.9    0.7
    14.411   -93.306   -1.9   -2.5    0.7
    14.420   -93.306   -1.7   -2.2    0.7
    14.429   -93.306   -1.6   -1.9    0.7
    14.438   -93.306   -1.4   -1.7    0.6
    14.447   -93.306   -1.3   -1.6    0.5
    14.456   -93.306   -1.2   -1.4    0.4
    14.465   -93.306   -1.1   -1.3    0.4
    14.474   -93.306   -1.0   -1.2    0.3
    14.483   -93.306   -0.9   -1.1    0.2
    14.492   -93.306   -0.8   -1.1    0.2
    14.501   -93.306   -0.7   -1.0    0.2
    14.510   -93.306   -0.6   -1.0    0.1
    14.519   -93.306   -0.6   -0.9    0.1
    14.528   -93.306   -0.5   -0.9    0.1
    14.537   -93.306   -0.4   -0.9    0.0
    14.546   -93.306   -0.4   -0.8    0.0
    14.555   -93.306   -0.4   -0.8   -0.0
    14.564   -93.306   -0.3   -0.8   -0.0
    14.573   -93.306   -0.3   -0.8   -0.0
    14.582   -93.306   -0.3   -0.7   -0.0
    14.591   -93.306   -0.2   -0.7   -0.1
    14.600   -93.306   -0.2   -0.7   -0.1
    14.609   -93.306   -0.2   -0.7   -0.1
    14.618   -93.306   -0.2   -0.7   -0.1
    14.627   -93.306   -0.1   -0.6   -0.1
    14.636   -93.306   -0.1   -0.6   -0.1
    14.645   -93.306   -0.1   -0.6   -0.1
    14.654   -93.306   -0.1   -0.6   -0.1
    14.663   -93.306   -0.1   -0.6   -0.1
    14.672   -93.306   -0.1   -0.6   -0.1
    14.681   -93.306   -0.1   -0.6   -0.1
    14.690   -93.306   -0.0   -0.5   -0.1
    14.699   -93.306   -0.0   -0.5   -0.1
    14.708   -93.306   -0.0   -0.5   -0.1
    14.717   -93.306   -0.0   -0.5   -0.1
    14.726   -93.306   -0.0   -0.5   -0.1
    14.735   -93.306   -0.0   -0.5   -0.1
    14.744   -93.306    0.0   -0.5   -0.1
    14.753   -93.306    0.0   -0.5   -0.1
    13.854   -93.297    0.3    0.5    0.1
    13.863   -93.297    0.3    0.5    0.1
    13.872   -93.297    0.3    0.5    0.1
    13.881   -93.297    0.3    0.5    0.1
    13.890   -93.297    0.3    0.5    0.1
    13.899   -93.297    0.3    0.5    0.1
    13.908   -93.297    0.3    0.6    0.1
    13.917   -93.297    0.3    0.6    0.1
    13.926   -93.297    0.3    0.6    0.0
    13.935   -93.297    0.3    0.6    0.0
    13.944   -93.297    0.3    0.6    0.0
    13.953   -93.297    0.4    0.7    0.0
    13.962   -93.297    0.4    0.7    0.0
    13.971   -93.297    0.4    0.7    0.0
    13.980   -93.297    0.4    0.8    0.0
    13.989   -93.297    0.4    0.8    0.0
    13.998   -93.297    0.4    0.8    0.0
    14.007   -93.297    0.5    0.9    0.0
    14.016   -93.297    0.5    0.9    0.0
    14.024   -93.297    0.5    1.0    0.0
    14.033   -93.297    0.5    1.0    0.0
    14.042   -93.297    0.6    1.1    0.0
    14.051   -93.297    0.6    1.2    0.0
    14.060   -93.297    0.7    1.2    0.0
    14.069   -93.297    0.7    1.3    0.0
    14.078   -93.297    0.8    1.4    0.0
    14.087   -93.297    0.9    1.5    0.0
    14.096   -93.297    1.0    1.7    0.0
    14.105   -93.297    1.1    1.8    0.0
    14.114   -93.297    1.3    1.9    0.0
    14.123   -93.297    1.4    2.1    0.0
    14.132   -93.297    1.7    2.3    0.0
    14.141   -93.297    2.0    2.5    0.0
    14.150   -93.297    2.4    2.7    0.0
    14.159   -93.297    2.5    2.4    0.0
    14.168   -93.297  -13.8  -15.8    9.4
    14.177   -93.297  -15.8  -18.6    8.7
    14.186   -93.297  -16.0  -18.6    8.5
    14.195   -93.297  -16.4  -18.5    8.3
    14.204   -93.297  -17.4  -18.4    8.1
    14.213   -93.297  -19.0  -18.7    7.6
    14.222   -93.297  -20.6  -19.5    6.8
    14.231   -93.297  -21.8  -20.7    6.2
    14.240   -93.297  -22.1  -21.3    6.0
    14.249   -93.297  -21.7  -21.0    5.7
    14.258   -93.297  -20.7  -19.7    4.6
    14.267   -93.297  -19.1  -17.8    2.4
    14.276   -93.297  -17.1  -16.1   -0.8
    14.285   -93.297  -15.0  -15.1   -4.3
    14.294   -93.297  -12.9  -14.9   -6.6
    14.303   -93.297  -11.0  -14.8   -7.0
    14.312   -93.297   -9.0  -14.1   -5.7
    14.321   -93.297   -7.2  -12.8   -4.0
    14.330   -93.297   -5.8  -11.1   -2.5
    14.339   -93.297   -4.7   -9.4   -1.3
    14.348   -93.297   -4.0   -8.0   -0.5
    14.357   -93.297   -3.4   -6.8    0.1
    14.366   -93.297   -3.1   -5.8    0.4
    14.375   -93.297   -2.8   -4.9    0.7
    14.384   -93.297   -2.6   -4.2    0.9
    14.393   -93.297   -2.4   -3.7    1.0
    14.402   -93.297   -2.3   -3.2    1.0
    14.411   -93.297   -2.1   -2.7    1.0
    14.420   -93.297   -1.9   -2.4    0.9
    14.429   -93.297   -1.8   -2.1    0.8
    14.438   -93.297   -1.6   -1.9    0.7
    14.447   -93.297   -1.4   -1.7    0.6
    14.456   -93.297   -1.3   -1.5    0.5
    14.465   -93.297   -1.2   -1.4    0.4
    14.474   -93.297   -1.0   -1.3    0.4
    14.483   -93.297   -0.9   -1.2    0.3
    14.492   -93.297   -0.8   -1.2    0.2
    14.501   -93.297   -0.7   -1.1    0.2
    14.510   -93.297   -0.7   -1.1    0.1
    14.519   -93.297   -0.6   -1.0    0.1
    14.528   -93.297   -0.5   -1.0    0.1
    14.537   -93.297   -0.5   -1.0    0.0
    14.546   -93.297   -0.4   -0.9    0.0
    14.555   -93.297   -0.4   -0.9   -0.0
    14.564   -93.297   -0.3   -0.9   -0.0
    14.573   -93.297   -0.3   -0.8   -0.0
    14.582   -93.297   -0.3   -0.8   -0.0
    14.591   -93.297   -0.3   -0.8   -0.1
    14.600   -93.297   -0.2   -0.8   -0.1
    14.609   -93.297   -0.2   -0.7   -0.1
    14.618   -93.297   -0.2   -0.7   -0.1
    14.627   -93.297   -0.2   -0.7   -0.1
    14.636   -93.297   -0.1   -0.7   -0.1
    14.645   -93.297   -0.1   -0.6   -0.1
    14.654   -93.297   -0.1   -0.6   -0.1
    14.663   -93.297   -0.1   -0.6   -0.1
    14.672   -93.297   -0.1   -0.6   -0.1
    14.681   -93.297   -0.1   -0.6   -0.1
    14.690   -93.297   -0.0   -0.6   -0.1
    14.699   -93.297   -0.0   -0.6   -0.1
    14.708   -93.297   -0.0   -0.5   -0.1
    14.717   -93.297   -0.0   -0.5   -0.1
    14.726   -93.297   -0.0   -0.5   -0.1
    14.735   -93.297   -0.0   -0.5   -0.1
    14.744   -93.297    0.0   -0.5   -0.1
    14.753   -93.297    0.0   -0.5   -0.1
    13.854   -93.288    0.3    0.5    0.0
    13.863   -93.288    0.3    0.5    0.0
    13.872   -93.288    0.3    0.5    0.0
    13.881   -93.288    0.3    0.5    0.0
    13.890   -93.288    0.3    0.5    0.0
    13.899   -93.288    0.3    0.5    0.0
    13.908   -93.288    0.3    0.6    0.0
    13.917   -93.288    0.3    0.6    0.0
    13.926   -93.288    0.3    0.6    0.0
    13.935   -93.288    0.3    0.6    0.0
    13.944   -93.288    0.3    0.6    0.0
    13.953   -93.288    0.4    0.7    0.0
    13.962   -93.288    0.4    0.7    0.0
    13.971   -93.288    0.4    0.7    0.0
    13.980   -93.288    0.4    0.7    0.0
    13.989   -93.288    0.4    0.8    0.0
    13.998   -93.288    0.4    0.8    0.0
    14.007   -93.288    0.4    0.8    0.0
    14.016   -93.288    0.5    0.9    0.0
    14.024   -93.288    0.5    0.9    0.0
    14.033   -93.288    0.5    1.0    0.0
    14.042   -93.288    0.6    1.0    0.0
    14.051   -93.288    0.6    1.1    0.0
    14.060   -93.288    0.6    1.2    0.0
    14.069   -93.288    0.7    1.3    0.0
    14.078   -93.288    0.8    1.3    0.0
    14.087   -93.288    0.9    1.4   -0.0
    14.096   -93.288    0.9    1.5   -0.0
    14.105   -93.288    1.1    1.7   -0.0
    14.114   -93.288    1.2    1.8   -0.0
    14.123   -93.288    1.4    1.9   -0.1
    14.132   -93.288    1.6    2.1   -0.1
    14.141   -93.288    1.9    2.3   -0.1
    14.150   -93.288    2.3    2.4   -0.1
    14.159   -93.288    0.3   -1.3    0.9
    14.168   -93.288  -15.2  -18.4    8.8
    14.177   -93.288  -15.3  -18.6    8.6
    14.186   -93.288  -15.4  -18.3    8.4
    14.195   -93.288  -15.6  -18.0    8.2
    14.204   -93.288  -16.2  -17.7    7.9
    14.213   -93.288  -17.0  -17.4    7.4
    14.222   -93.288  -18.1  -17.4    6.7
    14.231   -93.288  -19.1  -17.5    5.7
    14.240   -93.288  -19.7  -17.7    4.5
    14.249   -93.288  -19.7  -17.7    3.2
    14.258   -93.288  -19.0  -17.1    1.5
    14.267   -93.288  -17.9  -16.0   -0.9
    14.276   -93.288  -16.5  -15.1   -4.0
    14.285   -93.288  -15.1  -15.0   -6.7
    14.294   -93.288  -13.5  -15.2   -7.7
    14.303   -93.288  -11.8  -15.1   -7.0
    14.312   -93.288   -9.8  -14.3   -5.4
    14.321   -93.288   -8.0  -12.9   -3.6
    14.330   -93.288   -6.5  -11.3   -2.2
    14.339   -93.288   -5.4   -9.7   -1.1
    14.348   -93.288   -4.5   -8.3   -0.3
    14.357   -93.288   -3.9   -7.1    0.3
    14.366   -93.288   -3.5   -6.1    0.7
    14.375   -93.288   -3.2   -5.3    0.9
    14.384   -93.288   -2.9   -4.6    1.1
    14.393   -93.288   -2.7   -3.9    1.2
    14.402   -93.288   -2.5   -3.4    1.3
    14.411   -93.288   -2.3   -2.9    1.2
    14.420   -93.288   -2.1   -2.6    1.1
    14.429   -93.288   -1.9   -2.3    1.0
    14.438   -93.288   -1.7   -2.0    0.9
    14.447   -93.288   -1.6   -1.8    0.8
    14.456   -93.288   -1.4   -1.7    0.6
    14.465   -93.288   -1.2   -1.5    0.5
    14.474   -93.288   -1.1   -1.4    0.4
    14.483   -93.288   -1.0   -1.4    0.3
    14.492   -93.288   -0.9   -1.3    0.3
    14.501   -93.288   -0.8   -1.2    0.2
    14.510   -93.288   -0.7   -1.2    0.2
    14.519   -93.288   -0.6   -1.1    0.1
    14.528   -93.288   -0.6   -1.1    0.1
    14.537   -93.288   -0.5   -1.0    0.0
    14.546   -93.288   -0.5   -1.0    0.0
    14.555   -93.288   -0.4   -1.0   -0.0
    14.564   -93.288   -0.4   -0.9   -0.0
    14.573   -93.288   -0.3   -0.9   -0.0
    14.582   -93.288   -0.3   -0.9   -0.0
    14.591   -93.288   -0.3   -0.8   -0.1
    14.600   -93.288   -0.2   -0.8   -0.1
    14.609   -93.288   -0.2   -0.8   -0.1
    14.618   -93.288   -0.2   -0.8   -0.1
    14.627   -93.288   -0.2   -0.7   -0.1
    14.636   -93.288   -0.1   -0.7   -0.1
    14.645   -93.288   -0.1   -0.7   -0.1
    14.654   -93.288   -0.1   -0.7   -0.1
    14.663   -93.288   -0.1   -0.7   -0.1
    14.672   -93.288   -0.1   -0.6   -0.1
    14.681   -93.288   -0.1   -0.6   -0.1
    14.690   -93.288   -0.0   -0.6   -0.1
    14.699   -93.288   -0.0   -0.6   -0.1
    14.708   -93.288   -0.0   -0.6   -0.1
    14.717   -93.288   -0.0   -0.6   -0.1
    14.726   -93.288   -0.0   -0.6   -0.1
    14.735   -93.288   -0.0   -0.5   -0.1
    14.744   -93.288    0.0   -0.5   -0.1
    14.753   -93.288    0.0   -0.5   -0.1
    13.854   -93.279    0.3    0.5    0.0
    13.863   -93.279    0.3    0.5    0.0
    13.872   -93.279    0.3    0.5    0.0
    13.881   -93.279    0.3    0.5    0.0
    13.890   -93.279    0.3    0.5    0.0
    13.899   -93.279    0.3    0.5    0.0
    13.908   -93.279    0.3    0.5    0.0
    13.917   -93.279    0.3    0.6    0.0
    13.926   -93.279    0.3    0.6    0.0
    13.935   -93.279    0.3    0.6    0.0
    13.944   -93.279    0.3    0.6    0.0
    13.953   -93.279    0.3    0.6    0.0
    13.962   -93.279    0.4    0.7    0.0
    13.971   -93.279    0.4    0.7    0.0
    13.980   -93.279    0.4    0.7    0.0
    13.989   -93.279    0.4    0.7    0.0
    13.998   -93.279    0.4    0.8    0.0
    14.007   -93.279    0.4    0.8    0.0
    14.016   -93.279    0.4    0.8    0.0
    14.024   -93.279    0.5    0.9    0.0
    14.033   -93.279    0.5    0.9    0.0
    14.042   -93.279    0.5    1.0   -0.0
    14.051   -93.279    0.6    1.1   -0.0
    14.060   -93.279    0.6    1.1   -0.0
    14.069   -93.279    0.7    1.2   -0.0
    14.078   -93.279    0.7    1.3   -0.0
    14.087   -93.279    0.8    1.3   -0.0
    14.096   -93.279    0.9    1.4   -0.1
    14.105   -93.279    1.0    1.5   -0.1
    14.114   -93.279    1.1    1.6   -0.1
    14.123   -93.279    1.3    1.7   -0.1
    14.132   -93.279    1.5    1.8   -0.2
    14.141   -93.279    1.7    1.8   -0.2
    14.150   -93.279    1.9    1.3   -0.2
    14.159   -93.279  -13.5  -17.8    8.7
    14.168   -93.279  -14.1  -18.5    8.4
    14.177   -93.279  -14.2  -18.3    8.2
    14.186   -93.279  -14.4  -17.9    8.0
    14.195   -93.279  -14.7  -17.5    7.8
    14.204   -93.279  -15.1  -17.0    7.5
    14.213   -93.279  -15.6  -16.5    7.1
    14.222   -93.279  -16.3  -16.1    6.4
    14.231   -93.279  -17.0  -15.6    5.4
    14.240   -93.279  -17.5  -15.2    3.9
    14.249   -93.279  -17.8  -14.8    1.9
    14.258   -93.279  -17.5  -14.4   -0.5
    14.267   -93.279  -16.9  -14.0   -3.3
    14.276   -93.279  -16.2  -14.1   -6.1
    14.285   -93.279  -15.2  -14.6   -7.7
    14.294   -93.279  -13.8  -15.0   -7.6
    14.303   -93.279  -12.1  -14.8   -6.3
    14.312   -93.279  -10.2  -13.9   -4.6
    14.321   -93.279   -8.5  -12.5   -3.0
    14.330   -93.279   -7.0  -11.1   -1.7
    14.339   -93.279   -5.8   -9.7   -0.8
    14.348   -93.279   -5.0   -8.4   -0.0
    14.357   -93.279   -4.3   -7.3    0.5
    14.366   -93.279   -3.9   -6.4    0.9
    14.375   -93.279   -3.5   -5.6    1.2
    14.384   -93.279   -3.2   -4.8    1.4
    14.393   -93.279   -3.0   -4.2    1.5
    14.402   -93.279   -2.7   -3.6    1.5
    14.411   -93.279   -2.5   -3.1    1.5
    14.420   -93.279   -2.3   -2.8    1.4
    14.429   -93.279   -2.1   -2.4    1.2
    14.438   -93.279   -1.9   -2.2    1.0
    14.447   -93.279   -1.7   -2.0    0.9
    14.456   -93.279   -1.5   -1.8    0.7
    14.465   -93.279   -1.3   -1.7    0.6
    14.474   -93.279   -1.2   -1.6    0.5
    14.483   -93.279   -1.0   -1.5    0.4
    14.492   -93.279   -0.9   -1.4    0.3
    14.501   -93.279   -0.8   -1.3    0.2
    14.510   -93.279   -0.7   -1.3    0.2
    14.519   -93.279   -0.7   -1.2    0.1
    14.528   -93.279   -0.6   -1.2    0.1
    14.537   -93.279   -0.5   -1.1    0.0
    14.546   -93.279   -0.5   -1.1    0.0
    14.555   -93.279   -0.4   -1.1    0.0
    14.564   -93.279   -0.4   -1.0   -0.0
    14.573   -93.279   -0.4   -1.0   -0.0
    14.582   -93.279   -0.3   -0.9   -0.0
    14.591   -93.279   -0.3   -0.9   -0.1
    14.600   -93.279   -0.3   -0.9   -0.1
    14.609   -93.279   -0.2   -0.8   -0.1
    14.618   -93.279   -0.2   -0.8   -0.1
    14.627   -93.279   -0.2   -0.8   -0.1
    14.636   -93.279   -0.2   -0.8   -0.1
    14.645   -93.279   -0.1   -0.7   -0.1
    14.654   -93.279   -0.1   -0.7   -0.1
    14.663   -93.279   -0.1   -0.7   -0.1
    14.672   -93.279   -0.1   -0.7   -0.1
    14.681   -93.279   -0.1   -0.7   -0.1
    14.690   -93.279   -0.1   -0.6   -0.1
    14.699   -93.279   -0.0   -0.6   -0.1
    14.708   -93.279   -0.0   -0.6   -0.1
    14.717   -93.279   -0.0   -0.6   -0.1
    14.726   -93.279   -0.0   -0.6   -0.1
    14.735   -93.279   -0.0   -0.6   -0.1
    14.744   -93.279    0.0   -0.6   -0.1
    14.753   -93.279    0.0   -0.6   -0.1
    13.854   -93.269    0.3    0.5    0.0
    13.863   -93.269    0.3    0.5    0.0
    13.872   -93.269    0.3    0.5    0.0
    13.881   -93.269    0.3    0.5    0.0
    13.890   -93.269    0.3    0.5    0.0
    13.899   -93.269    0.3    0.5    0.0
    13.908   -93.269    0.3    0.5    0.0
    13.917   -93.269    0.3    0.6    0.0
    13.926   -93.269    0.3    0.6    0.0
    13.935   -93.269    0.3    0.6    0.0
    13.944   -93.269    0.3    0.6    0.0
    13.953   -93.269    0.3    0.6    0.0
    13.962   -93.269    0.4    0.6    0.0
    13.971   -93.269    0.4    0.7    0.0
    13.980   -93.269    0.4    0.7    0.0
    13.989   -93.269    0.4    0.7    0.0
    13.998   -93.269    0.4    0.7    0.0
    14.007   -93.269    0.4    0.8   -0.0
    14.016   -93.269    0.4    0.8   -0.0
    14.024   -93.269    0.4    0.8   -0.0
    14.033   -93.269    0.5    0.9   -0.0
    14.042   -93.269    0.5    0.9   -0.0
    14.051   -93.269    0.5    1.0   -0.0
    14.060   -93.269    0.6    1.0   -0.0
    14.069   -93.269    0.6    1.1   -0.1
    14.078   -93.269    0.7    1.2   -0.1
    14.087   -93.269    0.8    1.2   -0.1
    14.096   -93.269    0.9    1.3   -0.1
    14.105   -93.269    1.0    1.4   -0.1
    14.114   -93.269    1.1    1.5   -0.2
    14.123   -93.269    1.2    1.5   -0.2
    14.132   -93.269    1.4    1.5   -0.3
    14.141   -93.269    1.5    1.2   -0.4
    14.150   -93.269   -2.4   -5.1    4.0
    14.159   -93.269   -6.3  -10.8    3.2
    14.168   -93.269  -10.4  -16.2    5.7
    14.177   -93.269  -12.0  -17.1    6.9
    14.186   -93.269  -12.8  -17.1    7.2
    14.195   -93.269  -13.3  -16.8    7.1
    14.204   -93.269  -13.8  -16.3    6.9
    14.213   -93.269  -14.3  -15.7    6.6
    14.222   -93.269  -14.8  -15.0    5.9
    14.231   -93.269  -15.2  -14.3    4.8
    14.240   -93.269  -15.6  -13.5    3.3
    14.249   -93.269  -15.9  -12.8    1.1
    14.258   -93.269  -16.0  -12.4   -1.6
    14.267   -93.269  -15.9  -12.4   -4.4
    14.276   -93.269  -15.6  -13.1   -6.6
    14.285   -93.269  -14.9  -13.9   -7.3
    14.294   -93.269  -13.6  -14.3   -6.6
    14.303   -93.269  -12.0  -14.0   -5.2
    14.312   -93.269  -10.2  -13.1   -3.7
    14.321   -93.269   -8.6  -11.9   -2.3
    14.330   -93.269   -7.2  -10.7   -1.3
    14.339   -93.269   -6.1   -9.5   -0.4
    14.348   -93.269   -5.3   -8.4    0.3
    14.357   -93.269   -4.7   -7.4    0.8
    14.366   -93.269   -4.2   -6.5    1.2
    14.375   -93.269   -3.8   -5.7    1.5
    14.384   -93.269   -3.5   -5.0    1.7
    14.393   -93.269   -3.2   -4.4    1.8
    14.402   -93.269   -2.9   -3.8    1.8
    14.411   -93.269   -2.7   -3.3    1.7
    14.420   -93.269   -2.4   -2.9    1.6
    14.429   -93.269   -2.2   -2.6    1.4
    14.438   -93.269   -2.0   -2.3    1.2
    14.447   -93.269   -1.8   -2.1    1.0
    14.456   -93.269   -1.6   -2.0    0.8
    14.465   -93.269   -1.4   -1.8    0.7
    14.474   -93.269   -1.2   -1.7    0.5
    14.483   -93.269   -1.1   -1.6    0.4
    14.492   -93.269   -1.0   -1.5    0.3
    14.501   -93.269   -0.9   -1.5    0.2
    14.510   -93.269   -0.8   -1.4    0.2
    14.519   -93.269   -0.7   -1.4    0.1
    14.528   -93.269   -0.6   -1.3    0.1
    14.537   -93.269   -0.6   -1.3    0.1
    14.546   -93.269   -0.5   -1.2    0.0
    14.555   -93.269   -0.5   -1.2    0.0
    14.564   -93.269   -0.4   -1.1   -0.0
    14.573   -93.269   -0.4   -1.1   -0.0
    14.582   -93.269   -0.3   -1.0   -0.0
    14.591   -93.269   -0.3   -1.0   -0.1
    14.600   -93.269   -0.3   -0.9   -0.1
    14.609   -93.269   -0.2   -0.9   -0.1
    14.618   -93.269   -0.2   -0.9   -0.1
    14.627   -93.269   -0.2   -0.8   -0.1
    14.636   -93.269   -0.2   -0.8   -0.1
    14.645   -93.269   -0.1   -0.8   -0.1
    14.654   -93.269   -0.1   -0.8   -0.1
    14.663   -93.269   -0.1   -0.7   -0.1
    14.672   -93.269   -0.1   -0.7   -0.1
    14.681   -93.269   -0.1   -0.7   -0.1
    14.690   -93.269   -0.1   -0.7   -0.1
    14.699   -93.269   -0.0   -0.7   -0.1
    14.708   -93.269   -0.0   -0.7   -0.1
    14.717   -93.269   -0.0   -0.6   -0.1
    14.726   -93.269   -0.0   -0.6   -0.1
    14.735   -93.269   -0.0   -0.6   -0.1
    14.744   -93.269    0.0   -0.6   -0.1
    14.753   -93.269    0.0   -0.6   -0.1
    13.854   -93.260    0.3    0.5    0.0
    13.863   -93.260    0.3    0.5    0.0
    13.872   -93.260    0.3    0.5    0.0
    13.881   -93.260    0.3    0.5    0.0
    13.890   -93.260    0.3    0.5    0.0
    13.899   -93.260    0.3    0.5    0.0
    13.908   -93.260    0.3    0.5    0.0
    13.917   -93.260    0.3    0.5    0.0
    13.926   -93.260    0.3    0.6    0.0
    13.935   -93.260    0.3    0.6    0.0
    13.944   -93.260    0.3    0.6    0.0
    13.953   -93.260    0.3    0.6    0.0
    13.962   -93.260    0.3    0.6    0.0
    13.971   -93.260    0.4    0.6    0.0
    13.980   -93.260    0.4    0.7   -0.0
    13.989   -93.260    0.4    0.7   -0.0
    13.998   -93.260    0.4    0.7   -0.0
    14.007   -93.260    0.4    0.7   -0.0
    14.016   -93.260    0.4    0.8   -0.0
    14.024   -93.260    0.4    0.8   -0.0
    14.033   -93.260    0.5    0.8   -0.0
    14.042   -93.260    0.5    0.9   -0.1
    14.051   -93.260    0.5    0.9   -0.1
    14.060   -93.260    0.5    1.0   -0.1
    14.069   -93.260    0.6    1.0   -0.1
    14.078   -93.260    0.7    1.1   -0.1
    14.087   -93.260    0.7    1.1   -0.1
    14.096   -93.260    0.8    1.2   -0.1
    14.105   -93.260    0.9    1.3   -0.2
    14.114   -93.260    1.1    1.3   -0.2
    14.123   -93.260    1.2    1.3   -0.2
    14.132   -93.260    1.3    1.2   -0.3
    14.141   -93.260    1.0    0.3   -0.3
    14.150   -93.260   -4.4   -7.7    2.8
    14.159   -93.260   -5.0   -8.7    2.8
    14.168   -93.260   -6.7  -10.5    3.2
    14.177   -93.260   -8.9  -13.4    4.1
    14.186   -93.260  -10.5  -15.0    5.2
    14.195   -93.260  -11.5  -15.4    5.8
    14.204   -93.260  -12.3  -15.2    5.9
    14.213   -93.260  -12.8  -14.7    5.7
    14.222   -93.260  -13.3  -14.0    5.1
    14.231   -93.260  -13.7  -13.1    4.1
    14.240   -93.260  -14.0  -12.2    2.5
    14.249   -93.260  -14.2  -11.5    0.3
    14.258   -93.260  -14.5  -11.2   -2.3
    14.267   -93.260  -14.7  -11.5   -4.6
    14.276   -93.260  -14.6  -12.3   -6.0
    14.285   -93.260  -14.1  -13.0   -6.1
    14.294   -93.260  -13.0  -13.2   -5.2
    14.303   -93.260  -11.5  -12.9   -4.0
    14.312   -93.260   -9.9  -12.1   -2.7
    14.321   -93.260   -8.5  -11.2   -1.6
    14.330   -93.260   -7.3  -10.2   -0.7
    14.339   -93.260   -6.3   -9.2    0.0
    14.348   -93.260   -5.5   -8.3    0.6
    14.357   -93.260   -4.9   -7.4    1.1
    14.366   -93.260   -4.4   -6.6    1.5
    14.375   -93.260   -4.0   -5.9    1.8
    14.384   -93.260   -3.6   -5.2    2.0
    14.393   -93.260   -3.3   -4.5    2.1
    14.402   -93.260   -3.0   -4.0    2.1
    14.411   -93.260   -2.8   -3.5    1.9
    14.420   -93.260   -2.5   -3.1    1.8
    14.429   -93.260   -2.3   -2.8    1.5
    14.438   -93.260   -2.1   -2.5    1.3
    14.447   -93.260   -1.8   -2.3    1.1
    14.456   -93.260   -1.7   -2.1    0.9
    14.465   -93.260   -1.5   -2.0    0.7
    14.474   -93.260   -1.3   -1.9    0.6
    14.483   -93.260   -1.2   -1.8    0.5
    14.492   -93.260   -1.0   -1.7    0.3
    14.501   -93.260   -0.9   -1.6    0.3
    14.510   -93.260   -0.8   -1.5    0.2
    14.519   -93.260   -0.7   -1.5    0.1
    14.528   -93.260   -0.7   -1.4    0.1
    14.537   -93.260   -0.6   -1.4    0.0
    14.546   -93.260   -0.5   -1.3    0.0
    14.555   -93.260   -0.5   -1.3    0.0
    14.564   -93.260   -0.5   -1.2   -0.0
    14.573   -93.260   -0.4   -1.2   -0.0
    14.582   -93.260   -0.4   -1.1   -0.0
    14.591   -93.260   -0.3   -1.1   -0.1
    14.600   -93.260   -0.3   -1.0   -0.1
    14.609   -93.260   -0.3   -1.0   -0.1
    14.618   -93.260   -0.2   -0.9   -0.1
    14.627   -93.260   -0.2   -0.9   -0.1
    14.636   -93.260   -0.2   -0.9   -0.1
    14.645   -93.260   -0.2   -0.8   -0.1
    14.654   -93.260   -0.1   -0.8   -0.1
    14.663   -93.260   -0.1   -0.8   -0.1
    14.672   -93.260   -0.1   -0.8   -0.1
    14.681   -93.260   -0.1   -0.7   -0.1
    14.690   -93.260   -0.1   -0.7   -0.1
    14.699   -93.260   -0.0   -0.7   -0.1
    14.708   -93.260   -0.0   -0.7   -0.1
    14.717   -93.260   -0.0   -0.7   -0.1
    14.726   -93.260   -0.0   -0.7   -0.1
    14.735   -93.260   -0.0   -0.6   -0.1
    14.744   -93.260    0.0   -0.6   -0.1
    14.753   -93.260    0.0   -0.6   -0.1
    13.854   -93.251    0.3    0.5    0.0
    13.863   -93.251    0.3    0.5    0.0
    13.872   -93.251    0.3    0.5    0.0
    13.881   -93.251    0.3    0.5    0.0
    13.890   -93.251    0.3    0.5    0.0
    13.899   -93.251    0.3    0.5    0.0
    13.908   -93.251    0.3    0.5    0.0
    13.917   -93.251    0.3    0.5    0.0
    13.926   -93.251    0.3    0.5    0.0
    13.935   -93.251    0.3    0.6    0.0
    13.944   -93.251    0.3    0.6    0.0
    13.953   -93.251    0.3    0.6    0.0
    13.962   -93.251    0.3    0.6    0.0
    13.971   -93.251    0.3    0.6   -0.0
    13.980   -93.251    0.4    0.6   -0.0
    13.989   -93.251    0.4    0.7   -0.0
    13.998   -93.251    0.4    0.7   -0.0
    14.007   -93.251    0.4    0.7   -0.0
    14.016   -93.251    0.4    0.7   -0.0
    14.024   -93.251    0.4    0.7   -0.1
    14.033   -93.251    0.4    0.8   -0.1
    14.042   -93.251    0.5    0.8   -0.1
    14.051   -93.251    0.5    0.8   -0.1
    14.060   -93.251    0.5    0.9   -0.1
    14.069   -93.251    0.6    0.9   -0.1
    14.078   -93.251    0.6    1.0   -0.1
    14.087   -93.251    0.7    1.0   -0.2
    14.096   -93.251    0.8    1.1   -0.2
    14.105   -93.251    0.9    1.1   -0.2
    14.114   -93.251    1.0    1.2   -0.2
    14.123   -93.251    1.2    1.2   -0.3
    14.132   -93.251    1.2    0.9   -0.3
    14.141   -93.251   -4.2   -6.9    2.9
    14.150   -93.251   -4.6   -7.8    2.8
    14.159   -93.251   -4.9   -8.2    2.8
    14.168   -93.251   -5.6   -8.8    2.8
    14.177   -93.251   -6.8  -10.0    3.0
    14.186   -93.251   -8.3  -11.6    3.4
    14.195   -93.251   -9.6  -12.9    4.0
    14.204   -93.251  -10.5  -13.4    4.4
    14.213   -93.251  -11.3  -13.3    4.4
    14.222   -93.251  -11.8  -12.7    4.0
    14.231   -93.251  -12.2  -12.0    3.0
    14.240   -93.251  -12.5  -11.1    1.4
    14.249   -93.251  -12.8  -10.5   -0.7
    14.258   -93.251  -13.1  -10.5   -2.8
    14.267   -93.251  -13.4  -11.0   -4.4
    14.276   -93.251  -13.4  -11.7   -5.0
    14.285   -93.251  -12.9  -12.1   -4.6
    14.294   -93.251  -12.0  -12.1   -3.8
    14.303   -93.251  -10.8  -11.8   -2.8
    14.312   -93.251   -9.5  -11.2   -1.8
    14.321   -93.251   -8.3  -10.4   -1.0
    14.330   -93.251   -7.2   -9.6   -0.2
    14.339   -93.251   -6.3   -8.8    0.4
    14.348   -93.251   -5.6   -8.0    1.0
    14.357   -93.251   -5.0   -7.3    1.4
    14.366   -93.251   -4.5   -6.6    1.8
    14.375   -93.251   -4.1   -5.9    2.1
    14.384   -93.251   -3.7   -5.3    2.3
    14.393   -93.251   -3.4   -4.6    2.3
    14.402   -93.251   -3.1   -4.1    2.3
    14.411   -93.251   -2.8   -3.6    2.1
    14.420   -93.251   -2.6   -3.2    1.9
    14.429   -93.251   -2.3   -2.9    1.7
    14.438   -93.251   -2.1   -2.7    1.4
    14.447   -93.251   -1.9   -2.5    1.2
    14.456   -93.251   -1.7   -2.3    1.0
    14.465   -93.251   -1.5   -2.1    0.8
    14.474   -93.251   -1.4   -2.0    0.6
    14.483   -93.251   -1.2   -1.9    0.5
    14.492   -93.251   -1.1   -1.8    0.4
    14.501   -93.251   -1.0   -1.8    0.3
    14.510   -93.251   -0.9   -1.7    0.2
    14.519   -93.251   -0.8   -1.6    0.1
    14.528   -93.251   -0.7   -1.6    0.1
    14.537   -93.251   -0.6   -1.5    0.0
    14.546   -93.251   -0.6   -1.4    0.0
    14.555   -93.251   -0.5   -1.4   -0.0
    14.564   -93.251   -0.5   -1.3   -0.0
    14.573   -93.251   -0.4   -1.2   -0.0
    14.582   -93.251   -0.4   -1.2   -0.0
    14.591   -93.251   -0.4   -1.1   -0.1
    14.600   -93.251   -0.3   -1.1   -0.1
    14.609   -93.251   -0.3   -1.0   -0.1
    14.618   -93.251   -0.3   -1.0   -0.1
    14.627   -93.251   -0.2   -1.0   -0.1
    14.636   -93.251   -0.2   -0.9   -0.1
    14.645   -93.251   -0.2   -0.9   -0.1
    14.654   -93.251   -0.1   -0.9   -0.1
    14.663   -93.251   -0.1   -0.8   -0.1
    14.672   -93.251   -0.1   -0.8   -0.1
    14.681   -93.251   -0.1   -0.8   -0.1
    14.690   -93.251   -0.1   -0.8   -0.1
    14.699   -93.251   -0.0   -0.7   -0.1
    14.708   -93.251   -0.0   -0.7   -0.1
    14.717   -93.251   -0.0   -0.7   -0.1
    14.726   -93.251   -0.0   -0.7   -0.1
    14.735   -93.251   -0.0   -0.7   -0.1
    14.744   -93.251    0.0   -0.7   -0.1
    14.753   -93.251    0.0   -0.7   -0.1
    13.854   -93.241    0.3    0.4    0.0
    13.863   -93.241    0.3    0.5    0.0
    13.872   -93.241    0.3    0.5    0.0
    13.881   -93.241    0.3    0.5    0.0
    13.890   -93.241    0.3    0.5    0.0
    13.899   -93.241    0.3    0.5    0.0
    13.908   -93.241    0.3    0.5    0.0
    13.917   -93.241    0.3    0.5    0.0
    13.926   -93.241    0.3    0.5    0.0
    13.935   -93.241    0.3    0.5    0.0
    13.944   -93.241    0.3    0.6    0.0
    13.953   -93.241    0.3    0.6   -0.0
    13.962   -93.241    0.3    0.6   -0.0
    13.971   -93.241    0.3    0.6   -0.0
    13.980   -93.241    0.3    0.6   -0.0
    13.989   -93.241    0.4    0.6   -0.0
    13.998   -93.241    0.4    0.6   -0.0
    14.007   -93.241    0.4    0.7   -0.1
    14.016   -93.241    0.4    0.7   -0.1
    14.024   -93.241    0.4    0.7   -0.1
    14.033   -93.241    0.4    0.7   -0.1
    14.042   -93.241    0.4    0.7   -0.1
    14.051   -93.241    0.5    0.8   -0.1
    14.060   -93.241    0.5    0.8   -0.1
    14.069   -93.241    0.5    0.8   -0.1
    14.078   -93.241    0.6    0.9   -0.2
    14.087   -93.241    0.6    0.9   -0.2
    14.096   -93.241    0.7    1.0   -0.2
    14.105   -93.241    0.8    1.0   -0.2
    14.114   -93.241    1.0    1.1   -0.3
    14.123   -93.241    1.1    1.0   -0.3
    14.132   -93.241   -0.8   -2.2    1.0
    14.141   -93.241   -4.6   -7.5    2.9
    14.150   -93.241   -4.6   -7.7    2.8
    14.159   -93.241   -4.8   -7.9    2.7
    14.168   -93.241   -5.2   -8.1    2.7
    14.177   -93.241   -5.9   -8.6    2.8
    14.186   -93.241   -6.8   -9.3    2.8
    14.195   -93.241   -7.9  -10.2    2.9
    14.204   -93.241   -8.9  -11.0    3.0
    14.213   -93.241   -9.8  -11.3    3.0
    14.222   -93.241  -10.4  -11.2    2.6
    14.231   -93.241  -10.9  -10.7    1.7
    14.240   -93.241  -11.2  -10.1    0.2
    14.249   -93.241  -11.6   -9.8   -1.6
    14.258   -93.241  -12.0  -10.0   -3.2
    14.267   -93.241  -12.2  -10.6   -4.0
    14.276   -93.241  -12.2  -11.0   -3.9
    14.285   -93.241  -11.7  -11.2   -3.3
    14.294   -93.241  -11.0  -11.1   -2.6
    14.303   -93.241  -10.0  -10.8   -1.8
    14.312   -93.241   -8.9  -10.3   -1.0
    14.321   -93.241   -8.0   -9.7   -0.3
    14.330   -93.241   -7.1   -9.1    0.3
    14.339   -93.241   -6.3   -8.4    0.8
    14.348   -93.241   -5.6   -7.8    1.3
    14.357   -93.241   -5.0   -7.1    1.7
    14.366   -93.241   -4.6   -6.5    2.1
    14.375   -93.241   -4.1   -5.9    2.4
    14.384   -93.241   -3.8   -5.3    2.5
    14.393   -93.241   -3.4   -4.7    2.5
    14.402   -93.241   -3.1   -4.2    2.4
    14.411   -93.241   -2.9   -3.7    2.2
    14.420   -93.241   -2.6   -3.4    2.0
    14.429   -93.241   -2.4   -3.1    1.7
    14.438   -93.241   -2.2   -2.8    1.5
    14.447   -93.241   -2.0   -2.6    1.2
    14.456   -93.241   -1.8   -2.5    1.0
    14.465   -93.241   -1.6   -2.3    0.8
    14.474   -93.241   -1.4   -2.2    0.6
    14.483   -93.241   -1.3   -2.1    0.5
    14.492   -93.241   -1.1   -2.0    0.3
    14.501   -93.241   -1.0   -1.9    0.2
    14.510   -93.241   -0.9   -1.8    0.2
    14.519   -93.241   -0.8   -1.8    0.1
    14.528   -93.241   -0.8   -1.7    0.1
    14.537   -93.241   -0.7   -1.6    0.0
    14.546   -93.241   -0.6   -1.5    0.0
    14.555   -93.241   -0.6   -1.5   -0.0
    14.564   -93.241   -0.5   -1.4   -0.0
    14.573   -93.241   -0.5   -1.3   -0.0
    14.582   -93.241   -0.4   -1.3   -0.0
    14.591   -93.241   -0.4   -1.2   -0.1
    14.600   -93.241   -0.4   -1.2   -0.1
    14.609   -93.241   -0.3   -1.1   -0.1
    14.618   -93.241   -0.3   -1.1   -0.1
    14.627   -93.241   -0.2   -1.0   -0.1
    14.636   -93.241   -0.2   -1.0   -0.1
    14.645   -93.241   -0.2   -0.9   -0.1
    14.654   -93.241   -0.2   -0.9   -0.1
    14.663   -93.241   -0.1   -0.9   -0.1
    14.672   -93.241   -0.1   -0.9   -0.1
    14.681   -93.241   -0.1   -0.8   -0.1
    14.690   -93.241   -0.1   -0.8   -0.2
    14.699   -93.241   -0.1   -0.8   -0.2
    14.708   -93.241   -0.0   -0.8   -0.2
    14.717   -93.241   -0.0   -0.8   -0.2
    14.726   -93.241   -0.0   -0.7   -0.2
    14.735   -93.241   -0.0   -0.7   -0.2
    14.744   -93.241    0.0   -0.7   -0.2
    14.753   -93.241    0.0   -0.7   -0.2
    13.854   -93.232    0.3    0.4    0.0
    13.863   -93.232    0.3    0.5    0.0
    13.872   -93.232    0.3    0.5    0.0
    13.881   -93.232    0.3    0.5    0.0
    13.890   -93.232    0.3    0.5    0.0
    13.899   -93.232    0.3    0.5    0.0
    13.908   -93.232    0.3    0.5    0.0
    13.917   -93.232    0.3    0.5    0.0
    13.926   -93.232    0.3    0.5    0.0
    13.935   -93.232    0.3    0.5    0.0
    13.944   -93.232    0.3    0.5   -0.0
    13.953   -93.232    0.3    0.5   -0.0
    13.962   -93.232    0.3    0.6   -0.0
    13.971   -93.232    0.3    0.6   -0.0
    13.980   -93.232    0.3    0.6   -0.0
    13.989   -93.232    0.3    0.6   -0.0
    13.998   -93.232    0.4    0.6   -0.1
    14.007   -93.232    0.4    0.6   -0.1
    14.016   -93.232    0.4    0.6   -0.1
    14.024   -93.232    0.4    0.6   -0.1
    14.033   -93.232    0.4    0.7   -0.1
    14.042   -93.232    0.4    0.7   -0.1
    14.051   -93.232    0.4    0.7   -0.1
    14.060   -93.232    0.5    0.7   -0.2
    14.069   -93.232    0.5    0.8   -0.2
    14.078   -93.232    0.5    0.8   -0.2
    14.087   -93.232    0.6    0.8   -0.2
    14.096   -93.232    0.7    0.8   -0.3
    14.105   -93.232    0.8    0.9   -0.3
    14.114   -93.232    0.9    0.9   -0.3
    14.123   -93.232    1.0    0.6   -0.2
    14.132   -93.232   -4.4   -7.2    3.0
    14.141   -93.232   -4.5   -7.5    2.8
    14.150   -93.232   -4.5   -7.6    2.8
    14.159   -93.232   -4.6   -7.6    2.7
    14.168   -93.232   -4.9   -7.7    2.6
    14.177   -93.232   -5.4   -7.8    2.6
    14.186   -93.232   -6.0   -8.0    2.5
    14.195   -93.232   -6.8   -8.4    2.4
    14.204   -93.232   -7.6   -8.8    2.2
    14.213   -93.232   -8.4   -9.2    1.9
    14.222   -93.232   -9.1   -9.3    1.4
    14.231   -93.232   -9.7   -9.2    0.4
    14.240   -93.232  -10.2   -9.0   -0.9
    14.249   -93.232  -10.6   -9.1   -2.4
    14.258   -93.232  -11.0   -9.6   -3.3
    14.267   -93.232  -11.2  -10.1   -3.4
    14.276   -93.232  -11.1  -10.3   -2.9
    14.285   -93.232  -10.6  -10.4   -2.3
    14.294   -93.232   -9.9  -10.2   -1.5
    14.303   -93.232   -9.2   -9.9   -0.9
    14.312   -93.232   -8.3   -9.5   -0.3
    14.321   -93.232   -7.6   -9.0    0.2
    14.330   -93.232   -6.8   -8.5    0.7
    14.339   -93.232   -6.1   -8.0    1.2
    14.348   -93.232   -5.5   -7.5    1.6
    14.357   -93.232   -5.0   -6.9    2.0
    14.366   -93.232   -4.5   -6.4    2.3
    14.375   -93.232   -4.1   -5.8    2.6
    14.384   -93.232   -3.8   -5.2    2.7
    14.393   -93.232   -3.4   -4.7    2.6
    14.402   -93.232   -3.1   -4.3    2.5
    14.411   -93.232   -2.9   -3.8    2.3
    14.420   -93.232   -2.6   -3.5    2.0
    14.429   -93.232   -2.4   -3.2    1.8
    14.438   -93.232   -2.2   -3.0    1.5
    14.447   -93.232   -2.0   -2.8    1.2
    14.456   -93.232   -1.8   -2.6    1.0
    14.465   -93.232   -1.6   -2.5    0.8
    14.474   -93.232   -1.5   -2.4    0.6
    14.483   -93.232   -1.3   -2.3    0.5
    14.492   -93.232   -1.2   -2.2    0.3
    14.501   -93.232   -1.1   -2.1    0.2
    14.510   -93.232   -1.0   -2.0    0.2
    14.519   -93.232   -0.9   -1.9    0.1
    14.528   -93.232   -0.8   -1.8    0.1
    14.537   -93.232   -0.8   -1.8    0.0
    14.546   -93.232   -0.7   -1.7    0.0
    14.555   -93.232   -0.6   -1.6   -0.0
    14.564   -93.232   -0.6   -1.5   -0.0
    14.573   -93.232   -0.5   -1.4   -0.0
    14.582   -93.232   -0.5   -1.4   -0.0
    14.591   -93.232   -0.4   -1.3   -0.1
    14.600   -93.232   -0.4   -1.2   -0.1
    14.609   -93.232   -0.3   -1.2   -0.1
    14.618   -93.232   -0.3   -1.1   -0.1
    14.627   -93.232   -0.3   -1.1   -0.1
    14.636   -93.232   -0.2   -1.0   -0.1
    14.645   -93.232   -0.2   -1.0   -0.1
    14.654   -93.232   -0.2   -1.0   -0.1
    14.663   -93.232   -0.1   -0.9   -0.1
    14.672   -93.232   -0.1   -0.9   -0.2
    14.681   -93.232   -0.1   -0.9   -0.2
    14.690   -93.232   -0.1   -0.9   -0.2
    14.699   -93.232   -0.1   -0.8   -0.2
    14.708   -93.232   -0.0   -0.8   -0.2
    14.717   -93.232   -0.0   -0.8   -0.2
    14.726   -93.232   -0.0   -0.8   -0.2
    14.735   -93.232   -0.0   -0.8   -0.2
    14.744   -93.232    0.0   -0.7   -0.2
    14.753   -93.232    0.0   -0.7   -0.2
    13.854   -93.223    0.3    0.4    0.0
    13.863   -93.223    0.3    0.5    0.0
    13.872   -93.223    0.3    0.5    0.0
    13.881   -93.223    0.3    0.5    0.0
    13.890   -93.223    0.3    0.5    0.0
    13.899   -93.223    0.3    0.5    0.0
    13.908   -93.223    0.3    0.5    0.0
    13.917   -93.223    0.3    0.5    0.0
    13.926   -93.223    0.3    0.5    0.0
    13.935   -93.223    0.3    0.5   -0.0
    13.944   -93.223    0.3    0.5   -0.0
    13.953   -93.223    0.3    0.5   -0.0
    13.962   -93.223    0.3    0.5   -0.0
    13.971   -93.223    0.3    0.5   -0.0
    13.980   -93.223    0.3    0.5   -0.0
    13.989   -93.223    0.3    0.6   -0.1
    13.998   -93.223    0.3    0.6   -0.1
    14.007   -93.223    0.3    0.6   -0.1
    14.016   -93.223    0.4    0.6   -0.1
    14.024   -93.223    0.4    0.6   -0.1
    14.033   -93.223    0.4    0.6   -0.1
    14.042   -93.223    0.4    0.6   -0.1
    14.051   -93.223    0.4    0.6   -0.2
    14.060   -93.223    0.4    0.6   -0.2
    14.069   -93.223    0.5    0.7   -0.2
    14.078   -93.223    0.5    0.7   -0.2
    14.087   -93.223    0.5    0.7   -0.3
    14.096   -93.223    0.6    0.7   -0.3
    14.105   -93.223    0.7    0.6   -0.3
    14.114   -93.223    0.8    0.5   -0.4
    14.123   -93.223   -3.2   -6.1    3.2
    14.132   -93.223   -4.0   -7.3    2.8
    14.141   -93.223   -4.1   -7.3    2.7
    14.150   -93.223   -4.3   -7.3    2.7
    14.159   -93.223   -4.4   -7.3    2.6
    14.168   -93.223   -4.6   -7.2    2.5
    14.177   -93.223   -5.0   -7.2    2.4
    14.186   -93.223   -5.4   -7.2    2.3
    14.195   -93.223   -6.0   -7.3    2.1
    14.204   -93.223   -6.7   -7.4    1.8
    14.213   -93.223   -7.3   -7.5    1.2
    14.222   -93.223   -8.0   -7.6    0.5
    14.231   -93.223   -8.6   -7.7   -0.6
    14.240   -93.223   -9.3   -7.9   -1.7
    14.249   -93.223   -9.8   -8.4   -2.7
    14.258   -93.223  -10.2   -9.0   -3.0
    14.267   -93.223  -10.2   -9.4   -2.6
    14.276   -93.223  -10.0   -9.5   -2.0
    14.285   -93.223   -9.6   -9.5   -1.3
    14.294   -93.223   -9.0   -9.3   -0.7
    14.303   -93.223   -8.4   -9.0   -0.2
    14.312   -93.223   -7.8   -8.7    0.3
    14.321   -93.223   -7.1   -8.4    0.8
    14.330   -93.223   -6.5   -8.0    1.2
    14.339   -93.223   -5.9   -7.6    1.6
    14.348   -93.223   -5.4   -7.1    2.0
    14.357   -93.223   -4.9   -6.7    2.3
    14.366   -93.223   -4.5   -6.2    2.6
    14.375   -93.223   -4.1   -5.7    2.7
    14.384   -93.223   -3.7   -5.2    2.8
    14.393   -93.223   -3.4   -4.7    2.7
    14.402   -93.223   -3.1   -4.3    2.5
    14.411   -93.223   -2.8   -3.9    2.3
    14.420   -93.223   -2.6   -3.6    2.0
    14.429   -93.223   -2.4   -3.3    1.8
    14.438   -93.223   -2.2   -3.1    1.5
    14.447   -93.223   -2.0   -2.9    1.2
    14.456   -93.223   -1.8   -2.8    1.0
    14.465   -93.223   -1.7   -2.7    0.8
    14.474   -93.223   -1.5   -2.5    0.6
    14.483   -93.223   -1.4   -2.4    0.4
    14.492   -93.223   -1.3   -2.3    0.3
    14.501   -93.223   -1.2   -2.2    0.2
    14.510   -93.223   -1.1   -2.2    0.1
    14.519   -93.223   -1.0   -2.1    0.1
    14.528   -93.223   -0.9   -2.0    0.1
    14.537   -93.223   -0.8   -1.9    0.0
    14.546   -93.223   -0.8   -1.8    0.0
    14.555   -93.223   -0.7   -1.7   -0.0
    14.564   -93.223   -0.6   -1.6   -0.0
    14.573   -93.223   -0.6   -1.5   -0.0
    14.582   -93.223   -0.5   -1.5   -0.0
    14.591   -93.223   -0.5   -1.4   -0.1
    14.600   -93.223   -0.4   -1.3   -0.1
    14.609   -93.223   -0.4   -1.3   -0.1
    14.618   -93.223   -0.3   -1.2   -0.1
    14.627   -93.223   -0.3   -1.2   -0.1
    14.636   -93.223   -0.3   -1.1   -0.1
    14.645   -93.223   -0.2   -1.1   -0.1
    14.654   -93.223   -0.2   -1.0   -0.2
    14.663   -93.223   -0.2   -1.0   -0.2
    14.672   -93.223   -0.1   -1.0   -0.2
    14.681   -93.223   -0.1   -0.9   -0.2
    14.690   -93.223   -0.1   -0.9   -0.2
    14.699   -93.223   -0.1   -0.9   -0.2
    14.708   -93.223   -0.0   -0.9   -0.2
    14.717   -93.223   -0.0   -0.8   -0.2
    14.726   -93.223   -0.0   -0.8   -0.2
    14.735   -93.223   -0.0   -0.8   -0.2
    14.744   -93.223   -0.0   -0.8   -0.2
    14.753   -93.223    0.0   -0.8   -0.2
    13.854   -93.214    0.3    0.4    0.0
    13.863   -93.214    0.3    0.4    0.0
    13.872   -93.214    0.3    0.5    0.0
    13.881   -93.214    0.3    0.5    0.0
    13.890   -93.214    0.3    0.5    0.0
    13.899   -93.214    0.3    0.5    0.0
    13.908   -93.214    0.3    0.5    0.0
    13.917   -93.214    0.3    0.5    0.0
    13.926   -93.214    0.3    0.5   -0.0
    13.935   -93.214    0.3    0.5   -0.0
    13.944   -93.214    0.3    0.5   -0.0
    13.953   -93.214    0.3    0.5   -0.0
    13.962   -93.214    0.3    0.5   -0.0
    13.971   -93.214    0.3    0.5   -0.0
    13.980   -93.214    0.3    0.5   -0.1
    13.989   -93.214    0.3    0.5   -0.1
    13.998   -93.214    0.3    0.5   -0.1
    14.007   -93.214    0.3    0.5   -0.1
    14.016   -93.214    0.3    0.5   -0.1
    14.024   -93.214    0.3    0.5   -0.1
    14.033   -93.214    0.4    0.6   -0.1
    14.042   -93.214    0.4    0.6   -0.2
    14.051   -93.214    0.4    0.6   -0.2
    14.060   -93.214    0.4    0.6   -0.2
    14.069   -93.214    0.4    0.6   -0.2
    14.078   -93.214    0.5    0.6   -0.3
    14.087   -93.214    0.5    0.5   -0.3
    14.096   -93.214    0.5    0.5   -0.3
    14.105   -93.214    0.6    0.4   -0.4
    14.114   -93.214    0.5   -0.1   -0.4
    14.123   -93.214   -0.7   -2.5    0.4
    14.132   -93.214   -2.3   -5.3    1.6
    14.141   -93.214   -3.3   -6.4    2.2
    14.150   -93.214   -3.7   -6.7    2.3
    14.159   -93.214   -4.0   -6.8    2.4
    14.168   -93.214   -4.3   -6.7    2.3
    14.177   -93.214   -4.6   -6.7    2.2
    14.186   -93.214   -5.0   -6.6    2.1
    14.195   -93.214   -5.4   -6.5    1.8
    14.204   -93.214   -5.9   -6.4    1.4
    14.213   -93.214   -6.5   -6.3    0.8
    14.222   -93.214   -7.1   -6.3   -0.1
    14.231   -93.214   -7.7   -6.5   -1.1
    14.240   -93.214   -8.4   -7.0   -2.0
    14.249   -93.214   -9.0   -7.6   -2.5
    14.258   -93.214   -9.2   -8.2   -2.4
    14.267   -93.214   -9.2   -8.6   -1.8
    14.276   -93.214   -9.0   -8.7   -1.2
    14.285   -93.214   -8.6   -8.6   -0.6
    14.294   -93.214   -8.1   -8.5   -0.0
    14.303   -93.214   -7.7   -8.3    0.4
    14.312   -93.214   -7.2   -8.0    0.9
    14.321   -93.214   -6.7   -7.8    1.3
    14.330   -93.214   -6.2   -7.5    1.6
    14.339   -93.214   -5.7   -7.2    2.0
    14.348   -93.214   -5.2   -6.8    2.3
    14.357   -93.214   -4.8   -6.4    2.5
    14.366   -93.214   -4.4   -5.9    2.7
    14.375   -93.214   -4.0   -5.5    2.8
    14.384   -93.214   -3.6   -5.1    2.8
    14.393   -93.214   -3.3   -4.6    2.7
    14.402   -93.214   -3.0   -4.3    2.5
    14.411   -93.214   -2.8   -4.0    2.2
    14.420   -93.214   -2.6   -3.7    2.0
    14.429   -93.214   -2.4   -3.5    1.7
    14.438   -93.214   -2.2   -3.3    1.4
    14.447   -93.214   -2.0   -3.1    1.2
    14.456   -93.214   -1.9   -2.9    0.9
    14.465   -93.214   -1.7   -2.8    0.7
    14.474   -93.214   -1.6   -2.7    0.5
    14.483   -93.214   -1.5   -2.6    0.4
    14.492   -93.214   -1.3   -2.5    0.3
    14.501   -93.214   -1.2   -2.4    0.2
    14.510   -93.214   -1.1   -2.3    0.1
    14.519   -93.214   -1.1   -2.2    0.1
    14.528   -93.214   -1.0   -2.1    0.0
    14.537   -93.214   -0.9   -2.0    0.0
    14.546   -93.214   -0.8   -1.9    0.0
    14.555   -93.214   -0.8   -1.8   -0.0
    14.564   -93.214   -0.7   -1.7   -0.0
    14.573   -93.214   -0.6   -1.6   -0.0
    14.582   -93.214   -0.6   -1.6   -0.0
    14.591   -93.214   -0.5   -1.5   -0.1
    14.600   -93.214   -0.5   -1.4   -0.1
    14.609   -93.214   -0.4   -1.3   -0.1
    14.618   -93.214   -0.4   -1.3   -0.1
    14.627   -93.214   -0.3   -1.2   -0.1
    14.636   -93.214   -0.3   -1.2   -0.1
    14.645   -93.214   -0.2   -1.1   -0.2
    14.654   -93.214   -0.2   -1.1   -0.2
    14.663   -93.214   -0.2   -1.0   -0.2
    14.672   -93.214   -0.1   -1.0   -0.2
    14.681   -93.214   -0.1   -1.0   -0.2
    14.690   -93.214   -0.1   -0.9   -0.2
    14.699   -93.214   -0.1   -0.9   -0.2
    14.708   -93.214   -0.0   -0.9   -0.2
    14.717   -93.214   -0.0   -0.9   -0.2
    14.726   -93.214   -0.0   -0.9   -0.2
    14.735   -93.214   -0.0   -0.8   -0.2
    14.744   -93.214   -0.0   -0.8   -0.2
    14.753   -93.214    0.0   -0.8   -0.2
    13.854   -93.204    0.3    0.4    0.0
    13.863   -93.204    0.3    0.4    0.0
    13.872   -93.204    0.3    0.5    0.0
    13.881   -93.204    0.3    0.5    0.0
    13.890   -93.204    0.3    0.5    0.0
    13.899   -93.204    0.3    0.5    0.0
    13.908   -93.204    0.3    0.5    0.0
    13.917   -93.204    0.3    0.5    0.0
    13.926   -93.204    0.3    0.5   -0.0
    13.935   -93.204    0.3    0.5   -0.0
    13.944   -93.204    0.3    0.5   -0.0
    13.953   -93.204    0.3    0.5   -0.0
    13.962   -93.204    0.3    0.5   -0.0
    13.971   -93.204    0.3    0.5   -0.0
    13.980   -93.204    0.3    0.5   -0.1
    13.989   -93.204    0.3    0.5   -0.1
    13.998   -93.204    0.3    0.5   -0.1
    14.007   -93.204    0.3    0.5   -0.1
    14.016   -93.204    0.3    0.5   -0.1
    14.024   -93.204    0.3    0.5   -0.1
    14.033   -93.204    0.3    0.5   -0.2
    14.042   -93.204    0.3    0.5   -0.2
    14.051   -93.204    0.4    0.5   -0.2
    14.060   -93.204    0.4    0.5   -0.2
    14.069   -93.204    0.4    0.5   -0.3
    14.078   -93.204    0.4    0.5   -0.3
    14.087   -93.204    0.5    0.4   -0.3
    14.096   -93.204    0.5    0.4   -0.4
    14.105   -93.204    0.5    0.2   -0.4
    14.114   -93.204   -0.7   -1.6    0.2
    14.123   -93.204   -0.8   -2.1    0.2
    14.132   -93.204   -1.1   -2.9    0.5
    14.141   -93.204   -1.9   -4.2    1.1
    14.150   -93.204   -2.7   -5.3    1.6
    14.159   -93.204   -3.3   -5.9    1.9
    14.168   -93.204   -3.8   -6.0    2.0
    14.177   -93.204   -4.1   -6.1    2.0
    14.186   -93.204   -4.5   -6.0    1.8
    14.195   -93.204   -4.9   -5.8    1.5
    14.204   -93.204   -5.3   -5.6    1.1
    14.213   -93.204   -5.8   -5.5    0.4
    14.222   -93.204   -6.3   -5.5   -0.5
    14.231   -93.204   -6.9   -5.8   -1.3
    14.240   -93.204   -7.6   -6.3   -1.9
    14.249   -93.204   -8.0   -6.9   -2.0
    14.258   -93.204   -8.2   -7.4   -1.7
    14.267   -93.204   -8.2   -7.7   -1.1
    14.276   -93.204   -8.0   -7.8   -0.5
    14.285   -93.204   -7.7   -7.8    0.0
    14.294   -93.204   -7.3   -7.7    0.5
    14.303   -93.204   -7.0   -7.6    0.9
    14.312   -93.204   -6.6   -7.4    1.3
    14.321   -93.204   -6.2   -7.2    1.7
    14.330   -93.204   -5.8   -7.0    2.0
    14.339   -93.204   -5.4   -6.7    2.3
    14.348   -93.204   -5.0   -6.4    2.6
    14.357   -93.204   -4.6   -6.1    2.8
    14.366   -93.204   -4.2   -5.7    2.9
    14.375   -93.204   -3.9   -5.3    2.9
    14.384   -93.204   -3.5   -4.9    2.8
    14.393   -93.204   -3.2   -4.6    2.6
    14.402   -93.204   -3.0   -4.2    2.4
    14.411   -93.204   -2.8   -4.0    2.2
    14.420   -93.204   -2.6   -3.7    1.9
    14.429   -93.204   -2.4   -3.5    1.6
    14.438   -93.204   -2.2   -3.4    1.3
    14.447   -93.204   -2.1   -3.2    1.1
    14.456   -93.204   -1.9   -3.1    0.8
    14.465   -93.204   -1.8   -3.0    0.6
    14.474   -93.204   -1.6   -2.9    0.5
    14.483   -93.204   -1.5   -2.8    0.3
    14.492   -93.204   -1.4   -2.7    0.2
    14.501   -93.204   -1.3   -2.6    0.2
    14.510   -93.204   -1.2   -2.5    0.1
    14.519   -93.204   -1.1   -2.4    0.1
    14.528   -93.204   -1.1   -2.3    0.0
    14.537   -93.204   -1.0   -2.2    0.0
    14.546   -93.204   -0.9   -2.0    0.0
    14.555   -93.204   -0.8   -1.9    0.0
    14.564   -93.204   -0.8   -1.8   -0.0
    14.573   -93.204   -0.7   -1.7   -0.0
    14.582   -93.204   -0.6   -1.6   -0.0
    14.591   -93.204   -0.6   -1.6   -0.1
    14.600   -93.204   -0.5   -1.5   -0.1
    14.609   -93.204   -0.5   -1.4   -0.1
    14.618   -93.204   -0.4   -1.3   -0.1
    14.627   -93.204   -0.4   -1.3   -0.1
    14.636   -93.204   -0.3   -1.2   -0.1
    14.645   -93.204   -0.3   -1.2   -0.2
    14.654   -93.204   -0.2   -1.1   -0.2
    14.663   -93.204   -0.2   -1.1   -0.2
    14.672   -93.204   -0.1   -1.1   -0.2
    14.681   -93.204   -0.1   -1.0   -0.2
    14.690   -93.204   -0.1   -1.0   -0.2
    14.699   -93.204   -0.1   -1.0   -0.2
    14.708   -93.204   -0.1   -0.9   -0.2
    14.717   -93.204   -0.0   -0.9   -0.2
    14.726   -93.204   -0.0   -0.9   -0.2
    14.735   -93.204   -0.0   -0.9   -0.2
    14.744   -93.204   -0.0   -0.9   -0.2
    14.753   -93.204   -0.0   -0.8   -0.2
    13.854   -93.195    0.3    0.4    0.0
    13.863   -93.195    0.3    0.4    0.0
    13.872   -93.195    0.3    0.5    0.0
    13.881   -93.195    0.3    0.5    0.0
    13.890   -93.195    0.3    0.5    0.0
    13.899   -93.195    0.3    0.5    0.0
    13.908   -93.195    0.3    0.5    0.0
    13.917   -93.195    0.3    0.5    0.0
    13.926   -93.195    0.3    0.5   -0.0
    13.935   -93.195    0.3    0.5   -0.0
    13.944   -93.195    0.3    0.5   -0.0
    13.953   -93.195    0.3    0.5   -0.0
    13.962   -93.195    0.3    0.5   -0.0
    13.971   -93.195    0.3    0.5   -0.1
    13.980   -93.195    0.3    0.5   -0.1
    13.989   -93.195    0.3    0.5   -0.1
    13.998   -93.195    0.3    0.5   -0.1
    14.007   -93.195    0.3    0.5   -0.1
    14.016   -93.195    0.3    0.5   -0.1
    14.024   -93.195    0.3    0.5   -0.2
    14.033   -93.195    0.3    0.5   -0.2
    14.042   -93.195    0.3    0.4   -0.2
    14.051   -93.195    0.3    0.4   -0.2
    14.060   -93.195    0.3    0.4   -0.2
    14.069   -93.195    0.4    0.4   -0.3
    14.078   -93.195    0.4    0.4   -0.3
    14.087   -93.195    0.4    0.3   -0.3
    14.096   -93.195    0.5    0.2   -0.4
    14.105   -93.195   -0.3   -0.8    0.7
    14.114   -93.195   -0.9   -1.7    0.2
    14.123   -93.195   -0.9   -1.9    0.2
    14.132   -93.195   -1.0   -2.3    0.3
    14.141   -93.195   -1.3   -2.9    0.5
    14.150   -93.195   -1.9   -3.7    0.9
    14.159   -93.195   -2.5   -4.5    1.2
    14.168   -93.195   -3.1   -5.0    1.5
    14.177   -93.195   -3.6   -5.2    1.5
    14.186   -93.195   -4.0   -5.2    1.4
    14.195   -93.195   -4.4   -5.1    1.2
    14.204   -93.195   -4.8   -4.9    0.7
    14.213   -93.195   -5.2   -4.8   -0.0
    14.222   -93.195   -5.7   -4.9   -0.8
    14.231   -93.195   -6.2   -5.3   -1.4
    14.240   -93.195   -6.8   -5.8   -1.6
    14.249   -93.195   -7.1   -6.3   -1.5
    14.258   -93.195   -7.3   -6.7   -1.0
    14.267   -93.195   -7.2   -6.9   -0.5
    14.276   -93.195   -7.1   -7.0    0.0
    14.285   -93.195   -6.8   -7.1    0.5
    14.294   -93.195   -6.6   -7.0    0.9
    14.303   -93.195   -6.3   -7.0    1.3
    14.312   -93.195   -6.0   -6.9    1.7
    14.321   -93.195   -5.7   -6.7    2.0
    14.330   -93.195   -5.4   -6.6    2.3
    14.339   -93.195   -5.1   -6.3    2.6
    14.348   -93.195   -4.7   -6.0    2.8
    14.357   -93.195   -4.4   -5.7    2.9
    14.366   -93.195   -4.0   -5.4    3.0
    14.375   -93.195   -3.7   -5.1    2.9
    14.384   -93.195   -3.4   -4.7    2.8
    14.393   -93.195   -3.2   -4.5    2.6
    14.402   -93.195   -2.9   -4.2    2.3
    14.411   -93.195   -2.7   -4.0    2.1
    14.420   -93.195   -2.6   -3.8    1.8
    14.429   -93.195   -2.4   -3.6    1.5
    14.438   -93.195   -2.2   -3.4    1.2
    14.447   -93.195   -2.1   -3.3    1.0
    14.456   -93.195   -2.0   -3.2    0.8
    14.465   -93.195   -1.8   -3.1    0.6
    14.474   -93.195   -1.7   -3.0    0.4
    14.483   -93.195   -1.6   -2.9    0.3
    14.492   -93.195   -1.5   -2.8    0.2
    14.501   -93.195   -1.4   -2.7    0.1
    14.510   -93.195   -1.3   -2.6    0.1
    14.519   -93.195   -1.2   -2.5    0.1
    14.528   -93.195   -1.1   -2.4    0.0
    14.537   -93.195   -1.1   -2.3    0.0
    14.546   -93.195   -1.0   -2.2    0.0
    14.555   -93.195   -0.9   -2.0    0.0
    14.564   -93.195   -0.8   -1.9    0.0
    14.573   -93.195   -0.8   -1.8   -0.0
    14.582   -93.195   -0.7   -1.7   -0.0
    14.591   -93.195   -0.6   -1.6   -0.0
    14.600   -93.195   -0.6   -1.5   -0.1
    14.609   -93.195   -0.5   -1.5   -0.1
    14.618   -93.195   -0.4   -1.4   -0.1
    14.627   -93.195   -0.4   -1.3   -0.1
    14.636   -93.195   -0.3   -1.3   -0.2
    14.645   -93.195   -0.3   -1.2   -0.2
    14.654   -93.195   -0.2   -1.2   -0.2
    14.663   -93.195   -0.2   -1.1   -0.2
    14.672   -93.195   -0.2   -1.1   -0.2
    14.681   -93.195   -0.1   -1.1   -0.2
    14.690   -93.195   -0.1   -1.0   -0.2
    14.699   -93.195   -0.1   -1.0   -0.2
    14.708   -93.195   -0.1   -1.0   -0.2
    14.717   -93.195   -0.0   -1.0   -0.2
    14.726   -93.195   -0.0   -0.9   -0.2
    14.735   -93.195   -0.0   -0.9   -0.2
    14.744   -93.195   -0.0   -0.9   -0.2
    14.753   -93.195   -0.0   -0.9   -0.2
    13.854   -93.186    0.3    0.4    0.0
    13.863   -93.186    0.3    0.4    0.0
    13.872   -93.186    0.3    0.5    0.0
    13.881   -93.186    0.3    0.5    0.0
    13.890   -93.186    0.3    0.5    0.0
    13.899   -93.186    0.3    0.5    0.0
    13.908   -93.186    0.3    0.5    0.0
    13.917   -93.186    0.3    0.5   -0.0
    13.926   -93.186    0.3    0.5   -0.0
    13.935   -93.186    0.4    0.5   -0.0
    13.944   -93.186    0.4    0.5   -0.0
    13.953   -93.186    0.4    0.5   -0.0
    13.962   -93.186    0.4    0.5   -0.0
    13.971   -93.186    0.4    0.5   -0.1
    13.980   -93.186    0.4    0.5   -0.1
    13.989   -93.186    0.3    0.5   -0.1
    13.998   -93.186    0.3    0.4   -0.1
    14.007   -93.186    0.3    0.4   -0.1
    14.016   -93.186    0.3    0.4   -0.1
    14.024   -93.186    0.3    0.4   -0.2
    14.033   -93.186    0.3    0.4   -0.2
    14.042   -93.186    0.3    0.4   -0.2
    14.051   -93.186    0.3    0.4   -0.2
    14.060   -93.186    0.3    0.4   -0.3
    14.069   -93.186    0.3    0.3   -0.3
    14.078   -93.186    0.4    0.3   -0.3
    14.087   -93.186    0.4    0.3   -0.3
    14.096   -93.186    0.4    0.1   -0.4
    14.105   -93.186   -0.9   -1.5    0.3
    14.114   -93.186   -0.9   -1.7    0.2
    14.123   -93.186   -0.9   -1.9    0.2
    14.132   -93.186   -1.0   -2.1    0.3
    14.141   -93.186   -1.2   -2.4    0.4
    14.150   -93.186   -1.5   -2.8    0.5
    14.159   -93.186   -1.9   -3.3    0.7
    14.168   -93.186   -2.5   -3.9    0.9
    14.177   -93.186   -3.0   -4.2    1.0
    14.186   -93.186   -3.5   -4.4    1.0
    14.195   -93.186   -3.9   -4.4    0.8
    14.204   -93.186   -4.3   -4.3    0.3
    14.213   -93.186   -4.7   -4.3   -0.4
    14.222   -93.186   -5.2   -4.5   -1.0
    14.231   -93.186   -5.7   -4.9   -1.4
    14.240   -93.186   -6.1   -5.3   -1.3
    14.249   -93.186   -6.3   -5.7   -1.0
    14.258   -93.186   -6.4   -6.0   -0.5
    14.267   -93.186   -6.3   -6.2   -0.1
    14.276   -93.186   -6.2   -6.3    0.4
    14.285   -93.186   -6.1   -6.4    0.9
    14.294   -93.186   -5.9   -6.4    1.3
    14.303   -93.186   -5.7   -6.4    1.7
    14.312   -93.186   -5.5   -6.4    2.0
    14.321   -93.186   -5.3   -6.3    2.3
    14.330   -93.186   -5.0   -6.1    2.6
    14.339   -93.186   -4.7   -5.9    2.8
    14.348   -93.186   -4.4   -5.7    3.0
    14.357   -93.186   -4.1   -5.4    3.0
    14.366   -93.186   -3.8   -5.1    3.0
    14.375   -93.186   -3.5   -4.8    2.9
    14.384   -93.186   -3.3   -4.6    2.7
    14.393   -93.186   -3.1   -4.3    2.5
    14.402   -93.186   -2.9   -4.1    2.2
    14.411   -93.186   -2.7   -3.9    1.9
    14.420   -93.186   -2.5   -3.8    1.6
    14.429   -93.186   -2.4   -3.6    1.4
    14.438   -93.186   -2.2   -3.5    1.1
    14.447   -93.186   -2.1   -3.4    0.9
    14.456   -93.186   -2.0   -3.3    0.7
    14.465   -93.186   -1.9   -3.2    0.5
    14.474   -93.186   -1.8   -3.1    0.3
    14.483   -93.186   -1.7   -3.0    0.2
    14.492   -93.186   -1.6   -3.0    0.2
    14.501   -93.186   -1.5   -2.9    0.1
    14.510   -93.186   -1.4   -2.7    0.1
    14.519   -93.186   -1.3   -2.6    0.1
    14.528   -93.186   -1.2   -2.5    0.1
    14.537   -93.186   -1.1   -2.4    0.1
    14.546   -93.186   -1.1   -2.3    0.0
    14.555   -93.186   -1.0   -2.1    0.0
    14.564   -93.186   -0.9   -2.0    0.0
    14.573   -93.186   -0.8   -1.9    0.0
    14.582   -93.186   -0.8   -1.8   -0.0
    14.591   -93.186   -0.7   -1.7   -0.0
    14.600   -93.186   -0.6   -1.6   -0.1
    14.609   -93.186   -0.5   -1.5   -0.1
    14.618   -93.186   -0.5   -1.5   -0.1
    14.627   -93.186   -0.4   -1.4   -0.1
    14.636   -93.186   -0.4   -1.3   -0.2
    14.645   -93.186   -0.3   -1.3   -0.2
    14.654   -93.186   -0.3   -1.2   -0.2
    14.663   -93.186   -0.2   -1.2   -0.2
    14.672   -93.186   -0.2   -1.2   -0.2
    14.681   -93.186   -0.1   -1.1   -0.3
    14.690   -93.186   -0.1   -1.1   -0.3
    14.699   -93.186   -0.1   -1.1   -0.3
    14.708   -93.186   -0.1   -1.0   -0.3
    14.717   -93.186   -0.1   -1.0   -0.3
    14.726   -93.186   -0.0   -1.0   -0.3
    14.735   -93.186   -0.0   -1.0   -0.3
    14.744   -93.186   -0.0   -0.9   -0.2
    14.753   -93.186   -0.0   -0.9   -0.2
    13.854   -93.176    0.3    0.4    0.0
    13.863   -93.176    0.3    0.4    0.0
    13.872   -93.176    0.3    0.5    0.0
    13.881   -93.176    0.3    0.5    0.0
    13.890   -93.176    0.3    0.5    0.0
    13.899   -93.176    0.3    0.5    0.0
    13.908   -93.176    0.3    0.5    0.0
    13.917   -93.176    0.4    0.5   -0.0
    13.926   -93.176    0.4    0.5   -0.0
    13.935   -93.176    0.4    0.5   -0.0
    13.944   -93.176    0.4    0.5   -0.0
    13.953   -93.176    0.4    0.5   -0.0
    13.962   -93.176    0.4    0.5   -0.0
    13.971   -93.176    0.4    0.5   -0.1
    13.980   -93.176    0.4    0.4   -0.1
    13.989   -93.176    0.4    0.4   -0.1
    13.998   -93.176    0.3    0.4   -0.1
    14.007   -93.176    0.3    0.4   -0.1
    14.016   -93.176    0.3    0.4   -0.2
    14.024   -93.176    0.3    0.4   -0.2
    14.033   -93.176    0.3    0.4   -0.2
    14.042   -93.176    0.3    0.3   -0.2
    14.051   -93.176    0.3    0.3   -0.3
    14.060   -93.176    0.3    0.3   -0.3
    14.069   -93.176    0.3    0.3   -0.3
    14.078   -93.176    0.3    0.2   -0.3
    14.087   -93.176    0.4    0.2   -0.3
    14.096   -93.176   -0.8   -1.3    0.3
    14.105   -93.176   -0.9   -1.6    0.3
    14.114   -93.176   -0.9   -1.7    0.2
    14.123   -93.176   -0.9   -1.8    0.2
    14.132   -93.176   -1.0   -1.9    0.2
    14.141   -93.176   -1.1   -2.1    0.3
    14.150   -93.176   -1.3   -2.3    0.3
    14.159   -93.176   -1.6   -2.6    0.4
    14.168   -93.176   -2.0   -3.0    0.5
    14.177   -93.176   -2.5   -3.3    0.6
    14.186   -93.176   -3.0   -3.5    0.6
    14.195   -93.176   -3.4   -3.6    0.3
    14.204   -93.176   -3.9   -3.6   -0.1
    14.213   -93.176   -4.3   -3.8   -0.7
    14.222   -93.176   -4.8   -4.1   -1.1
    14.231   -93.176   -5.2   -4.5   -1.2
    14.240   -93.176   -5.4   -4.9   -1.0
    14.249   -93.176   -5.6   -5.2   -0.6
    14.258   -93.176   -5.6   -5.4   -0.2
    14.267   -93.176   -5.6   -5.6    0.3
    14.276   -93.176   -5.5   -5.7    0.7
    14.285   -93.176   -5.4   -5.9    1.1
    14.294   -93.176   -5.3   -5.9    1.5
    14.303   -93.176   -5.2   -6.0    1.9
    14.312   -93.176   -5.0   -5.9    2.3
    14.321   -93.176   -4.8   -5.9    2.6
    14.330   -93.176   -4.6   -5.7    2.9
    14.339   -93.176   -4.4   -5.5    3.0
    14.348   -93.176   -4.1   -5.3    3.1
    14.357   -93.176   -3.9   -5.1    3.1
    14.366   -93.176   -3.6   -4.8    3.0
    14.375   -93.176   -3.4   -4.6    2.8
    14.384   -93.176   -3.2   -4.4    2.6
    14.393   -93.176   -3.0   -4.2    2.4
    14.402   -93.176   -2.8   -4.0    2.1
    14.411   -93.176   -2.6   -3.9    1.8
    14.420   -93.176   -2.5   -3.7    1.5
    14.429   -93.176   -2.4   -3.6    1.2
    14.438   -93.176   -2.2   -3.5    1.0
    14.447   -93.176   -2.1   -3.5    0.8
    14.456   -93.176   -2.0   -3.4    0.6
    14.465   -93.176   -1.9   -3.3    0.4
    14.474   -93.176   -1.8   -3.2    0.3
    14.483   -93.176   -1.7   -3.2    0.2
    14.492   -93.176   -1.7   -3.1    0.1
    14.501   -93.176   -1.6   -3.0    0.1
    14.510   -93.176   -1.5   -2.9    0.1
    14.519   -93.176   -1.4   -2.7    0.1
    14.528   -93.176   -1.3   -2.6    0.1
    14.537   -93.176   -1.2   -2.5    0.1
    14.546   -93.176   -1.1   -2.4    0.1
    14.555   -93.176   -1.1   -2.2    0.1
    14.564   -93.176   -1.0   -2.1    0.1
    14.573   -93.176   -0.9   -2.0    0.0
    14.582   -93.176   -0.8   -1.9    0.0
    14.591   -93.176   -0.7   -1.8   -0.0
    14.600   -93.176   -0.7   -1.7   -0.1
    14.609   -93.176   -0.6   -1.6   -0.1
    14.618   -93.176   -0.5   -1.5   -0.1
    14.627   -93.176   -0.4   -1.4   -0.1
    14.636   -93.176   -0.4   -1.4   -0.2
    14.645   -93.176   -0.3   -1.3   -0.2
    14.654   -93.176   -0.3   -1.3   -0.2
    14.663   -93.176   -0.2   -1.2   -0.2
    14.672   -93.176   -0.2   -1.2   -0.3
    14.681   -93.176   -0.2   -1.2   -0.3
    14.690   -93.176   -0.1   -1.1   -0.3
    14.699   -93.176   -0.1   -1.1   -0.3
    14.708   -93.176   -0.1   -1.1   -0.3
    14.717   -93.176   -0.1   -1.1   -0.3
    14.726   -93.176   -0.0   -1.0   -0.3
    14.735   -93.176   -0.0   -1.0   -0.3
    14.744   -93.176   -0.0   -1.0   -0.3
    14.753   -93.176   -0.0   -1.0   -0.3
    13.854   -93.167    0.3    0.4    0.0
    13.863   -93.167    0.3    0.5    0.0
    13.872   -93.167    0.3    0.5    0.0
    13.881   -93.167    0.3    0.5    0.0
    13.890   -93.167    0.3    0.5    0.0
    13.899   -93.167    0.3    0.5    0.0
    13.908   -93.167    0.4    0.5    0.0
    13.917   -93.167    0.4    0.5   -0.0
    13.926   -93.167    0.4    0.5   -0.0
    13.935   -93.167    0.4    0.5   -0.0
    13.944   -93.167    0.4    0.5   -0.0
    13.953   -93.167    0.4    0.5   -0.0
    13.962   -93.167    0.4    0.5   -0.1
    13.971   -93.167    0.4    0.4   -0.1
    13.980   -93.167    0.4    0.4   -0.1
    13.989   -93.167    0.4    0.4   -0.1
    13.998   -93.167    0.3    0.4   -0.1
    14.007   -93.167    0.3    0.4   -0.1
    14.016   -93.167    0.3    0.4   -0.2
    14.024   -93.167    0.3    0.3   -0.2
    14.033   -93.167    0.3    0.3   -0.2
    14.042   -93.167    0.3    0.3   -0.2
    14.051   -93.167    0.3    0.3   -0.3
    14.060   -93.167    0.3    0.2   -0.3
    14.069   -93.167    0.3    0.2   -0.3
    14.078   -93.167    0.3    0.1   -0.4
    14.087   -93.167    0.2   -0.3   -0.2
    14.096   -93.167   -0.8   -1.5    0.3
    14.105   -93.167   -0.8   -1.5    0.2
    14.114   -93.167   -0.8   -1.6    0.2
    14.123   -93.167   -0.9   -1.7    0.2
    14.132   -93.167   -1.0   -1.8    0.2
    14.141   -93.167   -1.1   -1.9    0.2
    14.150   -93.167   -1.2   -2.0    0.3
    14.159   -93.167   -1.5   -2.2    0.3
    14.168   -93.167   -1.8   -2.4    0.3
    14.177   -93.167   -2.2   -2.6    0.3
    14.186   -93.167   -2.6   -2.8    0.2
    14.195   -93.167   -3.1   -2.9    0.0
    14.204   -93.167   -3.5   -3.1   -0.3
    14.213   -93.167   -4.0   -3.3   -0.7
    14.222   -93.167   -4.4   -3.7   -0.9
    14.231   -93.167   -4.7   -4.1   -0.9
    14.240   -93.167   -4.9   -4.4   -0.6
    14.249   -93.167   -4.9   -4.7   -0.2
    14.258   -93.167   -5.0   -4.9    0.2
    14.267   -93.167   -4.9   -5.1    0.6
    14.276   -93.167   -4.9   -5.3    1.0
    14.285   -93.167   -4.8   -5.4    1.4
    14.294   -93.167   -4.8   -5.5    1.8
    14.303   -93.167   -4.7   -5.5    2.2
    14.312   -93.167   -4.6   -5.5    2.5
    14.321   -93.167   -4.4   -5.5    2.8
    14.330   -93.167   -4.2   -5.3    3.0
    14.339   -93.167   -4.0   -5.2    3.2
    14.348   -93.167   -3.8   -5.0    3.2
    14.357   -93.167   -3.6   -4.8    3.1
    14.366   -93.167   -3.4   -4.6    3.0
    14.375   -93.167   -3.2   -4.4    2.8
    14.384   -93.167   -3.0   -4.2    2.5
    14.393   -93.167   -2.9   -4.1    2.2
    14.402   -93.167   -2.7   -3.9    1.9
    14.411   -93.167   -2.6   -3.8    1.6
    14.420   -93.167   -2.5   -3.7    1.4
    14.429   -93.167   -2.4   -3.6    1.1
    14.438   -93.167   -2.2   -3.6    0.9
    14.447   -93.167   -2.2   -3.5    0.7
    14.456   -93.167   -2.1   -3.4    0.5
    14.465   -93.167   -2.0   -3.4    0.3
    14.474   -93.167   -1.9   -3.3    0.2
    14.483   -93.167   -1.8   -3.2    0.2
    14.492   -93.167   -1.7   -3.2    0.1
    14.501   -93.167   -1.7   -3.1    0.1
    14.510   -93.167   -1.6   -3.0    0.1
    14.519   -93.167   -1.5   -2.8    0.1
    14.528   -93.167   -1.4   -2.7    0.1
    14.537   -93.167   -1.3   -2.6    0.1
    14.546   -93.167   -1.2   -2.4    0.1
    14.555   -93.167   -1.1   -2.3    0.1
    14.564   -93.167   -1.0   -2.2    0.1
    14.573   -93.167   -1.0   -2.0    0.1
    14.582   -93.167   -0.9   -1.9    0.0
    14.591   -93.167   -0.8   -1.8   -0.0
    14.600   -93.167   -0.7   -1.7   -0.0
    14.609   -93.167   -0.6   -1.6   -0.1
    14.618   -93.167   -0.6   -1.6   -0.1
    14.627   -93.167   -0.5   -1.5   -0.2
    14.636   -93.167   -0.4   -1.4   -0.2
    14.645   -93.167   -0.4   -1.4   -0.2
    14.654   -93.167   -0.3   -1.3   -0.2
    14.663   -93.167   -0.3   -1.3   -0.3
    14.672   -93.167   -0.2   -1.3   -0.3
    14.681   -93.167   -0.2   -1.2   -0.3
    14.690   -93.167   -0.1   -1.2   -0.3
    14.699   -93.167   -0.1   -1.2   -0.3
    14.708   -93.167   -0.1   -1.1   -0.3
    14.717   -93.167   -0.1   -1.1   -0.3
    14.726   -93.167   -0.1   -1.1   -0.3
    14.735   -93.167   -0.0   -1.0   -0.3
    14.744   -93.167   -0.0   -1.0   -0.3
    14.753   -93.167   -0.0   -1.0   -0.3
    13.854   -93.158    0.3    0.4    0.0
    13.863   -93.158    0.3    0.5    0.0
    13.872   -93.158    0.3    0.5    0.0
    13.881   -93.158    0.3    0.5    0.0
    13.890   -93.158    0.3    0.5    0.0
    13.899   -93.158    0.4    0.5    0.0
    13.908   -93.158    0.4    0.5    0.0
    13.917   -93.158    0.4    0.5   -0.0
    13.926   -93.158    0.4    0.5   -0.0
    13.935   -93.158    0.4    0.5   -0.0
    13.944   -93.158    0.4    0.5   -0.0
    13.953   -93.158    0.4    0.5   -0.0
    13.962   -93.158    0.4    0.5   -0.1
    13.971   -93.158    0.4    0.4   -0.1
    13.980   -93.158    0.4    0.4   -0.1
    13.989   -93.158    0.4    0.4   -0.1
    13.998   -93.158    0.4    0.4   -0.1
    14.007   -93.158    0.3    0.4   -0.1
    14.016   -93.158    0.3    0.3   -0.2
    14.024   -93.158    0.3    0.3   -0.2
    14.033   -93.158    0.3    0.3   -0.2
    14.042   -93.158    0.3    0.3   -0.2
    14.051   -93.158    0.2    0.2   -0.3
    14.060   -93.158    0.2    0.2   -0.3
    14.069   -93.158    0.2    0.1   -0.3
    14.078   -93.158    0.2    0.0   -0.4
    14.087   -93.158    0.2   -0.1   -0.4
    14.096   -93.158   -0.1   -0.7   -0.3
    14.105   -93.158   -0.5   -1.3    0.0
    14.114   -93.158   -0.7   -1.5    0.1
    14.123   -93.158   -0.8   -1.6    0.1
    14.132   -93.158   -0.9   -1.6    0.2
    14.141   -93.158   -1.0   -1.7    0.2
    14.150   -93.158   -1.2   -1.8    0.2
    14.159   -93.158   -1.4   -1.9    0.2
    14.168   -93.158   -1.6   -2.0    0.2
    14.177   -93.158   -1.9   -2.2    0.2
    14.186   -93.158   -2.3   -2.3    0.1
    14.195   -93.158   -2.7   -2.4   -0.1
    14.204   -93.158   -3.2   -2.6   -0.4
    14.213   -93.158   -3.6   -3.0   -0.6
    14.222   -93.158   -4.0   -3.3   -0.7
    14.231   -93.158   -4.2   -3.7   -0.5
    14.240   -93.158   -4.3   -4.0   -0.3
    14.249   -93.158   -4.4   -4.3    0.1
    14.258   -93.158   -4.4   -4.5    0.4
    14.267   -93.158   -4.4   -4.7    0.8
    14.276   -93.158   -4.4   -4.8    1.2
    14.285   -93.158   -4.3   -5.0    1.6
    14.294   -93.158   -4.3   -5.1    2.0
    14.303   -93.158   -4.2   -5.2    2.3
    14.312   -93.158   -4.1   -5.2    2.7
    14.321   -93.158   -4.0   -5.1    3.0
    14.330   -93.158   -3.9   -5.0    3.2
    14.339   -93.158   -3.7   -4.8    3.2
    14.348   -93.158   -3.5   -4.6    3.2
    14.357   -93.158   -3.3   -4.5    3.1
    14.366   -93.158   -3.2   -4.3    2.9
    14.375   -93.158   -3.0   -4.2    2.7
    14.384   -93.158   -2.9   -4.0    2.4
    14.393   -93.158   -2.8   -3.9    2.1
    14.402   -93.158   -2.6   -3.8    1.8
    14.411   -93.158   -2.5   -3.7    1.5
    14.420   -93.158   -2.4   -3.7    1.2
    14.429   -93.158   -2.3   -3.6    1.0
    14.438   -93.158   -2.3   -3.6    0.8
    14.447   -93.158   -2.2   -3.5    0.6
    14.456   -93.158   -2.1   -3.5    0.4
    14.465   -93.158   -2.0   -3.4    0.3
    14.474   -93.158   -2.0   -3.4    0.2
    14.483   -93.158   -1.9   -3.3    0.2
    14.492   -93.158   -1.8   -3.2    0.1
    14.501   -93.158   -1.7   -3.1    0.1
    14.510   -93.158   -1.6   -3.0    0.1
    14.519   -93.158   -1.6   -2.9    0.1
    14.528   -93.158   -1.5   -2.8    0.2
    14.537   -93.158   -1.4   -2.6    0.2
    14.546   -93.158   -1.3   -2.5    0.2
    14.555   -93.158   -1.2   -2.4    0.1
    14.564   -93.158   -1.1   -2.2    0.1
    14.573   -93.158   -1.0   -2.1    0.1
    14.582   -93.158   -0.9   -2.0    0.1
    14.591   -93.158   -0.8   -1.9    0.0
    14.600   -93.158   -0.7   -1.8   -0.0
    14.609   -93.158   -0.7   -1.7   -0.1
    14.618   -93.158   -0.6   -1.6   -0.1
    14.627   -93.158   -0.5   -1.5   -0.2
    14.636   -93.158   -0.4   -1.5   -0.2
    14.645   -93.158   -0.4   -1.4   -0.2
    14.654   -93.158   -0.3   -1.4   -0.3
    14.663   -93.158   -0.3   -1.3   -0.3
    14.672   -93.158   -0.2   -1.3   -0.3
    14.681   -93.158   -0.2   -1.3   -0.3
    14.690   -93.158   -0.2   -1.2   -0.3
    14.699   -93.158   -0.1   -1.2   -0.3
    14.708   -93.158   -0.1   -1.2   -0.3
    14.717   -93.158   -0.1   -1.1   -0.3
    14.726   -93.158   -0.1   -1.1   -0.3
    14.735   -93.158   -0.1   -1.1   -0.3
    14.744   -93.158   -0.1   -1.1   -0.3
    14.753   -93.158   -0.0   -1.0   -0.3
    13.854   -93.149    0.3    0.5    0.0
    13.863   -93.149    0.3    0.5    0.0
    13.872   -93.149    0.3    0.5    0.0
    13.881   -93.149    0.3    0.5    0.0
    13.890   -93.149    0.4    0.5    0.0
    13.899   -93.149    0.4    0.5    0.0
    13.908   -93.149    0.4    0.5    0.0
    13.917   -93.149    0.4    0.5    0.0
    13.926   -93.149    0.4    0.5   -0.0
    13.935   -93.149    0.4    0.5   -0.0
    13.944   -93.149    0.4    0.5   -0.0
    13.953   -93.149    0.4    0.5   -0.0
    13.962   -93.149    0.4    0.5   -0.0
    13.971   -93.149    0.4    0.4   -0.1
    13.980   -93.149    0.4    0.4   -0.1
    13.989   -93.149    0.4    0.4   -0.1
    13.998   -93.149    0.4    0.4   -0.1
    14.007   -93.149    0.3    0.4   -0.2
    14.016   -93.149    0.3    0.3   -0.2
    14.024   -93.149    0.3    0.3   -0.2
    14.033   -93.149    0.3    0.3   -0.2
    14.042   -93.149    0.2    0.2   -0.3
    14.051   -93.149    0.2    0.2   -0.3
    14.060   -93.149    0.2    0.1   -0.3
    14.069   -93.149    0.2    0.1   -0.3
    14.078   -93.149    0.2    0.0   -0.4
    14.087   -93.149    0.2   -0.1   -0.4
    14.096   -93.149    0.1   -0.3   -0.4
    14.105   -93.149   -0.2   -0.6   -0.3
    14.114   -93.149   -0.4   -1.0   -0.2
    14.123   -93.149   -0.6   -1.3   -0.0
    14.132   -93.149   -0.8   -1.5    0.0
    14.141   -93.149   -0.9   -1.6    0.1
    14.150   -93.149   -1.1   -1.6    0.1
    14.159   -93.149   -1.3   -1.7    0.1
    14.168   -93.149   -1.5   -1.8    0.1
    14.177   -93.149   -1.8   -1.9    0.1
    14.186   -93.149   -2.1   -2.0   -0.0
    14.195   -93.149   -2.5   -2.1   -0.2
    14.204   -93.149   -2.9   -2.4   -0.3
    14.213   -93.149   -3.2   -2.7   -0.4
    14.222   -93.149   -3.5   -3.0   -0.4
    14.231   -93.149   -3.7   -3.3   -0.2
    14.240   -93.149   -3.8   -3.6    0.0
    14.249   -93.149   -3.9   -3.9    0.3
    14.258   -93.149   -3.9   -4.1    0.6
    14.267   -93.149   -3.9   -4.3    1.0
    14.276   -93.149   -3.9   -4.5    1.3
    14.285   -93.149   -3.8   -4.7    1.7
    14.294   -93.149   -3.8   -4.8    2.1
    14.303   -93.149   -3.8   -4.8    2.5
    14.312   -93.149   -3.7   -4.8    2.8
    14.321   -93.149   -3.6   -4.8    3.1
    14.330   -93.149   -3.5   -4.6    3.2
    14.339   -93.149   -3.4   -4.5    3.3
    14.348   -93.149   -3.2   -4.3    3.2
    14.357   -93.149   -3.1   -4.2    3.0
    14.366   -93.149   -3.0   -4.1    2.8
    14.375   -93.149   -2.9   -4.0    2.5
    14.384   -93.149   -2.7   -3.9    2.2
    14.393   -93.149   -2.6   -3.8    1.9
    14.402   -93.149   -2.6   -3.7    1.7
    14.411   -93.149   -2.5   -3.7    1.4
    14.420   -93.149   -2.4   -3.6    1.1
    14.429   -93.149   -2.3   -3.6    0.9
    14.438   -93.149   -2.3   -3.6    0.6
    14.447   -93.149   -2.2   -3.5    0.5
    14.456   -93.149   -2.1   -3.5    0.3
    14.465   -93.149   -2.1   -3.5    0.2
    14.474   -93.149   -2.0   -3.4    0.2
    14.483   -93.149   -1.9   -3.4    0.2
    14.492   -93.149   -1.9   -3.3    0.2
    14.501   -93.149   -1.8   -3.2    0.2
    14.510   -93.149   -1.7   -3.1    0.2
    14.519   -93.149   -1.6   -3.0    0.2
    14.528   -93.149   -1.5   -2.8    0.2
    14.537   -93.149   -1.4   -2.7    0.2
    14.546   -93.149   -1.4   -2.5    0.2
    14.555   -93.149   -1.3   -2.4    0.2
    14.564   -93.149   -1.2   -2.3    0.2
    14.573   -93.149   -1.1   -2.1    0.1
    14.582   -93.149   -1.0   -2.0    0.1
    14.591   -93.149   -0.9   -1.9    0.0
    14.600   -93.149   -0.8   -1.8   -0.0
    14.609   -93.149   -0.7   -1.7   -0.1
    14.618   -93.149   -0.6   -1.6   -0.1
    14.627   -93.149   -0.5   -1.6   -0.2
    14.636   -93.149   -0.5   -1.5   -0.2
    14.645   -93.149   -0.4   -1.5   -0.3
    14.654   -93.149   -0.3   -1.4   -0.3
    14.663   -93.149   -0.3   -1.4   -0.3
    14.672   -93.149   -0.2   -1.3   -0.3
    14.681   -93.149   -0.2   -1.3   -0.4
    14.690   -93.149   -0.2   -1.3   -0.4
    14.699   -93.149   -0.1   -1.3   -0.4
    14.708   -93.149   -0.1   -1.2   -0.4
    14.717   -93.149   -0.1   -1.2   -0.4
    14.726   -93.149   -0.1   -1.2   -0.4
    14.735   -93.149   -0.1   -1.1   -0.4
    14.744   -93.149   -0.1   -1.1   -0.3
    14.753   -93.149   -0.1   -1.1   -0.3
    13.854   -93.139    0.3    0.5    0.0
    13.863   -93.139    0.3    0.5    0.0
    13.872   -93.139    0.3    0.5    0.0
    13.881   -93.139    0.4    0.5    0.0
    13.890   -93.139    0.4    0.5    0.0
    13.899   -93.139    0.4    0.5    0.0
    13.908   -93.139    0.4    0.5    0.0
    13.917   -93.139    0.4    0.5    0.0
    13.926   -93.139    0.4    0.5   -0.0
    13.935   -93.139    0.4    0.5   -0.0
    13.944   -93.139    0.4    0.5   -0.0
    13.953   -93.139    0.4    0.5   -0.0
    13.962   -93.139    0.4    0.5   -0.0
    13.971   -93.139    0.4    0.5   -0.1
    13.980   -93.139    0.4    0.4   -0.1
    13.989   -93.139    0.4    0.4   -0.1
    13.998   -93.139    0.4    0.4   -0.1
    14.007   -93.139    0.4    0.3   -0.2
    14.016   -93.139    0.3    0.3   -0.2
    14.024   -93.139    0.3    0.3   -0.2
    14.033   -93.139    0.2    0.2   -0.2
    14.042   -93.139    0.2    0.2   -0.3
    14.051   -93.139    0.2    0.2   -0.3
    14.060   -93.139    0.2    0.1   -0.3
    14.069   -93.139    0.1    0.1   -0.3
    14.078   -93.139    0.1   -0.0   -0.4
    14.087   -93.139    0.1   -0.1   -0.4
    14.096   -93.139    0.0   -0.2   -0.4
    14.105   -93.139   -0.1   -0.4   -0.4
    14.114   -93.139   -0.2   -0.6   -0.3
    14.123   -93.139   -0.4   -0.9   -0.2
    14.132   -93.139   -0.6   -1.2   -0.1
    14.141   -93.139   -0.8   -1.3   -0.0
    14.150   -93.139   -1.0   -1.4    0.0
    14.159   -93.139   -1.2   -1.5    0.0
    14.168   -93.139   -1.4   -1.6    0.0
    14.177   -93.139   -1.6   -1.7   -0.0
    14.186   -93.139   -1.9   -1.8   -0.1
    14.195   -93.139   -2.2   -2.0   -0.2
    14.204   -93.139   -2.5   -2.2   -0.2
    14.213   -93.139   -2.8   -2.4   -0.2
    14.222   -93.139   -3.1   -2.7   -0.1
    14.231   -93.139   -3.2   -3.0    0.0
    14.240   -93.139   -3.3   -3.3    0.2
    14.249   -93.139   -3.4   -3.6    0.5
    14.258   -93.139   -3.4   -3.8    0.8
    14.267   -93.139   -3.4   -4.0    1.1
    14.276   -93.139   -3.4   -4.2    1.5
    14.285   -93.139   -3.4   -4.4    1.8
    14.294   -93.139   -3.4   -4.5    2.2
    14.303   -93.139   -3.3   -4.5    2.6
    14.312   -93.139   -3.3   -4.5    2.9
    14.321   -93.139   -3.2   -4.5    3.1
    14.330   -93.139   -3.1   -4.3    3.2
    14.339   -93.139   -3.0   -4.2    3.2
    14.348   -93.139   -2.9   -4.1    3.1
    14.357   -93.139   -2.8   -3.9    2.9
    14.366   -93.139   -2.8   -3.9    2.7
    14.375   -93.139   -2.7   -3.8    2.4
    14.384   -93.139   -2.6   -3.7    2.1
    14.393   -93.139   -2.5   -3.6    1.8
    14.402   -93.139   -2.5   -3.6    1.5
    14.411   -93.139   -2.4   -3.6    1.2
    14.420   -93.139   -2.4   -3.6    1.0
    14.429   -93.139   -2.3   -3.5    0.7
    14.438   -93.139   -2.3   -3.5    0.6
    14.447   -93.139   -2.2   -3.5    0.4
    14.456   -93.139   -2.2   -3.5    0.3
    14.465   -93.139   -2.1   -3.5    0.2
    14.474   -93.139   -2.0   -3.5    0.2
    14.483   -93.139   -2.0   -3.4    0.2
    14.492   -93.139   -1.9   -3.3    0.2
    14.501   -93.139   -1.8   -3.2    0.2
    14.510   -93.139   -1.8   -3.1    0.2
    14.519   -93.139   -1.7   -3.0    0.3
    14.528   -93.139   -1.6   -2.8    0.3
    14.537   -93.139   -1.5   -2.7    0.3
    14.546   -93.139   -1.4   -2.6    0.3
    14.555   -93.139   -1.3   -2.4    0.2
    14.564   -93.139   -1.2   -2.3    0.2
    14.573   -93.139   -1.1   -2.2    0.2
    14.582   -93.139   -1.0   -2.0    0.1
    14.591   -93.139   -0.9   -1.9    0.1
    14.600   -93.139   -0.8   -1.8   -0.0
    14.609   -93.139   -0.7   -1.7   -0.1
    14.618   -93.139   -0.7   -1.7   -0.1
    14.627   -93.139   -0.6   -1.6   -0.2
    14.636   -93.139   -0.5   -1.5   -0.2
    14.645   -93.139   -0.4   -1.5   -0.3
    14.654   -93.139   -0.4   -1.5   -0.3
    14.663   -93.139   -0.3   -1.4   -0.4
    14.672   -93.139   -0.3   -1.4   -0.4
    14.681   -93.139   -0.2   -1.4   -0.4
    14.690   -93.139   -0.2   -1.3   -0.4
    14.699   -93.139   -0.2   -1.3   -0.4
    14.708   -93.139   -0.1   -1.3   -0.4
    14.717   -93.139   -0.1   -1.2   -0.4
    14.726   -93.139   -0.1   -1.2   -0.4
    14.735   -93.139   -0.1   -1.2   -0.4
    14.744   -93.139   -0.1   -1.1   -0.4
    14.753   -93.139   -0.1   -1.1   -0.3
    13.854   -93.130    0.3    0.5    0.0
    13.863   -93.130    0.3    0.5    0.0
    13.872   -93.130    0.3    0.5    0.0
    13.881   -93.130    0.4    0.5    0.0
    13.890   -93.130    0.4    0.5    0.0
    13.899   -93.130    0.4    0.5    0.0
    13.908   -93.130    0.4    0.5    0.0
    13.917   -93.130    0.4    0.5    0.0
    13.926   -93.130    0.4    0.5    0.0
    13.935   -93.130    0.5    0.5   -0.0
    13.944   -93.130    0.5    0.5   -0.0
    13.953   -93.130    0.5    0.5   -0.0
    13.962   -93.130    0.5    0.5   -0.0
    13.971   -93.130    0.5    0.5   -0.1
    13.980   -93.130    0.5    0.4   -0.1
    13.989   -93.130    0.4    0.4   -0.1
    13.998   -93.130    0.4    0.4   -0.1
    14.007   -93.130    0.4    0.3   -0.2
    14.016   -93.130    0.3    0.3   -0.2
    14.024   -93.130    0.3    0.3   -0.2
    14.033   -93.130    0.2    0.2   -0.2
    14.042   -93.130    0.2    0.2   -0.3
    14.051   -93.130    0.1    0.2   -0.3
    14.060   -93.130    0.1    0.1   -0.3
    14.069   -93.130    0.1    0.1   -0.3
    14.078   -93.130    0.1   -0.0   -0.4
    14.087   -93.130    0.0   -0.1   -0.4
    14.096   -93.130   -0.0   -0.2   -0.4
    14.105   -93.130   -0.1   -0.3   -0.4
    14.114   -93.130   -0.2   -0.4   -0.3
    14.123   -93.130   -0.3   -0.6   -0.3
    14.132   -93.130   -0.5   -0.9   -0.2
    14.141   -93.130   -0.7   -1.1   -0.2
    14.150   -93.130   -0.9   -1.2   -0.1
    14.159   -93.130   -1.0   -1.3   -0.1
    14.168   -93.130   -1.2   -1.4   -0.1
    14.177   -93.130   -1.5   -1.5   -0.1
    14.186   -93.130   -1.7   -1.7   -0.1
    14.195   -93.130   -2.0   -1.8   -0.2
    14.204   -93.130   -2.2   -2.0   -0.1
    14.213   -93.130   -2.5   -2.3   -0.1
    14.222   -93.130   -2.7   -2.5    0.0
    14.231   -93.130   -2.8   -2.8    0.2
    14.240   -93.130   -2.9   -3.0    0.4
    14.249   -93.130   -3.0   -3.3    0.6
    14.258   -93.130   -3.0   -3.5    0.9
    14.267   -93.130   -3.0   -3.7    1.2
    14.276   -93.130   -3.0   -3.9    1.6
    14.285   -93.130   -3.0   -4.1    1.9
    14.294   -93.130   -3.0   -4.2    2.3
    14.303   -93.130   -3.0   -4.3    2.6
    14.312   -93.130   -2.9   -4.2    2.9
    14.321   -93.130   -2.8   -4.2    3.1
    14.330   -93.130   -2.8   -4.1    3.2
    14.339   -93.130   -2.7   -3.9    3.1
    14.348   -93.130   -2.7   -3.8    3.0
    14.357   -93.130   -2.6   -3.7    2.8
    14.366   -93.130   -2.6   -3.7    2.5
    14.375   -93.130   -2.5   -3.6    2.2
    14.384   -93.130   -2.5   -3.5    1.9
    14.393   -93.130   -2.4   -3.5    1.7
    14.402   -93.130   -2.4   -3.5    1.4
    14.411   -93.130   -2.4   -3.5    1.1
    14.420   -93.130   -2.3   -3.5    0.9
    14.429   -93.130   -2.3   -3.5    0.6
    14.438   -93.130   -2.3   -3.5    0.5
    14.447   -93.130   -2.2   -3.5    0.3
    14.456   -93.130   -2.2   -3.5    0.3
    14.465   -93.130   -2.1   -3.5    0.2
    14.474   -93.130   -2.1   -3.5    0.2
    14.483   -93.130   -2.0   -3.4    0.2
    14.492   -93.130   -2.0   -3.3    0.2
    14.501   -93.130   -1.9   -3.2    0.3
    14.510   -93.130   -1.8   -3.1    0.3
    14.519   -93.130   -1.7   -3.0    0.3
    14.528   -93.130   -1.6   -2.9    0.3
    14.537   -93.130   -1.5   -2.7    0.3
    14.546   -93.130   -1.4   -2.6    0.3
    14.555   -93.130   -1.3   -2.4    0.3
    14.564   -93.130   -1.2   -2.3    0.3
    14.573   -93.130   -1.1   -2.2    0.2
    14.582   -93.130   -1.0   -2.1    0.1
    14.591   -93.130   -0.9   -1.9    0.1
    14.600   -93.130   -0.9   -1.9    0.0
    14.609   -93.130   -0.8   -1.8   -0.1
    14.618   -93.130   -0.7   -1.7   -0.1
    14.627   -93.130   -0.6   -1.6   -0.2
    14.636   -93.130   -0.5   -1.6   -0.3
    14.645   -93.130   -0.5   -1.5   -0.3
    14.654   -93.130   -0.4   -1.5   -0.4
    14.663   -93.130   -0.3   -1.5   -0.4
    14.672   -93.130   -0.3   -1.4   -0.4
    14.681   -93.130   -0.3   -1.4   -0.4
    14.690   -93.130   -0.2   -1.4   -0.4
    14.699   -93.130   -0.2   -1.3   -0.4
    14.708   -93.130   -0.2   -1.3   -0.4
    14.717   -93.130   -0.1   -1.3   -0.4
    14.726   -93.130   -0.1   -1.3   -0.4
    14.735   -93.130   -0.1   -1.2   -0.4
    14.744   -93.130   -0.1   -1.2   -0.4
    14.753   -93.130   -0.1   -1.2   -0.4
    13.854   -93.121    0.3    0.5    0.0
    13.863   -93.121    0.3    0.5    0.0
    13.872   -93.121    0.4    0.5    0.0
    13.881   -93.121    0.4    0.5    0.0
    13.890   -93.121    0.4    0.5    0.0
    13.899   -93.121    0.4    0.5    0.0
    13.908   -93.121    0.4    0.5    0.0
    13.917   -93.121    0.5    0.5    0.0
    13.926   -93.121    0.5    0.5    0.0
    13.935   -93.121    0.5    0.5    0.0
    13.944   -93.121    0.5    0.5   -0.0
    13.953   -93.121    0.5    0.5   -0.0
    13.962   -93.121    0.5    0.5   -0.0
    13.971   -93.121    0.5    0.5   -0.0
    13.980   -93.121    0.5    0.5   -0.1
    13.989   -93.121    0.5    0.4   -0.1
    13.998   -93.121    0.4    0.4   -0.1
    14.007   -93.121    0.4    0.4   -0.2
    14.016   -93.121    0.3    0.3   -0.2
    14.024   -93.121    0.3    0.3   -0.2
    14.033   -93.121    0.2    0.2   -0.2
    14.042   -93.121    0.2    0.2   -0.3
    14.051   -93.121    0.1    0.1   -0.3
    14.060   -93.121    0.1    0.1   -0.3
    14.069   -93.121    0.0    0.0   -0.4
    14.078   -93.121    0.0   -0.0   -0.4
    14.087   -93.121   -0.0   -0.1   -0.4
    14.096   -93.121   -0.1   -0.2   -0.4
    14.105   -93.121   -0.1   -0.2   -0.4
    14.114   -93.121   -0.2   -0.4   -0.4
    14.123   -93.121   -0.3   -0.5   -0.3
    14.132   -93.121   -0.4   -0.6   -0.3
    14.141   -93.121   -0.6   -0.8   -0.2
    14.150   -93.121   -0.7   -1.0   -0.2
    14.159   -93.121   -0.9   -1.1   -0.2
    14.168   -93.121   -1.1   -1.3   -0.1
    14.177   -93.121   -1.3   -1.4   -0.1
    14.186   -93.121   -1.5   -1.5   -0.1
    14.195   -93.121   -1.8   -1.7   -0.1
    14.204   -93.121   -2.0   -1.9   -0.0
    14.213   -93.121   -2.2   -2.1    0.1
    14.222   -93.121   -2.3   -2.4    0.2
    14.231   -93.121   -2.4   -2.6    0.3
    14.240   -93.121   -2.5   -2.8    0.5
    14.249   -93.121   -2.6   -3.1    0.7
    14.258   -93.121   -2.6   -3.3    1.0
    14.267   -93.121   -2.6   -3.5    1.3
    14.276   -93.121   -2.6   -3.7    1.6
    14.285   -93.121   -2.6   -3.9    2.0
    14.294   -93.121   -2.6   -4.0    2.3
    14.303   -93.121   -2.6   -4.0    2.6
    14.312   -93.121   -2.5   -4.0    2.9
    14.321   -93.121   -2.5   -3.9    3.0
    14.330   -93.121   -2.5   -3.8    3.1
    14.339   -93.121   -2.4   -3.7    3.0
    14.348   -93.121   -2.4   -3.6    2.9
    14.357   -93.121   -2.4   -3.5    2.6
    14.366   -93.121   -2.4   -3.5    2.4
    14.375   -93.121   -2.4   -3.4    2.1
    14.384   -93.121   -2.4   -3.4    1.8
    14.393   -93.121   -2.3   -3.4    1.5
    14.402   -93.121   -2.3   -3.4    1.2
    14.411   -93.121   -2.3   -3.4    1.0
    14.420   -93.121   -2.3   -3.4    0.8
    14.429   -93.121   -2.3   -3.4    0.6
    14.438   -93.121   -2.2   -3.5    0.4
    14.447   -93.121   -2.2   -3.5    0.3
    14.456   -93.121   -2.2   -3.5    0.2
    14.465   -93.121   -2.1   -3.5    0.2
    14.474   -93.121   -2.1   -3.4    0.2
    14.483   -93.121   -2.0   -3.4    0.2
    14.492   -93.121   -2.0   -3.3    0.3
    14.501   -93.121   -1.9   -3.2    0.3
    14.510   -93.121   -1.8   -3.1    0.4
    14.519   -93.121   -1.7   -3.0    0.4
    14.528   -93.121   -1.7   -2.9    0.4
    14.537   -93.121   -1.6   -2.7    0.4
    14.546   -93.121   -1.5   -2.6    0.4
    14.555   -93.121   -1.4   -2.4    0.4
    14.564   -93.121   -1.3   -2.3    0.3
    14.573   -93.121   -1.2   -2.2    0.2
    14.582   -93.121   -1.1   -2.1    0.2
    14.591   -93.121   -1.0   -2.0    0.1
    14.600   -93.121   -0.9   -1.9    0.0
    14.609   -93.121   -0.8   -1.8   -0.1
    14.618   -93.121   -0.7   -1.7   -0.1
    14.627   -93.121   -0.6   -1.7   -0.2
    14.636   -93.121   -0.5   -1.6   -0.3
    14.645   -93.121   -0.5   -1.6   -0.3
    14.654   -93.121   -0.4   -1.5   -0.4
    14.663   -93.121   -0.4   -1.5   -0.4
    14.672   -93.121   -0.3   -1.5   -0.5
    14.681   -93.121   -0.3   -1.4   -0.5
    14.690   -93.121   -0.2   -1.4   -0.5
    14.699   -93.121   -0.2   -1.4   -0.5
    14.708   -93.121   -0.2   -1.4   -0.5
    14.717   -93.121   -0.2   -1.3   -0.5
    14.726   -93.121   -0.1   -1.3   -0.5
    14.735   -93.121   -0.1   -1.3   -0.4
    14.744   -93.121   -0.1   -1.2   -0.4
    14.753   -93.121   -0.1   -1.2   -0.4
    13.854   -93.111    0.3    0.5    0.0
    13.863   -93.111    0.3    0.5    0.0
    13.872   -93.111    0.4    0.5    0.0
    13.881   -93.111    0.4    0.5    0.0
    13.890   -93.111    0.4    0.5    0.0
    13.899   -93.111    0.4    0.5    0.0
    13.908   -93.111    0.4    0.6    0.0
    13.917   -93.111    0.5    0.6    0.0
    13.926   -93.111    0.5    0.6    0.0
    13.935   -93.111    0.5    0.6    0.0
    13.944   -93.111    0.5    0.6    0.0
    13.953   -93.111    0.5    0.6   -0.0
    13.962   -93.111    0.5    0.6   -0.0
    13.971   -93.111    0.5    0.5   -0.0
    13.980   -93.111    0.5    0.5   -0.1
    13.989   -93.111    0.5    0.5   -0.1
    13.998   -93.111    0.5    0.4   -0.1
    14.007   -93.111    0.4    0.4   -0.1
    14.016   -93.111    0.3    0.3   -0.2
    14.024   -93.111    0.3    0.3   -0.2
    14.033   -93.111    0.2    0.2   -0.3
    14.042   -93.111    0.1    0.2   -0.3
    14.051   -93.111    0.1    0.1   -0.3
    14.060   -93.111   -0.0    0.1   -0.3
    14.069   -93.111   -0.0    0.1   -0.4
    14.078   -93.111   -0.1   -0.0   -0.4
    14.087   -93.111   -0.1   -0.1   -0.4
    14.096   -93.111   -0.1   -0.1   -0.4
    14.105   -93.111   -0.2   -0.2   -0.4
    14.114   -93.111   -0.2   -0.3   -0.4
    14.123   -93.111   -0.3   -0.4   -0.3
    14.132   -93.111   -0.4   -0.5   -0.3
    14.141   -93.111   -0.5   -0.7   -0.3
    14.150   -93.111   -0.7   -0.8   -0.2
    14.159   -93.111   -0.8   -1.0   -0.2
    14.168   -93.111   -1.0   -1.1   -0.2
    14.177   -93.111   -1.2   -1.3   -0.2
    14.186   -93.111   -1.4   -1.4   -0.1
    14.195   -93.111   -1.6   -1.6   -0.1
    14.204   -93.111   -1.7   -1.8    0.0
    14.213   -93.111   -1.9   -2.0    0.1
    14.222   -93.111   -2.0   -2.2    0.3
    14.231   -93.111   -2.1   -2.4    0.4
    14.240   -93.111   -2.2   -2.6    0.6
    14.249   -93.111   -2.2   -2.9    0.8
    14.258   -93.111   -2.3   -3.1    1.1
    14.267   -93.111   -2.3   -3.3    1.3
    14.276   -93.111   -2.3   -3.5    1.6
    14.285   -93.111   -2.3   -3.6    2.0
    14.294   -93.111   -2.3   -3.7    2.3
    14.303   -93.111   -2.2   -3.7    2.6
    14.312   -93.111   -2.2   -3.7    2.8
    14.321   -93.111   -2.2   -3.6    2.9
    14.330   -93.111   -2.2   -3.6    2.9
    14.339   -93.111   -2.2   -3.5    2.8
    14.348   -93.111   -2.2   -3.4    2.7
    14.357   -93.111   -2.2   -3.3    2.5
    14.366   -93.111   -2.2   -3.3    2.2
    14.375   -93.111   -2.2   -3.3    1.9
    14.384   -93.111   -2.2   -3.3    1.6
    14.393   -93.111   -2.3   -3.3    1.4
    14.402   -93.111   -2.3   -3.3    1.1
    14.411   -93.111   -2.3   -3.3    0.9
    14.420   -93.111   -2.3   -3.3    0.7
    14.429   -93.111   -2.3   -3.4    0.5
    14.438   -93.111   -2.2   -3.4    0.4
    14.447   -93.111   -2.2   -3.4    0.3
    14.456   -93.111   -2.2   -3.4    0.2
    14.465   -93.111   -2.2   -3.4    0.2
    14.474   -93.111   -2.1   -3.4    0.3
    14.483   -93.111   -2.0   -3.4    0.3
    14.492   -93.111   -2.0   -3.3    0.3
    14.501   -93.111   -1.9   -3.2    0.4
    14.510   -93.111   -1.8   -3.1    0.4
    14.519   -93.111   -1.8   -3.0    0.5
    14.528   -93.111   -1.7   -2.8    0.5
    14.537   -93.111   -1.6   -2.7    0.5
    14.546   -93.111   -1.5   -2.6    0.4
    14.555   -93.111   -1.4   -2.4    0.4
    14.564   -93.111   -1.3   -2.3    0.3
    14.573   -93.111   -1.2   -2.2    0.3
    14.582   -93.111   -1.1   -2.1    0.2
    14.591   -93.111   -1.0   -2.0    0.1
    14.600   -93.111   -0.9   -1.9    0.0
    14.609   -93.111   -0.8   -1.8   -0.1
    14.618   -93.111   -0.7   -1.7   -0.2
    14.627   -93.111   -0.6   -1.7   -0.2
    14.636   -93.111   -0.6   -1.6   -0.3
    14.645   -93.111   -0.5   -1.6   -0.4
    14.654   -93.111   -0.4   -1.6   -0.4
    14.663   -93.111   -0.4   -1.5   -0.5
    14.672   -93.111   -0.3   -1.5   -0.5
    14.681   -93.111   -0.3   -1.5   -0.5
    14.690   -93.111   -0.3   -1.4   -0.5
    14.699   -93.111   -0.2   -1.4   -0.5
    14.708   -93.111   -0.2   -1.4   -0.5
    14.717   -93.111   -0.2   -1.4   -0.5
    14.726   -93.111   -0.2   -1.3   -0.5
    14.735   -93.111   -0.2   -1.3   -0.5
    14.744   -93.111   -0.1   -1.3   -0.4
    14.753   -93.111   -0.1   -1.2   -0.4
    13.854   -93.102    0.3    0.5    0.0
    13.863   -93.102    0.3    0.5    0.0
    13.872   -93.102    0.4    0.5    0.0
    13.881   -93.102    0.4    0.5    0.0
    13.890   -93.102    0.4    0.6    0.0
    13.899   -93.102    0.4    0.6    0.0
    13.908   -93.102    0.5    0.6    0.0
    13.917   -93.102    0.5    0.6    0.0
    13.926   -93.102    0.5    0.6    0.0
    13.935   -93.102    0.5    0.6    0.0
    13.944   -93.102    0.6    0.6    0.0
    13.953   -93.102    0.6    0.6    0.0
    13.962   -93.102    0.6    0.6   -0.0
    13.971   -93.102    0.6    0.6   -0.0
    13.980   -93.102    0.6    0.6   -0.0
    13.989   -93.102    0.6    0.5   -0.1
    13.998   -93.102    0.5    0.5   -0.1
    14.007   -93.102    0.4    0.4   -0.1
    14.016   -93.102    0.4    0.4   -0.2
    14.024   -93.102    0.2    0.3   -0.2
    14.033   -93.102    0.1    0.2   -0.3
    14.042   -93.102    0.0    0.2   -0.3
    14.051   -93.102   -0.0    0.2   -0.3
    14.060   -93.102   -0.1    0.1   -0.3
    14.069   -93.102   -0.1    0.1   -0.4
    14.078   -93.102   -0.1    0.0   -0.4
    14.087   -93.102   -0.2   -0.1   -0.4
    14.096   -93.102   -0.2   -0.1   -0.4
    14.105   -93.102   -0.2   -0.2   -0.4
    14.114   -93.102   -0.2   -0.3   -0.3
    14.123   -93.102   -0.3   -0.4   -0.3
    14.132   -93.102   -0.4   -0.5   -0.3
    14.141   -93.102   -0.5   -0.6   -0.3
    14.150   -93.102   -0.6   -0.7   -0.2
    14.159   -93.102   -0.7   -0.8   -0.2
    14.168   -93.102   -0.9   -1.0   -0.2
    14.177   -93.102   -1.1   -1.2   -0.2
    14.186   -93.102   -1.2   -1.3   -0.1
    14.195   -93.102   -1.4   -1.5   -0.0
    14.204   -93.102   -1.5   -1.7    0.1
    14.213   -93.102   -1.6   -1.9    0.2
    14.222   -93.102   -1.7   -2.1    0.3
    14.231   -93.102   -1.8   -2.3    0.5
    14.240   -93.102   -1.9   -2.5    0.6
    14.249   -93.102   -1.9   -2.7    0.8
    14.258   -93.102   -2.0   -2.9    1.1
    14.267   -93.102   -2.0   -3.1    1.3
    14.276   -93.102   -2.0   -3.3    1.6
    14.285   -93.102   -2.0   -3.4    1.9
    14.294   -93.102   -1.9   -3.5    2.2
    14.303   -93.102   -1.9   -3.5    2.5
    14.312   -93.102   -1.9   -3.5    2.6
    14.321   -93.102   -1.9   -3.4    2.7
    14.330   -93.102   -1.9   -3.3    2.7
    14.339   -93.102   -1.9   -3.3    2.6
    14.348   -93.102   -2.0   -3.2    2.5
    14.357   -93.102   -2.0   -3.2    2.3
    14.366   -93.102   -2.1   -3.1    2.0
    14.375   -93.102   -2.1   -3.1    1.8
    14.384   -93.102   -2.1   -3.1    1.5
    14.393   -93.102   -2.2   -3.1    1.2
    14.402   -93.102   -2.2   -3.2    1.0
    14.411   -93.102   -2.2   -3.2    0.8
    14.420   -93.102   -2.2   -3.2    0.6
    14.429   -93.102   -2.2   -3.3    0.4
    14.438   -93.102   -2.2   -3.3    0.3
    14.447   -93.102   -2.2   -3.4    0.3
    14.456   -93.102   -2.2   -3.4    0.3
    14.465   -93.102   -2.1   -3.4    0.3
    14.474   -93.102   -2.1   -3.4    0.3
    14.483   -93.102   -2.0   -3.3    0.3
    14.492   -93.102   -2.0   -3.3    0.4
    14.501   -93.102   -1.9   -3.2    0.4
    14.510   -93.102   -1.8   -3.1    0.5
    14.519   -93.102   -1.7   -2.9    0.5
    14.528   -93.102   -1.7   -2.8    0.5
    14.537   -93.102   -1.6   -2.7    0.5
    14.546   -93.102   -1.5   -2.5    0.5
    14.555   -93.102   -1.4   -2.4    0.4
    14.564   -93.102   -1.3   -2.3    0.4
    14.573   -93.102   -1.2   -2.2    0.3
    14.582   -93.102   -1.1   -2.0    0.2
    14.591   -93.102   -1.0   -1.9    0.1
    14.600   -93.102   -0.9   -1.9    0.0
    14.609   -93.102   -0.8   -1.8   -0.1
    14.618   -93.102   -0.7   -1.7   -0.2
    14.627   -93.102   -0.7   -1.7   -0.3
    14.636   -93.102   -0.6   -1.6   -0.3
    14.645   -93.102   -0.5   -1.6   -0.4
    14.654   -93.102   -0.5   -1.6   -0.5
    14.663   -93.102   -0.4   -1.6   -0.5
    14.672   -93.102   -0.4   -1.5   -0.5
    14.681   -93.102   -0.3   -1.5   -0.5
    14.690   -93.102   -0.3   -1.5   -0.6
    14.699   -93.102   -0.3   -1.5   -0.6
    14.708   -93.102   -0.2   -1.4   -0.5
    14.717   -93.102   -0.2   -1.4   -0.5
    14.726   -93.102   -0.2   -1.4   -0.5
    14.735   -93.102   -0.2   -1.3   -0.5
    14.744   -93.102   -0.2   -1.3   -0.5
    14.753   -93.102   -0.2   -1.3   -0.4
    13.854   -93.093    0.3    0.5    0.0
    13.863   -93.093    0.3    0.5    0.0
    13.872   -93.093    0.4    0.5    0.0
    13.881   -93.093    0.4    0.6    0.0
    13.890   -93.093    0.4    0.6    0.0
    13.899   -93.093    0.5    0.6    0.0
    13.908   -93.093    0.5    0.6    0.0
    13.917   -93.093    0.5    0.6    0.0
    13.926   -93.093    0.5    0.6    0.0
    13.935   -93.093    0.6    0.7    0.0
    13.944   -93.093    0.6    0.7    0.0
    13.953   -93.093    0.6    0.7    0.0
    13.962   -93.093    0.6    0.7    0.0
    13.971   -93.093    0.6    0.6   -0.0
    13.980   -93.093    0.6    0.6   -0.0
    13.989   -93.093    0.6    0.6   -0.1
    13.998   -93.093    0.6    0.5   -0.1
    14.007   -93.093    0.5    0.5   -0.1
    14.016   -93.093    0.4    0.4   -0.2
    14.024   -93.093    0.2    0.3   -0.2
    14.033   -93.093    0.1    0.3   -0.3
    14.042   -93.093   -0.0    0.2   -0.3
    14.051   -93.093   -0.1    0.2   -0.3
    14.060   -93.093   -0.2    0.1   -0.3
    14.069   -93.093   -0.2    0.1   -0.4
    14.078   -93.093   -0.3    0.0   -0.4
    14.087   -93.093   -0.3   -0.0   -0.4
    14.096   -93.093   -0.3   -0.1   -0.4
    14.105   -93.093   -0.3   -0.2   -0.3
    14.114   -93.093   -0.3   -0.3   -0.3
    14.123   -93.093   -0.3   -0.3   -0.3
    14.132   -93.093   -0.4   -0.4   -0.3
    14.141   -93.093   -0.5   -0.5   -0.3
    14.150   -93.093   -0.5   -0.6   -0.2
    14.159   -93.093   -0.7   -0.8   -0.2
    14.168   -93.093   -0.8   -0.9   -0.2
    14.177   -93.093   -0.9   -1.1   -0.1
    14.186   -93.093   -1.1   -1.2   -0.1
    14.195   -93.093   -1.2   -1.4    0.0
    14.204   -93.093   -1.3   -1.6    0.1
    14.213   -93.093   -1.4   -1.8    0.2
    14.222   -93.093   -1.5   -1.9    0.4
    14.231   -93.093   -1.6   -2.1    0.5
    14.240   -93.093   -1.6   -2.3    0.7
    14.249   -93.093   -1.7   -2.5    0.9
    14.258   -93.093   -1.7   -2.7    1.1
    14.267   -93.093   -1.7   -2.9    1.3
    14.276   -93.093   -1.7   -3.0    1.6
    14.285   -93.093   -1.7   -3.2    1.8
    14.294   -93.093   -1.7   -3.2    2.1
    14.303   -93.093   -1.6   -3.3    2.3
    14.312   -93.093   -1.6   -3.2    2.5
    14.321   -93.093   -1.6   -3.2    2.5
    14.330   -93.093   -1.7   -3.1    2.5
    14.339   -93.093   -1.7   -3.1    2.4
    14.348   -93.093   -1.8   -3.0    2.3
    14.357   -93.093   -1.9   -3.0    2.1
    14.366   -93.093   -1.9   -3.0    1.9
    14.375   -93.093   -2.0   -3.0    1.6
    14.384   -93.093   -2.0   -3.0    1.4
    14.393   -93.093   -2.1   -3.0    1.1
    14.402   -93.093   -2.1   -3.1    0.9
    14.411   -93.093   -2.2   -3.1    0.7
    14.420   -93.093   -2.2   -3.2    0.5
    14.429   -93.093   -2.2   -3.2    0.4
    14.438   -93.093   -2.2   -3.3    0.3
    14.447   -93.093   -2.2   -3.3    0.3
    14.456   -93.093   -2.2   -3.3    0.3
    14.465   -93.093   -2.1   -3.3    0.3
    14.474   -93.093   -2.1   -3.3    0.3
    14.483   -93.093   -2.0   -3.3    0.4
    14.492   -93.093   -2.0   -3.2    0.5
    14.501   -93.093   -1.9   -3.1    0.5
    14.510   -93.093   -1.8   -3.0    0.6
    14.519   -93.093   -1.7   -2.9    0.6
    14.528   -93.093   -1.6   -2.8    0.6
    14.537   -93.093   -1.6   -2.6    0.6
    14.546   -93.093   -1.5   -2.5    0.5
    14.555   -93.093   -1.4   -2.4    0.5
    14.564   -93.093   -1.3   -2.2    0.4
    14.573   -93.093   -1.2   -2.1    0.3
    14.582   -93.093   -1.1   -2.0    0.2
    14.591   -93.093   -1.0   -1.9    0.1
    14.600   -93.093   -0.9   -1.9    0.0
    14.609   -93.093   -0.8   -1.8   -0.1
    14.618   -93.093   -0.8   -1.7   -0.2
    14.627   -93.093   -0.7   -1.7   -0.3
    14.636   -93.093   -0.6   -1.7   -0.4
    14.645   -93.093   -0.6   -1.6   -0.4
    14.654   -93.093   -0.5   -1.6   -0.5
    14.663   -93.093   -0.4   -1.6   -0.5
    14.672   -93.093   -0.4   -1.6   -0.6
    14.681   -93.093   -0.4   -1.5   -0.6
    14.690   -93.093   -0.3   -1.5   -0.6
    14.699   -93.093   -0.3   -1.5   -0.6
    14.708   -93.093   -0.3   -1.5   -0.6
    14.717   -93.093   -0.2   -1.4   -0.6
    14.726   -93.093   -0.2   -1.4   -0.5
    14.735   -93.093   -0.2   -1.4   -0.5
    14.744   -93.093   -0.2   -1.3   -0.5
    14.753   -93.093   -0.2   -1.3   -0.5
    13.854   -93.084    0.3    0.5    0.0
    13.863   -93.084    0.4    0.5    0.0
    13.872   -93.084    0.4    0.6    0.0
    13.881   -93.084    0.4    0.6    0.0
    13.890   -93.084    0.4    0.6    0.0
    13.899   -93.084    0.5    0.6    0.0
    13.908   -93.084    0.5    0.6    0.0
    13.917   -93.084    0.5    0.7    0.0
    13.926   -93.084    0.6    0.7    0.0
    13.935   -93.084    0.6    0.7    0.0
    13.944   -93.084    0.6    0.7    0.0
    13.953   -93.084    0.7    0.7    0.0
    13.962   -93.084    0.7    0.7    0.0
    13.971   -93.084    0.7    0.7    0.0
    13.980   -93.084    0.7    0.7   -0.0
    13.989   -93.084    0.7    0.7   -0.0
    13.998   -93.084    0.6    0.6   -0.1
    14.007   -93.084    0.5    0.5   -0.1
    14.016   -93.084    0.4    0.4   -0.2
    14.024   -93.084    0.2    0.4   -0.2
    14.033   -93.084   -0.0    0.3   -0.3
    14.042   -93.084   -0.2    0.2   -0.3
    14.051   -93.084   -0.3    0.2   -0.3
    14.060   -93.084   -0.4    0.1   -0.3
    14.069   -93.084   -0.4    0.1   -0.3
    14.078   -93.084   -0.4    0.0   -0.3
    14.087   -93.084   -0.4   -0.0   -0.3
    14.096   -93.084   -0.4   -0.1   -0.3
    14.105   -93.084   -0.3   -0.2   -0.3
    14.114   -93.084   -0.3   -0.3   -0.3
    14.123   -93.084   -0.4   -0.3   -0.3
    14.132   -93.084   -0.4   -0.4   -0.3
    14.141   -93.084   -0.4   -0.5   -0.3
    14.150   -93.084   -0.5   -0.6   -0.2
    14.159   -93.084   -0.6   -0.7   -0.2
    14.168   -93.084   -0.7   -0.9   -0.2
    14.177   -93.084   -0.8   -1.0   -0.1
    14.186   -93.084   -0.9   -1.2   -0.0
    14.195   -93.084   -1.0   -1.3    0.0
    14.204   -93.084   -1.1   -1.5    0.1
    14.213   -93.084   -1.2   -1.6    0.2
    14.222   -93.084   -1.3   -1.8    0.4
    14.231   -93.084   -1.3   -2.0    0.5
    14.240   -93.084   -1.4   -2.2    0.7
    14.249   -93.084   -1.4   -2.4    0.8
    14.258   -93.084   -1.5   -2.5    1.0
    14.267   -93.084   -1.5   -2.7    1.3
    14.276   -93.084   -1.4   -2.8    1.5
    14.285   -93.084   -1.4   -2.9    1.7
    14.294   -93.084   -1.4   -3.0    1.9
    14.303   -93.084   -1.4   -3.0    2.1
    14.312   -93.084   -1.4   -3.0    2.2
    14.321   -93.084   -1.4   -3.0    2.3
    14.330   -93.084   -1.5   -2.9    2.3
    14.339   -93.084   -1.6   -2.9    2.2
    14.348   -93.084   -1.6   -2.9    2.1
    14.357   -93.084   -1.7   -2.8    1.9
    14.366   -93.084   -1.8   -2.8    1.7
    14.375   -93.084   -1.9   -2.8    1.5
    14.384   -93.084   -2.0   -2.9    1.2
    14.393   -93.084   -2.0   -2.9    1.0
    14.402   -93.084   -2.1   -2.9    0.8
    14.411   -93.084   -2.1   -3.0    0.6
    14.420   -93.084   -2.1   -3.1    0.5
    14.429   -93.084   -2.2   -3.1    0.4
    14.438   -93.084   -2.2   -3.2    0.3
    14.447   -93.084   -2.2   -3.2    0.3
    14.456   -93.084   -2.1   -3.2    0.3
    14.465   -93.084   -2.1   -3.3    0.4
    14.474   -93.084   -2.0   -3.2    0.4
    14.483   -93.084   -2.0   -3.2    0.5
    14.492   -93.084   -1.9   -3.1    0.5
    14.501   -93.084   -1.9   -3.0    0.6
    14.510   -93.084   -1.8   -2.9    0.6
    14.519   -93.084   -1.7   -2.8    0.6
    14.528   -93.084   -1.6   -2.7    0.6
    14.537   -93.084   -1.5   -2.6    0.6
    14.546   -93.084   -1.4   -2.4    0.6
    14.555   -93.084   -1.3   -2.3    0.5
    14.564   -93.084   -1.3   -2.2    0.4
    14.573   -93.084   -1.2   -2.1    0.3
    14.582   -93.084   -1.1   -2.0    0.2
    14.591   -93.084   -1.0   -1.9    0.1
    14.600   -93.084   -0.9   -1.8   -0.0
    14.609   -93.084   -0.8   -1.8   -0.1
    14.618   -93.084   -0.8   -1.7   -0.2
    14.627   -93.084   -0.7   -1.7   -0.3
    14.636   -93.084   -0.6   -1.7   -0.4
    14.645   -93.084   -0.6   -1.6   -0.5
    14.654   -93.084   -0.5   -1.6   -0.5
    14.663   -93.084   -0.5   -1.6   -0.6
    14.672   -93.084   -0.4   -1.6   -0.6
    14.681   -93.084   -0.4   -1.6   -0.6
    14.690   -93.084   -0.4   -1.5   -0.6
    14.699   -93.084   -0.3   -1.5   -0.6
    14.708   -93.084   -0.3   -1.5   -0.6
    14.717   -93.084   -0.3   -1.5   -0.6
    14.726   -93.084   -0.3   -1.4   -0.6
    14.735   -93.084   -0.2   -1.4   -0.5
    14.744   -93.084   -0.2   -1.4   -0.5
    14.753   -93.084   -0.2   -1.3   -0.5
    13.854   -93.074    0.3    0.5    0.0
    13.863   -93.074    0.4    0.5    0.0
    13.872   -93.074    0.4    0.6    0.0
    13.881   -93.074    0.4    0.6    0.0
    13.890   -93.074    0.4    0.6    0.0
    13.899   -93.074    0.5    0.6    0.0
    13.908   -93.074    0.5    0.7    0.1
    13.917   -93.074    0.6    0.7    0.1
    13.926   -93.074    0.6    0.7    0.1
    13.935   -93.074    0.6    0.8    0.1
    13.944   -93.074    0.7    0.8    0.1
    13.953   -93.074    0.7    0.8    0.1
    13.962   -93.074    0.8    0.8    0.0
    13.971   -93.074    0.8    0.8    0.0
    13.980   -93.074    0.8    0.8    0.0
    13.989   -93.074    0.8    0.8    0.0
    13.998   -93.074    0.7    0.8   -0.0
    14.007   -93.074    0.6    0.7   -0.1
    14.016   -93.074    0.4    0.5   -0.1
    14.024   -93.074    0.1    0.4   -0.2
    14.033   -93.074   -0.3    0.3   -0.3
    14.042   -93.074   -0.5    0.2   -0.3
    14.051   -93.074   -0.6    0.2   -0.3
    14.060   -93.074   -0.6    0.1   -0.3
    14.069   -93.074   -0.6    0.1   -0.3
    14.078   -93.074   -0.6    0.0   -0.3
    14.087   -93.074   -0.5   -0.1   -0.3
    14.096   -93.074   -0.5   -0.1   -0.3
    14.105   -93.074   -0.4   -0.2   -0.3
    14.114   -93.074   -0.4   -0.3   -0.3
    14.123   -93.074   -0.4   -0.4   -0.3
    14.132   -93.074   -0.4   -0.4   -0.3
    14.141   -93.074   -0.4   -0.5   -0.2
    14.150   -93.074   -0.5   -0.6   -0.2
    14.159   -93.074   -0.5   -0.7   -0.2
    14.168   -93.074   -0.6   -0.9   -0.1
    14.177   -93.074   -0.7   -1.0   -0.1
    14.186   -93.074   -0.8   -1.1   -0.0
    14.195   -93.074   -0.9   -1.3    0.1
    14.204   -93.074   -1.0   -1.4    0.1
    14.213   -93.074   -1.0   -1.6    0.2
    14.222   -93.074   -1.1   -1.7    0.4
    14.231   -93.074   -1.2   -1.9    0.5
    14.240   -93.074   -1.2   -2.1    0.6
    14.249   -93.074   -1.2   -2.2    0.8
    14.258   -93.074   -1.2   -2.4    1.0
    14.267   -93.074   -1.2   -2.5    1.2
    14.276   -93.074   -1.2   -2.6    1.4
    14.285   -93.074   -1.2   -2.7    1.6
    14.294   -93.074   -1.2   -2.8    1.8
    14.303   -93.074   -1.2   -2.8    1.9
    14.312   -93.074   -1.2   -2.8    2.0
    14.321   -93.074   -1.3   -2.8    2.0
    14.330   -93.074   -1.3   -2.8    2.0
    14.339   -93.074   -1.4   -2.7    2.0
    14.348   -93.074   -1.5   -2.7    1.8
    14.357   -93.074   -1.6   -2.7    1.7
    14.366   -93.074   -1.7   -2.7    1.5
    14.375   -93.074   -1.8   -2.7    1.3
    14.384   -93.074   -1.9   -2.7    1.1
    14.393   -93.074   -1.9   -2.8    0.9
    14.402   -93.074   -2.0   -2.8    0.8
    14.411   -93.074   -2.1   -2.9    0.6
    14.420   -93.074   -2.1   -3.0    0.5
    14.429   -93.074   -2.1   -3.0    0.4
    14.438   -93.074   -2.1   -3.1    0.4
    14.447   -93.074   -2.1   -3.1    0.3
    14.456   -93.074   -2.1   -3.2    0.4
    14.465   -93.074   -2.1   -3.2    0.4
    14.474   -93.074   -2.0   -3.1    0.5
    14.483   -93.074   -1.9   -3.1    0.5
    14.492   -93.074   -1.9   -3.0    0.6
    14.501   -93.074   -1.8   -3.0    0.6
    14.510   -93.074   -1.7   -2.9    0.7
    14.519   -93.074   -1.6   -2.8    0.7
    14.528   -93.074   -1.6   -2.6    0.7
    14.537   -93.074   -1.5   -2.5    0.6
    14.546   -93.074   -1.4   -2.4    0.6
    14.555   -93.074   -1.3   -2.3    0.5
    14.564   -93.074   -1.2   -2.2    0.4
    14.573   -93.074   -1.2   -2.1    0.3
    14.582   -93.074   -1.1   -2.0    0.2
    14.591   -93.074   -1.0   -1.9    0.1
    14.600   -93.074   -0.9   -1.8   -0.0
    14.609   -93.074   -0.8   -1.8   -0.1
    14.618   -93.074   -0.8   -1.7   -0.2
    14.627   -93.074   -0.7   -1.7   -0.3
    14.636   -93.074   -0.7   -1.7   -0.4
    14.645   -93.074   -0.6   -1.6   -0.5
    14.654   -93.074   -0.6   -1.6   -0.6
    14.663   -93.074   -0.5   -1.6   -0.6
    14.672   -93.074   -0.5   -1.6   -0.6
    14.681   -93.074   -0.4   -1.6   -0.7
    14.690   -93.074   -0.4   -1.6   -0.7
    14.699   -93.074   -0.4   -1.5   -0.6
    14.708   -93.074   -0.3   -1.5   -0.6
    14.717   -93.074   -0.3   -1.5   -0.6
    14.726   -93.074   -0.3   -1.5   -0.6
    14.735   -93.074   -0.3   -1.4   -0.6
    14.744   -93.074   -0.3   -1.4   -0.5
    14.753   -93.074   -0.2   -1.3   -0.5
    13.854   -93.065    0.3    0.5    0.0
    13.863   -93.065    0.4    0.6    0.0
    13.872   -93.065    0.4    0.6    0.0
    13.881   -93.065    0.4    0.6    0.0
    13.890   -93.065    0.5    0.6    0.0
    13.899   -93.065    0.5    0.7    0.1
    13.908   -93.065    0.5    0.7    0.1
    13.917   -93.065    0.6    0.7    0.1
    13.926   -93.065    0.6    0.8    0.1
    13.935   -93.065    0.7    0.8    0.1
    13.944   -93.065    0.7    0.8    0.1
    13.953   -93.065    0.8    0.9    0.1
    13.962   -93.065    0.8    0.9    0.1
    13.971   -93.065    0.8    0.9    0.1
    13.980   -93.065    0.9    1.0    0.1
    13.989   -93.065    0.9    1.0    0.0
    13.998   -93.065    0.9    1.0    0.0
    14.007   -93.065    0.8    0.9   -0.0
    14.016   -93.065    0.4    0.7   -0.1
    14.024   -93.065   -0.3    0.5   -0.2
    14.033   -93.065   -0.8    0.3   -0.3
    14.042   -93.065   -0.9    0.2   -0.2
    14.051   -93.065   -1.0    0.1   -0.2
    14.060   -93.065   -0.9    0.1   -0.2
    14.069   -93.065   -0.9    0.0   -0.2
    14.078   -93.065   -0.8   -0.0   -0.2
    14.087   -93.065   -0.7   -0.1   -0.3
    14.096   -93.065   -0.6   -0.2   -0.3
    14.105   -93.065   -0.5   -0.2   -0.3
    14.114   -93.065   -0.5   -0.3   -0.3
    14.123   -93.065   -0.4   -0.4   -0.3
    14.132   -93.065   -0.4   -0.5   -0.3
    14.141   -93.065   -0.4   -0.6   -0.2
    14.150   -93.065   -0.4   -0.7   -0.2
    14.159   -93.065   -0.5   -0.8   -0.2
    14.168   -93.065   -0.5   -0.9   -0.1
    14.177   -93.065   -0.6   -1.0   -0.1
    14.186   -93.065   -0.7   -1.1   -0.0
    14.195   -93.065   -0.8   -1.2    0.1
    14.204   -93.065   -0.8   -1.3    0.1
    14.213   -93.065   -0.9   -1.5    0.2
    14.222   -93.065   -0.9   -1.6    0.3
    14.231   -93.065   -1.0   -1.8    0.5
    14.240   -93.065   -1.0   -1.9    0.6
    14.249   -93.065   -1.1   -2.1    0.8
    14.258   -93.065   -1.1   -2.2    0.9
    14.267   -93.065   -1.1   -2.3    1.1
    14.276   -93.065   -1.1   -2.4    1.3
    14.285   -93.065   -1.1   -2.5    1.4
    14.294   -93.065   -1.1   -2.6    1.6
    14.303   -93.065   -1.1   -2.6    1.7
    14.312   -93.065   -1.1   -2.6    1.8
    14.321   -93.065   -1.1   -2.6    1.8
    14.330   -93.065   -1.2   -2.6    1.8
    14.339   -93.065   -1.3   -2.6    1.7
    14.348   -93.065   -1.4   -2.6    1.6
    14.357   -93.065   -1.5   -2.6    1.5
    14.366   -93.065   -1.6   -2.6    1.4
    14.375   -93.065   -1.7   -2.6    1.2
    14.384   -93.065   -1.8   -2.6    1.0
    14.393   -93.065   -1.9   -2.7    0.9
    14.402   -93.065   -1.9   -2.7    0.7
    14.411   -93.065   -2.0   -2.8    0.6
    14.420   -93.065   -2.0   -2.9    0.5
    14.429   -93.065   -2.1   -2.9    0.4
    14.438   -93.065   -2.1   -3.0    0.4
    14.447   -93.065   -2.1   -3.0    0.4
    14.456   -93.065   -2.0   -3.1    0.4
    14.465   -93.065   -2.0   -3.1    0.4
    14.474   -93.065   -1.9   -3.0    0.5
    14.483   -93.065   -1.9   -3.0    0.6
    14.492   -93.065   -1.8   -3.0    0.6
    14.501   -93.065   -1.8   -2.9    0.7
    14.510   -93.065   -1.7   -2.8    0.7
    14.519   -93.065   -1.6   -2.7    0.7
    14.528   -93.065   -1.5   -2.6    0.7
    14.537   -93.065   -1.4   -2.4    0.7
    14.546   -93.065   -1.4   -2.3    0.6
    14.555   -93.065   -1.3   -2.2    0.5
    14.564   -93.065   -1.2   -2.1    0.4
    14.573   -93.065   -1.1   -2.0    0.3
    14.582   -93.065   -1.1   -1.9    0.2
    14.591   -93.065   -1.0   -1.9    0.1
    14.600   -93.065   -0.9   -1.8   -0.0
    14.609   -93.065   -0.9   -1.8   -0.2
    14.618   -93.065   -0.8   -1.7   -0.3
    14.627   -93.065   -0.7   -1.7   -0.4
    14.636   -93.065   -0.7   -1.7   -0.5
    14.645   -93.065   -0.6   -1.7   -0.5
    14.654   -93.065   -0.6   -1.6   -0.6
    14.663   -93.065   -0.5   -1.6   -0.6
    14.672   -93.065   -0.5   -1.6   -0.7
    14.681   -93.065   -0.5   -1.6   -0.7
    14.690   -93.065   -0.4   -1.6   -0.7
    14.699   -93.065   -0.4   -1.6   -0.7
    14.708   -93.065   -0.4   -1.5   -0.7
    14.717   -93.065   -0.4   -1.5   -0.6
    14.726   -93.065   -0.3   -1.5   -0.6
    14.735   -93.065   -0.3   -1.4   -0.6
    14.744   -93.065   -0.3   -1.4   -0.5
    14.753   -93.065   -0.3   -1.4   -0.5
    13.854   -93.056    0.3    0.5    0.0
    13.863   -93.056    0.4    0.6    0.0
    13.872   -93.056    0.4    0.6    0.0
    13.881   -93.056    0.4    0.6    0.0
    13.890   -93.056    0.5    0.7    0.1
    13.899   -93.056    0.5    0.7    0.1
    13.908   -93.056    0.5    0.7    0.1
    13.917   -93.056    0.6    0.8    0.1
    13.926   -93.056    0.6    0.8    0.1
    13.935   -93.056    0.7    0.9    0.1
    13.944   -93.056    0.8    0.9    0.1
    13.953   -93.056    0.8    1.0    0.1
    13.962   -93.056    0.9    1.0    0.1
    13.971   -93.056    0.9    1.1    0.1
    13.980   -93.056    1.0    1.1    0.1
    13.989   -93.056    1.0    1.2    0.1
    13.998   -93.056    1.0    1.2    0.1
    14.007   -93.056    0.9    1.2    0.1
    14.016   -93.056    0.5    1.1    0.1
    14.024   -93.056   -2.4    0.3    0.3
    14.033   -93.056   -2.1    0.1    0.2
    14.042   -93.056   -1.9   -0.0    0.1
    14.051   -93.056   -1.7   -0.1    0.0
    14.060   -93.056   -1.5   -0.1   -0.0
    14.069   -93.056   -1.3   -0.1   -0.1
    14.078   -93.056   -1.1   -0.1   -0.1
    14.087   -93.056   -0.9   -0.2   -0.1
    14.096   -93.056   -0.8   -0.2   -0.2
    14.105   -93.056   -0.6   -0.3   -0.2
    14.114   -93.056   -0.5   -0.4   -0.2
    14.123   -93.056   -0.4   -0.5   -0.2
    14.132   -93.056   -0.4   -0.6   -0.2
    14.141   -93.056   -0.4   -0.6   -0.2
    14.150   -93.056   -0.4   -0.7   -0.2
    14.159   -93.056   -0.4   -0.8   -0.2
    14.168   -93.056   -0.5   -0.9   -0.1
    14.177   -93.056   -0.5   -1.0   -0.1
    14.186   -93.056   -0.6   -1.1   -0.0
    14.195   -93.056   -0.7   -1.2    0.1
    14.204   -93.056   -0.7   -1.3    0.1
    14.213   -93.056   -0.8   -1.4    0.2
    14.222   -93.056   -0.8   -1.6    0.3
    14.231   -93.056   -0.9   -1.7    0.4
    14.240   -93.056   -0.9   -1.8    0.6
    14.249   -93.056   -0.9   -1.9    0.7
    14.258   -93.056   -0.9   -2.1    0.8
    14.267   -93.056   -0.9   -2.2    1.0
    14.276   -93.056   -0.9   -2.3    1.1
    14.285   -93.056   -0.9   -2.3    1.3
    14.294   -93.056   -0.9   -2.4    1.4
    14.303   -93.056   -1.0   -2.4    1.5
    14.312   -93.056   -1.0   -2.4    1.5
    14.321   -93.056   -1.0   -2.4    1.6
    14.330   -93.056   -1.1   -2.4    1.6
    14.339   -93.056   -1.2   -2.4    1.5
    14.348   -93.056   -1.3   -2.4    1.4
    14.357   -93.056   -1.4   -2.4    1.3
    14.366   -93.056   -1.5   -2.4    1.2
    14.375   -93.056   -1.6   -2.5    1.1
    14.384   -93.056   -1.7   -2.5    0.9
    14.393   -93.056   -1.8   -2.5    0.8
    14.402   -93.056   -1.9   -2.6    0.7
    14.411   -93.056   -1.9   -2.7    0.6
    14.420   -93.056   -2.0   -2.7    0.5
    14.429   -93.056   -2.0   -2.8    0.4
    14.438   -93.056   -2.0   -2.9    0.4
    14.447   -93.056   -2.0   -2.9    0.4
    14.456   -93.056   -2.0   -2.9    0.4
    14.465   -93.056   -1.9   -3.0    0.5
    14.474   -93.056   -1.9   -2.9    0.5
    14.483   -93.056   -1.8   -2.9    0.6
    14.492   -93.056   -1.8   -2.8    0.7
    14.501   -93.056   -1.7   -2.8    0.7
    14.510   -93.056   -1.6   -2.7    0.7
    14.519   -93.056   -1.5   -2.6    0.7
    14.528   -93.056   -1.5   -2.5    0.7
    14.537   -93.056   -1.4   -2.4    0.7
    14.546   -93.056   -1.3   -2.3    0.6
    14.555   -93.056   -1.2   -2.2    0.5
    14.564   -93.056   -1.2   -2.1    0.4
    14.573   -93.056   -1.1   -2.0    0.3
    14.582   -93.056   -1.0   -1.9    0.2
    14.591   -93.056   -1.0   -1.8    0.1
    14.600   -93.056   -0.9   -1.8   -0.1
    14.609   -93.056   -0.9   -1.7   -0.2
    14.618   -93.056   -0.8   -1.7   -0.3
    14.627   -93.056   -0.7   -1.7   -0.4
    14.636   -93.056   -0.7   -1.7   -0.5
    14.645   -93.056   -0.7   -1.7   -0.6
    14.654   -93.056   -0.6   -1.6   -0.6
    14.663   -93.056   -0.6   -1.6   -0.7
    14.672   -93.056   -0.5   -1.6   -0.7
    14.681   -93.056   -0.5   -1.6   -0.7
    14.690   -93.056   -0.5   -1.6   -0.7
    14.699   -93.056   -0.4   -1.6   -0.7
    14.708   -93.056   -0.4   -1.5   -0.7
    14.717   -93.056   -0.4   -1.5   -0.7
    14.726   -93.056   -0.4   -1.5   -0.6
    14.735   -93.056   -0.3   -1.5   -0.6
    14.744   -93.056   -0.3   -1.4   -0.6
    14.753   -93.056   -0.3   -1.4   -0.5
    13.854   -93.047    0.3    0.5    0.0
    13.863   -93.047    0.3    0.6    0.0
    13.872   -93.047    0.4    0.6    0.0
    13.881   -93.047    0.4    0.6    0.0
    13.890   -93.047    0.5    0.7    0.1
    13.899   -93.047    0.5    0.7    0.1
    13.908   -93.047    0.6    0.8    0.1
    13.917   -93.047    0.6    0.8    0.1
    13.926   -93.047    0.7    0.9    0.1
    13.935   -93.047    0.7    0.9    0.1
    13.944   -93.047    0.8    1.0    0.1
    13.953   -93.047    0.9    1.1    0.1
    13.962   -93.047    0.9    1.1    0.1
    13.971   -93.047    1.0    1.2    0.1
    13.980   -93.047    1.0    1.3    0.1
    13.989   -93.047    1.1    1.3    0.1
    13.998   -93.047    1.1    1.4    0.1
    14.007   -93.047    0.9    1.5    0.2
    14.016   -93.047   -2.7   -2.8    2.5
    14.024   -93.047   -8.7   -7.7    4.6
    14.033   -93.047   -6.0   -3.8    3.2
    14.042   -93.047   -4.0   -1.4    1.6
    14.051   -93.047   -3.0   -0.8    0.9
    14.060   -93.047   -2.4   -0.6    0.5
    14.069   -93.047   -1.9   -0.4    0.3
    14.078   -93.047   -1.6   -0.4    0.2
    14.087   -93.047   -1.3   -0.4    0.0
    14.096   -93.047   -1.0   -0.4   -0.1
    14.105   -93.047   -0.8   -0.4   -0.1
    14.114   -93.047   -0.6   -0.5   -0.2
    14.123   -93.047   -0.5   -0.6   -0.2
    14.132   -93.047   -0.4   -0.7   -0.2
    14.141   -93.047   -0.4   -0.7   -0.2
    14.150   -93.047   -0.4   -0.8   -0.2
    14.159   -93.047   -0.4   -0.9   -0.2
    14.168   -93.047   -0.4   -1.0   -0.1
    14.177   -93.047   -0.5   -1.0   -0.1
    14.186   -93.047   -0.5   -1.1   -0.0
    14.195   -93.047   -0.6   -1.2    0.1
    14.204   -93.047   -0.6   -1.3    0.1
    14.213   -93.047   -0.7   -1.4    0.2
    14.222   -93.047   -0.7   -1.5    0.3
    14.231   -93.047   -0.7   -1.6    0.4
    14.240   -93.047   -0.8   -1.7    0.5
    14.249   -93.047   -0.8   -1.8    0.6
    14.258   -93.047   -0.8   -1.9    0.8
    14.267   -93.047   -0.8   -2.0    0.9
    14.276   -93.047   -0.8   -2.1    1.0
    14.285   -93.047   -0.8   -2.2    1.1
    14.294   -93.047   -0.8   -2.2    1.2
    14.303   -93.047   -0.9   -2.2    1.3
    14.312   -93.047   -0.9   -2.3    1.3
    14.321   -93.047   -1.0   -2.3    1.4
    14.330   -93.047   -1.0   -2.3    1.4
    14.339   -93.047   -1.1   -2.3    1.3
    14.348   -93.047   -1.2   -2.3    1.3
    14.357   -93.047   -1.3   -2.3    1.2
    14.366   -93.047   -1.4   -2.3    1.1
    14.375   -93.047   -1.5   -2.3    1.0
    14.384   -93.047   -1.6   -2.4    0.9
    14.393   -93.047   -1.7   -2.4    0.7
    14.402   -93.047   -1.8   -2.5    0.6
    14.411   -93.047   -1.9   -2.6    0.5
    14.420   -93.047   -1.9   -2.6    0.5
    14.429   -93.047   -1.9   -2.7    0.5
    14.438   -93.047   -1.9   -2.8    0.4
    14.447   -93.047   -1.9   -2.8    0.5
    14.456   -93.047   -1.9   -2.8    0.5
    14.465   -93.047   -1.9   -2.8    0.5
    14.474   -93.047   -1.8   -2.8    0.6
    14.483   -93.047   -1.8   -2.8    0.6
    14.492   -93.047   -1.7   -2.7    0.7
    14.501   -93.047   -1.6   -2.7    0.7
    14.510   -93.047   -1.5   -2.6    0.7
    14.519   -93.047   -1.5   -2.5    0.7
    14.528   -93.047   -1.4   -2.4    0.7
    14.537   -93.047   -1.3   -2.3    0.7
    14.546   -93.047   -1.3   -2.2    0.6
    14.555   -93.047   -1.2   -2.1    0.5
    14.564   -93.047   -1.1   -2.0    0.4
    14.573   -93.047   -1.1   -1.9    0.3
    14.582   -93.047   -1.0   -1.8    0.1
    14.591   -93.047   -1.0   -1.8    0.0
    14.600   -93.047   -0.9   -1.7   -0.1
    14.609   -93.047   -0.9   -1.7   -0.2
    14.618   -93.047   -0.8   -1.7   -0.3
    14.627   -93.047   -0.8   -1.7   -0.5
    14.636   -93.047   -0.7   -1.7   -0.5
    14.645   -93.047   -0.7   -1.6   -0.6
    14.654   -93.047   -0.6   -1.6   -0.7
    14.663   -93.047   -0.6   -1.6   -0.7
    14.672   -93.047   -0.6   -1.6   -0.7
    14.681   -93.047   -0.5   -1.6   -0.7
    14.690   -93.047   -0.5   -1.6   -0.7
    14.699   -93.047   -0.5   -1.6   -0.7
    14.708   -93.047   -0.5   -1.6   -0.7
    14.717   -93.047   -0.4   -1.5   -0.7
    14.726   -93.047   -0.4   -1.5   -0.6
    14.735   -93.047   -0.4   -1.5   -0.6
    14.744   -93.047   -0.4   -1.4   -0.6
    14.753   -93.047   -0.3   -1.4   -0.5
    13.854   -93.037    0.3    0.5    0.0
    13.863   -93.037    0.3    0.6    0.0
    13.872   -93.037    0.4    0.6    0.0
    13.881   -93.037    0.4    0.7    0.0
    13.890   -93.037    0.5    0.7    0.1
    13.899   -93.037    0.5    0.8    0.1
    13.908   -93.037    0.6    0.8    0.1
    13.917   -93.037    0.6    0.9    0.1
    13.926   -93.037    0.7    0.9    0.1
    13.935   -93.037    0.8    1.0    0.1
    13.944   -93.037    0.8    1.1    0.1
    13.953   -93.037    0.9    1.1    0.1
    13.962   -93.037    1.0    1.2    0.1
    13.971   -93.037    1.0    1.3    0.1
    13.980   -93.037    1.1    1.4    0.1
    13.989   -93.037    1.1    1.5    0.2
    13.998   -93.037    1.1    1.6    0.2
    14.007   -93.037    0.6    1.2    0.3
    14.016   -93.037   -8.8   -8.6    4.8
    14.024   -93.037   -8.9   -8.4    4.7
    14.033   -93.037   -8.0   -7.2    4.3
    14.042   -93.037   -6.4   -5.1    3.6
    14.051   -93.037   -4.8   -2.9    2.6
    14.060   -93.037   -3.7   -1.8    1.7
    14.069   -93.037   -2.9   -1.2    1.1
    14.078   -93.037   -2.2   -0.9    0.7
    14.087   -93.037   -1.7   -0.7    0.4
    14.096   -93.037   -1.3   -0.6    0.1
    14.105   -93.037   -0.9   -0.6   -0.0
    14.114   -93.037   -0.7   -0.7   -0.1
    14.123   -93.037   -0.5   -0.8   -0.2
    14.132   -93.037   -0.4   -0.8   -0.2
    14.141   -93.037   -0.4   -0.9   -0.2
    14.150   -93.037   -0.4   -0.9   -0.2
    14.159   -93.037   -0.4   -1.0   -0.2
    14.168   -93.037   -0.4   -1.0   -0.1
    14.177   -93.037   -0.5   -1.1   -0.1
    14.186   -93.037   -0.5   -1.2   -0.0
    14.195   -93.037   -0.5   -1.2    0.1
    14.204   -93.037   -0.6   -1.3    0.1
    14.213   -93.037   -0.6   -1.4    0.2
    14.222   -93.037   -0.6   -1.5    0.3
    14.231   -93.037   -0.7   -1.5    0.4
    14.240   -93.037   -0.7   -1.6    0.5
    14.249   -93.037   -0.7   -1.7    0.6
    14.258   -93.037   -0.7   -1.8    0.7
    14.267   -93.037   -0.7   -1.9    0.8
    14.276   -93.037   -0.7   -1.9    0.9
    14.285   -93.037   -0.8   -2.0    1.0
    14.294   -93.037   -0.8   -2.0    1.0
    14.303   -93.037   -0.8   -2.1    1.1
    14.312   -93.037   -0.9   -2.1    1.2
    14.321   -93.037   -0.9   -2.1    1.2
    14.330   -93.037   -1.0   -2.1    1.2
    14.339   -93.037   -1.1   -2.1    1.2
    14.348   -93.037   -1.2   -2.2    1.1
    14.357   -93.037   -1.3   -2.2    1.1
    14.366   -93.037   -1.4   -2.2    1.0
    14.375   -93.037   -1.5   -2.2    0.9
    14.384   -93.037   -1.6   -2.3    0.8
    14.393   -93.037   -1.7   -2.3    0.7
    14.402   -93.037   -1.7   -2.4    0.6
    14.411   -93.037   -1.8   -2.5    0.6
    14.420   -93.037   -1.8   -2.5    0.5
    14.429   -93.037   -1.9   -2.6    0.5
    14.438   -93.037   -1.9   -2.6    0.5
    14.447   -93.037   -1.9   -2.7    0.5
    14.456   -93.037   -1.8   -2.7    0.5
    14.465   -93.037   -1.8   -2.7    0.6
    14.474   -93.037   -1.7   -2.7    0.6
    14.483   -93.037   -1.7   -2.7    0.7
    14.492   -93.037   -1.6   -2.6    0.7
    14.501   -93.037   -1.6   -2.6    0.7
    14.510   -93.037   -1.5   -2.5    0.7
    14.519   -93.037   -1.4   -2.4    0.7
    14.528   -93.037   -1.3   -2.3    0.7
    14.537   -93.037   -1.3   -2.2    0.6
    14.546   -93.037   -1.2   -2.1    0.6
    14.555   -93.037   -1.1   -2.0    0.5
    14.564   -93.037   -1.1   -1.9    0.4
    14.573   -93.037   -1.0   -1.9    0.2
    14.582   -93.037   -1.0   -1.8    0.1
    14.591   -93.037   -0.9   -1.7   -0.0
    14.600   -93.037   -0.9   -1.7   -0.1
    14.609   -93.037   -0.9   -1.7   -0.3
    14.618   -93.037   -0.8   -1.7   -0.4
    14.627   -93.037   -0.8   -1.6   -0.5
    14.636   -93.037   -0.7   -1.6   -0.6
    14.645   -93.037   -0.7   -1.6   -0.6
    14.654   -93.037   -0.7   -1.6   -0.7
    14.663   -93.037   -0.6   -1.6   -0.7
    14.672   -93.037   -0.6   -1.6   -0.7
    14.681   -93.037   -0.6   -1.6   -0.8
    14.690   -93.037   -0.5   -1.6   -0.7
    14.699   -93.037   -0.5   -1.6   -0.7
    14.708   -93.037   -0.5   -1.6   -0.7
    14.717   -93.037   -0.5   -1.5   -0.7
    14.726   -93.037   -0.4   -1.5   -0.6
    14.735   -93.037   -0.4   -1.5   -0.6
    14.744   -93.037   -0.4   -1.4   -0.6
    14.753   -93.037   -0.4   -1.4   -0.5
    13.854   -93.028    0.3    0.5    0.0
    13.863   -93.028    0.3    0.6    0.0
    13.872   -93.028    0.4    0.6    0.0
    13.881   -93.028    0.4    0.7    0.0
    13.890   -93.028    0.4    0.7    0.1
    13.899   -93.028    0.5    0.8    0.1
    13.908   -93.028    0.6    0.8    0.1
    13.917   -93.028    0.6    0.9    0.1
    13.926   -93.028    0.7    1.0    0.1
    13.935   -93.028    0.8    1.1    0.1
    13.944   -93.028    0.9    1.1    0.1
    13.953   -93.028    1.0    1.2    0.1
    13.962   -93.028    1.0    1.3    0.1
    13.971   -93.028    1.1    1.4    0.2
    13.980   -93.028    1.2    1.5    0.2
    13.989   -93.028    1.2    1.6    0.2
    13.998   -93.028    1.0    1.5    0.2
    14.007   -93.028   -7.6   -7.4    5.2
    14.016   -93.028   -8.9   -8.9    4.7
    14.024   -93.028   -8.8   -8.6    4.6
    14.033   -93.028   -8.3   -8.0    4.4
    14.042   -93.028   -7.4   -6.9    4.1
    14.051   -93.028   -6.2   -5.4    3.6
    14.060   -93.028   -5.0   -3.8    2.9
    14.069   -93.028   -3.9   -2.6    2.1
    14.078   -93.028   -3.0   -1.8    1.4
    14.087   -93.028   -2.2   -1.3    0.9
    14.096   -93.028   -1.6   -1.1    0.4
    14.105   -93.028   -1.1   -1.0    0.1
    14.114   -93.028   -0.7   -1.0   -0.1
    14.123   -93.028   -0.5   -1.0   -0.2
    14.132   -93.028   -0.4   -1.1   -0.2
    14.141   -93.028   -0.4   -1.1   -0.2
    14.150   -93.028   -0.3   -1.1   -0.2
    14.159   -93.028   -0.4   -1.1   -0.2
    14.168   -93.028   -0.4   -1.2   -0.1
    14.177   -93.028   -0.4   -1.2   -0.1
    14.186   -93.028   -0.5   -1.2   -0.0
    14.195   -93.028   -0.5   -1.3    0.1
    14.204   -93.028   -0.5   -1.3    0.1
    14.213   -93.028   -0.6   -1.4    0.2
    14.222   -93.028   -0.6   -1.4    0.3
    14.231   -93.028   -0.6   -1.5    0.3
    14.240   -93.028   -0.6   -1.6    0.4
    14.249   -93.028   -0.6   -1.6    0.5
    14.258   -93.028   -0.6   -1.7    0.6
    14.267   -93.028   -0.7   -1.8    0.7
    14.276   -93.028   -0.7   -1.8    0.8
    14.285   -93.028   -0.7   -1.9    0.8
    14.294   -93.028   -0.7   -1.9    0.9
    14.303   -93.028   -0.8   -1.9    1.0
    14.312   -93.028   -0.8   -2.0    1.0
    14.321   -93.028   -0.9   -2.0    1.0
    14.330   -93.028   -0.9   -2.0    1.0
    14.339   -93.028   -1.0   -2.0    1.0
    14.348   -93.028   -1.1   -2.0    1.0
    14.357   -93.028   -1.2   -2.1    0.9
    14.366   -93.028   -1.3   -2.1    0.9
    14.375   -93.028   -1.4   -2.1    0.8
    14.384   -93.028   -1.5   -2.2    0.7
    14.393   -93.028   -1.6   -2.2    0.7
    14.402   -93.028   -1.7   -2.3    0.6
    14.411   -93.028   -1.7   -2.3    0.6
    14.420   -93.028   -1.8   -2.4    0.5
    14.429   -93.028   -1.8   -2.5    0.5
    14.438   -93.028   -1.8   -2.5    0.5
    14.447   -93.028   -1.8   -2.6    0.5
    14.456   -93.028   -1.8   -2.6    0.6
    14.465   -93.028   -1.7   -2.6    0.6
    14.474   -93.028   -1.7   -2.6    0.6
    14.483   -93.028   -1.6   -2.5    0.7
    14.492   -93.028   -1.5   -2.5    0.7
    14.501   -93.028   -1.5   -2.4    0.7
    14.510   -93.028   -1.4   -2.4    0.7
    14.519   -93.028   -1.3   -2.3    0.7
    14.528   -93.028   -1.3   -2.2    0.7
    14.537   -93.028   -1.2   -2.1    0.6
    14.546   -93.028   -1.2   -2.0    0.5
    14.555   -93.028   -1.1   -1.9    0.4
    14.564   -93.028   -1.1   -1.9    0.3
    14.573   -93.028   -1.0   -1.8    0.2
    14.582   -93.028   -1.0   -1.8    0.1
    14.591   -93.028   -0.9   -1.7   -0.1
    14.600   -93.028   -0.9   -1.7   -0.2
    14.609   -93.028   -0.9   -1.6   -0.3
    14.618   -93.028   -0.8   -1.6   -0.4
    14.627   -93.028   -0.8   -1.6   -0.5
    14.636   -93.028   -0.8   -1.6   -0.6
    14.645   -93.028   -0.7   -1.6   -0.7
    14.654   -93.028   -0.7   -1.6   -0.7
    14.663   -93.028   -0.7   -1.6   -0.7
    14.672   -93.028   -0.6   -1.6   -0.8
    14.681   -93.028   -0.6   -1.6   -0.8
    14.690   -93.028   -0.6   -1.6   -0.8
    14.699   -93.028   -0.6   -1.6   -0.7
    14.708   -93.028   -0.5   -1.6   -0.7
    14.717   -93.028   -0.5   -1.5   -0.7
    14.726   -93.028   -0.5   -1.5   -0.7
    14.735   -93.028   -0.4   -1.5   -0.6
    14.744   -93.028   -0.4   -1.4   -0.6
    14.753   -93.028   -0.4   -1.4   -0.5
    13.854   -93.019    0.3    0.5    0.0
    13.863   -93.019    0.3    0.6    0.0
    13.872   -93.019    0.4    0.6    0.0
    13.881   -93.019    0.4    0.7    0.0
    13.890   -93.019    0.4    0.7    0.0
    13.899   -93.019    0.5    0.8    0.1
    13.908   -93.019    0.6    0.9    0.1
    13.917   -93.019    0.6    0.9    0.1
    13.926   -93.019    0.7    1.0    0.1
    13.935   -93.019    0.8    1.1    0.1
    13.944   -93.019    0.9    1.2    0.1
    13.953   -93.019    1.0    1.3    0.1
    13.962   -93.019    1.1    1.4    0.2
    13.971   -93.019    1.2    1.5    0.2
    13.980   -93.019    1.2    1.6    0.2
    13.989   -93.019    1.2    1.6    0.2
    13.998   -93.019   -0.0    0.0    0.5
    14.007   -93.019   -8.8   -9.0    4.7
    14.016   -93.019   -8.8   -9.0    4.7
    14.024   -93.019   -8.6   -8.7    4.6
    14.033   -93.019   -8.3   -8.2    4.4
    14.042   -93.019   -7.7   -7.6    4.2
    14.051   -93.019   -6.8   -6.7    3.8
    14.060   -93.019   -5.8   -5.5    3.4
    14.069   -93.019   -4.7   -4.2    2.8
    14.078   -93.019   -3.7   -3.1    2.1
    14.087   -93.019   -2.7   -2.2    1.4
    14.096   -93.019   -1.9   -1.7    0.7
    14.105   -93.019   -1.3   -1.5    0.2
    14.114   -93.019   -0.8   -1.4   -0.1
    14.123   -93.019   -0.5   -1.4   -0.3
    14.132   -93.019   -0.4   -1.4   -0.3
    14.141   -93.019   -0.3   -1.4   -0.3
    14.150   -93.019   -0.3   -1.4   -0.2
    14.159   -93.019   -0.4   -1.3   -0.2
    14.168   -93.019   -0.4   -1.3   -0.1
    14.177   -93.019   -0.4   -1.3   -0.1
    14.186   -93.019   -0.4   -1.3   -0.0
    14.195   -93.019   -0.5   -1.3    0.1
    14.204   -93.019   -0.5   -1.3    0.1
    14.213   -93.019   -0.5   -1.4    0.2
    14.222   -93.019   -0.6   -1.4    0.2
    14.231   -93.019   -0.6   -1.5    0.3
    14.240   -93.019   -0.6   -1.5    0.4
    14.249   -93.019   -0.6   -1.6    0.4
    14.258   -93.019   -0.6   -1.6    0.5
    14.267   -93.019   -0.6   -1.7    0.6
    14.276   -93.019   -0.6   -1.7    0.7
    14.285   -93.019   -0.7   -1.8    0.7
    14.294   -93.019   -0.7   -1.8    0.8
    14.303   -93.019   -0.7   -1.8    0.8
    14.312   -93.019   -0.8   -1.9    0.9
    14.321   -93.019   -0.8   -1.9    0.9
    14.330   -93.019   -0.9   -1.9    0.9
    14.339   -93.019   -1.0   -1.9    0.9
    14.348   -93.019   -1.1   -1.9    0.9
    14.357   -93.019   -1.2   -2.0    0.9
    14.366   -93.019   -1.3   -2.0    0.8
    14.375   -93.019   -1.4   -2.0    0.8
    14.384   -93.019   -1.4   -2.1    0.7
    14.393   -93.019   -1.5   -2.1    0.7
    14.402   -93.019   -1.6   -2.2    0.6
    14.411   -93.019   -1.6   -2.2    0.6
    14.420   -93.019   -1.7   -2.3    0.6
    14.429   -93.019   -1.7   -2.4    0.6
    14.438   -93.019   -1.7   -2.4    0.6
    14.447   -93.019   -1.7   -2.4    0.6
    14.456   -93.019   -1.7   -2.5    0.6
    14.465   -93.019   -1.6   -2.5    0.6
    14.474   -93.019   -1.6   -2.4    0.7
    14.483   -93.019   -1.5   -2.4    0.7
    14.492   -93.019   -1.5   -2.4    0.7
    14.501   -93.019   -1.4   -2.3    0.7
    14.510   -93.019   -1.3   -2.3    0.7
    14.519   -93.019   -1.3   -2.2    0.7
    14.528   -93.019   -1.2   -2.1    0.6
    14.537   -93.019   -1.2   -2.0    0.6
    14.546   -93.019   -1.1   -1.9    0.5
    14.555   -93.019   -1.1   -1.9    0.4
    14.564   -93.019   -1.0   -1.8    0.3
    14.573   -93.019   -1.0   -1.7    0.1
    14.582   -93.019   -1.0   -1.7    0.0
    14.591   -93.019   -0.9   -1.7   -0.1
    14.600   -93.019   -0.9   -1.6   -0.2
    14.609   -93.019   -0.9   -1.6   -0.3
    14.618   -93.019   -0.8   -1.6   -0.5
    14.627   -93.019   -0.8   -1.6   -0.5
    14.636   -93.019   -0.8   -1.6   -0.6
    14.645   -93.019   -0.8   -1.6   -0.7
    14.654   -93.019   -0.7   -1.6   -0.7
    14.663   -93.019   -0.7   -1.6   -0.8
    14.672   -93.019   -0.7   -1.6   -0.8
    14.681   -93.019   -0.6   -1.6   -0.8
    14.690   -93.019   -0.6   -1.6   -0.8
    14.699   -93.019   -0.6   -1.6   -0.7
    14.708   -93.019   -0.6   -1.6   -0.7
    14.717   -93.019   -0.5   -1.5   -0.7
    14.726   -93.019   -0.5   -1.5   -0.7
    14.735   -93.019   -0.5   -1.5   -0.6
    14.744   -93.019   -0.5   -1.4   -0.6
    14.753   -93.019   -0.4   -1.4   -0.5
    13.854   -93.009    0.3    0.5    0.0
    13.863   -93.009    0.3    0.6    0.0
    13.872   -93.009    0.3    0.6    0.0
    13.881   -93.009    0.4    0.7    0.0
    13.890   -93.009    0.4    0.7    0.0
    13.899   -93.009    0.5    0.8    0.1
    13.908   -93.009    0.5    0.9    0.1
    13.917   -93.009    0.6    1.0    0.1
    13.926   -93.009    0.7    1.1    0.1
    13.935   -93.009    0.8    1.2    0.1
    13.944   -93.009    0.9    1.3    0.1
    13.953   -93.009    1.0    1.4    0.2
    13.962   -93.009    1.2    1.5    0.2
    13.971   -93.009    1.3    1.6    0.2
    13.980   -93.009    1.3    1.6    0.2
    13.989   -93.009    1.0    1.3    0.2
    13.998   -93.009   -8.4   -8.7    4.8
    14.007   -93.009   -8.8   -9.2    4.7
    14.016   -93.009   -8.7   -9.0    4.6
    14.024   -93.009   -8.5   -8.8    4.5
    14.033   -93.009   -8.2   -8.4    4.4
    14.042   -93.009   -7.7   -7.8    4.2
    14.051   -93.009   -7.0   -7.2    3.9
    14.060   -93.009   -6.2   -6.3    3.5
    14.069   -93.009   -5.2   -5.3    3.0
    14.078   -93.009   -4.1   -4.2    2.4
    14.087   -93.009   -3.1   -3.3    1.6
    14.096   -93.009   -2.2   -2.5    0.9
    14.105   -93.009   -1.4   -2.1    0.2
    14.114   -93.009   -0.9   -2.0   -0.2
    14.123   -93.009   -0.6   -1.9   -0.4
    14.132   -93.009   -0.4   -1.8   -0.4
    14.141   -93.009   -0.4   -1.7   -0.3
    14.150   -93.009   -0.4   -1.6   -0.3
    14.159   -93.009   -0.4   -1.5   -0.2
    14.168   -93.009   -0.4   -1.5   -0.1
    14.177   -93.009   -0.4   -1.4   -0.1
    14.186   -93.009   -0.5   -1.4   -0.0
    14.195   -93.009   -0.5   -1.4    0.1
    14.204   -93.009   -0.5   -1.4    0.1
    14.213   -93.009   -0.5   -1.4    0.2
    14.222   -93.009   -0.5   -1.4    0.2
    14.231   -93.009   -0.5   -1.4    0.3
    14.240   -93.009   -0.6   -1.5    0.3
    14.249   -93.009   -0.6   -1.5    0.4
    14.258   -93.009   -0.6   -1.5    0.5
    14.267   -93.009   -0.6   -1.6    0.5
    14.276   -93.009   -0.6   -1.6    0.6
    14.285   -93.009   -0.6   -1.7    0.6
    14.294   -93.009   -0.7   -1.7    0.7
    14.303   -93.009   -0.7   -1.7    0.7
    14.312   -93.009   -0.8   -1.7    0.8
    14.321   -93.009   -0.8   -1.8    0.8
    14.330   -93.009   -0.9   -1.8    0.8
    14.339   -93.009   -1.0   -1.8    0.8
    14.348   -93.009   -1.0   -1.8    0.8
    14.357   -93.009   -1.1   -1.9    0.8
    14.366   -93.009   -1.2   -1.9    0.8
    14.375   -93.009   -1.3   -1.9    0.7
    14.384   -93.009   -1.4   -2.0    0.7
    14.393   -93.009   -1.5   -2.0    0.7
    14.402   -93.009   -1.5   -2.1    0.6
    14.411   -93.009   -1.6   -2.1    0.6
    14.420   -93.009   -1.6   -2.2    0.6
    14.429   -93.009   -1.6   -2.2    0.6
    14.438   -93.009   -1.6   -2.3    0.6
    14.447   -93.009   -1.6   -2.3    0.6
    14.456   -93.009   -1.6   -2.3    0.6
    14.465   -93.009   -1.6   -2.3    0.7
    14.474   -93.009   -1.5   -2.3    0.7
    14.483   -93.009   -1.5   -2.3    0.7
    14.492   -93.009   -1.4   -2.2    0.7
    14.501   -93.009   -1.3   -2.2    0.7
    14.510   -93.009   -1.3   -2.1    0.7
    14.519   -93.009   -1.2   -2.1    0.6
    14.528   -93.009   -1.2   -2.0    0.6
    14.537   -93.009   -1.1   -1.9    0.5
    14.546   -93.009   -1.1   -1.9    0.4
    14.555   -93.009   -1.0   -1.8    0.3
    14.564   -93.009   -1.0   -1.7    0.2
    14.573   -93.009   -1.0   -1.7    0.1
    14.582   -93.009   -0.9   -1.6   -0.0
    14.591   -93.009   -0.9   -1.6   -0.2
    14.600   -93.009   -0.9   -1.6   -0.3
    14.609   -93.009   -0.9   -1.6   -0.4
    14.618   -93.009   -0.8   -1.6   -0.5
    14.627   -93.009   -0.8   -1.6   -0.6
    14.636   -93.009   -0.8   -1.6   -0.6
    14.645   -93.009   -0.8   -1.6   -0.7
    14.654   -93.009   -0.8   -1.6   -0.7
    14.663   -93.009   -0.7   -1.6   -0.8
    14.672   -93.009   -0.7   -1.6   -0.8
    14.681   -93.009   -0.7   -1.6   -0.8
    14.690   -93.009   -0.7   -1.6   -0.8
    14.699   -93.009   -0.6   -1.6   -0.7
    14.708   -93.009   -0.6   -1.5   -0.7
    14.717   -93.009   -0.6   -1.5   -0.7
    14.726   -93.009   -0.5   -1.5   -0.6
    14.735   -93.009   -0.5   -1.5   -0.6
    14.744   -93.009   -0.5   -1.4   -0.6
    14.753   -93.009   -0.5   -1.4   -0.5
    13.854   -93.000    0.3    0.5    0.0
    13.863   -93.000    0.3    0.6    0.0
    13.872   -93.000    0.3    0.6    0.0
    13.881   -93.000    0.4    0.7    0.0
    13.890   -93.000    0.4    0.7    0.0
    13.899   -93.000    0.5    0.8    0.0
    13.908   -93.000    0.5    0.9    0.1
    13.917   -93.000    0.6    1.0    0.1
    13.926   -93.000    0.7    1.1    0.1
    13.935   -93.000    0.8    1.2    0.1
    13.944   -93.000    0.9    1.3    0.1
    13.953   -93.000    1.1    1.5    0.2
    13.962   -93.000    1.2    1.6    0.2
    13.971   -93.000    1.3    1.7    0.2
    13.980   -93.000    1.3    1.6    0.2
    13.989   -93.000   -5.3   -5.0    7.7
    13.998   -93.000   -8.8   -9.4    4.7
    14.007   -93.000   -8.8   -9.3    4.7
    14.016   -93.000   -8.6   -9.1    4.6
    14.024   -93.000   -8.3   -8.8    4.5
    14.033   -93.000   -8.0   -8.4    4.3
    14.042   -93.000   -7.5   -7.9    4.1
    14.051   -93.000   -7.0   -7.3    3.8
    14.060   -93.000   -6.2   -6.6    3.4
    14.069   -93.000   -5.4   -5.8    2.9
    14.078   -93.000   -4.4   -4.9    2.2
    14.087   -93.000   -3.3   -4.0    1.4
    14.096   -93.000   -2.3   -3.3    0.6
    14.105   -93.000   -1.5   -2.9   -0.2
    14.114   -93.000   -1.0   -2.7   -0.6
    14.123   -93.000   -0.7   -2.5   -0.6
    14.132   -93.000   -0.5   -2.3   -0.6
    14.141   -93.000   -0.5   -2.1   -0.4
    14.150   -93.000   -0.4   -1.9   -0.3
    14.159   -93.000   -0.4   -1.8   -0.2
    14.168   -93.000   -0.5   -1.6   -0.1
    14.177   -93.000   -0.5   -1.5   -0.1
    14.186   -93.000   -0.5   -1.5    0.0
    14.195   -93.000   -0.5   -1.4    0.1
    14.204   -93.000   -0.5   -1.4    0.1
    14.213   -93.000   -0.5   -1.4    0.2
    14.222   -93.000   -0.5   -1.4    0.2
    14.231   -93.000   -0.5   -1.4    0.3
    14.240   -93.000   -0.5   -1.4    0.3
    14.249   -93.000   -0.6   -1.5    0.4
    14.258   -93.000   -0.6   -1.5    0.4
    14.267   -93.000   -0.6   -1.5    0.5
    14.276   -93.000   -0.6   -1.5    0.5
    14.285   -93.000   -0.6   -1.6    0.6
    14.294   -93.000   -0.7   -1.6    0.6
    14.303   -93.000   -0.7   -1.6    0.6
    14.312   -93.000   -0.7   -1.7    0.7
    14.321   -93.000   -0.8   -1.7    0.7
    14.330   -93.000   -0.9   -1.7    0.7
    14.339   -93.000   -0.9   -1.7    0.7
    14.348   -93.000   -1.0   -1.8    0.7
    14.357   -93.000   -1.1   -1.8    0.7
    14.366   -93.000   -1.2   -1.8    0.7
    14.375   -93.000   -1.2   -1.9    0.7
    14.384   -93.000   -1.3   -1.9    0.7
    14.393   -93.000   -1.4   -1.9    0.7
    14.402   -93.000   -1.4   -2.0    0.6
    14.411   -93.000   -1.5   -2.0    0.6
    14.420   -93.000   -1.5   -2.1    0.6
    14.429   -93.000   -1.5   -2.1    0.6
    14.438   -93.000   -1.5   -2.2    0.6
    14.447   -93.000   -1.5   -2.2    0.6
    14.456   -93.000   -1.5   -2.2    0.7
    14.465   -93.000   -1.5   -2.2    0.7
    14.474   -93.000   -1.4   -2.2    0.7
    14.483   -93.000   -1.4   -2.2    0.7
    14.492   -93.000   -1.3   -2.1    0.7
    14.501   -93.000   -1.3   -2.1    0.7
    14.510   -93.000   -1.2   -2.0    0.6
    14.519   -93.000   -1.2   -2.0    0.6
    14.528   -93.000   -1.1   -1.9    0.5
    14.537   -93.000   -1.1   -1.8    0.5
    14.546   -93.000   -1.0   -1.8    0.4
    14.555   -93.000   -1.0   -1.7    0.3
    14.564   -93.000   -1.0   -1.7    0.2
    14.573   -93.000   -0.9   -1.6    0.0
    14.582   -93.000   -0.9   -1.6   -0.1
    14.591   -93.000   -0.9   -1.6   -0.2
    14.600   -93.000   -0.9   -1.6   -0.3
    14.609   -93.000   -0.9   -1.5   -0.4
    14.618   -93.000   -0.9   -1.5   -0.5
    14.627   -93.000   -0.8   -1.5   -0.6
    14.636   -93.000   -0.8   -1.6   -0.7
    14.645   -93.000   -0.8   -1.6   -0.7
    14.654   -93.000   -0.8   -1.6   -0.7
    14.663   -93.000   -0.8   -1.6   -0.8
    14.672   -93.000   -0.7   -1.6   -0.8
    14.681   -93.000   -0.7   -1.6   -0.8
    14.690   -93.000   -0.7   -1.6   -0.8
    14.699   -93.000   -0.7   -1.5   -0.7
    14.708   -93.000   -0.6   -1.5   -0.7
    14.717   -93.000   -0.6   -1.5   -0.7
    14.726   -93.000   -0.6   -1.5   -0.6
    14.735   -93.000   -0.5   -1.4   -0.6
    14.744   -93.000   -0.5   -1.4   -0.6
    14.753   -93.000   -0.5   -1.4   -0.5
    13.854   -92.991    0.2    0.5   -0.0
    13.863   -92.991    0.3    0.5   -0.0
    13.872   -92.991    0.3    0.6    0.0
    13.881   -92.991    0.3    0.6    0.0
    13.890   -92.991    0.4    0.7    0.0
    13.899   -92.991    0.4    0.8    0.0
    13.908   -92.991    0.5    0.9    0.0
    13.917   -92.991    0.6    1.0    0.1
    13.926   -92.991    0.7    1.1    0.1
    13.935   -92.991    0.8    1.2    0.1
    13.944   -92.991    1.0    1.4    0.1
    13.953   -92.991    1.1    1.5    0.2
    13.962   -92.991    1.3    1.6    0.2
    13.971   -92.991    1.4    1.7    0.2
    13.980   -92.991    0.8    0.9    0.3
    13.989   -92.991   -9.3  -10.9    5.5
    13.998   -92.991   -9.4  -10.6    5.1
    14.007   -92.991   -8.9   -9.8    4.7
    14.016   -92.991   -8.5   -9.3    4.6
    14.024   -92.991   -8.2   -8.9    4.4
    14.033   -92.991   -7.8   -8.4    4.2
    14.042   -92.991   -7.4   -7.9    4.0
    14.051   -92.991   -6.8   -7.4    3.6
    14.060   -92.991   -6.1   -6.7    3.1
    14.069   -92.991   -5.3   -6.0    2.5
    14.078   -92.991   -4.4   -5.2    1.8
    14.087   -92.991   -3.4   -4.5    0.9
    14.096   -92.991   -2.5   -3.9   -0.1
    14.105   -92.991   -1.7   -3.6   -0.8
    14.114   -92.991   -1.2   -3.4   -1.0
    14.123   -92.991   -0.9   -3.1   -0.9
    14.132   -92.991   -0.7   -2.8   -0.7
    14.141   -92.991   -0.6   -2.5   -0.5
    14.150   -92.991   -0.6   -2.2   -0.3
    14.159   -92.991   -0.5   -2.0   -0.2
    14.168   -92.991   -0.5   -1.8   -0.1
    14.177   -92.991   -0.5   -1.7   -0.0
    14.186   -92.991   -0.5   -1.6    0.0
    14.195   -92.991   -0.5   -1.5    0.1
    14.204   -92.991   -0.5   -1.5    0.1
    14.213   -92.991   -0.5   -1.4    0.2
    14.222   -92.991   -0.5   -1.4    0.2
    14.231   -92.991   -0.5   -1.4    0.2
    14.240   -92.991   -0.5   -1.4    0.3
    14.249   -92.991   -0.6   -1.4    0.3
    14.258   -92.991   -0.6   -1.4    0.4
    14.267   -92.991   -0.6   -1.5    0.4
    14.276   -92.991   -0.6   -1.5    0.5
    14.285   -92.991   -0.6   -1.5    0.5
    14.294   -92.991   -0.7   -1.5    0.5
    14.303   -92.991   -0.7   -1.5    0.6
    14.312   -92.991   -0.7   -1.6    0.6
    14.321   -92.991   -0.8   -1.6    0.6
    14.330   -92.991   -0.8   -1.6    0.6
    14.339   -92.991   -0.9   -1.7    0.7
    14.348   -92.991   -1.0   -1.7    0.7
    14.357   -92.991   -1.1   -1.7    0.7
    14.366   -92.991   -1.1   -1.7    0.7
    14.375   -92.991   -1.2   -1.8    0.7
    14.384   -92.991   -1.3   -1.8    0.7
    14.393   -92.991   -1.3   -1.9    0.7
    14.402   -92.991   -1.4   -1.9    0.7
    14.411   -92.991   -1.4   -1.9    0.6
    14.420   -92.991   -1.4   -2.0    0.6
    14.429   -92.991   -1.5   -2.0    0.7
    14.438   -92.991   -1.5   -2.0    0.7
    14.447   -92.991   -1.5   -2.1    0.7
    14.456   -92.991   -1.4   -2.1    0.7
    14.465   -92.991   -1.4   -2.1    0.7
    14.474   -92.991   -1.4   -2.1    0.7
    14.483   -92.991   -1.3   -2.0    0.7
    14.492   -92.991   -1.3   -2.0    0.7
    14.501   -92.991   -1.2   -2.0    0.6
    14.510   -92.991   -1.2   -1.9    0.6
    14.519   -92.991   -1.1   -1.9    0.5
    14.528   -92.991   -1.1   -1.8    0.5
    14.537   -92.991   -1.0   -1.7    0.4
    14.546   -92.991   -1.0   -1.7    0.3
    14.555   -92.991   -1.0   -1.6    0.2
    14.564   -92.991   -1.0   -1.6    0.1
    14.573   -92.991   -0.9   -1.6   -0.0
    14.582   -92.991   -0.9   -1.5   -0.1
    14.591   -92.991   -0.9   -1.5   -0.2
    14.600   -92.991   -0.9   -1.5   -0.3
    14.609   -92.991   -0.9   -1.5   -0.4
    14.618   -92.991   -0.9   -1.5   -0.5
    14.627   -92.991   -0.9   -1.5   -0.6
    14.636   -92.991   -0.8   -1.5   -0.7
    14.645   -92.991   -0.8   -1.5   -0.7
    14.654   -92.991   -0.8   -1.5   -0.7
    14.663   -92.991   -0.8   -1.5   -0.8
    14.672   -92.991   -0.8   -1.6   -0.8
    14.681   -92.991   -0.7   -1.5   -0.8
    14.690   -92.991   -0.7   -1.5   -0.7
    14.699   -92.991   -0.7   -1.5   -0.7
    14.708   -92.991   -0.7   -1.5   -0.7
    14.717   -92.991   -0.6   -1.5   -0.7
    14.726   -92.991   -0.6   -1.5   -0.6
    14.735   -92.991   -0.6   -1.4   -0.6
    14.744   -92.991   -0.5   -1.4   -0.6
    14.753   -92.991   -0.5   -1.4   -0.5
    13.854   -92.982    0.2    0.5   -0.0
    13.863   -92.982    0.3    0.5   -0.0
    13.872   -92.982    0.3    0.6   -0.0
    13.881   -92.982    0.3    0.6   -0.0
    13.890   -92.982    0.4    0.7    0.0
    13.899   -92.982    0.4    0.7    0.0
    13.908   -92.982    0.5    0.8    0.0
    13.917   -92.982    0.5    0.9    0.0
    13.926   -92.982    0.7    1.1    0.1
    13.935   -92.982    0.8    1.2    0.1
    13.944   -92.982    1.0    1.4    0.1
    13.953   -92.982    1.2    1.5    0.2
    13.962   -92.982    1.4    1.7    0.2
    13.971   -92.982    1.3    1.5    0.2
    13.980   -92.982   -8.4  -10.2    5.8
    13.989   -92.982   -9.3  -11.3    5.5
    13.998   -92.982   -9.2  -11.0    5.4
    14.007   -92.982   -9.0  -10.4    5.0
    14.016   -92.982   -8.6   -9.7    4.7
    14.024   -92.982   -8.1   -9.1    4.4
    14.033   -92.982   -7.7   -8.5    4.1
    14.042   -92.982   -7.2   -7.9    3.8
    14.051   -92.982   -6.6   -7.3    3.4
    14.060   -92.982   -5.9   -6.7    2.8
    14.069   -92.982   -5.2   -6.0    2.1
    14.078   -92.982   -4.3   -5.3    1.2
    14.087   -92.982   -3.4   -4.7    0.1
    14.096   -92.982   -2.6   -4.3   -0.8
    14.105   -92.982   -2.0   -4.1   -1.4
    14.114   -92.982   -1.6   -4.0   -1.4
    14.123   -92.982   -1.2   -3.6   -1.1
    14.132   -92.982   -1.0   -3.2   -0.8
    14.141   -92.982   -0.8   -2.8   -0.5
    14.150   -92.982   -0.7   -2.5   -0.3
    14.159   -92.982   -0.7   -2.2   -0.2
    14.168   -92.982   -0.6   -2.0   -0.1
    14.177   -92.982   -0.6   -1.8   -0.0
    14.186   -92.982   -0.6   -1.7    0.0
    14.195   -92.982   -0.6   -1.6    0.1
    14.204   -92.982   -0.6   -1.5    0.1
    14.213   -92.982   -0.6   -1.5    0.2
    14.222   -92.982   -0.6   -1.4    0.2
    14.231   -92.982   -0.6   -1.4    0.2
    14.240   -92.982   -0.6   -1.4    0.3
    14.249   -92.982   -0.6   -1.4    0.3
    14.258   -92.982   -0.6   -1.4    0.4
    14.267   -92.982   -0.6   -1.4    0.4
    14.276   -92.982   -0.6   -1.4    0.4
    14.285   -92.982   -0.6   -1.4    0.5
    14.294   -92.982   -0.7   -1.5    0.5
    14.303   -92.982   -0.7   -1.5    0.5
    14.312   -92.982   -0.7   -1.5    0.6
    14.321   -92.982   -0.8   -1.5    0.6
    14.330   -92.982   -0.8   -1.6    0.6
    14.339   -92.982   -0.9   -1.6    0.6
    14.348   -92.982   -1.0   -1.6    0.6
    14.357   -92.982   -1.0   -1.6    0.6
    14.366   -92.982   -1.1   -1.7    0.7
    14.375   -92.982   -1.1   -1.7    0.7
    14.384   -92.982   -1.2   -1.7    0.7
    14.393   -92.982   -1.3   -1.8    0.7
    14.402   -92.982   -1.3   -1.8    0.7
    14.411   -92.982   -1.3   -1.8    0.7
    14.420   -92.982   -1.4   -1.9    0.7
    14.429   -92.982   -1.4   -1.9    0.7
    14.438   -92.982   -1.4   -1.9    0.7
    14.447   -92.982   -1.4   -1.9    0.7
    14.456   -92.982   -1.4   -1.9    0.7
    14.465   -92.982   -1.3   -1.9    0.7
    14.474   -92.982   -1.3   -1.9    0.7
    14.483   -92.982   -1.3   -1.9    0.7
    14.492   -92.982   -1.2   -1.9    0.6
    14.501   -92.982   -1.2   -1.8    0.6
    14.510   -92.982   -1.1   -1.8    0.6
    14.519   -92.982   -1.1   -1.7    0.5
    14.528   -92.982   -1.0   -1.7    0.4
    14.537   -92.982   -1.0   -1.7    0.3
    14.546   -92.982   -1.0   -1.6    0.3
    14.555   -92.982   -1.0   -1.6    0.2
    14.564   -92.982   -0.9   -1.5    0.0
    14.573   -92.982   -0.9   -1.5   -0.1
    14.582   -92.982   -0.9   -1.5   -0.2
    14.591   -92.982   -0.9   -1.5   -0.3
    14.600   -92.982   -0.9   -1.5   -0.4
    14.609   -92.982   -0.9   -1.5   -0.5
    14.618   -92.982   -0.9   -1.5   -0.5
    14.627   -92.982   -0.9   -1.5   -0.6
    14.636   -92.982   -0.9   -1.5   -0.7
    14.645   -92.982   -0.8   -1.5   -0.7
    14.654   -92.982   -0.8   -1.5   -0.7
    14.663   -92.982   -0.8   -1.5   -0.8
    14.672   -92.982   -0.8   -1.5   -0.8
    14.681   -92.982   -0.8   -1.5   -0.8
    14.690   -92.982   -0.7   -1.5   -0.7
    14.699   -92.982   -0.7   -1.5   -0.7
    14.708   -92.982   -0.7   -1.5   -0.7
    14.717   -92.982   -0.7   -1.5   -0.7
    14.726   -92.982   -0.6   -1.4   -0.6
    14.735   -92.982   -0.6   -1.4   -0.6
    14.744   -92.982   -0.6   -1.4   -0.5
    14.753   -92.982   -0.5   -1.3   -0.5
    13.854   -92.972    0.2    0.4   -0.0
    13.863   -92.972    0.2    0.5   -0.0
    13.872   -92.972    0.3    0.5   -0.0
    13.881   -92.972    0.3    0.6   -0.0
    13.890   -92.972    0.3    0.6   -0.0
    13.899   -92.972    0.4    0.7   -0.0
    13.908   -92.972    0.4    0.8   -0.0
    13.917   -92.972    0.5    0.9    0.0
    13.926   -92.972    0.6    1.0    0.0
    13.935   -92.972    0.8    1.2    0.1
    13.944   -92.972    1.0    1.3    0.1
    13.953   -92.972    1.2    1.5    0.1
    13.962   -92.972    1.4    1.6    0.2
    13.971   -92.972   -1.1   -2.1    1.4
    13.980   -92.972   -9.0  -11.3    5.5
    13.989   -92.972   -9.0  -11.3    5.5
    13.998   -92.972   -8.9  -11.0    5.3
    14.007   -92.972   -8.7  -10.5    5.1
    14.016   -92.972   -8.5  -10.0    4.8
    14.024   -92.972   -8.1   -9.3    4.4
    14.033   -92.972   -7.6   -8.6    4.0
    14.042   -92.972   -7.0   -8.0    3.6
    14.051   -92.972   -6.4   -7.3    3.1
    14.060   -92.972   -5.7   -6.5    2.4
    14.069   -92.972   -4.9   -5.8    1.5
    14.078   -92.972   -4.2   -5.2    0.4
    14.087   -92.972   -3.4   -4.8   -0.7
    14.096   -92.972   -2.8   -4.6   -1.5
    14.105   -92.972   -2.4   -4.6   -1.8
    14.114   -92.972   -1.9   -4.3   -1.6
    14.123   -92.972   -1.6   -4.0   -1.2
    14.132   -92.972   -1.3   -3.5   -0.8
    14.141   -92.972   -1.0   -3.1   -0.5
    14.150   -92.972   -0.9   -2.7   -0.3
    14.159   -92.972   -0.8   -2.4   -0.2
    14.168   -92.972   -0.7   -2.1   -0.1
    14.177   -92.972   -0.7   -1.9   -0.0
    14.186   -92.972   -0.6   -1.8    0.1
    14.195   -92.972   -0.6   -1.6    0.1
    14.204   -92.972   -0.6   -1.6    0.1
    14.213   -92.972   -0.6   -1.5    0.2
    14.222   -92.972   -0.6   -1.4    0.2
    14.231   -92.972   -0.6   -1.4    0.2
    14.240   -92.972   -0.6   -1.4    0.3
    14.249   -92.972   -0.6   -1.4    0.3
    14.258   -92.972   -0.6   -1.4    0.3
    14.267   -92.972   -0.6   -1.4    0.4
    14.276   -92.972   -0.6   -1.4    0.4
    14.285   -92.972   -0.6   -1.4    0.4
    14.294   -92.972   -0.7   -1.4    0.5
    14.303   -92.972   -0.7   -1.4    0.5
    14.312   -92.972   -0.7   -1.5    0.5
    14.321   -92.972   -0.8   -1.5    0.5
    14.330   -92.972   -0.8   -1.5    0.6
    14.339   -92.972   -0.9   -1.5    0.6
    14.348   -92.972   -0.9   -1.5    0.6
    14.357   -92.972   -1.0   -1.6    0.6
    14.366   -92.972   -1.0   -1.6    0.6
    14.375   -92.972   -1.1   -1.6    0.6
    14.384   -92.972   -1.1   -1.7    0.7
    14.393   -92.972   -1.2   -1.7    0.7
    14.402   -92.972   -1.2   -1.7    0.7
    14.411   -92.972   -1.3   -1.8    0.7
    14.420   -92.972   -1.3   -1.8    0.7
    14.429   -92.972   -1.3   -1.8    0.7
    14.438   -92.972   -1.3   -1.8    0.7
    14.447   -92.972   -1.3   -1.8    0.7
    14.456   -92.972   -1.3   -1.8    0.7
    14.465   -92.972   -1.2   -1.8    0.7
    14.474   -92.972   -1.2   -1.8    0.7
    14.483   -92.972   -1.2   -1.8    0.7
    14.492   -92.972   -1.1   -1.8    0.6
    14.501   -92.972   -1.1   -1.7    0.6
    14.510   -92.972   -1.1   -1.7    0.5
    14.519   -92.972   -1.0   -1.6    0.5
    14.528   -92.972   -1.0   -1.6    0.4
    14.537   -92.972   -1.0   -1.6    0.3
    14.546   -92.972   -1.0   -1.5    0.2
    14.555   -92.972   -0.9   -1.5    0.1
    14.564   -92.972   -0.9   -1.5   -0.0
    14.573   -92.972   -0.9   -1.5   -0.1
    14.582   -92.972   -0.9   -1.4   -0.2
    14.591   -92.972   -0.9   -1.4   -0.3
    14.600   -92.972   -0.9   -1.4   -0.4
    14.609   -92.972   -0.9   -1.4   -0.5
    14.618   -92.972   -0.9   -1.4   -0.6
    14.627   -92.972   -0.9   -1.5   -0.6
    14.636   -92.972   -0.9   -1.5   -0.7
    14.645   -92.972   -0.9   -1.5   -0.7
    14.654   -92.972   -0.8   -1.5   -0.7
    14.663   -92.972   -0.8   -1.5   -0.7
    14.672   -92.972   -0.8   -1.5   -0.7
    14.681   -92.972   -0.8   -1.5   -0.7
    14.690   -92.972   -0.8   -1.5   -0.7
    14.699   -92.972   -0.7   -1.5   -0.7
    14.708   -92.972   -0.7   -1.5   -0.7
    14.717   -92.972   -0.7   -1.4   -0.6
    14.726   -92.972   -0.6   -1.4   -0.6
    14.735   -92.972   -0.6   -1.4   -0.6
    14.744   -92.972   -0.6   -1.4   -0.5
    14.753   -92.972   -0.6   -1.3   -0.5
    13.854   -92.963    0.2    0.4   -0.0
    13.863   -92.963    0.2    0.4   -0.0
    13.872   -92.963    0.2    0.5   -0.0
    13.881   -92.963    0.3    0.5   -0.0
    13.890   -92.963    0.3    0.6   -0.0
    13.899   -92.963    0.3    0.6   -0.0
    13.908   -92.963    0.4    0.7   -0.0
    13.917   -92.963    0.4    0.8   -0.0
    13.926   -92.963    0.5    0.9   -0.0
    13.935   -92.963    0.7    1.0    0.0
    13.944   -92.963    0.9    1.2    0.1
    13.953   -92.963    1.3    1.4    0.1
    13.962   -92.963    1.3    1.0    0.2
    13.971   -92.963   -8.6  -11.1    5.6
    13.980   -92.963   -8.8  -11.5    5.5
    13.989   -92.963   -8.7  -11.2    5.4
    13.998   -92.963   -8.5  -10.9    5.2
    14.007   -92.963   -8.3  -10.5    5.1
    14.016   -92.963   -8.1  -10.0    4.8
    14.024   -92.963   -7.8   -9.3    4.4
    14.033   -92.963   -7.4   -8.6    4.0
    14.042   -92.963   -6.8   -7.9    3.4
    14.051   -92.963   -6.2   -7.1    2.7
    14.060   -92.963   -5.5   -6.4    1.9
    14.069   -92.963   -4.7   -5.7    0.8
    14.078   -92.963   -4.0   -5.2   -0.4
    14.087   -92.963   -3.5   -5.0   -1.4
    14.096   -92.963   -3.0   -4.9   -1.9
    14.105   -92.963   -2.6   -4.8   -1.9
    14.114   -92.963   -2.2   -4.6   -1.6
    14.123   -92.963   -1.8   -4.1   -1.1
    14.132   -92.963   -1.5   -3.6   -0.7
    14.141   -92.963   -1.2   -3.2   -0.5
    14.150   -92.963   -1.0   -2.8   -0.3
    14.159   -92.963   -0.9   -2.5   -0.1
    14.168   -92.963   -0.8   -2.2   -0.0
    14.177   -92.963   -0.8   -2.0    0.0
    14.186   -92.963   -0.7   -1.8    0.1
    14.195   -92.963   -0.7   -1.7    0.1
    14.204   -92.963   -0.7   -1.6    0.2
    14.213   -92.963   -0.6   -1.5    0.2
    14.222   -92.963   -0.6   -1.5    0.2
    14.231   -92.963   -0.6   -1.4    0.3
    14.240   -92.963   -0.6   -1.4    0.3
    14.249   -92.963   -0.6   -1.4    0.3
    14.258   -92.963   -0.6   -1.4    0.3
    14.267   -92.963   -0.6   -1.4    0.4
    14.276   -92.963   -0.6   -1.4    0.4
    14.285   -92.963   -0.6   -1.4    0.4
    14.294   -92.963   -0.7   -1.4    0.4
    14.303   -92.963   -0.7   -1.4    0.5
    14.312   -92.963   -0.7   -1.4    0.5
    14.321   -92.963   -0.8   -1.4    0.5
    14.330   -92.963   -0.8   -1.4    0.5
    14.339   -92.963   -0.8   -1.5    0.6
    14.348   -92.963   -0.9   -1.5    0.6
    14.357   -92.963   -0.9   -1.5    0.6
    14.366   -92.963   -1.0   -1.5    0.6
    14.375   -92.963   -1.0   -1.6    0.6
    14.384   -92.963   -1.1   -1.6    0.7
    14.393   -92.963   -1.1   -1.6    0.7
    14.402   -92.963   -1.2   -1.6    0.7
    14.411   -92.963   -1.2   -1.7    0.7
    14.420   -92.963   -1.2   -1.7    0.7
    14.429   -92.963   -1.2   -1.7    0.7
    14.438   -92.963   -1.2   -1.7    0.7
    14.447   -92.963   -1.2   -1.7    0.7
    14.456   -92.963   -1.2   -1.7    0.7
    14.465   -92.963   -1.2   -1.7    0.7
    14.474   -92.963   -1.2   -1.7    0.7
    14.483   -92.963   -1.1   -1.7    0.6
    14.492   -92.963   -1.1   -1.6    0.6
    14.501   -92.963   -1.1   -1.6    0.5
    14.510   -92.963   -1.0   -1.6    0.5
    14.519   -92.963   -1.0   -1.5    0.4
    14.528   -92.963   -1.0   -1.5    0.3
    14.537   -92.963   -1.0   -1.5    0.2
    14.546   -92.963   -0.9   -1.4    0.1
    14.555   -92.963   -0.9   -1.4    0.0
    14.564   -92.963   -0.9   -1.4   -0.1
    14.573   -92.963   -0.9   -1.4   -0.2
    14.582   -92.963   -0.9   -1.4   -0.3
    14.591   -92.963   -0.9   -1.4   -0.3
    14.600   -92.963   -0.9   -1.4   -0.4
    14.609   -92.963   -0.9   -1.4   -0.5
    14.618   -92.963   -0.9   -1.4   -0.6
    14.627   -92.963   -0.9   -1.4   -0.6
    14.636   -92.963   -0.9   -1.4   -0.7
    14.645   -92.963   -0.9   -1.4   -0.7
    14.654   -92.963   -0.9   -1.5   -0.7
    14.663   -92.963   -0.8   -1.5   -0.7
    14.672   -92.963   -0.8   -1.5   -0.7
    14.681   -92.963   -0.8   -1.5   -0.7
    14.690   -92.963   -0.8   -1.5   -0.7
    14.699   -92.963   -0.8   -1.4   -0.7
    14.708   -92.963   -0.7   -1.4   -0.6
    14.717   -92.963   -0.7   -1.4   -0.6
    14.726   -92.963   -0.7   -1.4   -0.6
    14.735   -92.963   -0.6   -1.4   -0.6
    14.744   -92.963   -0.6   -1.3   -0.5
    14.753   -92.963   -0.6   -1.3   -0.5
    13.854   -92.954    0.2    0.4   -0.0
    13.863   -92.954    0.2    0.4   -0.1
    13.872   -92.954    0.2    0.4   -0.1
    13.881   -92.954    0.2    0.5   -0.1
    13.890   -92.954    0.3    0.5   -0.1
    13.899   -92.954    0.3    0.5   -0.1
    13.908   -92.954    0.3    0.6   -0.1
    13.917   -92.954    0.4    0.7   -0.1
    13.926   -92.954    0.5    0.7   -0.1
    13.935   -92.954    0.6    0.8   -0.1
    13.944   -92.954    0.8    1.0   -0.0
    13.953   -92.954    1.2    1.1    0.1
    13.962   -92.954   -6.7   -8.9    6.3
    13.971   -92.954   -8.3  -11.5    5.5
    13.980   -92.954   -8.2  -11.4    5.3
    13.989   -92.954   -8.1  -11.1    5.2
    13.998   -92.954   -8.0  -10.7    5.1
    14.007   -92.954   -7.9  -10.3    4.9
    14.016   -92.954   -7.7   -9.8    4.6
    14.024   -92.954   -7.4   -9.2    4.3
    14.033   -92.954   -7.0   -8.5    3.8
    14.042   -92.954   -6.6   -7.7    3.1
    14.051   -92.954   -5.9   -6.9    2.3
    14.060   -92.954   -5.2   -6.2    1.2
    14.069   -92.954   -4.5   -5.5    0.0
    14.078   -92.954   -4.0   -5.2   -1.1
    14.087   -92.954   -3.5   -5.1   -1.9
    14.096   -92.954   -3.2   -5.1   -2.1
    14.105   -92.954   -2.8   -5.0   -1.9
    14.114   -92.954   -2.4   -4.6   -1.4
    14.123   -92.954   -2.0   -4.2   -1.0
    14.132   -92.954   -1.6   -3.7   -0.6
    14.141   -92.954   -1.4   -3.2   -0.4
    14.150   -92.954   -1.2   -2.9   -0.2
    14.159   -92.954   -1.0   -2.5   -0.1
    14.168   -92.954   -0.9   -2.3    0.0
    14.177   -92.954   -0.9   -2.1    0.1
    14.186   -92.954   -0.8   -1.9    0.1
    14.195   -92.954   -0.7   -1.8    0.2
    14.204   -92.954   -0.7   -1.6    0.2
    14.213   -92.954   -0.7   -1.6    0.2
    14.222   -92.954   -0.7   -1.5    0.2
    14.231   -92.954   -0.6   -1.4    0.3
    14.240   -92.954   -0.6   -1.4    0.3
    14.249   -92.954   -0.6   -1.4    0.3
    14.258   -92.954   -0.6   -1.4    0.3
    14.267   -92.954   -0.6   -1.4    0.3
    14.276   -92.954   -0.6   -1.3    0.4
    14.285   -92.954   -0.6   -1.3    0.4
    14.294   -92.954   -0.7   -1.4    0.4
    14.303   -92.954   -0.7   -1.4    0.4
    14.312   -92.954   -0.7   -1.4    0.5
    14.321   -92.954   -0.8   -1.4    0.5
    14.330   -92.954   -0.8   -1.4    0.5
    14.339   -92.954   -0.8   -1.4    0.5
    14.348   -92.954   -0.9   -1.4    0.6
    14.357   -92.954   -0.9   -1.5    0.6
    14.366   -92.954   -1.0   -1.5    0.6
    14.375   -92.954   -1.0   -1.5    0.6
    14.384   -92.954   -1.0   -1.5    0.7
    14.393   -92.954   -1.1   -1.5    0.7
    14.402   -92.954   -1.1   -1.6    0.7
    14.411   -92.954   -1.1   -1.6    0.7
    14.420   -92.954   -1.1   -1.6    0.7
    14.429   -92.954   -1.1   -1.6    0.7
    14.438   -92.954   -1.1   -1.6    0.7
    14.447   -92.954   -1.1   -1.6    0.7
    14.456   -92.954   -1.1   -1.6    0.7
    14.465   -92.954   -1.1   -1.6    0.7
    14.474   -92.954   -1.1   -1.6    0.7
    14.483   -92.954   -1.1   -1.6    0.6
    14.492   -92.954   -1.0   -1.5    0.6
    14.501   -92.954   -1.0   -1.5    0.5
    14.510   -92.954   -1.0   -1.5    0.4
    14.519   -92.954   -1.0   -1.4    0.4
    14.528   -92.954   -0.9   -1.4    0.3
    14.537   -92.954   -0.9   -1.4    0.2
    14.546   -92.954   -0.9   -1.4    0.1
    14.555   -92.954   -0.9   -1.4    0.0
    14.564   -92.954   -0.9   -1.3   -0.1
    14.573   -92.954   -0.9   -1.3   -0.2
    14.582   -92.954   -0.9   -1.3   -0.3
    14.591   -92.954   -0.9   -1.3   -0.4
    14.600   -92.954   -0.9   -1.3   -0.4
    14.609   -92.954   -0.9   -1.4   -0.5
    14.618   -92.954   -0.9   -1.4   -0.6
    14.627   -92.954   -0.9   -1.4   -0.6
    14.636   -92.954   -0.9   -1.4   -0.7
    14.645   -92.954   -0.9   -1.4   -0.7
    14.654   -92.954   -0.9   -1.4   -0.7
    14.663   -92.954   -0.9   -1.4   -0.7
    14.672   -92.954   -0.8   -1.4   -0.7
    14.681   -92.954   -0.8   -1.4   -0.7
    14.690   -92.954   -0.8   -1.4   -0.7
    14.699   -92.954   -0.8   -1.4   -0.7
    14.708   -92.954   -0.7   -1.4   -0.6
    14.717   -92.954   -0.7   -1.4   -0.6
    14.726   -92.954   -0.7   -1.4   -0.6
    14.735   -92.954   -0.7   -1.3   -0.5
    14.744   -92.954   -0.6   -1.3   -0.5
    14.753   -92.954   -0.6   -1.3   -0.5
    13.854   -92.944    0.2    0.3   -0.1
    13.863   -92.944    0.2    0.4   -0.1
    13.872   -92.944    0.2    0.4   -0.1
    13.881   -92.944    0.2    0.4   -0.1
    13.890   -92.944    0.2    0.4   -0.1
    13.899   -92.944    0.3    0.5   -0.1
    13.908   -92.944    0.3    0.5   -0.1
    13.917   -92.944    0.3    0.5   -0.1
    13.926   -92.944    0.4    0.5   -0.1
    13.935   -92.944    0.5    0.5   -0.2
    13.944   -92.944    0.6    0.5   -0.2
    13.953   -92.944    1.0   -0.4   -0.2
    13.962   -92.944   -6.2  -11.0    4.8
    13.971   -92.944   -6.9  -11.1    4.9
    13.980   -92.944   -7.1  -10.9    4.9
    13.989   -92.944   -7.2  -10.7    4.9
    13.998   -92.944   -7.3  -10.3    4.7
    14.007   -92.944   -7.2   -9.9    4.6
    14.016   -92.944   -7.1   -9.4    4.3
    14.024   -92.944   -6.9   -8.8    4.0
    14.033   -92.944   -6.6   -8.2    3.4
    14.042   -92.944   -6.2   -7.4    2.7
    14.051   -92.944   -5.6   -6.6    1.7
    14.060   -92.944   -5.0   -5.9    0.5
    14.069   -92.944   -4.4   -5.4   -0.8
    14.078   -92.944   -3.9   -5.3   -1.8
    14.087   -92.944   -3.6   -5.3   -2.2
    14.096   -92.944   -3.3   -5.2   -2.1
    14.105   -92.944   -2.9   -5.0   -1.7
    14.114   -92.944   -2.5   -4.6   -1.2
    14.123   -92.944   -2.1   -4.1   -0.8
    14.132   -92.944   -1.8   -3.6   -0.5
    14.141   -92.944   -1.5   -3.2   -0.3
    14.150   -92.944   -1.3   -2.9   -0.1
    14.159   -92.944   -1.1   -2.6   -0.0
    14.168   -92.944   -1.0   -2.3    0.1
    14.177   -92.944   -0.9   -2.1    0.1
    14.186   -92.944   -0.9   -1.9    0.2
    14.195   -92.944   -0.8   -1.8    0.2
    14.204   -92.944   -0.8   -1.7    0.2
    14.213   -92.944   -0.7   -1.6    0.3
    14.222   -92.944   -0.7   -1.5    0.3
    14.231   -92.944   -0.7   -1.5    0.3
    14.240   -92.944   -0.7   -1.4    0.3
    14.249   -92.944   -0.6   -1.4    0.3
    14.258   -92.944   -0.6   -1.4    0.3
    14.267   -92.944   -0.6   -1.3    0.3
    14.276   -92.944   -0.7   -1.3    0.4
    14.285   -92.944   -0.7   -1.3    0.4
    14.294   -92.944   -0.7   -1.3    0.4
    14.303   -92.944   -0.7   -1.3    0.4
    14.312   -92.944   -0.7   -1.3    0.5
    14.321   -92.944   -0.8   -1.4    0.5
    14.330   -92.944   -0.8   -1.4    0.5
    14.339   -92.944   -0.8   -1.4    0.5
    14.348   -92.944   -0.9   -1.4    0.6
    14.357   -92.944   -0.9   -1.4    0.6
    14.366   -92.944   -0.9   -1.4    0.6
    14.375   -92.944   -1.0   -1.4    0.6
    14.384   -92.944   -1.0   -1.5    0.7
    14.393   -92.944   -1.0   -1.5    0.7
    14.402   -92.944   -1.0   -1.5    0.7
    14.411   -92.944   -1.1   -1.5    0.7
    14.420   -92.944   -1.1   -1.5    0.7
    14.429   -92.944   -1.1   -1.5    0.7
    14.438   -92.944   -1.1   -1.5    0.7
    14.447   -92.944   -1.1   -1.5    0.7
    14.456   -92.944   -1.1   -1.5    0.7
    14.465   -92.944   -1.0   -1.5    0.7
    14.474   -92.944   -1.0   -1.5    0.6
    14.483   -92.944   -1.0   -1.5    0.6
    14.492   -92.944   -1.0   -1.4    0.5
    14.501   -92.944   -1.0   -1.4    0.5
    14.510   -92.944   -0.9   -1.4    0.4
    14.519   -92.944   -0.9   -1.4    0.3
    14.528   -92.944   -0.9   -1.3    0.2
    14.537   -92.944   -0.9   -1.3    0.2
    14.546   -92.944   -0.9   -1.3    0.1
    14.555   -92.944   -0.9   -1.3   -0.0
    14.564   -92.944   -0.9   -1.3   -0.1
    14.573   -92.944   -0.9   -1.3   -0.2
    14.582   -92.944   -0.9   -1.3   -0.3
    14.591   -92.944   -0.9   -1.3   -0.4
    14.600   -92.944   -0.9   -1.3   -0.5
    14.609   -92.944   -0.9   -1.3   -0.5
    14.618   -92.944   -0.9   -1.3   -0.6
    14.627   -92.944   -0.9   -1.3   -0.6
    14.636   -92.944   -0.9   -1.4   -0.6
    14.645   -92.944   -0.9   -1.4   -0.7
    14.654   -92.944   -0.9   -1.4   -0.7
    14.663   -92.944   -0.9   -1.4   -0.7
    14.672   -92.944   -0.9   -1.4   -0.7
    14.681   -92.944   -0.8   -1.4   -0.7
    14.690   -92.944   -0.8   -1.4   -0.7
    14.699   -92.944   -0.8   -1.4   -0.6
    14.708   -92.944   -0.8   -1.4   -0.6
    14.717   -92.944   -0.7   -1.3   -0.6
    14.726   -92.944   -0.7   -1.3   -0.5
    14.735   -92.944   -0.7   -1.3   -0.5
    14.744   -92.944   -0.6   -1.3   -0.5
    14.753   -92.944   -0.6   -1.2   -0.5
    13.854   -92.935    0.2    0.3   -0.1
    13.863   -92.935    0.2    0.3   -0.1
    13.872   -92.935    0.2    0.3   -0.1
    13.881   -92.935    0.2    0.3   -0.1
    13.890   -92.935    0.2    0.4   -0.1
    13.899   -92.935    0.2    0.4   -0.1
    13.908   -92.935    0.3    0.4   -0.1
    13.917   -92.935    0.3    0.4   -0.2
    13.926   -92.935    0.3    0.3   -0.2
    13.935   -92.935    0.4    0.2   -0.2
    13.944   -92.935    0.5   -0.0   -0.3
    13.953   -92.935    0.7   -0.7   -0.4
    13.962   -92.935   -0.3   -2.9    0.2
    13.971   -92.935   -3.3   -7.4    2.1
    13.980   -92.935   -5.0   -9.2    3.5
    13.989   -92.935   -5.8   -9.6    4.0
    13.998   -92.935   -6.2   -9.6    4.1
    14.007   -92.935   -6.4   -9.3    4.1
    14.016   -92.935   -6.4   -8.9    3.9
    14.024   -92.935   -6.3   -8.3    3.5
    14.033   -92.935   -6.1   -7.7    3.0
    14.042   -92.935   -5.7   -6.9    2.1
    14.051   -92.935   -5.2   -6.2    1.0
    14.060   -92.935   -4.7   -5.6   -0.3
    14.069   -92.935   -4.3   -5.3   -1.5
    14.078   -92.935   -4.0   -5.4   -2.2
    14.087   -92.935   -3.7   -5.4   -2.3
    14.096   -92.935   -3.3   -5.2   -2.0
    14.105   -92.935   -2.9   -4.9   -1.5
    14.114   -92.935   -2.5   -4.4   -1.0
    14.123   -92.935   -2.1   -4.0   -0.7
    14.132   -92.935   -1.8   -3.6   -0.4
    14.141   -92.935   -1.6   -3.2   -0.2
    14.150   -92.935   -1.4   -2.9   -0.0
    14.159   -92.935   -1.2   -2.6    0.1
    14.168   -92.935   -1.1   -2.3    0.1
    14.177   -92.935   -1.0   -2.1    0.2
    14.186   -92.935   -0.9   -2.0    0.2
    14.195   -92.935   -0.9   -1.8    0.3
    14.204   -92.935   -0.8   -1.7    0.3
    14.213   -92.935   -0.8   -1.6    0.3
    14.222   -92.935   -0.7   -1.5    0.3
    14.231   -92.935   -0.7   -1.5    0.3
    14.240   -92.935   -0.7   -1.4    0.3
    14.249   -92.935   -0.7   -1.4    0.3
    14.258   -92.935   -0.7   -1.4    0.3
    14.267   -92.935   -0.7   -1.3    0.3
    14.276   -92.935   -0.7   -1.3    0.4
    14.285   -92.935   -0.7   -1.3    0.4
    14.294   -92.935   -0.7   -1.3    0.4
    14.303   -92.935   -0.7   -1.3    0.4
    14.312   -92.935   -0.7   -1.3    0.5
    14.321   -92.935   -0.8   -1.3    0.5
    14.330   -92.935   -0.8   -1.3    0.5
    14.339   -92.935   -0.8   -1.3    0.5
    14.348   -92.935   -0.8   -1.4    0.6
    14.357   -92.935   -0.9   -1.4    0.6
    14.366   -92.935   -0.9   -1.4    0.6
    14.375   -92.935   -0.9   -1.4    0.6
    14.384   -92.935   -1.0   -1.4    0.7
    14.393   -92.935   -1.0   -1.4    0.7
    14.402   -92.935   -1.0   -1.4    0.7
    14.411   -92.935   -1.0   -1.4    0.7
    14.420   -92.935   -1.0   -1.4    0.7
    14.429   -92.935   -1.0   -1.4    0.7
    14.438   -92.935   -1.0   -1.4    0.7
    14.447   -92.935   -1.0   -1.4    0.7
    14.456   -92.935   -1.0   -1.4    0.7
    14.465   -92.935   -1.0   -1.4    0.7
    14.474   -92.935   -1.0   -1.4    0.6
    14.483   -92.935   -1.0   -1.4    0.6
    14.492   -92.935   -0.9   -1.3    0.5
    14.501   -92.935   -0.9   -1.3    0.4
    14.510   -92.935   -0.9   -1.3    0.4
    14.519   -92.935   -0.9   -1.3    0.3
    14.528   -92.935   -0.9   -1.3    0.2
    14.537   -92.935   -0.9   -1.2    0.1
    14.546   -92.935   -0.9   -1.2    0.0
    14.555   -92.935   -0.9   -1.2   -0.1
    14.564   -92.935   -0.9   -1.2   -0.2
    14.573   -92.935   -0.9   -1.2   -0.2
    14.582   -92.935   -0.9   -1.2   -0.3
    14.591   -92.935   -0.9   -1.2   -0.4
    14.600   -92.935   -0.9   -1.3   -0.5
    14.609   -92.935   -0.9   -1.3   -0.5
    14.618   -92.935   -0.9   -1.3   -0.6
    14.627   -92.935   -0.9   -1.3   -0.6
    14.636   -92.935   -0.9   -1.3   -0.6
    14.645   -92.935   -0.9   -1.3   -0.7
    14.654   -92.935   -0.9   -1.3   -0.7
    14.663   -92.935   -0.9   -1.4   -0.7
    14.672   -92.935   -0.9   -1.4   -0.7
    14.681   -92.935   -0.8   -1.4   -0.6
    14.690   -92.935   -0.8   -1.3   -0.6
    14.699   -92.935   -0.8   -1.3   -0.6
    14.708   -92.935   -0.8   -1.3   -0.6
    14.717   -92.935   -0.7   -1.3   -0.6
    14.726   -92.935   -0.7   -1.3   -0.5
    14.735   -92.935   -0.7   -1.3   -0.5
    14.744   -92.935   -0.6   -1.2   -0.5
    14.753   -92.935   -0.6   -1.2   -0.4
    13.854   -92.926    0.1    0.3   -0.1
    13.863   -92.926    0.2    0.3   -0.1
    13.872   -92.926    0.2    0.3   -0.1
    13.881   -92.926    0.2    0.3   -0.1
    13.890   -92.926    0.2    0.3   -0.1
    13.899   -92.926    0.2    0.3   -0.1
    13.908   -92.926    0.2    0.3   -0.2
    13.917   -92.926    0.3    0.2   -0.2
    13.926   -92.926    0.3    0.2   -0.2
    13.935   -92.926    0.4    0.0   -0.3
    13.944   -92.926    0.5   -0.2   -0.3
    13.953   -92.926    0.5   -0.6   -0.3
    13.962   -92.926    0.2   -1.4   -0.2
    13.971   -92.926   -0.8   -3.0    0.3
    13.980   -92.926   -2.4   -5.3    1.2
    13.989   -92.926   -3.8   -7.2    2.2
    13.998   -92.926   -4.7   -8.0    2.9
    14.007   -92.926   -5.2   -8.2    3.2
    14.016   -92.926   -5.5   -8.0    3.1
    14.024   -92.926   -5.6   -7.6    2.9
    14.033   -92.926   -5.5   -7.0    2.3
    14.042   -92.926   -5.2   -6.3    1.4
    14.051   -92.926   -4.9   -5.7    0.2
    14.060   -92.926   -4.5   -5.3   -1.1
    14.069   -92.926   -4.3   -5.3   -2.1
    14.078   -92.926   -4.0   -5.3   -2.4
    14.087   -92.926   -3.7   -5.3   -2.2
    14.096   -92.926   -3.3   -5.0   -1.7
    14.105   -92.926   -2.9   -4.6   -1.2
    14.114   -92.926   -2.5   -4.2   -0.8
    14.123   -92.926   -2.2   -3.8   -0.5
    14.132   -92.926   -1.9   -3.4   -0.3
    14.141   -92.926   -1.6   -3.1   -0.1
    14.150   -92.926   -1.4   -2.8    0.0
    14.159   -92.926   -1.3   -2.5    0.1
    14.168   -92.926   -1.1   -2.3    0.2
    14.177   -92.926   -1.0   -2.1    0.3
    14.186   -92.926   -1.0   -2.0    0.3
    14.195   -92.926   -0.9   -1.8    0.3
    14.204   -92.926   -0.8   -1.7    0.3
    14.213   -92.926   -0.8   -1.6    0.3
    14.222   -92.926   -0.8   -1.5    0.3
    14.231   -92.926   -0.7   -1.5    0.3
    14.240   -92.926   -0.7   -1.4    0.3
    14.249   -92.926   -0.7   -1.4    0.3
    14.258   -92.926   -0.7   -1.4    0.3
    14.267   -92.926   -0.7   -1.3    0.4
    14.276   -92.926   -0.7   -1.3    0.4
    14.285   -92.926   -0.7   -1.3    0.4
    14.294   -92.926   -0.7   -1.3    0.4
    14.303   -92.926   -0.7   -1.3    0.4
    14.312   -92.926   -0.7   -1.3    0.5
    14.321   -92.926   -0.8   -1.3    0.5
    14.330   -92.926   -0.8   -1.3    0.5
    14.339   -92.926   -0.8   -1.3    0.5
    14.348   -92.926   -0.8   -1.3    0.6
    14.357   -92.926   -0.9   -1.3    0.6
    14.366   -92.926   -0.9   -1.3    0.6
    14.375   -92.926   -0.9   -1.3    0.6
    14.384   -92.926   -0.9   -1.3    0.7
    14.393   -92.926   -0.9   -1.3    0.7
    14.402   -92.926   -0.9   -1.3    0.7
    14.411   -92.926   -1.0   -1.3    0.7
    14.420   -92.926   -1.0   -1.3    0.7
    14.429   -92.926   -1.0   -1.3    0.7
    14.438   -92.926   -1.0   -1.3    0.7
    14.447   -92.926   -0.9   -1.3    0.7
    14.456   -92.926   -0.9   -1.3    0.7
    14.465   -92.926   -0.9   -1.3    0.6
    14.474   -92.926   -0.9   -1.3    0.6
    14.483   -92.926   -0.9   -1.3    0.5
    14.492   -92.926   -0.9   -1.2    0.5
    14.501   -92.926   -0.9   -1.2    0.4
    14.510   -92.926   -0.9   -1.2    0.3
    14.519   -92.926   -0.9   -1.2    0.3
    14.528   -92.926   -0.9   -1.2    0.2
    14.537   -92.926   -0.9   -1.2    0.1
    14.546   -92.926   -0.9   -1.2   -0.0
    14.555   -92.926   -0.9   -1.2   -0.1
    14.564   -92.926   -0.9   -1.2   -0.2
    14.573   -92.926   -0.9   -1.2   -0.3
    14.582   -92.926   -0.9   -1.2   -0.3
    14.591   -92.926   -0.9   -1.2   -0.4
    14.600   -92.926   -0.9   -1.2   -0.5
    14.609   -92.926   -0.9   -1.2   -0.5
    14.618   -92.926   -0.9   -1.3   -0.6
    14.627   -92.926   -0.9   -1.3   -0.6
    14.636   -92.926   -0.9   -1.3   -0.6
    14.645   -92.926   -0.9   -1.3   -0.6
    14.654   -92.926   -0.9   -1.3   -0.6
    14.663   -92.926   -0.9   -1.3   -0.6
    14.672   -92.926   -0.9   -1.3   -0.6
    14.681   -92.926   -0.8   -1.3   -0.6
    14.690   -92.926   -0.8   -1.3   -0.6
    14.699   -92.926   -0.8   -1.3   -0.6
    14.708   -92.926   -0.8   -1.3   -0.6
    14.717   -92.926   -0.7   -1.3   -0.5
    14.726   -92.926   -0.7   -1.3   -0.5
    14.735   -92.926   -0.7   -1.2   -0.5
    14.744   -92.926   -0.7   -1.2   -0.4
    14.753   -92.926   -0.6   -1.2   -0.4
    13.854   -92.917    0.1    0.2   -0.1
    13.863   -92.917    0.1    0.2   -0.1
    13.872   -92.917    0.2    0.2   -0.1
    13.881   -92.917    0.2    0.2   -0.1
    13.890   -92.917    0.2    0.2   -0.1
    13.899   -92.917    0.2    0.2   -0.2
    13.908   -92.917    0.2    0.2   -0.2
    13.917   -92.917    0.3    0.1   -0.2
    13.926   -92.917    0.3    0.1   -0.2
    13.935   -92.917    0.3   -0.1   -0.3
    13.944   -92.917    0.4   -0.2   -0.3
    13.953   -92.917    0.4   -0.5   -0.3
    13.962   -92.917    0.3   -1.0   -0.3
    13.971   -92.917   -0.2   -1.7   -0.1
    13.980   -92.917   -1.0   -2.8    0.3
    13.989   -92.917   -2.1   -4.2    0.8
    13.998   -92.917   -3.1   -5.6    1.4
    14.007   -92.917   -3.9   -6.4    1.9
    14.016   -92.917   -4.5   -6.7    2.1
    14.024   -92.917   -4.8   -6.5    2.0
    14.033   -92.917   -4.8   -6.1    1.5
    14.042   -92.917   -4.7   -5.5    0.5
    14.051   -92.917   -4.6   -5.1   -0.7
    14.060   -92.917   -4.4   -5.0   -1.8
    14.069   -92.917   -4.2   -5.1   -2.4
    14.078   -92.917   -4.0   -5.2   -2.4
    14.087   -92.917   -3.7   -5.0   -2.0
    14.096   -92.917   -3.3   -4.7   -1.5
    14.105   -92.917   -2.8   -4.4   -1.0
    14.114   -92.917   -2.5   -4.0   -0.6
    14.123   -92.917   -2.1   -3.6   -0.4
    14.132   -92.917   -1.9   -3.3   -0.2
    14.141   -92.917   -1.6   -3.0   -0.0
    14.150   -92.917   -1.5   -2.7    0.1
    14.159   -92.917   -1.3   -2.5    0.2
    14.168   -92.917   -1.2   -2.3    0.3
    14.177   -92.917   -1.1   -2.1    0.3
    14.186   -92.917   -1.0   -2.0    0.4
    14.195   -92.917   -0.9   -1.8    0.4
    14.204   -92.917   -0.9   -1.7    0.4
    14.213   -92.917   -0.8   -1.6    0.4
    14.222   -92.917   -0.8   -1.6    0.4
    14.231   -92.917   -0.8   -1.5    0.4
    14.240   -92.917   -0.7   -1.4    0.4
    14.249   -92.917   -0.7   -1.4    0.4
    14.258   -92.917   -0.7   -1.4    0.4
    14.267   -92.917   -0.7   -1.4    0.4
    14.276   -92.917   -0.7   -1.3    0.4
    14.285   -92.917   -0.7   -1.3    0.4
    14.294   -92.917   -0.7   -1.3    0.4
    14.303   -92.917   -0.7   -1.3    0.4
    14.312   -92.917   -0.8   -1.3    0.5
    14.321   -92.917   -0.8   -1.3    0.5
    14.330   -92.917   -0.8   -1.3    0.5
    14.339   -92.917   -0.8   -1.3    0.5
    14.348   -92.917   -0.8   -1.3    0.6
    14.357   -92.917   -0.9   -1.3    0.6
    14.366   -92.917   -0.9   -1.3    0.6
    14.375   -92.917   -0.9   -1.3    0.6
    14.384   -92.917   -0.9   -1.3    0.7
    14.393   -92.917   -0.9   -1.3    0.7
    14.402   -92.917   -0.9   -1.3    0.7
    14.411   -92.917   -0.9   -1.3    0.7
    14.420   -92.917   -0.9   -1.3    0.7
    14.429   -92.917   -0.9   -1.3    0.7
    14.438   -92.917   -0.9   -1.3    0.7
    14.447   -92.917   -0.9   -1.2    0.7
    14.456   -92.917   -0.9   -1.2    0.6
    14.465   -92.917   -0.9   -1.2    0.6
    14.474   -92.917   -0.9   -1.2    0.6
    14.483   -92.917   -0.9   -1.2    0.5
    14.492   -92.917   -0.8   -1.2    0.4
    14.501   -92.917   -0.8   -1.1    0.4
    14.510   -92.917   -0.8   -1.1    0.3
    14.519   -92.917   -0.8   -1.1    0.2
    14.528   -92.917   -0.8   -1.1    0.1
    14.537   -92.917   -0.8   -1.1    0.0
    14.546   -92.917   -0.8   -1.1   -0.0
    14.555   -92.917   -0.9   -1.1   -0.1
    14.564   -92.917   -0.9   -1.1   -0.2
    14.573   -92.917   -0.9   -1.1   -0.3
    14.582   -92.917   -0.9   -1.1   -0.4
    14.591   -92.917   -0.9   -1.2   -0.4
    14.600   -92.917   -0.9   -1.2   -0.5
    14.609   -92.917   -0.9   -1.2   -0.5
    14.618   -92.917   -0.9   -1.2   -0.5
    14.627   -92.917   -0.9   -1.2   -0.6
    14.636   -92.917   -0.9   -1.2   -0.6
    14.645   -92.917   -0.9   -1.3   -0.6
    14.654   -92.917   -0.9   -1.3   -0.6
    14.663   -92.917   -0.9   -1.3   -0.6
    14.672   -92.917   -0.9   -1.3   -0.6
    14.681   -92.917   -0.8   -1.3   -0.6
    14.690   -92.917   -0.8   -1.3   -0.6
    14.699   -92.917   -0.8   -1.3   -0.6
    14.708   -92.917   -0.8   -1.3   -0.5
    14.717   -92.917   -0.7   -1.2   -0.5
    14.726   -92.917   -0.7   -1.2   -0.5
    14.735   -92.917   -0.7   -1.2   -0.5
    14.744   -92.917   -0.7   -1.2   -0.4
    14.753   -92.917   -0.6   -1.2   -0.4
    13.854   -92.907    0.1    0.2   -0.1
    13.863   -92.907    0.1    0.2   -0.1
    13.872   -92.907    0.1    0.2   -0.1
    13.881   -92.907    0.2    0.2   -0.1
    13.890   -92.907    0.2    0.2   -0.2
    13.899   -92.907    0.2    0.1   -0.2
    13.908   -92.907    0.2    0.1   -0.2
    13.917   -92.907    0.2    0.1   -0.2
    13.926   -92.907    0.3   -0.0   -0.3
    13.935   -92.907    0.3   -0.1   -0.3
    13.944   -92.907    0.3   -0.3   -0.3
    13.953   -92.907    0.3   -0.4   -0.3
    13.962   -92.907    0.2   -0.7   -0.3
    13.971   -92.907   -0.0   -1.1   -0.2
    13.980   -92.907   -0.5   -1.7   -0.0
    13.989   -92.907   -1.1   -2.5    0.2
    13.998   -92.907   -1.9   -3.4    0.5
    14.007   -92.907   -2.7   -4.3    0.9
    14.016   -92.907   -3.4   -4.9    1.1
    14.024   -92.907   -3.9   -5.1    1.0
    14.033   -92.907   -4.2   -4.9    0.5
    14.042   -92.907   -4.3   -4.7   -0.3
    14.051   -92.907   -4.3   -4.5   -1.4
    14.060   -92.907   -4.3   -4.6   -2.2
    14.069   -92.907   -4.2   -4.8   -2.4
    14.078   -92.907   -3.9   -4.8   -2.1
    14.087   -92.907   -3.6   -4.7   -1.6
    14.096   -92.907   -3.2   -4.4   -1.2
    14.105   -92.907   -2.8   -4.0   -0.8
    14.114   -92.907   -2.4   -3.7   -0.5
    14.123   -92.907   -2.1   -3.4   -0.2
    14.132   -92.907   -1.8   -3.1   -0.1
    14.141   -92.907   -1.6   -2.8    0.1
    14.150   -92.907   -1.5   -2.6    0.2
    14.159   -92.907   -1.3   -2.4    0.3
    14.168   -92.907   -1.2   -2.2    0.3
    14.177   -92.907   -1.1   -2.1    0.4
    14.186   -92.907   -1.0   -1.9    0.4
    14.195   -92.907   -1.0   -1.8    0.4
    14.204   -92.907   -0.9   -1.7    0.4
    14.213   -92.907   -0.9   -1.6    0.4
    14.222   -92.907   -0.8   -1.6    0.4
    14.231   -92.907   -0.8   -1.5    0.4
    14.240   -92.907   -0.8   -1.5    0.4
    14.249   -92.907   -0.8   -1.4    0.4
    14.258   -92.907   -0.7   -1.4    0.4
    14.267   -92.907   -0.7   -1.4    0.4
    14.276   -92.907   -0.7   -1.3    0.4
    14.285   -92.907   -0.7   -1.3    0.4
    14.294   -92.907   -0.7   -1.3    0.4
    14.303   -92.907   -0.8   -1.3    0.4
    14.312   -92.907   -0.8   -1.3    0.5
    14.321   -92.907   -0.8   -1.3    0.5
    14.330   -92.907   -0.8   -1.3    0.5
    14.339   -92.907   -0.8   -1.3    0.6
    14.348   -92.907   -0.8   -1.3    0.6
    14.357   -92.907   -0.8   -1.3    0.6
    14.366   -92.907   -0.9   -1.3    0.6
    14.375   -92.907   -0.9   -1.2    0.7
    14.384   -92.907   -0.9   -1.2    0.7
    14.393   -92.907   -0.9   -1.2    0.7
    14.402   -92.907   -0.9   -1.2    0.7
    14.411   -92.907   -0.9   -1.2    0.7
    14.420   -92.907   -0.9   -1.2    0.7
    14.429   -92.907   -0.9   -1.2    0.7
    14.438   -92.907   -0.9   -1.2    0.7
    14.447   -92.907   -0.8   -1.2    0.7
    14.456   -92.907   -0.8   -1.1    0.6
    14.465   -92.907   -0.8   -1.1    0.6
    14.474   -92.907   -0.8   -1.1    0.5
    14.483   -92.907   -0.8   -1.1    0.5
    14.492   -92.907   -0.8   -1.1    0.4
    14.501   -92.907   -0.8   -1.1    0.3
    14.510   -92.907   -0.8   -1.1    0.3
    14.519   -92.907   -0.8   -1.1    0.2
    14.528   -92.907   -0.8   -1.0    0.1
    14.537   -92.907   -0.8   -1.0    0.0
    14.546   -92.907   -0.8   -1.1   -0.1
    14.555   -92.907   -0.8   -1.1   -0.1
    14.564   -92.907   -0.9   -1.1   -0.2
    14.573   -92.907   -0.9   -1.1   -0.3
    14.582   -92.907   -0.9   -1.1   -0.4
    14.591   -92.907   -0.9   -1.1   -0.4
    14.600   -92.907   -0.9   -1.1   -0.5
    14.609   -92.907   -0.9   -1.2   -0.5
    14.618   -92.907   -0.9   -1.2   -0.5
    14.627   -92.907   -0.9   -1.2   -0.6
    14.636   -92.907   -0.9   -1.2   -0.6
    14.645   -92.907   -0.9   -1.2   -0.6
    14.654   -92.907   -0.9   -1.2   -0.6
    14.663   -92.907   -0.9   -1.2   -0.6
    14.672   -92.907   -0.9   -1.2   -0.6
    14.681   -92.907   -0.8   -1.2   -0.6
    14.690   -92.907   -0.8   -1.2   -0.5
    14.699   -92.907   -0.8   -1.2   -0.5
    14.708   -92.907   -0.8   -1.2   -0.5
    14.717   -92.907   -0.7   -1.2   -0.5
    14.726   -92.907   -0.7   -1.2   -0.5
    14.735   -92.907   -0.7   -1.2   -0.4
    14.744   -92.907   -0.7   -1.2   -0.4
    14.753   -92.907   -0.6   -1.1   -0.4
    13.854   -92.898    0.1    0.2   -0.1
    13.863   -92.898    0.1    0.2   -0.1
    13.872   -92.898    0.1    0.1   -0.1
    13.881   -92.898    0.1    0.1   -0.1
    13.890   -92.898    0.2    0.1   -0.2
    13.899   -92.898    0.2    0.1   -0.2
    13.908   -92.898    0.2    0.1   -0.2
    13.917   -92.898    0.2    0.0   -0.2
    13.926   -92.898    0.2   -0.0   -0.3
    13.935   -92.898    0.3   -0.1   -0.3
    13.944   -92.898    0.3   -0.2   -0.3
    13.953   -92.898    0.3   -0.4   -0.3
    13.962   -92.898    0.2   -0.6   -0.3
    13.971   -92.898    0.0   -0.8   -0.2
    13.980   -92.898   -0.3   -1.1   -0.2
    13.989   -92.898   -0.7   -1.5   -0.0
    13.998   -92.898   -1.3   -2.1    0.1
    14.007   -92.898   -1.9   -2.7    0.2
    14.016   -92.898   -2.6   -3.2    0.3
    14.024   -92.898   -3.2   -3.6    0.1
    14.033   -92.898   -3.6   -3.7   -0.3
    14.042   -92.898   -4.0   -3.7   -1.0
    14.051   -92.898   -4.2   -3.9   -1.8
    14.060   -92.898   -4.2   -4.1   -2.2
    14.069   -92.898   -4.1   -4.3   -2.1
    14.078   -92.898   -3.8   -4.4   -1.8
    14.087   -92.898   -3.4   -4.2   -1.3
    14.096   -92.898   -3.0   -3.9   -0.9
    14.105   -92.898   -2.6   -3.7   -0.6
    14.114   -92.898   -2.3   -3.4   -0.3
    14.123   -92.898   -2.0   -3.1   -0.1
    14.132   -92.898   -1.8   -2.9    0.0
    14.141   -92.898   -1.6   -2.7    0.2
    14.150   -92.898   -1.4   -2.5    0.3
    14.159   -92.898   -1.3   -2.3    0.3
    14.168   -92.898   -1.2   -2.2    0.4
    14.177   -92.898   -1.1   -2.0    0.4
    14.186   -92.898   -1.0   -1.9    0.4
    14.195   -92.898   -1.0   -1.8    0.4
    14.204   -92.898   -0.9   -1.7    0.4
    14.213   -92.898   -0.9   -1.6    0.4
    14.222   -92.898   -0.8   -1.6    0.4
    14.231   -92.898   -0.8   -1.5    0.4
    14.240   -92.898   -0.8   -1.5    0.4
    14.249   -92.898   -0.8   -1.4    0.4
    14.258   -92.898   -0.8   -1.4    0.4
    14.267   -92.898   -0.8   -1.4    0.4
    14.276   -92.898   -0.8   -1.4    0.4
    14.285   -92.898   -0.8   -1.3    0.4
    14.294   -92.898   -0.8   -1.3    0.4
    14.303   -92.898   -0.8   -1.3    0.5
    14.312   -92.898   -0.8   -1.3    0.5
    14.321   -92.898   -0.8   -1.3    0.5
    14.330   -92.898   -0.8   -1.3    0.5
    14.339   -92.898   -0.8   -1.3    0.6
    14.348   -92.898   -0.8   -1.3    0.6
    14.357   -92.898   -0.9   -1.2    0.6
    14.366   -92.898   -0.9   -1.2    0.7
    14.375   -92.898   -0.9   -1.2    0.7
    14.384   -92.898   -0.9   -1.2    0.7
    14.393   -92.898   -0.9   -1.2    0.7
    14.402   -92.898   -0.9   -1.2    0.7
    14.411   -92.898   -0.9   -1.2    0.7
    14.420   -92.898   -0.8   -1.1    0.7
    14.429   -92.898   -0.8   -1.1    0.7
    14.438   -92.898   -0.8   -1.1    0.7
    14.447   -92.898   -0.8   -1.1    0.6
    14.456   -92.898   -0.8   -1.1    0.6
    14.465   -92.898   -0.8   -1.1    0.5
    14.474   -92.898   -0.8   -1.0    0.5
    14.483   -92.898   -0.8   -1.0    0.4
    14.492   -92.898   -0.8   -1.0    0.4
    14.501   -92.898   -0.8   -1.0    0.3
    14.510   -92.898   -0.8   -1.0    0.2
    14.519   -92.898   -0.8   -1.0    0.1
    14.528   -92.898   -0.8   -1.0    0.1
    14.537   -92.898   -0.8   -1.0   -0.0
    14.546   -92.898   -0.8   -1.0   -0.1
    14.555   -92.898   -0.8   -1.0   -0.2
    14.564   -92.898   -0.8   -1.0   -0.2
    14.573   -92.898   -0.9   -1.0   -0.3
    14.582   -92.898   -0.9   -1.1   -0.4
    14.591   -92.898   -0.9   -1.1   -0.4
    14.600   -92.898   -0.9   -1.1   -0.5
    14.609   -92.898   -0.9   -1.1   -0.5
    14.618   -92.898   -0.9   -1.1   -0.5
    14.627   -92.898   -0.9   -1.2   -0.5
    14.636   -92.898   -0.9   -1.2   -0.6
    14.645   -92.898   -0.9   -1.2   -0.6
    14.654   -92.898   -0.9   -1.2   -0.6
    14.663   -92.898   -0.9   -1.2   -0.6
    14.672   -92.898   -0.8   -1.2   -0.5
    14.681   -92.898   -0.8   -1.2   -0.5
    14.690   -92.898   -0.8   -1.2   -0.5
    14.699   -92.898   -0.8   -1.2   -0.5
    14.708   -92.898   -0.8   -1.2   -0.5
    14.717   -92.898   -0.7   -1.2   -0.5
    14.726   -92.898   -0.7   -1.2   -0.4
    14.735   -92.898   -0.7   -1.1   -0.4
    14.744   -92.898   -0.7   -1.1   -0.4
    14.753   -92.898   -0.6   -1.1   -0.4
    13.854   -92.889    0.1    0.1   -0.1
    13.863   -92.889    0.1    0.1   -0.1
    13.872   -92.889    0.1    0.1   -0.1
    13.881   -92.889    0.1    0.1   -0.2
    13.890   -92.889    0.1    0.1   -0.2
    13.899   -92.889    0.2    0.1   -0.2
    13.908   -92.889    0.2    0.0   -0.2
    13.917   -92.889    0.2   -0.0   -0.2
    13.926   -92.889    0.2   -0.1   -0.3
    13.935   -92.889    0.2   -0.1   -0.3
    13.944   -92.889    0.2   -0.2   -0.3
    13.953   -92.889    0.2   -0.3   -0.3
    13.962   -92.889    0.1   -0.4   -0.3
    13.971   -92.889   -0.0   -0.6   -0.3
    13.980   -92.889   -0.2   -0.8   -0.2
    13.989   -92.889   -0.5   -1.0   -0.2
    13.998   -92.889   -0.9   -1.3   -0.1
    14.007   -92.889   -1.4   -1.7   -0.1
    14.016   -92.889   -2.0   -2.0   -0.1
    14.024   -92.889   -2.6   -2.3   -0.3
    14.033   -92.889   -3.1   -2.6   -0.7
    14.042   -92.889   -3.6   -2.8   -1.3
    14.051   -92.889   -3.9   -3.2   -1.8
    14.060   -92.889   -4.0   -3.5   -1.9
    14.069   -92.889   -3.8   -3.7   -1.7
    14.078   -92.889   -3.5   -3.8   -1.4
    14.087   -92.889   -3.2   -3.7   -1.0
    14.096   -92.889   -2.8   -3.5   -0.7
    14.105   -92.889   -2.5   -3.3   -0.4
    14.114   -92.889   -2.2   -3.1   -0.2
    14.123   -92.889   -1.9   -2.9   -0.0
    14.132   -92.889   -1.7   -2.7    0.1
    14.141   -92.889   -1.6   -2.5    0.2
    14.150   -92.889   -1.4   -2.4    0.3
    14.159   -92.889   -1.3   -2.2    0.4
    14.168   -92.889   -1.2   -2.1    0.4
    14.177   -92.889   -1.1   -2.0    0.5
    14.186   -92.889   -1.0   -1.9    0.5
    14.195   -92.889   -1.0   -1.8    0.5
    14.204   -92.889   -0.9   -1.7    0.5
    14.213   -92.889   -0.9   -1.6    0.5
    14.222   -92.889   -0.9   -1.6    0.4
    14.231   -92.889   -0.8   -1.5    0.4
    14.240   -92.889   -0.8   -1.5    0.4
    14.249   -92.889   -0.8   -1.4    0.4
    14.258   -92.889   -0.8   -1.4    0.4
    14.267   -92.889   -0.8   -1.4    0.4
    14.276   -92.889   -0.8   -1.4    0.4
    14.285   -92.889   -0.8   -1.3    0.5
    14.294   -92.889   -0.8   -1.3    0.5
    14.303   -92.889   -0.8   -1.3    0.5
    14.312   -92.889   -0.8   -1.3    0.5
    14.321   -92.889   -0.8   -1.3    0.5
    14.330   -92.889   -0.8   -1.3    0.6
    14.339   -92.889   -0.8   -1.3    0.6
    14.348   -92.889   -0.9   -1.2    0.6
    14.357   -92.889   -0.9   -1.2    0.7
    14.366   -92.889   -0.9   -1.2    0.7
    14.375   -92.889   -0.9   -1.2    0.7
    14.384   -92.889   -0.9   -1.2    0.7
    14.393   -92.889   -0.9   -1.1    0.7
    14.402   -92.889   -0.8   -1.1    0.7
    14.411   -92.889   -0.8   -1.1    0.7
    14.420   -92.889   -0.8   -1.1    0.7
    14.429   -92.889   -0.8   -1.1    0.7
    14.438   -92.889   -0.8   -1.0    0.6
    14.447   -92.889   -0.8   -1.0    0.6
    14.456   -92.889   -0.8   -1.0    0.6
    14.465   -92.889   -0.8   -1.0    0.5
    14.474   -92.889   -0.7   -1.0    0.5
    14.483   -92.889   -0.7   -1.0    0.4
    14.492   -92.889   -0.7   -1.0    0.3
    14.501   -92.889   -0.7   -0.9    0.3
    14.510   -92.889   -0.7   -0.9    0.2
    14.519   -92.889   -0.8   -0.9    0.1
    14.528   -92.889   -0.8   -0.9    0.0
    14.537   -92.889   -0.8   -0.9   -0.0
    14.546   -92.889   -0.8   -1.0   -0.1
    14.555   -92.889   -0.8   -1.0   -0.2
    14.564   -92.889   -0.8   -1.0   -0.2
    14.573   -92.889   -0.8   -1.0   -0.3
    14.582   -92.889   -0.9   -1.0   -0.4
    14.591   -92.889   -0.9   -1.0   -0.4
    14.600   -92.889   -0.9   -1.1   -0.4
    14.609   -92.889   -0.9   -1.1   -0.5
    14.618   -92.889   -0.9   -1.1   -0.5
    14.627   -92.889   -0.9   -1.1   -0.5
    14.636   -92.889   -0.9   -1.1   -0.5
    14.645   -92.889   -0.9   -1.1   -0.5
    14.654   -92.889   -0.9   -1.2   -0.5
    14.663   -92.889   -0.9   -1.2   -0.5
    14.672   -92.889   -0.8   -1.2   -0.5
    14.681   -92.889   -0.8   -1.2   -0.5
    14.690   -92.889   -0.8   -1.2   -0.5
    14.699   -92.889   -0.8   -1.2   -0.5
    14.708   -92.889   -0.8   -1.1   -0.5
    14.717   -92.889   -0.7   -1.1   -0.4
    14.726   -92.889   -0.7   -1.1   -0.4
    14.735   -92.889   -0.7   -1.1   -0.4
    14.744   -92.889   -0.7   -1.1   -0.4
    14.753   -92.889   -0.6   -1.1   -0.3
    13.854   -92.879    0.1    0.1   -0.1
    13.863   -92.879    0.1    0.1   -0.1
    13.872   -92.879    0.1    0.1   -0.1
    13.881   -92.879    0.1    0.1   -0.2
    13.890   -92.879    0.1    0.1   -0.2
    13.899   -92.879    0.2    0.0   -0.2
    13.908   -92.879    0.2   -0.0   -0.2
    13.917   -92.879    0.2   -0.0   -0.2
    13.926   -92.879    0.2   -0.1   -0.2
    13.935   -92.879    0.2   -0.1   -0.3
    13.944   -92.879    0.2   -0.2   -0.3
    13.953   -92.879    0.1   -0.3   -0.3
    13.962   -92.879    0.1   -0.4   -0.3
    13.971   -92.879   -0.0   -0.5   -0.3
    13.980   -92.879   -0.2   -0.6   -0.3
    13.989   -92.879   -0.4   -0.7   -0.2
    13.998   -92.879   -0.7   -0.9   -0.2
    14.007   -92.879   -1.1   -1.1   -0.2
    14.016   -92.879   -1.6   -1.3   -0.3
    14.024   -92.879   -2.2   -1.5   -0.5
    14.033   -92.879   -2.7   -1.8   -0.8
    14.042   -92.879   -3.2   -2.1   -1.2
    14.051   -92.879   -3.5   -2.5   -1.5
    14.060   -92.879   -3.6   -2.9   -1.5
    14.069   -92.879   -3.5   -3.1   -1.3
    14.078   -92.879   -3.2   -3.2   -1.0
    14.087   -92.879   -2.9   -3.1   -0.7
    14.096   -92.879   -2.6   -3.0   -0.5
    14.105   -92.879   -2.3   -2.9   -0.3
    14.114   -92.879   -2.0   -2.8   -0.1
    14.123   -92.879   -1.8   -2.6    0.1
    14.132   -92.879   -1.6   -2.5    0.2
    14.141   -92.879   -1.5   -2.4    0.3
    14.150   -92.879   -1.4   -2.2    0.4
    14.159   -92.879   -1.2   -2.1    0.4
    14.168   -92.879   -1.1   -2.0    0.5
    14.177   -92.879   -1.1   -1.9    0.5
    14.186   -92.879   -1.0   -1.8    0.5
    14.195   -92.879   -1.0   -1.7    0.5
    14.204   -92.879   -0.9   -1.7    0.5
    14.213   -92.879   -0.9   -1.6    0.5
    14.222   -92.879   -0.9   -1.6    0.5
    14.231   -92.879   -0.8   -1.5    0.5
    14.240   -92.879   -0.8   -1.5    0.5
    14.249   -92.879   -0.8   -1.4    0.5
    14.258   -92.879   -0.8   -1.4    0.5
    14.267   -92.879   -0.8   -1.4    0.5
    14.276   -92.879   -0.8   -1.4    0.5
    14.285   -92.879   -0.8   -1.4    0.5
    14.294   -92.879   -0.8   -1.3    0.5
    14.303   -92.879   -0.8   -1.3    0.5
    14.312   -92.879   -0.8   -1.3    0.6
    14.321   -92.879   -0.8   -1.3    0.6
    14.330   -92.879   -0.8   -1.3    0.6
    14.339   -92.879   -0.9   -1.2    0.6
    14.348   -92.879   -0.9   -1.2    0.7
    14.357   -92.879   -0.9   -1.2    0.7
    14.366   -92.879   -0.9   -1.2    0.7
    14.375   -92.879   -0.9   -1.1    0.7
    14.384   -92.879   -0.9   -1.1    0.7
    14.393   -92.879   -0.9   -1.1    0.7
    14.402   -92.879   -0.8   -1.1    0.7
    14.411   -92.879   -0.8   -1.0    0.7
    14.420   -92.879   -0.8   -1.0    0.7
    14.429   -92.879   -0.8   -1.0    0.7
    14.438   -92.879   -0.8   -1.0    0.6
    14.447   -92.879   -0.8   -1.0    0.6
    14.456   -92.879   -0.7   -0.9    0.5
    14.465   -92.879   -0.7   -0.9    0.5
    14.474   -92.879   -0.7   -0.9    0.4
    14.483   -92.879   -0.7   -0.9    0.4
    14.492   -92.879   -0.7   -0.9    0.3
    14.501   -92.879   -0.7   -0.9    0.2
    14.510   -92.879   -0.7   -0.9    0.2
    14.519   -92.879   -0.7   -0.9    0.1
    14.528   -92.879   -0.7   -0.9    0.0
    14.537   -92.879   -0.8   -0.9   -0.1
    14.546   -92.879   -0.8   -0.9   -0.1
    14.555   -92.879   -0.8   -0.9   -0.2
    14.564   -92.879   -0.8   -0.9   -0.3
    14.573   -92.879   -0.8   -1.0   -0.3
    14.582   -92.879   -0.8   -1.0   -0.4
    14.591   -92.879   -0.8   -1.0   -0.4
    14.600   -92.879   -0.9   -1.0   -0.4
    14.609   -92.879   -0.9   -1.0   -0.5
    14.618   -92.879   -0.9   -1.1   -0.5
    14.627   -92.879   -0.9   -1.1   -0.5
    14.636   -92.879   -0.9   -1.1   -0.5
    14.645   -92.879   -0.9   -1.1   -0.5
    14.654   -92.879   -0.9   -1.1   -0.5
    14.663   -92.879   -0.8   -1.1   -0.5
    14.672   -92.879   -0.8   -1.1   -0.5
    14.681   -92.879   -0.8   -1.1   -0.5
    14.690   -92.879   -0.8   -1.1   -0.5
    14.699   -92.879   -0.8   -1.1   -0.4
    14.708   -92.879   -0.8   -1.1   -0.4
    14.717   -92.879   -0.7   -1.1   -0.4
    14.726   -92.879   -0.7   -1.1   -0.4
    14.735   -92.879   -0.7   -1.1   -0.4
    14.744   -92.879   -0.7   -1.1   -0.4
    14.753   -92.879   -0.6   -1.0   -0.3
    13.854   -92.870    0.1    0.1   -0.1
    13.863   -92.870    0.1    0.1   -0.1
    13.872   -92.870    0.1    0.1   -0.1
    13.881   -92.870    0.1    0.0   -0.2
    13.890   -92.870    0.1    0.0   -0.2
    13.899   -92.870    0.1    0.0   -0.2
    13.908   -92.870    0.1   -0.0   -0.2
    13.917   -92.870    0.2   -0.1   -0.2
    13.926   -92.870    0.2   -0.1   -0.2
    13.935   -92.870    0.2   -0.1   -0.3
    13.944   -92.870    0.1   -0.2   -0.3
    13.953   -92.870    0.1   -0.2   -0.3
    13.962   -92.870    0.0   -0.3   -0.3
    13.971   -92.870   -0.0   -0.4   -0.3
    13.980   -92.870   -0.2   -0.4   -0.3
    13.989   -92.870   -0.4   -0.5   -0.3
    13.998   -92.870   -0.6   -0.6   -0.3
    14.007   -92.870   -1.0   -0.7   -0.3
    14.016   -92.870   -1.4   -0.9   -0.4
    14.024   -92.870   -1.8   -1.0   -0.5
    14.033   -92.870   -2.3   -1.3   -0.7
    14.042   -92.870   -2.7   -1.6   -0.9
    14.051   -92.870   -3.0   -1.9   -1.0
    14.060   -92.870   -3.1   -2.3   -1.0
    14.069   -92.870   -3.0   -2.5   -0.9
    14.078   -92.870   -2.8   -2.6   -0.7
    14.087   -92.870   -2.6   -2.6   -0.5
    14.096   -92.870   -2.3   -2.6   -0.3
    14.105   -92.870   -2.1   -2.6   -0.1
    14.114   -92.870   -1.9   -2.5    0.0
    14.123   -92.870   -1.7   -2.4    0.1
    14.132   -92.870   -1.5   -2.3    0.2
    14.141   -92.870   -1.4   -2.2    0.3
    14.150   -92.870   -1.3   -2.1    0.4
    14.159   -92.870   -1.2   -2.0    0.5
    14.168   -92.870   -1.1   -1.9    0.5
    14.177   -92.870   -1.0   -1.8    0.5
    14.186   -92.870   -1.0   -1.8    0.5
    14.195   -92.870   -0.9   -1.7    0.5
    14.204   -92.870   -0.9   -1.6    0.5
    14.213   -92.870   -0.9   -1.6    0.5
    14.222   -92.870   -0.9   -1.5    0.5
    14.231   -92.870   -0.8   -1.5    0.5
    14.240   -92.870   -0.8   -1.5    0.5
    14.249   -92.870   -0.8   -1.4    0.5
    14.258   -92.870   -0.8   -1.4    0.5
    14.267   -92.870   -0.8   -1.4    0.5
    14.276   -92.870   -0.8   -1.4    0.5
    14.285   -92.870   -0.8   -1.4    0.5
    14.294   -92.870   -0.8   -1.3    0.5
    14.303   -92.870   -0.8   -1.3    0.6
    14.312   -92.870   -0.8   -1.3    0.6
    14.321   -92.870   -0.9   -1.3    0.6
    14.330   -92.870   -0.9   -1.3    0.6
    14.339   -92.870   -0.9   -1.2    0.7
    14.348   -92.870   -0.9   -1.2    0.7
    14.357   -92.870   -0.9   -1.2    0.7
    14.366   -92.870   -0.9   -1.2    0.7
    14.375   -92.870   -0.9   -1.1    0.8
    14.384   -92.870   -0.9   -1.1    0.8
    14.393   -92.870   -0.8   -1.1    0.7
    14.402   -92.870   -0.8   -1.0    0.7
    14.411   -92.870   -0.8   -1.0    0.7
    14.420   -92.870   -0.8   -1.0    0.7
    14.429   -92.870   -0.8   -0.9    0.6
    14.438   -92.870   -0.7   -0.9    0.6
    14.447   -92.870   -0.7   -0.9    0.6
    14.456   -92.870   -0.7   -0.9    0.5
    14.465   -92.870   -0.7   -0.9    0.5
    14.474   -92.870   -0.7   -0.9    0.4
    14.483   -92.870   -0.7   -0.9    0.3
    14.492   -92.870   -0.7   -0.8    0.3
    14.501   -92.870   -0.7   -0.8    0.2
    14.510   -92.870   -0.7   -0.8    0.1
    14.519   -92.870   -0.7   -0.9    0.1
    14.528   -92.870   -0.7   -0.9   -0.0
    14.537   -92.870   -0.7   -0.9   -0.1
    14.546   -92.870   -0.8   -0.9   -0.1
    14.555   -92.870   -0.8   -0.9   -0.2
    14.564   -92.870   -0.8   -0.9   -0.3
    14.573   -92.870   -0.8   -0.9   -0.3
    14.582   -92.870   -0.8   -1.0   -0.4
    14.591   -92.870   -0.8   -1.0   -0.4
    14.600   -92.870   -0.8   -1.0   -0.4
    14.609   -92.870   -0.9   -1.0   -0.4
    14.618   -92.870   -0.9   -1.0   -0.5
    14.627   -92.870   -0.9   -1.0   -0.5
    14.636   -92.870   -0.9   -1.1   -0.5
    14.645   -92.870   -0.8   -1.1   -0.5
    14.654   -92.870   -0.8   -1.1   -0.5
    14.663   -92.870   -0.8   -1.1   -0.5
    14.672   -92.870   -0.8   -1.1   -0.5
    14.681   -92.870   -0.8   -1.1   -0.5
    14.690   -92.870   -0.8   -1.1   -0.4
    14.699   -92.870   -0.8   -1.1   -0.4
    14.708   -92.870   -0.7   -1.1   -0.4
    14.717   -92.870   -0.7   -1.1   -0.4
    14.726   -92.870   -0.7   -1.1   -0.4
    14.735   -92.870   -0.7   -1.0   -0.4
    14.744   -92.870   -0.7   -1.0   -0.3
    14.753   -92.870   -0.6   -1.0   -0.3
    13.854   -92.861    0.1    0.1   -0.1
    13.863   -92.861    0.1    0.1   -0.1
    13.872   -92.861    0.1    0.0   -0.1
    13.881   -92.861    0.1    0.0   -0.2
    13.890   -92.861    0.1    0.0   -0.2
    13.899   -92.861    0.1   -0.0   -0.2
    13.908   -92.861    0.1   -0.0   -0.2
    13.917   -92.861    0.1   -0.1   -0.2
    13.926   -92.861    0.1   -0.1   -0.2
    13.935   -92.861    0.1   -0.1   -0.2
    13.944   -92.861    0.1   -0.2   -0.2
    13.953   -92.861    0.1   -0.2   -0.3
    13.962   -92.861    0.0   -0.2   -0.3
    13.971   -92.861   -0.1   -0.3   -0.3
    13.980   -92.861   -0.2   -0.3   -0.3
    13.989   -92.861   -0.3   -0.4   -0.3
    13.998   -92.861   -0.6   -0.5   -0.3
    14.007   -92.861   -0.8   -0.6   -0.3
    14.016   -92.861   -1.2   -0.7   -0.3
    14.024   -92.861   -1.5   -0.8   -0.4
    14.033   -92.861   -1.9   -1.0   -0.5
    14.042   -92.861   -2.2   -1.2   -0.6
    14.051   -92.861   -2.5   -1.5   -0.7
    14.060   -92.861   -2.6   -1.8   -0.7
    14.069   -92.861   -2.5   -2.0   -0.6
    14.078   -92.861   -2.4   -2.1   -0.5
    14.087   -92.861   -2.2   -2.2   -0.3
    14.096   -92.861   -2.1   -2.2   -0.2
    14.105   -92.861   -1.9   -2.2   -0.0
    14.114   -92.861   -1.7   -2.2    0.1
    14.123   -92.861   -1.6   -2.2    0.2
    14.132   -92.861   -1.4   -2.1    0.3
    14.141   -92.861   -1.3   -2.0    0.4
    14.150   -92.861   -1.2   -2.0    0.4
    14.159   -92.861   -1.1   -1.9    0.5
    14.168   -92.861   -1.1   -1.8    0.5
    14.177   -92.861   -1.0   -1.8    0.5
    14.186   -92.861   -1.0   -1.7    0.5
    14.195   -92.861   -0.9   -1.6    0.5
    14.204   -92.861   -0.9   -1.6    0.5
    14.213   -92.861   -0.9   -1.6    0.5
    14.222   -92.861   -0.9   -1.5    0.5
    14.231   -92.861   -0.9   -1.5    0.5
    14.240   -92.861   -0.8   -1.5    0.5
    14.249   -92.861   -0.8   -1.4    0.5
    14.258   -92.861   -0.8   -1.4    0.5
    14.267   -92.861   -0.8   -1.4    0.5
    14.276   -92.861   -0.8   -1.4    0.5
    14.285   -92.861   -0.9   -1.4    0.6
    14.294   -92.861   -0.9   -1.4    0.6
    14.303   -92.861   -0.9   -1.3    0.6
    14.312   -92.861   -0.9   -1.3    0.6
    14.321   -92.861   -0.9   -1.3    0.7
    14.330   -92.861   -0.9   -1.3    0.7
    14.339   -92.861   -0.9   -1.2    0.7
    14.348   -92.861   -0.9   -1.2    0.8
    14.357   -92.861   -0.9   -1.2    0.8
    14.366   -92.861   -0.9   -1.1    0.8
    14.375   -92.861   -0.9   -1.1    0.8
    14.384   -92.861   -0.9   -1.1    0.8
    14.393   -92.861   -0.8   -1.0    0.8
    14.402   -92.861   -0.8   -1.0    0.8
    14.411   -92.861   -0.8   -0.9    0.7
    14.420   -92.861   -0.8   -0.9    0.7
    14.429   -92.861   -0.8   -0.9    0.6
    14.438   -92.861   -0.7   -0.9    0.6
    14.447   -92.861   -0.7   -0.8    0.5
    14.456   -92.861   -0.7   -0.8    0.5
    14.465   -92.861   -0.7   -0.8    0.4
    14.474   -92.861   -0.7   -0.8    0.4
    14.483   -92.861   -0.7   -0.8    0.3
    14.492   -92.861   -0.7   -0.8    0.2
    14.501   -92.861   -0.7   -0.8    0.2
    14.510   -92.861   -0.7   -0.8    0.1
    14.519   -92.861   -0.7   -0.8    0.0
    14.528   -92.861   -0.7   -0.8   -0.0
    14.537   -92.861   -0.7   -0.8   -0.1
    14.546   -92.861   -0.7   -0.9   -0.2
    14.555   -92.861   -0.8   -0.9   -0.2
    14.564   -92.861   -0.8   -0.9   -0.3
    14.573   -92.861   -0.8   -0.9   -0.3
    14.582   -92.861   -0.8   -0.9   -0.3
    14.591   -92.861   -0.8   -0.9   -0.4
    14.600   -92.861   -0.8   -1.0   -0.4
    14.609   -92.861   -0.8   -1.0   -0.4
    14.618   -92.861   -0.8   -1.0   -0.4
    14.627   -92.861   -0.8   -1.0   -0.5
    14.636   -92.861   -0.8   -1.0   -0.5
    14.645   -92.861   -0.8   -1.0   -0.5
    14.654   -92.861   -0.8   -1.0   -0.5
    14.663   -92.861   -0.8   -1.1   -0.4
    14.672   -92.861   -0.8   -1.1   -0.4
    14.681   -92.861   -0.8   -1.1   -0.4
    14.690   -92.861   -0.8   -1.1   -0.4
    14.699   -92.861   -0.8   -1.0   -0.4
    14.708   -92.861   -0.7   -1.0   -0.4
    14.717   -92.861   -0.7   -1.0   -0.4
    14.726   -92.861   -0.7   -1.0   -0.4
    14.735   -92.861   -0.7   -1.0   -0.3
    14.744   -92.861   -0.6   -1.0   -0.3
    14.753   -92.861   -0.6   -1.0   -0.3
    13.854   -92.852    0.1    0.1   -0.1
    13.863   -92.852    0.1    0.0   -0.1
    13.872   -92.852    0.1    0.0   -0.1
    13.881   -92.852    0.1    0.0   -0.2
    13.890   -92.852    0.1   -0.0   -0.2
    13.899   -92.852    0.1   -0.0   -0.2
    13.908   -92.852    0.1   -0.0   -0.2
    13.917   -92.852    0.1   -0.1   -0.2
    13.926   -92.852    0.1   -0.1   -0.2
    13.935   -92.852    0.1   -0.1   -0.2
    13.944   -92.852    0.1   -0.1   -0.2
    13.953   -92.852    0.0   -0.2   -0.2
    13.962   -92.852   -0.0   -0.2   -0.2
    13.971   -92.852   -0.1   -0.2   -0.2
    13.980   -92.852   -0.2   -0.3   -0.2
    13.989   -92.852   -0.3   -0.3   -0.2
    13.998   -92.852   -0.5   -0.4   -0.3
    14.007   -92.852   -0.7   -0.4   -0.3
    14.016   -92.852   -1.0   -0.5   -0.3
    14.024   -92.852   -1.3   -0.6   -0.3
    14.033   -92.852   -1.6   -0.8   -0.4
    14.042   -92.852   -1.8   -1.0   -0.4
    14.051   -92.852   -2.0   -1.2   -0.5
    14.060   -92.852   -2.1   -1.4   -0.4
    14.069   -92.852   -2.1   -1.6   -0.4
    14.078   -92.852   -2.0   -1.8   -0.3
    14.087   -92.852   -1.9   -1.9   -0.2
    14.096   -92.852   -1.8   -1.9   -0.1
    14.105   -92.852   -1.7   -2.0    0.0
    14.114   -92.852   -1.5   -2.0    0.1
    14.123   -92.852   -1.4   -1.9    0.2
    14.132   -92.852   -1.3   -1.9    0.3
    14.141   -92.852   -1.2   -1.9    0.4
    14.150   -92.852   -1.1   -1.8    0.5
    14.159   -92.852   -1.1   -1.8    0.5
    14.168   -92.852   -1.0   -1.7    0.5
    14.177   -92.852   -1.0   -1.7    0.5
    14.186   -92.852   -0.9   -1.6    0.6
    14.195   -92.852   -0.9   -1.6    0.6
    14.204   -92.852   -0.9   -1.6    0.6
    14.213   -92.852   -0.9   -1.5    0.6
    14.222   -92.852   -0.9   -1.5    0.6
    14.231   -92.852   -0.8   -1.5    0.6
    14.240   -92.852   -0.8   -1.5    0.6
    14.249   -92.852   -0.8   -1.4    0.6
    14.258   -92.852   -0.8   -1.4    0.6
    14.267   -92.852   -0.9   -1.4    0.6
    14.276   -92.852   -0.9   -1.4    0.6
    14.285   -92.852   -0.9   -1.4    0.6
    14.294   -92.852   -0.9   -1.4    0.6
    14.303   -92.852   -0.9   -1.3    0.7
    14.312   -92.852   -0.9   -1.3    0.7
    14.321   -92.852   -0.9   -1.3    0.7
    14.330   -92.852   -0.9   -1.3    0.7
    14.339   -92.852   -0.9   -1.2    0.8
    14.348   -92.852   -0.9   -1.2    0.8
    14.357   -92.852   -0.9   -1.2    0.8
    14.366   -92.852   -0.9   -1.1    0.8
    14.375   -92.852   -0.9   -1.1    0.8
    14.384   -92.852   -0.9   -1.0    0.8
    14.393   -92.852   -0.8   -1.0    0.8
    14.402   -92.852   -0.8   -0.9    0.8
    14.411   -92.852   -0.8   -0.9    0.7
    14.420   -92.852   -0.8   -0.9    0.7
    14.429   -92.852   -0.7   -0.8    0.6
    14.438   -92.852   -0.7   -0.8    0.6
    14.447   -92.852   -0.7   -0.8    0.5
    14.456   -92.852   -0.7   -0.8    0.5
    14.465   -92.852   -0.7   -0.8    0.4
    14.474   -92.852   -0.6   -0.8    0.3
    14.483   -92.852   -0.6   -0.8    0.3
    14.492   -92.852   -0.6   -0.8    0.2
    14.501   -92.852   -0.6   -0.8    0.1
    14.510   -92.852   -0.7   -0.8    0.1
    14.519   -92.852   -0.7   -0.8    0.0
    14.528   -92.852   -0.7   -0.8   -0.1
    14.537   -92.852   -0.7   -0.8   -0.1
    14.546   -92.852   -0.7   -0.8   -0.2
    14.555   -92.852   -0.7   -0.8   -0.2
    14.564   -92.852   -0.8   -0.9   -0.3
    14.573   -92.852   -0.8   -0.9   -0.3
    14.582   -92.852   -0.8   -0.9   -0.3
    14.591   -92.852   -0.8   -0.9   -0.4
    14.600   -92.852   -0.8   -0.9   -0.4
    14.609   -92.852   -0.8   -1.0   -0.4
    14.618   -92.852   -0.8   -1.0   -0.4
    14.627   -92.852   -0.8   -1.0   -0.4
    14.636   -92.852   -0.8   -1.0   -0.4
    14.645   -92.852   -0.8   -1.0   -0.4
    14.654   -92.852   -0.8   -1.0   -0.4
    14.663   -92.852   -0.8   -1.0   -0.4
    14.672   -92.852   -0.8   -1.0   -0.4
    14.681   -92.852   -0.8   -1.0   -0.4
    14.690   -92.852   -0.8   -1.0   -0.4
    14.699   -92.852   -0.7   -1.0   -0.4
    14.708   -92.852   -0.7   -1.0   -0.4
    14.717   -92.852   -0.7   -1.0   -0.3
    14.726   -92.852   -0.7   -1.0   -0.3
    14.735   -92.852   -0.7   -1.0   -0.3
    14.744   -92.852   -0.6   -1.0   -0.3
    14.753   -92.852   -0.6   -0.9   -0.3
    13.854   -92.842    0.1    0.0   -0.1
    13.863   -92.842    0.1    0.0   -0.1
    13.872   -92.842    0.1    0.0   -0.1
    13.881   -92.842    0.1    0.0   -0.2
    13.890   -92.842    0.1   -0.0   -0.2
    13.899   -92.842    0.1   -0.0   -0.2
    13.908   -92.842    0.1   -0.0   -0.2
    13.917   -92.842    0.1   -0.1   -0.2
    13.926   -92.842    0.1   -0.1   -0.2
    13.935   -92.842    0.1   -0.1   -0.2
    13.944   -92.842    0.1   -0.1   -0.2
    13.953   -92.842    0.0   -0.2   -0.2
    13.962   -92.842   -0.0   -0.2   -0.2
    13.971   -92.842   -0.1   -0.2   -0.2
    13.980   -92.842   -0.2   -0.2   -0.2
    13.989   -92.842   -0.3   -0.3   -0.2
    13.998   -92.842   -0.5   -0.3   -0.2
    14.007   -92.842   -0.6   -0.4   -0.2
    14.016   -92.842   -0.8   -0.4   -0.3
    14.024   -92.842   -1.1   -0.5   -0.3
    14.033   -92.842   -1.3   -0.7   -0.3
    14.042   -92.842   -1.5   -0.8   -0.3
    14.051   -92.842   -1.6   -1.0   -0.3
    14.060   -92.842   -1.7   -1.2   -0.3
    14.069   -92.842   -1.7   -1.3   -0.2
    14.078   -92.842   -1.7   -1.5   -0.2
    14.087   -92.842   -1.7   -1.6   -0.1
    14.096   -92.842   -1.6   -1.7   -0.0
    14.105   -92.842   -1.5   -1.7    0.1
    14.114   -92.842   -1.4   -1.7    0.2
    14.123   -92.842   -1.3   -1.8    0.3
    14.132   -92.842   -1.2   -1.7    0.3
    14.141   -92.842   -1.1   -1.7    0.4
    14.150   -92.842   -1.1   -1.7    0.5
    14.159   -92.842   -1.0   -1.7    0.5
    14.168   -92.842   -0.9   -1.6    0.5
    14.177   -92.842   -0.9   -1.6    0.6
    14.186   -92.842   -0.9   -1.6    0.6
    14.195   -92.842   -0.9   -1.5    0.6
    14.204   -92.842   -0.8   -1.5    0.6
    14.213   -92.842   -0.8   -1.5    0.6
    14.222   -92.842   -0.8   -1.5    0.6
    14.231   -92.842   -0.8   -1.5    0.6
    14.240   -92.842   -0.8   -1.4    0.6
    14.249   -92.842   -0.8   -1.4    0.6
    14.258   -92.842   -0.8   -1.4    0.6
    14.267   -92.842   -0.9   -1.4    0.6
    14.276   -92.842   -0.9   -1.4    0.6
    14.285   -92.842   -0.9   -1.4    0.7
    14.294   -92.842   -0.9   -1.4    0.7
    14.303   -92.842   -0.9   -1.3    0.7
    14.312   -92.842   -0.9   -1.3    0.7
    14.321   -92.842   -0.9   -1.3    0.8
    14.330   -92.842   -0.9   -1.3    0.8
    14.339   -92.842   -0.9   -1.2    0.8
    14.348   -92.842   -0.9   -1.2    0.9
    14.357   -92.842   -0.9   -1.1    0.9
    14.366   -92.842   -0.9   -1.1    0.9
    14.375   -92.842   -0.9   -1.0    0.9
    14.384   -92.842   -0.8   -1.0    0.9
    14.393   -92.842   -0.8   -0.9    0.8
    14.402   -92.842   -0.8   -0.9    0.8
    14.411   -92.842   -0.8   -0.9    0.7
    14.420   -92.842   -0.7   -0.8    0.7
    14.429   -92.842   -0.7   -0.8    0.6
    14.438   -92.842   -0.7   -0.8    0.6
    14.447   -92.842   -0.7   -0.8    0.5
    14.456   -92.842   -0.7   -0.8    0.4
    14.465   -92.842   -0.6   -0.7    0.4
    14.474   -92.842   -0.6   -0.7    0.3
    14.483   -92.842   -0.6   -0.7    0.2
    14.492   -92.842   -0.6   -0.7    0.2
    14.501   -92.842   -0.6   -0.7    0.1
    14.510   -92.842   -0.6   -0.8    0.0
    14.519   -92.842   -0.6   -0.8   -0.0
    14.528   -92.842   -0.7   -0.8   -0.1
    14.537   -92.842   -0.7   -0.8   -0.1
    14.546   -92.842   -0.7   -0.8   -0.2
    14.555   -92.842   -0.7   -0.8   -0.2
    14.564   -92.842   -0.7   -0.8   -0.3
    14.573   -92.842   -0.7   -0.9   -0.3
    14.582   -92.842   -0.8   -0.9   -0.3
    14.591   -92.842   -0.8   -0.9   -0.4
    14.600   -92.842   -0.8   -0.9   -0.4
    14.609   -92.842   -0.8   -0.9   -0.4
    14.618   -92.842   -0.8   -0.9   -0.4
    14.627   -92.842   -0.8   -1.0   -0.4
    14.636   -92.842   -0.8   -1.0   -0.4
    14.645   -92.842   -0.8   -1.0   -0.4
    14.654   -92.842   -0.8   -1.0   -0.4
    14.663   -92.842   -0.8   -1.0   -0.4
    14.672   -92.842   -0.8   -1.0   -0.4
    14.681   -92.842   -0.8   -1.0   -0.4
    14.690   -92.842   -0.7   -1.0   -0.4
    14.699   -92.842   -0.7   -1.0   -0.4
    14.708   -92.842   -0.7   -1.0   -0.3
    14.717   -92.842   -0.7   -1.0   -0.3
    14.726   -92.842   -0.7   -1.0   -0.3
    14.735   -92.842   -0.7   -0.9   -0.3
    14.744   -92.842   -0.6   -0.9   -0.3
    14.753   -92.842   -0.6   -0.9   -0.3
    13.854   -92.833    0.1    0.0   -0.1
    13.863   -92.833    0.1    0.0   -0.1
    13.872   -92.833    0.1    0.0   -0.1
    13.881   -92.833    0.1   -0.0   -0.1
    13.890   -92.833    0.1   -0.0   -0.2
    13.899   -92.833    0.1   -0.0   -0.2
    13.908   -92.833    0.1   -0.0   -0.2
    13.917   -92.833    0.1   -0.1   -0.2
    13.926   -92.833    0.1   -0.1   -0.2
    13.935   -92.833    0.1   -0.1   -0.2
    13.944   -92.833    0.0   -0.1   -0.2
    13.953   -92.833    0.0   -0.1   -0.2
    13.962   -92.833   -0.0   -0.2   -0.2
    13.971   -92.833   -0.1   -0.2   -0.2
    13.980   -92.833   -0.2   -0.2   -0.2
    13.989   -92.833   -0.3   -0.2   -0.2
    13.998   -92.833   -0.4   -0.3   -0.2
    14.007   -92.833   -0.6   -0.3   -0.2
    14.016   -92.833   -0.7   -0.4   -0.2
    14.024   -92.833   -0.9   -0.5   -0.2
    14.033   -92.833   -1.1   -0.6   -0.2
    14.042   -92.833   -1.2   -0.7   -0.2
    14.051   -92.833   -1.3   -0.9   -0.2
    14.060   -92.833   -1.4   -1.0   -0.2
    14.069   -92.833   -1.4   -1.1   -0.2
    14.078   -92.833   -1.4   -1.3   -0.1
    14.087   -92.833   -1.4   -1.4   -0.0
    14.096   -92.833   -1.4   -1.4    0.0
    14.105   -92.833   -1.3   -1.5    0.1
    14.114   -92.833   -1.2   -1.6    0.2
    14.123   -92.833   -1.1   -1.6    0.3
    14.132   -92.833   -1.1   -1.6    0.3
    14.141   -92.833   -1.0   -1.6    0.4
    14.150   -92.833   -1.0   -1.6    0.5
    14.159   -92.833   -0.9   -1.6    0.5
    14.168   -92.833   -0.9   -1.5    0.5
    14.177   -92.833   -0.8   -1.5    0.6
    14.186   -92.833   -0.8   -1.5    0.6
    14.195   -92.833   -0.8   -1.5    0.6
    14.204   -92.833   -0.8   -1.5    0.6
    14.213   -92.833   -0.8   -1.5    0.6
    14.222   -92.833   -0.8   -1.5    0.6
    14.231   -92.833   -0.8   -1.4    0.6
    14.240   -92.833   -0.8   -1.4    0.6
    14.249   -92.833   -0.8   -1.4    0.6
    14.258   -92.833   -0.8   -1.4    0.7
    14.267   -92.833   -0.8   -1.4    0.7
    14.276   -92.833   -0.9   -1.4    0.7
    14.285   -92.833   -0.9   -1.4    0.7
    14.294   -92.833   -0.9   -1.4    0.7
    14.303   -92.833   -0.9   -1.3    0.8
    14.312   -92.833   -0.9   -1.3    0.8
    14.321   -92.833   -0.9   -1.3    0.8
    14.330   -92.833   -0.9   -1.3    0.9
    14.339   -92.833   -0.9   -1.2    0.9
    14.348   -92.833   -0.9   -1.2    0.9
    14.357   -92.833   -0.9   -1.1    0.9
    14.366   -92.833   -0.9   -1.1    0.9
    14.375   -92.833   -0.9   -1.0    0.9
    14.384   -92.833   -0.8   -1.0    0.9
    14.393   -92.833   -0.8   -0.9    0.9
    14.402   -92.833   -0.8   -0.9    0.8
    14.411   -92.833   -0.8   -0.8    0.8
    14.420   -92.833   -0.7   -0.8    0.7
    14.429   -92.833   -0.7   -0.8    0.6
    14.438   -92.833   -0.7   -0.7    0.6
    14.447   -92.833   -0.7   -0.7    0.5
    14.456   -92.833   -0.6   -0.7    0.4
    14.465   -92.833   -0.6   -0.7    0.3
    14.474   -92.833   -0.6   -0.7    0.3
    14.483   -92.833   -0.6   -0.7    0.2
    14.492   -92.833   -0.6   -0.7    0.1
    14.501   -92.833   -0.6   -0.7    0.1
    14.510   -92.833   -0.6   -0.7    0.0
    14.519   -92.833   -0.6   -0.7   -0.0
    14.528   -92.833   -0.6   -0.8   -0.1
    14.537   -92.833   -0.7   -0.8   -0.2
    14.546   -92.833   -0.7   -0.8   -0.2
    14.555   -92.833   -0.7   -0.8   -0.2
    14.564   -92.833   -0.7   -0.8   -0.3
    14.573   -92.833   -0.7   -0.8   -0.3
    14.582   -92.833   -0.7   -0.9   -0.3
    14.591   -92.833   -0.8   -0.9   -0.4
    14.600   -92.833   -0.8   -0.9   -0.4
    14.609   -92.833   -0.8   -0.9   -0.4
    14.618   -92.833   -0.8   -0.9   -0.4
    14.627   -92.833   -0.8   -0.9   -0.4
    14.636   -92.833   -0.8   -0.9   -0.4
    14.645   -92.833   -0.8   -0.9   -0.4
    14.654   -92.833   -0.8   -1.0   -0.4
    14.663   -92.833   -0.8   -1.0   -0.4
    14.672   -92.833   -0.8   -1.0   -0.4
    14.681   -92.833   -0.7   -1.0   -0.4
    14.690   -92.833   -0.7   -1.0   -0.3
    14.699   -92.833   -0.7   -1.0   -0.3
    14.708   -92.833   -0.7   -0.9   -0.3
    14.717   -92.833   -0.7   -0.9   -0.3
    14.726   -92.833   -0.7   -0.9   -0.3
    14.735   -92.833   -0.6   -0.9   -0.3
    14.744   -92.833   -0.6   -0.9   -0.3
    14.753   -92.833   -0.6   -0.9   -0.3
    13.854   -92.824    0.1    0.0   -0.1
    13.863   -92.824    0.1    0.0   -0.1
    13.872   -92.824    0.1   -0.0   -0.1
    13.881   -92.824    0.1   -0.0   -0.1
    13.890   -92.824    0.1   -0.0   -0.2
    13.899   -92.824    0.1   -0.0   -0.2
    13.908   -92.824    0.1   -0.1   -0.2
    13.917   -92.824    0.1   -0.1   -0.2
    13.926   -92.824    0.1   -0.1   -0.2
    13.935   -92.824    0.0   -0.1   -0.2
    13.944   -92.824    0.0   -0.1   -0.2
    13.953   -92.824   -0.0   -0.1   -0.2
    13.962   -92.824   -0.1   -0.2   -0.2
    13.971   -92.824   -0.1   -0.2   -0.2
    13.980   -92.824   -0.2   -0.2   -0.2
    13.989   -92.824   -0.3   -0.2   -0.2
    13.998   -92.824   -0.4   -0.3   -0.2
    14.007   -92.824   -0.5   -0.3   -0.2
    14.016   -92.824   -0.6   -0.4   -0.2
    14.024   -92.824   -0.8   -0.4   -0.2
    14.033   -92.824   -0.9   -0.5   -0.2
    14.042   -92.824   -1.0   -0.6   -0.2
    14.051   -92.824   -1.1   -0.7   -0.2
    14.060   -92.824   -1.2   -0.9   -0.1
    14.069   -92.824   -1.2   -1.0   -0.1
    14.078   -92.824   -1.2   -1.1   -0.0
    14.087   -92.824   -1.2   -1.2    0.0
    14.096   -92.824   -1.2   -1.3    0.1
    14.105   -92.824   -1.1   -1.3    0.1
    14.114   -92.824   -1.1   -1.4    0.2
    14.123   -92.824   -1.0   -1.4    0.3
    14.132   -92.824   -1.0   -1.5    0.3
    14.141   -92.824   -0.9   -1.5    0.4
    14.150   -92.824   -0.9   -1.5    0.5
    14.159   -92.824   -0.8   -1.5    0.5
    14.168   -92.824   -0.8   -1.5    0.5
    14.177   -92.824   -0.8   -1.4    0.6
    14.186   -92.824   -0.8   -1.4    0.6
    14.195   -92.824   -0.8   -1.4    0.6
    14.204   -92.824   -0.8   -1.4    0.6
    14.213   -92.824   -0.8   -1.4    0.6
    14.222   -92.824   -0.8   -1.4    0.6
    14.231   -92.824   -0.8   -1.4    0.7
    14.240   -92.824   -0.8   -1.4    0.7
    14.249   -92.824   -0.8   -1.4    0.7
    14.258   -92.824   -0.8   -1.4    0.7
    14.267   -92.824   -0.8   -1.4    0.7
    14.276   -92.824   -0.8   -1.4    0.7
    14.285   -92.824   -0.8   -1.4    0.8
    14.294   -92.824   -0.8   -1.4    0.8
    14.303   -92.824   -0.9   -1.3    0.8
    14.312   -92.824   -0.9   -1.3    0.9
    14.321   -92.824   -0.9   -1.3    0.9
    14.330   -92.824   -0.9   -1.3    0.9
    14.339   -92.824   -0.9   -1.2    0.9
    14.348   -92.824   -0.9   -1.2    1.0
    14.357   -92.824   -0.9   -1.1    1.0
    14.366   -92.824   -0.8   -1.1    1.0
    14.375   -92.824   -0.8   -1.0    1.0
    14.384   -92.824   -0.8   -0.9    0.9
    14.393   -92.824   -0.8   -0.9    0.9
    14.402   -92.824   -0.8   -0.8    0.8
    14.411   -92.824   -0.7   -0.8    0.8
    14.420   -92.824   -0.7   -0.8    0.7
    14.429   -92.824   -0.7   -0.7    0.6
    14.438   -92.824   -0.7   -0.7    0.5
    14.447   -92.824   -0.6   -0.7    0.5
    14.456   -92.824   -0.6   -0.7    0.4
    14.465   -92.824   -0.6   -0.7    0.3
    14.474   -92.824   -0.6   -0.7    0.2
    14.483   -92.824   -0.6   -0.7    0.2
    14.492   -92.824   -0.6   -0.7    0.1
    14.501   -92.824   -0.6   -0.7    0.0
    14.510   -92.824   -0.6   -0.7   -0.0
    14.519   -92.824   -0.6   -0.7   -0.1
    14.528   -92.824   -0.6   -0.7   -0.1
    14.537   -92.824   -0.6   -0.8   -0.2
    14.546   -92.824   -0.7   -0.8   -0.2
    14.555   -92.824   -0.7   -0.8   -0.2
    14.564   -92.824   -0.7   -0.8   -0.3
    14.573   -92.824   -0.7   -0.8   -0.3
    14.582   -92.824   -0.7   -0.8   -0.3
    14.591   -92.824   -0.7   -0.9   -0.3
    14.600   -92.824   -0.7   -0.9   -0.4
    14.609   -92.824   -0.8   -0.9   -0.4
    14.618   -92.824   -0.8   -0.9   -0.4
    14.627   -92.824   -0.8   -0.9   -0.4
    14.636   -92.824   -0.8   -0.9   -0.4
    14.645   -92.824   -0.8   -0.9   -0.4
    14.654   -92.824   -0.8   -0.9   -0.4
    14.663   -92.824   -0.7   -0.9   -0.4
    14.672   -92.824   -0.7   -0.9   -0.4
    14.681   -92.824   -0.7   -0.9   -0.3
    14.690   -92.824   -0.7   -0.9   -0.3
    14.699   -92.824   -0.7   -0.9   -0.3
    14.708   -92.824   -0.7   -0.9   -0.3
    14.717   -92.824   -0.7   -0.9   -0.3
    14.726   -92.824   -0.6   -0.9   -0.3
    14.735   -92.824   -0.6   -0.9   -0.3
    14.744   -92.824   -0.6   -0.9   -0.3
    14.753   -92.824   -0.6   -0.9   -0.2
    13.854   -92.814    0.1    0.0   -0.1
    13.863   -92.814    0.1    0.0   -0.1
    13.872   -92.814    0.1   -0.0   -0.1
    13.881   -92.814    0.1   -0.0   -0.1
    13.890   -92.814    0.1   -0.0   -0.1
    13.899   -92.814    0.1   -0.0   -0.2
    13.908   -92.814    0.1   -0.1   -0.2
    13.917   -92.814    0.1   -0.1   -0.2
    13.926   -92.814    0.1   -0.1   -0.2
    13.935   -92.814    0.0   -0.1   -0.2
    13.944   -92.814    0.0   -0.1   -0.2
    13.953   -92.814   -0.0   -0.1   -0.2
    13.962   -92.814   -0.1   -0.1   -0.2
    13.971   -92.814   -0.1   -0.2   -0.2
    13.980   -92.814   -0.2   -0.2   -0.2
    13.989   -92.814   -0.2   -0.2   -0.2
    13.998   -92.814   -0.3   -0.2   -0.2
    14.007   -92.814   -0.4   -0.3   -0.2
    14.016   -92.814   -0.5   -0.3   -0.2
    14.024   -92.814   -0.6   -0.4   -0.2
    14.033   -92.814   -0.7   -0.5   -0.1
    14.042   -92.814   -0.8   -0.6   -0.1
    14.051   -92.814   -0.9   -0.7   -0.1
    14.060   -92.814   -1.0   -0.8   -0.1
    14.069   -92.814   -1.0   -0.9   -0.1
    14.078   -92.814   -1.0   -1.0   -0.0
    14.087   -92.814   -1.0   -1.0    0.0
    14.096   -92.814   -1.0   -1.1    0.1
    14.105   -92.814   -1.0   -1.2    0.1
    14.114   -92.814   -0.9   -1.2    0.2
    14.123   -92.814   -0.9   -1.3    0.3
    14.132   -92.814   -0.9   -1.3    0.3
    14.141   -92.814   -0.8   -1.3    0.4
    14.150   -92.814   -0.8   -1.4    0.5
    14.159   -92.814   -0.8   -1.4    0.5
    14.168   -92.814   -0.7   -1.4    0.5
    14.177   -92.814   -0.7   -1.4    0.6
    14.186   -92.814   -0.7   -1.4    0.6
    14.195   -92.814   -0.7   -1.4    0.6
    14.204   -92.814   -0.7   -1.4    0.6
    14.213   -92.814   -0.7   -1.4    0.6
    14.222   -92.814   -0.7   -1.4    0.7
    14.231   -92.814   -0.7   -1.4    0.7
    14.240   -92.814   -0.8   -1.4    0.7
    14.249   -92.814   -0.8   -1.4    0.7
    14.258   -92.814   -0.8   -1.4    0.7
    14.267   -92.814   -0.8   -1.4    0.8
    14.276   -92.814   -0.8   -1.4    0.8
    14.285   -92.814   -0.8   -1.4    0.8
    14.294   -92.814   -0.8   -1.3    0.8
    14.303   -92.814   -0.8   -1.3    0.9
    14.312   -92.814   -0.8   -1.3    0.9
    14.321   -92.814   -0.8   -1.3    0.9
    14.330   -92.814   -0.8   -1.2    1.0
    14.339   -92.814   -0.8   -1.2    1.0
    14.348   -92.814   -0.8   -1.2    1.0
    14.357   -92.814   -0.8   -1.1    1.0
    14.366   -92.814   -0.8   -1.0    1.0
    14.375   -92.814   -0.8   -1.0    1.0
    14.384   -92.814   -0.8   -0.9    1.0
    14.393   -92.814   -0.8   -0.9    0.9
    14.402   -92.814   -0.7   -0.8    0.8
    14.411   -92.814   -0.7   -0.8    0.8
    14.420   -92.814   -0.7   -0.7    0.7
    14.429   -92.814   -0.7   -0.7    0.6
    14.438   -92.814   -0.6   -0.7    0.5
    14.447   -92.814   -0.6   -0.7    0.4
    14.456   -92.814   -0.6   -0.7    0.3
    14.465   -92.814   -0.6   -0.7    0.3
    14.474   -92.814   -0.6   -0.7    0.2
    14.483   -92.814   -0.6   -0.7    0.1
    14.492   -92.814   -0.6   -0.7    0.1
    14.501   -92.814   -0.6   -0.7   -0.0
    14.510   -92.814   -0.6   -0.7   -0.1
    14.519   -92.814   -0.6   -0.7   -0.1
    14.528   -92.814   -0.6   -0.7   -0.2
    14.537   -92.814   -0.6   -0.8   -0.2
    14.546   -92.814   -0.6   -0.8   -0.2
    14.555   -92.814   -0.7   -0.8   -0.3
    14.564   -92.814   -0.7   -0.8   -0.3
    14.573   -92.814   -0.7   -0.8   -0.3
    14.582   -92.814   -0.7   -0.8   -0.3
    14.591   -92.814   -0.7   -0.8   -0.3
    14.600   -92.814   -0.7   -0.9   -0.3
    14.609   -92.814   -0.7   -0.9   -0.4
    14.618   -92.814   -0.7   -0.9   -0.4
    14.627   -92.814   -0.7   -0.9   -0.4
    14.636   -92.814   -0.7   -0.9   -0.4
    14.645   -92.814   -0.7   -0.9   -0.4
    14.654   -92.814   -0.7   -0.9   -0.3
    14.663   -92.814   -0.7   -0.9   -0.3
    14.672   -92.814   -0.7   -0.9   -0.3
    14.681   -92.814   -0.7   -0.9   -0.3
    14.690   -92.814   -0.7   -0.9   -0.3
    14.699   -92.814   -0.7   -0.9   -0.3
    14.708   -92.814   -0.7   -0.9   -0.3
    14.717   -92.814   -0.7   -0.9   -0.3
    14.726   -92.814   -0.6   -0.9   -0.3
    14.735   -92.814   -0.6   -0.9   -0.3
    14.744   -92.814   -0.6   -0.9   -0.2
    14.753   -92.814   -0.6   -0.8   -0.2
    13.854   -92.805    0.1    0.0   -0.1
    13.863   -92.805    0.1   -0.0   -0.1
    13.872   -92.805    0.1   -0.0   -0.1
    13.881   -92.805    0.1   -0.0   -0.1
    13.890   -92.805    0.1   -0.0   -0.1
    13.899   -92.805    0.1   -0.0   -0.1
    13.908   -92.805    0.1   -0.1   -0.2
    13.917   -92.805    0.1   -0.1   -0.2
    13.926   -92.805    0.0   -0.1   -0.2
    13.935   -92.805    0.0   -0.1   -0.2
    13.944   -92.805    0.0   -0.1   -0.2
    13.953   -92.805   -0.0   -0.1   -0.2
    13.962   -92.805   -0.1   -0.1   -0.2
    13.971   -92.805   -0.1   -0.2   -0.2
    13.980   -92.805   -0.2   -0.2   -0.2
    13.989   -92.805   -0.2   -0.2   -0.2
    13.998   -92.805   -0.3   -0.2   -0.2
    14.007   -92.805   -0.4   -0.3   -0.2
    14.016   -92.805   -0.5   -0.3   -0.1
    14.024   -92.805   -0.6   -0.4   -0.1
    14.033   -92.805   -0.6   -0.4   -0.1
    14.042   -92.805   -0.7   -0.5   -0.1
    14.051   -92.805   -0.8   -0.6   -0.1
    14.060   -92.805   -0.8   -0.7   -0.1
    14.069   -92.805   -0.9   -0.8   -0.0
    14.078   -92.805   -0.9   -0.8    0.0
    14.087   -92.805   -0.9   -0.9    0.0
    14.096   -92.805   -0.9   -1.0    0.1
    14.105   -92.805   -0.8   -1.1    0.1
    14.114   -92.805   -0.8   -1.1    0.2
    14.123   -92.805   -0.8   -1.2    0.3
    14.132   -92.805   -0.7   -1.2    0.3
    14.141   -92.805   -0.7   -1.2    0.4
    14.150   -92.805   -0.7   -1.3    0.4
    14.159   -92.805   -0.7   -1.3    0.5
    14.168   -92.805   -0.7   -1.3    0.5
    14.177   -92.805   -0.7   -1.3    0.6
    14.186   -92.805   -0.7   -1.3    0.6
    14.195   -92.805   -0.7   -1.3    0.6
    14.204   -92.805   -0.7   -1.3    0.6
    14.213   -92.805   -0.7   -1.3    0.7
    14.222   -92.805   -0.7   -1.3    0.7
    14.231   -92.805   -0.7   -1.3    0.7
    14.240   -92.805   -0.7   -1.3    0.7
    14.249   -92.805   -0.7   -1.3    0.7
    14.258   -92.805   -0.7   -1.3    0.8
    14.267   -92.805   -0.8   -1.3    0.8
    14.276   -92.805   -0.8   -1.3    0.8
    14.285   -92.805   -0.8   -1.3    0.8
    14.294   -92.805   -0.8   -1.3    0.9
    14.303   -92.805   -0.8   -1.3    0.9
    14.312   -92.805   -0.8   -1.3    0.9
    14.321   -92.805   -0.8   -1.3    1.0
    14.330   -92.805   -0.8   -1.2    1.0
    14.339   -92.805   -0.8   -1.2    1.0
    14.348   -92.805   -0.8   -1.1    1.1
    14.357   -92.805   -0.8   -1.1    1.1
    14.366   -92.805   -0.8   -1.0    1.0
    14.375   -92.805   -0.8   -1.0    1.0
    14.384   -92.805   -0.8   -0.9    1.0
    14.393   -92.805   -0.7   -0.8    0.9
    14.402   -92.805   -0.7   -0.8    0.8
    14.411   -92.805   -0.7   -0.8    0.8
    14.420   -92.805   -0.7   -0.7    0.7
    14.429   -92.805   -0.6   -0.7    0.6
    14.438   -92.805   -0.6   -0.7    0.5
    14.447   -92.805   -0.6   -0.7    0.4
    14.456   -92.805   -0.6   -0.7    0.3
    14.465   -92.805   -0.6   -0.7    0.2
    14.474   -92.805   -0.6   -0.7    0.2
    14.483   -92.805   -0.6   -0.7    0.1
    14.492   -92.805   -0.6   -0.7    0.0
    14.501   -92.805   -0.6   -0.7   -0.0
    14.510   -92.805   -0.6   -0.7   -0.1
    14.519   -92.805   -0.6   -0.7   -0.1
    14.528   -92.805   -0.6   -0.7   -0.2
    14.537   -92.805   -0.6   -0.8   -0.2
    14.546   -92.805   -0.6   -0.8   -0.2
    14.555   -92.805   -0.6   -0.8   -0.3
    14.564   -92.805   -0.7   -0.8   -0.3
    14.573   -92.805   -0.7   -0.8   -0.3
    14.582   -92.805   -0.7   -0.8   -0.3
    14.591   -92.805   -0.7   -0.8   -0.3
    14.600   -92.805   -0.7   -0.8   -0.3
    14.609   -92.805   -0.7   -0.9   -0.3
    14.618   -92.805   -0.7   -0.9   -0.3
    14.627   -92.805   -0.7   -0.9   -0.3
    14.636   -92.805   -0.7   -0.9   -0.3
    14.645   -92.805   -0.7   -0.9   -0.3
    14.654   -92.805   -0.7   -0.9   -0.3
    14.663   -92.805   -0.7   -0.9   -0.3
    14.672   -92.805   -0.7   -0.9   -0.3
    14.681   -92.805   -0.7   -0.9   -0.3
    14.690   -92.805   -0.7   -0.9   -0.3
    14.699   -92.805   -0.7   -0.9   -0.3
    14.708   -92.805   -0.7   -0.9   -0.3
    14.717   -92.805   -0.6   -0.9   -0.3
    14.726   -92.805   -0.6   -0.8   -0.2
    14.735   -92.805   -0.6   -0.8   -0.2
    14.744   -92.805   -0.6   -0.8   -0.2
    14.753   -92.805   -0.6   -0.8   -0.2
    13.854   -92.796    0.1   -0.0   -0.1
    13.863   -92.796    0.1   -0.0   -0.1
    13.872   -92.796    0.1   -0.0   -0.1
    13.881   -92.796    0.1   -0.0   -0.1
    13.890   -92.796    0.1   -0.0   -0.1
    13.899   -92.796    0.1   -0.0   -0.1
    13.908   -92.796    0.1   -0.1   -0.1
    13.917   -92.796    0.0   -0.1   -0.2
    13.926   -92.796    0.0   -0.1   -0.2
    13.935   -92.796    0.0   -0.1   -0.2
    13.944   -92.796   -0.0   -0.1   -0.2
    13.953   -92.796   -0.0   -0.1   -0.2
    13.962   -92.796   -0.1   -0.1   -0.2
    13.971   -92.796   -0.1   -0.1   -0.2
    13.980   -92.796   -0.2   -0.2   -0.2
    13.989   -92.796   -0.2   -0.2   -0.1
    13.998   -92.796   -0.3   -0.2   -0.1
    14.007   -92.796   -0.3   -0.3   -0.1
    14.016   -92.796   -0.4   -0.3   -0.1
    14.024   -92.796   -0.5   -0.3   -0.1
    14.033   -92.796   -0.5   -0.4   -0.1
    14.042   -92.796   -0.6   -0.5   -0.1
    14.051   -92.796   -0.7   -0.5   -0.1
    14.060   -92.796   -0.7   -0.6   -0.0
    14.069   -92.796   -0.7   -0.7   -0.0
    14.078   -92.796   -0.7   -0.8    0.0
    14.087   -92.796   -0.8   -0.8    0.1
    14.096   -92.796   -0.7   -0.9    0.1
    14.105   -92.796   -0.7   -1.0    0.1
    14.114   -92.796   -0.7   -1.0    0.2
    14.123   -92.796   -0.7   -1.1    0.3
    14.132   -92.796   -0.7   -1.1    0.3
    14.141   -92.796   -0.6   -1.1    0.4
    14.150   -92.796   -0.6   -1.2    0.4
    14.159   -92.796   -0.6   -1.2    0.5
    14.168   -92.796   -0.6   -1.2    0.5
    14.177   -92.796   -0.6   -1.2    0.5
    14.186   -92.796   -0.6   -1.2    0.6
    14.195   -92.796   -0.6   -1.3    0.6
    14.204   -92.796   -0.6   -1.3    0.6
    14.213   -92.796   -0.6   -1.3    0.7
    14.222   -92.796   -0.6   -1.3    0.7
    14.231   -92.796   -0.6   -1.3    0.7
    14.240   -92.796   -0.7   -1.3    0.7
    14.249   -92.796   -0.7   -1.3    0.8
    14.258   -92.796   -0.7   -1.3    0.8
    14.267   -92.796   -0.7   -1.3    0.8
    14.276   -92.796   -0.7   -1.3    0.8
    14.285   -92.796   -0.7   -1.3    0.9
    14.294   -92.796   -0.7   -1.3    0.9
    14.303   -92.796   -0.8   -1.3    0.9
    14.312   -92.796   -0.8   -1.3    1.0
    14.321   -92.796   -0.8   -1.3    1.0
    14.330   -92.796   -0.8   -1.2    1.0
    14.339   -92.796   -0.8   -1.2    1.1
    14.348   -92.796   -0.8   -1.1    1.1
    14.357   -92.796   -0.8   -1.1    1.1
    14.366   -92.796   -0.7   -1.0    1.1
    14.375   -92.796   -0.7   -0.9    1.0
    14.384   -92.796   -0.7   -0.9    1.0
    14.393   -92.796   -0.7   -0.8    0.9
    14.402   -92.796   -0.7   -0.8    0.8
    14.411   -92.796   -0.7   -0.7    0.7
    14.420   -92.796   -0.6   -0.7    0.7
    14.429   -92.796   -0.6   -0.7    0.6
    14.438   -92.796   -0.6   -0.7    0.5
    14.447   -92.796   -0.6   -0.6    0.4
    14.456   -92.796   -0.6   -0.6    0.3
    14.465   -92.796   -0.5   -0.6    0.2
    14.474   -92.796   -0.5   -0.7    0.1
    14.483   -92.796   -0.5   -0.7    0.0
    14.492   -92.796   -0.5   -0.7   -0.0
    14.501   -92.796   -0.5   -0.7   -0.1
    14.510   -92.796   -0.6   -0.7   -0.1
    14.519   -92.796   -0.6   -0.7   -0.2
    14.528   -92.796   -0.6   -0.7   -0.2
    14.537   -92.796   -0.6   -0.7   -0.2
    14.546   -92.796   -0.6   -0.8   -0.3
    14.555   -92.796   -0.6   -0.8   -0.3
    14.564   -92.796   -0.6   -0.8   -0.3
    14.573   -92.796   -0.7   -0.8   -0.3
    14.582   -92.796   -0.7   -0.8   -0.3
    14.591   -92.796   -0.7   -0.8   -0.3
    14.600   -92.796   -0.7   -0.8   -0.3
    14.609   -92.796   -0.7   -0.8   -0.3
    14.618   -92.796   -0.7   -0.8   -0.3
    14.627   -92.796   -0.7   -0.8   -0.3
    14.636   -92.796   -0.7   -0.9   -0.3
    14.645   -92.796   -0.7   -0.9   -0.3
    14.654   -92.796   -0.7   -0.9   -0.3
    14.663   -92.796   -0.7   -0.9   -0.3
    14.672   -92.796   -0.7   -0.9   -0.3
    14.681   -92.796   -0.7   -0.9   -0.3
    14.690   -92.796   -0.7   -0.8   -0.3
    14.699   -92.796   -0.7   -0.8   -0.3
    14.708   -92.796   -0.6   -0.8   -0.3
    14.717   -92.796   -0.6   -0.8   -0.2
    14.726   -92.796   -0.6   -0.8   -0.2
    14.735   -92.796   -0.6   -0.8   -0.2
    14.744   -92.796   -0.6   -0.8   -0.2
    14.753   -92.796   -0.6   -0.8   -0.2
    13.854   -92.787    0.1   -0.0   -0.1
    13.863   -92.787    0.1   -0.0   -0.1
    13.872   -92.787    0.1   -0.0   -0.1
    13.881   -92.787    0.1   -0.0   -0.1
    13.890   -92.787    0.1   -0.0   -0.1
    13.899   -92.787    0.1   -0.0   -0.1
    13.908   -92.787    0.0   -0.1   -0.1
    13.917   -92.787    0.0   -0.1   -0.1
    13.926   -92.787    0.0   -0.1   -0.1
    13.935   -92.787    0.0   -0.1   -0.1
    13.944   -92.787   -0.0   -0.1   -0.1
    13.953   -92.787   -0.0   -0.1   -0.1
    13.962   -92.787   -0.1   -0.1   -0.1
    13.971   -92.787   -0.1   -0.1   -0.1
    13.980   -92.787   -0.1   -0.2   -0.1
    13.989   -92.787   -0.2   -0.2   -0.1
    13.998   -92.787   -0.2   -0.2   -0.1
    14.007   -92.787   -0.3   -0.2   -0.1
    14.016   -92.787   -0.4   -0.3   -0.1
    14.024   -92.787   -0.4   -0.3   -0.1
    14.033   -92.787   -0.5   -0.4   -0.1
    14.042   -92.787   -0.5   -0.4   -0.1
    14.051   -92.787   -0.6   -0.5   -0.1
    14.060   -92.787   -0.6   -0.6   -0.0
    14.069   -92.787   -0.6   -0.6   -0.0
    14.078   -92.787   -0.6   -0.7    0.0
    14.087   -92.787   -0.6   -0.7    0.1
    14.096   -92.787   -0.6   -0.8    0.1
    14.105   -92.787   -0.6   -0.9    0.1
    14.114   -92.787   -0.6   -0.9    0.2
    14.123   -92.787   -0.6   -1.0    0.2
    14.132   -92.787   -0.6   -1.0    0.3
    14.141   -92.787   -0.6   -1.1    0.3
    14.150   -92.787   -0.5   -1.1    0.4
    14.159   -92.787   -0.5   -1.1    0.4
    14.168   -92.787   -0.5   -1.1    0.5
    14.177   -92.787   -0.5   -1.2    0.5
    14.186   -92.787   -0.5   -1.2    0.6
    14.195   -92.787   -0.5   -1.2    0.6
    14.204   -92.787   -0.5   -1.2    0.6
    14.213   -92.787   -0.6   -1.2    0.7
    14.222   -92.787   -0.6   -1.2    0.7
    14.231   -92.787   -0.6   -1.3    0.7
    14.240   -92.787   -0.6   -1.3    0.8
    14.249   -92.787   -0.6   -1.3    0.8
    14.258   -92.787   -0.6   -1.3    0.8
    14.267   -92.787   -0.7   -1.3    0.8
    14.276   -92.787   -0.7   -1.3    0.9
    14.285   -92.787   -0.7   -1.3    0.9
    14.294   -92.787   -0.7   -1.3    0.9
    14.303   -92.787   -0.7   -1.3    1.0
    14.312   -92.787   -0.7   -1.3    1.0
    14.321   -92.787   -0.7   -1.2    1.0
    14.330   -92.787   -0.7   -1.2    1.1
    14.339   -92.787   -0.7   -1.2    1.1
    14.348   -92.787   -0.7   -1.1    1.1
    14.357   -92.787   -0.7   -1.0    1.1
    14.366   -92.787   -0.7   -1.0    1.1
    14.375   -92.787   -0.7   -0.9    1.0
    14.384   -92.787   -0.7   -0.9    1.0
    14.393   -92.787   -0.6   -0.8    0.9
    14.402   -92.787   -0.6   -0.8    0.8
    14.411   -92.787   -0.6   -0.7    0.7
    14.420   -92.787   -0.6   -0.7    0.6
    14.429   -92.787   -0.6   -0.7    0.5
    14.438   -92.787   -0.6   -0.6    0.4
    14.447   -92.787   -0.6   -0.6    0.3
    14.456   -92.787   -0.5   -0.6    0.2
    14.465   -92.787   -0.5   -0.6    0.1
    14.474   -92.787   -0.5   -0.6    0.1
    14.483   -92.787   -0.5   -0.7   -0.0
    14.492   -92.787   -0.5   -0.7   -0.1
    14.501   -92.787   -0.5   -0.7   -0.1
    14.510   -92.787   -0.5   -0.7   -0.2
    14.519   -92.787   -0.6   -0.7   -0.2
    14.528   -92.787   -0.6   -0.7   -0.2
    14.537   -92.787   -0.6   -0.8   -0.3
    14.546   -92.787   -0.6   -0.8   -0.3
    14.555   -92.787   -0.6   -0.8   -0.3
    14.564   -92.787   -0.6   -0.8   -0.3
    14.573   -92.787   -0.6   -0.8   -0.3
    14.582   -92.787   -0.7   -0.8   -0.3
    14.591   -92.787   -0.7   -0.8   -0.3
    14.600   -92.787   -0.7   -0.8   -0.3
    14.609   -92.787   -0.7   -0.8   -0.3
    14.618   -92.787   -0.7   -0.8   -0.3
    14.627   -92.787   -0.7   -0.8   -0.3
    14.636   -92.787   -0.7   -0.8   -0.3
    14.645   -92.787   -0.7   -0.8   -0.3
    14.654   -92.787   -0.7   -0.8   -0.3
    14.663   -92.787   -0.7   -0.8   -0.3
    14.672   -92.787   -0.7   -0.8   -0.3
    14.681   -92.787   -0.7   -0.8   -0.3
    14.690   -92.787   -0.6   -0.8   -0.3
    14.699   -92.787   -0.6   -0.8   -0.3
    14.708   -92.787   -0.6   -0.8   -0.2
    14.717   -92.787   -0.6   -0.8   -0.2
    14.726   -92.787   -0.6   -0.8   -0.2
    14.735   -92.787   -0.6   -0.8   -0.2
    14.744   -92.787   -0.6   -0.8   -0.2
    14.753   -92.787   -0.6   -0.8   -0.2
    13.854   -92.777    0.1   -0.0   -0.1
    13.863   -92.777    0.1   -0.0   -0.1
    13.872   -92.777    0.1   -0.0   -0.1
    13.881   -92.777    0.1   -0.0   -0.1
    13.890   -92.777    0.0   -0.0   -0.1
    13.899   -92.777    0.0   -0.0   -0.1
    13.908   -92.777    0.0   -0.1   -0.1
    13.917   -92.777    0.0   -0.1   -0.1
    13.926   -92.777    0.0   -0.1   -0.1
    13.935   -92.777    0.0   -0.1   -0.1
    13.944   -92.777   -0.0   -0.1   -0.1
    13.953   -92.777   -0.0   -0.1   -0.1
    13.962   -92.777   -0.1   -0.1   -0.1
    13.971   -92.777   -0.1   -0.1   -0.1
    13.980   -92.777   -0.1   -0.2   -0.1
    13.989   -92.777   -0.2   -0.2   -0.1
    13.998   -92.777   -0.2   -0.2   -0.1
    14.007   -92.777   -0.3   -0.2   -0.1
    14.016   -92.777   -0.3   -0.3   -0.1
    14.024   -92.777   -0.4   -0.3   -0.1
    14.033   -92.777   -0.4   -0.3   -0.1
    14.042   -92.777   -0.4   -0.4   -0.1
    14.051   -92.777   -0.5   -0.4   -0.0
    14.060   -92.777   -0.5   -0.5   -0.0
    14.069   -92.777   -0.5   -0.6    0.0
    14.078   -92.777   -0.6   -0.6    0.0
    14.087   -92.777   -0.6   -0.7    0.1
    14.096   -92.777   -0.6   -0.7    0.1
    14.105   -92.777   -0.6   -0.8    0.1
    14.114   -92.777   -0.5   -0.8    0.2
    14.123   -92.777   -0.5   -0.9    0.2
    14.132   -92.777   -0.5   -0.9    0.3
    14.141   -92.777   -0.5   -1.0    0.3
    14.150   -92.777   -0.5   -1.0    0.4
    14.159   -92.777   -0.5   -1.0    0.4
    14.168   -92.777   -0.5   -1.1    0.4
    14.177   -92.777   -0.5   -1.1    0.5
    14.186   -92.777   -0.5   -1.1    0.5
    14.195   -92.777   -0.5   -1.1    0.6
    14.204   -92.777   -0.5   -1.2    0.6
    14.213   -92.777   -0.5   -1.2    0.6
    14.222   -92.777   -0.5   -1.2    0.7
    14.231   -92.777   -0.5   -1.2    0.7
    14.240   -92.777   -0.5   -1.2    0.7
    14.249   -92.777   -0.6   -1.2    0.8
    14.258   -92.777   -0.6   -1.2    0.8
    14.267   -92.777   -0.6   -1.2    0.8
    14.276   -92.777   -0.6   -1.3    0.9
    14.285   -92.777   -0.6   -1.3    0.9
    14.294   -92.777   -0.6   -1.3    0.9
    14.303   -92.777   -0.6   -1.2    1.0
    14.312   -92.777   -0.6   -1.2    1.0
    14.321   -92.777   -0.6   -1.2    1.0
    14.330   -92.777   -0.7   -1.2    1.1
    14.339   -92.777   -0.7   -1.1    1.1
    14.348   -92.777   -0.6   -1.1    1.1
    14.357   -92.777   -0.6   -1.0    1.1
    14.366   -92.777   -0.6   -1.0    1.0
    14.375   -92.777   -0.6   -0.9    1.0
    14.384   -92.777   -0.6   -0.8    0.9
    14.393   -92.777   -0.6   -0.8    0.9
    14.402   -92.777   -0.6   -0.7    0.8
    14.411   -92.777   -0.6   -0.7    0.7
    14.420   -92.777   -0.6   -0.7    0.6
    14.429   -92.777   -0.6   -0.6    0.5
    14.438   -92.777   -0.5   -0.6    0.4
    14.447   -92.777   -0.5   -0.6    0.3
    14.456   -92.777   -0.5   -0.6    0.2
    14.465   -92.777   -0.5   -0.6    0.1
    14.474   -92.777   -0.5   -0.6    0.0
    14.483   -92.777   -0.5   -0.7   -0.0
    14.492   -92.777   -0.5   -0.7   -0.1
    14.501   -92.777   -0.5   -0.7   -0.2
    14.510   -92.777   -0.5   -0.7   -0.2
    14.519   -92.777   -0.5   -0.7   -0.2
    14.528   -92.777   -0.6   -0.7   -0.3
    14.537   -92.777   -0.6   -0.8   -0.3
    14.546   -92.777   -0.6   -0.8   -0.3
    14.555   -92.777   -0.6   -0.8   -0.3
    14.564   -92.777   -0.6   -0.8   -0.3
    14.573   -92.777   -0.6   -0.8   -0.3
    14.582   -92.777   -0.6   -0.8   -0.3
    14.591   -92.777   -0.6   -0.8   -0.3
    14.600   -92.777   -0.7   -0.8   -0.3
    14.609   -92.777   -0.7   -0.8   -0.3
    14.618   -92.777   -0.7   -0.8   -0.3
    14.627   -92.777   -0.7   -0.8   -0.3
    14.636   -92.777   -0.7   -0.8   -0.3
    14.645   -92.777   -0.7   -0.8   -0.3
    14.654   -92.777   -0.7   -0.8   -0.3
    14.663   -92.777   -0.7   -0.8   -0.3
    14.672   -92.777   -0.7   -0.8   -0.3
    14.681   -92.777   -0.6   -0.8   -0.3
    14.690   -92.777   -0.6   -0.8   -0.3
    14.699   -92.777   -0.6   -0.8   -0.2
    14.708   -92.777   -0.6   -0.8   -0.2
    14.717   -92.777   -0.6   -0.8   -0.2
    14.726   -92.777   -0.6   -0.8   -0.2
    14.735   -92.777   -0.6   -0.8   -0.2
    14.744   -92.777   -0.6   -0.8   -0.2
    14.753   -92.777   -0.5   -0.7   -0.2
    13.854   -92.768    0.1   -0.0   -0.1
    13.863   -92.768    0.1   -0.0   -0.1
    13.872   -92.768    0.0   -0.0   -0.1
    13.881   -92.768    0.0   -0.0   -0.1
    13.890   -92.768    0.0   -0.0   -0.1
    13.899   -92.768    0.0   -0.0   -0.1
    13.908   -92.768    0.0   -0.1   -0.1
    13.917   -92.768    0.0   -0.1   -0.1
    13.926   -92.768    0.0   -0.1   -0.1
    13.935   -92.768   -0.0   -0.1   -0.1
    13.944   -92.768   -0.0   -0.1   -0.1
    13.953   -92.768   -0.0   -0.1   -0.1
    13.962   -92.768   -0.1   -0.1   -0.1
    13.971   -92.768   -0.1   -0.1   -0.1
    13.980   -92.768   -0.1   -0.2   -0.1
    13.989   -92.768   -0.2   -0.2   -0.1
    13.998   -92.768   -0.2   -0.2   -0.1
    14.007   -92.768   -0.2   -0.2   -0.1
    14.016   -92.768   -0.3   -0.3   -0.1
    14.024   -92.768   -0.3   -0.3   -0.1
    14.033   -92.768   -0.4   -0.3   -0.1
    14.042   -92.768   -0.4   -0.4   -0.1
    14.051   -92.768   -0.4   -0.4   -0.0
    14.060   -92.768   -0.4   -0.5   -0.0
    14.069   -92.768   -0.5   -0.5    0.0
    14.078   -92.768   -0.5   -0.6    0.0
    14.087   -92.768   -0.5   -0.6    0.1
    14.096   -92.768   -0.5   -0.7    0.1
    14.105   -92.768   -0.5   -0.7    0.1
    14.114   -92.768   -0.5   -0.8    0.2
    14.123   -92.768   -0.5   -0.8    0.2
    14.132   -92.768   -0.5   -0.9    0.2
    14.141   -92.768   -0.4   -0.9    0.3
    14.150   -92.768   -0.4   -0.9    0.3
    14.159   -92.768   -0.4   -1.0    0.4
    14.168   -92.768   -0.4   -1.0    0.4
    14.177   -92.768   -0.4   -1.0    0.5
    14.186   -92.768   -0.4   -1.0    0.5
    14.195   -92.768   -0.4   -1.1    0.5
    14.204   -92.768   -0.4   -1.1    0.6
    14.213   -92.768   -0.4   -1.1    0.6
    14.222   -92.768   -0.4   -1.1    0.7
    14.231   -92.768   -0.5   -1.2    0.7
    14.240   -92.768   -0.5   -1.2    0.7
    14.249   -92.768   -0.5   -1.2    0.8
    14.258   -92.768   -0.5   -1.2    0.8
    14.267   -92.768   -0.5   -1.2    0.8
    14.276   -92.768   -0.5   -1.2    0.9
    14.285   -92.768   -0.6   -1.2    0.9
    14.294   -92.768   -0.6   -1.2    0.9
    14.303   -92.768   -0.6   -1.2    1.0
    14.312   -92.768   -0.6   -1.2    1.0
    14.321   -92.768   -0.6   -1.2    1.0
    14.330   -92.768   -0.6   -1.1    1.0
    14.339   -92.768   -0.6   -1.1    1.1
    14.348   -92.768   -0.6   -1.0    1.1
    14.357   -92.768   -0.6   -1.0    1.0
    14.366   -92.768   -0.6   -0.9    1.0
    14.375   -92.768   -0.6   -0.9    1.0
    14.384   -92.768   -0.6   -0.8    0.9
    14.393   -92.768   -0.6   -0.8    0.8
    14.402   -92.768   -0.6   -0.7    0.7
    14.411   -92.768   -0.5   -0.7    0.6
    14.420   -92.768   -0.5   -0.7    0.5
    14.429   -92.768   -0.5   -0.6    0.4
    14.438   -92.768   -0.5   -0.6    0.3
    14.447   -92.768   -0.5   -0.6    0.2
    14.456   -92.768   -0.5   -0.6    0.1
    14.465   -92.768   -0.5   -0.6    0.0
    14.474   -92.768   -0.5   -0.7   -0.0
    14.483   -92.768   -0.5   -0.7   -0.1
    14.492   -92.768   -0.5   -0.7   -0.1
    14.501   -92.768   -0.5   -0.7   -0.2
    14.510   -92.768   -0.5   -0.7   -0.2
    14.519   -92.768   -0.5   -0.7   -0.3
    14.528   -92.768   -0.6   -0.7   -0.3
    14.537   -92.768   -0.6   -0.8   -0.3
    14.546   -92.768   -0.6   -0.8   -0.3
    14.555   -92.768   -0.6   -0.8   -0.3
    14.564   -92.768   -0.6   -0.8   -0.3
    14.573   -92.768   -0.6   -0.8   -0.3
    14.582   -92.768   -0.6   -0.8   -0.3
    14.591   -92.768   -0.6   -0.8   -0.3
    14.600   -92.768   -0.6   -0.8   -0.3
    14.609   -92.768   -0.6   -0.8   -0.3
    14.618   -92.768   -0.7   -0.8   -0.3
    14.627   -92.768   -0.7   -0.8   -0.3
    14.636   -92.768   -0.7   -0.8   -0.3
    14.645   -92.768   -0.7   -0.8   -0.3
    14.654   -92.768   -0.6   -0.8   -0.3
    14.663   -92.768   -0.6   -0.8   -0.3
    14.672   -92.768   -0.6   -0.8   -0.3
    14.681   -92.768   -0.6   -0.8   -0.3
    14.690   -92.768   -0.6   -0.8   -0.2
    14.699   -92.768   -0.6   -0.8   -0.2
    14.708   -92.768   -0.6   -0.8   -0.2
    14.717   -92.768   -0.6   -0.8   -0.2
    14.726   -92.768   -0.6   -0.8   -0.2
    14.735   -92.768   -0.6   -0.7   -0.2
    14.744   -92.768   -0.5   -0.7   -0.2
    14.753   -92.768   -0.5   -0.7   -0.2
    13.854   -92.759    0.0   -0.0   -0.1
    13.863   -92.759    0.0   -0.0   -0.1
    13.872   -92.759    0.0   -0.0   -0.1
    13.881   -92.759    0.0   -0.0   -0.1
    13.890   -92.759    0.0   -0.0   -0.1
    13.899   -92.759    0.0   -0.0   -0.1
    13.908   -92.759    0.0   -0.1   -0.1
    13.917   -92.759    0.0   -0.1   -0.1
    13.926   -92.759    0.0   -0.1   -0.1
    13.935   -92.759   -0.0   -0.1   -0.1
    13.944   -92.759   -0.0   -0.1   -0.1
    13.953   -92.759   -0.0   -0.1   -0.1
    13.962   -92.759   -0.1   -0.1   -0.1
    13.971   -92.759   -0.1   -0.1   -0.1
    13.980   -92.759   -0.1   -0.1   -0.1
    13.989   -92.759   -0.1   -0.2   -0.1
    13.998   -92.759   -0.2   -0.2   -0.1
    14.007   -92.759   -0.2   -0.2   -0.1
    14.016   -92.759   -0.2   -0.2   -0.1
    14.024   -92.759   -0.3   -0.3   -0.1
    14.033   -92.759   -0.3   -0.3   -0.1
    14.042   -92.759   -0.3   -0.3   -0.0
    14.051   -92.759   -0.4   -0.4   -0.0
    14.060   -92.759   -0.4   -0.4   -0.0
    14.069   -92.759   -0.4   -0.5    0.0
    14.078   -92.759   -0.4   -0.5    0.0
    14.087   -92.759   -0.4   -0.6    0.1
    14.096   -92.759   -0.4   -0.6    0.1
    14.105   -92.759   -0.4   -0.7    0.1
    14.114   -92.759   -0.4   -0.7    0.1
    14.123   -92.759   -0.4   -0.8    0.2
    14.132   -92.759   -0.4   -0.8    0.2
    14.141   -92.759   -0.4   -0.8    0.3
    14.150   -92.759   -0.4   -0.9    0.3
    14.159   -92.759   -0.4   -0.9    0.3
    14.168   -92.759   -0.4   -0.9    0.4
    14.177   -92.759   -0.4   -1.0    0.4
    14.186   -92.759   -0.4   -1.0    0.5
    14.195   -92.759   -0.4   -1.0    0.5
    14.204   -92.759   -0.4   -1.0    0.6
    14.213   -92.759   -0.4   -1.1    0.6
    14.222   -92.759   -0.4   -1.1    0.6
    14.231   -92.759   -0.4   -1.1    0.7
    14.240   -92.759   -0.4   -1.1    0.7
    14.249   -92.759   -0.4   -1.1    0.7
    14.258   -92.759   -0.4   -1.1    0.8
    14.267   -92.759   -0.5   -1.2    0.8
    14.276   -92.759   -0.5   -1.2    0.8
    14.285   -92.759   -0.5   -1.2    0.9
    14.294   -92.759   -0.5   -1.2    0.9
    14.303   -92.759   -0.5   -1.2    0.9
    14.312   -92.759   -0.5   -1.1    1.0
    14.321   -92.759   -0.5   -1.1    1.0
    14.330   -92.759   -0.5   -1.1    1.0
    14.339   -92.759   -0.5   -1.1    1.0
    14.348   -92.759   -0.5   -1.0    1.0
    14.357   -92.759   -0.5   -1.0    1.0
    14.366   -92.759   -0.5   -0.9    1.0
    14.375   -92.759   -0.5   -0.8    0.9
    14.384   -92.759   -0.5   -0.8    0.8
    14.393   -92.759   -0.5   -0.7    0.8
    14.402   -92.759   -0.5   -0.7    0.7
    14.411   -92.759   -0.5   -0.7    0.6
    14.420   -92.759   -0.5   -0.6    0.5
    14.429   -92.759   -0.5   -0.6    0.4
    14.438   -92.759   -0.5   -0.6    0.3
    14.447   -92.759   -0.5   -0.6    0.2
    14.456   -92.759   -0.5   -0.6    0.1
    14.465   -92.759   -0.5   -0.6   -0.0
    14.474   -92.759   -0.5   -0.7   -0.1
    14.483   -92.759   -0.5   -0.7   -0.1
    14.492   -92.759   -0.5   -0.7   -0.2
    14.501   -92.759   -0.5   -0.7   -0.2
    14.510   -92.759   -0.5   -0.7   -0.3
    14.519   -92.759   -0.5   -0.7   -0.3
    14.528   -92.759   -0.6   -0.8   -0.3
    14.537   -92.759   -0.6   -0.8   -0.3
    14.546   -92.759   -0.6   -0.8   -0.3
    14.555   -92.759   -0.6   -0.8   -0.3
    14.564   -92.759   -0.6   -0.8   -0.3
    14.573   -92.759   -0.6   -0.8   -0.3
    14.582   -92.759   -0.6   -0.8   -0.3
    14.591   -92.759   -0.6   -0.8   -0.3
    14.600   -92.759   -0.6   -0.8   -0.3
    14.609   -92.759   -0.6   -0.8   -0.3
    14.618   -92.759   -0.6   -0.8   -0.3
    14.627   -92.759   -0.6   -0.8   -0.3
    14.636   -92.759   -0.6   -0.8   -0.3
    14.645   -92.759   -0.6   -0.8   -0.3
    14.654   -92.759   -0.6   -0.8   -0.3
    14.663   -92.759   -0.6   -0.8   -0.3
    14.672   -92.759   -0.6   -0.8   -0.2
    14.681   -92.759   -0.6   -0.8   -0.2
    14.690   -92.759   -0.6   -0.8   -0.2
    14.699   -92.759   -0.6   -0.8   -0.2
    14.708   -92.759   -0.6   -0.8   -0.2
    14.717   -92.759   -0.6   -0.7   -0.2
    14.726   -92.759   -0.6   -0.7   -0.2
    14.735   -92.759   -0.6   -0.7   -0.2
    14.744   -92.759   -0.5   -0.7   -0.2
    14.753   -92.759   -0.5   -0.7   -0.2
    13.854   -92.749    0.0   -0.0   -0.1
    13.863   -92.749    0.0   -0.0   -0.1
    13.872   -92.749    0.0   -0.0   -0.1
    13.881   -92.749    0.0   -0.0   -0.1
    13.890   -92.749    0.0   -0.0   -0.1
    13.899   -92.749    0.0   -0.1   -0.1
    13.908   -92.749    0.0   -0.1   -0.1
    13.917   -92.749    0.0   -0.1   -0.1
    13.926   -92.749    0.0   -0.1   -0.1
    13.935   -92.749   -0.0   -0.1   -0.1
    13.944   -92.749   -0.0   -0.1   -0.1
    13.953   -92.749   -0.0   -0.1   -0.1
    13.962   -92.749   -0.1   -0.1   -0.1
    13.971   -92.749   -0.1   -0.1   -0.1
    13.980   -92.749   -0.1   -0.1   -0.1
    13.989   -92.749   -0.1   -0.2   -0.1
    13.998   -92.749   -0.2   -0.2   -0.1
    14.007   -92.749   -0.2   -0.2   -0.1
    14.016   -92.749   -0.2   -0.2   -0.1
    14.024   -92.749   -0.2   -0.3   -0.1
    14.033   -92.749   -0.3   -0.3   -0.1
    14.042   -92.749   -0.3   -0.3   -0.0
    14.051   -92.749   -0.3   -0.4   -0.0
    14.060   -92.749   -0.3   -0.4   -0.0
    14.069   -92.749   -0.4   -0.4    0.0
    14.078   -92.749   -0.4   -0.5    0.0
    14.087   -92.749   -0.4   -0.5    0.1
    14.096   -92.749   -0.4   -0.6    0.1
    14.105   -92.749   -0.4   -0.6    0.1
    14.114   -92.749   -0.4   -0.7    0.1
    14.123   -92.749   -0.4   -0.7    0.2
    14.132   -92.749   -0.4   -0.7    0.2
    14.141   -92.749   -0.3   -0.8    0.2
    14.150   -92.749   -0.3   -0.8    0.3
    14.159   -92.749   -0.3   -0.8    0.3
    14.168   -92.749   -0.3   -0.9    0.3
    14.177   -92.749   -0.3   -0.9    0.4
    14.186   -92.749   -0.3   -0.9    0.4
    14.195   -92.749   -0.3   -1.0    0.5
    14.204   -92.749   -0.3   -1.0    0.5
    14.213   -92.749   -0.3   -1.0    0.6
    14.222   -92.749   -0.3   -1.0    0.6
    14.231   -92.749   -0.3   -1.0    0.6
    14.240   -92.749   -0.4   -1.1    0.7
    14.249   -92.749   -0.4   -1.1    0.7
    14.258   -92.749   -0.4   -1.1    0.7
    14.267   -92.749   -0.4   -1.1    0.8
    14.276   -92.749   -0.4   -1.1    0.8
    14.285   -92.749   -0.4   -1.1    0.8
    14.294   -92.749   -0.4   -1.1    0.9
    14.303   -92.749   -0.4   -1.1    0.9
    14.312   -92.749   -0.5   -1.1    0.9
    14.321   -92.749   -0.5   -1.1    1.0
    14.330   -92.749   -0.5   -1.0    1.0
    14.339   -92.749   -0.5   -1.0    1.0
    14.348   -92.749   -0.5   -1.0    1.0
    14.357   -92.749   -0.5   -0.9    0.9
    14.366   -92.749   -0.5   -0.9    0.9
    14.375   -92.749   -0.5   -0.8    0.8
    14.384   -92.749   -0.5   -0.8    0.8
    14.393   -92.749   -0.5   -0.7    0.7
    14.402   -92.749   -0.5   -0.7    0.6
    14.411   -92.749   -0.5   -0.7    0.5
    14.420   -92.749   -0.5   -0.6    0.4
    14.429   -92.749   -0.5   -0.6    0.3
    14.438   -92.749   -0.5   -0.6    0.2
    14.447   -92.749   -0.5   -0.6    0.1
    14.456   -92.749   -0.5   -0.6    0.0
    14.465   -92.749   -0.5   -0.6   -0.1
    14.474   -92.749   -0.5   -0.7   -0.1
    14.483   -92.749   -0.5   -0.7   -0.2
    14.492   -92.749   -0.5   -0.7   -0.2
    14.501   -92.749   -0.5   -0.7   -0.3
    14.510   -92.749   -0.5   -0.7   -0.3
    14.519   -92.749   -0.5   -0.7   -0.3
    14.528   -92.749   -0.6   -0.8   -0.3
    14.537   -92.749   -0.6   -0.8   -0.3
    14.546   -92.749   -0.6   -0.8   -0.3
    14.555   -92.749   -0.6   -0.8   -0.3
    14.564   -92.749   -0.6   -0.8   -0.3
    14.573   -92.749   -0.6   -0.8   -0.3
    14.582   -92.749   -0.6   -0.8   -0.3
    14.591   -92.749   -0.6   -0.8   -0.3
    14.600   -92.749   -0.6   -0.8   -0.3
    14.609   -92.749   -0.6   -0.8   -0.3
    14.618   -92.749   -0.6   -0.8   -0.3
    14.627   -92.749   -0.6   -0.8   -0.3
    14.636   -92.749   -0.6   -0.8   -0.3
    14.645   -92.749   -0.6   -0.8   -0.3
    14.654   -92.749   -0.6   -0.8   -0.3
    14.663   -92.749   -0.6   -0.8   -0.2
    14.672   -92.749   -0.6   -0.8   -0.2
    14.681   -92.749   -0.6   -0.8   -0.2
    14.690   -92.749   -0.6   -0.7   -0.2
    14.699   -92.749   -0.6   -0.7   -0.2
    14.708   -92.749   -0.6   -0.7   -0.2
    14.717   -92.749   -0.6   -0.7   -0.2
    14.726   -92.749   -0.6   -0.7   -0.2
    14.735   -92.749   -0.5   -0.7   -0.2
    14.744   -92.749   -0.5   -0.7   -0.2
    14.753   -92.749   -0.5   -0.7   -0.2
    13.854   -92.740    0.0   -0.0   -0.1
    13.863   -92.740    0.0   -0.0   -0.1
    13.872   -92.740    0.0   -0.0   -0.1
    13.881   -92.740    0.0   -0.0   -0.1
    13.890   -92.740    0.0   -0.0   -0.1
    13.899   -92.740    0.0   -0.1   -0.1
    13.908   -92.740    0.0   -0.1   -0.1
    13.917   -92.740    0.0   -0.1   -0.1
    13.926   -92.740    0.0   -0.1   -0.1
    13.935   -92.740   -0.0   -0.1   -0.1
    13.944   -92.740   -0.0   -0.1   -0.1
    13.953   -92.740   -0.0   -0.1   -0.1
    13.962   -92.740   -0.1   -0.1   -0.1
    13.971   -92.740   -0.1   -0.1   -0.1
    13.980   -92.740   -0.1   -0.1   -0.1
    13.989   -92.740   -0.1   -0.2   -0.1
    13.998   -92.740   -0.1   -0.2   -0.1
    14.007   -92.740   -0.2   -0.2   -0.1
    14.016   -92.740   -0.2   -0.2   -0.1
    14.024   -92.740   -0.2   -0.2   -0.1
    14.033   -92.740   -0.2   -0.3   -0.1
    14.042   -92.740   -0.3   -0.3   -0.0
    14.051   -92.740   -0.3   -0.3   -0.0
    14.060   -92.740   -0.3   -0.4   -0.0
    14.069   -92.740   -0.3   -0.4    0.0
    14.078   -92.740   -0.3   -0.4    0.0
    14.087   -92.740   -0.3   -0.5    0.0
    14.096   -92.740   -0.3   -0.5    0.1
    14.105   -92.740   -0.3   -0.6    0.1
    14.114   -92.740   -0.3   -0.6    0.1
    14.123   -92.740   -0.3   -0.6    0.1
    14.132   -92.740   -0.3   -0.7    0.2
    14.141   -92.740   -0.3   -0.7    0.2
    14.150   -92.740   -0.3   -0.7    0.2
    14.159   -92.740   -0.3   -0.8    0.3
    14.168   -92.740   -0.3   -0.8    0.3
    14.177   -92.740   -0.3   -0.8    0.4
    14.186   -92.740   -0.3   -0.9    0.4
    14.195   -92.740   -0.3   -0.9    0.4
    14.204   -92.740   -0.3   -0.9    0.5
    14.213   -92.740   -0.3   -0.9    0.5
    14.222   -92.740   -0.3   -1.0    0.6
    14.231   -92.740   -0.3   -1.0    0.6
    14.240   -92.740   -0.3   -1.0    0.6
    14.249   -92.740   -0.3   -1.0    0.7
    14.258   -92.740   -0.3   -1.0    0.7
    14.267   -92.740   -0.3   -1.0    0.7
    14.276   -92.740   -0.4   -1.1    0.8
    14.285   -92.740   -0.4   -1.1    0.8
    14.294   -92.740   -0.4   -1.1    0.8
    14.303   -92.740   -0.4   -1.1    0.9
    14.312   -92.740   -0.4   -1.0    0.9
    14.321   -92.740   -0.4   -1.0    0.9
    14.330   -92.740   -0.4   -1.0    0.9
    14.339   -92.740   -0.4   -1.0    0.9
    14.348   -92.740   -0.4   -0.9    0.9
    14.357   -92.740   -0.4   -0.9    0.9
    14.366   -92.740   -0.4   -0.8    0.8
    14.375   -92.740   -0.4   -0.8    0.8
    14.384   -92.740   -0.4   -0.7    0.7
    14.393   -92.740   -0.4   -0.7    0.6
    14.402   -92.740   -0.5   -0.7    0.5
    14.411   -92.740   -0.5   -0.6    0.4
    14.420   -92.740   -0.5   -0.6    0.3
    14.429   -92.740   -0.5   -0.6    0.2
    14.438   -92.740   -0.5   -0.6    0.1
    14.447   -92.740   -0.5   -0.6    0.0
    14.456   -92.740   -0.5   -0.6   -0.1
    14.465   -92.740   -0.5   -0.6   -0.1
    14.474   -92.740   -0.5   -0.7   -0.2
    14.483   -92.740   -0.5   -0.7   -0.2
    14.492   -92.740   -0.5   -0.7   -0.3
    14.501   -92.740   -0.5   -0.7   -0.3
    14.510   -92.740   -0.5   -0.7   -0.3
    14.519   -92.740   -0.5   -0.8   -0.3
    14.528   -92.740   -0.6   -0.8   -0.3
    14.537   -92.740   -0.6   -0.8   -0.4
    14.546   -92.740   -0.6   -0.8   -0.4
    14.555   -92.740   -0.6   -0.8   -0.3
    14.564   -92.740   -0.6   -0.8   -0.3
    14.573   -92.740   -0.6   -0.8   -0.3
    14.582   -92.740   -0.6   -0.8   -0.3
    14.591   -92.740   -0.6   -0.8   -0.3
    14.600   -92.740   -0.6   -0.8   -0.3
    14.609   -92.740   -0.6   -0.8   -0.3
    14.618   -92.740   -0.6   -0.8   -0.3
    14.627   -92.740   -0.6   -0.8   -0.3
    14.636   -92.740   -0.6   -0.8   -0.3
    14.645   -92.740   -0.6   -0.8   -0.3
    14.654   -92.740   -0.6   -0.8   -0.2
    14.663   -92.740   -0.6   -0.7   -0.2
    14.672   -92.740   -0.6   -0.7   -0.2
    14.681   -92.740   -0.6   -0.7   -0.2
    14.690   -92.740   -0.6   -0.7   -0.2
    14.699   -92.740   -0.6   -0.7   -0.2
    14.708   -92.740   -0.6   -0.7   -0.2
    14.717   -92.740   -0.6   -0.7   -0.2
    14.726   -92.740   -0.5   -0.7   -0.2
    14.735   -92.740   -0.5   -0.7   -0.2
    14.744   -92.740   -0.5   -0.7   -0.2
    14.753   -92.740   -0.5   -0.7   -0.1
    13.854   -92.731    0.0   -0.0   -0.1
    13.863   -92.731    0.0   -0.0   -0.1
    13.872   -92.731    0.0   -0.0   -0.1
    13.881   -92.731    0.0   -0.0   -0.1
    13.890   -92.731    0.0   -0.0   -0.1
    13.899   -92.731    0.0   -0.1   -0.1
    13.908   -92.731    0.0   -0.1   -0.1
    13.917   -92.731    0.0   -0.1   -0.1
    13.926   -92.731    0.0   -0.1   -0.1
    13.935   -92.731   -0.0   -0.1   -0.1
    13.944   -92.731   -0.0   -0.1   -0.1
    13.953   -92.731   -0.0   -0.1   -0.1
    13.962   -92.731   -0.1   -0.1   -0.1
    13.971   -92.731   -0.1   -0.1   -0.1
    13.980   -92.731   -0.1   -0.1   -0.1
    13.989   -92.731   -0.1   -0.2   -0.1
    13.998   -92.731   -0.1   -0.2   -0.1
    14.007   -92.731   -0.1   -0.2   -0.1
    14.016   -92.731   -0.2   -0.2   -0.1
    14.024   -92.731   -0.2   -0.2   -0.1
    14.033   -92.731   -0.2   -0.3   -0.0
    14.042   -92.731   -0.2   -0.3   -0.0
    14.051   -92.731   -0.2   -0.3   -0.0
    14.060   -92.731   -0.3   -0.4   -0.0
    14.069   -92.731   -0.3   -0.4    0.0
    14.078   -92.731   -0.3   -0.4    0.0
    14.087   -92.731   -0.3   -0.5    0.0
    14.096   -92.731   -0.3   -0.5    0.1
    14.105   -92.731   -0.3   -0.5    0.1
    14.114   -92.731   -0.3   -0.6    0.1
    14.123   -92.731   -0.3   -0.6    0.1
    14.132   -92.731   -0.3   -0.6    0.2
    14.141   -92.731   -0.3   -0.7    0.2
    14.150   -92.731   -0.3   -0.7    0.2
    14.159   -92.731   -0.3   -0.7    0.3
    14.168   -92.731   -0.2   -0.8    0.3
    14.177   -92.731   -0.2   -0.8    0.3
    14.186   -92.731   -0.2   -0.8    0.4
    14.195   -92.731   -0.2   -0.8    0.4
    14.204   -92.731   -0.2   -0.9    0.4
    14.213   -92.731   -0.2   -0.9    0.5
    14.222   -92.731   -0.2   -0.9    0.5
    14.231   -92.731   -0.2   -0.9    0.5
    14.240   -92.731   -0.3   -0.9    0.6
    14.249   -92.731   -0.3   -1.0    0.6
    14.258   -92.731   -0.3   -1.0    0.7
    14.267   -92.731   -0.3   -1.0    0.7
    14.276   -92.731   -0.3   -1.0    0.7
    14.285   -92.731   -0.3   -1.0    0.7
    14.294   -92.731   -0.3   -1.0    0.8
    14.303   -92.731   -0.3   -1.0    0.8
    14.312   -92.731   -0.3   -1.0    0.8
    14.321   -92.731   -0.3   -1.0    0.8
    14.330   -92.731   -0.4   -0.9    0.8
    14.339   -92.731   -0.4   -0.9    0.8
    14.348   -92.731   -0.4   -0.9    0.8
    14.357   -92.731   -0.4   -0.8    0.8
    14.366   -92.731   -0.4   -0.8    0.7
    14.375   -92.731   -0.4   -0.7    0.7
    14.384   -92.731   -0.4   -0.7    0.6
    14.393   -92.731   -0.4   -0.7    0.5
    14.402   -92.731   -0.4   -0.6    0.4
    14.411   -92.731   -0.4   -0.6    0.3
    14.420   -92.731   -0.5   -0.6    0.2
    14.429   -92.731   -0.5   -0.6    0.1
    14.438   -92.731   -0.5   -0.6    0.0
    14.447   -92.731   -0.5   -0.6   -0.0
    14.456   -92.731   -0.5   -0.6   -0.1
    14.465   -92.731   -0.5   -0.7   -0.2
    14.474   -92.731   -0.5   -0.7   -0.2
    14.483   -92.731   -0.5   -0.7   -0.3
    14.492   -92.731   -0.5   -0.7   -0.3
    14.501   -92.731   -0.5   -0.7   -0.3
    14.510   -92.731   -0.5   -0.7   -0.4
    14.519   -92.731   -0.6   -0.8   -0.4
    14.528   -92.731   -0.6   -0.8   -0.4
    14.537   -92.731   -0.6   -0.8   -0.4
    14.546   -92.731   -0.6   -0.8   -0.4
    14.555   -92.731   -0.6   -0.8   -0.4
    14.564   -92.731   -0.6   -0.8   -0.3
    14.573   -92.731   -0.6   -0.8   -0.3
    14.582   -92.731   -0.6   -0.8   -0.3
    14.591   -92.731   -0.6   -0.8   -0.3
    14.600   -92.731   -0.6   -0.8   -0.3
    14.609   -92.731   -0.6   -0.8   -0.3
    14.618   -92.731   -0.6   -0.8   -0.3
    14.627   -92.731   -0.6   -0.8   -0.3
    14.636   -92.731   -0.6   -0.7   -0.3
    14.645   -92.731   -0.6   -0.7   -0.3
    14.654   -92.731   -0.6   -0.7   -0.2
    14.663   -92.731   -0.6   -0.7   -0.2
    14.672   -92.731   -0.6   -0.7   -0.2
    14.681   -92.731   -0.6   -0.7   -0.2
    14.690   -92.731   -0.6   -0.7   -0.2
    14.699   -92.731   -0.6   -0.7   -0.2
    14.708   -92.731   -0.6   -0.7   -0.2
    14.717   -92.731   -0.5   -0.7   -0.2
    14.726   -92.731   -0.5   -0.7   -0.2
    14.735   -92.731   -0.5   -0.7   -0.2
    14.744   -92.731   -0.5   -0.7   -0.1
    14.753   -92.731   -0.5   -0.7   -0.1
    13.854   -92.722    0.0   -0.0   -0.1
    13.863   -92.722    0.0   -0.0   -0.1
    13.872   -92.722    0.0   -0.0   -0.1
    13.881   -92.722    0.0   -0.0   -0.1
    13.890   -92.722    0.0   -0.0   -0.1
    13.899   -92.722    0.0   -0.1   -0.1
    13.908   -92.722    0.0   -0.1   -0.1
    13.917   -92.722    0.0   -0.1   -0.1
    13.926   -92.722   -0.0   -0.1   -0.1
    13.935   -92.722   -0.0   -0.1   -0.1
    13.944   -92.722   -0.0   -0.1   -0.1
    13.953   -92.722   -0.0   -0.1   -0.1
    13.962   -92.722   -0.0   -0.1   -0.1
    13.971   -92.722   -0.1   -0.1   -0.1
    13.980   -92.722   -0.1   -0.1   -0.1
    13.989   -92.722   -0.1   -0.1   -0.1
    13.998   -92.722   -0.1   -0.2   -0.1
    14.007   -92.722   -0.1   -0.2   -0.1
    14.016   -92.722   -0.2   -0.2   -0.1
    14.024   -92.722   -0.2   -0.2   -0.1
    14.033   -92.722   -0.2   -0.2   -0.0
    14.042   -92.722   -0.2   -0.3   -0.0
    14.051   -92.722   -0.2   -0.3   -0.0
    14.060   -92.722   -0.2   -0.3   -0.0
    14.069   -92.722   -0.2   -0.4    0.0
    14.078   -92.722   -0.2   -0.4    0.0
    14.087   -92.722   -0.3   -0.4    0.0
    14.096   -92.722   -0.3   -0.5    0.1
    14.105   -92.722   -0.3   -0.5    0.1
    14.114   -92.722   -0.3   -0.5    0.1
    14.123   -92.722   -0.3   -0.5    0.1
    14.132   -92.722   -0.2   -0.6    0.1
    14.141   -92.722   -0.2   -0.6    0.2
    14.150   -92.722   -0.2   -0.6    0.2
    14.159   -92.722   -0.2   -0.7    0.2
    14.168   -92.722   -0.2   -0.7    0.3
    14.177   -92.722   -0.2   -0.7    0.3
    14.186   -92.722   -0.2   -0.8    0.3
    14.195   -92.722   -0.2   -0.8    0.4
    14.204   -92.722   -0.2   -0.8    0.4
    14.213   -92.722   -0.2   -0.8    0.4
    14.222   -92.722   -0.2   -0.8    0.5
    14.231   -92.722   -0.2   -0.9    0.5
    14.240   -92.722   -0.2   -0.9    0.5
    14.249   -92.722   -0.2   -0.9    0.6
    14.258   -92.722   -0.2   -0.9    0.6
    14.267   -92.722   -0.2   -0.9    0.6
    14.276   -92.722   -0.3   -0.9    0.7
    14.285   -92.722   -0.3   -0.9    0.7
    14.294   -92.722   -0.3   -0.9    0.7
    14.303   -92.722   -0.3   -0.9    0.7
    14.312   -92.722   -0.3   -0.9    0.7
    14.321   -92.722   -0.3   -0.9    0.8
    14.330   -92.722   -0.3   -0.9    0.8
    14.339   -92.722   -0.3   -0.9    0.7
    14.348   -92.722   -0.3   -0.8    0.7
    14.357   -92.722   -0.3   -0.8    0.7
    14.366   -92.722   -0.4   -0.7    0.6
    14.375   -92.722   -0.4   -0.7    0.6
    14.384   -92.722   -0.4   -0.7    0.5
    14.393   -92.722   -0.4   -0.6    0.4
    14.402   -92.722   -0.4   -0.6    0.3
    14.411   -92.722   -0.4   -0.6    0.2
    14.420   -92.722   -0.4   -0.6    0.2
    14.429   -92.722   -0.5   -0.6    0.1
    14.438   -92.722   -0.5   -0.6   -0.0
    14.447   -92.722   -0.5   -0.6   -0.1
    14.456   -92.722   -0.5   -0.6   -0.2
    14.465   -92.722   -0.5   -0.7   -0.2
    14.474   -92.722   -0.5   -0.7   -0.3
    14.483   -92.722   -0.5   -0.7   -0.3
    14.492   -92.722   -0.5   -0.7   -0.3
    14.501   -92.722   -0.6   -0.7   -0.4
    14.510   -92.722   -0.6   -0.7   -0.4
    14.519   -92.722   -0.6   -0.8   -0.4
    14.528   -92.722   -0.6   -0.8   -0.4
    14.537   -92.722   -0.6   -0.8   -0.4
    14.546   -92.722   -0.6   -0.8   -0.4
    14.555   -92.722   -0.6   -0.8   -0.4
    14.564   -92.722   -0.6   -0.8   -0.4
    14.573   -92.722   -0.6   -0.8   -0.3
    14.582   -92.722   -0.6   -0.8   -0.3
    14.591   -92.722   -0.6   -0.8   -0.3
    14.600   -92.722   -0.6   -0.8   -0.3
    14.609   -92.722   -0.6   -0.8   -0.3
    14.618   -92.722   -0.6   -0.7   -0.3
    14.627   -92.722   -0.6   -0.7   -0.3
    14.636   -92.722   -0.6   -0.7   -0.3
    14.645   -92.722   -0.6   -0.7   -0.2
    14.654   -92.722   -0.6   -0.7   -0.2
    14.663   -92.722   -0.6   -0.7   -0.2
    14.672   -92.722   -0.6   -0.7   -0.2
    14.681   -92.722   -0.6   -0.7   -0.2
    14.690   -92.722   -0.6   -0.7   -0.2
    14.699   -92.722   -0.5   -0.7   -0.2
    14.708   -92.722   -0.5   -0.7   -0.2
    14.717   -92.722   -0.5   -0.7   -0.2
    14.726   -92.722   -0.5   -0.7   -0.2
    14.735   -92.722   -0.5   -0.7   -0.2
    14.744   -92.722   -0.5   -0.6   -0.1
    14.753   -92.722   -0.5   -0.6   -0.1
    13.854   -92.712    0.0   -0.0   -0.1
    13.863   -92.712    0.0   -0.0   -0.1
    13.872   -92.712    0.0   -0.0   -0.1
    13.881   -92.712    0.0   -0.0   -0.1
    13.890   -92.712    0.0   -0.0   -0.1
    13.899   -92.712    0.0   -0.1   -0.1
    13.908   -92.712    0.0   -0.1   -0.1
    13.917   -92.712    0.0   -0.1   -0.1
    13.926   -92.712   -0.0   -0.1   -0.1
    13.935   -92.712   -0.0   -0.1   -0.1
    13.944   -92.712   -0.0   -0.1   -0.1
    13.953   -92.712   -0.0   -0.1   -0.1
    13.962   -92.712   -0.0   -0.1   -0.1
    13.971   -92.712   -0.1   -0.1   -0.1
    13.980   -92.712   -0.1   -0.1   -0.1
    13.989   -92.712   -0.1   -0.1   -0.1
    13.998   -92.712   -0.1   -0.2   -0.1
    14.007   -92.712   -0.1   -0.2   -0.1
    14.016   -92.712   -0.1   -0.2   -0.1
    14.024   -92.712   -0.2   -0.2   -0.1
    14.033   -92.712   -0.2   -0.2   -0.0
    14.042   -92.712   -0.2   -0.3   -0.0
    14.051   -92.712   -0.2   -0.3   -0.0
    14.060   -92.712   -0.2   -0.3   -0.0
    14.069   -92.712   -0.2   -0.3    0.0
    14.078   -92.712   -0.2   -0.4    0.0
    14.087   -92.712   -0.2   -0.4    0.0
    14.096   -92.712   -0.2   -0.4    0.0
    14.105   -92.712   -0.2   -0.5    0.1
    14.114   -92.712   -0.2   -0.5    0.1
    14.123   -92.712   -0.2   -0.5    0.1
    14.132   -92.712   -0.2   -0.5    0.1
    14.141   -92.712   -0.2   -0.6    0.2
    14.150   -92.712   -0.2   -0.6    0.2
    14.159   -92.712   -0.2   -0.6    0.2
    14.168   -92.712   -0.2   -0.6    0.2
    14.177   -92.712   -0.2   -0.7    0.3
    14.186   -92.712   -0.2   -0.7    0.3
    14.195   -92.712   -0.2   -0.7    0.3
    14.204   -92.712   -0.2   -0.7    0.4
    14.213   -92.712   -0.2   -0.8    0.4
    14.222   -92.712   -0.2   -0.8    0.4
    14.231   -92.712   -0.2   -0.8    0.5
    14.240   -92.712   -0.2   -0.8    0.5
    14.249   -92.712   -0.2   -0.8    0.5
    14.258   -92.712   -0.2   -0.9    0.5
    14.267   -92.712   -0.2   -0.9    0.6
    14.276   -92.712   -0.2   -0.9    0.6
    14.285   -92.712   -0.2   -0.9    0.6
    14.294   -92.712   -0.2   -0.9    0.6
    14.303   -92.712   -0.2   -0.9    0.7
    14.312   -92.712   -0.3   -0.9    0.7
    14.321   -92.712   -0.3   -0.8    0.7
    14.330   -92.712   -0.3   -0.8    0.7
    14.339   -92.712   -0.3   -0.8    0.7
    14.348   -92.712   -0.3   -0.8    0.6
    14.357   -92.712   -0.3   -0.7    0.6
    14.366   -92.712   -0.3   -0.7    0.5
    14.375   -92.712   -0.3   -0.7    0.5
    14.384   -92.712   -0.4   -0.6    0.4
    14.393   -92.712   -0.4   -0.6    0.3
    14.402   -92.712   -0.4   -0.6    0.2
    14.411   -92.712   -0.4   -0.6    0.2
    14.420   -92.712   -0.4   -0.6    0.1
    14.429   -92.712   -0.5   -0.6   -0.0
    14.438   -92.712   -0.5   -0.6   -0.1
    14.447   -92.712   -0.5   -0.6   -0.2
    14.456   -92.712   -0.5   -0.6   -0.2
    14.465   -92.712   -0.5   -0.7   -0.3
    14.474   -92.712   -0.5   -0.7   -0.3
    14.483   -92.712   -0.5   -0.7   -0.3
    14.492   -92.712   -0.6   -0.7   -0.4
    14.501   -92.712   -0.6   -0.7   -0.4
    14.510   -92.712   -0.6   -0.7   -0.4
    14.519   -92.712   -0.6   -0.8   -0.4
    14.528   -92.712   -0.6   -0.8   -0.4
    14.537   -92.712   -0.6   -0.8   -0.4
    14.546   -92.712   -0.6   -0.8   -0.4
    14.555   -92.712   -0.6   -0.8   -0.4
    14.564   -92.712   -0.6   -0.8   -0.4
    14.573   -92.712   -0.6   -0.8   -0.3
    14.582   -92.712   -0.6   -0.8   -0.3
    14.591   -92.712   -0.6   -0.8   -0.3
    14.600   -92.712   -0.6   -0.7   -0.3
    14.609   -92.712   -0.6   -0.7   -0.3
    14.618   -92.712   -0.6   -0.7   -0.3
    14.627   -92.712   -0.6   -0.7   -0.3
    14.636   -92.712   -0.6   -0.7   -0.2
    14.645   -92.712   -0.6   -0.7   -0.2
    14.654   -92.712   -0.6   -0.7   -0.2
    14.663   -92.712   -0.6   -0.7   -0.2
    14.672   -92.712   -0.6   -0.7   -0.2
    14.681   -92.712   -0.6   -0.7   -0.2
    14.690   -92.712   -0.5   -0.7   -0.2
    14.699   -92.712   -0.5   -0.7   -0.2
    14.708   -92.712   -0.5   -0.7   -0.2
    14.717   -92.712   -0.5   -0.7   -0.2
    14.726   -92.712   -0.5   -0.6   -0.2
    14.735   -92.712   -0.5   -0.6   -0.1
    14.744   -92.712   -0.5   -0.6   -0.1
    14.753   -92.712   -0.5   -0.6   -0.1
    13.854   -92.703    0.0   -0.0   -0.1
    13.863   -92.703    0.0   -0.0   -0.1
    13.872   -92.703    0.0   -0.0   -0.1
    13.881   -92.703    0.0   -0.0   -0.1
    13.890   -92.703    0.0   -0.0   -0.1
    13.899   -92.703    0.0   -0.1   -0.1
    13.908   -92.703    0.0   -0.1   -0.1
    13.917   -92.703    0.0   -0.1   -0.1
    13.926   -92.703   -0.0   -0.1   -0.1
    13.935   -92.703   -0.0   -0.1   -0.1
    13.944   -92.703   -0.0   -0.1   -0.1
    13.953   -92.703   -0.0   -0.1   -0.1
    13.962   -92.703   -0.0   -0.1   -0.1
    13.971   -92.703   -0.1   -0.1   -0.1
    13.980   -92.703   -0.1   -0.1   -0.1
    13.989   -92.703   -0.1   -0.1   -0.1
    13.998   -92.703   -0.1   -0.2   -0.1
    14.007   -92.703   -0.1   -0.2   -0.1
    14.016   -92.703   -0.1   -0.2   -0.1
    14.024   -92.703   -0.1   -0.2   -0.1
    14.033   -92.703   -0.1   -0.2   -0.0
    14.042   -92.703   -0.2   -0.2   -0.0
    14.051   -92.703   -0.2   -0.3   -0.0
    14.060   -92.703   -0.2   -0.3   -0.0
    14.069   -92.703   -0.2   -0.3   -0.0
    14.078   -92.703   -0.2   -0.3    0.0
    14.087   -92.703   -0.2   -0.4    0.0
    14.096   -92.703   -0.2   -0.4    0.0
    14.105   -92.703   -0.2   -0.4    0.1
    14.114   -92.703   -0.2   -0.4    0.1
    14.123   -92.703   -0.2   -0.5    0.1
    14.132   -92.703   -0.2   -0.5    0.1
    14.141   -92.703   -0.2   -0.5    0.1
    14.150   -92.703   -0.2   -0.6    0.2
    14.159   -92.703   -0.2   -0.6    0.2
    14.168   -92.703   -0.2   -0.6    0.2
    14.177   -92.703   -0.2   -0.6    0.2
    14.186   -92.703   -0.2   -0.6    0.3
    14.195   -92.703   -0.2   -0.7    0.3
    14.204   -92.703   -0.2   -0.7    0.3
    14.213   -92.703   -0.2   -0.7    0.3
    14.222   -92.703   -0.2   -0.7    0.4
    14.231   -92.703   -0.2   -0.7    0.4
    14.240   -92.703   -0.2   -0.8    0.4
    14.249   -92.703   -0.2   -0.8    0.5
    14.258   -92.703   -0.2   -0.8    0.5
    14.267   -92.703   -0.2   -0.8    0.5
    14.276   -92.703   -0.2   -0.8    0.5
    14.285   -92.703   -0.2   -0.8    0.6
    14.294   -92.703   -0.2   -0.8    0.6
    14.303   -92.703   -0.2   -0.8    0.6
    14.312   -92.703   -0.2   -0.8    0.6
    14.321   -92.703   -0.2   -0.8    0.6
    14.330   -92.703   -0.3   -0.8    0.6
    14.339   -92.703   -0.3   -0.7    0.6
    14.348   -92.703   -0.3   -0.7    0.5
    14.357   -92.703   -0.3   -0.7    0.5
    14.366   -92.703   -0.3   -0.7    0.4
    14.375   -92.703   -0.3   -0.6    0.4
    14.384   -92.703   -0.4   -0.6    0.3
    14.393   -92.703   -0.4   -0.6    0.2
    14.402   -92.703   -0.4   -0.6    0.2
    14.411   -92.703   -0.4   -0.6    0.1
    14.420   -92.703   -0.5   -0.6   -0.0
    14.429   -92.703   -0.5   -0.6   -0.1
    14.438   -92.703   -0.5   -0.6   -0.2
    14.447   -92.703   -0.5   -0.6   -0.2
    14.456   -92.703   -0.5   -0.6   -0.3
    14.465   -92.703   -0.5   -0.7   -0.3
    14.474   -92.703   -0.6   -0.7   -0.4
    14.483   -92.703   -0.6   -0.7   -0.4
    14.492   -92.703   -0.6   -0.7   -0.4
    14.501   -92.703   -0.6   -0.7   -0.4
    14.510   -92.703   -0.6   -0.7   -0.4
    14.519   -92.703   -0.6   -0.8   -0.4
    14.528   -92.703   -0.6   -0.8   -0.4
    14.537   -92.703   -0.6   -0.8   -0.4
    14.546   -92.703   -0.6   -0.8   -0.4
    14.555   -92.703   -0.6   -0.8   -0.4
    14.564   -92.703   -0.6   -0.8   -0.4
    14.573   -92.703   -0.6   -0.8   -0.3
    14.582   -92.703   -0.6   -0.8   -0.3
    14.591   -92.703   -0.6   -0.7   -0.3
    14.600   -92.703   -0.6   -0.7   -0.3
    14.609   -92.703   -0.6   -0.7   -0.3
    14.618   -92.703   -0.6   -0.7   -0.3
    14.627   -92.703   -0.6   -0.7   -0.3
    14.636   -92.703   -0.6   -0.7   -0.2
    14.645   -92.703   -0.6   -0.7   -0.2
    14.654   -92.703   -0.6   -0.7   -0.2
    14.663   -92.703   -0.6   -0.7   -0.2
    14.672   -92.703   -0.6   -0.7   -0.2
    14.681   -92.703   -0.5   -0.7   -0.2
    14.690   -92.703   -0.5   -0.7   -0.2
    14.699   -92.703   -0.5   -0.7   -0.2
    14.708   -92.703   -0.5   -0.6   -0.2
    14.717   -92.703   -0.5   -0.6   -0.2
    14.726   -92.703   -0.5   -0.6   -0.1
    14.735   -92.703   -0.5   -0.6   -0.1
    14.744   -92.703   -0.5   -0.6   -0.1
    14.753   -92.703   -0.5   -0.6   -0.1
    13.854   -92.694    0.0   -0.0   -0.1
    13.863   -92.694    0.0   -0.0   -0.1
    13.872   -92.694    0.0   -0.0   -0.1
    13.881   -92.694    0.0   -0.0   -0.1
    13.890   -92.694    0.0   -0.0   -0.1
    13.899   -92.694    0.0   -0.1   -0.1
    13.908   -92.694    0.0   -0.1   -0.1
    13.917   -92.694    0.0   -0.1   -0.1
    13.926   -92.694   -0.0   -0.1   -0.1
    13.935   -92.694   -0.0   -0.1   -0.1
    13.944   -92.694   -0.0   -0.1   -0.1
    13.953   -92.694   -0.0   -0.1   -0.1
    13.962   -92.694   -0.0   -0.1   -0.1
    13.971   -92.694   -0.1   -0.1   -0.1
    13.980   -92.694   -0.1   -0.1   -0.1
    13.989   -92.694   -0.1   -0.1   -0.1
    13.998   -92.694   -0.1   -0.1   -0.1
    14.007   -92.694   -0.1   -0.2   -0.1
    14.016   -92.694   -0.1   -0.2   -0.1
    14.024   -92.694   -0.1   -0.2   -0.0
    14.033   -92.694   -0.1   -0.2   -0.0
    14.042   -92.694   -0.1   -0.2   -0.0
    14.051   -92.694   -0.2   -0.3   -0.0
    14.060   -92.694   -0.2   -0.3   -0.0
    14.069   -92.694   -0.2   -0.3   -0.0
    14.078   -92.694   -0.2   -0.3    0.0
    14.087   -92.694   -0.2   -0.3    0.0
    14.096   -92.694   -0.2   -0.4    0.0
    14.105   -92.694   -0.2   -0.4    0.0
    14.114   -92.694   -0.2   -0.4    0.1
    14.123   -92.694   -0.2   -0.4    0.1
    14.132   -92.694   -0.2   -0.5    0.1
    14.141   -92.694   -0.2   -0.5    0.1
    14.150   -92.694   -0.2   -0.5    0.1
    14.159   -92.694   -0.2   -0.5    0.2
    14.168   -92.694   -0.2   -0.6    0.2
    14.177   -92.694   -0.1   -0.6    0.2
    14.186   -92.694   -0.1   -0.6    0.2
    14.195   -92.694   -0.1   -0.6    0.3
    14.204   -92.694   -0.1   -0.6    0.3
    14.213   -92.694   -0.1   -0.7    0.3
    14.222   -92.694   -0.1   -0.7    0.3
    14.231   -92.694   -0.1   -0.7    0.4
    14.240   -92.694   -0.1   -0.7    0.4
    14.249   -92.694   -0.1   -0.7    0.4
    14.258   -92.694   -0.1   -0.7    0.4
    14.267   -92.694   -0.2   -0.7    0.5
    14.276   -92.694   -0.2   -0.7    0.5
    14.285   -92.694   -0.2   -0.7    0.5
    14.294   -92.694   -0.2   -0.7    0.5
    14.303   -92.694   -0.2   -0.7    0.5
    14.312   -92.694   -0.2   -0.7    0.5
    14.321   -92.694   -0.2   -0.7    0.5
    14.330   -92.694   -0.2   -0.7    0.5
    14.339   -92.694   -0.2   -0.7    0.5
    14.348   -92.694   -0.3   -0.7    0.4
    14.357   -92.694   -0.3   -0.6    0.4
    14.366   -92.694   -0.3   -0.6    0.3
    14.375   -92.694   -0.3   -0.6    0.3
    14.384   -92.694   -0.4   -0.6    0.2
    14.393   -92.694   -0.4   -0.6    0.1
    14.402   -92.694   -0.4   -0.6    0.1
    14.411   -92.694   -0.4   -0.6   -0.0
    14.420   -92.694   -0.5   -0.6   -0.1
    14.429   -92.694   -0.5   -0.6   -0.1
    14.438   -92.694   -0.5   -0.6   -0.2
    14.447   -92.694   -0.5   -0.6   -0.3
    14.456   -92.694   -0.5   -0.6   -0.3
    14.465   -92.694   -0.6   -0.6   -0.3
    14.474   -92.694   -0.6   -0.7   -0.4
    14.483   -92.694   -0.6   -0.7   -0.4
    14.492   -92.694   -0.6   -0.7   -0.4
    14.501   -92.694   -0.6   -0.7   -0.4
    14.510   -92.694   -0.6   -0.7   -0.4
    14.519   -92.694   -0.6   -0.7   -0.4
    14.528   -92.694   -0.6   -0.8   -0.4
    14.537   -92.694   -0.6   -0.8   -0.4
    14.546   -92.694   -0.6   -0.8   -0.4
    14.555   -92.694   -0.6   -0.8   -0.4
    14.564   -92.694   -0.6   -0.8   -0.4
    14.573   -92.694   -0.6   -0.7   -0.3
    14.582   -92.694   -0.6   -0.7   -0.3
    14.591   -92.694   -0.6   -0.7   -0.3
    14.600   -92.694   -0.6   -0.7   -0.3
    14.609   -92.694   -0.6   -0.7   -0.3
    14.618   -92.694   -0.6   -0.7   -0.3
    14.627   -92.694   -0.6   -0.7   -0.2
    14.636   -92.694   -0.6   -0.7   -0.2
    14.645   -92.694   -0.6   -0.7   -0.2
    14.654   -92.694   -0.6   -0.7   -0.2
    14.663   -92.694   -0.5   -0.7   -0.2
    14.672   -92.694   -0.5   -0.7   -0.2
    14.681   -92.694   -0.5   -0.7   -0.2
    14.690   -92.694   -0.5   -0.6   -0.2
    14.699   -92.694   -0.5   -0.6   -0.2
    14.708   -92.694   -0.5   -0.6   -0.2
    14.717   -92.694   -0.5   -0.6   -0.1
    14.726   -92.694   -0.5   -0.6   -0.1
    14.735   -92.694   -0.5   -0.6   -0.1
    14.744   -92.694   -0.5   -0.6   -0.1
    14.753   -92.694   -0.5   -0.6   -0.1
    13.854   -92.684    0.0   -0.0   -0.1
    13.863   -92.684    0.0   -0.0   -0.1
    13.872   -92.684    0.0   -0.0   -0.1
    13.881   -92.684    0.0   -0.0   -0.1
    13.890   -92.684    0.0   -0.0   -0.1
    13.899   -92.684    0.0   -0.1   -0.1
    13.908   -92.684    0.0   -0.1   -0.1
    13.917   -92.684    0.0   -0.1   -0.1
    13.926   -92.684   -0.0   -0.1   -0.1
    13.935   -92.684   -0.0   -0.1   -0.1
    13.944   -92.684   -0.0   -0.1   -0.1
    13.953   -92.684   -0.0   -0.1   -0.1
    13.962   -92.684   -0.0   -0.1   -0.1
    13.971   -92.684   -0.0   -0.1   -0.1
    13.980   -92.684   -0.1   -0.1   -0.1
    13.989   -92.684   -0.1   -0.1   -0.1
    13.998   -92.684   -0.1   -0.1   -0.1
    14.007   -92.684   -0.1   -0.2   -0.1
    14.016   -92.684   -0.1   -0.2   -0.1
    14.024   -92.684   -0.1   -0.2   -0.0
    14.033   -92.684   -0.1   -0.2   -0.0
    14.042   -92.684   -0.1   -0.2   -0.0
    14.051   -92.684   -0.1   -0.2   -0.0
    14.060   -92.684   -0.1   -0.3   -0.0
    14.069   -92.684   -0.2   -0.3   -0.0
    14.078   -92.684   -0.2   -0.3    0.0
    14.087   -92.684   -0.2   -0.3    0.0
    14.096   -92.684   -0.2   -0.3    0.0
    14.105   -92.684   -0.2   -0.4    0.0
    14.114   -92.684   -0.2   -0.4    0.1
    14.123   -92.684   -0.2   -0.4    0.1
    14.132   -92.684   -0.2   -0.4    0.1
    14.141   -92.684   -0.2   -0.5    0.1
    14.150   -92.684   -0.1   -0.5    0.1
    14.159   -92.684   -0.1   -0.5    0.1
    14.168   -92.684   -0.1   -0.5    0.2
    14.177   -92.684   -0.1   -0.5    0.2
    14.186   -92.684   -0.1   -0.6    0.2
    14.195   -92.684   -0.1   -0.6    0.2
    14.204   -92.684   -0.1   -0.6    0.2
    14.213   -92.684   -0.1   -0.6    0.3
    14.222   -92.684   -0.1   -0.6    0.3
    14.231   -92.684   -0.1   -0.6    0.3
    14.240   -92.684   -0.1   -0.7    0.3
    14.249   -92.684   -0.1   -0.7    0.4
    14.258   -92.684   -0.1   -0.7    0.4
    14.267   -92.684   -0.1   -0.7    0.4
    14.276   -92.684   -0.1   -0.7    0.4
    14.285   -92.684   -0.2   -0.7    0.4
    14.294   -92.684   -0.2   -0.7    0.4
    14.303   -92.684   -0.2   -0.7    0.4
    14.312   -92.684   -0.2   -0.7    0.4
    14.321   -92.684   -0.2   -0.7    0.4
    14.330   -92.684   -0.2   -0.6    0.4
    14.339   -92.684   -0.2   -0.6    0.4
    14.348   -92.684   -0.3   -0.6    0.3
    14.357   -92.684   -0.3   -0.6    0.3
    14.366   -92.684   -0.3   -0.6    0.3
    14.375   -92.684   -0.3   -0.6    0.2
    14.384   -92.684   -0.4   -0.5    0.1
    14.393   -92.684   -0.4   -0.5    0.1
    14.402   -92.684   -0.4   -0.5   -0.0
    14.411   -92.684   -0.4   -0.5   -0.1
    14.420   -92.684   -0.5   -0.6   -0.1
    14.429   -92.684   -0.5   -0.6   -0.2
    14.438   -92.684   -0.5   -0.6   -0.3
    14.447   -92.684   -0.5   -0.6   -0.3
    14.456   -92.684   -0.6   -0.6   -0.3
    14.465   -92.684   -0.6   -0.6   -0.4
    14.474   -92.684   -0.6   -0.7   -0.4
    14.483   -92.684   -0.6   -0.7   -0.4
    14.492   -92.684   -0.6   -0.7   -0.4
    14.501   -92.684   -0.6   -0.7   -0.4
    14.510   -92.684   -0.6   -0.7   -0.4
    14.519   -92.684   -0.6   -0.7   -0.4
    14.528   -92.684   -0.6   -0.7   -0.4
    14.537   -92.684   -0.6   -0.7   -0.4
    14.546   -92.684   -0.6   -0.7   -0.4
    14.555   -92.684   -0.6   -0.7   -0.4
    14.564   -92.684   -0.6   -0.7   -0.3
    14.573   -92.684   -0.6   -0.7   -0.3
    14.582   -92.684   -0.6   -0.7   -0.3
    14.591   -92.684   -0.6   -0.7   -0.3
    14.600   -92.684   -0.6   -0.7   -0.3
    14.609   -92.684   -0.6   -0.7   -0.3
    14.618   -92.684   -0.6   -0.7   -0.3
    14.627   -92.684   -0.6   -0.7   -0.2
    14.636   -92.684   -0.6   -0.7   -0.2
    14.645   -92.684   -0.6   -0.7   -0.2
    14.654   -92.684   -0.5   -0.7   -0.2
    14.663   -92.684   -0.5   -0.7   -0.2
    14.672   -92.684   -0.5   -0.6   -0.2
    14.681   -92.684   -0.5   -0.6   -0.2
    14.690   -92.684   -0.5   -0.6   -0.2
    14.699   -92.684   -0.5   -0.6   -0.2
    14.708   -92.684   -0.5   -0.6   -0.1
    14.717   -92.684   -0.5   -0.6   -0.1
    14.726   -92.684   -0.5   -0.6   -0.1
    14.735   -92.684   -0.5   -0.6   -0.1
    14.744   -92.684   -0.5   -0.6   -0.1
    14.753   -92.684   -0.5   -0.6   -0.1
    13.854   -92.675    0.0   -0.0   -0.1
    13.863   -92.675    0.0   -0.0   -0.1
    13.872   -92.675    0.0   -0.0   -0.1
    13.881   -92.675    0.0   -0.0   -0.1
    13.890   -92.675    0.0   -0.0   -0.1
    13.899   -92.675    0.0   -0.1   -0.1
    13.908   -92.675    0.0   -0.1   -0.1
    13.917   -92.675    0.0   -0.1   -0.1
    13.926   -92.675   -0.0   -0.1   -0.1
    13.935   -92.675   -0.0   -0.1   -0.1
    13.944   -92.675   -0.0   -0.1   -0.1
    13.953   -92.675   -0.0   -0.1   -0.1
    13.962   -92.675   -0.0   -0.1   -0.1
    13.971   -92.675   -0.0   -0.1   -0.1
    13.980   -92.675   -0.1   -0.1   -0.1
    13.989   -92.675   -0.1   -0.1   -0.1
    13.998   -92.675   -0.1   -0.1   -0.1
    14.007   -92.675   -0.1   -0.2   -0.1
    14.016   -92.675   -0.1   -0.2   -0.1
    14.024   -92.675   -0.1   -0.2   -0.0
    14.033   -92.675   -0.1   -0.2   -0.0
    14.042   -92.675   -0.1   -0.2   -0.0
    14.051   -92.675   -0.1   -0.2   -0.0
    14.060   -92.675   -0.1   -0.2   -0.0
    14.069   -92.675   -0.1   -0.3   -0.0
    14.078   -92.675   -0.1   -0.3    0.0
    14.087   -92.675   -0.1   -0.3    0.0
    14.096   -92.675   -0.1   -0.3    0.0
    14.105   -92.675   -0.1   -0.3    0.0
    14.114   -92.675   -0.1   -0.4    0.0
    14.123   -92.675   -0.1   -0.4    0.1
    14.132   -92.675   -0.1   -0.4    0.1
    14.141   -92.675   -0.1   -0.4    0.1
    14.150   -92.675   -0.1   -0.4    0.1
    14.159   -92.675   -0.1   -0.5    0.1
    14.168   -92.675   -0.1   -0.5    0.1
    14.177   -92.675   -0.1   -0.5    0.2
    14.186   -92.675   -0.1   -0.5    0.2
    14.195   -92.675   -0.1   -0.5    0.2
    14.204   -92.675   -0.1   -0.5    0.2
    14.213   -92.675   -0.1   -0.6    0.2
    14.222   -92.675   -0.1   -0.6    0.3
    14.231   -92.675   -0.1   -0.6    0.3
    14.240   -92.675   -0.1   -0.6    0.3
    14.249   -92.675   -0.1   -0.6    0.3
    14.258   -92.675   -0.1   -0.6    0.3
    14.267   -92.675   -0.1   -0.6    0.3
    14.276   -92.675   -0.1   -0.6    0.4
    14.285   -92.675   -0.1   -0.6    0.4
    14.294   -92.675   -0.2   -0.6    0.4
    14.303   -92.675   -0.2   -0.6    0.4
    14.312   -92.675   -0.2   -0.6    0.4
    14.321   -92.675   -0.2   -0.6    0.3
    14.330   -92.675   -0.2   -0.6    0.3
    14.339   -92.675   -0.2   -0.6    0.3
    14.348   -92.675   -0.3   -0.6    0.3
    14.357   -92.675   -0.3   -0.5    0.2
    14.366   -92.675   -0.3   -0.5    0.2
    14.375   -92.675   -0.3   -0.5    0.1
    14.384   -92.675   -0.4   -0.5    0.1
    14.393   -92.675   -0.4   -0.5   -0.0
    14.402   -92.675   -0.4   -0.5   -0.1
    14.411   -92.675   -0.5   -0.5   -0.1
    14.420   -92.675   -0.5   -0.5   -0.2
    14.429   -92.675   -0.5   -0.6   -0.2
    14.438   -92.675   -0.5   -0.6   -0.3
    14.447   -92.675   -0.6   -0.6   -0.3
    14.456   -92.675   -0.6   -0.6   -0.4
    14.465   -92.675   -0.6   -0.6   -0.4
    14.474   -92.675   -0.6   -0.7   -0.4
    14.483   -92.675   -0.6   -0.7   -0.4
    14.492   -92.675   -0.6   -0.7   -0.4
    14.501   -92.675   -0.6   -0.7   -0.4
    14.510   -92.675   -0.6   -0.7   -0.4
    14.519   -92.675   -0.6   -0.7   -0.4
    14.528   -92.675   -0.6   -0.7   -0.4
    14.537   -92.675   -0.6   -0.7   -0.4
    14.546   -92.675   -0.6   -0.7   -0.4
    14.555   -92.675   -0.6   -0.7   -0.4
    14.564   -92.675   -0.6   -0.7   -0.3
    14.573   -92.675   -0.6   -0.7   -0.3
    14.582   -92.675   -0.6   -0.7   -0.3
    14.591   -92.675   -0.6   -0.7   -0.3
    14.600   -92.675   -0.6   -0.7   -0.3
    14.609   -92.675   -0.6   -0.7   -0.3
    14.618   -92.675   -0.6   -0.7   -0.2
    14.627   -92.675   -0.6   -0.7   -0.2
    14.636   -92.675   -0.6   -0.7   -0.2
    14.645   -92.675   -0.5   -0.7   -0.2
    14.654   -92.675   -0.5   -0.6   -0.2
    14.663   -92.675   -0.5   -0.6   -0.2
    14.672   -92.675   -0.5   -0.6   -0.2
    14.681   -92.675   -0.5   -0.6   -0.2
    14.690   -92.675   -0.5   -0.6   -0.2
    14.699   -92.675   -0.5   -0.6   -0.1
    14.708   -92.675   -0.5   -0.6   -0.1
    14.717   -92.675   -0.5   -0.6   -0.1
    14.726   -92.675   -0.5   -0.6   -0.1
    14.735   -92.675   -0.5   -0.6   -0.1
    14.744   -92.675   -0.5   -0.6   -0.1
    14.753   -92.675   -0.4   -0.6   -0.1
    13.854   -92.666    0.0   -0.0   -0.1
    13.863   -92.666    0.0   -0.0   -0.1
    13.872   -92.666    0.0   -0.0   -0.1
    13.881   -92.666    0.0   -0.0   -0.1
    13.890   -92.666    0.0   -0.0   -0.1
    13.899   -92.666    0.0   -0.1   -0.1
    13.908   -92.666    0.0   -0.1   -0.1
    13.917   -92.666    0.0   -0.1   -0.1
    13.926   -92.666   -0.0   -0.1   -0.1
    13.935   -92.666   -0.0   -0.1   -0.1
    13.944   -92.666   -0.0   -0.1   -0.1
    13.953   -92.666   -0.0   -0.1   -0.1
    13.962   -92.666   -0.0   -0.1   -0.1
    13.971   -92.666   -0.0   -0.1   -0.1
    13.980   -92.666   -0.0   -0.1   -0.1
    13.989   -92.666   -0.1   -0.1   -0.1
    13.998   -92.666   -0.1   -0.1   -0.1
    14.007   -92.666   -0.1   -0.1   -0.1
    14.016   -92.666   -0.1   -0.2   -0.1
    14.024   -92.666   -0.1   -0.2   -0.0
    14.033   -92.666   -0.1   -0.2   -0.0
    14.042   -92.666   -0.1   -0.2   -0.0
    14.051   -92.666   -0.1   -0.2   -0.0
    14.060   -92.666   -0.1   -0.2   -0.0
    14.069   -92.666   -0.1   -0.2   -0.0
    14.078   -92.666   -0.1   -0.3   -0.0
    14.087   -92.666   -0.1   -0.3    0.0
    14.096   -92.666   -0.1   -0.3    0.0
    14.105   -92.666   -0.1   -0.3    0.0
    14.114   -92.666   -0.1   -0.3    0.0
    14.123   -92.666   -0.1   -0.4    0.1
    14.132   -92.666   -0.1   -0.4    0.1
    14.141   -92.666   -0.1   -0.4    0.1
    14.150   -92.666   -0.1   -0.4    0.1
    14.159   -92.666   -0.1   -0.4    0.1
    14.168   -92.666   -0.1   -0.4    0.1
    14.177   -92.666   -0.1   -0.5    0.1
    14.186   -92.666   -0.1   -0.5    0.2
    14.195   -92.666   -0.1   -0.5    0.2
    14.204   -92.666   -0.1   -0.5    0.2
    14.213   -92.666   -0.1   -0.5    0.2
    14.222   -92.666   -0.1   -0.5    0.2
    14.231   -92.666   -0.1   -0.5    0.2
    14.240   -92.666   -0.1   -0.5    0.3
    14.249   -92.666   -0.1   -0.6    0.3
    14.258   -92.666   -0.1   -0.6    0.3
    14.267   -92.666   -0.1   -0.6    0.3
    14.276   -92.666   -0.1   -0.6    0.3
    14.285   -92.666   -0.1   -0.6    0.3
    14.294   -92.666   -0.1   -0.6    0.3
    14.303   -92.666   -0.2   -0.6    0.3
    14.312   -92.666   -0.2   -0.6    0.3
    14.321   -92.666   -0.2   -0.5    0.3
    14.330   -92.666   -0.2   -0.5    0.2
    14.339   -92.666   -0.2   -0.5    0.2
    14.348   -92.666   -0.3   -0.5    0.2
    14.357   -92.666   -0.3   -0.5    0.1
    14.366   -92.666   -0.3   -0.5    0.1
    14.375   -92.666   -0.4   -0.5    0.0
    14.384   -92.666   -0.4   -0.5   -0.0
    14.393   -92.666   -0.4   -0.5   -0.1
    14.402   -92.666   -0.4   -0.5   -0.1
    14.411   -92.666   -0.5   -0.5   -0.2
    14.420   -92.666   -0.5   -0.5   -0.2
    14.429   -92.666   -0.5   -0.5   -0.3
    14.438   -92.666   -0.6   -0.6   -0.3
    14.447   -92.666   -0.6   -0.6   -0.4
    14.456   -92.666   -0.6   -0.6   -0.4
    14.465   -92.666   -0.6   -0.6   -0.4
    14.474   -92.666   -0.6   -0.6   -0.4
    14.483   -92.666   -0.6   -0.7   -0.4
    14.492   -92.666   -0.6   -0.7   -0.4
    14.501   -92.666   -0.6   -0.7   -0.4
    14.510   -92.666   -0.6   -0.7   -0.4
    14.519   -92.666   -0.6   -0.7   -0.4
    14.528   -92.666   -0.6   -0.7   -0.4
    14.537   -92.666   -0.6   -0.7   -0.4
    14.546   -92.666   -0.6   -0.7   -0.4
    14.555   -92.666   -0.6   -0.7   -0.4
    14.564   -92.666   -0.6   -0.7   -0.3
    14.573   -92.666   -0.6   -0.7   -0.3
    14.582   -92.666   -0.6   -0.7   -0.3
    14.591   -92.666   -0.6   -0.7   -0.3
    14.600   -92.666   -0.6   -0.7   -0.3
    14.609   -92.666   -0.6   -0.7   -0.3
    14.618   -92.666   -0.6   -0.7   -0.2
    14.627   -92.666   -0.6   -0.7   -0.2
    14.636   -92.666   -0.5   -0.6   -0.2
    14.645   -92.666   -0.5   -0.6   -0.2
    14.654   -92.666   -0.5   -0.6   -0.2
    14.663   -92.666   -0.5   -0.6   -0.2
    14.672   -92.666   -0.5   -0.6   -0.2
    14.681   -92.666   -0.5   -0.6   -0.2
    14.690   -92.666   -0.5   -0.6   -0.2
    14.699   -92.666   -0.5   -0.6   -0.1
    14.708   -92.666   -0.5   -0.6   -0.1
    14.717   -92.666   -0.5   -0.6   -0.1
    14.726   -92.666   -0.5   -0.6   -0.1
    14.735   -92.666   -0.5   -0.6   -0.1
    14.744   -92.666   -0.4   -0.6   -0.1
    14.753   -92.666   -0.4   -0.5   -0.1
    13.854   -92.657    0.0   -0.0   -0.1
    13.863   -92.657    0.0   -0.0   -0.1
    13.872   -92.657    0.0   -0.0   -0.1
    13.881   -92.657    0.0   -0.0   -0.1
    13.890   -92.657    0.0   -0.0   -0.1
    13.899   -92.657    0.0   -0.0   -0.1
    13.908   -92.657    0.0   -0.1   -0.1
    13.917   -92.657    0.0   -0.1   -0.1
    13.926   -92.657   -0.0   -0.1   -0.1
    13.935   -92.657   -0.0   -0.1   -0.1
    13.944   -92.657   -0.0   -0.1   -0.1
    13.953   -92.657   -0.0   -0.1   -0.1
    13.962   -92.657   -0.0   -0.1   -0.1
    13.971   -92.657   -0.0   -0.1   -0.1
    13.980   -92.657   -0.0   -0.1   -0.1
    13.989   -92.657   -0.1   -0.1   -0.1
    13.998   -92.657   -0.1   -0.1   -0.1
    14.007   -92.657   -0.1   -0.1   -0.1
    14.016   -92.657   -0.1   -0.1   -0.1
    14.024   -92.657   -0.1   -0.2   -0.0
    14.033   -92.657   -0.1   -0.2   -0.0
    14.042   -92.657   -0.1   -0.2   -0.0
    14.051   -92.657   -0.1   -0.2   -0.0
    14.060   -92.657   -0.1   -0.2   -0.0
    14.069   -92.657   -0.1   -0.2   -0.0
    14.078   -92.657   -0.1   -0.2   -0.0
    14.087   -92.657   -0.1   -0.3    0.0
    14.096   -92.657   -0.1   -0.3    0.0
    14.105   -92.657   -0.1   -0.3    0.0
    14.114   -92.657   -0.1   -0.3    0.0
    14.123   -92.657   -0.1   -0.3    0.0
    14.132   -92.657   -0.1   -0.3    0.1
    14.141   -92.657   -0.1   -0.4    0.1
    14.150   -92.657   -0.1   -0.4    0.1
    14.159   -92.657   -0.1   -0.4    0.1
    14.168   -92.657   -0.1   -0.4    0.1
    14.177   -92.657   -0.1   -0.4    0.1
    14.186   -92.657   -0.1   -0.4    0.1
    14.195   -92.657   -0.1   -0.5    0.1
    14.204   -92.657   -0.1   -0.5    0.2
    14.213   -92.657   -0.1   -0.5    0.2
    14.222   -92.657   -0.1   -0.5    0.2
    14.231   -92.657   -0.1   -0.5    0.2
    14.240   -92.657   -0.1   -0.5    0.2
    14.249   -92.657   -0.1   -0.5    0.2
    14.258   -92.657   -0.1   -0.5    0.2
    14.267   -92.657   -0.1   -0.5    0.2
    14.276   -92.657   -0.1   -0.5    0.2
    14.285   -92.657   -0.1   -0.5    0.2
    14.294   -92.657   -0.1   -0.5    0.2
    14.303   -92.657   -0.2   -0.5    0.2
    14.312   -92.657   -0.2   -0.5    0.2
    14.321   -92.657   -0.2   -0.5    0.2
    14.330   -92.657   -0.2   -0.5    0.2
    14.339   -92.657   -0.2   -0.5    0.2
    14.348   -92.657   -0.3   -0.5    0.1
    14.357   -92.657   -0.3   -0.5    0.1
    14.366   -92.657   -0.3   -0.5    0.0
    14.375   -92.657   -0.4   -0.5   -0.0
    14.384   -92.657   -0.4   -0.5   -0.1
    14.393   -92.657   -0.4   -0.5   -0.1
    14.402   -92.657   -0.5   -0.5   -0.2
    14.411   -92.657   -0.5   -0.5   -0.2
    14.420   -92.657   -0.5   -0.5   -0.3
    14.429   -92.657   -0.5   -0.5   -0.3
    14.438   -92.657   -0.6   -0.5   -0.3
    14.447   -92.657   -0.6   -0.6   -0.4
    14.456   -92.657   -0.6   -0.6   -0.4
    14.465   -92.657   -0.6   -0.6   -0.4
    14.474   -92.657   -0.6   -0.6   -0.4
    14.483   -92.657   -0.6   -0.6   -0.4
    14.492   -92.657   -0.6   -0.7   -0.4
    14.501   -92.657   -0.6   -0.7   -0.4
    14.510   -92.657   -0.6   -0.7   -0.4
    14.519   -92.657   -0.6   -0.7   -0.4
    14.528   -92.657   -0.6   -0.7   -0.4
    14.537   -92.657   -0.6   -0.7   -0.4
    14.546   -92.657   -0.6   -0.7   -0.4
    14.555   -92.657   -0.6   -0.7   -0.3
    14.564   -92.657   -0.6   -0.7   -0.3
    14.573   -92.657   -0.6   -0.7   -0.3
    14.582   -92.657   -0.6   -0.7   -0.3
    14.591   -92.657   -0.6   -0.7   -0.3
    14.600   -92.657   -0.6   -0.7   -0.3
    14.609   -92.657   -0.6   -0.7   -0.2
    14.618   -92.657   -0.6   -0.7   -0.2
    14.627   -92.657   -0.5   -0.6   -0.2
    14.636   -92.657   -0.5   -0.6   -0.2
    14.645   -92.657   -0.5   -0.6   -0.2
    14.654   -92.657   -0.5   -0.6   -0.2
    14.663   -92.657   -0.5   -0.6   -0.2
    14.672   -92.657   -0.5   -0.6   -0.2
    14.681   -92.657   -0.5   -0.6   -0.2
    14.690   -92.657   -0.5   -0.6   -0.1
    14.699   -92.657   -0.5   -0.6   -0.1
    14.708   -92.657   -0.5   -0.6   -0.1
    14.717   -92.657   -0.5   -0.6   -0.1
    14.726   -92.657   -0.5   -0.6   -0.1
    14.735   -92.657   -0.5   -0.5   -0.1
    14.744   -92.657   -0.4   -0.5   -0.1
    14.753   -92.657   -0.4   -0.5   -0.1
    13.854   -92.647    0.0   -0.0   -0.1
    13.863   -92.647    0.0   -0.0   -0.1
    13.872   -92.647    0.0   -0.0   -0.1
    13.881   -92.647    0.0   -0.0   -0.1
    13.890   -92.647    0.0   -0.0   -0.1
    13.899   -92.647    0.0   -0.0   -0.1
    13.908   -92.647    0.0   -0.1   -0.1
    13.917   -92.647   -0.0   -0.1   -0.1
    13.926   -92.647   -0.0   -0.1   -0.1
    13.935   -92.647   -0.0   -0.1   -0.1
    13.944   -92.647   -0.0   -0.1   -0.1
    13.953   -92.647   -0.0   -0.1   -0.1
    13.962   -92.647   -0.0   -0.1   -0.1
    13.971   -92.647   -0.0   -0.1   -0.1
    13.980   -92.647   -0.0   -0.1   -0.1
    13.989   -92.647   -0.0   -0.1   -0.1
    13.998   -92.647   -0.1   -0.1   -0.1
    14.007   -92.647   -0.1   -0.1   -0.1
    14.016   -92.647   -0.1   -0.1   -0.0
    14.024   -92.647   -0.1   -0.2   -0.0
    14.033   -92.647   -0.1   -0.2   -0.0
    14.042   -92.647   -0.1   -0.2   -0.0
    14.051   -92.647   -0.1   -0.2   -0.0
    14.060   -92.647   -0.1   -0.2   -0.0
    14.069   -92.647   -0.1   -0.2   -0.0
    14.078   -92.647   -0.1   -0.2   -0.0
    14.087   -92.647   -0.1   -0.2   -0.0
    14.096   -92.647   -0.1   -0.3    0.0
    14.105   -92.647   -0.1   -0.3    0.0
    14.114   -92.647   -0.1   -0.3    0.0
    14.123   -92.647   -0.1   -0.3    0.0
    14.132   -92.647   -0.1   -0.3    0.0
    14.141   -92.647   -0.1   -0.3    0.1
    14.150   -92.647   -0.1   -0.4    0.1
    14.159   -92.647   -0.1   -0.4    0.1
    14.168   -92.647   -0.1   -0.4    0.1
    14.177   -92.647   -0.1   -0.4    0.1
    14.186   -92.647   -0.1   -0.4    0.1
    14.195   -92.647   -0.1   -0.4    0.1
    14.204   -92.647   -0.1   -0.4    0.1
    14.213   -92.647   -0.1   -0.4    0.1
    14.222   -92.647   -0.1   -0.4    0.2
    14.231   -92.647   -0.1   -0.5    0.2
    14.240   -92.647   -0.1   -0.5    0.2
    14.249   -92.647   -0.1   -0.5    0.2
    14.258   -92.647   -0.1   -0.5    0.2
    14.267   -92.647   -0.1   -0.5    0.2
    14.276   -92.647   -0.1   -0.5    0.2
    14.285   -92.647   -0.1   -0.5    0.2
    14.294   -92.647   -0.2   -0.5    0.2
    14.303   -92.647   -0.2   -0.5    0.2
    14.312   -92.647   -0.2   -0.5    0.2
    14.321   -92.647   -0.2   -0.4    0.1
    14.330   -92.647   -0.2   -0.4    0.1
    14.339   -92.647   -0.3   -0.4    0.1
    14.348   -92.647   -0.3   -0.4    0.1
    14.357   -92.647   -0.3   -0.4    0.0
    14.366   -92.647   -0.3   -0.4   -0.0
    14.375   -92.647   -0.4   -0.4   -0.1
    14.384   -92.647   -0.4   -0.4   -0.1
    14.393   -92.647   -0.4   -0.4   -0.2
    14.402   -92.647   -0.5   -0.4   -0.2
    14.411   -92.647   -0.5   -0.5   -0.2
    14.420   -92.647   -0.5   -0.5   -0.3
    14.429   -92.647   -0.6   -0.5   -0.3
    14.438   -92.647   -0.6   -0.5   -0.4
    14.447   -92.647   -0.6   -0.5   -0.4
    14.456   -92.647   -0.6   -0.6   -0.4
    14.465   -92.647   -0.6   -0.6   -0.4
    14.474   -92.647   -0.6   -0.6   -0.4
    14.483   -92.647   -0.6   -0.6   -0.4
    14.492   -92.647   -0.6   -0.6   -0.4
    14.501   -92.647   -0.6   -0.7   -0.4
    14.510   -92.647   -0.6   -0.7   -0.4
    14.519   -92.647   -0.6   -0.7   -0.4
    14.528   -92.647   -0.6   -0.7   -0.4
    14.537   -92.647   -0.6   -0.7   -0.4
    14.546   -92.647   -0.6   -0.7   -0.4
    14.555   -92.647   -0.6   -0.7   -0.3
    14.564   -92.647   -0.6   -0.7   -0.3
    14.573   -92.647   -0.6   -0.7   -0.3
    14.582   -92.647   -0.6   -0.7   -0.3
    14.591   -92.647   -0.6   -0.7   -0.3
    14.600   -92.647   -0.6   -0.7   -0.3
    14.609   -92.647   -0.6   -0.6   -0.2
    14.618   -92.647   -0.6   -0.6   -0.2
    14.627   -92.647   -0.5   -0.6   -0.2
    14.636   -92.647   -0.5   -0.6   -0.2
    14.645   -92.647   -0.5   -0.6   -0.2
    14.654   -92.647   -0.5   -0.6   -0.2
    14.663   -92.647   -0.5   -0.6   -0.2
    14.672   -92.647   -0.5   -0.6   -0.2
    14.681   -92.647   -0.5   -0.6   -0.1
    14.690   -92.647   -0.5   -0.6   -0.1
    14.699   -92.647   -0.5   -0.6   -0.1
    14.708   -92.647   -0.5   -0.6   -0.1
    14.717   -92.647   -0.5   -0.5   -0.1
    14.726   -92.647   -0.5   -0.5   -0.1
    14.735   -92.647   -0.4   -0.5   -0.1
    14.744   -92.647   -0.4   -0.5   -0.1
    14.753   -92.647   -0.4   -0.5   -0.1
