 Lat    Lon    Disp_x_East(cm)   Disp_y_North(cm)   DispUp(cm)
   -21.935   167.863   -0.3   -0.2   -0.0
   -21.917   167.863   -0.4   -0.2   -0.0
   -21.899   167.863   -0.4   -0.2   -0.0
   -21.881   167.863   -0.4   -0.2   -0.0
   -21.863   167.863   -0.4   -0.2   -0.0
   -21.845   167.863   -0.4   -0.3   -0.0
   -21.827   167.863   -0.4   -0.3   -0.0
   -21.809   167.863   -0.4   -0.3   -0.0
   -21.791   167.863   -0.5   -0.3   -0.0
   -21.773   167.863   -0.5   -0.3   -0.0
   -21.755   167.863   -0.5   -0.3   -0.0
   -21.737   167.863   -0.5   -0.3   -0.0
   -21.719   167.863   -0.5   -0.3   -0.1
   -21.701   167.863   -0.5   -0.3   -0.1
   -21.683   167.863   -0.6   -0.3   -0.1
   -21.665   167.863   -0.6   -0.3   -0.1
   -21.647   167.863   -0.6   -0.3   -0.1
   -21.630   167.863   -0.6   -0.3   -0.1
   -21.612   167.863   -0.6   -0.3   -0.1
   -21.594   167.863   -0.7   -0.3   -0.1
   -21.576   167.863   -0.7   -0.3   -0.1
   -21.558   167.863   -0.7   -0.3   -0.1
   -21.540   167.863   -0.7   -0.3   -0.1
   -21.522   167.863   -0.7   -0.3   -0.1
   -21.504   167.863   -0.7   -0.3   -0.1
   -21.486   167.863   -0.8   -0.3   -0.1
   -21.468   167.863   -0.8   -0.3   -0.1
   -21.450   167.863   -0.8   -0.3   -0.1
   -21.432   167.863   -0.8   -0.3   -0.1
   -21.414   167.863   -0.8   -0.3   -0.1
   -21.396   167.863   -0.8   -0.3   -0.1
   -21.378   167.863   -0.9   -0.3   -0.1
   -21.360   167.863   -0.9   -0.3   -0.1
   -21.342   167.863   -0.9   -0.2   -0.1
   -21.324   167.863   -0.9   -0.2   -0.1
   -21.307   167.863   -0.9   -0.2   -0.1
   -21.289   167.863   -0.9   -0.2   -0.1
   -21.271   167.863   -0.9   -0.2   -0.1
   -21.253   167.863   -0.9   -0.2   -0.1
   -21.235   167.863   -0.9   -0.2   -0.1
   -21.217   167.863   -0.9   -0.2   -0.1
   -21.199   167.863   -0.9   -0.2   -0.1
   -21.181   167.863   -0.9   -0.1   -0.1
   -21.163   167.863   -0.9   -0.1   -0.1
   -21.145   167.863   -0.9   -0.1   -0.1
   -21.127   167.863   -0.8   -0.1   -0.1
   -21.109   167.863   -0.8   -0.1   -0.1
   -21.091   167.863   -0.8   -0.1   -0.0
   -21.073   167.863   -0.8   -0.1   -0.0
   -21.055   167.863   -0.8   -0.1   -0.0
   -21.037   167.863   -0.7   -0.0   -0.0
   -21.019   167.863   -0.7   -0.0   -0.0
   -21.001   167.863   -0.7   -0.0   -0.0
   -20.984   167.863   -0.7   -0.0   -0.0
   -20.966   167.863   -0.6   -0.0   -0.0
   -20.948   167.863   -0.6   -0.0   -0.0
   -20.930   167.863   -0.6    0.0    0.0
   -20.912   167.863   -0.6    0.0    0.0
   -20.894   167.863   -0.5    0.0    0.0
   -20.876   167.863   -0.5    0.0    0.0
   -20.858   167.863   -0.5    0.0    0.0
   -20.840   167.863   -0.5    0.0    0.0
   -20.822   167.863   -0.4    0.0    0.0
   -20.804   167.863   -0.4    0.0    0.0
   -20.786   167.863   -0.4    0.0    0.0
   -20.768   167.863   -0.4    0.0    0.0
   -20.750   167.863   -0.3    0.0    0.0
   -20.732   167.863   -0.3    0.0    0.0
   -20.714   167.863   -0.3    0.0    0.1
   -20.696   167.863   -0.3    0.0    0.1
   -20.678   167.863   -0.3    0.0    0.1
   -20.661   167.863   -0.2    0.0    0.1
   -20.643   167.863   -0.2    0.0    0.1
   -20.625   167.863   -0.2    0.0    0.1
   -20.607   167.863   -0.2    0.0    0.1
   -20.589   167.863   -0.2    0.0    0.1
   -20.571   167.863   -0.2    0.0    0.1
   -20.553   167.863   -0.2    0.0    0.1
   -20.535   167.863   -0.1    0.0    0.1
   -20.517   167.863   -0.1    0.0    0.1
   -20.499   167.863   -0.1    0.0    0.1
   -20.481   167.863   -0.1    0.0    0.1
   -20.463   167.863   -0.1    0.0    0.1
   -20.445   167.863   -0.1    0.0    0.1
   -20.427   167.863   -0.1    0.0    0.1
   -20.409   167.863   -0.1   -0.0    0.1
   -20.391   167.863   -0.1   -0.0    0.1
   -20.373   167.863   -0.1   -0.0    0.1
   -20.355   167.863   -0.1   -0.0    0.1
   -20.338   167.863   -0.1   -0.0    0.1
   -20.320   167.863   -0.1   -0.0    0.1
   -20.302   167.863   -0.1   -0.0    0.1
   -20.284   167.863   -0.1   -0.0    0.1
   -20.266   167.863   -0.1   -0.0    0.1
   -20.248   167.863   -0.0   -0.0    0.1
   -20.230   167.863   -0.0   -0.0    0.1
   -20.212   167.863   -0.0   -0.0    0.1
   -20.194   167.863   -0.0   -0.0    0.1
   -20.176   167.863   -0.0   -0.0    0.1
   -20.158   167.863   -0.0   -0.0    0.1
   -20.140   167.863   -0.0   -0.0    0.1
   -21.935   167.883   -0.3   -0.2   -0.0
   -21.917   167.883   -0.4   -0.2   -0.0
   -21.899   167.883   -0.4   -0.2   -0.0
   -21.881   167.883   -0.4   -0.2   -0.0
   -21.863   167.883   -0.4   -0.3   -0.0
   -21.845   167.883   -0.4   -0.3   -0.0
   -21.827   167.883   -0.4   -0.3   -0.0
   -21.809   167.883   -0.4   -0.3   -0.0
   -21.791   167.883   -0.5   -0.3   -0.0
   -21.773   167.883   -0.5   -0.3   -0.0
   -21.755   167.883   -0.5   -0.3   -0.0
   -21.737   167.883   -0.5   -0.3   -0.0
   -21.719   167.883   -0.5   -0.3   -0.1
   -21.701   167.883   -0.6   -0.3   -0.1
   -21.683   167.883   -0.6   -0.3   -0.1
   -21.665   167.883   -0.6   -0.3   -0.1
   -21.647   167.883   -0.6   -0.3   -0.1
   -21.630   167.883   -0.6   -0.3   -0.1
   -21.612   167.883   -0.7   -0.3   -0.1
   -21.594   167.883   -0.7   -0.3   -0.1
   -21.576   167.883   -0.7   -0.3   -0.1
   -21.558   167.883   -0.7   -0.3   -0.1
   -21.540   167.883   -0.7   -0.3   -0.1
   -21.522   167.883   -0.8   -0.3   -0.1
   -21.504   167.883   -0.8   -0.3   -0.1
   -21.486   167.883   -0.8   -0.3   -0.1
   -21.468   167.883   -0.8   -0.3   -0.1
   -21.450   167.883   -0.8   -0.3   -0.1
   -21.432   167.883   -0.8   -0.3   -0.1
   -21.414   167.883   -0.9   -0.3   -0.1
   -21.396   167.883   -0.9   -0.3   -0.1
   -21.378   167.883   -0.9   -0.3   -0.1
   -21.360   167.883   -0.9   -0.3   -0.1
   -21.342   167.883   -0.9   -0.3   -0.1
   -21.324   167.883   -0.9   -0.2   -0.1
   -21.307   167.883   -0.9   -0.2   -0.1
   -21.289   167.883   -0.9   -0.2   -0.1
   -21.271   167.883   -0.9   -0.2   -0.1
   -21.253   167.883   -0.9   -0.2   -0.1
   -21.235   167.883   -0.9   -0.2   -0.1
   -21.217   167.883   -0.9   -0.2   -0.1
   -21.199   167.883   -0.9   -0.2   -0.1
   -21.181   167.883   -0.9   -0.1   -0.1
   -21.163   167.883   -0.9   -0.1   -0.1
   -21.145   167.883   -0.9   -0.1   -0.1
   -21.127   167.883   -0.9   -0.1   -0.1
   -21.109   167.883   -0.9   -0.1   -0.1
   -21.091   167.883   -0.8   -0.1   -0.0
   -21.073   167.883   -0.8   -0.1   -0.0
   -21.055   167.883   -0.8   -0.1   -0.0
   -21.037   167.883   -0.8   -0.0   -0.0
   -21.019   167.883   -0.7   -0.0   -0.0
   -21.001   167.883   -0.7   -0.0   -0.0
   -20.984   167.883   -0.7   -0.0   -0.0
   -20.966   167.883   -0.7   -0.0   -0.0
   -20.948   167.883   -0.6   -0.0   -0.0
   -20.930   167.883   -0.6    0.0    0.0
   -20.912   167.883   -0.6    0.0    0.0
   -20.894   167.883   -0.5    0.0    0.0
   -20.876   167.883   -0.5    0.0    0.0
   -20.858   167.883   -0.5    0.0    0.0
   -20.840   167.883   -0.5    0.0    0.0
   -20.822   167.883   -0.4    0.0    0.0
   -20.804   167.883   -0.4    0.0    0.0
   -20.786   167.883   -0.4    0.0    0.0
   -20.768   167.883   -0.4    0.0    0.0
   -20.750   167.883   -0.3    0.0    0.1
   -20.732   167.883   -0.3    0.0    0.1
   -20.714   167.883   -0.3    0.0    0.1
   -20.696   167.883   -0.3    0.0    0.1
   -20.678   167.883   -0.3    0.0    0.1
   -20.661   167.883   -0.2    0.0    0.1
   -20.643   167.883   -0.2    0.0    0.1
   -20.625   167.883   -0.2    0.0    0.1
   -20.607   167.883   -0.2    0.0    0.1
   -20.589   167.883   -0.2    0.0    0.1
   -20.571   167.883   -0.2    0.0    0.1
   -20.553   167.883   -0.2    0.0    0.1
   -20.535   167.883   -0.1    0.0    0.1
   -20.517   167.883   -0.1    0.0    0.1
   -20.499   167.883   -0.1    0.0    0.1
   -20.481   167.883   -0.1    0.0    0.1
   -20.463   167.883   -0.1    0.0    0.1
   -20.445   167.883   -0.1    0.0    0.1
   -20.427   167.883   -0.1   -0.0    0.1
   -20.409   167.883   -0.1   -0.0    0.1
   -20.391   167.883   -0.1   -0.0    0.1
   -20.373   167.883   -0.1   -0.0    0.1
   -20.355   167.883   -0.1   -0.0    0.1
   -20.338   167.883   -0.1   -0.0    0.1
   -20.320   167.883   -0.1   -0.0    0.1
   -20.302   167.883   -0.1   -0.0    0.1
   -20.284   167.883   -0.1   -0.0    0.1
   -20.266   167.883   -0.1   -0.0    0.1
   -20.248   167.883   -0.0   -0.0    0.1
   -20.230   167.883   -0.0   -0.0    0.1
   -20.212   167.883   -0.0   -0.0    0.1
   -20.194   167.883   -0.0   -0.0    0.1
   -20.176   167.883   -0.0   -0.0    0.1
   -20.158   167.883   -0.0   -0.0    0.1
   -20.140   167.883   -0.0   -0.0    0.1
   -21.935   167.902   -0.3   -0.2   -0.0
   -21.917   167.902   -0.4   -0.2   -0.0
   -21.899   167.902   -0.4   -0.2   -0.0
   -21.881   167.902   -0.4   -0.3   -0.0
   -21.863   167.902   -0.4   -0.3   -0.0
   -21.845   167.902   -0.4   -0.3   -0.0
   -21.827   167.902   -0.4   -0.3   -0.0
   -21.809   167.902   -0.5   -0.3   -0.0
   -21.791   167.902   -0.5   -0.3   -0.0
   -21.773   167.902   -0.5   -0.3   -0.0
   -21.755   167.902   -0.5   -0.3   -0.0
   -21.737   167.902   -0.5   -0.3   -0.0
   -21.719   167.902   -0.5   -0.3   -0.0
   -21.701   167.902   -0.6   -0.3   -0.1
   -21.683   167.902   -0.6   -0.3   -0.1
   -21.665   167.902   -0.6   -0.3   -0.1
   -21.647   167.902   -0.6   -0.3   -0.1
   -21.630   167.902   -0.6   -0.3   -0.1
   -21.612   167.902   -0.7   -0.3   -0.1
   -21.594   167.902   -0.7   -0.3   -0.1
   -21.576   167.902   -0.7   -0.3   -0.1
   -21.558   167.902   -0.7   -0.3   -0.1
   -21.540   167.902   -0.8   -0.3   -0.1
   -21.522   167.902   -0.8   -0.3   -0.1
   -21.504   167.902   -0.8   -0.3   -0.1
   -21.486   167.902   -0.8   -0.3   -0.1
   -21.468   167.902   -0.8   -0.3   -0.1
   -21.450   167.902   -0.9   -0.3   -0.1
   -21.432   167.902   -0.9   -0.3   -0.1
   -21.414   167.902   -0.9   -0.3   -0.1
   -21.396   167.902   -0.9   -0.3   -0.1
   -21.378   167.902   -0.9   -0.3   -0.1
   -21.360   167.902   -0.9   -0.3   -0.1
   -21.342   167.902   -1.0   -0.3   -0.1
   -21.324   167.902   -1.0   -0.3   -0.1
   -21.307   167.902   -1.0   -0.3   -0.1
   -21.289   167.902   -1.0   -0.2   -0.1
   -21.271   167.902   -1.0   -0.2   -0.1
   -21.253   167.902   -1.0   -0.2   -0.1
   -21.235   167.902   -1.0   -0.2   -0.1
   -21.217   167.902   -1.0   -0.2   -0.1
   -21.199   167.902   -1.0   -0.2   -0.1
   -21.181   167.902   -1.0   -0.2   -0.1
   -21.163   167.902   -0.9   -0.1   -0.1
   -21.145   167.902   -0.9   -0.1   -0.1
   -21.127   167.902   -0.9   -0.1   -0.1
   -21.109   167.902   -0.9   -0.1   -0.1
   -21.091   167.902   -0.9   -0.1   -0.0
   -21.073   167.902   -0.9   -0.1   -0.0
   -21.055   167.902   -0.8   -0.1   -0.0
   -21.037   167.902   -0.8   -0.0   -0.0
   -21.019   167.902   -0.8   -0.0   -0.0
   -21.001   167.902   -0.7   -0.0   -0.0
   -20.984   167.902   -0.7   -0.0   -0.0
   -20.966   167.902   -0.7   -0.0   -0.0
   -20.948   167.902   -0.7   -0.0    0.0
   -20.930   167.902   -0.6    0.0    0.0
   -20.912   167.902   -0.6    0.0    0.0
   -20.894   167.902   -0.6    0.0    0.0
   -20.876   167.902   -0.5    0.0    0.0
   -20.858   167.902   -0.5    0.0    0.0
   -20.840   167.902   -0.5    0.0    0.0
   -20.822   167.902   -0.4    0.0    0.0
   -20.804   167.902   -0.4    0.0    0.0
   -20.786   167.902   -0.4    0.0    0.0
   -20.768   167.902   -0.4    0.0    0.1
   -20.750   167.902   -0.3    0.0    0.1
   -20.732   167.902   -0.3    0.0    0.1
   -20.714   167.902   -0.3    0.0    0.1
   -20.696   167.902   -0.3    0.0    0.1
   -20.678   167.902   -0.3    0.0    0.1
   -20.661   167.902   -0.2    0.0    0.1
   -20.643   167.902   -0.2    0.0    0.1
   -20.625   167.902   -0.2    0.0    0.1
   -20.607   167.902   -0.2    0.0    0.1
   -20.589   167.902   -0.2    0.0    0.1
   -20.571   167.902   -0.2    0.0    0.1
   -20.553   167.902   -0.2    0.0    0.1
   -20.535   167.902   -0.1    0.0    0.1
   -20.517   167.902   -0.1    0.0    0.1
   -20.499   167.902   -0.1    0.0    0.1
   -20.481   167.902   -0.1    0.0    0.1
   -20.463   167.902   -0.1   -0.0    0.1
   -20.445   167.902   -0.1   -0.0    0.1
   -20.427   167.902   -0.1   -0.0    0.1
   -20.409   167.902   -0.1   -0.0    0.1
   -20.391   167.902   -0.1   -0.0    0.1
   -20.373   167.902   -0.1   -0.0    0.1
   -20.355   167.902   -0.1   -0.0    0.1
   -20.338   167.902   -0.1   -0.0    0.1
   -20.320   167.902   -0.1   -0.0    0.1
   -20.302   167.902   -0.1   -0.0    0.1
   -20.284   167.902   -0.1   -0.0    0.1
   -20.266   167.902   -0.0   -0.0    0.1
   -20.248   167.902   -0.0   -0.0    0.1
   -20.230   167.902   -0.0   -0.0    0.1
   -20.212   167.902   -0.0   -0.0    0.1
   -20.194   167.902   -0.0   -0.0    0.1
   -20.176   167.902   -0.0   -0.0    0.1
   -20.158   167.902   -0.0   -0.0    0.1
   -20.140   167.902   -0.0   -0.0    0.1
   -21.935   167.921   -0.3   -0.2   -0.0
   -21.917   167.921   -0.4   -0.2   -0.0
   -21.899   167.921   -0.4   -0.3   -0.0
   -21.881   167.921   -0.4   -0.3   -0.0
   -21.863   167.921   -0.4   -0.3   -0.0
   -21.845   167.921   -0.4   -0.3   -0.0
   -21.827   167.921   -0.4   -0.3   -0.0
   -21.809   167.921   -0.5   -0.3   -0.0
   -21.791   167.921   -0.5   -0.3   -0.0
   -21.773   167.921   -0.5   -0.3   -0.0
   -21.755   167.921   -0.5   -0.3   -0.0
   -21.737   167.921   -0.5   -0.3   -0.0
   -21.719   167.921   -0.6   -0.3   -0.0
   -21.701   167.921   -0.6   -0.3   -0.1
   -21.683   167.921   -0.6   -0.3   -0.1
   -21.665   167.921   -0.6   -0.3   -0.1
   -21.647   167.921   -0.6   -0.3   -0.1
   -21.630   167.921   -0.7   -0.3   -0.1
   -21.612   167.921   -0.7   -0.3   -0.1
   -21.594   167.921   -0.7   -0.3   -0.1
   -21.576   167.921   -0.7   -0.3   -0.1
   -21.558   167.921   -0.8   -0.3   -0.1
   -21.540   167.921   -0.8   -0.3   -0.1
   -21.522   167.921   -0.8   -0.3   -0.1
   -21.504   167.921   -0.8   -0.3   -0.1
   -21.486   167.921   -0.9   -0.3   -0.1
   -21.468   167.921   -0.9   -0.3   -0.1
   -21.450   167.921   -0.9   -0.3   -0.1
   -21.432   167.921   -0.9   -0.3   -0.1
   -21.414   167.921   -0.9   -0.3   -0.1
   -21.396   167.921   -1.0   -0.3   -0.1
   -21.378   167.921   -1.0   -0.3   -0.1
   -21.360   167.921   -1.0   -0.3   -0.1
   -21.342   167.921   -1.0   -0.3   -0.1
   -21.324   167.921   -1.0   -0.3   -0.1
   -21.307   167.921   -1.0   -0.3   -0.1
   -21.289   167.921   -1.0   -0.3   -0.1
   -21.271   167.921   -1.0   -0.2   -0.1
   -21.253   167.921   -1.0   -0.2   -0.1
   -21.235   167.921   -1.0   -0.2   -0.1
   -21.217   167.921   -1.0   -0.2   -0.1
   -21.199   167.921   -1.0   -0.2   -0.1
   -21.181   167.921   -1.0   -0.2   -0.1
   -21.163   167.921   -1.0   -0.1   -0.1
   -21.145   167.921   -1.0   -0.1   -0.1
   -21.127   167.921   -1.0   -0.1   -0.1
   -21.109   167.921   -0.9   -0.1   -0.1
   -21.091   167.921   -0.9   -0.1   -0.0
   -21.073   167.921   -0.9   -0.1   -0.0
   -21.055   167.921   -0.9   -0.1   -0.0
   -21.037   167.921   -0.8   -0.0   -0.0
   -21.019   167.921   -0.8   -0.0   -0.0
   -21.001   167.921   -0.8   -0.0   -0.0
   -20.984   167.921   -0.7   -0.0   -0.0
   -20.966   167.921   -0.7   -0.0   -0.0
   -20.948   167.921   -0.7    0.0    0.0
   -20.930   167.921   -0.6    0.0    0.0
   -20.912   167.921   -0.6    0.0    0.0
   -20.894   167.921   -0.6    0.0    0.0
   -20.876   167.921   -0.6    0.0    0.0
   -20.858   167.921   -0.5    0.0    0.0
   -20.840   167.921   -0.5    0.0    0.0
   -20.822   167.921   -0.5    0.0    0.0
   -20.804   167.921   -0.4    0.0    0.0
   -20.786   167.921   -0.4    0.0    0.1
   -20.768   167.921   -0.4    0.0    0.1
   -20.750   167.921   -0.3    0.0    0.1
   -20.732   167.921   -0.3    0.0    0.1
   -20.714   167.921   -0.3    0.0    0.1
   -20.696   167.921   -0.3    0.0    0.1
   -20.678   167.921   -0.3    0.0    0.1
   -20.661   167.921   -0.2    0.0    0.1
   -20.643   167.921   -0.2    0.0    0.1
   -20.625   167.921   -0.2    0.0    0.1
   -20.607   167.921   -0.2    0.0    0.1
   -20.589   167.921   -0.2    0.0    0.1
   -20.571   167.921   -0.2    0.0    0.1
   -20.553   167.921   -0.2    0.0    0.1
   -20.535   167.921   -0.1    0.0    0.1
   -20.517   167.921   -0.1    0.0    0.1
   -20.499   167.921   -0.1    0.0    0.1
   -20.481   167.921   -0.1   -0.0    0.1
   -20.463   167.921   -0.1   -0.0    0.1
   -20.445   167.921   -0.1   -0.0    0.1
   -20.427   167.921   -0.1   -0.0    0.1
   -20.409   167.921   -0.1   -0.0    0.1
   -20.391   167.921   -0.1   -0.0    0.1
   -20.373   167.921   -0.1   -0.0    0.1
   -20.355   167.921   -0.1   -0.0    0.1
   -20.338   167.921   -0.1   -0.0    0.1
   -20.320   167.921   -0.1   -0.0    0.1
   -20.302   167.921   -0.1   -0.0    0.1
   -20.284   167.921   -0.0   -0.0    0.1
   -20.266   167.921   -0.0   -0.0    0.1
   -20.248   167.921   -0.0   -0.0    0.1
   -20.230   167.921   -0.0   -0.0    0.1
   -20.212   167.921   -0.0   -0.0    0.1
   -20.194   167.921   -0.0   -0.0    0.1
   -20.176   167.921   -0.0   -0.0    0.1
   -20.158   167.921   -0.0   -0.0    0.1
   -20.140   167.921   -0.0   -0.0    0.1
   -21.935   167.940   -0.3   -0.2   -0.0
   -21.917   167.940   -0.4   -0.2   -0.0
   -21.899   167.940   -0.4   -0.3   -0.0
   -21.881   167.940   -0.4   -0.3   -0.0
   -21.863   167.940   -0.4   -0.3   -0.0
   -21.845   167.940   -0.4   -0.3   -0.0
   -21.827   167.940   -0.4   -0.3   -0.0
   -21.809   167.940   -0.5   -0.3   -0.0
   -21.791   167.940   -0.5   -0.3   -0.0
   -21.773   167.940   -0.5   -0.3   -0.0
   -21.755   167.940   -0.5   -0.3   -0.0
   -21.737   167.940   -0.5   -0.3   -0.0
   -21.719   167.940   -0.6   -0.3   -0.0
   -21.701   167.940   -0.6   -0.3   -0.0
   -21.683   167.940   -0.6   -0.3   -0.1
   -21.665   167.940   -0.6   -0.3   -0.1
   -21.647   167.940   -0.7   -0.3   -0.1
   -21.630   167.940   -0.7   -0.4   -0.1
   -21.612   167.940   -0.7   -0.4   -0.1
   -21.594   167.940   -0.7   -0.4   -0.1
   -21.576   167.940   -0.8   -0.4   -0.1
   -21.558   167.940   -0.8   -0.4   -0.1
   -21.540   167.940   -0.8   -0.4   -0.1
   -21.522   167.940   -0.8   -0.4   -0.1
   -21.504   167.940   -0.9   -0.4   -0.1
   -21.486   167.940   -0.9   -0.4   -0.1
   -21.468   167.940   -0.9   -0.4   -0.1
   -21.450   167.940   -0.9   -0.4   -0.1
   -21.432   167.940   -1.0   -0.4   -0.1
   -21.414   167.940   -1.0   -0.3   -0.1
   -21.396   167.940   -1.0   -0.3   -0.1
   -21.378   167.940   -1.0   -0.3   -0.1
   -21.360   167.940   -1.0   -0.3   -0.1
   -21.342   167.940   -1.0   -0.3   -0.1
   -21.324   167.940   -1.1   -0.3   -0.1
   -21.307   167.940   -1.1   -0.3   -0.1
   -21.289   167.940   -1.1   -0.3   -0.1
   -21.271   167.940   -1.1   -0.3   -0.1
   -21.253   167.940   -1.1   -0.2   -0.1
   -21.235   167.940   -1.1   -0.2   -0.1
   -21.217   167.940   -1.1   -0.2   -0.1
   -21.199   167.940   -1.1   -0.2   -0.1
   -21.181   167.940   -1.1   -0.2   -0.1
   -21.163   167.940   -1.0   -0.2   -0.1
   -21.145   167.940   -1.0   -0.1   -0.1
   -21.127   167.940   -1.0   -0.1   -0.1
   -21.109   167.940   -1.0   -0.1   -0.1
   -21.091   167.940   -1.0   -0.1   -0.0
   -21.073   167.940   -0.9   -0.1   -0.0
   -21.055   167.940   -0.9   -0.1   -0.0
   -21.037   167.940   -0.9   -0.0   -0.0
   -21.019   167.940   -0.8   -0.0   -0.0
   -21.001   167.940   -0.8   -0.0   -0.0
   -20.984   167.940   -0.8   -0.0   -0.0
   -20.966   167.940   -0.7   -0.0    0.0
   -20.948   167.940   -0.7    0.0    0.0
   -20.930   167.940   -0.7    0.0    0.0
   -20.912   167.940   -0.6    0.0    0.0
   -20.894   167.940   -0.6    0.0    0.0
   -20.876   167.940   -0.6    0.0    0.0
   -20.858   167.940   -0.5    0.0    0.0
   -20.840   167.940   -0.5    0.0    0.0
   -20.822   167.940   -0.5    0.0    0.0
   -20.804   167.940   -0.4    0.0    0.1
   -20.786   167.940   -0.4    0.0    0.1
   -20.768   167.940   -0.4    0.0    0.1
   -20.750   167.940   -0.4    0.0    0.1
   -20.732   167.940   -0.3    0.0    0.1
   -20.714   167.940   -0.3    0.0    0.1
   -20.696   167.940   -0.3    0.0    0.1
   -20.678   167.940   -0.3    0.0    0.1
   -20.661   167.940   -0.2    0.0    0.1
   -20.643   167.940   -0.2    0.0    0.1
   -20.625   167.940   -0.2    0.0    0.1
   -20.607   167.940   -0.2    0.0    0.1
   -20.589   167.940   -0.2    0.0    0.1
   -20.571   167.940   -0.2    0.0    0.1
   -20.553   167.940   -0.2    0.0    0.1
   -20.535   167.940   -0.1    0.0    0.1
   -20.517   167.940   -0.1    0.0    0.1
   -20.499   167.940   -0.1   -0.0    0.1
   -20.481   167.940   -0.1   -0.0    0.1
   -20.463   167.940   -0.1   -0.0    0.1
   -20.445   167.940   -0.1   -0.0    0.1
   -20.427   167.940   -0.1   -0.0    0.1
   -20.409   167.940   -0.1   -0.0    0.1
   -20.391   167.940   -0.1   -0.0    0.1
   -20.373   167.940   -0.1   -0.0    0.1
   -20.355   167.940   -0.1   -0.0    0.1
   -20.338   167.940   -0.1   -0.0    0.1
   -20.320   167.940   -0.1   -0.0    0.1
   -20.302   167.940   -0.1   -0.0    0.1
   -20.284   167.940   -0.0   -0.0    0.1
   -20.266   167.940   -0.0   -0.0    0.1
   -20.248   167.940   -0.0   -0.0    0.1
   -20.230   167.940   -0.0   -0.0    0.1
   -20.212   167.940   -0.0   -0.0    0.1
   -20.194   167.940   -0.0   -0.0    0.1
   -20.176   167.940   -0.0   -0.0    0.1
   -20.158   167.940   -0.0   -0.0    0.1
   -20.140   167.940   -0.0   -0.0    0.1
   -21.935   167.960   -0.3   -0.2   -0.0
   -21.917   167.960   -0.4   -0.3   -0.0
   -21.899   167.960   -0.4   -0.3   -0.0
   -21.881   167.960   -0.4   -0.3   -0.0
   -21.863   167.960   -0.4   -0.3   -0.0
   -21.845   167.960   -0.4   -0.3   -0.0
   -21.827   167.960   -0.4   -0.3   -0.0
   -21.809   167.960   -0.5   -0.3   -0.0
   -21.791   167.960   -0.5   -0.3   -0.0
   -21.773   167.960   -0.5   -0.3   -0.0
   -21.755   167.960   -0.5   -0.3   -0.0
   -21.737   167.960   -0.6   -0.3   -0.0
   -21.719   167.960   -0.6   -0.3   -0.0
   -21.701   167.960   -0.6   -0.3   -0.0
   -21.683   167.960   -0.6   -0.3   -0.1
   -21.665   167.960   -0.6   -0.4   -0.1
   -21.647   167.960   -0.7   -0.4   -0.1
   -21.630   167.960   -0.7   -0.4   -0.1
   -21.612   167.960   -0.7   -0.4   -0.1
   -21.594   167.960   -0.8   -0.4   -0.1
   -21.576   167.960   -0.8   -0.4   -0.1
   -21.558   167.960   -0.8   -0.4   -0.1
   -21.540   167.960   -0.8   -0.4   -0.1
   -21.522   167.960   -0.9   -0.4   -0.1
   -21.504   167.960   -0.9   -0.4   -0.1
   -21.486   167.960   -0.9   -0.4   -0.1
   -21.468   167.960   -0.9   -0.4   -0.1
   -21.450   167.960   -1.0   -0.4   -0.1
   -21.432   167.960   -1.0   -0.4   -0.1
   -21.414   167.960   -1.0   -0.4   -0.1
   -21.396   167.960   -1.0   -0.4   -0.1
   -21.378   167.960   -1.1   -0.4   -0.1
   -21.360   167.960   -1.1   -0.3   -0.1
   -21.342   167.960   -1.1   -0.3   -0.1
   -21.324   167.960   -1.1   -0.3   -0.1
   -21.307   167.960   -1.1   -0.3   -0.1
   -21.289   167.960   -1.1   -0.3   -0.1
   -21.271   167.960   -1.1   -0.3   -0.1
   -21.253   167.960   -1.1   -0.3   -0.1
   -21.235   167.960   -1.1   -0.2   -0.1
   -21.217   167.960   -1.1   -0.2   -0.1
   -21.199   167.960   -1.1   -0.2   -0.1
   -21.181   167.960   -1.1   -0.2   -0.1
   -21.163   167.960   -1.1   -0.2   -0.1
   -21.145   167.960   -1.1   -0.1   -0.1
   -21.127   167.960   -1.1   -0.1   -0.1
   -21.109   167.960   -1.0   -0.1   -0.1
   -21.091   167.960   -1.0   -0.1   -0.0
   -21.073   167.960   -1.0   -0.1   -0.0
   -21.055   167.960   -1.0   -0.1   -0.0
   -21.037   167.960   -0.9   -0.1   -0.0
   -21.019   167.960   -0.9   -0.0   -0.0
   -21.001   167.960   -0.9   -0.0   -0.0
   -20.984   167.960   -0.8   -0.0   -0.0
   -20.966   167.960   -0.8   -0.0    0.0
   -20.948   167.960   -0.7    0.0    0.0
   -20.930   167.960   -0.7    0.0    0.0
   -20.912   167.960   -0.7    0.0    0.0
   -20.894   167.960   -0.6    0.0    0.0
   -20.876   167.960   -0.6    0.0    0.0
   -20.858   167.960   -0.5    0.0    0.0
   -20.840   167.960   -0.5    0.0    0.1
   -20.822   167.960   -0.5    0.0    0.1
   -20.804   167.960   -0.4    0.0    0.1
   -20.786   167.960   -0.4    0.0    0.1
   -20.768   167.960   -0.4    0.0    0.1
   -20.750   167.960   -0.4    0.0    0.1
   -20.732   167.960   -0.3    0.0    0.1
   -20.714   167.960   -0.3    0.0    0.1
   -20.696   167.960   -0.3    0.0    0.1
   -20.678   167.960   -0.3    0.0    0.1
   -20.661   167.960   -0.2    0.0    0.1
   -20.643   167.960   -0.2    0.0    0.1
   -20.625   167.960   -0.2    0.0    0.1
   -20.607   167.960   -0.2    0.0    0.1
   -20.589   167.960   -0.2    0.0    0.1
   -20.571   167.960   -0.2    0.0    0.1
   -20.553   167.960   -0.1    0.0    0.1
   -20.535   167.960   -0.1    0.0    0.1
   -20.517   167.960   -0.1   -0.0    0.1
   -20.499   167.960   -0.1   -0.0    0.1
   -20.481   167.960   -0.1   -0.0    0.1
   -20.463   167.960   -0.1   -0.0    0.1
   -20.445   167.960   -0.1   -0.0    0.1
   -20.427   167.960   -0.1   -0.0    0.1
   -20.409   167.960   -0.1   -0.0    0.1
   -20.391   167.960   -0.1   -0.0    0.1
   -20.373   167.960   -0.1   -0.0    0.1
   -20.355   167.960   -0.1   -0.0    0.1
   -20.338   167.960   -0.1   -0.0    0.1
   -20.320   167.960   -0.1   -0.0    0.1
   -20.302   167.960   -0.0   -0.0    0.1
   -20.284   167.960   -0.0   -0.0    0.1
   -20.266   167.960   -0.0   -0.0    0.1
   -20.248   167.960   -0.0   -0.0    0.1
   -20.230   167.960   -0.0   -0.0    0.1
   -20.212   167.960   -0.0   -0.0    0.1
   -20.194   167.960   -0.0   -0.0    0.1
   -20.176   167.960   -0.0   -0.0    0.1
   -20.158   167.960   -0.0   -0.0    0.1
   -20.140   167.960   -0.0   -0.0    0.1
   -21.935   167.979   -0.4   -0.3   -0.0
   -21.917   167.979   -0.4   -0.3   -0.0
   -21.899   167.979   -0.4   -0.3   -0.0
   -21.881   167.979   -0.4   -0.3   -0.0
   -21.863   167.979   -0.4   -0.3   -0.0
   -21.845   167.979   -0.4   -0.3   -0.0
   -21.827   167.979   -0.5   -0.3   -0.0
   -21.809   167.979   -0.5   -0.3   -0.0
   -21.791   167.979   -0.5   -0.3   -0.0
   -21.773   167.979   -0.5   -0.3   -0.0
   -21.755   167.979   -0.5   -0.3   -0.0
   -21.737   167.979   -0.6   -0.3   -0.0
   -21.719   167.979   -0.6   -0.3   -0.0
   -21.701   167.979   -0.6   -0.4   -0.0
   -21.683   167.979   -0.6   -0.4   -0.0
   -21.665   167.979   -0.7   -0.4   -0.1
   -21.647   167.979   -0.7   -0.4   -0.1
   -21.630   167.979   -0.7   -0.4   -0.1
   -21.612   167.979   -0.7   -0.4   -0.1
   -21.594   167.979   -0.8   -0.4   -0.1
   -21.576   167.979   -0.8   -0.4   -0.1
   -21.558   167.979   -0.8   -0.4   -0.1
   -21.540   167.979   -0.9   -0.4   -0.1
   -21.522   167.979   -0.9   -0.4   -0.1
   -21.504   167.979   -0.9   -0.4   -0.1
   -21.486   167.979   -1.0   -0.4   -0.1
   -21.468   167.979   -1.0   -0.4   -0.1
   -21.450   167.979   -1.0   -0.4   -0.1
   -21.432   167.979   -1.0   -0.4   -0.1
   -21.414   167.979   -1.1   -0.4   -0.1
   -21.396   167.979   -1.1   -0.4   -0.1
   -21.378   167.979   -1.1   -0.4   -0.1
   -21.360   167.979   -1.1   -0.4   -0.1
   -21.342   167.979   -1.1   -0.4   -0.1
   -21.324   167.979   -1.2   -0.3   -0.1
   -21.307   167.979   -1.2   -0.3   -0.1
   -21.289   167.979   -1.2   -0.3   -0.1
   -21.271   167.979   -1.2   -0.3   -0.1
   -21.253   167.979   -1.2   -0.3   -0.1
   -21.235   167.979   -1.2   -0.3   -0.1
   -21.217   167.979   -1.2   -0.2   -0.1
   -21.199   167.979   -1.2   -0.2   -0.1
   -21.181   167.979   -1.2   -0.2   -0.1
   -21.163   167.979   -1.2   -0.2   -0.1
   -21.145   167.979   -1.1   -0.2   -0.1
   -21.127   167.979   -1.1   -0.1   -0.1
   -21.109   167.979   -1.1   -0.1   -0.1
   -21.091   167.979   -1.1   -0.1   -0.0
   -21.073   167.979   -1.0   -0.1   -0.0
   -21.055   167.979   -1.0   -0.1   -0.0
   -21.037   167.979   -1.0   -0.1   -0.0
   -21.019   167.979   -0.9   -0.0   -0.0
   -21.001   167.979   -0.9   -0.0   -0.0
   -20.984   167.979   -0.9   -0.0    0.0
   -20.966   167.979   -0.8   -0.0    0.0
   -20.948   167.979   -0.8    0.0    0.0
   -20.930   167.979   -0.7    0.0    0.0
   -20.912   167.979   -0.7    0.0    0.0
   -20.894   167.979   -0.6    0.0    0.0
   -20.876   167.979   -0.6    0.0    0.0
   -20.858   167.979   -0.6    0.0    0.1
   -20.840   167.979   -0.5    0.0    0.1
   -20.822   167.979   -0.5    0.0    0.1
   -20.804   167.979   -0.5    0.0    0.1
   -20.786   167.979   -0.4    0.0    0.1
   -20.768   167.979   -0.4    0.0    0.1
   -20.750   167.979   -0.4    0.0    0.1
   -20.732   167.979   -0.3    0.0    0.1
   -20.714   167.979   -0.3    0.0    0.1
   -20.696   167.979   -0.3    0.0    0.1
   -20.678   167.979   -0.3    0.0    0.1
   -20.661   167.979   -0.2    0.0    0.1
   -20.643   167.979   -0.2    0.0    0.1
   -20.625   167.979   -0.2    0.0    0.1
   -20.607   167.979   -0.2    0.0    0.1
   -20.589   167.979   -0.2    0.0    0.1
   -20.571   167.979   -0.2    0.0    0.1
   -20.553   167.979   -0.1    0.0    0.1
   -20.535   167.979   -0.1   -0.0    0.1
   -20.517   167.979   -0.1   -0.0    0.1
   -20.499   167.979   -0.1   -0.0    0.1
   -20.481   167.979   -0.1   -0.0    0.1
   -20.463   167.979   -0.1   -0.0    0.1
   -20.445   167.979   -0.1   -0.0    0.1
   -20.427   167.979   -0.1   -0.0    0.1
   -20.409   167.979   -0.1   -0.0    0.1
   -20.391   167.979   -0.1   -0.0    0.1
   -20.373   167.979   -0.1   -0.0    0.1
   -20.355   167.979   -0.1   -0.0    0.1
   -20.338   167.979   -0.1   -0.0    0.1
   -20.320   167.979   -0.0   -0.0    0.1
   -20.302   167.979   -0.0   -0.0    0.1
   -20.284   167.979   -0.0   -0.0    0.1
   -20.266   167.979   -0.0   -0.0    0.1
   -20.248   167.979   -0.0   -0.0    0.1
   -20.230   167.979   -0.0   -0.0    0.1
   -20.212   167.979   -0.0   -0.0    0.1
   -20.194   167.979   -0.0   -0.0    0.1
   -20.176   167.979   -0.0   -0.0    0.1
   -20.158   167.979   -0.0   -0.0    0.1
   -20.140   167.979   -0.0   -0.0    0.1
   -21.935   167.998   -0.4   -0.3   -0.0
   -21.917   167.998   -0.4   -0.3   -0.0
   -21.899   167.998   -0.4   -0.3   -0.0
   -21.881   167.998   -0.4   -0.3   -0.0
   -21.863   167.998   -0.4   -0.3   -0.0
   -21.845   167.998   -0.4   -0.3   -0.0
   -21.827   167.998   -0.5   -0.3   -0.0
   -21.809   167.998   -0.5   -0.3   -0.0
   -21.791   167.998   -0.5   -0.3   -0.0
   -21.773   167.998   -0.5   -0.3   -0.0
   -21.755   167.998   -0.5   -0.3   -0.0
   -21.737   167.998   -0.6   -0.3   -0.0
   -21.719   167.998   -0.6   -0.4   -0.0
   -21.701   167.998   -0.6   -0.4   -0.0
   -21.683   167.998   -0.6   -0.4   -0.0
   -21.665   167.998   -0.7   -0.4   -0.1
   -21.647   167.998   -0.7   -0.4   -0.1
   -21.630   167.998   -0.7   -0.4   -0.1
   -21.612   167.998   -0.8   -0.4   -0.1
   -21.594   167.998   -0.8   -0.4   -0.1
   -21.576   167.998   -0.8   -0.4   -0.1
   -21.558   167.998   -0.9   -0.4   -0.1
   -21.540   167.998   -0.9   -0.4   -0.1
   -21.522   167.998   -0.9   -0.4   -0.1
   -21.504   167.998   -1.0   -0.4   -0.1
   -21.486   167.998   -1.0   -0.4   -0.1
   -21.468   167.998   -1.0   -0.4   -0.1
   -21.450   167.998   -1.0   -0.4   -0.1
   -21.432   167.998   -1.1   -0.4   -0.1
   -21.414   167.998   -1.1   -0.4   -0.1
   -21.396   167.998   -1.1   -0.4   -0.1
   -21.378   167.998   -1.2   -0.4   -0.1
   -21.360   167.998   -1.2   -0.4   -0.1
   -21.342   167.998   -1.2   -0.4   -0.1
   -21.324   167.998   -1.2   -0.4   -0.1
   -21.307   167.998   -1.2   -0.3   -0.1
   -21.289   167.998   -1.3   -0.3   -0.1
   -21.271   167.998   -1.3   -0.3   -0.1
   -21.253   167.998   -1.3   -0.3   -0.1
   -21.235   167.998   -1.3   -0.3   -0.1
   -21.217   167.998   -1.3   -0.3   -0.1
   -21.199   167.998   -1.3   -0.2   -0.1
   -21.181   167.998   -1.2   -0.2   -0.1
   -21.163   167.998   -1.2   -0.2   -0.1
   -21.145   167.998   -1.2   -0.2   -0.1
   -21.127   167.998   -1.2   -0.1   -0.1
   -21.109   167.998   -1.2   -0.1   -0.1
   -21.091   167.998   -1.1   -0.1   -0.0
   -21.073   167.998   -1.1   -0.1   -0.0
   -21.055   167.998   -1.1   -0.1   -0.0
   -21.037   167.998   -1.0   -0.1   -0.0
   -21.019   167.998   -1.0   -0.0   -0.0
   -21.001   167.998   -0.9   -0.0   -0.0
   -20.984   167.998   -0.9   -0.0    0.0
   -20.966   167.998   -0.8   -0.0    0.0
   -20.948   167.998   -0.8    0.0    0.0
   -20.930   167.998   -0.8    0.0    0.0
   -20.912   167.998   -0.7    0.0    0.0
   -20.894   167.998   -0.7    0.0    0.0
   -20.876   167.998   -0.6    0.0    0.1
   -20.858   167.998   -0.6    0.0    0.1
   -20.840   167.998   -0.5    0.0    0.1
   -20.822   167.998   -0.5    0.0    0.1
   -20.804   167.998   -0.5    0.0    0.1
   -20.786   167.998   -0.4    0.0    0.1
   -20.768   167.998   -0.4    0.0    0.1
   -20.750   167.998   -0.4    0.0    0.1
   -20.732   167.998   -0.3    0.0    0.1
   -20.714   167.998   -0.3    0.0    0.1
   -20.696   167.998   -0.3    0.0    0.1
   -20.678   167.998   -0.3    0.0    0.1
   -20.661   167.998   -0.2    0.0    0.1
   -20.643   167.998   -0.2    0.0    0.1
   -20.625   167.998   -0.2    0.0    0.1
   -20.607   167.998   -0.2    0.0    0.1
   -20.589   167.998   -0.2    0.0    0.1
   -20.571   167.998   -0.2   -0.0    0.1
   -20.553   167.998   -0.1   -0.0    0.1
   -20.535   167.998   -0.1   -0.0    0.1
   -20.517   167.998   -0.1   -0.0    0.1
   -20.499   167.998   -0.1   -0.0    0.1
   -20.481   167.998   -0.1   -0.0    0.1
   -20.463   167.998   -0.1   -0.0    0.1
   -20.445   167.998   -0.1   -0.0    0.1
   -20.427   167.998   -0.1   -0.0    0.1
   -20.409   167.998   -0.1   -0.0    0.1
   -20.391   167.998   -0.1   -0.0    0.1
   -20.373   167.998   -0.1   -0.0    0.1
   -20.355   167.998   -0.1   -0.0    0.1
   -20.338   167.998   -0.1   -0.0    0.1
   -20.320   167.998   -0.0   -0.0    0.1
   -20.302   167.998   -0.0   -0.0    0.1
   -20.284   167.998   -0.0   -0.0    0.1
   -20.266   167.998   -0.0   -0.0    0.1
   -20.248   167.998   -0.0   -0.0    0.1
   -20.230   167.998   -0.0   -0.0    0.1
   -20.212   167.998   -0.0   -0.0    0.1
   -20.194   167.998   -0.0   -0.0    0.1
   -20.176   167.998   -0.0   -0.0    0.1
   -20.158   167.998   -0.0   -0.0    0.1
   -20.140   167.998   -0.0   -0.0    0.1
   -21.935   168.018   -0.4   -0.3   -0.0
   -21.917   168.018   -0.4   -0.3   -0.0
   -21.899   168.018   -0.4   -0.3   -0.0
   -21.881   168.018   -0.4   -0.3   -0.0
   -21.863   168.018   -0.4   -0.3   -0.0
   -21.845   168.018   -0.4   -0.3   -0.0
   -21.827   168.018   -0.5   -0.3   -0.0
   -21.809   168.018   -0.5   -0.3   -0.0
   -21.791   168.018   -0.5   -0.3   -0.0
   -21.773   168.018   -0.5   -0.3   -0.0
   -21.755   168.018   -0.6   -0.3   -0.0
   -21.737   168.018   -0.6   -0.4   -0.0
   -21.719   168.018   -0.6   -0.4   -0.0
   -21.701   168.018   -0.6   -0.4   -0.0
   -21.683   168.018   -0.7   -0.4   -0.0
   -21.665   168.018   -0.7   -0.4   -0.0
   -21.647   168.018   -0.7   -0.4   -0.1
   -21.630   168.018   -0.8   -0.4   -0.1
   -21.612   168.018   -0.8   -0.4   -0.1
   -21.594   168.018   -0.8   -0.4   -0.1
   -21.576   168.018   -0.8   -0.4   -0.1
   -21.558   168.018   -0.9   -0.4   -0.1
   -21.540   168.018   -0.9   -0.4   -0.1
   -21.522   168.018   -1.0   -0.4   -0.1
   -21.504   168.018   -1.0   -0.4   -0.1
   -21.486   168.018   -1.0   -0.4   -0.1
   -21.468   168.018   -1.1   -0.4   -0.1
   -21.450   168.018   -1.1   -0.4   -0.1
   -21.432   168.018   -1.1   -0.4   -0.1
   -21.414   168.018   -1.2   -0.4   -0.1
   -21.396   168.018   -1.2   -0.4   -0.1
   -21.378   168.018   -1.2   -0.4   -0.1
   -21.360   168.018   -1.2   -0.4   -0.1
   -21.342   168.018   -1.3   -0.4   -0.1
   -21.324   168.018   -1.3   -0.4   -0.1
   -21.307   168.018   -1.3   -0.4   -0.1
   -21.289   168.018   -1.3   -0.4   -0.1
   -21.271   168.018   -1.3   -0.3   -0.1
   -21.253   168.018   -1.3   -0.3   -0.1
   -21.235   168.018   -1.3   -0.3   -0.1
   -21.217   168.018   -1.3   -0.3   -0.1
   -21.199   168.018   -1.3   -0.3   -0.1
   -21.181   168.018   -1.3   -0.2   -0.1
   -21.163   168.018   -1.3   -0.2   -0.1
   -21.145   168.018   -1.3   -0.2   -0.1
   -21.127   168.018   -1.3   -0.2   -0.1
   -21.109   168.018   -1.2   -0.1   -0.1
   -21.091   168.018   -1.2   -0.1   -0.0
   -21.073   168.018   -1.2   -0.1   -0.0
   -21.055   168.018   -1.1   -0.1   -0.0
   -21.037   168.018   -1.1   -0.1   -0.0
   -21.019   168.018   -1.0   -0.0   -0.0
   -21.001   168.018   -1.0   -0.0    0.0
   -20.984   168.018   -0.9   -0.0    0.0
   -20.966   168.018   -0.9   -0.0    0.0
   -20.948   168.018   -0.8    0.0    0.0
   -20.930   168.018   -0.8    0.0    0.0
   -20.912   168.018   -0.7    0.0    0.0
   -20.894   168.018   -0.7    0.0    0.1
   -20.876   168.018   -0.6    0.0    0.1
   -20.858   168.018   -0.6    0.0    0.1
   -20.840   168.018   -0.5    0.0    0.1
   -20.822   168.018   -0.5    0.0    0.1
   -20.804   168.018   -0.5    0.0    0.1
   -20.786   168.018   -0.4    0.0    0.1
   -20.768   168.018   -0.4    0.0    0.1
   -20.750   168.018   -0.4    0.0    0.1
   -20.732   168.018   -0.3    0.0    0.1
   -20.714   168.018   -0.3    0.0    0.1
   -20.696   168.018   -0.3    0.0    0.1
   -20.678   168.018   -0.3    0.0    0.1
   -20.661   168.018   -0.2    0.0    0.1
   -20.643   168.018   -0.2    0.0    0.1
   -20.625   168.018   -0.2    0.0    0.1
   -20.607   168.018   -0.2    0.0    0.1
   -20.589   168.018   -0.2   -0.0    0.1
   -20.571   168.018   -0.1   -0.0    0.1
   -20.553   168.018   -0.1   -0.0    0.1
   -20.535   168.018   -0.1   -0.0    0.1
   -20.517   168.018   -0.1   -0.0    0.1
   -20.499   168.018   -0.1   -0.0    0.1
   -20.481   168.018   -0.1   -0.0    0.1
   -20.463   168.018   -0.1   -0.0    0.1
   -20.445   168.018   -0.1   -0.0    0.1
   -20.427   168.018   -0.1   -0.0    0.1
   -20.409   168.018   -0.1   -0.0    0.1
   -20.391   168.018   -0.1   -0.0    0.1
   -20.373   168.018   -0.1   -0.0    0.1
   -20.355   168.018   -0.1   -0.0    0.1
   -20.338   168.018   -0.0   -0.0    0.1
   -20.320   168.018   -0.0   -0.0    0.1
   -20.302   168.018   -0.0   -0.0    0.1
   -20.284   168.018   -0.0   -0.0    0.1
   -20.266   168.018   -0.0   -0.0    0.1
   -20.248   168.018   -0.0   -0.0    0.1
   -20.230   168.018   -0.0   -0.0    0.1
   -20.212   168.018   -0.0   -0.0    0.1
   -20.194   168.018   -0.0   -0.0    0.1
   -20.176   168.018   -0.0   -0.0    0.1
   -20.158   168.018   -0.0   -0.0    0.1
   -20.140   168.018   -0.0   -0.0    0.1
   -21.935   168.037   -0.4   -0.3   -0.0
   -21.917   168.037   -0.4   -0.3   -0.0
   -21.899   168.037   -0.4   -0.3   -0.0
   -21.881   168.037   -0.4   -0.3   -0.0
   -21.863   168.037   -0.4   -0.3   -0.0
   -21.845   168.037   -0.4   -0.3   -0.0
   -21.827   168.037   -0.5   -0.3   -0.0
   -21.809   168.037   -0.5   -0.3   -0.0
   -21.791   168.037   -0.5   -0.3   -0.0
   -21.773   168.037   -0.5   -0.3   -0.0
   -21.755   168.037   -0.6   -0.4   -0.0
   -21.737   168.037   -0.6   -0.4   -0.0
   -21.719   168.037   -0.6   -0.4   -0.0
   -21.701   168.037   -0.6   -0.4   -0.0
   -21.683   168.037   -0.7   -0.4   -0.0
   -21.665   168.037   -0.7   -0.4   -0.0
   -21.647   168.037   -0.7   -0.4   -0.0
   -21.630   168.037   -0.8   -0.4   -0.1
   -21.612   168.037   -0.8   -0.4   -0.1
   -21.594   168.037   -0.8   -0.4   -0.1
   -21.576   168.037   -0.9   -0.4   -0.1
   -21.558   168.037   -0.9   -0.5   -0.1
   -21.540   168.037   -0.9   -0.5   -0.1
   -21.522   168.037   -1.0   -0.5   -0.1
   -21.504   168.037   -1.0   -0.5   -0.1
   -21.486   168.037   -1.1   -0.5   -0.1
   -21.468   168.037   -1.1   -0.5   -0.1
   -21.450   168.037   -1.1   -0.5   -0.1
   -21.432   168.037   -1.2   -0.5   -0.1
   -21.414   168.037   -1.2   -0.5   -0.1
   -21.396   168.037   -1.2   -0.5   -0.1
   -21.378   168.037   -1.3   -0.4   -0.1
   -21.360   168.037   -1.3   -0.4   -0.1
   -21.342   168.037   -1.3   -0.4   -0.1
   -21.324   168.037   -1.4   -0.4   -0.1
   -21.307   168.037   -1.4   -0.4   -0.1
   -21.289   168.037   -1.4   -0.4   -0.1
   -21.271   168.037   -1.4   -0.4   -0.1
   -21.253   168.037   -1.4   -0.3   -0.1
   -21.235   168.037   -1.4   -0.3   -0.1
   -21.217   168.037   -1.4   -0.3   -0.1
   -21.199   168.037   -1.4   -0.3   -0.1
   -21.181   168.037   -1.4   -0.2   -0.1
   -21.163   168.037   -1.4   -0.2   -0.1
   -21.145   168.037   -1.4   -0.2   -0.1
   -21.127   168.037   -1.3   -0.2   -0.1
   -21.109   168.037   -1.3   -0.1   -0.1
   -21.091   168.037   -1.3   -0.1   -0.0
   -21.073   168.037   -1.2   -0.1   -0.0
   -21.055   168.037   -1.2   -0.1   -0.0
   -21.037   168.037   -1.1   -0.1   -0.0
   -21.019   168.037   -1.1   -0.0   -0.0
   -21.001   168.037   -1.0   -0.0    0.0
   -20.984   168.037   -1.0   -0.0    0.0
   -20.966   168.037   -0.9   -0.0    0.0
   -20.948   168.037   -0.9    0.0    0.0
   -20.930   168.037   -0.8    0.0    0.0
   -20.912   168.037   -0.8    0.0    0.1
   -20.894   168.037   -0.7    0.0    0.1
   -20.876   168.037   -0.7    0.0    0.1
   -20.858   168.037   -0.6    0.0    0.1
   -20.840   168.037   -0.6    0.0    0.1
   -20.822   168.037   -0.5    0.0    0.1
   -20.804   168.037   -0.5    0.0    0.1
   -20.786   168.037   -0.4    0.0    0.1
   -20.768   168.037   -0.4    0.0    0.1
   -20.750   168.037   -0.4    0.0    0.1
   -20.732   168.037   -0.3    0.0    0.1
   -20.714   168.037   -0.3    0.0    0.1
   -20.696   168.037   -0.3    0.0    0.1
   -20.678   168.037   -0.3    0.0    0.1
   -20.661   168.037   -0.2    0.0    0.1
   -20.643   168.037   -0.2    0.0    0.1
   -20.625   168.037   -0.2    0.0    0.1
   -20.607   168.037   -0.2   -0.0    0.1
   -20.589   168.037   -0.2   -0.0    0.1
   -20.571   168.037   -0.1   -0.0    0.1
   -20.553   168.037   -0.1   -0.0    0.1
   -20.535   168.037   -0.1   -0.0    0.1
   -20.517   168.037   -0.1   -0.0    0.1
   -20.499   168.037   -0.1   -0.0    0.1
   -20.481   168.037   -0.1   -0.0    0.1
   -20.463   168.037   -0.1   -0.0    0.1
   -20.445   168.037   -0.1   -0.0    0.1
   -20.427   168.037   -0.1   -0.0    0.1
   -20.409   168.037   -0.1   -0.0    0.1
   -20.391   168.037   -0.1   -0.0    0.1
   -20.373   168.037   -0.1   -0.0    0.1
   -20.355   168.037   -0.0   -0.0    0.1
   -20.338   168.037   -0.0   -0.0    0.1
   -20.320   168.037   -0.0   -0.0    0.1
   -20.302   168.037   -0.0   -0.0    0.1
   -20.284   168.037   -0.0   -0.0    0.1
   -20.266   168.037   -0.0   -0.0    0.1
   -20.248   168.037   -0.0   -0.0    0.1
   -20.230   168.037   -0.0   -0.0    0.1
   -20.212   168.037   -0.0   -0.0    0.1
   -20.194   168.037   -0.0   -0.0    0.1
   -20.176   168.037   -0.0   -0.0    0.1
   -20.158   168.037   -0.0   -0.0    0.1
   -20.140   168.037   -0.0   -0.0    0.1
   -21.935   168.056   -0.4   -0.3   -0.0
   -21.917   168.056   -0.4   -0.3   -0.0
   -21.899   168.056   -0.4   -0.3   -0.0
   -21.881   168.056   -0.4   -0.3   -0.0
   -21.863   168.056   -0.4   -0.3   -0.0
   -21.845   168.056   -0.4   -0.3   -0.0
   -21.827   168.056   -0.5   -0.3   -0.0
   -21.809   168.056   -0.5   -0.3   -0.0
   -21.791   168.056   -0.5   -0.3   -0.0
   -21.773   168.056   -0.5   -0.4   -0.0
   -21.755   168.056   -0.6   -0.4   -0.0
   -21.737   168.056   -0.6   -0.4   -0.0
   -21.719   168.056   -0.6   -0.4   -0.0
   -21.701   168.056   -0.7   -0.4   -0.0
   -21.683   168.056   -0.7   -0.4   -0.0
   -21.665   168.056   -0.7   -0.4   -0.0
   -21.647   168.056   -0.7   -0.4   -0.0
   -21.630   168.056   -0.8   -0.4   -0.1
   -21.612   168.056   -0.8   -0.5   -0.1
   -21.594   168.056   -0.9   -0.5   -0.1
   -21.576   168.056   -0.9   -0.5   -0.1
   -21.558   168.056   -0.9   -0.5   -0.1
   -21.540   168.056   -1.0   -0.5   -0.1
   -21.522   168.056   -1.0   -0.5   -0.1
   -21.504   168.056   -1.1   -0.5   -0.1
   -21.486   168.056   -1.1   -0.5   -0.1
   -21.468   168.056   -1.1   -0.5   -0.1
   -21.450   168.056   -1.2   -0.5   -0.1
   -21.432   168.056   -1.2   -0.5   -0.1
   -21.414   168.056   -1.3   -0.5   -0.1
   -21.396   168.056   -1.3   -0.5   -0.1
   -21.378   168.056   -1.3   -0.5   -0.1
   -21.360   168.056   -1.4   -0.5   -0.1
   -21.342   168.056   -1.4   -0.5   -0.1
   -21.324   168.056   -1.4   -0.4   -0.1
   -21.307   168.056   -1.4   -0.4   -0.1
   -21.289   168.056   -1.5   -0.4   -0.1
   -21.271   168.056   -1.5   -0.4   -0.1
   -21.253   168.056   -1.5   -0.4   -0.1
   -21.235   168.056   -1.5   -0.3   -0.1
   -21.217   168.056   -1.5   -0.3   -0.1
   -21.199   168.056   -1.5   -0.3   -0.1
   -21.181   168.056   -1.5   -0.3   -0.1
   -21.163   168.056   -1.5   -0.2   -0.1
   -21.145   168.056   -1.4   -0.2   -0.1
   -21.127   168.056   -1.4   -0.2   -0.1
   -21.109   168.056   -1.4   -0.2   -0.0
   -21.091   168.056   -1.3   -0.1   -0.0
   -21.073   168.056   -1.3   -0.1   -0.0
   -21.055   168.056   -1.2   -0.1   -0.0
   -21.037   168.056   -1.2   -0.1   -0.0
   -21.019   168.056   -1.1   -0.0    0.0
   -21.001   168.056   -1.1   -0.0    0.0
   -20.984   168.056   -1.0   -0.0    0.0
   -20.966   168.056   -1.0   -0.0    0.0
   -20.948   168.056   -0.9    0.0    0.0
   -20.930   168.056   -0.8    0.0    0.1
   -20.912   168.056   -0.8    0.0    0.1
   -20.894   168.056   -0.7    0.0    0.1
   -20.876   168.056   -0.7    0.0    0.1
   -20.858   168.056   -0.6    0.0    0.1
   -20.840   168.056   -0.6    0.0    0.1
   -20.822   168.056   -0.5    0.0    0.1
   -20.804   168.056   -0.5    0.0    0.1
   -20.786   168.056   -0.4    0.0    0.1
   -20.768   168.056   -0.4    0.0    0.1
   -20.750   168.056   -0.4    0.0    0.1
   -20.732   168.056   -0.3    0.0    0.1
   -20.714   168.056   -0.3    0.0    0.1
   -20.696   168.056   -0.3    0.0    0.1
   -20.678   168.056   -0.2    0.0    0.1
   -20.661   168.056   -0.2    0.0    0.1
   -20.643   168.056   -0.2    0.0    0.1
   -20.625   168.056   -0.2   -0.0    0.1
   -20.607   168.056   -0.2   -0.0    0.1
   -20.589   168.056   -0.2   -0.0    0.1
   -20.571   168.056   -0.1   -0.0    0.1
   -20.553   168.056   -0.1   -0.0    0.1
   -20.535   168.056   -0.1   -0.0    0.1
   -20.517   168.056   -0.1   -0.0    0.1
   -20.499   168.056   -0.1   -0.0    0.1
   -20.481   168.056   -0.1   -0.0    0.1
   -20.463   168.056   -0.1   -0.0    0.1
   -20.445   168.056   -0.1   -0.0    0.1
   -20.427   168.056   -0.1   -0.0    0.1
   -20.409   168.056   -0.1   -0.0    0.1
   -20.391   168.056   -0.1   -0.0    0.1
   -20.373   168.056   -0.0   -0.0    0.1
   -20.355   168.056   -0.0   -0.0    0.1
   -20.338   168.056   -0.0   -0.0    0.1
   -20.320   168.056   -0.0   -0.0    0.1
   -20.302   168.056   -0.0   -0.0    0.1
   -20.284   168.056   -0.0   -0.0    0.1
   -20.266   168.056   -0.0   -0.0    0.1
   -20.248   168.056   -0.0   -0.0    0.1
   -20.230   168.056   -0.0   -0.0    0.1
   -20.212   168.056   -0.0   -0.0    0.1
   -20.194   168.056   -0.0   -0.0    0.1
   -20.176   168.056   -0.0   -0.0    0.1
   -20.158   168.056   -0.0   -0.0    0.1
   -20.140   168.056   -0.0   -0.0    0.1
   -21.935   168.075   -0.4   -0.3   -0.0
   -21.917   168.075   -0.4   -0.3   -0.0
   -21.899   168.075   -0.4   -0.3   -0.0
   -21.881   168.075   -0.4   -0.3   -0.0
   -21.863   168.075   -0.4   -0.3   -0.0
   -21.845   168.075   -0.4   -0.3   -0.0
   -21.827   168.075   -0.5   -0.3   -0.0
   -21.809   168.075   -0.5   -0.3   -0.0
   -21.791   168.075   -0.5   -0.4   -0.0
   -21.773   168.075   -0.5   -0.4   -0.0
   -21.755   168.075   -0.6   -0.4   -0.0
   -21.737   168.075   -0.6   -0.4   -0.0
   -21.719   168.075   -0.6   -0.4   -0.0
   -21.701   168.075   -0.7   -0.4   -0.0
   -21.683   168.075   -0.7   -0.4   -0.0
   -21.665   168.075   -0.7   -0.4   -0.0
   -21.647   168.075   -0.8   -0.4   -0.0
   -21.630   168.075   -0.8   -0.5   -0.0
   -21.612   168.075   -0.8   -0.5   -0.1
   -21.594   168.075   -0.9   -0.5   -0.1
   -21.576   168.075   -0.9   -0.5   -0.1
   -21.558   168.075   -1.0   -0.5   -0.1
   -21.540   168.075   -1.0   -0.5   -0.1
   -21.522   168.075   -1.0   -0.5   -0.1
   -21.504   168.075   -1.1   -0.5   -0.1
   -21.486   168.075   -1.1   -0.5   -0.1
   -21.468   168.075   -1.2   -0.5   -0.1
   -21.450   168.075   -1.2   -0.5   -0.1
   -21.432   168.075   -1.3   -0.5   -0.1
   -21.414   168.075   -1.3   -0.5   -0.1
   -21.396   168.075   -1.4   -0.5   -0.1
   -21.378   168.075   -1.4   -0.5   -0.1
   -21.360   168.075   -1.4   -0.5   -0.1
   -21.342   168.075   -1.5   -0.5   -0.1
   -21.324   168.075   -1.5   -0.5   -0.1
   -21.307   168.075   -1.5   -0.5   -0.1
   -21.289   168.075   -1.5   -0.4   -0.1
   -21.271   168.075   -1.6   -0.4   -0.1
   -21.253   168.075   -1.6   -0.4   -0.1
   -21.235   168.075   -1.6   -0.4   -0.1
   -21.217   168.075   -1.6   -0.3   -0.1
   -21.199   168.075   -1.6   -0.3   -0.1
   -21.181   168.075   -1.6   -0.3   -0.1
   -21.163   168.075   -1.6   -0.3   -0.1
   -21.145   168.075   -1.5   -0.2   -0.1
   -21.127   168.075   -1.5   -0.2   -0.1
   -21.109   168.075   -1.5   -0.2   -0.0
   -21.091   168.075   -1.4   -0.1   -0.0
   -21.073   168.075   -1.4   -0.1   -0.0
   -21.055   168.075   -1.3   -0.1   -0.0
   -21.037   168.075   -1.3   -0.1   -0.0
   -21.019   168.075   -1.2   -0.0    0.0
   -21.001   168.075   -1.1   -0.0    0.0
   -20.984   168.075   -1.1   -0.0    0.0
   -20.966   168.075   -1.0   -0.0    0.0
   -20.948   168.075   -0.9    0.0    0.1
   -20.930   168.075   -0.9    0.0    0.1
   -20.912   168.075   -0.8    0.0    0.1
   -20.894   168.075   -0.7    0.0    0.1
   -20.876   168.075   -0.7    0.0    0.1
   -20.858   168.075   -0.6    0.0    0.1
   -20.840   168.075   -0.6    0.0    0.1
   -20.822   168.075   -0.5    0.0    0.1
   -20.804   168.075   -0.5    0.0    0.1
   -20.786   168.075   -0.4    0.0    0.1
   -20.768   168.075   -0.4    0.0    0.1
   -20.750   168.075   -0.4    0.0    0.1
   -20.732   168.075   -0.3    0.0    0.1
   -20.714   168.075   -0.3    0.0    0.1
   -20.696   168.075   -0.3    0.0    0.1
   -20.678   168.075   -0.2    0.0    0.1
   -20.661   168.075   -0.2    0.0    0.1
   -20.643   168.075   -0.2   -0.0    0.1
   -20.625   168.075   -0.2   -0.0    0.1
   -20.607   168.075   -0.2   -0.0    0.1
   -20.589   168.075   -0.1   -0.0    0.1
   -20.571   168.075   -0.1   -0.0    0.1
   -20.553   168.075   -0.1   -0.0    0.1
   -20.535   168.075   -0.1   -0.0    0.1
   -20.517   168.075   -0.1   -0.0    0.1
   -20.499   168.075   -0.1   -0.0    0.1
   -20.481   168.075   -0.1   -0.0    0.1
   -20.463   168.075   -0.1   -0.0    0.1
   -20.445   168.075   -0.1   -0.0    0.1
   -20.427   168.075   -0.1   -0.0    0.1
   -20.409   168.075   -0.1   -0.0    0.1
   -20.391   168.075   -0.0   -0.0    0.1
   -20.373   168.075   -0.0   -0.0    0.1
   -20.355   168.075   -0.0   -0.0    0.1
   -20.338   168.075   -0.0   -0.0    0.1
   -20.320   168.075   -0.0   -0.0    0.1
   -20.302   168.075   -0.0   -0.0    0.1
   -20.284   168.075   -0.0   -0.0    0.1
   -20.266   168.075   -0.0   -0.0    0.1
   -20.248   168.075   -0.0   -0.0    0.1
   -20.230   168.075   -0.0   -0.0    0.1
   -20.212   168.075   -0.0   -0.0    0.1
   -20.194   168.075   -0.0   -0.0    0.1
   -20.176   168.075   -0.0   -0.0    0.1
   -20.158   168.075   -0.0   -0.0    0.1
   -20.140   168.075   -0.0   -0.0    0.1
   -21.935   168.095   -0.4   -0.3   -0.0
   -21.917   168.095   -0.4   -0.3   -0.0
   -21.899   168.095   -0.4   -0.3   -0.0
   -21.881   168.095   -0.4   -0.3   -0.0
   -21.863   168.095   -0.4   -0.3   -0.0
   -21.845   168.095   -0.4   -0.3   -0.0
   -21.827   168.095   -0.5   -0.3   -0.0
   -21.809   168.095   -0.5   -0.3   -0.0
   -21.791   168.095   -0.5   -0.4   -0.0
   -21.773   168.095   -0.5   -0.4   -0.0
   -21.755   168.095   -0.6   -0.4   -0.0
   -21.737   168.095   -0.6   -0.4   -0.0
   -21.719   168.095   -0.6   -0.4   -0.0
   -21.701   168.095   -0.7   -0.4   -0.0
   -21.683   168.095   -0.7   -0.4   -0.0
   -21.665   168.095   -0.7   -0.4   -0.0
   -21.647   168.095   -0.8   -0.5   -0.0
   -21.630   168.095   -0.8   -0.5   -0.0
   -21.612   168.095   -0.9   -0.5   -0.0
   -21.594   168.095   -0.9   -0.5   -0.1
   -21.576   168.095   -0.9   -0.5   -0.1
   -21.558   168.095   -1.0   -0.5   -0.1
   -21.540   168.095   -1.0   -0.5   -0.1
   -21.522   168.095   -1.1   -0.5   -0.1
   -21.504   168.095   -1.1   -0.5   -0.1
   -21.486   168.095   -1.2   -0.6   -0.1
   -21.468   168.095   -1.2   -0.6   -0.1
   -21.450   168.095   -1.3   -0.6   -0.1
   -21.432   168.095   -1.3   -0.6   -0.1
   -21.414   168.095   -1.4   -0.6   -0.1
   -21.396   168.095   -1.4   -0.6   -0.1
   -21.378   168.095   -1.5   -0.5   -0.1
   -21.360   168.095   -1.5   -0.5   -0.1
   -21.342   168.095   -1.5   -0.5   -0.1
   -21.324   168.095   -1.6   -0.5   -0.1
   -21.307   168.095   -1.6   -0.5   -0.1
   -21.289   168.095   -1.6   -0.5   -0.1
   -21.271   168.095   -1.7   -0.5   -0.1
   -21.253   168.095   -1.7   -0.4   -0.1
   -21.235   168.095   -1.7   -0.4   -0.1
   -21.217   168.095   -1.7   -0.4   -0.1
   -21.199   168.095   -1.7   -0.3   -0.1
   -21.181   168.095   -1.7   -0.3   -0.1
   -21.163   168.095   -1.6   -0.3   -0.1
   -21.145   168.095   -1.6   -0.2   -0.1
   -21.127   168.095   -1.6   -0.2   -0.1
   -21.109   168.095   -1.5   -0.2   -0.0
   -21.091   168.095   -1.5   -0.2   -0.0
   -21.073   168.095   -1.4   -0.1   -0.0
   -21.055   168.095   -1.4   -0.1   -0.0
   -21.037   168.095   -1.3   -0.1    0.0
   -21.019   168.095   -1.3   -0.1    0.0
   -21.001   168.095   -1.2   -0.0    0.0
   -20.984   168.095   -1.1   -0.0    0.0
   -20.966   168.095   -1.1   -0.0    0.0
   -20.948   168.095   -1.0    0.0    0.1
   -20.930   168.095   -0.9    0.0    0.1
   -20.912   168.095   -0.8    0.0    0.1
   -20.894   168.095   -0.8    0.0    0.1
   -20.876   168.095   -0.7    0.0    0.1
   -20.858   168.095   -0.6    0.0    0.1
   -20.840   168.095   -0.6    0.0    0.1
   -20.822   168.095   -0.5    0.0    0.1
   -20.804   168.095   -0.5    0.0    0.1
   -20.786   168.095   -0.4    0.0    0.1
   -20.768   168.095   -0.4    0.0    0.1
   -20.750   168.095   -0.4    0.0    0.1
   -20.732   168.095   -0.3    0.0    0.1
   -20.714   168.095   -0.3    0.0    0.1
   -20.696   168.095   -0.3    0.0    0.1
   -20.678   168.095   -0.2    0.0    0.1
   -20.661   168.095   -0.2   -0.0    0.1
   -20.643   168.095   -0.2   -0.0    0.1
   -20.625   168.095   -0.2   -0.0    0.1
   -20.607   168.095   -0.2   -0.0    0.1
   -20.589   168.095   -0.1   -0.0    0.1
   -20.571   168.095   -0.1   -0.0    0.1
   -20.553   168.095   -0.1   -0.0    0.1
   -20.535   168.095   -0.1   -0.0    0.1
   -20.517   168.095   -0.1   -0.0    0.1
   -20.499   168.095   -0.1   -0.0    0.1
   -20.481   168.095   -0.1   -0.0    0.1
   -20.463   168.095   -0.1   -0.0    0.1
   -20.445   168.095   -0.1   -0.0    0.1
   -20.427   168.095   -0.1   -0.0    0.1
   -20.409   168.095   -0.0   -0.0    0.1
   -20.391   168.095   -0.0   -0.0    0.1
   -20.373   168.095   -0.0   -0.0    0.1
   -20.355   168.095   -0.0   -0.0    0.1
   -20.338   168.095   -0.0   -0.0    0.1
   -20.320   168.095   -0.0   -0.0    0.1
   -20.302   168.095   -0.0   -0.0    0.1
   -20.284   168.095   -0.0   -0.0    0.1
   -20.266   168.095   -0.0   -0.0    0.1
   -20.248   168.095   -0.0   -0.0    0.1
   -20.230   168.095   -0.0   -0.0    0.1
   -20.212   168.095   -0.0   -0.0    0.1
   -20.194   168.095   -0.0   -0.0    0.1
   -20.176   168.095   -0.0   -0.0    0.1
   -20.158   168.095   -0.0   -0.0    0.1
   -20.140   168.095   -0.0   -0.0    0.1
   -21.935   168.114   -0.4   -0.3    0.0
   -21.917   168.114   -0.4   -0.3    0.0
   -21.899   168.114   -0.4   -0.3    0.0
   -21.881   168.114   -0.4   -0.3   -0.0
   -21.863   168.114   -0.4   -0.3   -0.0
   -21.845   168.114   -0.5   -0.3   -0.0
   -21.827   168.114   -0.5   -0.3   -0.0
   -21.809   168.114   -0.5   -0.4   -0.0
   -21.791   168.114   -0.5   -0.4   -0.0
   -21.773   168.114   -0.6   -0.4   -0.0
   -21.755   168.114   -0.6   -0.4   -0.0
   -21.737   168.114   -0.6   -0.4   -0.0
   -21.719   168.114   -0.6   -0.4   -0.0
   -21.701   168.114   -0.7   -0.4   -0.0
   -21.683   168.114   -0.7   -0.4   -0.0
   -21.665   168.114   -0.8   -0.5   -0.0
   -21.647   168.114   -0.8   -0.5   -0.0
   -21.630   168.114   -0.8   -0.5   -0.0
   -21.612   168.114   -0.9   -0.5   -0.0
   -21.594   168.114   -0.9   -0.5   -0.0
   -21.576   168.114   -1.0   -0.5   -0.1
   -21.558   168.114   -1.0   -0.5   -0.1
   -21.540   168.114   -1.1   -0.6   -0.1
   -21.522   168.114   -1.1   -0.6   -0.1
   -21.504   168.114   -1.2   -0.6   -0.1
   -21.486   168.114   -1.2   -0.6   -0.1
   -21.468   168.114   -1.3   -0.6   -0.1
   -21.450   168.114   -1.3   -0.6   -0.1
   -21.432   168.114   -1.4   -0.6   -0.1
   -21.414   168.114   -1.4   -0.6   -0.1
   -21.396   168.114   -1.5   -0.6   -0.1
   -21.378   168.114   -1.5   -0.6   -0.1
   -21.360   168.114   -1.6   -0.6   -0.1
   -21.342   168.114   -1.6   -0.6   -0.1
   -21.324   168.114   -1.7   -0.5   -0.1
   -21.307   168.114   -1.7   -0.5   -0.1
   -21.289   168.114   -1.7   -0.5   -0.1
   -21.271   168.114   -1.8   -0.5   -0.1
   -21.253   168.114   -1.8   -0.5   -0.1
   -21.235   168.114   -1.8   -0.4   -0.1
   -21.217   168.114   -1.8   -0.4   -0.1
   -21.199   168.114   -1.8   -0.4   -0.1
   -21.181   168.114   -1.8   -0.3   -0.1
   -21.163   168.114   -1.8   -0.3   -0.1
   -21.145   168.114   -1.7   -0.3   -0.1
   -21.127   168.114   -1.7   -0.2   -0.1
   -21.109   168.114   -1.6   -0.2   -0.0
   -21.091   168.114   -1.6   -0.2   -0.0
   -21.073   168.114   -1.5   -0.1   -0.0
   -21.055   168.114   -1.5   -0.1   -0.0
   -21.037   168.114   -1.4   -0.1    0.0
   -21.019   168.114   -1.3   -0.1    0.0
   -21.001   168.114   -1.3   -0.0    0.0
   -20.984   168.114   -1.2   -0.0    0.0
   -20.966   168.114   -1.1   -0.0    0.1
   -20.948   168.114   -1.0    0.0    0.1
   -20.930   168.114   -0.9    0.0    0.1
   -20.912   168.114   -0.9    0.0    0.1
   -20.894   168.114   -0.8    0.0    0.1
   -20.876   168.114   -0.7    0.0    0.1
   -20.858   168.114   -0.7    0.0    0.1
   -20.840   168.114   -0.6    0.0    0.1
   -20.822   168.114   -0.5    0.0    0.1
   -20.804   168.114   -0.5    0.0    0.1
   -20.786   168.114   -0.4    0.0    0.1
   -20.768   168.114   -0.4    0.0    0.1
   -20.750   168.114   -0.4    0.0    0.1
   -20.732   168.114   -0.3    0.0    0.1
   -20.714   168.114   -0.3    0.0    0.1
   -20.696   168.114   -0.3   -0.0    0.1
   -20.678   168.114   -0.2   -0.0    0.1
   -20.661   168.114   -0.2   -0.0    0.1
   -20.643   168.114   -0.2   -0.0    0.1
   -20.625   168.114   -0.2   -0.0    0.1
   -20.607   168.114   -0.1   -0.0    0.1
   -20.589   168.114   -0.1   -0.0    0.1
   -20.571   168.114   -0.1   -0.0    0.1
   -20.553   168.114   -0.1   -0.0    0.1
   -20.535   168.114   -0.1   -0.0    0.1
   -20.517   168.114   -0.1   -0.0    0.1
   -20.499   168.114   -0.1   -0.0    0.1
   -20.481   168.114   -0.1   -0.0    0.1
   -20.463   168.114   -0.1   -0.0    0.1
   -20.445   168.114   -0.1   -0.0    0.1
   -20.427   168.114   -0.0   -0.0    0.1
   -20.409   168.114   -0.0   -0.0    0.1
   -20.391   168.114   -0.0   -0.0    0.1
   -20.373   168.114   -0.0   -0.0    0.1
   -20.355   168.114   -0.0   -0.0    0.1
   -20.338   168.114   -0.0   -0.0    0.1
   -20.320   168.114   -0.0   -0.0    0.1
   -20.302   168.114   -0.0   -0.0    0.1
   -20.284   168.114   -0.0   -0.0    0.1
   -20.266   168.114   -0.0   -0.0    0.1
   -20.248   168.114   -0.0   -0.0    0.1
   -20.230   168.114   -0.0   -0.0    0.1
   -20.212   168.114   -0.0   -0.0    0.1
   -20.194   168.114   -0.0   -0.0    0.1
   -20.176   168.114   -0.0   -0.0    0.1
   -20.158   168.114   -0.0   -0.0    0.1
   -20.140   168.114   -0.0   -0.0    0.1
   -21.935   168.133   -0.3   -0.3    0.0
   -21.917   168.133   -0.4   -0.3    0.0
   -21.899   168.133   -0.4   -0.3    0.0
   -21.881   168.133   -0.4   -0.3    0.0
   -21.863   168.133   -0.4   -0.3    0.0
   -21.845   168.133   -0.5   -0.3    0.0
   -21.827   168.133   -0.5   -0.3   -0.0
   -21.809   168.133   -0.5   -0.4   -0.0
   -21.791   168.133   -0.5   -0.4   -0.0
   -21.773   168.133   -0.6   -0.4   -0.0
   -21.755   168.133   -0.6   -0.4   -0.0
   -21.737   168.133   -0.6   -0.4   -0.0
   -21.719   168.133   -0.7   -0.4   -0.0
   -21.701   168.133   -0.7   -0.4   -0.0
   -21.683   168.133   -0.7   -0.5   -0.0
   -21.665   168.133   -0.8   -0.5   -0.0
   -21.647   168.133   -0.8   -0.5   -0.0
   -21.630   168.133   -0.8   -0.5   -0.0
   -21.612   168.133   -0.9   -0.5   -0.0
   -21.594   168.133   -0.9   -0.5   -0.0
   -21.576   168.133   -1.0   -0.6   -0.0
   -21.558   168.133   -1.0   -0.6   -0.1
   -21.540   168.133   -1.1   -0.6   -0.1
   -21.522   168.133   -1.2   -0.6   -0.1
   -21.504   168.133   -1.2   -0.6   -0.1
   -21.486   168.133   -1.3   -0.6   -0.1
   -21.468   168.133   -1.3   -0.6   -0.1
   -21.450   168.133   -1.4   -0.6   -0.1
   -21.432   168.133   -1.4   -0.6   -0.1
   -21.414   168.133   -1.5   -0.6   -0.1
   -21.396   168.133   -1.6   -0.6   -0.1
   -21.378   168.133   -1.6   -0.6   -0.1
   -21.360   168.133   -1.7   -0.6   -0.1
   -21.342   168.133   -1.7   -0.6   -0.1
   -21.324   168.133   -1.8   -0.6   -0.1
   -21.307   168.133   -1.8   -0.6   -0.1
   -21.289   168.133   -1.8   -0.6   -0.1
   -21.271   168.133   -1.9   -0.5   -0.1
   -21.253   168.133   -1.9   -0.5   -0.1
   -21.235   168.133   -1.9   -0.5   -0.1
   -21.217   168.133   -1.9   -0.4   -0.1
   -21.199   168.133   -1.9   -0.4   -0.1
   -21.181   168.133   -1.9   -0.4   -0.1
   -21.163   168.133   -1.9   -0.3   -0.1
   -21.145   168.133   -1.8   -0.3   -0.1
   -21.127   168.133   -1.8   -0.3   -0.1
   -21.109   168.133   -1.8   -0.2   -0.0
   -21.091   168.133   -1.7   -0.2   -0.0
   -21.073   168.133   -1.6   -0.1   -0.0
   -21.055   168.133   -1.6   -0.1    0.0
   -21.037   168.133   -1.5   -0.1    0.0
   -21.019   168.133   -1.4   -0.1    0.0
   -21.001   168.133   -1.3   -0.0    0.0
   -20.984   168.133   -1.2   -0.0    0.1
   -20.966   168.133   -1.2   -0.0    0.1
   -20.948   168.133   -1.1    0.0    0.1
   -20.930   168.133   -1.0    0.0    0.1
   -20.912   168.133   -0.9    0.0    0.1
   -20.894   168.133   -0.8    0.0    0.1
   -20.876   168.133   -0.7    0.0    0.1
   -20.858   168.133   -0.7    0.0    0.1
   -20.840   168.133   -0.6    0.0    0.1
   -20.822   168.133   -0.5    0.0    0.1
   -20.804   168.133   -0.5    0.0    0.2
   -20.786   168.133   -0.4    0.0    0.2
   -20.768   168.133   -0.4    0.0    0.2
   -20.750   168.133   -0.3    0.0    0.2
   -20.732   168.133   -0.3    0.0    0.2
   -20.714   168.133   -0.3   -0.0    0.2
   -20.696   168.133   -0.2   -0.0    0.2
   -20.678   168.133   -0.2   -0.0    0.2
   -20.661   168.133   -0.2   -0.0    0.2
   -20.643   168.133   -0.2   -0.0    0.2
   -20.625   168.133   -0.2   -0.0    0.2
   -20.607   168.133   -0.1   -0.0    0.1
   -20.589   168.133   -0.1   -0.0    0.1
   -20.571   168.133   -0.1   -0.0    0.1
   -20.553   168.133   -0.1   -0.0    0.1
   -20.535   168.133   -0.1   -0.0    0.1
   -20.517   168.133   -0.1   -0.0    0.1
   -20.499   168.133   -0.1   -0.0    0.1
   -20.481   168.133   -0.1   -0.0    0.1
   -20.463   168.133   -0.1   -0.0    0.1
   -20.445   168.133   -0.0   -0.0    0.1
   -20.427   168.133   -0.0   -0.0    0.1
   -20.409   168.133   -0.0   -0.0    0.1
   -20.391   168.133   -0.0   -0.0    0.1
   -20.373   168.133   -0.0   -0.0    0.1
   -20.355   168.133   -0.0   -0.0    0.1
   -20.338   168.133   -0.0   -0.0    0.1
   -20.320   168.133   -0.0   -0.0    0.1
   -20.302   168.133   -0.0   -0.0    0.1
   -20.284   168.133   -0.0   -0.0    0.1
   -20.266   168.133   -0.0   -0.0    0.1
   -20.248   168.133   -0.0   -0.0    0.1
   -20.230   168.133   -0.0   -0.0    0.1
   -20.212   168.133   -0.0   -0.0    0.1
   -20.194   168.133   -0.0   -0.0    0.1
   -20.176   168.133   -0.0   -0.0    0.1
   -20.158   168.133   -0.0   -0.0    0.1
   -20.140   168.133   -0.0   -0.0    0.1
   -21.935   168.152   -0.3   -0.3    0.0
   -21.917   168.152   -0.4   -0.3    0.0
   -21.899   168.152   -0.4   -0.3    0.0
   -21.881   168.152   -0.4   -0.3    0.0
   -21.863   168.152   -0.4   -0.3    0.0
   -21.845   168.152   -0.4   -0.3    0.0
   -21.827   168.152   -0.5   -0.3    0.0
   -21.809   168.152   -0.5   -0.4    0.0
   -21.791   168.152   -0.5   -0.4   -0.0
   -21.773   168.152   -0.6   -0.4   -0.0
   -21.755   168.152   -0.6   -0.4   -0.0
   -21.737   168.152   -0.6   -0.4   -0.0
   -21.719   168.152   -0.7   -0.4   -0.0
   -21.701   168.152   -0.7   -0.5   -0.0
   -21.683   168.152   -0.7   -0.5   -0.0
   -21.665   168.152   -0.8   -0.5   -0.0
   -21.647   168.152   -0.8   -0.5   -0.0
   -21.630   168.152   -0.9   -0.5   -0.0
   -21.612   168.152   -0.9   -0.5   -0.0
   -21.594   168.152   -1.0   -0.6   -0.0
   -21.576   168.152   -1.0   -0.6   -0.0
   -21.558   168.152   -1.1   -0.6   -0.0
   -21.540   168.152   -1.1   -0.6   -0.1
   -21.522   168.152   -1.2   -0.6   -0.1
   -21.504   168.152   -1.2   -0.6   -0.1
   -21.486   168.152   -1.3   -0.6   -0.1
   -21.468   168.152   -1.4   -0.7   -0.1
   -21.450   168.152   -1.4   -0.7   -0.1
   -21.432   168.152   -1.5   -0.7   -0.1
   -21.414   168.152   -1.6   -0.7   -0.1
   -21.396   168.152   -1.6   -0.7   -0.1
   -21.378   168.152   -1.7   -0.7   -0.1
   -21.360   168.152   -1.8   -0.7   -0.1
   -21.342   168.152   -1.8   -0.7   -0.1
   -21.324   168.152   -1.9   -0.6   -0.1
   -21.307   168.152   -1.9   -0.6   -0.1
   -21.289   168.152   -2.0   -0.6   -0.1
   -21.271   168.152   -2.0   -0.6   -0.1
   -21.253   168.152   -2.0   -0.5   -0.1
   -21.235   168.152   -2.0   -0.5   -0.1
   -21.217   168.152   -2.0   -0.5   -0.1
   -21.199   168.152   -2.0   -0.4   -0.1
   -21.181   168.152   -2.0   -0.4   -0.1
   -21.163   168.152   -2.0   -0.4   -0.1
   -21.145   168.152   -2.0   -0.3   -0.1
   -21.127   168.152   -1.9   -0.3   -0.0
   -21.109   168.152   -1.9   -0.2   -0.0
   -21.091   168.152   -1.8   -0.2   -0.0
   -21.073   168.152   -1.8   -0.2   -0.0
   -21.055   168.152   -1.7   -0.1    0.0
   -21.037   168.152   -1.6   -0.1    0.0
   -21.019   168.152   -1.5   -0.1    0.0
   -21.001   168.152   -1.4   -0.0    0.1
   -20.984   168.152   -1.3   -0.0    0.1
   -20.966   168.152   -1.2   -0.0    0.1
   -20.948   168.152   -1.1    0.0    0.1
   -20.930   168.152   -1.0    0.0    0.1
   -20.912   168.152   -0.9    0.0    0.1
   -20.894   168.152   -0.8    0.0    0.1
   -20.876   168.152   -0.8    0.0    0.1
   -20.858   168.152   -0.7    0.0    0.2
   -20.840   168.152   -0.6    0.0    0.2
   -20.822   168.152   -0.5    0.0    0.2
   -20.804   168.152   -0.5    0.0    0.2
   -20.786   168.152   -0.4    0.0    0.2
   -20.768   168.152   -0.4    0.0    0.2
   -20.750   168.152   -0.3    0.0    0.2
   -20.732   168.152   -0.3   -0.0    0.2
   -20.714   168.152   -0.3   -0.0    0.2
   -20.696   168.152   -0.2   -0.0    0.2
   -20.678   168.152   -0.2   -0.0    0.2
   -20.661   168.152   -0.2   -0.0    0.2
   -20.643   168.152   -0.2   -0.0    0.2
   -20.625   168.152   -0.1   -0.0    0.2
   -20.607   168.152   -0.1   -0.0    0.2
   -20.589   168.152   -0.1   -0.0    0.2
   -20.571   168.152   -0.1   -0.0    0.2
   -20.553   168.152   -0.1   -0.0    0.1
   -20.535   168.152   -0.1   -0.0    0.1
   -20.517   168.152   -0.1   -0.0    0.1
   -20.499   168.152   -0.1   -0.0    0.1
   -20.481   168.152   -0.1   -0.0    0.1
   -20.463   168.152   -0.0   -0.0    0.1
   -20.445   168.152   -0.0   -0.0    0.1
   -20.427   168.152   -0.0   -0.0    0.1
   -20.409   168.152   -0.0   -0.0    0.1
   -20.391   168.152   -0.0   -0.0    0.1
   -20.373   168.152   -0.0   -0.0    0.1
   -20.355   168.152   -0.0   -0.0    0.1
   -20.338   168.152   -0.0   -0.0    0.1
   -20.320   168.152   -0.0   -0.0    0.1
   -20.302   168.152   -0.0   -0.0    0.1
   -20.284   168.152   -0.0   -0.0    0.1
   -20.266   168.152   -0.0   -0.0    0.1
   -20.248   168.152   -0.0   -0.0    0.1
   -20.230   168.152   -0.0   -0.0    0.1
   -20.212   168.152   -0.0   -0.0    0.1
   -20.194   168.152   -0.0   -0.0    0.1
   -20.176   168.152   -0.0   -0.0    0.1
   -20.158   168.152   -0.0   -0.0    0.1
   -20.140   168.152   -0.0   -0.0    0.1
   -21.935   168.172   -0.3   -0.3    0.0
   -21.917   168.172   -0.4   -0.3    0.0
   -21.899   168.172   -0.4   -0.3    0.0
   -21.881   168.172   -0.4   -0.3    0.0
   -21.863   168.172   -0.4   -0.3    0.0
   -21.845   168.172   -0.4   -0.3    0.0
   -21.827   168.172   -0.5   -0.4    0.0
   -21.809   168.172   -0.5   -0.4    0.0
   -21.791   168.172   -0.5   -0.4    0.0
   -21.773   168.172   -0.6   -0.4    0.0
   -21.755   168.172   -0.6   -0.4    0.0
   -21.737   168.172   -0.6   -0.4   -0.0
   -21.719   168.172   -0.7   -0.4   -0.0
   -21.701   168.172   -0.7   -0.5   -0.0
   -21.683   168.172   -0.7   -0.5   -0.0
   -21.665   168.172   -0.8   -0.5   -0.0
   -21.647   168.172   -0.8   -0.5   -0.0
   -21.630   168.172   -0.9   -0.5   -0.0
   -21.612   168.172   -0.9   -0.6   -0.0
   -21.594   168.172   -1.0   -0.6   -0.0
   -21.576   168.172   -1.0   -0.6   -0.0
   -21.558   168.172   -1.1   -0.6   -0.0
   -21.540   168.172   -1.2   -0.6   -0.0
   -21.522   168.172   -1.2   -0.7   -0.1
   -21.504   168.172   -1.3   -0.7   -0.1
   -21.486   168.172   -1.4   -0.7   -0.1
   -21.468   168.172   -1.4   -0.7   -0.1
   -21.450   168.172   -1.5   -0.7   -0.1
   -21.432   168.172   -1.6   -0.7   -0.1
   -21.414   168.172   -1.6   -0.7   -0.1
   -21.396   168.172   -1.7   -0.7   -0.1
   -21.378   168.172   -1.8   -0.7   -0.1
   -21.360   168.172   -1.8   -0.7   -0.1
   -21.342   168.172   -1.9   -0.7   -0.1
   -21.324   168.172   -2.0   -0.7   -0.1
   -21.307   168.172   -2.0   -0.7   -0.1
   -21.289   168.172   -2.1   -0.7   -0.1
   -21.271   168.172   -2.1   -0.6   -0.1
   -21.253   168.172   -2.1   -0.6   -0.1
   -21.235   168.172   -2.2   -0.6   -0.1
   -21.217   168.172   -2.2   -0.5   -0.1
   -21.199   168.172   -2.2   -0.5   -0.1
   -21.181   168.172   -2.2   -0.4   -0.1
   -21.163   168.172   -2.2   -0.4   -0.1
   -21.145   168.172   -2.1   -0.4   -0.1
   -21.127   168.172   -2.1   -0.3   -0.0
   -21.109   168.172   -2.0   -0.3   -0.0
   -21.091   168.172   -2.0   -0.2   -0.0
   -21.073   168.172   -1.9   -0.2    0.0
   -21.055   168.172   -1.8   -0.1    0.0
   -21.037   168.172   -1.7   -0.1    0.0
   -21.019   168.172   -1.6   -0.1    0.1
   -21.001   168.172   -1.5   -0.0    0.1
   -20.984   168.172   -1.4   -0.0    0.1
   -20.966   168.172   -1.3   -0.0    0.1
   -20.948   168.172   -1.2    0.0    0.1
   -20.930   168.172   -1.1    0.0    0.1
   -20.912   168.172   -1.0    0.0    0.1
   -20.894   168.172   -0.9    0.0    0.2
   -20.876   168.172   -0.8    0.0    0.2
   -20.858   168.172   -0.7    0.0    0.2
   -20.840   168.172   -0.6    0.0    0.2
   -20.822   168.172   -0.5    0.0    0.2
   -20.804   168.172   -0.5    0.0    0.2
   -20.786   168.172   -0.4    0.0    0.2
   -20.768   168.172   -0.4    0.0    0.2
   -20.750   168.172   -0.3   -0.0    0.2
   -20.732   168.172   -0.3   -0.0    0.2
   -20.714   168.172   -0.3   -0.0    0.2
   -20.696   168.172   -0.2   -0.0    0.2
   -20.678   168.172   -0.2   -0.0    0.2
   -20.661   168.172   -0.2   -0.0    0.2
   -20.643   168.172   -0.2   -0.0    0.2
   -20.625   168.172   -0.1   -0.0    0.2
   -20.607   168.172   -0.1   -0.0    0.2
   -20.589   168.172   -0.1   -0.0    0.2
   -20.571   168.172   -0.1   -0.0    0.2
   -20.553   168.172   -0.1   -0.0    0.2
   -20.535   168.172   -0.1   -0.0    0.2
   -20.517   168.172   -0.1   -0.0    0.1
   -20.499   168.172   -0.1   -0.0    0.1
   -20.481   168.172   -0.0   -0.0    0.1
   -20.463   168.172   -0.0   -0.0    0.1
   -20.445   168.172   -0.0   -0.0    0.1
   -20.427   168.172   -0.0   -0.0    0.1
   -20.409   168.172   -0.0   -0.0    0.1
   -20.391   168.172   -0.0   -0.0    0.1
   -20.373   168.172   -0.0   -0.0    0.1
   -20.355   168.172   -0.0   -0.0    0.1
   -20.338   168.172   -0.0   -0.0    0.1
   -20.320   168.172   -0.0   -0.0    0.1
   -20.302   168.172   -0.0   -0.0    0.1
   -20.284   168.172   -0.0   -0.0    0.1
   -20.266   168.172   -0.0   -0.0    0.1
   -20.248   168.172   -0.0   -0.0    0.1
   -20.230   168.172   -0.0   -0.0    0.1
   -20.212   168.172   -0.0   -0.0    0.1
   -20.194   168.172   -0.0   -0.0    0.1
   -20.176   168.172   -0.0   -0.0    0.1
   -20.158   168.172   -0.0   -0.0    0.1
   -20.140   168.172   -0.0   -0.0    0.1
   -21.935   168.191   -0.3   -0.3    0.0
   -21.917   168.191   -0.4   -0.3    0.0
   -21.899   168.191   -0.4   -0.3    0.0
   -21.881   168.191   -0.4   -0.3    0.0
   -21.863   168.191   -0.4   -0.3    0.0
   -21.845   168.191   -0.4   -0.3    0.0
   -21.827   168.191   -0.5   -0.4    0.0
   -21.809   168.191   -0.5   -0.4    0.0
   -21.791   168.191   -0.5   -0.4    0.0
   -21.773   168.191   -0.6   -0.4    0.0
   -21.755   168.191   -0.6   -0.4    0.0
   -21.737   168.191   -0.6   -0.4    0.0
   -21.719   168.191   -0.7   -0.5    0.0
   -21.701   168.191   -0.7   -0.5   -0.0
   -21.683   168.191   -0.7   -0.5   -0.0
   -21.665   168.191   -0.8   -0.5   -0.0
   -21.647   168.191   -0.8   -0.5   -0.0
   -21.630   168.191   -0.9   -0.6   -0.0
   -21.612   168.191   -0.9   -0.6   -0.0
   -21.594   168.191   -1.0   -0.6   -0.0
   -21.576   168.191   -1.1   -0.6   -0.0
   -21.558   168.191   -1.1   -0.6   -0.0
   -21.540   168.191   -1.2   -0.7   -0.0
   -21.522   168.191   -1.3   -0.7   -0.0
   -21.504   168.191   -1.3   -0.7   -0.1
   -21.486   168.191   -1.4   -0.7   -0.1
   -21.468   168.191   -1.5   -0.7   -0.1
   -21.450   168.191   -1.6   -0.7   -0.1
   -21.432   168.191   -1.6   -0.8   -0.1
   -21.414   168.191   -1.7   -0.8   -0.1
   -21.396   168.191   -1.8   -0.8   -0.1
   -21.378   168.191   -1.9   -0.8   -0.1
   -21.360   168.191   -1.9   -0.8   -0.1
   -21.342   168.191   -2.0   -0.8   -0.1
   -21.324   168.191   -2.1   -0.7   -0.1
   -21.307   168.191   -2.1   -0.7   -0.1
   -21.289   168.191   -2.2   -0.7   -0.1
   -21.271   168.191   -2.3   -0.7   -0.1
   -21.253   168.191   -2.3   -0.7   -0.1
   -21.235   168.191   -2.3   -0.6   -0.1
   -21.217   168.191   -2.3   -0.6   -0.1
   -21.199   168.191   -2.3   -0.5   -0.1
   -21.181   168.191   -2.3   -0.5   -0.1
   -21.163   168.191   -2.3   -0.4   -0.1
   -21.145   168.191   -2.3   -0.4   -0.0
   -21.127   168.191   -2.2   -0.3   -0.0
   -21.109   168.191   -2.2   -0.3   -0.0
   -21.091   168.191   -2.1   -0.2   -0.0
   -21.073   168.191   -2.0   -0.2    0.0
   -21.055   168.191   -1.9   -0.2    0.0
   -21.037   168.191   -1.8   -0.1    0.1
   -21.019   168.191   -1.7   -0.1    0.1
   -21.001   168.191   -1.6   -0.1    0.1
   -20.984   168.191   -1.5   -0.0    0.1
   -20.966   168.191   -1.3   -0.0    0.1
   -20.948   168.191   -1.2    0.0    0.1
   -20.930   168.191   -1.1    0.0    0.2
   -20.912   168.191   -1.0    0.0    0.2
   -20.894   168.191   -0.9    0.0    0.2
   -20.876   168.191   -0.8    0.0    0.2
   -20.858   168.191   -0.7    0.0    0.2
   -20.840   168.191   -0.6    0.0    0.2
   -20.822   168.191   -0.5    0.0    0.2
   -20.804   168.191   -0.5    0.0    0.2
   -20.786   168.191   -0.4    0.0    0.2
   -20.768   168.191   -0.4   -0.0    0.2
   -20.750   168.191   -0.3   -0.0    0.2
   -20.732   168.191   -0.3   -0.0    0.2
   -20.714   168.191   -0.2   -0.0    0.2
   -20.696   168.191   -0.2   -0.0    0.2
   -20.678   168.191   -0.2   -0.0    0.2
   -20.661   168.191   -0.2   -0.0    0.2
   -20.643   168.191   -0.1   -0.0    0.2
   -20.625   168.191   -0.1   -0.0    0.2
   -20.607   168.191   -0.1   -0.0    0.2
   -20.589   168.191   -0.1   -0.0    0.2
   -20.571   168.191   -0.1   -0.0    0.2
   -20.553   168.191   -0.1   -0.0    0.2
   -20.535   168.191   -0.1   -0.0    0.2
   -20.517   168.191   -0.1   -0.0    0.2
   -20.499   168.191   -0.0   -0.0    0.1
   -20.481   168.191   -0.0   -0.0    0.1
   -20.463   168.191   -0.0   -0.0    0.1
   -20.445   168.191   -0.0   -0.0    0.1
   -20.427   168.191   -0.0   -0.0    0.1
   -20.409   168.191   -0.0   -0.0    0.1
   -20.391   168.191   -0.0   -0.0    0.1
   -20.373   168.191   -0.0   -0.0    0.1
   -20.355   168.191   -0.0   -0.0    0.1
   -20.338   168.191   -0.0   -0.0    0.1
   -20.320   168.191   -0.0   -0.0    0.1
   -20.302   168.191   -0.0   -0.0    0.1
   -20.284   168.191   -0.0   -0.0    0.1
   -20.266   168.191   -0.0   -0.0    0.1
   -20.248   168.191   -0.0   -0.0    0.1
   -20.230   168.191   -0.0   -0.0    0.1
   -20.212   168.191   -0.0   -0.0    0.1
   -20.194   168.191   -0.0   -0.0    0.1
   -20.176   168.191   -0.0   -0.0    0.1
   -20.158   168.191    0.0   -0.0    0.1
   -20.140   168.191    0.0   -0.0    0.1
   -21.935   168.210   -0.3   -0.3    0.0
   -21.917   168.210   -0.4   -0.3    0.0
   -21.899   168.210   -0.4   -0.3    0.0
   -21.881   168.210   -0.4   -0.3    0.0
   -21.863   168.210   -0.4   -0.3    0.0
   -21.845   168.210   -0.4   -0.3    0.0
   -21.827   168.210   -0.5   -0.4    0.0
   -21.809   168.210   -0.5   -0.4    0.0
   -21.791   168.210   -0.5   -0.4    0.0
   -21.773   168.210   -0.6   -0.4    0.0
   -21.755   168.210   -0.6   -0.4    0.0
   -21.737   168.210   -0.6   -0.4    0.0
   -21.719   168.210   -0.7   -0.5    0.0
   -21.701   168.210   -0.7   -0.5    0.0
   -21.683   168.210   -0.7   -0.5    0.0
   -21.665   168.210   -0.8   -0.5    0.0
   -21.647   168.210   -0.8   -0.5   -0.0
   -21.630   168.210   -0.9   -0.6   -0.0
   -21.612   168.210   -1.0   -0.6   -0.0
   -21.594   168.210   -1.0   -0.6   -0.0
   -21.576   168.210   -1.1   -0.6   -0.0
   -21.558   168.210   -1.1   -0.7   -0.0
   -21.540   168.210   -1.2   -0.7   -0.0
   -21.522   168.210   -1.3   -0.7   -0.0
   -21.504   168.210   -1.4   -0.7   -0.0
   -21.486   168.210   -1.4   -0.8   -0.0
   -21.468   168.210   -1.5   -0.8   -0.1
   -21.450   168.210   -1.6   -0.8   -0.1
   -21.432   168.210   -1.7   -0.8   -0.1
   -21.414   168.210   -1.8   -0.8   -0.1
   -21.396   168.210   -1.9   -0.8   -0.1
   -21.378   168.210   -2.0   -0.8   -0.1
   -21.360   168.210   -2.1   -0.8   -0.1
   -21.342   168.210   -2.1   -0.8   -0.1
   -21.324   168.210   -2.2   -0.8   -0.1
   -21.307   168.210   -2.3   -0.8   -0.1
   -21.289   168.210   -2.3   -0.8   -0.1
   -21.271   168.210   -2.4   -0.7   -0.1
   -21.253   168.210   -2.4   -0.7   -0.1
   -21.235   168.210   -2.5   -0.7   -0.1
   -21.217   168.210   -2.5   -0.6   -0.1
   -21.199   168.210   -2.5   -0.6   -0.1
   -21.181   168.210   -2.5   -0.5   -0.1
   -21.163   168.210   -2.5   -0.5   -0.1
   -21.145   168.210   -2.5   -0.4   -0.0
   -21.127   168.210   -2.4   -0.4   -0.0
   -21.109   168.210   -2.3   -0.3   -0.0
   -21.091   168.210   -2.3   -0.3    0.0
   -21.073   168.210   -2.2   -0.2    0.0
   -21.055   168.210   -2.1   -0.2    0.1
   -21.037   168.210   -1.9   -0.1    0.1
   -21.019   168.210   -1.8   -0.1    0.1
   -21.001   168.210   -1.7   -0.1    0.1
   -20.984   168.210   -1.5   -0.0    0.1
   -20.966   168.210   -1.4   -0.0    0.1
   -20.948   168.210   -1.3    0.0    0.2
   -20.930   168.210   -1.1    0.0    0.2
   -20.912   168.210   -1.0    0.0    0.2
   -20.894   168.210   -0.9    0.0    0.2
   -20.876   168.210   -0.8    0.0    0.2
   -20.858   168.210   -0.7    0.0    0.2
   -20.840   168.210   -0.6    0.0    0.2
   -20.822   168.210   -0.5    0.0    0.2
   -20.804   168.210   -0.5   -0.0    0.2
   -20.786   168.210   -0.4   -0.0    0.2
   -20.768   168.210   -0.3   -0.0    0.2
   -20.750   168.210   -0.3   -0.0    0.2
   -20.732   168.210   -0.3   -0.0    0.2
   -20.714   168.210   -0.2   -0.0    0.2
   -20.696   168.210   -0.2   -0.0    0.2
   -20.678   168.210   -0.2   -0.0    0.2
   -20.661   168.210   -0.1   -0.0    0.2
   -20.643   168.210   -0.1   -0.0    0.2
   -20.625   168.210   -0.1   -0.0    0.2
   -20.607   168.210   -0.1   -0.0    0.2
   -20.589   168.210   -0.1   -0.0    0.2
   -20.571   168.210   -0.1   -0.0    0.2
   -20.553   168.210   -0.1   -0.0    0.2
   -20.535   168.210   -0.1   -0.0    0.2
   -20.517   168.210   -0.0   -0.0    0.2
   -20.499   168.210   -0.0   -0.0    0.2
   -20.481   168.210   -0.0   -0.0    0.1
   -20.463   168.210   -0.0   -0.0    0.1
   -20.445   168.210   -0.0   -0.0    0.1
   -20.427   168.210   -0.0   -0.0    0.1
   -20.409   168.210   -0.0   -0.0    0.1
   -20.391   168.210   -0.0   -0.0    0.1
   -20.373   168.210   -0.0   -0.0    0.1
   -20.355   168.210   -0.0   -0.0    0.1
   -20.338   168.210   -0.0   -0.0    0.1
   -20.320   168.210   -0.0   -0.0    0.1
   -20.302   168.210   -0.0   -0.0    0.1
   -20.284   168.210   -0.0   -0.0    0.1
   -20.266   168.210   -0.0   -0.0    0.1
   -20.248   168.210   -0.0   -0.0    0.1
   -20.230   168.210   -0.0   -0.0    0.1
   -20.212   168.210    0.0   -0.0    0.1
   -20.194   168.210    0.0   -0.0    0.1
   -20.176   168.210    0.0   -0.0    0.1
   -20.158   168.210    0.0   -0.0    0.1
   -20.140   168.210    0.0   -0.0    0.1
   -21.935   168.229   -0.3   -0.3    0.0
   -21.917   168.229   -0.4   -0.3    0.0
   -21.899   168.229   -0.4   -0.3    0.0
   -21.881   168.229   -0.4   -0.3    0.0
   -21.863   168.229   -0.4   -0.3    0.0
   -21.845   168.229   -0.4   -0.3    0.0
   -21.827   168.229   -0.5   -0.4    0.0
   -21.809   168.229   -0.5   -0.4    0.0
   -21.791   168.229   -0.5   -0.4    0.0
   -21.773   168.229   -0.6   -0.4    0.0
   -21.755   168.229   -0.6   -0.4    0.0
   -21.737   168.229   -0.6   -0.4    0.0
   -21.719   168.229   -0.7   -0.5    0.0
   -21.701   168.229   -0.7   -0.5    0.0
   -21.683   168.229   -0.8   -0.5    0.0
   -21.665   168.229   -0.8   -0.5    0.0
   -21.647   168.229   -0.9   -0.6    0.0
   -21.630   168.229   -0.9   -0.6    0.0
   -21.612   168.229   -1.0   -0.6    0.0
   -21.594   168.229   -1.0   -0.6   -0.0
   -21.576   168.229   -1.1   -0.7   -0.0
   -21.558   168.229   -1.2   -0.7   -0.0
   -21.540   168.229   -1.2   -0.7   -0.0
   -21.522   168.229   -1.3   -0.7   -0.0
   -21.504   168.229   -1.4   -0.8   -0.0
   -21.486   168.229   -1.5   -0.8   -0.0
   -21.468   168.229   -1.6   -0.8   -0.0
   -21.450   168.229   -1.7   -0.8   -0.1
   -21.432   168.229   -1.8   -0.9   -0.1
   -21.414   168.229   -1.9   -0.9   -0.1
   -21.396   168.229   -2.0   -0.9   -0.1
   -21.378   168.229   -2.1   -0.9   -0.1
   -21.360   168.229   -2.2   -0.9   -0.1
   -21.342   168.229   -2.3   -0.9   -0.1
   -21.324   168.229   -2.3   -0.9   -0.1
   -21.307   168.229   -2.4   -0.9   -0.1
   -21.289   168.229   -2.5   -0.8   -0.1
   -21.271   168.229   -2.6   -0.8   -0.1
   -21.253   168.229   -2.6   -0.8   -0.1
   -21.235   168.229   -2.7   -0.7   -0.1
   -21.217   168.229   -2.7   -0.7   -0.1
   -21.199   168.229   -2.7   -0.7   -0.1
   -21.181   168.229   -2.7   -0.6   -0.1
   -21.163   168.229   -2.7   -0.6   -0.0
   -21.145   168.229   -2.7   -0.5   -0.0
   -21.127   168.229   -2.6   -0.4   -0.0
   -21.109   168.229   -2.5   -0.4    0.0
   -21.091   168.229   -2.4   -0.3    0.0
   -21.073   168.229   -2.3   -0.3    0.0
   -21.055   168.229   -2.2   -0.2    0.1
   -21.037   168.229   -2.1   -0.2    0.1
   -21.019   168.229   -1.9   -0.1    0.1
   -21.001   168.229   -1.8   -0.1    0.1
   -20.984   168.229   -1.6   -0.0    0.2
   -20.966   168.229   -1.5   -0.0    0.2
   -20.948   168.229   -1.3   -0.0    0.2
   -20.930   168.229   -1.2    0.0    0.2
   -20.912   168.229   -1.1    0.0    0.2
   -20.894   168.229   -0.9    0.0    0.2
   -20.876   168.229   -0.8    0.0    0.2
   -20.858   168.229   -0.7    0.0    0.2
   -20.840   168.229   -0.6    0.0    0.2
   -20.822   168.229   -0.5   -0.0    0.2
   -20.804   168.229   -0.4   -0.0    0.2
   -20.786   168.229   -0.4   -0.0    0.2
   -20.768   168.229   -0.3   -0.0    0.2
   -20.750   168.229   -0.3   -0.0    0.2
   -20.732   168.229   -0.2   -0.0    0.2
   -20.714   168.229   -0.2   -0.0    0.2
   -20.696   168.229   -0.2   -0.0    0.2
   -20.678   168.229   -0.2   -0.0    0.2
   -20.661   168.229   -0.1   -0.0    0.2
   -20.643   168.229   -0.1   -0.0    0.2
   -20.625   168.229   -0.1   -0.0    0.2
   -20.607   168.229   -0.1   -0.0    0.2
   -20.589   168.229   -0.1   -0.0    0.2
   -20.571   168.229   -0.1   -0.0    0.2
   -20.553   168.229   -0.1   -0.0    0.2
   -20.535   168.229   -0.0   -0.0    0.2
   -20.517   168.229   -0.0   -0.0    0.2
   -20.499   168.229   -0.0   -0.0    0.2
   -20.481   168.229   -0.0   -0.0    0.2
   -20.463   168.229   -0.0   -0.0    0.1
   -20.445   168.229   -0.0   -0.0    0.1
   -20.427   168.229   -0.0   -0.0    0.1
   -20.409   168.229   -0.0   -0.0    0.1
   -20.391   168.229   -0.0   -0.0    0.1
   -20.373   168.229   -0.0   -0.0    0.1
   -20.355   168.229   -0.0   -0.0    0.1
   -20.338   168.229   -0.0   -0.0    0.1
   -20.320   168.229   -0.0   -0.0    0.1
   -20.302   168.229   -0.0   -0.0    0.1
   -20.284   168.229   -0.0   -0.0    0.1
   -20.266   168.229   -0.0   -0.0    0.1
   -20.248   168.229    0.0   -0.0    0.1
   -20.230   168.229    0.0   -0.0    0.1
   -20.212   168.229    0.0   -0.0    0.1
   -20.194   168.229    0.0   -0.0    0.1
   -20.176   168.229    0.0   -0.0    0.1
   -20.158   168.229    0.0   -0.0    0.1
   -20.140   168.229    0.0   -0.0    0.1
   -21.935   168.249   -0.3   -0.3    0.0
   -21.917   168.249   -0.3   -0.3    0.0
   -21.899   168.249   -0.4   -0.3    0.0
   -21.881   168.249   -0.4   -0.3    0.0
   -21.863   168.249   -0.4   -0.3    0.0
   -21.845   168.249   -0.4   -0.3    0.0
   -21.827   168.249   -0.5   -0.4    0.0
   -21.809   168.249   -0.5   -0.4    0.0
   -21.791   168.249   -0.5   -0.4    0.0
   -21.773   168.249   -0.6   -0.4    0.0
   -21.755   168.249   -0.6   -0.4    0.0
   -21.737   168.249   -0.6   -0.5    0.0
   -21.719   168.249   -0.7   -0.5    0.0
   -21.701   168.249   -0.7   -0.5    0.0
   -21.683   168.249   -0.8   -0.5    0.0
   -21.665   168.249   -0.8   -0.5    0.0
   -21.647   168.249   -0.9   -0.6    0.0
   -21.630   168.249   -0.9   -0.6    0.0
   -21.612   168.249   -1.0   -0.6    0.0
   -21.594   168.249   -1.0   -0.7    0.0
   -21.576   168.249   -1.1   -0.7    0.0
   -21.558   168.249   -1.2   -0.7   -0.0
   -21.540   168.249   -1.3   -0.7   -0.0
   -21.522   168.249   -1.4   -0.8   -0.0
   -21.504   168.249   -1.4   -0.8   -0.0
   -21.486   168.249   -1.5   -0.8   -0.0
   -21.468   168.249   -1.6   -0.9   -0.0
   -21.450   168.249   -1.7   -0.9   -0.0
   -21.432   168.249   -1.8   -0.9   -0.0
   -21.414   168.249   -2.0   -0.9   -0.1
   -21.396   168.249   -2.1   -0.9   -0.1
   -21.378   168.249   -2.2   -0.9   -0.1
   -21.360   168.249   -2.3   -0.9   -0.1
   -21.342   168.249   -2.4   -0.9   -0.1
   -21.324   168.249   -2.5   -0.9   -0.1
   -21.307   168.249   -2.6   -0.9   -0.1
   -21.289   168.249   -2.7   -0.9   -0.1
   -21.271   168.249   -2.7   -0.9   -0.1
   -21.253   168.249   -2.8   -0.9   -0.1
   -21.235   168.249   -2.9   -0.8   -0.1
   -21.217   168.249   -2.9   -0.8   -0.1
   -21.199   168.249   -2.9   -0.7   -0.1
   -21.181   168.249   -2.9   -0.7   -0.0
   -21.163   168.249   -2.9   -0.6   -0.0
   -21.145   168.249   -2.9   -0.6   -0.0
   -21.127   168.249   -2.8   -0.5    0.0
   -21.109   168.249   -2.7   -0.4    0.0
   -21.091   168.249   -2.6   -0.4    0.0
   -21.073   168.249   -2.5   -0.3    0.1
   -21.055   168.249   -2.4   -0.2    0.1
   -21.037   168.249   -2.2   -0.2    0.1
   -21.019   168.249   -2.1   -0.1    0.1
   -21.001   168.249   -1.9   -0.1    0.2
   -20.984   168.249   -1.7   -0.1    0.2
   -20.966   168.249   -1.6   -0.0    0.2
   -20.948   168.249   -1.4   -0.0    0.2
   -20.930   168.249   -1.2    0.0    0.2
   -20.912   168.249   -1.1    0.0    0.2
   -20.894   168.249   -0.9    0.0    0.3
   -20.876   168.249   -0.8    0.0    0.3
   -20.858   168.249   -0.7    0.0    0.3
   -20.840   168.249   -0.6   -0.0    0.3
   -20.822   168.249   -0.5   -0.0    0.3
   -20.804   168.249   -0.4   -0.0    0.3
   -20.786   168.249   -0.4   -0.0    0.3
   -20.768   168.249   -0.3   -0.0    0.3
   -20.750   168.249   -0.3   -0.0    0.3
   -20.732   168.249   -0.2   -0.0    0.3
   -20.714   168.249   -0.2   -0.1    0.2
   -20.696   168.249   -0.2   -0.1    0.2
   -20.678   168.249   -0.1   -0.1    0.2
   -20.661   168.249   -0.1   -0.1    0.2
   -20.643   168.249   -0.1   -0.1    0.2
   -20.625   168.249   -0.1   -0.1    0.2
   -20.607   168.249   -0.1   -0.1    0.2
   -20.589   168.249   -0.1   -0.1    0.2
   -20.571   168.249   -0.1   -0.0    0.2
   -20.553   168.249   -0.0   -0.0    0.2
   -20.535   168.249   -0.0   -0.0    0.2
   -20.517   168.249   -0.0   -0.0    0.2
   -20.499   168.249   -0.0   -0.0    0.2
   -20.481   168.249   -0.0   -0.0    0.2
   -20.463   168.249   -0.0   -0.0    0.2
   -20.445   168.249   -0.0   -0.0    0.1
   -20.427   168.249   -0.0   -0.0    0.1
   -20.409   168.249   -0.0   -0.0    0.1
   -20.391   168.249   -0.0   -0.0    0.1
   -20.373   168.249   -0.0   -0.0    0.1
   -20.355   168.249   -0.0   -0.0    0.1
   -20.338   168.249   -0.0   -0.0    0.1
   -20.320   168.249   -0.0   -0.0    0.1
   -20.302   168.249    0.0   -0.0    0.1
   -20.284   168.249    0.0   -0.0    0.1
   -20.266   168.249    0.0   -0.0    0.1
   -20.248   168.249    0.0   -0.0    0.1
   -20.230   168.249    0.0   -0.0    0.1
   -20.212   168.249    0.0   -0.0    0.1
   -20.194   168.249    0.0   -0.0    0.1
   -20.176   168.249    0.0   -0.0    0.1
   -20.158   168.249    0.0   -0.0    0.1
   -20.140   168.249    0.0   -0.0    0.1
   -21.935   168.268   -0.3   -0.3    0.0
   -21.917   168.268   -0.3   -0.3    0.0
   -21.899   168.268   -0.4   -0.3    0.0
   -21.881   168.268   -0.4   -0.3    0.0
   -21.863   168.268   -0.4   -0.3    0.0
   -21.845   168.268   -0.4   -0.3    0.0
   -21.827   168.268   -0.5   -0.4    0.0
   -21.809   168.268   -0.5   -0.4    0.0
   -21.791   168.268   -0.5   -0.4    0.0
   -21.773   168.268   -0.5   -0.4    0.0
   -21.755   168.268   -0.6   -0.4    0.0
   -21.737   168.268   -0.6   -0.5    0.0
   -21.719   168.268   -0.7   -0.5    0.0
   -21.701   168.268   -0.7   -0.5    0.0
   -21.683   168.268   -0.8   -0.5    0.0
   -21.665   168.268   -0.8   -0.6    0.0
   -21.647   168.268   -0.9   -0.6    0.0
   -21.630   168.268   -0.9   -0.6    0.0
   -21.612   168.268   -1.0   -0.6    0.0
   -21.594   168.268   -1.1   -0.7    0.0
   -21.576   168.268   -1.1   -0.7    0.0
   -21.558   168.268   -1.2   -0.7    0.0
   -21.540   168.268   -1.3   -0.8    0.0
   -21.522   168.268   -1.4   -0.8   -0.0
   -21.504   168.268   -1.5   -0.8   -0.0
   -21.486   168.268   -1.6   -0.9   -0.0
   -21.468   168.268   -1.7   -0.9   -0.0
   -21.450   168.268   -1.8   -0.9   -0.0
   -21.432   168.268   -1.9   -1.0   -0.0
   -21.414   168.268   -2.0   -1.0   -0.0
   -21.396   168.268   -2.2   -1.0   -0.0
   -21.378   168.268   -2.3   -1.0   -0.1
   -21.360   168.268   -2.4   -1.0   -0.1
   -21.342   168.268   -2.5   -1.0   -0.1
   -21.324   168.268   -2.6   -1.0   -0.1
   -21.307   168.268   -2.7   -1.0   -0.1
   -21.289   168.268   -2.8   -1.0   -0.1
   -21.271   168.268   -2.9   -1.0   -0.1
   -21.253   168.268   -3.0   -0.9   -0.1
   -21.235   168.268   -3.1   -0.9   -0.1
   -21.217   168.268   -3.1   -0.9   -0.1
   -21.199   168.268   -3.2   -0.8   -0.0
   -21.181   168.268   -3.2   -0.8   -0.0
   -21.163   168.268   -3.2   -0.7   -0.0
   -21.145   168.268   -3.1   -0.6    0.0
   -21.127   168.268   -3.1   -0.6    0.0
   -21.109   168.268   -3.0   -0.5    0.0
   -21.091   168.268   -2.9   -0.4    0.1
   -21.073   168.268   -2.7   -0.3    0.1
   -21.055   168.268   -2.6   -0.3    0.1
   -21.037   168.268   -2.4   -0.2    0.1
   -21.019   168.268   -2.2   -0.2    0.2
   -21.001   168.268   -2.0   -0.1    0.2
   -20.984   168.268   -1.9   -0.1    0.2
   -20.966   168.268   -1.7   -0.0    0.2
   -20.948   168.268   -1.5   -0.0    0.3
   -20.930   168.268   -1.3   -0.0    0.3
   -20.912   168.268   -1.1   -0.0    0.3
   -20.894   168.268   -1.0   -0.0    0.3
   -20.876   168.268   -0.8   -0.0    0.3
   -20.858   168.268   -0.7   -0.0    0.3
   -20.840   168.268   -0.6   -0.0    0.3
   -20.822   168.268   -0.5   -0.0    0.3
   -20.804   168.268   -0.4   -0.0    0.3
   -20.786   168.268   -0.3   -0.0    0.3
   -20.768   168.268   -0.3   -0.1    0.3
   -20.750   168.268   -0.2   -0.1    0.3
   -20.732   168.268   -0.2   -0.1    0.3
   -20.714   168.268   -0.2   -0.1    0.3
   -20.696   168.268   -0.1   -0.1    0.3
   -20.678   168.268   -0.1   -0.1    0.2
   -20.661   168.268   -0.1   -0.1    0.2
   -20.643   168.268   -0.1   -0.1    0.2
   -20.625   168.268   -0.1   -0.1    0.2
   -20.607   168.268   -0.1   -0.1    0.2
   -20.589   168.268   -0.0   -0.1    0.2
   -20.571   168.268   -0.0   -0.1    0.2
   -20.553   168.268   -0.0   -0.1    0.2
   -20.535   168.268   -0.0   -0.0    0.2
   -20.517   168.268   -0.0   -0.0    0.2
   -20.499   168.268   -0.0   -0.0    0.2
   -20.481   168.268   -0.0   -0.0    0.2
   -20.463   168.268   -0.0   -0.0    0.2
   -20.445   168.268   -0.0   -0.0    0.2
   -20.427   168.268   -0.0   -0.0    0.1
   -20.409   168.268   -0.0   -0.0    0.1
   -20.391   168.268   -0.0   -0.0    0.1
   -20.373   168.268   -0.0   -0.0    0.1
   -20.355   168.268    0.0   -0.0    0.1
   -20.338   168.268    0.0   -0.0    0.1
   -20.320   168.268    0.0   -0.0    0.1
   -20.302   168.268    0.0   -0.0    0.1
   -20.284   168.268    0.0   -0.0    0.1
   -20.266   168.268    0.0   -0.0    0.1
   -20.248   168.268    0.0   -0.0    0.1
   -20.230   168.268    0.0   -0.0    0.1
   -20.212   168.268    0.0   -0.0    0.1
   -20.194   168.268    0.0   -0.0    0.1
   -20.176   168.268    0.0   -0.0    0.1
   -20.158   168.268    0.0   -0.0    0.1
   -20.140   168.268    0.0   -0.0    0.1
   -21.935   168.287   -0.3   -0.3    0.0
   -21.917   168.287   -0.3   -0.3    0.0
   -21.899   168.287   -0.4   -0.3    0.0
   -21.881   168.287   -0.4   -0.3    0.0
   -21.863   168.287   -0.4   -0.3    0.0
   -21.845   168.287   -0.4   -0.3    0.0
   -21.827   168.287   -0.5   -0.4    0.0
   -21.809   168.287   -0.5   -0.4    0.0
   -21.791   168.287   -0.5   -0.4    0.0
   -21.773   168.287   -0.5   -0.4    0.0
   -21.755   168.287   -0.6   -0.4    0.0
   -21.737   168.287   -0.6   -0.5    0.0
   -21.719   168.287   -0.7   -0.5    0.0
   -21.701   168.287   -0.7   -0.5    0.0
   -21.683   168.287   -0.8   -0.5    0.0
   -21.665   168.287   -0.8   -0.6    0.0
   -21.647   168.287   -0.9   -0.6    0.0
   -21.630   168.287   -0.9   -0.6    0.0
   -21.612   168.287   -1.0   -0.7    0.0
   -21.594   168.287   -1.1   -0.7    0.0
   -21.576   168.287   -1.1   -0.7    0.0
   -21.558   168.287   -1.2   -0.8    0.0
   -21.540   168.287   -1.3   -0.8    0.0
   -21.522   168.287   -1.4   -0.8    0.0
   -21.504   168.287   -1.5   -0.9    0.0
   -21.486   168.287   -1.6   -0.9    0.0
   -21.468   168.287   -1.7   -0.9   -0.0
   -21.450   168.287   -1.9   -1.0   -0.0
   -21.432   168.287   -2.0   -1.0   -0.0
   -21.414   168.287   -2.1   -1.0   -0.0
   -21.396   168.287   -2.3   -1.1   -0.0
   -21.378   168.287   -2.4   -1.1   -0.0
   -21.360   168.287   -2.5   -1.1   -0.0
   -21.342   168.287   -2.7   -1.1   -0.0
   -21.324   168.287   -2.8   -1.1   -0.1
   -21.307   168.287   -2.9   -1.1   -0.1
   -21.289   168.287   -3.0   -1.1   -0.1
   -21.271   168.287   -3.1   -1.1   -0.1
   -21.253   168.287   -3.2   -1.0   -0.0
   -21.235   168.287   -3.3   -1.0   -0.0
   -21.217   168.287   -3.4   -1.0   -0.0
   -21.199   168.287   -3.4   -0.9   -0.0
   -21.181   168.287   -3.5   -0.9   -0.0
   -21.163   168.287   -3.4   -0.8    0.0
   -21.145   168.287   -3.4   -0.7    0.0
   -21.127   168.287   -3.4   -0.6    0.0
   -21.109   168.287   -3.3   -0.6    0.1
   -21.091   168.287   -3.1   -0.5    0.1
   -21.073   168.287   -3.0   -0.4    0.1
   -21.055   168.287   -2.8   -0.3    0.2
   -21.037   168.287   -2.6   -0.3    0.2
   -21.019   168.287   -2.4   -0.2    0.2
   -21.001   168.287   -2.2   -0.1    0.2
   -20.984   168.287   -2.0   -0.1    0.3
   -20.966   168.287   -1.8   -0.1    0.3
   -20.948   168.287   -1.5   -0.0    0.3
   -20.930   168.287   -1.3   -0.0    0.3
   -20.912   168.287   -1.1   -0.0    0.3
   -20.894   168.287   -1.0   -0.0    0.3
   -20.876   168.287   -0.8   -0.0    0.3
   -20.858   168.287   -0.7   -0.0    0.3
   -20.840   168.287   -0.5   -0.0    0.3
   -20.822   168.287   -0.5   -0.1    0.3
   -20.804   168.287   -0.4   -0.1    0.3
   -20.786   168.287   -0.3   -0.1    0.3
   -20.768   168.287   -0.3   -0.1    0.3
   -20.750   168.287   -0.2   -0.1    0.3
   -20.732   168.287   -0.2   -0.1    0.3
   -20.714   168.287   -0.1   -0.1    0.3
   -20.696   168.287   -0.1   -0.1    0.3
   -20.678   168.287   -0.1   -0.1    0.3
   -20.661   168.287   -0.1   -0.1    0.2
   -20.643   168.287   -0.1   -0.1    0.2
   -20.625   168.287   -0.1   -0.1    0.2
   -20.607   168.287   -0.0   -0.1    0.2
   -20.589   168.287   -0.0   -0.1    0.2
   -20.571   168.287   -0.0   -0.1    0.2
   -20.553   168.287   -0.0   -0.1    0.2
   -20.535   168.287   -0.0   -0.0    0.2
   -20.517   168.287   -0.0   -0.0    0.2
   -20.499   168.287   -0.0   -0.0    0.2
   -20.481   168.287   -0.0   -0.0    0.2
   -20.463   168.287   -0.0   -0.0    0.2
   -20.445   168.287   -0.0   -0.0    0.2
   -20.427   168.287   -0.0   -0.0    0.1
   -20.409   168.287    0.0   -0.0    0.1
   -20.391   168.287    0.0   -0.0    0.1
   -20.373   168.287    0.0   -0.0    0.1
   -20.355   168.287    0.0   -0.0    0.1
   -20.338   168.287    0.0   -0.0    0.1
   -20.320   168.287    0.0   -0.0    0.1
   -20.302   168.287    0.0   -0.0    0.1
   -20.284   168.287    0.0   -0.0    0.1
   -20.266   168.287    0.0   -0.0    0.1
   -20.248   168.287    0.0   -0.0    0.1
   -20.230   168.287    0.0   -0.0    0.1
   -20.212   168.287    0.0   -0.0    0.1
   -20.194   168.287    0.0   -0.0    0.1
   -20.176   168.287    0.0   -0.0    0.1
   -20.158   168.287    0.0   -0.0    0.1
   -20.140   168.287    0.0   -0.0    0.1
   -21.935   168.306   -0.3   -0.3    0.1
   -21.917   168.306   -0.3   -0.3    0.1
   -21.899   168.306   -0.3   -0.3    0.1
   -21.881   168.306   -0.4   -0.3    0.1
   -21.863   168.306   -0.4   -0.3    0.1
   -21.845   168.306   -0.4   -0.3    0.1
   -21.827   168.306   -0.4   -0.4    0.1
   -21.809   168.306   -0.5   -0.4    0.1
   -21.791   168.306   -0.5   -0.4    0.1
   -21.773   168.306   -0.5   -0.4    0.1
   -21.755   168.306   -0.6   -0.4    0.1
   -21.737   168.306   -0.6   -0.5    0.1
   -21.719   168.306   -0.7   -0.5    0.1
   -21.701   168.306   -0.7   -0.5    0.1
   -21.683   168.306   -0.7   -0.5    0.1
   -21.665   168.306   -0.8   -0.6    0.1
   -21.647   168.306   -0.9   -0.6    0.1
   -21.630   168.306   -0.9   -0.6    0.1
   -21.612   168.306   -1.0   -0.7    0.1
   -21.594   168.306   -1.1   -0.7    0.0
   -21.576   168.306   -1.1   -0.7    0.0
   -21.558   168.306   -1.2   -0.8    0.0
   -21.540   168.306   -1.3   -0.8    0.0
   -21.522   168.306   -1.4   -0.9    0.0
   -21.504   168.306   -1.5   -0.9    0.0
   -21.486   168.306   -1.7   -0.9    0.0
   -21.468   168.306   -1.8   -1.0    0.0
   -21.450   168.306   -1.9   -1.0    0.0
   -21.432   168.306   -2.1   -1.1   -0.0
   -21.414   168.306   -2.2   -1.1   -0.0
   -21.396   168.306   -2.4   -1.1   -0.0
   -21.378   168.306   -2.5   -1.1   -0.0
   -21.360   168.306   -2.7   -1.2   -0.0
   -21.342   168.306   -2.8   -1.2   -0.0
   -21.324   168.306   -3.0   -1.2   -0.0
   -21.307   168.306   -3.1   -1.2   -0.0
   -21.289   168.306   -3.2   -1.2   -0.0
   -21.271   168.306   -3.4   -1.2   -0.0
   -21.253   168.306   -3.5   -1.2   -0.0
   -21.235   168.306   -3.6   -1.1   -0.0
   -21.217   168.306   -3.7   -1.1   -0.0
   -21.199   168.306   -3.7   -1.0    0.0
   -21.181   168.306   -3.8   -1.0    0.0
   -21.163   168.306   -3.8   -0.9    0.0
   -21.145   168.306   -3.7   -0.8    0.1
   -21.127   168.306   -3.7   -0.7    0.1
   -21.109   168.306   -3.6   -0.6    0.1
   -21.091   168.306   -3.4   -0.6    0.1
   -21.073   168.306   -3.3   -0.5    0.2
   -21.055   168.306   -3.1   -0.4    0.2
   -21.037   168.306   -2.8   -0.3    0.2
   -21.019   168.306   -2.6   -0.2    0.3
   -21.001   168.306   -2.4   -0.2    0.3
   -20.984   168.306   -2.1   -0.1    0.3
   -20.966   168.306   -1.9   -0.1    0.3
   -20.948   168.306   -1.6   -0.1    0.4
   -20.930   168.306   -1.4   -0.0    0.4
   -20.912   168.306   -1.2   -0.0    0.4
   -20.894   168.306   -1.0   -0.0    0.4
   -20.876   168.306   -0.8   -0.0    0.4
   -20.858   168.306   -0.6   -0.1    0.4
   -20.840   168.306   -0.5   -0.1    0.4
   -20.822   168.306   -0.4   -0.1    0.4
   -20.804   168.306   -0.3   -0.1    0.4
   -20.786   168.306   -0.3   -0.1    0.3
   -20.768   168.306   -0.2   -0.1    0.3
   -20.750   168.306   -0.2   -0.1    0.3
   -20.732   168.306   -0.1   -0.1    0.3
   -20.714   168.306   -0.1   -0.1    0.3
   -20.696   168.306   -0.1   -0.1    0.3
   -20.678   168.306   -0.1   -0.1    0.3
   -20.661   168.306   -0.1   -0.1    0.3
   -20.643   168.306   -0.0   -0.1    0.2
   -20.625   168.306   -0.0   -0.1    0.2
   -20.607   168.306   -0.0   -0.1    0.2
   -20.589   168.306   -0.0   -0.1    0.2
   -20.571   168.306   -0.0   -0.1    0.2
   -20.553   168.306   -0.0   -0.1    0.2
   -20.535   168.306   -0.0   -0.0    0.2
   -20.517   168.306   -0.0   -0.0    0.2
   -20.499   168.306   -0.0   -0.0    0.2
   -20.481   168.306   -0.0   -0.0    0.2
   -20.463   168.306    0.0   -0.0    0.2
   -20.445   168.306    0.0   -0.0    0.2
   -20.427   168.306    0.0   -0.0    0.2
   -20.409   168.306    0.0   -0.0    0.1
   -20.391   168.306    0.0   -0.0    0.1
   -20.373   168.306    0.0   -0.0    0.1
   -20.355   168.306    0.0   -0.0    0.1
   -20.338   168.306    0.0   -0.0    0.1
   -20.320   168.306    0.0   -0.0    0.1
   -20.302   168.306    0.0   -0.0    0.1
   -20.284   168.306    0.0   -0.0    0.1
   -20.266   168.306    0.0   -0.0    0.1
   -20.248   168.306    0.0   -0.0    0.1
   -20.230   168.306    0.0   -0.0    0.1
   -20.212   168.306    0.0   -0.0    0.1
   -20.194   168.306    0.0   -0.0    0.1
   -20.176   168.306    0.0   -0.0    0.1
   -20.158   168.306    0.0   -0.0    0.1
   -20.140   168.306    0.0   -0.0    0.1
   -21.935   168.326   -0.3   -0.3    0.1
   -21.917   168.326   -0.3   -0.3    0.1
   -21.899   168.326   -0.3   -0.3    0.1
   -21.881   168.326   -0.4   -0.3    0.1
   -21.863   168.326   -0.4   -0.3    0.1
   -21.845   168.326   -0.4   -0.3    0.1
   -21.827   168.326   -0.4   -0.3    0.1
   -21.809   168.326   -0.5   -0.4    0.1
   -21.791   168.326   -0.5   -0.4    0.1
   -21.773   168.326   -0.5   -0.4    0.1
   -21.755   168.326   -0.6   -0.4    0.1
   -21.737   168.326   -0.6   -0.5    0.1
   -21.719   168.326   -0.6   -0.5    0.1
   -21.701   168.326   -0.7   -0.5    0.1
   -21.683   168.326   -0.7   -0.5    0.1
   -21.665   168.326   -0.8   -0.6    0.1
   -21.647   168.326   -0.9   -0.6    0.1
   -21.630   168.326   -0.9   -0.6    0.1
   -21.612   168.326   -1.0   -0.7    0.1
   -21.594   168.326   -1.1   -0.7    0.1
   -21.576   168.326   -1.1   -0.7    0.1
   -21.558   168.326   -1.2   -0.8    0.1
   -21.540   168.326   -1.3   -0.8    0.1
   -21.522   168.326   -1.4   -0.9    0.1
   -21.504   168.326   -1.6   -0.9    0.0
   -21.486   168.326   -1.7   -1.0    0.0
   -21.468   168.326   -1.8   -1.0    0.0
   -21.450   168.326   -2.0   -1.1    0.0
   -21.432   168.326   -2.1   -1.1    0.0
   -21.414   168.326   -2.3   -1.2    0.0
   -21.396   168.326   -2.5   -1.2    0.0
   -21.378   168.326   -2.6   -1.2   -0.0
   -21.360   168.326   -2.8   -1.2   -0.0
   -21.342   168.326   -3.0   -1.3   -0.0
   -21.324   168.326   -3.2   -1.3   -0.0
   -21.307   168.326   -3.3   -1.3   -0.0
   -21.289   168.326   -3.5   -1.3   -0.0
   -21.271   168.326   -3.6   -1.3   -0.0
   -21.253   168.326   -3.7   -1.3    0.0
   -21.235   168.326   -3.9   -1.2    0.0
   -21.217   168.326   -4.0   -1.2    0.0
   -21.199   168.326   -4.0   -1.2    0.0
   -21.181   168.326   -4.1   -1.1    0.0
   -21.163   168.326   -4.1   -1.0    0.1
   -21.145   168.326   -4.1   -1.0    0.1
   -21.127   168.326   -4.0   -0.9    0.1
   -21.109   168.326   -3.9   -0.8    0.2
   -21.091   168.326   -3.8   -0.7    0.2
   -21.073   168.326   -3.6   -0.6    0.2
   -21.055   168.326   -3.4   -0.5    0.3
   -21.037   168.326   -3.1   -0.4    0.3
   -21.019   168.326   -2.8   -0.3    0.3
   -21.001   168.326   -2.6   -0.3    0.3
   -20.984   168.326   -2.3   -0.2    0.4
   -20.966   168.326   -2.0   -0.1    0.4
   -20.948   168.326   -1.7   -0.1    0.4
   -20.930   168.326   -1.4   -0.1    0.4
   -20.912   168.326   -1.2   -0.1    0.4
   -20.894   168.326   -0.9   -0.1    0.4
   -20.876   168.326   -0.7   -0.1    0.4
   -20.858   168.326   -0.6   -0.1    0.4
   -20.840   168.326   -0.5   -0.1    0.4
   -20.822   168.326   -0.4   -0.1    0.4
   -20.804   168.326   -0.3   -0.1    0.4
   -20.786   168.326   -0.2   -0.1    0.4
   -20.768   168.326   -0.2   -0.1    0.4
   -20.750   168.326   -0.1   -0.1    0.3
   -20.732   168.326   -0.1   -0.1    0.3
   -20.714   168.326   -0.1   -0.1    0.3
   -20.696   168.326   -0.1   -0.1    0.3
   -20.678   168.326   -0.1   -0.1    0.3
   -20.661   168.326   -0.0   -0.1    0.3
   -20.643   168.326   -0.0   -0.1    0.3
   -20.625   168.326   -0.0   -0.1    0.2
   -20.607   168.326   -0.0   -0.1    0.2
   -20.589   168.326   -0.0   -0.1    0.2
   -20.571   168.326   -0.0   -0.1    0.2
   -20.553   168.326   -0.0   -0.1    0.2
   -20.535   168.326   -0.0   -0.0    0.2
   -20.517   168.326    0.0   -0.0    0.2
   -20.499   168.326    0.0   -0.0    0.2
   -20.481   168.326    0.0   -0.0    0.2
   -20.463   168.326    0.0   -0.0    0.2
   -20.445   168.326    0.0   -0.0    0.2
   -20.427   168.326    0.0   -0.0    0.2
   -20.409   168.326    0.0   -0.0    0.1
   -20.391   168.326    0.0   -0.0    0.1
   -20.373   168.326    0.0   -0.0    0.1
   -20.355   168.326    0.0   -0.0    0.1
   -20.338   168.326    0.0   -0.0    0.1
   -20.320   168.326    0.0   -0.0    0.1
   -20.302   168.326    0.0   -0.0    0.1
   -20.284   168.326    0.0   -0.0    0.1
   -20.266   168.326    0.0   -0.0    0.1
   -20.248   168.326    0.0   -0.0    0.1
   -20.230   168.326    0.0   -0.0    0.1
   -20.212   168.326    0.0   -0.0    0.1
   -20.194   168.326    0.0   -0.0    0.1
   -20.176   168.326    0.0   -0.0    0.1
   -20.158   168.326    0.0    0.0    0.1
   -20.140   168.326    0.0    0.0    0.1
   -21.935   168.345   -0.3   -0.2    0.1
   -21.917   168.345   -0.3   -0.3    0.1
   -21.899   168.345   -0.3   -0.3    0.1
   -21.881   168.345   -0.4   -0.3    0.1
   -21.863   168.345   -0.4   -0.3    0.1
   -21.845   168.345   -0.4   -0.3    0.1
   -21.827   168.345   -0.4   -0.3    0.1
   -21.809   168.345   -0.5   -0.4    0.1
   -21.791   168.345   -0.5   -0.4    0.1
   -21.773   168.345   -0.5   -0.4    0.1
   -21.755   168.345   -0.6   -0.4    0.1
   -21.737   168.345   -0.6   -0.4    0.1
   -21.719   168.345   -0.6   -0.5    0.1
   -21.701   168.345   -0.7   -0.5    0.1
   -21.683   168.345   -0.7   -0.5    0.1
   -21.665   168.345   -0.8   -0.6    0.1
   -21.647   168.345   -0.8   -0.6    0.1
   -21.630   168.345   -0.9   -0.6    0.1
   -21.612   168.345   -1.0   -0.7    0.1
   -21.594   168.345   -1.1   -0.7    0.1
   -21.576   168.345   -1.1   -0.8    0.1
   -21.558   168.345   -1.2   -0.8    0.1
   -21.540   168.345   -1.3   -0.9    0.1
   -21.522   168.345   -1.5   -0.9    0.1
   -21.504   168.345   -1.6   -1.0    0.1
   -21.486   168.345   -1.7   -1.0    0.1
   -21.468   168.345   -1.9   -1.1    0.1
   -21.450   168.345   -2.0   -1.1    0.0
   -21.432   168.345   -2.2   -1.2    0.0
   -21.414   168.345   -2.4   -1.2    0.0
   -21.396   168.345   -2.6   -1.3    0.0
   -21.378   168.345   -2.8   -1.3    0.0
   -21.360   168.345   -3.0   -1.3    0.0
   -21.342   168.345   -3.2   -1.4    0.0
   -21.324   168.345   -3.3   -1.4    0.0
   -21.307   168.345   -3.5   -1.4    0.0
   -21.289   168.345   -3.7   -1.4    0.0
   -21.271   168.345   -3.9   -1.4    0.0
   -21.253   168.345   -4.0   -1.4    0.0
   -21.235   168.345   -4.2   -1.4    0.0
   -21.217   168.345   -4.3   -1.4    0.1
   -21.199   168.345   -4.4   -1.3    0.1
   -21.181   168.345   -4.5   -1.3    0.1
   -21.163   168.345   -4.5   -1.2    0.1
   -21.145   168.345   -4.5   -1.1    0.1
   -21.127   168.345   -4.5   -1.0    0.2
   -21.109   168.345   -4.4   -0.9    0.2
   -21.091   168.345   -4.2   -0.8    0.2
   -21.073   168.345   -4.0   -0.7    0.3
   -21.055   168.345   -3.7   -0.6    0.3
   -21.037   168.345   -3.4   -0.5    0.4
   -21.019   168.345   -3.1   -0.4    0.4
   -21.001   168.345   -2.8   -0.3    0.4
   -20.984   168.345   -2.5   -0.3    0.5
   -20.966   168.345   -2.1   -0.2    0.5
   -20.948   168.345   -1.8   -0.2    0.5
   -20.930   168.345   -1.5   -0.1    0.5
   -20.912   168.345   -1.2   -0.1    0.5
   -20.894   168.345   -0.9   -0.1    0.5
   -20.876   168.345   -0.7   -0.1    0.5
   -20.858   168.345   -0.5   -0.1    0.5
   -20.840   168.345   -0.4   -0.1    0.5
   -20.822   168.345   -0.3   -0.1    0.4
   -20.804   168.345   -0.2   -0.2    0.4
   -20.786   168.345   -0.2   -0.2    0.4
   -20.768   168.345   -0.1   -0.1    0.4
   -20.750   168.345   -0.1   -0.1    0.4
   -20.732   168.345   -0.1   -0.1    0.3
   -20.714   168.345   -0.1   -0.1    0.3
   -20.696   168.345   -0.0   -0.1    0.3
   -20.678   168.345   -0.0   -0.1    0.3
   -20.661   168.345   -0.0   -0.1    0.3
   -20.643   168.345   -0.0   -0.1    0.3
   -20.625   168.345   -0.0   -0.1    0.3
   -20.607   168.345   -0.0   -0.1    0.2
   -20.589   168.345    0.0   -0.1    0.2
   -20.571   168.345    0.0   -0.1    0.2
   -20.553   168.345    0.0   -0.1    0.2
   -20.535   168.345    0.0   -0.0    0.2
   -20.517   168.345    0.0   -0.0    0.2
   -20.499   168.345    0.0   -0.0    0.2
   -20.481   168.345    0.0   -0.0    0.2
   -20.463   168.345    0.0   -0.0    0.2
   -20.445   168.345    0.0   -0.0    0.2
   -20.427   168.345    0.0   -0.0    0.2
   -20.409   168.345    0.0   -0.0    0.1
   -20.391   168.345    0.0   -0.0    0.1
   -20.373   168.345    0.0   -0.0    0.1
   -20.355   168.345    0.0   -0.0    0.1
   -20.338   168.345    0.0   -0.0    0.1
   -20.320   168.345    0.0   -0.0    0.1
   -20.302   168.345    0.0   -0.0    0.1
   -20.284   168.345    0.0   -0.0    0.1
   -20.266   168.345    0.0   -0.0    0.1
   -20.248   168.345    0.0   -0.0    0.1
   -20.230   168.345    0.0   -0.0    0.1
   -20.212   168.345    0.0    0.0    0.1
   -20.194   168.345    0.0    0.0    0.1
   -20.176   168.345    0.0    0.0    0.1
   -20.158   168.345    0.0    0.0    0.1
   -20.140   168.345    0.0    0.0    0.1
   -21.935   168.364   -0.3   -0.2    0.1
   -21.917   168.364   -0.3   -0.3    0.1
   -21.899   168.364   -0.3   -0.3    0.1
   -21.881   168.364   -0.3   -0.3    0.1
   -21.863   168.364   -0.4   -0.3    0.1
   -21.845   168.364   -0.4   -0.3    0.1
   -21.827   168.364   -0.4   -0.3    0.1
   -21.809   168.364   -0.4   -0.4    0.1
   -21.791   168.364   -0.5   -0.4    0.1
   -21.773   168.364   -0.5   -0.4    0.1
   -21.755   168.364   -0.5   -0.4    0.1
   -21.737   168.364   -0.6   -0.4    0.1
   -21.719   168.364   -0.6   -0.5    0.1
   -21.701   168.364   -0.7   -0.5    0.1
   -21.683   168.364   -0.7   -0.5    0.1
   -21.665   168.364   -0.8   -0.6    0.1
   -21.647   168.364   -0.8   -0.6    0.1
   -21.630   168.364   -0.9   -0.6    0.1
   -21.612   168.364   -1.0   -0.7    0.1
   -21.594   168.364   -1.0   -0.7    0.1
   -21.576   168.364   -1.1   -0.8    0.1
   -21.558   168.364   -1.2   -0.8    0.1
   -21.540   168.364   -1.3   -0.9    0.1
   -21.522   168.364   -1.5   -0.9    0.1
   -21.504   168.364   -1.6   -1.0    0.1
   -21.486   168.364   -1.8   -1.0    0.1
   -21.468   168.364   -1.9   -1.1    0.1
   -21.450   168.364   -2.1   -1.2    0.1
   -21.432   168.364   -2.3   -1.2    0.1
   -21.414   168.364   -2.5   -1.3    0.1
   -21.396   168.364   -2.7   -1.3    0.1
   -21.378   168.364   -2.9   -1.4    0.1
   -21.360   168.364   -3.1   -1.4    0.1
   -21.342   168.364   -3.3   -1.4    0.1
   -21.324   168.364   -3.6   -1.5    0.1
   -21.307   168.364   -3.8   -1.5    0.1
   -21.289   168.364   -4.0   -1.5    0.1
   -21.271   168.364   -4.1   -1.5    0.1
   -21.253   168.364   -4.3   -1.5    0.1
   -21.235   168.364   -4.5   -1.5    0.1
   -21.217   168.364   -4.7   -1.5    0.1
   -21.199   168.364   -4.8   -1.5    0.1
   -21.181   168.364   -4.9   -1.5    0.1
   -21.163   168.364   -5.0   -1.4    0.2
   -21.145   168.364   -5.0   -1.3    0.2
   -21.127   168.364   -4.9   -1.2    0.2
   -21.109   168.364   -4.8   -1.1    0.3
   -21.091   168.364   -4.7   -1.0    0.3
   -21.073   168.364   -4.4   -0.8    0.4
   -21.055   168.364   -4.1   -0.7    0.4
   -21.037   168.364   -3.7   -0.6    0.5
   -21.019   168.364   -3.4   -0.5    0.5
   -21.001   168.364   -3.0   -0.5    0.5
   -20.984   168.364   -2.7   -0.4    0.5
   -20.966   168.364   -2.3   -0.3    0.6
   -20.948   168.364   -2.0   -0.2    0.6
   -20.930   168.364   -1.6   -0.2    0.6
   -20.912   168.364   -1.2   -0.1    0.6
   -20.894   168.364   -0.8   -0.1    0.6
   -20.876   168.364   -0.6   -0.2    0.5
   -20.858   168.364   -0.4   -0.2    0.5
   -20.840   168.364   -0.3   -0.2    0.5
   -20.822   168.364   -0.2   -0.2    0.5
   -20.804   168.364   -0.2   -0.2    0.4
   -20.786   168.364   -0.1   -0.2    0.4
   -20.768   168.364   -0.1   -0.2    0.4
   -20.750   168.364   -0.1   -0.2    0.4
   -20.732   168.364   -0.0   -0.2    0.4
   -20.714   168.364   -0.0   -0.1    0.3
   -20.696   168.364   -0.0   -0.1    0.3
   -20.678   168.364   -0.0   -0.1    0.3
   -20.661   168.364   -0.0   -0.1    0.3
   -20.643   168.364    0.0   -0.1    0.3
   -20.625   168.364    0.0   -0.1    0.3
   -20.607   168.364    0.0   -0.1    0.2
   -20.589   168.364    0.0   -0.1    0.2
   -20.571   168.364    0.0   -0.1    0.2
   -20.553   168.364    0.0   -0.1    0.2
   -20.535   168.364    0.0   -0.0    0.2
   -20.517   168.364    0.0   -0.0    0.2
   -20.499   168.364    0.0   -0.0    0.2
   -20.481   168.364    0.0   -0.0    0.2
   -20.463   168.364    0.0   -0.0    0.2
   -20.445   168.364    0.0   -0.0    0.2
   -20.427   168.364    0.0   -0.0    0.2
   -20.409   168.364    0.0   -0.0    0.2
   -20.391   168.364    0.0   -0.0    0.1
   -20.373   168.364    0.0   -0.0    0.1
   -20.355   168.364    0.0   -0.0    0.1
   -20.338   168.364    0.0   -0.0    0.1
   -20.320   168.364    0.0   -0.0    0.1
   -20.302   168.364    0.0   -0.0    0.1
   -20.284   168.364    0.0   -0.0    0.1
   -20.266   168.364    0.0    0.0    0.1
   -20.248   168.364    0.0    0.0    0.1
   -20.230   168.364    0.0    0.0    0.1
   -20.212   168.364    0.0    0.0    0.1
   -20.194   168.364    0.0    0.0    0.1
   -20.176   168.364    0.0    0.0    0.1
   -20.158   168.364    0.0    0.0    0.1
   -20.140   168.364    0.0    0.0    0.1
   -21.935   168.383   -0.3   -0.2    0.1
   -21.917   168.383   -0.3   -0.2    0.1
   -21.899   168.383   -0.3   -0.3    0.1
   -21.881   168.383   -0.3   -0.3    0.1
   -21.863   168.383   -0.4   -0.3    0.1
   -21.845   168.383   -0.4   -0.3    0.1
   -21.827   168.383   -0.4   -0.3    0.1
   -21.809   168.383   -0.4   -0.3    0.1
   -21.791   168.383   -0.5   -0.4    0.1
   -21.773   168.383   -0.5   -0.4    0.1
   -21.755   168.383   -0.5   -0.4    0.1
   -21.737   168.383   -0.6   -0.4    0.1
   -21.719   168.383   -0.6   -0.5    0.1
   -21.701   168.383   -0.7   -0.5    0.1
   -21.683   168.383   -0.7   -0.5    0.1
   -21.665   168.383   -0.8   -0.5    0.1
   -21.647   168.383   -0.8   -0.6    0.1
   -21.630   168.383   -0.9   -0.6    0.1
   -21.612   168.383   -1.0   -0.7    0.1
   -21.594   168.383   -1.0   -0.7    0.1
   -21.576   168.383   -1.1   -0.8    0.1
   -21.558   168.383   -1.2   -0.8    0.1
   -21.540   168.383   -1.3   -0.9    0.1
   -21.522   168.383   -1.5   -0.9    0.1
   -21.504   168.383   -1.6   -1.0    0.1
   -21.486   168.383   -1.8   -1.1    0.1
   -21.468   168.383   -2.0   -1.1    0.1
   -21.450   168.383   -2.2   -1.2    0.1
   -21.432   168.383   -2.4   -1.3    0.1
   -21.414   168.383   -2.6   -1.3    0.1
   -21.396   168.383   -2.8   -1.4    0.1
   -21.378   168.383   -3.1   -1.4    0.1
   -21.360   168.383   -3.3   -1.5    0.1
   -21.342   168.383   -3.5   -1.5    0.1
   -21.324   168.383   -3.8   -1.6    0.1
   -21.307   168.383   -4.0   -1.6    0.1
   -21.289   168.383   -4.2   -1.6    0.1
   -21.271   168.383   -4.4   -1.7    0.1
   -21.253   168.383   -4.7   -1.7    0.1
   -21.235   168.383   -4.9   -1.7    0.2
   -21.217   168.383   -5.1   -1.7    0.2
   -21.199   168.383   -5.2   -1.7    0.2
   -21.181   168.383   -5.4   -1.7    0.2
   -21.163   168.383   -5.5   -1.6    0.3
   -21.145   168.383   -5.5   -1.5    0.3
   -21.127   168.383   -5.5   -1.4    0.3
   -21.109   168.383   -5.4   -1.3    0.4
   -21.091   168.383   -5.2   -1.2    0.4
   -21.073   168.383   -4.9   -1.0    0.5
   -21.055   168.383   -4.5   -0.9    0.5
   -21.037   168.383   -4.1   -0.8    0.6
   -21.019   168.383   -3.7   -0.7    0.6
   -21.001   168.383   -3.3   -0.7    0.7
   -20.984   168.383   -3.0   -0.6    0.7
   -20.966   168.383   -2.6   -0.5    0.7
   -20.948   168.383   -2.2   -0.3    0.7
   -20.930   168.383   -1.6   -0.2    0.7
   -20.912   168.383   -1.1   -0.2    0.7
   -20.894   168.383   -0.7   -0.2    0.6
   -20.876   168.383   -0.4   -0.3    0.6
   -20.858   168.383   -0.3   -0.3    0.6
   -20.840   168.383   -0.2   -0.3    0.5
   -20.822   168.383   -0.1   -0.3    0.5
   -20.804   168.383   -0.1   -0.2    0.5
   -20.786   168.383   -0.0   -0.2    0.4
   -20.768   168.383   -0.0   -0.2    0.4
   -20.750   168.383   -0.0   -0.2    0.4
   -20.732   168.383   -0.0   -0.2    0.4
   -20.714   168.383    0.0   -0.2    0.3
   -20.696   168.383    0.0   -0.1    0.3
   -20.678   168.383    0.0   -0.1    0.3
   -20.661   168.383    0.0   -0.1    0.3
   -20.643   168.383    0.0   -0.1    0.3
   -20.625   168.383    0.0   -0.1    0.3
   -20.607   168.383    0.0   -0.1    0.3
   -20.589   168.383    0.0   -0.1    0.2
   -20.571   168.383    0.0   -0.1    0.2
   -20.553   168.383    0.0   -0.0    0.2
   -20.535   168.383    0.0   -0.0    0.2
   -20.517   168.383    0.0   -0.0    0.2
   -20.499   168.383    0.0   -0.0    0.2
   -20.481   168.383    0.0   -0.0    0.2
   -20.463   168.383    0.0   -0.0    0.2
   -20.445   168.383    0.0   -0.0    0.2
   -20.427   168.383    0.0   -0.0    0.2
   -20.409   168.383    0.0   -0.0    0.2
   -20.391   168.383    0.0   -0.0    0.1
   -20.373   168.383    0.0   -0.0    0.1
   -20.355   168.383    0.0   -0.0    0.1
   -20.338   168.383    0.0   -0.0    0.1
   -20.320   168.383    0.0    0.0    0.1
   -20.302   168.383    0.0    0.0    0.1
   -20.284   168.383    0.0    0.0    0.1
   -20.266   168.383    0.0    0.0    0.1
   -20.248   168.383    0.0    0.0    0.1
   -20.230   168.383    0.0    0.0    0.1
   -20.212   168.383    0.0    0.0    0.1
   -20.194   168.383    0.0    0.0    0.1
   -20.176   168.383    0.0    0.0    0.1
   -20.158   168.383    0.0    0.0    0.1
   -20.140   168.383    0.0    0.0    0.1
   -21.935   168.403   -0.3   -0.2    0.1
   -21.917   168.403   -0.3   -0.2    0.1
   -21.899   168.403   -0.3   -0.3    0.1
   -21.881   168.403   -0.3   -0.3    0.1
   -21.863   168.403   -0.3   -0.3    0.1
   -21.845   168.403   -0.4   -0.3    0.1
   -21.827   168.403   -0.4   -0.3    0.1
   -21.809   168.403   -0.4   -0.3    0.1
   -21.791   168.403   -0.5   -0.3    0.1
   -21.773   168.403   -0.5   -0.4    0.1
   -21.755   168.403   -0.5   -0.4    0.1
   -21.737   168.403   -0.6   -0.4    0.1
   -21.719   168.403   -0.6   -0.4    0.1
   -21.701   168.403   -0.6   -0.5    0.1
   -21.683   168.403   -0.7   -0.5    0.1
   -21.665   168.403   -0.7   -0.5    0.1
   -21.647   168.403   -0.8   -0.6    0.1
   -21.630   168.403   -0.9   -0.6    0.1
   -21.612   168.403   -0.9   -0.6    0.2
   -21.594   168.403   -1.0   -0.7    0.2
   -21.576   168.403   -1.1   -0.7    0.2
   -21.558   168.403   -1.2   -0.8    0.2
   -21.540   168.403   -1.3   -0.9    0.2
   -21.522   168.403   -1.5   -0.9    0.2
   -21.504   168.403   -1.6   -1.0    0.2
   -21.486   168.403   -1.8   -1.1    0.2
   -21.468   168.403   -2.0   -1.2    0.1
   -21.450   168.403   -2.2   -1.2    0.1
   -21.432   168.403   -2.4   -1.3    0.1
   -21.414   168.403   -2.7   -1.4    0.1
   -21.396   168.403   -2.9   -1.5    0.1
   -21.378   168.403   -3.2   -1.5    0.1
   -21.360   168.403   -3.5   -1.6    0.1
   -21.342   168.403   -3.7   -1.6    0.1
   -21.324   168.403   -4.0   -1.7    0.1
   -21.307   168.403   -4.3   -1.7    0.2
   -21.289   168.403   -4.5   -1.8    0.2
   -21.271   168.403   -4.8   -1.8    0.2
   -21.253   168.403   -5.0   -1.9    0.2
   -21.235   168.403   -5.2   -1.9    0.2
   -21.217   168.403   -5.5   -1.9    0.3
   -21.199   168.403   -5.7   -1.9    0.3
   -21.181   168.403   -5.9   -1.9    0.3
   -21.163   168.403   -6.1   -1.9    0.4
   -21.145   168.403   -6.2   -1.8    0.4
   -21.127   168.403   -6.2   -1.7    0.5
   -21.109   168.403   -6.1   -1.6    0.5
   -21.091   168.403   -5.9   -1.5    0.6
   -21.073   168.403   -5.5   -1.3    0.6
   -21.055   168.403   -5.1   -1.2    0.7
   -21.037   168.403   -4.6   -1.1    0.8
   -21.019   168.403   -4.1   -1.0    0.8
   -21.001   168.403   -3.6   -1.0    0.8
   -20.984   168.403   -3.3   -0.9    0.9
   -20.966   168.403   -3.0   -0.8    0.8
   -20.948   168.403   -2.6   -0.5    0.8
   -20.930   168.403   -1.8   -0.3    0.8
   -20.912   168.403   -0.9   -0.3    0.8
   -20.894   168.403   -0.4   -0.4    0.7
   -20.876   168.403   -0.2   -0.4    0.6
   -20.858   168.403   -0.1   -0.4    0.6
   -20.840   168.403   -0.0   -0.4    0.5
   -20.822   168.403   -0.0   -0.3    0.5
   -20.804   168.403    0.0   -0.3    0.5
   -20.786   168.403    0.0   -0.3    0.4
   -20.768   168.403    0.0   -0.2    0.4
   -20.750   168.403    0.0   -0.2    0.4
   -20.732   168.403    0.0   -0.2    0.4
   -20.714   168.403    0.0   -0.2    0.4
   -20.696   168.403    0.0   -0.1    0.3
   -20.678   168.403    0.0   -0.1    0.3
   -20.661   168.403    0.0   -0.1    0.3
   -20.643   168.403    0.0   -0.1    0.3
   -20.625   168.403    0.0   -0.1    0.3
   -20.607   168.403    0.0   -0.1    0.3
   -20.589   168.403    0.0   -0.1    0.2
   -20.571   168.403    0.0   -0.0    0.2
   -20.553   168.403    0.0   -0.0    0.2
   -20.535   168.403    0.0   -0.0    0.2
   -20.517   168.403    0.0   -0.0    0.2
   -20.499   168.403    0.0   -0.0    0.2
   -20.481   168.403    0.0   -0.0    0.2
   -20.463   168.403    0.0   -0.0    0.2
   -20.445   168.403    0.0   -0.0    0.2
   -20.427   168.403    0.0   -0.0    0.2
   -20.409   168.403    0.0   -0.0    0.2
   -20.391   168.403    0.0   -0.0    0.1
   -20.373   168.403    0.0    0.0    0.1
   -20.355   168.403    0.0    0.0    0.1
   -20.338   168.403    0.0    0.0    0.1
   -20.320   168.403    0.0    0.0    0.1
   -20.302   168.403    0.0    0.0    0.1
   -20.284   168.403    0.0    0.0    0.1
   -20.266   168.403    0.0    0.0    0.1
   -20.248   168.403    0.0    0.0    0.1
   -20.230   168.403    0.0    0.0    0.1
   -20.212   168.403    0.0    0.0    0.1
   -20.194   168.403    0.0    0.0    0.1
   -20.176   168.403    0.0    0.0    0.1
   -20.158   168.403    0.0    0.0    0.1
   -20.140   168.403    0.0    0.0    0.1
   -21.935   168.422   -0.3   -0.2    0.1
   -21.917   168.422   -0.3   -0.2    0.1
   -21.899   168.422   -0.3   -0.2    0.1
   -21.881   168.422   -0.3   -0.3    0.1
   -21.863   168.422   -0.3   -0.3    0.1
   -21.845   168.422   -0.4   -0.3    0.1
   -21.827   168.422   -0.4   -0.3    0.1
   -21.809   168.422   -0.4   -0.3    0.1
   -21.791   168.422   -0.4   -0.3    0.1
   -21.773   168.422   -0.5   -0.4    0.1
   -21.755   168.422   -0.5   -0.4    0.1
   -21.737   168.422   -0.5   -0.4    0.1
   -21.719   168.422   -0.6   -0.4    0.1
   -21.701   168.422   -0.6   -0.4    0.1
   -21.683   168.422   -0.7   -0.5    0.2
   -21.665   168.422   -0.7   -0.5    0.2
   -21.647   168.422   -0.8   -0.5    0.2
   -21.630   168.422   -0.8   -0.6    0.2
   -21.612   168.422   -0.9   -0.6    0.2
   -21.594   168.422   -1.0   -0.7    0.2
   -21.576   168.422   -1.1   -0.7    0.2
   -21.558   168.422   -1.2   -0.8    0.2
   -21.540   168.422   -1.3   -0.8    0.2
   -21.522   168.422   -1.4   -0.9    0.2
   -21.504   168.422   -1.6   -1.0    0.2
   -21.486   168.422   -1.8   -1.1    0.2
   -21.468   168.422   -2.0   -1.2    0.2
   -21.450   168.422   -2.2   -1.3    0.2
   -21.432   168.422   -2.5   -1.4    0.2
   -21.414   168.422   -2.8   -1.4    0.2
   -21.396   168.422   -3.1   -1.5    0.2
   -21.378   168.422   -3.4   -1.6    0.2
   -21.360   168.422   -3.7   -1.6    0.2
   -21.342   168.422   -4.0   -1.7    0.2
   -21.324   168.422   -4.3   -1.7    0.2
   -21.307   168.422   -4.5   -1.8    0.2
   -21.289   168.422   -4.8   -1.9    0.3
   -21.271   168.422   -5.1   -1.9    0.3
   -21.253   168.422   -5.4   -2.0    0.3
   -21.235   168.422   -5.6   -2.1    0.3
   -21.217   168.422   -5.9   -2.2    0.4
   -21.199   168.422   -6.2   -2.2    0.4
   -21.181   168.422   -6.5   -2.2    0.4
   -21.163   168.422   -6.7   -2.2    0.5
   -21.145   168.422   -6.9   -2.2    0.5
   -21.127   168.422   -6.9   -2.1    0.6
   -21.109   168.422   -6.8   -2.0    0.7
   -21.091   168.422   -6.6   -1.9    0.8
   -21.073   168.422   -6.3   -1.7    0.8
   -21.055   168.422   -5.7   -1.6    0.9
   -21.037   168.422   -5.1   -1.5    1.0
   -21.019   168.422   -4.5   -1.5    1.1
   -21.001   168.422   -4.0   -1.4    1.1
   -20.984   168.422   -3.7   -1.3    1.2
   -20.966   168.422   -3.6   -1.2    1.1
   -20.948   168.422   -3.4   -1.0    1.0
   -20.930   168.422   -1.8   -0.5    0.9
   -20.912   168.422   -0.3   -0.7    0.8
   -20.894   168.422   -0.0   -0.7    0.7
   -20.876   168.422    0.1   -0.6    0.6
   -20.858   168.422    0.1   -0.5    0.6
   -20.840   168.422    0.1   -0.5    0.5
   -20.822   168.422    0.1   -0.4    0.5
   -20.804   168.422    0.1   -0.4    0.5
   -20.786   168.422    0.1   -0.3    0.4
   -20.768   168.422    0.1   -0.3    0.4
   -20.750   168.422    0.1   -0.2    0.4
   -20.732   168.422    0.1   -0.2    0.4
   -20.714   168.422    0.1   -0.2    0.4
   -20.696   168.422    0.1   -0.1    0.3
   -20.678   168.422    0.1   -0.1    0.3
   -20.661   168.422    0.1   -0.1    0.3
   -20.643   168.422    0.1   -0.1    0.3
   -20.625   168.422    0.1   -0.1    0.3
   -20.607   168.422    0.1   -0.1    0.3
   -20.589   168.422    0.1   -0.0    0.2
   -20.571   168.422    0.0   -0.0    0.2
   -20.553   168.422    0.0   -0.0    0.2
   -20.535   168.422    0.0   -0.0    0.2
   -20.517   168.422    0.0   -0.0    0.2
   -20.499   168.422    0.0   -0.0    0.2
   -20.481   168.422    0.0   -0.0    0.2
   -20.463   168.422    0.0   -0.0    0.2
   -20.445   168.422    0.0   -0.0    0.2
   -20.427   168.422    0.0    0.0    0.2
   -20.409   168.422    0.0    0.0    0.2
   -20.391   168.422    0.0    0.0    0.1
   -20.373   168.422    0.0    0.0    0.1
   -20.355   168.422    0.0    0.0    0.1
   -20.338   168.422    0.0    0.0    0.1
   -20.320   168.422    0.0    0.0    0.1
   -20.302   168.422    0.0    0.0    0.1
   -20.284   168.422    0.0    0.0    0.1
   -20.266   168.422    0.0    0.0    0.1
   -20.248   168.422    0.0    0.0    0.1
   -20.230   168.422    0.0    0.0    0.1
   -20.212   168.422    0.0    0.0    0.1
   -20.194   168.422    0.0    0.0    0.1
   -20.176   168.422    0.0    0.0    0.1
   -20.158   168.422    0.0    0.0    0.1
   -20.140   168.422    0.0    0.0    0.1
   -21.935   168.441   -0.3   -0.2    0.1
   -21.917   168.441   -0.3   -0.2    0.1
   -21.899   168.441   -0.3   -0.2    0.1
   -21.881   168.441   -0.3   -0.2    0.1
   -21.863   168.441   -0.3   -0.3    0.1
   -21.845   168.441   -0.3   -0.3    0.1
   -21.827   168.441   -0.4   -0.3    0.1
   -21.809   168.441   -0.4   -0.3    0.1
   -21.791   168.441   -0.4   -0.3    0.1
   -21.773   168.441   -0.5   -0.3    0.1
   -21.755   168.441   -0.5   -0.4    0.1
   -21.737   168.441   -0.5   -0.4    0.1
   -21.719   168.441   -0.6   -0.4    0.2
   -21.701   168.441   -0.6   -0.4    0.2
   -21.683   168.441   -0.6   -0.5    0.2
   -21.665   168.441   -0.7   -0.5    0.2
   -21.647   168.441   -0.8   -0.5    0.2
   -21.630   168.441   -0.8   -0.6    0.2
   -21.612   168.441   -0.9   -0.6    0.2
   -21.594   168.441   -1.0   -0.6    0.2
   -21.576   168.441   -1.0   -0.7    0.2
   -21.558   168.441   -1.1   -0.8    0.2
   -21.540   168.441   -1.3   -0.8    0.2
   -21.522   168.441   -1.4   -0.9    0.2
   -21.504   168.441   -1.6   -1.0    0.2
   -21.486   168.441   -1.8   -1.1    0.2
   -21.468   168.441   -2.0   -1.2    0.2
   -21.450   168.441   -2.3   -1.3    0.2
   -21.432   168.441   -2.6   -1.4    0.2
   -21.414   168.441   -2.9   -1.5    0.2
   -21.396   168.441   -3.2   -1.6    0.2
   -21.378   168.441   -3.6   -1.6    0.2
   -21.360   168.441   -3.9   -1.7    0.2
   -21.342   168.441   -4.2   -1.7    0.3
   -21.324   168.441   -4.5   -1.8    0.3
   -21.307   168.441   -4.8   -1.9    0.3
   -21.289   168.441   -5.1   -2.0    0.3
   -21.271   168.441   -5.4   -2.1    0.4
   -21.253   168.441   -5.7   -2.2    0.4
   -21.235   168.441   -6.1   -2.3    0.5
   -21.217   168.441   -6.4   -2.4    0.5
   -21.199   168.441   -6.8   -2.5    0.5
   -21.181   168.441   -7.2   -2.6    0.6
   -21.163   168.441   -7.4   -2.6    0.7
   -21.145   168.441   -7.6   -2.6    0.7
   -21.127   168.441   -7.7   -2.6    0.8
   -21.109   168.441   -7.7   -2.6    0.9
   -21.091   168.441   -7.5   -2.5    1.0
   -21.073   168.441   -7.1   -2.4    1.1
   -21.055   168.441   -6.4   -2.2    1.2
   -21.037   168.441   -5.5   -2.2    1.3
   -21.019   168.441   -4.9   -2.3    1.4
   -21.001   168.441   -4.3   -2.1    1.6
   -20.984   168.441   -3.9   -1.8    1.7
   -20.966   168.441   -3.5   -1.5    1.6
   -20.948   168.441    5.5   -1.6   -7.8
   -20.930   168.441    4.0   -3.4   -4.4
   -20.912   168.441    1.0   -1.8    0.3
   -20.894   168.441    0.6   -1.1    0.5
   -20.876   168.441    0.4   -0.8    0.5
   -20.858   168.441    0.3   -0.7    0.5
   -20.840   168.441    0.3   -0.6    0.5
   -20.822   168.441    0.2   -0.5    0.5
   -20.804   168.441    0.2   -0.4    0.4
   -20.786   168.441    0.2   -0.4    0.4
   -20.768   168.441    0.1   -0.3    0.4
   -20.750   168.441    0.1   -0.2    0.4
   -20.732   168.441    0.1   -0.2    0.4
   -20.714   168.441    0.1   -0.2    0.4
   -20.696   168.441    0.1   -0.1    0.3
   -20.678   168.441    0.1   -0.1    0.3
   -20.661   168.441    0.1   -0.1    0.3
   -20.643   168.441    0.1   -0.1    0.3
   -20.625   168.441    0.1   -0.1    0.3
   -20.607   168.441    0.1   -0.0    0.3
   -20.589   168.441    0.1   -0.0    0.2
   -20.571   168.441    0.1   -0.0    0.2
   -20.553   168.441    0.1   -0.0    0.2
   -20.535   168.441    0.1   -0.0    0.2
   -20.517   168.441    0.1   -0.0    0.2
   -20.499   168.441    0.1   -0.0    0.2
   -20.481   168.441    0.1    0.0    0.2
   -20.463   168.441    0.0    0.0    0.2
   -20.445   168.441    0.0    0.0    0.2
   -20.427   168.441    0.0    0.0    0.2
   -20.409   168.441    0.0    0.0    0.2
   -20.391   168.441    0.0    0.0    0.1
   -20.373   168.441    0.0    0.0    0.1
   -20.355   168.441    0.0    0.0    0.1
   -20.338   168.441    0.0    0.0    0.1
   -20.320   168.441    0.0    0.0    0.1
   -20.302   168.441    0.0    0.0    0.1
   -20.284   168.441    0.0    0.0    0.1
   -20.266   168.441    0.0    0.0    0.1
   -20.248   168.441    0.0    0.0    0.1
   -20.230   168.441    0.0    0.0    0.1
   -20.212   168.441    0.0    0.0    0.1
   -20.194   168.441    0.0    0.0    0.1
   -20.176   168.441    0.0    0.0    0.1
   -20.158   168.441    0.0    0.0    0.1
   -20.140   168.441    0.0    0.0    0.1
   -21.935   168.460   -0.2   -0.2    0.1
   -21.917   168.460   -0.3   -0.2    0.1
   -21.899   168.460   -0.3   -0.2    0.1
   -21.881   168.460   -0.3   -0.2    0.1
   -21.863   168.460   -0.3   -0.2    0.1
   -21.845   168.460   -0.3   -0.3    0.1
   -21.827   168.460   -0.4   -0.3    0.1
   -21.809   168.460   -0.4   -0.3    0.1
   -21.791   168.460   -0.4   -0.3    0.1
   -21.773   168.460   -0.4   -0.3    0.1
   -21.755   168.460   -0.5   -0.3    0.2
   -21.737   168.460   -0.5   -0.4    0.2
   -21.719   168.460   -0.5   -0.4    0.2
   -21.701   168.460   -0.6   -0.4    0.2
   -21.683   168.460   -0.6   -0.4    0.2
   -21.665   168.460   -0.7   -0.5    0.2
   -21.647   168.460   -0.7   -0.5    0.2
   -21.630   168.460   -0.8   -0.5    0.2
   -21.612   168.460   -0.8   -0.6    0.2
   -21.594   168.460   -0.9   -0.6    0.2
   -21.576   168.460   -1.0   -0.7    0.2
   -21.558   168.460   -1.1   -0.7    0.3
   -21.540   168.460   -1.2   -0.8    0.3
   -21.522   168.460   -1.4   -0.9    0.3
   -21.504   168.460   -1.5   -1.0    0.3
   -21.486   168.460   -1.7   -1.1    0.3
   -21.468   168.460   -2.0   -1.2    0.3
   -21.450   168.460   -2.3   -1.3    0.3
   -21.432   168.460   -2.6   -1.4    0.3
   -21.414   168.460   -3.0   -1.5    0.3
   -21.396   168.460   -3.4   -1.6    0.3
   -21.378   168.460   -3.8   -1.7    0.3
   -21.360   168.460   -4.2   -1.7    0.3
   -21.342   168.460   -4.5   -1.8    0.3
   -21.324   168.460   -4.8   -1.8    0.4
   -21.307   168.460   -5.1   -1.9    0.4
   -21.289   168.460   -5.4   -2.0    0.5
   -21.271   168.460   -5.7   -2.1    0.5
   -21.253   168.460   -6.1   -2.3    0.6
   -21.235   168.460   -6.5   -2.4    0.6
   -21.217   168.460   -6.9   -2.6    0.7
   -21.199   168.460   -7.4   -2.8    0.7
   -21.181   168.460   -7.9   -2.9    0.8
   -21.163   168.460   -8.3   -3.0    0.9
   -21.145   168.460   -8.5   -3.1    1.0
   -21.127   168.460   -8.6   -3.2    1.2
   -21.109   168.460   -8.6   -3.2    1.3
   -21.091   168.460   -8.4   -3.3    1.4
   -21.073   168.460   -8.1   -3.4    1.5
   -21.055   168.460   -7.1   -3.2    1.6
   -21.037   168.460   -5.2   -3.4    1.8
   -21.019   168.460   -3.2   -3.0    1.7
   -21.001   168.460    6.2    4.4   -9.1
   -20.984   168.460    7.1    0.6   -5.9
   -20.966   168.460    6.4   -0.7   -6.2
   -20.948   168.460    5.8   -1.3   -5.7
   -20.930   168.460    3.9   -2.0   -4.0
   -20.912   168.460    1.8   -2.0   -0.9
   -20.894   168.460    1.1   -1.3    0.1
   -20.876   168.460    0.8   -1.0    0.3
   -20.858   168.460    0.6   -0.8    0.3
   -20.840   168.460    0.5   -0.7    0.4
   -20.822   168.460    0.4   -0.6    0.4
   -20.804   168.460    0.3   -0.5    0.4
   -20.786   168.460    0.2   -0.4    0.4
   -20.768   168.460    0.2   -0.3    0.4
   -20.750   168.460    0.2   -0.2    0.4
   -20.732   168.460    0.1   -0.2    0.4
   -20.714   168.460    0.1   -0.2    0.4
   -20.696   168.460    0.1   -0.1    0.3
   -20.678   168.460    0.1   -0.1    0.3
   -20.661   168.460    0.1   -0.1    0.3
   -20.643   168.460    0.1   -0.1    0.3
   -20.625   168.460    0.1   -0.0    0.3
   -20.607   168.460    0.1   -0.0    0.3
   -20.589   168.460    0.1   -0.0    0.3
   -20.571   168.460    0.1   -0.0    0.2
   -20.553   168.460    0.1   -0.0    0.2
   -20.535   168.460    0.1   -0.0    0.2
   -20.517   168.460    0.1    0.0    0.2
   -20.499   168.460    0.1    0.0    0.2
   -20.481   168.460    0.1    0.0    0.2
   -20.463   168.460    0.1    0.0    0.2
   -20.445   168.460    0.1    0.0    0.2
   -20.427   168.460    0.1    0.0    0.2
   -20.409   168.460    0.1    0.0    0.2
   -20.391   168.460    0.1    0.0    0.1
   -20.373   168.460    0.0    0.0    0.1
   -20.355   168.460    0.0    0.0    0.1
   -20.338   168.460    0.0    0.0    0.1
   -20.320   168.460    0.0    0.0    0.1
   -20.302   168.460    0.0    0.0    0.1
   -20.284   168.460    0.0    0.0    0.1
   -20.266   168.460    0.0    0.0    0.1
   -20.248   168.460    0.0    0.0    0.1
   -20.230   168.460    0.0    0.0    0.1
   -20.212   168.460    0.0    0.0    0.1
   -20.194   168.460    0.0    0.0    0.1
   -20.176   168.460    0.0    0.0    0.1
   -20.158   168.460    0.0    0.0    0.1
   -20.140   168.460    0.0    0.0    0.1
   -21.935   168.480   -0.2   -0.2    0.1
   -21.917   168.480   -0.2   -0.2    0.1
   -21.899   168.480   -0.3   -0.2    0.1
   -21.881   168.480   -0.3   -0.2    0.1
   -21.863   168.480   -0.3   -0.2    0.1
   -21.845   168.480   -0.3   -0.2    0.1
   -21.827   168.480   -0.3   -0.3    0.1
   -21.809   168.480   -0.4   -0.3    0.1
   -21.791   168.480   -0.4   -0.3    0.1
   -21.773   168.480   -0.4   -0.3    0.2
   -21.755   168.480   -0.4   -0.3    0.2
   -21.737   168.480   -0.5   -0.3    0.2
   -21.719   168.480   -0.5   -0.4    0.2
   -21.701   168.480   -0.6   -0.4    0.2
   -21.683   168.480   -0.6   -0.4    0.2
   -21.665   168.480   -0.6   -0.4    0.2
   -21.647   168.480   -0.7   -0.4    0.2
   -21.630   168.480   -0.7   -0.5    0.2
   -21.612   168.480   -0.8   -0.5    0.3
   -21.594   168.480   -0.9   -0.6    0.3
   -21.576   168.480   -0.9   -0.6    0.3
   -21.558   168.480   -1.0   -0.7    0.3
   -21.540   168.480   -1.1   -0.7    0.3
   -21.522   168.480   -1.3   -0.8    0.3
   -21.504   168.480   -1.4   -0.9    0.3
   -21.486   168.480   -1.7   -1.0    0.3
   -21.468   168.480   -1.9   -1.1    0.3
   -21.450   168.480   -2.3   -1.3    0.3
   -21.432   168.480   -2.6   -1.4    0.3
   -21.414   168.480   -3.1   -1.5    0.3
   -21.396   168.480   -3.6   -1.6    0.3
   -21.378   168.480   -4.0   -1.7    0.3
   -21.360   168.480   -4.5   -1.7    0.4
   -21.342   168.480   -4.8   -1.8    0.4
   -21.324   168.480   -5.2   -1.8    0.4
   -21.307   168.480   -5.5   -1.9    0.5
   -21.289   168.480   -5.8   -2.0    0.6
   -21.271   168.480   -6.0   -2.2    0.7
   -21.253   168.480   -6.4   -2.4    0.7
   -21.235   168.480   -6.9   -2.6    0.8
   -21.217   168.480   -7.4   -2.8    0.9
   -21.199   168.480   -8.1   -3.0    1.0
   -21.181   168.480   -8.7   -3.2    1.1
   -21.163   168.480   -9.1   -3.4    1.2
   -21.145   168.480   -9.4   -3.6    1.4
   -21.127   168.480   -9.4   -3.8    1.6
   -21.109   168.480   -9.0   -3.9    1.7
   -21.091   168.480   -8.2   -4.1    1.8
   -21.073   168.480    1.3   -0.9   -2.1
   -21.055   168.480   11.6    4.5  -16.4
   -21.037   168.480    8.0    3.6   -9.9
   -21.019   168.480    7.1    3.4   -8.5
   -21.001   168.480    6.8    2.2   -6.7
   -20.984   168.480    6.9    1.1   -3.7
   -20.966   168.480    5.5    0.3   -3.4
   -20.948   168.480    4.7   -0.4   -3.0
   -20.930   168.480    3.5   -0.7   -2.1
   -20.912   168.480    2.3   -1.0   -1.1
   -20.894   168.480    1.5   -1.1   -0.4
   -20.876   168.480    1.1   -1.0   -0.1
   -20.858   168.480    0.8   -0.9    0.1
   -20.840   168.480    0.6   -0.7    0.2
   -20.822   168.480    0.5   -0.6    0.3
   -20.804   168.480    0.4   -0.5    0.4
   -20.786   168.480    0.3   -0.4    0.4
   -20.768   168.480    0.2   -0.3    0.4
   -20.750   168.480    0.2   -0.2    0.4
   -20.732   168.480    0.2   -0.2    0.4
   -20.714   168.480    0.2   -0.1    0.4
   -20.696   168.480    0.1   -0.1    0.3
   -20.678   168.480    0.1   -0.1    0.3
   -20.661   168.480    0.1   -0.1    0.3
   -20.643   168.480    0.1   -0.0    0.3
   -20.625   168.480    0.1   -0.0    0.3
   -20.607   168.480    0.1   -0.0    0.3
   -20.589   168.480    0.1   -0.0    0.3
   -20.571   168.480    0.1    0.0    0.2
   -20.553   168.480    0.1    0.0    0.2
   -20.535   168.480    0.1    0.0    0.2
   -20.517   168.480    0.1    0.0    0.2
   -20.499   168.480    0.1    0.0    0.2
   -20.481   168.480    0.1    0.0    0.2
   -20.463   168.480    0.1    0.0    0.2
   -20.445   168.480    0.1    0.0    0.2
   -20.427   168.480    0.1    0.0    0.2
   -20.409   168.480    0.1    0.0    0.2
   -20.391   168.480    0.1    0.0    0.1
   -20.373   168.480    0.1    0.0    0.1
   -20.355   168.480    0.1    0.0    0.1
   -20.338   168.480    0.1    0.0    0.1
   -20.320   168.480    0.1    0.0    0.1
   -20.302   168.480    0.0    0.0    0.1
   -20.284   168.480    0.0    0.0    0.1
   -20.266   168.480    0.0    0.0    0.1
   -20.248   168.480    0.0    0.0    0.1
   -20.230   168.480    0.0    0.0    0.1
   -20.212   168.480    0.0    0.0    0.1
   -20.194   168.480    0.0    0.0    0.1
   -20.176   168.480    0.0    0.0    0.1
   -20.158   168.480    0.0    0.0    0.1
   -20.140   168.480    0.0    0.0    0.1
   -21.935   168.499   -0.2   -0.2    0.1
   -21.917   168.499   -0.2   -0.2    0.1
   -21.899   168.499   -0.2   -0.2    0.1
   -21.881   168.499   -0.3   -0.2    0.1
   -21.863   168.499   -0.3   -0.2    0.1
   -21.845   168.499   -0.3   -0.2    0.1
   -21.827   168.499   -0.3   -0.2    0.1
   -21.809   168.499   -0.3   -0.2    0.2
   -21.791   168.499   -0.4   -0.3    0.2
   -21.773   168.499   -0.4   -0.3    0.2
   -21.755   168.499   -0.4   -0.3    0.2
   -21.737   168.499   -0.5   -0.3    0.2
   -21.719   168.499   -0.5   -0.3    0.2
   -21.701   168.499   -0.5   -0.3    0.2
   -21.683   168.499   -0.6   -0.4    0.2
   -21.665   168.499   -0.6   -0.4    0.2
   -21.647   168.499   -0.7   -0.4    0.2
   -21.630   168.499   -0.7   -0.4    0.3
   -21.612   168.499   -0.8   -0.5    0.3
   -21.594   168.499   -0.8   -0.5    0.3
   -21.576   168.499   -0.9   -0.5    0.3
   -21.558   168.499   -1.0   -0.6    0.3
   -21.540   168.499   -1.1   -0.6    0.3
   -21.522   168.499   -1.2   -0.7    0.4
   -21.504   168.499   -1.4   -0.8    0.4
   -21.486   168.499   -1.6   -0.9    0.4
   -21.468   168.499   -1.8   -1.1    0.4
   -21.450   168.499   -2.2   -1.2    0.4
   -21.432   168.499   -2.7   -1.4    0.4
   -21.414   168.499   -3.2   -1.5    0.4
   -21.396   168.499   -3.8   -1.6    0.4
   -21.378   168.499   -4.4   -1.6    0.4
   -21.360   168.499   -4.9   -1.7    0.4
   -21.342   168.499   -5.3   -1.7    0.5
   -21.324   168.499   -5.6   -1.8    0.6
   -21.307   168.499   -5.9   -1.9    0.6
   -21.289   168.499   -6.1   -2.0    0.7
   -21.271   168.499   -6.3   -2.1    0.8
   -21.253   168.499   -6.6   -2.4    1.0
   -21.235   168.499   -7.2   -2.6    1.1
   -21.217   168.499   -8.0   -2.8    1.2
   -21.199   168.499   -8.7   -3.0    1.3
   -21.181   168.499   -9.3   -3.3    1.4
   -21.163   168.499   -9.7   -3.7    1.6
   -21.145   168.499   -8.8   -3.7    1.8
   -21.127   168.499    7.6    4.9  -21.3
   -21.109   168.499   12.9    6.6  -17.9
   -21.091   168.499   13.0    6.3  -17.2
   -21.073   168.499   12.9    5.2  -16.8
   -21.055   168.499   11.9    3.2  -15.1
   -21.037   168.499    9.1    1.1  -10.5
   -21.019   168.499    7.1    0.7   -6.6
   -21.001   168.499    6.5    0.5   -3.6
   -20.984   168.499    6.5    0.6   -1.4
   -20.966   168.499    5.8    0.9   -1.0
   -20.948   168.499    5.0    0.6   -1.3
   -20.930   168.499    4.0    0.2   -1.4
   -20.912   168.499    2.9   -0.4   -1.4
   -20.894   168.499    2.0   -0.8   -1.0
   -20.876   168.499    1.4   -1.0   -0.6
   -20.858   168.499    1.0   -0.9   -0.2
   -20.840   168.499    0.7   -0.8    0.0
   -20.822   168.499    0.5   -0.6    0.2
   -20.804   168.499    0.4   -0.5    0.3
   -20.786   168.499    0.3   -0.4    0.3
   -20.768   168.499    0.3   -0.3    0.4
   -20.750   168.499    0.2   -0.2    0.4
   -20.732   168.499    0.2   -0.1    0.4
   -20.714   168.499    0.2   -0.1    0.4
   -20.696   168.499    0.2   -0.1    0.3
   -20.678   168.499    0.1   -0.0    0.3
   -20.661   168.499    0.1   -0.0    0.3
   -20.643   168.499    0.1   -0.0    0.3
   -20.625   168.499    0.1    0.0    0.3
   -20.607   168.499    0.1    0.0    0.3
   -20.589   168.499    0.1    0.0    0.2
   -20.571   168.499    0.1    0.0    0.2
   -20.553   168.499    0.1    0.0    0.2
   -20.535   168.499    0.1    0.0    0.2
   -20.517   168.499    0.1    0.0    0.2
   -20.499   168.499    0.1    0.0    0.2
   -20.481   168.499    0.1    0.0    0.2
   -20.463   168.499    0.1    0.0    0.2
   -20.445   168.499    0.1    0.0    0.2
   -20.427   168.499    0.1    0.0    0.2
   -20.409   168.499    0.1    0.0    0.2
   -20.391   168.499    0.1    0.0    0.1
   -20.373   168.499    0.1    0.0    0.1
   -20.355   168.499    0.1    0.0    0.1
   -20.338   168.499    0.1    0.0    0.1
   -20.320   168.499    0.1    0.0    0.1
   -20.302   168.499    0.1    0.0    0.1
   -20.284   168.499    0.1    0.0    0.1
   -20.266   168.499    0.1    0.0    0.1
   -20.248   168.499    0.0    0.0    0.1
   -20.230   168.499    0.0    0.0    0.1
   -20.212   168.499    0.0    0.0    0.1
   -20.194   168.499    0.0    0.0    0.1
   -20.176   168.499    0.0    0.0    0.1
   -20.158   168.499    0.0    0.0    0.1
   -20.140   168.499    0.0    0.0    0.1
   -21.935   168.518   -0.2   -0.2    0.1
   -21.917   168.518   -0.2   -0.2    0.1
   -21.899   168.518   -0.2   -0.2    0.1
   -21.881   168.518   -0.2   -0.2    0.1
   -21.863   168.518   -0.3   -0.2    0.1
   -21.845   168.518   -0.3   -0.2    0.1
   -21.827   168.518   -0.3   -0.2    0.2
   -21.809   168.518   -0.3   -0.2    0.2
   -21.791   168.518   -0.3   -0.2    0.2
   -21.773   168.518   -0.4   -0.3    0.2
   -21.755   168.518   -0.4   -0.3    0.2
   -21.737   168.518   -0.4   -0.3    0.2
   -21.719   168.518   -0.5   -0.3    0.2
   -21.701   168.518   -0.5   -0.3    0.2
   -21.683   168.518   -0.5   -0.3    0.2
   -21.665   168.518   -0.6   -0.3    0.3
   -21.647   168.518   -0.6   -0.4    0.3
   -21.630   168.518   -0.7   -0.4    0.3
   -21.612   168.518   -0.7   -0.4    0.3
   -21.594   168.518   -0.8   -0.4    0.3
   -21.576   168.518   -0.8   -0.5    0.3
   -21.558   168.518   -0.9   -0.5    0.4
   -21.540   168.518   -1.0   -0.5    0.4
   -21.522   168.518   -1.1   -0.6    0.4
   -21.504   168.518   -1.2   -0.7    0.4
   -21.486   168.518   -1.4   -0.8    0.4
   -21.468   168.518   -1.7   -1.0    0.5
   -21.450   168.518   -2.1   -1.1    0.5
   -21.432   168.518   -2.7   -1.3    0.5
   -21.414   168.518   -3.4   -1.5    0.5
   -21.396   168.518   -4.2   -1.6    0.5
   -21.378   168.518   -4.9   -1.6    0.5
   -21.360   168.518   -5.4   -1.5    0.6
   -21.342   168.518   -5.8   -1.6    0.6
   -21.324   168.518   -6.1   -1.6    0.7
   -21.307   168.518   -6.4   -1.7    0.8
   -21.289   168.518   -6.5   -1.9    0.9
   -21.271   168.518   -6.6   -2.0    1.0
   -21.253   168.518   -6.7   -2.2    1.2
   -21.235   168.518   -7.3   -2.5    1.5
   -21.217   168.518   -8.4   -2.3    1.6
   -21.199   168.518   -7.3   -1.8    1.6
   -21.181   168.518   10.5    2.4  -17.1
   -21.163   168.518   12.8    6.7  -19.0
   -21.145   168.518   13.3    7.3  -18.3
   -21.127   168.518   13.4    7.0  -18.0
   -21.109   168.518   13.3    6.2  -17.6
   -21.091   168.518   13.0    5.3  -17.3
   -21.073   168.518   12.7    3.6  -17.0
   -21.055   168.518   11.6    1.2  -15.2
   -21.037   168.518    9.6   -1.0  -10.5
   -21.019   168.518    8.0   -1.3   -5.4
   -21.001   168.518    7.1   -0.5   -2.3
   -20.984   168.518    6.7    0.3   -0.9
   -20.966   168.518    6.0    0.9   -0.9
   -20.948   168.518    5.0    0.9   -1.5
   -20.930   168.518    4.0    0.4   -2.0
   -20.912   168.518    3.0   -0.2   -2.0
   -20.894   168.518    2.1   -0.7   -1.6
   -20.876   168.518    1.5   -0.9   -1.0
   -20.858   168.518    1.0   -0.9   -0.5
   -20.840   168.518    0.8   -0.7   -0.1
   -20.822   168.518    0.6   -0.6    0.1
   -20.804   168.518    0.4   -0.4    0.3
   -20.786   168.518    0.4   -0.3    0.3
   -20.768   168.518    0.3   -0.2    0.4
   -20.750   168.518    0.3   -0.1    0.4
   -20.732   168.518    0.2   -0.1    0.4
   -20.714   168.518    0.2   -0.1    0.4
   -20.696   168.518    0.2   -0.0    0.3
   -20.678   168.518    0.2    0.0    0.3
   -20.661   168.518    0.1    0.0    0.3
   -20.643   168.518    0.1    0.0    0.3
   -20.625   168.518    0.1    0.0    0.3
   -20.607   168.518    0.1    0.0    0.3
   -20.589   168.518    0.1    0.0    0.2
   -20.571   168.518    0.1    0.1    0.2
   -20.553   168.518    0.1    0.1    0.2
   -20.535   168.518    0.1    0.1    0.2
   -20.517   168.518    0.1    0.1    0.2
   -20.499   168.518    0.1    0.1    0.2
   -20.481   168.518    0.1    0.1    0.2
   -20.463   168.518    0.1    0.1    0.2
   -20.445   168.518    0.1    0.1    0.2
   -20.427   168.518    0.1    0.1    0.2
   -20.409   168.518    0.1    0.1    0.1
   -20.391   168.518    0.1    0.1    0.1
   -20.373   168.518    0.1    0.1    0.1
   -20.355   168.518    0.1    0.1    0.1
   -20.338   168.518    0.1    0.1    0.1
   -20.320   168.518    0.1    0.1    0.1
   -20.302   168.518    0.1    0.0    0.1
   -20.284   168.518    0.1    0.0    0.1
   -20.266   168.518    0.1    0.0    0.1
   -20.248   168.518    0.1    0.0    0.1
   -20.230   168.518    0.1    0.0    0.1
   -20.212   168.518    0.0    0.0    0.1
   -20.194   168.518    0.0    0.0    0.1
   -20.176   168.518    0.0    0.0    0.1
   -20.158   168.518    0.0    0.0    0.1
   -20.140   168.518    0.0    0.0    0.1
   -21.935   168.537   -0.2   -0.1    0.1
   -21.917   168.537   -0.2   -0.1    0.1
   -21.899   168.537   -0.2   -0.2    0.1
   -21.881   168.537   -0.2   -0.2    0.1
   -21.863   168.537   -0.2   -0.2    0.1
   -21.845   168.537   -0.3   -0.2    0.1
   -21.827   168.537   -0.3   -0.2    0.2
   -21.809   168.537   -0.3   -0.2    0.2
   -21.791   168.537   -0.3   -0.2    0.2
   -21.773   168.537   -0.3   -0.2    0.2
   -21.755   168.537   -0.4   -0.2    0.2
   -21.737   168.537   -0.4   -0.2    0.2
   -21.719   168.537   -0.4   -0.3    0.2
   -21.701   168.537   -0.5   -0.3    0.2
   -21.683   168.537   -0.5   -0.3    0.2
   -21.665   168.537   -0.5   -0.3    0.3
   -21.647   168.537   -0.6   -0.3    0.3
   -21.630   168.537   -0.6   -0.3    0.3
   -21.612   168.537   -0.6   -0.3    0.3
   -21.594   168.537   -0.7   -0.3    0.3
   -21.576   168.537   -0.7   -0.4    0.4
   -21.558   168.537   -0.8   -0.4    0.4
   -21.540   168.537   -0.9   -0.4    0.4
   -21.522   168.537   -1.0   -0.5    0.4
   -21.504   168.537   -1.1   -0.5    0.5
   -21.486   168.537   -1.2   -0.6    0.5
   -21.468   168.537   -1.5   -0.8    0.5
   -21.450   168.537   -1.9   -1.0    0.6
   -21.432   168.537   -2.6   -1.2    0.6
   -21.414   168.537   -3.6   -1.4    0.6
   -21.396   168.537   -4.7   -1.5    0.6
   -21.378   168.537   -5.6   -1.4    0.7
   -21.360   168.537   -6.2   -1.3    0.7
   -21.342   168.537   -6.5   -1.2    0.8
   -21.324   168.537   -6.7   -1.3    0.9
   -21.307   168.537   -6.9   -1.5    1.0
   -21.289   168.537   -6.9   -1.7    1.0
   -21.271   168.537   -6.3   -1.9    1.3
   -21.253   168.537   -3.6   -1.0    0.9
   -21.235   168.537    8.0    5.1  -11.5
   -21.217   168.537   12.1    4.0  -15.5
   -21.199   168.537   12.3    3.7  -15.6
   -21.181   168.537   11.8    4.5  -15.8
   -21.163   168.537   11.2    5.4  -17.3
   -21.145   168.537   12.0    5.9  -16.9
   -21.127   168.537   12.3    5.7  -16.8
   -21.109   168.537   12.3    5.1  -16.9
   -21.091   168.537   11.9    3.9  -17.1
   -21.073   168.537   11.3    2.0  -16.6
   -21.055   168.537   10.3   -0.1  -14.4
   -21.037   168.537    9.0   -1.7  -10.3
   -21.019   168.537    7.8   -1.8   -5.9
   -21.001   168.537    6.9   -1.0   -2.9
   -20.984   168.537    6.1   -0.0   -1.5
   -20.966   168.537    5.3    0.7   -1.3
   -20.948   168.537    4.3    0.8   -1.8
   -20.930   168.537    3.4    0.5   -2.2
   -20.912   168.537    2.5   -0.1   -2.2
   -20.894   168.537    1.8   -0.6   -1.8
   -20.876   168.537    1.3   -0.8   -1.1
   -20.858   168.537    1.0   -0.7   -0.6
   -20.840   168.537    0.7   -0.6   -0.2
   -20.822   168.537    0.6   -0.4    0.1
   -20.804   168.537    0.5   -0.3    0.2
   -20.786   168.537    0.4   -0.2    0.3
   -20.768   168.537    0.3   -0.1    0.3
   -20.750   168.537    0.3   -0.1    0.4
   -20.732   168.537    0.2   -0.0    0.4
   -20.714   168.537    0.2    0.0    0.3
   -20.696   168.537    0.2    0.0    0.3
   -20.678   168.537    0.2    0.1    0.3
   -20.661   168.537    0.2    0.1    0.3
   -20.643   168.537    0.2    0.1    0.3
   -20.625   168.537    0.1    0.1    0.3
   -20.607   168.537    0.1    0.1    0.3
   -20.589   168.537    0.1    0.1    0.2
   -20.571   168.537    0.1    0.1    0.2
   -20.553   168.537    0.1    0.1    0.2
   -20.535   168.537    0.1    0.1    0.2
   -20.517   168.537    0.1    0.1    0.2
   -20.499   168.537    0.1    0.1    0.2
   -20.481   168.537    0.1    0.1    0.2
   -20.463   168.537    0.1    0.1    0.2
   -20.445   168.537    0.1    0.1    0.2
   -20.427   168.537    0.1    0.1    0.2
   -20.409   168.537    0.1    0.1    0.1
   -20.391   168.537    0.1    0.1    0.1
   -20.373   168.537    0.1    0.1    0.1
   -20.355   168.537    0.1    0.1    0.1
   -20.338   168.537    0.1    0.1    0.1
   -20.320   168.537    0.1    0.1    0.1
   -20.302   168.537    0.1    0.1    0.1
   -20.284   168.537    0.1    0.1    0.1
   -20.266   168.537    0.1    0.1    0.1
   -20.248   168.537    0.1    0.1    0.1
   -20.230   168.537    0.1    0.1    0.1
   -20.212   168.537    0.1    0.0    0.1
   -20.194   168.537    0.1    0.0    0.1
   -20.176   168.537    0.1    0.0    0.1
   -20.158   168.537    0.0    0.0    0.1
   -20.140   168.537    0.0    0.0    0.1
   -21.935   168.557   -0.2   -0.1    0.1
   -21.917   168.557   -0.2   -0.1    0.1
   -21.899   168.557   -0.2   -0.1    0.1
   -21.881   168.557   -0.2   -0.1    0.1
   -21.863   168.557   -0.2   -0.2    0.1
   -21.845   168.557   -0.2   -0.2    0.2
   -21.827   168.557   -0.3   -0.2    0.2
   -21.809   168.557   -0.3   -0.2    0.2
   -21.791   168.557   -0.3   -0.2    0.2
   -21.773   168.557   -0.3   -0.2    0.2
   -21.755   168.557   -0.3   -0.2    0.2
   -21.737   168.557   -0.4   -0.2    0.2
   -21.719   168.557   -0.4   -0.2    0.2
   -21.701   168.557   -0.4   -0.2    0.2
   -21.683   168.557   -0.5   -0.2    0.3
   -21.665   168.557   -0.5   -0.2    0.3
   -21.647   168.557   -0.5   -0.2    0.3
   -21.630   168.557   -0.6   -0.2    0.3
   -21.612   168.557   -0.6   -0.3    0.3
   -21.594   168.557   -0.6   -0.3    0.4
   -21.576   168.557   -0.7   -0.3    0.4
   -21.558   168.557   -0.7   -0.3    0.4
   -21.540   168.557   -0.7   -0.3    0.4
   -21.522   168.557   -0.8   -0.3    0.5
   -21.504   168.557   -0.9   -0.3    0.5
   -21.486   168.557   -1.0   -0.4    0.6
   -21.468   168.557   -1.2   -0.5    0.6
   -21.450   168.557   -1.6   -0.7    0.7
   -21.432   168.557   -2.4   -1.0    0.7
   -21.414   168.557   -3.8   -1.3    0.8
   -21.396   168.557   -5.6   -1.3    0.8
   -21.378   168.557   -6.9   -1.1    1.0
   -21.360   168.557   -7.4   -0.9    1.1
   -21.342   168.557   -7.1   -0.7    1.2
   -21.324   168.557   -6.6   -0.7    1.3
   -21.307   168.557    4.1    1.1   -6.3
   -21.289   168.557    7.7    2.0  -13.4
   -21.271   168.557    8.1    4.3  -11.3
   -21.253   168.557    8.1    4.7  -10.7
   -21.235   168.557    9.0    4.9  -10.5
   -21.217   168.557   10.6    5.3  -12.2
   -21.199   168.557   10.9    4.6  -13.3
   -21.181   168.557   10.5    4.7  -13.5
   -21.163   168.557   10.1    4.9  -14.1
   -21.145   168.557   10.7    4.8  -14.6
   -21.127   168.557   11.1    4.4  -14.9
   -21.109   168.557   11.0    3.7  -15.1
   -21.091   168.557   10.6    2.7  -15.0
   -21.073   168.557    9.9    1.2  -14.1
   -21.055   168.557    9.0   -0.2  -12.0
   -21.037   168.557    8.0   -1.2   -8.9
   -21.019   168.557    6.9   -1.3   -5.6
   -21.001   168.557    6.1   -0.7   -3.0
   -20.984   168.557    5.3   -0.0   -1.7
   -20.966   168.557    4.6    0.6   -1.2
   -20.948   168.557    3.7    0.8   -1.3
   -20.930   168.557    2.8    0.6   -1.6
   -20.912   168.557    2.1    0.2   -1.6
   -20.894   168.557    1.5   -0.2   -1.4
   -20.876   168.557    1.1   -0.4   -0.9
   -20.858   168.557    0.8   -0.4   -0.5
   -20.840   168.557    0.7   -0.3   -0.1
   -20.822   168.557    0.6   -0.2    0.1
   -20.804   168.557    0.5   -0.1    0.2
   -20.786   168.557    0.4   -0.0    0.3
   -20.768   168.557    0.3    0.0    0.3
   -20.750   168.557    0.3    0.1    0.4
   -20.732   168.557    0.3    0.1    0.4
   -20.714   168.557    0.2    0.1    0.3
   -20.696   168.557    0.2    0.1    0.3
   -20.678   168.557    0.2    0.1    0.3
   -20.661   168.557    0.2    0.1    0.3
   -20.643   168.557    0.2    0.1    0.3
   -20.625   168.557    0.2    0.1    0.3
   -20.607   168.557    0.2    0.1    0.3
   -20.589   168.557    0.1    0.1    0.2
   -20.571   168.557    0.1    0.1    0.2
   -20.553   168.557    0.1    0.1    0.2
   -20.535   168.557    0.1    0.1    0.2
   -20.517   168.557    0.1    0.1    0.2
   -20.499   168.557    0.1    0.1    0.2
   -20.481   168.557    0.1    0.1    0.2
   -20.463   168.557    0.1    0.1    0.2
   -20.445   168.557    0.1    0.1    0.2
   -20.427   168.557    0.1    0.1    0.2
   -20.409   168.557    0.1    0.1    0.1
   -20.391   168.557    0.1    0.1    0.1
   -20.373   168.557    0.1    0.1    0.1
   -20.355   168.557    0.1    0.1    0.1
   -20.338   168.557    0.1    0.1    0.1
   -20.320   168.557    0.1    0.1    0.1
   -20.302   168.557    0.1    0.1    0.1
   -20.284   168.557    0.1    0.1    0.1
   -20.266   168.557    0.1    0.1    0.1
   -20.248   168.557    0.1    0.1    0.1
   -20.230   168.557    0.1    0.1    0.1
   -20.212   168.557    0.1    0.1    0.1
   -20.194   168.557    0.1    0.1    0.1
   -20.176   168.557    0.1    0.1    0.1
   -20.158   168.557    0.1    0.1    0.1
   -20.140   168.557    0.1    0.0    0.1
   -21.935   168.576   -0.2   -0.1    0.1
   -21.917   168.576   -0.2   -0.1    0.1
   -21.899   168.576   -0.2   -0.1    0.1
   -21.881   168.576   -0.2   -0.1    0.1
   -21.863   168.576   -0.2   -0.1    0.2
   -21.845   168.576   -0.2   -0.1    0.2
   -21.827   168.576   -0.2   -0.1    0.2
   -21.809   168.576   -0.3   -0.1    0.2
   -21.791   168.576   -0.3   -0.2    0.2
   -21.773   168.576   -0.3   -0.2    0.2
   -21.755   168.576   -0.3   -0.2    0.2
   -21.737   168.576   -0.3   -0.2    0.2
   -21.719   168.576   -0.4   -0.2    0.2
   -21.701   168.576   -0.4   -0.2    0.2
   -21.683   168.576   -0.4   -0.2    0.3
   -21.665   168.576   -0.4   -0.2    0.3
   -21.647   168.576   -0.5   -0.2    0.3
   -21.630   168.576   -0.5   -0.2    0.3
   -21.612   168.576   -0.5   -0.2    0.3
   -21.594   168.576   -0.5   -0.2    0.4
   -21.576   168.576   -0.6   -0.2    0.4
   -21.558   168.576   -0.6   -0.2    0.4
   -21.540   168.576   -0.6   -0.1    0.4
   -21.522   168.576   -0.6   -0.1    0.5
   -21.504   168.576   -0.7   -0.1    0.5
   -21.486   168.576   -0.8   -0.1    0.6
   -21.468   168.576   -0.9   -0.1    0.7
   -21.450   168.576   -1.1   -0.2    0.8
   -21.432   168.576   -1.7   -0.4    0.9
   -21.414   168.576   -4.0   -1.0    1.2
   -21.396   168.576   -7.3   -0.7    1.4
   -21.378   168.576   -7.6   -0.3    1.7
   -21.360   168.576    9.0   -1.7  -16.6
   -21.342   168.576   10.0   -0.9  -11.9
   -21.324   168.576    9.6    0.0  -11.3
   -21.307   168.576    9.0    0.9  -11.2
   -21.289   168.576    7.4    2.0  -11.8
   -21.271   168.576    7.4    2.7  -10.0
   -21.253   168.576    7.7    3.7   -8.6
   -21.235   168.576    8.8    4.6   -8.4
   -21.217   168.576   10.1    5.3   -9.9
   -21.199   168.576   10.5    4.9  -11.4
   -21.181   168.576   10.4    4.4  -11.8
   -21.163   168.576   10.2    4.3  -11.9
   -21.145   168.576   10.2    4.1  -12.3
   -21.127   168.576   10.2    3.7  -12.7
   -21.109   168.576   10.0    3.0  -12.9
   -21.091   168.576    9.6    2.1  -12.5
   -21.073   168.576    9.0    1.2  -11.4
   -21.055   168.576    8.2    0.3   -9.5
   -21.037   168.576    7.3   -0.3   -7.0
   -21.019   168.576    6.4   -0.4   -4.5
   -21.001   168.576    5.6   -0.1   -2.5
   -20.984   168.576    4.9    0.3   -1.3
   -20.966   168.576    4.2    0.7   -0.7
   -20.948   168.576    3.4    0.9   -0.5
   -20.930   168.576    2.6    0.9   -0.6
   -20.912   168.576    2.0    0.7   -0.7
   -20.894   168.576    1.4    0.4   -0.6
   -20.876   168.576    1.1    0.2   -0.4
   -20.858   168.576    0.8    0.1   -0.2
   -20.840   168.576    0.7    0.1    0.0
   -20.822   168.576    0.6    0.1    0.2
   -20.804   168.576    0.5    0.1    0.3
   -20.786   168.576    0.4    0.2    0.3
   -20.768   168.576    0.4    0.2    0.4
   -20.750   168.576    0.3    0.2    0.4
   -20.732   168.576    0.3    0.2    0.4
   -20.714   168.576    0.3    0.2    0.3
   -20.696   168.576    0.3    0.2    0.3
   -20.678   168.576    0.2    0.2    0.3
   -20.661   168.576    0.2    0.2    0.3
   -20.643   168.576    0.2    0.2    0.3
   -20.625   168.576    0.2    0.2    0.3
   -20.607   168.576    0.2    0.2    0.3
   -20.589   168.576    0.2    0.2    0.2
   -20.571   168.576    0.2    0.1    0.2
   -20.553   168.576    0.1    0.1    0.2
   -20.535   168.576    0.1    0.1    0.2
   -20.517   168.576    0.1    0.1    0.2
   -20.499   168.576    0.1    0.1    0.2
   -20.481   168.576    0.1    0.1    0.2
   -20.463   168.576    0.1    0.1    0.2
   -20.445   168.576    0.1    0.1    0.2
   -20.427   168.576    0.1    0.1    0.1
   -20.409   168.576    0.1    0.1    0.1
   -20.391   168.576    0.1    0.1    0.1
   -20.373   168.576    0.1    0.1    0.1
   -20.355   168.576    0.1    0.1    0.1
   -20.338   168.576    0.1    0.1    0.1
   -20.320   168.576    0.1    0.1    0.1
   -20.302   168.576    0.1    0.1    0.1
   -20.284   168.576    0.1    0.1    0.1
   -20.266   168.576    0.1    0.1    0.1
   -20.248   168.576    0.1    0.1    0.1
   -20.230   168.576    0.1    0.1    0.1
   -20.212   168.576    0.1    0.1    0.1
   -20.194   168.576    0.1    0.1    0.1
   -20.176   168.576    0.1    0.1    0.1
   -20.158   168.576    0.1    0.1    0.1
   -20.140   168.576    0.1    0.1    0.1
   -21.935   168.595   -0.2   -0.1    0.1
   -21.917   168.595   -0.2   -0.1    0.1
   -21.899   168.595   -0.2   -0.1    0.1
   -21.881   168.595   -0.2   -0.1    0.2
   -21.863   168.595   -0.2   -0.1    0.2
   -21.845   168.595   -0.2   -0.1    0.2
   -21.827   168.595   -0.2   -0.1    0.2
   -21.809   168.595   -0.2   -0.1    0.2
   -21.791   168.595   -0.3   -0.1    0.2
   -21.773   168.595   -0.3   -0.1    0.2
   -21.755   168.595   -0.3   -0.1    0.2
   -21.737   168.595   -0.3   -0.1    0.2
   -21.719   168.595   -0.3   -0.1    0.2
   -21.701   168.595   -0.3   -0.1    0.3
   -21.683   168.595   -0.4   -0.1    0.3
   -21.665   168.595   -0.4   -0.1    0.3
   -21.647   168.595   -0.4   -0.1    0.3
   -21.630   168.595   -0.4   -0.1    0.3
   -21.612   168.595   -0.4   -0.1    0.3
   -21.594   168.595   -0.4   -0.1    0.3
   -21.576   168.595   -0.5   -0.0    0.4
   -21.558   168.595   -0.5   -0.0    0.4
   -21.540   168.595   -0.5    0.0    0.4
   -21.522   168.595   -0.5    0.0    0.4
   -21.504   168.595   -0.5    0.1    0.5
   -21.486   168.595   -0.5    0.2    0.6
   -21.468   168.595   -0.5    0.3    0.6
   -21.450   168.595   -0.6    0.4    0.8
   -21.432   168.595   -0.6    0.9    1.0
   -21.414   168.595    0.8    3.5    0.1
   -21.396   168.595   11.1    1.2  -13.5
   -21.378   168.595   11.2    0.0  -13.2
   -21.360   168.595   10.3   -0.1  -12.3
   -21.342   168.595    8.7   -0.0  -10.5
   -21.324   168.595    8.0    1.0   -9.1
   -21.307   168.595    7.7    1.9   -8.9
   -21.289   168.595    7.3    2.5   -9.1
   -21.271   168.595    7.9    2.7   -8.5
   -21.253   168.595    9.0    3.6   -8.1
   -21.235   168.595   10.0    4.4   -9.1
   -21.217   168.595   10.5    4.6  -10.9
   -21.199   168.595   10.5    4.0  -12.0
   -21.181   168.595   10.2    3.4  -11.8
   -21.163   168.595   10.0    3.2  -11.2
   -21.145   168.595    9.7    3.2  -10.8
   -21.127   168.595    9.5    3.1  -10.8
   -21.109   168.595    9.1    2.7  -10.7
   -21.091   168.595    8.7    2.1  -10.2
   -21.073   168.595    8.2    1.4   -9.1
   -21.055   168.595    7.6    0.9   -7.4
   -21.037   168.595    6.8    0.5   -5.3
   -21.019   168.595    6.1    0.5   -3.4
   -21.001   168.595    5.4    0.6   -1.8
   -20.984   168.595    4.7    0.8   -0.7
   -20.966   168.595    4.1    1.1   -0.1
   -20.948   168.595    3.5    1.2    0.2
   -20.930   168.595    2.8    1.3    0.2
   -20.912   168.595    2.1    1.2    0.1
   -20.894   168.595    1.6    1.0    0.1
   -20.876   168.595    1.2    0.8    0.1
   -20.858   168.595    1.0    0.6    0.2
   -20.840   168.595    0.8    0.5    0.2
   -20.822   168.595    0.7    0.4    0.3
   -20.804   168.595    0.6    0.4    0.3
   -20.786   168.595    0.5    0.4    0.4
   -20.768   168.595    0.4    0.3    0.4
   -20.750   168.595    0.4    0.3    0.4
   -20.732   168.595    0.3    0.3    0.4
   -20.714   168.595    0.3    0.3    0.3
   -20.696   168.595    0.3    0.3    0.3
   -20.678   168.595    0.3    0.3    0.3
   -20.661   168.595    0.2    0.2    0.3
   -20.643   168.595    0.2    0.2    0.3
   -20.625   168.595    0.2    0.2    0.3
   -20.607   168.595    0.2    0.2    0.2
   -20.589   168.595    0.2    0.2    0.2
   -20.571   168.595    0.2    0.2    0.2
   -20.553   168.595    0.2    0.2    0.2
   -20.535   168.595    0.2    0.2    0.2
   -20.517   168.595    0.1    0.2    0.2
   -20.499   168.595    0.1    0.1    0.2
   -20.481   168.595    0.1    0.1    0.2
   -20.463   168.595    0.1    0.1    0.2
   -20.445   168.595    0.1    0.1    0.2
   -20.427   168.595    0.1    0.1    0.1
   -20.409   168.595    0.1    0.1    0.1
   -20.391   168.595    0.1    0.1    0.1
   -20.373   168.595    0.1    0.1    0.1
   -20.355   168.595    0.1    0.1    0.1
   -20.338   168.595    0.1    0.1    0.1
   -20.320   168.595    0.1    0.1    0.1
   -20.302   168.595    0.1    0.1    0.1
   -20.284   168.595    0.1    0.1    0.1
   -20.266   168.595    0.1    0.1    0.1
   -20.248   168.595    0.1    0.1    0.1
   -20.230   168.595    0.1    0.1    0.1
   -20.212   168.595    0.1    0.1    0.1
   -20.194   168.595    0.1    0.1    0.1
   -20.176   168.595    0.1    0.1    0.1
   -20.158   168.595    0.1    0.1    0.1
   -20.140   168.595    0.1    0.1    0.1
   -21.935   168.614   -0.1   -0.1    0.1
   -21.917   168.614   -0.2   -0.1    0.1
   -21.899   168.614   -0.2   -0.1    0.1
   -21.881   168.614   -0.2   -0.1    0.2
   -21.863   168.614   -0.2   -0.1    0.2
   -21.845   168.614   -0.2   -0.1    0.2
   -21.827   168.614   -0.2   -0.1    0.2
   -21.809   168.614   -0.2   -0.1    0.2
   -21.791   168.614   -0.2   -0.1    0.2
   -21.773   168.614   -0.2   -0.1    0.2
   -21.755   168.614   -0.3   -0.1    0.2
   -21.737   168.614   -0.3   -0.1    0.2
   -21.719   168.614   -0.3   -0.1    0.2
   -21.701   168.614   -0.3   -0.1    0.2
   -21.683   168.614   -0.3   -0.1    0.3
   -21.665   168.614   -0.3   -0.1    0.3
   -21.647   168.614   -0.3   -0.0    0.3
   -21.630   168.614   -0.3   -0.0    0.3
   -21.612   168.614   -0.3    0.0    0.3
   -21.594   168.614   -0.3    0.0    0.3
   -21.576   168.614   -0.3    0.1    0.3
   -21.558   168.614   -0.3    0.1    0.3
   -21.540   168.614   -0.3    0.1    0.4
   -21.522   168.614   -0.3    0.2    0.4
   -21.504   168.614   -0.3    0.3    0.4
   -21.486   168.614   -0.2    0.4    0.5
   -21.468   168.614   -0.2    0.5    0.5
   -21.450   168.614   -0.1    0.8    0.6
   -21.432   168.614    0.3    1.3    0.5
   -21.414   168.614    2.7    2.3   -0.8
   -21.396   168.614    7.0    2.8   -6.4
   -21.378   168.614    7.7    1.4   -7.5
   -21.360   168.614    7.4    1.4   -6.5
   -21.342   168.614    7.1    2.2   -5.9
   -21.324   168.614    7.4    3.1   -6.3
   -21.307   168.614    7.9    3.7   -7.6
   -21.289   168.614    8.2    3.9   -9.2
   -21.271   168.614    8.8    3.8  -10.5
   -21.253   168.614    9.5    3.8  -11.7
   -21.235   168.614    9.7    3.7  -12.9
   -21.217   168.614    9.6    3.2  -13.7
   -21.199   168.614    9.4    2.5  -13.5
   -21.181   168.614    9.2    2.1  -12.3
   -21.163   168.614    9.1    2.1  -10.9
   -21.145   168.614    8.9    2.3   -9.8
   -21.127   168.614    8.7    2.5   -9.2
   -21.109   168.614    8.3    2.4   -8.8
   -21.091   168.614    7.9    2.1   -8.2
   -21.073   168.614    7.5    1.7   -7.1
   -21.055   168.614    7.0    1.3   -5.7
   -21.037   168.614    6.5    1.1   -4.0
   -21.019   168.614    5.9    1.1   -2.4
   -21.001   168.614    5.3    1.2   -1.1
   -20.984   168.614    4.7    1.3   -0.2
   -20.966   168.614    4.2    1.5    0.4
   -20.948   168.614    3.6    1.6    0.7
   -20.930   168.614    3.0    1.7    0.8
   -20.912   168.614    2.4    1.6    0.7
   -20.894   168.614    1.9    1.4    0.6
   -20.876   168.614    1.5    1.2    0.5
   -20.858   168.614    1.2    1.0    0.4
   -20.840   168.614    0.9    0.9    0.4
   -20.822   168.614    0.8    0.8    0.4
   -20.804   168.614    0.7    0.7    0.4
   -20.786   168.614    0.6    0.6    0.4
   -20.768   168.614    0.5    0.5    0.4
   -20.750   168.614    0.4    0.5    0.4
   -20.732   168.614    0.4    0.4    0.4
   -20.714   168.614    0.4    0.4    0.3
   -20.696   168.614    0.3    0.4    0.3
   -20.678   168.614    0.3    0.3    0.3
   -20.661   168.614    0.3    0.3    0.3
   -20.643   168.614    0.3    0.3    0.3
   -20.625   168.614    0.2    0.3    0.3
   -20.607   168.614    0.2    0.3    0.2
   -20.589   168.614    0.2    0.2    0.2
   -20.571   168.614    0.2    0.2    0.2
   -20.553   168.614    0.2    0.2    0.2
   -20.535   168.614    0.2    0.2    0.2
   -20.517   168.614    0.2    0.2    0.2
   -20.499   168.614    0.1    0.2    0.2
   -20.481   168.614    0.1    0.2    0.2
   -20.463   168.614    0.1    0.2    0.2
   -20.445   168.614    0.1    0.1    0.1
   -20.427   168.614    0.1    0.1    0.1
   -20.409   168.614    0.1    0.1    0.1
   -20.391   168.614    0.1    0.1    0.1
   -20.373   168.614    0.1    0.1    0.1
   -20.355   168.614    0.1    0.1    0.1
   -20.338   168.614    0.1    0.1    0.1
   -20.320   168.614    0.1    0.1    0.1
   -20.302   168.614    0.1    0.1    0.1
   -20.284   168.614    0.1    0.1    0.1
   -20.266   168.614    0.1    0.1    0.1
   -20.248   168.614    0.1    0.1    0.1
   -20.230   168.614    0.1    0.1    0.1
   -20.212   168.614    0.1    0.1    0.1
   -20.194   168.614    0.1    0.1    0.1
   -20.176   168.614    0.1    0.1    0.1
   -20.158   168.614    0.1    0.1    0.1
   -20.140   168.614    0.1    0.1    0.1
   -21.935   168.634   -0.1   -0.1    0.1
   -21.917   168.634   -0.1   -0.1    0.1
   -21.899   168.634   -0.2   -0.1    0.1
   -21.881   168.634   -0.2   -0.1    0.2
   -21.863   168.634   -0.2   -0.1    0.2
   -21.845   168.634   -0.2   -0.1    0.2
   -21.827   168.634   -0.2   -0.1    0.2
   -21.809   168.634   -0.2   -0.1    0.2
   -21.791   168.634   -0.2   -0.0    0.2
   -21.773   168.634   -0.2   -0.0    0.2
   -21.755   168.634   -0.2   -0.0    0.2
   -21.737   168.634   -0.2   -0.0    0.2
   -21.719   168.634   -0.2   -0.0    0.2
   -21.701   168.634   -0.3   -0.0    0.2
   -21.683   168.634   -0.3    0.0    0.2
   -21.665   168.634   -0.3    0.0    0.2
   -21.647   168.634   -0.3    0.0    0.3
   -21.630   168.634   -0.3    0.1    0.3
   -21.612   168.634   -0.2    0.1    0.3
   -21.594   168.634   -0.2    0.1    0.3
   -21.576   168.634   -0.2    0.2    0.3
   -21.558   168.634   -0.2    0.2    0.3
   -21.540   168.634   -0.1    0.3    0.3
   -21.522   168.634   -0.1    0.3    0.3
   -21.504   168.634   -0.0    0.4    0.3
   -21.486   168.634    0.1    0.5    0.3
   -21.468   168.634    0.2    0.6    0.3
   -21.450   168.634    0.4    0.8    0.3
   -21.432   168.634    1.1    1.0    0.2
   -21.414   168.634    2.9    1.1   -0.2
   -21.396   168.634    5.5    1.8   -1.2
   -21.378   168.634    6.8    2.4   -1.9
   -21.360   168.634    7.3    3.2   -2.3
   -21.342   168.634    7.5    4.3   -3.7
   -21.324   168.634    7.6    5.0   -6.1
   -21.307   168.634    7.7    5.3   -8.9
   -21.289   168.634    7.7    5.1  -11.5
   -21.271   168.634    7.7    4.7  -13.8
   -21.253   168.634    7.7    3.9  -15.3
   -21.235   168.634    7.6    3.0  -16.0
   -21.217   168.634    7.5    2.0  -15.6
   -21.199   168.634    7.5    1.3  -14.1
   -21.181   168.634    7.6    1.0  -12.1
   -21.163   168.634    7.8    1.3  -10.2
   -21.145   168.634    7.9    1.7   -8.7
   -21.127   168.634    7.8    2.1   -7.8
   -21.109   168.634    7.5    2.2   -7.1
   -21.091   168.634    7.2    2.2   -6.4
   -21.073   168.634    6.8    1.9   -5.5
   -21.055   168.634    6.5    1.7   -4.3
   -21.037   168.634    6.2    1.6   -2.9
   -21.019   168.634    5.8    1.6   -1.7
   -21.001   168.634    5.3    1.7   -0.6
   -20.984   168.634    4.8    1.8    0.2
   -20.966   168.634    4.3    1.9    0.8
   -20.948   168.634    3.8    1.9    1.0
   -20.930   168.634    3.2    2.0    1.1
   -20.912   168.634    2.7    1.9    1.0
   -20.894   168.634    2.2    1.8    0.9
   -20.876   168.634    1.7    1.6    0.8
   -20.858   168.634    1.4    1.4    0.7
   -20.840   168.634    1.1    1.2    0.6
   -20.822   168.634    0.9    1.1    0.5
   -20.804   168.634    0.8    0.9    0.5
   -20.786   168.634    0.7    0.8    0.4
   -20.768   168.634    0.6    0.7    0.4
   -20.750   168.634    0.5    0.6    0.4
   -20.732   168.634    0.5    0.6    0.4
   -20.714   168.634    0.4    0.5    0.3
   -20.696   168.634    0.4    0.5    0.3
   -20.678   168.634    0.3    0.4    0.3
   -20.661   168.634    0.3    0.4    0.3
   -20.643   168.634    0.3    0.4    0.3
   -20.625   168.634    0.3    0.3    0.2
   -20.607   168.634    0.2    0.3    0.2
   -20.589   168.634    0.2    0.3    0.2
   -20.571   168.634    0.2    0.3    0.2
   -20.553   168.634    0.2    0.2    0.2
   -20.535   168.634    0.2    0.2    0.2
   -20.517   168.634    0.2    0.2    0.2
   -20.499   168.634    0.2    0.2    0.2
   -20.481   168.634    0.2    0.2    0.2
   -20.463   168.634    0.1    0.2    0.2
   -20.445   168.634    0.1    0.2    0.1
   -20.427   168.634    0.1    0.2    0.1
   -20.409   168.634    0.1    0.1    0.1
   -20.391   168.634    0.1    0.1    0.1
   -20.373   168.634    0.1    0.1    0.1
   -20.355   168.634    0.1    0.1    0.1
   -20.338   168.634    0.1    0.1    0.1
   -20.320   168.634    0.1    0.1    0.1
   -20.302   168.634    0.1    0.1    0.1
   -20.284   168.634    0.1    0.1    0.1
   -20.266   168.634    0.1    0.1    0.1
   -20.248   168.634    0.1    0.1    0.1
   -20.230   168.634    0.1    0.1    0.1
   -20.212   168.634    0.1    0.1    0.1
   -20.194   168.634    0.1    0.1    0.1
   -20.176   168.634    0.1    0.1    0.1
   -20.158   168.634    0.1    0.1    0.1
   -20.140   168.634    0.1    0.1    0.1
   -21.935   168.653   -0.1   -0.0    0.1
   -21.917   168.653   -0.1   -0.0    0.1
   -21.899   168.653   -0.1   -0.0    0.2
   -21.881   168.653   -0.1   -0.0    0.2
   -21.863   168.653   -0.2   -0.0    0.2
   -21.845   168.653   -0.2   -0.0    0.2
   -21.827   168.653   -0.2   -0.0    0.2
   -21.809   168.653   -0.2   -0.0    0.2
   -21.791   168.653   -0.2   -0.0    0.2
   -21.773   168.653   -0.2   -0.0    0.2
   -21.755   168.653   -0.2    0.0    0.2
   -21.737   168.653   -0.2    0.0    0.2
   -21.719   168.653   -0.2    0.0    0.2
   -21.701   168.653   -0.2    0.1    0.2
   -21.683   168.653   -0.2    0.1    0.2
   -21.665   168.653   -0.2    0.1    0.2
   -21.647   168.653   -0.2    0.1    0.2
   -21.630   168.653   -0.2    0.2    0.2
   -21.612   168.653   -0.1    0.2    0.2
   -21.594   168.653   -0.1    0.3    0.2
   -21.576   168.653   -0.0    0.3    0.1
   -21.558   168.653    0.0    0.3    0.1
   -21.540   168.653    0.1    0.4    0.1
   -21.522   168.653    0.2    0.4    0.1
   -21.504   168.653    0.2    0.5    0.1
   -21.486   168.653    0.4    0.6    0.0
   -21.468   168.653    0.5    0.7    0.0
   -21.450   168.653    0.9    0.8   -0.0
   -21.432   168.653    1.6    0.8   -0.2
   -21.414   168.653    3.2    1.0   -0.3
   -21.396   168.653    5.1    1.7   -0.6
   -21.378   168.653    6.4    2.9   -1.3
   -21.360   168.653    6.9    4.0   -2.6
   -21.342   168.653    6.9    5.1   -4.6
   -21.324   168.653    6.6    5.8   -7.3
   -21.307   168.653    6.2    5.9  -10.2
   -21.289   168.653    5.8    5.6  -12.8
   -21.271   168.653    5.3    4.8  -14.9
   -21.253   168.653    5.0    3.7  -16.1
   -21.235   168.653    4.9    2.4  -16.1
   -21.217   168.653    5.1    1.4  -15.0
   -21.199   168.653    5.5    0.7  -13.1
   -21.181   168.653    6.0    0.6  -10.9
   -21.163   168.653    6.5    0.9   -9.0
   -21.145   168.653    6.8    1.4   -7.5
   -21.127   168.653    6.9    1.8   -6.4
   -21.109   168.653    6.8    2.1   -5.6
   -21.091   168.653    6.5    2.2   -4.9
   -21.073   168.653    6.3    2.1   -4.1
   -21.055   168.653    6.1    2.0   -3.2
   -21.037   168.653    5.9    1.9   -2.1
   -21.019   168.653    5.6    1.9   -1.0
   -21.001   168.653    5.2    2.0   -0.2
   -20.984   168.653    4.8    2.0    0.5
   -20.966   168.653    4.4    2.1    1.0
   -20.948   168.653    3.9    2.2    1.2
   -20.930   168.653    3.4    2.2    1.3
   -20.912   168.653    2.9    2.2    1.2
   -20.894   168.653    2.4    2.1    1.1
   -20.876   168.653    2.0    1.9    0.9
   -20.858   168.653    1.6    1.7    0.8
   -20.840   168.653    1.3    1.5    0.7
   -20.822   168.653    1.1    1.3    0.6
   -20.804   168.653    0.9    1.1    0.5
   -20.786   168.653    0.8    1.0    0.5
   -20.768   168.653    0.7    0.9    0.4
   -20.750   168.653    0.6    0.8    0.4
   -20.732   168.653    0.5    0.7    0.4
   -20.714   168.653    0.5    0.6    0.3
   -20.696   168.653    0.4    0.6    0.3
   -20.678   168.653    0.4    0.5    0.3
   -20.661   168.653    0.4    0.5    0.3
   -20.643   168.653    0.3    0.4    0.3
   -20.625   168.653    0.3    0.4    0.2
   -20.607   168.653    0.3    0.3    0.2
   -20.589   168.653    0.3    0.3    0.2
   -20.571   168.653    0.2    0.3    0.2
   -20.553   168.653    0.2    0.3    0.2
   -20.535   168.653    0.2    0.3    0.2
   -20.517   168.653    0.2    0.2    0.2
   -20.499   168.653    0.2    0.2    0.2
   -20.481   168.653    0.2    0.2    0.2
   -20.463   168.653    0.2    0.2    0.1
   -20.445   168.653    0.1    0.2    0.1
   -20.427   168.653    0.1    0.2    0.1
   -20.409   168.653    0.1    0.2    0.1
   -20.391   168.653    0.1    0.2    0.1
   -20.373   168.653    0.1    0.1    0.1
   -20.355   168.653    0.1    0.1    0.1
   -20.338   168.653    0.1    0.1    0.1
   -20.320   168.653    0.1    0.1    0.1
   -20.302   168.653    0.1    0.1    0.1
   -20.284   168.653    0.1    0.1    0.1
   -20.266   168.653    0.1    0.1    0.1
   -20.248   168.653    0.1    0.1    0.1
   -20.230   168.653    0.1    0.1    0.1
   -20.212   168.653    0.1    0.1    0.1
   -20.194   168.653    0.1    0.1    0.1
   -20.176   168.653    0.1    0.1    0.1
   -20.158   168.653    0.1    0.1    0.1
   -20.140   168.653    0.1    0.1    0.1
   -21.935   168.672   -0.1   -0.0    0.1
   -21.917   168.672   -0.1   -0.0    0.1
   -21.899   168.672   -0.1   -0.0    0.2
   -21.881   168.672   -0.1   -0.0    0.2
   -21.863   168.672   -0.1   -0.0    0.2
   -21.845   168.672   -0.1    0.0    0.2
   -21.827   168.672   -0.1    0.0    0.2
   -21.809   168.672   -0.2    0.0    0.2
   -21.791   168.672   -0.2    0.0    0.2
   -21.773   168.672   -0.2    0.0    0.2
   -21.755   168.672   -0.2    0.1    0.2
   -21.737   168.672   -0.2    0.1    0.2
   -21.719   168.672   -0.2    0.1    0.2
   -21.701   168.672   -0.2    0.1    0.2
   -21.683   168.672   -0.1    0.2    0.2
   -21.665   168.672   -0.1    0.2    0.2
   -21.647   168.672   -0.1    0.3    0.1
   -21.630   168.672   -0.1    0.3    0.1
   -21.612   168.672   -0.0    0.3    0.1
   -21.594   168.672    0.1    0.4    0.0
   -21.576   168.672    0.1    0.4   -0.0
   -21.558   168.672    0.2    0.5   -0.1
   -21.540   168.672    0.3    0.5   -0.1
   -21.522   168.672    0.4    0.5   -0.2
   -21.504   168.672    0.5    0.6   -0.2
   -21.486   168.672    0.7    0.6   -0.3
   -21.468   168.672    0.9    0.7   -0.3
   -21.450   168.672    1.2    0.8   -0.4
   -21.432   168.672    1.9    0.9   -0.6
   -21.414   168.672    3.0    1.2   -0.9
   -21.396   168.672    4.2    1.9   -1.4
   -21.378   168.672    5.1    2.9   -2.3
   -21.360   168.672    5.4    4.0   -3.6
   -21.342   168.672    5.3    4.9   -5.4
   -21.324   168.672    4.9    5.5   -7.7
   -21.307   168.672    4.4    5.6  -10.0
   -21.289   168.672    3.7    5.2  -12.1
   -21.271   168.672    3.2    4.4  -13.6
   -21.253   168.672    2.9    3.3  -14.2
   -21.235   168.672    3.0    2.1  -13.8
   -21.217   168.672    3.5    1.2  -12.6
   -21.199   168.672    4.1    0.7  -10.9
   -21.181   168.672    4.8    0.6   -9.0
   -21.163   168.672    5.4    0.9   -7.4
   -21.145   168.672    5.9    1.3   -6.0
   -21.127   168.672    6.1    1.8   -5.1
   -21.109   168.672    6.1    2.1   -4.3
   -21.091   168.672    6.0    2.2   -3.7
   -21.073   168.672    5.9    2.2   -3.0
   -21.055   168.672    5.7    2.1   -2.2
   -21.037   168.672    5.6    2.1   -1.4
   -21.019   168.672    5.4    2.1   -0.5
   -21.001   168.672    5.1    2.1    0.2
   -20.984   168.672    4.8    2.2    0.8
   -20.966   168.672    4.4    2.3    1.1
   -20.948   168.672    4.0    2.4    1.3
   -20.930   168.672    3.5    2.4    1.4
   -20.912   168.672    3.0    2.4    1.3
   -20.894   168.672    2.6    2.2    1.1
   -20.876   168.672    2.2    2.1    1.0
   -20.858   168.672    1.8    1.9    0.8
   -20.840   168.672    1.5    1.7    0.7
   -20.822   168.672    1.3    1.5    0.6
   -20.804   168.672    1.1    1.3    0.5
   -20.786   168.672    0.9    1.1    0.5
   -20.768   168.672    0.8    1.0    0.4
   -20.750   168.672    0.7    0.9    0.4
   -20.732   168.672    0.6    0.8    0.4
   -20.714   168.672    0.5    0.7    0.3
   -20.696   168.672    0.5    0.6    0.3
   -20.678   168.672    0.4    0.6    0.3
   -20.661   168.672    0.4    0.5    0.3
   -20.643   168.672    0.4    0.5    0.2
   -20.625   168.672    0.3    0.4    0.2
   -20.607   168.672    0.3    0.4    0.2
   -20.589   168.672    0.3    0.4    0.2
   -20.571   168.672    0.3    0.3    0.2
   -20.553   168.672    0.2    0.3    0.2
   -20.535   168.672    0.2    0.3    0.2
   -20.517   168.672    0.2    0.3    0.2
   -20.499   168.672    0.2    0.2    0.2
   -20.481   168.672    0.2    0.2    0.1
   -20.463   168.672    0.2    0.2    0.1
   -20.445   168.672    0.2    0.2    0.1
   -20.427   168.672    0.2    0.2    0.1
   -20.409   168.672    0.1    0.2    0.1
   -20.391   168.672    0.1    0.2    0.1
   -20.373   168.672    0.1    0.2    0.1
   -20.355   168.672    0.1    0.2    0.1
   -20.338   168.672    0.1    0.1    0.1
   -20.320   168.672    0.1    0.1    0.1
   -20.302   168.672    0.1    0.1    0.1
   -20.284   168.672    0.1    0.1    0.1
   -20.266   168.672    0.1    0.1    0.1
   -20.248   168.672    0.1    0.1    0.1
   -20.230   168.672    0.1    0.1    0.1
   -20.212   168.672    0.1    0.1    0.1
   -20.194   168.672    0.1    0.1    0.1
   -20.176   168.672    0.1    0.1    0.1
   -20.158   168.672    0.1    0.1    0.1
   -20.140   168.672    0.1    0.1    0.1
   -21.935   168.691   -0.1   -0.0    0.1
   -21.917   168.691   -0.1    0.0    0.1
   -21.899   168.691   -0.1    0.0    0.2
   -21.881   168.691   -0.1    0.0    0.2
   -21.863   168.691   -0.1    0.0    0.2
   -21.845   168.691   -0.1    0.0    0.2
   -21.827   168.691   -0.1    0.0    0.2
   -21.809   168.691   -0.1    0.1    0.2
   -21.791   168.691   -0.1    0.1    0.2
   -21.773   168.691   -0.1    0.1    0.2
   -21.755   168.691   -0.1    0.1    0.2
   -21.737   168.691   -0.1    0.1    0.2
   -21.719   168.691   -0.1    0.2    0.2
   -21.701   168.691   -0.1    0.2    0.2
   -21.683   168.691   -0.1    0.3    0.1
   -21.665   168.691   -0.1    0.3    0.1
   -21.647   168.691   -0.0    0.4    0.1
   -21.630   168.691    0.1    0.4    0.0
   -21.612   168.691    0.1    0.5   -0.1
   -21.594   168.691    0.2    0.6   -0.2
   -21.576   168.691    0.3    0.6   -0.3
   -21.558   168.691    0.5    0.6   -0.4
   -21.540   168.691    0.6    0.6   -0.5
   -21.522   168.691    0.7    0.6   -0.6
   -21.504   168.691    0.9    0.6   -0.6
   -21.486   168.691    1.0    0.6   -0.7
   -21.468   168.691    1.2    0.7   -0.8
   -21.450   168.691    1.5    0.8   -0.9
   -21.432   168.691    1.9    1.0   -1.1
   -21.414   168.691    2.6    1.4   -1.4
   -21.396   168.691    3.3    2.0   -2.0
   -21.378   168.691    3.8    2.8   -2.9
   -21.360   168.691    4.0    3.6   -4.0
   -21.342   168.691    3.9    4.3   -5.4
   -21.324   168.691    3.5    4.7   -7.1
   -21.307   168.691    3.0    4.7   -8.7
   -21.289   168.691    2.4    4.4  -10.0
   -21.271   168.691    2.0    3.7  -10.9
   -21.253   168.691    1.9    2.8  -11.2
   -21.235   168.691    2.2    1.9  -10.7
   -21.217   168.691    2.7    1.2   -9.6
   -21.199   168.691    3.4    0.9   -8.2
   -21.181   168.691    4.1    0.9   -6.8
   -21.163   168.691    4.8    1.1   -5.6
   -21.145   168.691    5.2    1.5   -4.5
   -21.127   168.691    5.5    1.8   -3.8
   -21.109   168.691    5.6    2.1   -3.2
   -21.091   168.691    5.5    2.2   -2.6
   -21.073   168.691    5.5    2.2   -2.1
   -21.055   168.691    5.4    2.2   -1.4
   -21.037   168.691    5.3    2.2   -0.8
   -21.019   168.691    5.2    2.2   -0.1
   -21.001   168.691    5.0    2.3    0.5
   -20.984   168.691    4.7    2.4    0.9
   -20.966   168.691    4.4    2.4    1.2
   -20.948   168.691    4.0    2.5    1.4
   -20.930   168.691    3.6    2.5    1.4
   -20.912   168.691    3.2    2.5    1.3
   -20.894   168.691    2.7    2.3    1.2
   -20.876   168.691    2.3    2.2    1.0
   -20.858   168.691    2.0    2.0    0.9
   -20.840   168.691    1.7    1.8    0.7
   -20.822   168.691    1.4    1.6    0.6
   -20.804   168.691    1.2    1.4    0.6
   -20.786   168.691    1.0    1.3    0.5
   -20.768   168.691    0.9    1.1    0.4
   -20.750   168.691    0.8    1.0    0.4
   -20.732   168.691    0.7    0.9    0.4
   -20.714   168.691    0.6    0.8    0.3
   -20.696   168.691    0.5    0.7    0.3
   -20.678   168.691    0.5    0.6    0.3
   -20.661   168.691    0.4    0.6    0.3
   -20.643   168.691    0.4    0.5    0.2
   -20.625   168.691    0.4    0.5    0.2
   -20.607   168.691    0.3    0.4    0.2
   -20.589   168.691    0.3    0.4    0.2
   -20.571   168.691    0.3    0.4    0.2
   -20.553   168.691    0.3    0.3    0.2
   -20.535   168.691    0.2    0.3    0.2
   -20.517   168.691    0.2    0.3    0.2
   -20.499   168.691    0.2    0.3    0.1
   -20.481   168.691    0.2    0.3    0.1
   -20.463   168.691    0.2    0.2    0.1
   -20.445   168.691    0.2    0.2    0.1
   -20.427   168.691    0.2    0.2    0.1
   -20.409   168.691    0.2    0.2    0.1
   -20.391   168.691    0.1    0.2    0.1
   -20.373   168.691    0.1    0.2    0.1
   -20.355   168.691    0.1    0.2    0.1
   -20.338   168.691    0.1    0.2    0.1
   -20.320   168.691    0.1    0.1    0.1
   -20.302   168.691    0.1    0.1    0.1
   -20.284   168.691    0.1    0.1    0.1
   -20.266   168.691    0.1    0.1    0.1
   -20.248   168.691    0.1    0.1    0.1
   -20.230   168.691    0.1    0.1    0.1
   -20.212   168.691    0.1    0.1    0.1
   -20.194   168.691    0.1    0.1    0.1
   -20.176   168.691    0.1    0.1    0.1
   -20.158   168.691    0.1    0.1    0.1
   -20.140   168.691    0.1    0.1    0.1
   -21.935   168.711   -0.1    0.0    0.1
   -21.917   168.711   -0.1    0.0    0.1
   -21.899   168.711   -0.1    0.0    0.2
   -21.881   168.711   -0.1    0.0    0.2
   -21.863   168.711   -0.1    0.0    0.2
   -21.845   168.711   -0.1    0.1    0.2
   -21.827   168.711   -0.1    0.1    0.2
   -21.809   168.711   -0.1    0.1    0.2
   -21.791   168.711   -0.1    0.1    0.2
   -21.773   168.711   -0.1    0.1    0.2
   -21.755   168.711   -0.1    0.2    0.2
   -21.737   168.711   -0.1    0.2    0.2
   -21.719   168.711   -0.1    0.3    0.1
   -21.701   168.711   -0.1    0.3    0.1
   -21.683   168.711   -0.0    0.4    0.1
   -21.665   168.711    0.0    0.4    0.0
   -21.647   168.711    0.1    0.5   -0.0
   -21.630   168.711    0.2    0.6   -0.1
   -21.612   168.711    0.3    0.7   -0.3
   -21.594   168.711    0.4    0.7   -0.4
   -21.576   168.711    0.6    0.8   -0.6
   -21.558   168.711    0.7    0.8   -0.8
   -21.540   168.711    0.9    0.8   -0.9
   -21.522   168.711    1.0    0.7   -1.1
   -21.504   168.711    1.2    0.6   -1.2
   -21.486   168.711    1.3    0.6   -1.2
   -21.468   168.711    1.4    0.6   -1.3
   -21.450   168.711    1.6    0.7   -1.4
   -21.432   168.711    1.9    0.9   -1.5
   -21.414   168.711    2.2    1.3   -1.8
   -21.396   168.711    2.6    1.8   -2.4
   -21.378   168.711    2.8    2.4   -3.1
   -21.360   168.711    2.9    3.0   -3.9
   -21.342   168.711    2.8    3.4   -4.9
   -21.324   168.711    2.5    3.7   -5.9
   -21.307   168.711    2.2    3.7   -6.8
   -21.289   168.711    1.9    3.5   -7.6
   -21.271   168.711    1.7    3.0   -8.0
   -21.253   168.711    1.8    2.4   -8.0
   -21.235   168.711    2.1    1.8   -7.5
   -21.217   168.711    2.6    1.3   -6.7
   -21.199   168.711    3.3    1.1   -5.7
   -21.181   168.711    3.9    1.1   -4.7
   -21.163   168.711    4.4    1.4   -3.8
   -21.145   168.711    4.8    1.6   -3.1
   -21.127   168.711    5.1    1.9   -2.6
   -21.109   168.711    5.2    2.1   -2.1
   -21.091   168.711    5.2    2.2   -1.7
   -21.073   168.711    5.2    2.3   -1.3
   -21.055   168.711    5.1    2.3   -0.8
   -21.037   168.711    5.1    2.2   -0.3
   -21.019   168.711    5.0    2.3    0.3
   -21.001   168.711    4.8    2.3    0.7
   -20.984   168.711    4.6    2.4    1.0
   -20.966   168.711    4.3    2.5    1.3
   -20.948   168.711    4.0    2.5    1.3
   -20.930   168.711    3.6    2.5    1.3
   -20.912   168.711    3.2    2.5    1.2
   -20.894   168.711    2.8    2.4    1.1
   -20.876   168.711    2.4    2.2    1.0
   -20.858   168.711    2.1    2.1    0.9
   -20.840   168.711    1.8    1.9    0.7
   -20.822   168.711    1.5    1.7    0.6
   -20.804   168.711    1.3    1.5    0.6
   -20.786   168.711    1.1    1.3    0.5
   -20.768   168.711    1.0    1.2    0.4
   -20.750   168.711    0.9    1.1    0.4
   -20.732   168.711    0.8    1.0    0.3
   -20.714   168.711    0.7    0.9    0.3
   -20.696   168.711    0.6    0.8    0.3
   -20.678   168.711    0.5    0.7    0.3
   -20.661   168.711    0.5    0.6    0.2
   -20.643   168.711    0.4    0.6    0.2
   -20.625   168.711    0.4    0.5    0.2
   -20.607   168.711    0.4    0.5    0.2
   -20.589   168.711    0.3    0.4    0.2
   -20.571   168.711    0.3    0.4    0.2
   -20.553   168.711    0.3    0.4    0.2
   -20.535   168.711    0.3    0.3    0.2
   -20.517   168.711    0.2    0.3    0.2
   -20.499   168.711    0.2    0.3    0.1
   -20.481   168.711    0.2    0.3    0.1
   -20.463   168.711    0.2    0.3    0.1
   -20.445   168.711    0.2    0.2    0.1
   -20.427   168.711    0.2    0.2    0.1
   -20.409   168.711    0.2    0.2    0.1
   -20.391   168.711    0.2    0.2    0.1
   -20.373   168.711    0.1    0.2    0.1
   -20.355   168.711    0.1    0.2    0.1
   -20.338   168.711    0.1    0.2    0.1
   -20.320   168.711    0.1    0.2    0.1
   -20.302   168.711    0.1    0.1    0.1
   -20.284   168.711    0.1    0.1    0.1
   -20.266   168.711    0.1    0.1    0.1
   -20.248   168.711    0.1    0.1    0.1
   -20.230   168.711    0.1    0.1    0.1
   -20.212   168.711    0.1    0.1    0.1
   -20.194   168.711    0.1    0.1    0.1
   -20.176   168.711    0.1    0.1    0.1
   -20.158   168.711    0.1    0.1    0.1
   -20.140   168.711    0.1    0.1    0.1
   -21.935   168.730   -0.1    0.0    0.1
   -21.917   168.730   -0.1    0.0    0.1
   -21.899   168.730   -0.1    0.1    0.2
   -21.881   168.730   -0.1    0.1    0.2
   -21.863   168.730   -0.1    0.1    0.2
   -21.845   168.730   -0.1    0.1    0.2
   -21.827   168.730   -0.1    0.1    0.2
   -21.809   168.730   -0.1    0.1    0.2
   -21.791   168.730   -0.1    0.2    0.2
   -21.773   168.730   -0.1    0.2    0.2
   -21.755   168.730   -0.1    0.2    0.2
   -21.737   168.730   -0.1    0.3    0.1
   -21.719   168.730   -0.1    0.3    0.1
   -21.701   168.730   -0.0    0.4    0.1
   -21.683   168.730    0.0    0.5    0.0
   -21.665   168.730    0.1    0.6   -0.1
   -21.647   168.730    0.1    0.7   -0.2
   -21.630   168.730    0.3    0.8   -0.3
   -21.612   168.730    0.4    0.9   -0.5
   -21.594   168.730    0.6    1.0   -0.8
   -21.576   168.730    0.8    1.0   -1.0
   -21.558   168.730    1.0    1.0   -1.3
   -21.540   168.730    1.2    0.9   -1.6
   -21.522   168.730    1.3    0.8   -1.8
   -21.504   168.730    1.5    0.6   -1.9
   -21.486   168.730    1.5    0.5   -1.9
   -21.468   168.730    1.6    0.5   -1.9
   -21.450   168.730    1.6    0.5   -1.8
   -21.432   168.730    1.7    0.7   -1.9
   -21.414   168.730    1.9    1.1   -2.1
   -21.396   168.730    2.0    1.5   -2.4
   -21.378   168.730    2.1    1.9   -2.9
   -21.360   168.730    2.2    2.3   -3.5
   -21.342   168.730    2.1    2.5   -4.0
   -21.324   168.730    2.0    2.7   -4.5
   -21.307   168.730    1.9    2.8   -4.9
   -21.289   168.730    1.8    2.6   -5.2
   -21.271   168.730    1.8    2.4   -5.4
   -21.253   168.730    2.0    2.0   -5.3
   -21.235   168.730    2.4    1.6   -4.9
   -21.217   168.730    2.9    1.4   -4.3
   -21.199   168.730    3.4    1.3   -3.6
   -21.181   168.730    3.9    1.4   -2.9
   -21.163   168.730    4.3    1.6   -2.4
   -21.145   168.730    4.6    1.8   -1.9
   -21.127   168.730    4.8    2.0   -1.5
   -21.109   168.730    4.9    2.1   -1.2
   -21.091   168.730    5.0    2.2   -0.9
   -21.073   168.730    5.0    2.3   -0.6
   -21.055   168.730    4.9    2.3   -0.2
   -21.037   168.730    4.9    2.3    0.2
   -21.019   168.730    4.8    2.3    0.5
   -21.001   168.730    4.7    2.3    0.9
   -20.984   168.730    4.5    2.4    1.1
   -20.966   168.730    4.3    2.5    1.2
   -20.948   168.730    4.0    2.5    1.3
   -20.930   168.730    3.6    2.5    1.3
   -20.912   168.730    3.3    2.5    1.2
   -20.894   168.730    2.9    2.4    1.1
   -20.876   168.730    2.5    2.2    0.9
   -20.858   168.730    2.2    2.1    0.8
   -20.840   168.730    1.9    1.9    0.7
   -20.822   168.730    1.6    1.7    0.6
   -20.804   168.730    1.4    1.6    0.5
   -20.786   168.730    1.2    1.4    0.5
   -20.768   168.730    1.1    1.3    0.4
   -20.750   168.730    0.9    1.1    0.4
   -20.732   168.730    0.8    1.0    0.3
   -20.714   168.730    0.7    0.9    0.3
   -20.696   168.730    0.6    0.8    0.3
   -20.678   168.730    0.6    0.7    0.3
   -20.661   168.730    0.5    0.7    0.2
   -20.643   168.730    0.5    0.6    0.2
   -20.625   168.730    0.4    0.6    0.2
   -20.607   168.730    0.4    0.5    0.2
   -20.589   168.730    0.4    0.5    0.2
   -20.571   168.730    0.3    0.4    0.2
   -20.553   168.730    0.3    0.4    0.2
   -20.535   168.730    0.3    0.4    0.2
   -20.517   168.730    0.3    0.3    0.1
   -20.499   168.730    0.2    0.3    0.1
   -20.481   168.730    0.2    0.3    0.1
   -20.463   168.730    0.2    0.3    0.1
   -20.445   168.730    0.2    0.3    0.1
   -20.427   168.730    0.2    0.2    0.1
   -20.409   168.730    0.2    0.2    0.1
   -20.391   168.730    0.2    0.2    0.1
   -20.373   168.730    0.2    0.2    0.1
   -20.355   168.730    0.1    0.2    0.1
   -20.338   168.730    0.1    0.2    0.1
   -20.320   168.730    0.1    0.2    0.1
   -20.302   168.730    0.1    0.2    0.1
   -20.284   168.730    0.1    0.2    0.1
   -20.266   168.730    0.1    0.1    0.1
   -20.248   168.730    0.1    0.1    0.1
   -20.230   168.730    0.1    0.1    0.1
   -20.212   168.730    0.1    0.1    0.1
   -20.194   168.730    0.1    0.1    0.1
   -20.176   168.730    0.1    0.1    0.1
   -20.158   168.730    0.1    0.1    0.1
   -20.140   168.730    0.1    0.1    0.1
   -21.935   168.749   -0.1    0.0    0.1
   -21.917   168.749   -0.1    0.1    0.1
   -21.899   168.749   -0.1    0.1    0.2
   -21.881   168.749   -0.1    0.1    0.2
   -21.863   168.749   -0.1    0.1    0.2
   -21.845   168.749   -0.1    0.1    0.2
   -21.827   168.749   -0.1    0.1    0.2
   -21.809   168.749   -0.1    0.2    0.2
   -21.791   168.749   -0.1    0.2    0.2
   -21.773   168.749   -0.1    0.2    0.1
   -21.755   168.749   -0.1    0.3    0.1
   -21.737   168.749   -0.1    0.3    0.1
   -21.719   168.749   -0.0    0.4    0.1
   -21.701   168.749   -0.0    0.5    0.0
   -21.683   168.749    0.0    0.6   -0.1
   -21.665   168.749    0.1    0.7   -0.2
   -21.647   168.749    0.2    0.9   -0.3
   -21.630   168.749    0.3    1.0   -0.5
   -21.612   168.749    0.5    1.1   -0.8
   -21.594   168.749    0.7    1.2   -1.2
   -21.576   168.749    0.9    1.3   -1.5
   -21.558   168.749    1.1    1.2   -2.0
   -21.540   168.749    1.3    1.1   -2.3
   -21.522   168.749    1.5    0.8   -2.6
   -21.504   168.749    1.6    0.6   -2.7
   -21.486   168.749    1.7    0.4   -2.7
   -21.468   168.749    1.6    0.2   -2.5
   -21.450   168.749    1.6    0.3   -2.3
   -21.432   168.749    1.6    0.4   -2.2
   -21.414   168.749    1.6    0.7   -2.2
   -21.396   168.749    1.7    1.0   -2.4
   -21.378   168.749    1.7    1.3   -2.6
   -21.360   168.749    1.7    1.6   -2.8
   -21.342   168.749    1.8    1.8   -3.0
   -21.324   168.749    1.8    1.9   -3.2
   -21.307   168.749    1.9    1.9   -3.3
   -21.289   168.749    2.0    1.9   -3.3
   -21.271   168.749    2.2    1.8   -3.2
   -21.253   168.749    2.4    1.7   -3.1
   -21.235   168.749    2.8    1.5   -2.8
   -21.217   168.749    3.2    1.4   -2.4
   -21.199   168.749    3.6    1.5   -1.9
   -21.181   168.749    4.0    1.6   -1.5
   -21.163   168.749    4.4    1.7   -1.2
   -21.145   168.749    4.6    1.9   -0.9
   -21.127   168.749    4.7    2.1   -0.7
   -21.109   168.749    4.8    2.2   -0.5
   -21.091   168.749    4.8    2.2   -0.3
   -21.073   168.749    4.8    2.2   -0.1
   -21.055   168.749    4.8    2.2    0.2
   -21.037   168.749    4.8    2.2    0.4
   -21.019   168.749    4.7    2.3    0.7
   -21.001   168.749    4.6    2.3    0.9
   -20.984   168.749    4.4    2.4    1.1
   -20.966   168.749    4.2    2.4    1.2
   -20.948   168.749    3.9    2.5    1.2
   -20.930   168.749    3.6    2.5    1.2
   -20.912   168.749    3.3    2.4    1.1
   -20.894   168.749    2.9    2.3    1.0
   -20.876   168.749    2.6    2.2    0.9
   -20.858   168.749    2.3    2.1    0.8
   -20.840   168.749    2.0    1.9    0.7
   -20.822   168.749    1.7    1.7    0.6
   -20.804   168.749    1.5    1.6    0.5
   -20.786   168.749    1.3    1.4    0.4
   -20.768   168.749    1.1    1.3    0.4
   -20.750   168.749    1.0    1.2    0.4
   -20.732   168.749    0.9    1.1    0.3
   -20.714   168.749    0.8    1.0    0.3
   -20.696   168.749    0.7    0.9    0.3
   -20.678   168.749    0.6    0.8    0.2
   -20.661   168.749    0.6    0.7    0.2
   -20.643   168.749    0.5    0.6    0.2
   -20.625   168.749    0.5    0.6    0.2
   -20.607   168.749    0.4    0.5    0.2
   -20.589   168.749    0.4    0.5    0.2
   -20.571   168.749    0.4    0.5    0.2
   -20.553   168.749    0.3    0.4    0.2
   -20.535   168.749    0.3    0.4    0.1
   -20.517   168.749    0.3    0.4    0.1
   -20.499   168.749    0.3    0.3    0.1
   -20.481   168.749    0.2    0.3    0.1
   -20.463   168.749    0.2    0.3    0.1
   -20.445   168.749    0.2    0.3    0.1
   -20.427   168.749    0.2    0.3    0.1
   -20.409   168.749    0.2    0.2    0.1
   -20.391   168.749    0.2    0.2    0.1
   -20.373   168.749    0.2    0.2    0.1
   -20.355   168.749    0.2    0.2    0.1
   -20.338   168.749    0.2    0.2    0.1
   -20.320   168.749    0.1    0.2    0.1
   -20.302   168.749    0.1    0.2    0.1
   -20.284   168.749    0.1    0.2    0.1
   -20.266   168.749    0.1    0.2    0.1
   -20.248   168.749    0.1    0.1    0.1
   -20.230   168.749    0.1    0.1    0.1
   -20.212   168.749    0.1    0.1    0.1
   -20.194   168.749    0.1    0.1    0.1
   -20.176   168.749    0.1    0.1    0.1
   -20.158   168.749    0.1    0.1    0.1
   -20.140   168.749    0.1    0.1    0.1
   -21.935   168.768   -0.1    0.1    0.1
   -21.917   168.768   -0.1    0.1    0.1
   -21.899   168.768   -0.1    0.1    0.2
   -21.881   168.768   -0.1    0.1    0.2
   -21.863   168.768   -0.1    0.1    0.2
   -21.845   168.768   -0.1    0.1    0.2
   -21.827   168.768   -0.1    0.2    0.2
   -21.809   168.768   -0.1    0.2    0.2
   -21.791   168.768   -0.1    0.2    0.1
   -21.773   168.768   -0.1    0.3    0.1
   -21.755   168.768   -0.1    0.3    0.1
   -21.737   168.768   -0.0    0.4    0.1
   -21.719   168.768   -0.0    0.5    0.0
   -21.701   168.768    0.0    0.6   -0.0
   -21.683   168.768    0.0    0.7   -0.1
   -21.665   168.768    0.1    0.9   -0.3
   -21.647   168.768    0.2    1.0   -0.5
   -21.630   168.768    0.3    1.2   -0.8
   -21.612   168.768    0.5    1.4   -1.1
   -21.594   168.768    0.7    1.5   -1.6
   -21.576   168.768    0.9    1.5   -2.1
   -21.558   168.768    1.1    1.5   -2.7
   -21.540   168.768    1.4    1.2   -3.1
   -21.522   168.768    1.5    0.9   -3.5
   -21.504   168.768    1.6    0.5   -3.6
   -21.486   168.768    1.6    0.2   -3.5
   -21.468   168.768    1.6   -0.0   -3.1
   -21.450   168.768    1.5   -0.1   -2.8
   -21.432   168.768    1.4    0.1   -2.5
   -21.414   168.768    1.4    0.3   -2.2
   -21.396   168.768    1.4    0.6   -2.2
   -21.378   168.768    1.4    0.8   -2.2
   -21.360   168.768    1.5    1.0   -2.2
   -21.342   168.768    1.7    1.1   -2.1
   -21.324   168.768    1.9    1.2   -2.0
   -21.307   168.768    2.1    1.3   -1.9
   -21.289   168.768    2.3    1.4   -1.8
   -21.271   168.768    2.6    1.4   -1.7
   -21.253   168.768    2.9    1.4   -1.5
   -21.235   168.768    3.2    1.4   -1.2
   -21.217   168.768    3.6    1.4   -1.0
   -21.199   168.768    3.9    1.5   -0.7
   -21.181   168.768    4.2    1.7   -0.5
   -21.163   168.768    4.4    1.8   -0.3
   -21.145   168.768    4.6    1.9   -0.2
   -21.127   168.768    4.7    2.1   -0.1
   -21.109   168.768    4.7    2.1   -0.0
   -21.091   168.768    4.7    2.2    0.1
   -21.073   168.768    4.7    2.2    0.3
   -21.055   168.768    4.7    2.2    0.4
   -21.037   168.768    4.7    2.2    0.6
   -21.019   168.768    4.6    2.2    0.8
   -21.001   168.768    4.5    2.3    1.0
   -20.984   168.768    4.3    2.3    1.1
   -20.966   168.768    4.1    2.4    1.1
   -20.948   168.768    3.8    2.4    1.1
   -20.930   168.768    3.5    2.4    1.1
   -20.912   168.768    3.2    2.3    1.0
   -20.894   168.768    2.9    2.3    0.9
   -20.876   168.768    2.6    2.1    0.8
   -20.858   168.768    2.3    2.0    0.7
   -20.840   168.768    2.0    1.9    0.6
   -20.822   168.768    1.8    1.7    0.5
   -20.804   168.768    1.6    1.6    0.5
   -20.786   168.768    1.4    1.4    0.4
   -20.768   168.768    1.2    1.3    0.4
   -20.750   168.768    1.1    1.2    0.3
   -20.732   168.768    0.9    1.1    0.3
   -20.714   168.768    0.8    1.0    0.3
   -20.696   168.768    0.8    0.9    0.2
   -20.678   168.768    0.7    0.8    0.2
   -20.661   168.768    0.6    0.7    0.2
   -20.643   168.768    0.5    0.7    0.2
   -20.625   168.768    0.5    0.6    0.2
   -20.607   168.768    0.5    0.6    0.2
   -20.589   168.768    0.4    0.5    0.2
   -20.571   168.768    0.4    0.5    0.2
   -20.553   168.768    0.4    0.4    0.1
   -20.535   168.768    0.3    0.4    0.1
   -20.517   168.768    0.3    0.4    0.1
   -20.499   168.768    0.3    0.4    0.1
   -20.481   168.768    0.3    0.3    0.1
   -20.463   168.768    0.2    0.3    0.1
   -20.445   168.768    0.2    0.3    0.1
   -20.427   168.768    0.2    0.3    0.1
   -20.409   168.768    0.2    0.3    0.1
   -20.391   168.768    0.2    0.2    0.1
   -20.373   168.768    0.2    0.2    0.1
   -20.355   168.768    0.2    0.2    0.1
   -20.338   168.768    0.2    0.2    0.1
   -20.320   168.768    0.2    0.2    0.1
   -20.302   168.768    0.1    0.2    0.1
   -20.284   168.768    0.1    0.2    0.1
   -20.266   168.768    0.1    0.2    0.1
   -20.248   168.768    0.1    0.2    0.1
   -20.230   168.768    0.1    0.1    0.1
   -20.212   168.768    0.1    0.1    0.1
   -20.194   168.768    0.1    0.1    0.1
   -20.176   168.768    0.1    0.1    0.1
   -20.158   168.768    0.1    0.1    0.1
   -20.140   168.768    0.1    0.1    0.1
   -21.935   168.788   -0.1    0.1    0.1
   -21.917   168.788   -0.1    0.1    0.1
   -21.899   168.788   -0.1    0.1    0.2
   -21.881   168.788   -0.1    0.1    0.2
   -21.863   168.788   -0.1    0.1    0.2
   -21.845   168.788   -0.1    0.2    0.2
   -21.827   168.788   -0.1    0.2    0.2
   -21.809   168.788   -0.1    0.2    0.1
   -21.791   168.788   -0.1    0.3    0.1
   -21.773   168.788   -0.1    0.3    0.1
   -21.755   168.788   -0.1    0.4    0.1
   -21.737   168.788   -0.0    0.5    0.1
   -21.719   168.788   -0.0    0.6    0.0
   -21.701   168.788   -0.0    0.7   -0.1
   -21.683   168.788    0.0    0.8   -0.2
   -21.665   168.788    0.1    1.0   -0.4
   -21.647   168.788    0.2    1.2   -0.6
   -21.630   168.788    0.3    1.4   -0.9
   -21.612   168.788    0.4    1.6   -1.4
   -21.594   168.788    0.6    1.7   -1.9
   -21.576   168.788    0.7    1.8   -2.6
   -21.558   168.788    1.0    1.7   -3.3
   -21.540   168.788    1.1    1.4   -3.9
   -21.522   168.788    1.3    0.9   -4.3
   -21.504   168.788    1.3    0.4   -4.3
   -21.486   168.788    1.3   -0.0   -4.1
   -21.468   168.788    1.3   -0.3   -3.6
   -21.450   168.788    1.2   -0.4   -3.1
   -21.432   168.788    1.2   -0.3   -2.5
   -21.414   168.788    1.2   -0.1   -2.2
   -21.396   168.788    1.2    0.1   -1.9
   -21.378   168.788    1.3    0.3   -1.7
   -21.360   168.788    1.5    0.5   -1.5
   -21.342   168.788    1.7    0.6   -1.3
   -21.324   168.788    2.0    0.7   -1.1
   -21.307   168.788    2.3    0.9   -0.9
   -21.289   168.788    2.6    1.0   -0.7
   -21.271   168.788    2.9    1.1   -0.5
   -21.253   168.788    3.2    1.2   -0.4
   -21.235   168.788    3.6    1.3   -0.2
   -21.217   168.788    3.9    1.4   -0.1
   -21.199   168.788    4.1    1.5    0.1
   -21.181   168.788    4.4    1.7    0.2
   -21.163   168.788    4.5    1.8    0.2
   -21.145   168.788    4.6    1.9    0.3
   -21.127   168.788    4.6    2.0    0.3
   -21.109   168.788    4.6    2.1    0.4
   -21.091   168.788    4.6    2.1    0.4
   -21.073   168.788    4.6    2.1    0.5
   -21.055   168.788    4.6    2.1    0.6
   -21.037   168.788    4.5    2.1    0.7
   -21.019   168.788    4.5    2.2    0.8
   -21.001   168.788    4.3    2.2    0.9
   -20.984   168.788    4.2    2.2    1.0
   -20.966   168.788    4.0    2.3    1.0
   -20.948   168.788    3.7    2.3    1.0
   -20.930   168.788    3.5    2.3    1.0
   -20.912   168.788    3.2    2.2    0.9
   -20.894   168.788    2.9    2.2    0.8
   -20.876   168.788    2.6    2.1    0.7
   -20.858   168.788    2.3    2.0    0.6
   -20.840   168.788    2.0    1.8    0.6
   -20.822   168.788    1.8    1.7    0.5
   -20.804   168.788    1.6    1.6    0.4
   -20.786   168.788    1.4    1.4    0.4
   -20.768   168.788    1.3    1.3    0.3
   -20.750   168.788    1.1    1.2    0.3
   -20.732   168.788    1.0    1.1    0.3
   -20.714   168.788    0.9    1.0    0.3
   -20.696   168.788    0.8    0.9    0.2
   -20.678   168.788    0.7    0.8    0.2
   -20.661   168.788    0.6    0.8    0.2
   -20.643   168.788    0.6    0.7    0.2
   -20.625   168.788    0.5    0.6    0.2
   -20.607   168.788    0.5    0.6    0.2
   -20.589   168.788    0.4    0.5    0.1
   -20.571   168.788    0.4    0.5    0.1
   -20.553   168.788    0.4    0.5    0.1
   -20.535   168.788    0.3    0.4    0.1
   -20.517   168.788    0.3    0.4    0.1
   -20.499   168.788    0.3    0.4    0.1
   -20.481   168.788    0.3    0.3    0.1
   -20.463   168.788    0.3    0.3    0.1
   -20.445   168.788    0.2    0.3    0.1
   -20.427   168.788    0.2    0.3    0.1
   -20.409   168.788    0.2    0.3    0.1
   -20.391   168.788    0.2    0.3    0.1
   -20.373   168.788    0.2    0.2    0.1
   -20.355   168.788    0.2    0.2    0.1
   -20.338   168.788    0.2    0.2    0.1
   -20.320   168.788    0.2    0.2    0.1
   -20.302   168.788    0.2    0.2    0.1
   -20.284   168.788    0.1    0.2    0.1
   -20.266   168.788    0.1    0.2    0.1
   -20.248   168.788    0.1    0.2    0.1
   -20.230   168.788    0.1    0.2    0.1
   -20.212   168.788    0.1    0.1    0.1
   -20.194   168.788    0.1    0.1    0.1
   -20.176   168.788    0.1    0.1    0.1
   -20.158   168.788    0.1    0.1    0.1
   -20.140   168.788    0.1    0.1    0.1
   -21.935   168.807   -0.1    0.1    0.1
   -21.917   168.807   -0.1    0.1    0.1
   -21.899   168.807   -0.1    0.1    0.2
   -21.881   168.807   -0.1    0.1    0.2
   -21.863   168.807   -0.1    0.2    0.2
   -21.845   168.807   -0.1    0.2    0.2
   -21.827   168.807   -0.1    0.2    0.1
   -21.809   168.807   -0.1    0.3    0.1
   -21.791   168.807   -0.1    0.3    0.1
   -21.773   168.807   -0.1    0.4    0.1
   -21.755   168.807   -0.1    0.4    0.1
   -21.737   168.807   -0.0    0.5    0.0
   -21.719   168.807   -0.0    0.6   -0.0
   -21.701   168.807   -0.0    0.7   -0.1
   -21.683   168.807    0.0    0.9   -0.2
   -21.665   168.807    0.0    1.0   -0.4
   -21.647   168.807    0.1    1.3   -0.7
   -21.630   168.807    0.1    1.5   -1.1
   -21.612   168.807    0.2    1.7   -1.6
   -21.594   168.807    0.3    1.8   -2.2
   -21.576   168.807    0.5    1.9   -2.9
   -21.558   168.807    0.6    1.8   -3.7
   -21.540   168.807    0.7    1.4   -4.3
   -21.522   168.807    0.8    0.9   -4.7
   -21.504   168.807    0.8    0.4   -4.7
   -21.486   168.807    0.9   -0.1   -4.4
   -21.468   168.807    0.9   -0.5   -3.8
   -21.450   168.807    0.9   -0.6   -3.1
   -21.432   168.807    0.9   -0.5   -2.5
   -21.414   168.807    1.0   -0.3   -1.9
   -21.396   168.807    1.1   -0.1   -1.6
   -21.378   168.807    1.3    0.0   -1.3
   -21.360   168.807    1.5    0.2   -1.0
   -21.342   168.807    1.8    0.3   -0.7
   -21.324   168.807    2.1    0.4   -0.5
   -21.307   168.807    2.5    0.5   -0.2
   -21.289   168.807    2.9    0.7   -0.0
   -21.271   168.807    3.2    0.9    0.2
   -21.253   168.807    3.5    1.0    0.3
   -21.235   168.807    3.8    1.2    0.4
   -21.217   168.807    4.1    1.3    0.5
   -21.199   168.807    4.3    1.5    0.6
   -21.181   168.807    4.4    1.6    0.6
   -21.163   168.807    4.5    1.8    0.6
   -21.145   168.807    4.6    1.9    0.6
   -21.127   168.807    4.6    1.9    0.6
   -21.109   168.807    4.6    2.0    0.6
   -21.091   168.807    4.5    2.0    0.6
   -21.073   168.807    4.5    2.0    0.6
   -21.055   168.807    4.5    2.0    0.7
   -21.037   168.807    4.4    2.0    0.8
   -21.019   168.807    4.3    2.1    0.8
   -21.001   168.807    4.2    2.1    0.9
   -20.984   168.807    4.0    2.1    0.9
   -20.966   168.807    3.8    2.2    0.9
   -20.948   168.807    3.6    2.2    0.9
   -20.930   168.807    3.4    2.2    0.8
   -20.912   168.807    3.1    2.1    0.8
   -20.894   168.807    2.8    2.1    0.7
   -20.876   168.807    2.6    2.0    0.7
   -20.858   168.807    2.3    1.9    0.6
   -20.840   168.807    2.1    1.8    0.5
   -20.822   168.807    1.8    1.7    0.5
   -20.804   168.807    1.6    1.5    0.4
   -20.786   168.807    1.5    1.4    0.4
   -20.768   168.807    1.3    1.3    0.3
   -20.750   168.807    1.2    1.2    0.3
   -20.732   168.807    1.0    1.1    0.3
   -20.714   168.807    0.9    1.0    0.2
   -20.696   168.807    0.8    0.9    0.2
   -20.678   168.807    0.7    0.9    0.2
   -20.661   168.807    0.7    0.8    0.2
   -20.643   168.807    0.6    0.7    0.2
   -20.625   168.807    0.6    0.7    0.2
   -20.607   168.807    0.5    0.6    0.1
   -20.589   168.807    0.5    0.6    0.1
   -20.571   168.807    0.4    0.5    0.1
   -20.553   168.807    0.4    0.5    0.1
   -20.535   168.807    0.4    0.4    0.1
   -20.517   168.807    0.3    0.4    0.1
   -20.499   168.807    0.3    0.4    0.1
   -20.481   168.807    0.3    0.4    0.1
   -20.463   168.807    0.3    0.3    0.1
   -20.445   168.807    0.3    0.3    0.1
   -20.427   168.807    0.2    0.3    0.1
   -20.409   168.807    0.2    0.3    0.1
   -20.391   168.807    0.2    0.3    0.1
   -20.373   168.807    0.2    0.2    0.1
   -20.355   168.807    0.2    0.2    0.1
   -20.338   168.807    0.2    0.2    0.1
   -20.320   168.807    0.2    0.2    0.1
   -20.302   168.807    0.2    0.2    0.1
   -20.284   168.807    0.2    0.2    0.1
   -20.266   168.807    0.1    0.2    0.1
   -20.248   168.807    0.1    0.2    0.1
   -20.230   168.807    0.1    0.2    0.1
   -20.212   168.807    0.1    0.2    0.1
   -20.194   168.807    0.1    0.1    0.1
   -20.176   168.807    0.1    0.1    0.1
   -20.158   168.807    0.1    0.1    0.1
   -20.140   168.807    0.1    0.1    0.1
   -21.935   168.826   -0.1    0.1    0.1
   -21.917   168.826   -0.1    0.1    0.1
   -21.899   168.826   -0.1    0.1    0.1
   -21.881   168.826   -0.1    0.1    0.2
   -21.863   168.826   -0.1    0.2    0.2
   -21.845   168.826   -0.1    0.2    0.1
   -21.827   168.826   -0.1    0.2    0.1
   -21.809   168.826   -0.1    0.3    0.1
   -21.791   168.826   -0.1    0.3    0.1
   -21.773   168.826   -0.1    0.4    0.1
   -21.755   168.826   -0.1    0.4    0.1
   -21.737   168.826   -0.1    0.5    0.0
   -21.719   168.826   -0.1    0.6   -0.0
   -21.701   168.826   -0.1    0.8   -0.1
   -21.683   168.826   -0.0    0.9   -0.3
   -21.665   168.826   -0.0    1.1   -0.5
   -21.647   168.826   -0.0    1.3   -0.7
   -21.630   168.826   -0.0    1.5   -1.1
   -21.612   168.826    0.0    1.7   -1.6
   -21.594   168.826    0.0    1.9   -2.3
   -21.576   168.826    0.1    1.9   -3.0
   -21.558   168.826    0.1    1.7   -3.7
   -21.540   168.826    0.2    1.4   -4.3
   -21.522   168.826    0.2    0.9   -4.7
   -21.504   168.826    0.3    0.3   -4.6
   -21.486   168.826    0.3   -0.2   -4.2
   -21.468   168.826    0.4   -0.5   -3.5
   -21.450   168.826    0.5   -0.6   -2.8
   -21.432   168.826    0.7   -0.6   -2.2
   -21.414   168.826    0.8   -0.5   -1.6
   -21.396   168.826    1.0   -0.3   -1.2
   -21.378   168.826    1.3   -0.2   -0.8
   -21.360   168.826    1.6   -0.0   -0.5
   -21.342   168.826    1.9    0.1   -0.3
   -21.324   168.826    2.3    0.2   -0.0
   -21.307   168.826    2.7    0.3    0.2
   -21.289   168.826    3.1    0.5    0.4
   -21.271   168.826    3.4    0.7    0.6
   -21.253   168.826    3.7    0.9    0.7
   -21.235   168.826    4.0    1.1    0.8
   -21.217   168.826    4.2    1.3    0.8
   -21.199   168.826    4.3    1.4    0.8
   -21.181   168.826    4.4    1.6    0.8
   -21.163   168.826    4.5    1.7    0.8
   -21.145   168.826    4.5    1.8    0.7
   -21.127   168.826    4.5    1.8    0.7
   -21.109   168.826    4.5    1.9    0.7
   -21.091   168.826    4.4    1.9    0.7
   -21.073   168.826    4.4    1.9    0.7
   -21.055   168.826    4.3    1.9    0.7
   -21.037   168.826    4.2    2.0    0.7
   -21.019   168.826    4.1    2.0    0.8
   -21.001   168.826    4.0    2.0    0.8
   -20.984   168.826    3.9    2.0    0.8
   -20.966   168.826    3.7    2.0    0.8
   -20.948   168.826    3.5    2.0    0.8
   -20.930   168.826    3.2    2.0    0.7
   -20.912   168.826    3.0    2.0    0.7
   -20.894   168.826    2.8    1.9    0.6
   -20.876   168.826    2.5    1.9    0.6
   -20.858   168.826    2.3    1.8    0.5
   -20.840   168.826    2.0    1.7    0.5
   -20.822   168.826    1.8    1.6    0.4
   -20.804   168.826    1.7    1.5    0.4
   -20.786   168.826    1.5    1.4    0.3
   -20.768   168.826    1.3    1.3    0.3
   -20.750   168.826    1.2    1.2    0.3
   -20.732   168.826    1.1    1.1    0.2
   -20.714   168.826    1.0    1.0    0.2
   -20.696   168.826    0.9    0.9    0.2
   -20.678   168.826    0.8    0.9    0.2
   -20.661   168.826    0.7    0.8    0.2
   -20.643   168.826    0.6    0.7    0.2
   -20.625   168.826    0.6    0.7    0.1
   -20.607   168.826    0.5    0.6    0.1
   -20.589   168.826    0.5    0.6    0.1
   -20.571   168.826    0.5    0.5    0.1
   -20.553   168.826    0.4    0.5    0.1
   -20.535   168.826    0.4    0.5    0.1
   -20.517   168.826    0.4    0.4    0.1
   -20.499   168.826    0.3    0.4    0.1
   -20.481   168.826    0.3    0.4    0.1
   -20.463   168.826    0.3    0.4    0.1
   -20.445   168.826    0.3    0.3    0.1
   -20.427   168.826    0.3    0.3    0.1
   -20.409   168.826    0.2    0.3    0.1
   -20.391   168.826    0.2    0.3    0.1
   -20.373   168.826    0.2    0.3    0.1
   -20.355   168.826    0.2    0.2    0.1
   -20.338   168.826    0.2    0.2    0.1
   -20.320   168.826    0.2    0.2    0.1
   -20.302   168.826    0.2    0.2    0.1
   -20.284   168.826    0.2    0.2    0.1
   -20.266   168.826    0.1    0.2    0.1
   -20.248   168.826    0.1    0.2    0.1
   -20.230   168.826    0.1    0.2    0.1
   -20.212   168.826    0.1    0.2    0.1
   -20.194   168.826    0.1    0.2    0.1
   -20.176   168.826    0.1    0.1    0.1
   -20.158   168.826    0.1    0.1    0.1
   -20.140   168.826    0.1    0.1    0.1
   -21.935   168.845   -0.0    0.1    0.1
   -21.917   168.845   -0.0    0.1    0.1
   -21.899   168.845   -0.1    0.1    0.1
   -21.881   168.845   -0.1    0.2    0.1
   -21.863   168.845   -0.1    0.2    0.1
   -21.845   168.845   -0.1    0.2    0.1
   -21.827   168.845   -0.1    0.2    0.1
   -21.809   168.845   -0.1    0.3    0.1
   -21.791   168.845   -0.1    0.3    0.1
   -21.773   168.845   -0.1    0.4    0.1
   -21.755   168.845   -0.1    0.4    0.1
   -21.737   168.845   -0.1    0.5    0.0
   -21.719   168.845   -0.1    0.6   -0.0
   -21.701   168.845   -0.1    0.7   -0.1
   -21.683   168.845   -0.1    0.9   -0.3
   -21.665   168.845   -0.1    1.1   -0.5
   -21.647   168.845   -0.1    1.2   -0.7
   -21.630   168.845   -0.2    1.4   -1.1
   -21.612   168.845   -0.2    1.6   -1.5
   -21.594   168.845   -0.2    1.7   -2.1
   -21.576   168.845   -0.3    1.7   -2.7
   -21.558   168.845   -0.3    1.6   -3.4
   -21.540   168.845   -0.3    1.2   -3.9
   -21.522   168.845   -0.3    0.8   -4.1
   -21.504   168.845   -0.2    0.2   -4.0
   -21.486   168.845   -0.1   -0.2   -3.6
   -21.468   168.845    0.1   -0.5   -3.0
   -21.450   168.845    0.3   -0.6   -2.3
   -21.432   168.845    0.5   -0.5   -1.7
   -21.414   168.845    0.8   -0.4   -1.2
   -21.396   168.845    1.0   -0.3   -0.8
   -21.378   168.845    1.3   -0.2   -0.5
   -21.360   168.845    1.6   -0.1   -0.2
   -21.342   168.845    2.0   -0.0    0.1
   -21.324   168.845    2.4    0.1    0.3
   -21.307   168.845    2.8    0.2    0.5
   -21.289   168.845    3.2    0.4    0.7
   -21.271   168.845    3.5    0.6    0.8
   -21.253   168.845    3.8    0.8    0.9
   -21.235   168.845    4.0    1.0    1.0
   -21.217   168.845    4.2    1.2    1.0
   -21.199   168.845    4.3    1.3    1.0
   -21.181   168.845    4.4    1.5    0.9
   -21.163   168.845    4.4    1.6    0.9
   -21.145   168.845    4.4    1.7    0.8
   -21.127   168.845    4.4    1.7    0.8
   -21.109   168.845    4.3    1.8    0.7
   -21.091   168.845    4.3    1.8    0.7
   -21.073   168.845    4.2    1.8    0.7
   -21.055   168.845    4.1    1.8    0.7
   -21.037   168.845    4.1    1.9    0.7
   -21.019   168.845    4.0    1.9    0.7
   -21.001   168.845    3.8    1.9    0.7
   -20.984   168.845    3.7    1.9    0.7
   -20.966   168.845    3.5    1.9    0.7
   -20.948   168.845    3.3    1.9    0.7
   -20.930   168.845    3.1    1.9    0.6
   -20.912   168.845    2.9    1.9    0.6
   -20.894   168.845    2.7    1.8    0.6
   -20.876   168.845    2.5    1.8    0.5
   -20.858   168.845    2.2    1.7    0.5
   -20.840   168.845    2.0    1.6    0.4
   -20.822   168.845    1.8    1.5    0.4
   -20.804   168.845    1.7    1.4    0.3
   -20.786   168.845    1.5    1.4    0.3
   -20.768   168.845    1.3    1.3    0.3
   -20.750   168.845    1.2    1.2    0.2
   -20.732   168.845    1.1    1.1    0.2
   -20.714   168.845    1.0    1.0    0.2
   -20.696   168.845    0.9    0.9    0.2
   -20.678   168.845    0.8    0.9    0.2
   -20.661   168.845    0.7    0.8    0.2
   -20.643   168.845    0.7    0.7    0.1
   -20.625   168.845    0.6    0.7    0.1
   -20.607   168.845    0.6    0.6    0.1
   -20.589   168.845    0.5    0.6    0.1
   -20.571   168.845    0.5    0.5    0.1
   -20.553   168.845    0.4    0.5    0.1
   -20.535   168.845    0.4    0.5    0.1
   -20.517   168.845    0.4    0.4    0.1
   -20.499   168.845    0.3    0.4    0.1
   -20.481   168.845    0.3    0.4    0.1
   -20.463   168.845    0.3    0.4    0.1
   -20.445   168.845    0.3    0.3    0.1
   -20.427   168.845    0.3    0.3    0.1
   -20.409   168.845    0.2    0.3    0.1
   -20.391   168.845    0.2    0.3    0.1
   -20.373   168.845    0.2    0.3    0.1
   -20.355   168.845    0.2    0.3    0.1
   -20.338   168.845    0.2    0.2    0.1
   -20.320   168.845    0.2    0.2    0.1
   -20.302   168.845    0.2    0.2    0.1
   -20.284   168.845    0.2    0.2    0.1
   -20.266   168.845    0.2    0.2    0.1
   -20.248   168.845    0.1    0.2    0.1
   -20.230   168.845    0.1    0.2    0.1
   -20.212   168.845    0.1    0.2    0.1
   -20.194   168.845    0.1    0.2    0.1
   -20.176   168.845    0.1    0.1    0.1
   -20.158   168.845    0.1    0.1    0.1
   -20.140   168.845    0.1    0.1    0.0
   -21.935   168.865   -0.0    0.1    0.1
   -21.917   168.865   -0.0    0.1    0.1
   -21.899   168.865   -0.0    0.1    0.1
   -21.881   168.865   -0.0    0.2    0.1
   -21.863   168.865   -0.0    0.2    0.1
   -21.845   168.865   -0.1    0.2    0.1
   -21.827   168.865   -0.1    0.2    0.1
   -21.809   168.865   -0.1    0.3    0.1
   -21.791   168.865   -0.1    0.3    0.1
   -21.773   168.865   -0.1    0.4    0.1
   -21.755   168.865   -0.1    0.4    0.1
   -21.737   168.865   -0.1    0.5    0.0
   -21.719   168.865   -0.1    0.6   -0.0
   -21.701   168.865   -0.1    0.7   -0.1
   -21.683   168.865   -0.1    0.8   -0.2
   -21.665   168.865   -0.2    1.0   -0.4
   -21.647   168.865   -0.2    1.1   -0.6
   -21.630   168.865   -0.3    1.3   -0.9
   -21.612   168.865   -0.3    1.4   -1.3
   -21.594   168.865   -0.4    1.5   -1.8
   -21.576   168.865   -0.5    1.5   -2.3
   -21.558   168.865   -0.6    1.3   -2.7
   -21.540   168.865   -0.6    1.0   -3.1
   -21.522   168.865   -0.5    0.6   -3.2
   -21.504   168.865   -0.4    0.2   -3.0
   -21.486   168.865   -0.2   -0.1   -2.7
   -21.468   168.865   -0.0   -0.4   -2.2
   -21.450   168.865    0.3   -0.4   -1.6
   -21.432   168.865    0.5   -0.4   -1.1
   -21.414   168.865    0.8   -0.3   -0.7
   -21.396   168.865    1.1   -0.3   -0.4
   -21.378   168.865    1.4   -0.2   -0.1
   -21.360   168.865    1.7   -0.1    0.1
   -21.342   168.865    2.1   -0.0    0.3
   -21.324   168.865    2.5    0.1    0.5
   -21.307   168.865    2.8    0.2    0.7
   -21.289   168.865    3.2    0.4    0.8
   -21.271   168.865    3.5    0.5    0.9
   -21.253   168.865    3.8    0.7    1.0
   -21.235   168.865    4.0    0.9    1.0
   -21.217   168.865    4.1    1.1    1.0
   -21.199   168.865    4.2    1.2    1.0
   -21.181   168.865    4.3    1.4    0.9
   -21.163   168.865    4.3    1.5    0.9
   -21.145   168.865    4.3    1.6    0.8
   -21.127   168.865    4.2    1.6    0.8
   -21.109   168.865    4.2    1.7    0.7
   -21.091   168.865    4.1    1.7    0.7
   -21.073   168.865    4.1    1.7    0.7
   -21.055   168.865    4.0    1.7    0.7
   -21.037   168.865    3.9    1.7    0.7
   -21.019   168.865    3.8    1.8    0.6
   -21.001   168.865    3.7    1.8    0.6
   -20.984   168.865    3.5    1.8    0.6
   -20.966   168.865    3.4    1.8    0.6
   -20.948   168.865    3.2    1.8    0.6
   -20.930   168.865    3.0    1.8    0.6
   -20.912   168.865    2.8    1.8    0.5
   -20.894   168.865    2.6    1.7    0.5
   -20.876   168.865    2.4    1.7    0.4
   -20.858   168.865    2.2    1.6    0.4
   -20.840   168.865    2.0    1.5    0.4
   -20.822   168.865    1.8    1.5    0.3
   -20.804   168.865    1.6    1.4    0.3
   -20.786   168.865    1.5    1.3    0.3
   -20.768   168.865    1.4    1.2    0.2
   -20.750   168.865    1.2    1.1    0.2
   -20.732   168.865    1.1    1.1    0.2
   -20.714   168.865    1.0    1.0    0.2
   -20.696   168.865    0.9    0.9    0.2
   -20.678   168.865    0.8    0.9    0.2
   -20.661   168.865    0.8    0.8    0.1
   -20.643   168.865    0.7    0.7    0.1
   -20.625   168.865    0.6    0.7    0.1
   -20.607   168.865    0.6    0.6    0.1
   -20.589   168.865    0.5    0.6    0.1
   -20.571   168.865    0.5    0.6    0.1
   -20.553   168.865    0.5    0.5    0.1
   -20.535   168.865    0.4    0.5    0.1
   -20.517   168.865    0.4    0.5    0.1
   -20.499   168.865    0.4    0.4    0.1
   -20.481   168.865    0.3    0.4    0.1
   -20.463   168.865    0.3    0.4    0.1
   -20.445   168.865    0.3    0.3    0.1
   -20.427   168.865    0.3    0.3    0.1
   -20.409   168.865    0.3    0.3    0.1
   -20.391   168.865    0.2    0.3    0.1
   -20.373   168.865    0.2    0.3    0.1
   -20.355   168.865    0.2    0.3    0.1
   -20.338   168.865    0.2    0.2    0.1
   -20.320   168.865    0.2    0.2    0.1
   -20.302   168.865    0.2    0.2    0.1
   -20.284   168.865    0.2    0.2    0.1
   -20.266   168.865    0.2    0.2    0.1
   -20.248   168.865    0.2    0.2    0.1
   -20.230   168.865    0.1    0.2    0.1
   -20.212   168.865    0.1    0.2    0.1
   -20.194   168.865    0.1    0.2    0.1
   -20.176   168.865    0.1    0.2    0.0
   -20.158   168.865    0.1    0.1    0.0
   -20.140   168.865    0.1    0.1    0.0
   -21.935   168.884   -0.0    0.1    0.1
   -21.917   168.884   -0.0    0.1    0.1
   -21.899   168.884   -0.0    0.1    0.1
   -21.881   168.884   -0.0    0.2    0.1
   -21.863   168.884   -0.0    0.2    0.1
   -21.845   168.884   -0.0    0.2    0.1
   -21.827   168.884   -0.0    0.2    0.1
   -21.809   168.884   -0.1    0.3    0.1
   -21.791   168.884   -0.1    0.3    0.1
   -21.773   168.884   -0.1    0.4    0.1
   -21.755   168.884   -0.1    0.4    0.1
   -21.737   168.884   -0.1    0.5    0.0
   -21.719   168.884   -0.1    0.6   -0.0
   -21.701   168.884   -0.1    0.7   -0.1
   -21.683   168.884   -0.1    0.8   -0.2
   -21.665   168.884   -0.2    0.9   -0.3
   -21.647   168.884   -0.2    1.0   -0.5
   -21.630   168.884   -0.3    1.1   -0.7
   -21.612   168.884   -0.4    1.2   -1.0
   -21.594   168.884   -0.5    1.2   -1.4
   -21.576   168.884   -0.5    1.2   -1.7
   -21.558   168.884   -0.6    1.0   -2.0
   -21.540   168.884   -0.6    0.8   -2.2
   -21.522   168.884   -0.5    0.5   -2.2
   -21.504   168.884   -0.4    0.2   -2.0
   -21.486   168.884   -0.2   -0.1   -1.7
   -21.468   168.884    0.1   -0.2   -1.3
   -21.450   168.884    0.4   -0.3   -1.0
   -21.432   168.884    0.6   -0.3   -0.6
   -21.414   168.884    0.9   -0.2   -0.3
   -21.396   168.884    1.2   -0.2   -0.1
   -21.378   168.884    1.5   -0.1    0.1
   -21.360   168.884    1.8   -0.0    0.3
   -21.342   168.884    2.2    0.0    0.5
   -21.324   168.884    2.5    0.1    0.6
   -21.307   168.884    2.8    0.2    0.7
   -21.289   168.884    3.2    0.3    0.8
   -21.271   168.884    3.4    0.5    0.9
   -21.253   168.884    3.7    0.7    1.0
   -21.235   168.884    3.9    0.8    1.0
   -21.217   168.884    4.0    1.0    1.0
   -21.199   168.884    4.1    1.1    0.9
   -21.181   168.884    4.1    1.3    0.9
   -21.163   168.884    4.1    1.4    0.8
   -21.145   168.884    4.1    1.4    0.8
   -21.127   168.884    4.1    1.5    0.7
   -21.109   168.884    4.0    1.5    0.7
   -21.091   168.884    4.0    1.6    0.7
   -21.073   168.884    3.9    1.6    0.6
   -21.055   168.884    3.8    1.6    0.6
   -21.037   168.884    3.7    1.6    0.6
   -21.019   168.884    3.6    1.7    0.6
   -21.001   168.884    3.5    1.7    0.6
   -20.984   168.884    3.4    1.7    0.5
   -20.966   168.884    3.2    1.7    0.5
   -20.948   168.884    3.0    1.7    0.5
   -20.930   168.884    2.9    1.7    0.5
   -20.912   168.884    2.7    1.7    0.4
   -20.894   168.884    2.5    1.6    0.4
   -20.876   168.884    2.3    1.6    0.4
   -20.858   168.884    2.1    1.5    0.3
   -20.840   168.884    2.0    1.5    0.3
   -20.822   168.884    1.8    1.4    0.3
   -20.804   168.884    1.6    1.3    0.3
   -20.786   168.884    1.5    1.3    0.2
   -20.768   168.884    1.4    1.2    0.2
   -20.750   168.884    1.2    1.1    0.2
   -20.732   168.884    1.1    1.0    0.2
   -20.714   168.884    1.0    1.0    0.2
   -20.696   168.884    0.9    0.9    0.1
   -20.678   168.884    0.8    0.9    0.1
   -20.661   168.884    0.8    0.8    0.1
   -20.643   168.884    0.7    0.7    0.1
   -20.625   168.884    0.7    0.7    0.1
   -20.607   168.884    0.6    0.6    0.1
   -20.589   168.884    0.6    0.6    0.1
   -20.571   168.884    0.5    0.6    0.1
   -20.553   168.884    0.5    0.5    0.1
   -20.535   168.884    0.4    0.5    0.1
   -20.517   168.884    0.4    0.5    0.1
   -20.499   168.884    0.4    0.4    0.1
   -20.481   168.884    0.3    0.4    0.1
   -20.463   168.884    0.3    0.4    0.1
   -20.445   168.884    0.3    0.4    0.1
   -20.427   168.884    0.3    0.3    0.1
   -20.409   168.884    0.3    0.3    0.1
   -20.391   168.884    0.3    0.3    0.1
   -20.373   168.884    0.2    0.3    0.1
   -20.355   168.884    0.2    0.3    0.1
   -20.338   168.884    0.2    0.3    0.1
   -20.320   168.884    0.2    0.2    0.1
   -20.302   168.884    0.2    0.2    0.1
   -20.284   168.884    0.2    0.2    0.1
   -20.266   168.884    0.2    0.2    0.1
   -20.248   168.884    0.2    0.2    0.1
   -20.230   168.884    0.2    0.2    0.1
   -20.212   168.884    0.1    0.2    0.0
   -20.194   168.884    0.1    0.2    0.0
   -20.176   168.884    0.1    0.2    0.0
   -20.158   168.884    0.1    0.2    0.0
   -20.140   168.884    0.1    0.1    0.0
   -21.935   168.903   -0.0    0.1    0.1
   -21.917   168.903   -0.0    0.1    0.1
   -21.899   168.903   -0.0    0.1    0.1
   -21.881   168.903   -0.0    0.2    0.1
   -21.863   168.903   -0.0    0.2    0.1
   -21.845   168.903   -0.0    0.2    0.1
   -21.827   168.903   -0.0    0.2    0.1
   -21.809   168.903   -0.0    0.3    0.1
   -21.791   168.903   -0.1    0.3    0.1
   -21.773   168.903   -0.1    0.3    0.1
   -21.755   168.903   -0.1    0.4    0.1
   -21.737   168.903   -0.1    0.4    0.1
   -21.719   168.903   -0.1    0.5    0.0
   -21.701   168.903   -0.1    0.6   -0.0
   -21.683   168.903   -0.1    0.7   -0.1
   -21.665   168.903   -0.2    0.7   -0.2
   -21.647   168.903   -0.2    0.8   -0.4
   -21.630   168.903   -0.3    0.9   -0.5
   -21.612   168.903   -0.4    0.9   -0.7
   -21.594   168.903   -0.4    0.9   -0.9
   -21.576   168.903   -0.5    0.9   -1.1
   -21.558   168.903   -0.5    0.8   -1.3
   -21.540   168.903   -0.4    0.6   -1.3
   -21.522   168.903   -0.3    0.4   -1.3
   -21.504   168.903   -0.2    0.2   -1.1
   -21.486   168.903    0.1    0.0   -0.9
   -21.468   168.903    0.3   -0.1   -0.6
   -21.450   168.903    0.6   -0.1   -0.4
   -21.432   168.903    0.8   -0.1   -0.1
   -21.414   168.903    1.1   -0.1    0.1
   -21.396   168.903    1.3   -0.0    0.2
   -21.378   168.903    1.6   -0.0    0.3
   -21.360   168.903    1.9    0.0    0.4
   -21.342   168.903    2.2    0.1    0.6
   -21.324   168.903    2.5    0.1    0.7
   -21.307   168.903    2.8    0.2    0.7
   -21.289   168.903    3.1    0.3    0.8
   -21.271   168.903    3.3    0.5    0.9
   -21.253   168.903    3.5    0.6    0.9
   -21.235   168.903    3.7    0.8    0.9
   -21.217   168.903    3.8    0.9    0.9
   -21.199   168.903    3.9    1.0    0.9
   -21.181   168.903    3.9    1.2    0.8
   -21.163   168.903    3.9    1.2    0.8
   -21.145   168.903    3.9    1.3    0.7
   -21.127   168.903    3.9    1.4    0.7
   -21.109   168.903    3.8    1.4    0.6
   -21.091   168.903    3.8    1.5    0.6
   -21.073   168.903    3.7    1.5    0.6
   -21.055   168.903    3.6    1.5    0.5
   -21.037   168.903    3.5    1.5    0.5
   -21.019   168.903    3.4    1.6    0.5
   -21.001   168.903    3.3    1.6    0.5
   -20.984   168.903    3.2    1.6    0.5
   -20.966   168.903    3.1    1.6    0.5
   -20.948   168.903    2.9    1.6    0.4
   -20.930   168.903    2.7    1.6    0.4
   -20.912   168.903    2.6    1.6    0.4
   -20.894   168.903    2.4    1.5    0.4
   -20.876   168.903    2.2    1.5    0.3
   -20.858   168.903    2.1    1.4    0.3
   -20.840   168.903    1.9    1.4    0.3
   -20.822   168.903    1.8    1.3    0.2
   -20.804   168.903    1.6    1.3    0.2
   -20.786   168.903    1.5    1.2    0.2
   -20.768   168.903    1.3    1.1    0.2
   -20.750   168.903    1.2    1.1    0.2
   -20.732   168.903    1.1    1.0    0.2
   -20.714   168.903    1.0    1.0    0.1
   -20.696   168.903    0.9    0.9    0.1
   -20.678   168.903    0.9    0.8    0.1
   -20.661   168.903    0.8    0.8    0.1
   -20.643   168.903    0.7    0.7    0.1
   -20.625   168.903    0.7    0.7    0.1
   -20.607   168.903    0.6    0.6    0.1
   -20.589   168.903    0.6    0.6    0.1
   -20.571   168.903    0.5    0.6    0.1
   -20.553   168.903    0.5    0.5    0.1
   -20.535   168.903    0.4    0.5    0.1
   -20.517   168.903    0.4    0.5    0.1
   -20.499   168.903    0.4    0.4    0.1
   -20.481   168.903    0.4    0.4    0.1
   -20.463   168.903    0.3    0.4    0.1
   -20.445   168.903    0.3    0.4    0.1
   -20.427   168.903    0.3    0.3    0.1
   -20.409   168.903    0.3    0.3    0.1
   -20.391   168.903    0.3    0.3    0.1
   -20.373   168.903    0.2    0.3    0.1
   -20.355   168.903    0.2    0.3    0.1
   -20.338   168.903    0.2    0.3    0.1
   -20.320   168.903    0.2    0.2    0.1
   -20.302   168.903    0.2    0.2    0.1
   -20.284   168.903    0.2    0.2    0.1
   -20.266   168.903    0.2    0.2    0.0
   -20.248   168.903    0.2    0.2    0.0
   -20.230   168.903    0.2    0.2    0.0
   -20.212   168.903    0.2    0.2    0.0
   -20.194   168.903    0.1    0.2    0.0
   -20.176   168.903    0.1    0.2    0.0
   -20.158   168.903    0.1    0.2    0.0
   -20.140   168.903    0.1    0.1    0.0
   -21.935   168.922   -0.0    0.1    0.1
   -21.917   168.922   -0.0    0.1    0.1
   -21.899   168.922   -0.0    0.1    0.1
   -21.881   168.922   -0.0    0.2    0.1
   -21.863   168.922   -0.0    0.2    0.1
   -21.845   168.922   -0.0    0.2    0.1
   -21.827   168.922   -0.0    0.2    0.1
   -21.809   168.922   -0.0    0.2    0.1
   -21.791   168.922   -0.0    0.3    0.1
   -21.773   168.922   -0.1    0.3    0.1
   -21.755   168.922   -0.1    0.3    0.1
   -21.737   168.922   -0.1    0.4    0.1
   -21.719   168.922   -0.1    0.4    0.0
   -21.701   168.922   -0.1    0.5   -0.0
   -21.683   168.922   -0.1    0.6   -0.1
   -21.665   168.922   -0.2    0.6   -0.1
   -21.647   168.922   -0.2    0.7   -0.2
   -21.630   168.922   -0.2    0.7   -0.3
   -21.612   168.922   -0.3    0.7   -0.4
   -21.594   168.922   -0.3    0.7   -0.6
   -21.576   168.922   -0.3    0.6   -0.6
   -21.558   168.922   -0.2    0.5   -0.7
   -21.540   168.922   -0.2    0.4   -0.7
   -21.522   168.922   -0.0    0.3   -0.6
   -21.504   168.922    0.2    0.1   -0.5
   -21.486   168.922    0.4    0.1   -0.3
   -21.468   168.922    0.6    0.0   -0.1
   -21.450   168.922    0.8    0.0    0.1
   -21.432   168.922    1.0    0.0    0.2
   -21.414   168.922    1.3    0.1    0.3
   -21.396   168.922    1.5    0.1    0.4
   -21.378   168.922    1.7    0.1    0.5
   -21.360   168.922    2.0    0.1    0.5
   -21.342   168.922    2.2    0.1    0.6
   -21.324   168.922    2.5    0.2    0.7
   -21.307   168.922    2.8    0.3    0.7
   -21.289   168.922    3.0    0.4    0.8
   -21.271   168.922    3.2    0.5    0.8
   -21.253   168.922    3.4    0.6    0.8
   -21.235   168.922    3.5    0.7    0.8
   -21.217   168.922    3.6    0.8    0.8
   -21.199   168.922    3.7    1.0    0.8
   -21.181   168.922    3.7    1.1    0.7
   -21.163   168.922    3.7    1.1    0.7
   -21.145   168.922    3.7    1.2    0.7
   -21.127   168.922    3.7    1.3    0.6
   -21.109   168.922    3.6    1.3    0.6
   -21.091   168.922    3.6    1.4    0.5
   -21.073   168.922    3.5    1.4    0.5
   -21.055   168.922    3.4    1.4    0.5
   -21.037   168.922    3.4    1.4    0.5
   -21.019   168.922    3.3    1.5    0.4
   -21.001   168.922    3.1    1.5    0.4
   -20.984   168.922    3.0    1.5    0.4
   -20.966   168.922    2.9    1.5    0.4
   -20.948   168.922    2.8    1.5    0.4
   -20.930   168.922    2.6    1.5    0.3
   -20.912   168.922    2.5    1.5    0.3
   -20.894   168.922    2.3    1.4    0.3
   -20.876   168.922    2.2    1.4    0.3
   -20.858   168.922    2.0    1.4    0.3
   -20.840   168.922    1.9    1.3    0.2
   -20.822   168.922    1.7    1.3    0.2
   -20.804   168.922    1.6    1.2    0.2
   -20.786   168.922    1.5    1.2    0.2
   -20.768   168.922    1.3    1.1    0.2
   -20.750   168.922    1.2    1.0    0.2
   -20.732   168.922    1.1    1.0    0.1
   -20.714   168.922    1.0    0.9    0.1
   -20.696   168.922    0.9    0.9    0.1
   -20.678   168.922    0.9    0.8    0.1
   -20.661   168.922    0.8    0.8    0.1
   -20.643   168.922    0.7    0.7    0.1
   -20.625   168.922    0.7    0.7    0.1
   -20.607   168.922    0.6    0.6    0.1
   -20.589   168.922    0.6    0.6    0.1
   -20.571   168.922    0.5    0.6    0.1
   -20.553   168.922    0.5    0.5    0.1
   -20.535   168.922    0.5    0.5    0.1
   -20.517   168.922    0.4    0.5    0.1
   -20.499   168.922    0.4    0.4    0.1
   -20.481   168.922    0.4    0.4    0.1
   -20.463   168.922    0.3    0.4    0.1
   -20.445   168.922    0.3    0.4    0.1
   -20.427   168.922    0.3    0.3    0.1
   -20.409   168.922    0.3    0.3    0.1
   -20.391   168.922    0.3    0.3    0.1
   -20.373   168.922    0.3    0.3    0.1
   -20.355   168.922    0.2    0.3    0.1
   -20.338   168.922    0.2    0.3    0.1
   -20.320   168.922    0.2    0.2    0.0
   -20.302   168.922    0.2    0.2    0.0
   -20.284   168.922    0.2    0.2    0.0
   -20.266   168.922    0.2    0.2    0.0
   -20.248   168.922    0.2    0.2    0.0
   -20.230   168.922    0.2    0.2    0.0
   -20.212   168.922    0.2    0.2    0.0
   -20.194   168.922    0.1    0.2    0.0
   -20.176   168.922    0.1    0.2    0.0
   -20.158   168.922    0.1    0.2    0.0
   -20.140   168.922    0.1    0.2    0.0
   -21.935   168.942   -0.0    0.1    0.1
   -21.917   168.942   -0.0    0.1    0.1
   -21.899   168.942   -0.0    0.1    0.1
   -21.881   168.942   -0.0    0.1    0.1
   -21.863   168.942   -0.0    0.2    0.1
   -21.845   168.942   -0.0    0.2    0.1
   -21.827   168.942   -0.0    0.2    0.1
   -21.809   168.942   -0.0    0.2    0.1
   -21.791   168.942   -0.0    0.2    0.1
   -21.773   168.942   -0.0    0.3    0.1
   -21.755   168.942   -0.0    0.3    0.1
   -21.737   168.942   -0.1    0.3    0.1
   -21.719   168.942   -0.1    0.4    0.1
   -21.701   168.942   -0.1    0.4    0.0
   -21.683   168.942   -0.1    0.4    0.0
   -21.665   168.942   -0.1    0.5   -0.0
   -21.647   168.942   -0.1    0.5   -0.1
   -21.630   168.942   -0.1    0.5   -0.2
   -21.612   168.942   -0.1    0.5   -0.2
   -21.594   168.942   -0.1    0.5   -0.2
   -21.576   168.942   -0.1    0.4   -0.3
   -21.558   168.942    0.0    0.3   -0.3
   -21.540   168.942    0.1    0.2   -0.2
   -21.522   168.942    0.3    0.2   -0.1
   -21.504   168.942    0.5    0.1   -0.0
   -21.486   168.942    0.7    0.1    0.1
   -21.468   168.942    0.9    0.1    0.2
   -21.450   168.942    1.1    0.1    0.3
   -21.432   168.942    1.2    0.1    0.4
   -21.414   168.942    1.4    0.1    0.5
   -21.396   168.942    1.6    0.2    0.5
   -21.378   168.942    1.8    0.2    0.6
   -21.360   168.942    2.0    0.2    0.6
   -21.342   168.942    2.2    0.2    0.6
   -21.324   168.942    2.5    0.2    0.7
   -21.307   168.942    2.7    0.3    0.7
   -21.289   168.942    2.9    0.4    0.7
   -21.271   168.942    3.1    0.5    0.7
   -21.253   168.942    3.2    0.6    0.7
   -21.235   168.942    3.4    0.7    0.7
   -21.217   168.942    3.4    0.8    0.7
   -21.199   168.942    3.5    0.9    0.7
   -21.181   168.942    3.5    1.0    0.7
   -21.163   168.942    3.5    1.0    0.6
   -21.145   168.942    3.5    1.1    0.6
   -21.127   168.942    3.5    1.2    0.5
   -21.109   168.942    3.5    1.2    0.5
   -21.091   168.942    3.4    1.3    0.5
   -21.073   168.942    3.3    1.3    0.5
   -21.055   168.942    3.3    1.3    0.4
   -21.037   168.942    3.2    1.3    0.4
   -21.019   168.942    3.1    1.4    0.4
   -21.001   168.942    3.0    1.4    0.4
   -20.984   168.942    2.9    1.4    0.4
   -20.966   168.942    2.8    1.4    0.3
   -20.948   168.942    2.6    1.4    0.3
   -20.930   168.942    2.5    1.4    0.3
   -20.912   168.942    2.4    1.4    0.3
   -20.894   168.942    2.2    1.3    0.3
   -20.876   168.942    2.1    1.3    0.2
   -20.858   168.942    1.9    1.3    0.2
   -20.840   168.942    1.8    1.2    0.2
   -20.822   168.942    1.7    1.2    0.2
   -20.804   168.942    1.6    1.2    0.2
   -20.786   168.942    1.4    1.1    0.2
   -20.768   168.942    1.3    1.1    0.1
   -20.750   168.942    1.2    1.0    0.1
   -20.732   168.942    1.1    1.0    0.1
   -20.714   168.942    1.0    0.9    0.1
   -20.696   168.942    1.0    0.9    0.1
   -20.678   168.942    0.9    0.8    0.1
   -20.661   168.942    0.8    0.8    0.1
   -20.643   168.942    0.7    0.7    0.1
   -20.625   168.942    0.7    0.7    0.1
   -20.607   168.942    0.6    0.6    0.1
   -20.589   168.942    0.6    0.6    0.1
   -20.571   168.942    0.5    0.6    0.1
   -20.553   168.942    0.5    0.5    0.1
   -20.535   168.942    0.5    0.5    0.1
   -20.517   168.942    0.4    0.5    0.1
   -20.499   168.942    0.4    0.4    0.1
   -20.481   168.942    0.4    0.4    0.1
   -20.463   168.942    0.4    0.4    0.1
   -20.445   168.942    0.3    0.4    0.1
   -20.427   168.942    0.3    0.4    0.1
   -20.409   168.942    0.3    0.3    0.1
   -20.391   168.942    0.3    0.3    0.0
   -20.373   168.942    0.3    0.3    0.0
   -20.355   168.942    0.2    0.3    0.0
   -20.338   168.942    0.2    0.3    0.0
   -20.320   168.942    0.2    0.3    0.0
   -20.302   168.942    0.2    0.2    0.0
   -20.284   168.942    0.2    0.2    0.0
   -20.266   168.942    0.2    0.2    0.0
   -20.248   168.942    0.2    0.2    0.0
   -20.230   168.942    0.2    0.2    0.0
   -20.212   168.942    0.2    0.2    0.0
   -20.194   168.942    0.2    0.2    0.0
   -20.176   168.942    0.1    0.2    0.0
   -20.158   168.942    0.1    0.2    0.0
   -20.140   168.942    0.1    0.2    0.0
   -21.935   168.961   -0.0    0.1    0.1
   -21.917   168.961   -0.0    0.1    0.1
   -21.899   168.961   -0.0    0.1    0.1
   -21.881   168.961   -0.0    0.1    0.1
   -21.863   168.961   -0.0    0.2    0.1
   -21.845   168.961   -0.0    0.2    0.1
   -21.827   168.961   -0.0    0.2    0.1
   -21.809   168.961   -0.0    0.2    0.1
   -21.791   168.961   -0.0    0.2    0.1
   -21.773   168.961   -0.0    0.2    0.1
   -21.755   168.961   -0.0    0.3    0.1
   -21.737   168.961   -0.0    0.3    0.1
   -21.719   168.961   -0.0    0.3    0.1
   -21.701   168.961   -0.0    0.3    0.1
   -21.683   168.961   -0.0    0.3    0.1
   -21.665   168.961   -0.0    0.4    0.0
   -21.647   168.961   -0.0    0.4    0.0
   -21.630   168.961   -0.0    0.4   -0.0
   -21.612   168.961    0.0    0.3   -0.0
   -21.594   168.961    0.1    0.3   -0.0
   -21.576   168.961    0.1    0.2   -0.0
   -21.558   168.961    0.3    0.2    0.0
   -21.540   168.961    0.4    0.1    0.1
   -21.522   168.961    0.6    0.1    0.2
   -21.504   168.961    0.7    0.1    0.3
   -21.486   168.961    0.9    0.1    0.4
   -21.468   168.961    1.1    0.1    0.5
   -21.450   168.961    1.2    0.1    0.5
   -21.432   168.961    1.4    0.2    0.6
   -21.414   168.961    1.6    0.2    0.6
   -21.396   168.961    1.7    0.2    0.6
   -21.378   168.961    1.9    0.2    0.6
   -21.360   168.961    2.1    0.2    0.6
   -21.342   168.961    2.2    0.2    0.6
   -21.324   168.961    2.4    0.3    0.6
   -21.307   168.961    2.6    0.3    0.7
   -21.289   168.961    2.8    0.4    0.7
   -21.271   168.961    2.9    0.5    0.7
   -21.253   168.961    3.1    0.5    0.7
   -21.235   168.961    3.2    0.6    0.7
   -21.217   168.961    3.3    0.7    0.6
   -21.199   168.961    3.3    0.8    0.6
   -21.181   168.961    3.3    0.9    0.6
   -21.163   168.961    3.3    1.0    0.6
   -21.145   168.961    3.3    1.0    0.5
   -21.127   168.961    3.3    1.1    0.5
   -21.109   168.961    3.3    1.1    0.5
   -21.091   168.961    3.2    1.2    0.4
   -21.073   168.961    3.2    1.2    0.4
   -21.055   168.961    3.1    1.2    0.4
   -21.037   168.961    3.0    1.2    0.4
   -21.019   168.961    2.9    1.3    0.3
   -21.001   168.961    2.8    1.3    0.3
   -20.984   168.961    2.7    1.3    0.3
   -20.966   168.961    2.6    1.3    0.3
   -20.948   168.961    2.5    1.3    0.3
   -20.930   168.961    2.4    1.3    0.3
   -20.912   168.961    2.3    1.3    0.2
   -20.894   168.961    2.1    1.3    0.2
   -20.876   168.961    2.0    1.2    0.2
   -20.858   168.961    1.9    1.2    0.2
   -20.840   168.961    1.8    1.2    0.2
   -20.822   168.961    1.6    1.1    0.2
   -20.804   168.961    1.5    1.1    0.1
   -20.786   168.961    1.4    1.1    0.1
   -20.768   168.961    1.3    1.0    0.1
   -20.750   168.961    1.2    1.0    0.1
   -20.732   168.961    1.1    0.9    0.1
   -20.714   168.961    1.0    0.9    0.1
   -20.696   168.961    1.0    0.8    0.1
   -20.678   168.961    0.9    0.8    0.1
   -20.661   168.961    0.8    0.7    0.1
   -20.643   168.961    0.8    0.7    0.1
   -20.625   168.961    0.7    0.7    0.1
   -20.607   168.961    0.6    0.6    0.1
   -20.589   168.961    0.6    0.6    0.1
   -20.571   168.961    0.6    0.6    0.1
   -20.553   168.961    0.5    0.5    0.1
   -20.535   168.961    0.5    0.5    0.1
   -20.517   168.961    0.4    0.5    0.1
   -20.499   168.961    0.4    0.4    0.1
   -20.481   168.961    0.4    0.4    0.1
   -20.463   168.961    0.4    0.4    0.0
   -20.445   168.961    0.3    0.4    0.0
   -20.427   168.961    0.3    0.4    0.0
   -20.409   168.961    0.3    0.3    0.0
   -20.391   168.961    0.3    0.3    0.0
   -20.373   168.961    0.3    0.3    0.0
   -20.355   168.961    0.3    0.3    0.0
   -20.338   168.961    0.2    0.3    0.0
   -20.320   168.961    0.2    0.3    0.0
   -20.302   168.961    0.2    0.2    0.0
   -20.284   168.961    0.2    0.2    0.0
   -20.266   168.961    0.2    0.2    0.0
   -20.248   168.961    0.2    0.2    0.0
   -20.230   168.961    0.2    0.2    0.0
   -20.212   168.961    0.2    0.2    0.0
   -20.194   168.961    0.2    0.2    0.0
   -20.176   168.961    0.2    0.2    0.0
   -20.158   168.961    0.1    0.2    0.0
   -20.140   168.961    0.1    0.2    0.0
   -21.935   168.980   -0.0    0.1    0.1
   -21.917   168.980   -0.0    0.1    0.1
   -21.899   168.980   -0.0    0.1    0.1
   -21.881   168.980   -0.0    0.1    0.1
   -21.863   168.980   -0.0    0.1    0.1
   -21.845   168.980   -0.0    0.2    0.1
   -21.827   168.980   -0.0    0.2    0.1
   -21.809   168.980   -0.0    0.2    0.1
   -21.791   168.980   -0.0    0.2    0.1
   -21.773   168.980   -0.0    0.2    0.1
   -21.755   168.980    0.0    0.2    0.1
   -21.737   168.980    0.0    0.2    0.1
   -21.719   168.980    0.0    0.2    0.1
   -21.701   168.980    0.0    0.3    0.1
   -21.683   168.980    0.0    0.3    0.1
   -21.665   168.980    0.0    0.3    0.1
   -21.647   168.980    0.1    0.3    0.1
   -21.630   168.980    0.1    0.2    0.1
   -21.612   168.980    0.2    0.2    0.1
   -21.594   168.980    0.2    0.2    0.1
   -21.576   168.980    0.3    0.1    0.2
   -21.558   168.980    0.5    0.1    0.2
   -21.540   168.980    0.6    0.1    0.3
   -21.522   168.980    0.8    0.1    0.4
   -21.504   168.980    0.9    0.1    0.4
   -21.486   168.980    1.1    0.1    0.5
   -21.468   168.980    1.2    0.1    0.6
   -21.450   168.980    1.4    0.2    0.6
   -21.432   168.980    1.5    0.2    0.6
   -21.414   168.980    1.7    0.2    0.6
   -21.396   168.980    1.8    0.2    0.6
   -21.378   168.980    1.9    0.2    0.6
   -21.360   168.980    2.1    0.3    0.6
   -21.342   168.980    2.2    0.3    0.6
   -21.324   168.980    2.4    0.3    0.6
   -21.307   168.980    2.5    0.3    0.6
   -21.289   168.980    2.7    0.4    0.6
   -21.271   168.980    2.8    0.4    0.6
   -21.253   168.980    2.9    0.5    0.6
   -21.235   168.980    3.0    0.6    0.6
   -21.217   168.980    3.1    0.7    0.6
   -21.199   168.980    3.1    0.7    0.5
   -21.181   168.980    3.1    0.8    0.5
   -21.163   168.980    3.2    0.9    0.5
   -21.145   168.980    3.1    0.9    0.5
   -21.127   168.980    3.1    1.0    0.4
   -21.109   168.980    3.1    1.0    0.4
   -21.091   168.980    3.0    1.1    0.4
   -21.073   168.980    3.0    1.1    0.3
   -21.055   168.980    2.9    1.1    0.3
   -21.037   168.980    2.8    1.2    0.3
   -21.019   168.980    2.8    1.2    0.3
   -21.001   168.980    2.7    1.2    0.3
   -20.984   168.980    2.6    1.2    0.3
   -20.966   168.980    2.5    1.2    0.2
   -20.948   168.980    2.4    1.2    0.2
   -20.930   168.980    2.3    1.2    0.2
   -20.912   168.980    2.2    1.2    0.2
   -20.894   168.980    2.0    1.2    0.2
   -20.876   168.980    1.9    1.2    0.2
   -20.858   168.980    1.8    1.1    0.2
   -20.840   168.980    1.7    1.1    0.1
   -20.822   168.980    1.6    1.1    0.1
   -20.804   168.980    1.5    1.0    0.1
   -20.786   168.980    1.4    1.0    0.1
   -20.768   168.980    1.3    1.0    0.1
   -20.750   168.980    1.2    0.9    0.1
   -20.732   168.980    1.1    0.9    0.1
   -20.714   168.980    1.0    0.8    0.1
   -20.696   168.980    0.9    0.8    0.1
   -20.678   168.980    0.9    0.8    0.1
   -20.661   168.980    0.8    0.7    0.1
   -20.643   168.980    0.8    0.7    0.1
   -20.625   168.980    0.7    0.7    0.1
   -20.607   168.980    0.7    0.6    0.1
   -20.589   168.980    0.6    0.6    0.1
   -20.571   168.980    0.6    0.6    0.1
   -20.553   168.980    0.5    0.5    0.1
   -20.535   168.980    0.5    0.5    0.0
   -20.517   168.980    0.5    0.5    0.0
   -20.499   168.980    0.4    0.4    0.0
   -20.481   168.980    0.4    0.4    0.0
   -20.463   168.980    0.4    0.4    0.0
   -20.445   168.980    0.4    0.4    0.0
   -20.427   168.980    0.3    0.4    0.0
   -20.409   168.980    0.3    0.3    0.0
   -20.391   168.980    0.3    0.3    0.0
   -20.373   168.980    0.3    0.3    0.0
   -20.355   168.980    0.3    0.3    0.0
   -20.338   168.980    0.2    0.3    0.0
   -20.320   168.980    0.2    0.3    0.0
   -20.302   168.980    0.2    0.2    0.0
   -20.284   168.980    0.2    0.2    0.0
   -20.266   168.980    0.2    0.2    0.0
   -20.248   168.980    0.2    0.2    0.0
   -20.230   168.980    0.2    0.2    0.0
   -20.212   168.980    0.2    0.2    0.0
   -20.194   168.980    0.2    0.2    0.0
   -20.176   168.980    0.2    0.2    0.0
   -20.158   168.980    0.1    0.2    0.0
   -20.140   168.980    0.1    0.2    0.0
   -21.935   168.999   -0.0    0.1    0.1
   -21.917   168.999   -0.0    0.1    0.1
   -21.899   168.999    0.0    0.1    0.1
   -21.881   168.999    0.0    0.1    0.1
   -21.863   168.999    0.0    0.1    0.1
   -21.845   168.999    0.0    0.1    0.1
   -21.827   168.999    0.0    0.1    0.1
   -21.809   168.999    0.0    0.2    0.1
   -21.791   168.999    0.0    0.2    0.1
   -21.773   168.999    0.0    0.2    0.1
   -21.755   168.999    0.0    0.2    0.1
   -21.737   168.999    0.0    0.2    0.1
   -21.719   168.999    0.0    0.2    0.1
   -21.701   168.999    0.1    0.2    0.1
   -21.683   168.999    0.1    0.2    0.1
   -21.665   168.999    0.1    0.2    0.1
   -21.647   168.999    0.2    0.2    0.1
   -21.630   168.999    0.2    0.1    0.2
   -21.612   168.999    0.3    0.1    0.2
   -21.594   168.999    0.4    0.1    0.2
   -21.576   168.999    0.5    0.1    0.3
   -21.558   168.999    0.6    0.0    0.3
   -21.540   168.999    0.8    0.0    0.4
   -21.522   168.999    0.9    0.0    0.4
   -21.504   168.999    1.1    0.0    0.5
   -21.486   168.999    1.2    0.1    0.5
   -21.468   168.999    1.3    0.1    0.6
   -21.450   168.999    1.5    0.2    0.6
   -21.432   168.999    1.6    0.2    0.6
   -21.414   168.999    1.7    0.2    0.6
   -21.396   168.999    1.8    0.2    0.6
   -21.378   168.999    1.9    0.3    0.6
   -21.360   168.999    2.1    0.3    0.6
   -21.342   168.999    2.2    0.3    0.6
   -21.324   168.999    2.3    0.3    0.6
   -21.307   168.999    2.4    0.3    0.6
   -21.289   168.999    2.6    0.4    0.5
   -21.271   168.999    2.7    0.4    0.5
   -21.253   168.999    2.8    0.5    0.5
   -21.235   168.999    2.8    0.6    0.5
   -21.217   168.999    2.9    0.6    0.5
   -21.199   168.999    2.9    0.7    0.5
   -21.181   168.999    3.0    0.8    0.4
   -21.163   168.999    3.0    0.8    0.4
   -21.145   168.999    3.0    0.9    0.4
   -21.127   168.999    2.9    0.9    0.4
   -21.109   168.999    2.9    1.0    0.3
   -21.091   168.999    2.9    1.0    0.3
   -21.073   168.999    2.8    1.0    0.3
   -21.055   168.999    2.8    1.1    0.3
   -21.037   168.999    2.7    1.1    0.3
   -21.019   168.999    2.6    1.1    0.2
   -21.001   168.999    2.5    1.1    0.2
   -20.984   168.999    2.5    1.1    0.2
   -20.966   168.999    2.4    1.1    0.2
   -20.948   168.999    2.3    1.1    0.2
   -20.930   168.999    2.2    1.1    0.2
   -20.912   168.999    2.1    1.1    0.2
   -20.894   168.999    2.0    1.1    0.2
   -20.876   168.999    1.9    1.1    0.1
   -20.858   168.999    1.7    1.1    0.1
   -20.840   168.999    1.6    1.1    0.1
   -20.822   168.999    1.5    1.0    0.1
   -20.804   168.999    1.4    1.0    0.1
   -20.786   168.999    1.3    1.0    0.1
   -20.768   168.999    1.3    0.9    0.1
   -20.750   168.999    1.2    0.9    0.1
   -20.732   168.999    1.1    0.9    0.1
   -20.714   168.999    1.0    0.8    0.1
   -20.696   168.999    0.9    0.8    0.1
   -20.678   168.999    0.9    0.7    0.1
   -20.661   168.999    0.8    0.7    0.1
   -20.643   168.999    0.8    0.7    0.1
   -20.625   168.999    0.7    0.6    0.1
   -20.607   168.999    0.7    0.6    0.0
   -20.589   168.999    0.6    0.6    0.0
   -20.571   168.999    0.6    0.5    0.0
   -20.553   168.999    0.5    0.5    0.0
   -20.535   168.999    0.5    0.5    0.0
   -20.517   168.999    0.5    0.5    0.0
   -20.499   168.999    0.4    0.4    0.0
   -20.481   168.999    0.4    0.4    0.0
   -20.463   168.999    0.4    0.4    0.0
   -20.445   168.999    0.4    0.4    0.0
   -20.427   168.999    0.3    0.4    0.0
   -20.409   168.999    0.3    0.3    0.0
   -20.391   168.999    0.3    0.3    0.0
   -20.373   168.999    0.3    0.3    0.0
   -20.355   168.999    0.3    0.3    0.0
   -20.338   168.999    0.3    0.3    0.0
   -20.320   168.999    0.2    0.3    0.0
   -20.302   168.999    0.2    0.3    0.0
   -20.284   168.999    0.2    0.2    0.0
   -20.266   168.999    0.2    0.2    0.0
   -20.248   168.999    0.2    0.2    0.0
   -20.230   168.999    0.2    0.2    0.0
   -20.212   168.999    0.2    0.2    0.0
   -20.194   168.999    0.2    0.2    0.0
   -20.176   168.999    0.2    0.2    0.0
   -20.158   168.999    0.2    0.2    0.0
   -20.140   168.999    0.1    0.2    0.0
   -21.935   169.019    0.0    0.1    0.1
   -21.917   169.019    0.0    0.1    0.1
   -21.899   169.019    0.0    0.1    0.1
   -21.881   169.019    0.0    0.1    0.1
   -21.863   169.019    0.0    0.1    0.1
   -21.845   169.019    0.0    0.1    0.1
   -21.827   169.019    0.0    0.1    0.1
   -21.809   169.019    0.0    0.1    0.1
   -21.791   169.019    0.0    0.1    0.1
   -21.773   169.019    0.0    0.1    0.2
   -21.755   169.019    0.1    0.1    0.2
   -21.737   169.019    0.1    0.1    0.2
   -21.719   169.019    0.1    0.1    0.2
   -21.701   169.019    0.1    0.1    0.2
   -21.683   169.019    0.1    0.1    0.2
   -21.665   169.019    0.2    0.1    0.2
   -21.647   169.019    0.2    0.1    0.2
   -21.630   169.019    0.3    0.1    0.2
   -21.612   169.019    0.4    0.0    0.2
   -21.594   169.019    0.5    0.0    0.3
   -21.576   169.019    0.6    0.0    0.3
   -21.558   169.019    0.7   -0.0    0.4
   -21.540   169.019    0.9   -0.0    0.4
   -21.522   169.019    1.0    0.0    0.5
   -21.504   169.019    1.1    0.0    0.5
   -21.486   169.019    1.3    0.1    0.6
   -21.468   169.019    1.4    0.1    0.6
   -21.450   169.019    1.5    0.1    0.6
   -21.432   169.019    1.6    0.2    0.6
   -21.414   169.019    1.7    0.2    0.6
   -21.396   169.019    1.8    0.2    0.6
   -21.378   169.019    1.9    0.2    0.6
   -21.360   169.019    2.0    0.3    0.5
   -21.342   169.019    2.1    0.3    0.5
   -21.324   169.019    2.2    0.3    0.5
   -21.307   169.019    2.3    0.3    0.5
   -21.289   169.019    2.4    0.4    0.5
   -21.271   169.019    2.5    0.4    0.5
   -21.253   169.019    2.6    0.5    0.5
   -21.235   169.019    2.7    0.5    0.4
   -21.217   169.019    2.7    0.6    0.4
   -21.199   169.019    2.8    0.6    0.4
   -21.181   169.019    2.8    0.7    0.4
   -21.163   169.019    2.8    0.8    0.4
   -21.145   169.019    2.8    0.8    0.3
   -21.127   169.019    2.8    0.9    0.3
   -21.109   169.019    2.7    0.9    0.3
   -21.091   169.019    2.7    0.9    0.3
   -21.073   169.019    2.7    1.0    0.3
   -21.055   169.019    2.6    1.0    0.2
   -21.037   169.019    2.5    1.0    0.2
   -21.019   169.019    2.5    1.0    0.2
   -21.001   169.019    2.4    1.0    0.2
   -20.984   169.019    2.3    1.1    0.2
   -20.966   169.019    2.2    1.1    0.2
   -20.948   169.019    2.2    1.1    0.2
   -20.930   169.019    2.1    1.1    0.1
   -20.912   169.019    2.0    1.1    0.1
   -20.894   169.019    1.9    1.0    0.1
   -20.876   169.019    1.8    1.0    0.1
   -20.858   169.019    1.7    1.0    0.1
   -20.840   169.019    1.6    1.0    0.1
   -20.822   169.019    1.5    1.0    0.1
   -20.804   169.019    1.4    0.9    0.1
   -20.786   169.019    1.3    0.9    0.1
   -20.768   169.019    1.2    0.9    0.1
   -20.750   169.019    1.1    0.9    0.1
   -20.732   169.019    1.1    0.8    0.1
   -20.714   169.019    1.0    0.8    0.1
   -20.696   169.019    0.9    0.8    0.1
   -20.678   169.019    0.9    0.7    0.1
   -20.661   169.019    0.8    0.7    0.0
   -20.643   169.019    0.8    0.7    0.0
   -20.625   169.019    0.7    0.6    0.0
   -20.607   169.019    0.7    0.6    0.0
   -20.589   169.019    0.6    0.6    0.0
   -20.571   169.019    0.6    0.5    0.0
   -20.553   169.019    0.5    0.5    0.0
   -20.535   169.019    0.5    0.5    0.0
   -20.517   169.019    0.5    0.5    0.0
   -20.499   169.019    0.4    0.4    0.0
   -20.481   169.019    0.4    0.4    0.0
   -20.463   169.019    0.4    0.4    0.0
   -20.445   169.019    0.4    0.4    0.0
   -20.427   169.019    0.3    0.4    0.0
   -20.409   169.019    0.3    0.3    0.0
   -20.391   169.019    0.3    0.3    0.0
   -20.373   169.019    0.3    0.3    0.0
   -20.355   169.019    0.3    0.3    0.0
   -20.338   169.019    0.3    0.3    0.0
   -20.320   169.019    0.2    0.3    0.0
   -20.302   169.019    0.2    0.3    0.0
   -20.284   169.019    0.2    0.2    0.0
   -20.266   169.019    0.2    0.2    0.0
   -20.248   169.019    0.2    0.2    0.0
   -20.230   169.019    0.2    0.2    0.0
   -20.212   169.019    0.2    0.2    0.0
   -20.194   169.019    0.2    0.2    0.0
   -20.176   169.019    0.2    0.2    0.0
   -20.158   169.019    0.2    0.2    0.0
   -20.140   169.019    0.1    0.2    0.0
   -21.935   169.038    0.0    0.1    0.1
   -21.917   169.038    0.0    0.1    0.1
   -21.899   169.038    0.0    0.1    0.1
   -21.881   169.038    0.0    0.1    0.1
   -21.863   169.038    0.0    0.1    0.1
   -21.845   169.038    0.0    0.1    0.1
   -21.827   169.038    0.0    0.1    0.1
   -21.809   169.038    0.0    0.1    0.1
   -21.791   169.038    0.1    0.1    0.2
   -21.773   169.038    0.1    0.1    0.2
   -21.755   169.038    0.1    0.1    0.2
   -21.737   169.038    0.1    0.1    0.2
   -21.719   169.038    0.1    0.1    0.2
   -21.701   169.038    0.2    0.1    0.2
   -21.683   169.038    0.2    0.1    0.2
   -21.665   169.038    0.2    0.1    0.2
   -21.647   169.038    0.3    0.0    0.2
   -21.630   169.038    0.4    0.0    0.2
   -21.612   169.038    0.5    0.0    0.3
   -21.594   169.038    0.6   -0.0    0.3
   -21.576   169.038    0.7   -0.0    0.3
   -21.558   169.038    0.8   -0.0    0.4
   -21.540   169.038    0.9   -0.0    0.4
   -21.522   169.038    1.1   -0.0    0.5
   -21.504   169.038    1.2    0.0    0.5
   -21.486   169.038    1.3    0.1    0.5
   -21.468   169.038    1.4    0.1    0.5
   -21.450   169.038    1.5    0.1    0.6
   -21.432   169.038    1.6    0.2    0.6
   -21.414   169.038    1.7    0.2    0.5
   -21.396   169.038    1.8    0.2    0.5
   -21.378   169.038    1.9    0.2    0.5
   -21.360   169.038    2.0    0.3    0.5
   -21.342   169.038    2.1    0.3    0.5
   -21.324   169.038    2.2    0.3    0.5
   -21.307   169.038    2.2    0.3    0.5
   -21.289   169.038    2.3    0.4    0.4
   -21.271   169.038    2.4    0.4    0.4
   -21.253   169.038    2.5    0.5    0.4
   -21.235   169.038    2.5    0.5    0.4
   -21.217   169.038    2.6    0.6    0.4
   -21.199   169.038    2.6    0.6    0.4
   -21.181   169.038    2.6    0.7    0.3
   -21.163   169.038    2.6    0.7    0.3
   -21.145   169.038    2.6    0.7    0.3
   -21.127   169.038    2.6    0.8    0.3
   -21.109   169.038    2.6    0.8    0.3
   -21.091   169.038    2.6    0.9    0.2
   -21.073   169.038    2.5    0.9    0.2
   -21.055   169.038    2.5    0.9    0.2
   -21.037   169.038    2.4    0.9    0.2
   -21.019   169.038    2.3    1.0    0.2
   -21.001   169.038    2.3    1.0    0.2
   -20.984   169.038    2.2    1.0    0.2
   -20.966   169.038    2.1    1.0    0.1
   -20.948   169.038    2.1    1.0    0.1
   -20.930   169.038    2.0    1.0    0.1
   -20.912   169.038    1.9    1.0    0.1
   -20.894   169.038    1.8    1.0    0.1
   -20.876   169.038    1.7    1.0    0.1
   -20.858   169.038    1.6    1.0    0.1
   -20.840   169.038    1.5    0.9    0.1
   -20.822   169.038    1.4    0.9    0.1
   -20.804   169.038    1.4    0.9    0.1
   -20.786   169.038    1.3    0.9    0.1
   -20.768   169.038    1.2    0.8    0.1
   -20.750   169.038    1.1    0.8    0.1
   -20.732   169.038    1.1    0.8    0.1
   -20.714   169.038    1.0    0.8    0.0
   -20.696   169.038    0.9    0.7    0.0
   -20.678   169.038    0.9    0.7    0.0
   -20.661   169.038    0.8    0.7    0.0
   -20.643   169.038    0.8    0.6    0.0
   -20.625   169.038    0.7    0.6    0.0
   -20.607   169.038    0.7    0.6    0.0
   -20.589   169.038    0.6    0.6    0.0
   -20.571   169.038    0.6    0.5    0.0
   -20.553   169.038    0.5    0.5    0.0
   -20.535   169.038    0.5    0.5    0.0
   -20.517   169.038    0.5    0.5    0.0
   -20.499   169.038    0.4    0.4    0.0
   -20.481   169.038    0.4    0.4    0.0
   -20.463   169.038    0.4    0.4    0.0
   -20.445   169.038    0.4    0.4    0.0
   -20.427   169.038    0.4    0.4    0.0
   -20.409   169.038    0.3    0.3    0.0
   -20.391   169.038    0.3    0.3    0.0
   -20.373   169.038    0.3    0.3    0.0
   -20.355   169.038    0.3    0.3    0.0
   -20.338   169.038    0.3    0.3    0.0
   -20.320   169.038    0.3    0.3    0.0
   -20.302   169.038    0.2    0.3    0.0
   -20.284   169.038    0.2    0.2    0.0
   -20.266   169.038    0.2    0.2    0.0
   -20.248   169.038    0.2    0.2    0.0
   -20.230   169.038    0.2    0.2    0.0
   -20.212   169.038    0.2    0.2    0.0
   -20.194   169.038    0.2    0.2    0.0
   -20.176   169.038    0.2    0.2    0.0
   -20.158   169.038    0.2    0.2    0.0
   -20.140   169.038    0.2    0.2    0.0
   -21.935   169.057    0.0    0.1    0.1
   -21.917   169.057    0.0    0.1    0.1
   -21.899   169.057    0.0    0.1    0.1
   -21.881   169.057    0.0    0.1    0.1
   -21.863   169.057    0.0    0.1    0.1
   -21.845   169.057    0.0    0.1    0.1
   -21.827   169.057    0.1    0.1    0.1
   -21.809   169.057    0.1    0.1    0.1
   -21.791   169.057    0.1    0.1    0.2
   -21.773   169.057    0.1    0.1    0.2
   -21.755   169.057    0.1    0.1    0.2
   -21.737   169.057    0.1    0.1    0.2
   -21.719   169.057    0.2    0.1    0.2
   -21.701   169.057    0.2    0.1    0.2
   -21.683   169.057    0.2    0.0    0.2
   -21.665   169.057    0.3    0.0    0.2
   -21.647   169.057    0.4    0.0    0.2
   -21.630   169.057    0.4   -0.0    0.2
   -21.612   169.057    0.5   -0.0    0.3
   -21.594   169.057    0.6   -0.0    0.3
   -21.576   169.057    0.7   -0.1    0.3
   -21.558   169.057    0.8   -0.0    0.4
   -21.540   169.057    1.0   -0.0    0.4
   -21.522   169.057    1.1   -0.0    0.4
   -21.504   169.057    1.2    0.0    0.5
   -21.486   169.057    1.3    0.0    0.5
   -21.468   169.057    1.4    0.1    0.5
   -21.450   169.057    1.5    0.1    0.5
   -21.432   169.057    1.6    0.1    0.5
   -21.414   169.057    1.7    0.2    0.5
   -21.396   169.057    1.8    0.2    0.5
   -21.378   169.057    1.8    0.2    0.5
   -21.360   169.057    1.9    0.2    0.5
   -21.342   169.057    2.0    0.3    0.4
   -21.324   169.057    2.1    0.3    0.4
   -21.307   169.057    2.1    0.3    0.4
   -21.289   169.057    2.2    0.4    0.4
   -21.271   169.057    2.3    0.4    0.4
   -21.253   169.057    2.3    0.4    0.4
   -21.235   169.057    2.4    0.5    0.3
   -21.217   169.057    2.4    0.5    0.3
   -21.199   169.057    2.5    0.6    0.3
   -21.181   169.057    2.5    0.6    0.3
   -21.163   169.057    2.5    0.7    0.3
   -21.145   169.057    2.5    0.7    0.3
   -21.127   169.057    2.5    0.7    0.2
   -21.109   169.057    2.4    0.8    0.2
   -21.091   169.057    2.4    0.8    0.2
   -21.073   169.057    2.4    0.8    0.2
   -21.055   169.057    2.3    0.9    0.2
   -21.037   169.057    2.3    0.9    0.2
   -21.019   169.057    2.2    0.9    0.1
   -21.001   169.057    2.2    0.9    0.1
   -20.984   169.057    2.1    0.9    0.1
   -20.966   169.057    2.0    0.9    0.1
   -20.948   169.057    2.0    0.9    0.1
   -20.930   169.057    1.9    0.9    0.1
   -20.912   169.057    1.8    0.9    0.1
   -20.894   169.057    1.7    0.9    0.1
   -20.876   169.057    1.6    0.9    0.1
   -20.858   169.057    1.6    0.9    0.1
   -20.840   169.057    1.5    0.9    0.1
   -20.822   169.057    1.4    0.9    0.1
   -20.804   169.057    1.3    0.9    0.1
   -20.786   169.057    1.2    0.8    0.1
   -20.768   169.057    1.2    0.8    0.0
   -20.750   169.057    1.1    0.8    0.0
   -20.732   169.057    1.0    0.8    0.0
   -20.714   169.057    1.0    0.7    0.0
   -20.696   169.057    0.9    0.7    0.0
   -20.678   169.057    0.9    0.7    0.0
   -20.661   169.057    0.8    0.6    0.0
   -20.643   169.057    0.8    0.6    0.0
   -20.625   169.057    0.7    0.6    0.0
   -20.607   169.057    0.7    0.6    0.0
   -20.589   169.057    0.6    0.5    0.0
   -20.571   169.057    0.6    0.5    0.0
   -20.553   169.057    0.5    0.5    0.0
   -20.535   169.057    0.5    0.5    0.0
   -20.517   169.057    0.5    0.4    0.0
   -20.499   169.057    0.5    0.4    0.0
   -20.481   169.057    0.4    0.4    0.0
   -20.463   169.057    0.4    0.4    0.0
   -20.445   169.057    0.4    0.4    0.0
   -20.427   169.057    0.4    0.4    0.0
   -20.409   169.057    0.3    0.3    0.0
   -20.391   169.057    0.3    0.3    0.0
   -20.373   169.057    0.3    0.3    0.0
   -20.355   169.057    0.3    0.3    0.0
   -20.338   169.057    0.3    0.3    0.0
   -20.320   169.057    0.3    0.3    0.0
   -20.302   169.057    0.2    0.3    0.0
   -20.284   169.057    0.2    0.2    0.0
   -20.266   169.057    0.2    0.2    0.0
   -20.248   169.057    0.2    0.2    0.0
   -20.230   169.057    0.2    0.2    0.0
   -20.212   169.057    0.2    0.2    0.0
   -20.194   169.057    0.2    0.2    0.0
   -20.176   169.057    0.2    0.2    0.0
   -20.158   169.057    0.2    0.2    0.0
   -20.140   169.057    0.2    0.2    0.0
   -21.935   169.076    0.0    0.1    0.1
   -21.917   169.076    0.0    0.1    0.1
   -21.899   169.076    0.0    0.1    0.1
   -21.881   169.076    0.0    0.1    0.1
   -21.863   169.076    0.1    0.1    0.1
   -21.845   169.076    0.1    0.1    0.1
   -21.827   169.076    0.1    0.1    0.1
   -21.809   169.076    0.1    0.1    0.1
   -21.791   169.076    0.1    0.1    0.2
   -21.773   169.076    0.1    0.1    0.2
   -21.755   169.076    0.1    0.1    0.2
   -21.737   169.076    0.2    0.0    0.2
   -21.719   169.076    0.2    0.0    0.2
   -21.701   169.076    0.2    0.0    0.2
   -21.683   169.076    0.3    0.0    0.2
   -21.665   169.076    0.3   -0.0    0.2
   -21.647   169.076    0.4   -0.0    0.2
   -21.630   169.076    0.5   -0.0    0.2
   -21.612   169.076    0.6   -0.0    0.3
   -21.594   169.076    0.7   -0.1    0.3
   -21.576   169.076    0.8   -0.1    0.3
   -21.558   169.076    0.9   -0.1    0.4
   -21.540   169.076    1.0   -0.0    0.4
   -21.522   169.076    1.1   -0.0    0.4
   -21.504   169.076    1.2   -0.0    0.4
   -21.486   169.076    1.3    0.0    0.4
   -21.468   169.076    1.4    0.1    0.5
   -21.450   169.076    1.5    0.1    0.5
   -21.432   169.076    1.6    0.1    0.5
   -21.414   169.076    1.6    0.2    0.4
   -21.396   169.076    1.7    0.2    0.4
   -21.378   169.076    1.8    0.2    0.4
   -21.360   169.076    1.9    0.2    0.4
   -21.342   169.076    1.9    0.3    0.4
   -21.324   169.076    2.0    0.3    0.4
   -21.307   169.076    2.1    0.3    0.4
   -21.289   169.076    2.1    0.3    0.3
   -21.271   169.076    2.2    0.4    0.3
   -21.253   169.076    2.2    0.4    0.3
   -21.235   169.076    2.3    0.4    0.3
   -21.217   169.076    2.3    0.5    0.3
   -21.199   169.076    2.3    0.5    0.3
   -21.181   169.076    2.3    0.6    0.2
   -21.163   169.076    2.3    0.6    0.2
   -21.145   169.076    2.3    0.6    0.2
   -21.127   169.076    2.3    0.7    0.2
   -21.109   169.076    2.3    0.7    0.2
   -21.091   169.076    2.3    0.7    0.2
   -21.073   169.076    2.2    0.8    0.2
   -21.055   169.076    2.2    0.8    0.1
   -21.037   169.076    2.2    0.8    0.1
   -21.019   169.076    2.1    0.8    0.1
   -21.001   169.076    2.1    0.8    0.1
   -20.984   169.076    2.0    0.9    0.1
   -20.966   169.076    1.9    0.9    0.1
   -20.948   169.076    1.9    0.9    0.1
   -20.930   169.076    1.8    0.9    0.1
   -20.912   169.076    1.7    0.9    0.1
   -20.894   169.076    1.7    0.9    0.1
   -20.876   169.076    1.6    0.9    0.1
   -20.858   169.076    1.5    0.9    0.1
   -20.840   169.076    1.4    0.8    0.1
   -20.822   169.076    1.4    0.8    0.0
   -20.804   169.076    1.3    0.8    0.0
   -20.786   169.076    1.2    0.8    0.0
   -20.768   169.076    1.1    0.8    0.0
   -20.750   169.076    1.1    0.7    0.0
   -20.732   169.076    1.0    0.7    0.0
   -20.714   169.076    1.0    0.7    0.0
   -20.696   169.076    0.9    0.7    0.0
   -20.678   169.076    0.8    0.7    0.0
   -20.661   169.076    0.8    0.6    0.0
   -20.643   169.076    0.7    0.6    0.0
   -20.625   169.076    0.7    0.6    0.0
   -20.607   169.076    0.7    0.6    0.0
   -20.589   169.076    0.6    0.5    0.0
   -20.571   169.076    0.6    0.5    0.0
   -20.553   169.076    0.5    0.5    0.0
   -20.535   169.076    0.5    0.5    0.0
   -20.517   169.076    0.5    0.4    0.0
   -20.499   169.076    0.5    0.4    0.0
   -20.481   169.076    0.4    0.4    0.0
   -20.463   169.076    0.4    0.4    0.0
   -20.445   169.076    0.4    0.4    0.0
   -20.427   169.076    0.4    0.4    0.0
   -20.409   169.076    0.3    0.3    0.0
   -20.391   169.076    0.3    0.3    0.0
   -20.373   169.076    0.3    0.3    0.0
   -20.355   169.076    0.3    0.3    0.0
   -20.338   169.076    0.3    0.3    0.0
   -20.320   169.076    0.3    0.3    0.0
   -20.302   169.076    0.2    0.3    0.0
   -20.284   169.076    0.2    0.2    0.0
   -20.266   169.076    0.2    0.2    0.0
   -20.248   169.076    0.2    0.2    0.0
   -20.230   169.076    0.2    0.2    0.0
   -20.212   169.076    0.2    0.2    0.0
   -20.194   169.076    0.2    0.2    0.0
   -20.176   169.076    0.2    0.2    0.0
   -20.158   169.076    0.2    0.2    0.0
   -20.140   169.076    0.2    0.2    0.0
   -21.935   169.096    0.0    0.1    0.1
   -21.917   169.096    0.0    0.1    0.1
   -21.899   169.096    0.0    0.1    0.1
   -21.881   169.096    0.1    0.1    0.1
   -21.863   169.096    0.1    0.1    0.1
   -21.845   169.096    0.1    0.1    0.1
   -21.827   169.096    0.1    0.1    0.1
   -21.809   169.096    0.1    0.1    0.1
   -21.791   169.096    0.1    0.0    0.1
   -21.773   169.096    0.1    0.0    0.2
   -21.755   169.096    0.2    0.0    0.2
   -21.737   169.096    0.2    0.0    0.2
   -21.719   169.096    0.2    0.0    0.2
   -21.701   169.096    0.3    0.0    0.2
   -21.683   169.096    0.3   -0.0    0.2
   -21.665   169.096    0.4   -0.0    0.2
   -21.647   169.096    0.4   -0.0    0.2
   -21.630   169.096    0.5   -0.1    0.2
   -21.612   169.096    0.6   -0.1    0.3
   -21.594   169.096    0.7   -0.1    0.3
   -21.576   169.096    0.8   -0.1    0.3
   -21.558   169.096    0.9   -0.1    0.3
   -21.540   169.096    1.0   -0.1    0.4
   -21.522   169.096    1.1   -0.0    0.4
   -21.504   169.096    1.2   -0.0    0.4
   -21.486   169.096    1.3    0.0    0.4
   -21.468   169.096    1.4    0.0    0.4
   -21.450   169.096    1.4    0.1    0.4
   -21.432   169.096    1.5    0.1    0.4
   -21.414   169.096    1.6    0.1    0.4
   -21.396   169.096    1.7    0.2    0.4
   -21.378   169.096    1.7    0.2    0.4
   -21.360   169.096    1.8    0.2    0.4
   -21.342   169.096    1.8    0.2    0.3
   -21.324   169.096    1.9    0.3    0.3
   -21.307   169.096    2.0    0.3    0.3
   -21.289   169.096    2.0    0.3    0.3
   -21.271   169.096    2.1    0.4    0.3
   -21.253   169.096    2.1    0.4    0.3
   -21.235   169.096    2.1    0.4    0.3
   -21.217   169.096    2.2    0.5    0.2
   -21.199   169.096    2.2    0.5    0.2
   -21.181   169.096    2.2    0.5    0.2
   -21.163   169.096    2.2    0.6    0.2
   -21.145   169.096    2.2    0.6    0.2
   -21.127   169.096    2.2    0.6    0.2
   -21.109   169.096    2.2    0.7    0.2
   -21.091   169.096    2.2    0.7    0.1
   -21.073   169.096    2.1    0.7    0.1
   -21.055   169.096    2.1    0.7    0.1
   -21.037   169.096    2.0    0.8    0.1
   -21.019   169.096    2.0    0.8    0.1
   -21.001   169.096    2.0    0.8    0.1
   -20.984   169.096    1.9    0.8    0.1
   -20.966   169.096    1.8    0.8    0.1
   -20.948   169.096    1.8    0.8    0.1
   -20.930   169.096    1.7    0.8    0.1
   -20.912   169.096    1.6    0.8    0.1
   -20.894   169.096    1.6    0.8    0.1
   -20.876   169.096    1.5    0.8    0.0
   -20.858   169.096    1.4    0.8    0.0
   -20.840   169.096    1.4    0.8    0.0
   -20.822   169.096    1.3    0.8    0.0
   -20.804   169.096    1.2    0.8    0.0
   -20.786   169.096    1.2    0.8    0.0
   -20.768   169.096    1.1    0.7    0.0
   -20.750   169.096    1.1    0.7    0.0
   -20.732   169.096    1.0    0.7    0.0
   -20.714   169.096    0.9    0.7    0.0
   -20.696   169.096    0.9    0.7    0.0
   -20.678   169.096    0.8    0.6    0.0
   -20.661   169.096    0.8    0.6    0.0
   -20.643   169.096    0.7    0.6    0.0
   -20.625   169.096    0.7    0.6    0.0
   -20.607   169.096    0.7    0.5    0.0
   -20.589   169.096    0.6    0.5    0.0
   -20.571   169.096    0.6    0.5    0.0
   -20.553   169.096    0.5    0.5    0.0
   -20.535   169.096    0.5    0.5    0.0
   -20.517   169.096    0.5    0.4    0.0
   -20.499   169.096    0.5    0.4    0.0
   -20.481   169.096    0.4    0.4    0.0
   -20.463   169.096    0.4    0.4    0.0
   -20.445   169.096    0.4    0.4    0.0
   -20.427   169.096    0.4    0.3    0.0
   -20.409   169.096    0.3    0.3    0.0
   -20.391   169.096    0.3    0.3    0.0
   -20.373   169.096    0.3    0.3    0.0
   -20.355   169.096    0.3    0.3    0.0
   -20.338   169.096    0.3    0.3    0.0
   -20.320   169.096    0.3    0.3    0.0
   -20.302   169.096    0.3    0.3    0.0
   -20.284   169.096    0.2    0.2    0.0
   -20.266   169.096    0.2    0.2    0.0
   -20.248   169.096    0.2    0.2    0.0
   -20.230   169.096    0.2    0.2    0.0
   -20.212   169.096    0.2    0.2    0.0
   -20.194   169.096    0.2    0.2    0.0
   -20.176   169.096    0.2    0.2    0.0
   -20.158   169.096    0.2    0.2    0.0
   -20.140   169.096    0.2    0.2    0.0
   -21.935   169.115    0.0    0.0    0.1
   -21.917   169.115    0.1    0.0    0.1
   -21.899   169.115    0.1    0.0    0.1
   -21.881   169.115    0.1    0.0    0.1
   -21.863   169.115    0.1    0.0    0.1
   -21.845   169.115    0.1    0.0    0.1
   -21.827   169.115    0.1    0.0    0.1
   -21.809   169.115    0.1    0.0    0.1
   -21.791   169.115    0.1    0.0    0.1
   -21.773   169.115    0.2    0.0    0.2
   -21.755   169.115    0.2    0.0    0.2
   -21.737   169.115    0.2    0.0    0.2
   -21.719   169.115    0.3   -0.0    0.2
   -21.701   169.115    0.3   -0.0    0.2
   -21.683   169.115    0.3   -0.0    0.2
   -21.665   169.115    0.4   -0.0    0.2
   -21.647   169.115    0.5   -0.1    0.2
   -21.630   169.115    0.5   -0.1    0.2
   -21.612   169.115    0.6   -0.1    0.2
   -21.594   169.115    0.7   -0.1    0.3
   -21.576   169.115    0.8   -0.1    0.3
   -21.558   169.115    0.9   -0.1    0.3
   -21.540   169.115    1.0   -0.1    0.3
   -21.522   169.115    1.1   -0.0    0.3
   -21.504   169.115    1.1   -0.0    0.3
   -21.486   169.115    1.2    0.0    0.4
   -21.468   169.115    1.3    0.0    0.4
   -21.450   169.115    1.4    0.1    0.4
   -21.432   169.115    1.5    0.1    0.4
   -21.414   169.115    1.5    0.1    0.4
   -21.396   169.115    1.6    0.1    0.3
   -21.378   169.115    1.7    0.2    0.3
   -21.360   169.115    1.7    0.2    0.3
   -21.342   169.115    1.8    0.2    0.3
   -21.324   169.115    1.8    0.3    0.3
   -21.307   169.115    1.9    0.3    0.3
   -21.289   169.115    1.9    0.3    0.3
   -21.271   169.115    2.0    0.3    0.3
   -21.253   169.115    2.0    0.4    0.2
   -21.235   169.115    2.0    0.4    0.2
   -21.217   169.115    2.0    0.4    0.2
   -21.199   169.115    2.1    0.5    0.2
   -21.181   169.115    2.1    0.5    0.2
   -21.163   169.115    2.1    0.5    0.2
   -21.145   169.115    2.1    0.6    0.2
   -21.127   169.115    2.1    0.6    0.1
   -21.109   169.115    2.1    0.6    0.1
   -21.091   169.115    2.0    0.6    0.1
   -21.073   169.115    2.0    0.7    0.1
   -21.055   169.115    2.0    0.7    0.1
   -21.037   169.115    1.9    0.7    0.1
   -21.019   169.115    1.9    0.7    0.1
   -21.001   169.115    1.9    0.7    0.1
   -20.984   169.115    1.8    0.8    0.1
   -20.966   169.115    1.8    0.8    0.1
   -20.948   169.115    1.7    0.8    0.1
   -20.930   169.115    1.6    0.8    0.0
   -20.912   169.115    1.6    0.8    0.0
   -20.894   169.115    1.5    0.8    0.0
   -20.876   169.115    1.5    0.8    0.0
   -20.858   169.115    1.4    0.8    0.0
   -20.840   169.115    1.3    0.8    0.0
   -20.822   169.115    1.3    0.7    0.0
   -20.804   169.115    1.2    0.7    0.0
   -20.786   169.115    1.1    0.7    0.0
   -20.768   169.115    1.1    0.7    0.0
   -20.750   169.115    1.0    0.7    0.0
   -20.732   169.115    1.0    0.7    0.0
   -20.714   169.115    0.9    0.6    0.0
   -20.696   169.115    0.9    0.6    0.0
   -20.678   169.115    0.8    0.6    0.0
   -20.661   169.115    0.8    0.6    0.0
   -20.643   169.115    0.7    0.6    0.0
   -20.625   169.115    0.7    0.5    0.0
   -20.607   169.115    0.7    0.5    0.0
   -20.589   169.115    0.6    0.5    0.0
   -20.571   169.115    0.6    0.5    0.0
   -20.553   169.115    0.5    0.5    0.0
   -20.535   169.115    0.5    0.4    0.0
   -20.517   169.115    0.5    0.4    0.0
   -20.499   169.115    0.5    0.4    0.0
   -20.481   169.115    0.4    0.4    0.0
   -20.463   169.115    0.4    0.4    0.0
   -20.445   169.115    0.4    0.4    0.0
   -20.427   169.115    0.4    0.3    0.0
   -20.409   169.115    0.3    0.3    0.0
   -20.391   169.115    0.3    0.3    0.0
   -20.373   169.115    0.3    0.3    0.0
   -20.355   169.115    0.3    0.3    0.0
   -20.338   169.115    0.3    0.3    0.0
   -20.320   169.115    0.3    0.3    0.0
   -20.302   169.115    0.3    0.3    0.0
   -20.284   169.115    0.2    0.2    0.0
   -20.266   169.115    0.2    0.2    0.0
   -20.248   169.115    0.2    0.2    0.0
   -20.230   169.115    0.2    0.2    0.0
   -20.212   169.115    0.2    0.2    0.0
   -20.194   169.115    0.2    0.2    0.0
   -20.176   169.115    0.2    0.2    0.0
   -20.158   169.115    0.2    0.2    0.0
   -20.140   169.115    0.2    0.2    0.0
   -21.935   169.134    0.1    0.0    0.1
   -21.917   169.134    0.1    0.0    0.1
   -21.899   169.134    0.1    0.0    0.1
   -21.881   169.134    0.1    0.0    0.1
   -21.863   169.134    0.1    0.0    0.1
   -21.845   169.134    0.1    0.0    0.1
   -21.827   169.134    0.1    0.0    0.1
   -21.809   169.134    0.1    0.0    0.1
   -21.791   169.134    0.2    0.0    0.1
   -21.773   169.134    0.2    0.0    0.1
   -21.755   169.134    0.2    0.0    0.2
   -21.737   169.134    0.2   -0.0    0.2
   -21.719   169.134    0.3   -0.0    0.2
   -21.701   169.134    0.3   -0.0    0.2
   -21.683   169.134    0.4   -0.0    0.2
   -21.665   169.134    0.4   -0.1    0.2
   -21.647   169.134    0.5   -0.1    0.2
   -21.630   169.134    0.5   -0.1    0.2
   -21.612   169.134    0.6   -0.1    0.2
   -21.594   169.134    0.7   -0.1    0.2
   -21.576   169.134    0.8   -0.1    0.3
   -21.558   169.134    0.9   -0.1    0.3
   -21.540   169.134    0.9   -0.1    0.3
   -21.522   169.134    1.0   -0.0    0.3
   -21.504   169.134    1.1   -0.0    0.3
   -21.486   169.134    1.2    0.0    0.3
   -21.468   169.134    1.3    0.0    0.3
   -21.450   169.134    1.3    0.1    0.3
   -21.432   169.134    1.4    0.1    0.3
   -21.414   169.134    1.5    0.1    0.3
   -21.396   169.134    1.5    0.1    0.3
   -21.378   169.134    1.6    0.2    0.3
   -21.360   169.134    1.6    0.2    0.3
   -21.342   169.134    1.7    0.2    0.3
   -21.324   169.134    1.7    0.2    0.3
   -21.307   169.134    1.8    0.3    0.2
   -21.289   169.134    1.8    0.3    0.2
   -21.271   169.134    1.9    0.3    0.2
   -21.253   169.134    1.9    0.3    0.2
   -21.235   169.134    1.9    0.4    0.2
   -21.217   169.134    1.9    0.4    0.2
   -21.199   169.134    2.0    0.4    0.2
   -21.181   169.134    2.0    0.5    0.2
   -21.163   169.134    2.0    0.5    0.1
   -21.145   169.134    2.0    0.5    0.1
   -21.127   169.134    2.0    0.6    0.1
   -21.109   169.134    1.9    0.6    0.1
   -21.091   169.134    1.9    0.6    0.1
   -21.073   169.134    1.9    0.6    0.1
   -21.055   169.134    1.9    0.6    0.1
   -21.037   169.134    1.8    0.7    0.1
   -21.019   169.134    1.8    0.7    0.1
   -21.001   169.134    1.8    0.7    0.1
   -20.984   169.134    1.7    0.7    0.1
   -20.966   169.134    1.7    0.7    0.0
   -20.948   169.134    1.6    0.7    0.0
   -20.930   169.134    1.6    0.7    0.0
   -20.912   169.134    1.5    0.7    0.0
   -20.894   169.134    1.5    0.7    0.0
   -20.876   169.134    1.4    0.7    0.0
   -20.858   169.134    1.3    0.7    0.0
   -20.840   169.134    1.3    0.7    0.0
   -20.822   169.134    1.2    0.7    0.0
   -20.804   169.134    1.2    0.7    0.0
   -20.786   169.134    1.1    0.7    0.0
   -20.768   169.134    1.1    0.7    0.0
   -20.750   169.134    1.0    0.7    0.0
   -20.732   169.134    1.0    0.6    0.0
   -20.714   169.134    0.9    0.6    0.0
   -20.696   169.134    0.9    0.6    0.0
   -20.678   169.134    0.8    0.6    0.0
   -20.661   169.134    0.8    0.6    0.0
   -20.643   169.134    0.7    0.5    0.0
   -20.625   169.134    0.7    0.5    0.0
   -20.607   169.134    0.6    0.5    0.0
   -20.589   169.134    0.6    0.5    0.0
   -20.571   169.134    0.6    0.5    0.0
   -20.553   169.134    0.5    0.5    0.0
   -20.535   169.134    0.5    0.4    0.0
   -20.517   169.134    0.5    0.4    0.0
   -20.499   169.134    0.5    0.4    0.0
   -20.481   169.134    0.4    0.4    0.0
   -20.463   169.134    0.4    0.4    0.0
   -20.445   169.134    0.4    0.4    0.0
   -20.427   169.134    0.4    0.3    0.0
   -20.409   169.134    0.4    0.3    0.0
   -20.391   169.134    0.3    0.3    0.0
   -20.373   169.134    0.3    0.3    0.0
   -20.355   169.134    0.3    0.3    0.0
   -20.338   169.134    0.3    0.3    0.0
   -20.320   169.134    0.3    0.3    0.0
   -20.302   169.134    0.3    0.3    0.0
   -20.284   169.134    0.2    0.2    0.0
   -20.266   169.134    0.2    0.2    0.0
   -20.248   169.134    0.2    0.2    0.0
   -20.230   169.134    0.2    0.2    0.0
   -20.212   169.134    0.2    0.2    0.0
   -20.194   169.134    0.2    0.2    0.0
   -20.176   169.134    0.2    0.2    0.0
   -20.158   169.134    0.2    0.2    0.0
   -20.140   169.134    0.2    0.2    0.0
   -21.935   169.153    0.1    0.0    0.1
   -21.917   169.153    0.1    0.0    0.1
   -21.899   169.153    0.1    0.0    0.1
   -21.881   169.153    0.1    0.0    0.1
   -21.863   169.153    0.1    0.0    0.1
   -21.845   169.153    0.1    0.0    0.1
   -21.827   169.153    0.1    0.0    0.1
   -21.809   169.153    0.1    0.0    0.1
   -21.791   169.153    0.2    0.0    0.1
   -21.773   169.153    0.2   -0.0    0.1
   -21.755   169.153    0.2   -0.0    0.1
   -21.737   169.153    0.3   -0.0    0.2
   -21.719   169.153    0.3   -0.0    0.2
   -21.701   169.153    0.3   -0.0    0.2
   -21.683   169.153    0.4   -0.0    0.2
   -21.665   169.153    0.4   -0.1    0.2
   -21.647   169.153    0.5   -0.1    0.2
   -21.630   169.153    0.6   -0.1    0.2
   -21.612   169.153    0.6   -0.1    0.2
   -21.594   169.153    0.7   -0.1    0.2
   -21.576   169.153    0.8   -0.1    0.2
   -21.558   169.153    0.8   -0.1    0.3
   -21.540   169.153    0.9   -0.1    0.3
   -21.522   169.153    1.0   -0.0    0.3
   -21.504   169.153    1.1   -0.0    0.3
   -21.486   169.153    1.2   -0.0    0.3
   -21.468   169.153    1.2    0.0    0.3
   -21.450   169.153    1.3    0.0    0.3
   -21.432   169.153    1.3    0.1    0.3
   -21.414   169.153    1.4    0.1    0.3
   -21.396   169.153    1.5    0.1    0.3
   -21.378   169.153    1.5    0.1    0.3
   -21.360   169.153    1.6    0.2    0.2
   -21.342   169.153    1.6    0.2    0.2
   -21.324   169.153    1.6    0.2    0.2
   -21.307   169.153    1.7    0.2    0.2
   -21.289   169.153    1.7    0.3    0.2
   -21.271   169.153    1.8    0.3    0.2
   -21.253   169.153    1.8    0.3    0.2
   -21.235   169.153    1.8    0.3    0.2
   -21.217   169.153    1.8    0.4    0.2
   -21.199   169.153    1.8    0.4    0.1
   -21.181   169.153    1.9    0.4    0.1
   -21.163   169.153    1.9    0.5    0.1
   -21.145   169.153    1.9    0.5    0.1
   -21.127   169.153    1.9    0.5    0.1
   -21.109   169.153    1.8    0.5    0.1
   -21.091   169.153    1.8    0.6    0.1
   -21.073   169.153    1.8    0.6    0.1
   -21.055   169.153    1.8    0.6    0.1
   -21.037   169.153    1.7    0.6    0.1
   -21.019   169.153    1.7    0.6    0.1
   -21.001   169.153    1.7    0.7    0.0
   -20.984   169.153    1.6    0.7    0.0
   -20.966   169.153    1.6    0.7    0.0
   -20.948   169.153    1.5    0.7    0.0
   -20.930   169.153    1.5    0.7    0.0
   -20.912   169.153    1.4    0.7    0.0
   -20.894   169.153    1.4    0.7    0.0
   -20.876   169.153    1.3    0.7    0.0
   -20.858   169.153    1.3    0.7    0.0
   -20.840   169.153    1.2    0.7    0.0
   -20.822   169.153    1.2    0.7    0.0
   -20.804   169.153    1.1    0.7    0.0
   -20.786   169.153    1.1    0.7    0.0
   -20.768   169.153    1.0    0.6    0.0
   -20.750   169.153    1.0    0.6    0.0
   -20.732   169.153    0.9    0.6    0.0
   -20.714   169.153    0.9    0.6    0.0
   -20.696   169.153    0.8    0.6    0.0
   -20.678   169.153    0.8    0.6    0.0
   -20.661   169.153    0.8    0.5    0.0
   -20.643   169.153    0.7    0.5    0.0
   -20.625   169.153    0.7    0.5    0.0
   -20.607   169.153    0.6    0.5    0.0
   -20.589   169.153    0.6    0.5    0.0
   -20.571   169.153    0.6    0.5    0.0
   -20.553   169.153    0.5    0.4    0.0
   -20.535   169.153    0.5    0.4    0.0
   -20.517   169.153    0.5    0.4    0.0
   -20.499   169.153    0.5    0.4    0.0
   -20.481   169.153    0.4    0.4    0.0
   -20.463   169.153    0.4    0.4    0.0
   -20.445   169.153    0.4    0.4    0.0
   -20.427   169.153    0.4    0.3    0.0
   -20.409   169.153    0.4    0.3    0.0
   -20.391   169.153    0.3    0.3    0.0
   -20.373   169.153    0.3    0.3    0.0
   -20.355   169.153    0.3    0.3    0.0
   -20.338   169.153    0.3    0.3    0.0
   -20.320   169.153    0.3    0.3    0.0
   -20.302   169.153    0.3    0.3    0.0
   -20.284   169.153    0.2    0.2    0.0
   -20.266   169.153    0.2    0.2    0.0
   -20.248   169.153    0.2    0.2    0.0
   -20.230   169.153    0.2    0.2    0.0
   -20.212   169.153    0.2    0.2    0.0
   -20.194   169.153    0.2    0.2    0.0
   -20.176   169.153    0.2    0.2    0.0
   -20.158   169.153    0.2    0.2    0.0
   -20.140   169.153    0.2    0.2    0.0
   -21.935   169.173    0.1    0.0    0.1
   -21.917   169.173    0.1    0.0    0.1
   -21.899   169.173    0.1    0.0    0.1
   -21.881   169.173    0.1    0.0    0.1
   -21.863   169.173    0.1    0.0    0.1
   -21.845   169.173    0.1    0.0    0.1
   -21.827   169.173    0.1    0.0    0.1
   -21.809   169.173    0.2    0.0    0.1
   -21.791   169.173    0.2   -0.0    0.1
   -21.773   169.173    0.2   -0.0    0.1
   -21.755   169.173    0.2   -0.0    0.1
   -21.737   169.173    0.3   -0.0    0.1
   -21.719   169.173    0.3   -0.0    0.2
   -21.701   169.173    0.3   -0.0    0.2
   -21.683   169.173    0.4   -0.1    0.2
   -21.665   169.173    0.4   -0.1    0.2
   -21.647   169.173    0.5   -0.1    0.2
   -21.630   169.173    0.6   -0.1    0.2
   -21.612   169.173    0.6   -0.1    0.2
   -21.594   169.173    0.7   -0.1    0.2
   -21.576   169.173    0.8   -0.1    0.2
   -21.558   169.173    0.8   -0.1    0.2
   -21.540   169.173    0.9   -0.1    0.2
   -21.522   169.173    1.0   -0.0    0.2
   -21.504   169.173    1.0   -0.0    0.2
   -21.486   169.173    1.1   -0.0    0.2
   -21.468   169.173    1.2    0.0    0.3
   -21.450   169.173    1.2    0.0    0.2
   -21.432   169.173    1.3    0.1    0.2
   -21.414   169.173    1.3    0.1    0.2
   -21.396   169.173    1.4    0.1    0.2
   -21.378   169.173    1.4    0.1    0.2
   -21.360   169.173    1.5    0.2    0.2
   -21.342   169.173    1.5    0.2    0.2
   -21.324   169.173    1.6    0.2    0.2
   -21.307   169.173    1.6    0.2    0.2
   -21.289   169.173    1.6    0.3    0.2
   -21.271   169.173    1.7    0.3    0.2
   -21.253   169.173    1.7    0.3    0.2
   -21.235   169.173    1.7    0.3    0.1
   -21.217   169.173    1.7    0.4    0.1
   -21.199   169.173    1.8    0.4    0.1
   -21.181   169.173    1.8    0.4    0.1
   -21.163   169.173    1.8    0.4    0.1
   -21.145   169.173    1.8    0.5    0.1
   -21.127   169.173    1.8    0.5    0.1
   -21.109   169.173    1.7    0.5    0.1
   -21.091   169.173    1.7    0.5    0.1
   -21.073   169.173    1.7    0.5    0.1
   -21.055   169.173    1.7    0.6    0.1
   -21.037   169.173    1.7    0.6    0.0
   -21.019   169.173    1.6    0.6    0.0
   -21.001   169.173    1.6    0.6    0.0
   -20.984   169.173    1.6    0.6    0.0
   -20.966   169.173    1.5    0.6    0.0
   -20.948   169.173    1.5    0.6    0.0
   -20.930   169.173    1.4    0.6    0.0
   -20.912   169.173    1.4    0.6    0.0
   -20.894   169.173    1.3    0.7    0.0
   -20.876   169.173    1.3    0.6    0.0
   -20.858   169.173    1.2    0.6    0.0
   -20.840   169.173    1.2    0.6    0.0
   -20.822   169.173    1.1    0.6    0.0
   -20.804   169.173    1.1    0.6   -0.0
   -20.786   169.173    1.0    0.6   -0.0
   -20.768   169.173    1.0    0.6   -0.0
   -20.750   169.173    1.0    0.6   -0.0
   -20.732   169.173    0.9    0.6   -0.0
   -20.714   169.173    0.9    0.6   -0.0
   -20.696   169.173    0.8    0.6   -0.0
   -20.678   169.173    0.8    0.5   -0.0
   -20.661   169.173    0.7    0.5   -0.0
   -20.643   169.173    0.7    0.5   -0.0
   -20.625   169.173    0.7    0.5   -0.0
   -20.607   169.173    0.6    0.5   -0.0
   -20.589   169.173    0.6    0.5   -0.0
   -20.571   169.173    0.6    0.4   -0.0
   -20.553   169.173    0.5    0.4   -0.0
   -20.535   169.173    0.5    0.4   -0.0
   -20.517   169.173    0.5    0.4    0.0
   -20.499   169.173    0.5    0.4    0.0
   -20.481   169.173    0.4    0.4    0.0
   -20.463   169.173    0.4    0.4    0.0
   -20.445   169.173    0.4    0.3    0.0
   -20.427   169.173    0.4    0.3    0.0
   -20.409   169.173    0.4    0.3    0.0
   -20.391   169.173    0.3    0.3    0.0
   -20.373   169.173    0.3    0.3    0.0
   -20.355   169.173    0.3    0.3    0.0
   -20.338   169.173    0.3    0.3    0.0
   -20.320   169.173    0.3    0.3    0.0
   -20.302   169.173    0.3    0.3    0.0
   -20.284   169.173    0.3    0.2    0.0
   -20.266   169.173    0.2    0.2    0.0
   -20.248   169.173    0.2    0.2    0.0
   -20.230   169.173    0.2    0.2    0.0
   -20.212   169.173    0.2    0.2    0.0
   -20.194   169.173    0.2    0.2    0.0
   -20.176   169.173    0.2    0.2    0.0
   -20.158   169.173    0.2    0.2    0.0
   -20.140   169.173    0.2    0.2    0.0
   -21.935   169.192    0.1    0.0    0.1
   -21.917   169.192    0.1    0.0    0.1
   -21.899   169.192    0.1    0.0    0.1
   -21.881   169.192    0.1    0.0    0.1
   -21.863   169.192    0.1    0.0    0.1
   -21.845   169.192    0.1    0.0    0.1
   -21.827   169.192    0.2    0.0    0.1
   -21.809   169.192    0.2   -0.0    0.1
   -21.791   169.192    0.2   -0.0    0.1
   -21.773   169.192    0.2   -0.0    0.1
   -21.755   169.192    0.2   -0.0    0.1
   -21.737   169.192    0.3   -0.0    0.1
   -21.719   169.192    0.3   -0.0    0.1
   -21.701   169.192    0.4   -0.0    0.2
   -21.683   169.192    0.4   -0.1    0.2
   -21.665   169.192    0.4   -0.1    0.2
   -21.647   169.192    0.5   -0.1    0.2
   -21.630   169.192    0.6   -0.1    0.2
   -21.612   169.192    0.6   -0.1    0.2
   -21.594   169.192    0.7   -0.1    0.2
   -21.576   169.192    0.7   -0.1    0.2
   -21.558   169.192    0.8   -0.1    0.2
   -21.540   169.192    0.9   -0.1    0.2
   -21.522   169.192    0.9   -0.0    0.2
   -21.504   169.192    1.0   -0.0    0.2
   -21.486   169.192    1.1   -0.0    0.2
   -21.468   169.192    1.1    0.0    0.2
   -21.450   169.192    1.2    0.0    0.2
   -21.432   169.192    1.2    0.1    0.2
   -21.414   169.192    1.3    0.1    0.2
   -21.396   169.192    1.3    0.1    0.2
   -21.378   169.192    1.4    0.1    0.2
   -21.360   169.192    1.4    0.1    0.2
   -21.342   169.192    1.5    0.2    0.2
   -21.324   169.192    1.5    0.2    0.2
   -21.307   169.192    1.5    0.2    0.2
   -21.289   169.192    1.6    0.2    0.2
   -21.271   169.192    1.6    0.3    0.1
   -21.253   169.192    1.6    0.3    0.1
   -21.235   169.192    1.6    0.3    0.1
   -21.217   169.192    1.6    0.3    0.1
   -21.199   169.192    1.7    0.4    0.1
   -21.181   169.192    1.7    0.4    0.1
   -21.163   169.192    1.7    0.4    0.1
   -21.145   169.192    1.7    0.4    0.1
   -21.127   169.192    1.7    0.5    0.1
   -21.109   169.192    1.7    0.5    0.1
   -21.091   169.192    1.6    0.5    0.1
   -21.073   169.192    1.6    0.5    0.0
   -21.055   169.192    1.6    0.5    0.0
   -21.037   169.192    1.6    0.5    0.0
   -21.019   169.192    1.5    0.6    0.0
   -21.001   169.192    1.5    0.6    0.0
   -20.984   169.192    1.5    0.6    0.0
   -20.966   169.192    1.4    0.6    0.0
   -20.948   169.192    1.4    0.6    0.0
   -20.930   169.192    1.4    0.6    0.0
   -20.912   169.192    1.3    0.6    0.0
   -20.894   169.192    1.3    0.6    0.0
   -20.876   169.192    1.2    0.6   -0.0
   -20.858   169.192    1.2    0.6   -0.0
   -20.840   169.192    1.1    0.6   -0.0
   -20.822   169.192    1.1    0.6   -0.0
   -20.804   169.192    1.1    0.6   -0.0
   -20.786   169.192    1.0    0.6   -0.0
   -20.768   169.192    1.0    0.6   -0.0
   -20.750   169.192    0.9    0.6   -0.0
   -20.732   169.192    0.9    0.6   -0.0
   -20.714   169.192    0.8    0.5   -0.0
   -20.696   169.192    0.8    0.5   -0.0
   -20.678   169.192    0.8    0.5   -0.0
   -20.661   169.192    0.7    0.5   -0.0
   -20.643   169.192    0.7    0.5   -0.0
   -20.625   169.192    0.7    0.5   -0.0
   -20.607   169.192    0.6    0.5   -0.0
   -20.589   169.192    0.6    0.5   -0.0
   -20.571   169.192    0.6    0.4   -0.0
   -20.553   169.192    0.5    0.4   -0.0
   -20.535   169.192    0.5    0.4   -0.0
   -20.517   169.192    0.5    0.4   -0.0
   -20.499   169.192    0.5    0.4   -0.0
   -20.481   169.192    0.4    0.4   -0.0
   -20.463   169.192    0.4    0.4   -0.0
   -20.445   169.192    0.4    0.3    0.0
   -20.427   169.192    0.4    0.3    0.0
   -20.409   169.192    0.4    0.3    0.0
   -20.391   169.192    0.3    0.3    0.0
   -20.373   169.192    0.3    0.3    0.0
   -20.355   169.192    0.3    0.3    0.0
   -20.338   169.192    0.3    0.3    0.0
   -20.320   169.192    0.3    0.3    0.0
   -20.302   169.192    0.3    0.3    0.0
   -20.284   169.192    0.3    0.2    0.0
   -20.266   169.192    0.2    0.2    0.0
   -20.248   169.192    0.2    0.2    0.0
   -20.230   169.192    0.2    0.2    0.0
   -20.212   169.192    0.2    0.2    0.0
   -20.194   169.192    0.2    0.2    0.0
   -20.176   169.192    0.2    0.2    0.0
   -20.158   169.192    0.2    0.2    0.0
   -20.140   169.192    0.2    0.2    0.0
   -21.935   169.211    0.1    0.0    0.1
   -21.917   169.211    0.1    0.0    0.1
   -21.899   169.211    0.1    0.0    0.1
   -21.881   169.211    0.1    0.0    0.1
   -21.863   169.211    0.1    0.0    0.1
   -21.845   169.211    0.1   -0.0    0.1
   -21.827   169.211    0.2   -0.0    0.1
   -21.809   169.211    0.2   -0.0    0.1
   -21.791   169.211    0.2   -0.0    0.1
   -21.773   169.211    0.2   -0.0    0.1
   -21.755   169.211    0.3   -0.0    0.1
   -21.737   169.211    0.3   -0.0    0.1
   -21.719   169.211    0.3   -0.0    0.1
   -21.701   169.211    0.4   -0.1    0.1
   -21.683   169.211    0.4   -0.1    0.1
   -21.665   169.211    0.4   -0.1    0.2
   -21.647   169.211    0.5   -0.1    0.2
   -21.630   169.211    0.5   -0.1    0.2
   -21.612   169.211    0.6   -0.1    0.2
   -21.594   169.211    0.7   -0.1    0.2
   -21.576   169.211    0.7   -0.1    0.2
   -21.558   169.211    0.8   -0.1    0.2
   -21.540   169.211    0.8   -0.1    0.2
   -21.522   169.211    0.9   -0.0    0.2
   -21.504   169.211    1.0   -0.0    0.2
   -21.486   169.211    1.0   -0.0    0.2
   -21.468   169.211    1.1    0.0    0.2
   -21.450   169.211    1.1    0.0    0.2
   -21.432   169.211    1.2    0.0    0.2
   -21.414   169.211    1.2    0.1    0.2
   -21.396   169.211    1.3    0.1    0.2
   -21.378   169.211    1.3    0.1    0.2
   -21.360   169.211    1.4    0.1    0.2
   -21.342   169.211    1.4    0.2    0.2
   -21.324   169.211    1.4    0.2    0.2
   -21.307   169.211    1.5    0.2    0.1
   -21.289   169.211    1.5    0.2    0.1
   -21.271   169.211    1.5    0.2    0.1
   -21.253   169.211    1.5    0.3    0.1
   -21.235   169.211    1.5    0.3    0.1
   -21.217   169.211    1.6    0.3    0.1
   -21.199   169.211    1.6    0.3    0.1
   -21.181   169.211    1.6    0.4    0.1
   -21.163   169.211    1.6    0.4    0.1
   -21.145   169.211    1.6    0.4    0.1
   -21.127   169.211    1.6    0.4    0.1
   -21.109   169.211    1.6    0.4    0.0
   -21.091   169.211    1.6    0.5    0.0
   -21.073   169.211    1.5    0.5    0.0
   -21.055   169.211    1.5    0.5    0.0
   -21.037   169.211    1.5    0.5    0.0
   -21.019   169.211    1.5    0.5    0.0
   -21.001   169.211    1.4    0.5    0.0
   -20.984   169.211    1.4    0.6    0.0
   -20.966   169.211    1.4    0.6    0.0
   -20.948   169.211    1.3    0.6    0.0
   -20.930   169.211    1.3    0.6   -0.0
   -20.912   169.211    1.3    0.6   -0.0
   -20.894   169.211    1.2    0.6   -0.0
   -20.876   169.211    1.2    0.6   -0.0
   -20.858   169.211    1.2    0.6   -0.0
   -20.840   169.211    1.1    0.6   -0.0
   -20.822   169.211    1.1    0.6   -0.0
   -20.804   169.211    1.0    0.6   -0.0
   -20.786   169.211    1.0    0.6   -0.0
   -20.768   169.211    0.9    0.6   -0.0
   -20.750   169.211    0.9    0.5   -0.0
   -20.732   169.211    0.9    0.5   -0.0
   -20.714   169.211    0.8    0.5   -0.0
   -20.696   169.211    0.8    0.5   -0.0
   -20.678   169.211    0.7    0.5   -0.0
   -20.661   169.211    0.7    0.5   -0.0
   -20.643   169.211    0.7    0.5   -0.0
   -20.625   169.211    0.6    0.5   -0.0
   -20.607   169.211    0.6    0.5   -0.0
   -20.589   169.211    0.6    0.4   -0.0
   -20.571   169.211    0.6    0.4   -0.0
   -20.553   169.211    0.5    0.4   -0.0
   -20.535   169.211    0.5    0.4   -0.0
   -20.517   169.211    0.5    0.4   -0.0
   -20.499   169.211    0.5    0.4   -0.0
   -20.481   169.211    0.4    0.4   -0.0
   -20.463   169.211    0.4    0.3   -0.0
   -20.445   169.211    0.4    0.3   -0.0
   -20.427   169.211    0.4    0.3   -0.0
   -20.409   169.211    0.4    0.3   -0.0
   -20.391   169.211    0.3    0.3   -0.0
   -20.373   169.211    0.3    0.3    0.0
   -20.355   169.211    0.3    0.3    0.0
   -20.338   169.211    0.3    0.3    0.0
   -20.320   169.211    0.3    0.3    0.0
   -20.302   169.211    0.3    0.2    0.0
   -20.284   169.211    0.3    0.2    0.0
   -20.266   169.211    0.2    0.2    0.0
   -20.248   169.211    0.2    0.2    0.0
   -20.230   169.211    0.2    0.2    0.0
   -20.212   169.211    0.2    0.2    0.0
   -20.194   169.211    0.2    0.2    0.0
   -20.176   169.211    0.2    0.2    0.0
   -20.158   169.211    0.2    0.2    0.0
   -20.140   169.211    0.2    0.2    0.0
   -21.935   169.230    0.1    0.0    0.1
   -21.917   169.230    0.1    0.0    0.1
   -21.899   169.230    0.1    0.0    0.1
   -21.881   169.230    0.1    0.0    0.1
   -21.863   169.230    0.1   -0.0    0.1
   -21.845   169.230    0.2   -0.0    0.1
   -21.827   169.230    0.2   -0.0    0.1
   -21.809   169.230    0.2   -0.0    0.1
   -21.791   169.230    0.2   -0.0    0.1
   -21.773   169.230    0.2   -0.0    0.1
   -21.755   169.230    0.3   -0.0    0.1
   -21.737   169.230    0.3   -0.0    0.1
   -21.719   169.230    0.3   -0.0    0.1
   -21.701   169.230    0.4   -0.1    0.1
   -21.683   169.230    0.4   -0.1    0.1
   -21.665   169.230    0.4   -0.1    0.1
   -21.647   169.230    0.5   -0.1    0.1
   -21.630   169.230    0.5   -0.1    0.2
   -21.612   169.230    0.6   -0.1    0.2
   -21.594   169.230    0.6   -0.1    0.2
   -21.576   169.230    0.7   -0.1    0.2
   -21.558   169.230    0.8   -0.1    0.2
   -21.540   169.230    0.8   -0.1    0.2
   -21.522   169.230    0.9   -0.0    0.2
   -21.504   169.230    0.9   -0.0    0.2
   -21.486   169.230    1.0   -0.0    0.2
   -21.468   169.230    1.0    0.0    0.2
   -21.450   169.230    1.1    0.0    0.2
   -21.432   169.230    1.1    0.0    0.2
   -21.414   169.230    1.2    0.1    0.2
   -21.396   169.230    1.2    0.1    0.2
   -21.378   169.230    1.3    0.1    0.2
   -21.360   169.230    1.3    0.1    0.1
   -21.342   169.230    1.3    0.1    0.1
   -21.324   169.230    1.4    0.2    0.1
   -21.307   169.230    1.4    0.2    0.1
   -21.289   169.230    1.4    0.2    0.1
   -21.271   169.230    1.4    0.2    0.1
   -21.253   169.230    1.5    0.2    0.1
   -21.235   169.230    1.5    0.3    0.1
   -21.217   169.230    1.5    0.3    0.1
   -21.199   169.230    1.5    0.3    0.1
   -21.181   169.230    1.5    0.3    0.1
   -21.163   169.230    1.5    0.4    0.1
   -21.145   169.230    1.5    0.4    0.1
   -21.127   169.230    1.5    0.4    0.0
   -21.109   169.230    1.5    0.4    0.0
   -21.091   169.230    1.5    0.4    0.0
   -21.073   169.230    1.5    0.5    0.0
   -21.055   169.230    1.5    0.5    0.0
   -21.037   169.230    1.4    0.5    0.0
   -21.019   169.230    1.4    0.5    0.0
   -21.001   169.230    1.4    0.5    0.0
   -20.984   169.230    1.4    0.5    0.0
   -20.966   169.230    1.3    0.5   -0.0
   -20.948   169.230    1.3    0.5   -0.0
   -20.930   169.230    1.3    0.5   -0.0
   -20.912   169.230    1.2    0.5   -0.0
   -20.894   169.230    1.2    0.5   -0.0
   -20.876   169.230    1.1    0.6   -0.0
   -20.858   169.230    1.1    0.6   -0.0
   -20.840   169.230    1.1    0.5   -0.0
   -20.822   169.230    1.0    0.5   -0.0
   -20.804   169.230    1.0    0.5   -0.0
   -20.786   169.230    1.0    0.5   -0.0
   -20.768   169.230    0.9    0.5   -0.0
   -20.750   169.230    0.9    0.5   -0.0
   -20.732   169.230    0.8    0.5   -0.0
   -20.714   169.230    0.8    0.5   -0.0
   -20.696   169.230    0.8    0.5   -0.0
   -20.678   169.230    0.7    0.5   -0.0
   -20.661   169.230    0.7    0.5   -0.0
   -20.643   169.230    0.7    0.5   -0.0
   -20.625   169.230    0.6    0.4   -0.0
   -20.607   169.230    0.6    0.4   -0.0
   -20.589   169.230    0.6    0.4   -0.0
   -20.571   169.230    0.6    0.4   -0.0
   -20.553   169.230    0.5    0.4   -0.0
   -20.535   169.230    0.5    0.4   -0.0
   -20.517   169.230    0.5    0.4   -0.0
   -20.499   169.230    0.5    0.4   -0.0
   -20.481   169.230    0.4    0.4   -0.0
   -20.463   169.230    0.4    0.3   -0.0
   -20.445   169.230    0.4    0.3   -0.0
   -20.427   169.230    0.4    0.3   -0.0
   -20.409   169.230    0.4    0.3   -0.0
   -20.391   169.230    0.3    0.3   -0.0
   -20.373   169.230    0.3    0.3   -0.0
   -20.355   169.230    0.3    0.3   -0.0
   -20.338   169.230    0.3    0.3   -0.0
   -20.320   169.230    0.3    0.3    0.0
   -20.302   169.230    0.3    0.2    0.0
   -20.284   169.230    0.3    0.2    0.0
   -20.266   169.230    0.2    0.2    0.0
   -20.248   169.230    0.2    0.2    0.0
   -20.230   169.230    0.2    0.2    0.0
   -20.212   169.230    0.2    0.2    0.0
   -20.194   169.230    0.2    0.2    0.0
   -20.176   169.230    0.2    0.2    0.0
   -20.158   169.230    0.2    0.2    0.0
   -20.140   169.230    0.2    0.2    0.0
   -21.935   169.250    0.1    0.0    0.1
   -21.917   169.250    0.1    0.0    0.1
   -21.899   169.250    0.1   -0.0    0.1
   -21.881   169.250    0.1   -0.0    0.1
   -21.863   169.250    0.1   -0.0    0.1
   -21.845   169.250    0.2   -0.0    0.1
   -21.827   169.250    0.2   -0.0    0.1
   -21.809   169.250    0.2   -0.0    0.1
   -21.791   169.250    0.2   -0.0    0.1
   -21.773   169.250    0.2   -0.0    0.1
   -21.755   169.250    0.3   -0.0    0.1
   -21.737   169.250    0.3   -0.0    0.1
   -21.719   169.250    0.3   -0.0    0.1
   -21.701   169.250    0.4   -0.1    0.1
   -21.683   169.250    0.4   -0.1    0.1
   -21.665   169.250    0.4   -0.1    0.1
   -21.647   169.250    0.5   -0.1    0.1
   -21.630   169.250    0.5   -0.1    0.1
   -21.612   169.250    0.6   -0.1    0.1
   -21.594   169.250    0.6   -0.1    0.1
   -21.576   169.250    0.7   -0.1    0.1
   -21.558   169.250    0.7   -0.1    0.2
   -21.540   169.250    0.8   -0.0    0.2
   -21.522   169.250    0.8   -0.0    0.2
   -21.504   169.250    0.9   -0.0    0.2
   -21.486   169.250    0.9   -0.0    0.2
   -21.468   169.250    1.0    0.0    0.2
   -21.450   169.250    1.0    0.0    0.2
   -21.432   169.250    1.1    0.0    0.1
   -21.414   169.250    1.1    0.1    0.1
   -21.396   169.250    1.2    0.1    0.1
   -21.378   169.250    1.2    0.1    0.1
   -21.360   169.250    1.2    0.1    0.1
   -21.342   169.250    1.3    0.1    0.1
   -21.324   169.250    1.3    0.1    0.1
   -21.307   169.250    1.3    0.2    0.1
   -21.289   169.250    1.3    0.2    0.1
   -21.271   169.250    1.4    0.2    0.1
   -21.253   169.250    1.4    0.2    0.1
   -21.235   169.250    1.4    0.3    0.1
   -21.217   169.250    1.4    0.3    0.1
   -21.199   169.250    1.4    0.3    0.1
   -21.181   169.250    1.4    0.3    0.1
   -21.163   169.250    1.4    0.3    0.0
   -21.145   169.250    1.4    0.4    0.0
   -21.127   169.250    1.4    0.4    0.0
   -21.109   169.250    1.4    0.4    0.0
   -21.091   169.250    1.4    0.4    0.0
   -21.073   169.250    1.4    0.4    0.0
   -21.055   169.250    1.4    0.4    0.0
   -21.037   169.250    1.4    0.5    0.0
   -21.019   169.250    1.3    0.5    0.0
   -21.001   169.250    1.3    0.5   -0.0
   -20.984   169.250    1.3    0.5   -0.0
   -20.966   169.250    1.3    0.5   -0.0
   -20.948   169.250    1.2    0.5   -0.0
   -20.930   169.250    1.2    0.5   -0.0
   -20.912   169.250    1.2    0.5   -0.0
   -20.894   169.250    1.1    0.5   -0.0
   -20.876   169.250    1.1    0.5   -0.0
   -20.858   169.250    1.1    0.5   -0.0
   -20.840   169.250    1.0    0.5   -0.0
   -20.822   169.250    1.0    0.5   -0.0
   -20.804   169.250    1.0    0.5   -0.0
   -20.786   169.250    0.9    0.5   -0.0
   -20.768   169.250    0.9    0.5   -0.0
   -20.750   169.250    0.9    0.5   -0.0
   -20.732   169.250    0.8    0.5   -0.0
   -20.714   169.250    0.8    0.5   -0.0
   -20.696   169.250    0.8    0.5   -0.0
   -20.678   169.250    0.7    0.5   -0.0
   -20.661   169.250    0.7    0.5   -0.0
   -20.643   169.250    0.7    0.4   -0.0
   -20.625   169.250    0.6    0.4   -0.0
   -20.607   169.250    0.6    0.4   -0.0
   -20.589   169.250    0.6    0.4   -0.0
   -20.571   169.250    0.5    0.4   -0.0
   -20.553   169.250    0.5    0.4   -0.0
   -20.535   169.250    0.5    0.4   -0.0
   -20.517   169.250    0.5    0.4   -0.0
   -20.499   169.250    0.4    0.4   -0.0
   -20.481   169.250    0.4    0.3   -0.0
   -20.463   169.250    0.4    0.3   -0.0
   -20.445   169.250    0.4    0.3   -0.0
   -20.427   169.250    0.4    0.3   -0.0
   -20.409   169.250    0.4    0.3   -0.0
   -20.391   169.250    0.3    0.3   -0.0
   -20.373   169.250    0.3    0.3   -0.0
   -20.355   169.250    0.3    0.3   -0.0
   -20.338   169.250    0.3    0.3   -0.0
   -20.320   169.250    0.3    0.3   -0.0
   -20.302   169.250    0.3    0.2   -0.0
   -20.284   169.250    0.3    0.2   -0.0
   -20.266   169.250    0.2    0.2    0.0
   -20.248   169.250    0.2    0.2    0.0
   -20.230   169.250    0.2    0.2    0.0
   -20.212   169.250    0.2    0.2    0.0
   -20.194   169.250    0.2    0.2    0.0
   -20.176   169.250    0.2    0.2    0.0
   -20.158   169.250    0.2    0.2    0.0
   -20.140   169.250    0.2    0.2    0.0
   -21.935   169.269    0.1    0.0    0.1
   -21.917   169.269    0.1   -0.0    0.1
   -21.899   169.269    0.1   -0.0    0.1
   -21.881   169.269    0.1   -0.0    0.1
   -21.863   169.269    0.2   -0.0    0.1
   -21.845   169.269    0.2   -0.0    0.1
   -21.827   169.269    0.2   -0.0    0.1
   -21.809   169.269    0.2   -0.0    0.1
   -21.791   169.269    0.2   -0.0    0.1
   -21.773   169.269    0.3   -0.0    0.1
   -21.755   169.269    0.3   -0.0    0.1
   -21.737   169.269    0.3   -0.0    0.1
   -21.719   169.269    0.3   -0.1    0.1
   -21.701   169.269    0.4   -0.1    0.1
   -21.683   169.269    0.4   -0.1    0.1
   -21.665   169.269    0.4   -0.1    0.1
   -21.647   169.269    0.5   -0.1    0.1
   -21.630   169.269    0.5   -0.1    0.1
   -21.612   169.269    0.6   -0.1    0.1
   -21.594   169.269    0.6   -0.1    0.1
   -21.576   169.269    0.7   -0.1    0.1
   -21.558   169.269    0.7   -0.1    0.1
   -21.540   169.269    0.8   -0.0    0.1
   -21.522   169.269    0.8   -0.0    0.1
   -21.504   169.269    0.9   -0.0    0.1
   -21.486   169.269    0.9   -0.0    0.1
   -21.468   169.269    0.9    0.0    0.1
   -21.450   169.269    1.0    0.0    0.1
   -21.432   169.269    1.0    0.0    0.1
   -21.414   169.269    1.1    0.0    0.1
   -21.396   169.269    1.1    0.1    0.1
   -21.378   169.269    1.1    0.1    0.1
   -21.360   169.269    1.2    0.1    0.1
   -21.342   169.269    1.2    0.1    0.1
   -21.324   169.269    1.2    0.1    0.1
   -21.307   169.269    1.3    0.2    0.1
   -21.289   169.269    1.3    0.2    0.1
   -21.271   169.269    1.3    0.2    0.1
   -21.253   169.269    1.3    0.2    0.1
   -21.235   169.269    1.3    0.2    0.1
   -21.217   169.269    1.3    0.3    0.1
   -21.199   169.269    1.4    0.3    0.0
   -21.181   169.269    1.4    0.3    0.0
   -21.163   169.269    1.4    0.3    0.0
   -21.145   169.269    1.4    0.3    0.0
   -21.127   169.269    1.4    0.4    0.0
   -21.109   169.269    1.4    0.4    0.0
   -21.091   169.269    1.3    0.4    0.0
   -21.073   169.269    1.3    0.4    0.0
   -21.055   169.269    1.3    0.4    0.0
   -21.037   169.269    1.3    0.4    0.0
   -21.019   169.269    1.3    0.4   -0.0
   -21.001   169.269    1.3    0.5   -0.0
   -20.984   169.269    1.2    0.5   -0.0
   -20.966   169.269    1.2    0.5   -0.0
   -20.948   169.269    1.2    0.5   -0.0
   -20.930   169.269    1.2    0.5   -0.0
   -20.912   169.269    1.1    0.5   -0.0
   -20.894   169.269    1.1    0.5   -0.0
   -20.876   169.269    1.1    0.5   -0.0
   -20.858   169.269    1.0    0.5   -0.0
   -20.840   169.269    1.0    0.5   -0.0
   -20.822   169.269    1.0    0.5   -0.0
   -20.804   169.269    0.9    0.5   -0.0
   -20.786   169.269    0.9    0.5   -0.0
   -20.768   169.269    0.9    0.5   -0.0
   -20.750   169.269    0.8    0.5   -0.0
   -20.732   169.269    0.8    0.5   -0.0
   -20.714   169.269    0.8    0.5   -0.0
   -20.696   169.269    0.7    0.5   -0.0
   -20.678   169.269    0.7    0.4   -0.0
   -20.661   169.269    0.7    0.4   -0.0
   -20.643   169.269    0.6    0.4   -0.0
   -20.625   169.269    0.6    0.4   -0.0
   -20.607   169.269    0.6    0.4   -0.0
   -20.589   169.269    0.6    0.4   -0.0
   -20.571   169.269    0.5    0.4   -0.0
   -20.553   169.269    0.5    0.4   -0.0
   -20.535   169.269    0.5    0.4   -0.0
   -20.517   169.269    0.5    0.4   -0.0
   -20.499   169.269    0.4    0.3   -0.0
   -20.481   169.269    0.4    0.3   -0.0
   -20.463   169.269    0.4    0.3   -0.0
   -20.445   169.269    0.4    0.3   -0.0
   -20.427   169.269    0.4    0.3   -0.0
   -20.409   169.269    0.4    0.3   -0.0
   -20.391   169.269    0.3    0.3   -0.0
   -20.373   169.269    0.3    0.3   -0.0
   -20.355   169.269    0.3    0.3   -0.0
   -20.338   169.269    0.3    0.3   -0.0
   -20.320   169.269    0.3    0.2   -0.0
   -20.302   169.269    0.3    0.2   -0.0
   -20.284   169.269    0.3    0.2   -0.0
   -20.266   169.269    0.2    0.2   -0.0
   -20.248   169.269    0.2    0.2   -0.0
   -20.230   169.269    0.2    0.2    0.0
   -20.212   169.269    0.2    0.2    0.0
   -20.194   169.269    0.2    0.2    0.0
   -20.176   169.269    0.2    0.2    0.0
   -20.158   169.269    0.2    0.2    0.0
   -20.140   169.269    0.2    0.2    0.0
   -21.935   169.288    0.1   -0.0    0.1
   -21.917   169.288    0.1   -0.0    0.1
   -21.899   169.288    0.1   -0.0    0.1
   -21.881   169.288    0.1   -0.0    0.1
   -21.863   169.288    0.2   -0.0    0.1
   -21.845   169.288    0.2   -0.0    0.1
   -21.827   169.288    0.2   -0.0    0.1
   -21.809   169.288    0.2   -0.0    0.1
   -21.791   169.288    0.2   -0.0    0.1
   -21.773   169.288    0.3   -0.0    0.1
   -21.755   169.288    0.3   -0.0    0.1
   -21.737   169.288    0.3   -0.0    0.1
   -21.719   169.288    0.3   -0.1    0.1
   -21.701   169.288    0.4   -0.1    0.1
   -21.683   169.288    0.4   -0.1    0.1
   -21.665   169.288    0.4   -0.1    0.1
   -21.647   169.288    0.5   -0.1    0.1
   -21.630   169.288    0.5   -0.1    0.1
   -21.612   169.288    0.6   -0.1    0.1
   -21.594   169.288    0.6   -0.1    0.1
   -21.576   169.288    0.6   -0.1    0.1
   -21.558   169.288    0.7   -0.0    0.1
   -21.540   169.288    0.7   -0.0    0.1
   -21.522   169.288    0.8   -0.0    0.1
   -21.504   169.288    0.8   -0.0    0.1
   -21.486   169.288    0.9   -0.0    0.1
   -21.468   169.288    0.9    0.0    0.1
   -21.450   169.288    0.9    0.0    0.1
   -21.432   169.288    1.0    0.0    0.1
   -21.414   169.288    1.0    0.0    0.1
   -21.396   169.288    1.1    0.1    0.1
   -21.378   169.288    1.1    0.1    0.1
   -21.360   169.288    1.1    0.1    0.1
   -21.342   169.288    1.1    0.1    0.1
   -21.324   169.288    1.2    0.1    0.1
   -21.307   169.288    1.2    0.1    0.1
   -21.289   169.288    1.2    0.2    0.1
   -21.271   169.288    1.2    0.2    0.1
   -21.253   169.288    1.3    0.2    0.1
   -21.235   169.288    1.3    0.2    0.1
   -21.217   169.288    1.3    0.2    0.0
   -21.199   169.288    1.3    0.3    0.0
   -21.181   169.288    1.3    0.3    0.0
   -21.163   169.288    1.3    0.3    0.0
   -21.145   169.288    1.3    0.3    0.0
   -21.127   169.288    1.3    0.3    0.0
   -21.109   169.288    1.3    0.3    0.0
   -21.091   169.288    1.3    0.4    0.0
   -21.073   169.288    1.3    0.4    0.0
   -21.055   169.288    1.3    0.4   -0.0
   -21.037   169.288    1.2    0.4   -0.0
   -21.019   169.288    1.2    0.4   -0.0
   -21.001   169.288    1.2    0.4   -0.0
   -20.984   169.288    1.2    0.4   -0.0
   -20.966   169.288    1.2    0.4   -0.0
   -20.948   169.288    1.1    0.5   -0.0
   -20.930   169.288    1.1    0.5   -0.0
   -20.912   169.288    1.1    0.5   -0.0
   -20.894   169.288    1.1    0.5   -0.0
   -20.876   169.288    1.0    0.5   -0.0
   -20.858   169.288    1.0    0.5   -0.0
   -20.840   169.288    1.0    0.5   -0.0
   -20.822   169.288    0.9    0.5   -0.0
   -20.804   169.288    0.9    0.5   -0.0
   -20.786   169.288    0.9    0.5   -0.0
   -20.768   169.288    0.8    0.5   -0.0
   -20.750   169.288    0.8    0.5   -0.0
   -20.732   169.288    0.8    0.5   -0.0
   -20.714   169.288    0.7    0.4   -0.0
   -20.696   169.288    0.7    0.4   -0.0
   -20.678   169.288    0.7    0.4   -0.0
   -20.661   169.288    0.7    0.4   -0.0
   -20.643   169.288    0.6    0.4   -0.0
   -20.625   169.288    0.6    0.4   -0.0
   -20.607   169.288    0.6    0.4   -0.0
   -20.589   169.288    0.6    0.4   -0.0
   -20.571   169.288    0.5    0.4   -0.0
   -20.553   169.288    0.5    0.4   -0.0
   -20.535   169.288    0.5    0.4   -0.0
   -20.517   169.288    0.5    0.3   -0.0
   -20.499   169.288    0.4    0.3   -0.0
   -20.481   169.288    0.4    0.3   -0.0
   -20.463   169.288    0.4    0.3   -0.0
   -20.445   169.288    0.4    0.3   -0.0
   -20.427   169.288    0.4    0.3   -0.0
   -20.409   169.288    0.4    0.3   -0.0
   -20.391   169.288    0.3    0.3   -0.0
   -20.373   169.288    0.3    0.3   -0.0
   -20.355   169.288    0.3    0.3   -0.0
   -20.338   169.288    0.3    0.3   -0.0
   -20.320   169.288    0.3    0.2   -0.0
   -20.302   169.288    0.3    0.2   -0.0
   -20.284   169.288    0.3    0.2   -0.0
   -20.266   169.288    0.2    0.2   -0.0
   -20.248   169.288    0.2    0.2   -0.0
   -20.230   169.288    0.2    0.2   -0.0
   -20.212   169.288    0.2    0.2   -0.0
   -20.194   169.288    0.2    0.2   -0.0
   -20.176   169.288    0.2    0.2    0.0
   -20.158   169.288    0.2    0.2    0.0
   -20.140   169.288    0.2    0.2    0.0
   -21.935   169.307    0.1   -0.0    0.1
   -21.917   169.307    0.1   -0.0    0.1
   -21.899   169.307    0.1   -0.0    0.1
   -21.881   169.307    0.2   -0.0    0.1
   -21.863   169.307    0.2   -0.0    0.1
   -21.845   169.307    0.2   -0.0    0.1
   -21.827   169.307    0.2   -0.0    0.1
   -21.809   169.307    0.2   -0.0    0.1
   -21.791   169.307    0.2   -0.0    0.1
   -21.773   169.307    0.3   -0.0    0.1
   -21.755   169.307    0.3   -0.0    0.1
   -21.737   169.307    0.3   -0.0    0.1
   -21.719   169.307    0.3   -0.1    0.1
   -21.701   169.307    0.4   -0.1    0.1
   -21.683   169.307    0.4   -0.1    0.1
   -21.665   169.307    0.4   -0.1    0.1
   -21.647   169.307    0.5   -0.1    0.1
   -21.630   169.307    0.5   -0.1    0.1
   -21.612   169.307    0.5   -0.1    0.1
   -21.594   169.307    0.6   -0.1    0.1
   -21.576   169.307    0.6   -0.1    0.1
   -21.558   169.307    0.7   -0.0    0.1
   -21.540   169.307    0.7   -0.0    0.1
   -21.522   169.307    0.7   -0.0    0.1
   -21.504   169.307    0.8   -0.0    0.1
   -21.486   169.307    0.8   -0.0    0.1
   -21.468   169.307    0.9   -0.0    0.1
   -21.450   169.307    0.9    0.0    0.1
   -21.432   169.307    0.9    0.0    0.1
   -21.414   169.307    1.0    0.0    0.1
   -21.396   169.307    1.0    0.1    0.1
   -21.378   169.307    1.0    0.1    0.1
   -21.360   169.307    1.1    0.1    0.1
   -21.342   169.307    1.1    0.1    0.1
   -21.324   169.307    1.1    0.1    0.1
   -21.307   169.307    1.1    0.1    0.1
   -21.289   169.307    1.2    0.2    0.1
   -21.271   169.307    1.2    0.2    0.1
   -21.253   169.307    1.2    0.2    0.0
   -21.235   169.307    1.2    0.2    0.0
   -21.217   169.307    1.2    0.2    0.0
   -21.199   169.307    1.2    0.2    0.0
   -21.181   169.307    1.2    0.3    0.0
   -21.163   169.307    1.2    0.3    0.0
   -21.145   169.307    1.2    0.3    0.0
   -21.127   169.307    1.2    0.3    0.0
   -21.109   169.307    1.2    0.3    0.0
   -21.091   169.307    1.2    0.3    0.0
   -21.073   169.307    1.2    0.4   -0.0
   -21.055   169.307    1.2    0.4   -0.0
   -21.037   169.307    1.2    0.4   -0.0
   -21.019   169.307    1.2    0.4   -0.0
   -21.001   169.307    1.2    0.4   -0.0
   -20.984   169.307    1.1    0.4   -0.0
   -20.966   169.307    1.1    0.4   -0.0
   -20.948   169.307    1.1    0.4   -0.0
   -20.930   169.307    1.1    0.4   -0.0
   -20.912   169.307    1.0    0.4   -0.0
   -20.894   169.307    1.0    0.4   -0.0
   -20.876   169.307    1.0    0.4   -0.0
   -20.858   169.307    1.0    0.4   -0.0
   -20.840   169.307    0.9    0.4   -0.0
   -20.822   169.307    0.9    0.4   -0.0
   -20.804   169.307    0.9    0.4   -0.0
   -20.786   169.307    0.8    0.4   -0.0
   -20.768   169.307    0.8    0.4   -0.0
   -20.750   169.307    0.8    0.4   -0.0
   -20.732   169.307    0.8    0.4   -0.0
   -20.714   169.307    0.7    0.4   -0.0
   -20.696   169.307    0.7    0.4   -0.0
   -20.678   169.307    0.7    0.4   -0.0
   -20.661   169.307    0.6    0.4   -0.0
   -20.643   169.307    0.6    0.4   -0.0
   -20.625   169.307    0.6    0.4   -0.0
   -20.607   169.307    0.6    0.4   -0.0
   -20.589   169.307    0.5    0.4   -0.0
   -20.571   169.307    0.5    0.4   -0.0
   -20.553   169.307    0.5    0.4   -0.0
   -20.535   169.307    0.5    0.3   -0.0
   -20.517   169.307    0.5    0.3   -0.0
   -20.499   169.307    0.4    0.3   -0.0
   -20.481   169.307    0.4    0.3   -0.0
   -20.463   169.307    0.4    0.3   -0.0
   -20.445   169.307    0.4    0.3   -0.0
   -20.427   169.307    0.4    0.3   -0.0
   -20.409   169.307    0.4    0.3   -0.0
   -20.391   169.307    0.3    0.3   -0.0
   -20.373   169.307    0.3    0.3   -0.0
   -20.355   169.307    0.3    0.3   -0.0
   -20.338   169.307    0.3    0.3   -0.0
   -20.320   169.307    0.3    0.2   -0.0
   -20.302   169.307    0.3    0.2   -0.0
   -20.284   169.307    0.3    0.2   -0.0
   -20.266   169.307    0.2    0.2   -0.0
   -20.248   169.307    0.2    0.2   -0.0
   -20.230   169.307    0.2    0.2   -0.0
   -20.212   169.307    0.2    0.2   -0.0
   -20.194   169.307    0.2    0.2   -0.0
   -20.176   169.307    0.2    0.2   -0.0
   -20.158   169.307    0.2    0.2   -0.0
   -20.140   169.307    0.2    0.2    0.0
   -21.935   169.327    0.1   -0.0    0.1
   -21.917   169.327    0.1   -0.0    0.1
   -21.899   169.327    0.1   -0.0    0.1
   -21.881   169.327    0.2   -0.0    0.1
   -21.863   169.327    0.2   -0.0    0.1
   -21.845   169.327    0.2   -0.0    0.1
   -21.827   169.327    0.2   -0.0    0.1
   -21.809   169.327    0.2   -0.0    0.1
   -21.791   169.327    0.2   -0.0    0.1
   -21.773   169.327    0.3   -0.0    0.1
   -21.755   169.327    0.3   -0.0    0.1
   -21.737   169.327    0.3   -0.0    0.1
   -21.719   169.327    0.3   -0.1    0.1
   -21.701   169.327    0.4   -0.1    0.1
   -21.683   169.327    0.4   -0.1    0.1
   -21.665   169.327    0.4   -0.1    0.1
   -21.647   169.327    0.5   -0.1    0.1
   -21.630   169.327    0.5   -0.1    0.1
   -21.612   169.327    0.5   -0.1    0.1
   -21.594   169.327    0.6   -0.1    0.1
   -21.576   169.327    0.6   -0.0    0.1
   -21.558   169.327    0.6   -0.0    0.1
   -21.540   169.327    0.7   -0.0    0.1
   -21.522   169.327    0.7   -0.0    0.1
   -21.504   169.327    0.8   -0.0    0.1
   -21.486   169.327    0.8   -0.0    0.1
   -21.468   169.327    0.8   -0.0    0.1
   -21.450   169.327    0.9    0.0    0.1
   -21.432   169.327    0.9    0.0    0.1
   -21.414   169.327    0.9    0.0    0.1
   -21.396   169.327    1.0    0.1    0.1
   -21.378   169.327    1.0    0.1    0.1
   -21.360   169.327    1.0    0.1    0.1
   -21.342   169.327    1.0    0.1    0.1
   -21.324   169.327    1.1    0.1    0.1
   -21.307   169.327    1.1    0.1    0.1
   -21.289   169.327    1.1    0.1    0.0
   -21.271   169.327    1.1    0.2    0.0
   -21.253   169.327    1.1    0.2    0.0
   -21.235   169.327    1.1    0.2    0.0
   -21.217   169.327    1.2    0.2    0.0
   -21.199   169.327    1.2    0.2    0.0
   -21.181   169.327    1.2    0.2    0.0
   -21.163   169.327    1.2    0.3    0.0
   -21.145   169.327    1.2    0.3    0.0
   -21.127   169.327    1.2    0.3    0.0
   -21.109   169.327    1.2    0.3   -0.0
   -21.091   169.327    1.2    0.3   -0.0
   -21.073   169.327    1.2    0.3   -0.0
   -21.055   169.327    1.1    0.3   -0.0
   -21.037   169.327    1.1    0.4   -0.0
   -21.019   169.327    1.1    0.4   -0.0
   -21.001   169.327    1.1    0.4   -0.0
   -20.984   169.327    1.1    0.4   -0.0
   -20.966   169.327    1.1    0.4   -0.0
   -20.948   169.327    1.0    0.4   -0.0
   -20.930   169.327    1.0    0.4   -0.0
   -20.912   169.327    1.0    0.4   -0.0
   -20.894   169.327    1.0    0.4   -0.0
   -20.876   169.327    0.9    0.4   -0.0
   -20.858   169.327    0.9    0.4   -0.0
   -20.840   169.327    0.9    0.4   -0.0
   -20.822   169.327    0.9    0.4   -0.0
   -20.804   169.327    0.8    0.4   -0.0
   -20.786   169.327    0.8    0.4   -0.0
   -20.768   169.327    0.8    0.4   -0.0
   -20.750   169.327    0.8    0.4   -0.0
   -20.732   169.327    0.7    0.4   -0.0
   -20.714   169.327    0.7    0.4   -0.0
   -20.696   169.327    0.7    0.4   -0.0
   -20.678   169.327    0.7    0.4   -0.0
   -20.661   169.327    0.6    0.4   -0.0
   -20.643   169.327    0.6    0.4   -0.0
   -20.625   169.327    0.6    0.4   -0.0
   -20.607   169.327    0.6    0.4   -0.0
   -20.589   169.327    0.5    0.4   -0.0
   -20.571   169.327    0.5    0.4   -0.0
   -20.553   169.327    0.5    0.3   -0.0
   -20.535   169.327    0.5    0.3   -0.0
   -20.517   169.327    0.5    0.3   -0.0
   -20.499   169.327    0.4    0.3   -0.0
   -20.481   169.327    0.4    0.3   -0.0
   -20.463   169.327    0.4    0.3   -0.0
   -20.445   169.327    0.4    0.3   -0.0
   -20.427   169.327    0.4    0.3   -0.0
   -20.409   169.327    0.4    0.3   -0.0
   -20.391   169.327    0.3    0.3   -0.0
   -20.373   169.327    0.3    0.3   -0.0
   -20.355   169.327    0.3    0.3   -0.0
   -20.338   169.327    0.3    0.2   -0.0
   -20.320   169.327    0.3    0.2   -0.0
   -20.302   169.327    0.3    0.2   -0.0
   -20.284   169.327    0.3    0.2   -0.0
   -20.266   169.327    0.3    0.2   -0.0
   -20.248   169.327    0.2    0.2   -0.0
   -20.230   169.327    0.2    0.2   -0.0
   -20.212   169.327    0.2    0.2   -0.0
   -20.194   169.327    0.2    0.2   -0.0
   -20.176   169.327    0.2    0.2   -0.0
   -20.158   169.327    0.2    0.2   -0.0
   -20.140   169.327    0.2    0.2   -0.0
   -21.935   169.346    0.1   -0.0    0.1
   -21.917   169.346    0.1   -0.0    0.1
   -21.899   169.346    0.1   -0.0    0.1
   -21.881   169.346    0.2   -0.0    0.1
   -21.863   169.346    0.2   -0.0    0.1
   -21.845   169.346    0.2   -0.0    0.1
   -21.827   169.346    0.2   -0.0    0.1
   -21.809   169.346    0.2   -0.0    0.1
   -21.791   169.346    0.2   -0.0    0.1
   -21.773   169.346    0.3   -0.0    0.1
   -21.755   169.346    0.3   -0.0    0.1
   -21.737   169.346    0.3   -0.0    0.1
   -21.719   169.346    0.3   -0.0    0.1
   -21.701   169.346    0.4   -0.1    0.1
   -21.683   169.346    0.4   -0.1    0.1
   -21.665   169.346    0.4   -0.1    0.1
   -21.647   169.346    0.5   -0.1    0.1
   -21.630   169.346    0.5   -0.1    0.1
   -21.612   169.346    0.5   -0.1    0.1
   -21.594   169.346    0.6   -0.1    0.1
   -21.576   169.346    0.6   -0.0    0.1
   -21.558   169.346    0.6   -0.0    0.1
   -21.540   169.346    0.7   -0.0    0.1
   -21.522   169.346    0.7   -0.0    0.1
   -21.504   169.346    0.7   -0.0    0.1
   -21.486   169.346    0.8   -0.0    0.1
   -21.468   169.346    0.8   -0.0    0.1
   -21.450   169.346    0.8    0.0    0.1
   -21.432   169.346    0.9    0.0    0.1
   -21.414   169.346    0.9    0.0    0.1
   -21.396   169.346    0.9    0.0    0.1
   -21.378   169.346    0.9    0.1    0.1
   -21.360   169.346    1.0    0.1    0.1
   -21.342   169.346    1.0    0.1    0.1
   -21.324   169.346    1.0    0.1    0.1
   -21.307   169.346    1.0    0.1    0.0
   -21.289   169.346    1.1    0.1    0.0
   -21.271   169.346    1.1    0.2    0.0
   -21.253   169.346    1.1    0.2    0.0
   -21.235   169.346    1.1    0.2    0.0
   -21.217   169.346    1.1    0.2    0.0
   -21.199   169.346    1.1    0.2    0.0
   -21.181   169.346    1.1    0.2    0.0
   -21.163   169.346    1.1    0.2    0.0
   -21.145   169.346    1.1    0.3    0.0
   -21.127   169.346    1.1    0.3   -0.0
   -21.109   169.346    1.1    0.3   -0.0
   -21.091   169.346    1.1    0.3   -0.0
   -21.073   169.346    1.1    0.3   -0.0
   -21.055   169.346    1.1    0.3   -0.0
   -21.037   169.346    1.1    0.3   -0.0
   -21.019   169.346    1.1    0.3   -0.0
   -21.001   169.346    1.1    0.4   -0.0
   -20.984   169.346    1.0    0.4   -0.0
   -20.966   169.346    1.0    0.4   -0.0
   -20.948   169.346    1.0    0.4   -0.0
   -20.930   169.346    1.0    0.4   -0.0
   -20.912   169.346    1.0    0.4   -0.0
   -20.894   169.346    0.9    0.4   -0.0
   -20.876   169.346    0.9    0.4   -0.0
   -20.858   169.346    0.9    0.4   -0.0
   -20.840   169.346    0.9    0.4   -0.0
   -20.822   169.346    0.8    0.4   -0.0
   -20.804   169.346    0.8    0.4   -0.0
   -20.786   169.346    0.8    0.4   -0.0
   -20.768   169.346    0.8    0.4   -0.0
   -20.750   169.346    0.7    0.4   -0.0
   -20.732   169.346    0.7    0.4   -0.0
   -20.714   169.346    0.7    0.4   -0.0
   -20.696   169.346    0.7    0.4   -0.0
   -20.678   169.346    0.6    0.4   -0.0
   -20.661   169.346    0.6    0.4   -0.0
   -20.643   169.346    0.6    0.4   -0.0
   -20.625   169.346    0.6    0.4   -0.0
   -20.607   169.346    0.5    0.4   -0.0
   -20.589   169.346    0.5    0.3   -0.0
   -20.571   169.346    0.5    0.3   -0.0
   -20.553   169.346    0.5    0.3   -0.0
   -20.535   169.346    0.5    0.3   -0.0
   -20.517   169.346    0.4    0.3   -0.0
   -20.499   169.346    0.4    0.3   -0.0
   -20.481   169.346    0.4    0.3   -0.0
   -20.463   169.346    0.4    0.3   -0.0
   -20.445   169.346    0.4    0.3   -0.0
   -20.427   169.346    0.4    0.3   -0.0
   -20.409   169.346    0.3    0.3   -0.0
   -20.391   169.346    0.3    0.3   -0.0
   -20.373   169.346    0.3    0.3   -0.0
   -20.355   169.346    0.3    0.3   -0.0
   -20.338   169.346    0.3    0.2   -0.0
   -20.320   169.346    0.3    0.2   -0.0
   -20.302   169.346    0.3    0.2   -0.0
   -20.284   169.346    0.3    0.2   -0.0
   -20.266   169.346    0.3    0.2   -0.0
   -20.248   169.346    0.2    0.2   -0.0
   -20.230   169.346    0.2    0.2   -0.0
   -20.212   169.346    0.2    0.2   -0.0
   -20.194   169.346    0.2    0.2   -0.0
   -20.176   169.346    0.2    0.2   -0.0
   -20.158   169.346    0.2    0.2   -0.0
   -20.140   169.346    0.2    0.2   -0.0
   -21.935   169.365    0.1   -0.0    0.1
   -21.917   169.365    0.1   -0.0    0.1
   -21.899   169.365    0.2   -0.0    0.1
   -21.881   169.365    0.2   -0.0    0.1
   -21.863   169.365    0.2   -0.0    0.1
   -21.845   169.365    0.2   -0.0    0.1
   -21.827   169.365    0.2   -0.0    0.1
   -21.809   169.365    0.2   -0.0    0.1
   -21.791   169.365    0.2   -0.0    0.1
   -21.773   169.365    0.3   -0.0    0.1
   -21.755   169.365    0.3   -0.0    0.1
   -21.737   169.365    0.3   -0.0    0.1
   -21.719   169.365    0.3   -0.0    0.1
   -21.701   169.365    0.4   -0.1    0.1
   -21.683   169.365    0.4   -0.1    0.1
   -21.665   169.365    0.4   -0.1    0.1
   -21.647   169.365    0.4   -0.1    0.1
   -21.630   169.365    0.5   -0.1    0.1
   -21.612   169.365    0.5   -0.1    0.1
   -21.594   169.365    0.5   -0.0    0.1
   -21.576   169.365    0.6   -0.0    0.1
   -21.558   169.365    0.6   -0.0    0.1
   -21.540   169.365    0.6   -0.0    0.1
   -21.522   169.365    0.7   -0.0    0.1
   -21.504   169.365    0.7   -0.0    0.1
   -21.486   169.365    0.7   -0.0    0.1
   -21.468   169.365    0.8   -0.0    0.1
   -21.450   169.365    0.8    0.0    0.1
   -21.432   169.365    0.8    0.0    0.1
   -21.414   169.365    0.9    0.0    0.1
   -21.396   169.365    0.9    0.0    0.1
   -21.378   169.365    0.9    0.1    0.1
   -21.360   169.365    0.9    0.1    0.1
   -21.342   169.365    1.0    0.1    0.0
   -21.324   169.365    1.0    0.1    0.0
   -21.307   169.365    1.0    0.1    0.0
   -21.289   169.365    1.0    0.1    0.0
   -21.271   169.365    1.0    0.1    0.0
   -21.253   169.365    1.0    0.2    0.0
   -21.235   169.365    1.0    0.2    0.0
   -21.217   169.365    1.1    0.2    0.0
   -21.199   169.365    1.1    0.2    0.0
   -21.181   169.365    1.1    0.2    0.0
   -21.163   169.365    1.1    0.2    0.0
   -21.145   169.365    1.1    0.2   -0.0
   -21.127   169.365    1.1    0.3   -0.0
   -21.109   169.365    1.1    0.3   -0.0
   -21.091   169.365    1.1    0.3   -0.0
   -21.073   169.365    1.1    0.3   -0.0
   -21.055   169.365    1.0    0.3   -0.0
   -21.037   169.365    1.0    0.3   -0.0
   -21.019   169.365    1.0    0.3   -0.0
   -21.001   169.365    1.0    0.3   -0.0
   -20.984   169.365    1.0    0.3   -0.0
   -20.966   169.365    1.0    0.4   -0.0
   -20.948   169.365    1.0    0.4   -0.0
   -20.930   169.365    0.9    0.4   -0.0
   -20.912   169.365    0.9    0.4   -0.0
   -20.894   169.365    0.9    0.4   -0.0
   -20.876   169.365    0.9    0.4   -0.0
   -20.858   169.365    0.9    0.4   -0.0
   -20.840   169.365    0.8    0.4   -0.0
   -20.822   169.365    0.8    0.4   -0.0
   -20.804   169.365    0.8    0.4   -0.0
   -20.786   169.365    0.8    0.4   -0.0
   -20.768   169.365    0.7    0.4   -0.0
   -20.750   169.365    0.7    0.4   -0.0
   -20.732   169.365    0.7    0.4   -0.0
   -20.714   169.365    0.7    0.4   -0.0
   -20.696   169.365    0.6    0.4   -0.0
   -20.678   169.365    0.6    0.4   -0.0
   -20.661   169.365    0.6    0.4   -0.0
   -20.643   169.365    0.6    0.4   -0.0
   -20.625   169.365    0.6    0.4   -0.0
   -20.607   169.365    0.5    0.3   -0.0
   -20.589   169.365    0.5    0.3   -0.0
   -20.571   169.365    0.5    0.3   -0.0
   -20.553   169.365    0.5    0.3   -0.0
   -20.535   169.365    0.5    0.3   -0.0
   -20.517   169.365    0.4    0.3   -0.0
   -20.499   169.365    0.4    0.3   -0.0
   -20.481   169.365    0.4    0.3   -0.0
   -20.463   169.365    0.4    0.3   -0.0
   -20.445   169.365    0.4    0.3   -0.0
   -20.427   169.365    0.4    0.3   -0.0
   -20.409   169.365    0.3    0.3   -0.0
   -20.391   169.365    0.3    0.3   -0.0
   -20.373   169.365    0.3    0.3   -0.0
   -20.355   169.365    0.3    0.2   -0.0
   -20.338   169.365    0.3    0.2   -0.0
   -20.320   169.365    0.3    0.2   -0.0
   -20.302   169.365    0.3    0.2   -0.0
   -20.284   169.365    0.3    0.2   -0.0
   -20.266   169.365    0.3    0.2   -0.0
   -20.248   169.365    0.2    0.2   -0.0
   -20.230   169.365    0.2    0.2   -0.0
   -20.212   169.365    0.2    0.2   -0.0
   -20.194   169.365    0.2    0.2   -0.0
   -20.176   169.365    0.2    0.2   -0.0
   -20.158   169.365    0.2    0.2   -0.0
   -20.140   169.365    0.2    0.2   -0.0
   -21.935   169.384    0.1   -0.0    0.1
   -21.917   169.384    0.1   -0.0    0.1
   -21.899   169.384    0.2   -0.0    0.1
   -21.881   169.384    0.2   -0.0    0.1
   -21.863   169.384    0.2   -0.0    0.1
   -21.845   169.384    0.2   -0.0    0.1
   -21.827   169.384    0.2   -0.0    0.1
   -21.809   169.384    0.2   -0.0    0.1
   -21.791   169.384    0.2   -0.0    0.1
   -21.773   169.384    0.3   -0.0    0.1
   -21.755   169.384    0.3   -0.0    0.1
   -21.737   169.384    0.3   -0.0    0.1
   -21.719   169.384    0.3   -0.0    0.1
   -21.701   169.384    0.4   -0.0    0.1
   -21.683   169.384    0.4   -0.0    0.1
   -21.665   169.384    0.4   -0.1    0.1
   -21.647   169.384    0.4   -0.1    0.1
   -21.630   169.384    0.5   -0.0    0.1
   -21.612   169.384    0.5   -0.0    0.1
   -21.594   169.384    0.5   -0.0    0.1
   -21.576   169.384    0.6   -0.0    0.1
   -21.558   169.384    0.6   -0.0    0.1
   -21.540   169.384    0.6   -0.0    0.1
   -21.522   169.384    0.6   -0.0    0.1
   -21.504   169.384    0.7   -0.0    0.1
   -21.486   169.384    0.7   -0.0    0.1
   -21.468   169.384    0.7   -0.0    0.1
   -21.450   169.384    0.8    0.0    0.1
   -21.432   169.384    0.8    0.0    0.1
   -21.414   169.384    0.8    0.0    0.1
   -21.396   169.384    0.8    0.0    0.1
   -21.378   169.384    0.9    0.1    0.0
   -21.360   169.384    0.9    0.1    0.0
   -21.342   169.384    0.9    0.1    0.0
   -21.324   169.384    0.9    0.1    0.0
   -21.307   169.384    0.9    0.1    0.0
   -21.289   169.384    1.0    0.1    0.0
   -21.271   169.384    1.0    0.1    0.0
   -21.253   169.384    1.0    0.2    0.0
   -21.235   169.384    1.0    0.2    0.0
   -21.217   169.384    1.0    0.2    0.0
   -21.199   169.384    1.0    0.2    0.0
   -21.181   169.384    1.0    0.2    0.0
   -21.163   169.384    1.0    0.2   -0.0
   -21.145   169.384    1.0    0.2   -0.0
   -21.127   169.384    1.0    0.2   -0.0
   -21.109   169.384    1.0    0.3   -0.0
   -21.091   169.384    1.0    0.3   -0.0
   -21.073   169.384    1.0    0.3   -0.0
   -21.055   169.384    1.0    0.3   -0.0
   -21.037   169.384    1.0    0.3   -0.0
   -21.019   169.384    1.0    0.3   -0.0
   -21.001   169.384    1.0    0.3   -0.0
   -20.984   169.384    1.0    0.3   -0.0
   -20.966   169.384    0.9    0.3   -0.0
   -20.948   169.384    0.9    0.3   -0.0
   -20.930   169.384    0.9    0.4   -0.0
   -20.912   169.384    0.9    0.4   -0.0
   -20.894   169.384    0.9    0.4   -0.0
   -20.876   169.384    0.8    0.4   -0.0
   -20.858   169.384    0.8    0.4   -0.0
   -20.840   169.384    0.8    0.4   -0.0
   -20.822   169.384    0.8    0.4   -0.0
   -20.804   169.384    0.8    0.4   -0.0
   -20.786   169.384    0.7    0.4   -0.0
   -20.768   169.384    0.7    0.4   -0.0
   -20.750   169.384    0.7    0.4   -0.0
   -20.732   169.384    0.7    0.4   -0.0
   -20.714   169.384    0.7    0.4   -0.0
   -20.696   169.384    0.6    0.4   -0.0
   -20.678   169.384    0.6    0.4   -0.0
   -20.661   169.384    0.6    0.3   -0.0
   -20.643   169.384    0.6    0.3   -0.0
   -20.625   169.384    0.5    0.3   -0.0
   -20.607   169.384    0.5    0.3   -0.0
   -20.589   169.384    0.5    0.3   -0.0
   -20.571   169.384    0.5    0.3   -0.0
   -20.553   169.384    0.5    0.3   -0.0
   -20.535   169.384    0.5    0.3   -0.0
   -20.517   169.384    0.4    0.3   -0.0
   -20.499   169.384    0.4    0.3   -0.0
   -20.481   169.384    0.4    0.3   -0.0
   -20.463   169.384    0.4    0.3   -0.0
   -20.445   169.384    0.4    0.3   -0.0
   -20.427   169.384    0.4    0.3   -0.0
   -20.409   169.384    0.3    0.3   -0.0
   -20.391   169.384    0.3    0.3   -0.0
   -20.373   169.384    0.3    0.2   -0.0
   -20.355   169.384    0.3    0.2   -0.0
   -20.338   169.384    0.3    0.2   -0.0
   -20.320   169.384    0.3    0.2   -0.0
   -20.302   169.384    0.3    0.2   -0.0
   -20.284   169.384    0.3    0.2   -0.0
   -20.266   169.384    0.3    0.2   -0.0
   -20.248   169.384    0.2    0.2   -0.0
   -20.230   169.384    0.2    0.2   -0.0
   -20.212   169.384    0.2    0.2   -0.0
   -20.194   169.384    0.2    0.2   -0.0
   -20.176   169.384    0.2    0.2   -0.0
   -20.158   169.384    0.2    0.2   -0.0
   -20.140   169.384    0.2    0.2   -0.0
   -21.935   169.404    0.1   -0.0    0.1
   -21.917   169.404    0.1   -0.0    0.1
   -21.899   169.404    0.2   -0.0    0.1
   -21.881   169.404    0.2   -0.0    0.1
   -21.863   169.404    0.2   -0.0    0.1
   -21.845   169.404    0.2   -0.0    0.1
   -21.827   169.404    0.2   -0.0    0.1
   -21.809   169.404    0.2   -0.0    0.1
   -21.791   169.404    0.2   -0.0    0.1
   -21.773   169.404    0.3   -0.0    0.1
   -21.755   169.404    0.3   -0.0    0.1
   -21.737   169.404    0.3   -0.0    0.1
   -21.719   169.404    0.3   -0.0    0.1
   -21.701   169.404    0.4   -0.0    0.1
   -21.683   169.404    0.4   -0.0    0.1
   -21.665   169.404    0.4   -0.0    0.1
   -21.647   169.404    0.4   -0.0    0.1
   -21.630   169.404    0.5   -0.0    0.1
   -21.612   169.404    0.5   -0.0    0.1
   -21.594   169.404    0.5   -0.0    0.1
   -21.576   169.404    0.5   -0.0    0.1
   -21.558   169.404    0.6   -0.0    0.1
   -21.540   169.404    0.6   -0.0    0.1
   -21.522   169.404    0.6   -0.0    0.1
   -21.504   169.404    0.7   -0.0    0.1
   -21.486   169.404    0.7   -0.0    0.1
   -21.468   169.404    0.7    0.0    0.1
   -21.450   169.404    0.7    0.0    0.1
   -21.432   169.404    0.8    0.0    0.1
   -21.414   169.404    0.8    0.0    0.0
   -21.396   169.404    0.8    0.0    0.0
   -21.378   169.404    0.8    0.1    0.0
   -21.360   169.404    0.9    0.1    0.0
   -21.342   169.404    0.9    0.1    0.0
   -21.324   169.404    0.9    0.1    0.0
   -21.307   169.404    0.9    0.1    0.0
   -21.289   169.404    0.9    0.1    0.0
   -21.271   169.404    0.9    0.1    0.0
   -21.253   169.404    0.9    0.1    0.0
   -21.235   169.404    1.0    0.2    0.0
   -21.217   169.404    1.0    0.2    0.0
   -21.199   169.404    1.0    0.2    0.0
   -21.181   169.404    1.0    0.2   -0.0
   -21.163   169.404    1.0    0.2   -0.0
   -21.145   169.404    1.0    0.2   -0.0
   -21.127   169.404    1.0    0.2   -0.0
   -21.109   169.404    1.0    0.2   -0.0
   -21.091   169.404    1.0    0.3   -0.0
   -21.073   169.404    1.0    0.3   -0.0
   -21.055   169.404    1.0    0.3   -0.0
   -21.037   169.404    1.0    0.3   -0.0
   -21.019   169.404    0.9    0.3   -0.0
   -21.001   169.404    0.9    0.3   -0.0
   -20.984   169.404    0.9    0.3   -0.0
   -20.966   169.404    0.9    0.3   -0.0
   -20.948   169.404    0.9    0.3   -0.0
   -20.930   169.404    0.9    0.3   -0.0
   -20.912   169.404    0.9    0.3   -0.0
   -20.894   169.404    0.8    0.3   -0.0
   -20.876   169.404    0.8    0.3   -0.0
   -20.858   169.404    0.8    0.3   -0.0
   -20.840   169.404    0.8    0.4   -0.0
   -20.822   169.404    0.8    0.4   -0.0
   -20.804   169.404    0.7    0.4   -0.0
   -20.786   169.404    0.7    0.4   -0.0
   -20.768   169.404    0.7    0.4   -0.0
   -20.750   169.404    0.7    0.4   -0.0
   -20.732   169.404    0.7    0.3   -0.0
   -20.714   169.404    0.6    0.3   -0.0
   -20.696   169.404    0.6    0.3   -0.0
   -20.678   169.404    0.6    0.3   -0.0
   -20.661   169.404    0.6    0.3   -0.0
   -20.643   169.404    0.6    0.3   -0.0
   -20.625   169.404    0.5    0.3   -0.0
   -20.607   169.404    0.5    0.3   -0.0
   -20.589   169.404    0.5    0.3   -0.0
   -20.571   169.404    0.5    0.3   -0.0
   -20.553   169.404    0.5    0.3   -0.0
   -20.535   169.404    0.4    0.3   -0.0
   -20.517   169.404    0.4    0.3   -0.0
   -20.499   169.404    0.4    0.3   -0.0
   -20.481   169.404    0.4    0.3   -0.0
   -20.463   169.404    0.4    0.3   -0.0
   -20.445   169.404    0.4    0.3   -0.0
   -20.427   169.404    0.4    0.3   -0.0
   -20.409   169.404    0.3    0.3   -0.0
   -20.391   169.404    0.3    0.2   -0.0
   -20.373   169.404    0.3    0.2   -0.0
   -20.355   169.404    0.3    0.2   -0.0
   -20.338   169.404    0.3    0.2   -0.0
   -20.320   169.404    0.3    0.2   -0.0
   -20.302   169.404    0.3    0.2   -0.0
   -20.284   169.404    0.3    0.2   -0.0
   -20.266   169.404    0.2    0.2   -0.0
   -20.248   169.404    0.2    0.2   -0.0
   -20.230   169.404    0.2    0.2   -0.0
   -20.212   169.404    0.2    0.2   -0.0
   -20.194   169.404    0.2    0.2   -0.0
   -20.176   169.404    0.2    0.2   -0.0
   -20.158   169.404    0.2    0.2   -0.0
   -20.140   169.404    0.2    0.2   -0.0
   -21.935   169.423    0.1   -0.0    0.1
   -21.917   169.423    0.1   -0.0    0.1
   -21.899   169.423    0.2   -0.0    0.1
   -21.881   169.423    0.2   -0.0    0.1
   -21.863   169.423    0.2   -0.0    0.1
   -21.845   169.423    0.2   -0.0    0.1
   -21.827   169.423    0.2   -0.0    0.1
   -21.809   169.423    0.2   -0.0    0.1
   -21.791   169.423    0.2   -0.0    0.1
   -21.773   169.423    0.3   -0.0    0.1
   -21.755   169.423    0.3   -0.0    0.1
   -21.737   169.423    0.3   -0.0    0.1
   -21.719   169.423    0.3   -0.0    0.1
   -21.701   169.423    0.3   -0.0    0.1
   -21.683   169.423    0.4   -0.0    0.1
   -21.665   169.423    0.4   -0.0    0.1
   -21.647   169.423    0.4   -0.0    0.1
   -21.630   169.423    0.4   -0.0    0.1
   -21.612   169.423    0.5   -0.0    0.1
   -21.594   169.423    0.5   -0.0    0.1
   -21.576   169.423    0.5   -0.0    0.1
   -21.558   169.423    0.5   -0.0    0.1
   -21.540   169.423    0.6   -0.0    0.1
   -21.522   169.423    0.6   -0.0    0.1
   -21.504   169.423    0.6   -0.0    0.1
   -21.486   169.423    0.7   -0.0    0.1
   -21.468   169.423    0.7    0.0    0.0
   -21.450   169.423    0.7    0.0    0.0
   -21.432   169.423    0.7    0.0    0.0
   -21.414   169.423    0.8    0.0    0.0
   -21.396   169.423    0.8    0.0    0.0
   -21.378   169.423    0.8    0.0    0.0
   -21.360   169.423    0.8    0.1    0.0
   -21.342   169.423    0.8    0.1    0.0
   -21.324   169.423    0.8    0.1    0.0
   -21.307   169.423    0.9    0.1    0.0
   -21.289   169.423    0.9    0.1    0.0
   -21.271   169.423    0.9    0.1    0.0
   -21.253   169.423    0.9    0.1    0.0
   -21.235   169.423    0.9    0.1    0.0
   -21.217   169.423    0.9    0.2    0.0
   -21.199   169.423    0.9    0.2   -0.0
   -21.181   169.423    0.9    0.2   -0.0
   -21.163   169.423    0.9    0.2   -0.0
   -21.145   169.423    0.9    0.2   -0.0
   -21.127   169.423    0.9    0.2   -0.0
   -21.109   169.423    0.9    0.2   -0.0
   -21.091   169.423    0.9    0.2   -0.0
   -21.073   169.423    0.9    0.3   -0.0
   -21.055   169.423    0.9    0.3   -0.0
   -21.037   169.423    0.9    0.3   -0.0
   -21.019   169.423    0.9    0.3   -0.0
   -21.001   169.423    0.9    0.3   -0.0
   -20.984   169.423    0.9    0.3   -0.0
   -20.966   169.423    0.9    0.3   -0.0
   -20.948   169.423    0.9    0.3   -0.0
   -20.930   169.423    0.8    0.3   -0.0
   -20.912   169.423    0.8    0.3   -0.0
   -20.894   169.423    0.8    0.3   -0.0
   -20.876   169.423    0.8    0.3   -0.0
   -20.858   169.423    0.8    0.3   -0.0
   -20.840   169.423    0.8    0.3   -0.0
   -20.822   169.423    0.7    0.3   -0.0
   -20.804   169.423    0.7    0.3   -0.0
   -20.786   169.423    0.7    0.3   -0.0
   -20.768   169.423    0.7    0.3   -0.0
   -20.750   169.423    0.7    0.3   -0.0
   -20.732   169.423    0.6    0.3   -0.0
   -20.714   169.423    0.6    0.3   -0.0
   -20.696   169.423    0.6    0.3   -0.0
   -20.678   169.423    0.6    0.3   -0.0
   -20.661   169.423    0.6    0.3   -0.0
   -20.643   169.423    0.5    0.3   -0.0
   -20.625   169.423    0.5    0.3   -0.0
   -20.607   169.423    0.5    0.3   -0.0
   -20.589   169.423    0.5    0.3   -0.0
   -20.571   169.423    0.5    0.3   -0.0
   -20.553   169.423    0.5    0.3   -0.0
   -20.535   169.423    0.4    0.3   -0.0
   -20.517   169.423    0.4    0.3   -0.0
   -20.499   169.423    0.4    0.3   -0.0
   -20.481   169.423    0.4    0.3   -0.0
   -20.463   169.423    0.4    0.3   -0.0
   -20.445   169.423    0.4    0.3   -0.0
   -20.427   169.423    0.4    0.3   -0.0
   -20.409   169.423    0.3    0.2   -0.0
   -20.391   169.423    0.3    0.2   -0.0
   -20.373   169.423    0.3    0.2   -0.0
   -20.355   169.423    0.3    0.2   -0.0
   -20.338   169.423    0.3    0.2   -0.0
   -20.320   169.423    0.3    0.2   -0.0
   -20.302   169.423    0.3    0.2   -0.0
   -20.284   169.423    0.3    0.2   -0.0
   -20.266   169.423    0.2    0.2   -0.0
   -20.248   169.423    0.2    0.2   -0.0
   -20.230   169.423    0.2    0.2   -0.0
   -20.212   169.423    0.2    0.2   -0.0
   -20.194   169.423    0.2    0.2   -0.0
   -20.176   169.423    0.2    0.2   -0.0
   -20.158   169.423    0.2    0.2   -0.0
   -20.140   169.423    0.2    0.2   -0.0
   -21.935   169.442    0.1   -0.0    0.1
   -21.917   169.442    0.1   -0.0    0.1
   -21.899   169.442    0.2   -0.0    0.1
   -21.881   169.442    0.2   -0.0    0.1
   -21.863   169.442    0.2   -0.0    0.1
   -21.845   169.442    0.2   -0.0    0.1
   -21.827   169.442    0.2   -0.0    0.1
   -21.809   169.442    0.2   -0.0    0.1
   -21.791   169.442    0.2   -0.0    0.1
   -21.773   169.442    0.3   -0.0    0.1
   -21.755   169.442    0.3   -0.0    0.1
   -21.737   169.442    0.3   -0.0    0.1
   -21.719   169.442    0.3   -0.0    0.1
   -21.701   169.442    0.3   -0.0    0.1
   -21.683   169.442    0.4   -0.0    0.1
   -21.665   169.442    0.4   -0.0    0.1
   -21.647   169.442    0.4   -0.0    0.1
   -21.630   169.442    0.4   -0.0    0.1
   -21.612   169.442    0.5   -0.0    0.1
   -21.594   169.442    0.5   -0.0    0.1
   -21.576   169.442    0.5   -0.0    0.1
   -21.558   169.442    0.5   -0.0    0.1
   -21.540   169.442    0.6   -0.0    0.1
   -21.522   169.442    0.6   -0.0    0.0
   -21.504   169.442    0.6   -0.0    0.0
   -21.486   169.442    0.6   -0.0    0.0
   -21.468   169.442    0.7    0.0    0.0
   -21.450   169.442    0.7    0.0    0.0
   -21.432   169.442    0.7    0.0    0.0
   -21.414   169.442    0.7    0.0    0.0
   -21.396   169.442    0.7    0.0    0.0
   -21.378   169.442    0.8    0.0    0.0
   -21.360   169.442    0.8    0.1    0.0
   -21.342   169.442    0.8    0.1    0.0
   -21.324   169.442    0.8    0.1    0.0
   -21.307   169.442    0.8    0.1    0.0
   -21.289   169.442    0.8    0.1    0.0
   -21.271   169.442    0.9    0.1    0.0
   -21.253   169.442    0.9    0.1    0.0
   -21.235   169.442    0.9    0.1   -0.0
   -21.217   169.442    0.9    0.2   -0.0
   -21.199   169.442    0.9    0.2   -0.0
   -21.181   169.442    0.9    0.2   -0.0
   -21.163   169.442    0.9    0.2   -0.0
   -21.145   169.442    0.9    0.2   -0.0
   -21.127   169.442    0.9    0.2   -0.0
   -21.109   169.442    0.9    0.2   -0.0
   -21.091   169.442    0.9    0.2   -0.0
   -21.073   169.442    0.9    0.2   -0.0
   -21.055   169.442    0.9    0.2   -0.0
   -21.037   169.442    0.9    0.3   -0.0
   -21.019   169.442    0.9    0.3   -0.0
   -21.001   169.442    0.9    0.3   -0.0
   -20.984   169.442    0.8    0.3   -0.0
   -20.966   169.442    0.8    0.3   -0.0
   -20.948   169.442    0.8    0.3   -0.0
   -20.930   169.442    0.8    0.3   -0.0
   -20.912   169.442    0.8    0.3   -0.0
   -20.894   169.442    0.8    0.3   -0.0
   -20.876   169.442    0.8    0.3   -0.0
   -20.858   169.442    0.7    0.3   -0.0
   -20.840   169.442    0.7    0.3   -0.0
   -20.822   169.442    0.7    0.3   -0.0
   -20.804   169.442    0.7    0.3   -0.0
   -20.786   169.442    0.7    0.3   -0.0
   -20.768   169.442    0.7    0.3   -0.0
   -20.750   169.442    0.6    0.3   -0.0
   -20.732   169.442    0.6    0.3   -0.0
   -20.714   169.442    0.6    0.3   -0.0
   -20.696   169.442    0.6    0.3   -0.0
   -20.678   169.442    0.6    0.3   -0.0
   -20.661   169.442    0.5    0.3   -0.0
   -20.643   169.442    0.5    0.3   -0.0
   -20.625   169.442    0.5    0.3   -0.0
   -20.607   169.442    0.5    0.3   -0.0
   -20.589   169.442    0.5    0.3   -0.0
   -20.571   169.442    0.5    0.3   -0.0
   -20.553   169.442    0.4    0.3   -0.0
   -20.535   169.442    0.4    0.3   -0.0
   -20.517   169.442    0.4    0.3   -0.0
   -20.499   169.442    0.4    0.3   -0.0
   -20.481   169.442    0.4    0.3   -0.0
   -20.463   169.442    0.4    0.3   -0.0
   -20.445   169.442    0.4    0.3   -0.0
   -20.427   169.442    0.3    0.2   -0.0
   -20.409   169.442    0.3    0.2   -0.0
   -20.391   169.442    0.3    0.2   -0.0
   -20.373   169.442    0.3    0.2   -0.0
   -20.355   169.442    0.3    0.2   -0.0
   -20.338   169.442    0.3    0.2   -0.0
   -20.320   169.442    0.3    0.2   -0.0
   -20.302   169.442    0.3    0.2   -0.0
   -20.284   169.442    0.3    0.2   -0.0
   -20.266   169.442    0.2    0.2   -0.0
   -20.248   169.442    0.2    0.2   -0.0
   -20.230   169.442    0.2    0.2   -0.0
   -20.212   169.442    0.2    0.2   -0.0
   -20.194   169.442    0.2    0.2   -0.0
   -20.176   169.442    0.2    0.2   -0.0
   -20.158   169.442    0.2    0.2   -0.0
   -20.140   169.442    0.2    0.2   -0.0
   -21.935   169.461    0.1   -0.0    0.1
   -21.917   169.461    0.2   -0.0    0.1
   -21.899   169.461    0.2   -0.0    0.1
   -21.881   169.461    0.2   -0.0    0.1
   -21.863   169.461    0.2   -0.0    0.1
   -21.845   169.461    0.2   -0.0    0.1
   -21.827   169.461    0.2   -0.0    0.1
   -21.809   169.461    0.2   -0.0    0.1
   -21.791   169.461    0.2   -0.0    0.1
   -21.773   169.461    0.3   -0.0    0.1
   -21.755   169.461    0.3   -0.0    0.1
   -21.737   169.461    0.3   -0.0    0.1
   -21.719   169.461    0.3   -0.0    0.1
   -21.701   169.461    0.3   -0.0    0.1
   -21.683   169.461    0.4   -0.0    0.1
   -21.665   169.461    0.4   -0.0    0.1
   -21.647   169.461    0.4   -0.0    0.1
   -21.630   169.461    0.4   -0.0    0.1
   -21.612   169.461    0.4   -0.0    0.1
   -21.594   169.461    0.5   -0.0    0.1
   -21.576   169.461    0.5   -0.0    0.0
   -21.558   169.461    0.5   -0.0    0.0
   -21.540   169.461    0.5   -0.0    0.0
   -21.522   169.461    0.6   -0.0    0.0
   -21.504   169.461    0.6   -0.0    0.0
   -21.486   169.461    0.6   -0.0    0.0
   -21.468   169.461    0.6    0.0    0.0
   -21.450   169.461    0.7    0.0    0.0
   -21.432   169.461    0.7    0.0    0.0
   -21.414   169.461    0.7    0.0    0.0
   -21.396   169.461    0.7    0.0    0.0
   -21.378   169.461    0.7    0.0    0.0
   -21.360   169.461    0.7    0.1    0.0
   -21.342   169.461    0.8    0.1    0.0
   -21.324   169.461    0.8    0.1    0.0
   -21.307   169.461    0.8    0.1    0.0
   -21.289   169.461    0.8    0.1    0.0
   -21.271   169.461    0.8    0.1    0.0
   -21.253   169.461    0.8    0.1   -0.0
   -21.235   169.461    0.8    0.1   -0.0
   -21.217   169.461    0.8    0.1   -0.0
   -21.199   169.461    0.9    0.2   -0.0
   -21.181   169.461    0.9    0.2   -0.0
   -21.163   169.461    0.9    0.2   -0.0
   -21.145   169.461    0.9    0.2   -0.0
   -21.127   169.461    0.9    0.2   -0.0
   -21.109   169.461    0.9    0.2   -0.0
   -21.091   169.461    0.9    0.2   -0.0
   -21.073   169.461    0.9    0.2   -0.0
   -21.055   169.461    0.8    0.2   -0.0
   -21.037   169.461    0.8    0.2   -0.0
   -21.019   169.461    0.8    0.3   -0.0
   -21.001   169.461    0.8    0.3   -0.0
   -20.984   169.461    0.8    0.3   -0.0
   -20.966   169.461    0.8    0.3   -0.0
   -20.948   169.461    0.8    0.3   -0.0
   -20.930   169.461    0.8    0.3   -0.0
   -20.912   169.461    0.8    0.3   -0.0
   -20.894   169.461    0.8    0.3   -0.0
   -20.876   169.461    0.7    0.3   -0.0
   -20.858   169.461    0.7    0.3   -0.0
   -20.840   169.461    0.7    0.3   -0.0
   -20.822   169.461    0.7    0.3   -0.0
   -20.804   169.461    0.7    0.3   -0.0
   -20.786   169.461    0.7    0.3   -0.0
   -20.768   169.461    0.6    0.3   -0.0
   -20.750   169.461    0.6    0.3   -0.0
   -20.732   169.461    0.6    0.3   -0.0
   -20.714   169.461    0.6    0.3   -0.0
   -20.696   169.461    0.6    0.3   -0.0
   -20.678   169.461    0.6    0.3   -0.0
   -20.661   169.461    0.5    0.3   -0.0
   -20.643   169.461    0.5    0.3   -0.0
   -20.625   169.461    0.5    0.3   -0.0
   -20.607   169.461    0.5    0.3   -0.0
   -20.589   169.461    0.5    0.3   -0.0
   -20.571   169.461    0.5    0.3   -0.0
   -20.553   169.461    0.4    0.3   -0.0
   -20.535   169.461    0.4    0.3   -0.0
   -20.517   169.461    0.4    0.3   -0.0
   -20.499   169.461    0.4    0.3   -0.0
   -20.481   169.461    0.4    0.3   -0.0
   -20.463   169.461    0.4    0.3   -0.0
   -20.445   169.461    0.4    0.2   -0.0
   -20.427   169.461    0.3    0.2   -0.0
   -20.409   169.461    0.3    0.2   -0.0
   -20.391   169.461    0.3    0.2   -0.0
   -20.373   169.461    0.3    0.2   -0.0
   -20.355   169.461    0.3    0.2   -0.0
   -20.338   169.461    0.3    0.2   -0.0
   -20.320   169.461    0.3    0.2   -0.0
   -20.302   169.461    0.3    0.2   -0.0
   -20.284   169.461    0.3    0.2   -0.0
   -20.266   169.461    0.2    0.2   -0.0
   -20.248   169.461    0.2    0.2   -0.0
   -20.230   169.461    0.2    0.2   -0.0
   -20.212   169.461    0.2    0.2   -0.0
   -20.194   169.461    0.2    0.2   -0.0
   -20.176   169.461    0.2    0.2   -0.0
   -20.158   169.461    0.2    0.2   -0.0
   -20.140   169.461    0.2    0.2   -0.0
   -21.935   169.481    0.1   -0.0    0.1
   -21.917   169.481    0.2   -0.0    0.1
   -21.899   169.481    0.2   -0.0    0.1
   -21.881   169.481    0.2   -0.0    0.1
   -21.863   169.481    0.2   -0.0    0.1
   -21.845   169.481    0.2   -0.0    0.1
   -21.827   169.481    0.2   -0.0    0.1
   -21.809   169.481    0.2   -0.0    0.1
   -21.791   169.481    0.2   -0.0    0.1
   -21.773   169.481    0.3   -0.0    0.1
   -21.755   169.481    0.3   -0.0    0.1
   -21.737   169.481    0.3   -0.0    0.1
   -21.719   169.481    0.3   -0.0    0.1
   -21.701   169.481    0.3   -0.0    0.1
   -21.683   169.481    0.4   -0.0    0.1
   -21.665   169.481    0.4   -0.0    0.1
   -21.647   169.481    0.4   -0.0    0.1
   -21.630   169.481    0.4   -0.0    0.0
   -21.612   169.481    0.4   -0.0    0.0
   -21.594   169.481    0.5   -0.0    0.0
   -21.576   169.481    0.5   -0.0    0.0
   -21.558   169.481    0.5   -0.0    0.0
   -21.540   169.481    0.5   -0.0    0.0
   -21.522   169.481    0.5   -0.0    0.0
   -21.504   169.481    0.6   -0.0    0.0
   -21.486   169.481    0.6   -0.0    0.0
   -21.468   169.481    0.6    0.0    0.0
   -21.450   169.481    0.6    0.0    0.0
   -21.432   169.481    0.6    0.0    0.0
   -21.414   169.481    0.7    0.0    0.0
   -21.396   169.481    0.7    0.0    0.0
   -21.378   169.481    0.7    0.0    0.0
   -21.360   169.481    0.7    0.1    0.0
   -21.342   169.481    0.7    0.1    0.0
   -21.324   169.481    0.7    0.1    0.0
   -21.307   169.481    0.8    0.1    0.0
   -21.289   169.481    0.8    0.1    0.0
   -21.271   169.481    0.8    0.1   -0.0
   -21.253   169.481    0.8    0.1   -0.0
   -21.235   169.481    0.8    0.1   -0.0
   -21.217   169.481    0.8    0.1   -0.0
   -21.199   169.481    0.8    0.1   -0.0
   -21.181   169.481    0.8    0.2   -0.0
   -21.163   169.481    0.8    0.2   -0.0
   -21.145   169.481    0.8    0.2   -0.0
   -21.127   169.481    0.8    0.2   -0.0
   -21.109   169.481    0.8    0.2   -0.0
   -21.091   169.481    0.8    0.2   -0.0
   -21.073   169.481    0.8    0.2   -0.0
   -21.055   169.481    0.8    0.2   -0.0
   -21.037   169.481    0.8    0.2   -0.0
   -21.019   169.481    0.8    0.2   -0.0
   -21.001   169.481    0.8    0.2   -0.0
   -20.984   169.481    0.8    0.3   -0.0
   -20.966   169.481    0.8    0.3   -0.0
   -20.948   169.481    0.8    0.3   -0.0
   -20.930   169.481    0.8    0.3   -0.0
   -20.912   169.481    0.7    0.3   -0.0
   -20.894   169.481    0.7    0.3   -0.0
   -20.876   169.481    0.7    0.3   -0.0
   -20.858   169.481    0.7    0.3   -0.0
   -20.840   169.481    0.7    0.3   -0.0
   -20.822   169.481    0.7    0.3   -0.0
   -20.804   169.481    0.7    0.3   -0.0
   -20.786   169.481    0.6    0.3   -0.0
   -20.768   169.481    0.6    0.3   -0.0
   -20.750   169.481    0.6    0.3   -0.0
   -20.732   169.481    0.6    0.3   -0.0
   -20.714   169.481    0.6    0.3   -0.0
   -20.696   169.481    0.6    0.3   -0.0
   -20.678   169.481    0.5    0.3   -0.0
   -20.661   169.481    0.5    0.3   -0.0
   -20.643   169.481    0.5    0.3   -0.0
   -20.625   169.481    0.5    0.3   -0.0
   -20.607   169.481    0.5    0.3   -0.0
   -20.589   169.481    0.5    0.3   -0.0
   -20.571   169.481    0.4    0.3   -0.0
   -20.553   169.481    0.4    0.3   -0.0
   -20.535   169.481    0.4    0.3   -0.0
   -20.517   169.481    0.4    0.3   -0.0
   -20.499   169.481    0.4    0.3   -0.0
   -20.481   169.481    0.4    0.3   -0.0
   -20.463   169.481    0.4    0.2   -0.0
   -20.445   169.481    0.4    0.2   -0.0
   -20.427   169.481    0.3    0.2   -0.0
   -20.409   169.481    0.3    0.2   -0.0
   -20.391   169.481    0.3    0.2   -0.0
   -20.373   169.481    0.3    0.2   -0.0
   -20.355   169.481    0.3    0.2   -0.0
   -20.338   169.481    0.3    0.2   -0.0
   -20.320   169.481    0.3    0.2   -0.0
   -20.302   169.481    0.3    0.2   -0.0
   -20.284   169.481    0.3    0.2   -0.0
   -20.266   169.481    0.2    0.2   -0.0
   -20.248   169.481    0.2    0.2   -0.0
   -20.230   169.481    0.2    0.2   -0.0
   -20.212   169.481    0.2    0.2   -0.0
   -20.194   169.481    0.2    0.2   -0.0
   -20.176   169.481    0.2    0.2   -0.0
   -20.158   169.481    0.2    0.2   -0.0
   -20.140   169.481    0.2    0.2   -0.0
   -21.935   169.500    0.1   -0.0    0.1
   -21.917   169.500    0.2   -0.0    0.1
   -21.899   169.500    0.2   -0.0    0.1
   -21.881   169.500    0.2   -0.0    0.1
   -21.863   169.500    0.2   -0.0    0.1
   -21.845   169.500    0.2   -0.0    0.1
   -21.827   169.500    0.2   -0.0    0.1
   -21.809   169.500    0.2   -0.0    0.1
   -21.791   169.500    0.2   -0.0    0.1
   -21.773   169.500    0.3   -0.0    0.1
   -21.755   169.500    0.3   -0.0    0.1
   -21.737   169.500    0.3   -0.0    0.1
   -21.719   169.500    0.3   -0.0    0.1
   -21.701   169.500    0.3   -0.0    0.0
   -21.683   169.500    0.3   -0.0    0.0
   -21.665   169.500    0.4   -0.0    0.0
   -21.647   169.500    0.4   -0.0    0.0
   -21.630   169.500    0.4   -0.0    0.0
   -21.612   169.500    0.4   -0.0    0.0
   -21.594   169.500    0.4   -0.0    0.0
   -21.576   169.500    0.5   -0.0    0.0
   -21.558   169.500    0.5   -0.0    0.0
   -21.540   169.500    0.5   -0.0    0.0
   -21.522   169.500    0.5   -0.0    0.0
   -21.504   169.500    0.5   -0.0    0.0
   -21.486   169.500    0.6   -0.0    0.0
   -21.468   169.500    0.6    0.0    0.0
   -21.450   169.500    0.6    0.0    0.0
   -21.432   169.500    0.6    0.0    0.0
   -21.414   169.500    0.6    0.0    0.0
   -21.396   169.500    0.7    0.0    0.0
   -21.378   169.500    0.7    0.0    0.0
   -21.360   169.500    0.7    0.1    0.0
   -21.342   169.500    0.7    0.1    0.0
   -21.324   169.500    0.7    0.1    0.0
   -21.307   169.500    0.7    0.1    0.0
   -21.289   169.500    0.7    0.1   -0.0
   -21.271   169.500    0.8    0.1   -0.0
   -21.253   169.500    0.8    0.1   -0.0
   -21.235   169.500    0.8    0.1   -0.0
   -21.217   169.500    0.8    0.1   -0.0
   -21.199   169.500    0.8    0.1   -0.0
   -21.181   169.500    0.8    0.1   -0.0
   -21.163   169.500    0.8    0.2   -0.0
   -21.145   169.500    0.8    0.2   -0.0
   -21.127   169.500    0.8    0.2   -0.0
   -21.109   169.500    0.8    0.2   -0.0
   -21.091   169.500    0.8    0.2   -0.0
   -21.073   169.500    0.8    0.2   -0.0
   -21.055   169.500    0.8    0.2   -0.0
   -21.037   169.500    0.8    0.2   -0.0
   -21.019   169.500    0.8    0.2   -0.0
   -21.001   169.500    0.8    0.2   -0.0
   -20.984   169.500    0.8    0.2   -0.0
   -20.966   169.500    0.7    0.2   -0.0
   -20.948   169.500    0.7    0.3   -0.0
   -20.930   169.500    0.7    0.3   -0.0
   -20.912   169.500    0.7    0.3   -0.0
   -20.894   169.500    0.7    0.3   -0.0
   -20.876   169.500    0.7    0.3   -0.0
   -20.858   169.500    0.7    0.3   -0.0
   -20.840   169.500    0.7    0.3   -0.0
   -20.822   169.500    0.6    0.3   -0.0
   -20.804   169.500    0.6    0.3   -0.0
   -20.786   169.500    0.6    0.3   -0.0
   -20.768   169.500    0.6    0.3   -0.0
   -20.750   169.500    0.6    0.3   -0.0
   -20.732   169.500    0.6    0.3   -0.0
   -20.714   169.500    0.6    0.3   -0.0
   -20.696   169.500    0.5    0.3   -0.0
   -20.678   169.500    0.5    0.3   -0.0
   -20.661   169.500    0.5    0.3   -0.0
   -20.643   169.500    0.5    0.3   -0.0
   -20.625   169.500    0.5    0.3   -0.0
   -20.607   169.500    0.5    0.3   -0.0
   -20.589   169.500    0.5    0.3   -0.0
   -20.571   169.500    0.4    0.3   -0.0
   -20.553   169.500    0.4    0.3   -0.0
   -20.535   169.500    0.4    0.3   -0.0
   -20.517   169.500    0.4    0.3   -0.0
   -20.499   169.500    0.4    0.2   -0.0
   -20.481   169.500    0.4    0.2   -0.0
   -20.463   169.500    0.4    0.2   -0.0
   -20.445   169.500    0.3    0.2   -0.0
   -20.427   169.500    0.3    0.2   -0.0
   -20.409   169.500    0.3    0.2   -0.0
   -20.391   169.500    0.3    0.2   -0.0
   -20.373   169.500    0.3    0.2   -0.0
   -20.355   169.500    0.3    0.2   -0.0
   -20.338   169.500    0.3    0.2   -0.0
   -20.320   169.500    0.3    0.2   -0.0
   -20.302   169.500    0.3    0.2   -0.0
   -20.284   169.500    0.3    0.2   -0.0
   -20.266   169.500    0.2    0.2   -0.0
   -20.248   169.500    0.2    0.2   -0.0
   -20.230   169.500    0.2    0.2   -0.0
   -20.212   169.500    0.2    0.2   -0.0
   -20.194   169.500    0.2    0.2   -0.0
   -20.176   169.500    0.2    0.2   -0.0
   -20.158   169.500    0.2    0.2   -0.0
   -20.140   169.500    0.2    0.2   -0.0
   -21.935   169.519    0.1   -0.0    0.1
   -21.917   169.519    0.2   -0.0    0.1
   -21.899   169.519    0.2   -0.0    0.1
   -21.881   169.519    0.2   -0.0    0.1
   -21.863   169.519    0.2   -0.0    0.1
   -21.845   169.519    0.2   -0.0    0.1
   -21.827   169.519    0.2   -0.0    0.1
   -21.809   169.519    0.2   -0.0    0.1
   -21.791   169.519    0.2   -0.0    0.1
   -21.773   169.519    0.3   -0.0    0.0
   -21.755   169.519    0.3   -0.0    0.0
   -21.737   169.519    0.3   -0.0    0.0
   -21.719   169.519    0.3   -0.0    0.0
   -21.701   169.519    0.3   -0.0    0.0
   -21.683   169.519    0.3   -0.0    0.0
   -21.665   169.519    0.4   -0.0    0.0
   -21.647   169.519    0.4   -0.0    0.0
   -21.630   169.519    0.4   -0.0    0.0
   -21.612   169.519    0.4   -0.0    0.0
   -21.594   169.519    0.4   -0.0    0.0
   -21.576   169.519    0.5   -0.0    0.0
   -21.558   169.519    0.5   -0.0    0.0
   -21.540   169.519    0.5   -0.0    0.0
   -21.522   169.519    0.5   -0.0    0.0
   -21.504   169.519    0.5   -0.0    0.0
   -21.486   169.519    0.5   -0.0    0.0
   -21.468   169.519    0.6    0.0    0.0
   -21.450   169.519    0.6    0.0    0.0
   -21.432   169.519    0.6    0.0    0.0
   -21.414   169.519    0.6    0.0    0.0
   -21.396   169.519    0.6    0.0    0.0
   -21.378   169.519    0.6    0.0    0.0
   -21.360   169.519    0.7    0.0    0.0
   -21.342   169.519    0.7    0.1    0.0
   -21.324   169.519    0.7    0.1    0.0
   -21.307   169.519    0.7    0.1   -0.0
   -21.289   169.519    0.7    0.1   -0.0
   -21.271   169.519    0.7    0.1   -0.0
   -21.253   169.519    0.7    0.1   -0.0
   -21.235   169.519    0.7    0.1   -0.0
   -21.217   169.519    0.7    0.1   -0.0
   -21.199   169.519    0.8    0.1   -0.0
   -21.181   169.519    0.8    0.1   -0.0
   -21.163   169.519    0.8    0.2   -0.0
   -21.145   169.519    0.8    0.2   -0.0
   -21.127   169.519    0.8    0.2   -0.0
   -21.109   169.519    0.8    0.2   -0.0
   -21.091   169.519    0.8    0.2   -0.0
   -21.073   169.519    0.8    0.2   -0.0
   -21.055   169.519    0.8    0.2   -0.0
   -21.037   169.519    0.7    0.2   -0.0
   -21.019   169.519    0.7    0.2   -0.0
   -21.001   169.519    0.7    0.2   -0.0
   -20.984   169.519    0.7    0.2   -0.0
   -20.966   169.519    0.7    0.2   -0.0
   -20.948   169.519    0.7    0.2   -0.0
   -20.930   169.519    0.7    0.2   -0.0
   -20.912   169.519    0.7    0.3   -0.0
   -20.894   169.519    0.7    0.3   -0.0
   -20.876   169.519    0.7    0.3   -0.0
   -20.858   169.519    0.7    0.3   -0.0
   -20.840   169.519    0.6    0.3   -0.0
   -20.822   169.519    0.6    0.3   -0.0
   -20.804   169.519    0.6    0.3   -0.0
   -20.786   169.519    0.6    0.3   -0.0
   -20.768   169.519    0.6    0.3   -0.0
   -20.750   169.519    0.6    0.3   -0.0
   -20.732   169.519    0.6    0.3   -0.0
   -20.714   169.519    0.5    0.3   -0.0
   -20.696   169.519    0.5    0.3   -0.0
   -20.678   169.519    0.5    0.3   -0.0
   -20.661   169.519    0.5    0.3   -0.0
   -20.643   169.519    0.5    0.3   -0.0
   -20.625   169.519    0.5    0.3   -0.0
   -20.607   169.519    0.5    0.3   -0.0
   -20.589   169.519    0.4    0.3   -0.0
   -20.571   169.519    0.4    0.3   -0.0
   -20.553   169.519    0.4    0.3   -0.0
   -20.535   169.519    0.4    0.2   -0.0
   -20.517   169.519    0.4    0.2   -0.0
   -20.499   169.519    0.4    0.2   -0.0
   -20.481   169.519    0.4    0.2   -0.0
   -20.463   169.519    0.4    0.2   -0.0
   -20.445   169.519    0.3    0.2   -0.0
   -20.427   169.519    0.3    0.2   -0.0
   -20.409   169.519    0.3    0.2   -0.0
   -20.391   169.519    0.3    0.2   -0.0
   -20.373   169.519    0.3    0.2   -0.0
   -20.355   169.519    0.3    0.2   -0.0
   -20.338   169.519    0.3    0.2   -0.0
   -20.320   169.519    0.3    0.2   -0.0
   -20.302   169.519    0.3    0.2   -0.0
   -20.284   169.519    0.3    0.2   -0.0
   -20.266   169.519    0.2    0.2   -0.0
   -20.248   169.519    0.2    0.2   -0.0
   -20.230   169.519    0.2    0.2   -0.0
   -20.212   169.519    0.2    0.2   -0.0
   -20.194   169.519    0.2    0.2   -0.0
   -20.176   169.519    0.2    0.2   -0.0
   -20.158   169.519    0.2    0.2   -0.0
   -20.140   169.519    0.2    0.2   -0.0
   -21.935   169.538    0.1   -0.0    0.1
   -21.917   169.538    0.2   -0.0    0.0
   -21.899   169.538    0.2   -0.0    0.0
   -21.881   169.538    0.2   -0.0    0.0
   -21.863   169.538    0.2   -0.0    0.0
   -21.845   169.538    0.2   -0.0    0.0
   -21.827   169.538    0.2   -0.0    0.0
   -21.809   169.538    0.2   -0.0    0.0
   -21.791   169.538    0.2   -0.0    0.0
   -21.773   169.538    0.3   -0.0    0.0
   -21.755   169.538    0.3   -0.0    0.0
   -21.737   169.538    0.3   -0.0    0.0
   -21.719   169.538    0.3   -0.0    0.0
   -21.701   169.538    0.3   -0.0    0.0
   -21.683   169.538    0.3   -0.0    0.0
   -21.665   169.538    0.3   -0.0    0.0
   -21.647   169.538    0.4   -0.0    0.0
   -21.630   169.538    0.4   -0.0    0.0
   -21.612   169.538    0.4   -0.0    0.0
   -21.594   169.538    0.4   -0.0    0.0
   -21.576   169.538    0.4   -0.0    0.0
   -21.558   169.538    0.5   -0.0    0.0
   -21.540   169.538    0.5   -0.0    0.0
   -21.522   169.538    0.5   -0.0    0.0
   -21.504   169.538    0.5   -0.0    0.0
   -21.486   169.538    0.5   -0.0    0.0
   -21.468   169.538    0.5    0.0    0.0
   -21.450   169.538    0.6    0.0    0.0
   -21.432   169.538    0.6    0.0    0.0
   -21.414   169.538    0.6    0.0    0.0
   -21.396   169.538    0.6    0.0    0.0
   -21.378   169.538    0.6    0.0    0.0
   -21.360   169.538    0.6    0.0    0.0
   -21.342   169.538    0.7    0.1    0.0
   -21.324   169.538    0.7    0.1   -0.0
   -21.307   169.538    0.7    0.1   -0.0
   -21.289   169.538    0.7    0.1   -0.0
   -21.271   169.538    0.7    0.1   -0.0
   -21.253   169.538    0.7    0.1   -0.0
   -21.235   169.538    0.7    0.1   -0.0
   -21.217   169.538    0.7    0.1   -0.0
   -21.199   169.538    0.7    0.1   -0.0
   -21.181   169.538    0.7    0.1   -0.0
   -21.163   169.538    0.7    0.1   -0.0
   -21.145   169.538    0.7    0.2   -0.0
   -21.127   169.538    0.7    0.2   -0.0
   -21.109   169.538    0.7    0.2   -0.0
   -21.091   169.538    0.7    0.2   -0.0
   -21.073   169.538    0.7    0.2   -0.0
   -21.055   169.538    0.7    0.2   -0.0
   -21.037   169.538    0.7    0.2   -0.0
   -21.019   169.538    0.7    0.2   -0.0
   -21.001   169.538    0.7    0.2   -0.0
   -20.984   169.538    0.7    0.2   -0.0
   -20.966   169.538    0.7    0.2   -0.0
   -20.948   169.538    0.7    0.2   -0.0
   -20.930   169.538    0.7    0.2   -0.0
   -20.912   169.538    0.7    0.2   -0.0
   -20.894   169.538    0.7    0.2   -0.0
   -20.876   169.538    0.6    0.2   -0.0
   -20.858   169.538    0.6    0.3   -0.0
   -20.840   169.538    0.6    0.3   -0.0
   -20.822   169.538    0.6    0.3   -0.0
   -20.804   169.538    0.6    0.3   -0.0
   -20.786   169.538    0.6    0.3   -0.0
   -20.768   169.538    0.6    0.3   -0.0
   -20.750   169.538    0.6    0.3   -0.0
   -20.732   169.538    0.5    0.3   -0.0
   -20.714   169.538    0.5    0.3   -0.0
   -20.696   169.538    0.5    0.3   -0.0
   -20.678   169.538    0.5    0.3   -0.0
   -20.661   169.538    0.5    0.3   -0.0
   -20.643   169.538    0.5    0.3   -0.0
   -20.625   169.538    0.5    0.3   -0.0
   -20.607   169.538    0.4    0.3   -0.0
   -20.589   169.538    0.4    0.3   -0.0
   -20.571   169.538    0.4    0.2   -0.0
   -20.553   169.538    0.4    0.2   -0.0
   -20.535   169.538    0.4    0.2   -0.0
   -20.517   169.538    0.4    0.2   -0.0
   -20.499   169.538    0.4    0.2   -0.0
   -20.481   169.538    0.4    0.2   -0.0
   -20.463   169.538    0.3    0.2   -0.0
   -20.445   169.538    0.3    0.2   -0.0
   -20.427   169.538    0.3    0.2   -0.0
   -20.409   169.538    0.3    0.2   -0.0
   -20.391   169.538    0.3    0.2   -0.0
   -20.373   169.538    0.3    0.2   -0.0
   -20.355   169.538    0.3    0.2   -0.0
   -20.338   169.538    0.3    0.2   -0.0
   -20.320   169.538    0.3    0.2   -0.0
   -20.302   169.538    0.3    0.2   -0.0
   -20.284   169.538    0.3    0.2   -0.0
   -20.266   169.538    0.2    0.2   -0.0
   -20.248   169.538    0.2    0.2   -0.0
   -20.230   169.538    0.2    0.2   -0.0
   -20.212   169.538    0.2    0.2   -0.0
   -20.194   169.538    0.2    0.2   -0.0
   -20.176   169.538    0.2    0.2   -0.0
   -20.158   169.538    0.2    0.2   -0.0
   -20.140   169.538    0.2    0.2   -0.0
   -21.935   169.558    0.1   -0.0    0.0
   -21.917   169.558    0.2   -0.0    0.0
   -21.899   169.558    0.2   -0.0    0.0
   -21.881   169.558    0.2   -0.0    0.0
   -21.863   169.558    0.2   -0.0    0.0
   -21.845   169.558    0.2   -0.0    0.0
   -21.827   169.558    0.2   -0.0    0.0
   -21.809   169.558    0.2   -0.0    0.0
   -21.791   169.558    0.2   -0.0    0.0
   -21.773   169.558    0.2   -0.0    0.0
   -21.755   169.558    0.3   -0.0    0.0
   -21.737   169.558    0.3   -0.0    0.0
   -21.719   169.558    0.3   -0.0    0.0
   -21.701   169.558    0.3   -0.0    0.0
   -21.683   169.558    0.3   -0.0    0.0
   -21.665   169.558    0.3   -0.0    0.0
   -21.647   169.558    0.4   -0.0    0.0
   -21.630   169.558    0.4   -0.0    0.0
   -21.612   169.558    0.4   -0.0    0.0
   -21.594   169.558    0.4   -0.0    0.0
   -21.576   169.558    0.4   -0.0    0.0
   -21.558   169.558    0.4   -0.0    0.0
   -21.540   169.558    0.5   -0.0    0.0
   -21.522   169.558    0.5   -0.0    0.0
   -21.504   169.558    0.5   -0.0    0.0
   -21.486   169.558    0.5   -0.0    0.0
   -21.468   169.558    0.5    0.0    0.0
   -21.450   169.558    0.5    0.0    0.0
   -21.432   169.558    0.6    0.0    0.0
   -21.414   169.558    0.6    0.0    0.0
   -21.396   169.558    0.6    0.0    0.0
   -21.378   169.558    0.6    0.0    0.0
   -21.360   169.558    0.6    0.0    0.0
   -21.342   169.558    0.6    0.1   -0.0
   -21.324   169.558    0.6    0.1   -0.0
   -21.307   169.558    0.6    0.1   -0.0
   -21.289   169.558    0.7    0.1   -0.0
   -21.271   169.558    0.7    0.1   -0.0
   -21.253   169.558    0.7    0.1   -0.0
   -21.235   169.558    0.7    0.1   -0.0
   -21.217   169.558    0.7    0.1   -0.0
   -21.199   169.558    0.7    0.1   -0.0
   -21.181   169.558    0.7    0.1   -0.0
   -21.163   169.558    0.7    0.1   -0.0
   -21.145   169.558    0.7    0.1   -0.0
   -21.127   169.558    0.7    0.2   -0.0
   -21.109   169.558    0.7    0.2   -0.0
   -21.091   169.558    0.7    0.2   -0.0
   -21.073   169.558    0.7    0.2   -0.0
   -21.055   169.558    0.7    0.2   -0.0
   -21.037   169.558    0.7    0.2   -0.0
   -21.019   169.558    0.7    0.2   -0.0
   -21.001   169.558    0.7    0.2   -0.0
   -20.984   169.558    0.7    0.2   -0.0
   -20.966   169.558    0.7    0.2   -0.0
   -20.948   169.558    0.7    0.2   -0.0
   -20.930   169.558    0.7    0.2   -0.0
   -20.912   169.558    0.6    0.2   -0.0
   -20.894   169.558    0.6    0.2   -0.0
   -20.876   169.558    0.6    0.2   -0.0
   -20.858   169.558    0.6    0.2   -0.0
   -20.840   169.558    0.6    0.2   -0.0
   -20.822   169.558    0.6    0.2   -0.0
   -20.804   169.558    0.6    0.2   -0.0
   -20.786   169.558    0.6    0.2   -0.0
   -20.768   169.558    0.6    0.3   -0.0
   -20.750   169.558    0.5    0.3   -0.0
   -20.732   169.558    0.5    0.3   -0.0
   -20.714   169.558    0.5    0.3   -0.0
   -20.696   169.558    0.5    0.3   -0.0
   -20.678   169.558    0.5    0.3   -0.0
   -20.661   169.558    0.5    0.2   -0.0
   -20.643   169.558    0.5    0.2   -0.0
   -20.625   169.558    0.5    0.2   -0.0
   -20.607   169.558    0.4    0.2   -0.0
   -20.589   169.558    0.4    0.2   -0.0
   -20.571   169.558    0.4    0.2   -0.0
   -20.553   169.558    0.4    0.2   -0.0
   -20.535   169.558    0.4    0.2   -0.0
   -20.517   169.558    0.4    0.2   -0.0
   -20.499   169.558    0.4    0.2   -0.0
   -20.481   169.558    0.4    0.2   -0.0
   -20.463   169.558    0.3    0.2   -0.0
   -20.445   169.558    0.3    0.2   -0.0
   -20.427   169.558    0.3    0.2   -0.0
   -20.409   169.558    0.3    0.2   -0.0
   -20.391   169.558    0.3    0.2   -0.0
   -20.373   169.558    0.3    0.2   -0.0
   -20.355   169.558    0.3    0.2   -0.0
   -20.338   169.558    0.3    0.2   -0.0
   -20.320   169.558    0.3    0.2   -0.0
   -20.302   169.558    0.3    0.2   -0.0
   -20.284   169.558    0.2    0.2   -0.0
   -20.266   169.558    0.2    0.2   -0.0
   -20.248   169.558    0.2    0.2   -0.0
   -20.230   169.558    0.2    0.2   -0.0
   -20.212   169.558    0.2    0.2   -0.0
   -20.194   169.558    0.2    0.2   -0.0
   -20.176   169.558    0.2    0.2   -0.0
   -20.158   169.558    0.2    0.2   -0.0
   -20.140   169.558    0.2    0.2   -0.0
   -21.935   169.577    0.1   -0.0    0.0
   -21.917   169.577    0.2   -0.0    0.0
   -21.899   169.577    0.2   -0.0    0.0
   -21.881   169.577    0.2   -0.0    0.0
   -21.863   169.577    0.2   -0.0    0.0
   -21.845   169.577    0.2   -0.0    0.0
   -21.827   169.577    0.2   -0.0    0.0
   -21.809   169.577    0.2   -0.0    0.0
   -21.791   169.577    0.2   -0.0    0.0
   -21.773   169.577    0.2   -0.0    0.0
   -21.755   169.577    0.3   -0.0    0.0
   -21.737   169.577    0.3   -0.0    0.0
   -21.719   169.577    0.3   -0.0    0.0
   -21.701   169.577    0.3   -0.0    0.0
   -21.683   169.577    0.3   -0.0    0.0
   -21.665   169.577    0.3   -0.0    0.0
   -21.647   169.577    0.3   -0.0    0.0
   -21.630   169.577    0.4   -0.0    0.0
   -21.612   169.577    0.4   -0.0    0.0
   -21.594   169.577    0.4   -0.0    0.0
   -21.576   169.577    0.4   -0.0    0.0
   -21.558   169.577    0.4   -0.0    0.0
   -21.540   169.577    0.4   -0.0    0.0
   -21.522   169.577    0.5   -0.0    0.0
   -21.504   169.577    0.5   -0.0    0.0
   -21.486   169.577    0.5   -0.0    0.0
   -21.468   169.577    0.5    0.0    0.0
   -21.450   169.577    0.5    0.0    0.0
   -21.432   169.577    0.5    0.0    0.0
   -21.414   169.577    0.6    0.0    0.0
   -21.396   169.577    0.6    0.0    0.0
   -21.378   169.577    0.6    0.0    0.0
   -21.360   169.577    0.6    0.0   -0.0
   -21.342   169.577    0.6    0.1   -0.0
   -21.324   169.577    0.6    0.1   -0.0
   -21.307   169.577    0.6    0.1   -0.0
   -21.289   169.577    0.6    0.1   -0.0
   -21.271   169.577    0.6    0.1   -0.0
   -21.253   169.577    0.6    0.1   -0.0
   -21.235   169.577    0.7    0.1   -0.0
   -21.217   169.577    0.7    0.1   -0.0
   -21.199   169.577    0.7    0.1   -0.0
   -21.181   169.577    0.7    0.1   -0.0
   -21.163   169.577    0.7    0.1   -0.0
   -21.145   169.577    0.7    0.1   -0.0
   -21.127   169.577    0.7    0.1   -0.0
   -21.109   169.577    0.7    0.2   -0.0
   -21.091   169.577    0.7    0.2   -0.0
   -21.073   169.577    0.7    0.2   -0.0
   -21.055   169.577    0.7    0.2   -0.0
   -21.037   169.577    0.7    0.2   -0.0
   -21.019   169.577    0.7    0.2   -0.0
   -21.001   169.577    0.7    0.2   -0.0
   -20.984   169.577    0.7    0.2   -0.0
   -20.966   169.577    0.6    0.2   -0.0
   -20.948   169.577    0.6    0.2   -0.0
   -20.930   169.577    0.6    0.2   -0.0
   -20.912   169.577    0.6    0.2   -0.0
   -20.894   169.577    0.6    0.2   -0.0
   -20.876   169.577    0.6    0.2   -0.0
   -20.858   169.577    0.6    0.2   -0.0
   -20.840   169.577    0.6    0.2   -0.0
   -20.822   169.577    0.6    0.2   -0.0
   -20.804   169.577    0.6    0.2   -0.0
   -20.786   169.577    0.6    0.2   -0.0
   -20.768   169.577    0.5    0.2   -0.0
   -20.750   169.577    0.5    0.2   -0.0
   -20.732   169.577    0.5    0.2   -0.0
   -20.714   169.577    0.5    0.2   -0.0
   -20.696   169.577    0.5    0.2   -0.0
   -20.678   169.577    0.5    0.2   -0.0
   -20.661   169.577    0.5    0.2   -0.0
   -20.643   169.577    0.5    0.2   -0.0
   -20.625   169.577    0.4    0.2   -0.0
   -20.607   169.577    0.4    0.2   -0.0
   -20.589   169.577    0.4    0.2   -0.0
   -20.571   169.577    0.4    0.2   -0.0
   -20.553   169.577    0.4    0.2   -0.0
   -20.535   169.577    0.4    0.2   -0.0
   -20.517   169.577    0.4    0.2   -0.0
   -20.499   169.577    0.4    0.2   -0.0
   -20.481   169.577    0.4    0.2   -0.0
   -20.463   169.577    0.3    0.2   -0.0
   -20.445   169.577    0.3    0.2   -0.0
   -20.427   169.577    0.3    0.2   -0.0
   -20.409   169.577    0.3    0.2   -0.0
   -20.391   169.577    0.3    0.2   -0.0
   -20.373   169.577    0.3    0.2   -0.0
   -20.355   169.577    0.3    0.2   -0.0
   -20.338   169.577    0.3    0.2   -0.0
   -20.320   169.577    0.3    0.2   -0.0
   -20.302   169.577    0.3    0.2   -0.0
   -20.284   169.577    0.2    0.2   -0.0
   -20.266   169.577    0.2    0.2   -0.0
   -20.248   169.577    0.2    0.2   -0.0
   -20.230   169.577    0.2    0.2   -0.0
   -20.212   169.577    0.2    0.2   -0.0
   -20.194   169.577    0.2    0.2   -0.0
   -20.176   169.577    0.2    0.2   -0.0
   -20.158   169.577    0.2    0.2   -0.0
   -20.140   169.577    0.2    0.2   -0.0
   -21.935   169.596    0.1   -0.0    0.0
   -21.917   169.596    0.2   -0.0    0.0
   -21.899   169.596    0.2   -0.0    0.0
   -21.881   169.596    0.2   -0.0    0.0
   -21.863   169.596    0.2   -0.0    0.0
   -21.845   169.596    0.2   -0.0    0.0
   -21.827   169.596    0.2   -0.0    0.0
   -21.809   169.596    0.2   -0.0    0.0
   -21.791   169.596    0.2   -0.0    0.0
   -21.773   169.596    0.2   -0.0    0.0
   -21.755   169.596    0.3   -0.0    0.0
   -21.737   169.596    0.3   -0.0    0.0
   -21.719   169.596    0.3   -0.0    0.0
   -21.701   169.596    0.3   -0.0    0.0
   -21.683   169.596    0.3   -0.0    0.0
   -21.665   169.596    0.3   -0.0    0.0
   -21.647   169.596    0.3   -0.0    0.0
   -21.630   169.596    0.4   -0.0    0.0
   -21.612   169.596    0.4   -0.0    0.0
   -21.594   169.596    0.4   -0.0    0.0
   -21.576   169.596    0.4   -0.0    0.0
   -21.558   169.596    0.4   -0.0    0.0
   -21.540   169.596    0.4   -0.0    0.0
   -21.522   169.596    0.4   -0.0    0.0
   -21.504   169.596    0.5   -0.0    0.0
   -21.486   169.596    0.5   -0.0    0.0
   -21.468   169.596    0.5    0.0    0.0
   -21.450   169.596    0.5    0.0    0.0
   -21.432   169.596    0.5    0.0    0.0
   -21.414   169.596    0.5    0.0    0.0
   -21.396   169.596    0.5    0.0    0.0
   -21.378   169.596    0.6    0.0    0.0
   -21.360   169.596    0.6    0.0   -0.0
   -21.342   169.596    0.6    0.0   -0.0
   -21.324   169.596    0.6    0.1   -0.0
   -21.307   169.596    0.6    0.1   -0.0
   -21.289   169.596    0.6    0.1   -0.0
   -21.271   169.596    0.6    0.1   -0.0
   -21.253   169.596    0.6    0.1   -0.0
   -21.235   169.596    0.6    0.1   -0.0
   -21.217   169.596    0.6    0.1   -0.0
   -21.199   169.596    0.6    0.1   -0.0
   -21.181   169.596    0.6    0.1   -0.0
   -21.163   169.596    0.6    0.1   -0.0
   -21.145   169.596    0.6    0.1   -0.0
   -21.127   169.596    0.7    0.1   -0.0
   -21.109   169.596    0.7    0.1   -0.0
   -21.091   169.596    0.7    0.2   -0.0
   -21.073   169.596    0.6    0.2   -0.0
   -21.055   169.596    0.6    0.2   -0.0
   -21.037   169.596    0.6    0.2   -0.0
   -21.019   169.596    0.6    0.2   -0.0
   -21.001   169.596    0.6    0.2   -0.0
   -20.984   169.596    0.6    0.2   -0.0
   -20.966   169.596    0.6    0.2   -0.0
   -20.948   169.596    0.6    0.2   -0.0
   -20.930   169.596    0.6    0.2   -0.0
   -20.912   169.596    0.6    0.2   -0.0
   -20.894   169.596    0.6    0.2   -0.0
   -20.876   169.596    0.6    0.2   -0.0
   -20.858   169.596    0.6    0.2   -0.0
   -20.840   169.596    0.6    0.2   -0.0
   -20.822   169.596    0.6    0.2   -0.0
   -20.804   169.596    0.5    0.2   -0.0
   -20.786   169.596    0.5    0.2   -0.0
   -20.768   169.596    0.5    0.2   -0.0
   -20.750   169.596    0.5    0.2   -0.0
   -20.732   169.596    0.5    0.2   -0.0
   -20.714   169.596    0.5    0.2   -0.0
   -20.696   169.596    0.5    0.2   -0.0
   -20.678   169.596    0.5    0.2   -0.0
   -20.661   169.596    0.5    0.2   -0.0
   -20.643   169.596    0.4    0.2   -0.0
   -20.625   169.596    0.4    0.2   -0.0
   -20.607   169.596    0.4    0.2   -0.0
   -20.589   169.596    0.4    0.2   -0.0
   -20.571   169.596    0.4    0.2   -0.0
   -20.553   169.596    0.4    0.2   -0.0
   -20.535   169.596    0.4    0.2   -0.0
   -20.517   169.596    0.4    0.2   -0.0
   -20.499   169.596    0.4    0.2   -0.0
   -20.481   169.596    0.3    0.2   -0.0
   -20.463   169.596    0.3    0.2   -0.0
   -20.445   169.596    0.3    0.2   -0.0
   -20.427   169.596    0.3    0.2   -0.0
   -20.409   169.596    0.3    0.2   -0.0
   -20.391   169.596    0.3    0.2   -0.0
   -20.373   169.596    0.3    0.2   -0.0
   -20.355   169.596    0.3    0.2   -0.0
   -20.338   169.596    0.3    0.2   -0.0
   -20.320   169.596    0.3    0.2   -0.0
   -20.302   169.596    0.3    0.2   -0.0
   -20.284   169.596    0.2    0.2   -0.0
   -20.266   169.596    0.2    0.2   -0.0
   -20.248   169.596    0.2    0.2   -0.0
   -20.230   169.596    0.2    0.2   -0.0
   -20.212   169.596    0.2    0.2   -0.0
   -20.194   169.596    0.2    0.2   -0.0
   -20.176   169.596    0.2    0.2   -0.0
   -20.158   169.596    0.2    0.2   -0.0
   -20.140   169.596    0.2    0.1   -0.0
   -21.935   169.615    0.1   -0.0    0.0
   -21.917   169.615    0.2   -0.0    0.0
   -21.899   169.615    0.2   -0.0    0.0
   -21.881   169.615    0.2   -0.0    0.0
   -21.863   169.615    0.2   -0.0    0.0
   -21.845   169.615    0.2   -0.0    0.0
   -21.827   169.615    0.2   -0.0    0.0
   -21.809   169.615    0.2   -0.0    0.0
   -21.791   169.615    0.2   -0.0    0.0
   -21.773   169.615    0.2   -0.0    0.0
   -21.755   169.615    0.3   -0.0    0.0
   -21.737   169.615    0.3   -0.0    0.0
   -21.719   169.615    0.3   -0.0    0.0
   -21.701   169.615    0.3   -0.0    0.0
   -21.683   169.615    0.3   -0.0    0.0
   -21.665   169.615    0.3   -0.0    0.0
   -21.647   169.615    0.3   -0.0    0.0
   -21.630   169.615    0.3   -0.0    0.0
   -21.612   169.615    0.4   -0.0    0.0
   -21.594   169.615    0.4   -0.0    0.0
   -21.576   169.615    0.4   -0.0    0.0
   -21.558   169.615    0.4   -0.0    0.0
   -21.540   169.615    0.4   -0.0    0.0
   -21.522   169.615    0.4   -0.0    0.0
   -21.504   169.615    0.4   -0.0    0.0
   -21.486   169.615    0.5    0.0    0.0
   -21.468   169.615    0.5    0.0    0.0
   -21.450   169.615    0.5    0.0    0.0
   -21.432   169.615    0.5    0.0    0.0
   -21.414   169.615    0.5    0.0    0.0
   -21.396   169.615    0.5    0.0    0.0
   -21.378   169.615    0.5    0.0   -0.0
   -21.360   169.615    0.5    0.0   -0.0
   -21.342   169.615    0.6    0.0   -0.0
   -21.324   169.615    0.6    0.1   -0.0
   -21.307   169.615    0.6    0.1   -0.0
   -21.289   169.615    0.6    0.1   -0.0
   -21.271   169.615    0.6    0.1   -0.0
   -21.253   169.615    0.6    0.1   -0.0
   -21.235   169.615    0.6    0.1   -0.0
   -21.217   169.615    0.6    0.1   -0.0
   -21.199   169.615    0.6    0.1   -0.0
   -21.181   169.615    0.6    0.1   -0.0
   -21.163   169.615    0.6    0.1   -0.0
   -21.145   169.615    0.6    0.1   -0.0
   -21.127   169.615    0.6    0.1   -0.0
   -21.109   169.615    0.6    0.1   -0.0
   -21.091   169.615    0.6    0.1   -0.0
   -21.073   169.615    0.6    0.2   -0.0
   -21.055   169.615    0.6    0.2   -0.0
   -21.037   169.615    0.6    0.2   -0.0
   -21.019   169.615    0.6    0.2   -0.0
   -21.001   169.615    0.6    0.2   -0.0
   -20.984   169.615    0.6    0.2   -0.0
   -20.966   169.615    0.6    0.2   -0.0
   -20.948   169.615    0.6    0.2   -0.0
   -20.930   169.615    0.6    0.2   -0.0
   -20.912   169.615    0.6    0.2   -0.0
   -20.894   169.615    0.6    0.2   -0.0
   -20.876   169.615    0.6    0.2   -0.0
   -20.858   169.615    0.6    0.2   -0.0
   -20.840   169.615    0.5    0.2   -0.0
   -20.822   169.615    0.5    0.2   -0.0
   -20.804   169.615    0.5    0.2   -0.0
   -20.786   169.615    0.5    0.2   -0.0
   -20.768   169.615    0.5    0.2   -0.0
   -20.750   169.615    0.5    0.2   -0.0
   -20.732   169.615    0.5    0.2   -0.0
   -20.714   169.615    0.5    0.2   -0.0
   -20.696   169.615    0.5    0.2   -0.0
   -20.678   169.615    0.5    0.2   -0.0
   -20.661   169.615    0.4    0.2   -0.0
   -20.643   169.615    0.4    0.2   -0.0
   -20.625   169.615    0.4    0.2   -0.0
   -20.607   169.615    0.4    0.2   -0.0
   -20.589   169.615    0.4    0.2   -0.0
   -20.571   169.615    0.4    0.2   -0.0
   -20.553   169.615    0.4    0.2   -0.0
   -20.535   169.615    0.4    0.2   -0.0
   -20.517   169.615    0.4    0.2   -0.0
   -20.499   169.615    0.3    0.2   -0.0
   -20.481   169.615    0.3    0.2   -0.0
   -20.463   169.615    0.3    0.2   -0.0
   -20.445   169.615    0.3    0.2   -0.0
   -20.427   169.615    0.3    0.2   -0.0
   -20.409   169.615    0.3    0.2   -0.0
   -20.391   169.615    0.3    0.2   -0.0
   -20.373   169.615    0.3    0.2   -0.0
   -20.355   169.615    0.3    0.2   -0.0
   -20.338   169.615    0.3    0.2   -0.0
   -20.320   169.615    0.3    0.2   -0.0
   -20.302   169.615    0.3    0.2   -0.0
   -20.284   169.615    0.2    0.2   -0.0
   -20.266   169.615    0.2    0.2   -0.0
   -20.248   169.615    0.2    0.2   -0.0
   -20.230   169.615    0.2    0.2   -0.0
   -20.212   169.615    0.2    0.2   -0.0
   -20.194   169.615    0.2    0.2   -0.0
   -20.176   169.615    0.2    0.2   -0.0
   -20.158   169.615    0.2    0.2   -0.0
   -20.140   169.615    0.2    0.1   -0.0
   -21.935   169.635    0.1   -0.0    0.0
   -21.917   169.635    0.2   -0.0    0.0
   -21.899   169.635    0.2   -0.0    0.0
   -21.881   169.635    0.2   -0.0    0.0
   -21.863   169.635    0.2   -0.0    0.0
   -21.845   169.635    0.2   -0.0    0.0
   -21.827   169.635    0.2   -0.0    0.0
   -21.809   169.635    0.2   -0.0    0.0
   -21.791   169.635    0.2   -0.0    0.0
   -21.773   169.635    0.2   -0.0    0.0
   -21.755   169.635    0.2   -0.0    0.0
   -21.737   169.635    0.3   -0.0    0.0
   -21.719   169.635    0.3   -0.0    0.0
   -21.701   169.635    0.3   -0.0    0.0
   -21.683   169.635    0.3   -0.0    0.0
   -21.665   169.635    0.3   -0.0    0.0
   -21.647   169.635    0.3   -0.0    0.0
   -21.630   169.635    0.3   -0.0    0.0
   -21.612   169.635    0.4   -0.0    0.0
   -21.594   169.635    0.4   -0.0    0.0
   -21.576   169.635    0.4   -0.0    0.0
   -21.558   169.635    0.4   -0.0    0.0
   -21.540   169.635    0.4   -0.0    0.0
   -21.522   169.635    0.4   -0.0    0.0
   -21.504   169.635    0.4   -0.0    0.0
   -21.486   169.635    0.4    0.0    0.0
   -21.468   169.635    0.5    0.0    0.0
   -21.450   169.635    0.5    0.0    0.0
   -21.432   169.635    0.5    0.0    0.0
   -21.414   169.635    0.5    0.0    0.0
   -21.396   169.635    0.5    0.0   -0.0
   -21.378   169.635    0.5    0.0   -0.0
   -21.360   169.635    0.5    0.0   -0.0
   -21.342   169.635    0.5    0.0   -0.0
   -21.324   169.635    0.5    0.1   -0.0
   -21.307   169.635    0.6    0.1   -0.0
   -21.289   169.635    0.6    0.1   -0.0
   -21.271   169.635    0.6    0.1   -0.0
   -21.253   169.635    0.6    0.1   -0.0
   -21.235   169.635    0.6    0.1   -0.0
   -21.217   169.635    0.6    0.1   -0.0
   -21.199   169.635    0.6    0.1   -0.0
   -21.181   169.635    0.6    0.1   -0.0
   -21.163   169.635    0.6    0.1   -0.0
   -21.145   169.635    0.6    0.1   -0.0
   -21.127   169.635    0.6    0.1   -0.0
   -21.109   169.635    0.6    0.1   -0.0
   -21.091   169.635    0.6    0.1   -0.0
   -21.073   169.635    0.6    0.1   -0.0
   -21.055   169.635    0.6    0.2   -0.0
   -21.037   169.635    0.6    0.2   -0.0
   -21.019   169.635    0.6    0.2   -0.0
   -21.001   169.635    0.6    0.2   -0.0
   -20.984   169.635    0.6    0.2   -0.0
   -20.966   169.635    0.6    0.2   -0.0
   -20.948   169.635    0.6    0.2   -0.0
   -20.930   169.635    0.6    0.2   -0.0
   -20.912   169.635    0.6    0.2   -0.0
   -20.894   169.635    0.6    0.2   -0.0
   -20.876   169.635    0.5    0.2   -0.0
   -20.858   169.635    0.5    0.2   -0.0
   -20.840   169.635    0.5    0.2   -0.0
   -20.822   169.635    0.5    0.2   -0.0
   -20.804   169.635    0.5    0.2   -0.0
   -20.786   169.635    0.5    0.2   -0.0
   -20.768   169.635    0.5    0.2   -0.0
   -20.750   169.635    0.5    0.2   -0.0
   -20.732   169.635    0.5    0.2   -0.0
   -20.714   169.635    0.5    0.2   -0.0
   -20.696   169.635    0.5    0.2   -0.0
   -20.678   169.635    0.4    0.2   -0.0
   -20.661   169.635    0.4    0.2   -0.0
   -20.643   169.635    0.4    0.2   -0.0
   -20.625   169.635    0.4    0.2   -0.0
   -20.607   169.635    0.4    0.2   -0.0
   -20.589   169.635    0.4    0.2   -0.0
   -20.571   169.635    0.4    0.2   -0.0
   -20.553   169.635    0.4    0.2   -0.0
   -20.535   169.635    0.4    0.2   -0.0
   -20.517   169.635    0.4    0.2   -0.0
   -20.499   169.635    0.3    0.2   -0.0
   -20.481   169.635    0.3    0.2   -0.0
   -20.463   169.635    0.3    0.2   -0.0
   -20.445   169.635    0.3    0.2   -0.0
   -20.427   169.635    0.3    0.2   -0.0
   -20.409   169.635    0.3    0.2   -0.0
   -20.391   169.635    0.3    0.2   -0.0
   -20.373   169.635    0.3    0.2   -0.0
   -20.355   169.635    0.3    0.2   -0.0
   -20.338   169.635    0.3    0.2   -0.0
   -20.320   169.635    0.3    0.2   -0.0
   -20.302   169.635    0.2    0.2   -0.0
   -20.284   169.635    0.2    0.2   -0.0
   -20.266   169.635    0.2    0.2   -0.0
   -20.248   169.635    0.2    0.2   -0.0
   -20.230   169.635    0.2    0.2   -0.0
   -20.212   169.635    0.2    0.2   -0.0
   -20.194   169.635    0.2    0.2   -0.0
   -20.176   169.635    0.2    0.2   -0.0
   -20.158   169.635    0.2    0.1   -0.0
   -20.140   169.635    0.2    0.1   -0.0
   -21.935   169.654    0.1   -0.0    0.0
   -21.917   169.654    0.2   -0.0    0.0
   -21.899   169.654    0.2   -0.0    0.0
   -21.881   169.654    0.2   -0.0    0.0
   -21.863   169.654    0.2   -0.0    0.0
   -21.845   169.654    0.2   -0.0    0.0
   -21.827   169.654    0.2   -0.0    0.0
   -21.809   169.654    0.2   -0.0    0.0
   -21.791   169.654    0.2   -0.0    0.0
   -21.773   169.654    0.2   -0.0    0.0
   -21.755   169.654    0.2   -0.0    0.0
   -21.737   169.654    0.3   -0.0    0.0
   -21.719   169.654    0.3   -0.0    0.0
   -21.701   169.654    0.3   -0.0    0.0
   -21.683   169.654    0.3   -0.0    0.0
   -21.665   169.654    0.3   -0.0    0.0
   -21.647   169.654    0.3   -0.0    0.0
   -21.630   169.654    0.3   -0.0    0.0
   -21.612   169.654    0.3   -0.0    0.0
   -21.594   169.654    0.4   -0.0    0.0
   -21.576   169.654    0.4   -0.0    0.0
   -21.558   169.654    0.4   -0.0    0.0
   -21.540   169.654    0.4   -0.0    0.0
   -21.522   169.654    0.4   -0.0    0.0
   -21.504   169.654    0.4   -0.0    0.0
   -21.486   169.654    0.4    0.0    0.0
   -21.468   169.654    0.4    0.0    0.0
   -21.450   169.654    0.5    0.0    0.0
   -21.432   169.654    0.5    0.0    0.0
   -21.414   169.654    0.5    0.0   -0.0
   -21.396   169.654    0.5    0.0   -0.0
   -21.378   169.654    0.5    0.0   -0.0
   -21.360   169.654    0.5    0.0   -0.0
   -21.342   169.654    0.5    0.0   -0.0
   -21.324   169.654    0.5    0.0   -0.0
   -21.307   169.654    0.5    0.1   -0.0
   -21.289   169.654    0.5    0.1   -0.0
   -21.271   169.654    0.6    0.1   -0.0
   -21.253   169.654    0.6    0.1   -0.0
   -21.235   169.654    0.6    0.1   -0.0
   -21.217   169.654    0.6    0.1   -0.0
   -21.199   169.654    0.6    0.1   -0.0
   -21.181   169.654    0.6    0.1   -0.0
   -21.163   169.654    0.6    0.1   -0.0
   -21.145   169.654    0.6    0.1   -0.0
   -21.127   169.654    0.6    0.1   -0.0
   -21.109   169.654    0.6    0.1   -0.0
   -21.091   169.654    0.6    0.1   -0.0
   -21.073   169.654    0.6    0.1   -0.0
   -21.055   169.654    0.6    0.1   -0.0
   -21.037   169.654    0.6    0.2   -0.0
   -21.019   169.654    0.6    0.2   -0.0
   -21.001   169.654    0.6    0.2   -0.0
   -20.984   169.654    0.6    0.2   -0.0
   -20.966   169.654    0.6    0.2   -0.0
   -20.948   169.654    0.6    0.2   -0.0
   -20.930   169.654    0.6    0.2   -0.0
   -20.912   169.654    0.5    0.2   -0.0
   -20.894   169.654    0.5    0.2   -0.0
   -20.876   169.654    0.5    0.2   -0.0
   -20.858   169.654    0.5    0.2   -0.0
   -20.840   169.654    0.5    0.2   -0.0
   -20.822   169.654    0.5    0.2   -0.0
   -20.804   169.654    0.5    0.2   -0.0
   -20.786   169.654    0.5    0.2   -0.0
   -20.768   169.654    0.5    0.2   -0.0
   -20.750   169.654    0.5    0.2   -0.0
   -20.732   169.654    0.5    0.2   -0.0
   -20.714   169.654    0.5    0.2   -0.0
   -20.696   169.654    0.4    0.2   -0.0
   -20.678   169.654    0.4    0.2   -0.0
   -20.661   169.654    0.4    0.2   -0.0
   -20.643   169.654    0.4    0.2   -0.0
   -20.625   169.654    0.4    0.2   -0.0
   -20.607   169.654    0.4    0.2   -0.0
   -20.589   169.654    0.4    0.2   -0.0
   -20.571   169.654    0.4    0.2   -0.0
   -20.553   169.654    0.4    0.2   -0.0
   -20.535   169.654    0.4    0.2   -0.0
   -20.517   169.654    0.3    0.2   -0.0
   -20.499   169.654    0.3    0.2   -0.0
   -20.481   169.654    0.3    0.2   -0.0
   -20.463   169.654    0.3    0.2   -0.0
   -20.445   169.654    0.3    0.2   -0.0
   -20.427   169.654    0.3    0.2   -0.0
   -20.409   169.654    0.3    0.2   -0.0
   -20.391   169.654    0.3    0.2   -0.0
   -20.373   169.654    0.3    0.2   -0.0
   -20.355   169.654    0.3    0.2   -0.0
   -20.338   169.654    0.3    0.2   -0.0
   -20.320   169.654    0.3    0.2   -0.0
   -20.302   169.654    0.2    0.2   -0.0
   -20.284   169.654    0.2    0.2   -0.0
   -20.266   169.654    0.2    0.2   -0.0
   -20.248   169.654    0.2    0.2   -0.0
   -20.230   169.654    0.2    0.2   -0.0
   -20.212   169.654    0.2    0.2   -0.0
   -20.194   169.654    0.2    0.2   -0.0
   -20.176   169.654    0.2    0.1   -0.0
   -20.158   169.654    0.2    0.1   -0.0
   -20.140   169.654    0.2    0.1   -0.0
   -21.935   169.673    0.1   -0.0    0.0
   -21.917   169.673    0.2   -0.0    0.0
   -21.899   169.673    0.2   -0.0    0.0
   -21.881   169.673    0.2   -0.0    0.0
   -21.863   169.673    0.2   -0.0    0.0
   -21.845   169.673    0.2   -0.0    0.0
   -21.827   169.673    0.2   -0.0    0.0
   -21.809   169.673    0.2   -0.0    0.0
   -21.791   169.673    0.2   -0.0    0.0
   -21.773   169.673    0.2   -0.0    0.0
   -21.755   169.673    0.2   -0.0    0.0
   -21.737   169.673    0.3   -0.0    0.0
   -21.719   169.673    0.3   -0.0    0.0
   -21.701   169.673    0.3   -0.0    0.0
   -21.683   169.673    0.3   -0.0    0.0
   -21.665   169.673    0.3   -0.0    0.0
   -21.647   169.673    0.3   -0.0    0.0
   -21.630   169.673    0.3   -0.0    0.0
   -21.612   169.673    0.3   -0.0    0.0
   -21.594   169.673    0.3   -0.0    0.0
   -21.576   169.673    0.4   -0.0    0.0
   -21.558   169.673    0.4   -0.0    0.0
   -21.540   169.673    0.4   -0.0    0.0
   -21.522   169.673    0.4   -0.0    0.0
   -21.504   169.673    0.4   -0.0    0.0
   -21.486   169.673    0.4    0.0    0.0
   -21.468   169.673    0.4    0.0    0.0
   -21.450   169.673    0.4    0.0    0.0
   -21.432   169.673    0.5    0.0   -0.0
   -21.414   169.673    0.5    0.0   -0.0
   -21.396   169.673    0.5    0.0   -0.0
   -21.378   169.673    0.5    0.0   -0.0
   -21.360   169.673    0.5    0.0   -0.0
   -21.342   169.673    0.5    0.0   -0.0
   -21.324   169.673    0.5    0.0   -0.0
   -21.307   169.673    0.5    0.1   -0.0
   -21.289   169.673    0.5    0.1   -0.0
   -21.271   169.673    0.5    0.1   -0.0
   -21.253   169.673    0.5    0.1   -0.0
   -21.235   169.673    0.5    0.1   -0.0
   -21.217   169.673    0.5    0.1   -0.0
   -21.199   169.673    0.6    0.1   -0.0
   -21.181   169.673    0.6    0.1   -0.0
   -21.163   169.673    0.6    0.1   -0.0
   -21.145   169.673    0.6    0.1   -0.0
   -21.127   169.673    0.6    0.1   -0.0
   -21.109   169.673    0.6    0.1   -0.0
   -21.091   169.673    0.6    0.1   -0.0
   -21.073   169.673    0.6    0.1   -0.0
   -21.055   169.673    0.6    0.1   -0.0
   -21.037   169.673    0.6    0.1   -0.0
   -21.019   169.673    0.6    0.2   -0.0
   -21.001   169.673    0.6    0.2   -0.0
   -20.984   169.673    0.5    0.2   -0.0
   -20.966   169.673    0.5    0.2   -0.0
   -20.948   169.673    0.5    0.2   -0.0
   -20.930   169.673    0.5    0.2   -0.0
   -20.912   169.673    0.5    0.2   -0.0
   -20.894   169.673    0.5    0.2   -0.0
   -20.876   169.673    0.5    0.2   -0.0
   -20.858   169.673    0.5    0.2   -0.0
   -20.840   169.673    0.5    0.2   -0.0
   -20.822   169.673    0.5    0.2   -0.0
   -20.804   169.673    0.5    0.2   -0.0
   -20.786   169.673    0.5    0.2   -0.0
   -20.768   169.673    0.5    0.2   -0.0
   -20.750   169.673    0.5    0.2   -0.0
   -20.732   169.673    0.5    0.2   -0.0
   -20.714   169.673    0.4    0.2   -0.0
   -20.696   169.673    0.4    0.2   -0.0
   -20.678   169.673    0.4    0.2   -0.0
   -20.661   169.673    0.4    0.2   -0.0
   -20.643   169.673    0.4    0.2   -0.0
   -20.625   169.673    0.4    0.2   -0.0
   -20.607   169.673    0.4    0.2   -0.0
   -20.589   169.673    0.4    0.2   -0.0
   -20.571   169.673    0.4    0.2   -0.0
   -20.553   169.673    0.4    0.2   -0.0
   -20.535   169.673    0.3    0.2   -0.0
   -20.517   169.673    0.3    0.2   -0.0
   -20.499   169.673    0.3    0.2   -0.0
   -20.481   169.673    0.3    0.2   -0.0
   -20.463   169.673    0.3    0.2   -0.0
   -20.445   169.673    0.3    0.2   -0.0
   -20.427   169.673    0.3    0.2   -0.0
   -20.409   169.673    0.3    0.2   -0.0
   -20.391   169.673    0.3    0.2   -0.0
   -20.373   169.673    0.3    0.2   -0.0
   -20.355   169.673    0.3    0.2   -0.0
   -20.338   169.673    0.3    0.2   -0.0
   -20.320   169.673    0.3    0.2   -0.0
   -20.302   169.673    0.2    0.2   -0.0
   -20.284   169.673    0.2    0.2   -0.0
   -20.266   169.673    0.2    0.2   -0.0
   -20.248   169.673    0.2    0.2   -0.0
   -20.230   169.673    0.2    0.2   -0.0
   -20.212   169.673    0.2    0.2   -0.0
   -20.194   169.673    0.2    0.1   -0.0
   -20.176   169.673    0.2    0.1   -0.0
   -20.158   169.673    0.2    0.1   -0.0
   -20.140   169.673    0.2    0.1   -0.0
   -21.935   169.692    0.1   -0.0    0.0
   -21.917   169.692    0.2   -0.0    0.0
   -21.899   169.692    0.2   -0.0    0.0
   -21.881   169.692    0.2   -0.0    0.0
   -21.863   169.692    0.2   -0.0    0.0
   -21.845   169.692    0.2   -0.0    0.0
   -21.827   169.692    0.2   -0.0    0.0
   -21.809   169.692    0.2   -0.0    0.0
   -21.791   169.692    0.2   -0.0    0.0
   -21.773   169.692    0.2   -0.0    0.0
   -21.755   169.692    0.2   -0.0    0.0
   -21.737   169.692    0.2   -0.0    0.0
   -21.719   169.692    0.3   -0.0    0.0
   -21.701   169.692    0.3   -0.0    0.0
   -21.683   169.692    0.3   -0.0    0.0
   -21.665   169.692    0.3   -0.0    0.0
   -21.647   169.692    0.3   -0.0    0.0
   -21.630   169.692    0.3   -0.0    0.0
   -21.612   169.692    0.3   -0.0    0.0
   -21.594   169.692    0.3   -0.0    0.0
   -21.576   169.692    0.4   -0.0    0.0
   -21.558   169.692    0.4   -0.0    0.0
   -21.540   169.692    0.4   -0.0    0.0
   -21.522   169.692    0.4   -0.0    0.0
   -21.504   169.692    0.4   -0.0    0.0
   -21.486   169.692    0.4    0.0    0.0
   -21.468   169.692    0.4    0.0    0.0
   -21.450   169.692    0.4    0.0   -0.0
   -21.432   169.692    0.4    0.0   -0.0
   -21.414   169.692    0.5    0.0   -0.0
   -21.396   169.692    0.5    0.0   -0.0
   -21.378   169.692    0.5    0.0   -0.0
   -21.360   169.692    0.5    0.0   -0.0
   -21.342   169.692    0.5    0.0   -0.0
   -21.324   169.692    0.5    0.0   -0.0
   -21.307   169.692    0.5    0.1   -0.0
   -21.289   169.692    0.5    0.1   -0.0
   -21.271   169.692    0.5    0.1   -0.0
   -21.253   169.692    0.5    0.1   -0.0
   -21.235   169.692    0.5    0.1   -0.0
   -21.217   169.692    0.5    0.1   -0.0
   -21.199   169.692    0.5    0.1   -0.0
   -21.181   169.692    0.5    0.1   -0.0
   -21.163   169.692    0.5    0.1   -0.0
   -21.145   169.692    0.5    0.1   -0.0
   -21.127   169.692    0.5    0.1   -0.0
   -21.109   169.692    0.5    0.1   -0.0
   -21.091   169.692    0.5    0.1   -0.0
   -21.073   169.692    0.5    0.1   -0.0
   -21.055   169.692    0.5    0.1   -0.0
   -21.037   169.692    0.5    0.1   -0.0
   -21.019   169.692    0.5    0.1   -0.0
   -21.001   169.692    0.5    0.1   -0.0
   -20.984   169.692    0.5    0.2   -0.0
   -20.966   169.692    0.5    0.2   -0.0
   -20.948   169.692    0.5    0.2   -0.0
   -20.930   169.692    0.5    0.2   -0.0
   -20.912   169.692    0.5    0.2   -0.0
   -20.894   169.692    0.5    0.2   -0.0
   -20.876   169.692    0.5    0.2   -0.0
   -20.858   169.692    0.5    0.2   -0.0
   -20.840   169.692    0.5    0.2   -0.0
   -20.822   169.692    0.5    0.2   -0.0
   -20.804   169.692    0.5    0.2   -0.0
   -20.786   169.692    0.5    0.2   -0.0
   -20.768   169.692    0.5    0.2   -0.0
   -20.750   169.692    0.4    0.2   -0.0
   -20.732   169.692    0.4    0.2   -0.0
   -20.714   169.692    0.4    0.2   -0.0
   -20.696   169.692    0.4    0.2   -0.0
   -20.678   169.692    0.4    0.2   -0.0
   -20.661   169.692    0.4    0.2   -0.0
   -20.643   169.692    0.4    0.2   -0.0
   -20.625   169.692    0.4    0.2   -0.0
   -20.607   169.692    0.4    0.2   -0.0
   -20.589   169.692    0.4    0.2   -0.0
   -20.571   169.692    0.4    0.2   -0.0
   -20.553   169.692    0.4    0.2   -0.0
   -20.535   169.692    0.3    0.2   -0.0
   -20.517   169.692    0.3    0.2   -0.0
   -20.499   169.692    0.3    0.2   -0.0
   -20.481   169.692    0.3    0.2   -0.0
   -20.463   169.692    0.3    0.2   -0.0
   -20.445   169.692    0.3    0.2   -0.0
   -20.427   169.692    0.3    0.2   -0.0
   -20.409   169.692    0.3    0.2   -0.0
   -20.391   169.692    0.3    0.2   -0.0
   -20.373   169.692    0.3    0.2   -0.0
   -20.355   169.692    0.3    0.2   -0.0
   -20.338   169.692    0.3    0.2   -0.0
   -20.320   169.692    0.2    0.2   -0.0
   -20.302   169.692    0.2    0.2   -0.0
   -20.284   169.692    0.2    0.2   -0.0
   -20.266   169.692    0.2    0.2   -0.0
   -20.248   169.692    0.2    0.2   -0.0
   -20.230   169.692    0.2    0.2   -0.0
   -20.212   169.692    0.2    0.1   -0.0
   -20.194   169.692    0.2    0.1   -0.0
   -20.176   169.692    0.2    0.1   -0.0
   -20.158   169.692    0.2    0.1   -0.0
   -20.140   169.692    0.2    0.1   -0.0
   -21.935   169.712    0.1   -0.0    0.0
   -21.917   169.712    0.2   -0.0    0.0
   -21.899   169.712    0.2   -0.0    0.0
   -21.881   169.712    0.2   -0.0    0.0
   -21.863   169.712    0.2   -0.0    0.0
   -21.845   169.712    0.2   -0.0    0.0
   -21.827   169.712    0.2   -0.0    0.0
   -21.809   169.712    0.2   -0.0    0.0
   -21.791   169.712    0.2   -0.0    0.0
   -21.773   169.712    0.2   -0.0    0.0
   -21.755   169.712    0.2   -0.0    0.0
   -21.737   169.712    0.2   -0.0    0.0
   -21.719   169.712    0.3   -0.0    0.0
   -21.701   169.712    0.3   -0.0    0.0
   -21.683   169.712    0.3   -0.0    0.0
   -21.665   169.712    0.3   -0.0    0.0
   -21.647   169.712    0.3   -0.0    0.0
   -21.630   169.712    0.3   -0.0    0.0
   -21.612   169.712    0.3   -0.0    0.0
   -21.594   169.712    0.3   -0.0    0.0
   -21.576   169.712    0.3   -0.0    0.0
   -21.558   169.712    0.4   -0.0    0.0
   -21.540   169.712    0.4   -0.0    0.0
   -21.522   169.712    0.4   -0.0    0.0
   -21.504   169.712    0.4   -0.0    0.0
   -21.486   169.712    0.4    0.0    0.0
   -21.468   169.712    0.4    0.0    0.0
   -21.450   169.712    0.4    0.0   -0.0
   -21.432   169.712    0.4    0.0   -0.0
   -21.414   169.712    0.4    0.0   -0.0
   -21.396   169.712    0.4    0.0   -0.0
   -21.378   169.712    0.5    0.0   -0.0
   -21.360   169.712    0.5    0.0   -0.0
   -21.342   169.712    0.5    0.0   -0.0
   -21.324   169.712    0.5    0.0   -0.0
   -21.307   169.712    0.5    0.0   -0.0
   -21.289   169.712    0.5    0.1   -0.0
   -21.271   169.712    0.5    0.1   -0.0
   -21.253   169.712    0.5    0.1   -0.0
   -21.235   169.712    0.5    0.1   -0.0
   -21.217   169.712    0.5    0.1   -0.0
   -21.199   169.712    0.5    0.1   -0.0
   -21.181   169.712    0.5    0.1   -0.0
   -21.163   169.712    0.5    0.1   -0.0
   -21.145   169.712    0.5    0.1   -0.0
   -21.127   169.712    0.5    0.1   -0.0
   -21.109   169.712    0.5    0.1   -0.0
   -21.091   169.712    0.5    0.1   -0.0
   -21.073   169.712    0.5    0.1   -0.0
   -21.055   169.712    0.5    0.1   -0.0
   -21.037   169.712    0.5    0.1   -0.0
   -21.019   169.712    0.5    0.1   -0.0
   -21.001   169.712    0.5    0.1   -0.0
   -20.984   169.712    0.5    0.1   -0.0
   -20.966   169.712    0.5    0.2   -0.0
   -20.948   169.712    0.5    0.2   -0.0
   -20.930   169.712    0.5    0.2   -0.0
   -20.912   169.712    0.5    0.2   -0.0
   -20.894   169.712    0.5    0.2   -0.0
   -20.876   169.712    0.5    0.2   -0.0
   -20.858   169.712    0.5    0.2   -0.0
   -20.840   169.712    0.5    0.2   -0.0
   -20.822   169.712    0.5    0.2   -0.0
   -20.804   169.712    0.5    0.2   -0.0
   -20.786   169.712    0.5    0.2   -0.0
   -20.768   169.712    0.4    0.2   -0.0
   -20.750   169.712    0.4    0.2   -0.0
   -20.732   169.712    0.4    0.2   -0.0
   -20.714   169.712    0.4    0.2   -0.0
   -20.696   169.712    0.4    0.2   -0.0
   -20.678   169.712    0.4    0.2   -0.0
   -20.661   169.712    0.4    0.2   -0.0
   -20.643   169.712    0.4    0.2   -0.0
   -20.625   169.712    0.4    0.2   -0.0
   -20.607   169.712    0.4    0.2   -0.0
   -20.589   169.712    0.4    0.2   -0.0
   -20.571   169.712    0.4    0.2   -0.0
   -20.553   169.712    0.3    0.2   -0.0
   -20.535   169.712    0.3    0.2   -0.0
   -20.517   169.712    0.3    0.2   -0.0
   -20.499   169.712    0.3    0.2   -0.0
   -20.481   169.712    0.3    0.2   -0.0
   -20.463   169.712    0.3    0.2   -0.0
   -20.445   169.712    0.3    0.2   -0.0
   -20.427   169.712    0.3    0.2   -0.0
   -20.409   169.712    0.3    0.2   -0.0
   -20.391   169.712    0.3    0.2   -0.0
   -20.373   169.712    0.3    0.2   -0.0
   -20.355   169.712    0.3    0.2   -0.0
   -20.338   169.712    0.3    0.2   -0.0
   -20.320   169.712    0.2    0.2   -0.0
   -20.302   169.712    0.2    0.2   -0.0
   -20.284   169.712    0.2    0.2   -0.0
   -20.266   169.712    0.2    0.2   -0.0
   -20.248   169.712    0.2    0.2   -0.0
   -20.230   169.712    0.2    0.1   -0.0
   -20.212   169.712    0.2    0.1   -0.0
   -20.194   169.712    0.2    0.1   -0.0
   -20.176   169.712    0.2    0.1   -0.0
   -20.158   169.712    0.2    0.1   -0.0
   -20.140   169.712    0.2    0.1   -0.0
   -21.935   169.731    0.1   -0.0    0.0
   -21.917   169.731    0.2   -0.0    0.0
   -21.899   169.731    0.2   -0.0    0.0
   -21.881   169.731    0.2   -0.0    0.0
   -21.863   169.731    0.2   -0.0    0.0
   -21.845   169.731    0.2   -0.0    0.0
   -21.827   169.731    0.2   -0.0    0.0
   -21.809   169.731    0.2   -0.0    0.0
   -21.791   169.731    0.2   -0.0    0.0
   -21.773   169.731    0.2   -0.0    0.0
   -21.755   169.731    0.2   -0.0    0.0
   -21.737   169.731    0.2   -0.0    0.0
   -21.719   169.731    0.2   -0.0    0.0
   -21.701   169.731    0.3   -0.0    0.0
   -21.683   169.731    0.3   -0.0    0.0
   -21.665   169.731    0.3   -0.0    0.0
   -21.647   169.731    0.3   -0.0    0.0
   -21.630   169.731    0.3   -0.0    0.0
   -21.612   169.731    0.3   -0.0    0.0
   -21.594   169.731    0.3   -0.0    0.0
   -21.576   169.731    0.3   -0.0    0.0
   -21.558   169.731    0.3   -0.0    0.0
   -21.540   169.731    0.4   -0.0    0.0
   -21.522   169.731    0.4   -0.0    0.0
   -21.504   169.731    0.4   -0.0    0.0
   -21.486   169.731    0.4    0.0    0.0
   -21.468   169.731    0.4    0.0   -0.0
   -21.450   169.731    0.4    0.0   -0.0
   -21.432   169.731    0.4    0.0   -0.0
   -21.414   169.731    0.4    0.0   -0.0
   -21.396   169.731    0.4    0.0   -0.0
   -21.378   169.731    0.4    0.0   -0.0
   -21.360   169.731    0.4    0.0   -0.0
   -21.342   169.731    0.5    0.0   -0.0
   -21.324   169.731    0.5    0.0   -0.0
   -21.307   169.731    0.5    0.0   -0.0
   -21.289   169.731    0.5    0.1   -0.0
   -21.271   169.731    0.5    0.1   -0.0
   -21.253   169.731    0.5    0.1   -0.0
   -21.235   169.731    0.5    0.1   -0.0
   -21.217   169.731    0.5    0.1   -0.0
   -21.199   169.731    0.5    0.1   -0.0
   -21.181   169.731    0.5    0.1   -0.0
   -21.163   169.731    0.5    0.1   -0.0
   -21.145   169.731    0.5    0.1   -0.0
   -21.127   169.731    0.5    0.1   -0.0
   -21.109   169.731    0.5    0.1   -0.0
   -21.091   169.731    0.5    0.1   -0.0
   -21.073   169.731    0.5    0.1   -0.0
   -21.055   169.731    0.5    0.1   -0.0
   -21.037   169.731    0.5    0.1   -0.0
   -21.019   169.731    0.5    0.1   -0.0
   -21.001   169.731    0.5    0.1   -0.0
   -20.984   169.731    0.5    0.1   -0.0
   -20.966   169.731    0.5    0.1   -0.0
   -20.948   169.731    0.5    0.1   -0.0
   -20.930   169.731    0.5    0.2   -0.0
   -20.912   169.731    0.5    0.2   -0.0
   -20.894   169.731    0.5    0.2   -0.0
   -20.876   169.731    0.5    0.2   -0.0
   -20.858   169.731    0.5    0.2   -0.0
   -20.840   169.731    0.5    0.2   -0.0
   -20.822   169.731    0.5    0.2   -0.0
   -20.804   169.731    0.4    0.2   -0.0
   -20.786   169.731    0.4    0.2   -0.0
   -20.768   169.731    0.4    0.2   -0.0
   -20.750   169.731    0.4    0.2   -0.0
   -20.732   169.731    0.4    0.2   -0.0
   -20.714   169.731    0.4    0.2   -0.0
   -20.696   169.731    0.4    0.2   -0.0
   -20.678   169.731    0.4    0.2   -0.0
   -20.661   169.731    0.4    0.2   -0.0
   -20.643   169.731    0.4    0.2   -0.0
   -20.625   169.731    0.4    0.2   -0.0
   -20.607   169.731    0.4    0.2   -0.0
   -20.589   169.731    0.4    0.2   -0.0
   -20.571   169.731    0.3    0.2   -0.0
   -20.553   169.731    0.3    0.2   -0.0
   -20.535   169.731    0.3    0.2   -0.0
   -20.517   169.731    0.3    0.2   -0.0
   -20.499   169.731    0.3    0.2   -0.0
   -20.481   169.731    0.3    0.2   -0.0
   -20.463   169.731    0.3    0.2   -0.0
   -20.445   169.731    0.3    0.2   -0.0
   -20.427   169.731    0.3    0.2   -0.0
   -20.409   169.731    0.3    0.2   -0.0
   -20.391   169.731    0.3    0.2   -0.0
   -20.373   169.731    0.3    0.2   -0.0
   -20.355   169.731    0.3    0.2   -0.0
   -20.338   169.731    0.2    0.2   -0.0
   -20.320   169.731    0.2    0.2   -0.0
   -20.302   169.731    0.2    0.2   -0.0
   -20.284   169.731    0.2    0.2   -0.0
   -20.266   169.731    0.2    0.1   -0.0
   -20.248   169.731    0.2    0.1   -0.0
   -20.230   169.731    0.2    0.1   -0.0
   -20.212   169.731    0.2    0.1   -0.0
   -20.194   169.731    0.2    0.1   -0.0
   -20.176   169.731    0.2    0.1   -0.0
   -20.158   169.731    0.2    0.1   -0.0
   -20.140   169.731    0.2    0.1   -0.0
   -21.935   169.750    0.1   -0.0    0.0
   -21.917   169.750    0.2   -0.0    0.0
   -21.899   169.750    0.2   -0.0    0.0
   -21.881   169.750    0.2   -0.0    0.0
   -21.863   169.750    0.2   -0.0    0.0
   -21.845   169.750    0.2   -0.0    0.0
   -21.827   169.750    0.2   -0.0    0.0
   -21.809   169.750    0.2   -0.0    0.0
   -21.791   169.750    0.2   -0.0    0.0
   -21.773   169.750    0.2   -0.0    0.0
   -21.755   169.750    0.2   -0.0    0.0
   -21.737   169.750    0.2   -0.0    0.0
   -21.719   169.750    0.2   -0.0    0.0
   -21.701   169.750    0.3   -0.0    0.0
   -21.683   169.750    0.3   -0.0    0.0
   -21.665   169.750    0.3   -0.0    0.0
   -21.647   169.750    0.3   -0.0    0.0
   -21.630   169.750    0.3   -0.0    0.0
   -21.612   169.750    0.3   -0.0    0.0
   -21.594   169.750    0.3   -0.0    0.0
   -21.576   169.750    0.3   -0.0    0.0
   -21.558   169.750    0.3   -0.0    0.0
   -21.540   169.750    0.3   -0.0    0.0
   -21.522   169.750    0.4   -0.0    0.0
   -21.504   169.750    0.4    0.0    0.0
   -21.486   169.750    0.4    0.0   -0.0
   -21.468   169.750    0.4    0.0   -0.0
   -21.450   169.750    0.4    0.0   -0.0
   -21.432   169.750    0.4    0.0   -0.0
   -21.414   169.750    0.4    0.0   -0.0
   -21.396   169.750    0.4    0.0   -0.0
   -21.378   169.750    0.4    0.0   -0.0
   -21.360   169.750    0.4    0.0   -0.0
   -21.342   169.750    0.4    0.0   -0.0
   -21.324   169.750    0.4    0.0   -0.0
   -21.307   169.750    0.5    0.0   -0.0
   -21.289   169.750    0.5    0.1   -0.0
   -21.271   169.750    0.5    0.1   -0.0
   -21.253   169.750    0.5    0.1   -0.0
   -21.235   169.750    0.5    0.1   -0.0
   -21.217   169.750    0.5    0.1   -0.0
   -21.199   169.750    0.5    0.1   -0.0
   -21.181   169.750    0.5    0.1   -0.0
   -21.163   169.750    0.5    0.1   -0.0
   -21.145   169.750    0.5    0.1   -0.0
   -21.127   169.750    0.5    0.1   -0.0
   -21.109   169.750    0.5    0.1   -0.0
   -21.091   169.750    0.5    0.1   -0.0
   -21.073   169.750    0.5    0.1   -0.0
   -21.055   169.750    0.5    0.1   -0.0
   -21.037   169.750    0.5    0.1   -0.0
   -21.019   169.750    0.5    0.1   -0.0
   -21.001   169.750    0.5    0.1   -0.0
   -20.984   169.750    0.5    0.1   -0.0
   -20.966   169.750    0.5    0.1   -0.0
   -20.948   169.750    0.5    0.1   -0.0
   -20.930   169.750    0.5    0.1   -0.0
   -20.912   169.750    0.5    0.2   -0.0
   -20.894   169.750    0.5    0.2   -0.0
   -20.876   169.750    0.5    0.2   -0.0
   -20.858   169.750    0.5    0.2   -0.0
   -20.840   169.750    0.4    0.2   -0.0
   -20.822   169.750    0.4    0.2   -0.0
   -20.804   169.750    0.4    0.2   -0.0
   -20.786   169.750    0.4    0.2   -0.0
   -20.768   169.750    0.4    0.2   -0.0
   -20.750   169.750    0.4    0.2   -0.0
   -20.732   169.750    0.4    0.2   -0.0
   -20.714   169.750    0.4    0.2   -0.0
   -20.696   169.750    0.4    0.2   -0.0
   -20.678   169.750    0.4    0.2   -0.0
   -20.661   169.750    0.4    0.2   -0.0
   -20.643   169.750    0.4    0.2   -0.0
   -20.625   169.750    0.4    0.2   -0.0
   -20.607   169.750    0.4    0.2   -0.0
   -20.589   169.750    0.3    0.2   -0.0
   -20.571   169.750    0.3    0.2   -0.0
   -20.553   169.750    0.3    0.2   -0.0
   -20.535   169.750    0.3    0.2   -0.0
   -20.517   169.750    0.3    0.2   -0.0
   -20.499   169.750    0.3    0.2   -0.0
   -20.481   169.750    0.3    0.2   -0.0
   -20.463   169.750    0.3    0.2   -0.0
   -20.445   169.750    0.3    0.2   -0.0
   -20.427   169.750    0.3    0.2   -0.0
   -20.409   169.750    0.3    0.2   -0.0
   -20.391   169.750    0.3    0.2   -0.0
   -20.373   169.750    0.3    0.2   -0.0
   -20.355   169.750    0.3    0.2   -0.0
   -20.338   169.750    0.2    0.2   -0.0
   -20.320   169.750    0.2    0.2   -0.0
   -20.302   169.750    0.2    0.2   -0.0
   -20.284   169.750    0.2    0.1   -0.0
   -20.266   169.750    0.2    0.1   -0.0
   -20.248   169.750    0.2    0.1   -0.0
   -20.230   169.750    0.2    0.1   -0.0
   -20.212   169.750    0.2    0.1   -0.0
   -20.194   169.750    0.2    0.1   -0.0
   -20.176   169.750    0.2    0.1   -0.0
   -20.158   169.750    0.2    0.1   -0.0
   -20.140   169.750    0.2    0.1   -0.0
   -21.935   169.769    0.1   -0.0    0.0
   -21.917   169.769    0.2   -0.0    0.0
   -21.899   169.769    0.2   -0.0    0.0
   -21.881   169.769    0.2   -0.0    0.0
   -21.863   169.769    0.2   -0.0    0.0
   -21.845   169.769    0.2   -0.0    0.0
   -21.827   169.769    0.2   -0.0    0.0
   -21.809   169.769    0.2   -0.0    0.0
   -21.791   169.769    0.2   -0.0    0.0
   -21.773   169.769    0.2   -0.0    0.0
   -21.755   169.769    0.2   -0.0    0.0
   -21.737   169.769    0.2   -0.0    0.0
   -21.719   169.769    0.2   -0.0    0.0
   -21.701   169.769    0.2   -0.0    0.0
   -21.683   169.769    0.3   -0.0    0.0
   -21.665   169.769    0.3   -0.0    0.0
   -21.647   169.769    0.3   -0.0    0.0
   -21.630   169.769    0.3   -0.0    0.0
   -21.612   169.769    0.3   -0.0    0.0
   -21.594   169.769    0.3   -0.0    0.0
   -21.576   169.769    0.3   -0.0    0.0
   -21.558   169.769    0.3   -0.0    0.0
   -21.540   169.769    0.3   -0.0    0.0
   -21.522   169.769    0.3   -0.0    0.0
   -21.504   169.769    0.4    0.0   -0.0
   -21.486   169.769    0.4    0.0   -0.0
   -21.468   169.769    0.4    0.0   -0.0
   -21.450   169.769    0.4    0.0   -0.0
   -21.432   169.769    0.4    0.0   -0.0
   -21.414   169.769    0.4    0.0   -0.0
   -21.396   169.769    0.4    0.0   -0.0
   -21.378   169.769    0.4    0.0   -0.0
   -21.360   169.769    0.4    0.0   -0.0
   -21.342   169.769    0.4    0.0   -0.0
   -21.324   169.769    0.4    0.0   -0.0
   -21.307   169.769    0.4    0.0   -0.0
   -21.289   169.769    0.4    0.0   -0.0
   -21.271   169.769    0.4    0.1   -0.0
   -21.253   169.769    0.5    0.1   -0.0
   -21.235   169.769    0.5    0.1   -0.0
   -21.217   169.769    0.5    0.1   -0.0
   -21.199   169.769    0.5    0.1   -0.0
   -21.181   169.769    0.5    0.1   -0.0
   -21.163   169.769    0.5    0.1   -0.0
   -21.145   169.769    0.5    0.1   -0.0
   -21.127   169.769    0.5    0.1   -0.0
   -21.109   169.769    0.5    0.1   -0.0
   -21.091   169.769    0.5    0.1   -0.0
   -21.073   169.769    0.5    0.1   -0.0
   -21.055   169.769    0.5    0.1   -0.0
   -21.037   169.769    0.5    0.1   -0.0
   -21.019   169.769    0.5    0.1   -0.0
   -21.001   169.769    0.5    0.1   -0.0
   -20.984   169.769    0.5    0.1   -0.0
   -20.966   169.769    0.5    0.1   -0.0
   -20.948   169.769    0.5    0.1   -0.0
   -20.930   169.769    0.5    0.1   -0.0
   -20.912   169.769    0.5    0.1   -0.0
   -20.894   169.769    0.4    0.1   -0.0
   -20.876   169.769    0.4    0.2   -0.0
   -20.858   169.769    0.4    0.2   -0.0
   -20.840   169.769    0.4    0.2   -0.0
   -20.822   169.769    0.4    0.2   -0.0
   -20.804   169.769    0.4    0.2   -0.0
   -20.786   169.769    0.4    0.2   -0.0
   -20.768   169.769    0.4    0.2   -0.0
   -20.750   169.769    0.4    0.2   -0.0
   -20.732   169.769    0.4    0.2   -0.0
   -20.714   169.769    0.4    0.2   -0.0
   -20.696   169.769    0.4    0.2   -0.0
   -20.678   169.769    0.4    0.2   -0.0
   -20.661   169.769    0.4    0.2   -0.0
   -20.643   169.769    0.4    0.2   -0.0
   -20.625   169.769    0.4    0.2   -0.0
   -20.607   169.769    0.3    0.2   -0.0
   -20.589   169.769    0.3    0.2   -0.0
   -20.571   169.769    0.3    0.2   -0.0
   -20.553   169.769    0.3    0.2   -0.0
   -20.535   169.769    0.3    0.2   -0.0
   -20.517   169.769    0.3    0.2   -0.0
   -20.499   169.769    0.3    0.2   -0.0
   -20.481   169.769    0.3    0.2   -0.0
   -20.463   169.769    0.3    0.2   -0.0
   -20.445   169.769    0.3    0.2   -0.0
   -20.427   169.769    0.3    0.2   -0.0
   -20.409   169.769    0.3    0.2   -0.0
   -20.391   169.769    0.3    0.2   -0.0
   -20.373   169.769    0.3    0.2   -0.0
   -20.355   169.769    0.2    0.2   -0.0
   -20.338   169.769    0.2    0.2   -0.0
   -20.320   169.769    0.2    0.1   -0.0
   -20.302   169.769    0.2    0.1   -0.0
   -20.284   169.769    0.2    0.1   -0.0
   -20.266   169.769    0.2    0.1   -0.0
   -20.248   169.769    0.2    0.1   -0.0
   -20.230   169.769    0.2    0.1   -0.0
   -20.212   169.769    0.2    0.1   -0.0
   -20.194   169.769    0.2    0.1   -0.0
   -20.176   169.769    0.2    0.1   -0.0
   -20.158   169.769    0.2    0.1   -0.0
   -20.140   169.769    0.2    0.1   -0.0
   -21.935   169.789    0.1   -0.0    0.0
   -21.917   169.789    0.2   -0.0    0.0
   -21.899   169.789    0.2   -0.0    0.0
   -21.881   169.789    0.2   -0.0    0.0
   -21.863   169.789    0.2   -0.0    0.0
   -21.845   169.789    0.2   -0.0    0.0
   -21.827   169.789    0.2   -0.0    0.0
   -21.809   169.789    0.2   -0.0    0.0
   -21.791   169.789    0.2   -0.0    0.0
   -21.773   169.789    0.2   -0.0    0.0
   -21.755   169.789    0.2   -0.0    0.0
   -21.737   169.789    0.2   -0.0    0.0
   -21.719   169.789    0.2   -0.0    0.0
   -21.701   169.789    0.2   -0.0    0.0
   -21.683   169.789    0.3   -0.0    0.0
   -21.665   169.789    0.3   -0.0    0.0
   -21.647   169.789    0.3   -0.0    0.0
   -21.630   169.789    0.3   -0.0    0.0
   -21.612   169.789    0.3   -0.0    0.0
   -21.594   169.789    0.3   -0.0    0.0
   -21.576   169.789    0.3   -0.0    0.0
   -21.558   169.789    0.3   -0.0    0.0
   -21.540   169.789    0.3   -0.0    0.0
   -21.522   169.789    0.3   -0.0    0.0
   -21.504   169.789    0.3    0.0   -0.0
   -21.486   169.789    0.4    0.0   -0.0
   -21.468   169.789    0.4    0.0   -0.0
   -21.450   169.789    0.4    0.0   -0.0
   -21.432   169.789    0.4    0.0   -0.0
   -21.414   169.789    0.4    0.0   -0.0
   -21.396   169.789    0.4    0.0   -0.0
   -21.378   169.789    0.4    0.0   -0.0
   -21.360   169.789    0.4    0.0   -0.0
   -21.342   169.789    0.4    0.0   -0.0
   -21.324   169.789    0.4    0.0   -0.0
   -21.307   169.789    0.4    0.0   -0.0
   -21.289   169.789    0.4    0.0   -0.0
   -21.271   169.789    0.4    0.1   -0.0
   -21.253   169.789    0.4    0.1   -0.0
   -21.235   169.789    0.4    0.1   -0.0
   -21.217   169.789    0.4    0.1   -0.0
   -21.199   169.789    0.5    0.1   -0.0
   -21.181   169.789    0.5    0.1   -0.0
   -21.163   169.789    0.5    0.1   -0.0
   -21.145   169.789    0.5    0.1   -0.0
   -21.127   169.789    0.5    0.1   -0.0
   -21.109   169.789    0.5    0.1   -0.0
   -21.091   169.789    0.5    0.1   -0.0
   -21.073   169.789    0.5    0.1   -0.0
   -21.055   169.789    0.5    0.1   -0.0
   -21.037   169.789    0.5    0.1   -0.0
   -21.019   169.789    0.5    0.1   -0.0
   -21.001   169.789    0.5    0.1   -0.0
   -20.984   169.789    0.5    0.1   -0.0
   -20.966   169.789    0.4    0.1   -0.0
   -20.948   169.789    0.4    0.1   -0.0
   -20.930   169.789    0.4    0.1   -0.0
   -20.912   169.789    0.4    0.1   -0.0
   -20.894   169.789    0.4    0.1   -0.0
   -20.876   169.789    0.4    0.1   -0.0
   -20.858   169.789    0.4    0.1   -0.0
   -20.840   169.789    0.4    0.2   -0.0
   -20.822   169.789    0.4    0.2   -0.0
   -20.804   169.789    0.4    0.2   -0.0
   -20.786   169.789    0.4    0.2   -0.0
   -20.768   169.789    0.4    0.2   -0.0
   -20.750   169.789    0.4    0.2   -0.0
   -20.732   169.789    0.4    0.2   -0.0
   -20.714   169.789    0.4    0.2   -0.0
   -20.696   169.789    0.4    0.2   -0.0
   -20.678   169.789    0.4    0.2   -0.0
   -20.661   169.789    0.4    0.2   -0.0
   -20.643   169.789    0.4    0.2   -0.0
   -20.625   169.789    0.3    0.2   -0.0
   -20.607   169.789    0.3    0.2   -0.0
   -20.589   169.789    0.3    0.2   -0.0
   -20.571   169.789    0.3    0.2   -0.0
   -20.553   169.789    0.3    0.2   -0.0
   -20.535   169.789    0.3    0.2   -0.0
   -20.517   169.789    0.3    0.2   -0.0
   -20.499   169.789    0.3    0.2   -0.0
   -20.481   169.789    0.3    0.2   -0.0
   -20.463   169.789    0.3    0.2   -0.0
   -20.445   169.789    0.3    0.2   -0.0
   -20.427   169.789    0.3    0.2   -0.0
   -20.409   169.789    0.3    0.2   -0.0
   -20.391   169.789    0.3    0.2   -0.0
   -20.373   169.789    0.3    0.2   -0.0
   -20.355   169.789    0.2    0.1   -0.0
   -20.338   169.789    0.2    0.1   -0.0
   -20.320   169.789    0.2    0.1   -0.0
   -20.302   169.789    0.2    0.1   -0.0
   -20.284   169.789    0.2    0.1   -0.0
   -20.266   169.789    0.2    0.1   -0.0
   -20.248   169.789    0.2    0.1   -0.0
   -20.230   169.789    0.2    0.1   -0.0
   -20.212   169.789    0.2    0.1   -0.0
   -20.194   169.789    0.2    0.1   -0.0
   -20.176   169.789    0.2    0.1   -0.0
   -20.158   169.789    0.2    0.1   -0.0
   -20.140   169.789    0.2    0.1   -0.0
