 Lat    Lon    Disp_x_East(cm)   Disp_y_North(cm)   DispUp(cm)
   -15.406   -74.420    0.0    0.0   -0.0
   -15.388   -74.420    0.0    0.0   -0.0
   -15.370   -74.420    0.0    0.0   -0.0
   -15.352   -74.420    0.0    0.0   -0.0
   -15.334   -74.420    0.0    0.0   -0.0
   -15.316   -74.420    0.0    0.0   -0.0
   -15.298   -74.420    0.0    0.0   -0.0
   -15.280   -74.420    0.0    0.0   -0.0
   -15.262   -74.420    0.0    0.0   -0.0
   -15.244   -74.420    0.0    0.0   -0.0
   -15.226   -74.420    0.0    0.0   -0.0
   -15.208   -74.420    0.0    0.0   -0.0
   -15.190   -74.420    0.0    0.0   -0.0
   -15.172   -74.420    0.0    0.0   -0.0
   -15.154   -74.420    0.0    0.0   -0.0
   -15.136   -74.420    0.0    0.0   -0.0
   -15.119   -74.420    0.0    0.0   -0.0
   -15.101   -74.420    0.0    0.0   -0.0
   -15.083   -74.420    0.0    0.0   -0.0
   -15.065   -74.420    0.0    0.0   -0.0
   -15.047   -74.420    0.0    0.0   -0.0
   -15.029   -74.420    0.0    0.0   -0.0
   -15.011   -74.420    0.0    0.0   -0.0
   -14.993   -74.420    0.0    0.0   -0.0
   -14.975   -74.420    0.0    0.0   -0.0
   -14.957   -74.420    0.0    0.0   -0.0
   -14.939   -74.420    0.0    0.0   -0.0
   -14.921   -74.420    0.0    0.0   -0.0
   -14.903   -74.420    0.0    0.0   -0.1
   -14.885   -74.420    0.0    0.0   -0.1
   -14.867   -74.420    0.0    0.0   -0.1
   -14.849   -74.420    0.0    0.0   -0.1
   -14.831   -74.420    0.0    0.0   -0.1
   -14.813   -74.420    0.0    0.0   -0.1
   -14.795   -74.420    0.0    0.0   -0.1
   -14.777   -74.420    0.0    0.0   -0.1
   -14.760   -74.420    0.0    0.0   -0.1
   -14.742   -74.420    0.0    0.0   -0.1
   -14.724   -74.420    0.0    0.0   -0.1
   -14.706   -74.420    0.0    0.0   -0.1
   -14.688   -74.420    0.0    0.0   -0.1
   -14.670   -74.420    0.0    0.0   -0.1
   -14.652   -74.420    0.0    0.0   -0.1
   -14.634   -74.420    0.0    0.0   -0.1
   -14.616   -74.420    0.0    0.0   -0.1
   -14.598   -74.420    0.0    0.0   -0.1
   -14.580   -74.420    0.0    0.0   -0.1
   -14.562   -74.420    0.0    0.0   -0.1
   -14.544   -74.420    0.0    0.0   -0.1
   -14.526   -74.420    0.0    0.0   -0.1
   -14.508   -74.420    0.0    0.0   -0.1
   -14.490   -74.420    0.0    0.0   -0.1
   -14.472   -74.420    0.0    0.0   -0.1
   -14.454   -74.420    0.0    0.0   -0.1
   -14.436   -74.420    0.0    0.0   -0.1
   -14.418   -74.420    0.0    0.0   -0.1
   -14.400   -74.420    0.0    0.0   -0.1
   -14.383   -74.420    0.0    0.0   -0.1
   -14.365   -74.420    0.0   -0.0   -0.1
   -14.347   -74.420    0.0   -0.0   -0.1
   -14.329   -74.420    0.0   -0.0   -0.1
   -14.311   -74.420    0.0   -0.0   -0.1
   -14.293   -74.420    0.0   -0.0   -0.1
   -14.275   -74.420    0.0   -0.0   -0.1
   -14.257   -74.420    0.0   -0.0   -0.1
   -14.239   -74.420    0.0   -0.0   -0.1
   -14.221   -74.420    0.0   -0.0   -0.0
   -14.203   -74.420    0.0   -0.0   -0.0
   -14.185   -74.420    0.0   -0.0   -0.0
   -14.167   -74.420    0.0   -0.0   -0.0
   -14.149   -74.420    0.0   -0.0   -0.0
   -14.131   -74.420    0.0   -0.0   -0.0
   -14.113   -74.420    0.0   -0.0   -0.0
   -14.095   -74.420    0.0   -0.0   -0.0
   -14.077   -74.420    0.0   -0.0   -0.0
   -14.059   -74.420    0.0   -0.0   -0.0
   -14.041   -74.420    0.0   -0.0   -0.0
   -14.024   -74.420    0.0   -0.0   -0.0
   -14.006   -74.420    0.0   -0.0   -0.0
   -13.988   -74.420    0.0   -0.0   -0.0
   -13.970   -74.420    0.0   -0.0   -0.0
   -13.952   -74.420    0.0   -0.0   -0.0
   -13.934   -74.420    0.0   -0.0   -0.0
   -13.916   -74.420    0.0   -0.0   -0.0
   -13.898   -74.420    0.0   -0.0   -0.0
   -13.880   -74.420    0.0   -0.0   -0.0
   -13.862   -74.420    0.0   -0.0   -0.0
   -13.844   -74.420    0.0   -0.0   -0.0
   -13.826   -74.420    0.0   -0.0   -0.0
   -13.808   -74.420    0.0   -0.0   -0.0
   -13.790   -74.420    0.0   -0.0   -0.0
   -13.772   -74.420    0.0   -0.0   -0.0
   -13.754   -74.420    0.0   -0.0   -0.0
   -13.736   -74.420    0.0   -0.0   -0.0
   -13.718   -74.420    0.0   -0.0   -0.0
   -13.700   -74.420    0.0   -0.0   -0.0
   -13.682   -74.420    0.0   -0.0   -0.0
   -13.664   -74.420    0.0   -0.0   -0.0
   -13.647   -74.420    0.0   -0.0   -0.0
   -13.629   -74.420    0.0   -0.0   -0.0
   -13.611   -74.420    0.0   -0.0   -0.0
   -15.406   -74.402    0.0    0.0   -0.0
   -15.388   -74.402    0.0    0.0   -0.0
   -15.370   -74.402    0.0    0.0   -0.0
   -15.352   -74.402    0.0    0.0   -0.0
   -15.334   -74.402    0.0    0.0   -0.0
   -15.316   -74.402    0.0    0.0   -0.0
   -15.298   -74.402    0.0    0.0   -0.0
   -15.280   -74.402    0.0    0.0   -0.0
   -15.262   -74.402    0.0    0.0   -0.0
   -15.244   -74.402    0.0    0.0   -0.0
   -15.226   -74.402    0.0    0.0   -0.0
   -15.208   -74.402    0.0    0.0   -0.0
   -15.190   -74.402    0.0    0.0   -0.0
   -15.172   -74.402    0.0    0.0   -0.0
   -15.154   -74.402    0.0    0.0   -0.0
   -15.136   -74.402    0.0    0.0   -0.0
   -15.119   -74.402    0.0    0.0   -0.0
   -15.101   -74.402    0.0    0.0   -0.0
   -15.083   -74.402    0.0    0.0   -0.0
   -15.065   -74.402    0.0    0.0   -0.0
   -15.047   -74.402    0.0    0.0   -0.0
   -15.029   -74.402    0.0    0.0   -0.0
   -15.011   -74.402    0.0    0.0   -0.0
   -14.993   -74.402    0.0    0.0   -0.0
   -14.975   -74.402    0.0    0.0   -0.0
   -14.957   -74.402    0.0    0.0   -0.1
   -14.939   -74.402    0.0    0.0   -0.1
   -14.921   -74.402    0.0    0.0   -0.1
   -14.903   -74.402    0.0    0.0   -0.1
   -14.885   -74.402    0.0    0.0   -0.1
   -14.867   -74.402    0.0    0.0   -0.1
   -14.849   -74.402    0.0    0.0   -0.1
   -14.831   -74.402    0.0    0.0   -0.1
   -14.813   -74.402    0.0    0.0   -0.1
   -14.795   -74.402    0.0    0.0   -0.1
   -14.777   -74.402    0.0    0.0   -0.1
   -14.760   -74.402    0.0    0.0   -0.1
   -14.742   -74.402    0.1    0.0   -0.1
   -14.724   -74.402    0.1    0.0   -0.1
   -14.706   -74.402    0.1    0.0   -0.1
   -14.688   -74.402    0.1    0.0   -0.1
   -14.670   -74.402    0.1    0.0   -0.1
   -14.652   -74.402    0.1    0.0   -0.1
   -14.634   -74.402    0.1    0.0   -0.1
   -14.616   -74.402    0.1    0.0   -0.1
   -14.598   -74.402    0.1    0.0   -0.1
   -14.580   -74.402    0.1    0.0   -0.1
   -14.562   -74.402    0.1    0.0   -0.1
   -14.544   -74.402    0.1    0.0   -0.1
   -14.526   -74.402    0.1    0.0   -0.1
   -14.508   -74.402    0.1    0.0   -0.1
   -14.490   -74.402    0.1    0.0   -0.1
   -14.472   -74.402    0.1    0.0   -0.1
   -14.454   -74.402    0.1    0.0   -0.1
   -14.436   -74.402    0.0    0.0   -0.1
   -14.418   -74.402    0.0    0.0   -0.1
   -14.400   -74.402    0.0    0.0   -0.1
   -14.383   -74.402    0.0   -0.0   -0.1
   -14.365   -74.402    0.0   -0.0   -0.1
   -14.347   -74.402    0.0   -0.0   -0.1
   -14.329   -74.402    0.0   -0.0   -0.1
   -14.311   -74.402    0.0   -0.0   -0.1
   -14.293   -74.402    0.0   -0.0   -0.1
   -14.275   -74.402    0.0   -0.0   -0.1
   -14.257   -74.402    0.0   -0.0   -0.1
   -14.239   -74.402    0.0   -0.0   -0.1
   -14.221   -74.402    0.0   -0.0   -0.1
   -14.203   -74.402    0.0   -0.0   -0.1
   -14.185   -74.402    0.0   -0.0   -0.1
   -14.167   -74.402    0.0   -0.0   -0.0
   -14.149   -74.402    0.0   -0.0   -0.0
   -14.131   -74.402    0.0   -0.0   -0.0
   -14.113   -74.402    0.0   -0.0   -0.0
   -14.095   -74.402    0.0   -0.0   -0.0
   -14.077   -74.402    0.0   -0.0   -0.0
   -14.059   -74.402    0.0   -0.0   -0.0
   -14.041   -74.402    0.0   -0.0   -0.0
   -14.024   -74.402    0.0   -0.0   -0.0
   -14.006   -74.402    0.0   -0.0   -0.0
   -13.988   -74.402    0.0   -0.0   -0.0
   -13.970   -74.402    0.0   -0.0   -0.0
   -13.952   -74.402    0.0   -0.0   -0.0
   -13.934   -74.402    0.0   -0.0   -0.0
   -13.916   -74.402    0.0   -0.0   -0.0
   -13.898   -74.402    0.0   -0.0   -0.0
   -13.880   -74.402    0.0   -0.0   -0.0
   -13.862   -74.402    0.0   -0.0   -0.0
   -13.844   -74.402    0.0   -0.0   -0.0
   -13.826   -74.402    0.0   -0.0   -0.0
   -13.808   -74.402    0.0   -0.0   -0.0
   -13.790   -74.402    0.0   -0.0   -0.0
   -13.772   -74.402    0.0   -0.0   -0.0
   -13.754   -74.402    0.0   -0.0   -0.0
   -13.736   -74.402    0.0   -0.0   -0.0
   -13.718   -74.402    0.0   -0.0   -0.0
   -13.700   -74.402    0.0   -0.0   -0.0
   -13.682   -74.402    0.0   -0.0   -0.0
   -13.664   -74.402    0.0   -0.0   -0.0
   -13.647   -74.402    0.0   -0.0   -0.0
   -13.629   -74.402    0.0   -0.0   -0.0
   -13.611   -74.402    0.0   -0.0   -0.0
   -15.406   -74.383    0.0    0.0   -0.0
   -15.388   -74.383    0.0    0.0   -0.0
   -15.370   -74.383    0.0    0.0   -0.0
   -15.352   -74.383    0.0    0.0   -0.0
   -15.334   -74.383    0.0    0.0   -0.0
   -15.316   -74.383    0.0    0.0   -0.0
   -15.298   -74.383    0.0    0.0   -0.0
   -15.280   -74.383    0.0    0.0   -0.0
   -15.262   -74.383    0.0    0.0   -0.0
   -15.244   -74.383    0.0    0.0   -0.0
   -15.226   -74.383    0.0    0.0   -0.0
   -15.208   -74.383    0.0    0.0   -0.0
   -15.190   -74.383    0.0    0.0   -0.0
   -15.172   -74.383    0.0    0.0   -0.0
   -15.154   -74.383    0.0    0.0   -0.0
   -15.136   -74.383    0.0    0.0   -0.0
   -15.119   -74.383    0.0    0.0   -0.0
   -15.101   -74.383    0.0    0.0   -0.0
   -15.083   -74.383    0.0    0.0   -0.0
   -15.065   -74.383    0.0    0.0   -0.0
   -15.047   -74.383    0.0    0.0   -0.0
   -15.029   -74.383    0.0    0.0   -0.0
   -15.011   -74.383    0.0    0.0   -0.0
   -14.993   -74.383    0.0    0.0   -0.1
   -14.975   -74.383    0.0    0.0   -0.1
   -14.957   -74.383    0.0    0.0   -0.1
   -14.939   -74.383    0.0    0.0   -0.1
   -14.921   -74.383    0.0    0.0   -0.1
   -14.903   -74.383    0.0    0.0   -0.1
   -14.885   -74.383    0.0    0.0   -0.1
   -14.867   -74.383    0.0    0.0   -0.1
   -14.849   -74.383    0.0    0.0   -0.1
   -14.831   -74.383    0.0    0.0   -0.1
   -14.813   -74.383    0.1    0.0   -0.1
   -14.795   -74.383    0.1    0.0   -0.1
   -14.777   -74.383    0.1    0.0   -0.1
   -14.760   -74.383    0.1    0.0   -0.1
   -14.742   -74.383    0.1    0.0   -0.1
   -14.724   -74.383    0.1    0.0   -0.1
   -14.706   -74.383    0.1    0.0   -0.1
   -14.688   -74.383    0.1    0.0   -0.1
   -14.670   -74.383    0.1    0.0   -0.1
   -14.652   -74.383    0.1    0.0   -0.1
   -14.634   -74.383    0.1    0.0   -0.1
   -14.616   -74.383    0.1    0.0   -0.1
   -14.598   -74.383    0.1    0.0   -0.1
   -14.580   -74.383    0.1    0.0   -0.1
   -14.562   -74.383    0.1    0.0   -0.1
   -14.544   -74.383    0.1    0.0   -0.1
   -14.526   -74.383    0.1    0.0   -0.1
   -14.508   -74.383    0.1    0.0   -0.1
   -14.490   -74.383    0.1    0.0   -0.1
   -14.472   -74.383    0.1    0.0   -0.1
   -14.454   -74.383    0.1    0.0   -0.1
   -14.436   -74.383    0.1    0.0   -0.1
   -14.418   -74.383    0.1    0.0   -0.1
   -14.400   -74.383    0.1    0.0   -0.1
   -14.383   -74.383    0.1   -0.0   -0.1
   -14.365   -74.383    0.0   -0.0   -0.1
   -14.347   -74.383    0.0   -0.0   -0.1
   -14.329   -74.383    0.0   -0.0   -0.1
   -14.311   -74.383    0.0   -0.0   -0.1
   -14.293   -74.383    0.0   -0.0   -0.1
   -14.275   -74.383    0.0   -0.0   -0.1
   -14.257   -74.383    0.0   -0.0   -0.1
   -14.239   -74.383    0.0   -0.0   -0.1
   -14.221   -74.383    0.0   -0.0   -0.1
   -14.203   -74.383    0.0   -0.0   -0.1
   -14.185   -74.383    0.0   -0.0   -0.1
   -14.167   -74.383    0.0   -0.0   -0.1
   -14.149   -74.383    0.0   -0.0   -0.1
   -14.131   -74.383    0.0   -0.0   -0.1
   -14.113   -74.383    0.0   -0.0   -0.0
   -14.095   -74.383    0.0   -0.0   -0.0
   -14.077   -74.383    0.0   -0.0   -0.0
   -14.059   -74.383    0.0   -0.0   -0.0
   -14.041   -74.383    0.0   -0.0   -0.0
   -14.024   -74.383    0.0   -0.0   -0.0
   -14.006   -74.383    0.0   -0.0   -0.0
   -13.988   -74.383    0.0   -0.0   -0.0
   -13.970   -74.383    0.0   -0.0   -0.0
   -13.952   -74.383    0.0   -0.0   -0.0
   -13.934   -74.383    0.0   -0.0   -0.0
   -13.916   -74.383    0.0   -0.0   -0.0
   -13.898   -74.383    0.0   -0.0   -0.0
   -13.880   -74.383    0.0   -0.0   -0.0
   -13.862   -74.383    0.0   -0.0   -0.0
   -13.844   -74.383    0.0   -0.0   -0.0
   -13.826   -74.383    0.0   -0.0   -0.0
   -13.808   -74.383    0.0   -0.0   -0.0
   -13.790   -74.383    0.0   -0.0   -0.0
   -13.772   -74.383    0.0   -0.0   -0.0
   -13.754   -74.383    0.0   -0.0   -0.0
   -13.736   -74.383    0.0   -0.0   -0.0
   -13.718   -74.383    0.0   -0.0   -0.0
   -13.700   -74.383    0.0   -0.0   -0.0
   -13.682   -74.383    0.0   -0.0   -0.0
   -13.664   -74.383    0.0   -0.0   -0.0
   -13.647   -74.383    0.0   -0.0   -0.0
   -13.629   -74.383    0.0   -0.0   -0.0
   -13.611   -74.383    0.0   -0.0   -0.0
   -15.406   -74.365    0.0    0.0   -0.0
   -15.388   -74.365    0.0    0.0   -0.0
   -15.370   -74.365    0.0    0.0   -0.0
   -15.352   -74.365    0.0    0.0   -0.0
   -15.334   -74.365    0.0    0.0   -0.0
   -15.316   -74.365    0.0    0.0   -0.0
   -15.298   -74.365    0.0    0.0   -0.0
   -15.280   -74.365    0.0    0.0   -0.0
   -15.262   -74.365    0.0    0.0   -0.0
   -15.244   -74.365    0.0    0.0   -0.0
   -15.226   -74.365    0.0    0.0   -0.0
   -15.208   -74.365    0.0    0.0   -0.0
   -15.190   -74.365    0.0    0.0   -0.0
   -15.172   -74.365    0.0    0.0   -0.0
   -15.154   -74.365    0.0    0.0   -0.0
   -15.136   -74.365    0.0    0.0   -0.0
   -15.119   -74.365    0.0    0.0   -0.0
   -15.101   -74.365    0.0    0.0   -0.0
   -15.083   -74.365    0.0    0.0   -0.0
   -15.065   -74.365    0.0    0.0   -0.0
   -15.047   -74.365    0.0    0.0   -0.0
   -15.029   -74.365    0.0    0.0   -0.1
   -15.011   -74.365    0.0    0.0   -0.1
   -14.993   -74.365    0.0    0.0   -0.1
   -14.975   -74.365    0.0    0.0   -0.1
   -14.957   -74.365    0.0    0.0   -0.1
   -14.939   -74.365    0.0    0.0   -0.1
   -14.921   -74.365    0.0    0.0   -0.1
   -14.903   -74.365    0.0    0.0   -0.1
   -14.885   -74.365    0.0    0.0   -0.1
   -14.867   -74.365    0.0    0.0   -0.1
   -14.849   -74.365    0.1    0.0   -0.1
   -14.831   -74.365    0.1    0.0   -0.1
   -14.813   -74.365    0.1    0.0   -0.1
   -14.795   -74.365    0.1    0.0   -0.1
   -14.777   -74.365    0.1    0.0   -0.1
   -14.760   -74.365    0.1    0.0   -0.1
   -14.742   -74.365    0.1    0.0   -0.1
   -14.724   -74.365    0.1    0.0   -0.1
   -14.706   -74.365    0.1    0.0   -0.1
   -14.688   -74.365    0.1    0.0   -0.1
   -14.670   -74.365    0.1    0.0   -0.1
   -14.652   -74.365    0.1    0.0   -0.1
   -14.634   -74.365    0.1    0.0   -0.1
   -14.616   -74.365    0.1    0.0   -0.1
   -14.598   -74.365    0.1    0.0   -0.1
   -14.580   -74.365    0.1    0.0   -0.1
   -14.562   -74.365    0.1    0.0   -0.1
   -14.544   -74.365    0.1    0.0   -0.1
   -14.526   -74.365    0.1    0.0   -0.1
   -14.508   -74.365    0.1    0.0   -0.1
   -14.490   -74.365    0.1    0.0   -0.1
   -14.472   -74.365    0.1    0.0   -0.1
   -14.454   -74.365    0.1    0.0   -0.1
   -14.436   -74.365    0.1    0.0   -0.1
   -14.418   -74.365    0.1    0.0   -0.1
   -14.400   -74.365    0.1   -0.0   -0.1
   -14.383   -74.365    0.1   -0.0   -0.1
   -14.365   -74.365    0.1   -0.0   -0.1
   -14.347   -74.365    0.1   -0.0   -0.1
   -14.329   -74.365    0.1   -0.0   -0.1
   -14.311   -74.365    0.0   -0.0   -0.1
   -14.293   -74.365    0.0   -0.0   -0.1
   -14.275   -74.365    0.0   -0.0   -0.1
   -14.257   -74.365    0.0   -0.0   -0.1
   -14.239   -74.365    0.0   -0.0   -0.1
   -14.221   -74.365    0.0   -0.0   -0.1
   -14.203   -74.365    0.0   -0.0   -0.1
   -14.185   -74.365    0.0   -0.0   -0.1
   -14.167   -74.365    0.0   -0.0   -0.1
   -14.149   -74.365    0.0   -0.0   -0.1
   -14.131   -74.365    0.0   -0.0   -0.1
   -14.113   -74.365    0.0   -0.0   -0.1
   -14.095   -74.365    0.0   -0.0   -0.1
   -14.077   -74.365    0.0   -0.0   -0.0
   -14.059   -74.365    0.0   -0.0   -0.0
   -14.041   -74.365    0.0   -0.0   -0.0
   -14.024   -74.365    0.0   -0.0   -0.0
   -14.006   -74.365    0.0   -0.0   -0.0
   -13.988   -74.365    0.0   -0.0   -0.0
   -13.970   -74.365    0.0   -0.0   -0.0
   -13.952   -74.365    0.0   -0.0   -0.0
   -13.934   -74.365    0.0   -0.0   -0.0
   -13.916   -74.365    0.0   -0.0   -0.0
   -13.898   -74.365    0.0   -0.0   -0.0
   -13.880   -74.365    0.0   -0.0   -0.0
   -13.862   -74.365    0.0   -0.0   -0.0
   -13.844   -74.365    0.0   -0.0   -0.0
   -13.826   -74.365    0.0   -0.0   -0.0
   -13.808   -74.365    0.0   -0.0   -0.0
   -13.790   -74.365    0.0   -0.0   -0.0
   -13.772   -74.365    0.0   -0.0   -0.0
   -13.754   -74.365    0.0   -0.0   -0.0
   -13.736   -74.365    0.0   -0.0   -0.0
   -13.718   -74.365    0.0   -0.0   -0.0
   -13.700   -74.365    0.0   -0.0   -0.0
   -13.682   -74.365    0.0   -0.0   -0.0
   -13.664   -74.365    0.0   -0.0   -0.0
   -13.647   -74.365    0.0   -0.0   -0.0
   -13.629   -74.365    0.0   -0.0   -0.0
   -13.611   -74.365    0.0   -0.0   -0.0
   -15.406   -74.346    0.0    0.0   -0.0
   -15.388   -74.346    0.0    0.0   -0.0
   -15.370   -74.346    0.0    0.0   -0.0
   -15.352   -74.346    0.0    0.0   -0.0
   -15.334   -74.346    0.0    0.0   -0.0
   -15.316   -74.346    0.0    0.0   -0.0
   -15.298   -74.346    0.0    0.0   -0.0
   -15.280   -74.346    0.0    0.0   -0.0
   -15.262   -74.346    0.0    0.0   -0.0
   -15.244   -74.346    0.0    0.0   -0.0
   -15.226   -74.346    0.0    0.0   -0.0
   -15.208   -74.346    0.0    0.0   -0.0
   -15.190   -74.346    0.0    0.0   -0.0
   -15.172   -74.346    0.0    0.0   -0.0
   -15.154   -74.346    0.0    0.0   -0.0
   -15.136   -74.346    0.0    0.0   -0.0
   -15.119   -74.346    0.0    0.0   -0.0
   -15.101   -74.346    0.0    0.0   -0.0
   -15.083   -74.346    0.0    0.0   -0.0
   -15.065   -74.346    0.0    0.0   -0.0
   -15.047   -74.346    0.0    0.0   -0.1
   -15.029   -74.346    0.0    0.0   -0.1
   -15.011   -74.346    0.0    0.0   -0.1
   -14.993   -74.346    0.0    0.0   -0.1
   -14.975   -74.346    0.0    0.0   -0.1
   -14.957   -74.346    0.0    0.0   -0.1
   -14.939   -74.346    0.0    0.0   -0.1
   -14.921   -74.346    0.0    0.0   -0.1
   -14.903   -74.346    0.0    0.0   -0.1
   -14.885   -74.346    0.1    0.0   -0.1
   -14.867   -74.346    0.1    0.0   -0.1
   -14.849   -74.346    0.1    0.0   -0.1
   -14.831   -74.346    0.1    0.0   -0.1
   -14.813   -74.346    0.1    0.0   -0.1
   -14.795   -74.346    0.1    0.0   -0.1
   -14.777   -74.346    0.1    0.0   -0.1
   -14.760   -74.346    0.1    0.0   -0.1
   -14.742   -74.346    0.1    0.0   -0.1
   -14.724   -74.346    0.1    0.0   -0.1
   -14.706   -74.346    0.1    0.0   -0.1
   -14.688   -74.346    0.1    0.0   -0.1
   -14.670   -74.346    0.1    0.0   -0.1
   -14.652   -74.346    0.1    0.0   -0.1
   -14.634   -74.346    0.1    0.0   -0.1
   -14.616   -74.346    0.1    0.0   -0.1
   -14.598   -74.346    0.1    0.0   -0.1
   -14.580   -74.346    0.1    0.0   -0.1
   -14.562   -74.346    0.1    0.0   -0.1
   -14.544   -74.346    0.1    0.0   -0.1
   -14.526   -74.346    0.1    0.0   -0.1
   -14.508   -74.346    0.1    0.0   -0.1
   -14.490   -74.346    0.1    0.0   -0.1
   -14.472   -74.346    0.1    0.0   -0.1
   -14.454   -74.346    0.1    0.0   -0.1
   -14.436   -74.346    0.1    0.0   -0.1
   -14.418   -74.346    0.1   -0.0   -0.1
   -14.400   -74.346    0.1   -0.0   -0.1
   -14.383   -74.346    0.1   -0.0   -0.1
   -14.365   -74.346    0.1   -0.0   -0.1
   -14.347   -74.346    0.1   -0.0   -0.1
   -14.329   -74.346    0.1   -0.0   -0.1
   -14.311   -74.346    0.1   -0.0   -0.1
   -14.293   -74.346    0.1   -0.0   -0.1
   -14.275   -74.346    0.1   -0.0   -0.1
   -14.257   -74.346    0.0   -0.0   -0.1
   -14.239   -74.346    0.0   -0.0   -0.1
   -14.221   -74.346    0.0   -0.0   -0.1
   -14.203   -74.346    0.0   -0.0   -0.1
   -14.185   -74.346    0.0   -0.0   -0.1
   -14.167   -74.346    0.0   -0.0   -0.1
   -14.149   -74.346    0.0   -0.0   -0.1
   -14.131   -74.346    0.0   -0.0   -0.1
   -14.113   -74.346    0.0   -0.0   -0.1
   -14.095   -74.346    0.0   -0.0   -0.1
   -14.077   -74.346    0.0   -0.0   -0.1
   -14.059   -74.346    0.0   -0.0   -0.1
   -14.041   -74.346    0.0   -0.0   -0.0
   -14.024   -74.346    0.0   -0.0   -0.0
   -14.006   -74.346    0.0   -0.0   -0.0
   -13.988   -74.346    0.0   -0.0   -0.0
   -13.970   -74.346    0.0   -0.0   -0.0
   -13.952   -74.346    0.0   -0.0   -0.0
   -13.934   -74.346    0.0   -0.0   -0.0
   -13.916   -74.346    0.0   -0.0   -0.0
   -13.898   -74.346    0.0   -0.0   -0.0
   -13.880   -74.346    0.0   -0.0   -0.0
   -13.862   -74.346    0.0   -0.0   -0.0
   -13.844   -74.346    0.0   -0.0   -0.0
   -13.826   -74.346    0.0   -0.0   -0.0
   -13.808   -74.346    0.0   -0.0   -0.0
   -13.790   -74.346    0.0   -0.0   -0.0
   -13.772   -74.346    0.0   -0.0   -0.0
   -13.754   -74.346    0.0   -0.0   -0.0
   -13.736   -74.346    0.0   -0.0   -0.0
   -13.718   -74.346    0.0   -0.0   -0.0
   -13.700   -74.346    0.0   -0.0   -0.0
   -13.682   -74.346    0.0   -0.0   -0.0
   -13.664   -74.346    0.0   -0.0   -0.0
   -13.647   -74.346    0.0   -0.0   -0.0
   -13.629   -74.346    0.0   -0.0   -0.0
   -13.611   -74.346    0.0   -0.0   -0.0
   -15.406   -74.327    0.0    0.0   -0.0
   -15.388   -74.327    0.0    0.0   -0.0
   -15.370   -74.327    0.0    0.0   -0.0
   -15.352   -74.327    0.0    0.0   -0.0
   -15.334   -74.327    0.0    0.0   -0.0
   -15.316   -74.327    0.0    0.0   -0.0
   -15.298   -74.327    0.0    0.0   -0.0
   -15.280   -74.327    0.0    0.0   -0.0
   -15.262   -74.327    0.0    0.0   -0.0
   -15.244   -74.327    0.0    0.0   -0.0
   -15.226   -74.327    0.0    0.0   -0.0
   -15.208   -74.327    0.0    0.0   -0.0
   -15.190   -74.327    0.0    0.0   -0.0
   -15.172   -74.327    0.0    0.0   -0.0
   -15.154   -74.327    0.0    0.0   -0.0
   -15.136   -74.327    0.0    0.0   -0.0
   -15.119   -74.327    0.0    0.0   -0.0
   -15.101   -74.327    0.0    0.0   -0.0
   -15.083   -74.327    0.0    0.0   -0.1
   -15.065   -74.327    0.0    0.0   -0.1
   -15.047   -74.327    0.0    0.0   -0.1
   -15.029   -74.327    0.0    0.0   -0.1
   -15.011   -74.327    0.0    0.0   -0.1
   -14.993   -74.327    0.0    0.0   -0.1
   -14.975   -74.327    0.0    0.0   -0.1
   -14.957   -74.327    0.0    0.0   -0.1
   -14.939   -74.327    0.0    0.0   -0.1
   -14.921   -74.327    0.1    0.0   -0.1
   -14.903   -74.327    0.1    0.0   -0.1
   -14.885   -74.327    0.1    0.0   -0.1
   -14.867   -74.327    0.1    0.0   -0.1
   -14.849   -74.327    0.1    0.0   -0.1
   -14.831   -74.327    0.1    0.0   -0.1
   -14.813   -74.327    0.1    0.0   -0.1
   -14.795   -74.327    0.1    0.0   -0.1
   -14.777   -74.327    0.1    0.0   -0.1
   -14.760   -74.327    0.1    0.0   -0.1
   -14.742   -74.327    0.1    0.0   -0.1
   -14.724   -74.327    0.1    0.0   -0.1
   -14.706   -74.327    0.1    0.0   -0.1
   -14.688   -74.327    0.1    0.0   -0.1
   -14.670   -74.327    0.1    0.0   -0.1
   -14.652   -74.327    0.1    0.0   -0.1
   -14.634   -74.327    0.1    0.0   -0.1
   -14.616   -74.327    0.1    0.0   -0.1
   -14.598   -74.327    0.1    0.0   -0.1
   -14.580   -74.327    0.1    0.0   -0.1
   -14.562   -74.327    0.1    0.0   -0.1
   -14.544   -74.327    0.1    0.0   -0.1
   -14.526   -74.327    0.1    0.0   -0.1
   -14.508   -74.327    0.1    0.0   -0.1
   -14.490   -74.327    0.1    0.0   -0.1
   -14.472   -74.327    0.1    0.0   -0.1
   -14.454   -74.327    0.1    0.0   -0.1
   -14.436   -74.327    0.1    0.0   -0.1
   -14.418   -74.327    0.1   -0.0   -0.1
   -14.400   -74.327    0.1   -0.0   -0.1
   -14.383   -74.327    0.1   -0.0   -0.1
   -14.365   -74.327    0.1   -0.0   -0.1
   -14.347   -74.327    0.1   -0.0   -0.1
   -14.329   -74.327    0.1   -0.0   -0.1
   -14.311   -74.327    0.1   -0.0   -0.1
   -14.293   -74.327    0.1   -0.0   -0.1
   -14.275   -74.327    0.1   -0.0   -0.1
   -14.257   -74.327    0.1   -0.0   -0.1
   -14.239   -74.327    0.1   -0.0   -0.1
   -14.221   -74.327    0.0   -0.0   -0.1
   -14.203   -74.327    0.0   -0.0   -0.1
   -14.185   -74.327    0.0   -0.0   -0.1
   -14.167   -74.327    0.0   -0.0   -0.1
   -14.149   -74.327    0.0   -0.0   -0.1
   -14.131   -74.327    0.0   -0.0   -0.1
   -14.113   -74.327    0.0   -0.0   -0.1
   -14.095   -74.327    0.0   -0.0   -0.1
   -14.077   -74.327    0.0   -0.0   -0.1
   -14.059   -74.327    0.0   -0.0   -0.1
   -14.041   -74.327    0.0   -0.0   -0.1
   -14.024   -74.327    0.0   -0.0   -0.1
   -14.006   -74.327    0.0   -0.0   -0.0
   -13.988   -74.327    0.0   -0.0   -0.0
   -13.970   -74.327    0.0   -0.0   -0.0
   -13.952   -74.327    0.0   -0.0   -0.0
   -13.934   -74.327    0.0   -0.0   -0.0
   -13.916   -74.327    0.0   -0.0   -0.0
   -13.898   -74.327    0.0   -0.0   -0.0
   -13.880   -74.327    0.0   -0.0   -0.0
   -13.862   -74.327    0.0   -0.0   -0.0
   -13.844   -74.327    0.0   -0.0   -0.0
   -13.826   -74.327    0.0   -0.0   -0.0
   -13.808   -74.327    0.0   -0.0   -0.0
   -13.790   -74.327    0.0   -0.0   -0.0
   -13.772   -74.327    0.0   -0.0   -0.0
   -13.754   -74.327    0.0   -0.0   -0.0
   -13.736   -74.327    0.0   -0.0   -0.0
   -13.718   -74.327    0.0   -0.0   -0.0
   -13.700   -74.327    0.0   -0.0   -0.0
   -13.682   -74.327    0.0   -0.0   -0.0
   -13.664   -74.327    0.0   -0.0   -0.0
   -13.647   -74.327    0.0   -0.0   -0.0
   -13.629   -74.327    0.0   -0.0   -0.0
   -13.611   -74.327    0.0   -0.0   -0.0
   -15.406   -74.309    0.0    0.0   -0.0
   -15.388   -74.309    0.0    0.0   -0.0
   -15.370   -74.309    0.0    0.0   -0.0
   -15.352   -74.309    0.0    0.0   -0.0
   -15.334   -74.309    0.0    0.0   -0.0
   -15.316   -74.309    0.0    0.0   -0.0
   -15.298   -74.309    0.0    0.0   -0.0
   -15.280   -74.309    0.0    0.0   -0.0
   -15.262   -74.309    0.0    0.0   -0.0
   -15.244   -74.309    0.0    0.0   -0.0
   -15.226   -74.309    0.0    0.0   -0.0
   -15.208   -74.309    0.0    0.0   -0.0
   -15.190   -74.309    0.0    0.0   -0.0
   -15.172   -74.309    0.0    0.0   -0.0
   -15.154   -74.309    0.0    0.0   -0.0
   -15.136   -74.309    0.0    0.0   -0.0
   -15.119   -74.309    0.0    0.0   -0.0
   -15.101   -74.309    0.0    0.0   -0.1
   -15.083   -74.309    0.0    0.0   -0.1
   -15.065   -74.309    0.0    0.0   -0.1
   -15.047   -74.309    0.0    0.0   -0.1
   -15.029   -74.309    0.0    0.0   -0.1
   -15.011   -74.309    0.0    0.0   -0.1
   -14.993   -74.309    0.0    0.0   -0.1
   -14.975   -74.309    0.0    0.0   -0.1
   -14.957   -74.309    0.1    0.0   -0.1
   -14.939   -74.309    0.1    0.0   -0.1
   -14.921   -74.309    0.1    0.0   -0.1
   -14.903   -74.309    0.1    0.0   -0.1
   -14.885   -74.309    0.1    0.0   -0.1
   -14.867   -74.309    0.1    0.0   -0.1
   -14.849   -74.309    0.1    0.0   -0.1
   -14.831   -74.309    0.1    0.0   -0.1
   -14.813   -74.309    0.1    0.0   -0.1
   -14.795   -74.309    0.1    0.0   -0.1
   -14.777   -74.309    0.1    0.0   -0.1
   -14.760   -74.309    0.1    0.0   -0.1
   -14.742   -74.309    0.1    0.0   -0.1
   -14.724   -74.309    0.1    0.0   -0.1
   -14.706   -74.309    0.1    0.0   -0.1
   -14.688   -74.309    0.1    0.0   -0.1
   -14.670   -74.309    0.1    0.0   -0.1
   -14.652   -74.309    0.1    0.0   -0.1
   -14.634   -74.309    0.1    0.0   -0.1
   -14.616   -74.309    0.1    0.0   -0.1
   -14.598   -74.309    0.1    0.0   -0.1
   -14.580   -74.309    0.1    0.0   -0.1
   -14.562   -74.309    0.1    0.0   -0.1
   -14.544   -74.309    0.1    0.0   -0.1
   -14.526   -74.309    0.1    0.0   -0.1
   -14.508   -74.309    0.1    0.0   -0.1
   -14.490   -74.309    0.1    0.0   -0.1
   -14.472   -74.309    0.1    0.0   -0.1
   -14.454   -74.309    0.1    0.0   -0.1
   -14.436   -74.309    0.1   -0.0   -0.1
   -14.418   -74.309    0.1   -0.0   -0.1
   -14.400   -74.309    0.1   -0.0   -0.1
   -14.383   -74.309    0.1   -0.0   -0.1
   -14.365   -74.309    0.1   -0.0   -0.1
   -14.347   -74.309    0.1   -0.0   -0.1
   -14.329   -74.309    0.1   -0.0   -0.1
   -14.311   -74.309    0.1   -0.0   -0.1
   -14.293   -74.309    0.1   -0.0   -0.1
   -14.275   -74.309    0.1   -0.0   -0.1
   -14.257   -74.309    0.1   -0.0   -0.1
   -14.239   -74.309    0.1   -0.0   -0.1
   -14.221   -74.309    0.1   -0.0   -0.1
   -14.203   -74.309    0.1   -0.0   -0.1
   -14.185   -74.309    0.0   -0.0   -0.1
   -14.167   -74.309    0.0   -0.0   -0.1
   -14.149   -74.309    0.0   -0.0   -0.1
   -14.131   -74.309    0.0   -0.0   -0.1
   -14.113   -74.309    0.0   -0.0   -0.1
   -14.095   -74.309    0.0   -0.0   -0.1
   -14.077   -74.309    0.0   -0.0   -0.1
   -14.059   -74.309    0.0   -0.0   -0.1
   -14.041   -74.309    0.0   -0.0   -0.1
   -14.024   -74.309    0.0   -0.0   -0.1
   -14.006   -74.309    0.0   -0.0   -0.1
   -13.988   -74.309    0.0   -0.0   -0.1
   -13.970   -74.309    0.0   -0.0   -0.0
   -13.952   -74.309    0.0   -0.0   -0.0
   -13.934   -74.309    0.0   -0.0   -0.0
   -13.916   -74.309    0.0   -0.0   -0.0
   -13.898   -74.309    0.0   -0.0   -0.0
   -13.880   -74.309    0.0   -0.0   -0.0
   -13.862   -74.309    0.0   -0.0   -0.0
   -13.844   -74.309    0.0   -0.0   -0.0
   -13.826   -74.309    0.0   -0.0   -0.0
   -13.808   -74.309    0.0   -0.0   -0.0
   -13.790   -74.309    0.0   -0.0   -0.0
   -13.772   -74.309    0.0   -0.0   -0.0
   -13.754   -74.309    0.0   -0.0   -0.0
   -13.736   -74.309    0.0   -0.0   -0.0
   -13.718   -74.309    0.0   -0.0   -0.0
   -13.700   -74.309    0.0   -0.0   -0.0
   -13.682   -74.309    0.0   -0.0   -0.0
   -13.664   -74.309    0.0   -0.0   -0.0
   -13.647   -74.309    0.0   -0.0   -0.0
   -13.629   -74.309    0.0   -0.0   -0.0
   -13.611   -74.309    0.0   -0.0   -0.0
   -15.406   -74.290    0.0    0.0   -0.0
   -15.388   -74.290    0.0    0.0   -0.0
   -15.370   -74.290    0.0    0.0   -0.0
   -15.352   -74.290    0.0    0.0   -0.0
   -15.334   -74.290    0.0    0.0   -0.0
   -15.316   -74.290    0.0    0.0   -0.0
   -15.298   -74.290    0.0    0.0   -0.0
   -15.280   -74.290    0.0    0.0   -0.0
   -15.262   -74.290    0.0    0.0   -0.0
   -15.244   -74.290    0.0    0.0   -0.0
   -15.226   -74.290    0.0    0.0   -0.0
   -15.208   -74.290    0.0    0.0   -0.0
   -15.190   -74.290    0.0    0.0   -0.0
   -15.172   -74.290    0.0    0.0   -0.0
   -15.154   -74.290    0.0    0.0   -0.0
   -15.136   -74.290    0.0    0.0   -0.0
   -15.119   -74.290    0.0    0.0   -0.1
   -15.101   -74.290    0.0    0.0   -0.1
   -15.083   -74.290    0.0    0.0   -0.1
   -15.065   -74.290    0.0    0.0   -0.1
   -15.047   -74.290    0.0    0.0   -0.1
   -15.029   -74.290    0.0    0.0   -0.1
   -15.011   -74.290    0.0    0.0   -0.1
   -14.993   -74.290    0.0    0.0   -0.1
   -14.975   -74.290    0.1    0.0   -0.1
   -14.957   -74.290    0.1    0.0   -0.1
   -14.939   -74.290    0.1    0.0   -0.1
   -14.921   -74.290    0.1    0.0   -0.1
   -14.903   -74.290    0.1    0.0   -0.1
   -14.885   -74.290    0.1    0.0   -0.1
   -14.867   -74.290    0.1    0.0   -0.1
   -14.849   -74.290    0.1    0.0   -0.1
   -14.831   -74.290    0.1    0.0   -0.1
   -14.813   -74.290    0.1    0.0   -0.1
   -14.795   -74.290    0.1    0.0   -0.1
   -14.777   -74.290    0.1    0.0   -0.1
   -14.760   -74.290    0.1    0.0   -0.1
   -14.742   -74.290    0.1    0.0   -0.1
   -14.724   -74.290    0.1    0.0   -0.1
   -14.706   -74.290    0.1    0.0   -0.1
   -14.688   -74.290    0.1    0.0   -0.1
   -14.670   -74.290    0.1    0.0   -0.1
   -14.652   -74.290    0.1    0.0   -0.1
   -14.634   -74.290    0.1    0.0   -0.1
   -14.616   -74.290    0.1    0.0   -0.1
   -14.598   -74.290    0.1    0.0   -0.1
   -14.580   -74.290    0.1    0.0   -0.1
   -14.562   -74.290    0.1    0.0   -0.1
   -14.544   -74.290    0.1    0.0   -0.1
   -14.526   -74.290    0.1    0.0   -0.1
   -14.508   -74.290    0.1    0.0   -0.1
   -14.490   -74.290    0.1    0.0   -0.1
   -14.472   -74.290    0.1    0.0   -0.1
   -14.454   -74.290    0.1    0.0   -0.1
   -14.436   -74.290    0.1   -0.0   -0.1
   -14.418   -74.290    0.1   -0.0   -0.1
   -14.400   -74.290    0.1   -0.0   -0.1
   -14.383   -74.290    0.1   -0.0   -0.1
   -14.365   -74.290    0.1   -0.0   -0.1
   -14.347   -74.290    0.1   -0.0   -0.1
   -14.329   -74.290    0.1   -0.0   -0.1
   -14.311   -74.290    0.1   -0.0   -0.1
   -14.293   -74.290    0.1   -0.0   -0.1
   -14.275   -74.290    0.1   -0.0   -0.1
   -14.257   -74.290    0.1   -0.0   -0.1
   -14.239   -74.290    0.1   -0.0   -0.1
   -14.221   -74.290    0.1   -0.0   -0.1
   -14.203   -74.290    0.1   -0.0   -0.1
   -14.185   -74.290    0.1   -0.0   -0.1
   -14.167   -74.290    0.1   -0.0   -0.1
   -14.149   -74.290    0.0   -0.0   -0.1
   -14.131   -74.290    0.0   -0.0   -0.1
   -14.113   -74.290    0.0   -0.0   -0.1
   -14.095   -74.290    0.0   -0.0   -0.1
   -14.077   -74.290    0.0   -0.0   -0.1
   -14.059   -74.290    0.0   -0.0   -0.1
   -14.041   -74.290    0.0   -0.0   -0.1
   -14.024   -74.290    0.0   -0.0   -0.1
   -14.006   -74.290    0.0   -0.0   -0.1
   -13.988   -74.290    0.0   -0.0   -0.1
   -13.970   -74.290    0.0   -0.0   -0.1
   -13.952   -74.290    0.0   -0.0   -0.1
   -13.934   -74.290    0.0   -0.0   -0.0
   -13.916   -74.290    0.0   -0.0   -0.0
   -13.898   -74.290    0.0   -0.0   -0.0
   -13.880   -74.290    0.0   -0.0   -0.0
   -13.862   -74.290    0.0   -0.0   -0.0
   -13.844   -74.290    0.0   -0.0   -0.0
   -13.826   -74.290    0.0   -0.0   -0.0
   -13.808   -74.290    0.0   -0.0   -0.0
   -13.790   -74.290    0.0   -0.0   -0.0
   -13.772   -74.290    0.0   -0.0   -0.0
   -13.754   -74.290    0.0   -0.0   -0.0
   -13.736   -74.290    0.0   -0.0   -0.0
   -13.718   -74.290    0.0   -0.0   -0.0
   -13.700   -74.290    0.0   -0.0   -0.0
   -13.682   -74.290    0.0   -0.0   -0.0
   -13.664   -74.290    0.0   -0.0   -0.0
   -13.647   -74.290    0.0   -0.0   -0.0
   -13.629   -74.290    0.0   -0.0   -0.0
   -13.611   -74.290    0.0   -0.0   -0.0
   -15.406   -74.272    0.0    0.0   -0.0
   -15.388   -74.272    0.0    0.0   -0.0
   -15.370   -74.272    0.0    0.0   -0.0
   -15.352   -74.272    0.0    0.0   -0.0
   -15.334   -74.272    0.0    0.0   -0.0
   -15.316   -74.272    0.0    0.0   -0.0
   -15.298   -74.272    0.0    0.0   -0.0
   -15.280   -74.272    0.0    0.0   -0.0
   -15.262   -74.272    0.0    0.0   -0.0
   -15.244   -74.272    0.0    0.0   -0.0
   -15.226   -74.272    0.0    0.0   -0.0
   -15.208   -74.272    0.0    0.0   -0.0
   -15.190   -74.272    0.0    0.0   -0.0
   -15.172   -74.272    0.0    0.0   -0.0
   -15.154   -74.272    0.0    0.0   -0.0
   -15.136   -74.272    0.0    0.0   -0.1
   -15.119   -74.272    0.0    0.0   -0.1
   -15.101   -74.272    0.0    0.0   -0.1
   -15.083   -74.272    0.0    0.0   -0.1
   -15.065   -74.272    0.0    0.0   -0.1
   -15.047   -74.272    0.0    0.0   -0.1
   -15.029   -74.272    0.0    0.0   -0.1
   -15.011   -74.272    0.0    0.0   -0.1
   -14.993   -74.272    0.1    0.0   -0.1
   -14.975   -74.272    0.1    0.0   -0.1
   -14.957   -74.272    0.1    0.0   -0.1
   -14.939   -74.272    0.1    0.0   -0.1
   -14.921   -74.272    0.1    0.0   -0.1
   -14.903   -74.272    0.1    0.0   -0.1
   -14.885   -74.272    0.1    0.0   -0.1
   -14.867   -74.272    0.1    0.0   -0.1
   -14.849   -74.272    0.1    0.0   -0.1
   -14.831   -74.272    0.1    0.0   -0.1
   -14.813   -74.272    0.1    0.0   -0.1
   -14.795   -74.272    0.1    0.0   -0.1
   -14.777   -74.272    0.1    0.0   -0.1
   -14.760   -74.272    0.1    0.0   -0.1
   -14.742   -74.272    0.1    0.0   -0.1
   -14.724   -74.272    0.1    0.0   -0.1
   -14.706   -74.272    0.1    0.0   -0.1
   -14.688   -74.272    0.1    0.0   -0.1
   -14.670   -74.272    0.1    0.0   -0.1
   -14.652   -74.272    0.1    0.0   -0.1
   -14.634   -74.272    0.1    0.0   -0.1
   -14.616   -74.272    0.1    0.0   -0.1
   -14.598   -74.272    0.1    0.0   -0.1
   -14.580   -74.272    0.1    0.0   -0.1
   -14.562   -74.272    0.1    0.0   -0.1
   -14.544   -74.272    0.1    0.0   -0.1
   -14.526   -74.272    0.1    0.0   -0.1
   -14.508   -74.272    0.1    0.0   -0.1
   -14.490   -74.272    0.1    0.0   -0.1
   -14.472   -74.272    0.1    0.0   -0.1
   -14.454   -74.272    0.1    0.0   -0.1
   -14.436   -74.272    0.1   -0.0   -0.1
   -14.418   -74.272    0.1   -0.0   -0.1
   -14.400   -74.272    0.1   -0.0   -0.1
   -14.383   -74.272    0.1   -0.0   -0.1
   -14.365   -74.272    0.1   -0.0   -0.1
   -14.347   -74.272    0.1   -0.0   -0.1
   -14.329   -74.272    0.1   -0.0   -0.1
   -14.311   -74.272    0.1   -0.0   -0.1
   -14.293   -74.272    0.1   -0.0   -0.1
   -14.275   -74.272    0.1   -0.0   -0.1
   -14.257   -74.272    0.1   -0.0   -0.1
   -14.239   -74.272    0.1   -0.0   -0.1
   -14.221   -74.272    0.1   -0.0   -0.1
   -14.203   -74.272    0.1   -0.0   -0.1
   -14.185   -74.272    0.1   -0.0   -0.1
   -14.167   -74.272    0.1   -0.0   -0.1
   -14.149   -74.272    0.1   -0.0   -0.1
   -14.131   -74.272    0.1   -0.0   -0.1
   -14.113   -74.272    0.0   -0.0   -0.1
   -14.095   -74.272    0.0   -0.0   -0.1
   -14.077   -74.272    0.0   -0.0   -0.1
   -14.059   -74.272    0.0   -0.0   -0.1
   -14.041   -74.272    0.0   -0.0   -0.1
   -14.024   -74.272    0.0   -0.0   -0.1
   -14.006   -74.272    0.0   -0.0   -0.1
   -13.988   -74.272    0.0   -0.0   -0.1
   -13.970   -74.272    0.0   -0.0   -0.1
   -13.952   -74.272    0.0   -0.0   -0.1
   -13.934   -74.272    0.0   -0.0   -0.1
   -13.916   -74.272    0.0   -0.0   -0.1
   -13.898   -74.272    0.0   -0.0   -0.0
   -13.880   -74.272    0.0   -0.0   -0.0
   -13.862   -74.272    0.0   -0.0   -0.0
   -13.844   -74.272    0.0   -0.0   -0.0
   -13.826   -74.272    0.0   -0.0   -0.0
   -13.808   -74.272    0.0   -0.0   -0.0
   -13.790   -74.272    0.0   -0.0   -0.0
   -13.772   -74.272    0.0   -0.0   -0.0
   -13.754   -74.272    0.0   -0.0   -0.0
   -13.736   -74.272    0.0   -0.0   -0.0
   -13.718   -74.272    0.0   -0.0   -0.0
   -13.700   -74.272    0.0   -0.0   -0.0
   -13.682   -74.272    0.0   -0.0   -0.0
   -13.664   -74.272    0.0   -0.0   -0.0
   -13.647   -74.272    0.0   -0.0   -0.0
   -13.629   -74.272    0.0   -0.0   -0.0
   -13.611   -74.272    0.0   -0.0   -0.0
   -15.406   -74.253    0.0    0.0   -0.0
   -15.388   -74.253    0.0    0.0   -0.0
   -15.370   -74.253    0.0    0.0   -0.0
   -15.352   -74.253    0.0    0.0   -0.0
   -15.334   -74.253    0.0    0.0   -0.0
   -15.316   -74.253    0.0    0.0   -0.0
   -15.298   -74.253    0.0    0.0   -0.0
   -15.280   -74.253    0.0    0.0   -0.0
   -15.262   -74.253    0.0    0.0   -0.0
   -15.244   -74.253    0.0    0.0   -0.0
   -15.226   -74.253    0.0    0.0   -0.0
   -15.208   -74.253    0.0    0.0   -0.0
   -15.190   -74.253    0.0    0.0   -0.0
   -15.172   -74.253    0.0    0.0   -0.0
   -15.154   -74.253    0.0    0.0   -0.1
   -15.136   -74.253    0.0    0.0   -0.1
   -15.119   -74.253    0.0    0.0   -0.1
   -15.101   -74.253    0.0    0.1   -0.1
   -15.083   -74.253    0.0    0.1   -0.1
   -15.065   -74.253    0.0    0.1   -0.1
   -15.047   -74.253    0.0    0.1   -0.1
   -15.029   -74.253    0.0    0.1   -0.1
   -15.011   -74.253    0.1    0.1   -0.1
   -14.993   -74.253    0.1    0.1   -0.1
   -14.975   -74.253    0.1    0.0   -0.1
   -14.957   -74.253    0.1    0.0   -0.1
   -14.939   -74.253    0.1    0.0   -0.1
   -14.921   -74.253    0.1    0.0   -0.1
   -14.903   -74.253    0.1    0.0   -0.1
   -14.885   -74.253    0.1    0.0   -0.1
   -14.867   -74.253    0.1    0.0   -0.1
   -14.849   -74.253    0.1    0.0   -0.1
   -14.831   -74.253    0.1    0.0   -0.1
   -14.813   -74.253    0.1    0.0   -0.1
   -14.795   -74.253    0.1    0.0   -0.1
   -14.777   -74.253    0.1    0.0   -0.1
   -14.760   -74.253    0.1    0.0   -0.1
   -14.742   -74.253    0.1    0.0   -0.1
   -14.724   -74.253    0.1    0.0   -0.1
   -14.706   -74.253    0.1    0.0   -0.1
   -14.688   -74.253    0.1    0.0   -0.1
   -14.670   -74.253    0.1    0.0   -0.1
   -14.652   -74.253    0.1    0.0   -0.1
   -14.634   -74.253    0.1    0.0   -0.1
   -14.616   -74.253    0.1    0.0   -0.1
   -14.598   -74.253    0.1    0.0   -0.1
   -14.580   -74.253    0.1    0.0   -0.1
   -14.562   -74.253    0.1    0.0   -0.1
   -14.544   -74.253    0.1    0.0   -0.1
   -14.526   -74.253    0.1    0.0   -0.1
   -14.508   -74.253    0.1    0.0   -0.1
   -14.490   -74.253    0.1    0.0   -0.1
   -14.472   -74.253    0.1    0.0   -0.1
   -14.454   -74.253    0.1   -0.0   -0.1
   -14.436   -74.253    0.1   -0.0   -0.1
   -14.418   -74.253    0.1   -0.0   -0.1
   -14.400   -74.253    0.1   -0.0   -0.1
   -14.383   -74.253    0.1   -0.0   -0.1
   -14.365   -74.253    0.1   -0.0   -0.1
   -14.347   -74.253    0.1   -0.0   -0.1
   -14.329   -74.253    0.1   -0.0   -0.1
   -14.311   -74.253    0.1   -0.0   -0.1
   -14.293   -74.253    0.1   -0.0   -0.1
   -14.275   -74.253    0.1   -0.0   -0.1
   -14.257   -74.253    0.1   -0.0   -0.1
   -14.239   -74.253    0.1   -0.0   -0.1
   -14.221   -74.253    0.1   -0.0   -0.1
   -14.203   -74.253    0.1   -0.0   -0.1
   -14.185   -74.253    0.1   -0.0   -0.1
   -14.167   -74.253    0.1   -0.0   -0.1
   -14.149   -74.253    0.1   -0.0   -0.1
   -14.131   -74.253    0.1   -0.0   -0.1
   -14.113   -74.253    0.1   -0.0   -0.1
   -14.095   -74.253    0.0   -0.0   -0.1
   -14.077   -74.253    0.0   -0.0   -0.1
   -14.059   -74.253    0.0   -0.0   -0.1
   -14.041   -74.253    0.0   -0.0   -0.1
   -14.024   -74.253    0.0   -0.0   -0.1
   -14.006   -74.253    0.0   -0.0   -0.1
   -13.988   -74.253    0.0   -0.0   -0.1
   -13.970   -74.253    0.0   -0.0   -0.1
   -13.952   -74.253    0.0   -0.0   -0.1
   -13.934   -74.253    0.0   -0.0   -0.1
   -13.916   -74.253    0.0   -0.0   -0.1
   -13.898   -74.253    0.0   -0.0   -0.1
   -13.880   -74.253    0.0   -0.0   -0.0
   -13.862   -74.253    0.0   -0.0   -0.0
   -13.844   -74.253    0.0   -0.0   -0.0
   -13.826   -74.253    0.0   -0.0   -0.0
   -13.808   -74.253    0.0   -0.0   -0.0
   -13.790   -74.253    0.0   -0.0   -0.0
   -13.772   -74.253    0.0   -0.0   -0.0
   -13.754   -74.253    0.0   -0.0   -0.0
   -13.736   -74.253    0.0   -0.0   -0.0
   -13.718   -74.253    0.0   -0.0   -0.0
   -13.700   -74.253    0.0   -0.0   -0.0
   -13.682   -74.253    0.0   -0.0   -0.0
   -13.664   -74.253    0.0   -0.0   -0.0
   -13.647   -74.253    0.0   -0.0   -0.0
   -13.629   -74.253    0.0   -0.0   -0.0
   -13.611   -74.253    0.0   -0.0   -0.0
   -15.406   -74.235    0.0    0.0   -0.0
   -15.388   -74.235    0.0    0.0   -0.0
   -15.370   -74.235    0.0    0.0   -0.0
   -15.352   -74.235    0.0    0.0   -0.0
   -15.334   -74.235    0.0    0.0   -0.0
   -15.316   -74.235    0.0    0.0   -0.0
   -15.298   -74.235    0.0    0.0   -0.0
   -15.280   -74.235    0.0    0.0   -0.0
   -15.262   -74.235    0.0    0.0   -0.0
   -15.244   -74.235    0.0    0.0   -0.0
   -15.226   -74.235    0.0    0.0   -0.0
   -15.208   -74.235    0.0    0.0   -0.0
   -15.190   -74.235    0.0    0.0   -0.0
   -15.172   -74.235    0.0    0.1   -0.1
   -15.154   -74.235    0.0    0.1   -0.1
   -15.136   -74.235    0.0    0.1   -0.1
   -15.119   -74.235    0.0    0.1   -0.1
   -15.101   -74.235    0.0    0.1   -0.1
   -15.083   -74.235    0.0    0.1   -0.1
   -15.065   -74.235    0.0    0.1   -0.1
   -15.047   -74.235    0.0    0.1   -0.1
   -15.029   -74.235    0.1    0.1   -0.1
   -15.011   -74.235    0.1    0.1   -0.1
   -14.993   -74.235    0.1    0.1   -0.1
   -14.975   -74.235    0.1    0.1   -0.1
   -14.957   -74.235    0.1    0.1   -0.1
   -14.939   -74.235    0.1    0.1   -0.1
   -14.921   -74.235    0.1    0.1   -0.1
   -14.903   -74.235    0.1    0.0   -0.1
   -14.885   -74.235    0.1    0.0   -0.1
   -14.867   -74.235    0.1    0.0   -0.1
   -14.849   -74.235    0.1    0.0   -0.1
   -14.831   -74.235    0.1    0.0   -0.1
   -14.813   -74.235    0.1    0.0   -0.1
   -14.795   -74.235    0.1    0.0   -0.1
   -14.777   -74.235    0.1    0.0   -0.1
   -14.760   -74.235    0.1    0.0   -0.1
   -14.742   -74.235    0.1    0.0   -0.1
   -14.724   -74.235    0.1    0.0   -0.1
   -14.706   -74.235    0.1    0.0   -0.1
   -14.688   -74.235    0.1    0.0   -0.1
   -14.670   -74.235    0.1    0.0   -0.1
   -14.652   -74.235    0.1    0.0   -0.1
   -14.634   -74.235    0.1    0.0   -0.1
   -14.616   -74.235    0.1    0.0   -0.1
   -14.598   -74.235    0.1    0.0   -0.1
   -14.580   -74.235    0.1    0.0   -0.1
   -14.562   -74.235    0.1    0.0   -0.1
   -14.544   -74.235    0.1    0.0   -0.1
   -14.526   -74.235    0.1    0.0   -0.1
   -14.508   -74.235    0.1    0.0   -0.1
   -14.490   -74.235    0.1    0.0   -0.1
   -14.472   -74.235    0.1    0.0   -0.1
   -14.454   -74.235    0.1   -0.0   -0.1
   -14.436   -74.235    0.1   -0.0   -0.1
   -14.418   -74.235    0.1   -0.0   -0.1
   -14.400   -74.235    0.1   -0.0   -0.1
   -14.383   -74.235    0.1   -0.0   -0.1
   -14.365   -74.235    0.1   -0.0   -0.1
   -14.347   -74.235    0.1   -0.0   -0.1
   -14.329   -74.235    0.1   -0.0   -0.1
   -14.311   -74.235    0.1   -0.0   -0.1
   -14.293   -74.235    0.1   -0.0   -0.1
   -14.275   -74.235    0.1   -0.0   -0.1
   -14.257   -74.235    0.1   -0.0   -0.1
   -14.239   -74.235    0.1   -0.0   -0.1
   -14.221   -74.235    0.1   -0.0   -0.1
   -14.203   -74.235    0.1   -0.0   -0.1
   -14.185   -74.235    0.1   -0.0   -0.1
   -14.167   -74.235    0.1   -0.0   -0.1
   -14.149   -74.235    0.1   -0.0   -0.1
   -14.131   -74.235    0.1   -0.0   -0.1
   -14.113   -74.235    0.1   -0.0   -0.1
   -14.095   -74.235    0.1   -0.0   -0.1
   -14.077   -74.235    0.1   -0.0   -0.1
   -14.059   -74.235    0.0   -0.0   -0.1
   -14.041   -74.235    0.0   -0.0   -0.1
   -14.024   -74.235    0.0   -0.0   -0.1
   -14.006   -74.235    0.0   -0.0   -0.1
   -13.988   -74.235    0.0   -0.0   -0.1
   -13.970   -74.235    0.0   -0.0   -0.1
   -13.952   -74.235    0.0   -0.0   -0.1
   -13.934   -74.235    0.0   -0.0   -0.1
   -13.916   -74.235    0.0   -0.0   -0.1
   -13.898   -74.235    0.0   -0.0   -0.1
   -13.880   -74.235    0.0   -0.0   -0.1
   -13.862   -74.235    0.0   -0.0   -0.1
   -13.844   -74.235    0.0   -0.0   -0.0
   -13.826   -74.235    0.0   -0.0   -0.0
   -13.808   -74.235    0.0   -0.0   -0.0
   -13.790   -74.235    0.0   -0.0   -0.0
   -13.772   -74.235    0.0   -0.0   -0.0
   -13.754   -74.235    0.0   -0.0   -0.0
   -13.736   -74.235    0.0   -0.0   -0.0
   -13.718   -74.235    0.0   -0.0   -0.0
   -13.700   -74.235    0.0   -0.0   -0.0
   -13.682   -74.235    0.0   -0.0   -0.0
   -13.664   -74.235    0.0   -0.0   -0.0
   -13.647   -74.235    0.0   -0.0   -0.0
   -13.629   -74.235    0.0   -0.0   -0.0
   -13.611   -74.235    0.0   -0.0   -0.0
   -15.406   -74.216    0.0    0.0   -0.0
   -15.388   -74.216    0.0    0.0   -0.0
   -15.370   -74.216    0.0    0.0   -0.0
   -15.352   -74.216    0.0    0.0   -0.0
   -15.334   -74.216    0.0    0.0   -0.0
   -15.316   -74.216    0.0    0.0   -0.0
   -15.298   -74.216    0.0    0.0   -0.0
   -15.280   -74.216    0.0    0.0   -0.0
   -15.262   -74.216    0.0    0.0   -0.0
   -15.244   -74.216    0.0    0.0   -0.0
   -15.226   -74.216    0.0    0.0   -0.0
   -15.208   -74.216    0.0    0.1   -0.0
   -15.190   -74.216    0.0    0.1   -0.1
   -15.172   -74.216    0.0    0.1   -0.1
   -15.154   -74.216    0.0    0.1   -0.1
   -15.136   -74.216    0.0    0.1   -0.1
   -15.119   -74.216    0.0    0.1   -0.1
   -15.101   -74.216    0.0    0.1   -0.1
   -15.083   -74.216    0.0    0.1   -0.1
   -15.065   -74.216    0.0    0.1   -0.1
   -15.047   -74.216    0.1    0.1   -0.1
   -15.029   -74.216    0.1    0.1   -0.1
   -15.011   -74.216    0.1    0.1   -0.1
   -14.993   -74.216    0.1    0.1   -0.1
   -14.975   -74.216    0.1    0.1   -0.1
   -14.957   -74.216    0.1    0.1   -0.1
   -14.939   -74.216    0.1    0.1   -0.1
   -14.921   -74.216    0.1    0.1   -0.1
   -14.903   -74.216    0.1    0.1   -0.1
   -14.885   -74.216    0.1    0.1   -0.1
   -14.867   -74.216    0.1    0.0   -0.1
   -14.849   -74.216    0.1    0.0   -0.1
   -14.831   -74.216    0.1    0.0   -0.1
   -14.813   -74.216    0.1    0.0   -0.1
   -14.795   -74.216    0.1    0.0   -0.1
   -14.777   -74.216    0.1    0.0   -0.1
   -14.760   -74.216    0.1    0.0   -0.1
   -14.742   -74.216    0.1    0.0   -0.1
   -14.724   -74.216    0.1    0.0   -0.1
   -14.706   -74.216    0.1    0.0   -0.1
   -14.688   -74.216    0.1    0.0   -0.1
   -14.670   -74.216    0.1    0.0   -0.1
   -14.652   -74.216    0.1    0.0   -0.1
   -14.634   -74.216    0.1    0.0   -0.1
   -14.616   -74.216    0.1    0.0   -0.1
   -14.598   -74.216    0.1    0.0   -0.1
   -14.580   -74.216    0.1    0.0   -0.1
   -14.562   -74.216    0.1    0.0   -0.1
   -14.544   -74.216    0.1    0.0   -0.1
   -14.526   -74.216    0.1    0.0   -0.1
   -14.508   -74.216    0.1    0.0   -0.1
   -14.490   -74.216    0.1    0.0   -0.1
   -14.472   -74.216    0.1   -0.0   -0.1
   -14.454   -74.216    0.1   -0.0   -0.1
   -14.436   -74.216    0.1   -0.0   -0.1
   -14.418   -74.216    0.1   -0.0   -0.1
   -14.400   -74.216    0.1   -0.0   -0.1
   -14.383   -74.216    0.1   -0.0   -0.1
   -14.365   -74.216    0.1   -0.0   -0.1
   -14.347   -74.216    0.1   -0.0   -0.1
   -14.329   -74.216    0.1   -0.0   -0.1
   -14.311   -74.216    0.1   -0.0   -0.1
   -14.293   -74.216    0.1   -0.0   -0.1
   -14.275   -74.216    0.1   -0.0   -0.1
   -14.257   -74.216    0.1   -0.0   -0.1
   -14.239   -74.216    0.1   -0.0   -0.1
   -14.221   -74.216    0.1   -0.0   -0.1
   -14.203   -74.216    0.1   -0.0   -0.1
   -14.185   -74.216    0.1   -0.0   -0.1
   -14.167   -74.216    0.1   -0.0   -0.1
   -14.149   -74.216    0.1   -0.0   -0.1
   -14.131   -74.216    0.1   -0.0   -0.1
   -14.113   -74.216    0.1   -0.0   -0.1
   -14.095   -74.216    0.1   -0.0   -0.1
   -14.077   -74.216    0.1   -0.0   -0.1
   -14.059   -74.216    0.1   -0.0   -0.1
   -14.041   -74.216    0.0   -0.0   -0.1
   -14.024   -74.216    0.0   -0.0   -0.1
   -14.006   -74.216    0.0   -0.0   -0.1
   -13.988   -74.216    0.0   -0.0   -0.1
   -13.970   -74.216    0.0   -0.0   -0.1
   -13.952   -74.216    0.0   -0.0   -0.1
   -13.934   -74.216    0.0   -0.0   -0.1
   -13.916   -74.216    0.0   -0.0   -0.1
   -13.898   -74.216    0.0   -0.0   -0.1
   -13.880   -74.216    0.0   -0.0   -0.1
   -13.862   -74.216    0.0   -0.0   -0.1
   -13.844   -74.216    0.0   -0.0   -0.1
   -13.826   -74.216    0.0   -0.0   -0.0
   -13.808   -74.216    0.0   -0.0   -0.0
   -13.790   -74.216    0.0   -0.0   -0.0
   -13.772   -74.216    0.0   -0.0   -0.0
   -13.754   -74.216    0.0   -0.0   -0.0
   -13.736   -74.216    0.0   -0.0   -0.0
   -13.718   -74.216    0.0   -0.0   -0.0
   -13.700   -74.216    0.0   -0.0   -0.0
   -13.682   -74.216    0.0   -0.0   -0.0
   -13.664   -74.216    0.0   -0.0   -0.0
   -13.647   -74.216    0.0   -0.0   -0.0
   -13.629   -74.216    0.0   -0.0   -0.0
   -13.611   -74.216    0.0   -0.0   -0.0
   -15.406   -74.198    0.0    0.0   -0.0
   -15.388   -74.198    0.0    0.0   -0.0
   -15.370   -74.198    0.0    0.0   -0.0
   -15.352   -74.198    0.0    0.0   -0.0
   -15.334   -74.198    0.0    0.0   -0.0
   -15.316   -74.198    0.0    0.0   -0.0
   -15.298   -74.198    0.0    0.0   -0.0
   -15.280   -74.198    0.0    0.0   -0.0
   -15.262   -74.198    0.0    0.0   -0.0
   -15.244   -74.198    0.0    0.1   -0.0
   -15.226   -74.198    0.0    0.1   -0.0
   -15.208   -74.198    0.0    0.1   -0.1
   -15.190   -74.198    0.0    0.1   -0.1
   -15.172   -74.198    0.0    0.1   -0.1
   -15.154   -74.198    0.0    0.1   -0.1
   -15.136   -74.198    0.0    0.1   -0.1
   -15.119   -74.198    0.0    0.1   -0.1
   -15.101   -74.198    0.0    0.1   -0.1
   -15.083   -74.198    0.0    0.1   -0.1
   -15.065   -74.198    0.0    0.1   -0.1
   -15.047   -74.198    0.1    0.1   -0.1
   -15.029   -74.198    0.1    0.1   -0.1
   -15.011   -74.198    0.1    0.1   -0.1
   -14.993   -74.198    0.1    0.1   -0.1
   -14.975   -74.198    0.1    0.1   -0.1
   -14.957   -74.198    0.1    0.1   -0.1
   -14.939   -74.198    0.1    0.1   -0.1
   -14.921   -74.198    0.1    0.1   -0.1
   -14.903   -74.198    0.1    0.1   -0.1
   -14.885   -74.198    0.1    0.1   -0.1
   -14.867   -74.198    0.1    0.1   -0.1
   -14.849   -74.198    0.1    0.0   -0.1
   -14.831   -74.198    0.1    0.0   -0.1
   -14.813   -74.198    0.1    0.0   -0.1
   -14.795   -74.198    0.1    0.0   -0.1
   -14.777   -74.198    0.1    0.0   -0.1
   -14.760   -74.198    0.1    0.0   -0.1
   -14.742   -74.198    0.1    0.0   -0.1
   -14.724   -74.198    0.1    0.0   -0.1
   -14.706   -74.198    0.1    0.0   -0.1
   -14.688   -74.198    0.1    0.0   -0.1
   -14.670   -74.198    0.1    0.0   -0.1
   -14.652   -74.198    0.1    0.0   -0.1
   -14.634   -74.198    0.1    0.0   -0.1
   -14.616   -74.198    0.1    0.0   -0.1
   -14.598   -74.198    0.1    0.0   -0.1
   -14.580   -74.198    0.1    0.0   -0.1
   -14.562   -74.198    0.1    0.0   -0.1
   -14.544   -74.198    0.1    0.0   -0.1
   -14.526   -74.198    0.1    0.0   -0.1
   -14.508   -74.198    0.1    0.0   -0.1
   -14.490   -74.198    0.1    0.0   -0.1
   -14.472   -74.198    0.1   -0.0   -0.1
   -14.454   -74.198    0.1   -0.0   -0.1
   -14.436   -74.198    0.1   -0.0   -0.1
   -14.418   -74.198    0.1   -0.0   -0.1
   -14.400   -74.198    0.1   -0.0   -0.1
   -14.383   -74.198    0.1   -0.0   -0.1
   -14.365   -74.198    0.1   -0.0   -0.1
   -14.347   -74.198    0.1   -0.0   -0.1
   -14.329   -74.198    0.1   -0.0   -0.1
   -14.311   -74.198    0.1   -0.0   -0.1
   -14.293   -74.198    0.1   -0.0   -0.1
   -14.275   -74.198    0.1   -0.0   -0.1
   -14.257   -74.198    0.1   -0.0   -0.1
   -14.239   -74.198    0.1   -0.0   -0.1
   -14.221   -74.198    0.1   -0.0   -0.1
   -14.203   -74.198    0.1   -0.0   -0.1
   -14.185   -74.198    0.1   -0.0   -0.1
   -14.167   -74.198    0.1   -0.0   -0.1
   -14.149   -74.198    0.1   -0.0   -0.1
   -14.131   -74.198    0.1   -0.0   -0.1
   -14.113   -74.198    0.1   -0.0   -0.1
   -14.095   -74.198    0.1   -0.0   -0.1
   -14.077   -74.198    0.1   -0.0   -0.1
   -14.059   -74.198    0.1   -0.0   -0.1
   -14.041   -74.198    0.1   -0.0   -0.1
   -14.024   -74.198    0.0   -0.0   -0.1
   -14.006   -74.198    0.0   -0.0   -0.1
   -13.988   -74.198    0.0   -0.0   -0.1
   -13.970   -74.198    0.0   -0.0   -0.1
   -13.952   -74.198    0.0   -0.0   -0.1
   -13.934   -74.198    0.0   -0.0   -0.1
   -13.916   -74.198    0.0   -0.0   -0.1
   -13.898   -74.198    0.0   -0.0   -0.1
   -13.880   -74.198    0.0   -0.0   -0.1
   -13.862   -74.198    0.0   -0.0   -0.1
   -13.844   -74.198    0.0   -0.0   -0.1
   -13.826   -74.198    0.0   -0.0   -0.1
   -13.808   -74.198    0.0   -0.0   -0.1
   -13.790   -74.198    0.0   -0.0   -0.0
   -13.772   -74.198    0.0   -0.0   -0.0
   -13.754   -74.198    0.0   -0.0   -0.0
   -13.736   -74.198    0.0   -0.0   -0.0
   -13.718   -74.198    0.0   -0.0   -0.0
   -13.700   -74.198    0.0   -0.0   -0.0
   -13.682   -74.198    0.0   -0.0   -0.0
   -13.664   -74.198    0.0   -0.0   -0.0
   -13.647   -74.198    0.0   -0.0   -0.0
   -13.629   -74.198    0.0   -0.0   -0.0
   -13.611   -74.198    0.0   -0.0   -0.0
   -15.406   -74.179    0.0    0.0   -0.0
   -15.388   -74.179    0.0    0.0   -0.0
   -15.370   -74.179    0.0    0.0   -0.0
   -15.352   -74.179    0.0    0.0   -0.0
   -15.334   -74.179    0.0    0.0   -0.0
   -15.316   -74.179    0.0    0.0   -0.0
   -15.298   -74.179    0.0    0.0   -0.0
   -15.280   -74.179    0.0    0.0   -0.0
   -15.262   -74.179    0.0    0.1   -0.0
   -15.244   -74.179    0.0    0.1   -0.0
   -15.226   -74.179    0.0    0.1   -0.1
   -15.208   -74.179    0.0    0.1   -0.1
   -15.190   -74.179    0.0    0.1   -0.1
   -15.172   -74.179    0.0    0.1   -0.1
   -15.154   -74.179    0.0    0.1   -0.1
   -15.136   -74.179    0.0    0.1   -0.1
   -15.119   -74.179    0.0    0.1   -0.1
   -15.101   -74.179    0.0    0.1   -0.1
   -15.083   -74.179    0.0    0.1   -0.1
   -15.065   -74.179    0.1    0.1   -0.1
   -15.047   -74.179    0.1    0.1   -0.1
   -15.029   -74.179    0.1    0.1   -0.1
   -15.011   -74.179    0.1    0.1   -0.1
   -14.993   -74.179    0.1    0.1   -0.1
   -14.975   -74.179    0.1    0.1   -0.1
   -14.957   -74.179    0.1    0.1   -0.1
   -14.939   -74.179    0.1    0.1   -0.1
   -14.921   -74.179    0.1    0.1   -0.1
   -14.903   -74.179    0.1    0.1   -0.1
   -14.885   -74.179    0.1    0.1   -0.1
   -14.867   -74.179    0.1    0.1   -0.1
   -14.849   -74.179    0.1    0.1   -0.1
   -14.831   -74.179    0.1    0.1   -0.1
   -14.813   -74.179    0.1    0.0   -0.1
   -14.795   -74.179    0.1    0.0   -0.1
   -14.777   -74.179    0.1    0.0   -0.1
   -14.760   -74.179    0.1    0.0   -0.1
   -14.742   -74.179    0.1    0.0   -0.1
   -14.724   -74.179    0.1    0.0   -0.1
   -14.706   -74.179    0.1    0.0   -0.1
   -14.688   -74.179    0.1    0.0   -0.1
   -14.670   -74.179    0.1    0.0   -0.1
   -14.652   -74.179    0.1    0.0   -0.1
   -14.634   -74.179    0.1    0.0   -0.1
   -14.616   -74.179    0.1    0.0   -0.1
   -14.598   -74.179    0.1    0.0   -0.1
   -14.580   -74.179    0.1    0.0   -0.1
   -14.562   -74.179    0.1    0.0   -0.1
   -14.544   -74.179    0.1    0.0   -0.1
   -14.526   -74.179    0.1    0.0   -0.1
   -14.508   -74.179    0.1    0.0   -0.1
   -14.490   -74.179    0.1    0.0   -0.1
   -14.472   -74.179    0.1   -0.0   -0.1
   -14.454   -74.179    0.1   -0.0   -0.1
   -14.436   -74.179    0.1   -0.0   -0.1
   -14.418   -74.179    0.1   -0.0   -0.1
   -14.400   -74.179    0.1   -0.0   -0.1
   -14.383   -74.179    0.1   -0.0   -0.1
   -14.365   -74.179    0.1   -0.0   -0.1
   -14.347   -74.179    0.1   -0.0   -0.1
   -14.329   -74.179    0.1   -0.0   -0.1
   -14.311   -74.179    0.1   -0.0   -0.1
   -14.293   -74.179    0.1   -0.0   -0.1
   -14.275   -74.179    0.1   -0.0   -0.1
   -14.257   -74.179    0.1   -0.0   -0.1
   -14.239   -74.179    0.1   -0.0   -0.1
   -14.221   -74.179    0.1   -0.0   -0.1
   -14.203   -74.179    0.1   -0.0   -0.1
   -14.185   -74.179    0.1   -0.0   -0.1
   -14.167   -74.179    0.1   -0.0   -0.1
   -14.149   -74.179    0.1   -0.0   -0.1
   -14.131   -74.179    0.1   -0.0   -0.1
   -14.113   -74.179    0.1   -0.0   -0.1
   -14.095   -74.179    0.1   -0.0   -0.1
   -14.077   -74.179    0.1   -0.0   -0.1
   -14.059   -74.179    0.1   -0.0   -0.1
   -14.041   -74.179    0.1   -0.0   -0.1
   -14.024   -74.179    0.1   -0.0   -0.1
   -14.006   -74.179    0.0   -0.0   -0.1
   -13.988   -74.179    0.0   -0.0   -0.1
   -13.970   -74.179    0.0   -0.0   -0.1
   -13.952   -74.179    0.0   -0.0   -0.1
   -13.934   -74.179    0.0   -0.0   -0.1
   -13.916   -74.179    0.0   -0.0   -0.1
   -13.898   -74.179    0.0   -0.0   -0.1
   -13.880   -74.179    0.0   -0.0   -0.1
   -13.862   -74.179    0.0   -0.0   -0.1
   -13.844   -74.179    0.0   -0.0   -0.1
   -13.826   -74.179    0.0   -0.0   -0.1
   -13.808   -74.179    0.0   -0.0   -0.1
   -13.790   -74.179    0.0   -0.0   -0.1
   -13.772   -74.179    0.0   -0.0   -0.0
   -13.754   -74.179    0.0   -0.0   -0.0
   -13.736   -74.179    0.0   -0.0   -0.0
   -13.718   -74.179    0.0   -0.0   -0.0
   -13.700   -74.179    0.0   -0.0   -0.0
   -13.682   -74.179    0.0   -0.0   -0.0
   -13.664   -74.179    0.0   -0.0   -0.0
   -13.647   -74.179    0.0   -0.0   -0.0
   -13.629   -74.179    0.0   -0.0   -0.0
   -13.611   -74.179    0.0   -0.0   -0.0
   -15.406   -74.160    0.0    0.0   -0.0
   -15.388   -74.160    0.0    0.0   -0.0
   -15.370   -74.160    0.0    0.0   -0.0
   -15.352   -74.160    0.0    0.0   -0.0
   -15.334   -74.160    0.0    0.0   -0.0
   -15.316   -74.160    0.0    0.0   -0.0
   -15.298   -74.160    0.0    0.1   -0.0
   -15.280   -74.160    0.0    0.1   -0.0
   -15.262   -74.160    0.0    0.1   -0.0
   -15.244   -74.160    0.0    0.1   -0.1
   -15.226   -74.160    0.0    0.1   -0.1
   -15.208   -74.160    0.0    0.1   -0.1
   -15.190   -74.160    0.0    0.1   -0.1
   -15.172   -74.160    0.0    0.1   -0.1
   -15.154   -74.160    0.0    0.1   -0.1
   -15.136   -74.160    0.0    0.1   -0.1
   -15.119   -74.160    0.0    0.1   -0.1
   -15.101   -74.160    0.0    0.1   -0.1
   -15.083   -74.160    0.0    0.1   -0.1
   -15.065   -74.160    0.1    0.1   -0.1
   -15.047   -74.160    0.1    0.1   -0.1
   -15.029   -74.160    0.1    0.1   -0.1
   -15.011   -74.160    0.1    0.1   -0.1
   -14.993   -74.160    0.1    0.1   -0.1
   -14.975   -74.160    0.1    0.1   -0.1
   -14.957   -74.160    0.1    0.1   -0.1
   -14.939   -74.160    0.1    0.1   -0.1
   -14.921   -74.160    0.1    0.1   -0.1
   -14.903   -74.160    0.1    0.1   -0.1
   -14.885   -74.160    0.1    0.1   -0.1
   -14.867   -74.160    0.1    0.1   -0.1
   -14.849   -74.160    0.1    0.1   -0.1
   -14.831   -74.160    0.1    0.1   -0.1
   -14.813   -74.160    0.1    0.1   -0.1
   -14.795   -74.160    0.1    0.0   -0.1
   -14.777   -74.160    0.1    0.0   -0.1
   -14.760   -74.160    0.1    0.0   -0.1
   -14.742   -74.160    0.1    0.0   -0.1
   -14.724   -74.160    0.1    0.0   -0.1
   -14.706   -74.160    0.1    0.0   -0.1
   -14.688   -74.160    0.1    0.0   -0.1
   -14.670   -74.160    0.1    0.0   -0.2
   -14.652   -74.160    0.1    0.0   -0.2
   -14.634   -74.160    0.1    0.0   -0.2
   -14.616   -74.160    0.1    0.0   -0.2
   -14.598   -74.160    0.1    0.0   -0.2
   -14.580   -74.160    0.1    0.0   -0.2
   -14.562   -74.160    0.1    0.0   -0.2
   -14.544   -74.160    0.1    0.0   -0.2
   -14.526   -74.160    0.1    0.0   -0.2
   -14.508   -74.160    0.1    0.0   -0.2
   -14.490   -74.160    0.1   -0.0   -0.2
   -14.472   -74.160    0.1   -0.0   -0.2
   -14.454   -74.160    0.1   -0.0   -0.2
   -14.436   -74.160    0.1   -0.0   -0.2
   -14.418   -74.160    0.1   -0.0   -0.2
   -14.400   -74.160    0.1   -0.0   -0.2
   -14.383   -74.160    0.1   -0.0   -0.1
   -14.365   -74.160    0.1   -0.0   -0.1
   -14.347   -74.160    0.1   -0.0   -0.1
   -14.329   -74.160    0.1   -0.0   -0.1
   -14.311   -74.160    0.1   -0.0   -0.1
   -14.293   -74.160    0.1   -0.0   -0.1
   -14.275   -74.160    0.1   -0.0   -0.1
   -14.257   -74.160    0.1   -0.0   -0.1
   -14.239   -74.160    0.1   -0.0   -0.1
   -14.221   -74.160    0.1   -0.0   -0.1
   -14.203   -74.160    0.1   -0.0   -0.1
   -14.185   -74.160    0.1   -0.0   -0.1
   -14.167   -74.160    0.1   -0.0   -0.1
   -14.149   -74.160    0.1   -0.0   -0.1
   -14.131   -74.160    0.1   -0.0   -0.1
   -14.113   -74.160    0.1   -0.0   -0.1
   -14.095   -74.160    0.1   -0.0   -0.1
   -14.077   -74.160    0.1   -0.0   -0.1
   -14.059   -74.160    0.1   -0.0   -0.1
   -14.041   -74.160    0.1   -0.0   -0.1
   -14.024   -74.160    0.1   -0.0   -0.1
   -14.006   -74.160    0.1   -0.0   -0.1
   -13.988   -74.160    0.0   -0.0   -0.1
   -13.970   -74.160    0.0   -0.0   -0.1
   -13.952   -74.160    0.0   -0.0   -0.1
   -13.934   -74.160    0.0   -0.0   -0.1
   -13.916   -74.160    0.0   -0.0   -0.1
   -13.898   -74.160    0.0   -0.0   -0.1
   -13.880   -74.160    0.0   -0.0   -0.1
   -13.862   -74.160    0.0   -0.0   -0.1
   -13.844   -74.160    0.0   -0.0   -0.1
   -13.826   -74.160    0.0   -0.0   -0.1
   -13.808   -74.160    0.0   -0.0   -0.1
   -13.790   -74.160    0.0   -0.0   -0.1
   -13.772   -74.160    0.0   -0.0   -0.1
   -13.754   -74.160    0.0   -0.0   -0.0
   -13.736   -74.160    0.0   -0.0   -0.0
   -13.718   -74.160    0.0   -0.0   -0.0
   -13.700   -74.160    0.0   -0.0   -0.0
   -13.682   -74.160    0.0   -0.0   -0.0
   -13.664   -74.160    0.0   -0.0   -0.0
   -13.647   -74.160    0.0   -0.0   -0.0
   -13.629   -74.160    0.0   -0.0   -0.0
   -13.611   -74.160    0.0   -0.0   -0.0
   -15.406   -74.142    0.0    0.0   -0.0
   -15.388   -74.142    0.0    0.0   -0.0
   -15.370   -74.142    0.0    0.0   -0.0
   -15.352   -74.142    0.0    0.0   -0.0
   -15.334   -74.142    0.0    0.0   -0.0
   -15.316   -74.142    0.0    0.1   -0.0
   -15.298   -74.142    0.0    0.1   -0.0
   -15.280   -74.142    0.0    0.1   -0.0
   -15.262   -74.142    0.0    0.1   -0.0
   -15.244   -74.142    0.0    0.1   -0.1
   -15.226   -74.142    0.0    0.1   -0.1
   -15.208   -74.142    0.0    0.1   -0.1
   -15.190   -74.142    0.0    0.1   -0.1
   -15.172   -74.142    0.0    0.1   -0.1
   -15.154   -74.142    0.0    0.1   -0.1
   -15.136   -74.142    0.0    0.1   -0.1
   -15.119   -74.142    0.0    0.1   -0.1
   -15.101   -74.142    0.0    0.1   -0.1
   -15.083   -74.142    0.1    0.1   -0.1
   -15.065   -74.142    0.1    0.1   -0.1
   -15.047   -74.142    0.1    0.1   -0.1
   -15.029   -74.142    0.1    0.1   -0.1
   -15.011   -74.142    0.1    0.1   -0.1
   -14.993   -74.142    0.1    0.1   -0.1
   -14.975   -74.142    0.1    0.1   -0.1
   -14.957   -74.142    0.1    0.1   -0.1
   -14.939   -74.142    0.1    0.1   -0.1
   -14.921   -74.142    0.1    0.1   -0.1
   -14.903   -74.142    0.1    0.1   -0.1
   -14.885   -74.142    0.1    0.1   -0.1
   -14.867   -74.142    0.1    0.1   -0.1
   -14.849   -74.142    0.1    0.1   -0.1
   -14.831   -74.142    0.1    0.1   -0.1
   -14.813   -74.142    0.1    0.1   -0.1
   -14.795   -74.142    0.1    0.1   -0.1
   -14.777   -74.142    0.1    0.0   -0.1
   -14.760   -74.142    0.1    0.0   -0.1
   -14.742   -74.142    0.1    0.0   -0.2
   -14.724   -74.142    0.1    0.0   -0.2
   -14.706   -74.142    0.1    0.0   -0.2
   -14.688   -74.142    0.1    0.0   -0.2
   -14.670   -74.142    0.1    0.0   -0.2
   -14.652   -74.142    0.1    0.0   -0.2
   -14.634   -74.142    0.1    0.0   -0.2
   -14.616   -74.142    0.1    0.0   -0.2
   -14.598   -74.142    0.1    0.0   -0.2
   -14.580   -74.142    0.1    0.0   -0.2
   -14.562   -74.142    0.1    0.0   -0.2
   -14.544   -74.142    0.1    0.0   -0.2
   -14.526   -74.142    0.1    0.0   -0.2
   -14.508   -74.142    0.1    0.0   -0.2
   -14.490   -74.142    0.1   -0.0   -0.2
   -14.472   -74.142    0.1   -0.0   -0.2
   -14.454   -74.142    0.1   -0.0   -0.2
   -14.436   -74.142    0.1   -0.0   -0.2
   -14.418   -74.142    0.1   -0.0   -0.2
   -14.400   -74.142    0.1   -0.0   -0.2
   -14.383   -74.142    0.1   -0.0   -0.2
   -14.365   -74.142    0.1   -0.0   -0.2
   -14.347   -74.142    0.1   -0.0   -0.2
   -14.329   -74.142    0.1   -0.0   -0.2
   -14.311   -74.142    0.1   -0.0   -0.1
   -14.293   -74.142    0.1   -0.0   -0.1
   -14.275   -74.142    0.1   -0.0   -0.1
   -14.257   -74.142    0.1   -0.0   -0.1
   -14.239   -74.142    0.1   -0.0   -0.1
   -14.221   -74.142    0.1   -0.0   -0.1
   -14.203   -74.142    0.1   -0.0   -0.1
   -14.185   -74.142    0.1   -0.0   -0.1
   -14.167   -74.142    0.1   -0.0   -0.1
   -14.149   -74.142    0.1   -0.0   -0.1
   -14.131   -74.142    0.1   -0.0   -0.1
   -14.113   -74.142    0.1   -0.0   -0.1
   -14.095   -74.142    0.1   -0.0   -0.1
   -14.077   -74.142    0.1   -0.0   -0.1
   -14.059   -74.142    0.1   -0.0   -0.1
   -14.041   -74.142    0.1   -0.0   -0.1
   -14.024   -74.142    0.1   -0.0   -0.1
   -14.006   -74.142    0.1   -0.0   -0.1
   -13.988   -74.142    0.1   -0.0   -0.1
   -13.970   -74.142    0.0   -0.0   -0.1
   -13.952   -74.142    0.0   -0.0   -0.1
   -13.934   -74.142    0.0   -0.0   -0.1
   -13.916   -74.142    0.0   -0.0   -0.1
   -13.898   -74.142    0.0   -0.0   -0.1
   -13.880   -74.142    0.0   -0.0   -0.1
   -13.862   -74.142    0.0   -0.0   -0.1
   -13.844   -74.142    0.0   -0.0   -0.1
   -13.826   -74.142    0.0   -0.0   -0.1
   -13.808   -74.142    0.0   -0.0   -0.1
   -13.790   -74.142    0.0   -0.0   -0.1
   -13.772   -74.142    0.0   -0.0   -0.1
   -13.754   -74.142    0.0   -0.0   -0.1
   -13.736   -74.142    0.0   -0.0   -0.0
   -13.718   -74.142    0.0   -0.0   -0.0
   -13.700   -74.142    0.0   -0.0   -0.0
   -13.682   -74.142    0.0   -0.0   -0.0
   -13.664   -74.142    0.0   -0.0   -0.0
   -13.647   -74.142    0.0   -0.0   -0.0
   -13.629   -74.142    0.0   -0.0   -0.0
   -13.611   -74.142    0.0   -0.0   -0.0
   -15.406   -74.123    0.0    0.0   -0.0
   -15.388   -74.123    0.0    0.0   -0.0
   -15.370   -74.123    0.0    0.0   -0.0
   -15.352   -74.123    0.0    0.0   -0.0
   -15.334   -74.123    0.0    0.1   -0.0
   -15.316   -74.123    0.0    0.1   -0.0
   -15.298   -74.123    0.0    0.1   -0.0
   -15.280   -74.123    0.0    0.1   -0.0
   -15.262   -74.123    0.0    0.1   -0.1
   -15.244   -74.123    0.0    0.1   -0.1
   -15.226   -74.123    0.0    0.1   -0.1
   -15.208   -74.123    0.0    0.1   -0.1
   -15.190   -74.123    0.0    0.1   -0.1
   -15.172   -74.123    0.0    0.1   -0.1
   -15.154   -74.123    0.0    0.1   -0.1
   -15.136   -74.123    0.0    0.1   -0.1
   -15.119   -74.123    0.0    0.1   -0.1
   -15.101   -74.123    0.0    0.1   -0.1
   -15.083   -74.123    0.1    0.1   -0.1
   -15.065   -74.123    0.1    0.1   -0.1
   -15.047   -74.123    0.1    0.1   -0.1
   -15.029   -74.123    0.1    0.1   -0.1
   -15.011   -74.123    0.1    0.1   -0.1
   -14.993   -74.123    0.1    0.1   -0.1
   -14.975   -74.123    0.1    0.1   -0.1
   -14.957   -74.123    0.1    0.1   -0.1
   -14.939   -74.123    0.1    0.1   -0.1
   -14.921   -74.123    0.1    0.1   -0.1
   -14.903   -74.123    0.1    0.1   -0.1
   -14.885   -74.123    0.1    0.1   -0.1
   -14.867   -74.123    0.1    0.1   -0.1
   -14.849   -74.123    0.1    0.1   -0.1
   -14.831   -74.123    0.1    0.1   -0.1
   -14.813   -74.123    0.1    0.1   -0.1
   -14.795   -74.123    0.1    0.1   -0.2
   -14.777   -74.123    0.1    0.1   -0.2
   -14.760   -74.123    0.1    0.0   -0.2
   -14.742   -74.123    0.1    0.0   -0.2
   -14.724   -74.123    0.1    0.0   -0.2
   -14.706   -74.123    0.1    0.0   -0.2
   -14.688   -74.123    0.1    0.0   -0.2
   -14.670   -74.123    0.1    0.0   -0.2
   -14.652   -74.123    0.1    0.0   -0.2
   -14.634   -74.123    0.1    0.0   -0.2
   -14.616   -74.123    0.1    0.0   -0.2
   -14.598   -74.123    0.1    0.0   -0.2
   -14.580   -74.123    0.1    0.0   -0.2
   -14.562   -74.123    0.1    0.0   -0.2
   -14.544   -74.123    0.1    0.0   -0.2
   -14.526   -74.123    0.1    0.0   -0.2
   -14.508   -74.123    0.1    0.0   -0.2
   -14.490   -74.123    0.1   -0.0   -0.2
   -14.472   -74.123    0.1   -0.0   -0.2
   -14.454   -74.123    0.1   -0.0   -0.2
   -14.436   -74.123    0.1   -0.0   -0.2
   -14.418   -74.123    0.1   -0.0   -0.2
   -14.400   -74.123    0.1   -0.0   -0.2
   -14.383   -74.123    0.1   -0.0   -0.2
   -14.365   -74.123    0.1   -0.0   -0.2
   -14.347   -74.123    0.1   -0.0   -0.2
   -14.329   -74.123    0.1   -0.0   -0.2
   -14.311   -74.123    0.1   -0.0   -0.2
   -14.293   -74.123    0.1   -0.0   -0.2
   -14.275   -74.123    0.1   -0.0   -0.2
   -14.257   -74.123    0.1   -0.0   -0.1
   -14.239   -74.123    0.1   -0.0   -0.1
   -14.221   -74.123    0.1   -0.0   -0.1
   -14.203   -74.123    0.1   -0.0   -0.1
   -14.185   -74.123    0.1   -0.0   -0.1
   -14.167   -74.123    0.1   -0.0   -0.1
   -14.149   -74.123    0.1   -0.0   -0.1
   -14.131   -74.123    0.1   -0.0   -0.1
   -14.113   -74.123    0.1   -0.0   -0.1
   -14.095   -74.123    0.1   -0.1   -0.1
   -14.077   -74.123    0.1   -0.1   -0.1
   -14.059   -74.123    0.1   -0.1   -0.1
   -14.041   -74.123    0.1   -0.1   -0.1
   -14.024   -74.123    0.1   -0.1   -0.1
   -14.006   -74.123    0.1   -0.1   -0.1
   -13.988   -74.123    0.1   -0.1   -0.1
   -13.970   -74.123    0.1   -0.1   -0.1
   -13.952   -74.123    0.0   -0.1   -0.1
   -13.934   -74.123    0.0   -0.1   -0.1
   -13.916   -74.123    0.0   -0.1   -0.1
   -13.898   -74.123    0.0   -0.0   -0.1
   -13.880   -74.123    0.0   -0.0   -0.1
   -13.862   -74.123    0.0   -0.0   -0.1
   -13.844   -74.123    0.0   -0.0   -0.1
   -13.826   -74.123    0.0   -0.0   -0.1
   -13.808   -74.123    0.0   -0.0   -0.1
   -13.790   -74.123    0.0   -0.0   -0.1
   -13.772   -74.123    0.0   -0.0   -0.1
   -13.754   -74.123    0.0   -0.0   -0.1
   -13.736   -74.123    0.0   -0.0   -0.1
   -13.718   -74.123    0.0   -0.0   -0.0
   -13.700   -74.123    0.0   -0.0   -0.0
   -13.682   -74.123    0.0   -0.0   -0.0
   -13.664   -74.123    0.0   -0.0   -0.0
   -13.647   -74.123    0.0   -0.0   -0.0
   -13.629   -74.123    0.0   -0.0   -0.0
   -13.611   -74.123    0.0   -0.0   -0.0
   -15.406   -74.105    0.0    0.0   -0.0
   -15.388   -74.105    0.0    0.0   -0.0
   -15.370   -74.105    0.0    0.0   -0.0
   -15.352   -74.105    0.0    0.0   -0.0
   -15.334   -74.105    0.0    0.1   -0.0
   -15.316   -74.105    0.0    0.1   -0.0
   -15.298   -74.105    0.0    0.1   -0.0
   -15.280   -74.105    0.0    0.1   -0.1
   -15.262   -74.105    0.0    0.1   -0.1
   -15.244   -74.105    0.0    0.1   -0.1
   -15.226   -74.105    0.0    0.1   -0.1
   -15.208   -74.105    0.0    0.1   -0.1
   -15.190   -74.105    0.0    0.1   -0.1
   -15.172   -74.105    0.0    0.1   -0.1
   -15.154   -74.105    0.0    0.1   -0.1
   -15.136   -74.105    0.0    0.1   -0.1
   -15.119   -74.105    0.0    0.1   -0.1
   -15.101   -74.105    0.0    0.1   -0.1
   -15.083   -74.105    0.1    0.1   -0.1
   -15.065   -74.105    0.1    0.1   -0.1
   -15.047   -74.105    0.1    0.1   -0.1
   -15.029   -74.105    0.1    0.1   -0.1
   -15.011   -74.105    0.1    0.1   -0.1
   -14.993   -74.105    0.1    0.1   -0.1
   -14.975   -74.105    0.1    0.1   -0.1
   -14.957   -74.105    0.1    0.1   -0.1
   -14.939   -74.105    0.1    0.1   -0.1
   -14.921   -74.105    0.1    0.1   -0.1
   -14.903   -74.105    0.1    0.1   -0.1
   -14.885   -74.105    0.1    0.1   -0.1
   -14.867   -74.105    0.1    0.1   -0.1
   -14.849   -74.105    0.1    0.1   -0.1
   -14.831   -74.105    0.1    0.1   -0.2
   -14.813   -74.105    0.1    0.1   -0.2
   -14.795   -74.105    0.1    0.1   -0.2
   -14.777   -74.105    0.1    0.1   -0.2
   -14.760   -74.105    0.1    0.0   -0.2
   -14.742   -74.105    0.1    0.0   -0.2
   -14.724   -74.105    0.1    0.0   -0.2
   -14.706   -74.105    0.1    0.0   -0.2
   -14.688   -74.105    0.1    0.0   -0.2
   -14.670   -74.105    0.1    0.0   -0.2
   -14.652   -74.105    0.1    0.0   -0.2
   -14.634   -74.105    0.1    0.0   -0.2
   -14.616   -74.105    0.1    0.0   -0.2
   -14.598   -74.105    0.1    0.0   -0.2
   -14.580   -74.105    0.1    0.0   -0.2
   -14.562   -74.105    0.1    0.0   -0.2
   -14.544   -74.105    0.1    0.0   -0.2
   -14.526   -74.105    0.1    0.0   -0.2
   -14.508   -74.105    0.1    0.0   -0.2
   -14.490   -74.105    0.1   -0.0   -0.2
   -14.472   -74.105    0.1   -0.0   -0.2
   -14.454   -74.105    0.1   -0.0   -0.2
   -14.436   -74.105    0.1   -0.0   -0.2
   -14.418   -74.105    0.1   -0.0   -0.2
   -14.400   -74.105    0.1   -0.0   -0.2
   -14.383   -74.105    0.1   -0.0   -0.2
   -14.365   -74.105    0.1   -0.0   -0.2
   -14.347   -74.105    0.1   -0.0   -0.2
   -14.329   -74.105    0.1   -0.0   -0.2
   -14.311   -74.105    0.1   -0.0   -0.2
   -14.293   -74.105    0.1   -0.0   -0.2
   -14.275   -74.105    0.1   -0.0   -0.2
   -14.257   -74.105    0.1   -0.0   -0.2
   -14.239   -74.105    0.1   -0.0   -0.2
   -14.221   -74.105    0.1   -0.0   -0.1
   -14.203   -74.105    0.1   -0.0   -0.1
   -14.185   -74.105    0.1   -0.0   -0.1
   -14.167   -74.105    0.1   -0.0   -0.1
   -14.149   -74.105    0.1   -0.1   -0.1
   -14.131   -74.105    0.1   -0.1   -0.1
   -14.113   -74.105    0.1   -0.1   -0.1
   -14.095   -74.105    0.1   -0.1   -0.1
   -14.077   -74.105    0.1   -0.1   -0.1
   -14.059   -74.105    0.1   -0.1   -0.1
   -14.041   -74.105    0.1   -0.1   -0.1
   -14.024   -74.105    0.1   -0.1   -0.1
   -14.006   -74.105    0.1   -0.1   -0.1
   -13.988   -74.105    0.1   -0.1   -0.1
   -13.970   -74.105    0.1   -0.1   -0.1
   -13.952   -74.105    0.0   -0.1   -0.1
   -13.934   -74.105    0.0   -0.1   -0.1
   -13.916   -74.105    0.0   -0.1   -0.1
   -13.898   -74.105    0.0   -0.1   -0.1
   -13.880   -74.105    0.0   -0.1   -0.1
   -13.862   -74.105    0.0   -0.1   -0.1
   -13.844   -74.105    0.0   -0.1   -0.1
   -13.826   -74.105    0.0   -0.1   -0.1
   -13.808   -74.105    0.0   -0.0   -0.1
   -13.790   -74.105    0.0   -0.0   -0.1
   -13.772   -74.105    0.0   -0.0   -0.1
   -13.754   -74.105    0.0   -0.0   -0.1
   -13.736   -74.105    0.0   -0.0   -0.1
   -13.718   -74.105    0.0   -0.0   -0.1
   -13.700   -74.105    0.0   -0.0   -0.1
   -13.682   -74.105    0.0   -0.0   -0.0
   -13.664   -74.105    0.0   -0.0   -0.0
   -13.647   -74.105    0.0   -0.0   -0.0
   -13.629   -74.105    0.0   -0.0   -0.0
   -13.611   -74.105    0.0   -0.0   -0.0
   -15.406   -74.086    0.0    0.0   -0.0
   -15.388   -74.086    0.0    0.0   -0.0
   -15.370   -74.086    0.0    0.0   -0.0
   -15.352   -74.086    0.0    0.1   -0.0
   -15.334   -74.086    0.0    0.1   -0.0
   -15.316   -74.086    0.0    0.1   -0.0
   -15.298   -74.086    0.0    0.1   -0.0
   -15.280   -74.086    0.0    0.1   -0.1
   -15.262   -74.086    0.0    0.1   -0.1
   -15.244   -74.086    0.0    0.1   -0.1
   -15.226   -74.086    0.0    0.1   -0.1
   -15.208   -74.086    0.0    0.1   -0.1
   -15.190   -74.086    0.0    0.1   -0.1
   -15.172   -74.086    0.0    0.1   -0.1
   -15.154   -74.086    0.0    0.1   -0.1
   -15.136   -74.086    0.0    0.1   -0.1
   -15.119   -74.086    0.0    0.1   -0.1
   -15.101   -74.086    0.1    0.1   -0.1
   -15.083   -74.086    0.1    0.1   -0.1
   -15.065   -74.086    0.1    0.1   -0.1
   -15.047   -74.086    0.1    0.1   -0.1
   -15.029   -74.086    0.1    0.1   -0.1
   -15.011   -74.086    0.1    0.1   -0.1
   -14.993   -74.086    0.1    0.1   -0.1
   -14.975   -74.086    0.1    0.1   -0.1
   -14.957   -74.086    0.1    0.1   -0.1
   -14.939   -74.086    0.1    0.1   -0.1
   -14.921   -74.086    0.1    0.1   -0.1
   -14.903   -74.086    0.1    0.1   -0.1
   -14.885   -74.086    0.1    0.1   -0.1
   -14.867   -74.086    0.1    0.1   -0.1
   -14.849   -74.086    0.1    0.1   -0.2
   -14.831   -74.086    0.1    0.1   -0.2
   -14.813   -74.086    0.1    0.1   -0.2
   -14.795   -74.086    0.1    0.1   -0.2
   -14.777   -74.086    0.1    0.1   -0.2
   -14.760   -74.086    0.1    0.1   -0.2
   -14.742   -74.086    0.1    0.0   -0.2
   -14.724   -74.086    0.1    0.0   -0.2
   -14.706   -74.086    0.1    0.0   -0.2
   -14.688   -74.086    0.1    0.0   -0.2
   -14.670   -74.086    0.1    0.0   -0.2
   -14.652   -74.086    0.1    0.0   -0.2
   -14.634   -74.086    0.1    0.0   -0.2
   -14.616   -74.086    0.1    0.0   -0.2
   -14.598   -74.086    0.1    0.0   -0.2
   -14.580   -74.086    0.1    0.0   -0.2
   -14.562   -74.086    0.1    0.0   -0.2
   -14.544   -74.086    0.1    0.0   -0.2
   -14.526   -74.086    0.1    0.0   -0.2
   -14.508   -74.086    0.1   -0.0   -0.2
   -14.490   -74.086    0.1   -0.0   -0.2
   -14.472   -74.086    0.1   -0.0   -0.2
   -14.454   -74.086    0.1   -0.0   -0.2
   -14.436   -74.086    0.1   -0.0   -0.2
   -14.418   -74.086    0.1   -0.0   -0.2
   -14.400   -74.086    0.1   -0.0   -0.2
   -14.383   -74.086    0.1   -0.0   -0.2
   -14.365   -74.086    0.1   -0.0   -0.2
   -14.347   -74.086    0.1   -0.0   -0.2
   -14.329   -74.086    0.1   -0.0   -0.2
   -14.311   -74.086    0.1   -0.0   -0.2
   -14.293   -74.086    0.1   -0.0   -0.2
   -14.275   -74.086    0.1   -0.0   -0.2
   -14.257   -74.086    0.1   -0.0   -0.2
   -14.239   -74.086    0.1   -0.0   -0.2
   -14.221   -74.086    0.1   -0.0   -0.2
   -14.203   -74.086    0.1   -0.1   -0.2
   -14.185   -74.086    0.1   -0.1   -0.2
   -14.167   -74.086    0.1   -0.1   -0.1
   -14.149   -74.086    0.1   -0.1   -0.1
   -14.131   -74.086    0.1   -0.1   -0.1
   -14.113   -74.086    0.1   -0.1   -0.1
   -14.095   -74.086    0.1   -0.1   -0.1
   -14.077   -74.086    0.1   -0.1   -0.1
   -14.059   -74.086    0.1   -0.1   -0.1
   -14.041   -74.086    0.1   -0.1   -0.1
   -14.024   -74.086    0.1   -0.1   -0.1
   -14.006   -74.086    0.1   -0.1   -0.1
   -13.988   -74.086    0.1   -0.1   -0.1
   -13.970   -74.086    0.1   -0.1   -0.1
   -13.952   -74.086    0.1   -0.1   -0.1
   -13.934   -74.086    0.0   -0.1   -0.1
   -13.916   -74.086    0.0   -0.1   -0.1
   -13.898   -74.086    0.0   -0.1   -0.1
   -13.880   -74.086    0.0   -0.1   -0.1
   -13.862   -74.086    0.0   -0.1   -0.1
   -13.844   -74.086    0.0   -0.1   -0.1
   -13.826   -74.086    0.0   -0.1   -0.1
   -13.808   -74.086    0.0   -0.1   -0.1
   -13.790   -74.086    0.0   -0.1   -0.1
   -13.772   -74.086    0.0   -0.1   -0.1
   -13.754   -74.086    0.0   -0.0   -0.1
   -13.736   -74.086    0.0   -0.0   -0.1
   -13.718   -74.086    0.0   -0.0   -0.1
   -13.700   -74.086    0.0   -0.0   -0.1
   -13.682   -74.086    0.0   -0.0   -0.1
   -13.664   -74.086    0.0   -0.0   -0.0
   -13.647   -74.086    0.0   -0.0   -0.0
   -13.629   -74.086    0.0   -0.0   -0.0
   -13.611   -74.086    0.0   -0.0   -0.0
   -15.406   -74.068    0.0    0.0   -0.0
   -15.388   -74.068    0.0    0.0   -0.0
   -15.370   -74.068    0.0    0.1   -0.0
   -15.352   -74.068    0.0    0.1   -0.0
   -15.334   -74.068    0.0    0.1   -0.0
   -15.316   -74.068    0.0    0.1   -0.0
   -15.298   -74.068    0.0    0.1   -0.1
   -15.280   -74.068    0.0    0.1   -0.1
   -15.262   -74.068    0.0    0.1   -0.1
   -15.244   -74.068    0.0    0.1   -0.1
   -15.226   -74.068    0.0    0.1   -0.1
   -15.208   -74.068    0.0    0.1   -0.1
   -15.190   -74.068    0.0    0.1   -0.1
   -15.172   -74.068    0.0    0.1   -0.1
   -15.154   -74.068    0.0    0.1   -0.1
   -15.136   -74.068    0.0    0.1   -0.1
   -15.119   -74.068    0.0    0.1   -0.1
   -15.101   -74.068    0.1    0.1   -0.1
   -15.083   -74.068    0.1    0.1   -0.1
   -15.065   -74.068    0.1    0.1   -0.1
   -15.047   -74.068    0.1    0.1   -0.1
   -15.029   -74.068    0.1    0.1   -0.1
   -15.011   -74.068    0.1    0.1   -0.1
   -14.993   -74.068    0.1    0.1   -0.1
   -14.975   -74.068    0.1    0.1   -0.1
   -14.957   -74.068    0.1    0.1   -0.1
   -14.939   -74.068    0.1    0.1   -0.1
   -14.921   -74.068    0.1    0.1   -0.1
   -14.903   -74.068    0.1    0.1   -0.1
   -14.885   -74.068    0.1    0.1   -0.2
   -14.867   -74.068    0.1    0.1   -0.2
   -14.849   -74.068    0.1    0.1   -0.2
   -14.831   -74.068    0.1    0.1   -0.2
   -14.813   -74.068    0.1    0.1   -0.2
   -14.795   -74.068    0.1    0.1   -0.2
   -14.777   -74.068    0.1    0.1   -0.2
   -14.760   -74.068    0.1    0.1   -0.2
   -14.742   -74.068    0.1    0.0   -0.2
   -14.724   -74.068    0.1    0.0   -0.2
   -14.706   -74.068    0.1    0.0   -0.2
   -14.688   -74.068    0.1    0.0   -0.2
   -14.670   -74.068    0.1    0.0   -0.2
   -14.652   -74.068    0.1    0.0   -0.2
   -14.634   -74.068    0.1    0.0   -0.2
   -14.616   -74.068    0.1    0.0   -0.2
   -14.598   -74.068    0.1    0.0   -0.2
   -14.580   -74.068    0.1    0.0   -0.2
   -14.562   -74.068    0.1    0.0   -0.2
   -14.544   -74.068    0.1    0.0   -0.2
   -14.526   -74.068    0.1    0.0   -0.2
   -14.508   -74.068    0.1   -0.0   -0.2
   -14.490   -74.068    0.1   -0.0   -0.2
   -14.472   -74.068    0.1   -0.0   -0.2
   -14.454   -74.068    0.1   -0.0   -0.2
   -14.436   -74.068    0.1   -0.0   -0.2
   -14.418   -74.068    0.1   -0.0   -0.2
   -14.400   -74.068    0.1   -0.0   -0.2
   -14.383   -74.068    0.1   -0.0   -0.2
   -14.365   -74.068    0.1   -0.0   -0.2
   -14.347   -74.068    0.1   -0.0   -0.2
   -14.329   -74.068    0.1   -0.0   -0.2
   -14.311   -74.068    0.1   -0.0   -0.2
   -14.293   -74.068    0.1   -0.0   -0.2
   -14.275   -74.068    0.1   -0.0   -0.2
   -14.257   -74.068    0.1   -0.0   -0.2
   -14.239   -74.068    0.1   -0.1   -0.2
   -14.221   -74.068    0.1   -0.1   -0.2
   -14.203   -74.068    0.1   -0.1   -0.2
   -14.185   -74.068    0.1   -0.1   -0.2
   -14.167   -74.068    0.1   -0.1   -0.2
   -14.149   -74.068    0.1   -0.1   -0.1
   -14.131   -74.068    0.1   -0.1   -0.1
   -14.113   -74.068    0.1   -0.1   -0.1
   -14.095   -74.068    0.1   -0.1   -0.1
   -14.077   -74.068    0.1   -0.1   -0.1
   -14.059   -74.068    0.1   -0.1   -0.1
   -14.041   -74.068    0.1   -0.1   -0.1
   -14.024   -74.068    0.1   -0.1   -0.1
   -14.006   -74.068    0.1   -0.1   -0.1
   -13.988   -74.068    0.1   -0.1   -0.1
   -13.970   -74.068    0.1   -0.1   -0.1
   -13.952   -74.068    0.1   -0.1   -0.1
   -13.934   -74.068    0.1   -0.1   -0.1
   -13.916   -74.068    0.0   -0.1   -0.1
   -13.898   -74.068    0.0   -0.1   -0.1
   -13.880   -74.068    0.0   -0.1   -0.1
   -13.862   -74.068    0.0   -0.1   -0.1
   -13.844   -74.068    0.0   -0.1   -0.1
   -13.826   -74.068    0.0   -0.1   -0.1
   -13.808   -74.068    0.0   -0.1   -0.1
   -13.790   -74.068    0.0   -0.1   -0.1
   -13.772   -74.068    0.0   -0.1   -0.1
   -13.754   -74.068    0.0   -0.1   -0.1
   -13.736   -74.068    0.0   -0.1   -0.1
   -13.718   -74.068    0.0   -0.0   -0.1
   -13.700   -74.068    0.0   -0.0   -0.1
   -13.682   -74.068    0.0   -0.0   -0.1
   -13.664   -74.068    0.0   -0.0   -0.1
   -13.647   -74.068    0.0   -0.0   -0.0
   -13.629   -74.068    0.0   -0.0   -0.0
   -13.611   -74.068    0.0   -0.0   -0.0
   -15.406   -74.049    0.0    0.0   -0.0
   -15.388   -74.049    0.0    0.0   -0.0
   -15.370   -74.049    0.0    0.1   -0.0
   -15.352   -74.049    0.0    0.1   -0.0
   -15.334   -74.049    0.0    0.1   -0.0
   -15.316   -74.049    0.0    0.1   -0.0
   -15.298   -74.049    0.0    0.1   -0.1
   -15.280   -74.049    0.0    0.1   -0.1
   -15.262   -74.049    0.0    0.1   -0.1
   -15.244   -74.049    0.0    0.1   -0.1
   -15.226   -74.049    0.0    0.1   -0.1
   -15.208   -74.049    0.0    0.1   -0.1
   -15.190   -74.049    0.0    0.1   -0.1
   -15.172   -74.049    0.0    0.1   -0.1
   -15.154   -74.049    0.0    0.1   -0.1
   -15.136   -74.049    0.0    0.1   -0.1
   -15.119   -74.049    0.0    0.1   -0.1
   -15.101   -74.049    0.1    0.1   -0.1
   -15.083   -74.049    0.1    0.1   -0.1
   -15.065   -74.049    0.1    0.1   -0.1
   -15.047   -74.049    0.1    0.1   -0.1
   -15.029   -74.049    0.1    0.1   -0.1
   -15.011   -74.049    0.1    0.1   -0.1
   -14.993   -74.049    0.1    0.1   -0.1
   -14.975   -74.049    0.1    0.1   -0.1
   -14.957   -74.049    0.1    0.1   -0.1
   -14.939   -74.049    0.1    0.1   -0.1
   -14.921   -74.049    0.1    0.1   -0.1
   -14.903   -74.049    0.1    0.1   -0.2
   -14.885   -74.049    0.1    0.1   -0.2
   -14.867   -74.049    0.1    0.1   -0.2
   -14.849   -74.049    0.1    0.1   -0.2
   -14.831   -74.049    0.1    0.1   -0.2
   -14.813   -74.049    0.1    0.1   -0.2
   -14.795   -74.049    0.1    0.1   -0.2
   -14.777   -74.049    0.1    0.1   -0.2
   -14.760   -74.049    0.1    0.1   -0.2
   -14.742   -74.049    0.1    0.1   -0.2
   -14.724   -74.049    0.1    0.0   -0.2
   -14.706   -74.049    0.1    0.0   -0.2
   -14.688   -74.049    0.1    0.0   -0.2
   -14.670   -74.049    0.1    0.0   -0.2
   -14.652   -74.049    0.1    0.0   -0.2
   -14.634   -74.049    0.1    0.0   -0.2
   -14.616   -74.049    0.1    0.0   -0.2
   -14.598   -74.049    0.1    0.0   -0.2
   -14.580   -74.049    0.1    0.0   -0.2
   -14.562   -74.049    0.1    0.0   -0.2
   -14.544   -74.049    0.1    0.0   -0.2
   -14.526   -74.049    0.1    0.0   -0.2
   -14.508   -74.049    0.1   -0.0   -0.2
   -14.490   -74.049    0.1   -0.0   -0.2
   -14.472   -74.049    0.1   -0.0   -0.2
   -14.454   -74.049    0.1   -0.0   -0.2
   -14.436   -74.049    0.1   -0.0   -0.2
   -14.418   -74.049    0.1   -0.0   -0.2
   -14.400   -74.049    0.1   -0.0   -0.2
   -14.383   -74.049    0.1   -0.0   -0.2
   -14.365   -74.049    0.1   -0.0   -0.2
   -14.347   -74.049    0.1   -0.0   -0.2
   -14.329   -74.049    0.1   -0.0   -0.2
   -14.311   -74.049    0.1   -0.0   -0.2
   -14.293   -74.049    0.1   -0.0   -0.2
   -14.275   -74.049    0.1   -0.0   -0.2
   -14.257   -74.049    0.1   -0.1   -0.2
   -14.239   -74.049    0.1   -0.1   -0.2
   -14.221   -74.049    0.1   -0.1   -0.2
   -14.203   -74.049    0.1   -0.1   -0.2
   -14.185   -74.049    0.1   -0.1   -0.2
   -14.167   -74.049    0.1   -0.1   -0.2
   -14.149   -74.049    0.1   -0.1   -0.2
   -14.131   -74.049    0.1   -0.1   -0.2
   -14.113   -74.049    0.1   -0.1   -0.1
   -14.095   -74.049    0.1   -0.1   -0.1
   -14.077   -74.049    0.1   -0.1   -0.1
   -14.059   -74.049    0.1   -0.1   -0.1
   -14.041   -74.049    0.1   -0.1   -0.1
   -14.024   -74.049    0.1   -0.1   -0.1
   -14.006   -74.049    0.1   -0.1   -0.1
   -13.988   -74.049    0.1   -0.1   -0.1
   -13.970   -74.049    0.1   -0.1   -0.1
   -13.952   -74.049    0.1   -0.1   -0.1
   -13.934   -74.049    0.1   -0.1   -0.1
   -13.916   -74.049    0.0   -0.1   -0.1
   -13.898   -74.049    0.0   -0.1   -0.1
   -13.880   -74.049    0.0   -0.1   -0.1
   -13.862   -74.049    0.0   -0.1   -0.1
   -13.844   -74.049    0.0   -0.1   -0.1
   -13.826   -74.049    0.0   -0.1   -0.1
   -13.808   -74.049    0.0   -0.1   -0.1
   -13.790   -74.049    0.0   -0.1   -0.1
   -13.772   -74.049    0.0   -0.1   -0.1
   -13.754   -74.049    0.0   -0.1   -0.1
   -13.736   -74.049    0.0   -0.1   -0.1
   -13.718   -74.049    0.0   -0.1   -0.1
   -13.700   -74.049    0.0   -0.1   -0.1
   -13.682   -74.049    0.0   -0.1   -0.1
   -13.664   -74.049    0.0   -0.0   -0.1
   -13.647   -74.049    0.0   -0.0   -0.1
   -13.629   -74.049    0.0   -0.0   -0.0
   -13.611   -74.049    0.0   -0.0   -0.0
   -15.406   -74.031    0.0    0.0   -0.0
   -15.388   -74.031    0.0    0.1   -0.0
   -15.370   -74.031    0.0    0.1   -0.0
   -15.352   -74.031    0.0    0.1   -0.0
   -15.334   -74.031    0.0    0.1   -0.0
   -15.316   -74.031    0.0    0.1   -0.0
   -15.298   -74.031    0.0    0.1   -0.1
   -15.280   -74.031    0.0    0.1   -0.1
   -15.262   -74.031    0.0    0.1   -0.1
   -15.244   -74.031    0.0    0.1   -0.1
   -15.226   -74.031    0.0    0.1   -0.1
   -15.208   -74.031    0.0    0.1   -0.1
   -15.190   -74.031    0.0    0.1   -0.1
   -15.172   -74.031    0.0    0.1   -0.1
   -15.154   -74.031    0.0    0.1   -0.1
   -15.136   -74.031    0.0    0.1   -0.1
   -15.119   -74.031    0.0    0.1   -0.1
   -15.101   -74.031    0.1    0.1   -0.1
   -15.083   -74.031    0.1    0.1   -0.1
   -15.065   -74.031    0.1    0.1   -0.1
   -15.047   -74.031    0.1    0.1   -0.1
   -15.029   -74.031    0.1    0.1   -0.1
   -15.011   -74.031    0.1    0.1   -0.1
   -14.993   -74.031    0.1    0.1   -0.1
   -14.975   -74.031    0.1    0.1   -0.1
   -14.957   -74.031    0.1    0.1   -0.1
   -14.939   -74.031    0.1    0.1   -0.1
   -14.921   -74.031    0.1    0.1   -0.2
   -14.903   -74.031    0.1    0.1   -0.2
   -14.885   -74.031    0.1    0.1   -0.2
   -14.867   -74.031    0.1    0.1   -0.2
   -14.849   -74.031    0.1    0.1   -0.2
   -14.831   -74.031    0.1    0.1   -0.2
   -14.813   -74.031    0.1    0.1   -0.2
   -14.795   -74.031    0.1    0.1   -0.2
   -14.777   -74.031    0.1    0.1   -0.2
   -14.760   -74.031    0.1    0.1   -0.2
   -14.742   -74.031    0.1    0.1   -0.2
   -14.724   -74.031    0.1    0.0   -0.2
   -14.706   -74.031    0.1    0.0   -0.2
   -14.688   -74.031    0.1    0.0   -0.2
   -14.670   -74.031    0.1    0.0   -0.2
   -14.652   -74.031    0.1    0.0   -0.2
   -14.634   -74.031    0.1    0.0   -0.2
   -14.616   -74.031    0.1    0.0   -0.2
   -14.598   -74.031    0.1    0.0   -0.2
   -14.580   -74.031    0.1    0.0   -0.2
   -14.562   -74.031    0.1    0.0   -0.2
   -14.544   -74.031    0.1    0.0   -0.2
   -14.526   -74.031    0.1    0.0   -0.2
   -14.508   -74.031    0.1   -0.0   -0.2
   -14.490   -74.031    0.1   -0.0   -0.2
   -14.472   -74.031    0.1   -0.0   -0.2
   -14.454   -74.031    0.1   -0.0   -0.2
   -14.436   -74.031    0.1   -0.0   -0.2
   -14.418   -74.031    0.1   -0.0   -0.2
   -14.400   -74.031    0.1   -0.0   -0.2
   -14.383   -74.031    0.1   -0.0   -0.2
   -14.365   -74.031    0.1   -0.0   -0.2
   -14.347   -74.031    0.1   -0.0   -0.2
   -14.329   -74.031    0.1   -0.0   -0.2
   -14.311   -74.031    0.1   -0.0   -0.2
   -14.293   -74.031    0.1   -0.1   -0.2
   -14.275   -74.031    0.1   -0.1   -0.2
   -14.257   -74.031    0.1   -0.1   -0.2
   -14.239   -74.031    0.1   -0.1   -0.2
   -14.221   -74.031    0.1   -0.1   -0.2
   -14.203   -74.031    0.1   -0.1   -0.2
   -14.185   -74.031    0.1   -0.1   -0.2
   -14.167   -74.031    0.1   -0.1   -0.2
   -14.149   -74.031    0.1   -0.1   -0.2
   -14.131   -74.031    0.1   -0.1   -0.2
   -14.113   -74.031    0.1   -0.1   -0.2
   -14.095   -74.031    0.1   -0.1   -0.2
   -14.077   -74.031    0.1   -0.1   -0.1
   -14.059   -74.031    0.1   -0.1   -0.1
   -14.041   -74.031    0.1   -0.1   -0.1
   -14.024   -74.031    0.1   -0.1   -0.1
   -14.006   -74.031    0.1   -0.1   -0.1
   -13.988   -74.031    0.1   -0.1   -0.1
   -13.970   -74.031    0.1   -0.1   -0.1
   -13.952   -74.031    0.1   -0.1   -0.1
   -13.934   -74.031    0.1   -0.1   -0.1
   -13.916   -74.031    0.1   -0.1   -0.1
   -13.898   -74.031    0.0   -0.1   -0.1
   -13.880   -74.031    0.0   -0.1   -0.1
   -13.862   -74.031    0.0   -0.1   -0.1
   -13.844   -74.031    0.0   -0.1   -0.1
   -13.826   -74.031    0.0   -0.1   -0.1
   -13.808   -74.031    0.0   -0.1   -0.1
   -13.790   -74.031    0.0   -0.1   -0.1
   -13.772   -74.031    0.0   -0.1   -0.1
   -13.754   -74.031    0.0   -0.1   -0.1
   -13.736   -74.031    0.0   -0.1   -0.1
   -13.718   -74.031    0.0   -0.1   -0.1
   -13.700   -74.031    0.0   -0.1   -0.1
   -13.682   -74.031    0.0   -0.1   -0.1
   -13.664   -74.031    0.0   -0.1   -0.1
   -13.647   -74.031    0.0   -0.1   -0.1
   -13.629   -74.031    0.0   -0.0   -0.0
   -13.611   -74.031    0.0   -0.0   -0.0
   -15.406   -74.012    0.0    0.0   -0.0
   -15.388   -74.012    0.0    0.1   -0.0
   -15.370   -74.012    0.0    0.1   -0.0
   -15.352   -74.012    0.0    0.1   -0.0
   -15.334   -74.012    0.0    0.1   -0.0
   -15.316   -74.012    0.0    0.1   -0.1
   -15.298   -74.012    0.0    0.1   -0.1
   -15.280   -74.012    0.0    0.1   -0.1
   -15.262   -74.012    0.0    0.1   -0.1
   -15.244   -74.012    0.0    0.1   -0.1
   -15.226   -74.012    0.0    0.1   -0.1
   -15.208   -74.012    0.0    0.1   -0.1
   -15.190   -74.012    0.0    0.1   -0.1
   -15.172   -74.012    0.0    0.1   -0.1
   -15.154   -74.012    0.0    0.1   -0.1
   -15.136   -74.012    0.0    0.1   -0.1
   -15.119   -74.012    0.0    0.1   -0.1
   -15.101   -74.012    0.1    0.1   -0.1
   -15.083   -74.012    0.1    0.1   -0.1
   -15.065   -74.012    0.1    0.1   -0.1
   -15.047   -74.012    0.1    0.1   -0.1
   -15.029   -74.012    0.1    0.1   -0.1
   -15.011   -74.012    0.1    0.1   -0.1
   -14.993   -74.012    0.1    0.1   -0.1
   -14.975   -74.012    0.1    0.1   -0.1
   -14.957   -74.012    0.1    0.1   -0.1
   -14.939   -74.012    0.1    0.1   -0.2
   -14.921   -74.012    0.1    0.1   -0.2
   -14.903   -74.012    0.1    0.1   -0.2
   -14.885   -74.012    0.1    0.1   -0.2
   -14.867   -74.012    0.1    0.1   -0.2
   -14.849   -74.012    0.1    0.1   -0.2
   -14.831   -74.012    0.1    0.1   -0.2
   -14.813   -74.012    0.1    0.1   -0.2
   -14.795   -74.012    0.1    0.1   -0.2
   -14.777   -74.012    0.1    0.1   -0.2
   -14.760   -74.012    0.1    0.1   -0.2
   -14.742   -74.012    0.1    0.1   -0.2
   -14.724   -74.012    0.1    0.1   -0.2
   -14.706   -74.012    0.1    0.0   -0.2
   -14.688   -74.012    0.1    0.0   -0.2
   -14.670   -74.012    0.1    0.0   -0.2
   -14.652   -74.012    0.1    0.0   -0.2
   -14.634   -74.012    0.1    0.0   -0.2
   -14.616   -74.012    0.1    0.0   -0.2
   -14.598   -74.012    0.1    0.0   -0.2
   -14.580   -74.012    0.1    0.0   -0.2
   -14.562   -74.012    0.1    0.0   -0.2
   -14.544   -74.012    0.1    0.0   -0.2
   -14.526   -74.012    0.1   -0.0   -0.2
   -14.508   -74.012    0.1   -0.0   -0.2
   -14.490   -74.012    0.1   -0.0   -0.2
   -14.472   -74.012    0.1   -0.0   -0.2
   -14.454   -74.012    0.1   -0.0   -0.2
   -14.436   -74.012    0.1   -0.0   -0.2
   -14.418   -74.012    0.1   -0.0   -0.2
   -14.400   -74.012    0.1   -0.0   -0.2
   -14.383   -74.012    0.1   -0.0   -0.2
   -14.365   -74.012    0.1   -0.0   -0.2
   -14.347   -74.012    0.1   -0.0   -0.2
   -14.329   -74.012    0.1   -0.0   -0.2
   -14.311   -74.012    0.1   -0.1   -0.2
   -14.293   -74.012    0.1   -0.1   -0.2
   -14.275   -74.012    0.1   -0.1   -0.2
   -14.257   -74.012    0.1   -0.1   -0.2
   -14.239   -74.012    0.1   -0.1   -0.2
   -14.221   -74.012    0.1   -0.1   -0.2
   -14.203   -74.012    0.1   -0.1   -0.2
   -14.185   -74.012    0.1   -0.1   -0.2
   -14.167   -74.012    0.1   -0.1   -0.2
   -14.149   -74.012    0.1   -0.1   -0.2
   -14.131   -74.012    0.1   -0.1   -0.2
   -14.113   -74.012    0.1   -0.1   -0.2
   -14.095   -74.012    0.1   -0.1   -0.2
   -14.077   -74.012    0.1   -0.1   -0.2
   -14.059   -74.012    0.1   -0.1   -0.1
   -14.041   -74.012    0.1   -0.1   -0.1
   -14.024   -74.012    0.1   -0.1   -0.1
   -14.006   -74.012    0.1   -0.1   -0.1
   -13.988   -74.012    0.1   -0.1   -0.1
   -13.970   -74.012    0.1   -0.1   -0.1
   -13.952   -74.012    0.1   -0.1   -0.1
   -13.934   -74.012    0.1   -0.1   -0.1
   -13.916   -74.012    0.1   -0.1   -0.1
   -13.898   -74.012    0.0   -0.1   -0.1
   -13.880   -74.012    0.0   -0.1   -0.1
   -13.862   -74.012    0.0   -0.1   -0.1
   -13.844   -74.012    0.0   -0.1   -0.1
   -13.826   -74.012    0.0   -0.1   -0.1
   -13.808   -74.012    0.0   -0.1   -0.1
   -13.790   -74.012    0.0   -0.1   -0.1
   -13.772   -74.012    0.0   -0.1   -0.1
   -13.754   -74.012    0.0   -0.1   -0.1
   -13.736   -74.012    0.0   -0.1   -0.1
   -13.718   -74.012    0.0   -0.1   -0.1
   -13.700   -74.012    0.0   -0.1   -0.1
   -13.682   -74.012    0.0   -0.1   -0.1
   -13.664   -74.012    0.0   -0.1   -0.1
   -13.647   -74.012    0.0   -0.1   -0.1
   -13.629   -74.012    0.0   -0.1   -0.1
   -13.611   -74.012    0.0   -0.0   -0.0
   -15.406   -73.993    0.0    0.1   -0.0
   -15.388   -73.993    0.0    0.1   -0.0
   -15.370   -73.993    0.0    0.1   -0.0
   -15.352   -73.993    0.0    0.1   -0.0
   -15.334   -73.993    0.0    0.1   -0.0
   -15.316   -73.993    0.0    0.1   -0.1
   -15.298   -73.993    0.0    0.1   -0.1
   -15.280   -73.993    0.0    0.1   -0.1
   -15.262   -73.993    0.0    0.1   -0.1
   -15.244   -73.993    0.0    0.1   -0.1
   -15.226   -73.993    0.0    0.1   -0.1
   -15.208   -73.993    0.0    0.1   -0.1
   -15.190   -73.993    0.0    0.1   -0.1
   -15.172   -73.993    0.0    0.1   -0.1
   -15.154   -73.993    0.0    0.1   -0.1
   -15.136   -73.993    0.0    0.1   -0.1
   -15.119   -73.993    0.0    0.1   -0.1
   -15.101   -73.993    0.1    0.1   -0.1
   -15.083   -73.993    0.1    0.1   -0.1
   -15.065   -73.993    0.1    0.1   -0.1
   -15.047   -73.993    0.1    0.1   -0.1
   -15.029   -73.993    0.1    0.1   -0.1
   -15.011   -73.993    0.1    0.1   -0.1
   -14.993   -73.993    0.1    0.1   -0.1
   -14.975   -73.993    0.1    0.1   -0.1
   -14.957   -73.993    0.1    0.1   -0.2
   -14.939   -73.993    0.1    0.1   -0.2
   -14.921   -73.993    0.1    0.1   -0.2
   -14.903   -73.993    0.1    0.1   -0.2
   -14.885   -73.993    0.1    0.1   -0.2
   -14.867   -73.993    0.1    0.1   -0.2
   -14.849   -73.993    0.1    0.1   -0.2
   -14.831   -73.993    0.1    0.1   -0.2
   -14.813   -73.993    0.1    0.1   -0.2
   -14.795   -73.993    0.1    0.1   -0.2
   -14.777   -73.993    0.1    0.1   -0.2
   -14.760   -73.993    0.1    0.1   -0.2
   -14.742   -73.993    0.1    0.1   -0.2
   -14.724   -73.993    0.1    0.1   -0.2
   -14.706   -73.993    0.1    0.0   -0.2
   -14.688   -73.993    0.1    0.0   -0.2
   -14.670   -73.993    0.1    0.0   -0.2
   -14.652   -73.993    0.1    0.0   -0.2
   -14.634   -73.993    0.1    0.0   -0.3
   -14.616   -73.993    0.1    0.0   -0.3
   -14.598   -73.993    0.1    0.0   -0.3
   -14.580   -73.993    0.1    0.0   -0.3
   -14.562   -73.993    0.1    0.0   -0.3
   -14.544   -73.993    0.1    0.0   -0.3
   -14.526   -73.993    0.1   -0.0   -0.3
   -14.508   -73.993    0.1   -0.0   -0.3
   -14.490   -73.993    0.1   -0.0   -0.3
   -14.472   -73.993    0.1   -0.0   -0.3
   -14.454   -73.993    0.1   -0.0   -0.3
   -14.436   -73.993    0.1   -0.0   -0.3
   -14.418   -73.993    0.1   -0.0   -0.2
   -14.400   -73.993    0.1   -0.0   -0.2
   -14.383   -73.993    0.1   -0.0   -0.2
   -14.365   -73.993    0.1   -0.0   -0.2
   -14.347   -73.993    0.1   -0.0   -0.2
   -14.329   -73.993    0.1   -0.1   -0.2
   -14.311   -73.993    0.1   -0.1   -0.2
   -14.293   -73.993    0.1   -0.1   -0.2
   -14.275   -73.993    0.1   -0.1   -0.2
   -14.257   -73.993    0.1   -0.1   -0.2
   -14.239   -73.993    0.1   -0.1   -0.2
   -14.221   -73.993    0.1   -0.1   -0.2
   -14.203   -73.993    0.1   -0.1   -0.2
   -14.185   -73.993    0.1   -0.1   -0.2
   -14.167   -73.993    0.1   -0.1   -0.2
   -14.149   -73.993    0.1   -0.1   -0.2
   -14.131   -73.993    0.1   -0.1   -0.2
   -14.113   -73.993    0.1   -0.1   -0.2
   -14.095   -73.993    0.1   -0.1   -0.2
   -14.077   -73.993    0.1   -0.1   -0.2
   -14.059   -73.993    0.1   -0.1   -0.2
   -14.041   -73.993    0.1   -0.1   -0.2
   -14.024   -73.993    0.1   -0.1   -0.1
   -14.006   -73.993    0.1   -0.1   -0.1
   -13.988   -73.993    0.1   -0.1   -0.1
   -13.970   -73.993    0.1   -0.1   -0.1
   -13.952   -73.993    0.1   -0.1   -0.1
   -13.934   -73.993    0.1   -0.1   -0.1
   -13.916   -73.993    0.1   -0.1   -0.1
   -13.898   -73.993    0.0   -0.1   -0.1
   -13.880   -73.993    0.0   -0.1   -0.1
   -13.862   -73.993    0.0   -0.1   -0.1
   -13.844   -73.993    0.0   -0.1   -0.1
   -13.826   -73.993    0.0   -0.1   -0.1
   -13.808   -73.993    0.0   -0.1   -0.1
   -13.790   -73.993    0.0   -0.1   -0.1
   -13.772   -73.993    0.0   -0.1   -0.1
   -13.754   -73.993    0.0   -0.1   -0.1
   -13.736   -73.993    0.0   -0.1   -0.1
   -13.718   -73.993    0.0   -0.1   -0.1
   -13.700   -73.993    0.0   -0.1   -0.1
   -13.682   -73.993    0.0   -0.1   -0.1
   -13.664   -73.993    0.0   -0.1   -0.1
   -13.647   -73.993    0.0   -0.1   -0.1
   -13.629   -73.993    0.0   -0.1   -0.1
   -13.611   -73.993    0.0   -0.1   -0.1
   -15.406   -73.975    0.0    0.1   -0.0
   -15.388   -73.975    0.0    0.1   -0.0
   -15.370   -73.975    0.0    0.1   -0.0
   -15.352   -73.975    0.0    0.1   -0.0
   -15.334   -73.975    0.0    0.1   -0.0
   -15.316   -73.975    0.0    0.1   -0.1
   -15.298   -73.975    0.0    0.1   -0.1
   -15.280   -73.975    0.0    0.1   -0.1
   -15.262   -73.975    0.0    0.1   -0.1
   -15.244   -73.975    0.0    0.1   -0.1
   -15.226   -73.975    0.0    0.1   -0.1
   -15.208   -73.975    0.0    0.1   -0.1
   -15.190   -73.975    0.0    0.1   -0.1
   -15.172   -73.975    0.0    0.1   -0.1
   -15.154   -73.975    0.0    0.1   -0.1
   -15.136   -73.975    0.0    0.1   -0.1
   -15.119   -73.975    0.0    0.1   -0.1
   -15.101   -73.975    0.0    0.1   -0.1
   -15.083   -73.975    0.1    0.1   -0.1
   -15.065   -73.975    0.1    0.1   -0.1
   -15.047   -73.975    0.1    0.1   -0.1
   -15.029   -73.975    0.1    0.1   -0.1
   -15.011   -73.975    0.1    0.1   -0.1
   -14.993   -73.975    0.1    0.1   -0.1
   -14.975   -73.975    0.1    0.1   -0.2
   -14.957   -73.975    0.1    0.1   -0.2
   -14.939   -73.975    0.1    0.1   -0.2
   -14.921   -73.975    0.1    0.1   -0.2
   -14.903   -73.975    0.1    0.1   -0.2
   -14.885   -73.975    0.1    0.1   -0.2
   -14.867   -73.975    0.1    0.1   -0.2
   -14.849   -73.975    0.1    0.1   -0.2
   -14.831   -73.975    0.1    0.1   -0.2
   -14.813   -73.975    0.1    0.1   -0.2
   -14.795   -73.975    0.1    0.1   -0.2
   -14.777   -73.975    0.1    0.1   -0.2
   -14.760   -73.975    0.1    0.1   -0.2
   -14.742   -73.975    0.1    0.1   -0.2
   -14.724   -73.975    0.1    0.1   -0.2
   -14.706   -73.975    0.1    0.0   -0.2
   -14.688   -73.975    0.1    0.0   -0.3
   -14.670   -73.975    0.1    0.0   -0.3
   -14.652   -73.975    0.1    0.0   -0.3
   -14.634   -73.975    0.1    0.0   -0.3
   -14.616   -73.975    0.1    0.0   -0.3
   -14.598   -73.975    0.1    0.0   -0.3
   -14.580   -73.975    0.1    0.0   -0.3
   -14.562   -73.975    0.1    0.0   -0.3
   -14.544   -73.975    0.1    0.0   -0.3
   -14.526   -73.975    0.1   -0.0   -0.3
   -14.508   -73.975    0.1   -0.0   -0.3
   -14.490   -73.975    0.1   -0.0   -0.3
   -14.472   -73.975    0.1   -0.0   -0.3
   -14.454   -73.975    0.1   -0.0   -0.3
   -14.436   -73.975    0.1   -0.0   -0.3
   -14.418   -73.975    0.1   -0.0   -0.3
   -14.400   -73.975    0.1   -0.0   -0.3
   -14.383   -73.975    0.1   -0.0   -0.3
   -14.365   -73.975    0.1   -0.0   -0.3
   -14.347   -73.975    0.1   -0.1   -0.2
   -14.329   -73.975    0.1   -0.1   -0.2
   -14.311   -73.975    0.1   -0.1   -0.2
   -14.293   -73.975    0.1   -0.1   -0.2
   -14.275   -73.975    0.1   -0.1   -0.2
   -14.257   -73.975    0.1   -0.1   -0.2
   -14.239   -73.975    0.1   -0.1   -0.2
   -14.221   -73.975    0.1   -0.1   -0.2
   -14.203   -73.975    0.1   -0.1   -0.2
   -14.185   -73.975    0.1   -0.1   -0.2
   -14.167   -73.975    0.1   -0.1   -0.2
   -14.149   -73.975    0.1   -0.1   -0.2
   -14.131   -73.975    0.1   -0.1   -0.2
   -14.113   -73.975    0.1   -0.1   -0.2
   -14.095   -73.975    0.1   -0.1   -0.2
   -14.077   -73.975    0.1   -0.1   -0.2
   -14.059   -73.975    0.1   -0.1   -0.2
   -14.041   -73.975    0.1   -0.1   -0.2
   -14.024   -73.975    0.1   -0.1   -0.2
   -14.006   -73.975    0.1   -0.1   -0.1
   -13.988   -73.975    0.1   -0.1   -0.1
   -13.970   -73.975    0.1   -0.1   -0.1
   -13.952   -73.975    0.1   -0.1   -0.1
   -13.934   -73.975    0.1   -0.1   -0.1
   -13.916   -73.975    0.1   -0.1   -0.1
   -13.898   -73.975    0.1   -0.1   -0.1
   -13.880   -73.975    0.0   -0.1   -0.1
   -13.862   -73.975    0.0   -0.1   -0.1
   -13.844   -73.975    0.0   -0.1   -0.1
   -13.826   -73.975    0.0   -0.1   -0.1
   -13.808   -73.975    0.0   -0.1   -0.1
   -13.790   -73.975    0.0   -0.1   -0.1
   -13.772   -73.975    0.0   -0.1   -0.1
   -13.754   -73.975    0.0   -0.1   -0.1
   -13.736   -73.975    0.0   -0.1   -0.1
   -13.718   -73.975    0.0   -0.1   -0.1
   -13.700   -73.975    0.0   -0.1   -0.1
   -13.682   -73.975    0.0   -0.1   -0.1
   -13.664   -73.975    0.0   -0.1   -0.1
   -13.647   -73.975    0.0   -0.1   -0.1
   -13.629   -73.975    0.0   -0.1   -0.1
   -13.611   -73.975    0.0   -0.1   -0.1
   -15.406   -73.956    0.0    0.1   -0.0
   -15.388   -73.956    0.0    0.1   -0.0
   -15.370   -73.956    0.0    0.1   -0.0
   -15.352   -73.956    0.0    0.1   -0.0
   -15.334   -73.956    0.0    0.1   -0.1
   -15.316   -73.956    0.0    0.1   -0.1
   -15.298   -73.956    0.0    0.1   -0.1
   -15.280   -73.956    0.0    0.1   -0.1
   -15.262   -73.956    0.0    0.1   -0.1
   -15.244   -73.956    0.0    0.1   -0.1
   -15.226   -73.956    0.0    0.1   -0.1
   -15.208   -73.956    0.0    0.1   -0.1
   -15.190   -73.956    0.0    0.1   -0.1
   -15.172   -73.956    0.0    0.1   -0.1
   -15.154   -73.956    0.0    0.1   -0.1
   -15.136   -73.956    0.0    0.1   -0.1
   -15.119   -73.956    0.0    0.1   -0.1
   -15.101   -73.956    0.0    0.1   -0.1
   -15.083   -73.956    0.1    0.1   -0.1
   -15.065   -73.956    0.1    0.1   -0.1
   -15.047   -73.956    0.1    0.1   -0.1
   -15.029   -73.956    0.1    0.1   -0.1
   -15.011   -73.956    0.1    0.1   -0.1
   -14.993   -73.956    0.1    0.1   -0.2
   -14.975   -73.956    0.1    0.1   -0.2
   -14.957   -73.956    0.1    0.1   -0.2
   -14.939   -73.956    0.1    0.1   -0.2
   -14.921   -73.956    0.1    0.1   -0.2
   -14.903   -73.956    0.1    0.1   -0.2
   -14.885   -73.956    0.1    0.1   -0.2
   -14.867   -73.956    0.1    0.1   -0.2
   -14.849   -73.956    0.1    0.1   -0.2
   -14.831   -73.956    0.1    0.1   -0.2
   -14.813   -73.956    0.1    0.1   -0.2
   -14.795   -73.956    0.1    0.1   -0.2
   -14.777   -73.956    0.1    0.1   -0.2
   -14.760   -73.956    0.1    0.1   -0.2
   -14.742   -73.956    0.1    0.1   -0.2
   -14.724   -73.956    0.1    0.1   -0.3
   -14.706   -73.956    0.1    0.1   -0.3
   -14.688   -73.956    0.1    0.0   -0.3
   -14.670   -73.956    0.1    0.0   -0.3
   -14.652   -73.956    0.1    0.0   -0.3
   -14.634   -73.956    0.1    0.0   -0.3
   -14.616   -73.956    0.1    0.0   -0.3
   -14.598   -73.956    0.1    0.0   -0.3
   -14.580   -73.956    0.1    0.0   -0.3
   -14.562   -73.956    0.1    0.0   -0.3
   -14.544   -73.956    0.1    0.0   -0.3
   -14.526   -73.956    0.1   -0.0   -0.3
   -14.508   -73.956    0.1   -0.0   -0.3
   -14.490   -73.956    0.1   -0.0   -0.3
   -14.472   -73.956    0.1   -0.0   -0.3
   -14.454   -73.956    0.1   -0.0   -0.3
   -14.436   -73.956    0.1   -0.0   -0.3
   -14.418   -73.956    0.1   -0.0   -0.3
   -14.400   -73.956    0.1   -0.0   -0.3
   -14.383   -73.956    0.1   -0.0   -0.3
   -14.365   -73.956    0.1   -0.0   -0.3
   -14.347   -73.956    0.1   -0.1   -0.3
   -14.329   -73.956    0.1   -0.1   -0.3
   -14.311   -73.956    0.1   -0.1   -0.3
   -14.293   -73.956    0.1   -0.1   -0.2
   -14.275   -73.956    0.1   -0.1   -0.2
   -14.257   -73.956    0.1   -0.1   -0.2
   -14.239   -73.956    0.1   -0.1   -0.2
   -14.221   -73.956    0.1   -0.1   -0.2
   -14.203   -73.956    0.1   -0.1   -0.2
   -14.185   -73.956    0.1   -0.1   -0.2
   -14.167   -73.956    0.1   -0.1   -0.2
   -14.149   -73.956    0.1   -0.1   -0.2
   -14.131   -73.956    0.1   -0.1   -0.2
   -14.113   -73.956    0.1   -0.1   -0.2
   -14.095   -73.956    0.1   -0.1   -0.2
   -14.077   -73.956    0.1   -0.1   -0.2
   -14.059   -73.956    0.1   -0.1   -0.2
   -14.041   -73.956    0.1   -0.1   -0.2
   -14.024   -73.956    0.1   -0.1   -0.2
   -14.006   -73.956    0.1   -0.1   -0.2
   -13.988   -73.956    0.1   -0.1   -0.1
   -13.970   -73.956    0.1   -0.1   -0.1
   -13.952   -73.956    0.1   -0.1   -0.1
   -13.934   -73.956    0.1   -0.1   -0.1
   -13.916   -73.956    0.1   -0.1   -0.1
   -13.898   -73.956    0.1   -0.1   -0.1
   -13.880   -73.956    0.0   -0.1   -0.1
   -13.862   -73.956    0.0   -0.1   -0.1
   -13.844   -73.956    0.0   -0.1   -0.1
   -13.826   -73.956    0.0   -0.1   -0.1
   -13.808   -73.956    0.0   -0.1   -0.1
   -13.790   -73.956    0.0   -0.1   -0.1
   -13.772   -73.956    0.0   -0.1   -0.1
   -13.754   -73.956    0.0   -0.1   -0.1
   -13.736   -73.956    0.0   -0.1   -0.1
   -13.718   -73.956    0.0   -0.1   -0.1
   -13.700   -73.956    0.0   -0.1   -0.1
   -13.682   -73.956    0.0   -0.1   -0.1
   -13.664   -73.956    0.0   -0.1   -0.1
   -13.647   -73.956    0.0   -0.1   -0.1
   -13.629   -73.956    0.0   -0.1   -0.1
   -13.611   -73.956    0.0   -0.1   -0.1
   -15.406   -73.938    0.0    0.1   -0.0
   -15.388   -73.938    0.0    0.1   -0.0
   -15.370   -73.938    0.0    0.1   -0.0
   -15.352   -73.938    0.0    0.1   -0.0
   -15.334   -73.938    0.0    0.1   -0.1
   -15.316   -73.938    0.0    0.1   -0.1
   -15.298   -73.938    0.0    0.1   -0.1
   -15.280   -73.938    0.0    0.1   -0.1
   -15.262   -73.938    0.0    0.1   -0.1
   -15.244   -73.938    0.0    0.1   -0.1
   -15.226   -73.938    0.0    0.1   -0.1
   -15.208   -73.938    0.0    0.1   -0.1
   -15.190   -73.938    0.0    0.1   -0.1
   -15.172   -73.938    0.0    0.1   -0.1
   -15.154   -73.938    0.0    0.1   -0.1
   -15.136   -73.938    0.0    0.1   -0.1
   -15.119   -73.938    0.0    0.1   -0.1
   -15.101   -73.938    0.0    0.1   -0.1
   -15.083   -73.938    0.1    0.1   -0.1
   -15.065   -73.938    0.1    0.1   -0.1
   -15.047   -73.938    0.1    0.1   -0.1
   -15.029   -73.938    0.1    0.1   -0.1
   -15.011   -73.938    0.1    0.1   -0.2
   -14.993   -73.938    0.1    0.1   -0.2
   -14.975   -73.938    0.1    0.1   -0.2
   -14.957   -73.938    0.1    0.1   -0.2
   -14.939   -73.938    0.1    0.1   -0.2
   -14.921   -73.938    0.1    0.1   -0.2
   -14.903   -73.938    0.1    0.1   -0.2
   -14.885   -73.938    0.1    0.1   -0.2
   -14.867   -73.938    0.1    0.1   -0.2
   -14.849   -73.938    0.1    0.1   -0.2
   -14.831   -73.938    0.1    0.1   -0.2
   -14.813   -73.938    0.1    0.1   -0.2
   -14.795   -73.938    0.1    0.1   -0.2
   -14.777   -73.938    0.1    0.1   -0.2
   -14.760   -73.938    0.1    0.1   -0.3
   -14.742   -73.938    0.1    0.1   -0.3
   -14.724   -73.938    0.1    0.1   -0.3
   -14.706   -73.938    0.1    0.1   -0.3
   -14.688   -73.938    0.1    0.0   -0.3
   -14.670   -73.938    0.1    0.0   -0.3
   -14.652   -73.938    0.1    0.0   -0.3
   -14.634   -73.938    0.1    0.0   -0.3
   -14.616   -73.938    0.1    0.0   -0.3
   -14.598   -73.938    0.1    0.0   -0.3
   -14.580   -73.938    0.1    0.0   -0.3
   -14.562   -73.938    0.1    0.0   -0.3
   -14.544   -73.938    0.1    0.0   -0.3
   -14.526   -73.938    0.1   -0.0   -0.3
   -14.508   -73.938    0.1   -0.0   -0.3
   -14.490   -73.938    0.1   -0.0   -0.3
   -14.472   -73.938    0.1   -0.0   -0.3
   -14.454   -73.938    0.1   -0.0   -0.3
   -14.436   -73.938    0.1   -0.0   -0.3
   -14.418   -73.938    0.1   -0.0   -0.3
   -14.400   -73.938    0.1   -0.0   -0.3
   -14.383   -73.938    0.1   -0.0   -0.3
   -14.365   -73.938    0.1   -0.1   -0.3
   -14.347   -73.938    0.1   -0.1   -0.3
   -14.329   -73.938    0.1   -0.1   -0.3
   -14.311   -73.938    0.1   -0.1   -0.3
   -14.293   -73.938    0.1   -0.1   -0.3
   -14.275   -73.938    0.1   -0.1   -0.3
   -14.257   -73.938    0.1   -0.1   -0.2
   -14.239   -73.938    0.1   -0.1   -0.2
   -14.221   -73.938    0.1   -0.1   -0.2
   -14.203   -73.938    0.1   -0.1   -0.2
   -14.185   -73.938    0.1   -0.1   -0.2
   -14.167   -73.938    0.1   -0.1   -0.2
   -14.149   -73.938    0.1   -0.1   -0.2
   -14.131   -73.938    0.1   -0.1   -0.2
   -14.113   -73.938    0.1   -0.1   -0.2
   -14.095   -73.938    0.1   -0.1   -0.2
   -14.077   -73.938    0.1   -0.1   -0.2
   -14.059   -73.938    0.1   -0.1   -0.2
   -14.041   -73.938    0.1   -0.1   -0.2
   -14.024   -73.938    0.1   -0.1   -0.2
   -14.006   -73.938    0.1   -0.1   -0.2
   -13.988   -73.938    0.1   -0.1   -0.2
   -13.970   -73.938    0.1   -0.1   -0.1
   -13.952   -73.938    0.1   -0.1   -0.1
   -13.934   -73.938    0.1   -0.1   -0.1
   -13.916   -73.938    0.1   -0.1   -0.1
   -13.898   -73.938    0.1   -0.1   -0.1
   -13.880   -73.938    0.0   -0.1   -0.1
   -13.862   -73.938    0.0   -0.1   -0.1
   -13.844   -73.938    0.0   -0.1   -0.1
   -13.826   -73.938    0.0   -0.1   -0.1
   -13.808   -73.938    0.0   -0.1   -0.1
   -13.790   -73.938    0.0   -0.1   -0.1
   -13.772   -73.938    0.0   -0.1   -0.1
   -13.754   -73.938    0.0   -0.1   -0.1
   -13.736   -73.938    0.0   -0.1   -0.1
   -13.718   -73.938    0.0   -0.1   -0.1
   -13.700   -73.938    0.0   -0.1   -0.1
   -13.682   -73.938    0.0   -0.1   -0.1
   -13.664   -73.938    0.0   -0.1   -0.1
   -13.647   -73.938    0.0   -0.1   -0.1
   -13.629   -73.938    0.0   -0.1   -0.1
   -13.611   -73.938    0.0   -0.1   -0.1
   -15.406   -73.919    0.0    0.1   -0.0
   -15.388   -73.919    0.0    0.1   -0.0
   -15.370   -73.919    0.0    0.1   -0.0
   -15.352   -73.919    0.0    0.1   -0.0
   -15.334   -73.919    0.0    0.1   -0.1
   -15.316   -73.919    0.0    0.1   -0.1
   -15.298   -73.919    0.0    0.1   -0.1
   -15.280   -73.919    0.0    0.1   -0.1
   -15.262   -73.919    0.0    0.1   -0.1
   -15.244   -73.919    0.0    0.1   -0.1
   -15.226   -73.919    0.0    0.1   -0.1
   -15.208   -73.919    0.0    0.1   -0.1
   -15.190   -73.919    0.0    0.1   -0.1
   -15.172   -73.919    0.0    0.1   -0.1
   -15.154   -73.919    0.0    0.1   -0.1
   -15.136   -73.919    0.0    0.1   -0.1
   -15.119   -73.919    0.0    0.1   -0.1
   -15.101   -73.919    0.0    0.1   -0.1
   -15.083   -73.919    0.0    0.1   -0.1
   -15.065   -73.919    0.1    0.1   -0.1
   -15.047   -73.919    0.1    0.1   -0.1
   -15.029   -73.919    0.1    0.1   -0.1
   -15.011   -73.919    0.1    0.1   -0.2
   -14.993   -73.919    0.1    0.1   -0.2
   -14.975   -73.919    0.1    0.1   -0.2
   -14.957   -73.919    0.1    0.1   -0.2
   -14.939   -73.919    0.1    0.1   -0.2
   -14.921   -73.919    0.1    0.1   -0.2
   -14.903   -73.919    0.1    0.1   -0.2
   -14.885   -73.919    0.1    0.1   -0.2
   -14.867   -73.919    0.1    0.1   -0.2
   -14.849   -73.919    0.1    0.1   -0.2
   -14.831   -73.919    0.1    0.1   -0.2
   -14.813   -73.919    0.1    0.1   -0.2
   -14.795   -73.919    0.1    0.1   -0.3
   -14.777   -73.919    0.1    0.1   -0.3
   -14.760   -73.919    0.1    0.1   -0.3
   -14.742   -73.919    0.1    0.1   -0.3
   -14.724   -73.919    0.1    0.1   -0.3
   -14.706   -73.919    0.1    0.1   -0.3
   -14.688   -73.919    0.1    0.0   -0.3
   -14.670   -73.919    0.1    0.0   -0.3
   -14.652   -73.919    0.1    0.0   -0.3
   -14.634   -73.919    0.1    0.0   -0.3
   -14.616   -73.919    0.1    0.0   -0.3
   -14.598   -73.919    0.1    0.0   -0.3
   -14.580   -73.919    0.1    0.0   -0.3
   -14.562   -73.919    0.1    0.0   -0.3
   -14.544   -73.919    0.1   -0.0   -0.3
   -14.526   -73.919    0.1   -0.0   -0.3
   -14.508   -73.919    0.1   -0.0   -0.3
   -14.490   -73.919    0.1   -0.0   -0.3
   -14.472   -73.919    0.1   -0.0   -0.3
   -14.454   -73.919    0.1   -0.0   -0.3
   -14.436   -73.919    0.1   -0.0   -0.3
   -14.418   -73.919    0.1   -0.0   -0.3
   -14.400   -73.919    0.1   -0.0   -0.3
   -14.383   -73.919    0.1   -0.1   -0.3
   -14.365   -73.919    0.1   -0.1   -0.3
   -14.347   -73.919    0.1   -0.1   -0.3
   -14.329   -73.919    0.1   -0.1   -0.3
   -14.311   -73.919    0.1   -0.1   -0.3
   -14.293   -73.919    0.1   -0.1   -0.3
   -14.275   -73.919    0.1   -0.1   -0.3
   -14.257   -73.919    0.1   -0.1   -0.3
   -14.239   -73.919    0.1   -0.1   -0.3
   -14.221   -73.919    0.1   -0.1   -0.2
   -14.203   -73.919    0.1   -0.1   -0.2
   -14.185   -73.919    0.1   -0.1   -0.2
   -14.167   -73.919    0.1   -0.1   -0.2
   -14.149   -73.919    0.1   -0.1   -0.2
   -14.131   -73.919    0.1   -0.1   -0.2
   -14.113   -73.919    0.1   -0.1   -0.2
   -14.095   -73.919    0.1   -0.1   -0.2
   -14.077   -73.919    0.1   -0.1   -0.2
   -14.059   -73.919    0.1   -0.1   -0.2
   -14.041   -73.919    0.1   -0.1   -0.2
   -14.024   -73.919    0.1   -0.1   -0.2
   -14.006   -73.919    0.1   -0.1   -0.2
   -13.988   -73.919    0.1   -0.1   -0.2
   -13.970   -73.919    0.1   -0.1   -0.2
   -13.952   -73.919    0.1   -0.1   -0.1
   -13.934   -73.919    0.1   -0.1   -0.1
   -13.916   -73.919    0.1   -0.1   -0.1
   -13.898   -73.919    0.1   -0.1   -0.1
   -13.880   -73.919    0.0   -0.1   -0.1
   -13.862   -73.919    0.0   -0.1   -0.1
   -13.844   -73.919    0.0   -0.1   -0.1
   -13.826   -73.919    0.0   -0.1   -0.1
   -13.808   -73.919    0.0   -0.1   -0.1
   -13.790   -73.919    0.0   -0.1   -0.1
   -13.772   -73.919    0.0   -0.1   -0.1
   -13.754   -73.919    0.0   -0.1   -0.1
   -13.736   -73.919    0.0   -0.1   -0.1
   -13.718   -73.919    0.0   -0.1   -0.1
   -13.700   -73.919    0.0   -0.1   -0.1
   -13.682   -73.919    0.0   -0.1   -0.1
   -13.664   -73.919    0.0   -0.1   -0.1
   -13.647   -73.919    0.0   -0.1   -0.1
   -13.629   -73.919    0.0   -0.1   -0.1
   -13.611   -73.919    0.0   -0.1   -0.1
   -15.406   -73.901    0.0    0.1   -0.0
   -15.388   -73.901    0.0    0.1   -0.0
   -15.370   -73.901    0.0    0.1   -0.0
   -15.352   -73.901    0.0    0.1   -0.0
   -15.334   -73.901    0.0    0.1   -0.1
   -15.316   -73.901    0.0    0.1   -0.1
   -15.298   -73.901    0.0    0.1   -0.1
   -15.280   -73.901    0.0    0.1   -0.1
   -15.262   -73.901    0.0    0.1   -0.1
   -15.244   -73.901    0.0    0.1   -0.1
   -15.226   -73.901    0.0    0.1   -0.1
   -15.208   -73.901    0.0    0.1   -0.1
   -15.190   -73.901    0.0    0.1   -0.1
   -15.172   -73.901    0.0    0.1   -0.1
   -15.154   -73.901    0.0    0.1   -0.1
   -15.136   -73.901    0.0    0.1   -0.1
   -15.119   -73.901    0.0    0.1   -0.1
   -15.101   -73.901    0.0    0.1   -0.1
   -15.083   -73.901    0.0    0.1   -0.1
   -15.065   -73.901    0.1    0.1   -0.1
   -15.047   -73.901    0.1    0.1   -0.1
   -15.029   -73.901    0.1    0.1   -0.2
   -15.011   -73.901    0.1    0.1   -0.2
   -14.993   -73.901    0.1    0.1   -0.2
   -14.975   -73.901    0.1    0.1   -0.2
   -14.957   -73.901    0.1    0.1   -0.2
   -14.939   -73.901    0.1    0.1   -0.2
   -14.921   -73.901    0.1    0.1   -0.2
   -14.903   -73.901    0.1    0.1   -0.2
   -14.885   -73.901    0.1    0.1   -0.2
   -14.867   -73.901    0.1    0.1   -0.2
   -14.849   -73.901    0.1    0.1   -0.2
   -14.831   -73.901    0.1    0.1   -0.2
   -14.813   -73.901    0.1    0.1   -0.3
   -14.795   -73.901    0.1    0.1   -0.3
   -14.777   -73.901    0.1    0.1   -0.3
   -14.760   -73.901    0.1    0.1   -0.3
   -14.742   -73.901    0.1    0.1   -0.3
   -14.724   -73.901    0.1    0.1   -0.3
   -14.706   -73.901    0.1    0.1   -0.3
   -14.688   -73.901    0.1    0.0   -0.3
   -14.670   -73.901    0.1    0.0   -0.3
   -14.652   -73.901    0.1    0.0   -0.3
   -14.634   -73.901    0.1    0.0   -0.3
   -14.616   -73.901    0.1    0.0   -0.3
   -14.598   -73.901    0.1    0.0   -0.3
   -14.580   -73.901    0.1    0.0   -0.3
   -14.562   -73.901    0.1    0.0   -0.3
   -14.544   -73.901    0.1   -0.0   -0.3
   -14.526   -73.901    0.1   -0.0   -0.3
   -14.508   -73.901    0.1   -0.0   -0.3
   -14.490   -73.901    0.1   -0.0   -0.3
   -14.472   -73.901    0.1   -0.0   -0.3
   -14.454   -73.901    0.1   -0.0   -0.3
   -14.436   -73.901    0.1   -0.0   -0.3
   -14.418   -73.901    0.1   -0.0   -0.3
   -14.400   -73.901    0.1   -0.0   -0.3
   -14.383   -73.901    0.1   -0.1   -0.3
   -14.365   -73.901    0.1   -0.1   -0.3
   -14.347   -73.901    0.1   -0.1   -0.3
   -14.329   -73.901    0.1   -0.1   -0.3
   -14.311   -73.901    0.1   -0.1   -0.3
   -14.293   -73.901    0.1   -0.1   -0.3
   -14.275   -73.901    0.1   -0.1   -0.3
   -14.257   -73.901    0.1   -0.1   -0.3
   -14.239   -73.901    0.1   -0.1   -0.3
   -14.221   -73.901    0.1   -0.1   -0.3
   -14.203   -73.901    0.1   -0.1   -0.2
   -14.185   -73.901    0.1   -0.1   -0.2
   -14.167   -73.901    0.1   -0.1   -0.2
   -14.149   -73.901    0.1   -0.1   -0.2
   -14.131   -73.901    0.1   -0.1   -0.2
   -14.113   -73.901    0.1   -0.1   -0.2
   -14.095   -73.901    0.1   -0.1   -0.2
   -14.077   -73.901    0.1   -0.1   -0.2
   -14.059   -73.901    0.1   -0.1   -0.2
   -14.041   -73.901    0.1   -0.1   -0.2
   -14.024   -73.901    0.1   -0.1   -0.2
   -14.006   -73.901    0.1   -0.1   -0.2
   -13.988   -73.901    0.1   -0.1   -0.2
   -13.970   -73.901    0.1   -0.1   -0.2
   -13.952   -73.901    0.1   -0.1   -0.2
   -13.934   -73.901    0.1   -0.1   -0.1
   -13.916   -73.901    0.1   -0.1   -0.1
   -13.898   -73.901    0.1   -0.1   -0.1
   -13.880   -73.901    0.0   -0.1   -0.1
   -13.862   -73.901    0.0   -0.1   -0.1
   -13.844   -73.901    0.0   -0.1   -0.1
   -13.826   -73.901    0.0   -0.1   -0.1
   -13.808   -73.901    0.0   -0.1   -0.1
   -13.790   -73.901    0.0   -0.1   -0.1
   -13.772   -73.901    0.0   -0.1   -0.1
   -13.754   -73.901    0.0   -0.1   -0.1
   -13.736   -73.901    0.0   -0.1   -0.1
   -13.718   -73.901    0.0   -0.1   -0.1
   -13.700   -73.901    0.0   -0.1   -0.1
   -13.682   -73.901    0.0   -0.1   -0.1
   -13.664   -73.901    0.0   -0.1   -0.1
   -13.647   -73.901    0.0   -0.1   -0.1
   -13.629   -73.901    0.0   -0.1   -0.1
   -13.611   -73.901    0.0   -0.1   -0.1
   -15.406   -73.882    0.0    0.1   -0.0
   -15.388   -73.882    0.0    0.1   -0.0
   -15.370   -73.882    0.0    0.1   -0.0
   -15.352   -73.882    0.0    0.1   -0.0
   -15.334   -73.882    0.0    0.1   -0.1
   -15.316   -73.882    0.0    0.1   -0.1
   -15.298   -73.882    0.0    0.1   -0.1
   -15.280   -73.882    0.0    0.1   -0.1
   -15.262   -73.882    0.0    0.1   -0.1
   -15.244   -73.882    0.0    0.1   -0.1
   -15.226   -73.882    0.0    0.1   -0.1
   -15.208   -73.882    0.0    0.1   -0.1
   -15.190   -73.882    0.0    0.1   -0.1
   -15.172   -73.882    0.0    0.1   -0.1
   -15.154   -73.882    0.0    0.1   -0.1
   -15.136   -73.882    0.0    0.1   -0.1
   -15.119   -73.882    0.0    0.1   -0.1
   -15.101   -73.882    0.0    0.1   -0.1
   -15.083   -73.882    0.0    0.1   -0.1
   -15.065   -73.882    0.1    0.1   -0.1
   -15.047   -73.882    0.1    0.1   -0.1
   -15.029   -73.882    0.1    0.1   -0.2
   -15.011   -73.882    0.1    0.1   -0.2
   -14.993   -73.882    0.1    0.1   -0.2
   -14.975   -73.882    0.1    0.1   -0.2
   -14.957   -73.882    0.1    0.1   -0.2
   -14.939   -73.882    0.1    0.1   -0.2
   -14.921   -73.882    0.1    0.1   -0.2
   -14.903   -73.882    0.1    0.1   -0.2
   -14.885   -73.882    0.1    0.1   -0.2
   -14.867   -73.882    0.1    0.1   -0.2
   -14.849   -73.882    0.1    0.1   -0.2
   -14.831   -73.882    0.1    0.1   -0.3
   -14.813   -73.882    0.1    0.1   -0.3
   -14.795   -73.882    0.1    0.1   -0.3
   -14.777   -73.882    0.1    0.1   -0.3
   -14.760   -73.882    0.1    0.1   -0.3
   -14.742   -73.882    0.1    0.1   -0.3
   -14.724   -73.882    0.1    0.1   -0.3
   -14.706   -73.882    0.1    0.1   -0.3
   -14.688   -73.882    0.1    0.0   -0.3
   -14.670   -73.882    0.1    0.0   -0.3
   -14.652   -73.882    0.1    0.0   -0.3
   -14.634   -73.882    0.1    0.0   -0.3
   -14.616   -73.882    0.1    0.0   -0.3
   -14.598   -73.882    0.1    0.0   -0.3
   -14.580   -73.882    0.1    0.0   -0.3
   -14.562   -73.882    0.1    0.0   -0.3
   -14.544   -73.882    0.1   -0.0   -0.3
   -14.526   -73.882    0.1   -0.0   -0.3
   -14.508   -73.882    0.1   -0.0   -0.3
   -14.490   -73.882    0.1   -0.0   -0.3
   -14.472   -73.882    0.1   -0.0   -0.3
   -14.454   -73.882    0.1   -0.0   -0.3
   -14.436   -73.882    0.1   -0.0   -0.3
   -14.418   -73.882    0.1   -0.0   -0.3
   -14.400   -73.882    0.1   -0.1   -0.3
   -14.383   -73.882    0.1   -0.1   -0.3
   -14.365   -73.882    0.1   -0.1   -0.3
   -14.347   -73.882    0.1   -0.1   -0.3
   -14.329   -73.882    0.1   -0.1   -0.3
   -14.311   -73.882    0.1   -0.1   -0.3
   -14.293   -73.882    0.1   -0.1   -0.3
   -14.275   -73.882    0.1   -0.1   -0.3
   -14.257   -73.882    0.1   -0.1   -0.3
   -14.239   -73.882    0.1   -0.1   -0.3
   -14.221   -73.882    0.1   -0.1   -0.3
   -14.203   -73.882    0.1   -0.1   -0.3
   -14.185   -73.882    0.1   -0.1   -0.3
   -14.167   -73.882    0.1   -0.1   -0.2
   -14.149   -73.882    0.1   -0.1   -0.2
   -14.131   -73.882    0.1   -0.1   -0.2
   -14.113   -73.882    0.1   -0.1   -0.2
   -14.095   -73.882    0.1   -0.1   -0.2
   -14.077   -73.882    0.1   -0.1   -0.2
   -14.059   -73.882    0.1   -0.1   -0.2
   -14.041   -73.882    0.1   -0.1   -0.2
   -14.024   -73.882    0.1   -0.1   -0.2
   -14.006   -73.882    0.1   -0.1   -0.2
   -13.988   -73.882    0.1   -0.1   -0.2
   -13.970   -73.882    0.1   -0.1   -0.2
   -13.952   -73.882    0.1   -0.1   -0.2
   -13.934   -73.882    0.1   -0.1   -0.2
   -13.916   -73.882    0.1   -0.1   -0.1
   -13.898   -73.882    0.1   -0.1   -0.1
   -13.880   -73.882    0.0   -0.1   -0.1
   -13.862   -73.882    0.0   -0.1   -0.1
   -13.844   -73.882    0.0   -0.1   -0.1
   -13.826   -73.882    0.0   -0.1   -0.1
   -13.808   -73.882    0.0   -0.1   -0.1
   -13.790   -73.882    0.0   -0.1   -0.1
   -13.772   -73.882    0.0   -0.1   -0.1
   -13.754   -73.882    0.0   -0.1   -0.1
   -13.736   -73.882    0.0   -0.1   -0.1
   -13.718   -73.882    0.0   -0.1   -0.1
   -13.700   -73.882    0.0   -0.1   -0.1
   -13.682   -73.882    0.0   -0.1   -0.1
   -13.664   -73.882    0.0   -0.1   -0.1
   -13.647   -73.882    0.0   -0.1   -0.1
   -13.629   -73.882    0.0   -0.1   -0.1
   -13.611   -73.882    0.0   -0.1   -0.1
   -15.406   -73.864    0.0    0.1   -0.0
   -15.388   -73.864    0.0    0.1   -0.0
   -15.370   -73.864    0.0    0.1   -0.0
   -15.352   -73.864    0.0    0.1   -0.0
   -15.334   -73.864    0.0    0.1   -0.1
   -15.316   -73.864    0.0    0.1   -0.1
   -15.298   -73.864    0.0    0.1   -0.1
   -15.280   -73.864    0.0    0.1   -0.1
   -15.262   -73.864    0.0    0.1   -0.1
   -15.244   -73.864    0.0    0.1   -0.1
   -15.226   -73.864    0.0    0.1   -0.1
   -15.208   -73.864    0.0    0.1   -0.1
   -15.190   -73.864    0.0    0.1   -0.1
   -15.172   -73.864    0.0    0.1   -0.1
   -15.154   -73.864    0.0    0.1   -0.1
   -15.136   -73.864    0.0    0.1   -0.1
   -15.119   -73.864    0.0    0.1   -0.1
   -15.101   -73.864    0.0    0.1   -0.1
   -15.083   -73.864    0.0    0.1   -0.1
   -15.065   -73.864    0.0    0.1   -0.1
   -15.047   -73.864    0.1    0.1   -0.2
   -15.029   -73.864    0.1    0.1   -0.2
   -15.011   -73.864    0.1    0.1   -0.2
   -14.993   -73.864    0.1    0.1   -0.2
   -14.975   -73.864    0.1    0.1   -0.2
   -14.957   -73.864    0.1    0.1   -0.2
   -14.939   -73.864    0.1    0.1   -0.2
   -14.921   -73.864    0.1    0.1   -0.2
   -14.903   -73.864    0.1    0.1   -0.2
   -14.885   -73.864    0.1    0.1   -0.2
   -14.867   -73.864    0.1    0.1   -0.2
   -14.849   -73.864    0.1    0.1   -0.3
   -14.831   -73.864    0.1    0.1   -0.3
   -14.813   -73.864    0.1    0.1   -0.3
   -14.795   -73.864    0.1    0.1   -0.3
   -14.777   -73.864    0.1    0.1   -0.3
   -14.760   -73.864    0.1    0.1   -0.3
   -14.742   -73.864    0.1    0.1   -0.3
   -14.724   -73.864    0.1    0.1   -0.3
   -14.706   -73.864    0.1    0.1   -0.3
   -14.688   -73.864    0.1    0.0   -0.3
   -14.670   -73.864    0.1    0.0   -0.3
   -14.652   -73.864    0.1    0.0   -0.3
   -14.634   -73.864    0.1    0.0   -0.3
   -14.616   -73.864    0.1    0.0   -0.3
   -14.598   -73.864    0.1    0.0   -0.3
   -14.580   -73.864    0.1    0.0   -0.3
   -14.562   -73.864    0.1    0.0   -0.3
   -14.544   -73.864    0.1   -0.0   -0.3
   -14.526   -73.864    0.1   -0.0   -0.4
   -14.508   -73.864    0.1   -0.0   -0.3
   -14.490   -73.864    0.1   -0.0   -0.3
   -14.472   -73.864    0.1   -0.0   -0.3
   -14.454   -73.864    0.1   -0.0   -0.3
   -14.436   -73.864    0.1   -0.0   -0.3
   -14.418   -73.864    0.1   -0.0   -0.3
   -14.400   -73.864    0.1   -0.1   -0.3
   -14.383   -73.864    0.1   -0.1   -0.3
   -14.365   -73.864    0.1   -0.1   -0.3
   -14.347   -73.864    0.1   -0.1   -0.3
   -14.329   -73.864    0.1   -0.1   -0.3
   -14.311   -73.864    0.1   -0.1   -0.3
   -14.293   -73.864    0.1   -0.1   -0.3
   -14.275   -73.864    0.1   -0.1   -0.3
   -14.257   -73.864    0.1   -0.1   -0.3
   -14.239   -73.864    0.1   -0.1   -0.3
   -14.221   -73.864    0.1   -0.1   -0.3
   -14.203   -73.864    0.1   -0.1   -0.3
   -14.185   -73.864    0.1   -0.1   -0.3
   -14.167   -73.864    0.1   -0.1   -0.3
   -14.149   -73.864    0.1   -0.1   -0.2
   -14.131   -73.864    0.1   -0.1   -0.2
   -14.113   -73.864    0.1   -0.1   -0.2
   -14.095   -73.864    0.1   -0.1   -0.2
   -14.077   -73.864    0.1   -0.1   -0.2
   -14.059   -73.864    0.1   -0.1   -0.2
   -14.041   -73.864    0.1   -0.1   -0.2
   -14.024   -73.864    0.1   -0.1   -0.2
   -14.006   -73.864    0.1   -0.1   -0.2
   -13.988   -73.864    0.1   -0.1   -0.2
   -13.970   -73.864    0.1   -0.1   -0.2
   -13.952   -73.864    0.1   -0.1   -0.2
   -13.934   -73.864    0.1   -0.1   -0.2
   -13.916   -73.864    0.1   -0.1   -0.2
   -13.898   -73.864    0.0   -0.1   -0.1
   -13.880   -73.864    0.0   -0.1   -0.1
   -13.862   -73.864    0.0   -0.1   -0.1
   -13.844   -73.864    0.0   -0.1   -0.1
   -13.826   -73.864    0.0   -0.1   -0.1
   -13.808   -73.864    0.0   -0.1   -0.1
   -13.790   -73.864    0.0   -0.1   -0.1
   -13.772   -73.864    0.0   -0.1   -0.1
   -13.754   -73.864    0.0   -0.1   -0.1
   -13.736   -73.864    0.0   -0.1   -0.1
   -13.718   -73.864    0.0   -0.1   -0.1
   -13.700   -73.864    0.0   -0.1   -0.1
   -13.682   -73.864    0.0   -0.1   -0.1
   -13.664   -73.864    0.0   -0.1   -0.1
   -13.647   -73.864    0.0   -0.1   -0.1
   -13.629   -73.864    0.0   -0.1   -0.1
   -13.611   -73.864    0.0   -0.1   -0.1
   -15.406   -73.845    0.0    0.1   -0.0
   -15.388   -73.845    0.0    0.1   -0.0
   -15.370   -73.845    0.0    0.1   -0.0
   -15.352   -73.845    0.0    0.1   -0.0
   -15.334   -73.845    0.0    0.1   -0.1
   -15.316   -73.845    0.0    0.1   -0.1
   -15.298   -73.845    0.0    0.1   -0.1
   -15.280   -73.845    0.0    0.1   -0.1
   -15.262   -73.845    0.0    0.1   -0.1
   -15.244   -73.845    0.0    0.1   -0.1
   -15.226   -73.845    0.0    0.1   -0.1
   -15.208   -73.845    0.0    0.1   -0.1
   -15.190   -73.845    0.0    0.1   -0.1
   -15.172   -73.845    0.0    0.1   -0.1
   -15.154   -73.845    0.0    0.1   -0.1
   -15.136   -73.845    0.0    0.1   -0.1
   -15.119   -73.845    0.0    0.1   -0.1
   -15.101   -73.845    0.0    0.1   -0.1
   -15.083   -73.845    0.0    0.1   -0.1
   -15.065   -73.845    0.0    0.1   -0.1
   -15.047   -73.845    0.0    0.1   -0.2
   -15.029   -73.845    0.1    0.1   -0.2
   -15.011   -73.845    0.1    0.1   -0.2
   -14.993   -73.845    0.1    0.1   -0.2
   -14.975   -73.845    0.1    0.1   -0.2
   -14.957   -73.845    0.1    0.1   -0.2
   -14.939   -73.845    0.1    0.1   -0.2
   -14.921   -73.845    0.1    0.1   -0.2
   -14.903   -73.845    0.1    0.1   -0.2
   -14.885   -73.845    0.1    0.1   -0.2
   -14.867   -73.845    0.1    0.1   -0.3
   -14.849   -73.845    0.1    0.1   -0.3
   -14.831   -73.845    0.1    0.1   -0.3
   -14.813   -73.845    0.1    0.1   -0.3
   -14.795   -73.845    0.1    0.1   -0.3
   -14.777   -73.845    0.1    0.1   -0.3
   -14.760   -73.845    0.1    0.1   -0.3
   -14.742   -73.845    0.1    0.1   -0.3
   -14.724   -73.845    0.1    0.1   -0.3
   -14.706   -73.845    0.1    0.1   -0.3
   -14.688   -73.845    0.1    0.1   -0.3
   -14.670   -73.845    0.1    0.0   -0.3
   -14.652   -73.845    0.1    0.0   -0.3
   -14.634   -73.845    0.1    0.0   -0.4
   -14.616   -73.845    0.1    0.0   -0.4
   -14.598   -73.845    0.1    0.0   -0.4
   -14.580   -73.845    0.1    0.0   -0.4
   -14.562   -73.845    0.1    0.0   -0.4
   -14.544   -73.845    0.1   -0.0   -0.4
   -14.526   -73.845    0.1   -0.0   -0.4
   -14.508   -73.845    0.1   -0.0   -0.4
   -14.490   -73.845    0.1   -0.0   -0.4
   -14.472   -73.845    0.1   -0.0   -0.4
   -14.454   -73.845    0.1   -0.0   -0.4
   -14.436   -73.845    0.1   -0.0   -0.4
   -14.418   -73.845    0.1   -0.1   -0.4
   -14.400   -73.845    0.1   -0.1   -0.3
   -14.383   -73.845    0.1   -0.1   -0.3
   -14.365   -73.845    0.1   -0.1   -0.3
   -14.347   -73.845    0.1   -0.1   -0.3
   -14.329   -73.845    0.1   -0.1   -0.3
   -14.311   -73.845    0.1   -0.1   -0.3
   -14.293   -73.845    0.1   -0.1   -0.3
   -14.275   -73.845    0.1   -0.1   -0.3
   -14.257   -73.845    0.1   -0.1   -0.3
   -14.239   -73.845    0.1   -0.1   -0.3
   -14.221   -73.845    0.1   -0.1   -0.3
   -14.203   -73.845    0.1   -0.1   -0.3
   -14.185   -73.845    0.1   -0.1   -0.3
   -14.167   -73.845    0.1   -0.1   -0.3
   -14.149   -73.845    0.1   -0.1   -0.3
   -14.131   -73.845    0.1   -0.1   -0.2
   -14.113   -73.845    0.1   -0.1   -0.2
   -14.095   -73.845    0.1   -0.1   -0.2
   -14.077   -73.845    0.1   -0.1   -0.2
   -14.059   -73.845    0.1   -0.1   -0.2
   -14.041   -73.845    0.1   -0.1   -0.2
   -14.024   -73.845    0.1   -0.1   -0.2
   -14.006   -73.845    0.1   -0.1   -0.2
   -13.988   -73.845    0.1   -0.1   -0.2
   -13.970   -73.845    0.1   -0.1   -0.2
   -13.952   -73.845    0.1   -0.1   -0.2
   -13.934   -73.845    0.1   -0.1   -0.2
   -13.916   -73.845    0.1   -0.1   -0.2
   -13.898   -73.845    0.0   -0.1   -0.2
   -13.880   -73.845    0.0   -0.1   -0.1
   -13.862   -73.845    0.0   -0.1   -0.1
   -13.844   -73.845    0.0   -0.1   -0.1
   -13.826   -73.845    0.0   -0.1   -0.1
   -13.808   -73.845    0.0   -0.1   -0.1
   -13.790   -73.845    0.0   -0.1   -0.1
   -13.772   -73.845    0.0   -0.1   -0.1
   -13.754   -73.845    0.0   -0.1   -0.1
   -13.736   -73.845    0.0   -0.1   -0.1
   -13.718   -73.845    0.0   -0.1   -0.1
   -13.700   -73.845    0.0   -0.1   -0.1
   -13.682   -73.845    0.0   -0.1   -0.1
   -13.664   -73.845    0.0   -0.1   -0.1
   -13.647   -73.845    0.0   -0.1   -0.1
   -13.629   -73.845    0.0   -0.1   -0.1
   -13.611   -73.845    0.0   -0.1   -0.1
   -15.406   -73.827    0.0    0.1   -0.0
   -15.388   -73.827    0.0    0.1   -0.0
   -15.370   -73.827    0.0    0.1   -0.0
   -15.352   -73.827    0.0    0.1   -0.0
   -15.334   -73.827    0.0    0.1   -0.1
   -15.316   -73.827    0.0    0.1   -0.1
   -15.298   -73.827    0.0    0.1   -0.1
   -15.280   -73.827    0.0    0.1   -0.1
   -15.262   -73.827    0.0    0.1   -0.1
   -15.244   -73.827    0.0    0.1   -0.1
   -15.226   -73.827    0.0    0.1   -0.1
   -15.208   -73.827    0.0    0.1   -0.1
   -15.190   -73.827    0.0    0.1   -0.1
   -15.172   -73.827    0.0    0.1   -0.1
   -15.154   -73.827    0.0    0.1   -0.1
   -15.136   -73.827    0.0    0.1   -0.1
   -15.119   -73.827    0.0    0.1   -0.1
   -15.101   -73.827    0.0    0.1   -0.1
   -15.083   -73.827    0.0    0.1   -0.1
   -15.065   -73.827    0.0    0.1   -0.1
   -15.047   -73.827    0.0    0.1   -0.2
   -15.029   -73.827    0.0    0.1   -0.2
   -15.011   -73.827    0.1    0.1   -0.2
   -14.993   -73.827    0.1    0.1   -0.2
   -14.975   -73.827    0.1    0.1   -0.2
   -14.957   -73.827    0.1    0.1   -0.2
   -14.939   -73.827    0.1    0.1   -0.2
   -14.921   -73.827    0.1    0.1   -0.2
   -14.903   -73.827    0.1    0.1   -0.2
   -14.885   -73.827    0.1    0.1   -0.2
   -14.867   -73.827    0.1    0.1   -0.3
   -14.849   -73.827    0.1    0.1   -0.3
   -14.831   -73.827    0.1    0.1   -0.3
   -14.813   -73.827    0.1    0.1   -0.3
   -14.795   -73.827    0.1    0.1   -0.3
   -14.777   -73.827    0.1    0.1   -0.3
   -14.760   -73.827    0.1    0.1   -0.3
   -14.742   -73.827    0.1    0.1   -0.3
   -14.724   -73.827    0.1    0.1   -0.3
   -14.706   -73.827    0.1    0.1   -0.3
   -14.688   -73.827    0.1    0.1   -0.3
   -14.670   -73.827    0.1    0.0   -0.4
   -14.652   -73.827    0.1    0.0   -0.4
   -14.634   -73.827    0.1    0.0   -0.4
   -14.616   -73.827    0.1    0.0   -0.4
   -14.598   -73.827    0.1    0.0   -0.4
   -14.580   -73.827    0.1    0.0   -0.4
   -14.562   -73.827    0.1    0.0   -0.4
   -14.544   -73.827    0.1   -0.0   -0.4
   -14.526   -73.827    0.1   -0.0   -0.4
   -14.508   -73.827    0.1   -0.0   -0.4
   -14.490   -73.827    0.1   -0.0   -0.4
   -14.472   -73.827    0.1   -0.0   -0.4
   -14.454   -73.827    0.1   -0.0   -0.4
   -14.436   -73.827    0.1   -0.0   -0.4
   -14.418   -73.827    0.1   -0.1   -0.4
   -14.400   -73.827    0.1   -0.1   -0.4
   -14.383   -73.827    0.1   -0.1   -0.4
   -14.365   -73.827    0.1   -0.1   -0.4
   -14.347   -73.827    0.1   -0.1   -0.3
   -14.329   -73.827    0.1   -0.1   -0.3
   -14.311   -73.827    0.1   -0.1   -0.3
   -14.293   -73.827    0.1   -0.1   -0.3
   -14.275   -73.827    0.1   -0.1   -0.3
   -14.257   -73.827    0.1   -0.1   -0.3
   -14.239   -73.827    0.1   -0.1   -0.3
   -14.221   -73.827    0.1   -0.1   -0.3
   -14.203   -73.827    0.1   -0.1   -0.3
   -14.185   -73.827    0.1   -0.1   -0.3
   -14.167   -73.827    0.1   -0.1   -0.3
   -14.149   -73.827    0.1   -0.1   -0.3
   -14.131   -73.827    0.1   -0.1   -0.3
   -14.113   -73.827    0.1   -0.1   -0.2
   -14.095   -73.827    0.1   -0.1   -0.2
   -14.077   -73.827    0.1   -0.1   -0.2
   -14.059   -73.827    0.1   -0.1   -0.2
   -14.041   -73.827    0.1   -0.1   -0.2
   -14.024   -73.827    0.1   -0.1   -0.2
   -14.006   -73.827    0.1   -0.1   -0.2
   -13.988   -73.827    0.1   -0.1   -0.2
   -13.970   -73.827    0.1   -0.1   -0.2
   -13.952   -73.827    0.1   -0.1   -0.2
   -13.934   -73.827    0.1   -0.1   -0.2
   -13.916   -73.827    0.1   -0.1   -0.2
   -13.898   -73.827    0.0   -0.1   -0.2
   -13.880   -73.827    0.0   -0.1   -0.2
   -13.862   -73.827    0.0   -0.1   -0.1
   -13.844   -73.827    0.0   -0.1   -0.1
   -13.826   -73.827    0.0   -0.1   -0.1
   -13.808   -73.827    0.0   -0.1   -0.1
   -13.790   -73.827    0.0   -0.1   -0.1
   -13.772   -73.827    0.0   -0.1   -0.1
   -13.754   -73.827    0.0   -0.1   -0.1
   -13.736   -73.827    0.0   -0.1   -0.1
   -13.718   -73.827    0.0   -0.1   -0.1
   -13.700   -73.827    0.0   -0.1   -0.1
   -13.682   -73.827    0.0   -0.1   -0.1
   -13.664   -73.827    0.0   -0.1   -0.1
   -13.647   -73.827    0.0   -0.1   -0.1
   -13.629   -73.827    0.0   -0.1   -0.1
   -13.611   -73.827    0.0   -0.1   -0.1
   -15.406   -73.808    0.0    0.1   -0.0
   -15.388   -73.808    0.0    0.1   -0.0
   -15.370   -73.808    0.0    0.1   -0.0
   -15.352   -73.808    0.0    0.1   -0.0
   -15.334   -73.808    0.0    0.1   -0.1
   -15.316   -73.808    0.0    0.1   -0.1
   -15.298   -73.808    0.0    0.1   -0.1
   -15.280   -73.808    0.0    0.1   -0.1
   -15.262   -73.808    0.0    0.1   -0.1
   -15.244   -73.808    0.0    0.1   -0.1
   -15.226   -73.808    0.0    0.1   -0.1
   -15.208   -73.808    0.0    0.1   -0.1
   -15.190   -73.808    0.0    0.1   -0.1
   -15.172   -73.808    0.0    0.1   -0.1
   -15.154   -73.808    0.0    0.1   -0.1
   -15.136   -73.808    0.0    0.1   -0.1
   -15.119   -73.808    0.0    0.1   -0.1
   -15.101   -73.808    0.0    0.1   -0.1
   -15.083   -73.808    0.0    0.1   -0.1
   -15.065   -73.808    0.0    0.1   -0.2
   -15.047   -73.808    0.0    0.1   -0.2
   -15.029   -73.808    0.0    0.1   -0.2
   -15.011   -73.808    0.1    0.1   -0.2
   -14.993   -73.808    0.1    0.1   -0.2
   -14.975   -73.808    0.1    0.1   -0.2
   -14.957   -73.808    0.1    0.1   -0.2
   -14.939   -73.808    0.1    0.1   -0.2
   -14.921   -73.808    0.1    0.1   -0.2
   -14.903   -73.808    0.1    0.1   -0.2
   -14.885   -73.808    0.1    0.1   -0.3
   -14.867   -73.808    0.1    0.1   -0.3
   -14.849   -73.808    0.1    0.1   -0.3
   -14.831   -73.808    0.1    0.1   -0.3
   -14.813   -73.808    0.1    0.1   -0.3
   -14.795   -73.808    0.1    0.1   -0.3
   -14.777   -73.808    0.1    0.1   -0.3
   -14.760   -73.808    0.1    0.1   -0.3
   -14.742   -73.808    0.1    0.1   -0.3
   -14.724   -73.808    0.1    0.1   -0.3
   -14.706   -73.808    0.1    0.1   -0.3
   -14.688   -73.808    0.1    0.1   -0.4
   -14.670   -73.808    0.1    0.0   -0.4
   -14.652   -73.808    0.1    0.0   -0.4
   -14.634   -73.808    0.1    0.0   -0.4
   -14.616   -73.808    0.1    0.0   -0.4
   -14.598   -73.808    0.1    0.0   -0.4
   -14.580   -73.808    0.1    0.0   -0.4
   -14.562   -73.808    0.1    0.0   -0.4
   -14.544   -73.808    0.1   -0.0   -0.4
   -14.526   -73.808    0.1   -0.0   -0.4
   -14.508   -73.808    0.1   -0.0   -0.4
   -14.490   -73.808    0.1   -0.0   -0.4
   -14.472   -73.808    0.1   -0.0   -0.4
   -14.454   -73.808    0.1   -0.0   -0.4
   -14.436   -73.808    0.1   -0.1   -0.4
   -14.418   -73.808    0.1   -0.1   -0.4
   -14.400   -73.808    0.1   -0.1   -0.4
   -14.383   -73.808    0.1   -0.1   -0.4
   -14.365   -73.808    0.1   -0.1   -0.4
   -14.347   -73.808    0.1   -0.1   -0.4
   -14.329   -73.808    0.1   -0.1   -0.4
   -14.311   -73.808    0.1   -0.1   -0.3
   -14.293   -73.808    0.1   -0.1   -0.3
   -14.275   -73.808    0.1   -0.1   -0.3
   -14.257   -73.808    0.1   -0.1   -0.3
   -14.239   -73.808    0.1   -0.1   -0.3
   -14.221   -73.808    0.1   -0.1   -0.3
   -14.203   -73.808    0.1   -0.1   -0.3
   -14.185   -73.808    0.1   -0.1   -0.3
   -14.167   -73.808    0.1   -0.1   -0.3
   -14.149   -73.808    0.1   -0.1   -0.3
   -14.131   -73.808    0.1   -0.1   -0.3
   -14.113   -73.808    0.1   -0.1   -0.3
   -14.095   -73.808    0.1   -0.1   -0.2
   -14.077   -73.808    0.1   -0.1   -0.2
   -14.059   -73.808    0.1   -0.1   -0.2
   -14.041   -73.808    0.1   -0.1   -0.2
   -14.024   -73.808    0.1   -0.1   -0.2
   -14.006   -73.808    0.1   -0.1   -0.2
   -13.988   -73.808    0.1   -0.1   -0.2
   -13.970   -73.808    0.1   -0.1   -0.2
   -13.952   -73.808    0.1   -0.1   -0.2
   -13.934   -73.808    0.1   -0.1   -0.2
   -13.916   -73.808    0.0   -0.1   -0.2
   -13.898   -73.808    0.0   -0.1   -0.2
   -13.880   -73.808    0.0   -0.1   -0.2
   -13.862   -73.808    0.0   -0.1   -0.1
   -13.844   -73.808    0.0   -0.1   -0.1
   -13.826   -73.808    0.0   -0.1   -0.1
   -13.808   -73.808    0.0   -0.1   -0.1
   -13.790   -73.808    0.0   -0.1   -0.1
   -13.772   -73.808    0.0   -0.1   -0.1
   -13.754   -73.808    0.0   -0.1   -0.1
   -13.736   -73.808    0.0   -0.1   -0.1
   -13.718   -73.808    0.0   -0.1   -0.1
   -13.700   -73.808    0.0   -0.1   -0.1
   -13.682   -73.808    0.0   -0.1   -0.1
   -13.664   -73.808    0.0   -0.1   -0.1
   -13.647   -73.808    0.0   -0.1   -0.1
   -13.629   -73.808    0.0   -0.1   -0.1
   -13.611   -73.808    0.0   -0.1   -0.1
   -15.406   -73.789    0.0    0.1   -0.0
   -15.388   -73.789    0.0    0.1   -0.0
   -15.370   -73.789    0.0    0.1   -0.0
   -15.352   -73.789    0.0    0.1   -0.0
   -15.334   -73.789    0.0    0.1   -0.1
   -15.316   -73.789    0.0    0.1   -0.1
   -15.298   -73.789    0.0    0.1   -0.1
   -15.280   -73.789    0.0    0.1   -0.1
   -15.262   -73.789    0.0    0.1   -0.1
   -15.244   -73.789    0.0    0.1   -0.1
   -15.226   -73.789    0.0    0.1   -0.1
   -15.208   -73.789    0.0    0.1   -0.1
   -15.190   -73.789    0.0    0.1   -0.1
   -15.172   -73.789    0.0    0.1   -0.1
   -15.154   -73.789    0.0    0.1   -0.1
   -15.136   -73.789    0.0    0.1   -0.1
   -15.119   -73.789    0.0    0.1   -0.1
   -15.101   -73.789    0.0    0.1   -0.1
   -15.083   -73.789    0.0    0.1   -0.1
   -15.065   -73.789    0.0    0.1   -0.2
   -15.047   -73.789    0.0    0.1   -0.2
   -15.029   -73.789    0.0    0.1   -0.2
   -15.011   -73.789    0.0    0.1   -0.2
   -14.993   -73.789    0.1    0.1   -0.2
   -14.975   -73.789    0.1    0.1   -0.2
   -14.957   -73.789    0.1    0.1   -0.2
   -14.939   -73.789    0.1    0.1   -0.2
   -14.921   -73.789    0.1    0.1   -0.2
   -14.903   -73.789    0.1    0.1   -0.2
   -14.885   -73.789    0.1    0.1   -0.3
   -14.867   -73.789    0.1    0.1   -0.3
   -14.849   -73.789    0.1    0.1   -0.3
   -14.831   -73.789    0.1    0.1   -0.3
   -14.813   -73.789    0.1    0.1   -0.3
   -14.795   -73.789    0.1    0.1   -0.3
   -14.777   -73.789    0.1    0.1   -0.3
   -14.760   -73.789    0.1    0.1   -0.3
   -14.742   -73.789    0.1    0.1   -0.3
   -14.724   -73.789    0.1    0.1   -0.4
   -14.706   -73.789    0.1    0.1   -0.4
   -14.688   -73.789    0.1    0.1   -0.4
   -14.670   -73.789    0.1    0.0   -0.4
   -14.652   -73.789    0.1    0.0   -0.4
   -14.634   -73.789    0.1    0.0   -0.4
   -14.616   -73.789    0.1    0.0   -0.4
   -14.598   -73.789    0.1    0.0   -0.4
   -14.580   -73.789    0.1    0.0   -0.4
   -14.562   -73.789    0.1    0.0   -0.4
   -14.544   -73.789    0.1   -0.0   -0.4
   -14.526   -73.789    0.1   -0.0   -0.4
   -14.508   -73.789    0.1   -0.0   -0.4
   -14.490   -73.789    0.1   -0.0   -0.4
   -14.472   -73.789    0.1   -0.0   -0.4
   -14.454   -73.789    0.1   -0.0   -0.4
   -14.436   -73.789    0.1   -0.1   -0.4
   -14.418   -73.789    0.1   -0.1   -0.4
   -14.400   -73.789    0.1   -0.1   -0.4
   -14.383   -73.789    0.1   -0.1   -0.4
   -14.365   -73.789    0.1   -0.1   -0.4
   -14.347   -73.789    0.1   -0.1   -0.4
   -14.329   -73.789    0.1   -0.1   -0.4
   -14.311   -73.789    0.1   -0.1   -0.4
   -14.293   -73.789    0.1   -0.1   -0.3
   -14.275   -73.789    0.1   -0.1   -0.3
   -14.257   -73.789    0.1   -0.1   -0.3
   -14.239   -73.789    0.1   -0.1   -0.3
   -14.221   -73.789    0.1   -0.1   -0.3
   -14.203   -73.789    0.1   -0.1   -0.3
   -14.185   -73.789    0.1   -0.1   -0.3
   -14.167   -73.789    0.1   -0.1   -0.3
   -14.149   -73.789    0.1   -0.1   -0.3
   -14.131   -73.789    0.1   -0.1   -0.3
   -14.113   -73.789    0.1   -0.1   -0.3
   -14.095   -73.789    0.1   -0.1   -0.3
   -14.077   -73.789    0.1   -0.1   -0.2
   -14.059   -73.789    0.1   -0.1   -0.2
   -14.041   -73.789    0.1   -0.1   -0.2
   -14.024   -73.789    0.1   -0.1   -0.2
   -14.006   -73.789    0.1   -0.1   -0.2
   -13.988   -73.789    0.1   -0.1   -0.2
   -13.970   -73.789    0.1   -0.1   -0.2
   -13.952   -73.789    0.1   -0.1   -0.2
   -13.934   -73.789    0.0   -0.1   -0.2
   -13.916   -73.789    0.0   -0.1   -0.2
   -13.898   -73.789    0.0   -0.1   -0.2
   -13.880   -73.789    0.0   -0.1   -0.2
   -13.862   -73.789    0.0   -0.1   -0.2
   -13.844   -73.789    0.0   -0.1   -0.1
   -13.826   -73.789    0.0   -0.1   -0.1
   -13.808   -73.789    0.0   -0.1   -0.1
   -13.790   -73.789    0.0   -0.1   -0.1
   -13.772   -73.789    0.0   -0.1   -0.1
   -13.754   -73.789    0.0   -0.1   -0.1
   -13.736   -73.789    0.0   -0.1   -0.1
   -13.718   -73.789    0.0   -0.1   -0.1
   -13.700   -73.789    0.0   -0.1   -0.1
   -13.682   -73.789    0.0   -0.1   -0.1
   -13.664   -73.789    0.0   -0.1   -0.1
   -13.647   -73.789    0.0   -0.1   -0.1
   -13.629   -73.789    0.0   -0.1   -0.1
   -13.611   -73.789    0.0   -0.1   -0.1
   -15.406   -73.771    0.0    0.1   -0.0
   -15.388   -73.771    0.0    0.1   -0.0
   -15.370   -73.771    0.0    0.1   -0.0
   -15.352   -73.771    0.0    0.1   -0.0
   -15.334   -73.771    0.0    0.1   -0.1
   -15.316   -73.771    0.0    0.1   -0.1
   -15.298   -73.771    0.0    0.1   -0.1
   -15.280   -73.771    0.0    0.1   -0.1
   -15.262   -73.771    0.0    0.1   -0.1
   -15.244   -73.771    0.0    0.1   -0.1
   -15.226   -73.771    0.0    0.1   -0.1
   -15.208   -73.771    0.0    0.1   -0.1
   -15.190   -73.771    0.0    0.1   -0.1
   -15.172   -73.771    0.0    0.1   -0.1
   -15.154   -73.771    0.0    0.1   -0.1
   -15.136   -73.771    0.0    0.1   -0.1
   -15.119   -73.771    0.0    0.1   -0.1
   -15.101   -73.771    0.0    0.1   -0.1
   -15.083   -73.771    0.0    0.1   -0.1
   -15.065   -73.771    0.0    0.1   -0.2
   -15.047   -73.771    0.0    0.1   -0.2
   -15.029   -73.771    0.0    0.1   -0.2
   -15.011   -73.771    0.0    0.1   -0.2
   -14.993   -73.771    0.0    0.1   -0.2
   -14.975   -73.771    0.0    0.1   -0.2
   -14.957   -73.771    0.1    0.1   -0.2
   -14.939   -73.771    0.1    0.1   -0.2
   -14.921   -73.771    0.1    0.1   -0.2
   -14.903   -73.771    0.1    0.1   -0.3
   -14.885   -73.771    0.1    0.1   -0.3
   -14.867   -73.771    0.1    0.1   -0.3
   -14.849   -73.771    0.1    0.1   -0.3
   -14.831   -73.771    0.1    0.1   -0.3
   -14.813   -73.771    0.1    0.1   -0.3
   -14.795   -73.771    0.1    0.1   -0.3
   -14.777   -73.771    0.1    0.1   -0.3
   -14.760   -73.771    0.1    0.1   -0.3
   -14.742   -73.771    0.1    0.1   -0.4
   -14.724   -73.771    0.1    0.1   -0.4
   -14.706   -73.771    0.1    0.1   -0.4
   -14.688   -73.771    0.1    0.1   -0.4
   -14.670   -73.771    0.1    0.0   -0.4
   -14.652   -73.771    0.1    0.0   -0.4
   -14.634   -73.771    0.1    0.0   -0.4
   -14.616   -73.771    0.1    0.0   -0.4
   -14.598   -73.771    0.1    0.0   -0.4
   -14.580   -73.771    0.1    0.0   -0.4
   -14.562   -73.771    0.1   -0.0   -0.4
   -14.544   -73.771    0.1   -0.0   -0.4
   -14.526   -73.771    0.1   -0.0   -0.4
   -14.508   -73.771    0.1   -0.0   -0.4
   -14.490   -73.771    0.1   -0.0   -0.4
   -14.472   -73.771    0.1   -0.0   -0.4
   -14.454   -73.771    0.1   -0.0   -0.4
   -14.436   -73.771    0.1   -0.1   -0.4
   -14.418   -73.771    0.1   -0.1   -0.4
   -14.400   -73.771    0.1   -0.1   -0.4
   -14.383   -73.771    0.1   -0.1   -0.4
   -14.365   -73.771    0.1   -0.1   -0.4
   -14.347   -73.771    0.1   -0.1   -0.4
   -14.329   -73.771    0.1   -0.1   -0.4
   -14.311   -73.771    0.1   -0.1   -0.4
   -14.293   -73.771    0.1   -0.1   -0.4
   -14.275   -73.771    0.1   -0.1   -0.4
   -14.257   -73.771    0.1   -0.1   -0.3
   -14.239   -73.771    0.1   -0.1   -0.3
   -14.221   -73.771    0.1   -0.1   -0.3
   -14.203   -73.771    0.1   -0.1   -0.3
   -14.185   -73.771    0.1   -0.1   -0.3
   -14.167   -73.771    0.1   -0.1   -0.3
   -14.149   -73.771    0.1   -0.1   -0.3
   -14.131   -73.771    0.1   -0.1   -0.3
   -14.113   -73.771    0.1   -0.1   -0.3
   -14.095   -73.771    0.1   -0.1   -0.3
   -14.077   -73.771    0.1   -0.1   -0.3
   -14.059   -73.771    0.1   -0.1   -0.2
   -14.041   -73.771    0.1   -0.1   -0.2
   -14.024   -73.771    0.1   -0.1   -0.2
   -14.006   -73.771    0.1   -0.1   -0.2
   -13.988   -73.771    0.1   -0.1   -0.2
   -13.970   -73.771    0.1   -0.1   -0.2
   -13.952   -73.771    0.0   -0.1   -0.2
   -13.934   -73.771    0.0   -0.1   -0.2
   -13.916   -73.771    0.0   -0.1   -0.2
   -13.898   -73.771    0.0   -0.1   -0.2
   -13.880   -73.771    0.0   -0.1   -0.2
   -13.862   -73.771    0.0   -0.1   -0.2
   -13.844   -73.771    0.0   -0.1   -0.2
   -13.826   -73.771    0.0   -0.1   -0.1
   -13.808   -73.771    0.0   -0.1   -0.1
   -13.790   -73.771    0.0   -0.1   -0.1
   -13.772   -73.771    0.0   -0.1   -0.1
   -13.754   -73.771    0.0   -0.1   -0.1
   -13.736   -73.771    0.0   -0.1   -0.1
   -13.718   -73.771    0.0   -0.1   -0.1
   -13.700   -73.771    0.0   -0.1   -0.1
   -13.682   -73.771    0.0   -0.1   -0.1
   -13.664   -73.771    0.0   -0.1   -0.1
   -13.647   -73.771    0.0   -0.1   -0.1
   -13.629   -73.771    0.0   -0.1   -0.1
   -13.611   -73.771    0.0   -0.1   -0.1
   -15.406   -73.752    0.0    0.1   -0.0
   -15.388   -73.752    0.0    0.1   -0.0
   -15.370   -73.752    0.0    0.1   -0.0
   -15.352   -73.752    0.0    0.1   -0.0
   -15.334   -73.752    0.0    0.1   -0.1
   -15.316   -73.752    0.0    0.1   -0.1
   -15.298   -73.752    0.0    0.1   -0.1
   -15.280   -73.752    0.0    0.1   -0.1
   -15.262   -73.752    0.0    0.1   -0.1
   -15.244   -73.752    0.0    0.1   -0.1
   -15.226   -73.752    0.0    0.1   -0.1
   -15.208   -73.752    0.0    0.1   -0.1
   -15.190   -73.752    0.0    0.1   -0.1
   -15.172   -73.752    0.0    0.1   -0.1
   -15.154   -73.752    0.0    0.1   -0.1
   -15.136   -73.752    0.0    0.1   -0.1
   -15.119   -73.752    0.0    0.1   -0.1
   -15.101   -73.752    0.0    0.1   -0.1
   -15.083   -73.752    0.0    0.1   -0.1
   -15.065   -73.752    0.0    0.1   -0.2
   -15.047   -73.752    0.0    0.1   -0.2
   -15.029   -73.752    0.0    0.1   -0.2
   -15.011   -73.752    0.0    0.1   -0.2
   -14.993   -73.752    0.0    0.1   -0.2
   -14.975   -73.752    0.0    0.1   -0.2
   -14.957   -73.752    0.0    0.1   -0.2
   -14.939   -73.752    0.1    0.1   -0.2
   -14.921   -73.752    0.1    0.1   -0.2
   -14.903   -73.752    0.1    0.1   -0.3
   -14.885   -73.752    0.1    0.1   -0.3
   -14.867   -73.752    0.1    0.1   -0.3
   -14.849   -73.752    0.1    0.1   -0.3
   -14.831   -73.752    0.1    0.1   -0.3
   -14.813   -73.752    0.1    0.1   -0.3
   -14.795   -73.752    0.1    0.1   -0.3
   -14.777   -73.752    0.1    0.1   -0.3
   -14.760   -73.752    0.1    0.1   -0.3
   -14.742   -73.752    0.1    0.1   -0.4
   -14.724   -73.752    0.1    0.1   -0.4
   -14.706   -73.752    0.1    0.1   -0.4
   -14.688   -73.752    0.1    0.1   -0.4
   -14.670   -73.752    0.1    0.0   -0.4
   -14.652   -73.752    0.1    0.0   -0.4
   -14.634   -73.752    0.1    0.0   -0.4
   -14.616   -73.752    0.1    0.0   -0.4
   -14.598   -73.752    0.1    0.0   -0.4
   -14.580   -73.752    0.1    0.0   -0.4
   -14.562   -73.752    0.1   -0.0   -0.4
   -14.544   -73.752    0.1   -0.0   -0.4
   -14.526   -73.752    0.1   -0.0   -0.4
   -14.508   -73.752    0.1   -0.0   -0.4
   -14.490   -73.752    0.1   -0.0   -0.4
   -14.472   -73.752    0.1   -0.0   -0.4
   -14.454   -73.752    0.1   -0.1   -0.4
   -14.436   -73.752    0.1   -0.1   -0.4
   -14.418   -73.752    0.1   -0.1   -0.4
   -14.400   -73.752    0.1   -0.1   -0.4
   -14.383   -73.752    0.1   -0.1   -0.4
   -14.365   -73.752    0.1   -0.1   -0.4
   -14.347   -73.752    0.1   -0.1   -0.4
   -14.329   -73.752    0.1   -0.1   -0.4
   -14.311   -73.752    0.1   -0.1   -0.4
   -14.293   -73.752    0.1   -0.1   -0.4
   -14.275   -73.752    0.1   -0.1   -0.4
   -14.257   -73.752    0.1   -0.1   -0.4
   -14.239   -73.752    0.1   -0.1   -0.3
   -14.221   -73.752    0.1   -0.1   -0.3
   -14.203   -73.752    0.1   -0.1   -0.3
   -14.185   -73.752    0.1   -0.1   -0.3
   -14.167   -73.752    0.1   -0.1   -0.3
   -14.149   -73.752    0.1   -0.1   -0.3
   -14.131   -73.752    0.1   -0.1   -0.3
   -14.113   -73.752    0.1   -0.1   -0.3
   -14.095   -73.752    0.1   -0.1   -0.3
   -14.077   -73.752    0.1   -0.1   -0.3
   -14.059   -73.752    0.1   -0.1   -0.3
   -14.041   -73.752    0.1   -0.1   -0.2
   -14.024   -73.752    0.1   -0.1   -0.2
   -14.006   -73.752    0.1   -0.1   -0.2
   -13.988   -73.752    0.1   -0.1   -0.2
   -13.970   -73.752    0.0   -0.1   -0.2
   -13.952   -73.752    0.0   -0.1   -0.2
   -13.934   -73.752    0.0   -0.1   -0.2
   -13.916   -73.752    0.0   -0.1   -0.2
   -13.898   -73.752    0.0   -0.1   -0.2
   -13.880   -73.752    0.0   -0.1   -0.2
   -13.862   -73.752    0.0   -0.1   -0.2
   -13.844   -73.752    0.0   -0.1   -0.2
   -13.826   -73.752    0.0   -0.1   -0.1
   -13.808   -73.752    0.0   -0.1   -0.1
   -13.790   -73.752    0.0   -0.1   -0.1
   -13.772   -73.752    0.0   -0.1   -0.1
   -13.754   -73.752    0.0   -0.1   -0.1
   -13.736   -73.752    0.0   -0.1   -0.1
   -13.718   -73.752    0.0   -0.1   -0.1
   -13.700   -73.752    0.0   -0.1   -0.1
   -13.682   -73.752    0.0   -0.1   -0.1
   -13.664   -73.752    0.0   -0.1   -0.1
   -13.647   -73.752    0.0   -0.1   -0.1
   -13.629   -73.752    0.0   -0.1   -0.1
   -13.611   -73.752    0.0   -0.1   -0.1
   -15.406   -73.734    0.0    0.0   -0.0
   -15.388   -73.734    0.0    0.1   -0.0
   -15.370   -73.734    0.0    0.1   -0.0
   -15.352   -73.734    0.0    0.1   -0.0
   -15.334   -73.734    0.0    0.1   -0.1
   -15.316   -73.734    0.0    0.1   -0.1
   -15.298   -73.734    0.0    0.1   -0.1
   -15.280   -73.734    0.0    0.1   -0.1
   -15.262   -73.734    0.0    0.1   -0.1
   -15.244   -73.734    0.0    0.1   -0.1
   -15.226   -73.734    0.0    0.1   -0.1
   -15.208   -73.734    0.0    0.1   -0.1
   -15.190   -73.734    0.0    0.1   -0.1
   -15.172   -73.734    0.0    0.1   -0.1
   -15.154   -73.734    0.0    0.1   -0.1
   -15.136   -73.734    0.0    0.1   -0.1
   -15.119   -73.734    0.0    0.1   -0.1
   -15.101   -73.734    0.0    0.1   -0.1
   -15.083   -73.734    0.0    0.1   -0.1
   -15.065   -73.734    0.0    0.1   -0.2
   -15.047   -73.734    0.0    0.1   -0.2
   -15.029   -73.734    0.0    0.1   -0.2
   -15.011   -73.734    0.0    0.1   -0.2
   -14.993   -73.734    0.0    0.1   -0.2
   -14.975   -73.734    0.0    0.1   -0.2
   -14.957   -73.734    0.0    0.1   -0.2
   -14.939   -73.734    0.0    0.1   -0.2
   -14.921   -73.734    0.1    0.1   -0.2
   -14.903   -73.734    0.1    0.1   -0.3
   -14.885   -73.734    0.1    0.1   -0.3
   -14.867   -73.734    0.1    0.1   -0.3
   -14.849   -73.734    0.1    0.1   -0.3
   -14.831   -73.734    0.1    0.1   -0.3
   -14.813   -73.734    0.1    0.1   -0.3
   -14.795   -73.734    0.1    0.1   -0.3
   -14.777   -73.734    0.1    0.1   -0.3
   -14.760   -73.734    0.1    0.1   -0.4
   -14.742   -73.734    0.1    0.1   -0.4
   -14.724   -73.734    0.1    0.1   -0.4
   -14.706   -73.734    0.1    0.1   -0.4
   -14.688   -73.734    0.1    0.1   -0.4
   -14.670   -73.734    0.1    0.0   -0.4
   -14.652   -73.734    0.1    0.0   -0.4
   -14.634   -73.734    0.1    0.0   -0.4
   -14.616   -73.734    0.1    0.0   -0.4
   -14.598   -73.734    0.1    0.0   -0.4
   -14.580   -73.734    0.1    0.0   -0.4
   -14.562   -73.734    0.1   -0.0   -0.4
   -14.544   -73.734    0.1   -0.0   -0.4
   -14.526   -73.734    0.1   -0.0   -0.4
   -14.508   -73.734    0.1   -0.0   -0.4
   -14.490   -73.734    0.1   -0.0   -0.4
   -14.472   -73.734    0.1   -0.0   -0.4
   -14.454   -73.734    0.1   -0.1   -0.4
   -14.436   -73.734    0.1   -0.1   -0.4
   -14.418   -73.734    0.1   -0.1   -0.4
   -14.400   -73.734    0.1   -0.1   -0.4
   -14.383   -73.734    0.1   -0.1   -0.4
   -14.365   -73.734    0.1   -0.1   -0.4
   -14.347   -73.734    0.1   -0.1   -0.4
   -14.329   -73.734    0.1   -0.1   -0.4
   -14.311   -73.734    0.1   -0.1   -0.4
   -14.293   -73.734    0.1   -0.1   -0.4
   -14.275   -73.734    0.1   -0.1   -0.4
   -14.257   -73.734    0.1   -0.1   -0.4
   -14.239   -73.734    0.1   -0.1   -0.4
   -14.221   -73.734    0.1   -0.1   -0.3
   -14.203   -73.734    0.1   -0.1   -0.3
   -14.185   -73.734    0.1   -0.1   -0.3
   -14.167   -73.734    0.1   -0.1   -0.3
   -14.149   -73.734    0.1   -0.1   -0.3
   -14.131   -73.734    0.1   -0.1   -0.3
   -14.113   -73.734    0.1   -0.1   -0.3
   -14.095   -73.734    0.1   -0.1   -0.3
   -14.077   -73.734    0.1   -0.1   -0.3
   -14.059   -73.734    0.1   -0.1   -0.3
   -14.041   -73.734    0.1   -0.1   -0.3
   -14.024   -73.734    0.1   -0.1   -0.2
   -14.006   -73.734    0.1   -0.1   -0.2
   -13.988   -73.734    0.0   -0.1   -0.2
   -13.970   -73.734    0.0   -0.1   -0.2
   -13.952   -73.734    0.0   -0.1   -0.2
   -13.934   -73.734    0.0   -0.1   -0.2
   -13.916   -73.734    0.0   -0.1   -0.2
   -13.898   -73.734    0.0   -0.1   -0.2
   -13.880   -73.734    0.0   -0.1   -0.2
   -13.862   -73.734    0.0   -0.1   -0.2
   -13.844   -73.734    0.0   -0.1   -0.2
   -13.826   -73.734    0.0   -0.1   -0.2
   -13.808   -73.734    0.0   -0.1   -0.1
   -13.790   -73.734    0.0   -0.1   -0.1
   -13.772   -73.734    0.0   -0.1   -0.1
   -13.754   -73.734    0.0   -0.1   -0.1
   -13.736   -73.734    0.0   -0.1   -0.1
   -13.718   -73.734    0.0   -0.1   -0.1
   -13.700   -73.734    0.0   -0.1   -0.1
   -13.682   -73.734    0.0   -0.1   -0.1
   -13.664   -73.734    0.0   -0.1   -0.1
   -13.647   -73.734    0.0   -0.1   -0.1
   -13.629   -73.734    0.0   -0.1   -0.1
   -13.611   -73.734    0.0   -0.1   -0.1
   -15.406   -73.715    0.0    0.0   -0.0
   -15.388   -73.715    0.0    0.1   -0.0
   -15.370   -73.715    0.0    0.1   -0.0
   -15.352   -73.715    0.0    0.1   -0.0
   -15.334   -73.715    0.0    0.1   -0.1
   -15.316   -73.715    0.0    0.1   -0.1
   -15.298   -73.715    0.0    0.1   -0.1
   -15.280   -73.715    0.0    0.1   -0.1
   -15.262   -73.715    0.0    0.1   -0.1
   -15.244   -73.715    0.0    0.1   -0.1
   -15.226   -73.715    0.0    0.1   -0.1
   -15.208   -73.715    0.0    0.1   -0.1
   -15.190   -73.715    0.0    0.1   -0.1
   -15.172   -73.715    0.0    0.1   -0.1
   -15.154   -73.715    0.0    0.1   -0.1
   -15.136   -73.715    0.0    0.1   -0.1
   -15.119   -73.715    0.0    0.1   -0.1
   -15.101   -73.715    0.0    0.1   -0.1
   -15.083   -73.715    0.0    0.1   -0.1
   -15.065   -73.715    0.0    0.1   -0.2
   -15.047   -73.715    0.0    0.1   -0.2
   -15.029   -73.715    0.0    0.1   -0.2
   -15.011   -73.715    0.0    0.1   -0.2
   -14.993   -73.715    0.0    0.1   -0.2
   -14.975   -73.715    0.0    0.1   -0.2
   -14.957   -73.715    0.0    0.1   -0.2
   -14.939   -73.715    0.0    0.1   -0.2
   -14.921   -73.715    0.0    0.1   -0.3
   -14.903   -73.715    0.0    0.1   -0.3
   -14.885   -73.715    0.1    0.1   -0.3
   -14.867   -73.715    0.1    0.1   -0.3
   -14.849   -73.715    0.1    0.1   -0.3
   -14.831   -73.715    0.1    0.1   -0.3
   -14.813   -73.715    0.1    0.1   -0.3
   -14.795   -73.715    0.1    0.1   -0.3
   -14.777   -73.715    0.1    0.1   -0.4
   -14.760   -73.715    0.1    0.1   -0.4
   -14.742   -73.715    0.1    0.1   -0.4
   -14.724   -73.715    0.1    0.1   -0.4
   -14.706   -73.715    0.1    0.1   -0.4
   -14.688   -73.715    0.1    0.1   -0.4
   -14.670   -73.715    0.1    0.0   -0.4
   -14.652   -73.715    0.1    0.0   -0.4
   -14.634   -73.715    0.1    0.0   -0.4
   -14.616   -73.715    0.1    0.0   -0.4
   -14.598   -73.715    0.1    0.0   -0.4
   -14.580   -73.715    0.1    0.0   -0.4
   -14.562   -73.715    0.1   -0.0   -0.4
   -14.544   -73.715    0.1   -0.0   -0.4
   -14.526   -73.715    0.1   -0.0   -0.4
   -14.508   -73.715    0.1   -0.0   -0.4
   -14.490   -73.715    0.1   -0.0   -0.4
   -14.472   -73.715    0.1   -0.0   -0.4
   -14.454   -73.715    0.1   -0.1   -0.4
   -14.436   -73.715    0.1   -0.1   -0.4
   -14.418   -73.715    0.1   -0.1   -0.4
   -14.400   -73.715    0.1   -0.1   -0.4
   -14.383   -73.715    0.1   -0.1   -0.4
   -14.365   -73.715    0.1   -0.1   -0.4
   -14.347   -73.715    0.1   -0.1   -0.4
   -14.329   -73.715    0.1   -0.1   -0.4
   -14.311   -73.715    0.1   -0.1   -0.4
   -14.293   -73.715    0.1   -0.1   -0.4
   -14.275   -73.715    0.1   -0.1   -0.4
   -14.257   -73.715    0.1   -0.1   -0.4
   -14.239   -73.715    0.1   -0.1   -0.4
   -14.221   -73.715    0.1   -0.1   -0.4
   -14.203   -73.715    0.1   -0.1   -0.3
   -14.185   -73.715    0.1   -0.1   -0.3
   -14.167   -73.715    0.1   -0.1   -0.3
   -14.149   -73.715    0.1   -0.1   -0.3
   -14.131   -73.715    0.1   -0.1   -0.3
   -14.113   -73.715    0.1   -0.1   -0.3
   -14.095   -73.715    0.1   -0.1   -0.3
   -14.077   -73.715    0.1   -0.1   -0.3
   -14.059   -73.715    0.1   -0.1   -0.3
   -14.041   -73.715    0.1   -0.1   -0.3
   -14.024   -73.715    0.1   -0.1   -0.2
   -14.006   -73.715    0.0   -0.1   -0.2
   -13.988   -73.715    0.0   -0.1   -0.2
   -13.970   -73.715    0.0   -0.1   -0.2
   -13.952   -73.715    0.0   -0.1   -0.2
   -13.934   -73.715    0.0   -0.1   -0.2
   -13.916   -73.715    0.0   -0.1   -0.2
   -13.898   -73.715    0.0   -0.1   -0.2
   -13.880   -73.715    0.0   -0.1   -0.2
   -13.862   -73.715    0.0   -0.1   -0.2
   -13.844   -73.715    0.0   -0.1   -0.2
   -13.826   -73.715    0.0   -0.1   -0.2
   -13.808   -73.715    0.0   -0.1   -0.1
   -13.790   -73.715    0.0   -0.1   -0.1
   -13.772   -73.715    0.0   -0.1   -0.1
   -13.754   -73.715    0.0   -0.1   -0.1
   -13.736   -73.715    0.0   -0.1   -0.1
   -13.718   -73.715    0.0   -0.1   -0.1
   -13.700   -73.715    0.0   -0.1   -0.1
   -13.682   -73.715    0.0   -0.1   -0.1
   -13.664   -73.715    0.0   -0.1   -0.1
   -13.647   -73.715    0.0   -0.1   -0.1
   -13.629   -73.715    0.0   -0.1   -0.1
   -13.611   -73.715    0.0   -0.1   -0.1
   -15.406   -73.697    0.0    0.0   -0.0
   -15.388   -73.697    0.0    0.0   -0.0
   -15.370   -73.697    0.0    0.1   -0.0
   -15.352   -73.697    0.0    0.1   -0.0
   -15.334   -73.697    0.0    0.1   -0.1
   -15.316   -73.697    0.0    0.1   -0.1
   -15.298   -73.697    0.0    0.1   -0.1
   -15.280   -73.697    0.0    0.1   -0.1
   -15.262   -73.697    0.0    0.1   -0.1
   -15.244   -73.697    0.0    0.1   -0.1
   -15.226   -73.697    0.0    0.1   -0.1
   -15.208   -73.697    0.0    0.1   -0.1
   -15.190   -73.697    0.0    0.1   -0.1
   -15.172   -73.697    0.0    0.1   -0.1
   -15.154   -73.697    0.0    0.1   -0.1
   -15.136   -73.697    0.0    0.1   -0.1
   -15.119   -73.697    0.0    0.1   -0.1
   -15.101   -73.697    0.0    0.1   -0.1
   -15.083   -73.697    0.0    0.1   -0.1
   -15.065   -73.697    0.0    0.1   -0.2
   -15.047   -73.697    0.0    0.1   -0.2
   -15.029   -73.697    0.0    0.1   -0.2
   -15.011   -73.697    0.0    0.1   -0.2
   -14.993   -73.697    0.0    0.1   -0.2
   -14.975   -73.697    0.0    0.1   -0.2
   -14.957   -73.697    0.0    0.1   -0.2
   -14.939   -73.697    0.0    0.1   -0.2
   -14.921   -73.697    0.0    0.1   -0.3
   -14.903   -73.697    0.0    0.1   -0.3
   -14.885   -73.697    0.0    0.1   -0.3
   -14.867   -73.697    0.0    0.1   -0.3
   -14.849   -73.697    0.1    0.1   -0.3
   -14.831   -73.697    0.1    0.1   -0.3
   -14.813   -73.697    0.1    0.1   -0.3
   -14.795   -73.697    0.1    0.1   -0.3
   -14.777   -73.697    0.1    0.1   -0.4
   -14.760   -73.697    0.1    0.1   -0.4
   -14.742   -73.697    0.1    0.1   -0.4
   -14.724   -73.697    0.1    0.1   -0.4
   -14.706   -73.697    0.1    0.1   -0.4
   -14.688   -73.697    0.1    0.1   -0.4
   -14.670   -73.697    0.1    0.0   -0.4
   -14.652   -73.697    0.1    0.0   -0.4
   -14.634   -73.697    0.1    0.0   -0.4
   -14.616   -73.697    0.1    0.0   -0.4
   -14.598   -73.697    0.1    0.0   -0.4
   -14.580   -73.697    0.1    0.0   -0.4
   -14.562   -73.697    0.1   -0.0   -0.5
   -14.544   -73.697    0.1   -0.0   -0.5
   -14.526   -73.697    0.1   -0.0   -0.5
   -14.508   -73.697    0.1   -0.0   -0.5
   -14.490   -73.697    0.1   -0.0   -0.5
   -14.472   -73.697    0.1   -0.0   -0.5
   -14.454   -73.697    0.1   -0.1   -0.4
   -14.436   -73.697    0.1   -0.1   -0.4
   -14.418   -73.697    0.1   -0.1   -0.4
   -14.400   -73.697    0.1   -0.1   -0.4
   -14.383   -73.697    0.1   -0.1   -0.4
   -14.365   -73.697    0.1   -0.1   -0.4
   -14.347   -73.697    0.1   -0.1   -0.4
   -14.329   -73.697    0.1   -0.1   -0.4
   -14.311   -73.697    0.1   -0.1   -0.4
   -14.293   -73.697    0.1   -0.1   -0.4
   -14.275   -73.697    0.1   -0.1   -0.4
   -14.257   -73.697    0.1   -0.1   -0.4
   -14.239   -73.697    0.1   -0.1   -0.4
   -14.221   -73.697    0.1   -0.1   -0.4
   -14.203   -73.697    0.1   -0.1   -0.4
   -14.185   -73.697    0.1   -0.1   -0.3
   -14.167   -73.697    0.1   -0.1   -0.3
   -14.149   -73.697    0.1   -0.1   -0.3
   -14.131   -73.697    0.1   -0.1   -0.3
   -14.113   -73.697    0.1   -0.1   -0.3
   -14.095   -73.697    0.1   -0.1   -0.3
   -14.077   -73.697    0.1   -0.1   -0.3
   -14.059   -73.697    0.1   -0.1   -0.3
   -14.041   -73.697    0.0   -0.1   -0.3
   -14.024   -73.697    0.0   -0.1   -0.3
   -14.006   -73.697    0.0   -0.1   -0.2
   -13.988   -73.697    0.0   -0.1   -0.2
   -13.970   -73.697    0.0   -0.1   -0.2
   -13.952   -73.697    0.0   -0.1   -0.2
   -13.934   -73.697    0.0   -0.1   -0.2
   -13.916   -73.697    0.0   -0.1   -0.2
   -13.898   -73.697    0.0   -0.1   -0.2
   -13.880   -73.697    0.0   -0.1   -0.2
   -13.862   -73.697    0.0   -0.1   -0.2
   -13.844   -73.697    0.0   -0.1   -0.2
   -13.826   -73.697    0.0   -0.1   -0.2
   -13.808   -73.697    0.0   -0.1   -0.2
   -13.790   -73.697    0.0   -0.1   -0.1
   -13.772   -73.697    0.0   -0.1   -0.1
   -13.754   -73.697    0.0   -0.1   -0.1
   -13.736   -73.697    0.0   -0.1   -0.1
   -13.718   -73.697    0.0   -0.1   -0.1
   -13.700   -73.697    0.0   -0.1   -0.1
   -13.682   -73.697    0.0   -0.1   -0.1
   -13.664   -73.697    0.0   -0.1   -0.1
   -13.647   -73.697    0.0   -0.1   -0.1
   -13.629   -73.697    0.0   -0.1   -0.1
   -13.611   -73.697    0.0   -0.1   -0.1
   -15.406   -73.678    0.0    0.0   -0.0
   -15.388   -73.678    0.0    0.0   -0.0
   -15.370   -73.678    0.0    0.1   -0.0
   -15.352   -73.678    0.0    0.1   -0.0
   -15.334   -73.678    0.0    0.1   -0.0
   -15.316   -73.678    0.0    0.1   -0.1
   -15.298   -73.678    0.0    0.1   -0.1
   -15.280   -73.678    0.0    0.1   -0.1
   -15.262   -73.678    0.0    0.1   -0.1
   -15.244   -73.678    0.0    0.1   -0.1
   -15.226   -73.678    0.0    0.1   -0.1
   -15.208   -73.678    0.0    0.1   -0.1
   -15.190   -73.678    0.0    0.1   -0.1
   -15.172   -73.678    0.0    0.1   -0.1
   -15.154   -73.678    0.0    0.1   -0.1
   -15.136   -73.678    0.0    0.1   -0.1
   -15.119   -73.678    0.0    0.1   -0.1
   -15.101   -73.678    0.0    0.1   -0.1
   -15.083   -73.678    0.0    0.1   -0.1
   -15.065   -73.678    0.0    0.1   -0.2
   -15.047   -73.678    0.0    0.1   -0.2
   -15.029   -73.678    0.0    0.1   -0.2
   -15.011   -73.678    0.0    0.1   -0.2
   -14.993   -73.678    0.0    0.1   -0.2
   -14.975   -73.678    0.0    0.1   -0.2
   -14.957   -73.678    0.0    0.1   -0.2
   -14.939   -73.678    0.0    0.1   -0.2
   -14.921   -73.678    0.0    0.1   -0.3
   -14.903   -73.678    0.0    0.1   -0.3
   -14.885   -73.678    0.0    0.1   -0.3
   -14.867   -73.678    0.0    0.1   -0.3
   -14.849   -73.678    0.0    0.1   -0.3
   -14.831   -73.678    0.0    0.1   -0.3
   -14.813   -73.678    0.0    0.1   -0.3
   -14.795   -73.678    0.1    0.1   -0.3
   -14.777   -73.678    0.1    0.1   -0.4
   -14.760   -73.678    0.1    0.1   -0.4
   -14.742   -73.678    0.1    0.1   -0.4
   -14.724   -73.678    0.1    0.1   -0.4
   -14.706   -73.678    0.1    0.1   -0.4
   -14.688   -73.678    0.1    0.1   -0.4
   -14.670   -73.678    0.1    0.0   -0.4
   -14.652   -73.678    0.1    0.0   -0.4
   -14.634   -73.678    0.1    0.0   -0.4
   -14.616   -73.678    0.1    0.0   -0.4
   -14.598   -73.678    0.1    0.0   -0.5
   -14.580   -73.678    0.1    0.0   -0.5
   -14.562   -73.678    0.1   -0.0   -0.5
   -14.544   -73.678    0.1   -0.0   -0.5
   -14.526   -73.678    0.1   -0.0   -0.5
   -14.508   -73.678    0.1   -0.0   -0.5
   -14.490   -73.678    0.1   -0.0   -0.5
   -14.472   -73.678    0.1   -0.0   -0.5
   -14.454   -73.678    0.1   -0.1   -0.5
   -14.436   -73.678    0.1   -0.1   -0.5
   -14.418   -73.678    0.1   -0.1   -0.5
   -14.400   -73.678    0.1   -0.1   -0.4
   -14.383   -73.678    0.1   -0.1   -0.4
   -14.365   -73.678    0.1   -0.1   -0.4
   -14.347   -73.678    0.1   -0.1   -0.4
   -14.329   -73.678    0.1   -0.1   -0.4
   -14.311   -73.678    0.1   -0.1   -0.4
   -14.293   -73.678    0.1   -0.1   -0.4
   -14.275   -73.678    0.1   -0.1   -0.4
   -14.257   -73.678    0.1   -0.1   -0.4
   -14.239   -73.678    0.1   -0.1   -0.4
   -14.221   -73.678    0.1   -0.1   -0.4
   -14.203   -73.678    0.1   -0.1   -0.4
   -14.185   -73.678    0.1   -0.1   -0.3
   -14.167   -73.678    0.1   -0.1   -0.3
   -14.149   -73.678    0.1   -0.1   -0.3
   -14.131   -73.678    0.1   -0.1   -0.3
   -14.113   -73.678    0.1   -0.1   -0.3
   -14.095   -73.678    0.1   -0.1   -0.3
   -14.077   -73.678    0.0   -0.1   -0.3
   -14.059   -73.678    0.0   -0.1   -0.3
   -14.041   -73.678    0.0   -0.1   -0.3
   -14.024   -73.678    0.0   -0.1   -0.3
   -14.006   -73.678    0.0   -0.1   -0.2
   -13.988   -73.678    0.0   -0.1   -0.2
   -13.970   -73.678    0.0   -0.1   -0.2
   -13.952   -73.678    0.0   -0.1   -0.2
   -13.934   -73.678    0.0   -0.1   -0.2
   -13.916   -73.678    0.0   -0.1   -0.2
   -13.898   -73.678    0.0   -0.1   -0.2
   -13.880   -73.678    0.0   -0.1   -0.2
   -13.862   -73.678    0.0   -0.1   -0.2
   -13.844   -73.678    0.0   -0.1   -0.2
   -13.826   -73.678    0.0   -0.1   -0.2
   -13.808   -73.678    0.0   -0.1   -0.2
   -13.790   -73.678    0.0   -0.1   -0.1
   -13.772   -73.678    0.0   -0.1   -0.1
   -13.754   -73.678    0.0   -0.1   -0.1
   -13.736   -73.678    0.0   -0.1   -0.1
   -13.718   -73.678    0.0   -0.1   -0.1
   -13.700   -73.678    0.0   -0.1   -0.1
   -13.682   -73.678    0.0   -0.1   -0.1
   -13.664   -73.678    0.0   -0.1   -0.1
   -13.647   -73.678    0.0   -0.1   -0.1
   -13.629   -73.678    0.0   -0.1   -0.1
   -13.611   -73.678    0.0   -0.1   -0.1
   -15.406   -73.660    0.0    0.0   -0.0
   -15.388   -73.660    0.0    0.0   -0.0
   -15.370   -73.660    0.0    0.1   -0.0
   -15.352   -73.660    0.0    0.1   -0.0
   -15.334   -73.660    0.0    0.1   -0.0
   -15.316   -73.660    0.0    0.1   -0.1
   -15.298   -73.660    0.0    0.1   -0.1
   -15.280   -73.660    0.0    0.1   -0.1
   -15.262   -73.660    0.0    0.1   -0.1
   -15.244   -73.660    0.0    0.1   -0.1
   -15.226   -73.660    0.0    0.1   -0.1
   -15.208   -73.660    0.0    0.1   -0.1
   -15.190   -73.660    0.0    0.1   -0.1
   -15.172   -73.660    0.0    0.1   -0.1
   -15.154   -73.660    0.0    0.1   -0.1
   -15.136   -73.660    0.0    0.1   -0.1
   -15.119   -73.660    0.0    0.1   -0.1
   -15.101   -73.660    0.0    0.1   -0.1
   -15.083   -73.660    0.0    0.1   -0.1
   -15.065   -73.660    0.0    0.1   -0.2
   -15.047   -73.660    0.0    0.1   -0.2
   -15.029   -73.660    0.0    0.1   -0.2
   -15.011   -73.660    0.0    0.1   -0.2
   -14.993   -73.660    0.0    0.1   -0.2
   -14.975   -73.660    0.0    0.1   -0.2
   -14.957   -73.660    0.0    0.1   -0.2
   -14.939   -73.660    0.0    0.1   -0.2
   -14.921   -73.660    0.0    0.1   -0.3
   -14.903   -73.660    0.0    0.1   -0.3
   -14.885   -73.660    0.0    0.1   -0.3
   -14.867   -73.660    0.0    0.1   -0.3
   -14.849   -73.660    0.0    0.1   -0.3
   -14.831   -73.660    0.0    0.1   -0.3
   -14.813   -73.660    0.0    0.1   -0.3
   -14.795   -73.660    0.0    0.1   -0.4
   -14.777   -73.660    0.0    0.1   -0.4
   -14.760   -73.660    0.0    0.1   -0.4
   -14.742   -73.660    0.1    0.1   -0.4
   -14.724   -73.660    0.1    0.1   -0.4
   -14.706   -73.660    0.1    0.1   -0.4
   -14.688   -73.660    0.1    0.1   -0.4
   -14.670   -73.660    0.1    0.0   -0.4
   -14.652   -73.660    0.1    0.0   -0.4
   -14.634   -73.660    0.1    0.0   -0.4
   -14.616   -73.660    0.1    0.0   -0.5
   -14.598   -73.660    0.1    0.0   -0.5
   -14.580   -73.660    0.1    0.0   -0.5
   -14.562   -73.660    0.1   -0.0   -0.5
   -14.544   -73.660    0.1   -0.0   -0.5
   -14.526   -73.660    0.1   -0.0   -0.5
   -14.508   -73.660    0.1   -0.0   -0.5
   -14.490   -73.660    0.1   -0.0   -0.5
   -14.472   -73.660    0.1   -0.1   -0.5
   -14.454   -73.660    0.1   -0.1   -0.5
   -14.436   -73.660    0.1   -0.1   -0.5
   -14.418   -73.660    0.1   -0.1   -0.5
   -14.400   -73.660    0.1   -0.1   -0.5
   -14.383   -73.660    0.1   -0.1   -0.4
   -14.365   -73.660    0.1   -0.1   -0.4
   -14.347   -73.660    0.1   -0.1   -0.4
   -14.329   -73.660    0.1   -0.1   -0.4
   -14.311   -73.660    0.1   -0.1   -0.4
   -14.293   -73.660    0.1   -0.1   -0.4
   -14.275   -73.660    0.1   -0.1   -0.4
   -14.257   -73.660    0.1   -0.1   -0.4
   -14.239   -73.660    0.1   -0.1   -0.4
   -14.221   -73.660    0.1   -0.1   -0.4
   -14.203   -73.660    0.1   -0.1   -0.4
   -14.185   -73.660    0.1   -0.1   -0.4
   -14.167   -73.660    0.1   -0.1   -0.3
   -14.149   -73.660    0.1   -0.1   -0.3
   -14.131   -73.660    0.0   -0.1   -0.3
   -14.113   -73.660    0.0   -0.1   -0.3
   -14.095   -73.660    0.0   -0.1   -0.3
   -14.077   -73.660    0.0   -0.1   -0.3
   -14.059   -73.660    0.0   -0.1   -0.3
   -14.041   -73.660    0.0   -0.1   -0.3
   -14.024   -73.660    0.0   -0.1   -0.3
   -14.006   -73.660    0.0   -0.1   -0.3
   -13.988   -73.660    0.0   -0.1   -0.2
   -13.970   -73.660    0.0   -0.1   -0.2
   -13.952   -73.660    0.0   -0.1   -0.2
   -13.934   -73.660    0.0   -0.1   -0.2
   -13.916   -73.660    0.0   -0.1   -0.2
   -13.898   -73.660    0.0   -0.1   -0.2
   -13.880   -73.660    0.0   -0.1   -0.2
   -13.862   -73.660    0.0   -0.1   -0.2
   -13.844   -73.660    0.0   -0.1   -0.2
   -13.826   -73.660    0.0   -0.1   -0.2
   -13.808   -73.660    0.0   -0.1   -0.2
   -13.790   -73.660    0.0   -0.1   -0.1
   -13.772   -73.660    0.0   -0.1   -0.1
   -13.754   -73.660    0.0   -0.1   -0.1
   -13.736   -73.660    0.0   -0.1   -0.1
   -13.718   -73.660    0.0   -0.1   -0.1
   -13.700   -73.660    0.0   -0.1   -0.1
   -13.682   -73.660    0.0   -0.1   -0.1
   -13.664   -73.660    0.0   -0.1   -0.1
   -13.647   -73.660    0.0   -0.1   -0.1
   -13.629   -73.660    0.0   -0.1   -0.1
   -13.611   -73.660    0.0   -0.1   -0.1
   -15.406   -73.641    0.0    0.0   -0.0
   -15.388   -73.641    0.0    0.0   -0.0
   -15.370   -73.641    0.0    0.0   -0.0
   -15.352   -73.641    0.0    0.1   -0.0
   -15.334   -73.641    0.0    0.1   -0.0
   -15.316   -73.641    0.0    0.1   -0.1
   -15.298   -73.641    0.0    0.1   -0.1
   -15.280   -73.641    0.0    0.1   -0.1
   -15.262   -73.641    0.0    0.1   -0.1
   -15.244   -73.641    0.0    0.1   -0.1
   -15.226   -73.641    0.0    0.1   -0.1
   -15.208   -73.641    0.0    0.1   -0.1
   -15.190   -73.641    0.0    0.1   -0.1
   -15.172   -73.641    0.0    0.1   -0.1
   -15.154   -73.641    0.0    0.1   -0.1
   -15.136   -73.641    0.0    0.1   -0.1
   -15.119   -73.641    0.0    0.1   -0.1
   -15.101   -73.641    0.0    0.1   -0.1
   -15.083   -73.641    0.0    0.1   -0.1
   -15.065   -73.641    0.0    0.1   -0.2
   -15.047   -73.641    0.0    0.1   -0.2
   -15.029   -73.641    0.0    0.1   -0.2
   -15.011   -73.641    0.0    0.1   -0.2
   -14.993   -73.641    0.0    0.1   -0.2
   -14.975   -73.641    0.0    0.1   -0.2
   -14.957   -73.641    0.0    0.1   -0.2
   -14.939   -73.641    0.0    0.1   -0.2
   -14.921   -73.641    0.0    0.1   -0.3
   -14.903   -73.641    0.0    0.1   -0.3
   -14.885   -73.641    0.0    0.1   -0.3
   -14.867   -73.641    0.0    0.1   -0.3
   -14.849   -73.641    0.0    0.1   -0.3
   -14.831   -73.641    0.0    0.1   -0.3
   -14.813   -73.641    0.0    0.1   -0.3
   -14.795   -73.641    0.0    0.1   -0.4
   -14.777   -73.641    0.0    0.1   -0.4
   -14.760   -73.641    0.0    0.1   -0.4
   -14.742   -73.641    0.0    0.1   -0.4
   -14.724   -73.641    0.0    0.1   -0.4
   -14.706   -73.641    0.0    0.1   -0.4
   -14.688   -73.641    0.0    0.1   -0.4
   -14.670   -73.641    0.1    0.0   -0.4
   -14.652   -73.641    0.1    0.0   -0.4
   -14.634   -73.641    0.1    0.0   -0.5
   -14.616   -73.641    0.1    0.0   -0.5
   -14.598   -73.641    0.1    0.0   -0.5
   -14.580   -73.641    0.1    0.0   -0.5
   -14.562   -73.641    0.1   -0.0   -0.5
   -14.544   -73.641    0.1   -0.0   -0.5
   -14.526   -73.641    0.1   -0.0   -0.5
   -14.508   -73.641    0.1   -0.0   -0.5
   -14.490   -73.641    0.1   -0.0   -0.5
   -14.472   -73.641    0.1   -0.1   -0.5
   -14.454   -73.641    0.1   -0.1   -0.5
   -14.436   -73.641    0.1   -0.1   -0.5
   -14.418   -73.641    0.1   -0.1   -0.5
   -14.400   -73.641    0.1   -0.1   -0.5
   -14.383   -73.641    0.1   -0.1   -0.5
   -14.365   -73.641    0.1   -0.1   -0.4
   -14.347   -73.641    0.1   -0.1   -0.4
   -14.329   -73.641    0.1   -0.1   -0.4
   -14.311   -73.641    0.1   -0.1   -0.4
   -14.293   -73.641    0.1   -0.1   -0.4
   -14.275   -73.641    0.1   -0.1   -0.4
   -14.257   -73.641    0.1   -0.1   -0.4
   -14.239   -73.641    0.1   -0.1   -0.4
   -14.221   -73.641    0.1   -0.1   -0.4
   -14.203   -73.641    0.0   -0.1   -0.4
   -14.185   -73.641    0.0   -0.1   -0.4
   -14.167   -73.641    0.0   -0.1   -0.4
   -14.149   -73.641    0.0   -0.1   -0.3
   -14.131   -73.641    0.0   -0.1   -0.3
   -14.113   -73.641    0.0   -0.2   -0.3
   -14.095   -73.641    0.0   -0.2   -0.3
   -14.077   -73.641    0.0   -0.2   -0.3
   -14.059   -73.641    0.0   -0.2   -0.3
   -14.041   -73.641    0.0   -0.2   -0.3
   -14.024   -73.641    0.0   -0.2   -0.3
   -14.006   -73.641    0.0   -0.2   -0.3
   -13.988   -73.641    0.0   -0.1   -0.2
   -13.970   -73.641    0.0   -0.1   -0.2
   -13.952   -73.641    0.0   -0.1   -0.2
   -13.934   -73.641    0.0   -0.1   -0.2
   -13.916   -73.641    0.0   -0.1   -0.2
   -13.898   -73.641    0.0   -0.1   -0.2
   -13.880   -73.641    0.0   -0.1   -0.2
   -13.862   -73.641    0.0   -0.1   -0.2
   -13.844   -73.641    0.0   -0.1   -0.2
   -13.826   -73.641    0.0   -0.1   -0.2
   -13.808   -73.641    0.0   -0.1   -0.2
   -13.790   -73.641    0.0   -0.1   -0.2
   -13.772   -73.641    0.0   -0.1   -0.1
   -13.754   -73.641    0.0   -0.1   -0.1
   -13.736   -73.641    0.0   -0.1   -0.1
   -13.718   -73.641    0.0   -0.1   -0.1
   -13.700   -73.641    0.0   -0.1   -0.1
   -13.682   -73.641    0.0   -0.1   -0.1
   -13.664   -73.641    0.0   -0.1   -0.1
   -13.647   -73.641    0.0   -0.1   -0.1
   -13.629   -73.641    0.0   -0.1   -0.1
   -13.611   -73.641    0.0   -0.1   -0.1
   -15.406   -73.622    0.0    0.0   -0.0
   -15.388   -73.622    0.0    0.0   -0.0
   -15.370   -73.622    0.0    0.0   -0.0
   -15.352   -73.622    0.0    0.1   -0.0
   -15.334   -73.622    0.0    0.1   -0.0
   -15.316   -73.622    0.0    0.1   -0.1
   -15.298   -73.622    0.0    0.1   -0.1
   -15.280   -73.622    0.0    0.1   -0.1
   -15.262   -73.622    0.0    0.1   -0.1
   -15.244   -73.622    0.0    0.1   -0.1
   -15.226   -73.622    0.0    0.1   -0.1
   -15.208   -73.622    0.0    0.1   -0.1
   -15.190   -73.622    0.0    0.1   -0.1
   -15.172   -73.622    0.0    0.1   -0.1
   -15.154   -73.622    0.0    0.1   -0.1
   -15.136   -73.622    0.0    0.1   -0.1
   -15.119   -73.622    0.0    0.1   -0.1
   -15.101   -73.622    0.0    0.1   -0.1
   -15.083   -73.622    0.0    0.1   -0.1
   -15.065   -73.622    0.0    0.1   -0.2
   -15.047   -73.622    0.0    0.1   -0.2
   -15.029   -73.622    0.0    0.1   -0.2
   -15.011   -73.622    0.0    0.1   -0.2
   -14.993   -73.622    0.0    0.1   -0.2
   -14.975   -73.622    0.0    0.1   -0.2
   -14.957   -73.622    0.0    0.1   -0.2
   -14.939   -73.622    0.0    0.1   -0.2
   -14.921   -73.622    0.0    0.1   -0.3
   -14.903   -73.622    0.0    0.1   -0.3
   -14.885   -73.622    0.0    0.1   -0.3
   -14.867   -73.622    0.0    0.1   -0.3
   -14.849   -73.622    0.0    0.1   -0.3
   -14.831   -73.622    0.0    0.1   -0.3
   -14.813   -73.622    0.0    0.1   -0.3
   -14.795   -73.622    0.0    0.1   -0.4
   -14.777   -73.622    0.0    0.1   -0.4
   -14.760   -73.622    0.0    0.1   -0.4
   -14.742   -73.622    0.0    0.1   -0.4
   -14.724   -73.622    0.0    0.1   -0.4
   -14.706   -73.622    0.0    0.1   -0.4
   -14.688   -73.622    0.0    0.1   -0.4
   -14.670   -73.622    0.0    0.0   -0.4
   -14.652   -73.622    0.0    0.0   -0.4
   -14.634   -73.622    0.0    0.0   -0.5
   -14.616   -73.622    0.0    0.0   -0.5
   -14.598   -73.622    0.0    0.0   -0.5
   -14.580   -73.622    0.0    0.0   -0.5
   -14.562   -73.622    0.0   -0.0   -0.5
   -14.544   -73.622    0.0   -0.0   -0.5
   -14.526   -73.622    0.1   -0.0   -0.5
   -14.508   -73.622    0.1   -0.0   -0.5
   -14.490   -73.622    0.1   -0.0   -0.5
   -14.472   -73.622    0.1   -0.1   -0.5
   -14.454   -73.622    0.1   -0.1   -0.5
   -14.436   -73.622    0.1   -0.1   -0.5
   -14.418   -73.622    0.1   -0.1   -0.5
   -14.400   -73.622    0.1   -0.1   -0.5
   -14.383   -73.622    0.1   -0.1   -0.5
   -14.365   -73.622    0.1   -0.1   -0.5
   -14.347   -73.622    0.1   -0.1   -0.4
   -14.329   -73.622    0.0   -0.1   -0.4
   -14.311   -73.622    0.0   -0.1   -0.4
   -14.293   -73.622    0.0   -0.1   -0.4
   -14.275   -73.622    0.0   -0.1   -0.4
   -14.257   -73.622    0.0   -0.1   -0.4
   -14.239   -73.622    0.0   -0.1   -0.4
   -14.221   -73.622    0.0   -0.1   -0.4
   -14.203   -73.622    0.0   -0.1   -0.4
   -14.185   -73.622    0.0   -0.1   -0.4
   -14.167   -73.622    0.0   -0.1   -0.4
   -14.149   -73.622    0.0   -0.2   -0.3
   -14.131   -73.622    0.0   -0.2   -0.3
   -14.113   -73.622    0.0   -0.2   -0.3
   -14.095   -73.622    0.0   -0.2   -0.3
   -14.077   -73.622    0.0   -0.2   -0.3
   -14.059   -73.622    0.0   -0.2   -0.3
   -14.041   -73.622    0.0   -0.2   -0.3
   -14.024   -73.622    0.0   -0.2   -0.3
   -14.006   -73.622    0.0   -0.2   -0.3
   -13.988   -73.622    0.0   -0.2   -0.3
   -13.970   -73.622    0.0   -0.2   -0.2
   -13.952   -73.622    0.0   -0.1   -0.2
   -13.934   -73.622    0.0   -0.1   -0.2
   -13.916   -73.622    0.0   -0.1   -0.2
   -13.898   -73.622    0.0   -0.1   -0.2
   -13.880   -73.622    0.0   -0.1   -0.2
   -13.862   -73.622    0.0   -0.1   -0.2
   -13.844   -73.622    0.0   -0.1   -0.2
   -13.826   -73.622    0.0   -0.1   -0.2
   -13.808   -73.622    0.0   -0.1   -0.2
   -13.790   -73.622    0.0   -0.1   -0.2
   -13.772   -73.622    0.0   -0.1   -0.1
   -13.754   -73.622    0.0   -0.1   -0.1
   -13.736   -73.622    0.0   -0.1   -0.1
   -13.718   -73.622    0.0   -0.1   -0.1
   -13.700   -73.622    0.0   -0.1   -0.1
   -13.682   -73.622    0.0   -0.1   -0.1
   -13.664   -73.622    0.0   -0.1   -0.1
   -13.647   -73.622    0.0   -0.1   -0.1
   -13.629   -73.622    0.0   -0.1   -0.1
   -13.611   -73.622    0.0   -0.1   -0.1
   -15.406   -73.604    0.0    0.0   -0.0
   -15.388   -73.604    0.0    0.0   -0.0
   -15.370   -73.604    0.0    0.0   -0.0
   -15.352   -73.604    0.0    0.0   -0.0
   -15.334   -73.604    0.0    0.1   -0.0
   -15.316   -73.604    0.0    0.1   -0.0
   -15.298   -73.604    0.0    0.1   -0.1
   -15.280   -73.604    0.0    0.1   -0.1
   -15.262   -73.604    0.0    0.1   -0.1
   -15.244   -73.604    0.0    0.1   -0.1
   -15.226   -73.604    0.0    0.1   -0.1
   -15.208   -73.604    0.0    0.1   -0.1
   -15.190   -73.604    0.0    0.1   -0.1
   -15.172   -73.604    0.0    0.1   -0.1
   -15.154   -73.604    0.0    0.1   -0.1
   -15.136   -73.604    0.0    0.1   -0.1
   -15.119   -73.604    0.0    0.1   -0.1
   -15.101   -73.604    0.0    0.1   -0.1
   -15.083   -73.604    0.0    0.1   -0.1
   -15.065   -73.604    0.0    0.1   -0.2
   -15.047   -73.604    0.0    0.1   -0.2
   -15.029   -73.604    0.0    0.1   -0.2
   -15.011   -73.604    0.0    0.1   -0.2
   -14.993   -73.604    0.0    0.1   -0.2
   -14.975   -73.604    0.0    0.1   -0.2
   -14.957   -73.604    0.0    0.1   -0.2
   -14.939   -73.604    0.0    0.1   -0.2
   -14.921   -73.604    0.0    0.1   -0.3
   -14.903   -73.604    0.0    0.1   -0.3
   -14.885   -73.604    0.0    0.1   -0.3
   -14.867   -73.604    0.0    0.1   -0.3
   -14.849   -73.604    0.0    0.1   -0.3
   -14.831   -73.604    0.0    0.1   -0.3
   -14.813   -73.604    0.0    0.1   -0.3
   -14.795   -73.604    0.0    0.1   -0.4
   -14.777   -73.604    0.0    0.1   -0.4
   -14.760   -73.604    0.0    0.1   -0.4
   -14.742   -73.604    0.0    0.1   -0.4
   -14.724   -73.604    0.0    0.1   -0.4
   -14.706   -73.604    0.0    0.1   -0.4
   -14.688   -73.604    0.0    0.1   -0.4
   -14.670   -73.604    0.0    0.0   -0.4
   -14.652   -73.604    0.0    0.0   -0.4
   -14.634   -73.604    0.0    0.0   -0.5
   -14.616   -73.604    0.0    0.0   -0.5
   -14.598   -73.604    0.0    0.0   -0.5
   -14.580   -73.604    0.0    0.0   -0.5
   -14.562   -73.604    0.0   -0.0   -0.5
   -14.544   -73.604    0.0   -0.0   -0.5
   -14.526   -73.604    0.0   -0.0   -0.5
   -14.508   -73.604    0.0   -0.0   -0.5
   -14.490   -73.604    0.0   -0.0   -0.5
   -14.472   -73.604    0.0   -0.1   -0.5
   -14.454   -73.604    0.0   -0.1   -0.5
   -14.436   -73.604    0.0   -0.1   -0.5
   -14.418   -73.604    0.0   -0.1   -0.5
   -14.400   -73.604    0.0   -0.1   -0.5
   -14.383   -73.604    0.0   -0.1   -0.5
   -14.365   -73.604    0.0   -0.1   -0.5
   -14.347   -73.604    0.0   -0.1   -0.5
   -14.329   -73.604    0.0   -0.1   -0.4
   -14.311   -73.604    0.0   -0.1   -0.4
   -14.293   -73.604    0.0   -0.1   -0.4
   -14.275   -73.604    0.0   -0.1   -0.4
   -14.257   -73.604    0.0   -0.1   -0.4
   -14.239   -73.604    0.0   -0.1   -0.4
   -14.221   -73.604    0.0   -0.1   -0.4
   -14.203   -73.604    0.0   -0.1   -0.4
   -14.185   -73.604    0.0   -0.1   -0.4
   -14.167   -73.604    0.0   -0.2   -0.4
   -14.149   -73.604    0.0   -0.2   -0.3
   -14.131   -73.604    0.0   -0.2   -0.3
   -14.113   -73.604    0.0   -0.2   -0.3
   -14.095   -73.604    0.0   -0.2   -0.3
   -14.077   -73.604    0.0   -0.2   -0.3
   -14.059   -73.604    0.0   -0.2   -0.3
   -14.041   -73.604    0.0   -0.2   -0.3
   -14.024   -73.604    0.0   -0.2   -0.3
   -14.006   -73.604    0.0   -0.2   -0.3
   -13.988   -73.604    0.0   -0.2   -0.3
   -13.970   -73.604    0.0   -0.2   -0.2
   -13.952   -73.604    0.0   -0.2   -0.2
   -13.934   -73.604    0.0   -0.1   -0.2
   -13.916   -73.604    0.0   -0.1   -0.2
   -13.898   -73.604    0.0   -0.1   -0.2
   -13.880   -73.604    0.0   -0.1   -0.2
   -13.862   -73.604    0.0   -0.1   -0.2
   -13.844   -73.604    0.0   -0.1   -0.2
   -13.826   -73.604    0.0   -0.1   -0.2
   -13.808   -73.604    0.0   -0.1   -0.2
   -13.790   -73.604    0.0   -0.1   -0.2
   -13.772   -73.604    0.0   -0.1   -0.1
   -13.754   -73.604    0.0   -0.1   -0.1
   -13.736   -73.604    0.0   -0.1   -0.1
   -13.718   -73.604    0.0   -0.1   -0.1
   -13.700   -73.604    0.0   -0.1   -0.1
   -13.682   -73.604    0.0   -0.1   -0.1
   -13.664   -73.604    0.0   -0.1   -0.1
   -13.647   -73.604    0.0   -0.1   -0.1
   -13.629   -73.604    0.0   -0.1   -0.1
   -13.611   -73.604    0.0   -0.1   -0.1
   -15.406   -73.585    0.0    0.0   -0.0
   -15.388   -73.585    0.0    0.0   -0.0
   -15.370   -73.585    0.0    0.0   -0.0
   -15.352   -73.585    0.0    0.0   -0.0
   -15.334   -73.585    0.0    0.0   -0.0
   -15.316   -73.585    0.0    0.1   -0.0
   -15.298   -73.585    0.0    0.1   -0.1
   -15.280   -73.585    0.0    0.1   -0.1
   -15.262   -73.585    0.0    0.1   -0.1
   -15.244   -73.585    0.0    0.1   -0.1
   -15.226   -73.585    0.0    0.1   -0.1
   -15.208   -73.585    0.0    0.1   -0.1
   -15.190   -73.585    0.0    0.1   -0.1
   -15.172   -73.585    0.0    0.1   -0.1
   -15.154   -73.585    0.0    0.1   -0.1
   -15.136   -73.585    0.0    0.1   -0.1
   -15.119   -73.585    0.0    0.1   -0.1
   -15.101   -73.585    0.0    0.1   -0.1
   -15.083   -73.585    0.0    0.1   -0.1
   -15.065   -73.585    0.0    0.1   -0.2
   -15.047   -73.585    0.0    0.1   -0.2
   -15.029   -73.585    0.0    0.1   -0.2
   -15.011   -73.585    0.0    0.1   -0.2
   -14.993   -73.585    0.0    0.1   -0.2
   -14.975   -73.585    0.0    0.1   -0.2
   -14.957   -73.585    0.0    0.1   -0.2
   -14.939   -73.585    0.0    0.1   -0.2
   -14.921   -73.585    0.0    0.1   -0.3
   -14.903   -73.585    0.0    0.1   -0.3
   -14.885   -73.585    0.0    0.1   -0.3
   -14.867   -73.585    0.0    0.1   -0.3
   -14.849   -73.585    0.0    0.1   -0.3
   -14.831   -73.585    0.0    0.1   -0.3
   -14.813   -73.585    0.0    0.1   -0.3
   -14.795   -73.585    0.0    0.1   -0.4
   -14.777   -73.585    0.0    0.1   -0.4
   -14.760   -73.585    0.0    0.1   -0.4
   -14.742   -73.585    0.0    0.1   -0.4
   -14.724   -73.585    0.0    0.1   -0.4
   -14.706   -73.585    0.0    0.1   -0.4
   -14.688   -73.585    0.0    0.1   -0.4
   -14.670   -73.585    0.0    0.0   -0.4
   -14.652   -73.585    0.0    0.0   -0.5
   -14.634   -73.585    0.0    0.0   -0.5
   -14.616   -73.585    0.0    0.0   -0.5
   -14.598   -73.585    0.0    0.0   -0.5
   -14.580   -73.585    0.0    0.0   -0.5
   -14.562   -73.585    0.0   -0.0   -0.5
   -14.544   -73.585    0.0   -0.0   -0.5
   -14.526   -73.585    0.0   -0.0   -0.5
   -14.508   -73.585    0.0   -0.0   -0.5
   -14.490   -73.585    0.0   -0.0   -0.5
   -14.472   -73.585    0.0   -0.1   -0.5
   -14.454   -73.585    0.0   -0.1   -0.5
   -14.436   -73.585    0.0   -0.1   -0.5
   -14.418   -73.585    0.0   -0.1   -0.5
   -14.400   -73.585    0.0   -0.1   -0.5
   -14.383   -73.585    0.0   -0.1   -0.5
   -14.365   -73.585    0.0   -0.1   -0.5
   -14.347   -73.585    0.0   -0.1   -0.5
   -14.329   -73.585    0.0   -0.1   -0.4
   -14.311   -73.585    0.0   -0.1   -0.4
   -14.293   -73.585    0.0   -0.1   -0.4
   -14.275   -73.585    0.0   -0.1   -0.4
   -14.257   -73.585    0.0   -0.1   -0.4
   -14.239   -73.585    0.0   -0.1   -0.4
   -14.221   -73.585    0.0   -0.1   -0.4
   -14.203   -73.585    0.0   -0.1   -0.4
   -14.185   -73.585    0.0   -0.2   -0.4
   -14.167   -73.585    0.0   -0.2   -0.4
   -14.149   -73.585    0.0   -0.2   -0.4
   -14.131   -73.585    0.0   -0.2   -0.3
   -14.113   -73.585    0.0   -0.2   -0.3
   -14.095   -73.585    0.0   -0.2   -0.3
   -14.077   -73.585    0.0   -0.2   -0.3
   -14.059   -73.585    0.0   -0.2   -0.3
   -14.041   -73.585    0.0   -0.2   -0.3
   -14.024   -73.585    0.0   -0.2   -0.3
   -14.006   -73.585    0.0   -0.2   -0.3
   -13.988   -73.585    0.0   -0.2   -0.3
   -13.970   -73.585    0.0   -0.2   -0.2
   -13.952   -73.585    0.0   -0.2   -0.2
   -13.934   -73.585    0.0   -0.2   -0.2
   -13.916   -73.585    0.0   -0.1   -0.2
   -13.898   -73.585    0.0   -0.1   -0.2
   -13.880   -73.585    0.0   -0.1   -0.2
   -13.862   -73.585    0.0   -0.1   -0.2
   -13.844   -73.585    0.0   -0.1   -0.2
   -13.826   -73.585    0.0   -0.1   -0.2
   -13.808   -73.585    0.0   -0.1   -0.2
   -13.790   -73.585    0.0   -0.1   -0.2
   -13.772   -73.585    0.0   -0.1   -0.2
   -13.754   -73.585    0.0   -0.1   -0.1
   -13.736   -73.585    0.0   -0.1   -0.1
   -13.718   -73.585    0.0   -0.1   -0.1
   -13.700   -73.585    0.0   -0.1   -0.1
   -13.682   -73.585    0.0   -0.1   -0.1
   -13.664   -73.585    0.0   -0.1   -0.1
   -13.647   -73.585    0.0   -0.1   -0.1
   -13.629   -73.585    0.0   -0.1   -0.1
   -13.611   -73.585    0.0   -0.1   -0.1
   -15.406   -73.567    0.0    0.0   -0.0
   -15.388   -73.567    0.0    0.0   -0.0
   -15.370   -73.567    0.0    0.0   -0.0
   -15.352   -73.567    0.0    0.0   -0.0
   -15.334   -73.567    0.0    0.0   -0.0
   -15.316   -73.567    0.0    0.1   -0.0
   -15.298   -73.567    0.0    0.1   -0.0
   -15.280   -73.567    0.0    0.1   -0.1
   -15.262   -73.567    0.0    0.1   -0.1
   -15.244   -73.567    0.0    0.1   -0.1
   -15.226   -73.567    0.0    0.1   -0.1
   -15.208   -73.567    0.0    0.1   -0.1
   -15.190   -73.567    0.0    0.1   -0.1
   -15.172   -73.567    0.0    0.1   -0.1
   -15.154   -73.567    0.0    0.1   -0.1
   -15.136   -73.567    0.0    0.1   -0.1
   -15.119   -73.567    0.0    0.1   -0.1
   -15.101   -73.567    0.0    0.1   -0.1
   -15.083   -73.567    0.0    0.1   -0.1
   -15.065   -73.567    0.0    0.1   -0.1
   -15.047   -73.567    0.0    0.1   -0.2
   -15.029   -73.567    0.0    0.1   -0.2
   -15.011   -73.567    0.0    0.1   -0.2
   -14.993   -73.567    0.0    0.1   -0.2
   -14.975   -73.567    0.0    0.1   -0.2
   -14.957   -73.567    0.0    0.1   -0.2
   -14.939   -73.567    0.0    0.1   -0.2
   -14.921   -73.567    0.0    0.1   -0.3
   -14.903   -73.567    0.0    0.1   -0.3
   -14.885   -73.567    0.0    0.1   -0.3
   -14.867   -73.567    0.0    0.1   -0.3
   -14.849   -73.567    0.0    0.1   -0.3
   -14.831   -73.567    0.0    0.1   -0.3
   -14.813   -73.567    0.0    0.1   -0.3
   -14.795   -73.567    0.0    0.1   -0.4
   -14.777   -73.567    0.0    0.1   -0.4
   -14.760   -73.567    0.0    0.1   -0.4
   -14.742   -73.567    0.0    0.1   -0.4
   -14.724   -73.567    0.0    0.1   -0.4
   -14.706   -73.567    0.0    0.1   -0.4
   -14.688   -73.567    0.0    0.1   -0.4
   -14.670   -73.567    0.0    0.0   -0.4
   -14.652   -73.567    0.0    0.0   -0.4
   -14.634   -73.567    0.0    0.0   -0.5
   -14.616   -73.567    0.0    0.0   -0.5
   -14.598   -73.567    0.0    0.0   -0.5
   -14.580   -73.567    0.0   -0.0   -0.5
   -14.562   -73.567    0.0   -0.0   -0.5
   -14.544   -73.567    0.0   -0.0   -0.5
   -14.526   -73.567    0.0   -0.0   -0.5
   -14.508   -73.567    0.0   -0.0   -0.5
   -14.490   -73.567    0.0   -0.0   -0.5
   -14.472   -73.567    0.0   -0.1   -0.5
   -14.454   -73.567    0.0   -0.1   -0.5
   -14.436   -73.567    0.0   -0.1   -0.5
   -14.418   -73.567    0.0   -0.1   -0.5
   -14.400   -73.567    0.0   -0.1   -0.5
   -14.383   -73.567    0.0   -0.1   -0.5
   -14.365   -73.567    0.0   -0.1   -0.5
   -14.347   -73.567    0.0   -0.1   -0.5
   -14.329   -73.567    0.0   -0.1   -0.5
   -14.311   -73.567    0.0   -0.1   -0.4
   -14.293   -73.567    0.0   -0.1   -0.4
   -14.275   -73.567    0.0   -0.1   -0.4
   -14.257   -73.567    0.0   -0.1   -0.4
   -14.239   -73.567    0.0   -0.1   -0.4
   -14.221   -73.567    0.0   -0.1   -0.4
   -14.203   -73.567    0.0   -0.1   -0.4
   -14.185   -73.567    0.0   -0.2   -0.4
   -14.167   -73.567    0.0   -0.2   -0.4
   -14.149   -73.567    0.0   -0.2   -0.4
   -14.131   -73.567    0.0   -0.2   -0.3
   -14.113   -73.567    0.0   -0.2   -0.3
   -14.095   -73.567    0.0   -0.2   -0.3
   -14.077   -73.567    0.0   -0.2   -0.3
   -14.059   -73.567    0.0   -0.2   -0.3
   -14.041   -73.567    0.0   -0.2   -0.3
   -14.024   -73.567    0.0   -0.2   -0.3
   -14.006   -73.567    0.0   -0.2   -0.3
   -13.988   -73.567    0.0   -0.2   -0.3
   -13.970   -73.567    0.0   -0.2   -0.2
   -13.952   -73.567    0.0   -0.2   -0.2
   -13.934   -73.567    0.0   -0.2   -0.2
   -13.916   -73.567    0.0   -0.2   -0.2
   -13.898   -73.567    0.0   -0.1   -0.2
   -13.880   -73.567    0.0   -0.1   -0.2
   -13.862   -73.567    0.0   -0.1   -0.2
   -13.844   -73.567    0.0   -0.1   -0.2
   -13.826   -73.567    0.0   -0.1   -0.2
   -13.808   -73.567    0.0   -0.1   -0.2
   -13.790   -73.567    0.0   -0.1   -0.2
   -13.772   -73.567    0.0   -0.1   -0.2
   -13.754   -73.567    0.0   -0.1   -0.1
   -13.736   -73.567    0.0   -0.1   -0.1
   -13.718   -73.567    0.0   -0.1   -0.1
   -13.700   -73.567    0.0   -0.1   -0.1
   -13.682   -73.567    0.0   -0.1   -0.1
   -13.664   -73.567    0.0   -0.1   -0.1
   -13.647   -73.567    0.0   -0.1   -0.1
   -13.629   -73.567    0.0   -0.1   -0.1
   -13.611   -73.567   -0.0   -0.1   -0.1
   -15.406   -73.548    0.0    0.0   -0.0
   -15.388   -73.548    0.0    0.0   -0.0
   -15.370   -73.548    0.0    0.0   -0.0
   -15.352   -73.548    0.0    0.0   -0.0
   -15.334   -73.548    0.0    0.0   -0.0
   -15.316   -73.548    0.0    0.0   -0.0
   -15.298   -73.548    0.0    0.1   -0.0
   -15.280   -73.548    0.0    0.1   -0.1
   -15.262   -73.548    0.0    0.1   -0.1
   -15.244   -73.548    0.0    0.1   -0.1
   -15.226   -73.548    0.0    0.1   -0.1
   -15.208   -73.548    0.0    0.1   -0.1
   -15.190   -73.548    0.0    0.1   -0.1
   -15.172   -73.548    0.0    0.1   -0.1
   -15.154   -73.548    0.0    0.1   -0.1
   -15.136   -73.548    0.0    0.1   -0.1
   -15.119   -73.548    0.0    0.1   -0.1
   -15.101   -73.548    0.0    0.1   -0.1
   -15.083   -73.548    0.0    0.1   -0.1
   -15.065   -73.548    0.0    0.1   -0.1
   -15.047   -73.548    0.0    0.1   -0.2
   -15.029   -73.548    0.0    0.1   -0.2
   -15.011   -73.548    0.0    0.1   -0.2
   -14.993   -73.548    0.0    0.1   -0.2
   -14.975   -73.548    0.0    0.1   -0.2
   -14.957   -73.548    0.0    0.1   -0.2
   -14.939   -73.548    0.0    0.1   -0.2
   -14.921   -73.548    0.0    0.1   -0.2
   -14.903   -73.548    0.0    0.1   -0.3
   -14.885   -73.548    0.0    0.1   -0.3
   -14.867   -73.548    0.0    0.1   -0.3
   -14.849   -73.548    0.0    0.1   -0.3
   -14.831   -73.548    0.0    0.1   -0.3
   -14.813   -73.548    0.0    0.1   -0.3
   -14.795   -73.548    0.0    0.1   -0.4
   -14.777   -73.548    0.0    0.1   -0.4
   -14.760   -73.548    0.0    0.1   -0.4
   -14.742   -73.548    0.0    0.1   -0.4
   -14.724   -73.548    0.0    0.1   -0.4
   -14.706   -73.548    0.0    0.1   -0.4
   -14.688   -73.548    0.0    0.1   -0.4
   -14.670   -73.548    0.0    0.0   -0.4
   -14.652   -73.548    0.0    0.0   -0.4
   -14.634   -73.548    0.0    0.0   -0.5
   -14.616   -73.548    0.0    0.0   -0.5
   -14.598   -73.548    0.0    0.0   -0.5
   -14.580   -73.548    0.0   -0.0   -0.5
   -14.562   -73.548    0.0   -0.0   -0.5
   -14.544   -73.548    0.0   -0.0   -0.5
   -14.526   -73.548    0.0   -0.0   -0.5
   -14.508   -73.548    0.0   -0.0   -0.5
   -14.490   -73.548    0.0   -0.0   -0.5
   -14.472   -73.548    0.0   -0.1   -0.5
   -14.454   -73.548    0.0   -0.1   -0.5
   -14.436   -73.548    0.0   -0.1   -0.5
   -14.418   -73.548    0.0   -0.1   -0.5
   -14.400   -73.548    0.0   -0.1   -0.5
   -14.383   -73.548    0.0   -0.1   -0.5
   -14.365   -73.548    0.0   -0.1   -0.5
   -14.347   -73.548    0.0   -0.1   -0.5
   -14.329   -73.548    0.0   -0.1   -0.5
   -14.311   -73.548    0.0   -0.1   -0.4
   -14.293   -73.548    0.0   -0.1   -0.4
   -14.275   -73.548    0.0   -0.1   -0.4
   -14.257   -73.548    0.0   -0.1   -0.4
   -14.239   -73.548    0.0   -0.1   -0.4
   -14.221   -73.548    0.0   -0.1   -0.4
   -14.203   -73.548    0.0   -0.2   -0.4
   -14.185   -73.548    0.0   -0.2   -0.4
   -14.167   -73.548    0.0   -0.2   -0.4
   -14.149   -73.548    0.0   -0.2   -0.4
   -14.131   -73.548    0.0   -0.2   -0.3
   -14.113   -73.548    0.0   -0.2   -0.3
   -14.095   -73.548    0.0   -0.2   -0.3
   -14.077   -73.548    0.0   -0.2   -0.3
   -14.059   -73.548    0.0   -0.2   -0.3
   -14.041   -73.548    0.0   -0.2   -0.3
   -14.024   -73.548    0.0   -0.2   -0.3
   -14.006   -73.548    0.0   -0.2   -0.3
   -13.988   -73.548    0.0   -0.2   -0.3
   -13.970   -73.548    0.0   -0.2   -0.3
   -13.952   -73.548    0.0   -0.2   -0.2
   -13.934   -73.548    0.0   -0.2   -0.2
   -13.916   -73.548    0.0   -0.2   -0.2
   -13.898   -73.548    0.0   -0.2   -0.2
   -13.880   -73.548    0.0   -0.1   -0.2
   -13.862   -73.548    0.0   -0.1   -0.2
   -13.844   -73.548    0.0   -0.1   -0.2
   -13.826   -73.548    0.0   -0.1   -0.2
   -13.808   -73.548    0.0   -0.1   -0.2
   -13.790   -73.548    0.0   -0.1   -0.2
   -13.772   -73.548    0.0   -0.1   -0.2
   -13.754   -73.548    0.0   -0.1   -0.1
   -13.736   -73.548    0.0   -0.1   -0.1
   -13.718   -73.548   -0.0   -0.1   -0.1
   -13.700   -73.548   -0.0   -0.1   -0.1
   -13.682   -73.548   -0.0   -0.1   -0.1
   -13.664   -73.548   -0.0   -0.1   -0.1
   -13.647   -73.548   -0.0   -0.1   -0.1
   -13.629   -73.548   -0.0   -0.1   -0.1
   -13.611   -73.548   -0.0   -0.1   -0.1
   -15.406   -73.530    0.0    0.0   -0.0
   -15.388   -73.530    0.0    0.0   -0.0
   -15.370   -73.530    0.0    0.0   -0.0
   -15.352   -73.530    0.0    0.0   -0.0
   -15.334   -73.530    0.0    0.0   -0.0
   -15.316   -73.530    0.0    0.0   -0.0
   -15.298   -73.530    0.0    0.0   -0.0
   -15.280   -73.530    0.0    0.1   -0.1
   -15.262   -73.530    0.0    0.1   -0.1
   -15.244   -73.530    0.0    0.1   -0.1
   -15.226   -73.530    0.0    0.1   -0.1
   -15.208   -73.530    0.0    0.1   -0.1
   -15.190   -73.530    0.0    0.1   -0.1
   -15.172   -73.530    0.0    0.1   -0.1
   -15.154   -73.530    0.0    0.1   -0.1
   -15.136   -73.530    0.0    0.1   -0.1
   -15.119   -73.530    0.0    0.1   -0.1
   -15.101   -73.530    0.0    0.1   -0.1
   -15.083   -73.530    0.0    0.1   -0.1
   -15.065   -73.530    0.0    0.1   -0.1
   -15.047   -73.530    0.0    0.1   -0.2
   -15.029   -73.530   -0.0    0.1   -0.2
   -15.011   -73.530   -0.0    0.1   -0.2
   -14.993   -73.530   -0.0    0.1   -0.2
   -14.975   -73.530   -0.0    0.1   -0.2
   -14.957   -73.530   -0.0    0.1   -0.2
   -14.939   -73.530   -0.0    0.1   -0.2
   -14.921   -73.530   -0.0    0.1   -0.2
   -14.903   -73.530   -0.0    0.1   -0.3
   -14.885   -73.530   -0.0    0.1   -0.3
   -14.867   -73.530   -0.0    0.1   -0.3
   -14.849   -73.530   -0.0    0.1   -0.3
   -14.831   -73.530   -0.0    0.1   -0.3
   -14.813   -73.530   -0.0    0.1   -0.3
   -14.795   -73.530   -0.0    0.1   -0.3
   -14.777   -73.530   -0.0    0.1   -0.4
   -14.760   -73.530   -0.0    0.1   -0.4
   -14.742   -73.530   -0.0    0.1   -0.4
   -14.724   -73.530   -0.0    0.1   -0.4
   -14.706   -73.530   -0.0    0.1   -0.4
   -14.688   -73.530   -0.0    0.1   -0.4
   -14.670   -73.530   -0.0    0.0   -0.4
   -14.652   -73.530   -0.0    0.0   -0.4
   -14.634   -73.530   -0.0    0.0   -0.5
   -14.616   -73.530    0.0    0.0   -0.5
   -14.598   -73.530    0.0    0.0   -0.5
   -14.580   -73.530    0.0   -0.0   -0.5
   -14.562   -73.530    0.0   -0.0   -0.5
   -14.544   -73.530    0.0   -0.0   -0.5
   -14.526   -73.530    0.0   -0.0   -0.5
   -14.508   -73.530    0.0   -0.0   -0.5
   -14.490   -73.530    0.0   -0.0   -0.5
   -14.472   -73.530    0.0   -0.1   -0.5
   -14.454   -73.530    0.0   -0.1   -0.5
   -14.436   -73.530    0.0   -0.1   -0.5
   -14.418   -73.530    0.0   -0.1   -0.5
   -14.400   -73.530    0.0   -0.1   -0.5
   -14.383   -73.530    0.0   -0.1   -0.5
   -14.365   -73.530    0.0   -0.1   -0.5
   -14.347   -73.530    0.0   -0.1   -0.5
   -14.329   -73.530    0.0   -0.1   -0.5
   -14.311   -73.530    0.0   -0.1   -0.4
   -14.293   -73.530    0.0   -0.1   -0.4
   -14.275   -73.530    0.0   -0.1   -0.4
   -14.257   -73.530    0.0   -0.1   -0.4
   -14.239   -73.530    0.0   -0.1   -0.4
   -14.221   -73.530    0.0   -0.1   -0.4
   -14.203   -73.530    0.0   -0.2   -0.4
   -14.185   -73.530    0.0   -0.2   -0.4
   -14.167   -73.530    0.0   -0.2   -0.4
   -14.149   -73.530    0.0   -0.2   -0.4
   -14.131   -73.530    0.0   -0.2   -0.3
   -14.113   -73.530    0.0   -0.2   -0.3
   -14.095   -73.530    0.0   -0.2   -0.3
   -14.077   -73.530    0.0   -0.2   -0.3
   -14.059   -73.530    0.0   -0.2   -0.3
   -14.041   -73.530    0.0   -0.2   -0.3
   -14.024   -73.530    0.0   -0.2   -0.3
   -14.006   -73.530    0.0   -0.2   -0.3
   -13.988   -73.530    0.0   -0.2   -0.3
   -13.970   -73.530    0.0   -0.2   -0.3
   -13.952   -73.530    0.0   -0.2   -0.2
   -13.934   -73.530    0.0   -0.2   -0.2
   -13.916   -73.530    0.0   -0.2   -0.2
   -13.898   -73.530    0.0   -0.2   -0.2
   -13.880   -73.530   -0.0   -0.1   -0.2
   -13.862   -73.530   -0.0   -0.1   -0.2
   -13.844   -73.530   -0.0   -0.1   -0.2
   -13.826   -73.530   -0.0   -0.1   -0.2
   -13.808   -73.530   -0.0   -0.1   -0.2
   -13.790   -73.530   -0.0   -0.1   -0.2
   -13.772   -73.530   -0.0   -0.1   -0.2
   -13.754   -73.530   -0.0   -0.1   -0.1
   -13.736   -73.530   -0.0   -0.1   -0.1
   -13.718   -73.530   -0.0   -0.1   -0.1
   -13.700   -73.530   -0.0   -0.1   -0.1
   -13.682   -73.530   -0.0   -0.1   -0.1
   -13.664   -73.530   -0.0   -0.1   -0.1
   -13.647   -73.530   -0.0   -0.1   -0.1
   -13.629   -73.530   -0.0   -0.1   -0.1
   -13.611   -73.530   -0.0   -0.1   -0.1
   -15.406   -73.511    0.0    0.0   -0.0
   -15.388   -73.511    0.0    0.0   -0.0
   -15.370   -73.511    0.0    0.0   -0.0
   -15.352   -73.511    0.0    0.0   -0.0
   -15.334   -73.511    0.0    0.0   -0.0
   -15.316   -73.511    0.0    0.0   -0.0
   -15.298   -73.511    0.0    0.0   -0.0
   -15.280   -73.511    0.0    0.0   -0.0
   -15.262   -73.511    0.0    0.1   -0.1
   -15.244   -73.511    0.0    0.1   -0.1
   -15.226   -73.511    0.0    0.1   -0.1
   -15.208   -73.511    0.0    0.1   -0.1
   -15.190   -73.511    0.0    0.1   -0.1
   -15.172   -73.511    0.0    0.1   -0.1
   -15.154   -73.511    0.0    0.1   -0.1
   -15.136   -73.511    0.0    0.1   -0.1
   -15.119   -73.511   -0.0    0.1   -0.1
   -15.101   -73.511   -0.0    0.1   -0.1
   -15.083   -73.511   -0.0    0.1   -0.1
   -15.065   -73.511   -0.0    0.1   -0.1
   -15.047   -73.511   -0.0    0.1   -0.1
   -15.029   -73.511   -0.0    0.1   -0.2
   -15.011   -73.511   -0.0    0.1   -0.2
   -14.993   -73.511   -0.0    0.1   -0.2
   -14.975   -73.511   -0.0    0.1   -0.2
   -14.957   -73.511   -0.0    0.1   -0.2
   -14.939   -73.511   -0.0    0.1   -0.2
   -14.921   -73.511   -0.0    0.1   -0.2
   -14.903   -73.511   -0.0    0.1   -0.3
   -14.885   -73.511   -0.0    0.1   -0.3
   -14.867   -73.511   -0.0    0.1   -0.3
   -14.849   -73.511   -0.0    0.1   -0.3
   -14.831   -73.511   -0.0    0.1   -0.3
   -14.813   -73.511   -0.0    0.1   -0.3
   -14.795   -73.511   -0.0    0.1   -0.3
   -14.777   -73.511   -0.0    0.1   -0.4
   -14.760   -73.511   -0.0    0.1   -0.4
   -14.742   -73.511   -0.0    0.1   -0.4
   -14.724   -73.511   -0.0    0.1   -0.4
   -14.706   -73.511   -0.0    0.1   -0.4
   -14.688   -73.511   -0.0    0.0   -0.4
   -14.670   -73.511   -0.0    0.0   -0.4
   -14.652   -73.511   -0.0    0.0   -0.4
   -14.634   -73.511   -0.0    0.0   -0.5
   -14.616   -73.511   -0.0    0.0   -0.5
   -14.598   -73.511   -0.0    0.0   -0.5
   -14.580   -73.511   -0.0   -0.0   -0.5
   -14.562   -73.511   -0.0   -0.0   -0.5
   -14.544   -73.511   -0.0   -0.0   -0.5
   -14.526   -73.511   -0.0   -0.0   -0.5
   -14.508   -73.511   -0.0   -0.0   -0.5
   -14.490   -73.511   -0.0   -0.0   -0.5
   -14.472   -73.511   -0.0   -0.1   -0.5
   -14.454   -73.511   -0.0   -0.1   -0.5
   -14.436   -73.511   -0.0   -0.1   -0.5
   -14.418   -73.511   -0.0   -0.1   -0.5
   -14.400   -73.511   -0.0   -0.1   -0.5
   -14.383   -73.511   -0.0   -0.1   -0.5
   -14.365   -73.511   -0.0   -0.1   -0.5
   -14.347   -73.511   -0.0   -0.1   -0.5
   -14.329   -73.511   -0.0   -0.1   -0.5
   -14.311   -73.511   -0.0   -0.1   -0.4
   -14.293   -73.511   -0.0   -0.1   -0.4
   -14.275   -73.511   -0.0   -0.1   -0.4
   -14.257   -73.511   -0.0   -0.1   -0.4
   -14.239   -73.511   -0.0   -0.1   -0.4
   -14.221   -73.511   -0.0   -0.1   -0.4
   -14.203   -73.511   -0.0   -0.2   -0.4
   -14.185   -73.511   -0.0   -0.2   -0.4
   -14.167   -73.511   -0.0   -0.2   -0.4
   -14.149   -73.511   -0.0   -0.2   -0.4
   -14.131   -73.511   -0.0   -0.2   -0.3
   -14.113   -73.511   -0.0   -0.2   -0.3
   -14.095   -73.511   -0.0   -0.2   -0.3
   -14.077   -73.511   -0.0   -0.2   -0.3
   -14.059   -73.511   -0.0   -0.2   -0.3
   -14.041   -73.511   -0.0   -0.2   -0.3
   -14.024   -73.511   -0.0   -0.2   -0.3
   -14.006   -73.511   -0.0   -0.2   -0.3
   -13.988   -73.511   -0.0   -0.2   -0.3
   -13.970   -73.511   -0.0   -0.2   -0.3
   -13.952   -73.511   -0.0   -0.2   -0.2
   -13.934   -73.511   -0.0   -0.2   -0.2
   -13.916   -73.511   -0.0   -0.2   -0.2
   -13.898   -73.511   -0.0   -0.2   -0.2
   -13.880   -73.511   -0.0   -0.2   -0.2
   -13.862   -73.511   -0.0   -0.1   -0.2
   -13.844   -73.511   -0.0   -0.1   -0.2
   -13.826   -73.511   -0.0   -0.1   -0.2
   -13.808   -73.511   -0.0   -0.1   -0.2
   -13.790   -73.511   -0.0   -0.1   -0.2
   -13.772   -73.511   -0.0   -0.1   -0.2
   -13.754   -73.511   -0.0   -0.1   -0.1
   -13.736   -73.511   -0.0   -0.1   -0.1
   -13.718   -73.511   -0.0   -0.1   -0.1
   -13.700   -73.511   -0.0   -0.1   -0.1
   -13.682   -73.511   -0.0   -0.1   -0.1
   -13.664   -73.511   -0.0   -0.1   -0.1
   -13.647   -73.511   -0.0   -0.1   -0.1
   -13.629   -73.511   -0.0   -0.1   -0.1
   -13.611   -73.511   -0.0   -0.1   -0.1
   -15.406   -73.493    0.0    0.0   -0.0
   -15.388   -73.493    0.0    0.0   -0.0
   -15.370   -73.493    0.0    0.0   -0.0
   -15.352   -73.493    0.0    0.0   -0.0
   -15.334   -73.493    0.0    0.0   -0.0
   -15.316   -73.493    0.0    0.0   -0.0
   -15.298   -73.493    0.0    0.0   -0.0
   -15.280   -73.493    0.0    0.0   -0.0
   -15.262   -73.493    0.0    0.1   -0.1
   -15.244   -73.493    0.0    0.1   -0.1
   -15.226   -73.493    0.0    0.1   -0.1
   -15.208   -73.493    0.0    0.1   -0.1
   -15.190   -73.493    0.0    0.1   -0.1
   -15.172   -73.493    0.0    0.1   -0.1
   -15.154   -73.493   -0.0    0.1   -0.1
   -15.136   -73.493   -0.0    0.1   -0.1
   -15.119   -73.493   -0.0    0.1   -0.1
   -15.101   -73.493   -0.0    0.1   -0.1
   -15.083   -73.493   -0.0    0.1   -0.1
   -15.065   -73.493   -0.0    0.1   -0.1
   -15.047   -73.493   -0.0    0.1   -0.1
   -15.029   -73.493   -0.0    0.1   -0.2
   -15.011   -73.493   -0.0    0.1   -0.2
   -14.993   -73.493   -0.0    0.1   -0.2
   -14.975   -73.493   -0.0    0.1   -0.2
   -14.957   -73.493   -0.0    0.1   -0.2
   -14.939   -73.493   -0.0    0.1   -0.2
   -14.921   -73.493   -0.0    0.1   -0.2
   -14.903   -73.493   -0.0    0.1   -0.2
   -14.885   -73.493   -0.0    0.1   -0.3
   -14.867   -73.493   -0.0    0.1   -0.3
   -14.849   -73.493   -0.0    0.1   -0.3
   -14.831   -73.493   -0.0    0.1   -0.3
   -14.813   -73.493   -0.0    0.1   -0.3
   -14.795   -73.493   -0.0    0.1   -0.3
   -14.777   -73.493   -0.0    0.1   -0.4
   -14.760   -73.493   -0.0    0.1   -0.4
   -14.742   -73.493   -0.0    0.1   -0.4
   -14.724   -73.493   -0.0    0.1   -0.4
   -14.706   -73.493   -0.0    0.1   -0.4
   -14.688   -73.493   -0.0    0.0   -0.4
   -14.670   -73.493   -0.0    0.0   -0.4
   -14.652   -73.493   -0.0    0.0   -0.4
   -14.634   -73.493   -0.0    0.0   -0.4
   -14.616   -73.493   -0.0    0.0   -0.5
   -14.598   -73.493   -0.0    0.0   -0.5
   -14.580   -73.493   -0.0   -0.0   -0.5
   -14.562   -73.493   -0.0   -0.0   -0.5
   -14.544   -73.493   -0.0   -0.0   -0.5
   -14.526   -73.493   -0.0   -0.0   -0.5
   -14.508   -73.493   -0.0   -0.0   -0.5
   -14.490   -73.493   -0.0   -0.0   -0.5
   -14.472   -73.493   -0.0   -0.1   -0.5
   -14.454   -73.493   -0.0   -0.1   -0.5
   -14.436   -73.493   -0.0   -0.1   -0.5
   -14.418   -73.493   -0.0   -0.1   -0.5
   -14.400   -73.493   -0.0   -0.1   -0.5
   -14.383   -73.493   -0.0   -0.1   -0.5
   -14.365   -73.493   -0.0   -0.1   -0.5
   -14.347   -73.493   -0.0   -0.1   -0.5
   -14.329   -73.493   -0.0   -0.1   -0.5
   -14.311   -73.493   -0.0   -0.1   -0.4
   -14.293   -73.493   -0.0   -0.1   -0.4
   -14.275   -73.493   -0.0   -0.1   -0.4
   -14.257   -73.493   -0.0   -0.1   -0.4
   -14.239   -73.493   -0.0   -0.1   -0.4
   -14.221   -73.493   -0.0   -0.1   -0.4
   -14.203   -73.493   -0.0   -0.2   -0.4
   -14.185   -73.493   -0.0   -0.2   -0.4
   -14.167   -73.493   -0.0   -0.2   -0.4
   -14.149   -73.493   -0.0   -0.2   -0.4
   -14.131   -73.493   -0.0   -0.2   -0.3
   -14.113   -73.493   -0.0   -0.2   -0.3
   -14.095   -73.493   -0.0   -0.2   -0.3
   -14.077   -73.493   -0.0   -0.2   -0.3
   -14.059   -73.493   -0.0   -0.2   -0.3
   -14.041   -73.493   -0.0   -0.2   -0.3
   -14.024   -73.493   -0.0   -0.2   -0.3
   -14.006   -73.493   -0.0   -0.2   -0.3
   -13.988   -73.493   -0.0   -0.2   -0.3
   -13.970   -73.493   -0.0   -0.2   -0.3
   -13.952   -73.493   -0.0   -0.2   -0.2
   -13.934   -73.493   -0.0   -0.2   -0.2
   -13.916   -73.493   -0.0   -0.2   -0.2
   -13.898   -73.493   -0.0   -0.2   -0.2
   -13.880   -73.493   -0.0   -0.2   -0.2
   -13.862   -73.493   -0.0   -0.1   -0.2
   -13.844   -73.493   -0.0   -0.1   -0.2
   -13.826   -73.493   -0.0   -0.1   -0.2
   -13.808   -73.493   -0.0   -0.1   -0.2
   -13.790   -73.493   -0.0   -0.1   -0.2
   -13.772   -73.493   -0.0   -0.1   -0.2
   -13.754   -73.493   -0.0   -0.1   -0.1
   -13.736   -73.493   -0.0   -0.1   -0.1
   -13.718   -73.493   -0.0   -0.1   -0.1
   -13.700   -73.493   -0.0   -0.1   -0.1
   -13.682   -73.493   -0.0   -0.1   -0.1
   -13.664   -73.493   -0.0   -0.1   -0.1
   -13.647   -73.493   -0.0   -0.1   -0.1
   -13.629   -73.493   -0.0   -0.1   -0.1
   -13.611   -73.493   -0.0   -0.1   -0.1
   -15.406   -73.474    0.0    0.0   -0.0
   -15.388   -73.474    0.0    0.0   -0.0
   -15.370   -73.474    0.0    0.0   -0.0
   -15.352   -73.474    0.0    0.0   -0.0
   -15.334   -73.474    0.0    0.0   -0.0
   -15.316   -73.474    0.0    0.0   -0.0
   -15.298   -73.474    0.0    0.0   -0.0
   -15.280   -73.474    0.0    0.0   -0.0
   -15.262   -73.474    0.0    0.0   -0.0
   -15.244   -73.474    0.0    0.1   -0.1
   -15.226   -73.474    0.0    0.1   -0.1
   -15.208   -73.474    0.0    0.1   -0.1
   -15.190   -73.474    0.0    0.1   -0.1
   -15.172   -73.474   -0.0    0.1   -0.1
   -15.154   -73.474   -0.0    0.1   -0.1
   -15.136   -73.474   -0.0    0.1   -0.1
   -15.119   -73.474   -0.0    0.1   -0.1
   -15.101   -73.474   -0.0    0.1   -0.1
   -15.083   -73.474   -0.0    0.1   -0.1
   -15.065   -73.474   -0.0    0.1   -0.1
   -15.047   -73.474   -0.0    0.1   -0.1
   -15.029   -73.474   -0.0    0.1   -0.2
   -15.011   -73.474   -0.0    0.1   -0.2
   -14.993   -73.474   -0.0    0.1   -0.2
   -14.975   -73.474   -0.0    0.1   -0.2
   -14.957   -73.474   -0.0    0.1   -0.2
   -14.939   -73.474   -0.0    0.1   -0.2
   -14.921   -73.474   -0.0    0.1   -0.2
   -14.903   -73.474   -0.0    0.1   -0.2
   -14.885   -73.474   -0.0    0.1   -0.3
   -14.867   -73.474   -0.0    0.1   -0.3
   -14.849   -73.474   -0.0    0.1   -0.3
   -14.831   -73.474   -0.0    0.1   -0.3
   -14.813   -73.474   -0.0    0.1   -0.3
   -14.795   -73.474   -0.0    0.1   -0.3
   -14.777   -73.474   -0.0    0.1   -0.3
   -14.760   -73.474   -0.0    0.1   -0.4
   -14.742   -73.474   -0.0    0.1   -0.4
   -14.724   -73.474   -0.0    0.1   -0.4
   -14.706   -73.474   -0.0    0.1   -0.4
   -14.688   -73.474   -0.0    0.0   -0.4
   -14.670   -73.474   -0.0    0.0   -0.4
   -14.652   -73.474   -0.0    0.0   -0.4
   -14.634   -73.474   -0.0    0.0   -0.4
   -14.616   -73.474   -0.0    0.0   -0.4
   -14.598   -73.474   -0.0    0.0   -0.5
   -14.580   -73.474   -0.0   -0.0   -0.5
   -14.562   -73.474   -0.0   -0.0   -0.5
   -14.544   -73.474   -0.0   -0.0   -0.5
   -14.526   -73.474   -0.0   -0.0   -0.5
   -14.508   -73.474   -0.0   -0.0   -0.5
   -14.490   -73.474   -0.0   -0.0   -0.5
   -14.472   -73.474   -0.0   -0.1   -0.5
   -14.454   -73.474   -0.0   -0.1   -0.5
   -14.436   -73.474   -0.0   -0.1   -0.5
   -14.418   -73.474   -0.0   -0.1   -0.5
   -14.400   -73.474   -0.0   -0.1   -0.5
   -14.383   -73.474   -0.0   -0.1   -0.5
   -14.365   -73.474   -0.0   -0.1   -0.5
   -14.347   -73.474   -0.0   -0.1   -0.5
   -14.329   -73.474   -0.0   -0.1   -0.4
   -14.311   -73.474   -0.0   -0.1   -0.4
   -14.293   -73.474   -0.0   -0.1   -0.4
   -14.275   -73.474   -0.0   -0.1   -0.4
   -14.257   -73.474   -0.0   -0.1   -0.4
   -14.239   -73.474   -0.0   -0.1   -0.4
   -14.221   -73.474   -0.0   -0.1   -0.4
   -14.203   -73.474   -0.0   -0.2   -0.4
   -14.185   -73.474   -0.0   -0.2   -0.4
   -14.167   -73.474   -0.0   -0.2   -0.4
   -14.149   -73.474   -0.0   -0.2   -0.4
   -14.131   -73.474   -0.0   -0.2   -0.3
   -14.113   -73.474   -0.0   -0.2   -0.3
   -14.095   -73.474   -0.0   -0.2   -0.3
   -14.077   -73.474   -0.0   -0.2   -0.3
   -14.059   -73.474   -0.0   -0.2   -0.3
   -14.041   -73.474   -0.0   -0.2   -0.3
   -14.024   -73.474   -0.0   -0.2   -0.3
   -14.006   -73.474   -0.0   -0.2   -0.3
   -13.988   -73.474   -0.0   -0.2   -0.3
   -13.970   -73.474   -0.0   -0.2   -0.3
   -13.952   -73.474   -0.0   -0.2   -0.2
   -13.934   -73.474   -0.0   -0.2   -0.2
   -13.916   -73.474   -0.0   -0.2   -0.2
   -13.898   -73.474   -0.0   -0.2   -0.2
   -13.880   -73.474   -0.0   -0.2   -0.2
   -13.862   -73.474   -0.0   -0.1   -0.2
   -13.844   -73.474   -0.0   -0.1   -0.2
   -13.826   -73.474   -0.0   -0.1   -0.2
   -13.808   -73.474   -0.0   -0.1   -0.2
   -13.790   -73.474   -0.0   -0.1   -0.2
   -13.772   -73.474   -0.0   -0.1   -0.2
   -13.754   -73.474   -0.0   -0.1   -0.1
   -13.736   -73.474   -0.0   -0.1   -0.1
   -13.718   -73.474   -0.0   -0.1   -0.1
   -13.700   -73.474   -0.0   -0.1   -0.1
   -13.682   -73.474   -0.0   -0.1   -0.1
   -13.664   -73.474   -0.0   -0.1   -0.1
   -13.647   -73.474   -0.0   -0.1   -0.1
   -13.629   -73.474   -0.0   -0.1   -0.1
   -13.611   -73.474   -0.0   -0.1   -0.1
   -15.406   -73.455    0.0    0.0   -0.0
   -15.388   -73.455    0.0    0.0   -0.0
   -15.370   -73.455    0.0    0.0   -0.0
   -15.352   -73.455    0.0    0.0   -0.0
   -15.334   -73.455    0.0    0.0   -0.0
   -15.316   -73.455    0.0    0.0   -0.0
   -15.298   -73.455    0.0    0.0   -0.0
   -15.280   -73.455    0.0    0.0   -0.0
   -15.262   -73.455    0.0    0.0   -0.0
   -15.244   -73.455    0.0    0.0   -0.0
   -15.226   -73.455    0.0    0.1   -0.1
   -15.208   -73.455    0.0    0.1   -0.1
   -15.190   -73.455   -0.0    0.1   -0.1
   -15.172   -73.455   -0.0    0.1   -0.1
   -15.154   -73.455   -0.0    0.1   -0.1
   -15.136   -73.455   -0.0    0.1   -0.1
   -15.119   -73.455   -0.0    0.1   -0.1
   -15.101   -73.455   -0.0    0.1   -0.1
   -15.083   -73.455   -0.0    0.1   -0.1
   -15.065   -73.455   -0.0    0.1   -0.1
   -15.047   -73.455   -0.0    0.1   -0.1
   -15.029   -73.455   -0.0    0.1   -0.1
   -15.011   -73.455   -0.0    0.1   -0.2
   -14.993   -73.455   -0.0    0.1   -0.2
   -14.975   -73.455   -0.0    0.1   -0.2
   -14.957   -73.455   -0.0    0.1   -0.2
   -14.939   -73.455   -0.0    0.1   -0.2
   -14.921   -73.455   -0.0    0.1   -0.2
   -14.903   -73.455   -0.0    0.1   -0.2
   -14.885   -73.455   -0.0    0.1   -0.2
   -14.867   -73.455   -0.0    0.1   -0.3
   -14.849   -73.455   -0.0    0.1   -0.3
   -14.831   -73.455   -0.0    0.1   -0.3
   -14.813   -73.455   -0.0    0.1   -0.3
   -14.795   -73.455   -0.0    0.1   -0.3
   -14.777   -73.455   -0.0    0.1   -0.3
   -14.760   -73.455   -0.0    0.1   -0.3
   -14.742   -73.455   -0.0    0.1   -0.4
   -14.724   -73.455   -0.0    0.1   -0.4
   -14.706   -73.455   -0.0    0.1   -0.4
   -14.688   -73.455   -0.0    0.0   -0.4
   -14.670   -73.455   -0.0    0.0   -0.4
   -14.652   -73.455   -0.0    0.0   -0.4
   -14.634   -73.455   -0.0    0.0   -0.4
   -14.616   -73.455   -0.0    0.0   -0.4
   -14.598   -73.455   -0.0    0.0   -0.4
   -14.580   -73.455   -0.0   -0.0   -0.5
   -14.562   -73.455   -0.0   -0.0   -0.5
   -14.544   -73.455   -0.0   -0.0   -0.5
   -14.526   -73.455   -0.0   -0.0   -0.5
   -14.508   -73.455   -0.0   -0.0   -0.5
   -14.490   -73.455   -0.0   -0.0   -0.5
   -14.472   -73.455   -0.0   -0.1   -0.5
   -14.454   -73.455   -0.0   -0.1   -0.5
   -14.436   -73.455   -0.0   -0.1   -0.5
   -14.418   -73.455   -0.0   -0.1   -0.5
   -14.400   -73.455   -0.0   -0.1   -0.5
   -14.383   -73.455   -0.0   -0.1   -0.5
   -14.365   -73.455   -0.0   -0.1   -0.5
   -14.347   -73.455   -0.0   -0.1   -0.4
   -14.329   -73.455   -0.0   -0.1   -0.4
   -14.311   -73.455   -0.0   -0.1   -0.4
   -14.293   -73.455   -0.0   -0.1   -0.4
   -14.275   -73.455   -0.0   -0.1   -0.4
   -14.257   -73.455   -0.0   -0.1   -0.4
   -14.239   -73.455   -0.0   -0.1   -0.4
   -14.221   -73.455   -0.0   -0.1   -0.4
   -14.203   -73.455   -0.0   -0.2   -0.4
   -14.185   -73.455   -0.0   -0.2   -0.4
   -14.167   -73.455   -0.0   -0.2   -0.4
   -14.149   -73.455   -0.0   -0.2   -0.4
   -14.131   -73.455   -0.0   -0.2   -0.3
   -14.113   -73.455   -0.0   -0.2   -0.3
   -14.095   -73.455   -0.0   -0.2   -0.3
   -14.077   -73.455   -0.0   -0.2   -0.3
   -14.059   -73.455   -0.0   -0.2   -0.3
   -14.041   -73.455   -0.0   -0.2   -0.3
   -14.024   -73.455   -0.0   -0.2   -0.3
   -14.006   -73.455   -0.0   -0.2   -0.3
   -13.988   -73.455   -0.0   -0.2   -0.3
   -13.970   -73.455   -0.0   -0.2   -0.3
   -13.952   -73.455   -0.0   -0.2   -0.2
   -13.934   -73.455   -0.0   -0.2   -0.2
   -13.916   -73.455   -0.0   -0.2   -0.2
   -13.898   -73.455   -0.0   -0.2   -0.2
   -13.880   -73.455   -0.0   -0.2   -0.2
   -13.862   -73.455   -0.0   -0.1   -0.2
   -13.844   -73.455   -0.0   -0.1   -0.2
   -13.826   -73.455   -0.0   -0.1   -0.2
   -13.808   -73.455   -0.0   -0.1   -0.2
   -13.790   -73.455   -0.0   -0.1   -0.2
   -13.772   -73.455   -0.0   -0.1   -0.2
   -13.754   -73.455   -0.0   -0.1   -0.1
   -13.736   -73.455   -0.0   -0.1   -0.1
   -13.718   -73.455   -0.0   -0.1   -0.1
   -13.700   -73.455   -0.0   -0.1   -0.1
   -13.682   -73.455   -0.0   -0.1   -0.1
   -13.664   -73.455   -0.0   -0.1   -0.1
   -13.647   -73.455   -0.0   -0.1   -0.1
   -13.629   -73.455   -0.0   -0.1   -0.1
   -13.611   -73.455   -0.0   -0.1   -0.1
   -15.406   -73.437    0.0    0.0   -0.0
   -15.388   -73.437    0.0    0.0   -0.0
   -15.370   -73.437    0.0    0.0   -0.0
   -15.352   -73.437    0.0    0.0   -0.0
   -15.334   -73.437    0.0    0.0   -0.0
   -15.316   -73.437    0.0    0.0   -0.0
   -15.298   -73.437    0.0    0.0   -0.0
   -15.280   -73.437    0.0    0.0   -0.0
   -15.262   -73.437    0.0    0.0   -0.0
   -15.244   -73.437    0.0    0.0   -0.0
   -15.226   -73.437    0.0    0.0   -0.1
   -15.208   -73.437   -0.0    0.1   -0.1
   -15.190   -73.437   -0.0    0.1   -0.1
   -15.172   -73.437   -0.0    0.1   -0.1
   -15.154   -73.437   -0.0    0.1   -0.1
   -15.136   -73.437   -0.0    0.1   -0.1
   -15.119   -73.437   -0.0    0.1   -0.1
   -15.101   -73.437   -0.0    0.1   -0.1
   -15.083   -73.437   -0.0    0.1   -0.1
   -15.065   -73.437   -0.0    0.1   -0.1
   -15.047   -73.437   -0.0    0.1   -0.1
   -15.029   -73.437   -0.0    0.1   -0.1
   -15.011   -73.437   -0.0    0.1   -0.2
   -14.993   -73.437   -0.0    0.1   -0.2
   -14.975   -73.437   -0.0    0.1   -0.2
   -14.957   -73.437   -0.0    0.1   -0.2
   -14.939   -73.437   -0.0    0.1   -0.2
   -14.921   -73.437   -0.0    0.1   -0.2
   -14.903   -73.437   -0.0    0.1   -0.2
   -14.885   -73.437   -0.0    0.1   -0.2
   -14.867   -73.437   -0.0    0.1   -0.3
   -14.849   -73.437   -0.0    0.1   -0.3
   -14.831   -73.437   -0.0    0.1   -0.3
   -14.813   -73.437   -0.0    0.1   -0.3
   -14.795   -73.437   -0.0    0.1   -0.3
   -14.777   -73.437   -0.0    0.1   -0.3
   -14.760   -73.437   -0.0    0.1   -0.3
   -14.742   -73.437   -0.0    0.1   -0.4
   -14.724   -73.437   -0.0    0.1   -0.4
   -14.706   -73.437   -0.0    0.1   -0.4
   -14.688   -73.437   -0.0    0.0   -0.4
   -14.670   -73.437   -0.0    0.0   -0.4
   -14.652   -73.437   -0.0    0.0   -0.4
   -14.634   -73.437   -0.0    0.0   -0.4
   -14.616   -73.437   -0.0    0.0   -0.4
   -14.598   -73.437   -0.0    0.0   -0.4
   -14.580   -73.437   -0.0   -0.0   -0.4
   -14.562   -73.437   -0.0   -0.0   -0.5
   -14.544   -73.437   -0.0   -0.0   -0.5
   -14.526   -73.437   -0.0   -0.0   -0.5
   -14.508   -73.437   -0.0   -0.0   -0.5
   -14.490   -73.437   -0.0   -0.0   -0.5
   -14.472   -73.437   -0.0   -0.1   -0.5
   -14.454   -73.437   -0.0   -0.1   -0.5
   -14.436   -73.437   -0.0   -0.1   -0.5
   -14.418   -73.437   -0.0   -0.1   -0.5
   -14.400   -73.437   -0.0   -0.1   -0.5
   -14.383   -73.437   -0.0   -0.1   -0.5
   -14.365   -73.437   -0.0   -0.1   -0.4
   -14.347   -73.437   -0.0   -0.1   -0.4
   -14.329   -73.437   -0.0   -0.1   -0.4
   -14.311   -73.437   -0.0   -0.1   -0.4
   -14.293   -73.437   -0.0   -0.1   -0.4
   -14.275   -73.437   -0.0   -0.1   -0.4
   -14.257   -73.437   -0.0   -0.1   -0.4
   -14.239   -73.437   -0.0   -0.1   -0.4
   -14.221   -73.437   -0.0   -0.1   -0.4
   -14.203   -73.437   -0.0   -0.1   -0.4
   -14.185   -73.437   -0.0   -0.2   -0.4
   -14.167   -73.437   -0.0   -0.2   -0.4
   -14.149   -73.437   -0.0   -0.2   -0.4
   -14.131   -73.437   -0.0   -0.2   -0.3
   -14.113   -73.437   -0.0   -0.2   -0.3
   -14.095   -73.437   -0.0   -0.2   -0.3
   -14.077   -73.437   -0.0   -0.2   -0.3
   -14.059   -73.437   -0.0   -0.2   -0.3
   -14.041   -73.437   -0.0   -0.2   -0.3
   -14.024   -73.437   -0.0   -0.2   -0.3
   -14.006   -73.437   -0.0   -0.2   -0.3
   -13.988   -73.437   -0.0   -0.2   -0.3
   -13.970   -73.437   -0.0   -0.2   -0.2
   -13.952   -73.437   -0.0   -0.2   -0.2
   -13.934   -73.437   -0.0   -0.2   -0.2
   -13.916   -73.437   -0.0   -0.2   -0.2
   -13.898   -73.437   -0.0   -0.2   -0.2
   -13.880   -73.437   -0.0   -0.2   -0.2
   -13.862   -73.437   -0.0   -0.1   -0.2
   -13.844   -73.437   -0.0   -0.1   -0.2
   -13.826   -73.437   -0.0   -0.1   -0.2
   -13.808   -73.437   -0.0   -0.1   -0.2
   -13.790   -73.437   -0.0   -0.1   -0.2
   -13.772   -73.437   -0.0   -0.1   -0.2
   -13.754   -73.437   -0.0   -0.1   -0.1
   -13.736   -73.437   -0.0   -0.1   -0.1
   -13.718   -73.437   -0.0   -0.1   -0.1
   -13.700   -73.437   -0.0   -0.1   -0.1
   -13.682   -73.437   -0.0   -0.1   -0.1
   -13.664   -73.437   -0.0   -0.1   -0.1
   -13.647   -73.437   -0.0   -0.1   -0.1
   -13.629   -73.437   -0.0   -0.1   -0.1
   -13.611   -73.437   -0.0   -0.1   -0.1
   -15.406   -73.418    0.0    0.0   -0.0
   -15.388   -73.418    0.0    0.0   -0.0
   -15.370   -73.418    0.0    0.0   -0.0
   -15.352   -73.418    0.0    0.0   -0.0
   -15.334   -73.418    0.0    0.0   -0.0
   -15.316   -73.418    0.0    0.0   -0.0
   -15.298   -73.418    0.0    0.0   -0.0
   -15.280   -73.418    0.0    0.0   -0.0
   -15.262   -73.418    0.0    0.0   -0.0
   -15.244   -73.418    0.0    0.0   -0.0
   -15.226   -73.418    0.0    0.0   -0.0
   -15.208   -73.418   -0.0    0.0   -0.1
   -15.190   -73.418   -0.0    0.1   -0.1
   -15.172   -73.418   -0.0    0.1   -0.1
   -15.154   -73.418   -0.0    0.1   -0.1
   -15.136   -73.418   -0.0    0.1   -0.1
   -15.119   -73.418   -0.0    0.1   -0.1
   -15.101   -73.418   -0.0    0.1   -0.1
   -15.083   -73.418   -0.0    0.1   -0.1
   -15.065   -73.418   -0.0    0.1   -0.1
   -15.047   -73.418   -0.0    0.1   -0.1
   -15.029   -73.418   -0.0    0.1   -0.1
   -15.011   -73.418   -0.0    0.1   -0.1
   -14.993   -73.418   -0.0    0.1   -0.2
   -14.975   -73.418   -0.0    0.1   -0.2
   -14.957   -73.418   -0.0    0.1   -0.2
   -14.939   -73.418   -0.0    0.1   -0.2
   -14.921   -73.418   -0.0    0.1   -0.2
   -14.903   -73.418   -0.0    0.1   -0.2
   -14.885   -73.418   -0.0    0.1   -0.2
   -14.867   -73.418   -0.0    0.1   -0.2
   -14.849   -73.418   -0.0    0.1   -0.3
   -14.831   -73.418   -0.0    0.1   -0.3
   -14.813   -73.418   -0.0    0.1   -0.3
   -14.795   -73.418   -0.0    0.1   -0.3
   -14.777   -73.418   -0.0    0.1   -0.3
   -14.760   -73.418   -0.0    0.1   -0.3
   -14.742   -73.418   -0.0    0.1   -0.3
   -14.724   -73.418   -0.0    0.1   -0.4
   -14.706   -73.418   -0.0    0.1   -0.4
   -14.688   -73.418   -0.0    0.0   -0.4
   -14.670   -73.418   -0.0    0.0   -0.4
   -14.652   -73.418   -0.1    0.0   -0.4
   -14.634   -73.418   -0.1    0.0   -0.4
   -14.616   -73.418   -0.1    0.0   -0.4
   -14.598   -73.418   -0.1    0.0   -0.4
   -14.580   -73.418   -0.1   -0.0   -0.4
   -14.562   -73.418   -0.1   -0.0   -0.4
   -14.544   -73.418   -0.1   -0.0   -0.4
   -14.526   -73.418   -0.1   -0.0   -0.4
   -14.508   -73.418   -0.1   -0.0   -0.5
   -14.490   -73.418   -0.1   -0.0   -0.5
   -14.472   -73.418   -0.1   -0.1   -0.5
   -14.454   -73.418   -0.1   -0.1   -0.5
   -14.436   -73.418   -0.1   -0.1   -0.5
   -14.418   -73.418   -0.1   -0.1   -0.5
   -14.400   -73.418   -0.1   -0.1   -0.4
   -14.383   -73.418   -0.1   -0.1   -0.4
   -14.365   -73.418   -0.0   -0.1   -0.4
   -14.347   -73.418   -0.0   -0.1   -0.4
   -14.329   -73.418   -0.0   -0.1   -0.4
   -14.311   -73.418   -0.0   -0.1   -0.4
   -14.293   -73.418   -0.0   -0.1   -0.4
   -14.275   -73.418   -0.0   -0.1   -0.4
   -14.257   -73.418   -0.0   -0.1   -0.4
   -14.239   -73.418   -0.0   -0.1   -0.4
   -14.221   -73.418   -0.0   -0.1   -0.4
   -14.203   -73.418   -0.0   -0.1   -0.4
   -14.185   -73.418   -0.0   -0.2   -0.4
   -14.167   -73.418   -0.0   -0.2   -0.4
   -14.149   -73.418   -0.0   -0.2   -0.3
   -14.131   -73.418   -0.0   -0.2   -0.3
   -14.113   -73.418   -0.0   -0.2   -0.3
   -14.095   -73.418   -0.0   -0.2   -0.3
   -14.077   -73.418   -0.0   -0.2   -0.3
   -14.059   -73.418   -0.0   -0.2   -0.3
   -14.041   -73.418   -0.0   -0.2   -0.3
   -14.024   -73.418   -0.0   -0.2   -0.3
   -14.006   -73.418   -0.0   -0.2   -0.3
   -13.988   -73.418   -0.0   -0.2   -0.3
   -13.970   -73.418   -0.0   -0.2   -0.2
   -13.952   -73.418   -0.0   -0.2   -0.2
   -13.934   -73.418   -0.0   -0.2   -0.2
   -13.916   -73.418   -0.0   -0.2   -0.2
   -13.898   -73.418   -0.0   -0.2   -0.2
   -13.880   -73.418   -0.0   -0.2   -0.2
   -13.862   -73.418   -0.0   -0.1   -0.2
   -13.844   -73.418   -0.0   -0.1   -0.2
   -13.826   -73.418   -0.0   -0.1   -0.2
   -13.808   -73.418   -0.0   -0.1   -0.2
   -13.790   -73.418   -0.0   -0.1   -0.2
   -13.772   -73.418   -0.0   -0.1   -0.2
   -13.754   -73.418   -0.0   -0.1   -0.1
   -13.736   -73.418   -0.0   -0.1   -0.1
   -13.718   -73.418   -0.0   -0.1   -0.1
   -13.700   -73.418   -0.0   -0.1   -0.1
   -13.682   -73.418   -0.0   -0.1   -0.1
   -13.664   -73.418   -0.0   -0.1   -0.1
   -13.647   -73.418   -0.0   -0.1   -0.1
   -13.629   -73.418   -0.0   -0.1   -0.1
   -13.611   -73.418   -0.0   -0.1   -0.1
   -15.406   -73.400    0.0    0.0   -0.0
   -15.388   -73.400    0.0    0.0   -0.0
   -15.370   -73.400    0.0    0.0   -0.0
   -15.352   -73.400    0.0    0.0   -0.0
   -15.334   -73.400    0.0    0.0   -0.0
   -15.316   -73.400    0.0    0.0   -0.0
   -15.298   -73.400    0.0    0.0   -0.0
   -15.280   -73.400    0.0    0.0   -0.0
   -15.262   -73.400    0.0    0.0   -0.0
   -15.244   -73.400    0.0    0.0   -0.0
   -15.226   -73.400    0.0    0.0   -0.0
   -15.208   -73.400   -0.0    0.0   -0.0
   -15.190   -73.400   -0.0    0.0   -0.1
   -15.172   -73.400   -0.0    0.0   -0.1
   -15.154   -73.400   -0.0    0.1   -0.1
   -15.136   -73.400   -0.0    0.1   -0.1
   -15.119   -73.400   -0.0    0.1   -0.1
   -15.101   -73.400   -0.0    0.1   -0.1
   -15.083   -73.400   -0.0    0.1   -0.1
   -15.065   -73.400   -0.0    0.1   -0.1
   -15.047   -73.400   -0.0    0.1   -0.1
   -15.029   -73.400   -0.0    0.1   -0.1
   -15.011   -73.400   -0.0    0.1   -0.1
   -14.993   -73.400   -0.0    0.1   -0.1
   -14.975   -73.400   -0.0    0.1   -0.2
   -14.957   -73.400   -0.0    0.1   -0.2
   -14.939   -73.400   -0.0    0.1   -0.2
   -14.921   -73.400   -0.0    0.1   -0.2
   -14.903   -73.400   -0.0    0.1   -0.2
   -14.885   -73.400   -0.0    0.1   -0.2
   -14.867   -73.400   -0.0    0.1   -0.2
   -14.849   -73.400   -0.0    0.1   -0.3
   -14.831   -73.400   -0.0    0.1   -0.3
   -14.813   -73.400   -0.0    0.1   -0.3
   -14.795   -73.400   -0.0    0.1   -0.3
   -14.777   -73.400   -0.0    0.1   -0.3
   -14.760   -73.400   -0.0    0.1   -0.3
   -14.742   -73.400   -0.0    0.1   -0.3
   -14.724   -73.400   -0.1    0.1   -0.3
   -14.706   -73.400   -0.1    0.0   -0.4
   -14.688   -73.400   -0.1    0.0   -0.4
   -14.670   -73.400   -0.1    0.0   -0.4
   -14.652   -73.400   -0.1    0.0   -0.4
   -14.634   -73.400   -0.1    0.0   -0.4
   -14.616   -73.400   -0.1    0.0   -0.4
   -14.598   -73.400   -0.1    0.0   -0.4
   -14.580   -73.400   -0.1   -0.0   -0.4
   -14.562   -73.400   -0.1   -0.0   -0.4
   -14.544   -73.400   -0.1   -0.0   -0.4
   -14.526   -73.400   -0.1   -0.0   -0.4
   -14.508   -73.400   -0.1   -0.0   -0.4
   -14.490   -73.400   -0.1   -0.0   -0.4
   -14.472   -73.400   -0.1   -0.1   -0.4
   -14.454   -73.400   -0.1   -0.1   -0.4
   -14.436   -73.400   -0.1   -0.1   -0.4
   -14.418   -73.400   -0.1   -0.1   -0.4
   -14.400   -73.400   -0.1   -0.1   -0.4
   -14.383   -73.400   -0.1   -0.1   -0.4
   -14.365   -73.400   -0.1   -0.1   -0.4
   -14.347   -73.400   -0.1   -0.1   -0.4
   -14.329   -73.400   -0.1   -0.1   -0.4
   -14.311   -73.400   -0.1   -0.1   -0.4
   -14.293   -73.400   -0.1   -0.1   -0.4
   -14.275   -73.400   -0.1   -0.1   -0.4
   -14.257   -73.400   -0.1   -0.1   -0.4
   -14.239   -73.400   -0.1   -0.1   -0.4
   -14.221   -73.400   -0.0   -0.1   -0.4
   -14.203   -73.400   -0.0   -0.1   -0.4
   -14.185   -73.400   -0.0   -0.1   -0.4
   -14.167   -73.400   -0.0   -0.2   -0.4
   -14.149   -73.400   -0.0   -0.2   -0.3
   -14.131   -73.400   -0.0   -0.2   -0.3
   -14.113   -73.400   -0.0   -0.2   -0.3
   -14.095   -73.400   -0.0   -0.2   -0.3
   -14.077   -73.400   -0.0   -0.2   -0.3
   -14.059   -73.400   -0.0   -0.2   -0.3
   -14.041   -73.400   -0.0   -0.2   -0.3
   -14.024   -73.400   -0.0   -0.2   -0.3
   -14.006   -73.400   -0.0   -0.2   -0.3
   -13.988   -73.400   -0.0   -0.2   -0.3
   -13.970   -73.400   -0.0   -0.2   -0.2
   -13.952   -73.400   -0.0   -0.2   -0.2
   -13.934   -73.400   -0.0   -0.2   -0.2
   -13.916   -73.400   -0.0   -0.2   -0.2
   -13.898   -73.400   -0.0   -0.2   -0.2
   -13.880   -73.400   -0.0   -0.1   -0.2
   -13.862   -73.400   -0.0   -0.1   -0.2
   -13.844   -73.400   -0.0   -0.1   -0.2
   -13.826   -73.400   -0.0   -0.1   -0.2
   -13.808   -73.400   -0.0   -0.1   -0.2
   -13.790   -73.400   -0.0   -0.1   -0.2
   -13.772   -73.400   -0.0   -0.1   -0.2
   -13.754   -73.400   -0.0   -0.1   -0.1
   -13.736   -73.400   -0.0   -0.1   -0.1
   -13.718   -73.400   -0.0   -0.1   -0.1
   -13.700   -73.400   -0.0   -0.1   -0.1
   -13.682   -73.400   -0.0   -0.1   -0.1
   -13.664   -73.400   -0.0   -0.1   -0.1
   -13.647   -73.400   -0.0   -0.1   -0.1
   -13.629   -73.400   -0.0   -0.1   -0.1
   -13.611   -73.400   -0.0   -0.1   -0.1
   -15.406   -73.381    0.0    0.0   -0.0
   -15.388   -73.381    0.0    0.0   -0.0
   -15.370   -73.381    0.0    0.0   -0.0
   -15.352   -73.381    0.0    0.0   -0.0
   -15.334   -73.381    0.0    0.0   -0.0
   -15.316   -73.381    0.0    0.0   -0.0
   -15.298   -73.381    0.0    0.0   -0.0
   -15.280   -73.381    0.0    0.0   -0.0
   -15.262   -73.381    0.0    0.0   -0.0
   -15.244   -73.381    0.0    0.0   -0.0
   -15.226   -73.381    0.0    0.0   -0.0
   -15.208   -73.381   -0.0    0.0   -0.0
   -15.190   -73.381   -0.0    0.0   -0.1
   -15.172   -73.381   -0.0    0.0   -0.1
   -15.154   -73.381   -0.0    0.0   -0.1
   -15.136   -73.381   -0.0    0.1   -0.1
   -15.119   -73.381   -0.0    0.1   -0.1
   -15.101   -73.381   -0.0    0.1   -0.1
   -15.083   -73.381   -0.0    0.1   -0.1
   -15.065   -73.381   -0.0    0.1   -0.1
   -15.047   -73.381   -0.0    0.1   -0.1
   -15.029   -73.381   -0.0    0.1   -0.1
   -15.011   -73.381   -0.0    0.1   -0.1
   -14.993   -73.381   -0.0    0.1   -0.1
   -14.975   -73.381   -0.0    0.1   -0.2
   -14.957   -73.381   -0.0    0.1   -0.2
   -14.939   -73.381   -0.0    0.1   -0.2
   -14.921   -73.381   -0.0    0.1   -0.2
   -14.903   -73.381   -0.0    0.1   -0.2
   -14.885   -73.381   -0.0    0.1   -0.2
   -14.867   -73.381   -0.0    0.1   -0.2
   -14.849   -73.381   -0.0    0.1   -0.2
   -14.831   -73.381   -0.0    0.1   -0.3
   -14.813   -73.381   -0.0    0.1   -0.3
   -14.795   -73.381   -0.0    0.1   -0.3
   -14.777   -73.381   -0.0    0.1   -0.3
   -14.760   -73.381   -0.1    0.1   -0.3
   -14.742   -73.381   -0.1    0.1   -0.3
   -14.724   -73.381   -0.1    0.1   -0.3
   -14.706   -73.381   -0.1    0.0   -0.3
   -14.688   -73.381   -0.1    0.0   -0.4
   -14.670   -73.381   -0.1    0.0   -0.4
   -14.652   -73.381   -0.1    0.0   -0.4
   -14.634   -73.381   -0.1    0.0   -0.4
   -14.616   -73.381   -0.1    0.0   -0.4
   -14.598   -73.381   -0.1    0.0   -0.4
   -14.580   -73.381   -0.1   -0.0   -0.4
   -14.562   -73.381   -0.1   -0.0   -0.4
   -14.544   -73.381   -0.1   -0.0   -0.4
   -14.526   -73.381   -0.1   -0.0   -0.4
   -14.508   -73.381   -0.1   -0.0   -0.4
   -14.490   -73.381   -0.1   -0.0   -0.4
   -14.472   -73.381   -0.1   -0.1   -0.4
   -14.454   -73.381   -0.1   -0.1   -0.4
   -14.436   -73.381   -0.1   -0.1   -0.4
   -14.418   -73.381   -0.1   -0.1   -0.4
   -14.400   -73.381   -0.1   -0.1   -0.4
   -14.383   -73.381   -0.1   -0.1   -0.4
   -14.365   -73.381   -0.1   -0.1   -0.4
   -14.347   -73.381   -0.1   -0.1   -0.4
   -14.329   -73.381   -0.1   -0.1   -0.4
   -14.311   -73.381   -0.1   -0.1   -0.4
   -14.293   -73.381   -0.1   -0.1   -0.4
   -14.275   -73.381   -0.1   -0.1   -0.4
   -14.257   -73.381   -0.1   -0.1   -0.4
   -14.239   -73.381   -0.1   -0.1   -0.4
   -14.221   -73.381   -0.1   -0.1   -0.4
   -14.203   -73.381   -0.1   -0.1   -0.4
   -14.185   -73.381   -0.1   -0.1   -0.4
   -14.167   -73.381   -0.1   -0.2   -0.3
   -14.149   -73.381   -0.1   -0.2   -0.3
   -14.131   -73.381   -0.1   -0.2   -0.3
   -14.113   -73.381   -0.0   -0.2   -0.3
   -14.095   -73.381   -0.0   -0.2   -0.3
   -14.077   -73.381   -0.0   -0.2   -0.3
   -14.059   -73.381   -0.0   -0.2   -0.3
   -14.041   -73.381   -0.0   -0.2   -0.3
   -14.024   -73.381   -0.0   -0.2   -0.3
   -14.006   -73.381   -0.0   -0.2   -0.3
   -13.988   -73.381   -0.0   -0.2   -0.3
   -13.970   -73.381   -0.0   -0.2   -0.2
   -13.952   -73.381   -0.0   -0.2   -0.2
   -13.934   -73.381   -0.0   -0.2   -0.2
   -13.916   -73.381   -0.0   -0.2   -0.2
   -13.898   -73.381   -0.0   -0.2   -0.2
   -13.880   -73.381   -0.0   -0.1   -0.2
   -13.862   -73.381   -0.0   -0.1   -0.2
   -13.844   -73.381   -0.0   -0.1   -0.2
   -13.826   -73.381   -0.0   -0.1   -0.2
   -13.808   -73.381   -0.0   -0.1   -0.2
   -13.790   -73.381   -0.0   -0.1   -0.2
   -13.772   -73.381   -0.0   -0.1   -0.2
   -13.754   -73.381   -0.0   -0.1   -0.1
   -13.736   -73.381   -0.0   -0.1   -0.1
   -13.718   -73.381   -0.0   -0.1   -0.1
   -13.700   -73.381   -0.0   -0.1   -0.1
   -13.682   -73.381   -0.0   -0.1   -0.1
   -13.664   -73.381   -0.0   -0.1   -0.1
   -13.647   -73.381   -0.0   -0.1   -0.1
   -13.629   -73.381   -0.0   -0.1   -0.1
   -13.611   -73.381   -0.0   -0.1   -0.1
   -15.406   -73.363    0.0    0.0   -0.0
   -15.388   -73.363    0.0    0.0   -0.0
   -15.370   -73.363    0.0    0.0   -0.0
   -15.352   -73.363    0.0    0.0   -0.0
   -15.334   -73.363    0.0    0.0   -0.0
   -15.316   -73.363    0.0    0.0   -0.0
   -15.298   -73.363    0.0    0.0   -0.0
   -15.280   -73.363    0.0    0.0   -0.0
   -15.262   -73.363    0.0    0.0   -0.0
   -15.244   -73.363    0.0    0.0   -0.0
   -15.226   -73.363    0.0    0.0   -0.0
   -15.208   -73.363   -0.0    0.0   -0.0
   -15.190   -73.363   -0.0    0.0   -0.0
   -15.172   -73.363   -0.0    0.0   -0.1
   -15.154   -73.363   -0.0    0.0   -0.1
   -15.136   -73.363   -0.0    0.0   -0.1
   -15.119   -73.363   -0.0    0.1   -0.1
   -15.101   -73.363   -0.0    0.1   -0.1
   -15.083   -73.363   -0.0    0.1   -0.1
   -15.065   -73.363   -0.0    0.1   -0.1
   -15.047   -73.363   -0.0    0.1   -0.1
   -15.029   -73.363   -0.0    0.1   -0.1
   -15.011   -73.363   -0.0    0.1   -0.1
   -14.993   -73.363   -0.0    0.1   -0.1
   -14.975   -73.363   -0.0    0.1   -0.1
   -14.957   -73.363   -0.0    0.1   -0.2
   -14.939   -73.363   -0.0    0.1   -0.2
   -14.921   -73.363   -0.0    0.1   -0.2
   -14.903   -73.363   -0.0    0.1   -0.2
   -14.885   -73.363   -0.0    0.1   -0.2
   -14.867   -73.363   -0.0    0.1   -0.2
   -14.849   -73.363   -0.0    0.1   -0.2
   -14.831   -73.363   -0.0    0.1   -0.2
   -14.813   -73.363   -0.0    0.1   -0.3
   -14.795   -73.363   -0.1    0.1   -0.3
   -14.777   -73.363   -0.1    0.1   -0.3
   -14.760   -73.363   -0.1    0.1   -0.3
   -14.742   -73.363   -0.1    0.1   -0.3
   -14.724   -73.363   -0.1    0.1   -0.3
   -14.706   -73.363   -0.1    0.0   -0.3
   -14.688   -73.363   -0.1    0.0   -0.3
   -14.670   -73.363   -0.1    0.0   -0.4
   -14.652   -73.363   -0.1    0.0   -0.4
   -14.634   -73.363   -0.1    0.0   -0.4
   -14.616   -73.363   -0.1    0.0   -0.4
   -14.598   -73.363   -0.1    0.0   -0.4
   -14.580   -73.363   -0.1   -0.0   -0.4
   -14.562   -73.363   -0.1   -0.0   -0.4
   -14.544   -73.363   -0.1   -0.0   -0.4
   -14.526   -73.363   -0.1   -0.0   -0.4
   -14.508   -73.363   -0.1   -0.0   -0.4
   -14.490   -73.363   -0.1   -0.0   -0.4
   -14.472   -73.363   -0.1   -0.1   -0.4
   -14.454   -73.363   -0.1   -0.1   -0.4
   -14.436   -73.363   -0.1   -0.1   -0.4
   -14.418   -73.363   -0.1   -0.1   -0.4
   -14.400   -73.363   -0.1   -0.1   -0.4
   -14.383   -73.363   -0.1   -0.1   -0.4
   -14.365   -73.363   -0.1   -0.1   -0.4
   -14.347   -73.363   -0.1   -0.1   -0.4
   -14.329   -73.363   -0.1   -0.1   -0.4
   -14.311   -73.363   -0.1   -0.1   -0.4
   -14.293   -73.363   -0.1   -0.1   -0.4
   -14.275   -73.363   -0.1   -0.1   -0.4
   -14.257   -73.363   -0.1   -0.1   -0.4
   -14.239   -73.363   -0.1   -0.1   -0.4
   -14.221   -73.363   -0.1   -0.1   -0.4
   -14.203   -73.363   -0.1   -0.1   -0.4
   -14.185   -73.363   -0.1   -0.1   -0.3
   -14.167   -73.363   -0.1   -0.1   -0.3
   -14.149   -73.363   -0.1   -0.2   -0.3
   -14.131   -73.363   -0.1   -0.2   -0.3
   -14.113   -73.363   -0.1   -0.2   -0.3
   -14.095   -73.363   -0.1   -0.2   -0.3
   -14.077   -73.363   -0.1   -0.2   -0.3
   -14.059   -73.363   -0.1   -0.2   -0.3
   -14.041   -73.363   -0.0   -0.2   -0.3
   -14.024   -73.363   -0.0   -0.2   -0.3
   -14.006   -73.363   -0.0   -0.2   -0.3
   -13.988   -73.363   -0.0   -0.2   -0.2
   -13.970   -73.363   -0.0   -0.2   -0.2
   -13.952   -73.363   -0.0   -0.2   -0.2
   -13.934   -73.363   -0.0   -0.2   -0.2
   -13.916   -73.363   -0.0   -0.2   -0.2
   -13.898   -73.363   -0.0   -0.1   -0.2
   -13.880   -73.363   -0.0   -0.1   -0.2
   -13.862   -73.363   -0.0   -0.1   -0.2
   -13.844   -73.363   -0.0   -0.1   -0.2
   -13.826   -73.363   -0.0   -0.1   -0.2
   -13.808   -73.363   -0.0   -0.1   -0.2
   -13.790   -73.363   -0.0   -0.1   -0.2
   -13.772   -73.363   -0.0   -0.1   -0.2
   -13.754   -73.363   -0.0   -0.1   -0.1
   -13.736   -73.363   -0.0   -0.1   -0.1
   -13.718   -73.363   -0.0   -0.1   -0.1
   -13.700   -73.363   -0.0   -0.1   -0.1
   -13.682   -73.363   -0.0   -0.1   -0.1
   -13.664   -73.363   -0.0   -0.1   -0.1
   -13.647   -73.363   -0.0   -0.1   -0.1
   -13.629   -73.363   -0.0   -0.1   -0.1
   -13.611   -73.363   -0.0   -0.1   -0.1
   -15.406   -73.344    0.0    0.0   -0.0
   -15.388   -73.344    0.0    0.0   -0.0
   -15.370   -73.344    0.0    0.0   -0.0
   -15.352   -73.344    0.0    0.0   -0.0
   -15.334   -73.344    0.0    0.0   -0.0
   -15.316   -73.344    0.0    0.0   -0.0
   -15.298   -73.344    0.0    0.0   -0.0
   -15.280   -73.344    0.0    0.0   -0.0
   -15.262   -73.344    0.0    0.0   -0.0
   -15.244   -73.344    0.0    0.0   -0.0
   -15.226   -73.344    0.0    0.0   -0.0
   -15.208   -73.344   -0.0    0.0   -0.0
   -15.190   -73.344   -0.0    0.0   -0.0
   -15.172   -73.344   -0.0    0.0   -0.0
   -15.154   -73.344   -0.0    0.0   -0.1
   -15.136   -73.344   -0.0    0.0   -0.1
   -15.119   -73.344   -0.0    0.0   -0.1
   -15.101   -73.344   -0.0    0.1   -0.1
   -15.083   -73.344   -0.0    0.1   -0.1
   -15.065   -73.344   -0.0    0.1   -0.1
   -15.047   -73.344   -0.0    0.1   -0.1
   -15.029   -73.344   -0.0    0.1   -0.1
   -15.011   -73.344   -0.0    0.1   -0.1
   -14.993   -73.344   -0.0    0.1   -0.1
   -14.975   -73.344   -0.0    0.1   -0.1
   -14.957   -73.344   -0.0    0.1   -0.1
   -14.939   -73.344   -0.0    0.1   -0.2
   -14.921   -73.344   -0.0    0.1   -0.2
   -14.903   -73.344   -0.0    0.1   -0.2
   -14.885   -73.344   -0.0    0.1   -0.2
   -14.867   -73.344   -0.0    0.1   -0.2
   -14.849   -73.344   -0.0    0.1   -0.2
   -14.831   -73.344   -0.0    0.1   -0.2
   -14.813   -73.344   -0.1    0.1   -0.2
   -14.795   -73.344   -0.1    0.1   -0.3
   -14.777   -73.344   -0.1    0.1   -0.3
   -14.760   -73.344   -0.1    0.1   -0.3
   -14.742   -73.344   -0.1    0.1   -0.3
   -14.724   -73.344   -0.1    0.0   -0.3
   -14.706   -73.344   -0.1    0.0   -0.3
   -14.688   -73.344   -0.1    0.0   -0.3
   -14.670   -73.344   -0.1    0.0   -0.3
   -14.652   -73.344   -0.1    0.0   -0.4
   -14.634   -73.344   -0.1    0.0   -0.4
   -14.616   -73.344   -0.1    0.0   -0.4
   -14.598   -73.344   -0.1    0.0   -0.4
   -14.580   -73.344   -0.1   -0.0   -0.4
   -14.562   -73.344   -0.1   -0.0   -0.4
   -14.544   -73.344   -0.1   -0.0   -0.4
   -14.526   -73.344   -0.1   -0.0   -0.4
   -14.508   -73.344   -0.1   -0.0   -0.4
   -14.490   -73.344   -0.1   -0.0   -0.4
   -14.472   -73.344   -0.1   -0.1   -0.4
   -14.454   -73.344   -0.1   -0.1   -0.4
   -14.436   -73.344   -0.1   -0.1   -0.4
   -14.418   -73.344   -0.1   -0.1   -0.4
   -14.400   -73.344   -0.1   -0.1   -0.4
   -14.383   -73.344   -0.1   -0.1   -0.4
   -14.365   -73.344   -0.1   -0.1   -0.4
   -14.347   -73.344   -0.1   -0.1   -0.4
   -14.329   -73.344   -0.1   -0.1   -0.4
   -14.311   -73.344   -0.1   -0.1   -0.4
   -14.293   -73.344   -0.1   -0.1   -0.4
   -14.275   -73.344   -0.1   -0.1   -0.4
   -14.257   -73.344   -0.1   -0.1   -0.4
   -14.239   -73.344   -0.1   -0.1   -0.4
   -14.221   -73.344   -0.1   -0.1   -0.4
   -14.203   -73.344   -0.1   -0.1   -0.3
   -14.185   -73.344   -0.1   -0.1   -0.3
   -14.167   -73.344   -0.1   -0.1   -0.3
   -14.149   -73.344   -0.1   -0.1   -0.3
   -14.131   -73.344   -0.1   -0.1   -0.3
   -14.113   -73.344   -0.1   -0.2   -0.3
   -14.095   -73.344   -0.1   -0.2   -0.3
   -14.077   -73.344   -0.1   -0.2   -0.3
   -14.059   -73.344   -0.1   -0.2   -0.3
   -14.041   -73.344   -0.1   -0.2   -0.3
   -14.024   -73.344   -0.1   -0.2   -0.3
   -14.006   -73.344   -0.1   -0.2   -0.3
   -13.988   -73.344   -0.0   -0.2   -0.2
   -13.970   -73.344   -0.0   -0.2   -0.2
   -13.952   -73.344   -0.0   -0.2   -0.2
   -13.934   -73.344   -0.0   -0.2   -0.2
   -13.916   -73.344   -0.0   -0.1   -0.2
   -13.898   -73.344   -0.0   -0.1   -0.2
   -13.880   -73.344   -0.0   -0.1   -0.2
   -13.862   -73.344   -0.0   -0.1   -0.2
   -13.844   -73.344   -0.0   -0.1   -0.2
   -13.826   -73.344   -0.0   -0.1   -0.2
   -13.808   -73.344   -0.0   -0.1   -0.2
   -13.790   -73.344   -0.0   -0.1   -0.2
   -13.772   -73.344   -0.0   -0.1   -0.1
   -13.754   -73.344   -0.0   -0.1   -0.1
   -13.736   -73.344   -0.0   -0.1   -0.1
   -13.718   -73.344   -0.0   -0.1   -0.1
   -13.700   -73.344   -0.0   -0.1   -0.1
   -13.682   -73.344   -0.0   -0.1   -0.1
   -13.664   -73.344   -0.0   -0.1   -0.1
   -13.647   -73.344   -0.0   -0.1   -0.1
   -13.629   -73.344   -0.0   -0.1   -0.1
   -13.611   -73.344   -0.0   -0.1   -0.1
   -15.406   -73.326    0.0    0.0   -0.0
   -15.388   -73.326    0.0    0.0   -0.0
   -15.370   -73.326    0.0    0.0   -0.0
   -15.352   -73.326    0.0    0.0   -0.0
   -15.334   -73.326    0.0    0.0   -0.0
   -15.316   -73.326    0.0    0.0   -0.0
   -15.298   -73.326    0.0    0.0   -0.0
   -15.280   -73.326    0.0    0.0   -0.0
   -15.262   -73.326    0.0    0.0   -0.0
   -15.244   -73.326    0.0    0.0   -0.0
   -15.226   -73.326    0.0    0.0   -0.0
   -15.208   -73.326    0.0    0.0   -0.0
   -15.190   -73.326   -0.0    0.0   -0.0
   -15.172   -73.326   -0.0    0.0   -0.0
   -15.154   -73.326   -0.0    0.0   -0.0
   -15.136   -73.326   -0.0    0.0   -0.1
   -15.119   -73.326   -0.0    0.0   -0.1
   -15.101   -73.326   -0.0    0.0   -0.1
   -15.083   -73.326   -0.0    0.0   -0.1
   -15.065   -73.326   -0.0    0.1   -0.1
   -15.047   -73.326   -0.0    0.1   -0.1
   -15.029   -73.326   -0.0    0.1   -0.1
   -15.011   -73.326   -0.0    0.1   -0.1
   -14.993   -73.326   -0.0    0.1   -0.1
   -14.975   -73.326   -0.0    0.1   -0.1
   -14.957   -73.326   -0.0    0.1   -0.1
   -14.939   -73.326   -0.0    0.1   -0.1
   -14.921   -73.326   -0.0    0.1   -0.2
   -14.903   -73.326   -0.0    0.1   -0.2
   -14.885   -73.326   -0.0    0.1   -0.2
   -14.867   -73.326   -0.0    0.1   -0.2
   -14.849   -73.326   -0.0    0.1   -0.2
   -14.831   -73.326   -0.0    0.1   -0.2
   -14.813   -73.326   -0.1    0.1   -0.2
   -14.795   -73.326   -0.1    0.1   -0.2
   -14.777   -73.326   -0.1    0.1   -0.3
   -14.760   -73.326   -0.1    0.1   -0.3
   -14.742   -73.326   -0.1    0.1   -0.3
   -14.724   -73.326   -0.1    0.0   -0.3
   -14.706   -73.326   -0.1    0.0   -0.3
   -14.688   -73.326   -0.1    0.0   -0.3
   -14.670   -73.326   -0.1    0.0   -0.3
   -14.652   -73.326   -0.1    0.0   -0.3
   -14.634   -73.326   -0.1    0.0   -0.3
   -14.616   -73.326   -0.1    0.0   -0.4
   -14.598   -73.326   -0.1    0.0   -0.4
   -14.580   -73.326   -0.1   -0.0   -0.4
   -14.562   -73.326   -0.1   -0.0   -0.4
   -14.544   -73.326   -0.1   -0.0   -0.4
   -14.526   -73.326   -0.1   -0.0   -0.4
   -14.508   -73.326   -0.1   -0.0   -0.4
   -14.490   -73.326   -0.1   -0.0   -0.4
   -14.472   -73.326   -0.1   -0.0   -0.4
   -14.454   -73.326   -0.1   -0.1   -0.4
   -14.436   -73.326   -0.1   -0.1   -0.4
   -14.418   -73.326   -0.1   -0.1   -0.4
   -14.400   -73.326   -0.1   -0.1   -0.4
   -14.383   -73.326   -0.1   -0.1   -0.4
   -14.365   -73.326   -0.1   -0.1   -0.4
   -14.347   -73.326   -0.1   -0.1   -0.4
   -14.329   -73.326   -0.1   -0.1   -0.4
   -14.311   -73.326   -0.1   -0.1   -0.4
   -14.293   -73.326   -0.1   -0.1   -0.4
   -14.275   -73.326   -0.1   -0.1   -0.4
   -14.257   -73.326   -0.1   -0.1   -0.4
   -14.239   -73.326   -0.1   -0.1   -0.4
   -14.221   -73.326   -0.1   -0.1   -0.3
   -14.203   -73.326   -0.1   -0.1   -0.3
   -14.185   -73.326   -0.1   -0.1   -0.3
   -14.167   -73.326   -0.1   -0.1   -0.3
   -14.149   -73.326   -0.1   -0.1   -0.3
   -14.131   -73.326   -0.1   -0.1   -0.3
   -14.113   -73.326   -0.1   -0.1   -0.3
   -14.095   -73.326   -0.1   -0.1   -0.3
   -14.077   -73.326   -0.1   -0.2   -0.3
   -14.059   -73.326   -0.1   -0.2   -0.3
   -14.041   -73.326   -0.1   -0.2   -0.3
   -14.024   -73.326   -0.1   -0.2   -0.3
   -14.006   -73.326   -0.1   -0.2   -0.2
   -13.988   -73.326   -0.1   -0.2   -0.2
   -13.970   -73.326   -0.1   -0.2   -0.2
   -13.952   -73.326   -0.1   -0.1   -0.2
   -13.934   -73.326   -0.0   -0.1   -0.2
   -13.916   -73.326   -0.0   -0.1   -0.2
   -13.898   -73.326   -0.0   -0.1   -0.2
   -13.880   -73.326   -0.0   -0.1   -0.2
   -13.862   -73.326   -0.0   -0.1   -0.2
   -13.844   -73.326   -0.0   -0.1   -0.2
   -13.826   -73.326   -0.0   -0.1   -0.2
   -13.808   -73.326   -0.0   -0.1   -0.2
   -13.790   -73.326   -0.0   -0.1   -0.2
   -13.772   -73.326   -0.0   -0.1   -0.1
   -13.754   -73.326   -0.0   -0.1   -0.1
   -13.736   -73.326   -0.0   -0.1   -0.1
   -13.718   -73.326   -0.0   -0.1   -0.1
   -13.700   -73.326   -0.0   -0.1   -0.1
   -13.682   -73.326   -0.0   -0.1   -0.1
   -13.664   -73.326   -0.0   -0.1   -0.1
   -13.647   -73.326   -0.0   -0.1   -0.1
   -13.629   -73.326   -0.0   -0.1   -0.1
   -13.611   -73.326   -0.0   -0.1   -0.1
   -15.406   -73.307    0.0    0.0    0.0
   -15.388   -73.307    0.0    0.0   -0.0
   -15.370   -73.307    0.0    0.0   -0.0
   -15.352   -73.307    0.0    0.0   -0.0
   -15.334   -73.307    0.0    0.0   -0.0
   -15.316   -73.307    0.0    0.0   -0.0
   -15.298   -73.307    0.0    0.0   -0.0
   -15.280   -73.307    0.0    0.0   -0.0
   -15.262   -73.307    0.0    0.0   -0.0
   -15.244   -73.307    0.0    0.0   -0.0
   -15.226   -73.307    0.0    0.0   -0.0
   -15.208   -73.307    0.0    0.0   -0.0
   -15.190   -73.307   -0.0    0.0   -0.0
   -15.172   -73.307   -0.0    0.0   -0.0
   -15.154   -73.307   -0.0    0.0   -0.0
   -15.136   -73.307   -0.0    0.0   -0.0
   -15.119   -73.307   -0.0    0.0   -0.1
   -15.101   -73.307   -0.0    0.0   -0.1
   -15.083   -73.307   -0.0    0.0   -0.1
   -15.065   -73.307   -0.0    0.0   -0.1
   -15.047   -73.307   -0.0    0.0   -0.1
   -15.029   -73.307   -0.0    0.1   -0.1
   -15.011   -73.307   -0.0    0.1   -0.1
   -14.993   -73.307   -0.0    0.1   -0.1
   -14.975   -73.307   -0.0    0.1   -0.1
   -14.957   -73.307   -0.0    0.1   -0.1
   -14.939   -73.307   -0.0    0.1   -0.1
   -14.921   -73.307   -0.0    0.1   -0.1
   -14.903   -73.307   -0.0    0.1   -0.2
   -14.885   -73.307   -0.0    0.1   -0.2
   -14.867   -73.307   -0.0    0.1   -0.2
   -14.849   -73.307   -0.0    0.1   -0.2
   -14.831   -73.307   -0.1    0.1   -0.2
   -14.813   -73.307   -0.1    0.1   -0.2
   -14.795   -73.307   -0.1    0.1   -0.2
   -14.777   -73.307   -0.1    0.1   -0.2
   -14.760   -73.307   -0.1    0.1   -0.3
   -14.742   -73.307   -0.1    0.0   -0.3
   -14.724   -73.307   -0.1    0.0   -0.3
   -14.706   -73.307   -0.1    0.0   -0.3
   -14.688   -73.307   -0.1    0.0   -0.3
   -14.670   -73.307   -0.1    0.0   -0.3
   -14.652   -73.307   -0.1    0.0   -0.3
   -14.634   -73.307   -0.1    0.0   -0.3
   -14.616   -73.307   -0.1    0.0   -0.3
   -14.598   -73.307   -0.1    0.0   -0.3
   -14.580   -73.307   -0.1   -0.0   -0.4
   -14.562   -73.307   -0.1   -0.0   -0.4
   -14.544   -73.307   -0.1   -0.0   -0.4
   -14.526   -73.307   -0.1   -0.0   -0.4
   -14.508   -73.307   -0.1   -0.0   -0.4
   -14.490   -73.307   -0.1   -0.0   -0.4
   -14.472   -73.307   -0.1   -0.0   -0.4
   -14.454   -73.307   -0.1   -0.1   -0.4
   -14.436   -73.307   -0.1   -0.1   -0.4
   -14.418   -73.307   -0.1   -0.1   -0.4
   -14.400   -73.307   -0.1   -0.1   -0.4
   -14.383   -73.307   -0.1   -0.1   -0.4
   -14.365   -73.307   -0.1   -0.1   -0.4
   -14.347   -73.307   -0.1   -0.1   -0.4
   -14.329   -73.307   -0.1   -0.1   -0.4
   -14.311   -73.307   -0.1   -0.1   -0.4
   -14.293   -73.307   -0.1   -0.1   -0.4
   -14.275   -73.307   -0.1   -0.1   -0.4
   -14.257   -73.307   -0.1   -0.1   -0.4
   -14.239   -73.307   -0.1   -0.1   -0.3
   -14.221   -73.307   -0.1   -0.1   -0.3
   -14.203   -73.307   -0.1   -0.1   -0.3
   -14.185   -73.307   -0.1   -0.1   -0.3
   -14.167   -73.307   -0.1   -0.1   -0.3
   -14.149   -73.307   -0.1   -0.1   -0.3
   -14.131   -73.307   -0.1   -0.1   -0.3
   -14.113   -73.307   -0.1   -0.1   -0.3
   -14.095   -73.307   -0.1   -0.1   -0.3
   -14.077   -73.307   -0.1   -0.1   -0.3
   -14.059   -73.307   -0.1   -0.1   -0.3
   -14.041   -73.307   -0.1   -0.1   -0.3
   -14.024   -73.307   -0.1   -0.1   -0.3
   -14.006   -73.307   -0.1   -0.1   -0.2
   -13.988   -73.307   -0.1   -0.1   -0.2
   -13.970   -73.307   -0.1   -0.1   -0.2
   -13.952   -73.307   -0.1   -0.1   -0.2
   -13.934   -73.307   -0.1   -0.1   -0.2
   -13.916   -73.307   -0.1   -0.1   -0.2
   -13.898   -73.307   -0.0   -0.1   -0.2
   -13.880   -73.307   -0.0   -0.1   -0.2
   -13.862   -73.307   -0.0   -0.1   -0.2
   -13.844   -73.307   -0.0   -0.1   -0.2
   -13.826   -73.307   -0.0   -0.1   -0.2
   -13.808   -73.307   -0.0   -0.1   -0.2
   -13.790   -73.307   -0.0   -0.1   -0.2
   -13.772   -73.307   -0.0   -0.1   -0.1
   -13.754   -73.307   -0.0   -0.1   -0.1
   -13.736   -73.307   -0.0   -0.1   -0.1
   -13.718   -73.307   -0.0   -0.1   -0.1
   -13.700   -73.307   -0.0   -0.1   -0.1
   -13.682   -73.307   -0.0   -0.1   -0.1
   -13.664   -73.307   -0.0   -0.1   -0.1
   -13.647   -73.307   -0.0   -0.1   -0.1
   -13.629   -73.307   -0.0   -0.1   -0.1
   -13.611   -73.307   -0.0   -0.1   -0.1
   -15.406   -73.289    0.0    0.0    0.0
   -15.388   -73.289    0.0    0.0    0.0
   -15.370   -73.289    0.0    0.0   -0.0
   -15.352   -73.289    0.0    0.0   -0.0
   -15.334   -73.289    0.0    0.0   -0.0
   -15.316   -73.289    0.0    0.0   -0.0
   -15.298   -73.289    0.0    0.0   -0.0
   -15.280   -73.289    0.0    0.0   -0.0
   -15.262   -73.289    0.0    0.0   -0.0
   -15.244   -73.289    0.0    0.0   -0.0
   -15.226   -73.289    0.0    0.0   -0.0
   -15.208   -73.289    0.0    0.0   -0.0
   -15.190   -73.289    0.0    0.0   -0.0
   -15.172   -73.289   -0.0    0.0   -0.0
   -15.154   -73.289   -0.0    0.0   -0.0
   -15.136   -73.289   -0.0    0.0   -0.0
   -15.119   -73.289   -0.0    0.0   -0.0
   -15.101   -73.289   -0.0    0.0   -0.1
   -15.083   -73.289   -0.0    0.0   -0.1
   -15.065   -73.289   -0.0    0.0   -0.1
   -15.047   -73.289   -0.0    0.0   -0.1
   -15.029   -73.289   -0.0    0.0   -0.1
   -15.011   -73.289   -0.0    0.0   -0.1
   -14.993   -73.289   -0.0    0.1   -0.1
   -14.975   -73.289   -0.0    0.1   -0.1
   -14.957   -73.289   -0.0    0.1   -0.1
   -14.939   -73.289   -0.0    0.1   -0.1
   -14.921   -73.289   -0.0    0.1   -0.1
   -14.903   -73.289   -0.0    0.1   -0.1
   -14.885   -73.289   -0.0    0.1   -0.2
   -14.867   -73.289   -0.0    0.1   -0.2
   -14.849   -73.289   -0.0    0.1   -0.2
   -14.831   -73.289   -0.1    0.1   -0.2
   -14.813   -73.289   -0.1    0.1   -0.2
   -14.795   -73.289   -0.1    0.1   -0.2
   -14.777   -73.289   -0.1    0.1   -0.2
   -14.760   -73.289   -0.1    0.0   -0.2
   -14.742   -73.289   -0.1    0.0   -0.3
   -14.724   -73.289   -0.1    0.0   -0.3
   -14.706   -73.289   -0.1    0.0   -0.3
   -14.688   -73.289   -0.1    0.0   -0.3
   -14.670   -73.289   -0.1    0.0   -0.3
   -14.652   -73.289   -0.1    0.0   -0.3
   -14.634   -73.289   -0.1    0.0   -0.3
   -14.616   -73.289   -0.1    0.0   -0.3
   -14.598   -73.289   -0.1    0.0   -0.3
   -14.580   -73.289   -0.1   -0.0   -0.3
   -14.562   -73.289   -0.1   -0.0   -0.3
   -14.544   -73.289   -0.1   -0.0   -0.4
   -14.526   -73.289   -0.1   -0.0   -0.4
   -14.508   -73.289   -0.1   -0.0   -0.4
   -14.490   -73.289   -0.1   -0.0   -0.4
   -14.472   -73.289   -0.1   -0.0   -0.4
   -14.454   -73.289   -0.1   -0.1   -0.4
   -14.436   -73.289   -0.1   -0.1   -0.4
   -14.418   -73.289   -0.1   -0.1   -0.4
   -14.400   -73.289   -0.1   -0.1   -0.4
   -14.383   -73.289   -0.1   -0.1   -0.4
   -14.365   -73.289   -0.1   -0.1   -0.4
   -14.347   -73.289   -0.1   -0.1   -0.4
   -14.329   -73.289   -0.1   -0.1   -0.4
   -14.311   -73.289   -0.1   -0.1   -0.4
   -14.293   -73.289   -0.1   -0.1   -0.4
   -14.275   -73.289   -0.1   -0.1   -0.3
   -14.257   -73.289   -0.1   -0.1   -0.3
   -14.239   -73.289   -0.1   -0.1   -0.3
   -14.221   -73.289   -0.1   -0.1   -0.3
   -14.203   -73.289   -0.1   -0.1   -0.3
   -14.185   -73.289   -0.1   -0.1   -0.3
   -14.167   -73.289   -0.1   -0.1   -0.3
   -14.149   -73.289   -0.1   -0.1   -0.3
   -14.131   -73.289   -0.1   -0.1   -0.3
   -14.113   -73.289   -0.1   -0.1   -0.3
   -14.095   -73.289   -0.1   -0.1   -0.3
   -14.077   -73.289   -0.1   -0.1   -0.3
   -14.059   -73.289   -0.1   -0.1   -0.3
   -14.041   -73.289   -0.1   -0.1   -0.3
   -14.024   -73.289   -0.1   -0.1   -0.2
   -14.006   -73.289   -0.1   -0.1   -0.2
   -13.988   -73.289   -0.1   -0.1   -0.2
   -13.970   -73.289   -0.1   -0.1   -0.2
   -13.952   -73.289   -0.1   -0.1   -0.2
   -13.934   -73.289   -0.1   -0.1   -0.2
   -13.916   -73.289   -0.1   -0.1   -0.2
   -13.898   -73.289   -0.1   -0.1   -0.2
   -13.880   -73.289   -0.1   -0.1   -0.2
   -13.862   -73.289   -0.0   -0.1   -0.2
   -13.844   -73.289   -0.0   -0.1   -0.2
   -13.826   -73.289   -0.0   -0.1   -0.2
   -13.808   -73.289   -0.0   -0.1   -0.2
   -13.790   -73.289   -0.0   -0.1   -0.1
   -13.772   -73.289   -0.0   -0.1   -0.1
   -13.754   -73.289   -0.0   -0.1   -0.1
   -13.736   -73.289   -0.0   -0.1   -0.1
   -13.718   -73.289   -0.0   -0.1   -0.1
   -13.700   -73.289   -0.0   -0.1   -0.1
   -13.682   -73.289   -0.0   -0.1   -0.1
   -13.664   -73.289   -0.0   -0.1   -0.1
   -13.647   -73.289   -0.0   -0.1   -0.1
   -13.629   -73.289   -0.0   -0.1   -0.1
   -13.611   -73.289   -0.0   -0.1   -0.1
   -15.406   -73.270    0.0   -0.0    0.0
   -15.388   -73.270    0.0    0.0    0.0
   -15.370   -73.270    0.0    0.0    0.0
   -15.352   -73.270    0.0    0.0    0.0
   -15.334   -73.270    0.0    0.0   -0.0
   -15.316   -73.270    0.0    0.0   -0.0
   -15.298   -73.270    0.0    0.0   -0.0
   -15.280   -73.270    0.0    0.0   -0.0
   -15.262   -73.270    0.0    0.0   -0.0
   -15.244   -73.270    0.0    0.0   -0.0
   -15.226   -73.270    0.0    0.0   -0.0
   -15.208   -73.270    0.0    0.0   -0.0
   -15.190   -73.270    0.0    0.0   -0.0
   -15.172   -73.270    0.0    0.0   -0.0
   -15.154   -73.270   -0.0    0.0   -0.0
   -15.136   -73.270   -0.0    0.0   -0.0
   -15.119   -73.270   -0.0    0.0   -0.0
   -15.101   -73.270   -0.0    0.0   -0.0
   -15.083   -73.270   -0.0    0.0   -0.1
   -15.065   -73.270   -0.0    0.0   -0.1
   -15.047   -73.270   -0.0    0.0   -0.1
   -15.029   -73.270   -0.0    0.0   -0.1
   -15.011   -73.270   -0.0    0.0   -0.1
   -14.993   -73.270   -0.0    0.0   -0.1
   -14.975   -73.270   -0.0    0.0   -0.1
   -14.957   -73.270   -0.0    0.1   -0.1
   -14.939   -73.270   -0.0    0.1   -0.1
   -14.921   -73.270   -0.0    0.1   -0.1
   -14.903   -73.270   -0.0    0.1   -0.1
   -14.885   -73.270   -0.0    0.1   -0.1
   -14.867   -73.270   -0.0    0.1   -0.2
   -14.849   -73.270   -0.0    0.1   -0.2
   -14.831   -73.270   -0.1    0.1   -0.2
   -14.813   -73.270   -0.1    0.1   -0.2
   -14.795   -73.270   -0.1    0.1   -0.2
   -14.777   -73.270   -0.1    0.0   -0.2
   -14.760   -73.270   -0.1    0.0   -0.2
   -14.742   -73.270   -0.1    0.0   -0.2
   -14.724   -73.270   -0.1    0.0   -0.2
   -14.706   -73.270   -0.1    0.0   -0.3
   -14.688   -73.270   -0.1    0.0   -0.3
   -14.670   -73.270   -0.1    0.0   -0.3
   -14.652   -73.270   -0.1    0.0   -0.3
   -14.634   -73.270   -0.1    0.0   -0.3
   -14.616   -73.270   -0.1    0.0   -0.3
   -14.598   -73.270   -0.1    0.0   -0.3
   -14.580   -73.270   -0.1   -0.0   -0.3
   -14.562   -73.270   -0.1   -0.0   -0.3
   -14.544   -73.270   -0.1   -0.0   -0.3
   -14.526   -73.270   -0.1   -0.0   -0.3
   -14.508   -73.270   -0.1   -0.0   -0.3
   -14.490   -73.270   -0.1   -0.0   -0.3
   -14.472   -73.270   -0.1   -0.0   -0.4
   -14.454   -73.270   -0.1   -0.1   -0.4
   -14.436   -73.270   -0.1   -0.1   -0.4
   -14.418   -73.270   -0.1   -0.1   -0.4
   -14.400   -73.270   -0.1   -0.1   -0.4
   -14.383   -73.270   -0.1   -0.1   -0.4
   -14.365   -73.270   -0.1   -0.1   -0.4
   -14.347   -73.270   -0.1   -0.1   -0.3
   -14.329   -73.270   -0.1   -0.1   -0.3
   -14.311   -73.270   -0.1   -0.1   -0.3
   -14.293   -73.270   -0.1   -0.1   -0.3
   -14.275   -73.270   -0.1   -0.1   -0.3
   -14.257   -73.270   -0.1   -0.1   -0.3
   -14.239   -73.270   -0.1   -0.1   -0.3
   -14.221   -73.270   -0.1   -0.1   -0.3
   -14.203   -73.270   -0.1   -0.1   -0.3
   -14.185   -73.270   -0.1   -0.1   -0.3
   -14.167   -73.270   -0.1   -0.1   -0.3
   -14.149   -73.270   -0.1   -0.1   -0.3
   -14.131   -73.270   -0.1   -0.1   -0.3
   -14.113   -73.270   -0.1   -0.1   -0.3
   -14.095   -73.270   -0.1   -0.1   -0.3
   -14.077   -73.270   -0.1   -0.1   -0.3
   -14.059   -73.270   -0.1   -0.1   -0.3
   -14.041   -73.270   -0.1   -0.1   -0.2
   -14.024   -73.270   -0.1   -0.1   -0.2
   -14.006   -73.270   -0.1   -0.1   -0.2
   -13.988   -73.270   -0.1   -0.1   -0.2
   -13.970   -73.270   -0.1   -0.1   -0.2
   -13.952   -73.270   -0.1   -0.1   -0.2
   -13.934   -73.270   -0.1   -0.1   -0.2
   -13.916   -73.270   -0.1   -0.1   -0.2
   -13.898   -73.270   -0.1   -0.1   -0.2
   -13.880   -73.270   -0.1   -0.1   -0.2
   -13.862   -73.270   -0.1   -0.1   -0.2
   -13.844   -73.270   -0.0   -0.1   -0.2
   -13.826   -73.270   -0.0   -0.1   -0.2
   -13.808   -73.270   -0.0   -0.1   -0.2
   -13.790   -73.270   -0.0   -0.1   -0.1
   -13.772   -73.270   -0.0   -0.1   -0.1
   -13.754   -73.270   -0.0   -0.1   -0.1
   -13.736   -73.270   -0.0   -0.1   -0.1
   -13.718   -73.270   -0.0   -0.1   -0.1
   -13.700   -73.270   -0.0   -0.1   -0.1
   -13.682   -73.270   -0.0   -0.1   -0.1
   -13.664   -73.270   -0.0   -0.1   -0.1
   -13.647   -73.270   -0.0   -0.1   -0.1
   -13.629   -73.270   -0.0   -0.1   -0.1
   -13.611   -73.270   -0.0   -0.1   -0.1
   -15.406   -73.251    0.0   -0.0    0.0
   -15.388   -73.251    0.0   -0.0    0.0
   -15.370   -73.251    0.0    0.0    0.0
   -15.352   -73.251    0.0    0.0    0.0
   -15.334   -73.251    0.0    0.0    0.0
   -15.316   -73.251    0.0    0.0   -0.0
   -15.298   -73.251    0.0    0.0   -0.0
   -15.280   -73.251    0.0    0.0   -0.0
   -15.262   -73.251    0.0    0.0   -0.0
   -15.244   -73.251    0.0    0.0   -0.0
   -15.226   -73.251    0.0    0.0   -0.0
   -15.208   -73.251    0.0    0.0   -0.0
   -15.190   -73.251    0.0    0.0   -0.0
   -15.172   -73.251    0.0    0.0   -0.0
   -15.154   -73.251   -0.0    0.0   -0.0
   -15.136   -73.251   -0.0    0.0   -0.0
   -15.119   -73.251   -0.0    0.0   -0.0
   -15.101   -73.251   -0.0    0.0   -0.0
   -15.083   -73.251   -0.0    0.0   -0.0
   -15.065   -73.251   -0.0    0.0   -0.1
   -15.047   -73.251   -0.0    0.0   -0.1
   -15.029   -73.251   -0.0    0.0   -0.1
   -15.011   -73.251   -0.0    0.0   -0.1
   -14.993   -73.251   -0.0    0.0   -0.1
   -14.975   -73.251   -0.0    0.0   -0.1
   -14.957   -73.251   -0.0    0.0   -0.1
   -14.939   -73.251   -0.0    0.0   -0.1
   -14.921   -73.251   -0.0    0.0   -0.1
   -14.903   -73.251   -0.0    0.1   -0.1
   -14.885   -73.251   -0.0    0.1   -0.1
   -14.867   -73.251   -0.0    0.1   -0.1
   -14.849   -73.251   -0.0    0.1   -0.2
   -14.831   -73.251   -0.1    0.1   -0.2
   -14.813   -73.251   -0.1    0.0   -0.2
   -14.795   -73.251   -0.1    0.0   -0.2
   -14.777   -73.251   -0.1    0.0   -0.2
   -14.760   -73.251   -0.1    0.0   -0.2
   -14.742   -73.251   -0.1    0.0   -0.2
   -14.724   -73.251   -0.1    0.0   -0.2
   -14.706   -73.251   -0.1    0.0   -0.2
   -14.688   -73.251   -0.1    0.0   -0.3
   -14.670   -73.251   -0.1    0.0   -0.3
   -14.652   -73.251   -0.1    0.0   -0.3
   -14.634   -73.251   -0.1    0.0   -0.3
   -14.616   -73.251   -0.1    0.0   -0.3
   -14.598   -73.251   -0.1    0.0   -0.3
   -14.580   -73.251   -0.1   -0.0   -0.3
   -14.562   -73.251   -0.1   -0.0   -0.3
   -14.544   -73.251   -0.1   -0.0   -0.3
   -14.526   -73.251   -0.1   -0.0   -0.3
   -14.508   -73.251   -0.1   -0.0   -0.3
   -14.490   -73.251   -0.1   -0.0   -0.3
   -14.472   -73.251   -0.1   -0.0   -0.3
   -14.454   -73.251   -0.1   -0.0   -0.3
   -14.436   -73.251   -0.1   -0.1   -0.3
   -14.418   -73.251   -0.1   -0.1   -0.3
   -14.400   -73.251   -0.1   -0.1   -0.3
   -14.383   -73.251   -0.1   -0.1   -0.3
   -14.365   -73.251   -0.1   -0.1   -0.3
   -14.347   -73.251   -0.1   -0.1   -0.3
   -14.329   -73.251   -0.1   -0.1   -0.3
   -14.311   -73.251   -0.1   -0.1   -0.3
   -14.293   -73.251   -0.1   -0.1   -0.3
   -14.275   -73.251   -0.1   -0.1   -0.3
   -14.257   -73.251   -0.1   -0.1   -0.3
   -14.239   -73.251   -0.1   -0.1   -0.3
   -14.221   -73.251   -0.1   -0.1   -0.3
   -14.203   -73.251   -0.1   -0.1   -0.3
   -14.185   -73.251   -0.1   -0.1   -0.3
   -14.167   -73.251   -0.1   -0.1   -0.3
   -14.149   -73.251   -0.1   -0.1   -0.3
   -14.131   -73.251   -0.1   -0.1   -0.3
   -14.113   -73.251   -0.1   -0.1   -0.3
   -14.095   -73.251   -0.1   -0.1   -0.3
   -14.077   -73.251   -0.1   -0.1   -0.3
   -14.059   -73.251   -0.1   -0.1   -0.2
   -14.041   -73.251   -0.1   -0.1   -0.2
   -14.024   -73.251   -0.1   -0.1   -0.2
   -14.006   -73.251   -0.1   -0.1   -0.2
   -13.988   -73.251   -0.1   -0.1   -0.2
   -13.970   -73.251   -0.1   -0.1   -0.2
   -13.952   -73.251   -0.1   -0.1   -0.2
   -13.934   -73.251   -0.1   -0.1   -0.2
   -13.916   -73.251   -0.1   -0.1   -0.2
   -13.898   -73.251   -0.1   -0.1   -0.2
   -13.880   -73.251   -0.1   -0.1   -0.2
   -13.862   -73.251   -0.1   -0.1   -0.2
   -13.844   -73.251   -0.1   -0.1   -0.2
   -13.826   -73.251   -0.1   -0.1   -0.2
   -13.808   -73.251   -0.0   -0.1   -0.1
   -13.790   -73.251   -0.0   -0.1   -0.1
   -13.772   -73.251   -0.0   -0.1   -0.1
   -13.754   -73.251   -0.0   -0.1   -0.1
   -13.736   -73.251   -0.0   -0.1   -0.1
   -13.718   -73.251   -0.0   -0.1   -0.1
   -13.700   -73.251   -0.0   -0.1   -0.1
   -13.682   -73.251   -0.0   -0.1   -0.1
   -13.664   -73.251   -0.0   -0.1   -0.1
   -13.647   -73.251   -0.0   -0.1   -0.1
   -13.629   -73.251   -0.0   -0.1   -0.1
   -13.611   -73.251   -0.0   -0.1   -0.1
   -15.406   -73.233    0.0   -0.0    0.0
   -15.388   -73.233    0.0   -0.0    0.0
   -15.370   -73.233    0.0   -0.0    0.0
   -15.352   -73.233    0.0   -0.0    0.0
   -15.334   -73.233    0.0    0.0    0.0
   -15.316   -73.233    0.0    0.0    0.0
   -15.298   -73.233    0.0    0.0   -0.0
   -15.280   -73.233    0.0    0.0   -0.0
   -15.262   -73.233    0.0    0.0   -0.0
   -15.244   -73.233    0.0    0.0   -0.0
   -15.226   -73.233    0.0    0.0   -0.0
   -15.208   -73.233    0.0    0.0   -0.0
   -15.190   -73.233    0.0    0.0   -0.0
   -15.172   -73.233    0.0    0.0   -0.0
   -15.154   -73.233    0.0    0.0   -0.0
   -15.136   -73.233   -0.0    0.0   -0.0
   -15.119   -73.233   -0.0    0.0   -0.0
   -15.101   -73.233   -0.0    0.0   -0.0
   -15.083   -73.233   -0.0    0.0   -0.0
   -15.065   -73.233   -0.0    0.0   -0.0
   -15.047   -73.233   -0.0    0.0   -0.1
   -15.029   -73.233   -0.0    0.0   -0.1
   -15.011   -73.233   -0.0    0.0   -0.1
   -14.993   -73.233   -0.0    0.0   -0.1
   -14.975   -73.233   -0.0    0.0   -0.1
   -14.957   -73.233   -0.0    0.0   -0.1
   -14.939   -73.233   -0.0    0.0   -0.1
   -14.921   -73.233   -0.0    0.0   -0.1
   -14.903   -73.233   -0.0    0.0   -0.1
   -14.885   -73.233   -0.0    0.0   -0.1
   -14.867   -73.233   -0.0    0.0   -0.1
   -14.849   -73.233   -0.0    0.0   -0.1
   -14.831   -73.233   -0.0    0.0   -0.2
   -14.813   -73.233   -0.1    0.0   -0.2
   -14.795   -73.233   -0.1    0.0   -0.2
   -14.777   -73.233   -0.1    0.0   -0.2
   -14.760   -73.233   -0.1    0.0   -0.2
   -14.742   -73.233   -0.1    0.0   -0.2
   -14.724   -73.233   -0.1    0.0   -0.2
   -14.706   -73.233   -0.1    0.0   -0.2
   -14.688   -73.233   -0.1    0.0   -0.2
   -14.670   -73.233   -0.1    0.0   -0.2
   -14.652   -73.233   -0.1    0.0   -0.3
   -14.634   -73.233   -0.1    0.0   -0.3
   -14.616   -73.233   -0.1    0.0   -0.3
   -14.598   -73.233   -0.1    0.0   -0.3
   -14.580   -73.233   -0.1   -0.0   -0.3
   -14.562   -73.233   -0.1   -0.0   -0.3
   -14.544   -73.233   -0.1   -0.0   -0.3
   -14.526   -73.233   -0.1   -0.0   -0.3
   -14.508   -73.233   -0.1   -0.0   -0.3
   -14.490   -73.233   -0.1   -0.0   -0.3
   -14.472   -73.233   -0.1   -0.0   -0.3
   -14.454   -73.233   -0.1   -0.0   -0.3
   -14.436   -73.233   -0.1   -0.1   -0.3
   -14.418   -73.233   -0.1   -0.1   -0.3
   -14.400   -73.233   -0.1   -0.1   -0.3
   -14.383   -73.233   -0.1   -0.1   -0.3
   -14.365   -73.233   -0.1   -0.1   -0.3
   -14.347   -73.233   -0.1   -0.1   -0.3
   -14.329   -73.233   -0.1   -0.1   -0.3
   -14.311   -73.233   -0.1   -0.1   -0.3
   -14.293   -73.233   -0.1   -0.1   -0.3
   -14.275   -73.233   -0.1   -0.1   -0.3
   -14.257   -73.233   -0.1   -0.1   -0.3
   -14.239   -73.233   -0.1   -0.1   -0.3
   -14.221   -73.233   -0.1   -0.1   -0.3
   -14.203   -73.233   -0.1   -0.1   -0.3
   -14.185   -73.233   -0.1   -0.1   -0.3
   -14.167   -73.233   -0.1   -0.1   -0.3
   -14.149   -73.233   -0.1   -0.1   -0.3
   -14.131   -73.233   -0.1   -0.1   -0.3
   -14.113   -73.233   -0.1   -0.1   -0.3
   -14.095   -73.233   -0.1   -0.1   -0.3
   -14.077   -73.233   -0.1   -0.1   -0.2
   -14.059   -73.233   -0.1   -0.1   -0.2
   -14.041   -73.233   -0.1   -0.1   -0.2
   -14.024   -73.233   -0.1   -0.1   -0.2
   -14.006   -73.233   -0.1   -0.1   -0.2
   -13.988   -73.233   -0.1   -0.1   -0.2
   -13.970   -73.233   -0.1   -0.1   -0.2
   -13.952   -73.233   -0.1   -0.1   -0.2
   -13.934   -73.233   -0.1   -0.1   -0.2
   -13.916   -73.233   -0.1   -0.1   -0.2
   -13.898   -73.233   -0.1   -0.1   -0.2
   -13.880   -73.233   -0.1   -0.1   -0.2
   -13.862   -73.233   -0.1   -0.1   -0.2
   -13.844   -73.233   -0.1   -0.1   -0.2
   -13.826   -73.233   -0.1   -0.1   -0.2
   -13.808   -73.233   -0.1   -0.1   -0.1
   -13.790   -73.233   -0.0   -0.1   -0.1
   -13.772   -73.233   -0.0   -0.1   -0.1
   -13.754   -73.233   -0.0   -0.1   -0.1
   -13.736   -73.233   -0.0   -0.1   -0.1
   -13.718   -73.233   -0.0   -0.1   -0.1
   -13.700   -73.233   -0.0   -0.1   -0.1
   -13.682   -73.233   -0.0   -0.1   -0.1
   -13.664   -73.233   -0.0   -0.1   -0.1
   -13.647   -73.233   -0.0   -0.1   -0.1
   -13.629   -73.233   -0.0   -0.1   -0.1
   -13.611   -73.233   -0.0   -0.1   -0.1
   -15.406   -73.214    0.0   -0.0    0.0
   -15.388   -73.214    0.0   -0.0    0.0
   -15.370   -73.214    0.0   -0.0    0.0
   -15.352   -73.214    0.0   -0.0    0.0
   -15.334   -73.214    0.0   -0.0    0.0
   -15.316   -73.214    0.0   -0.0    0.0
   -15.298   -73.214    0.0    0.0    0.0
   -15.280   -73.214    0.0    0.0    0.0
   -15.262   -73.214    0.0    0.0   -0.0
   -15.244   -73.214    0.0    0.0   -0.0
   -15.226   -73.214    0.0    0.0   -0.0
   -15.208   -73.214    0.0    0.0   -0.0
   -15.190   -73.214    0.0    0.0   -0.0
   -15.172   -73.214    0.0    0.0   -0.0
   -15.154   -73.214    0.0    0.0   -0.0
   -15.136   -73.214    0.0    0.0   -0.0
   -15.119   -73.214   -0.0    0.0   -0.0
   -15.101   -73.214   -0.0    0.0   -0.0
   -15.083   -73.214   -0.0    0.0   -0.0
   -15.065   -73.214   -0.0    0.0   -0.0
   -15.047   -73.214   -0.0    0.0   -0.0
   -15.029   -73.214   -0.0    0.0   -0.1
   -15.011   -73.214   -0.0    0.0   -0.1
   -14.993   -73.214   -0.0    0.0   -0.1
   -14.975   -73.214   -0.0    0.0   -0.1
   -14.957   -73.214   -0.0    0.0   -0.1
   -14.939   -73.214   -0.0    0.0   -0.1
   -14.921   -73.214   -0.0    0.0   -0.1
   -14.903   -73.214   -0.0    0.0   -0.1
   -14.885   -73.214   -0.0    0.0   -0.1
   -14.867   -73.214   -0.0    0.0   -0.1
   -14.849   -73.214   -0.0    0.0   -0.1
   -14.831   -73.214   -0.0    0.0   -0.1
   -14.813   -73.214   -0.1    0.0   -0.2
   -14.795   -73.214   -0.1    0.0   -0.2
   -14.777   -73.214   -0.1    0.0   -0.2
   -14.760   -73.214   -0.1    0.0   -0.2
   -14.742   -73.214   -0.1    0.0   -0.2
   -14.724   -73.214   -0.1    0.0   -0.2
   -14.706   -73.214   -0.1    0.0   -0.2
   -14.688   -73.214   -0.1    0.0   -0.2
   -14.670   -73.214   -0.1    0.0   -0.2
   -14.652   -73.214   -0.1    0.0   -0.2
   -14.634   -73.214   -0.1    0.0   -0.3
   -14.616   -73.214   -0.1    0.0   -0.3
   -14.598   -73.214   -0.1    0.0   -0.3
   -14.580   -73.214   -0.1   -0.0   -0.3
   -14.562   -73.214   -0.1   -0.0   -0.3
   -14.544   -73.214   -0.1   -0.0   -0.3
   -14.526   -73.214   -0.1   -0.0   -0.3
   -14.508   -73.214   -0.1   -0.0   -0.3
   -14.490   -73.214   -0.1   -0.0   -0.3
   -14.472   -73.214   -0.1   -0.0   -0.3
   -14.454   -73.214   -0.1   -0.0   -0.3
   -14.436   -73.214   -0.1   -0.1   -0.3
   -14.418   -73.214   -0.1   -0.1   -0.3
   -14.400   -73.214   -0.1   -0.1   -0.3
   -14.383   -73.214   -0.1   -0.1   -0.3
   -14.365   -73.214   -0.1   -0.1   -0.3
   -14.347   -73.214   -0.1   -0.1   -0.3
   -14.329   -73.214   -0.1   -0.1   -0.3
   -14.311   -73.214   -0.1   -0.1   -0.3
   -14.293   -73.214   -0.1   -0.1   -0.3
   -14.275   -73.214   -0.1   -0.1   -0.3
   -14.257   -73.214   -0.1   -0.1   -0.3
   -14.239   -73.214   -0.1   -0.1   -0.3
   -14.221   -73.214   -0.1   -0.1   -0.3
   -14.203   -73.214   -0.1   -0.1   -0.3
   -14.185   -73.214   -0.1   -0.1   -0.3
   -14.167   -73.214   -0.1   -0.1   -0.3
   -14.149   -73.214   -0.1   -0.1   -0.3
   -14.131   -73.214   -0.1   -0.1   -0.3
   -14.113   -73.214   -0.1   -0.1   -0.3
   -14.095   -73.214   -0.1   -0.1   -0.2
   -14.077   -73.214   -0.1   -0.1   -0.2
   -14.059   -73.214   -0.1   -0.1   -0.2
   -14.041   -73.214   -0.1   -0.1   -0.2
   -14.024   -73.214   -0.1   -0.1   -0.2
   -14.006   -73.214   -0.1   -0.1   -0.2
   -13.988   -73.214   -0.1   -0.1   -0.2
   -13.970   -73.214   -0.1   -0.1   -0.2
   -13.952   -73.214   -0.1   -0.1   -0.2
   -13.934   -73.214   -0.1   -0.1   -0.2
   -13.916   -73.214   -0.1   -0.1   -0.2
   -13.898   -73.214   -0.1   -0.1   -0.2
   -13.880   -73.214   -0.1   -0.1   -0.2
   -13.862   -73.214   -0.1   -0.1   -0.2
   -13.844   -73.214   -0.1   -0.1   -0.2
   -13.826   -73.214   -0.1   -0.1   -0.1
   -13.808   -73.214   -0.1   -0.1   -0.1
   -13.790   -73.214   -0.1   -0.1   -0.1
   -13.772   -73.214   -0.0   -0.1   -0.1
   -13.754   -73.214   -0.0   -0.1   -0.1
   -13.736   -73.214   -0.0   -0.1   -0.1
   -13.718   -73.214   -0.0   -0.1   -0.1
   -13.700   -73.214   -0.0   -0.1   -0.1
   -13.682   -73.214   -0.0   -0.1   -0.1
   -13.664   -73.214   -0.0   -0.1   -0.1
   -13.647   -73.214   -0.0   -0.1   -0.1
   -13.629   -73.214   -0.0   -0.1   -0.1
   -13.611   -73.214   -0.0   -0.1   -0.1
   -15.406   -73.196    0.0   -0.0    0.0
   -15.388   -73.196    0.0   -0.0    0.0
   -15.370   -73.196    0.0   -0.0    0.0
   -15.352   -73.196    0.0   -0.0    0.0
   -15.334   -73.196    0.0   -0.0    0.0
   -15.316   -73.196    0.0   -0.0    0.0
   -15.298   -73.196    0.0   -0.0    0.0
   -15.280   -73.196    0.0   -0.0    0.0
   -15.262   -73.196    0.0    0.0    0.0
   -15.244   -73.196    0.0    0.0   -0.0
   -15.226   -73.196    0.0    0.0   -0.0
   -15.208   -73.196    0.0    0.0   -0.0
   -15.190   -73.196    0.0    0.0   -0.0
   -15.172   -73.196    0.0    0.0   -0.0
   -15.154   -73.196    0.0    0.0   -0.0
   -15.136   -73.196    0.0    0.0   -0.0
   -15.119   -73.196    0.0    0.0   -0.0
   -15.101   -73.196   -0.0    0.0   -0.0
   -15.083   -73.196   -0.0    0.0   -0.0
   -15.065   -73.196   -0.0    0.0   -0.0
   -15.047   -73.196   -0.0    0.0   -0.0
   -15.029   -73.196   -0.0    0.0   -0.0
   -15.011   -73.196   -0.0    0.0   -0.1
   -14.993   -73.196   -0.0    0.0   -0.1
   -14.975   -73.196   -0.0    0.0   -0.1
   -14.957   -73.196   -0.0    0.0   -0.1
   -14.939   -73.196   -0.0    0.0   -0.1
   -14.921   -73.196   -0.0    0.0   -0.1
   -14.903   -73.196   -0.0    0.0   -0.1
   -14.885   -73.196   -0.0    0.0   -0.1
   -14.867   -73.196   -0.0    0.0   -0.1
   -14.849   -73.196   -0.0    0.0   -0.1
   -14.831   -73.196   -0.0    0.0   -0.1
   -14.813   -73.196   -0.0    0.0   -0.1
   -14.795   -73.196   -0.1    0.0   -0.2
   -14.777   -73.196   -0.1    0.0   -0.2
   -14.760   -73.196   -0.1    0.0   -0.2
   -14.742   -73.196   -0.1    0.0   -0.2
   -14.724   -73.196   -0.1    0.0   -0.2
   -14.706   -73.196   -0.1    0.0   -0.2
   -14.688   -73.196   -0.1    0.0   -0.2
   -14.670   -73.196   -0.1    0.0   -0.2
   -14.652   -73.196   -0.1    0.0   -0.2
   -14.634   -73.196   -0.1    0.0   -0.2
   -14.616   -73.196   -0.1    0.0   -0.2
   -14.598   -73.196   -0.1    0.0   -0.3
   -14.580   -73.196   -0.1   -0.0   -0.3
   -14.562   -73.196   -0.1   -0.0   -0.3
   -14.544   -73.196   -0.1   -0.0   -0.3
   -14.526   -73.196   -0.1   -0.0   -0.3
   -14.508   -73.196   -0.1   -0.0   -0.3
   -14.490   -73.196   -0.1   -0.0   -0.3
   -14.472   -73.196   -0.1   -0.0   -0.3
   -14.454   -73.196   -0.1   -0.0   -0.3
   -14.436   -73.196   -0.1   -0.0   -0.3
   -14.418   -73.196   -0.1   -0.1   -0.3
   -14.400   -73.196   -0.1   -0.1   -0.3
   -14.383   -73.196   -0.1   -0.1   -0.3
   -14.365   -73.196   -0.1   -0.1   -0.3
   -14.347   -73.196   -0.1   -0.1   -0.3
   -14.329   -73.196   -0.1   -0.1   -0.3
   -14.311   -73.196   -0.1   -0.1   -0.3
   -14.293   -73.196   -0.1   -0.1   -0.3
   -14.275   -73.196   -0.1   -0.1   -0.3
   -14.257   -73.196   -0.1   -0.1   -0.3
   -14.239   -73.196   -0.1   -0.1   -0.3
   -14.221   -73.196   -0.1   -0.1   -0.3
   -14.203   -73.196   -0.1   -0.1   -0.3
   -14.185   -73.196   -0.1   -0.1   -0.3
   -14.167   -73.196   -0.1   -0.1   -0.3
   -14.149   -73.196   -0.1   -0.1   -0.3
   -14.131   -73.196   -0.1   -0.1   -0.2
   -14.113   -73.196   -0.1   -0.1   -0.2
   -14.095   -73.196   -0.1   -0.1   -0.2
   -14.077   -73.196   -0.1   -0.1   -0.2
   -14.059   -73.196   -0.1   -0.1   -0.2
   -14.041   -73.196   -0.1   -0.1   -0.2
   -14.024   -73.196   -0.1   -0.1   -0.2
   -14.006   -73.196   -0.1   -0.1   -0.2
   -13.988   -73.196   -0.1   -0.1   -0.2
   -13.970   -73.196   -0.1   -0.1   -0.2
   -13.952   -73.196   -0.1   -0.1   -0.2
   -13.934   -73.196   -0.1   -0.1   -0.2
   -13.916   -73.196   -0.1   -0.1   -0.2
   -13.898   -73.196   -0.1   -0.1   -0.2
   -13.880   -73.196   -0.1   -0.1   -0.2
   -13.862   -73.196   -0.1   -0.1   -0.2
   -13.844   -73.196   -0.1   -0.1   -0.2
   -13.826   -73.196   -0.1   -0.1   -0.1
   -13.808   -73.196   -0.1   -0.1   -0.1
   -13.790   -73.196   -0.1   -0.1   -0.1
   -13.772   -73.196   -0.1   -0.1   -0.1
   -13.754   -73.196   -0.0   -0.1   -0.1
   -13.736   -73.196   -0.0   -0.1   -0.1
   -13.718   -73.196   -0.0   -0.1   -0.1
   -13.700   -73.196   -0.0   -0.1   -0.1
   -13.682   -73.196   -0.0   -0.1   -0.1
   -13.664   -73.196   -0.0   -0.1   -0.1
   -13.647   -73.196   -0.0   -0.1   -0.1
   -13.629   -73.196   -0.0   -0.1   -0.1
   -13.611   -73.196   -0.0   -0.1   -0.1
   -15.406   -73.177    0.0   -0.0    0.0
   -15.388   -73.177    0.0   -0.0    0.0
   -15.370   -73.177    0.0   -0.0    0.0
   -15.352   -73.177    0.0   -0.0    0.0
   -15.334   -73.177    0.0   -0.0    0.0
   -15.316   -73.177    0.0   -0.0    0.0
   -15.298   -73.177    0.0   -0.0    0.0
   -15.280   -73.177    0.0   -0.0    0.0
   -15.262   -73.177    0.0   -0.0    0.0
   -15.244   -73.177    0.0   -0.0    0.0
   -15.226   -73.177    0.0    0.0    0.0
   -15.208   -73.177    0.0    0.0   -0.0
   -15.190   -73.177    0.0    0.0   -0.0
   -15.172   -73.177    0.0    0.0   -0.0
   -15.154   -73.177    0.0    0.0   -0.0
   -15.136   -73.177    0.0    0.0   -0.0
   -15.119   -73.177    0.0    0.0   -0.0
   -15.101   -73.177    0.0    0.0   -0.0
   -15.083   -73.177   -0.0    0.0   -0.0
   -15.065   -73.177   -0.0    0.0   -0.0
   -15.047   -73.177   -0.0    0.0   -0.0
   -15.029   -73.177   -0.0    0.0   -0.0
   -15.011   -73.177   -0.0    0.0   -0.0
   -14.993   -73.177   -0.0    0.0   -0.1
   -14.975   -73.177   -0.0    0.0   -0.1
   -14.957   -73.177   -0.0    0.0   -0.1
   -14.939   -73.177   -0.0    0.0   -0.1
   -14.921   -73.177   -0.0    0.0   -0.1
   -14.903   -73.177   -0.0    0.0   -0.1
   -14.885   -73.177   -0.0    0.0   -0.1
   -14.867   -73.177   -0.0    0.0   -0.1
   -14.849   -73.177   -0.0    0.0   -0.1
   -14.831   -73.177   -0.0    0.0   -0.1
   -14.813   -73.177   -0.0    0.0   -0.1
   -14.795   -73.177   -0.1    0.0   -0.1
   -14.777   -73.177   -0.1    0.0   -0.1
   -14.760   -73.177   -0.1    0.0   -0.2
   -14.742   -73.177   -0.1    0.0   -0.2
   -14.724   -73.177   -0.1    0.0   -0.2
   -14.706   -73.177   -0.1    0.0   -0.2
   -14.688   -73.177   -0.1    0.0   -0.2
   -14.670   -73.177   -0.1    0.0   -0.2
   -14.652   -73.177   -0.1    0.0   -0.2
   -14.634   -73.177   -0.1    0.0   -0.2
   -14.616   -73.177   -0.1    0.0   -0.2
   -14.598   -73.177   -0.1    0.0   -0.2
   -14.580   -73.177   -0.1   -0.0   -0.2
   -14.562   -73.177   -0.1   -0.0   -0.2
   -14.544   -73.177   -0.1   -0.0   -0.3
   -14.526   -73.177   -0.1   -0.0   -0.3
   -14.508   -73.177   -0.1   -0.0   -0.3
   -14.490   -73.177   -0.1   -0.0   -0.3
   -14.472   -73.177   -0.1   -0.0   -0.3
   -14.454   -73.177   -0.1   -0.0   -0.3
   -14.436   -73.177   -0.1   -0.0   -0.3
   -14.418   -73.177   -0.1   -0.1   -0.3
   -14.400   -73.177   -0.1   -0.1   -0.3
   -14.383   -73.177   -0.1   -0.1   -0.3
   -14.365   -73.177   -0.1   -0.1   -0.3
   -14.347   -73.177   -0.1   -0.1   -0.3
   -14.329   -73.177   -0.1   -0.1   -0.3
   -14.311   -73.177   -0.1   -0.1   -0.3
   -14.293   -73.177   -0.1   -0.1   -0.3
   -14.275   -73.177   -0.1   -0.1   -0.3
   -14.257   -73.177   -0.1   -0.1   -0.3
   -14.239   -73.177   -0.1   -0.1   -0.3
   -14.221   -73.177   -0.1   -0.1   -0.3
   -14.203   -73.177   -0.1   -0.1   -0.3
   -14.185   -73.177   -0.1   -0.1   -0.3
   -14.167   -73.177   -0.1   -0.1   -0.2
   -14.149   -73.177   -0.1   -0.1   -0.2
   -14.131   -73.177   -0.1   -0.1   -0.2
   -14.113   -73.177   -0.1   -0.1   -0.2
   -14.095   -73.177   -0.1   -0.1   -0.2
   -14.077   -73.177   -0.1   -0.1   -0.2
   -14.059   -73.177   -0.1   -0.1   -0.2
   -14.041   -73.177   -0.1   -0.1   -0.2
   -14.024   -73.177   -0.1   -0.1   -0.2
   -14.006   -73.177   -0.1   -0.1   -0.2
   -13.988   -73.177   -0.1   -0.1   -0.2
   -13.970   -73.177   -0.1   -0.1   -0.2
   -13.952   -73.177   -0.1   -0.1   -0.2
   -13.934   -73.177   -0.1   -0.1   -0.2
   -13.916   -73.177   -0.1   -0.1   -0.2
   -13.898   -73.177   -0.1   -0.1   -0.2
   -13.880   -73.177   -0.1   -0.1   -0.2
   -13.862   -73.177   -0.1   -0.1   -0.2
   -13.844   -73.177   -0.1   -0.1   -0.1
   -13.826   -73.177   -0.1   -0.1   -0.1
   -13.808   -73.177   -0.1   -0.1   -0.1
   -13.790   -73.177   -0.1   -0.1   -0.1
   -13.772   -73.177   -0.1   -0.1   -0.1
   -13.754   -73.177   -0.1   -0.1   -0.1
   -13.736   -73.177   -0.0   -0.1   -0.1
   -13.718   -73.177   -0.0   -0.1   -0.1
   -13.700   -73.177   -0.0   -0.1   -0.1
   -13.682   -73.177   -0.0   -0.1   -0.1
   -13.664   -73.177   -0.0   -0.1   -0.1
   -13.647   -73.177   -0.0   -0.1   -0.1
   -13.629   -73.177   -0.0   -0.1   -0.1
   -13.611   -73.177   -0.0   -0.1   -0.1
   -15.406   -73.159    0.0   -0.0    0.0
   -15.388   -73.159    0.0   -0.0    0.0
   -15.370   -73.159    0.0   -0.0    0.0
   -15.352   -73.159    0.0   -0.0    0.0
   -15.334   -73.159    0.0   -0.0    0.0
   -15.316   -73.159    0.0   -0.0    0.0
   -15.298   -73.159    0.0   -0.0    0.0
   -15.280   -73.159    0.0   -0.0    0.0
   -15.262   -73.159    0.0   -0.0    0.0
   -15.244   -73.159    0.0   -0.0    0.0
   -15.226   -73.159    0.0   -0.0    0.0
   -15.208   -73.159    0.0    0.0    0.0
   -15.190   -73.159    0.0    0.0   -0.0
   -15.172   -73.159    0.0    0.0   -0.0
   -15.154   -73.159    0.0    0.0   -0.0
   -15.136   -73.159    0.0    0.0   -0.0
   -15.119   -73.159    0.0    0.0   -0.0
   -15.101   -73.159    0.0    0.0   -0.0
   -15.083   -73.159    0.0    0.0   -0.0
   -15.065   -73.159   -0.0    0.0   -0.0
   -15.047   -73.159   -0.0    0.0   -0.0
   -15.029   -73.159   -0.0    0.0   -0.0
   -15.011   -73.159   -0.0    0.0   -0.0
   -14.993   -73.159   -0.0    0.0   -0.0
   -14.975   -73.159   -0.0    0.0   -0.1
   -14.957   -73.159   -0.0    0.0   -0.1
   -14.939   -73.159   -0.0    0.0   -0.1
   -14.921   -73.159   -0.0    0.0   -0.1
   -14.903   -73.159   -0.0    0.0   -0.1
   -14.885   -73.159   -0.0    0.0   -0.1
   -14.867   -73.159   -0.0    0.0   -0.1
   -14.849   -73.159   -0.0    0.0   -0.1
   -14.831   -73.159   -0.0    0.0   -0.1
   -14.813   -73.159   -0.0    0.0   -0.1
   -14.795   -73.159   -0.0    0.0   -0.1
   -14.777   -73.159   -0.1    0.0   -0.1
   -14.760   -73.159   -0.1    0.0   -0.1
   -14.742   -73.159   -0.1    0.0   -0.2
   -14.724   -73.159   -0.1    0.0   -0.2
   -14.706   -73.159   -0.1    0.0   -0.2
   -14.688   -73.159   -0.1    0.0   -0.2
   -14.670   -73.159   -0.1    0.0   -0.2
   -14.652   -73.159   -0.1    0.0   -0.2
   -14.634   -73.159   -0.1    0.0   -0.2
   -14.616   -73.159   -0.1    0.0   -0.2
   -14.598   -73.159   -0.1    0.0   -0.2
   -14.580   -73.159   -0.1   -0.0   -0.2
   -14.562   -73.159   -0.1   -0.0   -0.2
   -14.544   -73.159   -0.1   -0.0   -0.2
   -14.526   -73.159   -0.1   -0.0   -0.2
   -14.508   -73.159   -0.1   -0.0   -0.2
   -14.490   -73.159   -0.1   -0.0   -0.3
   -14.472   -73.159   -0.1   -0.0   -0.3
   -14.454   -73.159   -0.1   -0.0   -0.3
   -14.436   -73.159   -0.1   -0.0   -0.3
   -14.418   -73.159   -0.1   -0.0   -0.3
   -14.400   -73.159   -0.1   -0.1   -0.3
   -14.383   -73.159   -0.1   -0.1   -0.3
   -14.365   -73.159   -0.1   -0.1   -0.3
   -14.347   -73.159   -0.1   -0.1   -0.3
   -14.329   -73.159   -0.1   -0.1   -0.3
   -14.311   -73.159   -0.1   -0.1   -0.3
   -14.293   -73.159   -0.1   -0.1   -0.3
   -14.275   -73.159   -0.1   -0.1   -0.3
   -14.257   -73.159   -0.1   -0.1   -0.3
   -14.239   -73.159   -0.1   -0.1   -0.3
   -14.221   -73.159   -0.1   -0.1   -0.2
   -14.203   -73.159   -0.1   -0.1   -0.2
   -14.185   -73.159   -0.1   -0.1   -0.2
   -14.167   -73.159   -0.1   -0.1   -0.2
   -14.149   -73.159   -0.1   -0.1   -0.2
   -14.131   -73.159   -0.1   -0.1   -0.2
   -14.113   -73.159   -0.1   -0.1   -0.2
   -14.095   -73.159   -0.1   -0.1   -0.2
   -14.077   -73.159   -0.1   -0.1   -0.2
   -14.059   -73.159   -0.1   -0.1   -0.2
   -14.041   -73.159   -0.1   -0.1   -0.2
   -14.024   -73.159   -0.1   -0.1   -0.2
   -14.006   -73.159   -0.1   -0.1   -0.2
   -13.988   -73.159   -0.1   -0.1   -0.2
   -13.970   -73.159   -0.1   -0.1   -0.2
   -13.952   -73.159   -0.1   -0.1   -0.2
   -13.934   -73.159   -0.1   -0.1   -0.2
   -13.916   -73.159   -0.1   -0.1   -0.2
   -13.898   -73.159   -0.1   -0.1   -0.2
   -13.880   -73.159   -0.1   -0.1   -0.2
   -13.862   -73.159   -0.1   -0.1   -0.1
   -13.844   -73.159   -0.1   -0.1   -0.1
   -13.826   -73.159   -0.1   -0.1   -0.1
   -13.808   -73.159   -0.1   -0.1   -0.1
   -13.790   -73.159   -0.1   -0.1   -0.1
   -13.772   -73.159   -0.1   -0.1   -0.1
   -13.754   -73.159   -0.1   -0.1   -0.1
   -13.736   -73.159   -0.0   -0.1   -0.1
   -13.718   -73.159   -0.0   -0.1   -0.1
   -13.700   -73.159   -0.0   -0.1   -0.1
   -13.682   -73.159   -0.0   -0.1   -0.1
   -13.664   -73.159   -0.0   -0.1   -0.1
   -13.647   -73.159   -0.0   -0.1   -0.1
   -13.629   -73.159   -0.0   -0.1   -0.1
   -13.611   -73.159   -0.0   -0.1   -0.1
   -15.406   -73.140    0.0   -0.0    0.0
   -15.388   -73.140    0.0   -0.0    0.0
   -15.370   -73.140    0.0   -0.0    0.0
   -15.352   -73.140    0.0   -0.0    0.0
   -15.334   -73.140    0.0   -0.0    0.0
   -15.316   -73.140    0.0   -0.0    0.0
   -15.298   -73.140    0.0   -0.0    0.0
   -15.280   -73.140    0.0   -0.0    0.0
   -15.262   -73.140    0.0   -0.0    0.0
   -15.244   -73.140    0.0   -0.0    0.0
   -15.226   -73.140    0.0   -0.0    0.0
   -15.208   -73.140    0.0   -0.0    0.0
   -15.190   -73.140    0.0   -0.0    0.0
   -15.172   -73.140    0.0    0.0   -0.0
   -15.154   -73.140    0.0    0.0   -0.0
   -15.136   -73.140    0.0    0.0   -0.0
   -15.119   -73.140    0.0    0.0   -0.0
   -15.101   -73.140    0.0    0.0   -0.0
   -15.083   -73.140    0.0    0.0   -0.0
   -15.065   -73.140    0.0    0.0   -0.0
   -15.047   -73.140   -0.0    0.0   -0.0
   -15.029   -73.140   -0.0    0.0   -0.0
   -15.011   -73.140   -0.0    0.0   -0.0
   -14.993   -73.140   -0.0    0.0   -0.0
   -14.975   -73.140   -0.0    0.0   -0.0
   -14.957   -73.140   -0.0    0.0   -0.1
   -14.939   -73.140   -0.0    0.0   -0.1
   -14.921   -73.140   -0.0    0.0   -0.1
   -14.903   -73.140   -0.0    0.0   -0.1
   -14.885   -73.140   -0.0    0.0   -0.1
   -14.867   -73.140   -0.0    0.0   -0.1
   -14.849   -73.140   -0.0    0.0   -0.1
   -14.831   -73.140   -0.0    0.0   -0.1
   -14.813   -73.140   -0.0    0.0   -0.1
   -14.795   -73.140   -0.0    0.0   -0.1
   -14.777   -73.140   -0.0    0.0   -0.1
   -14.760   -73.140   -0.1    0.0   -0.1
   -14.742   -73.140   -0.1    0.0   -0.1
   -14.724   -73.140   -0.1    0.0   -0.1
   -14.706   -73.140   -0.1    0.0   -0.2
   -14.688   -73.140   -0.1    0.0   -0.2
   -14.670   -73.140   -0.1    0.0   -0.2
   -14.652   -73.140   -0.1    0.0   -0.2
   -14.634   -73.140   -0.1    0.0   -0.2
   -14.616   -73.140   -0.1    0.0   -0.2
   -14.598   -73.140   -0.1    0.0   -0.2
   -14.580   -73.140   -0.1   -0.0   -0.2
   -14.562   -73.140   -0.1   -0.0   -0.2
   -14.544   -73.140   -0.1   -0.0   -0.2
   -14.526   -73.140   -0.1   -0.0   -0.2
   -14.508   -73.140   -0.1   -0.0   -0.2
   -14.490   -73.140   -0.1   -0.0   -0.2
   -14.472   -73.140   -0.1   -0.0   -0.2
   -14.454   -73.140   -0.1   -0.0   -0.2
   -14.436   -73.140   -0.1   -0.0   -0.2
   -14.418   -73.140   -0.1   -0.0   -0.2
   -14.400   -73.140   -0.1   -0.1   -0.2
   -14.383   -73.140   -0.1   -0.1   -0.2
   -14.365   -73.140   -0.1   -0.1   -0.2
   -14.347   -73.140   -0.1   -0.1   -0.2
   -14.329   -73.140   -0.1   -0.1   -0.2
   -14.311   -73.140   -0.1   -0.1   -0.2
   -14.293   -73.140   -0.1   -0.1   -0.2
   -14.275   -73.140   -0.1   -0.1   -0.2
   -14.257   -73.140   -0.1   -0.1   -0.2
   -14.239   -73.140   -0.1   -0.1   -0.2
   -14.221   -73.140   -0.1   -0.1   -0.2
   -14.203   -73.140   -0.1   -0.1   -0.2
   -14.185   -73.140   -0.1   -0.1   -0.2
   -14.167   -73.140   -0.1   -0.1   -0.2
   -14.149   -73.140   -0.1   -0.1   -0.2
   -14.131   -73.140   -0.1   -0.1   -0.2
   -14.113   -73.140   -0.1   -0.1   -0.2
   -14.095   -73.140   -0.1   -0.1   -0.2
   -14.077   -73.140   -0.1   -0.1   -0.2
   -14.059   -73.140   -0.1   -0.1   -0.2
   -14.041   -73.140   -0.1   -0.1   -0.2
   -14.024   -73.140   -0.1   -0.1   -0.2
   -14.006   -73.140   -0.1   -0.1   -0.2
   -13.988   -73.140   -0.1   -0.1   -0.2
   -13.970   -73.140   -0.1   -0.1   -0.2
   -13.952   -73.140   -0.1   -0.1   -0.2
   -13.934   -73.140   -0.1   -0.1   -0.2
   -13.916   -73.140   -0.1   -0.1   -0.2
   -13.898   -73.140   -0.1   -0.1   -0.2
   -13.880   -73.140   -0.1   -0.1   -0.1
   -13.862   -73.140   -0.1   -0.1   -0.1
   -13.844   -73.140   -0.1   -0.1   -0.1
   -13.826   -73.140   -0.1   -0.1   -0.1
   -13.808   -73.140   -0.1   -0.1   -0.1
   -13.790   -73.140   -0.1   -0.1   -0.1
   -13.772   -73.140   -0.1   -0.1   -0.1
   -13.754   -73.140   -0.1   -0.1   -0.1
   -13.736   -73.140   -0.1   -0.1   -0.1
   -13.718   -73.140   -0.0   -0.1   -0.1
   -13.700   -73.140   -0.0   -0.1   -0.1
   -13.682   -73.140   -0.0   -0.1   -0.1
   -13.664   -73.140   -0.0   -0.1   -0.1
   -13.647   -73.140   -0.0   -0.1   -0.1
   -13.629   -73.140   -0.0   -0.1   -0.1
   -13.611   -73.140   -0.0   -0.1   -0.1
   -15.406   -73.122    0.0   -0.0    0.0
   -15.388   -73.122    0.0   -0.0    0.0
   -15.370   -73.122    0.0   -0.0    0.0
   -15.352   -73.122    0.0   -0.0    0.0
   -15.334   -73.122    0.0   -0.0    0.0
   -15.316   -73.122    0.0   -0.0    0.0
   -15.298   -73.122    0.0   -0.0    0.0
   -15.280   -73.122    0.0   -0.0    0.0
   -15.262   -73.122    0.0   -0.0    0.0
   -15.244   -73.122    0.0   -0.0    0.0
   -15.226   -73.122    0.0   -0.0    0.0
   -15.208   -73.122    0.0   -0.0    0.0
   -15.190   -73.122    0.0   -0.0    0.0
   -15.172   -73.122    0.0   -0.0    0.0
   -15.154   -73.122    0.0   -0.0    0.0
   -15.136   -73.122    0.0    0.0   -0.0
   -15.119   -73.122    0.0    0.0   -0.0
   -15.101   -73.122    0.0    0.0   -0.0
   -15.083   -73.122    0.0    0.0   -0.0
   -15.065   -73.122    0.0    0.0   -0.0
   -15.047   -73.122    0.0    0.0   -0.0
   -15.029   -73.122    0.0    0.0   -0.0
   -15.011   -73.122   -0.0    0.0   -0.0
   -14.993   -73.122   -0.0    0.0   -0.0
   -14.975   -73.122   -0.0    0.0   -0.0
   -14.957   -73.122   -0.0    0.0   -0.0
   -14.939   -73.122   -0.0    0.0   -0.0
   -14.921   -73.122   -0.0    0.0   -0.1
   -14.903   -73.122   -0.0    0.0   -0.1
   -14.885   -73.122   -0.0    0.0   -0.1
   -14.867   -73.122   -0.0    0.0   -0.1
   -14.849   -73.122   -0.0    0.0   -0.1
   -14.831   -73.122   -0.0    0.0   -0.1
   -14.813   -73.122   -0.0    0.0   -0.1
   -14.795   -73.122   -0.0    0.0   -0.1
   -14.777   -73.122   -0.0    0.0   -0.1
   -14.760   -73.122   -0.1    0.0   -0.1
   -14.742   -73.122   -0.1    0.0   -0.1
   -14.724   -73.122   -0.1    0.0   -0.1
   -14.706   -73.122   -0.1    0.0   -0.1
   -14.688   -73.122   -0.1    0.0   -0.2
   -14.670   -73.122   -0.1    0.0   -0.2
   -14.652   -73.122   -0.1    0.0   -0.2
   -14.634   -73.122   -0.1    0.0   -0.2
   -14.616   -73.122   -0.1    0.0   -0.2
   -14.598   -73.122   -0.1    0.0   -0.2
   -14.580   -73.122   -0.1   -0.0   -0.2
   -14.562   -73.122   -0.1   -0.0   -0.2
   -14.544   -73.122   -0.1   -0.0   -0.2
   -14.526   -73.122   -0.1   -0.0   -0.2
   -14.508   -73.122   -0.1   -0.0   -0.2
   -14.490   -73.122   -0.1   -0.0   -0.2
   -14.472   -73.122   -0.1   -0.0   -0.2
   -14.454   -73.122   -0.1   -0.0   -0.2
   -14.436   -73.122   -0.1   -0.0   -0.2
   -14.418   -73.122   -0.1   -0.0   -0.2
   -14.400   -73.122   -0.1   -0.0   -0.2
   -14.383   -73.122   -0.1   -0.1   -0.2
   -14.365   -73.122   -0.1   -0.1   -0.2
   -14.347   -73.122   -0.1   -0.1   -0.2
   -14.329   -73.122   -0.1   -0.1   -0.2
   -14.311   -73.122   -0.1   -0.1   -0.2
   -14.293   -73.122   -0.1   -0.1   -0.2
   -14.275   -73.122   -0.1   -0.1   -0.2
   -14.257   -73.122   -0.1   -0.1   -0.2
   -14.239   -73.122   -0.1   -0.1   -0.2
   -14.221   -73.122   -0.1   -0.1   -0.2
   -14.203   -73.122   -0.1   -0.1   -0.2
   -14.185   -73.122   -0.1   -0.1   -0.2
   -14.167   -73.122   -0.1   -0.1   -0.2
   -14.149   -73.122   -0.1   -0.1   -0.2
   -14.131   -73.122   -0.1   -0.1   -0.2
   -14.113   -73.122   -0.1   -0.1   -0.2
   -14.095   -73.122   -0.1   -0.1   -0.2
   -14.077   -73.122   -0.1   -0.1   -0.2
   -14.059   -73.122   -0.1   -0.1   -0.2
   -14.041   -73.122   -0.1   -0.1   -0.2
   -14.024   -73.122   -0.1   -0.1   -0.2
   -14.006   -73.122   -0.1   -0.1   -0.2
   -13.988   -73.122   -0.1   -0.1   -0.2
   -13.970   -73.122   -0.1   -0.1   -0.2
   -13.952   -73.122   -0.1   -0.1   -0.2
   -13.934   -73.122   -0.1   -0.1   -0.2
   -13.916   -73.122   -0.1   -0.1   -0.2
   -13.898   -73.122   -0.1   -0.1   -0.1
   -13.880   -73.122   -0.1   -0.1   -0.1
   -13.862   -73.122   -0.1   -0.1   -0.1
   -13.844   -73.122   -0.1   -0.1   -0.1
   -13.826   -73.122   -0.1   -0.1   -0.1
   -13.808   -73.122   -0.1   -0.1   -0.1
   -13.790   -73.122   -0.1   -0.1   -0.1
   -13.772   -73.122   -0.1   -0.1   -0.1
   -13.754   -73.122   -0.1   -0.1   -0.1
   -13.736   -73.122   -0.1   -0.1   -0.1
   -13.718   -73.122   -0.1   -0.1   -0.1
   -13.700   -73.122   -0.0   -0.1   -0.1
   -13.682   -73.122   -0.0   -0.1   -0.1
   -13.664   -73.122   -0.0   -0.1   -0.1
   -13.647   -73.122   -0.0   -0.1   -0.1
   -13.629   -73.122   -0.0   -0.1   -0.1
   -13.611   -73.122   -0.0   -0.1   -0.1
   -15.406   -73.103    0.0   -0.0    0.0
   -15.388   -73.103    0.0   -0.0    0.0
   -15.370   -73.103    0.0   -0.0    0.0
   -15.352   -73.103    0.0   -0.0    0.0
   -15.334   -73.103    0.0   -0.0    0.0
   -15.316   -73.103    0.0   -0.0    0.0
   -15.298   -73.103    0.0   -0.0    0.0
   -15.280   -73.103    0.0   -0.0    0.0
   -15.262   -73.103    0.0   -0.0    0.0
   -15.244   -73.103    0.0   -0.0    0.0
   -15.226   -73.103    0.0   -0.0    0.0
   -15.208   -73.103    0.0   -0.0    0.0
   -15.190   -73.103    0.0   -0.0    0.0
   -15.172   -73.103    0.0   -0.0    0.0
   -15.154   -73.103    0.0   -0.0    0.0
   -15.136   -73.103    0.0   -0.0    0.0
   -15.119   -73.103    0.0   -0.0   -0.0
   -15.101   -73.103    0.0    0.0   -0.0
   -15.083   -73.103    0.0    0.0   -0.0
   -15.065   -73.103    0.0    0.0   -0.0
   -15.047   -73.103    0.0    0.0   -0.0
   -15.029   -73.103    0.0    0.0   -0.0
   -15.011   -73.103    0.0    0.0   -0.0
   -14.993   -73.103   -0.0    0.0   -0.0
   -14.975   -73.103   -0.0    0.0   -0.0
   -14.957   -73.103   -0.0    0.0   -0.0
   -14.939   -73.103   -0.0    0.0   -0.0
   -14.921   -73.103   -0.0    0.0   -0.0
   -14.903   -73.103   -0.0    0.0   -0.1
   -14.885   -73.103   -0.0    0.0   -0.1
   -14.867   -73.103   -0.0    0.0   -0.1
   -14.849   -73.103   -0.0    0.0   -0.1
   -14.831   -73.103   -0.0    0.0   -0.1
   -14.813   -73.103   -0.0    0.0   -0.1
   -14.795   -73.103   -0.0    0.0   -0.1
   -14.777   -73.103   -0.0    0.0   -0.1
   -14.760   -73.103   -0.0    0.0   -0.1
   -14.742   -73.103   -0.1    0.0   -0.1
   -14.724   -73.103   -0.1    0.0   -0.1
   -14.706   -73.103   -0.1    0.0   -0.1
   -14.688   -73.103   -0.1    0.0   -0.1
   -14.670   -73.103   -0.1    0.0   -0.1
   -14.652   -73.103   -0.1    0.0   -0.2
   -14.634   -73.103   -0.1    0.0   -0.2
   -14.616   -73.103   -0.1    0.0   -0.2
   -14.598   -73.103   -0.1    0.0   -0.2
   -14.580   -73.103   -0.1   -0.0   -0.2
   -14.562   -73.103   -0.1   -0.0   -0.2
   -14.544   -73.103   -0.1   -0.0   -0.2
   -14.526   -73.103   -0.1   -0.0   -0.2
   -14.508   -73.103   -0.1   -0.0   -0.2
   -14.490   -73.103   -0.1   -0.0   -0.2
   -14.472   -73.103   -0.1   -0.0   -0.2
   -14.454   -73.103   -0.1   -0.0   -0.2
   -14.436   -73.103   -0.1   -0.0   -0.2
   -14.418   -73.103   -0.1   -0.0   -0.2
   -14.400   -73.103   -0.1   -0.0   -0.2
   -14.383   -73.103   -0.1   -0.1   -0.2
   -14.365   -73.103   -0.1   -0.1   -0.2
   -14.347   -73.103   -0.1   -0.1   -0.2
   -14.329   -73.103   -0.1   -0.1   -0.2
   -14.311   -73.103   -0.1   -0.1   -0.2
   -14.293   -73.103   -0.1   -0.1   -0.2
   -14.275   -73.103   -0.1   -0.1   -0.2
   -14.257   -73.103   -0.1   -0.1   -0.2
   -14.239   -73.103   -0.1   -0.1   -0.2
   -14.221   -73.103   -0.1   -0.1   -0.2
   -14.203   -73.103   -0.1   -0.1   -0.2
   -14.185   -73.103   -0.1   -0.1   -0.2
   -14.167   -73.103   -0.1   -0.1   -0.2
   -14.149   -73.103   -0.1   -0.1   -0.2
   -14.131   -73.103   -0.1   -0.1   -0.2
   -14.113   -73.103   -0.1   -0.1   -0.2
   -14.095   -73.103   -0.1   -0.1   -0.2
   -14.077   -73.103   -0.1   -0.1   -0.2
   -14.059   -73.103   -0.1   -0.1   -0.2
   -14.041   -73.103   -0.1   -0.1   -0.2
   -14.024   -73.103   -0.1   -0.1   -0.2
   -14.006   -73.103   -0.1   -0.1   -0.2
   -13.988   -73.103   -0.1   -0.1   -0.2
   -13.970   -73.103   -0.1   -0.1   -0.2
   -13.952   -73.103   -0.1   -0.1   -0.2
   -13.934   -73.103   -0.1   -0.1   -0.2
   -13.916   -73.103   -0.1   -0.1   -0.1
   -13.898   -73.103   -0.1   -0.1   -0.1
   -13.880   -73.103   -0.1   -0.1   -0.1
   -13.862   -73.103   -0.1   -0.1   -0.1
   -13.844   -73.103   -0.1   -0.1   -0.1
   -13.826   -73.103   -0.1   -0.1   -0.1
   -13.808   -73.103   -0.1   -0.1   -0.1
   -13.790   -73.103   -0.1   -0.1   -0.1
   -13.772   -73.103   -0.1   -0.1   -0.1
   -13.754   -73.103   -0.1   -0.1   -0.1
   -13.736   -73.103   -0.1   -0.1   -0.1
   -13.718   -73.103   -0.1   -0.1   -0.1
   -13.700   -73.103   -0.0   -0.1   -0.1
   -13.682   -73.103   -0.0   -0.1   -0.1
   -13.664   -73.103   -0.0   -0.1   -0.1
   -13.647   -73.103   -0.0   -0.1   -0.1
   -13.629   -73.103   -0.0   -0.1   -0.1
   -13.611   -73.103   -0.0   -0.1   -0.1
   -15.406   -73.084    0.0   -0.0    0.0
   -15.388   -73.084    0.0   -0.0    0.0
   -15.370   -73.084    0.0   -0.0    0.0
   -15.352   -73.084    0.0   -0.0    0.0
   -15.334   -73.084    0.0   -0.0    0.0
   -15.316   -73.084    0.0   -0.0    0.0
   -15.298   -73.084    0.0   -0.0    0.0
   -15.280   -73.084    0.0   -0.0    0.0
   -15.262   -73.084    0.0   -0.0    0.0
   -15.244   -73.084    0.0   -0.0    0.0
   -15.226   -73.084    0.0   -0.0    0.0
   -15.208   -73.084    0.0   -0.0    0.0
   -15.190   -73.084    0.0   -0.0    0.0
   -15.172   -73.084    0.0   -0.0    0.0
   -15.154   -73.084    0.0   -0.0    0.0
   -15.136   -73.084    0.0   -0.0    0.0
   -15.119   -73.084    0.0   -0.0    0.0
   -15.101   -73.084    0.0   -0.0    0.0
   -15.083   -73.084    0.0    0.0   -0.0
   -15.065   -73.084    0.0    0.0   -0.0
   -15.047   -73.084    0.0    0.0   -0.0
   -15.029   -73.084    0.0    0.0   -0.0
   -15.011   -73.084    0.0    0.0   -0.0
   -14.993   -73.084    0.0    0.0   -0.0
   -14.975   -73.084   -0.0    0.0   -0.0
   -14.957   -73.084   -0.0    0.0   -0.0
   -14.939   -73.084   -0.0    0.0   -0.0
   -14.921   -73.084   -0.0    0.0   -0.0
   -14.903   -73.084   -0.0    0.0   -0.0
   -14.885   -73.084   -0.0    0.0   -0.1
   -14.867   -73.084   -0.0    0.0   -0.1
   -14.849   -73.084   -0.0    0.0   -0.1
   -14.831   -73.084   -0.0    0.0   -0.1
   -14.813   -73.084   -0.0    0.0   -0.1
   -14.795   -73.084   -0.0    0.0   -0.1
   -14.777   -73.084   -0.0    0.0   -0.1
   -14.760   -73.084   -0.0    0.0   -0.1
   -14.742   -73.084   -0.0    0.0   -0.1
   -14.724   -73.084   -0.1    0.0   -0.1
   -14.706   -73.084   -0.1    0.0   -0.1
   -14.688   -73.084   -0.1    0.0   -0.1
   -14.670   -73.084   -0.1    0.0   -0.1
   -14.652   -73.084   -0.1    0.0   -0.1
   -14.634   -73.084   -0.1    0.0   -0.1
   -14.616   -73.084   -0.1    0.0   -0.2
   -14.598   -73.084   -0.1    0.0   -0.2
   -14.580   -73.084   -0.1   -0.0   -0.2
   -14.562   -73.084   -0.1   -0.0   -0.2
   -14.544   -73.084   -0.1   -0.0   -0.2
   -14.526   -73.084   -0.1   -0.0   -0.2
   -14.508   -73.084   -0.1   -0.0   -0.2
   -14.490   -73.084   -0.1   -0.0   -0.2
   -14.472   -73.084   -0.1   -0.0   -0.2
   -14.454   -73.084   -0.1   -0.0   -0.2
   -14.436   -73.084   -0.1   -0.0   -0.2
   -14.418   -73.084   -0.1   -0.0   -0.2
   -14.400   -73.084   -0.1   -0.0   -0.2
   -14.383   -73.084   -0.1   -0.0   -0.2
   -14.365   -73.084   -0.1   -0.1   -0.2
   -14.347   -73.084   -0.1   -0.1   -0.2
   -14.329   -73.084   -0.1   -0.1   -0.2
   -14.311   -73.084   -0.1   -0.1   -0.2
   -14.293   -73.084   -0.1   -0.1   -0.2
   -14.275   -73.084   -0.1   -0.1   -0.2
   -14.257   -73.084   -0.1   -0.1   -0.2
   -14.239   -73.084   -0.1   -0.1   -0.2
   -14.221   -73.084   -0.1   -0.1   -0.2
   -14.203   -73.084   -0.1   -0.1   -0.2
   -14.185   -73.084   -0.1   -0.1   -0.2
   -14.167   -73.084   -0.1   -0.1   -0.2
   -14.149   -73.084   -0.1   -0.1   -0.2
   -14.131   -73.084   -0.1   -0.1   -0.2
   -14.113   -73.084   -0.1   -0.1   -0.2
   -14.095   -73.084   -0.1   -0.1   -0.2
   -14.077   -73.084   -0.1   -0.1   -0.2
   -14.059   -73.084   -0.1   -0.1   -0.2
   -14.041   -73.084   -0.1   -0.1   -0.2
   -14.024   -73.084   -0.1   -0.1   -0.2
   -14.006   -73.084   -0.1   -0.1   -0.2
   -13.988   -73.084   -0.1   -0.1   -0.2
   -13.970   -73.084   -0.1   -0.1   -0.2
   -13.952   -73.084   -0.1   -0.1   -0.1
   -13.934   -73.084   -0.1   -0.1   -0.1
   -13.916   -73.084   -0.1   -0.1   -0.1
   -13.898   -73.084   -0.1   -0.1   -0.1
   -13.880   -73.084   -0.1   -0.1   -0.1
   -13.862   -73.084   -0.1   -0.1   -0.1
   -13.844   -73.084   -0.1   -0.1   -0.1
   -13.826   -73.084   -0.1   -0.1   -0.1
   -13.808   -73.084   -0.1   -0.1   -0.1
   -13.790   -73.084   -0.1   -0.1   -0.1
   -13.772   -73.084   -0.1   -0.1   -0.1
   -13.754   -73.084   -0.1   -0.1   -0.1
   -13.736   -73.084   -0.1   -0.1   -0.1
   -13.718   -73.084   -0.1   -0.1   -0.1
   -13.700   -73.084   -0.0   -0.1   -0.1
   -13.682   -73.084   -0.0   -0.1   -0.1
   -13.664   -73.084   -0.0   -0.1   -0.1
   -13.647   -73.084   -0.0   -0.1   -0.1
   -13.629   -73.084   -0.0   -0.1   -0.1
   -13.611   -73.084   -0.0   -0.1   -0.1
   -15.406   -73.066    0.0   -0.0    0.0
   -15.388   -73.066    0.0   -0.0    0.0
   -15.370   -73.066    0.0   -0.0    0.0
   -15.352   -73.066    0.0   -0.0    0.0
   -15.334   -73.066    0.0   -0.0    0.0
   -15.316   -73.066    0.0   -0.0    0.0
   -15.298   -73.066    0.0   -0.0    0.0
   -15.280   -73.066    0.0   -0.0    0.0
   -15.262   -73.066    0.0   -0.0    0.0
   -15.244   -73.066    0.0   -0.0    0.0
   -15.226   -73.066    0.0   -0.0    0.0
   -15.208   -73.066    0.0   -0.0    0.0
   -15.190   -73.066    0.0   -0.0    0.0
   -15.172   -73.066    0.0   -0.0    0.0
   -15.154   -73.066    0.0   -0.0    0.0
   -15.136   -73.066    0.0   -0.0    0.0
   -15.119   -73.066    0.0   -0.0    0.0
   -15.101   -73.066    0.0   -0.0    0.0
   -15.083   -73.066    0.0   -0.0    0.0
   -15.065   -73.066    0.0   -0.0   -0.0
   -15.047   -73.066    0.0    0.0   -0.0
   -15.029   -73.066    0.0    0.0   -0.0
   -15.011   -73.066    0.0    0.0   -0.0
   -14.993   -73.066    0.0    0.0   -0.0
   -14.975   -73.066    0.0    0.0   -0.0
   -14.957   -73.066   -0.0    0.0   -0.0
   -14.939   -73.066   -0.0    0.0   -0.0
   -14.921   -73.066   -0.0    0.0   -0.0
   -14.903   -73.066   -0.0    0.0   -0.0
   -14.885   -73.066   -0.0    0.0   -0.0
   -14.867   -73.066   -0.0    0.0   -0.0
   -14.849   -73.066   -0.0    0.0   -0.1
   -14.831   -73.066   -0.0    0.0   -0.1
   -14.813   -73.066   -0.0    0.0   -0.1
   -14.795   -73.066   -0.0    0.0   -0.1
   -14.777   -73.066   -0.0    0.0   -0.1
   -14.760   -73.066   -0.0    0.0   -0.1
   -14.742   -73.066   -0.0    0.0   -0.1
   -14.724   -73.066   -0.0    0.0   -0.1
   -14.706   -73.066   -0.1    0.0   -0.1
   -14.688   -73.066   -0.1    0.0   -0.1
   -14.670   -73.066   -0.1    0.0   -0.1
   -14.652   -73.066   -0.1    0.0   -0.1
   -14.634   -73.066   -0.1    0.0   -0.1
   -14.616   -73.066   -0.1    0.0   -0.1
   -14.598   -73.066   -0.1    0.0   -0.1
   -14.580   -73.066   -0.1   -0.0   -0.2
   -14.562   -73.066   -0.1   -0.0   -0.2
   -14.544   -73.066   -0.1   -0.0   -0.2
   -14.526   -73.066   -0.1   -0.0   -0.2
   -14.508   -73.066   -0.1   -0.0   -0.2
   -14.490   -73.066   -0.1   -0.0   -0.2
   -14.472   -73.066   -0.1   -0.0   -0.2
   -14.454   -73.066   -0.1   -0.0   -0.2
   -14.436   -73.066   -0.1   -0.0   -0.2
   -14.418   -73.066   -0.1   -0.0   -0.2
   -14.400   -73.066   -0.1   -0.0   -0.2
   -14.383   -73.066   -0.1   -0.0   -0.2
   -14.365   -73.066   -0.1   -0.0   -0.2
   -14.347   -73.066   -0.1   -0.1   -0.2
   -14.329   -73.066   -0.1   -0.1   -0.2
   -14.311   -73.066   -0.1   -0.1   -0.2
   -14.293   -73.066   -0.1   -0.1   -0.2
   -14.275   -73.066   -0.1   -0.1   -0.2
   -14.257   -73.066   -0.1   -0.1   -0.2
   -14.239   -73.066   -0.1   -0.1   -0.2
   -14.221   -73.066   -0.1   -0.1   -0.2
   -14.203   -73.066   -0.1   -0.1   -0.2
   -14.185   -73.066   -0.1   -0.1   -0.2
   -14.167   -73.066   -0.1   -0.1   -0.2
   -14.149   -73.066   -0.1   -0.1   -0.2
   -14.131   -73.066   -0.1   -0.1   -0.2
   -14.113   -73.066   -0.1   -0.1   -0.2
   -14.095   -73.066   -0.1   -0.1   -0.2
   -14.077   -73.066   -0.1   -0.1   -0.2
   -14.059   -73.066   -0.1   -0.1   -0.2
   -14.041   -73.066   -0.1   -0.1   -0.2
   -14.024   -73.066   -0.1   -0.1   -0.2
   -14.006   -73.066   -0.1   -0.1   -0.2
   -13.988   -73.066   -0.1   -0.1   -0.2
   -13.970   -73.066   -0.1   -0.1   -0.1
   -13.952   -73.066   -0.1   -0.1   -0.1
   -13.934   -73.066   -0.1   -0.1   -0.1
   -13.916   -73.066   -0.1   -0.1   -0.1
   -13.898   -73.066   -0.1   -0.1   -0.1
   -13.880   -73.066   -0.1   -0.1   -0.1
   -13.862   -73.066   -0.1   -0.1   -0.1
   -13.844   -73.066   -0.1   -0.1   -0.1
   -13.826   -73.066   -0.1   -0.1   -0.1
   -13.808   -73.066   -0.1   -0.1   -0.1
   -13.790   -73.066   -0.1   -0.1   -0.1
   -13.772   -73.066   -0.1   -0.1   -0.1
   -13.754   -73.066   -0.1   -0.1   -0.1
   -13.736   -73.066   -0.1   -0.1   -0.1
   -13.718   -73.066   -0.1   -0.1   -0.1
   -13.700   -73.066   -0.1   -0.1   -0.1
   -13.682   -73.066   -0.0   -0.1   -0.1
   -13.664   -73.066   -0.0   -0.1   -0.1
   -13.647   -73.066   -0.0   -0.1   -0.1
   -13.629   -73.066   -0.0   -0.1   -0.1
   -13.611   -73.066   -0.0   -0.1   -0.1
   -15.406   -73.047    0.0   -0.0    0.0
   -15.388   -73.047    0.0   -0.0    0.0
   -15.370   -73.047    0.0   -0.0    0.0
   -15.352   -73.047    0.0   -0.0    0.0
   -15.334   -73.047    0.0   -0.0    0.0
   -15.316   -73.047    0.0   -0.0    0.0
   -15.298   -73.047    0.0   -0.0    0.0
   -15.280   -73.047    0.0   -0.0    0.0
   -15.262   -73.047    0.0   -0.0    0.0
   -15.244   -73.047    0.0   -0.0    0.0
   -15.226   -73.047    0.0   -0.0    0.0
   -15.208   -73.047    0.0   -0.0    0.0
   -15.190   -73.047    0.0   -0.0    0.0
   -15.172   -73.047    0.0   -0.0    0.0
   -15.154   -73.047    0.0   -0.0    0.0
   -15.136   -73.047    0.0   -0.0    0.0
   -15.119   -73.047    0.0   -0.0    0.0
   -15.101   -73.047    0.0   -0.0    0.0
   -15.083   -73.047    0.0   -0.0    0.0
   -15.065   -73.047    0.0   -0.0    0.0
   -15.047   -73.047    0.0   -0.0   -0.0
   -15.029   -73.047    0.0   -0.0   -0.0
   -15.011   -73.047    0.0    0.0   -0.0
   -14.993   -73.047    0.0    0.0   -0.0
   -14.975   -73.047    0.0    0.0   -0.0
   -14.957   -73.047    0.0    0.0   -0.0
   -14.939   -73.047   -0.0    0.0   -0.0
   -14.921   -73.047   -0.0    0.0   -0.0
   -14.903   -73.047   -0.0    0.0   -0.0
   -14.885   -73.047   -0.0    0.0   -0.0
   -14.867   -73.047   -0.0    0.0   -0.0
   -14.849   -73.047   -0.0    0.0   -0.0
   -14.831   -73.047   -0.0    0.0   -0.1
   -14.813   -73.047   -0.0    0.0   -0.1
   -14.795   -73.047   -0.0    0.0   -0.1
   -14.777   -73.047   -0.0    0.0   -0.1
   -14.760   -73.047   -0.0    0.0   -0.1
   -14.742   -73.047   -0.0    0.0   -0.1
   -14.724   -73.047   -0.0    0.0   -0.1
   -14.706   -73.047   -0.0    0.0   -0.1
   -14.688   -73.047   -0.0    0.0   -0.1
   -14.670   -73.047   -0.1    0.0   -0.1
   -14.652   -73.047   -0.1    0.0   -0.1
   -14.634   -73.047   -0.1    0.0   -0.1
   -14.616   -73.047   -0.1    0.0   -0.1
   -14.598   -73.047   -0.1   -0.0   -0.1
   -14.580   -73.047   -0.1   -0.0   -0.1
   -14.562   -73.047   -0.1   -0.0   -0.1
   -14.544   -73.047   -0.1   -0.0   -0.1
   -14.526   -73.047   -0.1   -0.0   -0.2
   -14.508   -73.047   -0.1   -0.0   -0.2
   -14.490   -73.047   -0.1   -0.0   -0.2
   -14.472   -73.047   -0.1   -0.0   -0.2
   -14.454   -73.047   -0.1   -0.0   -0.2
   -14.436   -73.047   -0.1   -0.0   -0.2
   -14.418   -73.047   -0.1   -0.0   -0.2
   -14.400   -73.047   -0.1   -0.0   -0.2
   -14.383   -73.047   -0.1   -0.0   -0.2
   -14.365   -73.047   -0.1   -0.0   -0.2
   -14.347   -73.047   -0.1   -0.0   -0.2
   -14.329   -73.047   -0.1   -0.1   -0.2
   -14.311   -73.047   -0.1   -0.1   -0.2
   -14.293   -73.047   -0.1   -0.1   -0.2
   -14.275   -73.047   -0.1   -0.1   -0.2
   -14.257   -73.047   -0.1   -0.1   -0.2
   -14.239   -73.047   -0.1   -0.1   -0.2
   -14.221   -73.047   -0.1   -0.1   -0.2
   -14.203   -73.047   -0.1   -0.1   -0.2
   -14.185   -73.047   -0.1   -0.1   -0.2
   -14.167   -73.047   -0.1   -0.1   -0.2
   -14.149   -73.047   -0.1   -0.1   -0.2
   -14.131   -73.047   -0.1   -0.1   -0.2
   -14.113   -73.047   -0.1   -0.1   -0.2
   -14.095   -73.047   -0.1   -0.1   -0.2
   -14.077   -73.047   -0.1   -0.1   -0.2
   -14.059   -73.047   -0.1   -0.1   -0.2
   -14.041   -73.047   -0.1   -0.1   -0.2
   -14.024   -73.047   -0.1   -0.1   -0.2
   -14.006   -73.047   -0.1   -0.1   -0.1
   -13.988   -73.047   -0.1   -0.1   -0.1
   -13.970   -73.047   -0.1   -0.1   -0.1
   -13.952   -73.047   -0.1   -0.1   -0.1
   -13.934   -73.047   -0.1   -0.1   -0.1
   -13.916   -73.047   -0.1   -0.1   -0.1
   -13.898   -73.047   -0.1   -0.1   -0.1
   -13.880   -73.047   -0.1   -0.1   -0.1
   -13.862   -73.047   -0.1   -0.1   -0.1
   -13.844   -73.047   -0.1   -0.1   -0.1
   -13.826   -73.047   -0.1   -0.1   -0.1
   -13.808   -73.047   -0.1   -0.1   -0.1
   -13.790   -73.047   -0.1   -0.1   -0.1
   -13.772   -73.047   -0.1   -0.1   -0.1
   -13.754   -73.047   -0.1   -0.1   -0.1
   -13.736   -73.047   -0.1   -0.1   -0.1
   -13.718   -73.047   -0.1   -0.1   -0.1
   -13.700   -73.047   -0.1   -0.1   -0.1
   -13.682   -73.047   -0.0   -0.1   -0.1
   -13.664   -73.047   -0.0   -0.1   -0.1
   -13.647   -73.047   -0.0   -0.1   -0.1
   -13.629   -73.047   -0.0   -0.1   -0.1
   -13.611   -73.047   -0.0   -0.1   -0.1
   -15.406   -73.029    0.0   -0.0    0.0
   -15.388   -73.029    0.0   -0.0    0.0
   -15.370   -73.029    0.0   -0.0    0.0
   -15.352   -73.029    0.0   -0.0    0.0
   -15.334   -73.029    0.0   -0.0    0.0
   -15.316   -73.029    0.0   -0.0    0.0
   -15.298   -73.029    0.0   -0.0    0.0
   -15.280   -73.029    0.0   -0.0    0.0
   -15.262   -73.029    0.0   -0.0    0.0
   -15.244   -73.029    0.0   -0.0    0.0
   -15.226   -73.029    0.0   -0.0    0.0
   -15.208   -73.029    0.0   -0.0    0.0
   -15.190   -73.029    0.0   -0.0    0.0
   -15.172   -73.029    0.0   -0.0    0.0
   -15.154   -73.029    0.0   -0.0    0.0
   -15.136   -73.029    0.0   -0.0    0.0
   -15.119   -73.029    0.0   -0.0    0.0
   -15.101   -73.029    0.0   -0.0    0.0
   -15.083   -73.029    0.0   -0.0    0.0
   -15.065   -73.029    0.0   -0.0    0.0
   -15.047   -73.029    0.0   -0.0    0.0
   -15.029   -73.029    0.0   -0.0    0.0
   -15.011   -73.029    0.0   -0.0   -0.0
   -14.993   -73.029    0.0   -0.0   -0.0
   -14.975   -73.029    0.0    0.0   -0.0
   -14.957   -73.029    0.0    0.0   -0.0
   -14.939   -73.029    0.0    0.0   -0.0
   -14.921   -73.029    0.0    0.0   -0.0
   -14.903   -73.029   -0.0    0.0   -0.0
   -14.885   -73.029   -0.0    0.0   -0.0
   -14.867   -73.029   -0.0    0.0   -0.0
   -14.849   -73.029   -0.0    0.0   -0.0
   -14.831   -73.029   -0.0    0.0   -0.0
   -14.813   -73.029   -0.0    0.0   -0.1
   -14.795   -73.029   -0.0    0.0   -0.1
   -14.777   -73.029   -0.0    0.0   -0.1
   -14.760   -73.029   -0.0    0.0   -0.1
   -14.742   -73.029   -0.0    0.0   -0.1
   -14.724   -73.029   -0.0    0.0   -0.1
   -14.706   -73.029   -0.0    0.0   -0.1
   -14.688   -73.029   -0.0    0.0   -0.1
   -14.670   -73.029   -0.0    0.0   -0.1
   -14.652   -73.029   -0.1    0.0   -0.1
   -14.634   -73.029   -0.1    0.0   -0.1
   -14.616   -73.029   -0.1    0.0   -0.1
   -14.598   -73.029   -0.1   -0.0   -0.1
   -14.580   -73.029   -0.1   -0.0   -0.1
   -14.562   -73.029   -0.1   -0.0   -0.1
   -14.544   -73.029   -0.1   -0.0   -0.1
   -14.526   -73.029   -0.1   -0.0   -0.1
   -14.508   -73.029   -0.1   -0.0   -0.1
   -14.490   -73.029   -0.1   -0.0   -0.1
   -14.472   -73.029   -0.1   -0.0   -0.2
   -14.454   -73.029   -0.1   -0.0   -0.2
   -14.436   -73.029   -0.1   -0.0   -0.2
   -14.418   -73.029   -0.1   -0.0   -0.2
   -14.400   -73.029   -0.1   -0.0   -0.2
   -14.383   -73.029   -0.1   -0.0   -0.2
   -14.365   -73.029   -0.1   -0.0   -0.2
   -14.347   -73.029   -0.1   -0.0   -0.2
   -14.329   -73.029   -0.1   -0.1   -0.2
   -14.311   -73.029   -0.1   -0.1   -0.2
   -14.293   -73.029   -0.1   -0.1   -0.2
   -14.275   -73.029   -0.1   -0.1   -0.2
   -14.257   -73.029   -0.1   -0.1   -0.2
   -14.239   -73.029   -0.1   -0.1   -0.2
   -14.221   -73.029   -0.1   -0.1   -0.2
   -14.203   -73.029   -0.1   -0.1   -0.2
   -14.185   -73.029   -0.1   -0.1   -0.2
   -14.167   -73.029   -0.1   -0.1   -0.2
   -14.149   -73.029   -0.1   -0.1   -0.2
   -14.131   -73.029   -0.1   -0.1   -0.2
   -14.113   -73.029   -0.1   -0.1   -0.2
   -14.095   -73.029   -0.1   -0.1   -0.2
   -14.077   -73.029   -0.1   -0.1   -0.2
   -14.059   -73.029   -0.1   -0.1   -0.1
   -14.041   -73.029   -0.1   -0.1   -0.1
   -14.024   -73.029   -0.1   -0.1   -0.1
   -14.006   -73.029   -0.1   -0.1   -0.1
   -13.988   -73.029   -0.1   -0.1   -0.1
   -13.970   -73.029   -0.1   -0.1   -0.1
   -13.952   -73.029   -0.1   -0.1   -0.1
   -13.934   -73.029   -0.1   -0.1   -0.1
   -13.916   -73.029   -0.1   -0.1   -0.1
   -13.898   -73.029   -0.1   -0.1   -0.1
   -13.880   -73.029   -0.1   -0.1   -0.1
   -13.862   -73.029   -0.1   -0.1   -0.1
   -13.844   -73.029   -0.1   -0.1   -0.1
   -13.826   -73.029   -0.1   -0.1   -0.1
   -13.808   -73.029   -0.1   -0.1   -0.1
   -13.790   -73.029   -0.1   -0.1   -0.1
   -13.772   -73.029   -0.1   -0.1   -0.1
   -13.754   -73.029   -0.1   -0.1   -0.1
   -13.736   -73.029   -0.1   -0.1   -0.1
   -13.718   -73.029   -0.1   -0.1   -0.1
   -13.700   -73.029   -0.1   -0.1   -0.1
   -13.682   -73.029   -0.0   -0.1   -0.1
   -13.664   -73.029   -0.0   -0.1   -0.1
   -13.647   -73.029   -0.0   -0.1   -0.1
   -13.629   -73.029   -0.0   -0.1   -0.1
   -13.611   -73.029   -0.0   -0.1   -0.1
   -15.406   -73.010    0.0   -0.0    0.0
   -15.388   -73.010    0.0   -0.0    0.0
   -15.370   -73.010    0.0   -0.0    0.0
   -15.352   -73.010    0.0   -0.0    0.0
   -15.334   -73.010    0.0   -0.0    0.0
   -15.316   -73.010    0.0   -0.0    0.0
   -15.298   -73.010    0.0   -0.0    0.0
   -15.280   -73.010    0.0   -0.0    0.0
   -15.262   -73.010    0.0   -0.0    0.0
   -15.244   -73.010    0.0   -0.0    0.0
   -15.226   -73.010    0.0   -0.0    0.0
   -15.208   -73.010    0.0   -0.0    0.0
   -15.190   -73.010    0.0   -0.0    0.0
   -15.172   -73.010    0.0   -0.0    0.0
   -15.154   -73.010    0.0   -0.0    0.0
   -15.136   -73.010    0.0   -0.0    0.0
   -15.119   -73.010    0.0   -0.0    0.0
   -15.101   -73.010    0.0   -0.0    0.0
   -15.083   -73.010    0.0   -0.0    0.0
   -15.065   -73.010    0.0   -0.0    0.0
   -15.047   -73.010    0.0   -0.0    0.0
   -15.029   -73.010    0.0   -0.0    0.0
   -15.011   -73.010    0.0   -0.0    0.0
   -14.993   -73.010    0.0   -0.0   -0.0
   -14.975   -73.010    0.0   -0.0   -0.0
   -14.957   -73.010    0.0   -0.0   -0.0
   -14.939   -73.010    0.0    0.0   -0.0
   -14.921   -73.010    0.0    0.0   -0.0
   -14.903   -73.010    0.0    0.0   -0.0
   -14.885   -73.010   -0.0    0.0   -0.0
   -14.867   -73.010   -0.0    0.0   -0.0
   -14.849   -73.010   -0.0    0.0   -0.0
   -14.831   -73.010   -0.0    0.0   -0.0
   -14.813   -73.010   -0.0    0.0   -0.0
   -14.795   -73.010   -0.0    0.0   -0.0
   -14.777   -73.010   -0.0    0.0   -0.1
   -14.760   -73.010   -0.0    0.0   -0.1
   -14.742   -73.010   -0.0    0.0   -0.1
   -14.724   -73.010   -0.0    0.0   -0.1
   -14.706   -73.010   -0.0    0.0   -0.1
   -14.688   -73.010   -0.0    0.0   -0.1
   -14.670   -73.010   -0.0    0.0   -0.1
   -14.652   -73.010   -0.0    0.0   -0.1
   -14.634   -73.010   -0.1    0.0   -0.1
   -14.616   -73.010   -0.1    0.0   -0.1
   -14.598   -73.010   -0.1   -0.0   -0.1
   -14.580   -73.010   -0.1   -0.0   -0.1
   -14.562   -73.010   -0.1   -0.0   -0.1
   -14.544   -73.010   -0.1   -0.0   -0.1
   -14.526   -73.010   -0.1   -0.0   -0.1
   -14.508   -73.010   -0.1   -0.0   -0.1
   -14.490   -73.010   -0.1   -0.0   -0.1
   -14.472   -73.010   -0.1   -0.0   -0.1
   -14.454   -73.010   -0.1   -0.0   -0.1
   -14.436   -73.010   -0.1   -0.0   -0.1
   -14.418   -73.010   -0.1   -0.0   -0.1
   -14.400   -73.010   -0.1   -0.0   -0.2
   -14.383   -73.010   -0.1   -0.0   -0.2
   -14.365   -73.010   -0.1   -0.0   -0.2
   -14.347   -73.010   -0.1   -0.0   -0.2
   -14.329   -73.010   -0.1   -0.0   -0.2
   -14.311   -73.010   -0.1   -0.1   -0.2
   -14.293   -73.010   -0.1   -0.1   -0.2
   -14.275   -73.010   -0.1   -0.1   -0.2
   -14.257   -73.010   -0.1   -0.1   -0.2
   -14.239   -73.010   -0.1   -0.1   -0.2
   -14.221   -73.010   -0.1   -0.1   -0.2
   -14.203   -73.010   -0.1   -0.1   -0.2
   -14.185   -73.010   -0.1   -0.1   -0.2
   -14.167   -73.010   -0.1   -0.1   -0.2
   -14.149   -73.010   -0.1   -0.1   -0.2
   -14.131   -73.010   -0.1   -0.1   -0.2
   -14.113   -73.010   -0.1   -0.1   -0.1
   -14.095   -73.010   -0.1   -0.1   -0.1
   -14.077   -73.010   -0.1   -0.1   -0.1
   -14.059   -73.010   -0.1   -0.1   -0.1
   -14.041   -73.010   -0.1   -0.1   -0.1
   -14.024   -73.010   -0.1   -0.1   -0.1
   -14.006   -73.010   -0.1   -0.1   -0.1
   -13.988   -73.010   -0.1   -0.1   -0.1
   -13.970   -73.010   -0.1   -0.1   -0.1
   -13.952   -73.010   -0.1   -0.1   -0.1
   -13.934   -73.010   -0.1   -0.1   -0.1
   -13.916   -73.010   -0.1   -0.1   -0.1
   -13.898   -73.010   -0.1   -0.1   -0.1
   -13.880   -73.010   -0.1   -0.1   -0.1
   -13.862   -73.010   -0.1   -0.1   -0.1
   -13.844   -73.010   -0.1   -0.1   -0.1
   -13.826   -73.010   -0.1   -0.1   -0.1
   -13.808   -73.010   -0.1   -0.1   -0.1
   -13.790   -73.010   -0.1   -0.1   -0.1
   -13.772   -73.010   -0.1   -0.1   -0.1
   -13.754   -73.010   -0.1   -0.1   -0.1
   -13.736   -73.010   -0.1   -0.1   -0.1
   -13.718   -73.010   -0.1   -0.1   -0.1
   -13.700   -73.010   -0.1   -0.1   -0.1
   -13.682   -73.010   -0.0   -0.1   -0.1
   -13.664   -73.010   -0.0   -0.1   -0.1
   -13.647   -73.010   -0.0   -0.1   -0.1
   -13.629   -73.010   -0.0   -0.1   -0.1
   -13.611   -73.010   -0.0   -0.1   -0.1
   -15.406   -72.992    0.0   -0.0    0.0
   -15.388   -72.992    0.0   -0.0    0.0
   -15.370   -72.992    0.0   -0.0    0.0
   -15.352   -72.992    0.0   -0.0    0.0
   -15.334   -72.992    0.0   -0.0    0.0
   -15.316   -72.992    0.0   -0.0    0.0
   -15.298   -72.992    0.0   -0.0    0.0
   -15.280   -72.992    0.0   -0.0    0.0
   -15.262   -72.992    0.0   -0.0    0.0
   -15.244   -72.992    0.0   -0.0    0.0
   -15.226   -72.992    0.0   -0.0    0.0
   -15.208   -72.992    0.0   -0.0    0.0
   -15.190   -72.992    0.0   -0.0    0.0
   -15.172   -72.992    0.0   -0.0    0.0
   -15.154   -72.992    0.0   -0.0    0.0
   -15.136   -72.992    0.0   -0.0    0.0
   -15.119   -72.992    0.0   -0.0    0.0
   -15.101   -72.992    0.0   -0.0    0.0
   -15.083   -72.992    0.0   -0.0    0.0
   -15.065   -72.992    0.0   -0.0    0.0
   -15.047   -72.992    0.0   -0.0    0.0
   -15.029   -72.992    0.0   -0.0    0.0
   -15.011   -72.992    0.0   -0.0    0.0
   -14.993   -72.992    0.0   -0.0    0.0
   -14.975   -72.992    0.0   -0.0    0.0
   -14.957   -72.992    0.0   -0.0   -0.0
   -14.939   -72.992    0.0   -0.0   -0.0
   -14.921   -72.992    0.0   -0.0   -0.0
   -14.903   -72.992    0.0    0.0   -0.0
   -14.885   -72.992    0.0    0.0   -0.0
   -14.867   -72.992   -0.0    0.0   -0.0
   -14.849   -72.992   -0.0    0.0   -0.0
   -14.831   -72.992   -0.0    0.0   -0.0
   -14.813   -72.992   -0.0    0.0   -0.0
   -14.795   -72.992   -0.0    0.0   -0.0
   -14.777   -72.992   -0.0    0.0   -0.0
   -14.760   -72.992   -0.0    0.0   -0.0
   -14.742   -72.992   -0.0    0.0   -0.1
   -14.724   -72.992   -0.0    0.0   -0.1
   -14.706   -72.992   -0.0    0.0   -0.1
   -14.688   -72.992   -0.0    0.0   -0.1
   -14.670   -72.992   -0.0    0.0   -0.1
   -14.652   -72.992   -0.0    0.0   -0.1
   -14.634   -72.992   -0.0    0.0   -0.1
   -14.616   -72.992   -0.1    0.0   -0.1
   -14.598   -72.992   -0.1   -0.0   -0.1
   -14.580   -72.992   -0.1   -0.0   -0.1
   -14.562   -72.992   -0.1   -0.0   -0.1
   -14.544   -72.992   -0.1   -0.0   -0.1
   -14.526   -72.992   -0.1   -0.0   -0.1
   -14.508   -72.992   -0.1   -0.0   -0.1
   -14.490   -72.992   -0.1   -0.0   -0.1
   -14.472   -72.992   -0.1   -0.0   -0.1
   -14.454   -72.992   -0.1   -0.0   -0.1
   -14.436   -72.992   -0.1   -0.0   -0.1
   -14.418   -72.992   -0.1   -0.0   -0.1
   -14.400   -72.992   -0.1   -0.0   -0.1
   -14.383   -72.992   -0.1   -0.0   -0.1
   -14.365   -72.992   -0.1   -0.0   -0.1
   -14.347   -72.992   -0.1   -0.0   -0.1
   -14.329   -72.992   -0.1   -0.0   -0.1
   -14.311   -72.992   -0.1   -0.0   -0.1
   -14.293   -72.992   -0.1   -0.1   -0.1
   -14.275   -72.992   -0.1   -0.1   -0.1
   -14.257   -72.992   -0.1   -0.1   -0.1
   -14.239   -72.992   -0.1   -0.1   -0.1
   -14.221   -72.992   -0.1   -0.1   -0.1
   -14.203   -72.992   -0.1   -0.1   -0.1
   -14.185   -72.992   -0.1   -0.1   -0.1
   -14.167   -72.992   -0.1   -0.1   -0.1
   -14.149   -72.992   -0.1   -0.1   -0.1
   -14.131   -72.992   -0.1   -0.1   -0.1
   -14.113   -72.992   -0.1   -0.1   -0.1
   -14.095   -72.992   -0.1   -0.1   -0.1
   -14.077   -72.992   -0.1   -0.1   -0.1
   -14.059   -72.992   -0.1   -0.1   -0.1
   -14.041   -72.992   -0.1   -0.1   -0.1
   -14.024   -72.992   -0.1   -0.1   -0.1
   -14.006   -72.992   -0.1   -0.1   -0.1
   -13.988   -72.992   -0.1   -0.1   -0.1
   -13.970   -72.992   -0.1   -0.1   -0.1
   -13.952   -72.992   -0.1   -0.1   -0.1
   -13.934   -72.992   -0.1   -0.1   -0.1
   -13.916   -72.992   -0.1   -0.1   -0.1
   -13.898   -72.992   -0.1   -0.1   -0.1
   -13.880   -72.992   -0.1   -0.1   -0.1
   -13.862   -72.992   -0.1   -0.1   -0.1
   -13.844   -72.992   -0.1   -0.1   -0.1
   -13.826   -72.992   -0.1   -0.1   -0.1
   -13.808   -72.992   -0.1   -0.1   -0.1
   -13.790   -72.992   -0.1   -0.1   -0.1
   -13.772   -72.992   -0.1   -0.1   -0.1
   -13.754   -72.992   -0.1   -0.1   -0.1
   -13.736   -72.992   -0.1   -0.1   -0.1
   -13.718   -72.992   -0.1   -0.1   -0.1
   -13.700   -72.992   -0.1   -0.1   -0.1
   -13.682   -72.992   -0.0   -0.1   -0.1
   -13.664   -72.992   -0.0   -0.1   -0.1
   -13.647   -72.992   -0.0   -0.1   -0.1
   -13.629   -72.992   -0.0   -0.1   -0.1
   -13.611   -72.992   -0.0   -0.1   -0.1
   -15.406   -72.973    0.0   -0.0    0.0
   -15.388   -72.973    0.0   -0.0    0.0
   -15.370   -72.973    0.0   -0.0    0.0
   -15.352   -72.973    0.0   -0.0    0.0
   -15.334   -72.973    0.0   -0.0    0.0
   -15.316   -72.973    0.0   -0.0    0.0
   -15.298   -72.973    0.0   -0.0    0.0
   -15.280   -72.973    0.0   -0.0    0.0
   -15.262   -72.973    0.0   -0.0    0.0
   -15.244   -72.973    0.0   -0.0    0.0
   -15.226   -72.973    0.0   -0.0    0.0
   -15.208   -72.973    0.0   -0.0    0.0
   -15.190   -72.973    0.0   -0.0    0.0
   -15.172   -72.973    0.0   -0.0    0.0
   -15.154   -72.973    0.0   -0.0    0.0
   -15.136   -72.973    0.0   -0.0    0.0
   -15.119   -72.973    0.0   -0.0    0.0
   -15.101   -72.973    0.0   -0.0    0.0
   -15.083   -72.973    0.0   -0.0    0.0
   -15.065   -72.973    0.0   -0.0    0.0
   -15.047   -72.973    0.0   -0.0    0.0
   -15.029   -72.973    0.0   -0.0    0.0
   -15.011   -72.973    0.0   -0.0    0.0
   -14.993   -72.973    0.0   -0.0    0.0
   -14.975   -72.973    0.0   -0.0    0.0
   -14.957   -72.973    0.0   -0.0    0.0
   -14.939   -72.973    0.0   -0.0   -0.0
   -14.921   -72.973    0.0   -0.0   -0.0
   -14.903   -72.973    0.0   -0.0   -0.0
   -14.885   -72.973    0.0   -0.0   -0.0
   -14.867   -72.973    0.0    0.0   -0.0
   -14.849   -72.973   -0.0    0.0   -0.0
   -14.831   -72.973   -0.0    0.0   -0.0
   -14.813   -72.973   -0.0    0.0   -0.0
   -14.795   -72.973   -0.0    0.0   -0.0
   -14.777   -72.973   -0.0    0.0   -0.0
   -14.760   -72.973   -0.0    0.0   -0.0
   -14.742   -72.973   -0.0    0.0   -0.0
   -14.724   -72.973   -0.0    0.0   -0.1
   -14.706   -72.973   -0.0    0.0   -0.1
   -14.688   -72.973   -0.0    0.0   -0.1
   -14.670   -72.973   -0.0    0.0   -0.1
   -14.652   -72.973   -0.0    0.0   -0.1
   -14.634   -72.973   -0.0    0.0   -0.1
   -14.616   -72.973   -0.0   -0.0   -0.1
   -14.598   -72.973   -0.0   -0.0   -0.1
   -14.580   -72.973   -0.1   -0.0   -0.1
   -14.562   -72.973   -0.1   -0.0   -0.1
   -14.544   -72.973   -0.1   -0.0   -0.1
   -14.526   -72.973   -0.1   -0.0   -0.1
   -14.508   -72.973   -0.1   -0.0   -0.1
   -14.490   -72.973   -0.1   -0.0   -0.1
   -14.472   -72.973   -0.1   -0.0   -0.1
   -14.454   -72.973   -0.1   -0.0   -0.1
   -14.436   -72.973   -0.1   -0.0   -0.1
   -14.418   -72.973   -0.1   -0.0   -0.1
   -14.400   -72.973   -0.1   -0.0   -0.1
   -14.383   -72.973   -0.1   -0.0   -0.1
   -14.365   -72.973   -0.1   -0.0   -0.1
   -14.347   -72.973   -0.1   -0.0   -0.1
   -14.329   -72.973   -0.1   -0.0   -0.1
   -14.311   -72.973   -0.1   -0.0   -0.1
   -14.293   -72.973   -0.1   -0.0   -0.1
   -14.275   -72.973   -0.1   -0.1   -0.1
   -14.257   -72.973   -0.1   -0.1   -0.1
   -14.239   -72.973   -0.1   -0.1   -0.1
   -14.221   -72.973   -0.1   -0.1   -0.1
   -14.203   -72.973   -0.1   -0.1   -0.1
   -14.185   -72.973   -0.1   -0.1   -0.1
   -14.167   -72.973   -0.1   -0.1   -0.1
   -14.149   -72.973   -0.1   -0.1   -0.1
   -14.131   -72.973   -0.1   -0.1   -0.1
   -14.113   -72.973   -0.1   -0.1   -0.1
   -14.095   -72.973   -0.1   -0.1   -0.1
   -14.077   -72.973   -0.1   -0.1   -0.1
   -14.059   -72.973   -0.1   -0.1   -0.1
   -14.041   -72.973   -0.1   -0.1   -0.1
   -14.024   -72.973   -0.1   -0.1   -0.1
   -14.006   -72.973   -0.1   -0.1   -0.1
   -13.988   -72.973   -0.1   -0.1   -0.1
   -13.970   -72.973   -0.1   -0.1   -0.1
   -13.952   -72.973   -0.1   -0.1   -0.1
   -13.934   -72.973   -0.1   -0.1   -0.1
   -13.916   -72.973   -0.1   -0.1   -0.1
   -13.898   -72.973   -0.1   -0.1   -0.1
   -13.880   -72.973   -0.1   -0.1   -0.1
   -13.862   -72.973   -0.1   -0.1   -0.1
   -13.844   -72.973   -0.1   -0.1   -0.1
   -13.826   -72.973   -0.1   -0.1   -0.1
   -13.808   -72.973   -0.1   -0.1   -0.1
   -13.790   -72.973   -0.1   -0.1   -0.1
   -13.772   -72.973   -0.1   -0.1   -0.1
   -13.754   -72.973   -0.1   -0.1   -0.1
   -13.736   -72.973   -0.1   -0.1   -0.1
   -13.718   -72.973   -0.1   -0.1   -0.1
   -13.700   -72.973   -0.1   -0.1   -0.1
   -13.682   -72.973   -0.0   -0.1   -0.1
   -13.664   -72.973   -0.0   -0.1   -0.1
   -13.647   -72.973   -0.0   -0.1   -0.1
   -13.629   -72.973   -0.0   -0.1   -0.1
   -13.611   -72.973   -0.0   -0.1   -0.1
   -15.406   -72.955    0.0   -0.0    0.0
   -15.388   -72.955    0.0   -0.0    0.0
   -15.370   -72.955    0.0   -0.0    0.0
   -15.352   -72.955    0.0   -0.0    0.0
   -15.334   -72.955    0.0   -0.0    0.0
   -15.316   -72.955    0.0   -0.0    0.0
   -15.298   -72.955    0.0   -0.0    0.0
   -15.280   -72.955    0.0   -0.0    0.0
   -15.262   -72.955    0.0   -0.0    0.0
   -15.244   -72.955    0.0   -0.0    0.0
   -15.226   -72.955    0.0   -0.0    0.0
   -15.208   -72.955    0.0   -0.0    0.0
   -15.190   -72.955    0.0   -0.0    0.0
   -15.172   -72.955    0.0   -0.0    0.0
   -15.154   -72.955    0.0   -0.0    0.0
   -15.136   -72.955    0.0   -0.0    0.0
   -15.119   -72.955    0.0   -0.0    0.0
   -15.101   -72.955    0.0   -0.0    0.0
   -15.083   -72.955    0.0   -0.0    0.0
   -15.065   -72.955    0.0   -0.0    0.0
   -15.047   -72.955    0.0   -0.0    0.0
   -15.029   -72.955    0.0   -0.0    0.0
   -15.011   -72.955    0.0   -0.0    0.0
   -14.993   -72.955    0.0   -0.0    0.0
   -14.975   -72.955    0.0   -0.0    0.0
   -14.957   -72.955    0.0   -0.0    0.0
   -14.939   -72.955    0.0   -0.0    0.0
   -14.921   -72.955    0.0   -0.0    0.0
   -14.903   -72.955    0.0   -0.0   -0.0
   -14.885   -72.955    0.0   -0.0   -0.0
   -14.867   -72.955    0.0   -0.0   -0.0
   -14.849   -72.955    0.0   -0.0   -0.0
   -14.831   -72.955    0.0    0.0   -0.0
   -14.813   -72.955   -0.0    0.0   -0.0
   -14.795   -72.955   -0.0    0.0   -0.0
   -14.777   -72.955   -0.0    0.0   -0.0
   -14.760   -72.955   -0.0    0.0   -0.0
   -14.742   -72.955   -0.0    0.0   -0.0
   -14.724   -72.955   -0.0    0.0   -0.0
   -14.706   -72.955   -0.0    0.0   -0.0
   -14.688   -72.955   -0.0    0.0   -0.1
   -14.670   -72.955   -0.0    0.0   -0.1
   -14.652   -72.955   -0.0    0.0   -0.1
   -14.634   -72.955   -0.0   -0.0   -0.1
   -14.616   -72.955   -0.0   -0.0   -0.1
   -14.598   -72.955   -0.0   -0.0   -0.1
   -14.580   -72.955   -0.0   -0.0   -0.1
   -14.562   -72.955   -0.1   -0.0   -0.1
   -14.544   -72.955   -0.1   -0.0   -0.1
   -14.526   -72.955   -0.1   -0.0   -0.1
   -14.508   -72.955   -0.1   -0.0   -0.1
   -14.490   -72.955   -0.1   -0.0   -0.1
   -14.472   -72.955   -0.1   -0.0   -0.1
   -14.454   -72.955   -0.1   -0.0   -0.1
   -14.436   -72.955   -0.1   -0.0   -0.1
   -14.418   -72.955   -0.1   -0.0   -0.1
   -14.400   -72.955   -0.1   -0.0   -0.1
   -14.383   -72.955   -0.1   -0.0   -0.1
   -14.365   -72.955   -0.1   -0.0   -0.1
   -14.347   -72.955   -0.1   -0.0   -0.1
   -14.329   -72.955   -0.1   -0.0   -0.1
   -14.311   -72.955   -0.1   -0.0   -0.1
   -14.293   -72.955   -0.1   -0.0   -0.1
   -14.275   -72.955   -0.1   -0.0   -0.1
   -14.257   -72.955   -0.1   -0.1   -0.1
   -14.239   -72.955   -0.1   -0.1   -0.1
   -14.221   -72.955   -0.1   -0.1   -0.1
   -14.203   -72.955   -0.1   -0.1   -0.1
   -14.185   -72.955   -0.1   -0.1   -0.1
   -14.167   -72.955   -0.1   -0.1   -0.1
   -14.149   -72.955   -0.1   -0.1   -0.1
   -14.131   -72.955   -0.1   -0.1   -0.1
   -14.113   -72.955   -0.1   -0.1   -0.1
   -14.095   -72.955   -0.1   -0.1   -0.1
   -14.077   -72.955   -0.1   -0.1   -0.1
   -14.059   -72.955   -0.1   -0.1   -0.1
   -14.041   -72.955   -0.1   -0.1   -0.1
   -14.024   -72.955   -0.1   -0.1   -0.1
   -14.006   -72.955   -0.1   -0.1   -0.1
   -13.988   -72.955   -0.1   -0.1   -0.1
   -13.970   -72.955   -0.1   -0.1   -0.1
   -13.952   -72.955   -0.1   -0.1   -0.1
   -13.934   -72.955   -0.1   -0.1   -0.1
   -13.916   -72.955   -0.1   -0.1   -0.1
   -13.898   -72.955   -0.1   -0.1   -0.1
   -13.880   -72.955   -0.1   -0.1   -0.1
   -13.862   -72.955   -0.1   -0.1   -0.1
   -13.844   -72.955   -0.1   -0.1   -0.1
   -13.826   -72.955   -0.1   -0.1   -0.1
   -13.808   -72.955   -0.1   -0.1   -0.1
   -13.790   -72.955   -0.1   -0.1   -0.1
   -13.772   -72.955   -0.1   -0.1   -0.1
   -13.754   -72.955   -0.1   -0.1   -0.1
   -13.736   -72.955   -0.1   -0.1   -0.1
   -13.718   -72.955   -0.1   -0.1   -0.1
   -13.700   -72.955   -0.1   -0.1   -0.1
   -13.682   -72.955   -0.0   -0.1   -0.1
   -13.664   -72.955   -0.0   -0.1   -0.1
   -13.647   -72.955   -0.0   -0.1   -0.1
   -13.629   -72.955   -0.0   -0.1   -0.1
   -13.611   -72.955   -0.0   -0.1   -0.1
   -15.406   -72.936    0.0   -0.0    0.0
   -15.388   -72.936    0.0   -0.0    0.0
   -15.370   -72.936    0.0   -0.0    0.0
   -15.352   -72.936    0.0   -0.0    0.0
   -15.334   -72.936    0.0   -0.0    0.0
   -15.316   -72.936    0.0   -0.0    0.0
   -15.298   -72.936    0.0   -0.0    0.0
   -15.280   -72.936    0.0   -0.0    0.0
   -15.262   -72.936    0.0   -0.0    0.0
   -15.244   -72.936    0.0   -0.0    0.0
   -15.226   -72.936    0.0   -0.0    0.0
   -15.208   -72.936    0.0   -0.0    0.0
   -15.190   -72.936    0.0   -0.0    0.0
   -15.172   -72.936    0.0   -0.0    0.0
   -15.154   -72.936    0.0   -0.0    0.0
   -15.136   -72.936    0.0   -0.0    0.0
   -15.119   -72.936    0.0   -0.0    0.0
   -15.101   -72.936    0.0   -0.0    0.0
   -15.083   -72.936    0.0   -0.0    0.0
   -15.065   -72.936    0.0   -0.0    0.0
   -15.047   -72.936    0.0   -0.0    0.0
   -15.029   -72.936    0.0   -0.0    0.0
   -15.011   -72.936    0.0   -0.0    0.0
   -14.993   -72.936    0.0   -0.0    0.0
   -14.975   -72.936    0.0   -0.0    0.0
   -14.957   -72.936    0.0   -0.0    0.0
   -14.939   -72.936    0.0   -0.0    0.0
   -14.921   -72.936    0.0   -0.0    0.0
   -14.903   -72.936    0.0   -0.0    0.0
   -14.885   -72.936    0.0   -0.0   -0.0
   -14.867   -72.936    0.0   -0.0   -0.0
   -14.849   -72.936    0.0   -0.0   -0.0
   -14.831   -72.936    0.0   -0.0   -0.0
   -14.813   -72.936    0.0   -0.0   -0.0
   -14.795   -72.936   -0.0   -0.0   -0.0
   -14.777   -72.936   -0.0    0.0   -0.0
   -14.760   -72.936   -0.0    0.0   -0.0
   -14.742   -72.936   -0.0    0.0   -0.0
   -14.724   -72.936   -0.0    0.0   -0.0
   -14.706   -72.936   -0.0    0.0   -0.0
   -14.688   -72.936   -0.0    0.0   -0.0
   -14.670   -72.936   -0.0    0.0   -0.0
   -14.652   -72.936   -0.0   -0.0   -0.1
   -14.634   -72.936   -0.0   -0.0   -0.1
   -14.616   -72.936   -0.0   -0.0   -0.1
   -14.598   -72.936   -0.0   -0.0   -0.1
   -14.580   -72.936   -0.0   -0.0   -0.1
   -14.562   -72.936   -0.0   -0.0   -0.1
   -14.544   -72.936   -0.0   -0.0   -0.1
   -14.526   -72.936   -0.1   -0.0   -0.1
   -14.508   -72.936   -0.1   -0.0   -0.1
   -14.490   -72.936   -0.1   -0.0   -0.1
   -14.472   -72.936   -0.1   -0.0   -0.1
   -14.454   -72.936   -0.1   -0.0   -0.1
   -14.436   -72.936   -0.1   -0.0   -0.1
   -14.418   -72.936   -0.1   -0.0   -0.1
   -14.400   -72.936   -0.1   -0.0   -0.1
   -14.383   -72.936   -0.1   -0.0   -0.1
   -14.365   -72.936   -0.1   -0.0   -0.1
   -14.347   -72.936   -0.1   -0.0   -0.1
   -14.329   -72.936   -0.1   -0.0   -0.1
   -14.311   -72.936   -0.1   -0.0   -0.1
   -14.293   -72.936   -0.1   -0.0   -0.1
   -14.275   -72.936   -0.1   -0.0   -0.1
   -14.257   -72.936   -0.1   -0.0   -0.1
   -14.239   -72.936   -0.1   -0.0   -0.1
   -14.221   -72.936   -0.1   -0.1   -0.1
   -14.203   -72.936   -0.1   -0.1   -0.1
   -14.185   -72.936   -0.1   -0.1   -0.1
   -14.167   -72.936   -0.1   -0.1   -0.1
   -14.149   -72.936   -0.1   -0.1   -0.1
   -14.131   -72.936   -0.1   -0.1   -0.1
   -14.113   -72.936   -0.1   -0.1   -0.1
   -14.095   -72.936   -0.1   -0.1   -0.1
   -14.077   -72.936   -0.1   -0.1   -0.1
   -14.059   -72.936   -0.1   -0.1   -0.1
   -14.041   -72.936   -0.1   -0.1   -0.1
   -14.024   -72.936   -0.1   -0.1   -0.1
   -14.006   -72.936   -0.1   -0.1   -0.1
   -13.988   -72.936   -0.1   -0.1   -0.1
   -13.970   -72.936   -0.1   -0.1   -0.1
   -13.952   -72.936   -0.1   -0.1   -0.1
   -13.934   -72.936   -0.1   -0.1   -0.1
   -13.916   -72.936   -0.1   -0.1   -0.1
   -13.898   -72.936   -0.1   -0.1   -0.1
   -13.880   -72.936   -0.1   -0.1   -0.1
   -13.862   -72.936   -0.1   -0.1   -0.1
   -13.844   -72.936   -0.1   -0.1   -0.1
   -13.826   -72.936   -0.1   -0.1   -0.1
   -13.808   -72.936   -0.1   -0.1   -0.1
   -13.790   -72.936   -0.1   -0.1   -0.1
   -13.772   -72.936   -0.1   -0.1   -0.1
   -13.754   -72.936   -0.1   -0.1   -0.1
   -13.736   -72.936   -0.1   -0.1   -0.1
   -13.718   -72.936   -0.1   -0.1   -0.1
   -13.700   -72.936   -0.0   -0.1   -0.1
   -13.682   -72.936   -0.0   -0.1   -0.1
   -13.664   -72.936   -0.0   -0.1   -0.1
   -13.647   -72.936   -0.0   -0.1   -0.1
   -13.629   -72.936   -0.0   -0.1   -0.1
   -13.611   -72.936   -0.0   -0.1   -0.1
   -15.406   -72.917    0.0   -0.0    0.0
   -15.388   -72.917    0.0   -0.0    0.0
   -15.370   -72.917    0.0   -0.0    0.0
   -15.352   -72.917    0.0   -0.0    0.0
   -15.334   -72.917    0.0   -0.0    0.0
   -15.316   -72.917    0.0   -0.0    0.0
   -15.298   -72.917    0.0   -0.0    0.0
   -15.280   -72.917    0.0   -0.0    0.0
   -15.262   -72.917    0.0   -0.0    0.0
   -15.244   -72.917    0.0   -0.0    0.0
   -15.226   -72.917    0.0   -0.0    0.0
   -15.208   -72.917    0.0   -0.0    0.0
   -15.190   -72.917    0.0   -0.0    0.0
   -15.172   -72.917    0.0   -0.0    0.0
   -15.154   -72.917    0.0   -0.0    0.0
   -15.136   -72.917    0.0   -0.0    0.0
   -15.119   -72.917    0.0   -0.0    0.0
   -15.101   -72.917    0.0   -0.0    0.0
   -15.083   -72.917    0.0   -0.0    0.0
   -15.065   -72.917    0.0   -0.0    0.0
   -15.047   -72.917    0.0   -0.0    0.0
   -15.029   -72.917    0.0   -0.0    0.0
   -15.011   -72.917    0.0   -0.0    0.0
   -14.993   -72.917    0.0   -0.0    0.0
   -14.975   -72.917    0.0   -0.0    0.0
   -14.957   -72.917    0.0   -0.0    0.0
   -14.939   -72.917    0.0   -0.0    0.0
   -14.921   -72.917    0.0   -0.0    0.0
   -14.903   -72.917    0.0   -0.0    0.0
   -14.885   -72.917    0.0   -0.0    0.0
   -14.867   -72.917    0.0   -0.0   -0.0
   -14.849   -72.917    0.0   -0.0   -0.0
   -14.831   -72.917    0.0   -0.0   -0.0
   -14.813   -72.917    0.0   -0.0   -0.0
   -14.795   -72.917    0.0   -0.0   -0.0
   -14.777   -72.917   -0.0   -0.0   -0.0
   -14.760   -72.917   -0.0   -0.0   -0.0
   -14.742   -72.917   -0.0   -0.0   -0.0
   -14.724   -72.917   -0.0   -0.0   -0.0
   -14.706   -72.917   -0.0   -0.0   -0.0
   -14.688   -72.917   -0.0   -0.0   -0.0
   -14.670   -72.917   -0.0   -0.0   -0.0
   -14.652   -72.917   -0.0   -0.0   -0.0
   -14.634   -72.917   -0.0   -0.0   -0.1
   -14.616   -72.917   -0.0   -0.0   -0.1
   -14.598   -72.917   -0.0   -0.0   -0.1
   -14.580   -72.917   -0.0   -0.0   -0.1
   -14.562   -72.917   -0.0   -0.0   -0.1
   -14.544   -72.917   -0.0   -0.0   -0.1
   -14.526   -72.917   -0.0   -0.0   -0.1
   -14.508   -72.917   -0.0   -0.0   -0.1
   -14.490   -72.917   -0.1   -0.0   -0.1
   -14.472   -72.917   -0.1   -0.0   -0.1
   -14.454   -72.917   -0.1   -0.0   -0.1
   -14.436   -72.917   -0.1   -0.0   -0.1
   -14.418   -72.917   -0.1   -0.0   -0.1
   -14.400   -72.917   -0.1   -0.0   -0.1
   -14.383   -72.917   -0.1   -0.0   -0.1
   -14.365   -72.917   -0.1   -0.0   -0.1
   -14.347   -72.917   -0.1   -0.0   -0.1
   -14.329   -72.917   -0.1   -0.0   -0.1
   -14.311   -72.917   -0.1   -0.0   -0.1
   -14.293   -72.917   -0.1   -0.0   -0.1
   -14.275   -72.917   -0.1   -0.0   -0.1
   -14.257   -72.917   -0.1   -0.0   -0.1
   -14.239   -72.917   -0.1   -0.0   -0.1
   -14.221   -72.917   -0.1   -0.0   -0.1
   -14.203   -72.917   -0.1   -0.1   -0.1
   -14.185   -72.917   -0.1   -0.1   -0.1
   -14.167   -72.917   -0.1   -0.1   -0.1
   -14.149   -72.917   -0.1   -0.1   -0.1
   -14.131   -72.917   -0.1   -0.1   -0.1
   -14.113   -72.917   -0.1   -0.1   -0.1
   -14.095   -72.917   -0.1   -0.1   -0.1
   -14.077   -72.917   -0.1   -0.1   -0.1
   -14.059   -72.917   -0.1   -0.1   -0.1
   -14.041   -72.917   -0.1   -0.1   -0.1
   -14.024   -72.917   -0.1   -0.1   -0.1
   -14.006   -72.917   -0.1   -0.1   -0.1
   -13.988   -72.917   -0.1   -0.1   -0.1
   -13.970   -72.917   -0.1   -0.1   -0.1
   -13.952   -72.917   -0.1   -0.1   -0.1
   -13.934   -72.917   -0.1   -0.1   -0.1
   -13.916   -72.917   -0.1   -0.1   -0.1
   -13.898   -72.917   -0.1   -0.1   -0.1
   -13.880   -72.917   -0.1   -0.1   -0.1
   -13.862   -72.917   -0.1   -0.1   -0.1
   -13.844   -72.917   -0.1   -0.1   -0.1
   -13.826   -72.917   -0.1   -0.1   -0.1
   -13.808   -72.917   -0.1   -0.1   -0.1
   -13.790   -72.917   -0.1   -0.1   -0.1
   -13.772   -72.917   -0.1   -0.1   -0.1
   -13.754   -72.917   -0.1   -0.1   -0.1
   -13.736   -72.917   -0.1   -0.1   -0.1
   -13.718   -72.917   -0.1   -0.1   -0.1
   -13.700   -72.917   -0.0   -0.1   -0.1
   -13.682   -72.917   -0.0   -0.1   -0.1
   -13.664   -72.917   -0.0   -0.1   -0.1
   -13.647   -72.917   -0.0   -0.1   -0.1
   -13.629   -72.917   -0.0   -0.1   -0.1
   -13.611   -72.917   -0.0   -0.1   -0.1
   -15.406   -72.899    0.0   -0.0    0.0
   -15.388   -72.899    0.0   -0.0    0.0
   -15.370   -72.899    0.0   -0.0    0.0
   -15.352   -72.899    0.0   -0.0    0.0
   -15.334   -72.899    0.0   -0.0    0.0
   -15.316   -72.899    0.0   -0.0    0.0
   -15.298   -72.899    0.0   -0.0    0.0
   -15.280   -72.899    0.0   -0.0    0.0
   -15.262   -72.899    0.0   -0.0    0.0
   -15.244   -72.899    0.0   -0.0    0.0
   -15.226   -72.899    0.0   -0.0    0.0
   -15.208   -72.899    0.0   -0.0    0.0
   -15.190   -72.899    0.0   -0.0    0.0
   -15.172   -72.899    0.0   -0.0    0.0
   -15.154   -72.899    0.0   -0.0    0.0
   -15.136   -72.899    0.0   -0.0    0.0
   -15.119   -72.899    0.0   -0.0    0.0
   -15.101   -72.899    0.0   -0.0    0.0
   -15.083   -72.899    0.0   -0.0    0.0
   -15.065   -72.899    0.0   -0.0    0.0
   -15.047   -72.899    0.0   -0.0    0.0
   -15.029   -72.899    0.0   -0.0    0.0
   -15.011   -72.899    0.0   -0.0    0.0
   -14.993   -72.899    0.0   -0.0    0.0
   -14.975   -72.899    0.0   -0.0    0.0
   -14.957   -72.899    0.0   -0.0    0.0
   -14.939   -72.899    0.0   -0.0    0.0
   -14.921   -72.899    0.0   -0.0    0.0
   -14.903   -72.899    0.0   -0.0    0.0
   -14.885   -72.899    0.0   -0.0    0.0
   -14.867   -72.899    0.0   -0.0    0.0
   -14.849   -72.899    0.0   -0.0    0.0
   -14.831   -72.899    0.0   -0.0   -0.0
   -14.813   -72.899    0.0   -0.0   -0.0
   -14.795   -72.899    0.0   -0.0   -0.0
   -14.777   -72.899    0.0   -0.0   -0.0
   -14.760   -72.899    0.0   -0.0   -0.0
   -14.742   -72.899   -0.0   -0.0   -0.0
   -14.724   -72.899   -0.0   -0.0   -0.0
   -14.706   -72.899   -0.0   -0.0   -0.0
   -14.688   -72.899   -0.0   -0.0   -0.0
   -14.670   -72.899   -0.0   -0.0   -0.0
   -14.652   -72.899   -0.0   -0.0   -0.0
   -14.634   -72.899   -0.0   -0.0   -0.0
   -14.616   -72.899   -0.0   -0.0   -0.0
   -14.598   -72.899   -0.0   -0.0   -0.1
   -14.580   -72.899   -0.0   -0.0   -0.1
   -14.562   -72.899   -0.0   -0.0   -0.1
   -14.544   -72.899   -0.0   -0.0   -0.1
   -14.526   -72.899   -0.0   -0.0   -0.1
   -14.508   -72.899   -0.0   -0.0   -0.1
   -14.490   -72.899   -0.0   -0.0   -0.1
   -14.472   -72.899   -0.0   -0.0   -0.1
   -14.454   -72.899   -0.1   -0.0   -0.1
   -14.436   -72.899   -0.1   -0.0   -0.1
   -14.418   -72.899   -0.1   -0.0   -0.1
   -14.400   -72.899   -0.1   -0.0   -0.1
   -14.383   -72.899   -0.1   -0.0   -0.1
   -14.365   -72.899   -0.1   -0.0   -0.1
   -14.347   -72.899   -0.1   -0.0   -0.1
   -14.329   -72.899   -0.1   -0.0   -0.1
   -14.311   -72.899   -0.1   -0.0   -0.1
   -14.293   -72.899   -0.1   -0.0   -0.1
   -14.275   -72.899   -0.1   -0.0   -0.1
   -14.257   -72.899   -0.1   -0.0   -0.1
   -14.239   -72.899   -0.1   -0.0   -0.1
   -14.221   -72.899   -0.1   -0.0   -0.1
   -14.203   -72.899   -0.1   -0.0   -0.1
   -14.185   -72.899   -0.1   -0.1   -0.1
   -14.167   -72.899   -0.1   -0.1   -0.1
   -14.149   -72.899   -0.1   -0.1   -0.1
   -14.131   -72.899   -0.1   -0.1   -0.1
   -14.113   -72.899   -0.1   -0.1   -0.1
   -14.095   -72.899   -0.1   -0.1   -0.1
   -14.077   -72.899   -0.1   -0.1   -0.1
   -14.059   -72.899   -0.1   -0.1   -0.1
   -14.041   -72.899   -0.1   -0.1   -0.1
   -14.024   -72.899   -0.1   -0.1   -0.1
   -14.006   -72.899   -0.1   -0.1   -0.1
   -13.988   -72.899   -0.1   -0.1   -0.1
   -13.970   -72.899   -0.1   -0.1   -0.1
   -13.952   -72.899   -0.1   -0.1   -0.1
   -13.934   -72.899   -0.1   -0.1   -0.1
   -13.916   -72.899   -0.1   -0.1   -0.1
   -13.898   -72.899   -0.1   -0.1   -0.1
   -13.880   -72.899   -0.1   -0.1   -0.1
   -13.862   -72.899   -0.1   -0.1   -0.1
   -13.844   -72.899   -0.1   -0.1   -0.1
   -13.826   -72.899   -0.1   -0.1   -0.1
   -13.808   -72.899   -0.1   -0.1   -0.1
   -13.790   -72.899   -0.1   -0.1   -0.1
   -13.772   -72.899   -0.1   -0.1   -0.1
   -13.754   -72.899   -0.1   -0.1   -0.1
   -13.736   -72.899   -0.1   -0.1   -0.1
   -13.718   -72.899   -0.0   -0.1   -0.1
   -13.700   -72.899   -0.0   -0.1   -0.1
   -13.682   -72.899   -0.0   -0.1   -0.1
   -13.664   -72.899   -0.0   -0.1   -0.1
   -13.647   -72.899   -0.0   -0.1   -0.1
   -13.629   -72.899   -0.0   -0.1   -0.1
   -13.611   -72.899   -0.0   -0.1   -0.1
   -15.406   -72.880    0.0   -0.0    0.0
   -15.388   -72.880    0.0   -0.0    0.0
   -15.370   -72.880    0.0   -0.0    0.0
   -15.352   -72.880    0.0   -0.0    0.0
   -15.334   -72.880    0.0   -0.0    0.0
   -15.316   -72.880    0.0   -0.0    0.0
   -15.298   -72.880    0.0   -0.0    0.0
   -15.280   -72.880    0.0   -0.0    0.0
   -15.262   -72.880    0.0   -0.0    0.0
   -15.244   -72.880    0.0   -0.0    0.0
   -15.226   -72.880    0.0   -0.0    0.0
   -15.208   -72.880    0.0   -0.0    0.0
   -15.190   -72.880    0.0   -0.0    0.0
   -15.172   -72.880    0.0   -0.0    0.0
   -15.154   -72.880    0.0   -0.0    0.0
   -15.136   -72.880    0.0   -0.0    0.0
   -15.119   -72.880    0.0   -0.0    0.0
   -15.101   -72.880    0.0   -0.0    0.0
   -15.083   -72.880    0.0   -0.0    0.0
   -15.065   -72.880    0.0   -0.0    0.0
   -15.047   -72.880    0.0   -0.0    0.0
   -15.029   -72.880    0.0   -0.0    0.0
   -15.011   -72.880    0.0   -0.0    0.0
   -14.993   -72.880    0.0   -0.0    0.0
   -14.975   -72.880    0.0   -0.0    0.0
   -14.957   -72.880    0.0   -0.0    0.0
   -14.939   -72.880    0.0   -0.0    0.0
   -14.921   -72.880    0.0   -0.0    0.0
   -14.903   -72.880    0.0   -0.0    0.0
   -14.885   -72.880    0.0   -0.0    0.0
   -14.867   -72.880    0.0   -0.0    0.0
   -14.849   -72.880    0.0   -0.0    0.0
   -14.831   -72.880    0.0   -0.0    0.0
   -14.813   -72.880    0.0   -0.0   -0.0
   -14.795   -72.880    0.0   -0.0   -0.0
   -14.777   -72.880    0.0   -0.0   -0.0
   -14.760   -72.880    0.0   -0.0   -0.0
   -14.742   -72.880    0.0   -0.0   -0.0
   -14.724   -72.880   -0.0   -0.0   -0.0
   -14.706   -72.880   -0.0   -0.0   -0.0
   -14.688   -72.880   -0.0   -0.0   -0.0
   -14.670   -72.880   -0.0   -0.0   -0.0
   -14.652   -72.880   -0.0   -0.0   -0.0
   -14.634   -72.880   -0.0   -0.0   -0.0
   -14.616   -72.880   -0.0   -0.0   -0.0
   -14.598   -72.880   -0.0   -0.0   -0.0
   -14.580   -72.880   -0.0   -0.0   -0.0
   -14.562   -72.880   -0.0   -0.0   -0.1
   -14.544   -72.880   -0.0   -0.0   -0.1
   -14.526   -72.880   -0.0   -0.0   -0.1
   -14.508   -72.880   -0.0   -0.0   -0.1
   -14.490   -72.880   -0.0   -0.0   -0.1
   -14.472   -72.880   -0.0   -0.0   -0.1
   -14.454   -72.880   -0.0   -0.0   -0.1
   -14.436   -72.880   -0.0   -0.0   -0.1
   -14.418   -72.880   -0.1   -0.0   -0.1
   -14.400   -72.880   -0.1   -0.0   -0.1
   -14.383   -72.880   -0.1   -0.0   -0.1
   -14.365   -72.880   -0.1   -0.0   -0.1
   -14.347   -72.880   -0.1   -0.0   -0.1
   -14.329   -72.880   -0.1   -0.0   -0.1
   -14.311   -72.880   -0.1   -0.0   -0.1
   -14.293   -72.880   -0.1   -0.0   -0.1
   -14.275   -72.880   -0.1   -0.0   -0.1
   -14.257   -72.880   -0.1   -0.0   -0.1
   -14.239   -72.880   -0.1   -0.0   -0.1
   -14.221   -72.880   -0.1   -0.0   -0.1
   -14.203   -72.880   -0.1   -0.0   -0.1
   -14.185   -72.880   -0.1   -0.0   -0.1
   -14.167   -72.880   -0.1   -0.0   -0.1
   -14.149   -72.880   -0.1   -0.1   -0.1
   -14.131   -72.880   -0.1   -0.1   -0.1
   -14.113   -72.880   -0.1   -0.1   -0.1
   -14.095   -72.880   -0.1   -0.1   -0.1
   -14.077   -72.880   -0.1   -0.1   -0.1
   -14.059   -72.880   -0.1   -0.1   -0.1
   -14.041   -72.880   -0.1   -0.1   -0.1
   -14.024   -72.880   -0.1   -0.1   -0.1
   -14.006   -72.880   -0.1   -0.1   -0.1
   -13.988   -72.880   -0.1   -0.1   -0.1
   -13.970   -72.880   -0.1   -0.1   -0.1
   -13.952   -72.880   -0.1   -0.1   -0.1
   -13.934   -72.880   -0.1   -0.1   -0.1
   -13.916   -72.880   -0.1   -0.1   -0.1
   -13.898   -72.880   -0.1   -0.1   -0.1
   -13.880   -72.880   -0.1   -0.1   -0.1
   -13.862   -72.880   -0.1   -0.1   -0.1
   -13.844   -72.880   -0.1   -0.1   -0.1
   -13.826   -72.880   -0.1   -0.1   -0.1
   -13.808   -72.880   -0.1   -0.1   -0.1
   -13.790   -72.880   -0.1   -0.1   -0.1
   -13.772   -72.880   -0.1   -0.1   -0.1
   -13.754   -72.880   -0.1   -0.1   -0.1
   -13.736   -72.880   -0.1   -0.1   -0.1
   -13.718   -72.880   -0.0   -0.1   -0.1
   -13.700   -72.880   -0.0   -0.1   -0.1
   -13.682   -72.880   -0.0   -0.1   -0.1
   -13.664   -72.880   -0.0   -0.1   -0.1
   -13.647   -72.880   -0.0   -0.1   -0.1
   -13.629   -72.880   -0.0   -0.1   -0.1
   -13.611   -72.880   -0.0   -0.1   -0.0
   -15.406   -72.862    0.0   -0.0    0.0
   -15.388   -72.862    0.0   -0.0    0.0
   -15.370   -72.862    0.0   -0.0    0.0
   -15.352   -72.862    0.0   -0.0    0.0
   -15.334   -72.862    0.0   -0.0    0.0
   -15.316   -72.862    0.0   -0.0    0.0
   -15.298   -72.862    0.0   -0.0    0.0
   -15.280   -72.862    0.0   -0.0    0.0
   -15.262   -72.862    0.0   -0.0    0.0
   -15.244   -72.862    0.0   -0.0    0.0
   -15.226   -72.862    0.0   -0.0    0.0
   -15.208   -72.862    0.0   -0.0    0.0
   -15.190   -72.862    0.0   -0.0    0.0
   -15.172   -72.862    0.0   -0.0    0.0
   -15.154   -72.862    0.0   -0.0    0.0
   -15.136   -72.862    0.0   -0.0    0.0
   -15.119   -72.862    0.0   -0.0    0.0
   -15.101   -72.862    0.0   -0.0    0.0
   -15.083   -72.862    0.0   -0.0    0.0
   -15.065   -72.862    0.0   -0.0    0.0
   -15.047   -72.862    0.0   -0.0    0.0
   -15.029   -72.862    0.0   -0.0    0.0
   -15.011   -72.862    0.0   -0.0    0.0
   -14.993   -72.862    0.0   -0.0    0.0
   -14.975   -72.862    0.0   -0.0    0.0
   -14.957   -72.862    0.0   -0.0    0.0
   -14.939   -72.862    0.0   -0.0    0.0
   -14.921   -72.862    0.0   -0.0    0.0
   -14.903   -72.862    0.0   -0.0    0.0
   -14.885   -72.862    0.0   -0.0    0.0
   -14.867   -72.862    0.0   -0.0    0.0
   -14.849   -72.862    0.0   -0.0    0.0
   -14.831   -72.862    0.0   -0.0    0.0
   -14.813   -72.862    0.0   -0.0    0.0
   -14.795   -72.862    0.0   -0.0    0.0
   -14.777   -72.862    0.0   -0.0   -0.0
   -14.760   -72.862    0.0   -0.0   -0.0
   -14.742   -72.862    0.0   -0.0   -0.0
   -14.724   -72.862    0.0   -0.0   -0.0
   -14.706   -72.862   -0.0   -0.0   -0.0
   -14.688   -72.862   -0.0   -0.0   -0.0
   -14.670   -72.862   -0.0   -0.0   -0.0
   -14.652   -72.862   -0.0   -0.0   -0.0
   -14.634   -72.862   -0.0   -0.0   -0.0
   -14.616   -72.862   -0.0   -0.0   -0.0
   -14.598   -72.862   -0.0   -0.0   -0.0
   -14.580   -72.862   -0.0   -0.0   -0.0
   -14.562   -72.862   -0.0   -0.0   -0.0
   -14.544   -72.862   -0.0   -0.0   -0.0
   -14.526   -72.862   -0.0   -0.0   -0.1
   -14.508   -72.862   -0.0   -0.0   -0.1
   -14.490   -72.862   -0.0   -0.0   -0.1
   -14.472   -72.862   -0.0   -0.0   -0.1
   -14.454   -72.862   -0.0   -0.0   -0.1
   -14.436   -72.862   -0.0   -0.0   -0.1
   -14.418   -72.862   -0.0   -0.0   -0.1
   -14.400   -72.862   -0.0   -0.0   -0.1
   -14.383   -72.862   -0.1   -0.0   -0.1
   -14.365   -72.862   -0.1   -0.0   -0.1
   -14.347   -72.862   -0.1   -0.0   -0.1
   -14.329   -72.862   -0.1   -0.0   -0.1
   -14.311   -72.862   -0.1   -0.0   -0.1
   -14.293   -72.862   -0.1   -0.0   -0.1
   -14.275   -72.862   -0.1   -0.0   -0.1
   -14.257   -72.862   -0.1   -0.0   -0.1
   -14.239   -72.862   -0.1   -0.0   -0.1
   -14.221   -72.862   -0.1   -0.0   -0.1
   -14.203   -72.862   -0.1   -0.0   -0.1
   -14.185   -72.862   -0.1   -0.0   -0.1
   -14.167   -72.862   -0.1   -0.0   -0.1
   -14.149   -72.862   -0.1   -0.0   -0.1
   -14.131   -72.862   -0.1   -0.0   -0.1
   -14.113   -72.862   -0.1   -0.1   -0.1
   -14.095   -72.862   -0.1   -0.1   -0.1
   -14.077   -72.862   -0.1   -0.1   -0.1
   -14.059   -72.862   -0.1   -0.1   -0.1
   -14.041   -72.862   -0.1   -0.1   -0.1
   -14.024   -72.862   -0.1   -0.1   -0.1
   -14.006   -72.862   -0.1   -0.1   -0.1
   -13.988   -72.862   -0.1   -0.1   -0.1
   -13.970   -72.862   -0.1   -0.1   -0.1
   -13.952   -72.862   -0.1   -0.1   -0.1
   -13.934   -72.862   -0.1   -0.1   -0.1
   -13.916   -72.862   -0.1   -0.1   -0.1
   -13.898   -72.862   -0.1   -0.1   -0.1
   -13.880   -72.862   -0.1   -0.1   -0.1
   -13.862   -72.862   -0.1   -0.1   -0.1
   -13.844   -72.862   -0.1   -0.1   -0.1
   -13.826   -72.862   -0.1   -0.1   -0.1
   -13.808   -72.862   -0.1   -0.1   -0.1
   -13.790   -72.862   -0.1   -0.1   -0.1
   -13.772   -72.862   -0.1   -0.1   -0.1
   -13.754   -72.862   -0.1   -0.1   -0.1
   -13.736   -72.862   -0.0   -0.1   -0.1
   -13.718   -72.862   -0.0   -0.1   -0.1
   -13.700   -72.862   -0.0   -0.1   -0.1
   -13.682   -72.862   -0.0   -0.1   -0.1
   -13.664   -72.862   -0.0   -0.1   -0.1
   -13.647   -72.862   -0.0   -0.1   -0.1
   -13.629   -72.862   -0.0   -0.1   -0.0
   -13.611   -72.862   -0.0   -0.1   -0.0
   -15.406   -72.843    0.0   -0.0    0.0
   -15.388   -72.843    0.0   -0.0    0.0
   -15.370   -72.843    0.0   -0.0    0.0
   -15.352   -72.843    0.0   -0.0    0.0
   -15.334   -72.843    0.0   -0.0    0.0
   -15.316   -72.843    0.0   -0.0    0.0
   -15.298   -72.843    0.0   -0.0    0.0
   -15.280   -72.843    0.0   -0.0    0.0
   -15.262   -72.843    0.0   -0.0    0.0
   -15.244   -72.843    0.0   -0.0    0.0
   -15.226   -72.843    0.0   -0.0    0.0
   -15.208   -72.843    0.0   -0.0    0.0
   -15.190   -72.843    0.0   -0.0    0.0
   -15.172   -72.843    0.0   -0.0    0.0
   -15.154   -72.843    0.0   -0.0    0.0
   -15.136   -72.843    0.0   -0.0    0.0
   -15.119   -72.843    0.0   -0.0    0.0
   -15.101   -72.843    0.0   -0.0    0.0
   -15.083   -72.843    0.0   -0.0    0.0
   -15.065   -72.843    0.0   -0.0    0.0
   -15.047   -72.843    0.0   -0.0    0.0
   -15.029   -72.843    0.0   -0.0    0.0
   -15.011   -72.843    0.0   -0.0    0.0
   -14.993   -72.843    0.0   -0.0    0.0
   -14.975   -72.843    0.0   -0.0    0.0
   -14.957   -72.843    0.0   -0.0    0.0
   -14.939   -72.843    0.0   -0.0    0.0
   -14.921   -72.843    0.0   -0.0    0.0
   -14.903   -72.843    0.0   -0.0    0.0
   -14.885   -72.843    0.0   -0.0    0.0
   -14.867   -72.843    0.0   -0.0    0.0
   -14.849   -72.843    0.0   -0.0    0.0
   -14.831   -72.843    0.0   -0.0    0.0
   -14.813   -72.843    0.0   -0.0    0.0
   -14.795   -72.843    0.0   -0.0    0.0
   -14.777   -72.843    0.0   -0.0    0.0
   -14.760   -72.843    0.0   -0.0   -0.0
   -14.742   -72.843    0.0   -0.0   -0.0
   -14.724   -72.843    0.0   -0.0   -0.0
   -14.706   -72.843    0.0   -0.0   -0.0
   -14.688   -72.843    0.0   -0.0   -0.0
   -14.670   -72.843   -0.0   -0.0   -0.0
   -14.652   -72.843   -0.0   -0.0   -0.0
   -14.634   -72.843   -0.0   -0.0   -0.0
   -14.616   -72.843   -0.0   -0.0   -0.0
   -14.598   -72.843   -0.0   -0.0   -0.0
   -14.580   -72.843   -0.0   -0.0   -0.0
   -14.562   -72.843   -0.0   -0.0   -0.0
   -14.544   -72.843   -0.0   -0.0   -0.0
   -14.526   -72.843   -0.0   -0.0   -0.0
   -14.508   -72.843   -0.0   -0.0   -0.0
   -14.490   -72.843   -0.0   -0.0   -0.1
   -14.472   -72.843   -0.0   -0.0   -0.1
   -14.454   -72.843   -0.0   -0.0   -0.1
   -14.436   -72.843   -0.0   -0.0   -0.1
   -14.418   -72.843   -0.0   -0.0   -0.1
   -14.400   -72.843   -0.0   -0.0   -0.1
   -14.383   -72.843   -0.0   -0.0   -0.1
   -14.365   -72.843   -0.0   -0.0   -0.1
   -14.347   -72.843   -0.1   -0.0   -0.1
   -14.329   -72.843   -0.1   -0.0   -0.1
   -14.311   -72.843   -0.1   -0.0   -0.1
   -14.293   -72.843   -0.1   -0.0   -0.1
   -14.275   -72.843   -0.1   -0.0   -0.1
   -14.257   -72.843   -0.1   -0.0   -0.1
   -14.239   -72.843   -0.1   -0.0   -0.1
   -14.221   -72.843   -0.1   -0.0   -0.1
   -14.203   -72.843   -0.1   -0.0   -0.1
   -14.185   -72.843   -0.1   -0.0   -0.1
   -14.167   -72.843   -0.1   -0.0   -0.1
   -14.149   -72.843   -0.1   -0.0   -0.1
   -14.131   -72.843   -0.1   -0.0   -0.1
   -14.113   -72.843   -0.1   -0.0   -0.1
   -14.095   -72.843   -0.1   -0.0   -0.1
   -14.077   -72.843   -0.1   -0.1   -0.1
   -14.059   -72.843   -0.1   -0.1   -0.1
   -14.041   -72.843   -0.1   -0.1   -0.1
   -14.024   -72.843   -0.1   -0.1   -0.1
   -14.006   -72.843   -0.1   -0.1   -0.1
   -13.988   -72.843   -0.1   -0.1   -0.1
   -13.970   -72.843   -0.1   -0.1   -0.1
   -13.952   -72.843   -0.1   -0.1   -0.1
   -13.934   -72.843   -0.1   -0.1   -0.1
   -13.916   -72.843   -0.1   -0.1   -0.1
   -13.898   -72.843   -0.1   -0.1   -0.1
   -13.880   -72.843   -0.1   -0.1   -0.1
   -13.862   -72.843   -0.1   -0.1   -0.1
   -13.844   -72.843   -0.1   -0.1   -0.1
   -13.826   -72.843   -0.1   -0.1   -0.1
   -13.808   -72.843   -0.1   -0.1   -0.1
   -13.790   -72.843   -0.1   -0.1   -0.1
   -13.772   -72.843   -0.1   -0.1   -0.1
   -13.754   -72.843   -0.0   -0.1   -0.1
   -13.736   -72.843   -0.0   -0.1   -0.1
   -13.718   -72.843   -0.0   -0.1   -0.1
   -13.700   -72.843   -0.0   -0.1   -0.1
   -13.682   -72.843   -0.0   -0.1   -0.1
   -13.664   -72.843   -0.0   -0.1   -0.0
   -13.647   -72.843   -0.0   -0.1   -0.0
   -13.629   -72.843   -0.0   -0.1   -0.0
   -13.611   -72.843   -0.0   -0.1   -0.0
   -15.406   -72.825    0.0   -0.0    0.0
   -15.388   -72.825    0.0   -0.0    0.0
   -15.370   -72.825    0.0   -0.0    0.0
   -15.352   -72.825    0.0   -0.0    0.0
   -15.334   -72.825    0.0   -0.0    0.0
   -15.316   -72.825    0.0   -0.0    0.0
   -15.298   -72.825    0.0   -0.0    0.0
   -15.280   -72.825    0.0   -0.0    0.0
   -15.262   -72.825    0.0   -0.0    0.0
   -15.244   -72.825    0.0   -0.0    0.0
   -15.226   -72.825    0.0   -0.0    0.0
   -15.208   -72.825    0.0   -0.0    0.0
   -15.190   -72.825    0.0   -0.0    0.0
   -15.172   -72.825    0.0   -0.0    0.0
   -15.154   -72.825    0.0   -0.0    0.0
   -15.136   -72.825    0.0   -0.0    0.0
   -15.119   -72.825    0.0   -0.0    0.0
   -15.101   -72.825    0.0   -0.0    0.0
   -15.083   -72.825    0.0   -0.0    0.0
   -15.065   -72.825    0.0   -0.0    0.0
   -15.047   -72.825    0.0   -0.0    0.0
   -15.029   -72.825    0.0   -0.0    0.0
   -15.011   -72.825    0.0   -0.0    0.0
   -14.993   -72.825    0.0   -0.0    0.0
   -14.975   -72.825    0.0   -0.0    0.0
   -14.957   -72.825    0.0   -0.0    0.0
   -14.939   -72.825    0.0   -0.0    0.0
   -14.921   -72.825    0.0   -0.0    0.0
   -14.903   -72.825    0.0   -0.0    0.0
   -14.885   -72.825    0.0   -0.0    0.0
   -14.867   -72.825    0.0   -0.0    0.0
   -14.849   -72.825    0.0   -0.0    0.0
   -14.831   -72.825    0.0   -0.0    0.0
   -14.813   -72.825    0.0   -0.0    0.0
   -14.795   -72.825    0.0   -0.0    0.0
   -14.777   -72.825    0.0   -0.0    0.0
   -14.760   -72.825    0.0   -0.0    0.0
   -14.742   -72.825    0.0   -0.0   -0.0
   -14.724   -72.825    0.0   -0.0   -0.0
   -14.706   -72.825    0.0   -0.0   -0.0
   -14.688   -72.825    0.0   -0.0   -0.0
   -14.670   -72.825    0.0   -0.0   -0.0
   -14.652   -72.825   -0.0   -0.0   -0.0
   -14.634   -72.825   -0.0   -0.0   -0.0
   -14.616   -72.825   -0.0   -0.0   -0.0
   -14.598   -72.825   -0.0   -0.0   -0.0
   -14.580   -72.825   -0.0   -0.0   -0.0
   -14.562   -72.825   -0.0   -0.0   -0.0
   -14.544   -72.825   -0.0   -0.0   -0.0
   -14.526   -72.825   -0.0   -0.0   -0.0
   -14.508   -72.825   -0.0   -0.0   -0.0
   -14.490   -72.825   -0.0   -0.0   -0.0
   -14.472   -72.825   -0.0   -0.0   -0.0
   -14.454   -72.825   -0.0   -0.0   -0.0
   -14.436   -72.825   -0.0   -0.0   -0.1
   -14.418   -72.825   -0.0   -0.0   -0.1
   -14.400   -72.825   -0.0   -0.0   -0.1
   -14.383   -72.825   -0.0   -0.0   -0.1
   -14.365   -72.825   -0.0   -0.0   -0.1
   -14.347   -72.825   -0.0   -0.0   -0.1
   -14.329   -72.825   -0.0   -0.0   -0.1
   -14.311   -72.825   -0.1   -0.0   -0.1
   -14.293   -72.825   -0.1   -0.0   -0.1
   -14.275   -72.825   -0.1   -0.0   -0.1
   -14.257   -72.825   -0.1   -0.0   -0.1
   -14.239   -72.825   -0.1   -0.0   -0.1
   -14.221   -72.825   -0.1   -0.0   -0.1
   -14.203   -72.825   -0.1   -0.0   -0.1
   -14.185   -72.825   -0.1   -0.0   -0.1
   -14.167   -72.825   -0.1   -0.0   -0.1
   -14.149   -72.825   -0.1   -0.0   -0.1
   -14.131   -72.825   -0.1   -0.0   -0.1
   -14.113   -72.825   -0.1   -0.0   -0.1
   -14.095   -72.825   -0.1   -0.0   -0.1
   -14.077   -72.825   -0.1   -0.0   -0.1
   -14.059   -72.825   -0.1   -0.0   -0.1
   -14.041   -72.825   -0.1   -0.1   -0.1
   -14.024   -72.825   -0.1   -0.1   -0.1
   -14.006   -72.825   -0.1   -0.1   -0.1
   -13.988   -72.825   -0.1   -0.1   -0.1
   -13.970   -72.825   -0.1   -0.1   -0.1
   -13.952   -72.825   -0.1   -0.1   -0.1
   -13.934   -72.825   -0.1   -0.1   -0.1
   -13.916   -72.825   -0.1   -0.1   -0.1
   -13.898   -72.825   -0.1   -0.1   -0.1
   -13.880   -72.825   -0.1   -0.1   -0.1
   -13.862   -72.825   -0.1   -0.1   -0.1
   -13.844   -72.825   -0.1   -0.1   -0.1
   -13.826   -72.825   -0.1   -0.1   -0.1
   -13.808   -72.825   -0.1   -0.1   -0.1
   -13.790   -72.825   -0.0   -0.1   -0.1
   -13.772   -72.825   -0.0   -0.1   -0.1
   -13.754   -72.825   -0.0   -0.1   -0.1
   -13.736   -72.825   -0.0   -0.1   -0.1
   -13.718   -72.825   -0.0   -0.1   -0.1
   -13.700   -72.825   -0.0   -0.1   -0.1
   -13.682   -72.825   -0.0   -0.1   -0.0
   -13.664   -72.825   -0.0   -0.1   -0.0
   -13.647   -72.825   -0.0   -0.1   -0.0
   -13.629   -72.825   -0.0   -0.1   -0.0
   -13.611   -72.825   -0.0   -0.1   -0.0
   -15.406   -72.806    0.0   -0.0    0.0
   -15.388   -72.806    0.0   -0.0    0.0
   -15.370   -72.806    0.0   -0.0    0.0
   -15.352   -72.806    0.0   -0.0    0.0
   -15.334   -72.806    0.0   -0.0    0.0
   -15.316   -72.806    0.0   -0.0    0.0
   -15.298   -72.806    0.0   -0.0    0.0
   -15.280   -72.806    0.0   -0.0    0.0
   -15.262   -72.806    0.0   -0.0    0.0
   -15.244   -72.806    0.0   -0.0    0.0
   -15.226   -72.806    0.0   -0.0    0.0
   -15.208   -72.806    0.0   -0.0    0.0
   -15.190   -72.806    0.0   -0.0    0.0
   -15.172   -72.806    0.0   -0.0    0.0
   -15.154   -72.806    0.0   -0.0    0.0
   -15.136   -72.806    0.0   -0.0    0.0
   -15.119   -72.806    0.0   -0.0    0.0
   -15.101   -72.806    0.0   -0.0    0.0
   -15.083   -72.806    0.0   -0.0    0.0
   -15.065   -72.806    0.0   -0.0    0.0
   -15.047   -72.806    0.0   -0.0    0.0
   -15.029   -72.806    0.0   -0.0    0.0
   -15.011   -72.806    0.0   -0.0    0.0
   -14.993   -72.806    0.0   -0.0    0.0
   -14.975   -72.806    0.0   -0.0    0.0
   -14.957   -72.806    0.0   -0.0    0.0
   -14.939   -72.806    0.0   -0.0    0.0
   -14.921   -72.806    0.0   -0.0    0.0
   -14.903   -72.806    0.0   -0.0    0.0
   -14.885   -72.806    0.0   -0.0    0.0
   -14.867   -72.806    0.0   -0.0    0.0
   -14.849   -72.806    0.0   -0.0    0.0
   -14.831   -72.806    0.0   -0.0    0.0
   -14.813   -72.806    0.0   -0.0    0.0
   -14.795   -72.806    0.0   -0.0    0.0
   -14.777   -72.806    0.0   -0.0    0.0
   -14.760   -72.806    0.0   -0.0    0.0
   -14.742   -72.806    0.0   -0.0    0.0
   -14.724   -72.806    0.0   -0.0    0.0
   -14.706   -72.806    0.0   -0.0   -0.0
   -14.688   -72.806    0.0   -0.0   -0.0
   -14.670   -72.806    0.0   -0.0   -0.0
   -14.652   -72.806    0.0   -0.0   -0.0
   -14.634   -72.806   -0.0   -0.0   -0.0
   -14.616   -72.806   -0.0   -0.0   -0.0
   -14.598   -72.806   -0.0   -0.0   -0.0
   -14.580   -72.806   -0.0   -0.0   -0.0
   -14.562   -72.806   -0.0   -0.0   -0.0
   -14.544   -72.806   -0.0   -0.0   -0.0
   -14.526   -72.806   -0.0   -0.0   -0.0
   -14.508   -72.806   -0.0   -0.0   -0.0
   -14.490   -72.806   -0.0   -0.0   -0.0
   -14.472   -72.806   -0.0   -0.0   -0.0
   -14.454   -72.806   -0.0   -0.0   -0.0
   -14.436   -72.806   -0.0   -0.0   -0.0
   -14.418   -72.806   -0.0   -0.0   -0.0
   -14.400   -72.806   -0.0   -0.0   -0.0
   -14.383   -72.806   -0.0   -0.0   -0.1
   -14.365   -72.806   -0.0   -0.0   -0.1
   -14.347   -72.806   -0.0   -0.0   -0.1
   -14.329   -72.806   -0.0   -0.0   -0.1
   -14.311   -72.806   -0.0   -0.0   -0.1
   -14.293   -72.806   -0.0   -0.0   -0.1
   -14.275   -72.806   -0.0   -0.0   -0.1
   -14.257   -72.806   -0.1   -0.0   -0.1
   -14.239   -72.806   -0.1   -0.0   -0.1
   -14.221   -72.806   -0.1   -0.0   -0.1
   -14.203   -72.806   -0.1   -0.0   -0.1
   -14.185   -72.806   -0.1   -0.0   -0.1
   -14.167   -72.806   -0.1   -0.0   -0.1
   -14.149   -72.806   -0.1   -0.0   -0.1
   -14.131   -72.806   -0.1   -0.0   -0.1
   -14.113   -72.806   -0.1   -0.0   -0.1
   -14.095   -72.806   -0.1   -0.0   -0.1
   -14.077   -72.806   -0.1   -0.0   -0.1
   -14.059   -72.806   -0.1   -0.0   -0.1
   -14.041   -72.806   -0.1   -0.0   -0.1
   -14.024   -72.806   -0.1   -0.0   -0.1
   -14.006   -72.806   -0.1   -0.0   -0.1
   -13.988   -72.806   -0.1   -0.1   -0.1
   -13.970   -72.806   -0.1   -0.1   -0.1
   -13.952   -72.806   -0.1   -0.1   -0.1
   -13.934   -72.806   -0.1   -0.1   -0.1
   -13.916   -72.806   -0.1   -0.1   -0.1
   -13.898   -72.806   -0.1   -0.1   -0.1
   -13.880   -72.806   -0.1   -0.1   -0.1
   -13.862   -72.806   -0.1   -0.1   -0.1
   -13.844   -72.806   -0.1   -0.1   -0.1
   -13.826   -72.806   -0.1   -0.1   -0.1
   -13.808   -72.806   -0.0   -0.1   -0.1
   -13.790   -72.806   -0.0   -0.1   -0.1
   -13.772   -72.806   -0.0   -0.1   -0.1
   -13.754   -72.806   -0.0   -0.1   -0.1
   -13.736   -72.806   -0.0   -0.1   -0.1
   -13.718   -72.806   -0.0   -0.1   -0.0
   -13.700   -72.806   -0.0   -0.1   -0.0
   -13.682   -72.806   -0.0   -0.1   -0.0
   -13.664   -72.806   -0.0   -0.1   -0.0
   -13.647   -72.806   -0.0   -0.1   -0.0
   -13.629   -72.806   -0.0   -0.1   -0.0
   -13.611   -72.806   -0.0   -0.1   -0.0
   -15.406   -72.788    0.0   -0.0    0.0
   -15.388   -72.788    0.0   -0.0    0.0
   -15.370   -72.788    0.0   -0.0    0.0
   -15.352   -72.788    0.0   -0.0    0.0
   -15.334   -72.788    0.0   -0.0    0.0
   -15.316   -72.788    0.0   -0.0    0.0
   -15.298   -72.788    0.0   -0.0    0.0
   -15.280   -72.788    0.0   -0.0    0.0
   -15.262   -72.788    0.0   -0.0    0.0
   -15.244   -72.788    0.0   -0.0    0.0
   -15.226   -72.788    0.0   -0.0    0.0
   -15.208   -72.788    0.0   -0.0    0.0
   -15.190   -72.788    0.0   -0.0    0.0
   -15.172   -72.788    0.1   -0.0    0.0
   -15.154   -72.788    0.0   -0.0    0.0
   -15.136   -72.788    0.0   -0.0    0.0
   -15.119   -72.788    0.0   -0.0    0.0
   -15.101   -72.788    0.0   -0.0    0.0
   -15.083   -72.788    0.0   -0.0    0.0
   -15.065   -72.788    0.0   -0.0    0.0
   -15.047   -72.788    0.0   -0.0    0.0
   -15.029   -72.788    0.0   -0.0    0.0
   -15.011   -72.788    0.0   -0.0    0.0
   -14.993   -72.788    0.0   -0.0    0.0
   -14.975   -72.788    0.0   -0.0    0.0
   -14.957   -72.788    0.0   -0.0    0.0
   -14.939   -72.788    0.0   -0.0    0.0
   -14.921   -72.788    0.0   -0.0    0.0
   -14.903   -72.788    0.0   -0.0    0.0
   -14.885   -72.788    0.0   -0.0    0.0
   -14.867   -72.788    0.0   -0.0    0.0
   -14.849   -72.788    0.0   -0.0    0.0
   -14.831   -72.788    0.0   -0.0    0.0
   -14.813   -72.788    0.0   -0.0    0.0
   -14.795   -72.788    0.0   -0.0    0.0
   -14.777   -72.788    0.0   -0.0    0.0
   -14.760   -72.788    0.0   -0.0    0.0
   -14.742   -72.788    0.0   -0.0    0.0
   -14.724   -72.788    0.0   -0.0    0.0
   -14.706   -72.788    0.0   -0.0    0.0
   -14.688   -72.788    0.0   -0.0   -0.0
   -14.670   -72.788    0.0   -0.0   -0.0
   -14.652   -72.788    0.0   -0.0   -0.0
   -14.634   -72.788    0.0   -0.0   -0.0
   -14.616   -72.788    0.0   -0.0   -0.0
   -14.598   -72.788   -0.0   -0.0   -0.0
   -14.580   -72.788   -0.0   -0.0   -0.0
   -14.562   -72.788   -0.0   -0.0   -0.0
   -14.544   -72.788   -0.0   -0.0   -0.0
   -14.526   -72.788   -0.0   -0.0   -0.0
   -14.508   -72.788   -0.0   -0.0   -0.0
   -14.490   -72.788   -0.0   -0.0   -0.0
   -14.472   -72.788   -0.0   -0.0   -0.0
   -14.454   -72.788   -0.0   -0.0   -0.0
   -14.436   -72.788   -0.0   -0.0   -0.0
   -14.418   -72.788   -0.0   -0.0   -0.0
   -14.400   -72.788   -0.0   -0.0   -0.0
   -14.383   -72.788   -0.0   -0.0   -0.0
   -14.365   -72.788   -0.0   -0.0   -0.0
   -14.347   -72.788   -0.0   -0.0   -0.0
   -14.329   -72.788   -0.0   -0.0   -0.1
   -14.311   -72.788   -0.0   -0.0   -0.1
   -14.293   -72.788   -0.0   -0.0   -0.1
   -14.275   -72.788   -0.0   -0.0   -0.1
   -14.257   -72.788   -0.0   -0.0   -0.1
   -14.239   -72.788   -0.0   -0.0   -0.1
   -14.221   -72.788   -0.0   -0.0   -0.1
   -14.203   -72.788   -0.0   -0.0   -0.1
   -14.185   -72.788   -0.1   -0.0   -0.1
   -14.167   -72.788   -0.1   -0.0   -0.1
   -14.149   -72.788   -0.1   -0.0   -0.1
   -14.131   -72.788   -0.1   -0.0   -0.1
   -14.113   -72.788   -0.1   -0.0   -0.1
   -14.095   -72.788   -0.1   -0.0   -0.1
   -14.077   -72.788   -0.1   -0.0   -0.1
   -14.059   -72.788   -0.1   -0.0   -0.1
   -14.041   -72.788   -0.1   -0.0   -0.1
   -14.024   -72.788   -0.1   -0.0   -0.1
   -14.006   -72.788   -0.1   -0.0   -0.1
   -13.988   -72.788   -0.1   -0.0   -0.1
   -13.970   -72.788   -0.1   -0.0   -0.1
   -13.952   -72.788   -0.1   -0.0   -0.1
   -13.934   -72.788   -0.1   -0.1   -0.1
   -13.916   -72.788   -0.1   -0.1   -0.1
   -13.898   -72.788   -0.1   -0.1   -0.1
   -13.880   -72.788   -0.1   -0.1   -0.1
   -13.862   -72.788   -0.0   -0.1   -0.1
   -13.844   -72.788   -0.0   -0.1   -0.1
   -13.826   -72.788   -0.0   -0.1   -0.1
   -13.808   -72.788   -0.0   -0.1   -0.1
   -13.790   -72.788   -0.0   -0.1   -0.1
   -13.772   -72.788   -0.0   -0.1   -0.0
   -13.754   -72.788   -0.0   -0.1   -0.0
   -13.736   -72.788   -0.0   -0.1   -0.0
   -13.718   -72.788   -0.0   -0.1   -0.0
   -13.700   -72.788   -0.0   -0.1   -0.0
   -13.682   -72.788   -0.0   -0.1   -0.0
   -13.664   -72.788   -0.0   -0.1   -0.0
   -13.647   -72.788   -0.0   -0.1   -0.0
   -13.629   -72.788   -0.0   -0.1   -0.0
   -13.611   -72.788   -0.0   -0.1   -0.0
   -15.406   -72.769    0.0   -0.0    0.0
   -15.388   -72.769    0.0   -0.0    0.0
   -15.370   -72.769    0.0   -0.0    0.0
   -15.352   -72.769    0.0   -0.0    0.0
   -15.334   -72.769    0.0   -0.0    0.0
   -15.316   -72.769    0.0   -0.0    0.0
   -15.298   -72.769    0.0   -0.0    0.0
   -15.280   -72.769    0.1   -0.0    0.0
   -15.262   -72.769    0.1   -0.0    0.0
   -15.244   -72.769    0.1   -0.0    0.0
   -15.226   -72.769    0.1   -0.0    0.0
   -15.208   -72.769    0.1   -0.0    0.0
   -15.190   -72.769    0.1   -0.0    0.0
   -15.172   -72.769    0.1   -0.0    0.0
   -15.154   -72.769    0.1   -0.0    0.0
   -15.136   -72.769    0.1   -0.0    0.0
   -15.119   -72.769    0.1   -0.0    0.0
   -15.101   -72.769    0.1   -0.0    0.0
   -15.083   -72.769    0.1   -0.0    0.0
   -15.065   -72.769    0.1   -0.0    0.0
   -15.047   -72.769    0.0   -0.0    0.0
   -15.029   -72.769    0.0   -0.0    0.0
   -15.011   -72.769    0.0   -0.0    0.0
   -14.993   -72.769    0.0   -0.0    0.0
   -14.975   -72.769    0.0   -0.0    0.0
   -14.957   -72.769    0.0   -0.0    0.0
   -14.939   -72.769    0.0   -0.0    0.0
   -14.921   -72.769    0.0   -0.0    0.0
   -14.903   -72.769    0.0   -0.0    0.0
   -14.885   -72.769    0.0   -0.0    0.0
   -14.867   -72.769    0.0   -0.0    0.0
   -14.849   -72.769    0.0   -0.0    0.0
   -14.831   -72.769    0.0   -0.0    0.0
   -14.813   -72.769    0.0   -0.0    0.0
   -14.795   -72.769    0.0   -0.0    0.0
   -14.777   -72.769    0.0   -0.0    0.0
   -14.760   -72.769    0.0   -0.0    0.0
   -14.742   -72.769    0.0   -0.0    0.0
   -14.724   -72.769    0.0   -0.0    0.0
   -14.706   -72.769    0.0   -0.0    0.0
   -14.688   -72.769    0.0   -0.0    0.0
   -14.670   -72.769    0.0   -0.0    0.0
   -14.652   -72.769    0.0   -0.0   -0.0
   -14.634   -72.769    0.0   -0.0   -0.0
   -14.616   -72.769    0.0   -0.0   -0.0
   -14.598   -72.769    0.0   -0.0   -0.0
   -14.580   -72.769   -0.0   -0.0   -0.0
   -14.562   -72.769   -0.0   -0.0   -0.0
   -14.544   -72.769   -0.0   -0.0   -0.0
   -14.526   -72.769   -0.0   -0.0   -0.0
   -14.508   -72.769   -0.0   -0.0   -0.0
   -14.490   -72.769   -0.0   -0.0   -0.0
   -14.472   -72.769   -0.0   -0.0   -0.0
   -14.454   -72.769   -0.0   -0.0   -0.0
   -14.436   -72.769   -0.0   -0.0   -0.0
   -14.418   -72.769   -0.0   -0.0   -0.0
   -14.400   -72.769   -0.0   -0.0   -0.0
   -14.383   -72.769   -0.0   -0.0   -0.0
   -14.365   -72.769   -0.0   -0.0   -0.0
   -14.347   -72.769   -0.0   -0.0   -0.0
   -14.329   -72.769   -0.0   -0.0   -0.0
   -14.311   -72.769   -0.0   -0.0   -0.0
   -14.293   -72.769   -0.0   -0.0   -0.0
   -14.275   -72.769   -0.0   -0.0   -0.1
   -14.257   -72.769   -0.0   -0.0   -0.1
   -14.239   -72.769   -0.0   -0.0   -0.1
   -14.221   -72.769   -0.0   -0.0   -0.1
   -14.203   -72.769   -0.0   -0.0   -0.1
   -14.185   -72.769   -0.0   -0.0   -0.1
   -14.167   -72.769   -0.0   -0.0   -0.1
   -14.149   -72.769   -0.0   -0.0   -0.1
   -14.131   -72.769   -0.0   -0.0   -0.1
   -14.113   -72.769   -0.0   -0.0   -0.1
   -14.095   -72.769   -0.1   -0.0   -0.1
   -14.077   -72.769   -0.1   -0.0   -0.1
   -14.059   -72.769   -0.1   -0.0   -0.1
   -14.041   -72.769   -0.1   -0.0   -0.1
   -14.024   -72.769   -0.1   -0.0   -0.1
   -14.006   -72.769   -0.1   -0.0   -0.1
   -13.988   -72.769   -0.1   -0.0   -0.1
   -13.970   -72.769   -0.1   -0.0   -0.1
   -13.952   -72.769   -0.1   -0.0   -0.1
   -13.934   -72.769   -0.1   -0.0   -0.1
   -13.916   -72.769   -0.0   -0.0   -0.1
   -13.898   -72.769   -0.0   -0.0   -0.1
   -13.880   -72.769   -0.0   -0.0   -0.1
   -13.862   -72.769   -0.0   -0.1   -0.1
   -13.844   -72.769   -0.0   -0.1   -0.1
   -13.826   -72.769   -0.0   -0.1   -0.1
   -13.808   -72.769   -0.0   -0.1   -0.0
   -13.790   -72.769   -0.0   -0.1   -0.0
   -13.772   -72.769   -0.0   -0.1   -0.0
   -13.754   -72.769   -0.0   -0.1   -0.0
   -13.736   -72.769   -0.0   -0.1   -0.0
   -13.718   -72.769   -0.0   -0.1   -0.0
   -13.700   -72.769   -0.0   -0.1   -0.0
   -13.682   -72.769   -0.0   -0.1   -0.0
   -13.664   -72.769   -0.0   -0.1   -0.0
   -13.647   -72.769   -0.0   -0.1   -0.0
   -13.629   -72.769   -0.0   -0.1   -0.0
   -13.611   -72.769   -0.0   -0.1   -0.0
   -15.406   -72.751    0.0   -0.0    0.0
   -15.388   -72.751    0.0   -0.0    0.0
   -15.370   -72.751    0.0   -0.0    0.0
   -15.352   -72.751    0.0   -0.0    0.0
   -15.334   -72.751    0.0   -0.0    0.0
   -15.316   -72.751    0.1   -0.0    0.0
   -15.298   -72.751    0.1   -0.0    0.0
   -15.280   -72.751    0.1   -0.0    0.0
   -15.262   -72.751    0.1   -0.0    0.0
   -15.244   -72.751    0.1   -0.0    0.0
   -15.226   -72.751    0.1   -0.0    0.0
   -15.208   -72.751    0.1   -0.0    0.0
   -15.190   -72.751    0.1   -0.0    0.0
   -15.172   -72.751    0.1   -0.0    0.0
   -15.154   -72.751    0.1   -0.0    0.0
   -15.136   -72.751    0.1   -0.0    0.0
   -15.119   -72.751    0.1   -0.0    0.0
   -15.101   -72.751    0.1   -0.0    0.0
   -15.083   -72.751    0.1   -0.0    0.0
   -15.065   -72.751    0.1   -0.0    0.0
   -15.047   -72.751    0.1   -0.0    0.0
   -15.029   -72.751    0.1   -0.0    0.0
   -15.011   -72.751    0.1   -0.0    0.0
   -14.993   -72.751    0.0   -0.0    0.0
   -14.975   -72.751    0.0   -0.0    0.0
   -14.957   -72.751    0.0   -0.0    0.0
   -14.939   -72.751    0.0   -0.0    0.0
   -14.921   -72.751    0.0   -0.0    0.0
   -14.903   -72.751    0.0   -0.0    0.0
   -14.885   -72.751    0.0   -0.0    0.0
   -14.867   -72.751    0.0   -0.0    0.0
   -14.849   -72.751    0.0   -0.0    0.0
   -14.831   -72.751    0.0   -0.0    0.0
   -14.813   -72.751    0.0   -0.0    0.0
   -14.795   -72.751    0.0   -0.0    0.0
   -14.777   -72.751    0.0   -0.0    0.0
   -14.760   -72.751    0.0   -0.0    0.0
   -14.742   -72.751    0.0   -0.0    0.0
   -14.724   -72.751    0.0   -0.0    0.0
   -14.706   -72.751    0.0   -0.0    0.0
   -14.688   -72.751    0.0   -0.0    0.0
   -14.670   -72.751    0.0   -0.0    0.0
   -14.652   -72.751    0.0   -0.0    0.0
   -14.634   -72.751    0.0   -0.0   -0.0
   -14.616   -72.751    0.0   -0.0   -0.0
   -14.598   -72.751    0.0   -0.0   -0.0
   -14.580   -72.751    0.0   -0.0   -0.0
   -14.562   -72.751   -0.0   -0.0   -0.0
   -14.544   -72.751   -0.0   -0.0   -0.0
   -14.526   -72.751   -0.0   -0.0   -0.0
   -14.508   -72.751   -0.0   -0.0   -0.0
   -14.490   -72.751   -0.0   -0.0   -0.0
   -14.472   -72.751   -0.0   -0.0   -0.0
   -14.454   -72.751   -0.0   -0.0   -0.0
   -14.436   -72.751   -0.0   -0.0   -0.0
   -14.418   -72.751   -0.0   -0.0   -0.0
   -14.400   -72.751   -0.0   -0.0   -0.0
   -14.383   -72.751   -0.0   -0.0   -0.0
   -14.365   -72.751   -0.0   -0.0   -0.0
   -14.347   -72.751   -0.0   -0.0   -0.0
   -14.329   -72.751   -0.0   -0.0   -0.0
   -14.311   -72.751   -0.0   -0.0   -0.0
   -14.293   -72.751   -0.0   -0.0   -0.0
   -14.275   -72.751   -0.0   -0.0   -0.0
   -14.257   -72.751   -0.0   -0.0   -0.0
   -14.239   -72.751   -0.0   -0.0   -0.0
   -14.221   -72.751   -0.0   -0.0   -0.0
   -14.203   -72.751   -0.0   -0.0   -0.0
   -14.185   -72.751   -0.0   -0.0   -0.1
   -14.167   -72.751   -0.0   -0.0   -0.1
   -14.149   -72.751   -0.0   -0.0   -0.1
   -14.131   -72.751   -0.0   -0.0   -0.1
   -14.113   -72.751   -0.0   -0.0   -0.1
   -14.095   -72.751   -0.0   -0.0   -0.1
   -14.077   -72.751   -0.0   -0.0   -0.1
   -14.059   -72.751   -0.0   -0.0   -0.1
   -14.041   -72.751   -0.0   -0.0   -0.1
   -14.024   -72.751   -0.0   -0.0   -0.1
   -14.006   -72.751   -0.0   -0.0   -0.1
   -13.988   -72.751   -0.0   -0.0   -0.1
   -13.970   -72.751   -0.0   -0.0   -0.1
   -13.952   -72.751   -0.0   -0.0   -0.1
   -13.934   -72.751   -0.0   -0.0   -0.1
   -13.916   -72.751   -0.0   -0.0   -0.1
   -13.898   -72.751   -0.0   -0.0   -0.1
   -13.880   -72.751   -0.0   -0.0   -0.0
   -13.862   -72.751   -0.0   -0.0   -0.0
   -13.844   -72.751   -0.0   -0.0   -0.0
   -13.826   -72.751   -0.0   -0.0   -0.0
   -13.808   -72.751   -0.0   -0.0   -0.0
   -13.790   -72.751   -0.0   -0.0   -0.0
   -13.772   -72.751   -0.0   -0.0   -0.0
   -13.754   -72.751   -0.0   -0.0   -0.0
   -13.736   -72.751   -0.0   -0.0   -0.0
   -13.718   -72.751   -0.0   -0.0   -0.0
   -13.700   -72.751   -0.0   -0.0   -0.0
   -13.682   -72.751   -0.0   -0.0   -0.0
   -13.664   -72.751   -0.0   -0.0   -0.0
   -13.647   -72.751   -0.0   -0.0   -0.0
   -13.629   -72.751   -0.0   -0.0   -0.0
   -13.611   -72.751   -0.0   -0.0   -0.0
   -15.406   -72.732    0.0   -0.0    0.0
   -15.388   -72.732    0.0   -0.0    0.0
   -15.370   -72.732    0.0   -0.0    0.0
   -15.352   -72.732    0.1   -0.0    0.0
   -15.334   -72.732    0.1   -0.0    0.0
   -15.316   -72.732    0.1   -0.0    0.0
   -15.298   -72.732    0.1   -0.0    0.0
   -15.280   -72.732    0.1   -0.0    0.0
   -15.262   -72.732    0.1   -0.0    0.0
   -15.244   -72.732    0.1   -0.0    0.0
   -15.226   -72.732    0.1   -0.0    0.0
   -15.208   -72.732    0.1   -0.0    0.0
   -15.190   -72.732    0.1   -0.0    0.0
   -15.172   -72.732    0.1   -0.0    0.0
   -15.154   -72.732    0.1   -0.0    0.0
   -15.136   -72.732    0.1   -0.0    0.0
   -15.119   -72.732    0.1   -0.0    0.0
   -15.101   -72.732    0.1   -0.0    0.0
   -15.083   -72.732    0.1   -0.0    0.0
   -15.065   -72.732    0.1   -0.0    0.0
   -15.047   -72.732    0.1   -0.0    0.0
   -15.029   -72.732    0.1   -0.0    0.0
   -15.011   -72.732    0.1   -0.0    0.0
   -14.993   -72.732    0.1   -0.0    0.0
   -14.975   -72.732    0.1   -0.0    0.0
   -14.957   -72.732    0.0   -0.0    0.0
   -14.939   -72.732    0.0   -0.0    0.0
   -14.921   -72.732    0.0   -0.0    0.0
   -14.903   -72.732    0.0   -0.0    0.0
   -14.885   -72.732    0.0   -0.0    0.0
   -14.867   -72.732    0.0   -0.0    0.0
   -14.849   -72.732    0.0   -0.0    0.0
   -14.831   -72.732    0.0   -0.0    0.0
   -14.813   -72.732    0.0   -0.0    0.0
   -14.795   -72.732    0.0   -0.0    0.0
   -14.777   -72.732    0.0   -0.0    0.0
   -14.760   -72.732    0.0   -0.0    0.0
   -14.742   -72.732    0.0   -0.0    0.0
   -14.724   -72.732    0.0   -0.0    0.0
   -14.706   -72.732    0.0   -0.0    0.0
   -14.688   -72.732    0.0   -0.0    0.0
   -14.670   -72.732    0.0   -0.0    0.0
   -14.652   -72.732    0.0   -0.0    0.0
   -14.634   -72.732    0.0   -0.0    0.0
   -14.616   -72.732    0.0   -0.0   -0.0
   -14.598   -72.732    0.0   -0.0   -0.0
   -14.580   -72.732    0.0   -0.0   -0.0
   -14.562   -72.732    0.0   -0.0   -0.0
   -14.544   -72.732    0.0   -0.0   -0.0
   -14.526   -72.732   -0.0   -0.0   -0.0
   -14.508   -72.732   -0.0   -0.0   -0.0
   -14.490   -72.732   -0.0   -0.0   -0.0
   -14.472   -72.732   -0.0   -0.0   -0.0
   -14.454   -72.732   -0.0   -0.0   -0.0
   -14.436   -72.732   -0.0   -0.0   -0.0
   -14.418   -72.732   -0.0   -0.0   -0.0
   -14.400   -72.732   -0.0   -0.0   -0.0
   -14.383   -72.732   -0.0   -0.0   -0.0
   -14.365   -72.732   -0.0   -0.0   -0.0
   -14.347   -72.732   -0.0   -0.0   -0.0
   -14.329   -72.732   -0.0   -0.0   -0.0
   -14.311   -72.732   -0.0   -0.0   -0.0
   -14.293   -72.732   -0.0   -0.0   -0.0
   -14.275   -72.732   -0.0   -0.0   -0.0
   -14.257   -72.732   -0.0   -0.0   -0.0
   -14.239   -72.732   -0.0   -0.0   -0.0
   -14.221   -72.732   -0.0   -0.0   -0.0
   -14.203   -72.732   -0.0   -0.0   -0.0
   -14.185   -72.732   -0.0   -0.0   -0.0
   -14.167   -72.732   -0.0   -0.0   -0.0
   -14.149   -72.732   -0.0   -0.0   -0.0
   -14.131   -72.732   -0.0   -0.0   -0.0
   -14.113   -72.732   -0.0   -0.0   -0.0
   -14.095   -72.732   -0.0   -0.0   -0.0
   -14.077   -72.732   -0.0   -0.0   -0.0
   -14.059   -72.732   -0.0   -0.0   -0.0
   -14.041   -72.732   -0.0   -0.0   -0.0
   -14.024   -72.732   -0.0   -0.0   -0.0
   -14.006   -72.732   -0.0   -0.0   -0.0
   -13.988   -72.732   -0.0   -0.0   -0.0
   -13.970   -72.732   -0.0   -0.0   -0.0
   -13.952   -72.732   -0.0   -0.0   -0.0
   -13.934   -72.732   -0.0   -0.0   -0.0
   -13.916   -72.732   -0.0   -0.0   -0.0
   -13.898   -72.732   -0.0   -0.0   -0.0
   -13.880   -72.732   -0.0   -0.0   -0.0
   -13.862   -72.732   -0.0   -0.0   -0.0
   -13.844   -72.732   -0.0   -0.0   -0.0
   -13.826   -72.732   -0.0   -0.0   -0.0
   -13.808   -72.732   -0.0   -0.0   -0.0
   -13.790   -72.732   -0.0   -0.0   -0.0
   -13.772   -72.732   -0.0   -0.0   -0.0
   -13.754   -72.732   -0.0   -0.0   -0.0
   -13.736   -72.732   -0.0   -0.0   -0.0
   -13.718   -72.732   -0.0   -0.0   -0.0
   -13.700   -72.732   -0.0   -0.0   -0.0
   -13.682   -72.732   -0.0   -0.0   -0.0
   -13.664   -72.732   -0.0   -0.0   -0.0
   -13.647   -72.732   -0.0   -0.0   -0.0
   -13.629   -72.732   -0.0   -0.0   -0.0
   -13.611   -72.732   -0.0   -0.0   -0.0
   -15.406   -72.713    0.0   -0.0    0.0
   -15.388   -72.713    0.1   -0.0    0.0
   -15.370   -72.713    0.1   -0.0    0.0
   -15.352   -72.713    0.1   -0.0    0.0
   -15.334   -72.713    0.1   -0.0    0.0
   -15.316   -72.713    0.1   -0.0    0.0
   -15.298   -72.713    0.1   -0.0    0.0
   -15.280   -72.713    0.1   -0.0    0.0
   -15.262   -72.713    0.1   -0.0    0.0
   -15.244   -72.713    0.1   -0.0    0.0
   -15.226   -72.713    0.1   -0.0    0.0
   -15.208   -72.713    0.1   -0.0    0.0
   -15.190   -72.713    0.1   -0.0    0.0
   -15.172   -72.713    0.1   -0.0    0.0
   -15.154   -72.713    0.1   -0.0    0.0
   -15.136   -72.713    0.1   -0.0    0.0
   -15.119   -72.713    0.1   -0.0    0.0
   -15.101   -72.713    0.1   -0.0    0.0
   -15.083   -72.713    0.1   -0.0    0.0
   -15.065   -72.713    0.1   -0.0    0.0
   -15.047   -72.713    0.1   -0.0    0.0
   -15.029   -72.713    0.1   -0.0    0.0
   -15.011   -72.713    0.1   -0.0    0.0
   -14.993   -72.713    0.1   -0.0    0.0
   -14.975   -72.713    0.1   -0.0    0.0
   -14.957   -72.713    0.1   -0.0    0.0
   -14.939   -72.713    0.1   -0.0    0.0
   -14.921   -72.713    0.0   -0.0    0.0
   -14.903   -72.713    0.0   -0.0    0.0
   -14.885   -72.713    0.0   -0.0    0.0
   -14.867   -72.713    0.0   -0.0    0.0
   -14.849   -72.713    0.0   -0.0    0.0
   -14.831   -72.713    0.0   -0.0    0.0
   -14.813   -72.713    0.0   -0.0    0.0
   -14.795   -72.713    0.0   -0.0    0.0
   -14.777   -72.713    0.0   -0.0    0.0
   -14.760   -72.713    0.0   -0.0    0.0
   -14.742   -72.713    0.0   -0.0    0.0
   -14.724   -72.713    0.0   -0.0    0.0
   -14.706   -72.713    0.0   -0.0    0.0
   -14.688   -72.713    0.0   -0.0    0.0
   -14.670   -72.713    0.0   -0.0    0.0
   -14.652   -72.713    0.0   -0.0    0.0
   -14.634   -72.713    0.0   -0.0    0.0
   -14.616   -72.713    0.0   -0.0    0.0
   -14.598   -72.713    0.0   -0.0    0.0
   -14.580   -72.713    0.0   -0.0   -0.0
   -14.562   -72.713    0.0   -0.0   -0.0
   -14.544   -72.713    0.0   -0.0   -0.0
   -14.526   -72.713    0.0   -0.0   -0.0
   -14.508   -72.713   -0.0   -0.0   -0.0
   -14.490   -72.713   -0.0   -0.0   -0.0
   -14.472   -72.713   -0.0   -0.0   -0.0
   -14.454   -72.713   -0.0   -0.0   -0.0
   -14.436   -72.713   -0.0   -0.0   -0.0
   -14.418   -72.713   -0.0   -0.0   -0.0
   -14.400   -72.713   -0.0   -0.0   -0.0
   -14.383   -72.713   -0.0   -0.0   -0.0
   -14.365   -72.713   -0.0   -0.0   -0.0
   -14.347   -72.713   -0.0   -0.0   -0.0
   -14.329   -72.713   -0.0   -0.0   -0.0
   -14.311   -72.713   -0.0   -0.0   -0.0
   -14.293   -72.713   -0.0   -0.0   -0.0
   -14.275   -72.713   -0.0   -0.0   -0.0
   -14.257   -72.713   -0.0   -0.0   -0.0
   -14.239   -72.713   -0.0   -0.0   -0.0
   -14.221   -72.713   -0.0   -0.0   -0.0
   -14.203   -72.713   -0.0   -0.0   -0.0
   -14.185   -72.713   -0.0   -0.0   -0.0
   -14.167   -72.713   -0.0   -0.0   -0.0
   -14.149   -72.713   -0.0   -0.0   -0.0
   -14.131   -72.713   -0.0   -0.0   -0.0
   -14.113   -72.713   -0.0   -0.0   -0.0
   -14.095   -72.713   -0.0   -0.0   -0.0
   -14.077   -72.713   -0.0   -0.0   -0.0
   -14.059   -72.713   -0.0   -0.0   -0.0
   -14.041   -72.713   -0.0   -0.0   -0.0
   -14.024   -72.713   -0.0   -0.0   -0.0
   -14.006   -72.713   -0.0   -0.0   -0.0
   -13.988   -72.713   -0.0   -0.0   -0.0
   -13.970   -72.713   -0.0   -0.0   -0.0
   -13.952   -72.713   -0.0   -0.0   -0.0
   -13.934   -72.713   -0.0   -0.0   -0.0
   -13.916   -72.713   -0.0   -0.0   -0.0
   -13.898   -72.713   -0.0   -0.0   -0.0
   -13.880   -72.713   -0.0   -0.0   -0.0
   -13.862   -72.713   -0.0   -0.0   -0.0
   -13.844   -72.713   -0.0   -0.0   -0.0
   -13.826   -72.713   -0.0   -0.0   -0.0
   -13.808   -72.713   -0.0   -0.0   -0.0
   -13.790   -72.713   -0.0   -0.0   -0.0
   -13.772   -72.713   -0.0   -0.0   -0.0
   -13.754   -72.713   -0.0   -0.0   -0.0
   -13.736   -72.713   -0.0   -0.0   -0.0
   -13.718   -72.713   -0.0   -0.0   -0.0
   -13.700   -72.713   -0.0   -0.0   -0.0
   -13.682   -72.713   -0.0   -0.0   -0.0
   -13.664   -72.713   -0.0   -0.0   -0.0
   -13.647   -72.713   -0.0   -0.0   -0.0
   -13.629   -72.713   -0.0   -0.0   -0.0
   -13.611   -72.713   -0.0   -0.0   -0.0
   -15.406   -72.695    0.1   -0.0    0.0
   -15.388   -72.695    0.1   -0.0    0.0
   -15.370   -72.695    0.1   -0.0    0.0
   -15.352   -72.695    0.1   -0.0    0.0
   -15.334   -72.695    0.1   -0.0    0.0
   -15.316   -72.695    0.1   -0.0    0.0
   -15.298   -72.695    0.1   -0.0    0.0
   -15.280   -72.695    0.1   -0.0    0.0
   -15.262   -72.695    0.1   -0.0    0.0
   -15.244   -72.695    0.1   -0.0    0.0
   -15.226   -72.695    0.1   -0.0    0.0
   -15.208   -72.695    0.1   -0.0    0.0
   -15.190   -72.695    0.1   -0.0    0.0
   -15.172   -72.695    0.1   -0.0    0.0
   -15.154   -72.695    0.1   -0.0    0.0
   -15.136   -72.695    0.1   -0.0    0.0
   -15.119   -72.695    0.1   -0.0    0.0
   -15.101   -72.695    0.1   -0.0    0.0
   -15.083   -72.695    0.1   -0.0    0.0
   -15.065   -72.695    0.1   -0.0    0.0
   -15.047   -72.695    0.1   -0.0    0.0
   -15.029   -72.695    0.1   -0.0    0.0
   -15.011   -72.695    0.1   -0.0    0.0
   -14.993   -72.695    0.1   -0.0    0.0
   -14.975   -72.695    0.1   -0.0    0.0
   -14.957   -72.695    0.1   -0.0    0.0
   -14.939   -72.695    0.1   -0.0    0.0
   -14.921   -72.695    0.1   -0.0    0.0
   -14.903   -72.695    0.0   -0.0    0.0
   -14.885   -72.695    0.0   -0.0    0.0
   -14.867   -72.695    0.0   -0.0    0.0
   -14.849   -72.695    0.0   -0.0    0.0
   -14.831   -72.695    0.0   -0.0    0.0
   -14.813   -72.695    0.0   -0.0    0.0
   -14.795   -72.695    0.0   -0.0    0.0
   -14.777   -72.695    0.0   -0.0    0.0
   -14.760   -72.695    0.0   -0.0    0.0
   -14.742   -72.695    0.0   -0.0    0.0
   -14.724   -72.695    0.0   -0.0    0.0
   -14.706   -72.695    0.0   -0.0    0.0
   -14.688   -72.695    0.0   -0.0    0.0
   -14.670   -72.695    0.0   -0.0    0.0
   -14.652   -72.695    0.0   -0.0    0.0
   -14.634   -72.695    0.0   -0.0    0.0
   -14.616   -72.695    0.0   -0.0    0.0
   -14.598   -72.695    0.0   -0.0    0.0
   -14.580   -72.695    0.0   -0.0    0.0
   -14.562   -72.695    0.0   -0.0   -0.0
   -14.544   -72.695    0.0   -0.0   -0.0
   -14.526   -72.695    0.0   -0.0   -0.0
   -14.508   -72.695    0.0   -0.0   -0.0
   -14.490   -72.695    0.0   -0.0   -0.0
   -14.472   -72.695   -0.0   -0.0   -0.0
   -14.454   -72.695   -0.0   -0.0   -0.0
   -14.436   -72.695   -0.0   -0.0   -0.0
   -14.418   -72.695   -0.0   -0.0   -0.0
   -14.400   -72.695   -0.0   -0.0   -0.0
   -14.383   -72.695   -0.0   -0.0   -0.0
   -14.365   -72.695   -0.0   -0.0   -0.0
   -14.347   -72.695   -0.0   -0.0   -0.0
   -14.329   -72.695   -0.0   -0.0   -0.0
   -14.311   -72.695   -0.0   -0.0   -0.0
   -14.293   -72.695   -0.0   -0.0   -0.0
   -14.275   -72.695   -0.0   -0.0   -0.0
   -14.257   -72.695   -0.0   -0.0   -0.0
   -14.239   -72.695   -0.0   -0.0   -0.0
   -14.221   -72.695   -0.0   -0.0   -0.0
   -14.203   -72.695   -0.0   -0.0   -0.0
   -14.185   -72.695   -0.0   -0.0   -0.0
   -14.167   -72.695   -0.0   -0.0   -0.0
   -14.149   -72.695   -0.0   -0.0   -0.0
   -14.131   -72.695   -0.0   -0.0   -0.0
   -14.113   -72.695   -0.0   -0.0   -0.0
   -14.095   -72.695   -0.0   -0.0   -0.0
   -14.077   -72.695   -0.0   -0.0   -0.0
   -14.059   -72.695   -0.0   -0.0   -0.0
   -14.041   -72.695   -0.0   -0.0   -0.0
   -14.024   -72.695   -0.0   -0.0   -0.0
   -14.006   -72.695   -0.0   -0.0   -0.0
   -13.988   -72.695   -0.0   -0.0   -0.0
   -13.970   -72.695   -0.0   -0.0   -0.0
   -13.952   -72.695   -0.0   -0.0   -0.0
   -13.934   -72.695   -0.0   -0.0   -0.0
   -13.916   -72.695   -0.0   -0.0   -0.0
   -13.898   -72.695   -0.0   -0.0   -0.0
   -13.880   -72.695   -0.0   -0.0   -0.0
   -13.862   -72.695   -0.0   -0.0   -0.0
   -13.844   -72.695   -0.0   -0.0   -0.0
   -13.826   -72.695   -0.0   -0.0   -0.0
   -13.808   -72.695   -0.0   -0.0   -0.0
   -13.790   -72.695   -0.0   -0.0   -0.0
   -13.772   -72.695   -0.0   -0.0   -0.0
   -13.754   -72.695   -0.0   -0.0   -0.0
   -13.736   -72.695   -0.0   -0.0   -0.0
   -13.718   -72.695   -0.0   -0.0   -0.0
   -13.700   -72.695   -0.0   -0.0   -0.0
   -13.682   -72.695   -0.0   -0.0   -0.0
   -13.664   -72.695   -0.0   -0.0   -0.0
   -13.647   -72.695   -0.0   -0.0   -0.0
   -13.629   -72.695   -0.0   -0.0   -0.0
   -13.611   -72.695   -0.0   -0.0   -0.0
   -15.406   -72.676    0.1   -0.0    0.0
   -15.388   -72.676    0.1   -0.0    0.0
   -15.370   -72.676    0.1   -0.0    0.0
   -15.352   -72.676    0.1   -0.0    0.0
   -15.334   -72.676    0.1   -0.0    0.0
   -15.316   -72.676    0.1   -0.0    0.0
   -15.298   -72.676    0.1   -0.0    0.0
   -15.280   -72.676    0.1   -0.0    0.0
   -15.262   -72.676    0.1   -0.0    0.0
   -15.244   -72.676    0.1   -0.0    0.0
   -15.226   -72.676    0.1   -0.0    0.0
   -15.208   -72.676    0.1   -0.0    0.0
   -15.190   -72.676    0.1   -0.0    0.0
   -15.172   -72.676    0.1   -0.0    0.0
   -15.154   -72.676    0.1   -0.0    0.0
   -15.136   -72.676    0.1   -0.0    0.0
   -15.119   -72.676    0.1   -0.0    0.0
   -15.101   -72.676    0.1   -0.0    0.0
   -15.083   -72.676    0.1   -0.0    0.0
   -15.065   -72.676    0.1   -0.0    0.0
   -15.047   -72.676    0.1   -0.0    0.0
   -15.029   -72.676    0.1   -0.0    0.0
   -15.011   -72.676    0.1   -0.0    0.0
   -14.993   -72.676    0.1   -0.0    0.0
   -14.975   -72.676    0.1   -0.0    0.0
   -14.957   -72.676    0.1   -0.0    0.0
   -14.939   -72.676    0.1   -0.0    0.0
   -14.921   -72.676    0.1   -0.0    0.0
   -14.903   -72.676    0.1   -0.0    0.0
   -14.885   -72.676    0.1   -0.0    0.0
   -14.867   -72.676    0.0   -0.0    0.0
   -14.849   -72.676    0.0   -0.0    0.0
   -14.831   -72.676    0.0   -0.0    0.0
   -14.813   -72.676    0.0   -0.0    0.0
   -14.795   -72.676    0.0   -0.0    0.0
   -14.777   -72.676    0.0   -0.0    0.0
   -14.760   -72.676    0.0   -0.0    0.0
   -14.742   -72.676    0.0   -0.0    0.0
   -14.724   -72.676    0.0   -0.0    0.0
   -14.706   -72.676    0.0   -0.0    0.0
   -14.688   -72.676    0.0   -0.0    0.0
   -14.670   -72.676    0.0   -0.0    0.0
   -14.652   -72.676    0.0   -0.0    0.0
   -14.634   -72.676    0.0   -0.0    0.0
   -14.616   -72.676    0.0   -0.0    0.0
   -14.598   -72.676    0.0   -0.0    0.0
   -14.580   -72.676    0.0   -0.0    0.0
   -14.562   -72.676    0.0   -0.0    0.0
   -14.544   -72.676    0.0   -0.0    0.0
   -14.526   -72.676    0.0   -0.0   -0.0
   -14.508   -72.676    0.0   -0.0   -0.0
   -14.490   -72.676    0.0   -0.0   -0.0
   -14.472   -72.676    0.0   -0.0   -0.0
   -14.454   -72.676   -0.0   -0.0   -0.0
   -14.436   -72.676   -0.0   -0.0   -0.0
   -14.418   -72.676   -0.0   -0.0   -0.0
   -14.400   -72.676   -0.0   -0.0   -0.0
   -14.383   -72.676   -0.0   -0.0   -0.0
   -14.365   -72.676   -0.0   -0.0   -0.0
   -14.347   -72.676   -0.0   -0.0   -0.0
   -14.329   -72.676   -0.0   -0.0   -0.0
   -14.311   -72.676   -0.0   -0.0   -0.0
   -14.293   -72.676   -0.0   -0.0   -0.0
   -14.275   -72.676   -0.0   -0.0   -0.0
   -14.257   -72.676   -0.0   -0.0   -0.0
   -14.239   -72.676   -0.0   -0.0   -0.0
   -14.221   -72.676   -0.0   -0.0   -0.0
   -14.203   -72.676   -0.0   -0.0   -0.0
   -14.185   -72.676   -0.0   -0.0   -0.0
   -14.167   -72.676   -0.0   -0.0   -0.0
   -14.149   -72.676   -0.0   -0.0   -0.0
   -14.131   -72.676   -0.0   -0.0   -0.0
   -14.113   -72.676   -0.0   -0.0   -0.0
   -14.095   -72.676   -0.0   -0.0   -0.0
   -14.077   -72.676   -0.0   -0.0   -0.0
   -14.059   -72.676   -0.0   -0.0   -0.0
   -14.041   -72.676   -0.0   -0.0   -0.0
   -14.024   -72.676   -0.0   -0.0   -0.0
   -14.006   -72.676   -0.0   -0.0   -0.0
   -13.988   -72.676   -0.0   -0.0   -0.0
   -13.970   -72.676   -0.0   -0.0   -0.0
   -13.952   -72.676   -0.0   -0.0   -0.0
   -13.934   -72.676   -0.0   -0.0   -0.0
   -13.916   -72.676   -0.0   -0.0   -0.0
   -13.898   -72.676   -0.0   -0.0   -0.0
   -13.880   -72.676   -0.0   -0.0   -0.0
   -13.862   -72.676   -0.0   -0.0   -0.0
   -13.844   -72.676   -0.0   -0.0   -0.0
   -13.826   -72.676   -0.0   -0.0   -0.0
   -13.808   -72.676   -0.0   -0.0   -0.0
   -13.790   -72.676   -0.0   -0.0   -0.0
   -13.772   -72.676   -0.0   -0.0   -0.0
   -13.754   -72.676   -0.0   -0.0   -0.0
   -13.736   -72.676   -0.0   -0.0   -0.0
   -13.718   -72.676   -0.0   -0.0   -0.0
   -13.700   -72.676   -0.0   -0.0   -0.0
   -13.682   -72.676   -0.0   -0.0   -0.0
   -13.664   -72.676   -0.0   -0.0   -0.0
   -13.647   -72.676   -0.0   -0.0   -0.0
   -13.629   -72.676   -0.0   -0.0   -0.0
   -13.611   -72.676   -0.0   -0.0   -0.0
   -15.406   -72.658    0.1   -0.0    0.0
   -15.388   -72.658    0.1   -0.0    0.0
   -15.370   -72.658    0.1   -0.0    0.0
   -15.352   -72.658    0.1   -0.0    0.0
   -15.334   -72.658    0.1   -0.0    0.0
   -15.316   -72.658    0.1   -0.0    0.0
   -15.298   -72.658    0.1   -0.0    0.0
   -15.280   -72.658    0.1   -0.0    0.0
   -15.262   -72.658    0.1   -0.0    0.0
   -15.244   -72.658    0.1   -0.0    0.0
   -15.226   -72.658    0.1   -0.0    0.0
   -15.208   -72.658    0.1   -0.0    0.0
   -15.190   -72.658    0.1   -0.0    0.0
   -15.172   -72.658    0.1   -0.0    0.0
   -15.154   -72.658    0.1   -0.0    0.0
   -15.136   -72.658    0.1   -0.0    0.0
   -15.119   -72.658    0.1   -0.0    0.0
   -15.101   -72.658    0.1   -0.0    0.0
   -15.083   -72.658    0.1   -0.0    0.0
   -15.065   -72.658    0.1   -0.0    0.0
   -15.047   -72.658    0.1   -0.0    0.0
   -15.029   -72.658    0.1   -0.0    0.0
   -15.011   -72.658    0.1   -0.0    0.0
   -14.993   -72.658    0.1   -0.0    0.0
   -14.975   -72.658    0.1   -0.0    0.0
   -14.957   -72.658    0.1   -0.0    0.0
   -14.939   -72.658    0.1   -0.0    0.0
   -14.921   -72.658    0.1   -0.0    0.0
   -14.903   -72.658    0.1   -0.0    0.0
   -14.885   -72.658    0.1   -0.0    0.0
   -14.867   -72.658    0.1   -0.0    0.0
   -14.849   -72.658    0.0   -0.0    0.0
   -14.831   -72.658    0.0   -0.0    0.0
   -14.813   -72.658    0.0   -0.0    0.0
   -14.795   -72.658    0.0   -0.0    0.0
   -14.777   -72.658    0.0   -0.0    0.0
   -14.760   -72.658    0.0   -0.0    0.0
   -14.742   -72.658    0.0   -0.0    0.0
   -14.724   -72.658    0.0   -0.0    0.0
   -14.706   -72.658    0.0   -0.0    0.0
   -14.688   -72.658    0.0   -0.0    0.0
   -14.670   -72.658    0.0   -0.0    0.0
   -14.652   -72.658    0.0   -0.0    0.0
   -14.634   -72.658    0.0   -0.0    0.0
   -14.616   -72.658    0.0   -0.0    0.0
   -14.598   -72.658    0.0   -0.0    0.0
   -14.580   -72.658    0.0   -0.0    0.0
   -14.562   -72.658    0.0   -0.0    0.0
   -14.544   -72.658    0.0   -0.0    0.0
   -14.526   -72.658    0.0   -0.0    0.0
   -14.508   -72.658    0.0   -0.0   -0.0
   -14.490   -72.658    0.0   -0.0   -0.0
   -14.472   -72.658    0.0   -0.0   -0.0
   -14.454   -72.658    0.0   -0.0   -0.0
   -14.436   -72.658   -0.0   -0.0   -0.0
   -14.418   -72.658   -0.0   -0.0   -0.0
   -14.400   -72.658   -0.0   -0.0   -0.0
   -14.383   -72.658   -0.0   -0.0   -0.0
   -14.365   -72.658   -0.0   -0.0   -0.0
   -14.347   -72.658   -0.0   -0.0   -0.0
   -14.329   -72.658   -0.0   -0.0   -0.0
   -14.311   -72.658   -0.0   -0.0   -0.0
   -14.293   -72.658   -0.0   -0.0   -0.0
   -14.275   -72.658   -0.0   -0.0   -0.0
   -14.257   -72.658   -0.0   -0.0   -0.0
   -14.239   -72.658   -0.0   -0.0   -0.0
   -14.221   -72.658   -0.0   -0.0   -0.0
   -14.203   -72.658   -0.0   -0.0   -0.0
   -14.185   -72.658   -0.0   -0.0   -0.0
   -14.167   -72.658   -0.0   -0.0   -0.0
   -14.149   -72.658   -0.0   -0.0   -0.0
   -14.131   -72.658   -0.0   -0.0   -0.0
   -14.113   -72.658   -0.0   -0.0   -0.0
   -14.095   -72.658   -0.0   -0.0   -0.0
   -14.077   -72.658   -0.0   -0.0   -0.0
   -14.059   -72.658   -0.0   -0.0   -0.0
   -14.041   -72.658   -0.0   -0.0   -0.0
   -14.024   -72.658   -0.0   -0.0   -0.0
   -14.006   -72.658   -0.0   -0.0   -0.0
   -13.988   -72.658   -0.0   -0.0   -0.0
   -13.970   -72.658   -0.0   -0.0   -0.0
   -13.952   -72.658   -0.0   -0.0   -0.0
   -13.934   -72.658   -0.0   -0.0   -0.0
   -13.916   -72.658   -0.0   -0.0   -0.0
   -13.898   -72.658   -0.0   -0.0   -0.0
   -13.880   -72.658   -0.0   -0.0   -0.0
   -13.862   -72.658   -0.0   -0.0   -0.0
   -13.844   -72.658   -0.0   -0.0   -0.0
   -13.826   -72.658   -0.0   -0.0   -0.0
   -13.808   -72.658   -0.0   -0.0   -0.0
   -13.790   -72.658   -0.0   -0.0   -0.0
   -13.772   -72.658   -0.0   -0.0   -0.0
   -13.754   -72.658   -0.0   -0.0   -0.0
   -13.736   -72.658   -0.0   -0.0   -0.0
   -13.718   -72.658   -0.0   -0.0   -0.0
   -13.700   -72.658   -0.0   -0.0   -0.0
   -13.682   -72.658   -0.0   -0.0   -0.0
   -13.664   -72.658   -0.0   -0.0   -0.0
   -13.647   -72.658   -0.0   -0.0   -0.0
   -13.629   -72.658   -0.0   -0.0   -0.0
   -13.611   -72.658   -0.0   -0.0   -0.0
   -15.406   -72.639    0.1   -0.0    0.0
   -15.388   -72.639    0.1   -0.0    0.0
   -15.370   -72.639    0.1   -0.0    0.0
   -15.352   -72.639    0.1   -0.0    0.0
   -15.334   -72.639    0.1   -0.0    0.0
   -15.316   -72.639    0.1   -0.0    0.0
   -15.298   -72.639    0.1   -0.0    0.0
   -15.280   -72.639    0.1   -0.0    0.0
   -15.262   -72.639    0.1   -0.0    0.0
   -15.244   -72.639    0.1   -0.0    0.0
   -15.226   -72.639    0.1   -0.0    0.0
   -15.208   -72.639    0.1   -0.0    0.0
   -15.190   -72.639    0.1   -0.0    0.0
   -15.172   -72.639    0.1   -0.0    0.0
   -15.154   -72.639    0.1   -0.0    0.0
   -15.136   -72.639    0.1   -0.0    0.0
   -15.119   -72.639    0.1   -0.0    0.0
   -15.101   -72.639    0.1   -0.0    0.0
   -15.083   -72.639    0.1   -0.0    0.0
   -15.065   -72.639    0.1   -0.0    0.0
   -15.047   -72.639    0.1   -0.0    0.0
   -15.029   -72.639    0.1   -0.0    0.0
   -15.011   -72.639    0.1   -0.0    0.0
   -14.993   -72.639    0.1   -0.0    0.0
   -14.975   -72.639    0.1   -0.0    0.0
   -14.957   -72.639    0.1   -0.0    0.0
   -14.939   -72.639    0.1   -0.0    0.0
   -14.921   -72.639    0.1   -0.0    0.0
   -14.903   -72.639    0.1   -0.0    0.0
   -14.885   -72.639    0.1   -0.0    0.0
   -14.867   -72.639    0.1   -0.0    0.0
   -14.849   -72.639    0.1   -0.0    0.0
   -14.831   -72.639    0.0   -0.0    0.0
   -14.813   -72.639    0.0   -0.0    0.0
   -14.795   -72.639    0.0   -0.0    0.0
   -14.777   -72.639    0.0   -0.0    0.0
   -14.760   -72.639    0.0   -0.0    0.0
   -14.742   -72.639    0.0   -0.0    0.0
   -14.724   -72.639    0.0   -0.0    0.0
   -14.706   -72.639    0.0   -0.0    0.0
   -14.688   -72.639    0.0   -0.0    0.0
   -14.670   -72.639    0.0   -0.0    0.0
   -14.652   -72.639    0.0   -0.0    0.0
   -14.634   -72.639    0.0   -0.0    0.0
   -14.616   -72.639    0.0   -0.0    0.0
   -14.598   -72.639    0.0   -0.0    0.0
   -14.580   -72.639    0.0   -0.0    0.0
   -14.562   -72.639    0.0   -0.0    0.0
   -14.544   -72.639    0.0   -0.0    0.0
   -14.526   -72.639    0.0   -0.0    0.0
   -14.508   -72.639    0.0   -0.0    0.0
   -14.490   -72.639    0.0   -0.0    0.0
   -14.472   -72.639    0.0   -0.0   -0.0
   -14.454   -72.639    0.0   -0.0   -0.0
   -14.436   -72.639    0.0   -0.0   -0.0
   -14.418   -72.639    0.0   -0.0   -0.0
   -14.400   -72.639   -0.0   -0.0   -0.0
   -14.383   -72.639   -0.0   -0.0   -0.0
   -14.365   -72.639   -0.0   -0.0   -0.0
   -14.347   -72.639   -0.0   -0.0   -0.0
   -14.329   -72.639   -0.0   -0.0   -0.0
   -14.311   -72.639   -0.0   -0.0   -0.0
   -14.293   -72.639   -0.0   -0.0   -0.0
   -14.275   -72.639   -0.0   -0.0   -0.0
   -14.257   -72.639   -0.0   -0.0   -0.0
   -14.239   -72.639   -0.0   -0.0   -0.0
   -14.221   -72.639   -0.0   -0.0   -0.0
   -14.203   -72.639   -0.0   -0.0   -0.0
   -14.185   -72.639   -0.0   -0.0   -0.0
   -14.167   -72.639   -0.0   -0.0   -0.0
   -14.149   -72.639   -0.0   -0.0   -0.0
   -14.131   -72.639   -0.0   -0.0   -0.0
   -14.113   -72.639   -0.0   -0.0   -0.0
   -14.095   -72.639   -0.0   -0.0   -0.0
   -14.077   -72.639   -0.0   -0.0   -0.0
   -14.059   -72.639   -0.0   -0.0   -0.0
   -14.041   -72.639   -0.0   -0.0   -0.0
   -14.024   -72.639   -0.0   -0.0   -0.0
   -14.006   -72.639   -0.0   -0.0   -0.0
   -13.988   -72.639   -0.0   -0.0   -0.0
   -13.970   -72.639   -0.0   -0.0   -0.0
   -13.952   -72.639   -0.0   -0.0   -0.0
   -13.934   -72.639   -0.0   -0.0   -0.0
   -13.916   -72.639   -0.0   -0.0   -0.0
   -13.898   -72.639   -0.0   -0.0   -0.0
   -13.880   -72.639   -0.0   -0.0   -0.0
   -13.862   -72.639   -0.0   -0.0   -0.0
   -13.844   -72.639   -0.0   -0.0   -0.0
   -13.826   -72.639   -0.0   -0.0   -0.0
   -13.808   -72.639   -0.0   -0.0   -0.0
   -13.790   -72.639   -0.0   -0.0   -0.0
   -13.772   -72.639   -0.0   -0.0   -0.0
   -13.754   -72.639   -0.0   -0.0   -0.0
   -13.736   -72.639   -0.0   -0.0   -0.0
   -13.718   -72.639   -0.0   -0.0   -0.0
   -13.700   -72.639   -0.0   -0.0   -0.0
   -13.682   -72.639   -0.0   -0.0   -0.0
   -13.664   -72.639   -0.0   -0.0   -0.0
   -13.647   -72.639   -0.0   -0.0   -0.0
   -13.629   -72.639   -0.0   -0.0   -0.0
   -13.611   -72.639   -0.0   -0.0   -0.0
   -15.406   -72.621    0.1   -0.0    0.0
   -15.388   -72.621    0.1   -0.0    0.0
   -15.370   -72.621    0.1   -0.0    0.0
   -15.352   -72.621    0.1   -0.0    0.0
   -15.334   -72.621    0.1   -0.0    0.0
   -15.316   -72.621    0.1   -0.0    0.0
   -15.298   -72.621    0.1   -0.0    0.0
   -15.280   -72.621    0.1   -0.0    0.0
   -15.262   -72.621    0.1   -0.0    0.0
   -15.244   -72.621    0.1   -0.0    0.0
   -15.226   -72.621    0.1   -0.0    0.0
   -15.208   -72.621    0.1   -0.0    0.0
   -15.190   -72.621    0.1   -0.0    0.0
   -15.172   -72.621    0.1   -0.0    0.0
   -15.154   -72.621    0.1   -0.0    0.0
   -15.136   -72.621    0.1   -0.0    0.0
   -15.119   -72.621    0.1   -0.0    0.0
   -15.101   -72.621    0.1   -0.0    0.0
   -15.083   -72.621    0.1   -0.0    0.0
   -15.065   -72.621    0.1   -0.0    0.0
   -15.047   -72.621    0.1   -0.0    0.0
   -15.029   -72.621    0.1   -0.0    0.0
   -15.011   -72.621    0.1   -0.0    0.0
   -14.993   -72.621    0.1   -0.0    0.0
   -14.975   -72.621    0.1   -0.0    0.0
   -14.957   -72.621    0.1   -0.0    0.0
   -14.939   -72.621    0.1   -0.0    0.0
   -14.921   -72.621    0.1   -0.0    0.0
   -14.903   -72.621    0.1   -0.0    0.0
   -14.885   -72.621    0.1   -0.0    0.0
   -14.867   -72.621    0.1   -0.0    0.0
   -14.849   -72.621    0.1   -0.0    0.0
   -14.831   -72.621    0.1   -0.0    0.0
   -14.813   -72.621    0.0   -0.0    0.0
   -14.795   -72.621    0.0   -0.0    0.0
   -14.777   -72.621    0.0   -0.0    0.0
   -14.760   -72.621    0.0   -0.0    0.0
   -14.742   -72.621    0.0   -0.0    0.0
   -14.724   -72.621    0.0   -0.0    0.0
   -14.706   -72.621    0.0   -0.0    0.0
   -14.688   -72.621    0.0   -0.0    0.0
   -14.670   -72.621    0.0   -0.0    0.0
   -14.652   -72.621    0.0   -0.0    0.0
   -14.634   -72.621    0.0   -0.0    0.0
   -14.616   -72.621    0.0   -0.0    0.0
   -14.598   -72.621    0.0   -0.0    0.0
   -14.580   -72.621    0.0   -0.0    0.0
   -14.562   -72.621    0.0   -0.0    0.0
   -14.544   -72.621    0.0   -0.0    0.0
   -14.526   -72.621    0.0   -0.0    0.0
   -14.508   -72.621    0.0   -0.0    0.0
   -14.490   -72.621    0.0   -0.0    0.0
   -14.472   -72.621    0.0   -0.0    0.0
   -14.454   -72.621    0.0   -0.0   -0.0
   -14.436   -72.621    0.0   -0.0   -0.0
   -14.418   -72.621    0.0   -0.0   -0.0
   -14.400   -72.621    0.0   -0.0   -0.0
   -14.383   -72.621   -0.0   -0.0   -0.0
   -14.365   -72.621   -0.0   -0.0   -0.0
   -14.347   -72.621   -0.0   -0.0   -0.0
   -14.329   -72.621   -0.0   -0.0   -0.0
   -14.311   -72.621   -0.0   -0.0   -0.0
   -14.293   -72.621   -0.0   -0.0   -0.0
   -14.275   -72.621   -0.0   -0.0   -0.0
   -14.257   -72.621   -0.0   -0.0   -0.0
   -14.239   -72.621   -0.0   -0.0   -0.0
   -14.221   -72.621   -0.0   -0.0   -0.0
   -14.203   -72.621   -0.0   -0.0   -0.0
   -14.185   -72.621   -0.0   -0.0   -0.0
   -14.167   -72.621   -0.0   -0.0   -0.0
   -14.149   -72.621   -0.0   -0.0   -0.0
   -14.131   -72.621   -0.0   -0.0   -0.0
   -14.113   -72.621   -0.0   -0.0   -0.0
   -14.095   -72.621   -0.0   -0.0   -0.0
   -14.077   -72.621   -0.0   -0.0   -0.0
   -14.059   -72.621   -0.0   -0.0   -0.0
   -14.041   -72.621   -0.0   -0.0   -0.0
   -14.024   -72.621   -0.0   -0.0   -0.0
   -14.006   -72.621   -0.0   -0.0   -0.0
   -13.988   -72.621   -0.0   -0.0   -0.0
   -13.970   -72.621   -0.0   -0.0   -0.0
   -13.952   -72.621   -0.0   -0.0   -0.0
   -13.934   -72.621   -0.0   -0.0   -0.0
   -13.916   -72.621   -0.0   -0.0   -0.0
   -13.898   -72.621   -0.0   -0.0   -0.0
   -13.880   -72.621   -0.0   -0.0   -0.0
   -13.862   -72.621   -0.0   -0.0   -0.0
   -13.844   -72.621   -0.0   -0.0   -0.0
   -13.826   -72.621   -0.0   -0.0   -0.0
   -13.808   -72.621   -0.0   -0.0   -0.0
   -13.790   -72.621   -0.0   -0.0   -0.0
   -13.772   -72.621   -0.0   -0.0   -0.0
   -13.754   -72.621   -0.0   -0.0   -0.0
   -13.736   -72.621   -0.0   -0.0   -0.0
   -13.718   -72.621   -0.0   -0.0   -0.0
   -13.700   -72.621   -0.0   -0.0   -0.0
   -13.682   -72.621   -0.0   -0.0   -0.0
   -13.664   -72.621   -0.0   -0.0   -0.0
   -13.647   -72.621   -0.0   -0.0   -0.0
   -13.629   -72.621   -0.0   -0.0   -0.0
   -13.611   -72.621   -0.0   -0.0   -0.0
   -15.406   -72.602    0.1   -0.0    0.0
   -15.388   -72.602    0.1   -0.0    0.0
   -15.370   -72.602    0.1   -0.0    0.0
   -15.352   -72.602    0.1   -0.0    0.0
   -15.334   -72.602    0.1   -0.0    0.0
   -15.316   -72.602    0.1   -0.0    0.0
   -15.298   -72.602    0.1   -0.0    0.0
   -15.280   -72.602    0.1   -0.0    0.0
   -15.262   -72.602    0.1   -0.0    0.0
   -15.244   -72.602    0.1   -0.0    0.0
   -15.226   -72.602    0.1   -0.0    0.0
   -15.208   -72.602    0.1   -0.0    0.0
   -15.190   -72.602    0.1   -0.0    0.0
   -15.172   -72.602    0.1   -0.0    0.0
   -15.154   -72.602    0.1   -0.0    0.0
   -15.136   -72.602    0.1   -0.0    0.0
   -15.119   -72.602    0.1   -0.0    0.0
   -15.101   -72.602    0.1   -0.0    0.0
   -15.083   -72.602    0.1   -0.0    0.0
   -15.065   -72.602    0.1   -0.0    0.0
   -15.047   -72.602    0.1   -0.0    0.0
   -15.029   -72.602    0.1   -0.0    0.0
   -15.011   -72.602    0.1   -0.0    0.0
   -14.993   -72.602    0.1   -0.0    0.0
   -14.975   -72.602    0.1   -0.0    0.0
   -14.957   -72.602    0.1   -0.0    0.0
   -14.939   -72.602    0.1   -0.0    0.0
   -14.921   -72.602    0.1   -0.0    0.0
   -14.903   -72.602    0.1   -0.0    0.0
   -14.885   -72.602    0.1   -0.0    0.0
   -14.867   -72.602    0.1   -0.0    0.0
   -14.849   -72.602    0.1   -0.0    0.0
   -14.831   -72.602    0.1   -0.0    0.0
   -14.813   -72.602    0.1   -0.0    0.0
   -14.795   -72.602    0.0   -0.0    0.0
   -14.777   -72.602    0.0   -0.0    0.0
   -14.760   -72.602    0.0   -0.0    0.0
   -14.742   -72.602    0.0   -0.0    0.0
   -14.724   -72.602    0.0   -0.0    0.0
   -14.706   -72.602    0.0   -0.0    0.0
   -14.688   -72.602    0.0   -0.0    0.0
   -14.670   -72.602    0.0   -0.0    0.0
   -14.652   -72.602    0.0   -0.0    0.0
   -14.634   -72.602    0.0   -0.0    0.0
   -14.616   -72.602    0.0   -0.0    0.0
   -14.598   -72.602    0.0   -0.0    0.0
   -14.580   -72.602    0.0   -0.0    0.0
   -14.562   -72.602    0.0   -0.0    0.0
   -14.544   -72.602    0.0   -0.0    0.0
   -14.526   -72.602    0.0   -0.0    0.0
   -14.508   -72.602    0.0   -0.0    0.0
   -14.490   -72.602    0.0   -0.0    0.0
   -14.472   -72.602    0.0   -0.0    0.0
   -14.454   -72.602    0.0   -0.0    0.0
   -14.436   -72.602    0.0   -0.0   -0.0
   -14.418   -72.602    0.0   -0.0   -0.0
   -14.400   -72.602    0.0   -0.0   -0.0
   -14.383   -72.602    0.0   -0.0   -0.0
   -14.365   -72.602   -0.0   -0.0   -0.0
   -14.347   -72.602   -0.0   -0.0   -0.0
   -14.329   -72.602   -0.0   -0.0   -0.0
   -14.311   -72.602   -0.0   -0.0   -0.0
   -14.293   -72.602   -0.0   -0.0   -0.0
   -14.275   -72.602   -0.0   -0.0   -0.0
   -14.257   -72.602   -0.0   -0.0   -0.0
   -14.239   -72.602   -0.0   -0.0   -0.0
   -14.221   -72.602   -0.0   -0.0   -0.0
   -14.203   -72.602   -0.0   -0.0   -0.0
   -14.185   -72.602   -0.0   -0.0   -0.0
   -14.167   -72.602   -0.0   -0.0   -0.0
   -14.149   -72.602   -0.0   -0.0   -0.0
   -14.131   -72.602   -0.0   -0.0   -0.0
   -14.113   -72.602   -0.0   -0.0   -0.0
   -14.095   -72.602   -0.0   -0.0   -0.0
   -14.077   -72.602   -0.0   -0.0   -0.0
   -14.059   -72.602   -0.0   -0.0   -0.0
   -14.041   -72.602   -0.0   -0.0   -0.0
   -14.024   -72.602   -0.0   -0.0   -0.0
   -14.006   -72.602   -0.0   -0.0   -0.0
   -13.988   -72.602   -0.0   -0.0   -0.0
   -13.970   -72.602   -0.0   -0.0   -0.0
   -13.952   -72.602   -0.0   -0.0   -0.0
   -13.934   -72.602   -0.0   -0.0   -0.0
   -13.916   -72.602   -0.0   -0.0   -0.0
   -13.898   -72.602   -0.0   -0.0   -0.0
   -13.880   -72.602   -0.0   -0.0   -0.0
   -13.862   -72.602   -0.0   -0.0   -0.0
   -13.844   -72.602   -0.0   -0.0   -0.0
   -13.826   -72.602   -0.0   -0.0   -0.0
   -13.808   -72.602   -0.0   -0.0   -0.0
   -13.790   -72.602   -0.0   -0.0   -0.0
   -13.772   -72.602   -0.0   -0.0   -0.0
   -13.754   -72.602   -0.0   -0.0   -0.0
   -13.736   -72.602   -0.0   -0.0   -0.0
   -13.718   -72.602   -0.0   -0.0   -0.0
   -13.700   -72.602   -0.0   -0.0   -0.0
   -13.682   -72.602   -0.0   -0.0   -0.0
   -13.664   -72.602   -0.0   -0.0   -0.0
   -13.647   -72.602   -0.0   -0.0   -0.0
   -13.629   -72.602   -0.0   -0.0   -0.0
   -13.611   -72.602   -0.0   -0.0   -0.0
   -15.406   -72.584    0.1   -0.0    0.0
   -15.388   -72.584    0.1   -0.0    0.0
   -15.370   -72.584    0.1   -0.0    0.0
   -15.352   -72.584    0.1   -0.0    0.0
   -15.334   -72.584    0.1   -0.0    0.0
   -15.316   -72.584    0.1   -0.0    0.0
   -15.298   -72.584    0.1   -0.0    0.0
   -15.280   -72.584    0.1   -0.0    0.0
   -15.262   -72.584    0.1   -0.0    0.0
   -15.244   -72.584    0.1   -0.0    0.0
   -15.226   -72.584    0.1   -0.0    0.0
   -15.208   -72.584    0.1   -0.0    0.0
   -15.190   -72.584    0.1   -0.0    0.0
   -15.172   -72.584    0.1   -0.0    0.0
   -15.154   -72.584    0.1   -0.0    0.0
   -15.136   -72.584    0.1   -0.0    0.0
   -15.119   -72.584    0.1   -0.0    0.0
   -15.101   -72.584    0.1   -0.0    0.0
   -15.083   -72.584    0.1   -0.0    0.0
   -15.065   -72.584    0.1   -0.0    0.0
   -15.047   -72.584    0.1   -0.0    0.0
   -15.029   -72.584    0.1   -0.0    0.0
   -15.011   -72.584    0.1   -0.0    0.0
   -14.993   -72.584    0.1   -0.0    0.0
   -14.975   -72.584    0.1   -0.0    0.0
   -14.957   -72.584    0.1   -0.0    0.0
   -14.939   -72.584    0.1   -0.0    0.0
   -14.921   -72.584    0.1   -0.0    0.0
   -14.903   -72.584    0.1   -0.0    0.0
   -14.885   -72.584    0.1   -0.0    0.0
   -14.867   -72.584    0.1   -0.0    0.0
   -14.849   -72.584    0.1   -0.0    0.0
   -14.831   -72.584    0.1   -0.0    0.0
   -14.813   -72.584    0.1   -0.0    0.0
   -14.795   -72.584    0.1   -0.0    0.0
   -14.777   -72.584    0.0   -0.0    0.0
   -14.760   -72.584    0.0   -0.0    0.0
   -14.742   -72.584    0.0   -0.0    0.0
   -14.724   -72.584    0.0   -0.0    0.0
   -14.706   -72.584    0.0   -0.0    0.0
   -14.688   -72.584    0.0   -0.0    0.0
   -14.670   -72.584    0.0   -0.0    0.0
   -14.652   -72.584    0.0   -0.0    0.0
   -14.634   -72.584    0.0   -0.0    0.0
   -14.616   -72.584    0.0   -0.0    0.0
   -14.598   -72.584    0.0   -0.0    0.0
   -14.580   -72.584    0.0   -0.0    0.0
   -14.562   -72.584    0.0   -0.0    0.0
   -14.544   -72.584    0.0   -0.0    0.0
   -14.526   -72.584    0.0   -0.0    0.0
   -14.508   -72.584    0.0   -0.0    0.0
   -14.490   -72.584    0.0   -0.0    0.0
   -14.472   -72.584    0.0   -0.0    0.0
   -14.454   -72.584    0.0   -0.0    0.0
   -14.436   -72.584    0.0   -0.0    0.0
   -14.418   -72.584    0.0   -0.0    0.0
   -14.400   -72.584    0.0   -0.0   -0.0
   -14.383   -72.584    0.0   -0.0   -0.0
   -14.365   -72.584    0.0   -0.0   -0.0
   -14.347   -72.584    0.0   -0.0   -0.0
   -14.329   -72.584   -0.0   -0.0   -0.0
   -14.311   -72.584   -0.0   -0.0   -0.0
   -14.293   -72.584   -0.0   -0.0   -0.0
   -14.275   -72.584   -0.0   -0.0   -0.0
   -14.257   -72.584   -0.0   -0.0   -0.0
   -14.239   -72.584   -0.0   -0.0   -0.0
   -14.221   -72.584   -0.0   -0.0   -0.0
   -14.203   -72.584   -0.0   -0.0   -0.0
   -14.185   -72.584   -0.0   -0.0   -0.0
   -14.167   -72.584   -0.0   -0.0   -0.0
   -14.149   -72.584   -0.0   -0.0   -0.0
   -14.131   -72.584   -0.0   -0.0   -0.0
   -14.113   -72.584   -0.0   -0.0   -0.0
   -14.095   -72.584   -0.0   -0.0   -0.0
   -14.077   -72.584   -0.0   -0.0   -0.0
   -14.059   -72.584   -0.0   -0.0   -0.0
   -14.041   -72.584   -0.0   -0.0   -0.0
   -14.024   -72.584   -0.0   -0.0   -0.0
   -14.006   -72.584   -0.0   -0.0   -0.0
   -13.988   -72.584   -0.0   -0.0   -0.0
   -13.970   -72.584   -0.0   -0.0   -0.0
   -13.952   -72.584   -0.0   -0.0   -0.0
   -13.934   -72.584   -0.0   -0.0   -0.0
   -13.916   -72.584   -0.0   -0.0   -0.0
   -13.898   -72.584   -0.0   -0.0   -0.0
   -13.880   -72.584   -0.0   -0.0   -0.0
   -13.862   -72.584   -0.0   -0.0   -0.0
   -13.844   -72.584   -0.0   -0.0   -0.0
   -13.826   -72.584   -0.0   -0.0   -0.0
   -13.808   -72.584   -0.0   -0.0   -0.0
   -13.790   -72.584   -0.0   -0.0   -0.0
   -13.772   -72.584   -0.0   -0.0   -0.0
   -13.754   -72.584   -0.0   -0.0   -0.0
   -13.736   -72.584   -0.0   -0.0   -0.0
   -13.718   -72.584   -0.0   -0.0   -0.0
   -13.700   -72.584   -0.0   -0.0   -0.0
   -13.682   -72.584   -0.0   -0.0   -0.0
   -13.664   -72.584   -0.0   -0.0   -0.0
   -13.647   -72.584   -0.0   -0.0   -0.0
   -13.629   -72.584   -0.0   -0.0   -0.0
   -13.611   -72.584   -0.0   -0.0   -0.0
   -15.406   -72.565    0.1   -0.0    0.0
   -15.388   -72.565    0.1   -0.0    0.0
   -15.370   -72.565    0.1   -0.0    0.0
   -15.352   -72.565    0.1   -0.0    0.0
   -15.334   -72.565    0.1   -0.0    0.0
   -15.316   -72.565    0.1   -0.0    0.0
   -15.298   -72.565    0.1   -0.0    0.0
   -15.280   -72.565    0.1   -0.0    0.0
   -15.262   -72.565    0.1   -0.0    0.0
   -15.244   -72.565    0.1   -0.0    0.0
   -15.226   -72.565    0.1   -0.0    0.0
   -15.208   -72.565    0.1   -0.0    0.0
   -15.190   -72.565    0.1   -0.0    0.0
   -15.172   -72.565    0.1   -0.0    0.0
   -15.154   -72.565    0.1   -0.0    0.0
   -15.136   -72.565    0.1   -0.0    0.0
   -15.119   -72.565    0.1   -0.0    0.0
   -15.101   -72.565    0.1   -0.0    0.0
   -15.083   -72.565    0.1   -0.0    0.0
   -15.065   -72.565    0.1   -0.0    0.0
   -15.047   -72.565    0.1   -0.0    0.0
   -15.029   -72.565    0.1   -0.0    0.0
   -15.011   -72.565    0.1   -0.0    0.0
   -14.993   -72.565    0.1   -0.0    0.0
   -14.975   -72.565    0.1   -0.0    0.0
   -14.957   -72.565    0.1   -0.0    0.0
   -14.939   -72.565    0.1   -0.0    0.0
   -14.921   -72.565    0.1   -0.0    0.0
   -14.903   -72.565    0.1   -0.0    0.0
   -14.885   -72.565    0.1   -0.0    0.0
   -14.867   -72.565    0.1   -0.0    0.0
   -14.849   -72.565    0.1   -0.0    0.0
   -14.831   -72.565    0.1   -0.0    0.0
   -14.813   -72.565    0.1   -0.0    0.0
   -14.795   -72.565    0.1   -0.0    0.0
   -14.777   -72.565    0.1   -0.0    0.0
   -14.760   -72.565    0.0   -0.0    0.0
   -14.742   -72.565    0.0   -0.0    0.0
   -14.724   -72.565    0.0   -0.0    0.0
   -14.706   -72.565    0.0   -0.0    0.0
   -14.688   -72.565    0.0   -0.0    0.0
   -14.670   -72.565    0.0   -0.0    0.0
   -14.652   -72.565    0.0   -0.0    0.0
   -14.634   -72.565    0.0   -0.0    0.0
   -14.616   -72.565    0.0   -0.0    0.0
   -14.598   -72.565    0.0   -0.0    0.0
   -14.580   -72.565    0.0   -0.0    0.0
   -14.562   -72.565    0.0   -0.0    0.0
   -14.544   -72.565    0.0   -0.0    0.0
   -14.526   -72.565    0.0   -0.0    0.0
   -14.508   -72.565    0.0   -0.0    0.0
   -14.490   -72.565    0.0   -0.0    0.0
   -14.472   -72.565    0.0   -0.0    0.0
   -14.454   -72.565    0.0   -0.0    0.0
   -14.436   -72.565    0.0   -0.0    0.0
   -14.418   -72.565    0.0   -0.0    0.0
   -14.400   -72.565    0.0   -0.0    0.0
   -14.383   -72.565    0.0   -0.0   -0.0
   -14.365   -72.565    0.0   -0.0   -0.0
   -14.347   -72.565    0.0   -0.0   -0.0
   -14.329   -72.565    0.0   -0.0   -0.0
   -14.311   -72.565   -0.0   -0.0   -0.0
   -14.293   -72.565   -0.0   -0.0   -0.0
   -14.275   -72.565   -0.0   -0.0   -0.0
   -14.257   -72.565   -0.0   -0.0   -0.0
   -14.239   -72.565   -0.0   -0.0   -0.0
   -14.221   -72.565   -0.0   -0.0   -0.0
   -14.203   -72.565   -0.0   -0.0   -0.0
   -14.185   -72.565   -0.0   -0.0   -0.0
   -14.167   -72.565   -0.0   -0.0   -0.0
   -14.149   -72.565   -0.0   -0.0   -0.0
   -14.131   -72.565   -0.0   -0.0   -0.0
   -14.113   -72.565   -0.0   -0.0   -0.0
   -14.095   -72.565   -0.0   -0.0   -0.0
   -14.077   -72.565   -0.0   -0.0   -0.0
   -14.059   -72.565   -0.0   -0.0   -0.0
   -14.041   -72.565   -0.0   -0.0   -0.0
   -14.024   -72.565   -0.0   -0.0   -0.0
   -14.006   -72.565   -0.0   -0.0   -0.0
   -13.988   -72.565   -0.0   -0.0   -0.0
   -13.970   -72.565   -0.0   -0.0   -0.0
   -13.952   -72.565   -0.0   -0.0   -0.0
   -13.934   -72.565   -0.0   -0.0   -0.0
   -13.916   -72.565   -0.0   -0.0   -0.0
   -13.898   -72.565   -0.0   -0.0   -0.0
   -13.880   -72.565   -0.0   -0.0   -0.0
   -13.862   -72.565   -0.0   -0.0   -0.0
   -13.844   -72.565   -0.0   -0.0   -0.0
   -13.826   -72.565   -0.0   -0.0   -0.0
   -13.808   -72.565   -0.0   -0.0   -0.0
   -13.790   -72.565   -0.0   -0.0   -0.0
   -13.772   -72.565   -0.0   -0.0   -0.0
   -13.754   -72.565   -0.0   -0.0   -0.0
   -13.736   -72.565   -0.0   -0.0   -0.0
   -13.718   -72.565   -0.0   -0.0   -0.0
   -13.700   -72.565   -0.0   -0.0   -0.0
   -13.682   -72.565   -0.0   -0.0   -0.0
   -13.664   -72.565   -0.0   -0.0   -0.0
   -13.647   -72.565   -0.0   -0.0   -0.0
   -13.629   -72.565   -0.0   -0.0   -0.0
   -13.611   -72.565   -0.0   -0.0   -0.0
