 Lat    Lon    Disp_x_East(cm)   Disp_y_North(cm)   DispUp(cm)
    52.108  -172.509   -0.0   -0.0    0.0
    52.126  -172.509   -0.0   -0.0    0.0
    52.144  -172.509   -0.0   -0.0    0.0
    52.162  -172.509   -0.0   -0.0    0.0
    52.180  -172.509   -0.0   -0.0    0.0
    52.198  -172.509   -0.0   -0.0    0.0
    52.216  -172.509   -0.0   -0.0    0.0
    52.234  -172.509   -0.0   -0.0    0.0
    52.252  -172.509   -0.0   -0.0    0.0
    52.270  -172.509   -0.0   -0.0    0.0
    52.288  -172.509   -0.0   -0.0    0.0
    52.306  -172.509   -0.0   -0.0    0.0
    52.324  -172.509   -0.0   -0.0    0.0
    52.342  -172.509   -0.0   -0.0    0.0
    52.360  -172.509   -0.0   -0.0    0.0
    52.378  -172.509   -0.0   -0.0    0.0
    52.396  -172.509   -0.0   -0.0    0.0
    52.414  -172.509   -0.0   -0.0    0.0
    52.432  -172.509   -0.0   -0.0    0.0
    52.450  -172.509   -0.0   -0.0    0.0
    52.468  -172.509   -0.0   -0.0    0.0
    52.486  -172.509   -0.0   -0.0    0.0
    52.504  -172.509   -0.0   -0.0    0.0
    52.522  -172.509   -0.0   -0.0    0.0
    52.540  -172.509   -0.0   -0.0    0.0
    52.558  -172.509   -0.0   -0.0    0.0
    52.576  -172.509   -0.0   -0.0    0.0
    52.595  -172.509   -0.0   -0.0    0.0
    52.613  -172.509   -0.0   -0.0    0.0
    52.631  -172.509   -0.0   -0.0    0.0
    52.649  -172.509   -0.0   -0.0    0.0
    52.667  -172.509   -0.0   -0.0    0.0
    52.685  -172.509   -0.0   -0.0    0.0
    52.703  -172.509   -0.0   -0.0    0.0
    52.721  -172.509   -0.0   -0.0    0.0
    52.739  -172.509   -0.0   -0.0    0.0
    52.757  -172.509   -0.0   -0.0    0.0
    52.775  -172.509   -0.0   -0.0    0.0
    52.793  -172.509   -0.0   -0.0    0.0
    52.811  -172.509   -0.0   -0.0    0.0
    52.829  -172.509   -0.0   -0.0    0.0
    52.847  -172.509   -0.0   -0.0    0.0
    52.865  -172.509   -0.0   -0.0    0.0
    52.883  -172.509   -0.0   -0.0    0.0
    52.901  -172.509   -0.0   -0.0    0.0
    52.919  -172.509   -0.0   -0.0    0.0
    52.937  -172.509   -0.0   -0.0    0.0
    52.955  -172.509   -0.0   -0.0    0.0
    52.973  -172.509   -0.0   -0.0    0.0
    52.991  -172.509   -0.0   -0.0    0.0
    53.009  -172.509   -0.0   -0.0    0.0
    53.027  -172.509   -0.0   -0.0    0.0
    53.045  -172.509   -0.0   -0.0    0.0
    53.063  -172.509   -0.0   -0.0    0.0
    53.081  -172.509   -0.0   -0.0    0.0
    53.099  -172.509   -0.0   -0.0    0.0
    53.117  -172.509   -0.0   -0.0    0.0
    53.135  -172.509   -0.0   -0.0    0.0
    53.153  -172.509    0.0   -0.0    0.0
    53.171  -172.509    0.0   -0.0    0.0
    53.189  -172.509    0.0   -0.0    0.0
    53.207  -172.509    0.0   -0.0    0.0
    53.225  -172.509    0.0   -0.0    0.0
    53.243  -172.509    0.0   -0.0    0.0
    53.261  -172.509    0.0   -0.0    0.0
    53.279  -172.509    0.0   -0.0    0.0
    53.297  -172.509    0.0   -0.0    0.0
    53.315  -172.509    0.0   -0.0    0.0
    53.333  -172.509    0.0   -0.0    0.0
    53.351  -172.509    0.0   -0.0    0.0
    53.369  -172.509    0.0   -0.0    0.0
    53.387  -172.509    0.0   -0.0    0.0
    53.405  -172.509    0.0   -0.0    0.0
    53.423  -172.509    0.0   -0.0    0.0
    53.441  -172.509    0.0   -0.0    0.0
    53.459  -172.509    0.0   -0.0    0.0
    53.477  -172.509    0.0   -0.0    0.0
    53.495  -172.509    0.0   -0.0    0.0
    53.513  -172.509    0.0   -0.0    0.0
    53.531  -172.509    0.0   -0.0    0.0
    53.549  -172.509    0.0   -0.0    0.0
    53.567  -172.509    0.0   -0.0    0.0
    53.585  -172.509    0.0   -0.0    0.0
    53.603  -172.509    0.0   -0.0    0.0
    53.621  -172.509    0.0   -0.0    0.0
    53.639  -172.509    0.0   -0.0    0.0
    53.657  -172.509    0.0   -0.0    0.0
    53.675  -172.509    0.0   -0.0    0.0
    53.694  -172.509    0.0   -0.0    0.0
    53.712  -172.509    0.0   -0.0    0.0
    53.730  -172.509    0.0   -0.0    0.0
    53.748  -172.509    0.0   -0.0    0.0
    53.766  -172.509    0.0   -0.0    0.0
    53.784  -172.509    0.0   -0.0    0.0
    53.802  -172.509    0.0   -0.0    0.0
    53.820  -172.509    0.0   -0.0    0.0
    53.838  -172.509    0.0   -0.0    0.0
    53.856  -172.509    0.0   -0.0    0.0
    53.874  -172.509    0.0   -0.0    0.0
    53.892  -172.509    0.0   -0.0    0.0
    53.910  -172.509    0.0   -0.0    0.0
    52.108  -172.479   -0.0   -0.0    0.0
    52.126  -172.479   -0.0   -0.0    0.0
    52.144  -172.479   -0.0   -0.0    0.0
    52.162  -172.479   -0.0   -0.0    0.0
    52.180  -172.479   -0.0   -0.0    0.0
    52.198  -172.479   -0.0   -0.0    0.0
    52.216  -172.479   -0.0   -0.0    0.0
    52.234  -172.479   -0.0   -0.0    0.0
    52.252  -172.479   -0.0   -0.0    0.0
    52.270  -172.479   -0.0   -0.0    0.0
    52.288  -172.479   -0.0   -0.0    0.0
    52.306  -172.479   -0.0   -0.0    0.0
    52.324  -172.479   -0.0   -0.0    0.0
    52.342  -172.479   -0.0   -0.0    0.0
    52.360  -172.479   -0.0   -0.0    0.0
    52.378  -172.479   -0.0   -0.0    0.0
    52.396  -172.479   -0.0   -0.0    0.0
    52.414  -172.479   -0.0   -0.0    0.0
    52.432  -172.479   -0.0   -0.0    0.0
    52.450  -172.479   -0.0   -0.0    0.0
    52.468  -172.479   -0.0   -0.0    0.0
    52.486  -172.479   -0.0   -0.0    0.0
    52.504  -172.479   -0.0   -0.0    0.0
    52.522  -172.479   -0.0   -0.0    0.0
    52.540  -172.479   -0.0   -0.0    0.0
    52.558  -172.479   -0.0   -0.0    0.0
    52.576  -172.479   -0.0   -0.0    0.0
    52.595  -172.479   -0.0   -0.0    0.0
    52.613  -172.479   -0.0   -0.0    0.0
    52.631  -172.479   -0.0   -0.0    0.0
    52.649  -172.479   -0.0   -0.0    0.0
    52.667  -172.479   -0.0   -0.0    0.0
    52.685  -172.479   -0.0   -0.0    0.0
    52.703  -172.479   -0.0   -0.0    0.0
    52.721  -172.479   -0.0   -0.0    0.0
    52.739  -172.479   -0.0   -0.0    0.0
    52.757  -172.479   -0.0   -0.0    0.0
    52.775  -172.479   -0.0   -0.0    0.0
    52.793  -172.479   -0.0   -0.0    0.0
    52.811  -172.479   -0.0   -0.0    0.0
    52.829  -172.479   -0.0   -0.0    0.0
    52.847  -172.479   -0.0   -0.0    0.0
    52.865  -172.479   -0.0   -0.0    0.0
    52.883  -172.479   -0.0   -0.0    0.0
    52.901  -172.479   -0.0   -0.0    0.0
    52.919  -172.479   -0.0   -0.0    0.0
    52.937  -172.479   -0.0   -0.0    0.0
    52.955  -172.479   -0.0   -0.0    0.0
    52.973  -172.479   -0.0   -0.0    0.0
    52.991  -172.479   -0.0   -0.0    0.0
    53.009  -172.479   -0.0   -0.0    0.0
    53.027  -172.479   -0.0   -0.0    0.0
    53.045  -172.479   -0.0   -0.0    0.0
    53.063  -172.479   -0.0   -0.0    0.0
    53.081  -172.479   -0.0   -0.0    0.0
    53.099  -172.479   -0.0   -0.0    0.0
    53.117  -172.479   -0.0   -0.0    0.0
    53.135  -172.479    0.0   -0.0    0.0
    53.153  -172.479    0.0   -0.0    0.0
    53.171  -172.479    0.0   -0.0    0.0
    53.189  -172.479    0.0   -0.0    0.0
    53.207  -172.479    0.0   -0.0    0.0
    53.225  -172.479    0.0   -0.0    0.0
    53.243  -172.479    0.0   -0.0    0.0
    53.261  -172.479    0.0   -0.0    0.0
    53.279  -172.479    0.0   -0.0    0.0
    53.297  -172.479    0.0   -0.0    0.0
    53.315  -172.479    0.0   -0.0    0.0
    53.333  -172.479    0.0   -0.0    0.0
    53.351  -172.479    0.0   -0.0    0.0
    53.369  -172.479    0.0   -0.0    0.0
    53.387  -172.479    0.0   -0.0    0.0
    53.405  -172.479    0.0   -0.0    0.0
    53.423  -172.479    0.0   -0.0    0.0
    53.441  -172.479    0.0   -0.0    0.0
    53.459  -172.479    0.0   -0.0    0.0
    53.477  -172.479    0.0   -0.0    0.0
    53.495  -172.479    0.0   -0.0    0.0
    53.513  -172.479    0.0   -0.0    0.0
    53.531  -172.479    0.0   -0.0    0.0
    53.549  -172.479    0.0   -0.0    0.0
    53.567  -172.479    0.0   -0.0    0.0
    53.585  -172.479    0.0   -0.0    0.0
    53.603  -172.479    0.0   -0.0    0.0
    53.621  -172.479    0.0   -0.0    0.0
    53.639  -172.479    0.0   -0.0    0.0
    53.657  -172.479    0.0   -0.0    0.0
    53.675  -172.479    0.0   -0.0    0.0
    53.694  -172.479    0.0   -0.0    0.0
    53.712  -172.479    0.0   -0.0    0.0
    53.730  -172.479    0.0   -0.0    0.0
    53.748  -172.479    0.0   -0.0    0.0
    53.766  -172.479    0.0   -0.0    0.0
    53.784  -172.479    0.0   -0.0    0.0
    53.802  -172.479    0.0   -0.0    0.0
    53.820  -172.479    0.0   -0.0    0.0
    53.838  -172.479    0.0   -0.0    0.0
    53.856  -172.479    0.0   -0.0    0.0
    53.874  -172.479    0.0   -0.0    0.0
    53.892  -172.479    0.0   -0.0    0.0
    53.910  -172.479    0.0   -0.0    0.0
    52.108  -172.449   -0.0   -0.0    0.0
    52.126  -172.449   -0.0   -0.0    0.0
    52.144  -172.449   -0.0   -0.0    0.0
    52.162  -172.449   -0.0   -0.0    0.0
    52.180  -172.449   -0.0   -0.0    0.0
    52.198  -172.449   -0.0   -0.0    0.0
    52.216  -172.449   -0.0   -0.0    0.0
    52.234  -172.449   -0.0   -0.0    0.0
    52.252  -172.449   -0.0   -0.0    0.0
    52.270  -172.449   -0.0   -0.0    0.0
    52.288  -172.449   -0.0   -0.0    0.0
    52.306  -172.449   -0.0   -0.0    0.0
    52.324  -172.449   -0.0   -0.0    0.0
    52.342  -172.449   -0.0   -0.0    0.0
    52.360  -172.449   -0.0   -0.0    0.0
    52.378  -172.449   -0.0   -0.0    0.0
    52.396  -172.449   -0.0   -0.0    0.0
    52.414  -172.449   -0.0   -0.0    0.0
    52.432  -172.449   -0.0   -0.0    0.0
    52.450  -172.449   -0.0   -0.0    0.0
    52.468  -172.449   -0.0   -0.0    0.0
    52.486  -172.449   -0.0   -0.0    0.0
    52.504  -172.449   -0.0   -0.0    0.0
    52.522  -172.449   -0.0   -0.0    0.0
    52.540  -172.449   -0.0   -0.0    0.0
    52.558  -172.449   -0.0   -0.0    0.0
    52.576  -172.449   -0.0   -0.0    0.0
    52.595  -172.449   -0.0   -0.0    0.0
    52.613  -172.449   -0.0   -0.0    0.0
    52.631  -172.449   -0.0   -0.0    0.0
    52.649  -172.449   -0.0   -0.0    0.0
    52.667  -172.449   -0.0   -0.0    0.0
    52.685  -172.449   -0.0   -0.0    0.0
    52.703  -172.449   -0.0   -0.0    0.0
    52.721  -172.449   -0.0   -0.0    0.0
    52.739  -172.449   -0.0   -0.0    0.0
    52.757  -172.449   -0.0   -0.0    0.0
    52.775  -172.449   -0.0   -0.0    0.0
    52.793  -172.449   -0.0   -0.0    0.0
    52.811  -172.449   -0.0   -0.0    0.0
    52.829  -172.449   -0.0   -0.0    0.0
    52.847  -172.449   -0.0   -0.0    0.0
    52.865  -172.449   -0.0   -0.0    0.0
    52.883  -172.449   -0.0   -0.0    0.0
    52.901  -172.449   -0.0   -0.0    0.0
    52.919  -172.449   -0.0   -0.0    0.0
    52.937  -172.449   -0.0   -0.0    0.0
    52.955  -172.449   -0.0   -0.0    0.0
    52.973  -172.449   -0.0   -0.0    0.0
    52.991  -172.449   -0.0   -0.0    0.0
    53.009  -172.449   -0.0   -0.0    0.0
    53.027  -172.449   -0.0   -0.0    0.0
    53.045  -172.449   -0.0   -0.0    0.0
    53.063  -172.449   -0.0   -0.0    0.0
    53.081  -172.449   -0.0   -0.0    0.0
    53.099  -172.449   -0.0   -0.0    0.0
    53.117  -172.449    0.0   -0.0    0.0
    53.135  -172.449    0.0   -0.0    0.0
    53.153  -172.449    0.0   -0.0    0.0
    53.171  -172.449    0.0   -0.0    0.0
    53.189  -172.449    0.0   -0.0    0.0
    53.207  -172.449    0.0   -0.0    0.0
    53.225  -172.449    0.0   -0.0    0.0
    53.243  -172.449    0.0   -0.0    0.0
    53.261  -172.449    0.0   -0.0    0.0
    53.279  -172.449    0.0   -0.0    0.0
    53.297  -172.449    0.0   -0.0    0.0
    53.315  -172.449    0.0   -0.0    0.0
    53.333  -172.449    0.0   -0.0    0.0
    53.351  -172.449    0.0   -0.0    0.0
    53.369  -172.449    0.0   -0.0    0.0
    53.387  -172.449    0.0   -0.0    0.0
    53.405  -172.449    0.0   -0.0    0.0
    53.423  -172.449    0.0   -0.0    0.0
    53.441  -172.449    0.0   -0.0    0.0
    53.459  -172.449    0.0   -0.0    0.0
    53.477  -172.449    0.0   -0.0    0.0
    53.495  -172.449    0.0   -0.0    0.0
    53.513  -172.449    0.0   -0.0    0.0
    53.531  -172.449    0.0   -0.0    0.0
    53.549  -172.449    0.0   -0.0    0.0
    53.567  -172.449    0.0   -0.0    0.0
    53.585  -172.449    0.0   -0.0    0.0
    53.603  -172.449    0.0   -0.0    0.0
    53.621  -172.449    0.0   -0.0    0.0
    53.639  -172.449    0.0   -0.0    0.0
    53.657  -172.449    0.0   -0.0    0.0
    53.675  -172.449    0.0   -0.0    0.0
    53.694  -172.449    0.0   -0.0    0.0
    53.712  -172.449    0.0   -0.0    0.0
    53.730  -172.449    0.0   -0.0    0.0
    53.748  -172.449    0.0   -0.0    0.0
    53.766  -172.449    0.0   -0.0    0.0
    53.784  -172.449    0.0   -0.0    0.0
    53.802  -172.449    0.0   -0.0    0.0
    53.820  -172.449    0.0   -0.0    0.0
    53.838  -172.449    0.0   -0.0    0.0
    53.856  -172.449    0.0   -0.0    0.0
    53.874  -172.449    0.0   -0.0    0.0
    53.892  -172.449    0.0   -0.0    0.0
    53.910  -172.449    0.0   -0.0    0.0
    52.108  -172.419   -0.0   -0.0    0.0
    52.126  -172.419   -0.0   -0.0    0.0
    52.144  -172.419   -0.0   -0.0    0.0
    52.162  -172.419   -0.0   -0.0    0.0
    52.180  -172.419   -0.0   -0.0    0.0
    52.198  -172.419   -0.0   -0.0    0.0
    52.216  -172.419   -0.0   -0.0    0.0
    52.234  -172.419   -0.0   -0.0    0.0
    52.252  -172.419   -0.0   -0.0    0.0
    52.270  -172.419   -0.0   -0.0    0.0
    52.288  -172.419   -0.0   -0.0    0.0
    52.306  -172.419   -0.0   -0.0    0.0
    52.324  -172.419   -0.0   -0.0    0.0
    52.342  -172.419   -0.0   -0.0    0.0
    52.360  -172.419   -0.0   -0.0    0.0
    52.378  -172.419   -0.0   -0.0    0.0
    52.396  -172.419   -0.0   -0.0    0.0
    52.414  -172.419   -0.0   -0.0    0.0
    52.432  -172.419   -0.0   -0.0    0.0
    52.450  -172.419   -0.0   -0.0    0.0
    52.468  -172.419   -0.0   -0.0    0.0
    52.486  -172.419   -0.0   -0.0    0.0
    52.504  -172.419   -0.0   -0.0    0.0
    52.522  -172.419   -0.0   -0.0    0.0
    52.540  -172.419   -0.0   -0.0    0.0
    52.558  -172.419   -0.0   -0.0    0.0
    52.576  -172.419   -0.0   -0.0    0.0
    52.595  -172.419   -0.0   -0.0    0.0
    52.613  -172.419   -0.0   -0.0    0.0
    52.631  -172.419   -0.0   -0.0    0.0
    52.649  -172.419   -0.0   -0.0    0.0
    52.667  -172.419   -0.0   -0.0    0.0
    52.685  -172.419   -0.0   -0.0    0.0
    52.703  -172.419   -0.0   -0.0    0.0
    52.721  -172.419   -0.0   -0.0    0.0
    52.739  -172.419   -0.0   -0.0    0.0
    52.757  -172.419   -0.0   -0.0    0.0
    52.775  -172.419   -0.0   -0.0    0.0
    52.793  -172.419   -0.0   -0.0    0.0
    52.811  -172.419   -0.0   -0.0    0.0
    52.829  -172.419   -0.0   -0.0    0.0
    52.847  -172.419   -0.0   -0.0    0.0
    52.865  -172.419   -0.0   -0.0    0.0
    52.883  -172.419   -0.0   -0.0    0.0
    52.901  -172.419   -0.0   -0.0    0.0
    52.919  -172.419   -0.0   -0.0    0.0
    52.937  -172.419   -0.0   -0.0    0.0
    52.955  -172.419   -0.0   -0.0    0.0
    52.973  -172.419   -0.0   -0.0    0.0
    52.991  -172.419   -0.0   -0.0    0.0
    53.009  -172.419   -0.0   -0.0    0.0
    53.027  -172.419   -0.0   -0.0    0.0
    53.045  -172.419   -0.0   -0.0    0.0
    53.063  -172.419   -0.0   -0.0    0.0
    53.081  -172.419    0.0   -0.0    0.0
    53.099  -172.419    0.0   -0.0    0.0
    53.117  -172.419    0.0   -0.0    0.0
    53.135  -172.419    0.0   -0.0    0.0
    53.153  -172.419    0.0   -0.0    0.0
    53.171  -172.419    0.0   -0.0    0.0
    53.189  -172.419    0.0   -0.0    0.0
    53.207  -172.419    0.0   -0.0    0.0
    53.225  -172.419    0.0   -0.0    0.0
    53.243  -172.419    0.0   -0.0    0.0
    53.261  -172.419    0.0   -0.0    0.0
    53.279  -172.419    0.0   -0.0    0.0
    53.297  -172.419    0.0   -0.0    0.0
    53.315  -172.419    0.0   -0.0    0.0
    53.333  -172.419    0.0   -0.0    0.0
    53.351  -172.419    0.0   -0.0    0.0
    53.369  -172.419    0.0   -0.0    0.0
    53.387  -172.419    0.0   -0.0    0.0
    53.405  -172.419    0.0   -0.0    0.0
    53.423  -172.419    0.0   -0.0    0.0
    53.441  -172.419    0.0   -0.0    0.0
    53.459  -172.419    0.0   -0.0    0.0
    53.477  -172.419    0.0   -0.0    0.0
    53.495  -172.419    0.0   -0.0    0.0
    53.513  -172.419    0.0   -0.0    0.0
    53.531  -172.419    0.0   -0.0    0.0
    53.549  -172.419    0.0   -0.0    0.0
    53.567  -172.419    0.0   -0.0    0.0
    53.585  -172.419    0.0   -0.0    0.0
    53.603  -172.419    0.0   -0.0    0.0
    53.621  -172.419    0.0   -0.0    0.0
    53.639  -172.419    0.0   -0.0    0.0
    53.657  -172.419    0.0   -0.0    0.0
    53.675  -172.419    0.0   -0.0    0.0
    53.694  -172.419    0.0   -0.0    0.0
    53.712  -172.419    0.0   -0.0    0.0
    53.730  -172.419    0.0   -0.0    0.0
    53.748  -172.419    0.0   -0.0    0.0
    53.766  -172.419    0.0   -0.0    0.0
    53.784  -172.419    0.0   -0.0    0.0
    53.802  -172.419    0.0   -0.0    0.0
    53.820  -172.419    0.0   -0.0    0.0
    53.838  -172.419    0.0   -0.0    0.0
    53.856  -172.419    0.0   -0.0    0.0
    53.874  -172.419    0.0   -0.0    0.0
    53.892  -172.419    0.0   -0.0    0.0
    53.910  -172.419    0.0   -0.0    0.0
    52.108  -172.389   -0.0   -0.0    0.0
    52.126  -172.389   -0.0   -0.0    0.0
    52.144  -172.389   -0.0   -0.0    0.0
    52.162  -172.389   -0.0   -0.0    0.0
    52.180  -172.389   -0.0   -0.0    0.0
    52.198  -172.389   -0.0   -0.0    0.0
    52.216  -172.389   -0.0   -0.0    0.0
    52.234  -172.389   -0.0   -0.0    0.0
    52.252  -172.389   -0.0   -0.0    0.0
    52.270  -172.389   -0.0   -0.0    0.0
    52.288  -172.389   -0.0   -0.0    0.0
    52.306  -172.389   -0.0   -0.0    0.0
    52.324  -172.389   -0.0   -0.0    0.0
    52.342  -172.389   -0.0   -0.0    0.0
    52.360  -172.389   -0.0   -0.0    0.0
    52.378  -172.389   -0.0   -0.0    0.0
    52.396  -172.389   -0.0   -0.0    0.0
    52.414  -172.389   -0.0   -0.0    0.0
    52.432  -172.389   -0.0   -0.0    0.0
    52.450  -172.389   -0.0   -0.0    0.0
    52.468  -172.389   -0.0   -0.0    0.0
    52.486  -172.389   -0.0   -0.0    0.0
    52.504  -172.389   -0.0   -0.0    0.0
    52.522  -172.389   -0.0   -0.0    0.0
    52.540  -172.389   -0.0   -0.0    0.0
    52.558  -172.389   -0.0   -0.0    0.0
    52.576  -172.389   -0.0   -0.0    0.0
    52.595  -172.389   -0.0   -0.0    0.0
    52.613  -172.389   -0.0   -0.0    0.0
    52.631  -172.389   -0.0   -0.0    0.0
    52.649  -172.389   -0.0   -0.0    0.0
    52.667  -172.389   -0.0   -0.0    0.0
    52.685  -172.389   -0.0   -0.0    0.0
    52.703  -172.389   -0.0   -0.0    0.0
    52.721  -172.389   -0.0   -0.0    0.0
    52.739  -172.389   -0.0   -0.0    0.0
    52.757  -172.389   -0.0   -0.0    0.0
    52.775  -172.389   -0.0   -0.0    0.0
    52.793  -172.389   -0.0   -0.0    0.0
    52.811  -172.389   -0.0   -0.0    0.0
    52.829  -172.389   -0.0   -0.0    0.0
    52.847  -172.389   -0.0   -0.0    0.0
    52.865  -172.389   -0.0   -0.0    0.0
    52.883  -172.389   -0.0   -0.0    0.0
    52.901  -172.389   -0.0   -0.0    0.0
    52.919  -172.389   -0.0   -0.0    0.0
    52.937  -172.389   -0.0   -0.0    0.0
    52.955  -172.389   -0.0   -0.0    0.0
    52.973  -172.389   -0.0   -0.0    0.0
    52.991  -172.389   -0.0   -0.0    0.0
    53.009  -172.389   -0.0   -0.0    0.0
    53.027  -172.389   -0.0   -0.0    0.0
    53.045  -172.389   -0.0   -0.0    0.0
    53.063  -172.389    0.0   -0.0    0.0
    53.081  -172.389    0.0   -0.0    0.0
    53.099  -172.389    0.0   -0.0    0.0
    53.117  -172.389    0.0   -0.0    0.0
    53.135  -172.389    0.0   -0.0    0.0
    53.153  -172.389    0.0   -0.0    0.0
    53.171  -172.389    0.0   -0.0    0.0
    53.189  -172.389    0.0   -0.0    0.0
    53.207  -172.389    0.0   -0.0    0.0
    53.225  -172.389    0.0   -0.0    0.0
    53.243  -172.389    0.0   -0.0    0.0
    53.261  -172.389    0.0   -0.0    0.0
    53.279  -172.389    0.0   -0.0    0.0
    53.297  -172.389    0.0   -0.0    0.0
    53.315  -172.389    0.0   -0.0    0.0
    53.333  -172.389    0.0   -0.0    0.0
    53.351  -172.389    0.0   -0.0    0.0
    53.369  -172.389    0.0   -0.0    0.0
    53.387  -172.389    0.0   -0.0    0.0
    53.405  -172.389    0.0   -0.0    0.0
    53.423  -172.389    0.0   -0.0    0.0
    53.441  -172.389    0.0   -0.0    0.0
    53.459  -172.389    0.0   -0.0    0.0
    53.477  -172.389    0.0   -0.0    0.0
    53.495  -172.389    0.0   -0.0    0.0
    53.513  -172.389    0.0   -0.0    0.0
    53.531  -172.389    0.0   -0.0    0.0
    53.549  -172.389    0.0   -0.0    0.0
    53.567  -172.389    0.0   -0.0    0.0
    53.585  -172.389    0.0   -0.0    0.0
    53.603  -172.389    0.0   -0.0    0.0
    53.621  -172.389    0.0   -0.0    0.0
    53.639  -172.389    0.0   -0.0    0.0
    53.657  -172.389    0.0   -0.0    0.0
    53.675  -172.389    0.0   -0.0    0.0
    53.694  -172.389    0.0   -0.0    0.0
    53.712  -172.389    0.0   -0.0    0.0
    53.730  -172.389    0.0   -0.0    0.0
    53.748  -172.389    0.0   -0.0    0.0
    53.766  -172.389    0.0   -0.0    0.0
    53.784  -172.389    0.0   -0.0    0.0
    53.802  -172.389    0.0   -0.0    0.0
    53.820  -172.389    0.0   -0.0    0.0
    53.838  -172.389    0.0   -0.0    0.0
    53.856  -172.389    0.0   -0.0    0.0
    53.874  -172.389    0.0   -0.0    0.0
    53.892  -172.389    0.0    0.0    0.0
    53.910  -172.389    0.0    0.0    0.0
    52.108  -172.360   -0.0   -0.0    0.0
    52.126  -172.360   -0.0   -0.0    0.0
    52.144  -172.360   -0.0   -0.0    0.0
    52.162  -172.360   -0.0   -0.0    0.0
    52.180  -172.360   -0.0   -0.0    0.0
    52.198  -172.360   -0.0   -0.0    0.0
    52.216  -172.360   -0.0   -0.0    0.0
    52.234  -172.360   -0.0   -0.0    0.0
    52.252  -172.360   -0.0   -0.0    0.0
    52.270  -172.360   -0.0   -0.0    0.0
    52.288  -172.360   -0.0   -0.0    0.0
    52.306  -172.360   -0.0   -0.0    0.0
    52.324  -172.360   -0.0   -0.0    0.0
    52.342  -172.360   -0.0   -0.0    0.0
    52.360  -172.360   -0.0   -0.0    0.0
    52.378  -172.360   -0.0   -0.0    0.0
    52.396  -172.360   -0.0   -0.0    0.0
    52.414  -172.360   -0.0   -0.0    0.0
    52.432  -172.360   -0.0   -0.0    0.0
    52.450  -172.360   -0.0   -0.0    0.0
    52.468  -172.360   -0.0   -0.0    0.0
    52.486  -172.360   -0.0   -0.0    0.0
    52.504  -172.360   -0.0   -0.0    0.0
    52.522  -172.360   -0.0   -0.0    0.0
    52.540  -172.360   -0.0   -0.0    0.0
    52.558  -172.360   -0.0   -0.0    0.0
    52.576  -172.360   -0.0   -0.0    0.0
    52.595  -172.360   -0.0   -0.0    0.0
    52.613  -172.360   -0.0   -0.0    0.0
    52.631  -172.360   -0.0   -0.0    0.0
    52.649  -172.360   -0.0   -0.0    0.0
    52.667  -172.360   -0.0   -0.0    0.0
    52.685  -172.360   -0.0   -0.0    0.0
    52.703  -172.360   -0.0   -0.0    0.0
    52.721  -172.360   -0.0   -0.0    0.0
    52.739  -172.360   -0.0   -0.0    0.0
    52.757  -172.360   -0.0   -0.0    0.0
    52.775  -172.360   -0.0   -0.0    0.0
    52.793  -172.360   -0.0   -0.0    0.0
    52.811  -172.360   -0.0   -0.0    0.0
    52.829  -172.360   -0.0   -0.0    0.0
    52.847  -172.360   -0.0   -0.0    0.0
    52.865  -172.360   -0.0   -0.0    0.0
    52.883  -172.360   -0.0   -0.0    0.0
    52.901  -172.360   -0.0   -0.0    0.0
    52.919  -172.360   -0.0   -0.0    0.0
    52.937  -172.360   -0.0   -0.0    0.0
    52.955  -172.360   -0.0   -0.0    0.0
    52.973  -172.360   -0.0   -0.0    0.0
    52.991  -172.360   -0.0   -0.0    0.0
    53.009  -172.360   -0.0   -0.0    0.0
    53.027  -172.360    0.0   -0.0    0.0
    53.045  -172.360    0.0   -0.0    0.0
    53.063  -172.360    0.0   -0.0    0.0
    53.081  -172.360    0.0   -0.0    0.0
    53.099  -172.360    0.0   -0.0    0.0
    53.117  -172.360    0.0   -0.0    0.0
    53.135  -172.360    0.0   -0.0    0.0
    53.153  -172.360    0.0   -0.0    0.0
    53.171  -172.360    0.0   -0.0    0.0
    53.189  -172.360    0.0   -0.0    0.0
    53.207  -172.360    0.0   -0.0    0.0
    53.225  -172.360    0.0   -0.0    0.0
    53.243  -172.360    0.0   -0.0    0.0
    53.261  -172.360    0.0   -0.0    0.0
    53.279  -172.360    0.0   -0.0    0.0
    53.297  -172.360    0.0   -0.0    0.0
    53.315  -172.360    0.0   -0.0    0.0
    53.333  -172.360    0.0   -0.0    0.0
    53.351  -172.360    0.0   -0.0    0.0
    53.369  -172.360    0.0   -0.0    0.0
    53.387  -172.360    0.0   -0.0    0.0
    53.405  -172.360    0.0   -0.0    0.0
    53.423  -172.360    0.0   -0.0    0.0
    53.441  -172.360    0.0   -0.0    0.0
    53.459  -172.360    0.0   -0.0    0.0
    53.477  -172.360    0.0   -0.0    0.0
    53.495  -172.360    0.0   -0.0    0.0
    53.513  -172.360    0.0   -0.0    0.0
    53.531  -172.360    0.0   -0.0    0.0
    53.549  -172.360    0.0   -0.0    0.0
    53.567  -172.360    0.0   -0.0    0.0
    53.585  -172.360    0.0   -0.0    0.0
    53.603  -172.360    0.0   -0.0    0.0
    53.621  -172.360    0.0   -0.0    0.0
    53.639  -172.360    0.0   -0.0    0.0
    53.657  -172.360    0.0   -0.0    0.0
    53.675  -172.360    0.0   -0.0    0.0
    53.694  -172.360    0.0   -0.0    0.0
    53.712  -172.360    0.0   -0.0    0.0
    53.730  -172.360    0.0   -0.0    0.0
    53.748  -172.360    0.0   -0.0    0.0
    53.766  -172.360    0.0   -0.0    0.0
    53.784  -172.360    0.0   -0.0    0.0
    53.802  -172.360    0.0   -0.0    0.0
    53.820  -172.360    0.0   -0.0    0.0
    53.838  -172.360    0.0    0.0    0.0
    53.856  -172.360    0.0    0.0    0.0
    53.874  -172.360    0.0    0.0    0.0
    53.892  -172.360    0.0    0.0    0.0
    53.910  -172.360    0.0    0.0    0.0
    52.108  -172.330   -0.0   -0.0    0.0
    52.126  -172.330   -0.0   -0.0    0.0
    52.144  -172.330   -0.0   -0.0    0.0
    52.162  -172.330   -0.0   -0.0    0.0
    52.180  -172.330   -0.0   -0.0    0.0
    52.198  -172.330   -0.0   -0.0    0.0
    52.216  -172.330   -0.0   -0.0    0.0
    52.234  -172.330   -0.0   -0.0    0.0
    52.252  -172.330   -0.0   -0.0    0.0
    52.270  -172.330   -0.0   -0.0    0.0
    52.288  -172.330   -0.0   -0.0    0.0
    52.306  -172.330   -0.0   -0.0    0.0
    52.324  -172.330   -0.0   -0.0    0.0
    52.342  -172.330   -0.0   -0.0    0.0
    52.360  -172.330   -0.0   -0.0    0.0
    52.378  -172.330   -0.0   -0.0    0.0
    52.396  -172.330   -0.0   -0.0    0.0
    52.414  -172.330   -0.0   -0.0    0.0
    52.432  -172.330   -0.0   -0.0    0.0
    52.450  -172.330   -0.0   -0.0    0.0
    52.468  -172.330   -0.0   -0.0    0.0
    52.486  -172.330   -0.0   -0.0    0.0
    52.504  -172.330   -0.0   -0.0    0.0
    52.522  -172.330   -0.0   -0.0    0.0
    52.540  -172.330   -0.0   -0.0    0.0
    52.558  -172.330   -0.0   -0.0    0.0
    52.576  -172.330   -0.0   -0.0    0.0
    52.595  -172.330   -0.0   -0.0    0.0
    52.613  -172.330   -0.0   -0.0    0.0
    52.631  -172.330   -0.0   -0.0    0.0
    52.649  -172.330   -0.0   -0.0    0.0
    52.667  -172.330   -0.0   -0.0    0.0
    52.685  -172.330   -0.0   -0.0    0.0
    52.703  -172.330   -0.0   -0.0    0.0
    52.721  -172.330   -0.0   -0.0    0.0
    52.739  -172.330   -0.0   -0.0    0.0
    52.757  -172.330   -0.0   -0.0    0.0
    52.775  -172.330   -0.0   -0.0    0.0
    52.793  -172.330   -0.0   -0.0    0.0
    52.811  -172.330   -0.0   -0.0    0.0
    52.829  -172.330   -0.0   -0.0    0.0
    52.847  -172.330   -0.0   -0.0    0.0
    52.865  -172.330   -0.0   -0.0    0.0
    52.883  -172.330   -0.0   -0.0    0.0
    52.901  -172.330   -0.0   -0.0    0.0
    52.919  -172.330   -0.0   -0.0    0.0
    52.937  -172.330   -0.0   -0.0    0.0
    52.955  -172.330   -0.0   -0.0    0.0
    52.973  -172.330   -0.0   -0.0    0.0
    52.991  -172.330   -0.0   -0.0    0.0
    53.009  -172.330    0.0   -0.0    0.0
    53.027  -172.330    0.0   -0.0    0.0
    53.045  -172.330    0.0   -0.0    0.0
    53.063  -172.330    0.0   -0.0    0.0
    53.081  -172.330    0.0   -0.0    0.0
    53.099  -172.330    0.0   -0.0    0.0
    53.117  -172.330    0.0   -0.0    0.0
    53.135  -172.330    0.0   -0.0    0.0
    53.153  -172.330    0.0   -0.0    0.0
    53.171  -172.330    0.0   -0.0    0.0
    53.189  -172.330    0.0   -0.0    0.0
    53.207  -172.330    0.0   -0.0    0.0
    53.225  -172.330    0.0   -0.0    0.0
    53.243  -172.330    0.0   -0.0    0.0
    53.261  -172.330    0.0   -0.0    0.0
    53.279  -172.330    0.0   -0.0    0.0
    53.297  -172.330    0.0   -0.0    0.0
    53.315  -172.330    0.0   -0.0    0.0
    53.333  -172.330    0.0   -0.0    0.0
    53.351  -172.330    0.0   -0.0    0.0
    53.369  -172.330    0.0   -0.0    0.0
    53.387  -172.330    0.0   -0.0    0.0
    53.405  -172.330    0.0   -0.0    0.0
    53.423  -172.330    0.0   -0.0    0.0
    53.441  -172.330    0.0   -0.0    0.0
    53.459  -172.330    0.0   -0.0    0.0
    53.477  -172.330    0.0   -0.0    0.0
    53.495  -172.330    0.0   -0.0    0.0
    53.513  -172.330    0.0   -0.0    0.0
    53.531  -172.330    0.0   -0.0    0.0
    53.549  -172.330    0.0   -0.0    0.0
    53.567  -172.330    0.0   -0.0    0.0
    53.585  -172.330    0.0   -0.0    0.0
    53.603  -172.330    0.0   -0.0    0.0
    53.621  -172.330    0.0   -0.0    0.0
    53.639  -172.330    0.0   -0.0    0.0
    53.657  -172.330    0.0   -0.0    0.0
    53.675  -172.330    0.0   -0.0    0.0
    53.694  -172.330    0.0   -0.0    0.0
    53.712  -172.330    0.0   -0.0    0.0
    53.730  -172.330    0.0   -0.0    0.0
    53.748  -172.330    0.0   -0.0    0.0
    53.766  -172.330    0.0   -0.0    0.0
    53.784  -172.330    0.0    0.0    0.0
    53.802  -172.330    0.0    0.0    0.0
    53.820  -172.330    0.0    0.0    0.0
    53.838  -172.330    0.0    0.0    0.0
    53.856  -172.330    0.0    0.0    0.0
    53.874  -172.330    0.0    0.0    0.0
    53.892  -172.330    0.0    0.0    0.0
    53.910  -172.330    0.0    0.0    0.0
    52.108  -172.300   -0.0   -0.0    0.0
    52.126  -172.300   -0.0   -0.0    0.0
    52.144  -172.300   -0.0   -0.0    0.0
    52.162  -172.300   -0.0   -0.0    0.0
    52.180  -172.300   -0.0   -0.0    0.0
    52.198  -172.300   -0.0   -0.0    0.0
    52.216  -172.300   -0.0   -0.0    0.0
    52.234  -172.300   -0.0   -0.0    0.0
    52.252  -172.300   -0.0   -0.0    0.0
    52.270  -172.300   -0.0   -0.0    0.0
    52.288  -172.300   -0.0   -0.0    0.0
    52.306  -172.300   -0.0   -0.0    0.0
    52.324  -172.300   -0.0   -0.0    0.0
    52.342  -172.300   -0.0   -0.0    0.0
    52.360  -172.300   -0.0   -0.0    0.0
    52.378  -172.300   -0.0   -0.0    0.0
    52.396  -172.300   -0.0   -0.0    0.0
    52.414  -172.300   -0.0   -0.0    0.0
    52.432  -172.300   -0.0   -0.0    0.0
    52.450  -172.300   -0.0   -0.0    0.0
    52.468  -172.300   -0.0   -0.0    0.0
    52.486  -172.300   -0.0   -0.0    0.0
    52.504  -172.300   -0.0   -0.0    0.0
    52.522  -172.300   -0.0   -0.0    0.0
    52.540  -172.300   -0.0   -0.0    0.0
    52.558  -172.300   -0.0   -0.0    0.0
    52.576  -172.300   -0.0   -0.0    0.0
    52.595  -172.300   -0.0   -0.0    0.0
    52.613  -172.300   -0.0   -0.0    0.0
    52.631  -172.300   -0.0   -0.0    0.0
    52.649  -172.300   -0.0   -0.0    0.0
    52.667  -172.300   -0.0   -0.0    0.0
    52.685  -172.300   -0.0   -0.0    0.0
    52.703  -172.300   -0.0   -0.0    0.0
    52.721  -172.300   -0.0   -0.0    0.0
    52.739  -172.300   -0.0   -0.0    0.0
    52.757  -172.300   -0.0   -0.0    0.0
    52.775  -172.300   -0.0   -0.0    0.0
    52.793  -172.300   -0.0   -0.0    0.0
    52.811  -172.300   -0.0   -0.0    0.0
    52.829  -172.300   -0.0   -0.0    0.0
    52.847  -172.300   -0.0   -0.0    0.0
    52.865  -172.300   -0.0   -0.0    0.0
    52.883  -172.300   -0.0   -0.0    0.0
    52.901  -172.300   -0.0   -0.0    0.0
    52.919  -172.300   -0.0   -0.0    0.0
    52.937  -172.300   -0.0   -0.0    0.0
    52.955  -172.300   -0.0   -0.0    0.0
    52.973  -172.300    0.0   -0.0    0.0
    52.991  -172.300    0.0   -0.0    0.0
    53.009  -172.300    0.0   -0.0    0.0
    53.027  -172.300    0.0   -0.0    0.0
    53.045  -172.300    0.0   -0.0    0.0
    53.063  -172.300    0.0   -0.0    0.0
    53.081  -172.300    0.0   -0.0    0.0
    53.099  -172.300    0.0   -0.0    0.0
    53.117  -172.300    0.0   -0.0    0.0
    53.135  -172.300    0.0   -0.0    0.0
    53.153  -172.300    0.0   -0.0    0.0
    53.171  -172.300    0.0   -0.0    0.0
    53.189  -172.300    0.0   -0.0    0.0
    53.207  -172.300    0.0   -0.0    0.0
    53.225  -172.300    0.0   -0.0    0.0
    53.243  -172.300    0.0   -0.0    0.0
    53.261  -172.300    0.0   -0.0    0.0
    53.279  -172.300    0.0   -0.0    0.0
    53.297  -172.300    0.0   -0.0    0.0
    53.315  -172.300    0.0   -0.0    0.0
    53.333  -172.300    0.0   -0.0    0.0
    53.351  -172.300    0.0   -0.0    0.0
    53.369  -172.300    0.0   -0.0    0.0
    53.387  -172.300    0.0   -0.0    0.0
    53.405  -172.300    0.0   -0.0    0.0
    53.423  -172.300    0.0   -0.0    0.0
    53.441  -172.300    0.0   -0.0    0.0
    53.459  -172.300    0.0   -0.0    0.0
    53.477  -172.300    0.0   -0.0    0.0
    53.495  -172.300    0.0   -0.0    0.0
    53.513  -172.300    0.0   -0.0    0.0
    53.531  -172.300    0.0   -0.0    0.0
    53.549  -172.300    0.0   -0.0    0.0
    53.567  -172.300    0.0   -0.0    0.0
    53.585  -172.300    0.0   -0.0    0.0
    53.603  -172.300    0.0   -0.0    0.0
    53.621  -172.300    0.0   -0.0    0.0
    53.639  -172.300    0.0   -0.0    0.0
    53.657  -172.300    0.0   -0.0    0.0
    53.675  -172.300    0.0   -0.0    0.0
    53.694  -172.300    0.0   -0.0    0.0
    53.712  -172.300    0.0   -0.0    0.0
    53.730  -172.300    0.0   -0.0    0.0
    53.748  -172.300    0.0    0.0    0.0
    53.766  -172.300    0.0    0.0    0.0
    53.784  -172.300    0.0    0.0    0.0
    53.802  -172.300    0.0    0.0    0.0
    53.820  -172.300    0.0    0.0    0.0
    53.838  -172.300    0.0    0.0    0.0
    53.856  -172.300    0.0    0.0    0.0
    53.874  -172.300    0.0    0.0    0.0
    53.892  -172.300    0.0    0.0    0.0
    53.910  -172.300    0.0    0.0    0.0
    52.108  -172.270   -0.0   -0.0    0.0
    52.126  -172.270   -0.0   -0.0    0.0
    52.144  -172.270   -0.0   -0.0    0.0
    52.162  -172.270   -0.0   -0.0    0.0
    52.180  -172.270   -0.0   -0.0    0.0
    52.198  -172.270   -0.0   -0.0    0.0
    52.216  -172.270   -0.0   -0.0    0.0
    52.234  -172.270   -0.0   -0.0    0.0
    52.252  -172.270   -0.0   -0.0    0.0
    52.270  -172.270   -0.0   -0.0    0.0
    52.288  -172.270   -0.0   -0.0    0.0
    52.306  -172.270   -0.0   -0.0    0.0
    52.324  -172.270   -0.0   -0.0    0.0
    52.342  -172.270   -0.0   -0.0    0.0
    52.360  -172.270   -0.0   -0.0    0.0
    52.378  -172.270   -0.0   -0.0    0.0
    52.396  -172.270   -0.0   -0.0    0.0
    52.414  -172.270   -0.0   -0.0    0.0
    52.432  -172.270   -0.0   -0.0    0.0
    52.450  -172.270   -0.0   -0.0    0.0
    52.468  -172.270   -0.0   -0.0    0.0
    52.486  -172.270   -0.0   -0.0    0.0
    52.504  -172.270   -0.0   -0.0    0.0
    52.522  -172.270   -0.0   -0.0    0.0
    52.540  -172.270   -0.0   -0.0    0.0
    52.558  -172.270   -0.0   -0.0    0.0
    52.576  -172.270   -0.0   -0.0    0.0
    52.595  -172.270   -0.0   -0.0    0.0
    52.613  -172.270   -0.0   -0.0    0.0
    52.631  -172.270   -0.0   -0.0    0.0
    52.649  -172.270   -0.0   -0.0    0.0
    52.667  -172.270   -0.0   -0.0    0.0
    52.685  -172.270   -0.0   -0.0    0.0
    52.703  -172.270   -0.0   -0.0    0.0
    52.721  -172.270   -0.0   -0.0    0.0
    52.739  -172.270   -0.0   -0.0    0.0
    52.757  -172.270   -0.0   -0.0    0.0
    52.775  -172.270   -0.0   -0.0    0.0
    52.793  -172.270   -0.0   -0.0    0.0
    52.811  -172.270   -0.0   -0.0    0.0
    52.829  -172.270   -0.0   -0.0    0.0
    52.847  -172.270   -0.0   -0.0    0.0
    52.865  -172.270   -0.0   -0.0    0.0
    52.883  -172.270   -0.0   -0.0    0.0
    52.901  -172.270   -0.0   -0.0    0.0
    52.919  -172.270    0.0   -0.0    0.0
    52.937  -172.270    0.0   -0.0    0.0
    52.955  -172.270    0.0   -0.0    0.0
    52.973  -172.270    0.0   -0.0    0.0
    52.991  -172.270    0.0   -0.0    0.0
    53.009  -172.270    0.0   -0.0    0.0
    53.027  -172.270    0.0   -0.0    0.0
    53.045  -172.270    0.0   -0.0    0.0
    53.063  -172.270    0.0   -0.0    0.0
    53.081  -172.270    0.0   -0.0    0.0
    53.099  -172.270    0.0   -0.0    0.0
    53.117  -172.270    0.0   -0.0    0.0
    53.135  -172.270    0.0   -0.0    0.0
    53.153  -172.270    0.0   -0.0    0.0
    53.171  -172.270    0.0   -0.0    0.0
    53.189  -172.270    0.0   -0.0    0.0
    53.207  -172.270    0.0   -0.0    0.0
    53.225  -172.270    0.0   -0.0    0.0
    53.243  -172.270    0.0   -0.0    0.0
    53.261  -172.270    0.0   -0.0    0.0
    53.279  -172.270    0.0   -0.0    0.0
    53.297  -172.270    0.0   -0.0    0.0
    53.315  -172.270    0.0   -0.0    0.0
    53.333  -172.270    0.0   -0.0    0.0
    53.351  -172.270    0.0   -0.0    0.0
    53.369  -172.270    0.0   -0.0    0.0
    53.387  -172.270    0.0   -0.0    0.0
    53.405  -172.270    0.0   -0.0    0.0
    53.423  -172.270    0.0   -0.0    0.0
    53.441  -172.270    0.0   -0.0    0.0
    53.459  -172.270    0.0   -0.0    0.0
    53.477  -172.270    0.0   -0.0    0.0
    53.495  -172.270    0.0   -0.0    0.0
    53.513  -172.270    0.0   -0.0    0.0
    53.531  -172.270    0.0   -0.0    0.0
    53.549  -172.270    0.0   -0.0    0.0
    53.567  -172.270    0.0   -0.0    0.0
    53.585  -172.270    0.0   -0.0    0.0
    53.603  -172.270    0.0   -0.0    0.0
    53.621  -172.270    0.0   -0.0    0.0
    53.639  -172.270    0.0   -0.0    0.0
    53.657  -172.270    0.0   -0.0    0.0
    53.675  -172.270    0.0   -0.0    0.0
    53.694  -172.270    0.0    0.0    0.0
    53.712  -172.270    0.0    0.0    0.0
    53.730  -172.270    0.0    0.0    0.0
    53.748  -172.270    0.0    0.0    0.0
    53.766  -172.270    0.0    0.0    0.0
    53.784  -172.270    0.0    0.0    0.0
    53.802  -172.270    0.0    0.0    0.0
    53.820  -172.270    0.0    0.0    0.0
    53.838  -172.270    0.0    0.0    0.0
    53.856  -172.270    0.0    0.0    0.0
    53.874  -172.270    0.0    0.0    0.0
    53.892  -172.270    0.0    0.0    0.0
    53.910  -172.270    0.0    0.0    0.0
    52.108  -172.240   -0.0   -0.0    0.0
    52.126  -172.240   -0.0   -0.0    0.0
    52.144  -172.240   -0.0   -0.0    0.0
    52.162  -172.240   -0.0   -0.0    0.0
    52.180  -172.240   -0.0   -0.0    0.0
    52.198  -172.240   -0.0   -0.0    0.0
    52.216  -172.240   -0.0   -0.0    0.0
    52.234  -172.240   -0.0   -0.0    0.0
    52.252  -172.240   -0.0   -0.0    0.0
    52.270  -172.240   -0.0   -0.0    0.0
    52.288  -172.240   -0.0   -0.0    0.0
    52.306  -172.240   -0.0   -0.0    0.0
    52.324  -172.240   -0.0   -0.0    0.0
    52.342  -172.240   -0.0   -0.0    0.0
    52.360  -172.240   -0.0   -0.0    0.0
    52.378  -172.240   -0.0   -0.0    0.0
    52.396  -172.240   -0.0   -0.0    0.0
    52.414  -172.240   -0.0   -0.0    0.0
    52.432  -172.240   -0.0   -0.0    0.0
    52.450  -172.240   -0.0   -0.0    0.0
    52.468  -172.240   -0.0   -0.0    0.0
    52.486  -172.240   -0.0   -0.0    0.0
    52.504  -172.240   -0.0   -0.0    0.0
    52.522  -172.240   -0.0   -0.0    0.0
    52.540  -172.240   -0.0   -0.0    0.0
    52.558  -172.240   -0.0   -0.0    0.0
    52.576  -172.240   -0.0   -0.0    0.0
    52.595  -172.240   -0.0   -0.0    0.0
    52.613  -172.240   -0.0   -0.0    0.0
    52.631  -172.240   -0.0   -0.0    0.0
    52.649  -172.240   -0.0   -0.0    0.0
    52.667  -172.240   -0.0   -0.0    0.0
    52.685  -172.240   -0.0   -0.0    0.0
    52.703  -172.240   -0.0   -0.0    0.0
    52.721  -172.240   -0.0   -0.0    0.0
    52.739  -172.240   -0.0   -0.0    0.0
    52.757  -172.240   -0.0   -0.0    0.0
    52.775  -172.240   -0.0   -0.0    0.0
    52.793  -172.240   -0.0   -0.0    0.0
    52.811  -172.240   -0.0   -0.0    0.0
    52.829  -172.240   -0.0   -0.0    0.0
    52.847  -172.240   -0.0   -0.0    0.0
    52.865  -172.240   -0.0   -0.0    0.0
    52.883  -172.240    0.0   -0.0    0.0
    52.901  -172.240    0.0   -0.0    0.0
    52.919  -172.240    0.0   -0.0    0.0
    52.937  -172.240    0.0   -0.0    0.0
    52.955  -172.240    0.0   -0.0    0.0
    52.973  -172.240    0.0   -0.0    0.0
    52.991  -172.240    0.0   -0.0    0.0
    53.009  -172.240    0.0   -0.0    0.0
    53.027  -172.240    0.0   -0.0    0.0
    53.045  -172.240    0.0   -0.0    0.0
    53.063  -172.240    0.0   -0.0    0.0
    53.081  -172.240    0.0   -0.0    0.0
    53.099  -172.240    0.0   -0.0    0.0
    53.117  -172.240    0.0   -0.0    0.0
    53.135  -172.240    0.0   -0.0    0.0
    53.153  -172.240    0.0   -0.0    0.0
    53.171  -172.240    0.0   -0.0    0.0
    53.189  -172.240    0.0   -0.0    0.0
    53.207  -172.240    0.0   -0.0    0.0
    53.225  -172.240    0.0   -0.0    0.0
    53.243  -172.240    0.0   -0.0    0.0
    53.261  -172.240    0.0   -0.0    0.0
    53.279  -172.240    0.0   -0.0    0.0
    53.297  -172.240    0.0   -0.0    0.0
    53.315  -172.240    0.0   -0.0    0.0
    53.333  -172.240    0.0   -0.0    0.0
    53.351  -172.240    0.0   -0.0    0.0
    53.369  -172.240    0.0   -0.0    0.0
    53.387  -172.240    0.0   -0.0    0.0
    53.405  -172.240    0.0   -0.0    0.0
    53.423  -172.240    0.0   -0.0    0.0
    53.441  -172.240    0.0   -0.0    0.0
    53.459  -172.240    0.0   -0.0    0.0
    53.477  -172.240    0.0   -0.0    0.0
    53.495  -172.240    0.0   -0.0    0.0
    53.513  -172.240    0.0   -0.0    0.0
    53.531  -172.240    0.0   -0.0    0.0
    53.549  -172.240    0.0   -0.0    0.0
    53.567  -172.240    0.0   -0.0    0.0
    53.585  -172.240    0.0   -0.0    0.0
    53.603  -172.240    0.0   -0.0    0.0
    53.621  -172.240    0.0   -0.0    0.0
    53.639  -172.240    0.0   -0.0    0.0
    53.657  -172.240    0.0    0.0    0.0
    53.675  -172.240    0.0    0.0    0.0
    53.694  -172.240    0.0    0.0    0.0
    53.712  -172.240    0.0    0.0    0.0
    53.730  -172.240    0.0    0.0    0.0
    53.748  -172.240    0.0    0.0    0.0
    53.766  -172.240    0.0    0.0    0.0
    53.784  -172.240    0.0    0.0    0.0
    53.802  -172.240    0.0    0.0    0.0
    53.820  -172.240    0.0    0.0    0.0
    53.838  -172.240    0.0    0.0    0.0
    53.856  -172.240    0.0    0.0    0.0
    53.874  -172.240    0.0    0.0    0.0
    53.892  -172.240    0.0    0.0    0.0
    53.910  -172.240    0.0    0.0    0.0
    52.108  -172.211   -0.0   -0.0    0.0
    52.126  -172.211   -0.0   -0.0    0.0
    52.144  -172.211   -0.0   -0.0    0.0
    52.162  -172.211   -0.0   -0.0    0.0
    52.180  -172.211   -0.0   -0.0    0.0
    52.198  -172.211   -0.0   -0.0    0.0
    52.216  -172.211   -0.0   -0.0    0.0
    52.234  -172.211   -0.0   -0.0    0.0
    52.252  -172.211   -0.0   -0.0    0.0
    52.270  -172.211   -0.0   -0.0    0.0
    52.288  -172.211   -0.0   -0.0    0.0
    52.306  -172.211   -0.0   -0.0    0.0
    52.324  -172.211   -0.0   -0.0    0.0
    52.342  -172.211   -0.0   -0.0    0.0
    52.360  -172.211   -0.0   -0.0    0.0
    52.378  -172.211   -0.0   -0.0    0.0
    52.396  -172.211   -0.0   -0.0    0.0
    52.414  -172.211   -0.0   -0.0    0.0
    52.432  -172.211   -0.0   -0.0    0.0
    52.450  -172.211   -0.0   -0.0    0.0
    52.468  -172.211   -0.0   -0.0    0.0
    52.486  -172.211   -0.0   -0.0    0.0
    52.504  -172.211   -0.0   -0.0    0.0
    52.522  -172.211   -0.0   -0.0    0.0
    52.540  -172.211   -0.0   -0.0    0.0
    52.558  -172.211   -0.0   -0.0    0.0
    52.576  -172.211   -0.0   -0.0    0.0
    52.595  -172.211   -0.0   -0.0    0.0
    52.613  -172.211   -0.0   -0.0    0.0
    52.631  -172.211   -0.0   -0.0    0.0
    52.649  -172.211   -0.0   -0.0    0.0
    52.667  -172.211   -0.0   -0.0    0.0
    52.685  -172.211   -0.0   -0.0    0.0
    52.703  -172.211   -0.0   -0.0    0.0
    52.721  -172.211   -0.0   -0.0    0.0
    52.739  -172.211   -0.0   -0.0    0.0
    52.757  -172.211   -0.0   -0.0    0.0
    52.775  -172.211   -0.0   -0.0    0.0
    52.793  -172.211   -0.0   -0.0    0.0
    52.811  -172.211   -0.0   -0.0    0.0
    52.829  -172.211    0.0   -0.0    0.0
    52.847  -172.211    0.0   -0.0    0.0
    52.865  -172.211    0.0   -0.0    0.0
    52.883  -172.211    0.0   -0.0    0.0
    52.901  -172.211    0.0   -0.0    0.0
    52.919  -172.211    0.0   -0.0    0.0
    52.937  -172.211    0.0   -0.0    0.0
    52.955  -172.211    0.0   -0.0    0.0
    52.973  -172.211    0.0   -0.0    0.0
    52.991  -172.211    0.0   -0.0    0.0
    53.009  -172.211    0.0   -0.0    0.0
    53.027  -172.211    0.0   -0.0    0.0
    53.045  -172.211    0.0   -0.0    0.0
    53.063  -172.211    0.0   -0.0    0.0
    53.081  -172.211    0.0   -0.0    0.0
    53.099  -172.211    0.0   -0.0    0.0
    53.117  -172.211    0.0   -0.0    0.0
    53.135  -172.211    0.0   -0.0    0.0
    53.153  -172.211    0.0   -0.0    0.0
    53.171  -172.211    0.0   -0.0    0.0
    53.189  -172.211    0.0   -0.0    0.0
    53.207  -172.211    0.0   -0.0    0.0
    53.225  -172.211    0.0   -0.0    0.0
    53.243  -172.211    0.0   -0.0    0.0
    53.261  -172.211    0.0   -0.0    0.0
    53.279  -172.211    0.0   -0.0    0.0
    53.297  -172.211    0.0   -0.0    0.0
    53.315  -172.211    0.0   -0.0    0.0
    53.333  -172.211    0.0   -0.0    0.0
    53.351  -172.211    0.0   -0.0    0.0
    53.369  -172.211    0.0   -0.0    0.0
    53.387  -172.211    0.0   -0.0    0.0
    53.405  -172.211    0.0   -0.0    0.0
    53.423  -172.211    0.0   -0.0    0.0
    53.441  -172.211    0.0   -0.0    0.0
    53.459  -172.211    0.0   -0.0    0.0
    53.477  -172.211    0.0   -0.0    0.0
    53.495  -172.211    0.0   -0.0    0.0
    53.513  -172.211    0.0   -0.0    0.0
    53.531  -172.211    0.0   -0.0    0.0
    53.549  -172.211    0.0   -0.0    0.0
    53.567  -172.211    0.0   -0.0    0.0
    53.585  -172.211    0.0   -0.0    0.0
    53.603  -172.211    0.0    0.0    0.0
    53.621  -172.211    0.0    0.0    0.0
    53.639  -172.211    0.0    0.0    0.0
    53.657  -172.211    0.0    0.0    0.0
    53.675  -172.211    0.0    0.0    0.0
    53.694  -172.211    0.0    0.0    0.0
    53.712  -172.211    0.0    0.0    0.0
    53.730  -172.211    0.0    0.0    0.0
    53.748  -172.211    0.0    0.0    0.0
    53.766  -172.211    0.0    0.0    0.0
    53.784  -172.211    0.0    0.0    0.0
    53.802  -172.211    0.0    0.0    0.0
    53.820  -172.211    0.0    0.0    0.0
    53.838  -172.211    0.0    0.0    0.0
    53.856  -172.211    0.0    0.0    0.0
    53.874  -172.211    0.0    0.0    0.0
    53.892  -172.211    0.0    0.0    0.0
    53.910  -172.211    0.0    0.0    0.0
    52.108  -172.181   -0.0   -0.0    0.0
    52.126  -172.181   -0.0   -0.0    0.0
    52.144  -172.181   -0.0   -0.0    0.0
    52.162  -172.181   -0.0   -0.0    0.0
    52.180  -172.181   -0.0   -0.0    0.0
    52.198  -172.181   -0.0   -0.0    0.0
    52.216  -172.181   -0.0   -0.0    0.0
    52.234  -172.181   -0.0   -0.0    0.0
    52.252  -172.181   -0.0   -0.0    0.0
    52.270  -172.181   -0.0   -0.0    0.0
    52.288  -172.181   -0.0   -0.0    0.0
    52.306  -172.181   -0.0   -0.0    0.0
    52.324  -172.181   -0.0   -0.0    0.0
    52.342  -172.181   -0.0   -0.0    0.0
    52.360  -172.181   -0.0   -0.0    0.0
    52.378  -172.181   -0.0   -0.0    0.0
    52.396  -172.181   -0.0   -0.0    0.0
    52.414  -172.181   -0.0   -0.0    0.0
    52.432  -172.181   -0.0   -0.0    0.0
    52.450  -172.181   -0.0   -0.0    0.0
    52.468  -172.181   -0.0   -0.0    0.0
    52.486  -172.181   -0.0   -0.0    0.0
    52.504  -172.181   -0.0   -0.0    0.0
    52.522  -172.181   -0.0   -0.0    0.0
    52.540  -172.181   -0.0   -0.0    0.0
    52.558  -172.181   -0.0   -0.0    0.0
    52.576  -172.181   -0.0   -0.0    0.0
    52.595  -172.181   -0.0   -0.0    0.0
    52.613  -172.181   -0.0   -0.0    0.0
    52.631  -172.181   -0.0   -0.0    0.0
    52.649  -172.181   -0.0   -0.0    0.0
    52.667  -172.181   -0.0   -0.0    0.0
    52.685  -172.181   -0.0   -0.0    0.0
    52.703  -172.181   -0.0   -0.0    0.0
    52.721  -172.181   -0.0   -0.0    0.0
    52.739  -172.181   -0.0   -0.0    0.0
    52.757  -172.181   -0.0   -0.0    0.0
    52.775  -172.181    0.0   -0.0    0.0
    52.793  -172.181    0.0   -0.0    0.0
    52.811  -172.181    0.0   -0.0   -0.0
    52.829  -172.181    0.0   -0.0   -0.0
    52.847  -172.181    0.0   -0.0   -0.0
    52.865  -172.181    0.0   -0.0   -0.0
    52.883  -172.181    0.0   -0.0   -0.0
    52.901  -172.181    0.0   -0.0   -0.0
    52.919  -172.181    0.0   -0.0   -0.0
    52.937  -172.181    0.0   -0.0   -0.0
    52.955  -172.181    0.0   -0.0   -0.0
    52.973  -172.181    0.0   -0.0   -0.0
    52.991  -172.181    0.0   -0.0   -0.0
    53.009  -172.181    0.0   -0.0   -0.0
    53.027  -172.181    0.0   -0.0   -0.0
    53.045  -172.181    0.0   -0.0   -0.0
    53.063  -172.181    0.0   -0.0   -0.0
    53.081  -172.181    0.0   -0.0    0.0
    53.099  -172.181    0.0   -0.0    0.0
    53.117  -172.181    0.0   -0.0    0.0
    53.135  -172.181    0.0   -0.0    0.0
    53.153  -172.181    0.0   -0.0    0.0
    53.171  -172.181    0.0   -0.0    0.0
    53.189  -172.181    0.0   -0.0    0.0
    53.207  -172.181    0.0   -0.0    0.0
    53.225  -172.181    0.0   -0.0    0.0
    53.243  -172.181    0.0   -0.0    0.0
    53.261  -172.181    0.0   -0.0    0.0
    53.279  -172.181    0.0   -0.0    0.0
    53.297  -172.181    0.0   -0.0    0.0
    53.315  -172.181    0.0   -0.0    0.0
    53.333  -172.181    0.0   -0.0    0.0
    53.351  -172.181    0.0   -0.0    0.0
    53.369  -172.181    0.0   -0.0    0.0
    53.387  -172.181    0.0   -0.0    0.0
    53.405  -172.181    0.0   -0.0    0.0
    53.423  -172.181    0.0   -0.0    0.0
    53.441  -172.181    0.0   -0.0    0.0
    53.459  -172.181    0.0   -0.0    0.0
    53.477  -172.181    0.0   -0.0    0.0
    53.495  -172.181    0.0   -0.0    0.0
    53.513  -172.181    0.0   -0.0    0.0
    53.531  -172.181    0.0   -0.0    0.0
    53.549  -172.181    0.0   -0.0    0.0
    53.567  -172.181    0.0    0.0    0.0
    53.585  -172.181    0.0    0.0    0.0
    53.603  -172.181    0.0    0.0    0.0
    53.621  -172.181    0.0    0.0    0.0
    53.639  -172.181    0.0    0.0    0.0
    53.657  -172.181    0.0    0.0    0.0
    53.675  -172.181    0.0    0.0    0.0
    53.694  -172.181    0.0    0.0    0.0
    53.712  -172.181    0.0    0.0    0.0
    53.730  -172.181    0.0    0.0    0.0
    53.748  -172.181    0.0    0.0    0.0
    53.766  -172.181    0.0    0.0    0.0
    53.784  -172.181    0.0    0.0    0.0
    53.802  -172.181    0.0    0.0    0.0
    53.820  -172.181    0.0    0.0    0.0
    53.838  -172.181    0.0    0.0    0.0
    53.856  -172.181    0.0    0.0    0.0
    53.874  -172.181    0.0    0.0    0.0
    53.892  -172.181    0.0    0.0    0.0
    53.910  -172.181    0.0    0.0    0.0
    52.108  -172.151   -0.0   -0.0    0.0
    52.126  -172.151   -0.0   -0.0    0.0
    52.144  -172.151   -0.0   -0.0    0.0
    52.162  -172.151   -0.0   -0.0    0.0
    52.180  -172.151   -0.0   -0.0    0.0
    52.198  -172.151   -0.0   -0.0    0.0
    52.216  -172.151   -0.0   -0.0    0.0
    52.234  -172.151   -0.0   -0.0    0.0
    52.252  -172.151   -0.0   -0.0    0.0
    52.270  -172.151   -0.0   -0.0    0.0
    52.288  -172.151   -0.0   -0.0    0.0
    52.306  -172.151   -0.0   -0.0    0.0
    52.324  -172.151   -0.0   -0.0    0.0
    52.342  -172.151   -0.0   -0.0    0.0
    52.360  -172.151   -0.0   -0.0    0.0
    52.378  -172.151   -0.0   -0.0    0.0
    52.396  -172.151   -0.0   -0.0    0.0
    52.414  -172.151   -0.0   -0.0    0.0
    52.432  -172.151   -0.0   -0.0    0.0
    52.450  -172.151   -0.0   -0.0    0.0
    52.468  -172.151   -0.0   -0.0    0.0
    52.486  -172.151   -0.0   -0.0    0.0
    52.504  -172.151   -0.0   -0.0    0.0
    52.522  -172.151   -0.0   -0.0    0.0
    52.540  -172.151   -0.0   -0.0    0.0
    52.558  -172.151   -0.0   -0.0    0.0
    52.576  -172.151   -0.0   -0.0    0.0
    52.595  -172.151   -0.0   -0.0    0.0
    52.613  -172.151   -0.0   -0.0    0.0
    52.631  -172.151   -0.0   -0.0    0.0
    52.649  -172.151   -0.0   -0.0   -0.0
    52.667  -172.151   -0.0   -0.0   -0.0
    52.685  -172.151   -0.0   -0.0   -0.0
    52.703  -172.151    0.0   -0.0   -0.0
    52.721  -172.151    0.0   -0.0   -0.0
    52.739  -172.151    0.0   -0.0   -0.0
    52.757  -172.151    0.0   -0.0   -0.0
    52.775  -172.151    0.0   -0.0   -0.0
    52.793  -172.151    0.0   -0.0   -0.0
    52.811  -172.151    0.0   -0.0   -0.0
    52.829  -172.151    0.0   -0.0   -0.0
    52.847  -172.151    0.0   -0.0   -0.0
    52.865  -172.151    0.0   -0.0   -0.0
    52.883  -172.151    0.0   -0.0   -0.0
    52.901  -172.151    0.0   -0.0   -0.0
    52.919  -172.151    0.0   -0.0   -0.0
    52.937  -172.151    0.0   -0.0   -0.0
    52.955  -172.151    0.0   -0.0   -0.0
    52.973  -172.151    0.0   -0.0   -0.0
    52.991  -172.151    0.0   -0.0   -0.0
    53.009  -172.151    0.0   -0.0   -0.0
    53.027  -172.151    0.0   -0.0   -0.0
    53.045  -172.151    0.0   -0.0   -0.0
    53.063  -172.151    0.0   -0.0   -0.0
    53.081  -172.151    0.0   -0.0   -0.0
    53.099  -172.151    0.0   -0.0   -0.0
    53.117  -172.151    0.0   -0.0   -0.0
    53.135  -172.151    0.0   -0.0    0.0
    53.153  -172.151    0.0   -0.0    0.0
    53.171  -172.151    0.0   -0.0    0.0
    53.189  -172.151    0.0   -0.0    0.0
    53.207  -172.151    0.0   -0.0    0.0
    53.225  -172.151    0.0   -0.0    0.0
    53.243  -172.151    0.0   -0.0    0.0
    53.261  -172.151    0.0   -0.0    0.0
    53.279  -172.151    0.0   -0.0    0.0
    53.297  -172.151    0.0   -0.0    0.0
    53.315  -172.151    0.0   -0.0    0.0
    53.333  -172.151    0.0   -0.0    0.0
    53.351  -172.151    0.0   -0.0    0.0
    53.369  -172.151    0.0   -0.0    0.0
    53.387  -172.151    0.0   -0.0    0.0
    53.405  -172.151    0.0   -0.0    0.0
    53.423  -172.151    0.0   -0.0    0.0
    53.441  -172.151    0.0   -0.0    0.0
    53.459  -172.151    0.0   -0.0    0.0
    53.477  -172.151    0.0   -0.0    0.0
    53.495  -172.151    0.0   -0.0    0.0
    53.513  -172.151    0.0   -0.0    0.0
    53.531  -172.151    0.0    0.0    0.0
    53.549  -172.151    0.0    0.0    0.0
    53.567  -172.151    0.0    0.0    0.0
    53.585  -172.151    0.0    0.0    0.0
    53.603  -172.151    0.0    0.0    0.0
    53.621  -172.151    0.0    0.0    0.0
    53.639  -172.151    0.0    0.0    0.0
    53.657  -172.151    0.0    0.0    0.0
    53.675  -172.151    0.0    0.0    0.0
    53.694  -172.151    0.0    0.0    0.0
    53.712  -172.151    0.0    0.0    0.0
    53.730  -172.151    0.0    0.0    0.0
    53.748  -172.151    0.0    0.0    0.0
    53.766  -172.151    0.0    0.0    0.0
    53.784  -172.151    0.0    0.0    0.0
    53.802  -172.151    0.0    0.0    0.0
    53.820  -172.151    0.0    0.0    0.0
    53.838  -172.151    0.0    0.0    0.0
    53.856  -172.151    0.0    0.0    0.0
    53.874  -172.151    0.0    0.0    0.0
    53.892  -172.151    0.0    0.0    0.0
    53.910  -172.151    0.0    0.0    0.0
    52.108  -172.121   -0.0   -0.0    0.0
    52.126  -172.121   -0.0   -0.0    0.0
    52.144  -172.121   -0.0   -0.0    0.0
    52.162  -172.121   -0.0   -0.0    0.0
    52.180  -172.121   -0.0   -0.0    0.0
    52.198  -172.121   -0.0   -0.0    0.0
    52.216  -172.121   -0.0   -0.0    0.0
    52.234  -172.121   -0.0   -0.0    0.0
    52.252  -172.121   -0.0   -0.0    0.0
    52.270  -172.121   -0.0   -0.0    0.0
    52.288  -172.121   -0.0   -0.0    0.0
    52.306  -172.121   -0.0   -0.0    0.0
    52.324  -172.121   -0.0   -0.0    0.0
    52.342  -172.121   -0.0   -0.0    0.0
    52.360  -172.121   -0.0   -0.0    0.0
    52.378  -172.121   -0.0   -0.0    0.0
    52.396  -172.121   -0.0   -0.0    0.0
    52.414  -172.121   -0.0   -0.0    0.0
    52.432  -172.121   -0.0   -0.0    0.0
    52.450  -172.121   -0.0   -0.0    0.0
    52.468  -172.121   -0.0   -0.0    0.0
    52.486  -172.121   -0.0   -0.0    0.0
    52.504  -172.121   -0.0   -0.0   -0.0
    52.522  -172.121   -0.0   -0.0   -0.0
    52.540  -172.121   -0.0   -0.0   -0.0
    52.558  -172.121   -0.0   -0.0   -0.0
    52.576  -172.121   -0.0   -0.0   -0.0
    52.595  -172.121   -0.0   -0.0   -0.0
    52.613  -172.121   -0.0   -0.0   -0.0
    52.631  -172.121   -0.0   -0.0   -0.0
    52.649  -172.121    0.0   -0.0   -0.0
    52.667  -172.121    0.0   -0.0   -0.0
    52.685  -172.121    0.0   -0.0   -0.0
    52.703  -172.121    0.0   -0.0   -0.0
    52.721  -172.121    0.0   -0.0   -0.0
    52.739  -172.121    0.0   -0.0   -0.0
    52.757  -172.121    0.0   -0.0   -0.0
    52.775  -172.121    0.0   -0.0   -0.0
    52.793  -172.121    0.0   -0.0   -0.0
    52.811  -172.121    0.0   -0.0   -0.0
    52.829  -172.121    0.0   -0.0   -0.0
    52.847  -172.121    0.0   -0.0   -0.0
    52.865  -172.121    0.0   -0.0   -0.0
    52.883  -172.121    0.0   -0.0   -0.0
    52.901  -172.121    0.0   -0.0   -0.0
    52.919  -172.121    0.0   -0.0   -0.0
    52.937  -172.121    0.0   -0.0   -0.0
    52.955  -172.121    0.0   -0.0   -0.0
    52.973  -172.121    0.0   -0.0   -0.0
    52.991  -172.121    0.0   -0.0   -0.0
    53.009  -172.121    0.0   -0.0   -0.0
    53.027  -172.121    0.0   -0.0   -0.0
    53.045  -172.121    0.0   -0.0   -0.0
    53.063  -172.121    0.0   -0.0   -0.0
    53.081  -172.121    0.0   -0.0   -0.0
    53.099  -172.121    0.0   -0.0   -0.0
    53.117  -172.121    0.0   -0.0   -0.0
    53.135  -172.121    0.0   -0.0   -0.0
    53.153  -172.121    0.0   -0.0   -0.0
    53.171  -172.121    0.0   -0.0    0.0
    53.189  -172.121    0.0   -0.0    0.0
    53.207  -172.121    0.0   -0.0    0.0
    53.225  -172.121    0.0   -0.0    0.0
    53.243  -172.121    0.0   -0.0    0.0
    53.261  -172.121    0.0   -0.0    0.0
    53.279  -172.121    0.0   -0.0    0.0
    53.297  -172.121    0.0   -0.0    0.0
    53.315  -172.121    0.0   -0.0    0.0
    53.333  -172.121    0.0   -0.0    0.0
    53.351  -172.121    0.0   -0.0    0.0
    53.369  -172.121    0.0   -0.0    0.0
    53.387  -172.121    0.0   -0.0    0.0
    53.405  -172.121    0.0   -0.0    0.0
    53.423  -172.121    0.0   -0.0    0.0
    53.441  -172.121    0.0   -0.0    0.0
    53.459  -172.121    0.0   -0.0    0.0
    53.477  -172.121    0.0   -0.0    0.0
    53.495  -172.121    0.0   -0.0    0.0
    53.513  -172.121    0.0    0.0    0.0
    53.531  -172.121    0.0    0.0    0.0
    53.549  -172.121    0.0    0.0    0.0
    53.567  -172.121    0.0    0.0    0.0
    53.585  -172.121    0.0    0.0    0.0
    53.603  -172.121    0.0    0.0    0.0
    53.621  -172.121    0.0    0.0    0.0
    53.639  -172.121    0.0    0.0    0.0
    53.657  -172.121    0.0    0.0    0.0
    53.675  -172.121    0.0    0.0    0.0
    53.694  -172.121    0.0    0.0    0.0
    53.712  -172.121    0.0    0.0    0.0
    53.730  -172.121    0.0    0.0    0.0
    53.748  -172.121    0.0    0.0    0.0
    53.766  -172.121    0.0    0.0    0.0
    53.784  -172.121    0.0    0.0    0.0
    53.802  -172.121    0.0    0.0    0.0
    53.820  -172.121    0.0    0.0    0.0
    53.838  -172.121    0.0    0.0    0.0
    53.856  -172.121    0.0    0.0    0.0
    53.874  -172.121    0.0    0.0    0.0
    53.892  -172.121    0.0    0.0    0.0
    53.910  -172.121    0.0    0.0    0.0
    52.108  -172.091   -0.0   -0.0    0.0
    52.126  -172.091   -0.0   -0.0    0.0
    52.144  -172.091   -0.0   -0.0    0.0
    52.162  -172.091   -0.0   -0.0    0.0
    52.180  -172.091   -0.0   -0.0    0.0
    52.198  -172.091   -0.0   -0.0    0.0
    52.216  -172.091   -0.0   -0.0    0.0
    52.234  -172.091   -0.0   -0.0    0.0
    52.252  -172.091   -0.0   -0.0    0.0
    52.270  -172.091   -0.0   -0.0    0.0
    52.288  -172.091   -0.0   -0.0    0.0
    52.306  -172.091   -0.0   -0.0    0.0
    52.324  -172.091   -0.0   -0.0    0.0
    52.342  -172.091   -0.0   -0.0    0.0
    52.360  -172.091   -0.0   -0.0   -0.0
    52.378  -172.091   -0.0   -0.0   -0.0
    52.396  -172.091   -0.0   -0.0   -0.0
    52.414  -172.091   -0.0   -0.0   -0.0
    52.432  -172.091   -0.0   -0.0   -0.0
    52.450  -172.091   -0.0   -0.0   -0.0
    52.468  -172.091   -0.0   -0.0   -0.0
    52.486  -172.091   -0.0   -0.0   -0.0
    52.504  -172.091   -0.0   -0.0   -0.0
    52.522  -172.091   -0.0   -0.0   -0.0
    52.540  -172.091   -0.0   -0.0   -0.0
    52.558  -172.091   -0.0   -0.0   -0.0
    52.576  -172.091   -0.0   -0.0   -0.0
    52.595  -172.091    0.0   -0.0   -0.0
    52.613  -172.091    0.0   -0.0   -0.0
    52.631  -172.091    0.0   -0.0   -0.0
    52.649  -172.091    0.0   -0.0   -0.0
    52.667  -172.091    0.0   -0.0   -0.0
    52.685  -172.091    0.0   -0.0   -0.0
    52.703  -172.091    0.0   -0.0   -0.0
    52.721  -172.091    0.0   -0.0   -0.0
    52.739  -172.091    0.0   -0.0   -0.0
    52.757  -172.091    0.0   -0.0   -0.0
    52.775  -172.091    0.0   -0.0   -0.0
    52.793  -172.091    0.0   -0.0   -0.0
    52.811  -172.091    0.0   -0.0   -0.0
    52.829  -172.091    0.0   -0.0   -0.0
    52.847  -172.091    0.0   -0.0   -0.0
    52.865  -172.091    0.0   -0.0   -0.0
    52.883  -172.091    0.0   -0.0   -0.0
    52.901  -172.091    0.0   -0.0   -0.0
    52.919  -172.091    0.0   -0.0   -0.0
    52.937  -172.091    0.0   -0.0   -0.0
    52.955  -172.091    0.0   -0.0   -0.0
    52.973  -172.091    0.0   -0.0   -0.0
    52.991  -172.091    0.0   -0.0   -0.0
    53.009  -172.091    0.0   -0.0   -0.0
    53.027  -172.091    0.0   -0.0   -0.0
    53.045  -172.091    0.0   -0.0   -0.0
    53.063  -172.091    0.0   -0.0   -0.0
    53.081  -172.091    0.0   -0.0   -0.0
    53.099  -172.091    0.0   -0.0   -0.0
    53.117  -172.091    0.0   -0.0   -0.0
    53.135  -172.091    0.0   -0.0   -0.0
    53.153  -172.091    0.0   -0.0   -0.0
    53.171  -172.091    0.0   -0.0   -0.0
    53.189  -172.091    0.0   -0.0    0.0
    53.207  -172.091    0.0   -0.0    0.0
    53.225  -172.091    0.0   -0.0    0.0
    53.243  -172.091    0.0   -0.0    0.0
    53.261  -172.091    0.0   -0.0    0.0
    53.279  -172.091    0.0   -0.0    0.0
    53.297  -172.091    0.0   -0.0    0.0
    53.315  -172.091    0.0   -0.0    0.0
    53.333  -172.091    0.0   -0.0    0.0
    53.351  -172.091    0.0   -0.0    0.0
    53.369  -172.091    0.0   -0.0    0.0
    53.387  -172.091    0.0   -0.0    0.0
    53.405  -172.091    0.0   -0.0    0.0
    53.423  -172.091    0.0   -0.0    0.0
    53.441  -172.091    0.0   -0.0    0.0
    53.459  -172.091    0.0   -0.0    0.0
    53.477  -172.091    0.0    0.0    0.0
    53.495  -172.091    0.0    0.0    0.0
    53.513  -172.091    0.0    0.0    0.0
    53.531  -172.091    0.0    0.0    0.0
    53.549  -172.091    0.0    0.0    0.0
    53.567  -172.091    0.0    0.0    0.0
    53.585  -172.091    0.0    0.0    0.0
    53.603  -172.091    0.0    0.0    0.0
    53.621  -172.091    0.0    0.0    0.0
    53.639  -172.091    0.0    0.0    0.0
    53.657  -172.091    0.0    0.0    0.0
    53.675  -172.091    0.0    0.0    0.0
    53.694  -172.091    0.0    0.0    0.0
    53.712  -172.091    0.0    0.0    0.0
    53.730  -172.091    0.0    0.0    0.0
    53.748  -172.091    0.0    0.0    0.0
    53.766  -172.091    0.0    0.0    0.0
    53.784  -172.091    0.0    0.0    0.0
    53.802  -172.091    0.0    0.0    0.0
    53.820  -172.091    0.0    0.0    0.0
    53.838  -172.091    0.0    0.0    0.0
    53.856  -172.091    0.0    0.0    0.0
    53.874  -172.091    0.0    0.0    0.0
    53.892  -172.091    0.0    0.0    0.0
    53.910  -172.091    0.0    0.0    0.0
    52.108  -172.062   -0.0   -0.0    0.0
    52.126  -172.062   -0.0   -0.0    0.0
    52.144  -172.062   -0.0   -0.0    0.0
    52.162  -172.062   -0.0   -0.0    0.0
    52.180  -172.062   -0.0   -0.0    0.0
    52.198  -172.062   -0.0   -0.0    0.0
    52.216  -172.062   -0.0   -0.0   -0.0
    52.234  -172.062   -0.0   -0.0   -0.0
    52.252  -172.062   -0.0   -0.0   -0.0
    52.270  -172.062   -0.0   -0.0   -0.0
    52.288  -172.062   -0.0   -0.0   -0.0
    52.306  -172.062   -0.0   -0.0   -0.0
    52.324  -172.062   -0.0   -0.0   -0.0
    52.342  -172.062   -0.0   -0.0   -0.0
    52.360  -172.062   -0.0   -0.0   -0.0
    52.378  -172.062   -0.0   -0.0   -0.0
    52.396  -172.062   -0.0   -0.0   -0.0
    52.414  -172.062   -0.0   -0.0   -0.0
    52.432  -172.062   -0.0   -0.0   -0.0
    52.450  -172.062   -0.0   -0.0   -0.0
    52.468  -172.062   -0.0   -0.0   -0.0
    52.486  -172.062   -0.0   -0.0   -0.0
    52.504  -172.062   -0.0   -0.0   -0.0
    52.522  -172.062    0.0   -0.0   -0.0
    52.540  -172.062    0.0   -0.0   -0.0
    52.558  -172.062    0.0   -0.0   -0.0
    52.576  -172.062    0.0   -0.0   -0.0
    52.595  -172.062    0.0   -0.0   -0.0
    52.613  -172.062    0.0   -0.0   -0.0
    52.631  -172.062    0.0   -0.0   -0.0
    52.649  -172.062    0.0   -0.0   -0.0
    52.667  -172.062    0.0   -0.0   -0.0
    52.685  -172.062    0.0   -0.0   -0.0
    52.703  -172.062    0.0   -0.0   -0.0
    52.721  -172.062    0.0   -0.0   -0.0
    52.739  -172.062    0.0   -0.0   -0.0
    52.757  -172.062    0.0   -0.0   -0.0
    52.775  -172.062    0.0   -0.0   -0.0
    52.793  -172.062    0.0   -0.0   -0.0
    52.811  -172.062    0.0   -0.0   -0.0
    52.829  -172.062    0.0   -0.0   -0.0
    52.847  -172.062    0.0   -0.0   -0.0
    52.865  -172.062    0.0   -0.0   -0.0
    52.883  -172.062    0.0   -0.0   -0.0
    52.901  -172.062    0.0   -0.0   -0.0
    52.919  -172.062    0.0   -0.0   -0.0
    52.937  -172.062    0.0   -0.0   -0.0
    52.955  -172.062    0.0   -0.0   -0.0
    52.973  -172.062    0.0   -0.0   -0.0
    52.991  -172.062    0.0   -0.0   -0.0
    53.009  -172.062    0.0   -0.0   -0.0
    53.027  -172.062    0.0   -0.0   -0.0
    53.045  -172.062    0.0   -0.0   -0.0
    53.063  -172.062    0.0   -0.0   -0.0
    53.081  -172.062    0.0   -0.0   -0.0
    53.099  -172.062    0.0   -0.0   -0.0
    53.117  -172.062    0.0   -0.0   -0.0
    53.135  -172.062    0.0   -0.0   -0.0
    53.153  -172.062    0.0   -0.0   -0.0
    53.171  -172.062    0.0   -0.0   -0.0
    53.189  -172.062    0.0   -0.0   -0.0
    53.207  -172.062    0.0   -0.0    0.0
    53.225  -172.062    0.0   -0.0    0.0
    53.243  -172.062    0.0   -0.0    0.0
    53.261  -172.062    0.0   -0.0    0.0
    53.279  -172.062    0.0   -0.0    0.0
    53.297  -172.062    0.0   -0.0    0.0
    53.315  -172.062    0.0   -0.0    0.0
    53.333  -172.062    0.0   -0.0    0.0
    53.351  -172.062    0.0   -0.0    0.0
    53.369  -172.062    0.0   -0.0    0.0
    53.387  -172.062    0.0   -0.0    0.0
    53.405  -172.062    0.0   -0.0    0.0
    53.423  -172.062    0.0   -0.0    0.0
    53.441  -172.062    0.0    0.0    0.0
    53.459  -172.062    0.0    0.0    0.0
    53.477  -172.062    0.0    0.0    0.0
    53.495  -172.062    0.0    0.0    0.0
    53.513  -172.062    0.0    0.0    0.0
    53.531  -172.062    0.0    0.0    0.0
    53.549  -172.062    0.0    0.0    0.0
    53.567  -172.062    0.0    0.0    0.0
    53.585  -172.062    0.0    0.0    0.0
    53.603  -172.062    0.0    0.0    0.0
    53.621  -172.062    0.0    0.0    0.0
    53.639  -172.062    0.0    0.0    0.0
    53.657  -172.062    0.0    0.0    0.0
    53.675  -172.062    0.0    0.0    0.0
    53.694  -172.062    0.0    0.0    0.0
    53.712  -172.062    0.0    0.0    0.0
    53.730  -172.062    0.0    0.0    0.0
    53.748  -172.062    0.0    0.0    0.0
    53.766  -172.062    0.0    0.0    0.0
    53.784  -172.062    0.0    0.0    0.0
    53.802  -172.062    0.0    0.0    0.0
    53.820  -172.062    0.0    0.0    0.0
    53.838  -172.062    0.0    0.0    0.0
    53.856  -172.062    0.0    0.0    0.0
    53.874  -172.062    0.0    0.0    0.0
    53.892  -172.062    0.0    0.0    0.0
    53.910  -172.062    0.0    0.0    0.0
    52.108  -172.032   -0.0   -0.0   -0.0
    52.126  -172.032   -0.0   -0.0   -0.0
    52.144  -172.032   -0.0   -0.0   -0.0
    52.162  -172.032   -0.0   -0.0   -0.0
    52.180  -172.032   -0.0   -0.0   -0.0
    52.198  -172.032   -0.0   -0.0   -0.0
    52.216  -172.032   -0.0   -0.0   -0.0
    52.234  -172.032   -0.0   -0.0   -0.0
    52.252  -172.032   -0.0   -0.0   -0.0
    52.270  -172.032   -0.0   -0.0   -0.0
    52.288  -172.032   -0.0   -0.0   -0.0
    52.306  -172.032   -0.0   -0.0   -0.0
    52.324  -172.032   -0.0   -0.0   -0.0
    52.342  -172.032   -0.0   -0.0   -0.0
    52.360  -172.032   -0.0   -0.0   -0.0
    52.378  -172.032   -0.0   -0.0   -0.0
    52.396  -172.032   -0.0   -0.0   -0.0
    52.414  -172.032   -0.0   -0.0   -0.0
    52.432  -172.032   -0.0   -0.0   -0.0
    52.450  -172.032   -0.0   -0.0   -0.0
    52.468  -172.032    0.0   -0.0   -0.0
    52.486  -172.032    0.0   -0.0   -0.0
    52.504  -172.032    0.0   -0.0   -0.0
    52.522  -172.032    0.0   -0.0   -0.0
    52.540  -172.032    0.0   -0.0   -0.0
    52.558  -172.032    0.0   -0.0   -0.0
    52.576  -172.032    0.0   -0.0   -0.0
    52.595  -172.032    0.0   -0.0   -0.0
    52.613  -172.032    0.0   -0.0   -0.0
    52.631  -172.032    0.0   -0.0   -0.0
    52.649  -172.032    0.0   -0.0   -0.0
    52.667  -172.032    0.0   -0.0   -0.0
    52.685  -172.032    0.0   -0.0   -0.0
    52.703  -172.032    0.0   -0.0   -0.0
    52.721  -172.032    0.0   -0.0   -0.0
    52.739  -172.032    0.0   -0.0   -0.0
    52.757  -172.032    0.0   -0.0   -0.0
    52.775  -172.032    0.0   -0.0   -0.0
    52.793  -172.032    0.0   -0.0   -0.0
    52.811  -172.032    0.0   -0.0   -0.0
    52.829  -172.032    0.0   -0.0   -0.0
    52.847  -172.032    0.0   -0.0   -0.0
    52.865  -172.032    0.0   -0.0   -0.0
    52.883  -172.032    0.0   -0.0   -0.0
    52.901  -172.032    0.0   -0.0   -0.0
    52.919  -172.032    0.0   -0.0   -0.0
    52.937  -172.032    0.0   -0.0   -0.0
    52.955  -172.032    0.0   -0.0   -0.0
    52.973  -172.032    0.0   -0.0   -0.0
    52.991  -172.032    0.0   -0.0   -0.0
    53.009  -172.032    0.0   -0.0   -0.0
    53.027  -172.032    0.0   -0.0   -0.0
    53.045  -172.032    0.0   -0.0   -0.0
    53.063  -172.032    0.0   -0.0   -0.0
    53.081  -172.032    0.0   -0.0   -0.0
    53.099  -172.032    0.0   -0.0   -0.0
    53.117  -172.032    0.0   -0.0   -0.0
    53.135  -172.032    0.0   -0.0   -0.0
    53.153  -172.032    0.0   -0.0   -0.0
    53.171  -172.032    0.0   -0.0   -0.0
    53.189  -172.032    0.0   -0.0   -0.0
    53.207  -172.032    0.0   -0.0   -0.0
    53.225  -172.032    0.0   -0.0    0.0
    53.243  -172.032    0.0   -0.0    0.0
    53.261  -172.032    0.0   -0.0    0.0
    53.279  -172.032    0.0   -0.0    0.0
    53.297  -172.032    0.0   -0.0    0.0
    53.315  -172.032    0.0   -0.0    0.0
    53.333  -172.032    0.0   -0.0    0.0
    53.351  -172.032    0.0   -0.0    0.0
    53.369  -172.032    0.0   -0.0    0.0
    53.387  -172.032    0.0   -0.0    0.0
    53.405  -172.032    0.0   -0.0    0.0
    53.423  -172.032    0.0    0.0    0.0
    53.441  -172.032    0.0    0.0    0.0
    53.459  -172.032    0.0    0.0    0.0
    53.477  -172.032    0.0    0.0    0.0
    53.495  -172.032    0.0    0.0    0.0
    53.513  -172.032    0.0    0.0    0.0
    53.531  -172.032    0.0    0.0    0.0
    53.549  -172.032    0.0    0.0    0.0
    53.567  -172.032    0.0    0.0    0.0
    53.585  -172.032    0.0    0.0    0.0
    53.603  -172.032    0.0    0.0    0.0
    53.621  -172.032    0.0    0.0    0.0
    53.639  -172.032    0.0    0.0    0.0
    53.657  -172.032    0.0    0.0    0.0
    53.675  -172.032    0.0    0.0    0.0
    53.694  -172.032    0.0    0.0    0.0
    53.712  -172.032    0.0    0.0    0.0
    53.730  -172.032    0.0    0.0    0.0
    53.748  -172.032    0.0    0.0    0.0
    53.766  -172.032    0.0    0.0    0.0
    53.784  -172.032    0.0    0.0    0.0
    53.802  -172.032    0.0    0.0    0.0
    53.820  -172.032    0.0    0.0    0.0
    53.838  -172.032    0.0    0.0    0.0
    53.856  -172.032    0.0    0.0    0.0
    53.874  -172.032    0.0    0.0    0.0
    53.892  -172.032    0.0    0.0    0.0
    53.910  -172.032    0.0    0.0    0.0
    52.108  -172.002   -0.0   -0.0   -0.0
    52.126  -172.002   -0.0   -0.0   -0.0
    52.144  -172.002   -0.0   -0.0   -0.0
    52.162  -172.002   -0.0   -0.0   -0.0
    52.180  -172.002   -0.0   -0.0   -0.0
    52.198  -172.002   -0.0   -0.0   -0.0
    52.216  -172.002   -0.0   -0.0   -0.0
    52.234  -172.002   -0.0   -0.0   -0.0
    52.252  -172.002   -0.0   -0.0   -0.0
    52.270  -172.002   -0.0   -0.0   -0.0
    52.288  -172.002   -0.0   -0.0   -0.0
    52.306  -172.002   -0.0   -0.0   -0.0
    52.324  -172.002   -0.0   -0.0   -0.0
    52.342  -172.002   -0.0   -0.0   -0.0
    52.360  -172.002   -0.0   -0.0   -0.0
    52.378  -172.002   -0.0   -0.0   -0.0
    52.396  -172.002    0.0   -0.0   -0.0
    52.414  -172.002    0.0   -0.0   -0.0
    52.432  -172.002    0.0   -0.0   -0.0
    52.450  -172.002    0.0   -0.0   -0.0
    52.468  -172.002    0.0   -0.0   -0.0
    52.486  -172.002    0.0   -0.0   -0.0
    52.504  -172.002    0.0   -0.0   -0.0
    52.522  -172.002    0.0   -0.0   -0.0
    52.540  -172.002    0.0   -0.0   -0.0
    52.558  -172.002    0.0   -0.0   -0.0
    52.576  -172.002    0.0   -0.0   -0.0
    52.595  -172.002    0.0   -0.0   -0.0
    52.613  -172.002    0.0   -0.0   -0.0
    52.631  -172.002    0.0   -0.0   -0.0
    52.649  -172.002    0.0   -0.0   -0.0
    52.667  -172.002    0.0   -0.0   -0.0
    52.685  -172.002    0.0   -0.0   -0.0
    52.703  -172.002    0.0   -0.0   -0.0
    52.721  -172.002    0.0   -0.0   -0.0
    52.739  -172.002    0.0   -0.0   -0.0
    52.757  -172.002    0.0   -0.0   -0.0
    52.775  -172.002    0.0   -0.0   -0.0
    52.793  -172.002    0.0   -0.0   -0.0
    52.811  -172.002    0.0   -0.0   -0.0
    52.829  -172.002    0.0   -0.0   -0.0
    52.847  -172.002    0.0   -0.0   -0.0
    52.865  -172.002    0.0   -0.0   -0.0
    52.883  -172.002    0.0   -0.0   -0.0
    52.901  -172.002    0.0   -0.0   -0.0
    52.919  -172.002    0.0   -0.0   -0.0
    52.937  -172.002    0.0   -0.0   -0.0
    52.955  -172.002    0.0   -0.0   -0.0
    52.973  -172.002    0.0   -0.0   -0.0
    52.991  -172.002    0.0   -0.0   -0.0
    53.009  -172.002    0.0   -0.0   -0.0
    53.027  -172.002    0.0   -0.0   -0.0
    53.045  -172.002    0.0   -0.0   -0.0
    53.063  -172.002    0.0   -0.0   -0.0
    53.081  -172.002    0.0   -0.0   -0.0
    53.099  -172.002    0.0   -0.0   -0.0
    53.117  -172.002    0.0   -0.0   -0.0
    53.135  -172.002    0.0   -0.0   -0.0
    53.153  -172.002    0.0   -0.0   -0.0
    53.171  -172.002    0.0   -0.0   -0.0
    53.189  -172.002    0.0   -0.0   -0.0
    53.207  -172.002    0.0   -0.0   -0.0
    53.225  -172.002    0.0   -0.0   -0.0
    53.243  -172.002    0.0   -0.0    0.0
    53.261  -172.002    0.0   -0.0    0.0
    53.279  -172.002    0.0   -0.0    0.0
    53.297  -172.002    0.0   -0.0    0.0
    53.315  -172.002    0.0   -0.0    0.0
    53.333  -172.002    0.0   -0.0    0.0
    53.351  -172.002    0.0   -0.0    0.0
    53.369  -172.002    0.0   -0.0    0.0
    53.387  -172.002    0.0   -0.0    0.0
    53.405  -172.002    0.0    0.0    0.0
    53.423  -172.002    0.0    0.0    0.0
    53.441  -172.002    0.0    0.0    0.0
    53.459  -172.002    0.0    0.0    0.0
    53.477  -172.002    0.0    0.0    0.0
    53.495  -172.002    0.0    0.0    0.0
    53.513  -172.002    0.0    0.0    0.0
    53.531  -172.002    0.0    0.0    0.0
    53.549  -172.002    0.0    0.0    0.0
    53.567  -172.002    0.0    0.0    0.0
    53.585  -172.002    0.0    0.0    0.0
    53.603  -172.002    0.0    0.0    0.0
    53.621  -172.002    0.0    0.0    0.0
    53.639  -172.002    0.0    0.0    0.0
    53.657  -172.002    0.0    0.0    0.0
    53.675  -172.002    0.0    0.0    0.0
    53.694  -172.002    0.0    0.0    0.0
    53.712  -172.002    0.0    0.0    0.0
    53.730  -172.002    0.0    0.0    0.0
    53.748  -172.002    0.0    0.0    0.0
    53.766  -172.002    0.0    0.0    0.0
    53.784  -172.002    0.0    0.0    0.0
    53.802  -172.002    0.0    0.0    0.0
    53.820  -172.002    0.0    0.0    0.0
    53.838  -172.002    0.0    0.0    0.0
    53.856  -172.002    0.0    0.0    0.0
    53.874  -172.002    0.0    0.0    0.0
    53.892  -172.002    0.0    0.0    0.0
    53.910  -172.002    0.0    0.0    0.0
    52.108  -171.972   -0.0   -0.0   -0.0
    52.126  -171.972   -0.0   -0.0   -0.0
    52.144  -171.972   -0.0   -0.0   -0.0
    52.162  -171.972   -0.0   -0.0   -0.0
    52.180  -171.972   -0.0   -0.0   -0.0
    52.198  -171.972   -0.0   -0.0   -0.0
    52.216  -171.972   -0.0   -0.0   -0.0
    52.234  -171.972   -0.0   -0.0   -0.0
    52.252  -171.972   -0.0   -0.0   -0.0
    52.270  -171.972   -0.0   -0.0   -0.0
    52.288  -171.972   -0.0   -0.0   -0.0
    52.306  -171.972   -0.0   -0.0   -0.0
    52.324  -171.972   -0.0   -0.0   -0.0
    52.342  -171.972    0.0   -0.0   -0.0
    52.360  -171.972    0.0   -0.0   -0.0
    52.378  -171.972    0.0    0.0   -0.0
    52.396  -171.972    0.0    0.0   -0.0
    52.414  -171.972    0.0    0.0   -0.0
    52.432  -171.972    0.0    0.0   -0.0
    52.450  -171.972    0.0    0.0   -0.0
    52.468  -171.972    0.0    0.0   -0.0
    52.486  -171.972    0.0    0.0   -0.0
    52.504  -171.972    0.0    0.0   -0.0
    52.522  -171.972    0.0    0.0   -0.0
    52.540  -171.972    0.0    0.0   -0.0
    52.558  -171.972    0.0    0.0   -0.0
    52.576  -171.972    0.0    0.0   -0.0
    52.595  -171.972    0.0    0.0   -0.0
    52.613  -171.972    0.0    0.0   -0.0
    52.631  -171.972    0.0   -0.0   -0.0
    52.649  -171.972    0.0   -0.0   -0.0
    52.667  -171.972    0.0   -0.0   -0.0
    52.685  -171.972    0.0   -0.0   -0.0
    52.703  -171.972    0.0   -0.0   -0.0
    52.721  -171.972    0.0   -0.0   -0.0
    52.739  -171.972    0.0   -0.0   -0.0
    52.757  -171.972    0.0   -0.0   -0.0
    52.775  -171.972    0.0   -0.0   -0.0
    52.793  -171.972    0.0   -0.0   -0.0
    52.811  -171.972    0.0   -0.0   -0.0
    52.829  -171.972    0.0   -0.0   -0.0
    52.847  -171.972    0.0   -0.0   -0.0
    52.865  -171.972    0.0   -0.0   -0.0
    52.883  -171.972    0.0   -0.0   -0.0
    52.901  -171.972    0.0   -0.0   -0.0
    52.919  -171.972    0.0   -0.0   -0.0
    52.937  -171.972    0.0   -0.0   -0.0
    52.955  -171.972    0.0   -0.0   -0.0
    52.973  -171.972    0.0   -0.0   -0.0
    52.991  -171.972    0.0   -0.0   -0.0
    53.009  -171.972    0.0   -0.0   -0.0
    53.027  -171.972    0.0   -0.0   -0.0
    53.045  -171.972    0.0   -0.0   -0.0
    53.063  -171.972    0.0   -0.0   -0.0
    53.081  -171.972    0.0   -0.0   -0.0
    53.099  -171.972    0.0   -0.0   -0.0
    53.117  -171.972    0.0   -0.0   -0.0
    53.135  -171.972    0.0   -0.0   -0.0
    53.153  -171.972    0.0   -0.0   -0.0
    53.171  -171.972    0.0   -0.0   -0.0
    53.189  -171.972    0.0   -0.0   -0.0
    53.207  -171.972    0.0   -0.0   -0.0
    53.225  -171.972    0.0   -0.0   -0.0
    53.243  -171.972    0.0   -0.0    0.0
    53.261  -171.972    0.0   -0.0    0.0
    53.279  -171.972    0.0   -0.0    0.0
    53.297  -171.972    0.0   -0.0    0.0
    53.315  -171.972    0.0   -0.0    0.0
    53.333  -171.972    0.0   -0.0    0.0
    53.351  -171.972    0.0   -0.0    0.0
    53.369  -171.972    0.0    0.0    0.0
    53.387  -171.972    0.0    0.0    0.0
    53.405  -171.972    0.0    0.0    0.0
    53.423  -171.972    0.0    0.0    0.0
    53.441  -171.972    0.0    0.0    0.0
    53.459  -171.972    0.0    0.0    0.0
    53.477  -171.972    0.0    0.0    0.0
    53.495  -171.972    0.0    0.0    0.0
    53.513  -171.972    0.0    0.0    0.0
    53.531  -171.972    0.0    0.0    0.0
    53.549  -171.972    0.0    0.0    0.0
    53.567  -171.972    0.0    0.0    0.0
    53.585  -171.972    0.0    0.0    0.0
    53.603  -171.972    0.0    0.0    0.0
    53.621  -171.972    0.0    0.0    0.0
    53.639  -171.972    0.0    0.0    0.0
    53.657  -171.972    0.0    0.0    0.0
    53.675  -171.972    0.0    0.0    0.0
    53.694  -171.972    0.0    0.0    0.0
    53.712  -171.972    0.0    0.0    0.0
    53.730  -171.972    0.0    0.0    0.0
    53.748  -171.972    0.0    0.0    0.0
    53.766  -171.972    0.0    0.0    0.0
    53.784  -171.972    0.0    0.0    0.0
    53.802  -171.972    0.0    0.0    0.0
    53.820  -171.972    0.0    0.0    0.0
    53.838  -171.972    0.0    0.0    0.0
    53.856  -171.972    0.0    0.0    0.0
    53.874  -171.972    0.0    0.0    0.0
    53.892  -171.972    0.0    0.0    0.0
    53.910  -171.972    0.0    0.0    0.0
    52.108  -171.943   -0.0   -0.0   -0.0
    52.126  -171.943   -0.0   -0.0   -0.0
    52.144  -171.943   -0.0   -0.0   -0.0
    52.162  -171.943   -0.0   -0.0   -0.0
    52.180  -171.943   -0.0   -0.0   -0.0
    52.198  -171.943   -0.0    0.0   -0.0
    52.216  -171.943   -0.0    0.0   -0.0
    52.234  -171.943   -0.0    0.0   -0.0
    52.252  -171.943   -0.0    0.0   -0.0
    52.270  -171.943   -0.0    0.0   -0.0
    52.288  -171.943    0.0    0.0   -0.0
    52.306  -171.943    0.0    0.0   -0.0
    52.324  -171.943    0.0    0.0   -0.0
    52.342  -171.943    0.0    0.0   -0.0
    52.360  -171.943    0.0    0.0   -0.0
    52.378  -171.943    0.0    0.0   -0.0
    52.396  -171.943    0.0    0.0   -0.0
    52.414  -171.943    0.0    0.0   -0.0
    52.432  -171.943    0.0    0.0   -0.0
    52.450  -171.943    0.0    0.0   -0.0
    52.468  -171.943    0.0    0.0   -0.0
    52.486  -171.943    0.0    0.0   -0.0
    52.504  -171.943    0.0    0.0   -0.0
    52.522  -171.943    0.0    0.0   -0.0
    52.540  -171.943    0.0    0.0   -0.0
    52.558  -171.943    0.0    0.0   -0.0
    52.576  -171.943    0.0    0.0   -0.1
    52.595  -171.943    0.0    0.0   -0.1
    52.613  -171.943    0.0    0.0   -0.1
    52.631  -171.943    0.0    0.0   -0.1
    52.649  -171.943    0.0    0.0   -0.1
    52.667  -171.943    0.0    0.0   -0.1
    52.685  -171.943    0.0    0.0   -0.1
    52.703  -171.943    0.0    0.0   -0.1
    52.721  -171.943    0.0    0.0   -0.1
    52.739  -171.943    0.0   -0.0   -0.1
    52.757  -171.943    0.0   -0.0   -0.1
    52.775  -171.943    0.0   -0.0   -0.1
    52.793  -171.943    0.0   -0.0   -0.1
    52.811  -171.943    0.0   -0.0   -0.1
    52.829  -171.943    0.0   -0.0   -0.1
    52.847  -171.943    0.0   -0.0   -0.1
    52.865  -171.943    0.0   -0.0   -0.1
    52.883  -171.943    0.0   -0.0   -0.1
    52.901  -171.943    0.0   -0.0   -0.1
    52.919  -171.943    0.0   -0.0   -0.1
    52.937  -171.943    0.0   -0.0   -0.1
    52.955  -171.943    0.0   -0.0   -0.1
    52.973  -171.943    0.0   -0.0   -0.0
    52.991  -171.943    0.0   -0.0   -0.0
    53.009  -171.943    0.0   -0.0   -0.0
    53.027  -171.943    0.0   -0.0   -0.0
    53.045  -171.943    0.0   -0.0   -0.0
    53.063  -171.943    0.0   -0.0   -0.0
    53.081  -171.943    0.0   -0.0   -0.0
    53.099  -171.943    0.0   -0.0   -0.0
    53.117  -171.943    0.0   -0.0   -0.0
    53.135  -171.943    0.0   -0.0   -0.0
    53.153  -171.943    0.0   -0.0   -0.0
    53.171  -171.943    0.0   -0.0   -0.0
    53.189  -171.943    0.0   -0.0   -0.0
    53.207  -171.943    0.0   -0.0   -0.0
    53.225  -171.943    0.0   -0.0   -0.0
    53.243  -171.943    0.0   -0.0    0.0
    53.261  -171.943    0.0   -0.0    0.0
    53.279  -171.943    0.0   -0.0    0.0
    53.297  -171.943    0.0   -0.0    0.0
    53.315  -171.943    0.0   -0.0    0.0
    53.333  -171.943    0.0   -0.0    0.0
    53.351  -171.943    0.0    0.0    0.0
    53.369  -171.943    0.0    0.0    0.0
    53.387  -171.943    0.0    0.0    0.0
    53.405  -171.943    0.0    0.0    0.0
    53.423  -171.943    0.0    0.0    0.0
    53.441  -171.943    0.0    0.0    0.0
    53.459  -171.943    0.0    0.0    0.0
    53.477  -171.943    0.0    0.0    0.0
    53.495  -171.943    0.0    0.0    0.0
    53.513  -171.943    0.0    0.0    0.0
    53.531  -171.943    0.0    0.0    0.0
    53.549  -171.943    0.0    0.0    0.0
    53.567  -171.943    0.0    0.0    0.0
    53.585  -171.943    0.0    0.0    0.0
    53.603  -171.943    0.0    0.0    0.0
    53.621  -171.943    0.0    0.0    0.0
    53.639  -171.943    0.0    0.0    0.0
    53.657  -171.943    0.0    0.0    0.0
    53.675  -171.943    0.0    0.0    0.0
    53.694  -171.943    0.0    0.0    0.0
    53.712  -171.943    0.0    0.0    0.0
    53.730  -171.943    0.0    0.0    0.0
    53.748  -171.943    0.0    0.0    0.0
    53.766  -171.943    0.0    0.0    0.0
    53.784  -171.943    0.0    0.0    0.0
    53.802  -171.943    0.0    0.0    0.0
    53.820  -171.943    0.0    0.0    0.0
    53.838  -171.943    0.0    0.0    0.0
    53.856  -171.943    0.0    0.0    0.0
    53.874  -171.943    0.0    0.0    0.0
    53.892  -171.943    0.0    0.0    0.0
    53.910  -171.943    0.0    0.0    0.0
    52.108  -171.913   -0.0    0.0   -0.0
    52.126  -171.913   -0.0    0.0   -0.0
    52.144  -171.913   -0.0    0.0   -0.0
    52.162  -171.913   -0.0    0.0   -0.0
    52.180  -171.913   -0.0    0.0   -0.0
    52.198  -171.913   -0.0    0.0   -0.0
    52.216  -171.913   -0.0    0.0   -0.0
    52.234  -171.913    0.0    0.0   -0.0
    52.252  -171.913    0.0    0.0   -0.0
    52.270  -171.913    0.0    0.0   -0.0
    52.288  -171.913    0.0    0.0   -0.0
    52.306  -171.913    0.0    0.0   -0.0
    52.324  -171.913    0.0    0.0   -0.0
    52.342  -171.913    0.0    0.0   -0.0
    52.360  -171.913    0.0    0.0   -0.0
    52.378  -171.913    0.0    0.0   -0.0
    52.396  -171.913    0.0    0.0   -0.0
    52.414  -171.913    0.0    0.0   -0.0
    52.432  -171.913    0.0    0.0   -0.0
    52.450  -171.913    0.0    0.0   -0.0
    52.468  -171.913    0.0    0.0   -0.0
    52.486  -171.913    0.0    0.0   -0.1
    52.504  -171.913    0.0    0.0   -0.1
    52.522  -171.913    0.0    0.0   -0.1
    52.540  -171.913    0.0    0.0   -0.1
    52.558  -171.913    0.0    0.0   -0.1
    52.576  -171.913    0.0    0.0   -0.1
    52.595  -171.913    0.0    0.0   -0.1
    52.613  -171.913    0.0    0.0   -0.1
    52.631  -171.913    0.0    0.0   -0.1
    52.649  -171.913    0.0    0.0   -0.1
    52.667  -171.913    0.0    0.0   -0.1
    52.685  -171.913    0.0    0.0   -0.1
    52.703  -171.913    0.0    0.0   -0.1
    52.721  -171.913    0.0    0.0   -0.1
    52.739  -171.913    0.0    0.0   -0.1
    52.757  -171.913    0.0    0.0   -0.1
    52.775  -171.913    0.0    0.0   -0.1
    52.793  -171.913    0.0   -0.0   -0.1
    52.811  -171.913    0.0   -0.0   -0.1
    52.829  -171.913    0.0   -0.0   -0.1
    52.847  -171.913    0.0   -0.0   -0.1
    52.865  -171.913    0.0   -0.0   -0.1
    52.883  -171.913    0.0   -0.0   -0.1
    52.901  -171.913    0.0   -0.0   -0.1
    52.919  -171.913    0.0   -0.0   -0.1
    52.937  -171.913    0.0   -0.0   -0.1
    52.955  -171.913    0.0   -0.0   -0.1
    52.973  -171.913    0.0   -0.0   -0.1
    52.991  -171.913    0.0   -0.0   -0.1
    53.009  -171.913    0.0   -0.0   -0.0
    53.027  -171.913    0.0   -0.0   -0.0
    53.045  -171.913    0.0   -0.0   -0.0
    53.063  -171.913    0.0   -0.0   -0.0
    53.081  -171.913    0.0   -0.0   -0.0
    53.099  -171.913    0.0   -0.0   -0.0
    53.117  -171.913    0.0   -0.0   -0.0
    53.135  -171.913    0.0   -0.0   -0.0
    53.153  -171.913    0.0   -0.0   -0.0
    53.171  -171.913    0.0   -0.0   -0.0
    53.189  -171.913    0.0   -0.0   -0.0
    53.207  -171.913    0.0   -0.0   -0.0
    53.225  -171.913    0.0   -0.0   -0.0
    53.243  -171.913    0.0   -0.0   -0.0
    53.261  -171.913    0.0   -0.0    0.0
    53.279  -171.913    0.0   -0.0    0.0
    53.297  -171.913    0.0   -0.0    0.0
    53.315  -171.913    0.0   -0.0    0.0
    53.333  -171.913    0.0    0.0    0.0
    53.351  -171.913    0.0    0.0    0.0
    53.369  -171.913    0.0    0.0    0.0
    53.387  -171.913    0.0    0.0    0.0
    53.405  -171.913    0.0    0.0    0.0
    53.423  -171.913    0.0    0.0    0.0
    53.441  -171.913    0.0    0.0    0.0
    53.459  -171.913    0.0    0.0    0.0
    53.477  -171.913    0.0    0.0    0.0
    53.495  -171.913    0.0    0.0    0.0
    53.513  -171.913    0.0    0.0    0.0
    53.531  -171.913    0.0    0.0    0.0
    53.549  -171.913    0.0    0.0    0.0
    53.567  -171.913    0.0    0.0    0.0
    53.585  -171.913    0.0    0.0    0.0
    53.603  -171.913    0.0    0.0    0.0
    53.621  -171.913    0.0    0.0    0.0
    53.639  -171.913    0.0    0.0    0.0
    53.657  -171.913    0.0    0.0    0.0
    53.675  -171.913    0.0    0.0    0.0
    53.694  -171.913    0.0    0.0    0.0
    53.712  -171.913    0.0    0.0    0.0
    53.730  -171.913    0.0    0.0    0.0
    53.748  -171.913    0.0    0.0    0.0
    53.766  -171.913    0.0    0.0    0.0
    53.784  -171.913    0.0    0.0    0.0
    53.802  -171.913    0.0    0.0    0.0
    53.820  -171.913    0.0    0.0    0.0
    53.838  -171.913    0.0    0.0    0.0
    53.856  -171.913    0.0    0.0    0.0
    53.874  -171.913    0.0    0.0    0.0
    53.892  -171.913    0.0    0.0    0.0
    53.910  -171.913    0.0    0.0    0.0
    52.108  -171.883   -0.0    0.0   -0.0
    52.126  -171.883   -0.0    0.0   -0.0
    52.144  -171.883   -0.0    0.0   -0.0
    52.162  -171.883   -0.0    0.0   -0.0
    52.180  -171.883   -0.0    0.0   -0.0
    52.198  -171.883    0.0    0.0   -0.0
    52.216  -171.883    0.0    0.0   -0.0
    52.234  -171.883    0.0    0.0   -0.0
    52.252  -171.883    0.0    0.0   -0.0
    52.270  -171.883    0.0    0.0   -0.0
    52.288  -171.883    0.0    0.0   -0.0
    52.306  -171.883    0.0    0.0   -0.0
    52.324  -171.883    0.0    0.0   -0.0
    52.342  -171.883    0.0    0.0   -0.0
    52.360  -171.883    0.0    0.0   -0.0
    52.378  -171.883    0.0    0.0   -0.0
    52.396  -171.883    0.0    0.0   -0.1
    52.414  -171.883    0.0    0.0   -0.1
    52.432  -171.883    0.0    0.0   -0.1
    52.450  -171.883    0.0    0.0   -0.1
    52.468  -171.883    0.0    0.0   -0.1
    52.486  -171.883    0.0    0.0   -0.1
    52.504  -171.883    0.0    0.0   -0.1
    52.522  -171.883    0.0    0.0   -0.1
    52.540  -171.883    0.0    0.0   -0.1
    52.558  -171.883    0.0    0.0   -0.1
    52.576  -171.883    0.0    0.0   -0.1
    52.595  -171.883    0.0    0.0   -0.1
    52.613  -171.883    0.0    0.0   -0.1
    52.631  -171.883    0.0    0.0   -0.1
    52.649  -171.883    0.0    0.0   -0.1
    52.667  -171.883    0.0    0.0   -0.1
    52.685  -171.883    0.0    0.0   -0.1
    52.703  -171.883    0.0    0.0   -0.1
    52.721  -171.883    0.0    0.0   -0.1
    52.739  -171.883    0.0    0.0   -0.1
    52.757  -171.883    0.0    0.0   -0.1
    52.775  -171.883    0.0    0.0   -0.1
    52.793  -171.883    0.0    0.0   -0.1
    52.811  -171.883    0.0    0.0   -0.1
    52.829  -171.883    0.0   -0.0   -0.1
    52.847  -171.883    0.0   -0.0   -0.1
    52.865  -171.883    0.0   -0.0   -0.1
    52.883  -171.883    0.0   -0.0   -0.1
    52.901  -171.883    0.0   -0.0   -0.1
    52.919  -171.883    0.0   -0.0   -0.1
    52.937  -171.883    0.0   -0.0   -0.1
    52.955  -171.883    0.0   -0.0   -0.1
    52.973  -171.883    0.0   -0.0   -0.1
    52.991  -171.883    0.0   -0.0   -0.1
    53.009  -171.883    0.0   -0.0   -0.1
    53.027  -171.883    0.0   -0.0   -0.1
    53.045  -171.883    0.0   -0.0   -0.0
    53.063  -171.883    0.0   -0.0   -0.0
    53.081  -171.883    0.0   -0.0   -0.0
    53.099  -171.883    0.0   -0.0   -0.0
    53.117  -171.883    0.0   -0.0   -0.0
    53.135  -171.883    0.0   -0.0   -0.0
    53.153  -171.883    0.0   -0.0   -0.0
    53.171  -171.883    0.0   -0.0   -0.0
    53.189  -171.883    0.0   -0.0   -0.0
    53.207  -171.883    0.0   -0.0   -0.0
    53.225  -171.883    0.0   -0.0   -0.0
    53.243  -171.883    0.0   -0.0   -0.0
    53.261  -171.883    0.0   -0.0    0.0
    53.279  -171.883    0.0   -0.0    0.0
    53.297  -171.883    0.0   -0.0    0.0
    53.315  -171.883    0.0    0.0    0.0
    53.333  -171.883    0.0    0.0    0.0
    53.351  -171.883    0.0    0.0    0.0
    53.369  -171.883    0.0    0.0    0.0
    53.387  -171.883    0.0    0.0    0.0
    53.405  -171.883    0.0    0.0    0.0
    53.423  -171.883    0.0    0.0    0.0
    53.441  -171.883    0.0    0.0    0.0
    53.459  -171.883    0.0    0.0    0.0
    53.477  -171.883    0.0    0.0    0.0
    53.495  -171.883    0.0    0.0    0.0
    53.513  -171.883    0.0    0.0    0.0
    53.531  -171.883    0.0    0.0    0.0
    53.549  -171.883    0.0    0.0    0.0
    53.567  -171.883    0.0    0.0    0.0
    53.585  -171.883    0.0    0.0    0.0
    53.603  -171.883    0.0    0.0    0.0
    53.621  -171.883    0.0    0.0    0.0
    53.639  -171.883    0.0    0.0    0.0
    53.657  -171.883    0.0    0.0    0.0
    53.675  -171.883    0.0    0.0    0.0
    53.694  -171.883    0.0    0.0    0.0
    53.712  -171.883    0.0    0.0    0.0
    53.730  -171.883    0.0    0.0    0.0
    53.748  -171.883    0.0    0.0    0.0
    53.766  -171.883    0.0    0.0    0.0
    53.784  -171.883    0.0    0.0    0.0
    53.802  -171.883    0.0    0.0    0.0
    53.820  -171.883    0.0    0.0    0.0
    53.838  -171.883    0.0    0.0    0.0
    53.856  -171.883    0.0    0.0    0.0
    53.874  -171.883    0.0    0.0    0.0
    53.892  -171.883    0.0    0.0    0.0
    53.910  -171.883    0.0    0.0    0.0
    52.108  -171.853   -0.0    0.0   -0.0
    52.126  -171.853   -0.0    0.0   -0.0
    52.144  -171.853    0.0    0.0   -0.0
    52.162  -171.853    0.0    0.0   -0.0
    52.180  -171.853    0.0    0.0   -0.0
    52.198  -171.853    0.0    0.0   -0.0
    52.216  -171.853    0.0    0.0   -0.0
    52.234  -171.853    0.0    0.0   -0.0
    52.252  -171.853    0.0    0.0   -0.0
    52.270  -171.853    0.0    0.0   -0.0
    52.288  -171.853    0.0    0.0   -0.0
    52.306  -171.853    0.0    0.0   -0.0
    52.324  -171.853    0.0    0.0   -0.0
    52.342  -171.853    0.0    0.0   -0.1
    52.360  -171.853    0.0    0.0   -0.1
    52.378  -171.853    0.0    0.0   -0.1
    52.396  -171.853    0.0    0.0   -0.1
    52.414  -171.853    0.0    0.0   -0.1
    52.432  -171.853    0.0    0.0   -0.1
    52.450  -171.853    0.0    0.0   -0.1
    52.468  -171.853    0.0    0.0   -0.1
    52.486  -171.853    0.0    0.0   -0.1
    52.504  -171.853    0.0    0.0   -0.1
    52.522  -171.853    0.0    0.0   -0.1
    52.540  -171.853    0.0    0.0   -0.1
    52.558  -171.853    0.0    0.0   -0.1
    52.576  -171.853    0.0    0.0   -0.1
    52.595  -171.853    0.0    0.0   -0.1
    52.613  -171.853    0.0    0.0   -0.1
    52.631  -171.853    0.0    0.0   -0.1
    52.649  -171.853    0.0    0.0   -0.1
    52.667  -171.853    0.0    0.0   -0.1
    52.685  -171.853    0.0    0.0   -0.1
    52.703  -171.853    0.0    0.0   -0.1
    52.721  -171.853    0.0    0.0   -0.1
    52.739  -171.853    0.0    0.0   -0.1
    52.757  -171.853    0.0    0.0   -0.1
    52.775  -171.853    0.0    0.0   -0.1
    52.793  -171.853    0.0    0.0   -0.1
    52.811  -171.853    0.0    0.0   -0.1
    52.829  -171.853    0.0    0.0   -0.1
    52.847  -171.853    0.0    0.0   -0.1
    52.865  -171.853    0.0   -0.0   -0.1
    52.883  -171.853    0.0   -0.0   -0.1
    52.901  -171.853    0.0   -0.0   -0.1
    52.919  -171.853    0.0   -0.0   -0.1
    52.937  -171.853    0.0   -0.0   -0.1
    52.955  -171.853    0.0   -0.0   -0.1
    52.973  -171.853    0.0   -0.0   -0.1
    52.991  -171.853    0.0   -0.0   -0.1
    53.009  -171.853    0.0   -0.0   -0.1
    53.027  -171.853    0.0   -0.0   -0.1
    53.045  -171.853    0.0   -0.0   -0.1
    53.063  -171.853    0.0   -0.0   -0.0
    53.081  -171.853    0.0   -0.0   -0.0
    53.099  -171.853    0.0   -0.0   -0.0
    53.117  -171.853    0.0   -0.0   -0.0
    53.135  -171.853    0.0   -0.0   -0.0
    53.153  -171.853    0.0   -0.0   -0.0
    53.171  -171.853    0.0   -0.0   -0.0
    53.189  -171.853    0.0   -0.0   -0.0
    53.207  -171.853    0.0   -0.0   -0.0
    53.225  -171.853    0.0   -0.0   -0.0
    53.243  -171.853    0.0   -0.0   -0.0
    53.261  -171.853    0.0   -0.0    0.0
    53.279  -171.853    0.0   -0.0    0.0
    53.297  -171.853    0.0   -0.0    0.0
    53.315  -171.853    0.0    0.0    0.0
    53.333  -171.853    0.0    0.0    0.0
    53.351  -171.853    0.0    0.0    0.0
    53.369  -171.853    0.0    0.0    0.0
    53.387  -171.853    0.0    0.0    0.0
    53.405  -171.853    0.0    0.0    0.0
    53.423  -171.853    0.0    0.0    0.0
    53.441  -171.853    0.0    0.0    0.0
    53.459  -171.853    0.0    0.0    0.0
    53.477  -171.853    0.0    0.0    0.0
    53.495  -171.853    0.0    0.0    0.0
    53.513  -171.853    0.0    0.0    0.0
    53.531  -171.853    0.0    0.0    0.0
    53.549  -171.853    0.0    0.0    0.0
    53.567  -171.853    0.0    0.0    0.0
    53.585  -171.853    0.0    0.0    0.0
    53.603  -171.853    0.0    0.0    0.0
    53.621  -171.853    0.0    0.0    0.0
    53.639  -171.853    0.0    0.0    0.0
    53.657  -171.853    0.0    0.0    0.0
    53.675  -171.853    0.0    0.0    0.0
    53.694  -171.853    0.0    0.0    0.0
    53.712  -171.853    0.0    0.0    0.0
    53.730  -171.853    0.0    0.0    0.0
    53.748  -171.853    0.0    0.0    0.0
    53.766  -171.853    0.0    0.0    0.0
    53.784  -171.853    0.0    0.0    0.0
    53.802  -171.853    0.0    0.0    0.0
    53.820  -171.853    0.0    0.0    0.0
    53.838  -171.853    0.0    0.0    0.0
    53.856  -171.853    0.0    0.0    0.0
    53.874  -171.853    0.0    0.0    0.0
    53.892  -171.853    0.0    0.0    0.0
    53.910  -171.853    0.0    0.0    0.0
    52.108  -171.823    0.0    0.0   -0.0
    52.126  -171.823    0.0    0.0   -0.0
    52.144  -171.823    0.0    0.0   -0.0
    52.162  -171.823    0.0    0.0   -0.0
    52.180  -171.823    0.0    0.0   -0.0
    52.198  -171.823    0.0    0.0   -0.0
    52.216  -171.823    0.0    0.0   -0.0
    52.234  -171.823    0.0    0.0   -0.0
    52.252  -171.823    0.0    0.0   -0.0
    52.270  -171.823    0.0    0.0   -0.1
    52.288  -171.823    0.0    0.0   -0.1
    52.306  -171.823    0.0    0.0   -0.1
    52.324  -171.823    0.0    0.0   -0.1
    52.342  -171.823    0.0    0.0   -0.1
    52.360  -171.823    0.0    0.0   -0.1
    52.378  -171.823    0.0    0.0   -0.1
    52.396  -171.823    0.0    0.0   -0.1
    52.414  -171.823    0.0    0.0   -0.1
    52.432  -171.823    0.0    0.0   -0.1
    52.450  -171.823    0.0    0.0   -0.1
    52.468  -171.823    0.0    0.0   -0.1
    52.486  -171.823    0.0    0.0   -0.1
    52.504  -171.823    0.0    0.0   -0.1
    52.522  -171.823    0.0    0.0   -0.1
    52.540  -171.823    0.0    0.0   -0.1
    52.558  -171.823    0.0    0.0   -0.1
    52.576  -171.823    0.0    0.0   -0.1
    52.595  -171.823    0.0    0.0   -0.1
    52.613  -171.823    0.0    0.0   -0.1
    52.631  -171.823    0.0    0.0   -0.1
    52.649  -171.823    0.0    0.0   -0.1
    52.667  -171.823    0.0    0.0   -0.1
    52.685  -171.823    0.0    0.0   -0.1
    52.703  -171.823    0.0    0.0   -0.1
    52.721  -171.823    0.0    0.0   -0.1
    52.739  -171.823    0.0    0.0   -0.1
    52.757  -171.823    0.0    0.0   -0.1
    52.775  -171.823    0.0    0.0   -0.1
    52.793  -171.823    0.0    0.0   -0.1
    52.811  -171.823    0.0    0.0   -0.1
    52.829  -171.823    0.0    0.0   -0.1
    52.847  -171.823    0.0    0.0   -0.1
    52.865  -171.823    0.0    0.0   -0.1
    52.883  -171.823    0.0   -0.0   -0.1
    52.901  -171.823    0.0   -0.0   -0.1
    52.919  -171.823    0.0   -0.0   -0.1
    52.937  -171.823    0.0   -0.0   -0.1
    52.955  -171.823    0.0   -0.0   -0.1
    52.973  -171.823    0.0   -0.0   -0.1
    52.991  -171.823    0.0   -0.0   -0.1
    53.009  -171.823    0.0   -0.0   -0.1
    53.027  -171.823    0.0   -0.0   -0.1
    53.045  -171.823    0.0   -0.0   -0.1
    53.063  -171.823    0.0   -0.0   -0.1
    53.081  -171.823    0.0   -0.0   -0.0
    53.099  -171.823    0.0   -0.0   -0.0
    53.117  -171.823    0.0   -0.0   -0.0
    53.135  -171.823    0.0   -0.0   -0.0
    53.153  -171.823    0.0   -0.0   -0.0
    53.171  -171.823    0.0   -0.0   -0.0
    53.189  -171.823    0.0   -0.0   -0.0
    53.207  -171.823    0.0   -0.0   -0.0
    53.225  -171.823    0.0   -0.0   -0.0
    53.243  -171.823    0.0   -0.0   -0.0
    53.261  -171.823    0.0   -0.0    0.0
    53.279  -171.823    0.0   -0.0    0.0
    53.297  -171.823    0.0    0.0    0.0
    53.315  -171.823    0.0    0.0    0.0
    53.333  -171.823    0.0    0.0    0.0
    53.351  -171.823    0.0    0.0    0.0
    53.369  -171.823    0.0    0.0    0.0
    53.387  -171.823    0.0    0.0    0.0
    53.405  -171.823    0.0    0.0    0.0
    53.423  -171.823    0.0    0.0    0.0
    53.441  -171.823    0.0    0.0    0.0
    53.459  -171.823    0.0    0.0    0.0
    53.477  -171.823    0.0    0.0    0.0
    53.495  -171.823    0.0    0.0    0.0
    53.513  -171.823    0.0    0.0    0.0
    53.531  -171.823    0.0    0.0    0.0
    53.549  -171.823    0.0    0.0    0.0
    53.567  -171.823    0.0    0.0    0.0
    53.585  -171.823    0.0    0.0    0.0
    53.603  -171.823    0.0    0.0    0.0
    53.621  -171.823    0.0    0.0    0.0
    53.639  -171.823    0.0    0.0    0.0
    53.657  -171.823    0.0    0.0    0.0
    53.675  -171.823    0.0    0.0    0.0
    53.694  -171.823    0.0    0.0    0.0
    53.712  -171.823    0.0    0.0    0.0
    53.730  -171.823    0.0    0.0    0.0
    53.748  -171.823    0.0    0.0    0.0
    53.766  -171.823    0.0    0.0    0.0
    53.784  -171.823    0.0    0.0    0.0
    53.802  -171.823    0.0    0.0    0.0
    53.820  -171.823    0.0    0.0    0.0
    53.838  -171.823    0.0    0.0    0.0
    53.856  -171.823    0.0    0.0    0.0
    53.874  -171.823    0.0    0.0    0.0
    53.892  -171.823    0.0    0.0    0.0
    53.910  -171.823    0.0    0.0    0.0
    52.108  -171.794    0.0    0.0   -0.0
    52.126  -171.794    0.0    0.0   -0.0
    52.144  -171.794    0.0    0.0   -0.0
    52.162  -171.794    0.0    0.0   -0.0
    52.180  -171.794    0.0    0.0   -0.0
    52.198  -171.794    0.0    0.0   -0.0
    52.216  -171.794    0.0    0.0   -0.0
    52.234  -171.794    0.0    0.0   -0.1
    52.252  -171.794    0.0    0.0   -0.1
    52.270  -171.794    0.0    0.0   -0.1
    52.288  -171.794    0.0    0.0   -0.1
    52.306  -171.794    0.0    0.0   -0.1
    52.324  -171.794    0.0    0.0   -0.1
    52.342  -171.794    0.0    0.0   -0.1
    52.360  -171.794    0.0    0.0   -0.1
    52.378  -171.794    0.0    0.0   -0.1
    52.396  -171.794    0.0    0.0   -0.1
    52.414  -171.794    0.0    0.0   -0.1
    52.432  -171.794    0.0    0.0   -0.1
    52.450  -171.794    0.0    0.0   -0.1
    52.468  -171.794    0.0    0.0   -0.1
    52.486  -171.794    0.0    0.0   -0.1
    52.504  -171.794    0.0    0.0   -0.1
    52.522  -171.794    0.0    0.0   -0.1
    52.540  -171.794    0.0    0.0   -0.1
    52.558  -171.794    0.0    0.0   -0.1
    52.576  -171.794    0.0    0.0   -0.1
    52.595  -171.794    0.0    0.0   -0.1
    52.613  -171.794    0.0    0.0   -0.1
    52.631  -171.794    0.0    0.0   -0.1
    52.649  -171.794    0.0    0.0   -0.1
    52.667  -171.794    0.0    0.0   -0.1
    52.685  -171.794    0.0    0.0   -0.1
    52.703  -171.794    0.0    0.0   -0.1
    52.721  -171.794    0.0    0.0   -0.1
    52.739  -171.794    0.0    0.0   -0.1
    52.757  -171.794    0.0    0.0   -0.1
    52.775  -171.794    0.0    0.0   -0.1
    52.793  -171.794    0.0    0.0   -0.1
    52.811  -171.794    0.0    0.0   -0.1
    52.829  -171.794    0.0    0.0   -0.1
    52.847  -171.794    0.0    0.0   -0.1
    52.865  -171.794    0.0    0.0   -0.1
    52.883  -171.794    0.0    0.0   -0.1
    52.901  -171.794    0.0   -0.0   -0.1
    52.919  -171.794    0.0   -0.0   -0.1
    52.937  -171.794    0.0   -0.0   -0.1
    52.955  -171.794    0.0   -0.0   -0.1
    52.973  -171.794    0.0   -0.0   -0.1
    52.991  -171.794    0.0   -0.0   -0.1
    53.009  -171.794    0.0   -0.0   -0.1
    53.027  -171.794    0.0   -0.0   -0.1
    53.045  -171.794    0.0   -0.0   -0.1
    53.063  -171.794    0.0   -0.0   -0.1
    53.081  -171.794    0.0   -0.0   -0.1
    53.099  -171.794    0.0   -0.0   -0.0
    53.117  -171.794    0.0   -0.0   -0.0
    53.135  -171.794    0.0   -0.0   -0.0
    53.153  -171.794    0.0   -0.0   -0.0
    53.171  -171.794    0.0   -0.0   -0.0
    53.189  -171.794    0.0   -0.0   -0.0
    53.207  -171.794    0.0   -0.0   -0.0
    53.225  -171.794    0.0   -0.0   -0.0
    53.243  -171.794    0.0   -0.0   -0.0
    53.261  -171.794    0.0   -0.0    0.0
    53.279  -171.794    0.0    0.0    0.0
    53.297  -171.794    0.0    0.0    0.0
    53.315  -171.794    0.0    0.0    0.0
    53.333  -171.794    0.0    0.0    0.0
    53.351  -171.794    0.0    0.0    0.0
    53.369  -171.794    0.0    0.0    0.0
    53.387  -171.794    0.0    0.0    0.0
    53.405  -171.794    0.0    0.0    0.0
    53.423  -171.794    0.0    0.0    0.0
    53.441  -171.794    0.0    0.0    0.0
    53.459  -171.794    0.0    0.0    0.0
    53.477  -171.794    0.0    0.0    0.0
    53.495  -171.794    0.0    0.0    0.0
    53.513  -171.794    0.0    0.0    0.0
    53.531  -171.794    0.0    0.0    0.0
    53.549  -171.794    0.0    0.0    0.0
    53.567  -171.794    0.0    0.0    0.0
    53.585  -171.794    0.0    0.0    0.0
    53.603  -171.794    0.0    0.0    0.0
    53.621  -171.794    0.0    0.0    0.0
    53.639  -171.794    0.0    0.0    0.0
    53.657  -171.794    0.0    0.0    0.0
    53.675  -171.794    0.0    0.0    0.0
    53.694  -171.794    0.0    0.0    0.0
    53.712  -171.794    0.0    0.0    0.0
    53.730  -171.794    0.0    0.0    0.0
    53.748  -171.794    0.0    0.0    0.0
    53.766  -171.794    0.0    0.0    0.0
    53.784  -171.794    0.0    0.0    0.0
    53.802  -171.794    0.0    0.0    0.0
    53.820  -171.794    0.0    0.0    0.0
    53.838  -171.794    0.0    0.0    0.0
    53.856  -171.794    0.0    0.0    0.0
    53.874  -171.794    0.0    0.0    0.0
    53.892  -171.794    0.0    0.0    0.0
    53.910  -171.794    0.0    0.0    0.0
    52.108  -171.764    0.0    0.0   -0.0
    52.126  -171.764    0.0    0.0   -0.0
    52.144  -171.764    0.0    0.0   -0.0
    52.162  -171.764    0.0    0.0   -0.0
    52.180  -171.764    0.0    0.0   -0.1
    52.198  -171.764    0.0    0.0   -0.1
    52.216  -171.764    0.0    0.0   -0.1
    52.234  -171.764    0.0    0.0   -0.1
    52.252  -171.764    0.0    0.0   -0.1
    52.270  -171.764    0.0    0.0   -0.1
    52.288  -171.764    0.0    0.0   -0.1
    52.306  -171.764    0.0    0.0   -0.1
    52.324  -171.764    0.0    0.0   -0.1
    52.342  -171.764    0.0    0.0   -0.1
    52.360  -171.764    0.0    0.0   -0.1
    52.378  -171.764    0.0    0.0   -0.1
    52.396  -171.764    0.0    0.0   -0.1
    52.414  -171.764    0.0    0.0   -0.1
    52.432  -171.764    0.0    0.0   -0.1
    52.450  -171.764    0.0    0.0   -0.1
    52.468  -171.764    0.0    0.0   -0.1
    52.486  -171.764    0.0    0.0   -0.1
    52.504  -171.764    0.0    0.0   -0.1
    52.522  -171.764    0.0    0.0   -0.1
    52.540  -171.764    0.0    0.0   -0.1
    52.558  -171.764    0.0    0.0   -0.1
    52.576  -171.764    0.0    0.0   -0.1
    52.595  -171.764    0.0    0.0   -0.1
    52.613  -171.764    0.0    0.0   -0.1
    52.631  -171.764    0.0    0.0   -0.1
    52.649  -171.764    0.0    0.0   -0.1
    52.667  -171.764    0.0    0.0   -0.1
    52.685  -171.764    0.0    0.0   -0.1
    52.703  -171.764    0.0    0.0   -0.1
    52.721  -171.764    0.0    0.0   -0.1
    52.739  -171.764    0.0    0.0   -0.1
    52.757  -171.764    0.0    0.0   -0.1
    52.775  -171.764    0.0    0.0   -0.1
    52.793  -171.764    0.0    0.0   -0.1
    52.811  -171.764    0.0    0.0   -0.1
    52.829  -171.764    0.0    0.0   -0.1
    52.847  -171.764    0.0    0.0   -0.1
    52.865  -171.764    0.0    0.0   -0.1
    52.883  -171.764    0.0    0.0   -0.1
    52.901  -171.764    0.0   -0.0   -0.1
    52.919  -171.764    0.0   -0.0   -0.1
    52.937  -171.764    0.0   -0.0   -0.1
    52.955  -171.764    0.0   -0.0   -0.1
    52.973  -171.764    0.0   -0.0   -0.1
    52.991  -171.764    0.0   -0.0   -0.1
    53.009  -171.764    0.0   -0.0   -0.1
    53.027  -171.764    0.0   -0.0   -0.1
    53.045  -171.764    0.0   -0.0   -0.1
    53.063  -171.764    0.0   -0.0   -0.1
    53.081  -171.764    0.0   -0.0   -0.1
    53.099  -171.764    0.0   -0.0   -0.0
    53.117  -171.764    0.0   -0.0   -0.0
    53.135  -171.764    0.0   -0.0   -0.0
    53.153  -171.764    0.0   -0.0   -0.0
    53.171  -171.764    0.0   -0.0   -0.0
    53.189  -171.764    0.0   -0.0   -0.0
    53.207  -171.764    0.0   -0.0   -0.0
    53.225  -171.764    0.0   -0.0   -0.0
    53.243  -171.764    0.0   -0.0   -0.0
    53.261  -171.764    0.0    0.0    0.0
    53.279  -171.764    0.0    0.0    0.0
    53.297  -171.764    0.0    0.0    0.0
    53.315  -171.764    0.0    0.0    0.0
    53.333  -171.764    0.0    0.0    0.0
    53.351  -171.764    0.0    0.0    0.0
    53.369  -171.764    0.0    0.0    0.0
    53.387  -171.764    0.0    0.0    0.0
    53.405  -171.764    0.0    0.0    0.0
    53.423  -171.764    0.0    0.0    0.0
    53.441  -171.764    0.0    0.0    0.0
    53.459  -171.764    0.0    0.0    0.0
    53.477  -171.764    0.0    0.0    0.0
    53.495  -171.764    0.0    0.0    0.0
    53.513  -171.764    0.0    0.0    0.0
    53.531  -171.764    0.0    0.0    0.0
    53.549  -171.764    0.0    0.0    0.0
    53.567  -171.764    0.0    0.0    0.0
    53.585  -171.764    0.0    0.0    0.0
    53.603  -171.764    0.0    0.0    0.0
    53.621  -171.764    0.0    0.0    0.0
    53.639  -171.764    0.0    0.0    0.0
    53.657  -171.764    0.0    0.0    0.0
    53.675  -171.764    0.0    0.0    0.0
    53.694  -171.764    0.0    0.0    0.0
    53.712  -171.764    0.0    0.0    0.0
    53.730  -171.764    0.0    0.0    0.0
    53.748  -171.764    0.0    0.0    0.0
    53.766  -171.764    0.0    0.0    0.0
    53.784  -171.764    0.0    0.0    0.0
    53.802  -171.764    0.0    0.0    0.0
    53.820  -171.764    0.0    0.0    0.0
    53.838  -171.764    0.0    0.0    0.0
    53.856  -171.764    0.0    0.0    0.0
    53.874  -171.764    0.0    0.0    0.0
    53.892  -171.764    0.0    0.0    0.0
    53.910  -171.764    0.0    0.0    0.0
    52.108  -171.734    0.0    0.0   -0.0
    52.126  -171.734    0.0    0.0   -0.1
    52.144  -171.734    0.0    0.0   -0.1
    52.162  -171.734    0.0    0.0   -0.1
    52.180  -171.734    0.0    0.0   -0.1
    52.198  -171.734    0.0    0.0   -0.1
    52.216  -171.734    0.0    0.0   -0.1
    52.234  -171.734    0.0    0.0   -0.1
    52.252  -171.734    0.0    0.0   -0.1
    52.270  -171.734    0.0    0.0   -0.1
    52.288  -171.734    0.0    0.0   -0.1
    52.306  -171.734    0.0    0.0   -0.1
    52.324  -171.734    0.0    0.0   -0.1
    52.342  -171.734    0.0    0.0   -0.1
    52.360  -171.734    0.0    0.0   -0.1
    52.378  -171.734    0.0    0.0   -0.1
    52.396  -171.734    0.0    0.0   -0.1
    52.414  -171.734    0.0    0.0   -0.1
    52.432  -171.734    0.0    0.0   -0.1
    52.450  -171.734    0.0    0.0   -0.1
    52.468  -171.734    0.0    0.0   -0.1
    52.486  -171.734    0.0    0.0   -0.1
    52.504  -171.734    0.0    0.0   -0.1
    52.522  -171.734    0.0    0.0   -0.1
    52.540  -171.734    0.0    0.0   -0.1
    52.558  -171.734    0.0    0.0   -0.1
    52.576  -171.734    0.0    0.0   -0.1
    52.595  -171.734    0.0    0.0   -0.1
    52.613  -171.734    0.0    0.0   -0.1
    52.631  -171.734    0.0    0.0   -0.1
    52.649  -171.734    0.0    0.0   -0.2
    52.667  -171.734    0.0    0.0   -0.2
    52.685  -171.734    0.0    0.0   -0.2
    52.703  -171.734    0.0    0.0   -0.2
    52.721  -171.734    0.0    0.0   -0.2
    52.739  -171.734    0.0    0.0   -0.2
    52.757  -171.734    0.0    0.0   -0.1
    52.775  -171.734    0.0    0.0   -0.1
    52.793  -171.734    0.0    0.0   -0.1
    52.811  -171.734    0.0    0.0   -0.1
    52.829  -171.734    0.0    0.0   -0.1
    52.847  -171.734    0.0    0.0   -0.1
    52.865  -171.734    0.0    0.0   -0.1
    52.883  -171.734    0.0    0.0   -0.1
    52.901  -171.734    0.0    0.0   -0.1
    52.919  -171.734    0.0   -0.0   -0.1
    52.937  -171.734    0.0   -0.0   -0.1
    52.955  -171.734    0.0   -0.0   -0.1
    52.973  -171.734    0.0   -0.0   -0.1
    52.991  -171.734    0.0   -0.0   -0.1
    53.009  -171.734    0.0   -0.0   -0.1
    53.027  -171.734    0.0   -0.0   -0.1
    53.045  -171.734    0.0   -0.0   -0.1
    53.063  -171.734    0.0   -0.0   -0.1
    53.081  -171.734    0.0   -0.0   -0.1
    53.099  -171.734    0.0   -0.0   -0.1
    53.117  -171.734    0.0   -0.0   -0.0
    53.135  -171.734    0.0   -0.0   -0.0
    53.153  -171.734    0.0   -0.0   -0.0
    53.171  -171.734    0.0   -0.0   -0.0
    53.189  -171.734    0.0   -0.0   -0.0
    53.207  -171.734    0.0   -0.0   -0.0
    53.225  -171.734    0.0   -0.0   -0.0
    53.243  -171.734    0.0   -0.0   -0.0
    53.261  -171.734    0.0    0.0    0.0
    53.279  -171.734    0.0    0.0    0.0
    53.297  -171.734    0.0    0.0    0.0
    53.315  -171.734    0.0    0.0    0.0
    53.333  -171.734    0.0    0.0    0.0
    53.351  -171.734    0.0    0.0    0.0
    53.369  -171.734    0.0    0.0    0.0
    53.387  -171.734    0.0    0.0    0.0
    53.405  -171.734    0.0    0.0    0.0
    53.423  -171.734    0.0    0.0    0.0
    53.441  -171.734    0.0    0.0    0.0
    53.459  -171.734    0.0    0.0    0.0
    53.477  -171.734    0.0    0.0    0.0
    53.495  -171.734    0.0    0.0    0.0
    53.513  -171.734    0.0    0.0    0.0
    53.531  -171.734    0.0    0.0    0.0
    53.549  -171.734    0.0    0.0    0.0
    53.567  -171.734    0.0    0.0    0.0
    53.585  -171.734    0.0    0.0    0.0
    53.603  -171.734    0.0    0.0    0.0
    53.621  -171.734    0.0    0.0    0.0
    53.639  -171.734    0.0    0.0    0.0
    53.657  -171.734    0.0    0.0    0.0
    53.675  -171.734    0.0    0.0    0.0
    53.694  -171.734    0.0    0.0    0.0
    53.712  -171.734    0.0    0.0    0.0
    53.730  -171.734    0.0    0.0    0.0
    53.748  -171.734    0.0    0.0    0.0
    53.766  -171.734    0.0    0.0    0.0
    53.784  -171.734    0.0    0.0    0.0
    53.802  -171.734    0.0    0.0    0.0
    53.820  -171.734    0.0    0.0    0.0
    53.838  -171.734    0.0    0.0    0.0
    53.856  -171.734    0.0    0.0    0.0
    53.874  -171.734    0.0    0.0    0.0
    53.892  -171.734    0.0    0.0    0.0
    53.910  -171.734    0.0    0.0    0.0
    52.108  -171.704    0.0    0.0   -0.1
    52.126  -171.704    0.0    0.0   -0.1
    52.144  -171.704    0.0    0.0   -0.1
    52.162  -171.704    0.0    0.0   -0.1
    52.180  -171.704    0.0    0.0   -0.1
    52.198  -171.704    0.0    0.0   -0.1
    52.216  -171.704    0.0    0.0   -0.1
    52.234  -171.704    0.0    0.0   -0.1
    52.252  -171.704    0.0    0.0   -0.1
    52.270  -171.704    0.0    0.0   -0.1
    52.288  -171.704    0.0    0.0   -0.1
    52.306  -171.704    0.0    0.0   -0.1
    52.324  -171.704    0.0    0.0   -0.1
    52.342  -171.704    0.0    0.1   -0.1
    52.360  -171.704    0.0    0.1   -0.1
    52.378  -171.704    0.0    0.1   -0.1
    52.396  -171.704    0.0    0.1   -0.1
    52.414  -171.704    0.0    0.1   -0.1
    52.432  -171.704    0.0    0.1   -0.1
    52.450  -171.704    0.0    0.1   -0.1
    52.468  -171.704    0.0    0.1   -0.1
    52.486  -171.704    0.0    0.1   -0.1
    52.504  -171.704    0.0    0.0   -0.1
    52.522  -171.704    0.0    0.0   -0.1
    52.540  -171.704    0.0    0.0   -0.2
    52.558  -171.704    0.0    0.0   -0.2
    52.576  -171.704    0.0    0.0   -0.2
    52.595  -171.704    0.0    0.0   -0.2
    52.613  -171.704    0.0    0.0   -0.2
    52.631  -171.704    0.0    0.0   -0.2
    52.649  -171.704    0.0    0.0   -0.2
    52.667  -171.704    0.0    0.0   -0.2
    52.685  -171.704    0.0    0.0   -0.2
    52.703  -171.704    0.0    0.0   -0.2
    52.721  -171.704    0.0    0.0   -0.2
    52.739  -171.704    0.0    0.0   -0.2
    52.757  -171.704    0.0    0.0   -0.2
    52.775  -171.704    0.0    0.0   -0.2
    52.793  -171.704    0.0    0.0   -0.2
    52.811  -171.704    0.0    0.0   -0.2
    52.829  -171.704    0.0    0.0   -0.2
    52.847  -171.704    0.0    0.0   -0.2
    52.865  -171.704    0.0    0.0   -0.1
    52.883  -171.704    0.0    0.0   -0.1
    52.901  -171.704    0.0    0.0   -0.1
    52.919  -171.704    0.0   -0.0   -0.1
    52.937  -171.704    0.0   -0.0   -0.1
    52.955  -171.704    0.0   -0.0   -0.1
    52.973  -171.704    0.0   -0.0   -0.1
    52.991  -171.704    0.0   -0.0   -0.1
    53.009  -171.704    0.0   -0.0   -0.1
    53.027  -171.704    0.0   -0.0   -0.1
    53.045  -171.704    0.0   -0.0   -0.1
    53.063  -171.704    0.0   -0.0   -0.1
    53.081  -171.704    0.0   -0.0   -0.1
    53.099  -171.704    0.0   -0.0   -0.1
    53.117  -171.704    0.0   -0.0   -0.0
    53.135  -171.704    0.0   -0.0   -0.0
    53.153  -171.704    0.0   -0.0   -0.0
    53.171  -171.704    0.0   -0.0   -0.0
    53.189  -171.704    0.0   -0.0   -0.0
    53.207  -171.704    0.0   -0.0   -0.0
    53.225  -171.704    0.0   -0.0   -0.0
    53.243  -171.704    0.0    0.0   -0.0
    53.261  -171.704    0.0    0.0    0.0
    53.279  -171.704    0.0    0.0    0.0
    53.297  -171.704    0.0    0.0    0.0
    53.315  -171.704    0.0    0.0    0.0
    53.333  -171.704    0.0    0.0    0.0
    53.351  -171.704    0.0    0.0    0.0
    53.369  -171.704    0.0    0.0    0.0
    53.387  -171.704    0.0    0.0    0.0
    53.405  -171.704    0.0    0.0    0.0
    53.423  -171.704    0.0    0.0    0.0
    53.441  -171.704    0.0    0.0    0.0
    53.459  -171.704    0.0    0.0    0.0
    53.477  -171.704    0.0    0.0    0.0
    53.495  -171.704    0.0    0.0    0.0
    53.513  -171.704    0.0    0.0    0.0
    53.531  -171.704    0.0    0.0    0.0
    53.549  -171.704    0.0    0.0    0.0
    53.567  -171.704    0.0    0.0    0.0
    53.585  -171.704    0.0    0.0    0.0
    53.603  -171.704    0.0    0.0    0.0
    53.621  -171.704    0.0    0.0    0.0
    53.639  -171.704    0.0    0.0    0.0
    53.657  -171.704    0.0    0.0    0.0
    53.675  -171.704    0.0    0.0    0.0
    53.694  -171.704    0.0    0.0    0.0
    53.712  -171.704    0.0    0.0    0.0
    53.730  -171.704    0.0    0.0    0.0
    53.748  -171.704    0.0    0.0    0.0
    53.766  -171.704    0.0    0.0    0.0
    53.784  -171.704    0.0    0.0    0.0
    53.802  -171.704    0.0    0.0    0.0
    53.820  -171.704    0.0    0.0    0.0
    53.838  -171.704    0.0    0.0    0.0
    53.856  -171.704    0.0    0.0    0.0
    53.874  -171.704    0.0    0.0    0.0
    53.892  -171.704    0.0    0.0    0.0
    53.910  -171.704    0.0    0.0    0.0
    52.108  -171.674    0.0    0.0   -0.1
    52.126  -171.674    0.0    0.0   -0.1
    52.144  -171.674    0.0    0.0   -0.1
    52.162  -171.674    0.0    0.0   -0.1
    52.180  -171.674    0.0    0.0   -0.1
    52.198  -171.674    0.0    0.0   -0.1
    52.216  -171.674    0.0    0.1   -0.1
    52.234  -171.674    0.0    0.1   -0.1
    52.252  -171.674    0.0    0.1   -0.1
    52.270  -171.674    0.0    0.1   -0.1
    52.288  -171.674    0.0    0.1   -0.1
    52.306  -171.674    0.0    0.1   -0.1
    52.324  -171.674    0.0    0.1   -0.1
    52.342  -171.674    0.0    0.1   -0.1
    52.360  -171.674    0.0    0.1   -0.1
    52.378  -171.674    0.0    0.1   -0.1
    52.396  -171.674    0.0    0.1   -0.1
    52.414  -171.674    0.0    0.1   -0.1
    52.432  -171.674    0.0    0.1   -0.1
    52.450  -171.674    0.0    0.1   -0.1
    52.468  -171.674    0.0    0.1   -0.1
    52.486  -171.674    0.0    0.1   -0.2
    52.504  -171.674    0.0    0.1   -0.2
    52.522  -171.674    0.0    0.1   -0.2
    52.540  -171.674    0.0    0.1   -0.2
    52.558  -171.674    0.0    0.1   -0.2
    52.576  -171.674    0.0    0.0   -0.2
    52.595  -171.674    0.0    0.0   -0.2
    52.613  -171.674    0.0    0.0   -0.2
    52.631  -171.674    0.0    0.0   -0.2
    52.649  -171.674    0.0    0.0   -0.2
    52.667  -171.674    0.0    0.0   -0.2
    52.685  -171.674    0.0    0.0   -0.2
    52.703  -171.674    0.0    0.0   -0.2
    52.721  -171.674    0.0    0.0   -0.2
    52.739  -171.674    0.0    0.0   -0.2
    52.757  -171.674    0.0    0.0   -0.2
    52.775  -171.674    0.0    0.0   -0.2
    52.793  -171.674    0.0    0.0   -0.2
    52.811  -171.674    0.0    0.0   -0.2
    52.829  -171.674    0.0    0.0   -0.2
    52.847  -171.674    0.0    0.0   -0.2
    52.865  -171.674    0.0    0.0   -0.2
    52.883  -171.674    0.0    0.0   -0.2
    52.901  -171.674    0.0    0.0   -0.1
    52.919  -171.674    0.0   -0.0   -0.1
    52.937  -171.674    0.0   -0.0   -0.1
    52.955  -171.674    0.0   -0.0   -0.1
    52.973  -171.674    0.0   -0.0   -0.1
    52.991  -171.674    0.0   -0.0   -0.1
    53.009  -171.674    0.0   -0.0   -0.1
    53.027  -171.674    0.0   -0.0   -0.1
    53.045  -171.674    0.0   -0.0   -0.1
    53.063  -171.674    0.0   -0.0   -0.1
    53.081  -171.674    0.0   -0.0   -0.1
    53.099  -171.674    0.0   -0.0   -0.1
    53.117  -171.674    0.0   -0.0   -0.0
    53.135  -171.674    0.0   -0.0   -0.0
    53.153  -171.674    0.0   -0.0   -0.0
    53.171  -171.674    0.0   -0.0   -0.0
    53.189  -171.674    0.0   -0.0   -0.0
    53.207  -171.674    0.0   -0.0   -0.0
    53.225  -171.674    0.0   -0.0   -0.0
    53.243  -171.674    0.0    0.0   -0.0
    53.261  -171.674    0.0    0.0    0.0
    53.279  -171.674    0.0    0.0    0.0
    53.297  -171.674    0.0    0.0    0.0
    53.315  -171.674    0.0    0.0    0.0
    53.333  -171.674    0.0    0.0    0.0
    53.351  -171.674    0.0    0.0    0.0
    53.369  -171.674    0.0    0.0    0.0
    53.387  -171.674    0.0    0.0    0.0
    53.405  -171.674    0.0    0.0    0.0
    53.423  -171.674    0.0    0.0    0.0
    53.441  -171.674    0.0    0.0    0.0
    53.459  -171.674    0.0    0.0    0.0
    53.477  -171.674    0.0    0.0    0.0
    53.495  -171.674    0.0    0.0    0.0
    53.513  -171.674    0.0    0.0    0.0
    53.531  -171.674    0.0    0.0    0.0
    53.549  -171.674    0.0    0.0    0.0
    53.567  -171.674    0.0    0.0    0.0
    53.585  -171.674    0.0    0.0    0.0
    53.603  -171.674    0.0    0.0    0.0
    53.621  -171.674    0.0    0.0    0.0
    53.639  -171.674    0.0    0.0    0.0
    53.657  -171.674    0.0    0.0    0.0
    53.675  -171.674    0.0    0.0    0.0
    53.694  -171.674    0.0    0.0    0.0
    53.712  -171.674    0.0    0.0    0.0
    53.730  -171.674    0.0    0.0    0.0
    53.748  -171.674    0.0    0.0    0.0
    53.766  -171.674    0.0    0.0    0.0
    53.784  -171.674    0.0    0.0    0.0
    53.802  -171.674    0.0    0.0    0.0
    53.820  -171.674    0.0    0.0    0.0
    53.838  -171.674    0.0    0.0    0.0
    53.856  -171.674    0.0    0.0    0.0
    53.874  -171.674    0.0    0.0    0.0
    53.892  -171.674    0.0    0.0    0.0
    53.910  -171.674    0.0    0.0    0.0
    52.108  -171.645    0.0    0.0   -0.1
    52.126  -171.645    0.0    0.0   -0.1
    52.144  -171.645    0.0    0.1   -0.1
    52.162  -171.645    0.0    0.1   -0.1
    52.180  -171.645    0.0    0.1   -0.1
    52.198  -171.645    0.0    0.1   -0.1
    52.216  -171.645    0.0    0.1   -0.1
    52.234  -171.645    0.0    0.1   -0.1
    52.252  -171.645    0.0    0.1   -0.1
    52.270  -171.645    0.0    0.1   -0.1
    52.288  -171.645    0.0    0.1   -0.1
    52.306  -171.645    0.0    0.1   -0.1
    52.324  -171.645    0.0    0.1   -0.1
    52.342  -171.645    0.0    0.1   -0.1
    52.360  -171.645    0.0    0.1   -0.1
    52.378  -171.645    0.0    0.1   -0.1
    52.396  -171.645    0.0    0.1   -0.1
    52.414  -171.645    0.0    0.1   -0.1
    52.432  -171.645    0.0    0.1   -0.2
    52.450  -171.645    0.0    0.1   -0.2
    52.468  -171.645    0.0    0.1   -0.2
    52.486  -171.645    0.0    0.1   -0.2
    52.504  -171.645    0.0    0.1   -0.2
    52.522  -171.645    0.0    0.1   -0.2
    52.540  -171.645    0.0    0.1   -0.2
    52.558  -171.645    0.0    0.1   -0.2
    52.576  -171.645    0.0    0.1   -0.2
    52.595  -171.645    0.0    0.1   -0.2
    52.613  -171.645    0.0    0.0   -0.2
    52.631  -171.645    0.0    0.0   -0.2
    52.649  -171.645    0.0    0.0   -0.2
    52.667  -171.645    0.0    0.0   -0.2
    52.685  -171.645    0.0    0.0   -0.2
    52.703  -171.645    0.0    0.0   -0.2
    52.721  -171.645    0.0    0.0   -0.2
    52.739  -171.645    0.0    0.0   -0.2
    52.757  -171.645    0.0    0.0   -0.2
    52.775  -171.645    0.0    0.0   -0.2
    52.793  -171.645    0.0    0.0   -0.2
    52.811  -171.645    0.0    0.0   -0.2
    52.829  -171.645    0.0    0.0   -0.2
    52.847  -171.645    0.0    0.0   -0.2
    52.865  -171.645    0.0    0.0   -0.2
    52.883  -171.645    0.0    0.0   -0.2
    52.901  -171.645    0.0    0.0   -0.2
    52.919  -171.645    0.0   -0.0   -0.1
    52.937  -171.645    0.0   -0.0   -0.1
    52.955  -171.645    0.0   -0.0   -0.1
    52.973  -171.645    0.0   -0.0   -0.1
    52.991  -171.645    0.0   -0.0   -0.1
    53.009  -171.645    0.0   -0.0   -0.1
    53.027  -171.645    0.0   -0.0   -0.1
    53.045  -171.645    0.0   -0.0   -0.1
    53.063  -171.645    0.0   -0.0   -0.1
    53.081  -171.645    0.0   -0.0   -0.1
    53.099  -171.645    0.0   -0.0   -0.1
    53.117  -171.645    0.0   -0.0   -0.1
    53.135  -171.645    0.0   -0.0   -0.0
    53.153  -171.645    0.0   -0.0   -0.0
    53.171  -171.645    0.0   -0.0   -0.0
    53.189  -171.645    0.0   -0.0   -0.0
    53.207  -171.645    0.0   -0.0   -0.0
    53.225  -171.645    0.0    0.0   -0.0
    53.243  -171.645    0.0    0.0   -0.0
    53.261  -171.645    0.0    0.0    0.0
    53.279  -171.645    0.0    0.0    0.0
    53.297  -171.645    0.0    0.0    0.0
    53.315  -171.645    0.0    0.0    0.0
    53.333  -171.645    0.0    0.0    0.0
    53.351  -171.645    0.0    0.0    0.0
    53.369  -171.645    0.0    0.0    0.0
    53.387  -171.645    0.0    0.0    0.0
    53.405  -171.645    0.0    0.0    0.0
    53.423  -171.645    0.0    0.0    0.0
    53.441  -171.645    0.0    0.0    0.0
    53.459  -171.645    0.0    0.0    0.0
    53.477  -171.645    0.0    0.0    0.0
    53.495  -171.645    0.0    0.0    0.0
    53.513  -171.645    0.0    0.0    0.0
    53.531  -171.645    0.0    0.0    0.0
    53.549  -171.645    0.0    0.0    0.0
    53.567  -171.645    0.0    0.0    0.0
    53.585  -171.645    0.0    0.0    0.0
    53.603  -171.645    0.0    0.0    0.0
    53.621  -171.645    0.0    0.0    0.0
    53.639  -171.645    0.0    0.0    0.0
    53.657  -171.645    0.0    0.0    0.0
    53.675  -171.645    0.0    0.0    0.0
    53.694  -171.645    0.0    0.0    0.0
    53.712  -171.645    0.0    0.0    0.0
    53.730  -171.645    0.0    0.0    0.0
    53.748  -171.645    0.0    0.0    0.0
    53.766  -171.645    0.0    0.0    0.0
    53.784  -171.645    0.0    0.0    0.0
    53.802  -171.645    0.0    0.0    0.0
    53.820  -171.645    0.0    0.0    0.0
    53.838  -171.645    0.0    0.0    0.0
    53.856  -171.645    0.0    0.0    0.0
    53.874  -171.645    0.0    0.0    0.0
    53.892  -171.645    0.0    0.0    0.0
    53.910  -171.645    0.0    0.0    0.0
    52.108  -171.615    0.0    0.1   -0.1
    52.126  -171.615    0.0    0.1   -0.1
    52.144  -171.615    0.0    0.1   -0.1
    52.162  -171.615    0.0    0.1   -0.1
    52.180  -171.615    0.0    0.1   -0.1
    52.198  -171.615    0.0    0.1   -0.1
    52.216  -171.615    0.0    0.1   -0.1
    52.234  -171.615    0.0    0.1   -0.1
    52.252  -171.615    0.0    0.1   -0.1
    52.270  -171.615    0.0    0.1   -0.1
    52.288  -171.615    0.0    0.1   -0.1
    52.306  -171.615    0.0    0.1   -0.1
    52.324  -171.615    0.0    0.1   -0.1
    52.342  -171.615    0.0    0.1   -0.1
    52.360  -171.615    0.0    0.1   -0.1
    52.378  -171.615    0.0    0.1   -0.1
    52.396  -171.615    0.0    0.1   -0.2
    52.414  -171.615    0.0    0.1   -0.2
    52.432  -171.615    0.0    0.1   -0.2
    52.450  -171.615    0.0    0.1   -0.2
    52.468  -171.615    0.0    0.1   -0.2
    52.486  -171.615    0.0    0.1   -0.2
    52.504  -171.615    0.0    0.1   -0.2
    52.522  -171.615    0.0    0.1   -0.2
    52.540  -171.615    0.0    0.1   -0.2
    52.558  -171.615    0.0    0.1   -0.2
    52.576  -171.615    0.0    0.1   -0.2
    52.595  -171.615    0.0    0.1   -0.2
    52.613  -171.615    0.0    0.1   -0.2
    52.631  -171.615    0.0    0.0   -0.2
    52.649  -171.615    0.0    0.0   -0.2
    52.667  -171.615    0.0    0.0   -0.2
    52.685  -171.615    0.0    0.0   -0.2
    52.703  -171.615    0.0    0.0   -0.2
    52.721  -171.615    0.0    0.0   -0.2
    52.739  -171.615    0.0    0.0   -0.2
    52.757  -171.615    0.0    0.0   -0.2
    52.775  -171.615    0.0    0.0   -0.2
    52.793  -171.615    0.0    0.0   -0.2
    52.811  -171.615    0.0    0.0   -0.2
    52.829  -171.615    0.0    0.0   -0.2
    52.847  -171.615    0.0    0.0   -0.2
    52.865  -171.615    0.0    0.0   -0.2
    52.883  -171.615    0.0    0.0   -0.2
    52.901  -171.615    0.0    0.0   -0.2
    52.919  -171.615    0.0    0.0   -0.2
    52.937  -171.615    0.0   -0.0   -0.1
    52.955  -171.615    0.0   -0.0   -0.1
    52.973  -171.615    0.0   -0.0   -0.1
    52.991  -171.615    0.0   -0.0   -0.1
    53.009  -171.615    0.0   -0.0   -0.1
    53.027  -171.615    0.0   -0.0   -0.1
    53.045  -171.615    0.0   -0.0   -0.1
    53.063  -171.615    0.0   -0.0   -0.1
    53.081  -171.615    0.0   -0.0   -0.1
    53.099  -171.615    0.0   -0.0   -0.1
    53.117  -171.615    0.0   -0.0   -0.1
    53.135  -171.615    0.0   -0.0   -0.0
    53.153  -171.615    0.0   -0.0   -0.0
    53.171  -171.615    0.0   -0.0   -0.0
    53.189  -171.615    0.0   -0.0   -0.0
    53.207  -171.615    0.0   -0.0   -0.0
    53.225  -171.615    0.0    0.0   -0.0
    53.243  -171.615    0.0    0.0   -0.0
    53.261  -171.615    0.0    0.0    0.0
    53.279  -171.615    0.0    0.0    0.0
    53.297  -171.615    0.0    0.0    0.0
    53.315  -171.615    0.0    0.0    0.0
    53.333  -171.615    0.0    0.0    0.0
    53.351  -171.615    0.0    0.0    0.0
    53.369  -171.615    0.0    0.0    0.0
    53.387  -171.615    0.0    0.0    0.0
    53.405  -171.615    0.0    0.0    0.0
    53.423  -171.615    0.0    0.0    0.0
    53.441  -171.615    0.0    0.0    0.0
    53.459  -171.615    0.0    0.0    0.0
    53.477  -171.615    0.0    0.0    0.0
    53.495  -171.615    0.0    0.0    0.0
    53.513  -171.615    0.0    0.0    0.0
    53.531  -171.615    0.0    0.0    0.0
    53.549  -171.615    0.0    0.0    0.0
    53.567  -171.615    0.0    0.0    0.0
    53.585  -171.615    0.0    0.0    0.0
    53.603  -171.615    0.0    0.0    0.0
    53.621  -171.615    0.0    0.0    0.0
    53.639  -171.615    0.0    0.0    0.0
    53.657  -171.615    0.0    0.0    0.0
    53.675  -171.615    0.0    0.0    0.0
    53.694  -171.615    0.0    0.0    0.0
    53.712  -171.615    0.0    0.0    0.0
    53.730  -171.615    0.0    0.0    0.0
    53.748  -171.615    0.0    0.0    0.0
    53.766  -171.615    0.0    0.0    0.0
    53.784  -171.615    0.0    0.0    0.0
    53.802  -171.615    0.0    0.0    0.0
    53.820  -171.615    0.0    0.0    0.0
    53.838  -171.615    0.0    0.0    0.0
    53.856  -171.615    0.0    0.0    0.0
    53.874  -171.615    0.0    0.0    0.0
    53.892  -171.615    0.0    0.0    0.0
    53.910  -171.615    0.0    0.0    0.0
    52.108  -171.585    0.0    0.1   -0.1
    52.126  -171.585    0.0    0.1   -0.1
    52.144  -171.585    0.0    0.1   -0.1
    52.162  -171.585    0.0    0.1   -0.1
    52.180  -171.585    0.0    0.1   -0.1
    52.198  -171.585    0.0    0.1   -0.1
    52.216  -171.585    0.0    0.1   -0.1
    52.234  -171.585    0.0    0.1   -0.1
    52.252  -171.585    0.0    0.1   -0.1
    52.270  -171.585    0.0    0.1   -0.1
    52.288  -171.585    0.0    0.1   -0.1
    52.306  -171.585    0.0    0.1   -0.1
    52.324  -171.585    0.0    0.1   -0.1
    52.342  -171.585    0.0    0.1   -0.1
    52.360  -171.585    0.0    0.1   -0.2
    52.378  -171.585    0.0    0.1   -0.2
    52.396  -171.585    0.0    0.1   -0.2
    52.414  -171.585    0.0    0.1   -0.2
    52.432  -171.585    0.0    0.1   -0.2
    52.450  -171.585    0.0    0.1   -0.2
    52.468  -171.585    0.0    0.1   -0.2
    52.486  -171.585    0.0    0.1   -0.2
    52.504  -171.585    0.0    0.1   -0.2
    52.522  -171.585    0.0    0.1   -0.2
    52.540  -171.585    0.0    0.1   -0.2
    52.558  -171.585    0.0    0.1   -0.2
    52.576  -171.585    0.0    0.1   -0.2
    52.595  -171.585    0.0    0.1   -0.2
    52.613  -171.585    0.0    0.1   -0.2
    52.631  -171.585    0.0    0.1   -0.2
    52.649  -171.585    0.0    0.0   -0.2
    52.667  -171.585    0.0    0.0   -0.2
    52.685  -171.585    0.0    0.0   -0.2
    52.703  -171.585    0.0    0.0   -0.2
    52.721  -171.585    0.0    0.0   -0.2
    52.739  -171.585    0.0    0.0   -0.2
    52.757  -171.585    0.0    0.0   -0.2
    52.775  -171.585    0.0    0.0   -0.2
    52.793  -171.585    0.0    0.0   -0.2
    52.811  -171.585    0.0    0.0   -0.2
    52.829  -171.585    0.0    0.0   -0.2
    52.847  -171.585    0.0    0.0   -0.2
    52.865  -171.585    0.0    0.0   -0.2
    52.883  -171.585    0.0    0.0   -0.2
    52.901  -171.585    0.0    0.0   -0.2
    52.919  -171.585    0.0    0.0   -0.2
    52.937  -171.585    0.0   -0.0   -0.2
    52.955  -171.585    0.0   -0.0   -0.1
    52.973  -171.585    0.0   -0.0   -0.1
    52.991  -171.585    0.0   -0.0   -0.1
    53.009  -171.585    0.0   -0.0   -0.1
    53.027  -171.585    0.0   -0.0   -0.1
    53.045  -171.585    0.0   -0.0   -0.1
    53.063  -171.585    0.0   -0.0   -0.1
    53.081  -171.585    0.0   -0.0   -0.1
    53.099  -171.585    0.0   -0.0   -0.1
    53.117  -171.585    0.0   -0.0   -0.1
    53.135  -171.585    0.0   -0.0   -0.0
    53.153  -171.585    0.0   -0.0   -0.0
    53.171  -171.585    0.0   -0.0   -0.0
    53.189  -171.585    0.0   -0.0   -0.0
    53.207  -171.585    0.0    0.0   -0.0
    53.225  -171.585    0.0    0.0   -0.0
    53.243  -171.585    0.0    0.0   -0.0
    53.261  -171.585    0.0    0.0    0.0
    53.279  -171.585    0.0    0.0    0.0
    53.297  -171.585    0.0    0.0    0.0
    53.315  -171.585    0.0    0.0    0.0
    53.333  -171.585    0.0    0.0    0.0
    53.351  -171.585    0.0    0.0    0.0
    53.369  -171.585    0.0    0.0    0.0
    53.387  -171.585    0.0    0.0    0.0
    53.405  -171.585    0.0    0.0    0.0
    53.423  -171.585    0.0    0.0    0.0
    53.441  -171.585    0.0    0.0    0.0
    53.459  -171.585    0.0    0.0    0.0
    53.477  -171.585    0.0    0.0    0.0
    53.495  -171.585    0.0    0.0    0.0
    53.513  -171.585    0.0    0.0    0.0
    53.531  -171.585    0.0    0.0    0.0
    53.549  -171.585    0.0    0.0    0.0
    53.567  -171.585    0.0    0.0    0.0
    53.585  -171.585    0.0    0.0    0.0
    53.603  -171.585    0.0    0.0    0.0
    53.621  -171.585    0.0    0.0    0.0
    53.639  -171.585    0.0    0.0    0.0
    53.657  -171.585    0.0    0.0    0.0
    53.675  -171.585    0.0    0.0    0.0
    53.694  -171.585    0.0    0.0    0.0
    53.712  -171.585    0.0    0.0    0.0
    53.730  -171.585    0.0    0.0    0.0
    53.748  -171.585    0.0    0.0    0.0
    53.766  -171.585    0.0    0.0    0.0
    53.784  -171.585    0.0    0.0    0.0
    53.802  -171.585    0.0    0.0    0.0
    53.820  -171.585    0.0    0.0    0.0
    53.838  -171.585    0.0    0.0    0.0
    53.856  -171.585    0.0    0.0    0.0
    53.874  -171.585    0.0    0.0    0.0
    53.892  -171.585    0.0    0.0    0.0
    53.910  -171.585    0.0    0.0    0.0
    52.108  -171.555    0.0    0.1   -0.1
    52.126  -171.555    0.0    0.1   -0.1
    52.144  -171.555    0.0    0.1   -0.1
    52.162  -171.555    0.0    0.1   -0.1
    52.180  -171.555    0.0    0.1   -0.1
    52.198  -171.555    0.0    0.1   -0.1
    52.216  -171.555    0.0    0.1   -0.1
    52.234  -171.555    0.0    0.1   -0.1
    52.252  -171.555    0.0    0.1   -0.1
    52.270  -171.555    0.0    0.1   -0.1
    52.288  -171.555    0.0    0.1   -0.1
    52.306  -171.555    0.0    0.1   -0.1
    52.324  -171.555    0.0    0.1   -0.2
    52.342  -171.555    0.0    0.1   -0.2
    52.360  -171.555    0.0    0.1   -0.2
    52.378  -171.555    0.0    0.1   -0.2
    52.396  -171.555    0.0    0.1   -0.2
    52.414  -171.555    0.0    0.1   -0.2
    52.432  -171.555    0.0    0.1   -0.2
    52.450  -171.555    0.0    0.1   -0.2
    52.468  -171.555    0.0    0.1   -0.2
    52.486  -171.555    0.0    0.1   -0.2
    52.504  -171.555    0.0    0.1   -0.2
    52.522  -171.555    0.0    0.1   -0.2
    52.540  -171.555    0.0    0.1   -0.2
    52.558  -171.555    0.0    0.1   -0.2
    52.576  -171.555    0.0    0.1   -0.2
    52.595  -171.555    0.0    0.1   -0.2
    52.613  -171.555    0.0    0.1   -0.2
    52.631  -171.555    0.0    0.1   -0.2
    52.649  -171.555    0.0    0.1   -0.2
    52.667  -171.555    0.0    0.0   -0.2
    52.685  -171.555    0.0    0.0   -0.2
    52.703  -171.555    0.0    0.0   -0.2
    52.721  -171.555    0.0    0.0   -0.2
    52.739  -171.555    0.0    0.0   -0.2
    52.757  -171.555    0.0    0.0   -0.2
    52.775  -171.555    0.0    0.0   -0.2
    52.793  -171.555    0.0    0.0   -0.2
    52.811  -171.555    0.0    0.0   -0.2
    52.829  -171.555    0.0    0.0   -0.2
    52.847  -171.555    0.0    0.0   -0.2
    52.865  -171.555    0.0    0.0   -0.2
    52.883  -171.555    0.0    0.0   -0.2
    52.901  -171.555    0.0    0.0   -0.2
    52.919  -171.555    0.0    0.0   -0.2
    52.937  -171.555    0.0   -0.0   -0.2
    52.955  -171.555    0.0   -0.0   -0.1
    52.973  -171.555    0.0   -0.0   -0.1
    52.991  -171.555    0.0   -0.0   -0.1
    53.009  -171.555    0.0   -0.0   -0.1
    53.027  -171.555    0.0   -0.0   -0.1
    53.045  -171.555    0.0   -0.0   -0.1
    53.063  -171.555    0.0   -0.0   -0.1
    53.081  -171.555    0.0   -0.0   -0.1
    53.099  -171.555    0.0   -0.0   -0.1
    53.117  -171.555    0.0   -0.0   -0.1
    53.135  -171.555    0.0   -0.0   -0.0
    53.153  -171.555    0.0   -0.0   -0.0
    53.171  -171.555    0.0   -0.0   -0.0
    53.189  -171.555    0.0   -0.0   -0.0
    53.207  -171.555    0.0    0.0   -0.0
    53.225  -171.555    0.0    0.0   -0.0
    53.243  -171.555    0.0    0.0   -0.0
    53.261  -171.555    0.0    0.0    0.0
    53.279  -171.555    0.0    0.0    0.0
    53.297  -171.555    0.0    0.0    0.0
    53.315  -171.555    0.0    0.0    0.0
    53.333  -171.555    0.0    0.0    0.0
    53.351  -171.555    0.0    0.0    0.0
    53.369  -171.555    0.0    0.0    0.0
    53.387  -171.555    0.0    0.0    0.0
    53.405  -171.555    0.0    0.0    0.0
    53.423  -171.555    0.0    0.0    0.0
    53.441  -171.555    0.0    0.0    0.0
    53.459  -171.555    0.0    0.0    0.0
    53.477  -171.555    0.0    0.0    0.0
    53.495  -171.555    0.0    0.0    0.0
    53.513  -171.555    0.0    0.0    0.0
    53.531  -171.555    0.0    0.0    0.0
    53.549  -171.555    0.0    0.0    0.0
    53.567  -171.555    0.0    0.0    0.0
    53.585  -171.555    0.0    0.0    0.0
    53.603  -171.555    0.0    0.0    0.0
    53.621  -171.555    0.0    0.0    0.0
    53.639  -171.555    0.0    0.0    0.0
    53.657  -171.555    0.0    0.0    0.0
    53.675  -171.555    0.0    0.0    0.0
    53.694  -171.555    0.0    0.0    0.0
    53.712  -171.555    0.0    0.0    0.0
    53.730  -171.555    0.0    0.0    0.0
    53.748  -171.555    0.0    0.0    0.0
    53.766  -171.555    0.0    0.0    0.0
    53.784  -171.555    0.0    0.0    0.0
    53.802  -171.555    0.0    0.0    0.0
    53.820  -171.555    0.0    0.0    0.0
    53.838  -171.555    0.0    0.0    0.0
    53.856  -171.555    0.0    0.0    0.0
    53.874  -171.555    0.0    0.0    0.0
    53.892  -171.555    0.0    0.0    0.0
    53.910  -171.555    0.0    0.0    0.0
    52.108  -171.525    0.0    0.1   -0.1
    52.126  -171.525    0.0    0.1   -0.1
    52.144  -171.525    0.0    0.1   -0.1
    52.162  -171.525    0.0    0.1   -0.1
    52.180  -171.525    0.0    0.1   -0.1
    52.198  -171.525    0.0    0.1   -0.1
    52.216  -171.525    0.0    0.1   -0.1
    52.234  -171.525    0.0    0.1   -0.1
    52.252  -171.525    0.0    0.1   -0.1
    52.270  -171.525    0.0    0.1   -0.1
    52.288  -171.525    0.0    0.1   -0.2
    52.306  -171.525    0.0    0.1   -0.2
    52.324  -171.525    0.0    0.1   -0.2
    52.342  -171.525    0.0    0.1   -0.2
    52.360  -171.525    0.0    0.1   -0.2
    52.378  -171.525    0.0    0.1   -0.2
    52.396  -171.525    0.0    0.1   -0.2
    52.414  -171.525    0.0    0.1   -0.2
    52.432  -171.525    0.0    0.1   -0.2
    52.450  -171.525    0.0    0.1   -0.2
    52.468  -171.525    0.0    0.1   -0.2
    52.486  -171.525    0.0    0.1   -0.2
    52.504  -171.525    0.0    0.1   -0.2
    52.522  -171.525    0.0    0.1   -0.2
    52.540  -171.525    0.0    0.1   -0.2
    52.558  -171.525    0.0    0.1   -0.2
    52.576  -171.525    0.0    0.1   -0.2
    52.595  -171.525    0.0    0.1   -0.2
    52.613  -171.525    0.0    0.1   -0.2
    52.631  -171.525    0.0    0.1   -0.2
    52.649  -171.525    0.0    0.1   -0.2
    52.667  -171.525    0.0    0.1   -0.2
    52.685  -171.525    0.0    0.0   -0.2
    52.703  -171.525    0.0    0.0   -0.2
    52.721  -171.525    0.0    0.0   -0.2
    52.739  -171.525    0.0    0.0   -0.2
    52.757  -171.525    0.0    0.0   -0.2
    52.775  -171.525    0.0    0.0   -0.2
    52.793  -171.525    0.0    0.0   -0.2
    52.811  -171.525    0.0    0.0   -0.2
    52.829  -171.525    0.0    0.0   -0.2
    52.847  -171.525    0.0    0.0   -0.2
    52.865  -171.525    0.0    0.0   -0.2
    52.883  -171.525    0.0    0.0   -0.2
    52.901  -171.525    0.0    0.0   -0.2
    52.919  -171.525    0.0    0.0   -0.2
    52.937  -171.525    0.0   -0.0   -0.2
    52.955  -171.525    0.0   -0.0   -0.2
    52.973  -171.525    0.0   -0.0   -0.1
    52.991  -171.525    0.0   -0.0   -0.1
    53.009  -171.525    0.0   -0.0   -0.1
    53.027  -171.525    0.0   -0.0   -0.1
    53.045  -171.525    0.0   -0.0   -0.1
    53.063  -171.525    0.0   -0.0   -0.1
    53.081  -171.525    0.0   -0.0   -0.1
    53.099  -171.525    0.0   -0.0   -0.1
    53.117  -171.525    0.0   -0.0   -0.1
    53.135  -171.525    0.0   -0.0   -0.0
    53.153  -171.525    0.0   -0.0   -0.0
    53.171  -171.525    0.0   -0.0   -0.0
    53.189  -171.525    0.0    0.0   -0.0
    53.207  -171.525    0.0    0.0   -0.0
    53.225  -171.525    0.0    0.0   -0.0
    53.243  -171.525    0.0    0.0   -0.0
    53.261  -171.525    0.0    0.0    0.0
    53.279  -171.525    0.0    0.0    0.0
    53.297  -171.525    0.0    0.0    0.0
    53.315  -171.525    0.0    0.0    0.0
    53.333  -171.525    0.0    0.0    0.0
    53.351  -171.525    0.0    0.0    0.0
    53.369  -171.525    0.0    0.0    0.0
    53.387  -171.525    0.0    0.0    0.0
    53.405  -171.525    0.0    0.0    0.0
    53.423  -171.525    0.0    0.0    0.0
    53.441  -171.525    0.0    0.0    0.0
    53.459  -171.525    0.0    0.0    0.0
    53.477  -171.525    0.0    0.0    0.0
    53.495  -171.525    0.0    0.0    0.0
    53.513  -171.525    0.0    0.0    0.0
    53.531  -171.525    0.0    0.0    0.0
    53.549  -171.525    0.0    0.0    0.0
    53.567  -171.525    0.0    0.0    0.0
    53.585  -171.525    0.0    0.0    0.0
    53.603  -171.525    0.0    0.0    0.0
    53.621  -171.525    0.0    0.0    0.0
    53.639  -171.525    0.0    0.0    0.0
    53.657  -171.525    0.0    0.0    0.0
    53.675  -171.525    0.0    0.0    0.0
    53.694  -171.525    0.0    0.0    0.0
    53.712  -171.525    0.0    0.0    0.0
    53.730  -171.525    0.0    0.0    0.0
    53.748  -171.525    0.0    0.0    0.0
    53.766  -171.525    0.0    0.0    0.0
    53.784  -171.525    0.0    0.0    0.0
    53.802  -171.525    0.0    0.0    0.0
    53.820  -171.525    0.0    0.0    0.0
    53.838  -171.525    0.0    0.0    0.0
    53.856  -171.525    0.0    0.0    0.0
    53.874  -171.525    0.0    0.0    0.0
    53.892  -171.525    0.0    0.0    0.0
    53.910  -171.525    0.0    0.0    0.0
    52.108  -171.495    0.0    0.1   -0.1
    52.126  -171.495    0.0    0.1   -0.1
    52.144  -171.495    0.0    0.1   -0.1
    52.162  -171.495    0.0    0.1   -0.1
    52.180  -171.495    0.0    0.1   -0.1
    52.198  -171.495    0.0    0.1   -0.1
    52.216  -171.495    0.0    0.1   -0.1
    52.234  -171.495    0.0    0.1   -0.1
    52.252  -171.495    0.0    0.1   -0.1
    52.270  -171.495    0.0    0.1   -0.2
    52.288  -171.495    0.0    0.1   -0.2
    52.306  -171.495    0.0    0.1   -0.2
    52.324  -171.495    0.0    0.1   -0.2
    52.342  -171.495    0.0    0.1   -0.2
    52.360  -171.495    0.0    0.1   -0.2
    52.378  -171.495    0.0    0.1   -0.2
    52.396  -171.495    0.0    0.1   -0.2
    52.414  -171.495    0.0    0.1   -0.2
    52.432  -171.495    0.0    0.1   -0.2
    52.450  -171.495    0.0    0.1   -0.2
    52.468  -171.495    0.0    0.1   -0.2
    52.486  -171.495    0.0    0.1   -0.2
    52.504  -171.495    0.0    0.1   -0.2
    52.522  -171.495    0.0    0.1   -0.2
    52.540  -171.495    0.0    0.1   -0.2
    52.558  -171.495    0.0    0.1   -0.3
    52.576  -171.495    0.0    0.1   -0.3
    52.595  -171.495    0.0    0.1   -0.3
    52.613  -171.495    0.0    0.1   -0.3
    52.631  -171.495    0.0    0.1   -0.3
    52.649  -171.495    0.0    0.1   -0.3
    52.667  -171.495    0.0    0.1   -0.3
    52.685  -171.495    0.0    0.0   -0.3
    52.703  -171.495    0.0    0.0   -0.3
    52.721  -171.495    0.0    0.0   -0.3
    52.739  -171.495    0.0    0.0   -0.2
    52.757  -171.495    0.0    0.0   -0.2
    52.775  -171.495    0.0    0.0   -0.2
    52.793  -171.495    0.0    0.0   -0.2
    52.811  -171.495    0.0    0.0   -0.2
    52.829  -171.495    0.0    0.0   -0.2
    52.847  -171.495    0.0    0.0   -0.2
    52.865  -171.495    0.0    0.0   -0.2
    52.883  -171.495    0.0    0.0   -0.2
    52.901  -171.495    0.0    0.0   -0.2
    52.919  -171.495    0.0    0.0   -0.2
    52.937  -171.495    0.0   -0.0   -0.2
    52.955  -171.495    0.0   -0.0   -0.2
    52.973  -171.495    0.0   -0.0   -0.1
    52.991  -171.495    0.0   -0.0   -0.1
    53.009  -171.495    0.0   -0.0   -0.1
    53.027  -171.495    0.0   -0.0   -0.1
    53.045  -171.495    0.0   -0.0   -0.1
    53.063  -171.495    0.0   -0.0   -0.1
    53.081  -171.495    0.0   -0.0   -0.1
    53.099  -171.495    0.0   -0.0   -0.1
    53.117  -171.495    0.0   -0.0   -0.1
    53.135  -171.495    0.0   -0.0   -0.0
    53.153  -171.495    0.0   -0.0   -0.0
    53.171  -171.495    0.0   -0.0   -0.0
    53.189  -171.495    0.0    0.0   -0.0
    53.207  -171.495    0.0    0.0   -0.0
    53.225  -171.495    0.0    0.0   -0.0
    53.243  -171.495    0.0    0.0   -0.0
    53.261  -171.495    0.0    0.0    0.0
    53.279  -171.495    0.0    0.0    0.0
    53.297  -171.495    0.0    0.0    0.0
    53.315  -171.495    0.0    0.0    0.0
    53.333  -171.495    0.0    0.0    0.0
    53.351  -171.495    0.0    0.0    0.0
    53.369  -171.495    0.0    0.0    0.0
    53.387  -171.495    0.0    0.0    0.0
    53.405  -171.495    0.0    0.0    0.0
    53.423  -171.495    0.0    0.0    0.0
    53.441  -171.495    0.0    0.0    0.0
    53.459  -171.495    0.0    0.0    0.0
    53.477  -171.495    0.0    0.0    0.0
    53.495  -171.495    0.0    0.0    0.0
    53.513  -171.495    0.0    0.0    0.0
    53.531  -171.495    0.0    0.0    0.0
    53.549  -171.495    0.0    0.0    0.0
    53.567  -171.495    0.0    0.0    0.0
    53.585  -171.495    0.0    0.0    0.0
    53.603  -171.495    0.0    0.0    0.0
    53.621  -171.495    0.0    0.0    0.0
    53.639  -171.495    0.0    0.0    0.0
    53.657  -171.495    0.0    0.0    0.0
    53.675  -171.495    0.0    0.0    0.0
    53.694  -171.495    0.0    0.0    0.0
    53.712  -171.495    0.0    0.0    0.0
    53.730  -171.495    0.0    0.0    0.0
    53.748  -171.495    0.0    0.0    0.0
    53.766  -171.495    0.0    0.0    0.0
    53.784  -171.495    0.0    0.0    0.0
    53.802  -171.495    0.0    0.0    0.0
    53.820  -171.495    0.0    0.0    0.0
    53.838  -171.495    0.0    0.0    0.0
    53.856  -171.495    0.0    0.0    0.0
    53.874  -171.495    0.0    0.0    0.0
    53.892  -171.495    0.0    0.0    0.0
    53.910  -171.495    0.0    0.0    0.0
    52.108  -171.466    0.0    0.1   -0.1
    52.126  -171.466    0.0    0.1   -0.1
    52.144  -171.466    0.0    0.1   -0.1
    52.162  -171.466    0.0    0.1   -0.1
    52.180  -171.466    0.0    0.1   -0.1
    52.198  -171.466    0.0    0.1   -0.1
    52.216  -171.466    0.0    0.1   -0.1
    52.234  -171.466    0.0    0.1   -0.2
    52.252  -171.466    0.0    0.1   -0.2
    52.270  -171.466    0.0    0.1   -0.2
    52.288  -171.466    0.0    0.1   -0.2
    52.306  -171.466    0.0    0.1   -0.2
    52.324  -171.466    0.0    0.1   -0.2
    52.342  -171.466    0.0    0.1   -0.2
    52.360  -171.466    0.0    0.1   -0.2
    52.378  -171.466    0.0    0.1   -0.2
    52.396  -171.466    0.0    0.1   -0.2
    52.414  -171.466    0.0    0.1   -0.2
    52.432  -171.466    0.0    0.1   -0.2
    52.450  -171.466    0.0    0.1   -0.2
    52.468  -171.466    0.0    0.1   -0.2
    52.486  -171.466    0.0    0.1   -0.2
    52.504  -171.466    0.0    0.1   -0.2
    52.522  -171.466    0.0    0.1   -0.3
    52.540  -171.466    0.0    0.1   -0.3
    52.558  -171.466    0.0    0.1   -0.3
    52.576  -171.466    0.0    0.1   -0.3
    52.595  -171.466    0.0    0.1   -0.3
    52.613  -171.466    0.0    0.1   -0.3
    52.631  -171.466    0.0    0.1   -0.3
    52.649  -171.466   -0.0    0.1   -0.3
    52.667  -171.466   -0.0    0.1   -0.3
    52.685  -171.466   -0.0    0.0   -0.3
    52.703  -171.466   -0.0    0.0   -0.3
    52.721  -171.466   -0.0    0.0   -0.3
    52.739  -171.466   -0.0    0.0   -0.3
    52.757  -171.466   -0.0    0.0   -0.2
    52.775  -171.466   -0.0    0.0   -0.2
    52.793  -171.466   -0.0    0.0   -0.2
    52.811  -171.466   -0.0    0.0   -0.2
    52.829  -171.466   -0.0    0.0   -0.2
    52.847  -171.466   -0.0    0.0   -0.2
    52.865  -171.466   -0.0    0.0   -0.2
    52.883  -171.466   -0.0    0.0   -0.2
    52.901  -171.466   -0.0    0.0   -0.2
    52.919  -171.466   -0.0    0.0   -0.2
    52.937  -171.466   -0.0   -0.0   -0.2
    52.955  -171.466   -0.0   -0.0   -0.2
    52.973  -171.466   -0.0   -0.0   -0.1
    52.991  -171.466   -0.0   -0.0   -0.1
    53.009  -171.466    0.0   -0.0   -0.1
    53.027  -171.466    0.0   -0.0   -0.1
    53.045  -171.466    0.0   -0.0   -0.1
    53.063  -171.466    0.0   -0.0   -0.1
    53.081  -171.466    0.0   -0.0   -0.1
    53.099  -171.466    0.0   -0.0   -0.1
    53.117  -171.466    0.0   -0.0   -0.1
    53.135  -171.466    0.0   -0.0   -0.0
    53.153  -171.466    0.0   -0.0   -0.0
    53.171  -171.466    0.0    0.0   -0.0
    53.189  -171.466    0.0    0.0   -0.0
    53.207  -171.466    0.0    0.0   -0.0
    53.225  -171.466    0.0    0.0   -0.0
    53.243  -171.466    0.0    0.0   -0.0
    53.261  -171.466    0.0    0.0    0.0
    53.279  -171.466    0.0    0.0    0.0
    53.297  -171.466    0.0    0.0    0.0
    53.315  -171.466    0.0    0.0    0.0
    53.333  -171.466    0.0    0.0    0.0
    53.351  -171.466    0.0    0.0    0.0
    53.369  -171.466    0.0    0.0    0.0
    53.387  -171.466    0.0    0.0    0.0
    53.405  -171.466    0.0    0.0    0.0
    53.423  -171.466    0.0    0.0    0.0
    53.441  -171.466    0.0    0.0    0.0
    53.459  -171.466    0.0    0.0    0.0
    53.477  -171.466    0.0    0.0    0.0
    53.495  -171.466    0.0    0.0    0.0
    53.513  -171.466    0.0    0.0    0.0
    53.531  -171.466    0.0    0.0    0.0
    53.549  -171.466    0.0    0.0    0.0
    53.567  -171.466    0.0    0.0    0.0
    53.585  -171.466    0.0    0.0    0.0
    53.603  -171.466    0.0    0.0    0.0
    53.621  -171.466    0.0    0.0    0.0
    53.639  -171.466    0.0    0.0    0.0
    53.657  -171.466    0.0    0.0    0.0
    53.675  -171.466    0.0    0.0    0.0
    53.694  -171.466    0.0    0.0    0.0
    53.712  -171.466    0.0    0.0    0.0
    53.730  -171.466    0.0    0.0    0.0
    53.748  -171.466    0.0    0.0    0.0
    53.766  -171.466    0.0    0.0    0.0
    53.784  -171.466    0.0    0.0    0.0
    53.802  -171.466    0.0    0.0    0.0
    53.820  -171.466    0.0    0.0    0.0
    53.838  -171.466    0.0    0.0    0.0
    53.856  -171.466    0.0    0.0    0.0
    53.874  -171.466    0.0    0.0    0.0
    53.892  -171.466    0.0    0.0    0.0
    53.910  -171.466    0.0    0.0    0.0
    52.108  -171.436    0.0    0.1   -0.1
    52.126  -171.436    0.0    0.1   -0.1
    52.144  -171.436    0.0    0.1   -0.1
    52.162  -171.436    0.0    0.1   -0.1
    52.180  -171.436    0.0    0.1   -0.1
    52.198  -171.436    0.0    0.1   -0.1
    52.216  -171.436    0.0    0.1   -0.2
    52.234  -171.436    0.0    0.1   -0.2
    52.252  -171.436    0.0    0.1   -0.2
    52.270  -171.436    0.0    0.1   -0.2
    52.288  -171.436    0.0    0.1   -0.2
    52.306  -171.436    0.0    0.1   -0.2
    52.324  -171.436    0.0    0.1   -0.2
    52.342  -171.436    0.0    0.1   -0.2
    52.360  -171.436    0.0    0.1   -0.2
    52.378  -171.436    0.0    0.1   -0.2
    52.396  -171.436    0.0    0.1   -0.2
    52.414  -171.436    0.0    0.1   -0.2
    52.432  -171.436    0.0    0.1   -0.2
    52.450  -171.436    0.0    0.1   -0.2
    52.468  -171.436    0.0    0.1   -0.2
    52.486  -171.436    0.0    0.1   -0.3
    52.504  -171.436    0.0    0.1   -0.3
    52.522  -171.436   -0.0    0.1   -0.3
    52.540  -171.436   -0.0    0.1   -0.3
    52.558  -171.436   -0.0    0.1   -0.3
    52.576  -171.436   -0.0    0.1   -0.3
    52.595  -171.436   -0.0    0.1   -0.3
    52.613  -171.436   -0.0    0.1   -0.3
    52.631  -171.436   -0.0    0.1   -0.3
    52.649  -171.436   -0.0    0.1   -0.3
    52.667  -171.436   -0.0    0.1   -0.3
    52.685  -171.436   -0.0    0.0   -0.3
    52.703  -171.436   -0.0    0.0   -0.3
    52.721  -171.436   -0.0    0.0   -0.3
    52.739  -171.436   -0.0    0.0   -0.3
    52.757  -171.436   -0.0    0.0   -0.3
    52.775  -171.436   -0.0    0.0   -0.2
    52.793  -171.436   -0.0    0.0   -0.2
    52.811  -171.436   -0.0    0.0   -0.2
    52.829  -171.436   -0.0    0.0   -0.2
    52.847  -171.436   -0.0    0.0   -0.2
    52.865  -171.436   -0.0    0.0   -0.2
    52.883  -171.436   -0.0    0.0   -0.2
    52.901  -171.436   -0.0    0.0   -0.2
    52.919  -171.436   -0.0   -0.0   -0.2
    52.937  -171.436   -0.0   -0.0   -0.2
    52.955  -171.436   -0.0   -0.0   -0.2
    52.973  -171.436   -0.0   -0.0   -0.1
    52.991  -171.436   -0.0   -0.0   -0.1
    53.009  -171.436   -0.0   -0.0   -0.1
    53.027  -171.436   -0.0   -0.0   -0.1
    53.045  -171.436    0.0   -0.0   -0.1
    53.063  -171.436    0.0   -0.0   -0.1
    53.081  -171.436    0.0   -0.0   -0.1
    53.099  -171.436    0.0   -0.0   -0.1
    53.117  -171.436    0.0   -0.0   -0.1
    53.135  -171.436    0.0   -0.0   -0.0
    53.153  -171.436    0.0   -0.0   -0.0
    53.171  -171.436    0.0    0.0   -0.0
    53.189  -171.436    0.0    0.0   -0.0
    53.207  -171.436    0.0    0.0   -0.0
    53.225  -171.436    0.0    0.0   -0.0
    53.243  -171.436    0.0    0.0   -0.0
    53.261  -171.436    0.0    0.0    0.0
    53.279  -171.436    0.0    0.0    0.0
    53.297  -171.436    0.0    0.0    0.0
    53.315  -171.436    0.0    0.0    0.0
    53.333  -171.436    0.0    0.0    0.0
    53.351  -171.436    0.0    0.0    0.0
    53.369  -171.436    0.0    0.0    0.0
    53.387  -171.436    0.0    0.0    0.0
    53.405  -171.436    0.0    0.0    0.0
    53.423  -171.436    0.0    0.0    0.0
    53.441  -171.436    0.0    0.0    0.0
    53.459  -171.436    0.0    0.0    0.0
    53.477  -171.436    0.0    0.0    0.0
    53.495  -171.436    0.0    0.0    0.0
    53.513  -171.436    0.0    0.0    0.0
    53.531  -171.436    0.0    0.0    0.0
    53.549  -171.436    0.0    0.0    0.0
    53.567  -171.436    0.0    0.0    0.0
    53.585  -171.436    0.0    0.0    0.0
    53.603  -171.436    0.0    0.0    0.0
    53.621  -171.436    0.0    0.0    0.0
    53.639  -171.436    0.0    0.0    0.0
    53.657  -171.436    0.0    0.0    0.0
    53.675  -171.436    0.0    0.0    0.0
    53.694  -171.436    0.0    0.0    0.0
    53.712  -171.436    0.0    0.0    0.0
    53.730  -171.436    0.0    0.0    0.0
    53.748  -171.436    0.0    0.0    0.0
    53.766  -171.436    0.0    0.0    0.0
    53.784  -171.436    0.0    0.0    0.0
    53.802  -171.436    0.0    0.0    0.0
    53.820  -171.436    0.0    0.0    0.0
    53.838  -171.436    0.0    0.0    0.0
    53.856  -171.436    0.0    0.0    0.0
    53.874  -171.436    0.0    0.0    0.0
    53.892  -171.436    0.0    0.0    0.0
    53.910  -171.436    0.0    0.0    0.0
    52.108  -171.406    0.0    0.1   -0.1
    52.126  -171.406    0.0    0.1   -0.1
    52.144  -171.406    0.0    0.1   -0.1
    52.162  -171.406    0.0    0.1   -0.1
    52.180  -171.406    0.0    0.1   -0.1
    52.198  -171.406    0.0    0.1   -0.2
    52.216  -171.406    0.0    0.1   -0.2
    52.234  -171.406    0.0    0.1   -0.2
    52.252  -171.406    0.0    0.1   -0.2
    52.270  -171.406    0.0    0.1   -0.2
    52.288  -171.406    0.0    0.1   -0.2
    52.306  -171.406    0.0    0.1   -0.2
    52.324  -171.406    0.0    0.1   -0.2
    52.342  -171.406    0.0    0.1   -0.2
    52.360  -171.406    0.0    0.1   -0.2
    52.378  -171.406    0.0    0.1   -0.2
    52.396  -171.406    0.0    0.1   -0.2
    52.414  -171.406   -0.0    0.1   -0.2
    52.432  -171.406   -0.0    0.1   -0.2
    52.450  -171.406   -0.0    0.1   -0.3
    52.468  -171.406   -0.0    0.1   -0.3
    52.486  -171.406   -0.0    0.1   -0.3
    52.504  -171.406   -0.0    0.1   -0.3
    52.522  -171.406   -0.0    0.1   -0.3
    52.540  -171.406   -0.0    0.1   -0.3
    52.558  -171.406   -0.0    0.1   -0.3
    52.576  -171.406   -0.0    0.1   -0.3
    52.595  -171.406   -0.0    0.1   -0.3
    52.613  -171.406   -0.0    0.1   -0.3
    52.631  -171.406   -0.0    0.1   -0.3
    52.649  -171.406   -0.0    0.1   -0.3
    52.667  -171.406   -0.0    0.1   -0.3
    52.685  -171.406   -0.0    0.0   -0.3
    52.703  -171.406   -0.0    0.0   -0.3
    52.721  -171.406   -0.0    0.0   -0.3
    52.739  -171.406   -0.0    0.0   -0.3
    52.757  -171.406   -0.0    0.0   -0.3
    52.775  -171.406   -0.0    0.0   -0.3
    52.793  -171.406   -0.0    0.0   -0.2
    52.811  -171.406   -0.0    0.0   -0.2
    52.829  -171.406   -0.0    0.0   -0.2
    52.847  -171.406   -0.0    0.0   -0.2
    52.865  -171.406   -0.0    0.0   -0.2
    52.883  -171.406   -0.0    0.0   -0.2
    52.901  -171.406   -0.0    0.0   -0.2
    52.919  -171.406   -0.0   -0.0   -0.2
    52.937  -171.406   -0.0   -0.0   -0.2
    52.955  -171.406   -0.0   -0.0   -0.2
    52.973  -171.406   -0.0   -0.0   -0.1
    52.991  -171.406   -0.0   -0.0   -0.1
    53.009  -171.406   -0.0   -0.0   -0.1
    53.027  -171.406   -0.0   -0.0   -0.1
    53.045  -171.406   -0.0   -0.0   -0.1
    53.063  -171.406    0.0   -0.0   -0.1
    53.081  -171.406    0.0   -0.0   -0.1
    53.099  -171.406    0.0   -0.0   -0.1
    53.117  -171.406    0.0   -0.0   -0.1
    53.135  -171.406    0.0   -0.0   -0.0
    53.153  -171.406    0.0    0.0   -0.0
    53.171  -171.406    0.0    0.0   -0.0
    53.189  -171.406    0.0    0.0   -0.0
    53.207  -171.406    0.0    0.0   -0.0
    53.225  -171.406    0.0    0.0   -0.0
    53.243  -171.406    0.0    0.0    0.0
    53.261  -171.406    0.0    0.0    0.0
    53.279  -171.406    0.0    0.0    0.0
    53.297  -171.406    0.0    0.0    0.0
    53.315  -171.406    0.0    0.0    0.0
    53.333  -171.406    0.0    0.0    0.0
    53.351  -171.406    0.0    0.0    0.0
    53.369  -171.406    0.0    0.0    0.0
    53.387  -171.406    0.0    0.0    0.0
    53.405  -171.406    0.0    0.0    0.0
    53.423  -171.406    0.0    0.0    0.0
    53.441  -171.406    0.0    0.0    0.0
    53.459  -171.406    0.0    0.0    0.0
    53.477  -171.406    0.0    0.0    0.0
    53.495  -171.406    0.0    0.0    0.0
    53.513  -171.406    0.0    0.0    0.0
    53.531  -171.406    0.0    0.0    0.0
    53.549  -171.406    0.0    0.0    0.0
    53.567  -171.406    0.0    0.0    0.0
    53.585  -171.406    0.0    0.0    0.0
    53.603  -171.406    0.0    0.0    0.0
    53.621  -171.406    0.0    0.0    0.0
    53.639  -171.406    0.0    0.0    0.0
    53.657  -171.406    0.0    0.0    0.0
    53.675  -171.406    0.0    0.0    0.0
    53.694  -171.406    0.0    0.0    0.0
    53.712  -171.406    0.0    0.0    0.0
    53.730  -171.406    0.0    0.0    0.0
    53.748  -171.406    0.0    0.0    0.0
    53.766  -171.406    0.0    0.0    0.0
    53.784  -171.406    0.0    0.0    0.0
    53.802  -171.406    0.0    0.0    0.0
    53.820  -171.406    0.0    0.0    0.0
    53.838  -171.406    0.0    0.0    0.0
    53.856  -171.406    0.0    0.0    0.0
    53.874  -171.406    0.0    0.0    0.0
    53.892  -171.406    0.0    0.0    0.0
    53.910  -171.406    0.0    0.0    0.0
    52.108  -171.376   -0.0    0.1   -0.1
    52.126  -171.376   -0.0    0.1   -0.1
    52.144  -171.376   -0.0    0.1   -0.1
    52.162  -171.376   -0.0    0.1   -0.1
    52.180  -171.376   -0.0    0.1   -0.2
    52.198  -171.376   -0.0    0.1   -0.2
    52.216  -171.376   -0.0    0.1   -0.2
    52.234  -171.376   -0.0    0.1   -0.2
    52.252  -171.376   -0.0    0.1   -0.2
    52.270  -171.376   -0.0    0.1   -0.2
    52.288  -171.376   -0.0    0.1   -0.2
    52.306  -171.376   -0.0    0.1   -0.2
    52.324  -171.376   -0.0    0.1   -0.2
    52.342  -171.376   -0.0    0.1   -0.2
    52.360  -171.376   -0.0    0.1   -0.2
    52.378  -171.376   -0.0    0.1   -0.2
    52.396  -171.376   -0.0    0.1   -0.2
    52.414  -171.376   -0.0    0.1   -0.3
    52.432  -171.376   -0.0    0.1   -0.3
    52.450  -171.376   -0.0    0.1   -0.3
    52.468  -171.376   -0.0    0.1   -0.3
    52.486  -171.376   -0.0    0.1   -0.3
    52.504  -171.376   -0.0    0.1   -0.3
    52.522  -171.376   -0.0    0.1   -0.3
    52.540  -171.376   -0.0    0.1   -0.3
    52.558  -171.376   -0.0    0.1   -0.3
    52.576  -171.376   -0.0    0.1   -0.3
    52.595  -171.376   -0.0    0.1   -0.3
    52.613  -171.376   -0.0    0.1   -0.3
    52.631  -171.376   -0.0    0.1   -0.3
    52.649  -171.376   -0.0    0.1   -0.3
    52.667  -171.376   -0.0    0.1   -0.3
    52.685  -171.376   -0.0    0.1   -0.3
    52.703  -171.376   -0.0    0.0   -0.3
    52.721  -171.376   -0.0    0.0   -0.3
    52.739  -171.376   -0.0    0.0   -0.3
    52.757  -171.376   -0.0    0.0   -0.3
    52.775  -171.376   -0.0    0.0   -0.3
    52.793  -171.376   -0.0    0.0   -0.2
    52.811  -171.376   -0.0    0.0   -0.2
    52.829  -171.376   -0.0    0.0   -0.2
    52.847  -171.376   -0.0    0.0   -0.2
    52.865  -171.376   -0.0    0.0   -0.2
    52.883  -171.376   -0.0    0.0   -0.2
    52.901  -171.376   -0.0    0.0   -0.2
    52.919  -171.376   -0.0   -0.0   -0.2
    52.937  -171.376   -0.0   -0.0   -0.2
    52.955  -171.376   -0.0   -0.0   -0.2
    52.973  -171.376   -0.0   -0.0   -0.1
    52.991  -171.376   -0.0   -0.0   -0.1
    53.009  -171.376   -0.0   -0.0   -0.1
    53.027  -171.376   -0.0   -0.0   -0.1
    53.045  -171.376   -0.0   -0.0   -0.1
    53.063  -171.376   -0.0   -0.0   -0.1
    53.081  -171.376    0.0   -0.0   -0.1
    53.099  -171.376    0.0   -0.0   -0.1
    53.117  -171.376    0.0   -0.0   -0.1
    53.135  -171.376    0.0   -0.0   -0.0
    53.153  -171.376    0.0    0.0   -0.0
    53.171  -171.376    0.0    0.0   -0.0
    53.189  -171.376    0.0    0.0   -0.0
    53.207  -171.376    0.0    0.0   -0.0
    53.225  -171.376    0.0    0.0   -0.0
    53.243  -171.376    0.0    0.0    0.0
    53.261  -171.376    0.0    0.0    0.0
    53.279  -171.376    0.0    0.0    0.0
    53.297  -171.376    0.0    0.0    0.0
    53.315  -171.376    0.0    0.0    0.0
    53.333  -171.376    0.0    0.0    0.0
    53.351  -171.376    0.0    0.0    0.0
    53.369  -171.376    0.0    0.0    0.0
    53.387  -171.376    0.0    0.0    0.0
    53.405  -171.376    0.0    0.0    0.0
    53.423  -171.376    0.0    0.0    0.0
    53.441  -171.376    0.0    0.0    0.0
    53.459  -171.376    0.0    0.0    0.0
    53.477  -171.376    0.0    0.0    0.0
    53.495  -171.376    0.0    0.0    0.0
    53.513  -171.376    0.0    0.0    0.0
    53.531  -171.376    0.0    0.0    0.0
    53.549  -171.376    0.0    0.0    0.0
    53.567  -171.376    0.0    0.0    0.0
    53.585  -171.376    0.0    0.0    0.0
    53.603  -171.376    0.0    0.0    0.0
    53.621  -171.376    0.0    0.0    0.0
    53.639  -171.376    0.0    0.0    0.0
    53.657  -171.376    0.0    0.0    0.0
    53.675  -171.376    0.0    0.0    0.0
    53.694  -171.376    0.0    0.0    0.0
    53.712  -171.376    0.0    0.0    0.0
    53.730  -171.376    0.0    0.0    0.0
    53.748  -171.376    0.0    0.0    0.0
    53.766  -171.376    0.0    0.0    0.0
    53.784  -171.376    0.0    0.0    0.0
    53.802  -171.376    0.0    0.0    0.0
    53.820  -171.376    0.0    0.0    0.0
    53.838  -171.376    0.0    0.0    0.0
    53.856  -171.376    0.0    0.0    0.0
    53.874  -171.376    0.0    0.0    0.0
    53.892  -171.376    0.0    0.0    0.0
    53.910  -171.376    0.0    0.0    0.0
    52.108  -171.347   -0.0    0.1   -0.1
    52.126  -171.347   -0.0    0.1   -0.1
    52.144  -171.347   -0.0    0.1   -0.2
    52.162  -171.347   -0.0    0.1   -0.2
    52.180  -171.347   -0.0    0.1   -0.2
    52.198  -171.347   -0.0    0.1   -0.2
    52.216  -171.347   -0.0    0.1   -0.2
    52.234  -171.347   -0.0    0.1   -0.2
    52.252  -171.347   -0.0    0.1   -0.2
    52.270  -171.347   -0.0    0.1   -0.2
    52.288  -171.347   -0.0    0.1   -0.2
    52.306  -171.347   -0.0    0.1   -0.2
    52.324  -171.347   -0.0    0.1   -0.2
    52.342  -171.347   -0.0    0.1   -0.2
    52.360  -171.347   -0.0    0.1   -0.2
    52.378  -171.347   -0.0    0.1   -0.2
    52.396  -171.347   -0.0    0.1   -0.3
    52.414  -171.347   -0.0    0.1   -0.3
    52.432  -171.347   -0.0    0.1   -0.3
    52.450  -171.347   -0.0    0.1   -0.3
    52.468  -171.347   -0.0    0.1   -0.3
    52.486  -171.347   -0.0    0.1   -0.3
    52.504  -171.347   -0.0    0.1   -0.3
    52.522  -171.347   -0.0    0.1   -0.3
    52.540  -171.347   -0.0    0.1   -0.3
    52.558  -171.347   -0.0    0.1   -0.3
    52.576  -171.347   -0.0    0.1   -0.3
    52.595  -171.347   -0.0    0.1   -0.3
    52.613  -171.347   -0.0    0.1   -0.3
    52.631  -171.347   -0.0    0.1   -0.3
    52.649  -171.347   -0.0    0.1   -0.3
    52.667  -171.347   -0.0    0.1   -0.3
    52.685  -171.347   -0.0    0.1   -0.3
    52.703  -171.347   -0.0    0.0   -0.3
    52.721  -171.347   -0.0    0.0   -0.3
    52.739  -171.347   -0.0    0.0   -0.3
    52.757  -171.347   -0.0    0.0   -0.3
    52.775  -171.347   -0.0    0.0   -0.3
    52.793  -171.347   -0.0    0.0   -0.2
    52.811  -171.347   -0.0    0.0   -0.2
    52.829  -171.347   -0.0    0.0   -0.2
    52.847  -171.347   -0.0    0.0   -0.2
    52.865  -171.347   -0.0    0.0   -0.2
    52.883  -171.347   -0.0    0.0   -0.2
    52.901  -171.347   -0.0    0.0   -0.2
    52.919  -171.347   -0.0   -0.0   -0.2
    52.937  -171.347   -0.0   -0.0   -0.2
    52.955  -171.347   -0.0   -0.0   -0.2
    52.973  -171.347   -0.0   -0.0   -0.1
    52.991  -171.347   -0.0   -0.0   -0.1
    53.009  -171.347   -0.0   -0.0   -0.1
    53.027  -171.347   -0.0   -0.0   -0.1
    53.045  -171.347   -0.0   -0.0   -0.1
    53.063  -171.347   -0.0   -0.0   -0.1
    53.081  -171.347    0.0   -0.0   -0.1
    53.099  -171.347    0.0   -0.0   -0.1
    53.117  -171.347    0.0   -0.0   -0.0
    53.135  -171.347    0.0    0.0   -0.0
    53.153  -171.347    0.0    0.0   -0.0
    53.171  -171.347    0.0    0.0   -0.0
    53.189  -171.347    0.0    0.0   -0.0
    53.207  -171.347    0.0    0.0   -0.0
    53.225  -171.347    0.0    0.0   -0.0
    53.243  -171.347    0.0    0.0    0.0
    53.261  -171.347    0.0    0.0    0.0
    53.279  -171.347    0.0    0.0    0.0
    53.297  -171.347    0.0    0.0    0.0
    53.315  -171.347    0.0    0.0    0.0
    53.333  -171.347    0.0    0.0    0.0
    53.351  -171.347    0.0    0.0    0.0
    53.369  -171.347    0.0    0.0    0.0
    53.387  -171.347    0.0    0.0    0.0
    53.405  -171.347    0.0    0.0    0.0
    53.423  -171.347    0.0    0.0    0.0
    53.441  -171.347    0.0    0.0    0.0
    53.459  -171.347    0.0    0.0    0.0
    53.477  -171.347    0.0    0.0    0.0
    53.495  -171.347    0.0    0.0    0.0
    53.513  -171.347    0.0    0.0    0.0
    53.531  -171.347    0.0    0.0    0.0
    53.549  -171.347    0.0    0.0    0.0
    53.567  -171.347    0.0    0.0    0.0
    53.585  -171.347    0.0    0.0    0.0
    53.603  -171.347    0.0    0.0    0.0
    53.621  -171.347    0.0    0.0    0.0
    53.639  -171.347    0.0    0.0    0.0
    53.657  -171.347    0.0    0.0    0.0
    53.675  -171.347    0.0    0.0    0.0
    53.694  -171.347    0.0    0.0    0.0
    53.712  -171.347    0.0    0.0    0.0
    53.730  -171.347    0.0    0.0    0.0
    53.748  -171.347    0.0    0.0    0.0
    53.766  -171.347    0.0    0.0    0.0
    53.784  -171.347    0.0    0.0    0.0
    53.802  -171.347    0.0    0.0    0.0
    53.820  -171.347    0.0    0.0    0.0
    53.838  -171.347    0.0    0.0    0.0
    53.856  -171.347    0.0    0.0    0.0
    53.874  -171.347    0.0    0.0    0.0
    53.892  -171.347    0.0    0.0    0.0
    53.910  -171.347    0.0    0.0    0.0
    52.108  -171.317   -0.0    0.1   -0.1
    52.126  -171.317   -0.0    0.1   -0.2
    52.144  -171.317   -0.0    0.1   -0.2
    52.162  -171.317   -0.0    0.1   -0.2
    52.180  -171.317   -0.0    0.1   -0.2
    52.198  -171.317   -0.0    0.1   -0.2
    52.216  -171.317   -0.0    0.1   -0.2
    52.234  -171.317   -0.0    0.1   -0.2
    52.252  -171.317   -0.0    0.1   -0.2
    52.270  -171.317   -0.0    0.1   -0.2
    52.288  -171.317   -0.0    0.1   -0.2
    52.306  -171.317   -0.0    0.1   -0.2
    52.324  -171.317   -0.0    0.1   -0.2
    52.342  -171.317   -0.0    0.1   -0.2
    52.360  -171.317   -0.0    0.1   -0.2
    52.378  -171.317   -0.0    0.1   -0.3
    52.396  -171.317   -0.0    0.1   -0.3
    52.414  -171.317   -0.0    0.1   -0.3
    52.432  -171.317   -0.0    0.1   -0.3
    52.450  -171.317   -0.0    0.1   -0.3
    52.468  -171.317   -0.0    0.1   -0.3
    52.486  -171.317   -0.0    0.1   -0.3
    52.504  -171.317   -0.0    0.1   -0.3
    52.522  -171.317   -0.0    0.1   -0.3
    52.540  -171.317   -0.0    0.1   -0.3
    52.558  -171.317   -0.0    0.1   -0.3
    52.576  -171.317   -0.0    0.1   -0.3
    52.595  -171.317   -0.0    0.1   -0.3
    52.613  -171.317   -0.0    0.1   -0.3
    52.631  -171.317   -0.0    0.1   -0.3
    52.649  -171.317   -0.0    0.1   -0.3
    52.667  -171.317   -0.0    0.1   -0.3
    52.685  -171.317   -0.0    0.0   -0.3
    52.703  -171.317   -0.0    0.0   -0.3
    52.721  -171.317   -0.0    0.0   -0.3
    52.739  -171.317   -0.0    0.0   -0.3
    52.757  -171.317   -0.0    0.0   -0.3
    52.775  -171.317   -0.0    0.0   -0.3
    52.793  -171.317   -0.0    0.0   -0.2
    52.811  -171.317   -0.0    0.0   -0.2
    52.829  -171.317   -0.0    0.0   -0.2
    52.847  -171.317   -0.0    0.0   -0.2
    52.865  -171.317   -0.0    0.0   -0.2
    52.883  -171.317   -0.0    0.0   -0.2
    52.901  -171.317   -0.0    0.0   -0.2
    52.919  -171.317   -0.0   -0.0   -0.2
    52.937  -171.317   -0.0   -0.0   -0.2
    52.955  -171.317   -0.0   -0.0   -0.1
    52.973  -171.317   -0.0   -0.0   -0.1
    52.991  -171.317   -0.0   -0.0   -0.1
    53.009  -171.317   -0.0   -0.0   -0.1
    53.027  -171.317   -0.0   -0.0   -0.1
    53.045  -171.317   -0.0   -0.0   -0.1
    53.063  -171.317   -0.0   -0.0   -0.1
    53.081  -171.317   -0.0   -0.0   -0.1
    53.099  -171.317    0.0   -0.0   -0.1
    53.117  -171.317    0.0    0.0   -0.0
    53.135  -171.317    0.0    0.0   -0.0
    53.153  -171.317    0.0    0.0   -0.0
    53.171  -171.317    0.0    0.0   -0.0
    53.189  -171.317    0.0    0.0   -0.0
    53.207  -171.317    0.0    0.0   -0.0
    53.225  -171.317    0.0    0.0   -0.0
    53.243  -171.317    0.0    0.0    0.0
    53.261  -171.317    0.0    0.0    0.0
    53.279  -171.317    0.0    0.0    0.0
    53.297  -171.317    0.0    0.0    0.0
    53.315  -171.317    0.0    0.0    0.0
    53.333  -171.317    0.0    0.0    0.0
    53.351  -171.317    0.0    0.0    0.0
    53.369  -171.317    0.0    0.0    0.0
    53.387  -171.317    0.0    0.0    0.0
    53.405  -171.317    0.0    0.0    0.0
    53.423  -171.317    0.0    0.0    0.0
    53.441  -171.317    0.0    0.0    0.0
    53.459  -171.317    0.0    0.0    0.0
    53.477  -171.317    0.0    0.0    0.0
    53.495  -171.317    0.0    0.0    0.0
    53.513  -171.317    0.0    0.0    0.0
    53.531  -171.317    0.0    0.0    0.0
    53.549  -171.317    0.0    0.0    0.0
    53.567  -171.317    0.0    0.0    0.0
    53.585  -171.317    0.0    0.0    0.0
    53.603  -171.317    0.0    0.0    0.0
    53.621  -171.317    0.0    0.0    0.0
    53.639  -171.317    0.0    0.0    0.0
    53.657  -171.317    0.0    0.0    0.0
    53.675  -171.317    0.0    0.0    0.0
    53.694  -171.317    0.0    0.0    0.0
    53.712  -171.317    0.0    0.0    0.0
    53.730  -171.317    0.0    0.0    0.0
    53.748  -171.317    0.0    0.0    0.0
    53.766  -171.317    0.0    0.0    0.0
    53.784  -171.317    0.0    0.0    0.0
    53.802  -171.317    0.0    0.0    0.0
    53.820  -171.317    0.0    0.0    0.0
    53.838  -171.317    0.0    0.0    0.0
    53.856  -171.317    0.0    0.0    0.0
    53.874  -171.317    0.0    0.0    0.0
    53.892  -171.317    0.0    0.0    0.0
    53.910  -171.317    0.0    0.0    0.0
    52.108  -171.287   -0.0    0.1   -0.1
    52.126  -171.287   -0.0    0.1   -0.2
    52.144  -171.287   -0.0    0.1   -0.2
    52.162  -171.287   -0.0    0.1   -0.2
    52.180  -171.287   -0.0    0.1   -0.2
    52.198  -171.287   -0.0    0.1   -0.2
    52.216  -171.287   -0.0    0.1   -0.2
    52.234  -171.287   -0.0    0.1   -0.2
    52.252  -171.287   -0.0    0.1   -0.2
    52.270  -171.287   -0.0    0.1   -0.2
    52.288  -171.287   -0.0    0.1   -0.2
    52.306  -171.287   -0.0    0.1   -0.2
    52.324  -171.287   -0.0    0.1   -0.2
    52.342  -171.287   -0.0    0.1   -0.2
    52.360  -171.287   -0.0    0.1   -0.3
    52.378  -171.287   -0.0    0.1   -0.3
    52.396  -171.287   -0.0    0.1   -0.3
    52.414  -171.287   -0.0    0.1   -0.3
    52.432  -171.287   -0.0    0.1   -0.3
    52.450  -171.287   -0.0    0.1   -0.3
    52.468  -171.287   -0.0    0.1   -0.3
    52.486  -171.287   -0.0    0.1   -0.3
    52.504  -171.287   -0.0    0.1   -0.3
    52.522  -171.287   -0.0    0.1   -0.3
    52.540  -171.287   -0.0    0.1   -0.3
    52.558  -171.287   -0.0    0.1   -0.3
    52.576  -171.287   -0.0    0.1   -0.3
    52.595  -171.287   -0.0    0.1   -0.3
    52.613  -171.287   -0.0    0.1   -0.3
    52.631  -171.287   -0.0    0.1   -0.3
    52.649  -171.287   -0.0    0.1   -0.3
    52.667  -171.287   -0.0    0.1   -0.3
    52.685  -171.287   -0.0    0.0   -0.3
    52.703  -171.287   -0.0    0.0   -0.3
    52.721  -171.287   -0.0    0.0   -0.3
    52.739  -171.287   -0.0    0.0   -0.3
    52.757  -171.287   -0.0    0.0   -0.3
    52.775  -171.287   -0.0    0.0   -0.3
    52.793  -171.287   -0.0    0.0   -0.2
    52.811  -171.287   -0.0    0.0   -0.2
    52.829  -171.287   -0.0    0.0   -0.2
    52.847  -171.287   -0.0    0.0   -0.2
    52.865  -171.287   -0.0    0.0   -0.2
    52.883  -171.287   -0.0    0.0   -0.2
    52.901  -171.287   -0.0    0.0   -0.2
    52.919  -171.287   -0.0   -0.0   -0.2
    52.937  -171.287   -0.0   -0.0   -0.2
    52.955  -171.287   -0.0   -0.0   -0.1
    52.973  -171.287   -0.0   -0.0   -0.1
    52.991  -171.287   -0.0   -0.0   -0.1
    53.009  -171.287   -0.0   -0.0   -0.1
    53.027  -171.287   -0.0   -0.0   -0.1
    53.045  -171.287   -0.0   -0.0   -0.1
    53.063  -171.287   -0.0   -0.0   -0.1
    53.081  -171.287   -0.0   -0.0   -0.1
    53.099  -171.287    0.0    0.0   -0.1
    53.117  -171.287    0.0    0.0   -0.0
    53.135  -171.287    0.0    0.0   -0.0
    53.153  -171.287    0.0    0.0   -0.0
    53.171  -171.287    0.0    0.0   -0.0
    53.189  -171.287    0.0    0.0   -0.0
    53.207  -171.287    0.0    0.0   -0.0
    53.225  -171.287    0.0    0.0   -0.0
    53.243  -171.287    0.0    0.0    0.0
    53.261  -171.287    0.0    0.0    0.0
    53.279  -171.287    0.0    0.0    0.0
    53.297  -171.287    0.0    0.0    0.0
    53.315  -171.287    0.0    0.0    0.0
    53.333  -171.287    0.0    0.0    0.0
    53.351  -171.287    0.0    0.0    0.0
    53.369  -171.287    0.0    0.0    0.0
    53.387  -171.287    0.0    0.0    0.0
    53.405  -171.287    0.0    0.0    0.0
    53.423  -171.287    0.0    0.0    0.0
    53.441  -171.287    0.0    0.0    0.0
    53.459  -171.287    0.0    0.0    0.0
    53.477  -171.287    0.0    0.0    0.0
    53.495  -171.287    0.0    0.0    0.0
    53.513  -171.287    0.0    0.0    0.0
    53.531  -171.287    0.0    0.0    0.0
    53.549  -171.287    0.0    0.0    0.0
    53.567  -171.287    0.0    0.0    0.0
    53.585  -171.287    0.0    0.0    0.0
    53.603  -171.287    0.0    0.0    0.0
    53.621  -171.287    0.0    0.0    0.0
    53.639  -171.287    0.0    0.0    0.0
    53.657  -171.287    0.0    0.0    0.0
    53.675  -171.287    0.0    0.0    0.0
    53.694  -171.287    0.0    0.0    0.0
    53.712  -171.287    0.0    0.0    0.0
    53.730  -171.287    0.0    0.0    0.0
    53.748  -171.287    0.0    0.0    0.0
    53.766  -171.287    0.0    0.0    0.0
    53.784  -171.287    0.0    0.0    0.0
    53.802  -171.287    0.0    0.0    0.0
    53.820  -171.287    0.0    0.0    0.0
    53.838  -171.287    0.0    0.0    0.0
    53.856  -171.287    0.0    0.0    0.0
    53.874  -171.287    0.0    0.0    0.0
    53.892  -171.287    0.0    0.0    0.0
    53.910  -171.287    0.0    0.0    0.0
    52.108  -171.257   -0.0    0.1   -0.2
    52.126  -171.257   -0.0    0.1   -0.2
    52.144  -171.257   -0.0    0.1   -0.2
    52.162  -171.257   -0.0    0.1   -0.2
    52.180  -171.257   -0.0    0.1   -0.2
    52.198  -171.257   -0.0    0.1   -0.2
    52.216  -171.257   -0.0    0.1   -0.2
    52.234  -171.257   -0.0    0.1   -0.2
    52.252  -171.257   -0.0    0.1   -0.2
    52.270  -171.257   -0.0    0.1   -0.2
    52.288  -171.257   -0.0    0.1   -0.2
    52.306  -171.257   -0.0    0.1   -0.2
    52.324  -171.257   -0.0    0.1   -0.2
    52.342  -171.257   -0.0    0.1   -0.3
    52.360  -171.257   -0.0    0.1   -0.3
    52.378  -171.257   -0.0    0.1   -0.3
    52.396  -171.257   -0.0    0.1   -0.3
    52.414  -171.257   -0.0    0.1   -0.3
    52.432  -171.257   -0.0    0.1   -0.3
    52.450  -171.257   -0.0    0.1   -0.3
    52.468  -171.257   -0.0    0.1   -0.3
    52.486  -171.257   -0.0    0.1   -0.3
    52.504  -171.257   -0.0    0.1   -0.3
    52.522  -171.257   -0.0    0.1   -0.3
    52.540  -171.257   -0.0    0.1   -0.3
    52.558  -171.257   -0.0    0.1   -0.3
    52.576  -171.257   -0.1    0.1   -0.3
    52.595  -171.257   -0.1    0.1   -0.3
    52.613  -171.257   -0.1    0.1   -0.3
    52.631  -171.257   -0.1    0.1   -0.3
    52.649  -171.257   -0.1    0.1   -0.3
    52.667  -171.257   -0.1    0.1   -0.3
    52.685  -171.257   -0.1    0.0   -0.3
    52.703  -171.257   -0.1    0.0   -0.3
    52.721  -171.257   -0.1    0.0   -0.3
    52.739  -171.257   -0.1    0.0   -0.3
    52.757  -171.257   -0.1    0.0   -0.3
    52.775  -171.257   -0.1    0.0   -0.2
    52.793  -171.257   -0.0    0.0   -0.2
    52.811  -171.257   -0.0    0.0   -0.2
    52.829  -171.257   -0.0    0.0   -0.2
    52.847  -171.257   -0.0    0.0   -0.2
    52.865  -171.257   -0.0    0.0   -0.2
    52.883  -171.257   -0.0    0.0   -0.2
    52.901  -171.257   -0.0    0.0   -0.2
    52.919  -171.257   -0.0    0.0   -0.2
    52.937  -171.257   -0.0   -0.0   -0.2
    52.955  -171.257   -0.0   -0.0   -0.1
    52.973  -171.257   -0.0   -0.0   -0.1
    52.991  -171.257   -0.0   -0.0   -0.1
    53.009  -171.257   -0.0   -0.0   -0.1
    53.027  -171.257   -0.0   -0.0   -0.1
    53.045  -171.257   -0.0   -0.0   -0.1
    53.063  -171.257   -0.0   -0.0   -0.1
    53.081  -171.257   -0.0   -0.0   -0.1
    53.099  -171.257   -0.0    0.0   -0.1
    53.117  -171.257    0.0    0.0   -0.0
    53.135  -171.257    0.0    0.0   -0.0
    53.153  -171.257    0.0    0.0   -0.0
    53.171  -171.257    0.0    0.0   -0.0
    53.189  -171.257    0.0    0.0   -0.0
    53.207  -171.257    0.0    0.0   -0.0
    53.225  -171.257    0.0    0.0   -0.0
    53.243  -171.257    0.0    0.0    0.0
    53.261  -171.257    0.0    0.0    0.0
    53.279  -171.257    0.0    0.0    0.0
    53.297  -171.257    0.0    0.0    0.0
    53.315  -171.257    0.0    0.0    0.0
    53.333  -171.257    0.0    0.0    0.0
    53.351  -171.257    0.0    0.0    0.0
    53.369  -171.257    0.0    0.0    0.0
    53.387  -171.257    0.0    0.0    0.0
    53.405  -171.257    0.0    0.0    0.0
    53.423  -171.257    0.0    0.0    0.0
    53.441  -171.257    0.0    0.0    0.0
    53.459  -171.257    0.0    0.0    0.0
    53.477  -171.257    0.0    0.0    0.0
    53.495  -171.257    0.0    0.0    0.0
    53.513  -171.257    0.0    0.0    0.0
    53.531  -171.257    0.0    0.0    0.0
    53.549  -171.257    0.0    0.0    0.0
    53.567  -171.257    0.0    0.0    0.0
    53.585  -171.257    0.0    0.0    0.0
    53.603  -171.257    0.0    0.0    0.0
    53.621  -171.257    0.0    0.0    0.0
    53.639  -171.257    0.0    0.0    0.0
    53.657  -171.257    0.0    0.0    0.0
    53.675  -171.257    0.0    0.0    0.0
    53.694  -171.257    0.0    0.0    0.0
    53.712  -171.257    0.0    0.0    0.0
    53.730  -171.257    0.0    0.0    0.0
    53.748  -171.257    0.0    0.0    0.0
    53.766  -171.257    0.0    0.0    0.0
    53.784  -171.257    0.0    0.0    0.0
    53.802  -171.257    0.0    0.0    0.0
    53.820  -171.257    0.0    0.0    0.0
    53.838  -171.257    0.0    0.0    0.0
    53.856  -171.257    0.0    0.0    0.0
    53.874  -171.257    0.0    0.0    0.0
    53.892  -171.257    0.0    0.0    0.0
    53.910  -171.257    0.0    0.0    0.0
    52.108  -171.227   -0.0    0.1   -0.2
    52.126  -171.227   -0.0    0.1   -0.2
    52.144  -171.227   -0.0    0.1   -0.2
    52.162  -171.227   -0.0    0.1   -0.2
    52.180  -171.227   -0.0    0.1   -0.2
    52.198  -171.227   -0.0    0.1   -0.2
    52.216  -171.227   -0.0    0.1   -0.2
    52.234  -171.227   -0.0    0.1   -0.2
    52.252  -171.227   -0.0    0.1   -0.2
    52.270  -171.227   -0.0    0.1   -0.2
    52.288  -171.227   -0.0    0.1   -0.2
    52.306  -171.227   -0.0    0.1   -0.2
    52.324  -171.227   -0.0    0.1   -0.3
    52.342  -171.227   -0.0    0.1   -0.3
    52.360  -171.227   -0.0    0.1   -0.3
    52.378  -171.227   -0.0    0.1   -0.3
    52.396  -171.227   -0.0    0.1   -0.3
    52.414  -171.227   -0.0    0.1   -0.3
    52.432  -171.227   -0.0    0.1   -0.3
    52.450  -171.227   -0.0    0.1   -0.3
    52.468  -171.227   -0.0    0.1   -0.3
    52.486  -171.227   -0.0    0.1   -0.3
    52.504  -171.227   -0.1    0.1   -0.3
    52.522  -171.227   -0.1    0.1   -0.3
    52.540  -171.227   -0.1    0.1   -0.3
    52.558  -171.227   -0.1    0.1   -0.3
    52.576  -171.227   -0.1    0.1   -0.3
    52.595  -171.227   -0.1    0.1   -0.3
    52.613  -171.227   -0.1    0.1   -0.3
    52.631  -171.227   -0.1    0.1   -0.3
    52.649  -171.227   -0.1    0.1   -0.3
    52.667  -171.227   -0.1    0.1   -0.3
    52.685  -171.227   -0.1    0.0   -0.3
    52.703  -171.227   -0.1    0.0   -0.3
    52.721  -171.227   -0.1    0.0   -0.3
    52.739  -171.227   -0.1    0.0   -0.3
    52.757  -171.227   -0.1    0.0   -0.3
    52.775  -171.227   -0.1    0.0   -0.2
    52.793  -171.227   -0.1    0.0   -0.2
    52.811  -171.227   -0.1    0.0   -0.2
    52.829  -171.227   -0.1    0.0   -0.2
    52.847  -171.227   -0.0    0.0   -0.2
    52.865  -171.227   -0.0    0.0   -0.2
    52.883  -171.227   -0.0    0.0   -0.2
    52.901  -171.227   -0.0    0.0   -0.2
    52.919  -171.227   -0.0    0.0   -0.2
    52.937  -171.227   -0.0   -0.0   -0.1
    52.955  -171.227   -0.0   -0.0   -0.1
    52.973  -171.227   -0.0   -0.0   -0.1
    52.991  -171.227   -0.0   -0.0   -0.1
    53.009  -171.227   -0.0   -0.0   -0.1
    53.027  -171.227   -0.0   -0.0   -0.1
    53.045  -171.227   -0.0   -0.0   -0.1
    53.063  -171.227   -0.0    0.0   -0.1
    53.081  -171.227   -0.0    0.0   -0.1
    53.099  -171.227   -0.0    0.0   -0.1
    53.117  -171.227    0.0    0.0   -0.0
    53.135  -171.227    0.0    0.0   -0.0
    53.153  -171.227    0.0    0.0   -0.0
    53.171  -171.227    0.0    0.0   -0.0
    53.189  -171.227    0.0    0.0   -0.0
    53.207  -171.227    0.0    0.0   -0.0
    53.225  -171.227    0.0    0.0    0.0
    53.243  -171.227    0.0    0.0    0.0
    53.261  -171.227    0.0    0.0    0.0
    53.279  -171.227    0.0    0.0    0.0
    53.297  -171.227    0.0    0.0    0.0
    53.315  -171.227    0.0    0.0    0.0
    53.333  -171.227    0.0    0.0    0.0
    53.351  -171.227    0.0    0.0    0.0
    53.369  -171.227    0.0    0.0    0.0
    53.387  -171.227    0.0    0.0    0.0
    53.405  -171.227    0.0    0.0    0.0
    53.423  -171.227    0.0    0.0    0.0
    53.441  -171.227    0.0    0.0    0.0
    53.459  -171.227    0.0    0.0    0.0
    53.477  -171.227    0.0    0.0    0.0
    53.495  -171.227    0.0    0.0    0.0
    53.513  -171.227    0.0    0.0    0.0
    53.531  -171.227    0.0    0.0    0.0
    53.549  -171.227    0.0    0.0    0.0
    53.567  -171.227    0.0    0.0    0.0
    53.585  -171.227    0.0    0.0    0.0
    53.603  -171.227    0.0    0.0    0.0
    53.621  -171.227    0.0    0.0    0.0
    53.639  -171.227    0.0    0.0    0.0
    53.657  -171.227    0.0    0.0    0.0
    53.675  -171.227    0.0    0.0    0.0
    53.694  -171.227    0.0    0.0    0.0
    53.712  -171.227    0.0    0.0    0.0
    53.730  -171.227    0.0    0.0    0.0
    53.748  -171.227    0.0    0.0    0.0
    53.766  -171.227    0.0    0.0    0.0
    53.784  -171.227    0.0    0.0    0.0
    53.802  -171.227    0.0    0.0    0.0
    53.820  -171.227    0.0    0.0    0.0
    53.838  -171.227    0.0    0.0    0.0
    53.856  -171.227    0.0    0.0    0.0
    53.874  -171.227    0.0    0.0    0.0
    53.892  -171.227    0.0    0.0    0.0
    53.910  -171.227    0.0    0.0    0.0
    52.108  -171.198   -0.0    0.1   -0.2
    52.126  -171.198   -0.0    0.1   -0.2
    52.144  -171.198   -0.0    0.1   -0.2
    52.162  -171.198   -0.0    0.1   -0.2
    52.180  -171.198   -0.0    0.1   -0.2
    52.198  -171.198   -0.0    0.1   -0.2
    52.216  -171.198   -0.0    0.1   -0.2
    52.234  -171.198   -0.0    0.1   -0.2
    52.252  -171.198   -0.0    0.1   -0.2
    52.270  -171.198   -0.0    0.1   -0.2
    52.288  -171.198   -0.0    0.1   -0.2
    52.306  -171.198   -0.0    0.1   -0.3
    52.324  -171.198   -0.0    0.1   -0.3
    52.342  -171.198   -0.0    0.1   -0.3
    52.360  -171.198   -0.0    0.1   -0.3
    52.378  -171.198   -0.0    0.1   -0.3
    52.396  -171.198   -0.0    0.1   -0.3
    52.414  -171.198   -0.0    0.1   -0.3
    52.432  -171.198   -0.1    0.1   -0.3
    52.450  -171.198   -0.1    0.1   -0.3
    52.468  -171.198   -0.1    0.1   -0.3
    52.486  -171.198   -0.1    0.1   -0.3
    52.504  -171.198   -0.1    0.1   -0.3
    52.522  -171.198   -0.1    0.1   -0.3
    52.540  -171.198   -0.1    0.1   -0.3
    52.558  -171.198   -0.1    0.1   -0.3
    52.576  -171.198   -0.1    0.1   -0.3
    52.595  -171.198   -0.1    0.1   -0.3
    52.613  -171.198   -0.1    0.1   -0.3
    52.631  -171.198   -0.1    0.1   -0.3
    52.649  -171.198   -0.1    0.1   -0.3
    52.667  -171.198   -0.1    0.1   -0.3
    52.685  -171.198   -0.1    0.0   -0.3
    52.703  -171.198   -0.1    0.0   -0.3
    52.721  -171.198   -0.1    0.0   -0.3
    52.739  -171.198   -0.1    0.0   -0.3
    52.757  -171.198   -0.1    0.0   -0.3
    52.775  -171.198   -0.1    0.0   -0.2
    52.793  -171.198   -0.1    0.0   -0.2
    52.811  -171.198   -0.1    0.0   -0.2
    52.829  -171.198   -0.1    0.0   -0.2
    52.847  -171.198   -0.1    0.0   -0.2
    52.865  -171.198   -0.0    0.0   -0.2
    52.883  -171.198   -0.0    0.0   -0.2
    52.901  -171.198   -0.0    0.0   -0.2
    52.919  -171.198   -0.0    0.0   -0.2
    52.937  -171.198   -0.0   -0.0   -0.1
    52.955  -171.198   -0.0   -0.0   -0.1
    52.973  -171.198   -0.0   -0.0   -0.1
    52.991  -171.198   -0.0   -0.0   -0.1
    53.009  -171.198   -0.0   -0.0   -0.1
    53.027  -171.198   -0.0   -0.0   -0.1
    53.045  -171.198   -0.0    0.0   -0.1
    53.063  -171.198   -0.0    0.0   -0.1
    53.081  -171.198   -0.0    0.0   -0.1
    53.099  -171.198   -0.0    0.0   -0.0
    53.117  -171.198    0.0    0.0   -0.0
    53.135  -171.198    0.0    0.0   -0.0
    53.153  -171.198    0.0    0.0   -0.0
    53.171  -171.198    0.0    0.0   -0.0
    53.189  -171.198    0.0    0.0   -0.0
    53.207  -171.198    0.0    0.0   -0.0
    53.225  -171.198    0.0    0.0    0.0
    53.243  -171.198    0.0    0.0    0.0
    53.261  -171.198    0.0    0.0    0.0
    53.279  -171.198    0.0    0.0    0.0
    53.297  -171.198    0.0    0.0    0.0
    53.315  -171.198    0.0    0.0    0.0
    53.333  -171.198    0.0    0.0    0.0
    53.351  -171.198    0.0    0.0    0.0
    53.369  -171.198    0.0    0.0    0.0
    53.387  -171.198    0.0    0.0    0.0
    53.405  -171.198    0.0    0.0    0.0
    53.423  -171.198    0.0    0.0    0.0
    53.441  -171.198    0.0    0.0    0.0
    53.459  -171.198    0.0    0.0    0.0
    53.477  -171.198    0.0    0.0    0.0
    53.495  -171.198    0.0    0.0    0.0
    53.513  -171.198    0.0    0.0    0.0
    53.531  -171.198    0.0    0.0    0.0
    53.549  -171.198    0.0    0.0    0.0
    53.567  -171.198    0.0    0.0    0.0
    53.585  -171.198    0.0    0.0    0.0
    53.603  -171.198    0.0    0.0    0.0
    53.621  -171.198    0.0    0.0    0.0
    53.639  -171.198    0.0    0.0    0.0
    53.657  -171.198    0.0    0.0    0.0
    53.675  -171.198    0.0    0.0    0.0
    53.694  -171.198    0.0    0.0    0.0
    53.712  -171.198    0.0    0.0    0.0
    53.730  -171.198    0.0    0.0    0.0
    53.748  -171.198    0.0    0.0    0.0
    53.766  -171.198    0.0    0.0    0.0
    53.784  -171.198    0.0    0.0    0.0
    53.802  -171.198    0.0    0.0    0.0
    53.820  -171.198    0.0    0.0    0.0
    53.838  -171.198    0.0    0.0    0.0
    53.856  -171.198    0.0    0.0    0.0
    53.874  -171.198    0.0    0.0    0.0
    53.892  -171.198    0.0    0.0    0.0
    53.910  -171.198    0.0    0.0    0.0
    52.108  -171.168   -0.0    0.1   -0.2
    52.126  -171.168   -0.0    0.1   -0.2
    52.144  -171.168   -0.0    0.1   -0.2
    52.162  -171.168   -0.0    0.1   -0.2
    52.180  -171.168   -0.0    0.1   -0.2
    52.198  -171.168   -0.0    0.1   -0.2
    52.216  -171.168   -0.0    0.1   -0.2
    52.234  -171.168   -0.0    0.1   -0.2
    52.252  -171.168   -0.0    0.1   -0.2
    52.270  -171.168   -0.0    0.1   -0.2
    52.288  -171.168   -0.0    0.1   -0.2
    52.306  -171.168   -0.0    0.1   -0.3
    52.324  -171.168   -0.0    0.1   -0.3
    52.342  -171.168   -0.0    0.1   -0.3
    52.360  -171.168   -0.0    0.1   -0.3
    52.378  -171.168   -0.1    0.1   -0.3
    52.396  -171.168   -0.1    0.1   -0.3
    52.414  -171.168   -0.1    0.1   -0.3
    52.432  -171.168   -0.1    0.1   -0.3
    52.450  -171.168   -0.1    0.1   -0.3
    52.468  -171.168   -0.1    0.1   -0.3
    52.486  -171.168   -0.1    0.1   -0.3
    52.504  -171.168   -0.1    0.1   -0.3
    52.522  -171.168   -0.1    0.1   -0.3
    52.540  -171.168   -0.1    0.1   -0.3
    52.558  -171.168   -0.1    0.1   -0.3
    52.576  -171.168   -0.1    0.1   -0.3
    52.595  -171.168   -0.1    0.1   -0.3
    52.613  -171.168   -0.1    0.1   -0.3
    52.631  -171.168   -0.1    0.1   -0.3
    52.649  -171.168   -0.1    0.1   -0.3
    52.667  -171.168   -0.1    0.1   -0.3
    52.685  -171.168   -0.1    0.0   -0.3
    52.703  -171.168   -0.1    0.0   -0.3
    52.721  -171.168   -0.1    0.0   -0.3
    52.739  -171.168   -0.1    0.0   -0.3
    52.757  -171.168   -0.1    0.0   -0.2
    52.775  -171.168   -0.1    0.0   -0.2
    52.793  -171.168   -0.1    0.0   -0.2
    52.811  -171.168   -0.1    0.0   -0.2
    52.829  -171.168   -0.1    0.0   -0.2
    52.847  -171.168   -0.1    0.0   -0.2
    52.865  -171.168   -0.1    0.0   -0.2
    52.883  -171.168   -0.0    0.0   -0.2
    52.901  -171.168   -0.0    0.0   -0.2
    52.919  -171.168   -0.0    0.0   -0.1
    52.937  -171.168   -0.0    0.0   -0.1
    52.955  -171.168   -0.0    0.0   -0.1
    52.973  -171.168   -0.0   -0.0   -0.1
    52.991  -171.168   -0.0   -0.0   -0.1
    53.009  -171.168   -0.0    0.0   -0.1
    53.027  -171.168   -0.0    0.0   -0.1
    53.045  -171.168   -0.0    0.0   -0.1
    53.063  -171.168   -0.0    0.0   -0.1
    53.081  -171.168   -0.0    0.0   -0.1
    53.099  -171.168   -0.0    0.0   -0.0
    53.117  -171.168    0.0    0.0   -0.0
    53.135  -171.168    0.0    0.0   -0.0
    53.153  -171.168    0.0    0.0   -0.0
    53.171  -171.168    0.0    0.0   -0.0
    53.189  -171.168    0.0    0.0   -0.0
    53.207  -171.168    0.0    0.0   -0.0
    53.225  -171.168    0.0    0.0    0.0
    53.243  -171.168    0.0    0.0    0.0
    53.261  -171.168    0.0    0.0    0.0
    53.279  -171.168    0.0    0.0    0.0
    53.297  -171.168    0.0    0.0    0.0
    53.315  -171.168    0.0    0.0    0.0
    53.333  -171.168    0.0    0.0    0.0
    53.351  -171.168    0.0    0.0    0.0
    53.369  -171.168    0.0    0.0    0.0
    53.387  -171.168    0.0    0.0    0.0
    53.405  -171.168    0.0    0.0    0.0
    53.423  -171.168    0.0    0.0    0.0
    53.441  -171.168    0.0    0.0    0.0
    53.459  -171.168    0.0    0.0    0.0
    53.477  -171.168    0.0    0.0    0.0
    53.495  -171.168    0.0    0.0    0.0
    53.513  -171.168    0.0    0.1    0.0
    53.531  -171.168    0.0    0.1    0.0
    53.549  -171.168    0.0    0.1    0.0
    53.567  -171.168    0.0    0.1    0.0
    53.585  -171.168    0.0    0.1    0.0
    53.603  -171.168    0.0    0.1    0.0
    53.621  -171.168    0.0    0.1    0.0
    53.639  -171.168    0.0    0.0    0.0
    53.657  -171.168    0.0    0.0    0.0
    53.675  -171.168    0.0    0.0    0.0
    53.694  -171.168    0.0    0.0    0.0
    53.712  -171.168    0.0    0.0    0.0
    53.730  -171.168    0.0    0.0    0.0
    53.748  -171.168    0.0    0.0    0.0
    53.766  -171.168    0.0    0.0    0.0
    53.784  -171.168    0.0    0.0    0.0
    53.802  -171.168    0.0    0.0    0.0
    53.820  -171.168    0.0    0.0    0.0
    53.838  -171.168    0.0    0.0    0.0
    53.856  -171.168    0.0    0.0    0.0
    53.874  -171.168    0.0    0.0    0.0
    53.892  -171.168    0.0    0.0    0.0
    53.910  -171.168    0.0    0.0    0.0
    52.108  -171.138   -0.0    0.1   -0.2
    52.126  -171.138   -0.0    0.1   -0.2
    52.144  -171.138   -0.0    0.1   -0.2
    52.162  -171.138   -0.0    0.1   -0.2
    52.180  -171.138   -0.0    0.1   -0.2
    52.198  -171.138   -0.0    0.1   -0.2
    52.216  -171.138   -0.0    0.1   -0.2
    52.234  -171.138   -0.0    0.1   -0.2
    52.252  -171.138   -0.0    0.1   -0.2
    52.270  -171.138   -0.0    0.1   -0.2
    52.288  -171.138   -0.0    0.1   -0.3
    52.306  -171.138   -0.1    0.1   -0.3
    52.324  -171.138   -0.1    0.1   -0.3
    52.342  -171.138   -0.1    0.1   -0.3
    52.360  -171.138   -0.1    0.1   -0.3
    52.378  -171.138   -0.1    0.1   -0.3
    52.396  -171.138   -0.1    0.1   -0.3
    52.414  -171.138   -0.1    0.1   -0.3
    52.432  -171.138   -0.1    0.1   -0.3
    52.450  -171.138   -0.1    0.1   -0.3
    52.468  -171.138   -0.1    0.1   -0.3
    52.486  -171.138   -0.1    0.1   -0.3
    52.504  -171.138   -0.1    0.1   -0.3
    52.522  -171.138   -0.1    0.1   -0.3
    52.540  -171.138   -0.1    0.1   -0.3
    52.558  -171.138   -0.1    0.1   -0.3
    52.576  -171.138   -0.1    0.1   -0.3
    52.595  -171.138   -0.1    0.1   -0.3
    52.613  -171.138   -0.1    0.1   -0.3
    52.631  -171.138   -0.1    0.1   -0.3
    52.649  -171.138   -0.1    0.1   -0.3
    52.667  -171.138   -0.1    0.0   -0.3
    52.685  -171.138   -0.1    0.0   -0.3
    52.703  -171.138   -0.1    0.0   -0.3
    52.721  -171.138   -0.1    0.0   -0.3
    52.739  -171.138   -0.1    0.0   -0.2
    52.757  -171.138   -0.1    0.0   -0.2
    52.775  -171.138   -0.1    0.0   -0.2
    52.793  -171.138   -0.1    0.0   -0.2
    52.811  -171.138   -0.1    0.0   -0.2
    52.829  -171.138   -0.1    0.0   -0.2
    52.847  -171.138   -0.1    0.0   -0.2
    52.865  -171.138   -0.1    0.0   -0.2
    52.883  -171.138   -0.1    0.0   -0.2
    52.901  -171.138   -0.0    0.0   -0.2
    52.919  -171.138   -0.0    0.0   -0.1
    52.937  -171.138   -0.0    0.0   -0.1
    52.955  -171.138   -0.0    0.0   -0.1
    52.973  -171.138   -0.0    0.0   -0.1
    52.991  -171.138   -0.0    0.0   -0.1
    53.009  -171.138   -0.0    0.0   -0.1
    53.027  -171.138   -0.0    0.0   -0.1
    53.045  -171.138   -0.0    0.0   -0.1
    53.063  -171.138   -0.0    0.0   -0.1
    53.081  -171.138   -0.0    0.0   -0.0
    53.099  -171.138   -0.0    0.0   -0.0
    53.117  -171.138    0.0    0.0   -0.0
    53.135  -171.138    0.0    0.0   -0.0
    53.153  -171.138    0.0    0.0   -0.0
    53.171  -171.138    0.0    0.0   -0.0
    53.189  -171.138    0.0    0.0   -0.0
    53.207  -171.138    0.0    0.0    0.0
    53.225  -171.138    0.0    0.0    0.0
    53.243  -171.138    0.0    0.0    0.0
    53.261  -171.138    0.0    0.0    0.0
    53.279  -171.138    0.0    0.0    0.0
    53.297  -171.138    0.0    0.0    0.0
    53.315  -171.138    0.0    0.0    0.0
    53.333  -171.138    0.0    0.0    0.0
    53.351  -171.138    0.0    0.0    0.0
    53.369  -171.138    0.0    0.0    0.0
    53.387  -171.138    0.0    0.0    0.0
    53.405  -171.138    0.0    0.0    0.0
    53.423  -171.138    0.0    0.0    0.0
    53.441  -171.138    0.0    0.0    0.0
    53.459  -171.138    0.0    0.0    0.0
    53.477  -171.138    0.0    0.1    0.0
    53.495  -171.138    0.0    0.1    0.0
    53.513  -171.138    0.0    0.1    0.0
    53.531  -171.138    0.0    0.1    0.0
    53.549  -171.138    0.0    0.1    0.0
    53.567  -171.138    0.0    0.1    0.0
    53.585  -171.138    0.0    0.1    0.0
    53.603  -171.138    0.0    0.1    0.0
    53.621  -171.138    0.0    0.1    0.0
    53.639  -171.138    0.0    0.1    0.0
    53.657  -171.138    0.0    0.1    0.0
    53.675  -171.138    0.0    0.1    0.0
    53.694  -171.138    0.0    0.0    0.0
    53.712  -171.138    0.0    0.0    0.0
    53.730  -171.138    0.0    0.0    0.0
    53.748  -171.138    0.0    0.0    0.0
    53.766  -171.138    0.0    0.0    0.0
    53.784  -171.138    0.0    0.0    0.0
    53.802  -171.138    0.0    0.0    0.0
    53.820  -171.138    0.0    0.0    0.0
    53.838  -171.138    0.0    0.0    0.0
    53.856  -171.138    0.0    0.0    0.0
    53.874  -171.138    0.0    0.0    0.0
    53.892  -171.138    0.0    0.0    0.0
    53.910  -171.138    0.0    0.0    0.0
    52.108  -171.108   -0.0    0.1   -0.2
    52.126  -171.108   -0.0    0.1   -0.2
    52.144  -171.108   -0.0    0.1   -0.2
    52.162  -171.108   -0.0    0.1   -0.2
    52.180  -171.108   -0.0    0.1   -0.2
    52.198  -171.108   -0.0    0.1   -0.2
    52.216  -171.108   -0.0    0.1   -0.2
    52.234  -171.108   -0.0    0.1   -0.2
    52.252  -171.108   -0.1    0.1   -0.2
    52.270  -171.108   -0.1    0.1   -0.2
    52.288  -171.108   -0.1    0.1   -0.3
    52.306  -171.108   -0.1    0.1   -0.3
    52.324  -171.108   -0.1    0.1   -0.3
    52.342  -171.108   -0.1    0.1   -0.3
    52.360  -171.108   -0.1    0.1   -0.3
    52.378  -171.108   -0.1    0.1   -0.3
    52.396  -171.108   -0.1    0.1   -0.3
    52.414  -171.108   -0.1    0.1   -0.3
    52.432  -171.108   -0.1    0.1   -0.3
    52.450  -171.108   -0.1    0.1   -0.3
    52.468  -171.108   -0.1    0.1   -0.3
    52.486  -171.108   -0.1    0.1   -0.3
    52.504  -171.108   -0.1    0.1   -0.3
    52.522  -171.108   -0.1    0.1   -0.3
    52.540  -171.108   -0.1    0.1   -0.3
    52.558  -171.108   -0.1    0.1   -0.3
    52.576  -171.108   -0.1    0.1   -0.3
    52.595  -171.108   -0.1    0.1   -0.3
    52.613  -171.108   -0.1    0.1   -0.3
    52.631  -171.108   -0.1    0.1   -0.3
    52.649  -171.108   -0.1    0.1   -0.3
    52.667  -171.108   -0.1    0.0   -0.3
    52.685  -171.108   -0.1    0.0   -0.3
    52.703  -171.108   -0.1    0.0   -0.3
    52.721  -171.108   -0.1    0.0   -0.3
    52.739  -171.108   -0.1    0.0   -0.2
    52.757  -171.108   -0.1    0.0   -0.2
    52.775  -171.108   -0.1    0.0   -0.2
    52.793  -171.108   -0.1    0.0   -0.2
    52.811  -171.108   -0.1    0.0   -0.2
    52.829  -171.108   -0.1    0.0   -0.2
    52.847  -171.108   -0.1    0.0   -0.2
    52.865  -171.108   -0.1    0.0   -0.2
    52.883  -171.108   -0.1    0.0   -0.2
    52.901  -171.108   -0.0    0.0   -0.1
    52.919  -171.108   -0.0    0.0   -0.1
    52.937  -171.108   -0.0    0.0   -0.1
    52.955  -171.108   -0.0    0.0   -0.1
    52.973  -171.108   -0.0    0.0   -0.1
    52.991  -171.108   -0.0    0.0   -0.1
    53.009  -171.108   -0.0    0.0   -0.1
    53.027  -171.108   -0.0    0.0   -0.1
    53.045  -171.108   -0.0    0.0   -0.1
    53.063  -171.108   -0.0    0.0   -0.1
    53.081  -171.108   -0.0    0.0   -0.0
    53.099  -171.108   -0.0    0.0   -0.0
    53.117  -171.108    0.0    0.0   -0.0
    53.135  -171.108    0.0    0.0   -0.0
    53.153  -171.108    0.0    0.0   -0.0
    53.171  -171.108    0.0    0.0   -0.0
    53.189  -171.108    0.0    0.0   -0.0
    53.207  -171.108    0.0    0.0    0.0
    53.225  -171.108    0.0    0.0    0.0
    53.243  -171.108    0.0    0.0    0.0
    53.261  -171.108    0.0    0.0    0.0
    53.279  -171.108    0.0    0.0    0.0
    53.297  -171.108    0.0    0.0    0.0
    53.315  -171.108    0.0    0.0    0.0
    53.333  -171.108    0.0    0.0    0.0
    53.351  -171.108    0.0    0.0    0.0
    53.369  -171.108    0.0    0.0    0.0
    53.387  -171.108    0.0    0.0    0.0
    53.405  -171.108    0.0    0.0    0.0
    53.423  -171.108    0.0    0.0    0.0
    53.441  -171.108    0.0    0.0    0.0
    53.459  -171.108    0.0    0.1    0.0
    53.477  -171.108    0.0    0.1    0.0
    53.495  -171.108    0.0    0.1    0.0
    53.513  -171.108    0.0    0.1    0.0
    53.531  -171.108    0.0    0.1    0.0
    53.549  -171.108    0.0    0.1    0.0
    53.567  -171.108    0.0    0.1    0.0
    53.585  -171.108    0.0    0.1    0.0
    53.603  -171.108    0.0    0.1    0.0
    53.621  -171.108    0.0    0.1    0.0
    53.639  -171.108    0.0    0.1    0.0
    53.657  -171.108    0.0    0.1    0.0
    53.675  -171.108    0.0    0.1    0.0
    53.694  -171.108    0.0    0.1    0.0
    53.712  -171.108    0.0    0.0    0.0
    53.730  -171.108    0.0    0.0    0.0
    53.748  -171.108    0.0    0.0    0.0
    53.766  -171.108    0.0    0.0    0.0
    53.784  -171.108    0.0    0.0    0.0
    53.802  -171.108    0.0    0.0    0.0
    53.820  -171.108    0.0    0.0    0.0
    53.838  -171.108    0.0    0.0    0.0
    53.856  -171.108    0.0    0.0    0.0
    53.874  -171.108    0.0    0.0    0.0
    53.892  -171.108    0.0    0.0    0.0
    53.910  -171.108    0.0    0.0    0.0
    52.108  -171.078   -0.0    0.1   -0.2
    52.126  -171.078   -0.0    0.1   -0.2
    52.144  -171.078   -0.0    0.1   -0.2
    52.162  -171.078   -0.0    0.1   -0.2
    52.180  -171.078   -0.1    0.1   -0.2
    52.198  -171.078   -0.1    0.1   -0.2
    52.216  -171.078   -0.1    0.1   -0.2
    52.234  -171.078   -0.1    0.1   -0.2
    52.252  -171.078   -0.1    0.1   -0.2
    52.270  -171.078   -0.1    0.1   -0.3
    52.288  -171.078   -0.1    0.1   -0.3
    52.306  -171.078   -0.1    0.1   -0.3
    52.324  -171.078   -0.1    0.1   -0.3
    52.342  -171.078   -0.1    0.1   -0.3
    52.360  -171.078   -0.1    0.1   -0.3
    52.378  -171.078   -0.1    0.1   -0.3
    52.396  -171.078   -0.1    0.1   -0.3
    52.414  -171.078   -0.1    0.1   -0.3
    52.432  -171.078   -0.1    0.1   -0.3
    52.450  -171.078   -0.1    0.1   -0.3
    52.468  -171.078   -0.1    0.1   -0.3
    52.486  -171.078   -0.1    0.1   -0.3
    52.504  -171.078   -0.1    0.1   -0.3
    52.522  -171.078   -0.1    0.1   -0.3
    52.540  -171.078   -0.1    0.1   -0.3
    52.558  -171.078   -0.1    0.1   -0.3
    52.576  -171.078   -0.1    0.1   -0.3
    52.595  -171.078   -0.1    0.1   -0.3
    52.613  -171.078   -0.1    0.1   -0.3
    52.631  -171.078   -0.1    0.1   -0.3
    52.649  -171.078   -0.1    0.1   -0.3
    52.667  -171.078   -0.1    0.0   -0.3
    52.685  -171.078   -0.1    0.0   -0.3
    52.703  -171.078   -0.1    0.0   -0.3
    52.721  -171.078   -0.1    0.0   -0.2
    52.739  -171.078   -0.1    0.0   -0.2
    52.757  -171.078   -0.1    0.0   -0.2
    52.775  -171.078   -0.1    0.0   -0.2
    52.793  -171.078   -0.1    0.0   -0.2
    52.811  -171.078   -0.1    0.0   -0.2
    52.829  -171.078   -0.1    0.0   -0.2
    52.847  -171.078   -0.1    0.0   -0.2
    52.865  -171.078   -0.1    0.0   -0.2
    52.883  -171.078   -0.1    0.0   -0.2
    52.901  -171.078   -0.1    0.0   -0.1
    52.919  -171.078   -0.0    0.0   -0.1
    52.937  -171.078   -0.0    0.0   -0.1
    52.955  -171.078   -0.0    0.0   -0.1
    52.973  -171.078   -0.0    0.0   -0.1
    52.991  -171.078   -0.0    0.0   -0.1
    53.009  -171.078   -0.0    0.0   -0.1
    53.027  -171.078   -0.0    0.0   -0.1
    53.045  -171.078   -0.0    0.0   -0.1
    53.063  -171.078   -0.0    0.0   -0.1
    53.081  -171.078   -0.0    0.0   -0.0
    53.099  -171.078   -0.0    0.0   -0.0
    53.117  -171.078    0.0    0.0   -0.0
    53.135  -171.078    0.0    0.0   -0.0
    53.153  -171.078    0.0    0.0   -0.0
    53.171  -171.078    0.0    0.0   -0.0
    53.189  -171.078    0.0    0.0   -0.0
    53.207  -171.078    0.0    0.0    0.0
    53.225  -171.078    0.0    0.0    0.0
    53.243  -171.078    0.0    0.0    0.0
    53.261  -171.078    0.0    0.0    0.0
    53.279  -171.078    0.0    0.0    0.0
    53.297  -171.078    0.0    0.0    0.0
    53.315  -171.078    0.0    0.0    0.0
    53.333  -171.078    0.0    0.0    0.0
    53.351  -171.078    0.0    0.0    0.0
    53.369  -171.078    0.0    0.0    0.0
    53.387  -171.078    0.0    0.0    0.0
    53.405  -171.078    0.0    0.0    0.0
    53.423  -171.078    0.0    0.0    0.0
    53.441  -171.078    0.0    0.1    0.0
    53.459  -171.078    0.0    0.1    0.0
    53.477  -171.078    0.0    0.1    0.0
    53.495  -171.078    0.0    0.1    0.0
    53.513  -171.078    0.0    0.1    0.0
    53.531  -171.078    0.0    0.1    0.0
    53.549  -171.078    0.0    0.1    0.0
    53.567  -171.078    0.0    0.1    0.0
    53.585  -171.078    0.0    0.1    0.0
    53.603  -171.078    0.0    0.1    0.0
    53.621  -171.078    0.0    0.1    0.0
    53.639  -171.078    0.0    0.1    0.0
    53.657  -171.078    0.0    0.1    0.0
    53.675  -171.078    0.0    0.1    0.0
    53.694  -171.078    0.0    0.1    0.0
    53.712  -171.078    0.0    0.1    0.0
    53.730  -171.078    0.0    0.1    0.0
    53.748  -171.078    0.0    0.0    0.0
    53.766  -171.078    0.0    0.0    0.0
    53.784  -171.078    0.0    0.0    0.0
    53.802  -171.078    0.0    0.0    0.0
    53.820  -171.078    0.0    0.0    0.0
    53.838  -171.078    0.0    0.0    0.0
    53.856  -171.078    0.0    0.0    0.0
    53.874  -171.078    0.0    0.0    0.0
    53.892  -171.078    0.0    0.0    0.0
    53.910  -171.078    0.0    0.0    0.0
    52.108  -171.049   -0.0    0.1   -0.2
    52.126  -171.049   -0.1    0.1   -0.2
    52.144  -171.049   -0.1    0.1   -0.2
    52.162  -171.049   -0.1    0.1   -0.2
    52.180  -171.049   -0.1    0.1   -0.2
    52.198  -171.049   -0.1    0.1   -0.2
    52.216  -171.049   -0.1    0.1   -0.2
    52.234  -171.049   -0.1    0.1   -0.2
    52.252  -171.049   -0.1    0.1   -0.2
    52.270  -171.049   -0.1    0.1   -0.3
    52.288  -171.049   -0.1    0.1   -0.3
    52.306  -171.049   -0.1    0.1   -0.3
    52.324  -171.049   -0.1    0.1   -0.3
    52.342  -171.049   -0.1    0.1   -0.3
    52.360  -171.049   -0.1    0.1   -0.3
    52.378  -171.049   -0.1    0.1   -0.3
    52.396  -171.049   -0.1    0.1   -0.3
    52.414  -171.049   -0.1    0.1   -0.3
    52.432  -171.049   -0.1    0.1   -0.3
    52.450  -171.049   -0.1    0.1   -0.3
    52.468  -171.049   -0.1    0.1   -0.3
    52.486  -171.049   -0.1    0.1   -0.3
    52.504  -171.049   -0.1    0.1   -0.3
    52.522  -171.049   -0.1    0.1   -0.3
    52.540  -171.049   -0.1    0.1   -0.3
    52.558  -171.049   -0.1    0.1   -0.3
    52.576  -171.049   -0.1    0.1   -0.3
    52.595  -171.049   -0.1    0.1   -0.3
    52.613  -171.049   -0.1    0.1   -0.3
    52.631  -171.049   -0.1    0.1   -0.3
    52.649  -171.049   -0.1    0.1   -0.3
    52.667  -171.049   -0.1    0.0   -0.3
    52.685  -171.049   -0.1    0.0   -0.3
    52.703  -171.049   -0.1    0.0   -0.2
    52.721  -171.049   -0.1    0.0   -0.2
    52.739  -171.049   -0.1    0.0   -0.2
    52.757  -171.049   -0.1    0.0   -0.2
    52.775  -171.049   -0.1    0.0   -0.2
    52.793  -171.049   -0.1    0.0   -0.2
    52.811  -171.049   -0.1    0.0   -0.2
    52.829  -171.049   -0.1    0.0   -0.2
    52.847  -171.049   -0.1    0.0   -0.2
    52.865  -171.049   -0.1    0.0   -0.2
    52.883  -171.049   -0.1    0.0   -0.1
    52.901  -171.049   -0.1    0.0   -0.1
    52.919  -171.049   -0.0    0.0   -0.1
    52.937  -171.049   -0.0    0.0   -0.1
    52.955  -171.049   -0.0    0.0   -0.1
    52.973  -171.049   -0.0    0.0   -0.1
    52.991  -171.049   -0.0    0.0   -0.1
    53.009  -171.049   -0.0    0.0   -0.1
    53.027  -171.049   -0.0    0.0   -0.1
    53.045  -171.049   -0.0    0.0   -0.1
    53.063  -171.049   -0.0    0.0   -0.0
    53.081  -171.049   -0.0    0.0   -0.0
    53.099  -171.049   -0.0    0.0   -0.0
    53.117  -171.049    0.0    0.0   -0.0
    53.135  -171.049    0.0    0.0   -0.0
    53.153  -171.049    0.0    0.0   -0.0
    53.171  -171.049    0.0    0.0   -0.0
    53.189  -171.049    0.0    0.0    0.0
    53.207  -171.049    0.0    0.0    0.0
    53.225  -171.049    0.0    0.0    0.0
    53.243  -171.049    0.0    0.0    0.0
    53.261  -171.049    0.0    0.0    0.0
    53.279  -171.049    0.0    0.0    0.0
    53.297  -171.049    0.0    0.0    0.0
    53.315  -171.049    0.0    0.0    0.0
    53.333  -171.049    0.0    0.0    0.0
    53.351  -171.049    0.0    0.0    0.0
    53.369  -171.049    0.0    0.0    0.0
    53.387  -171.049    0.0    0.0    0.0
    53.405  -171.049    0.0    0.0    0.0
    53.423  -171.049    0.0    0.1    0.0
    53.441  -171.049    0.0    0.1    0.0
    53.459  -171.049    0.0    0.1    0.0
    53.477  -171.049    0.0    0.1    0.0
    53.495  -171.049    0.0    0.1    0.0
    53.513  -171.049    0.0    0.1    0.0
    53.531  -171.049    0.0    0.1    0.0
    53.549  -171.049    0.0    0.1    0.0
    53.567  -171.049    0.0    0.1    0.0
    53.585  -171.049    0.0    0.1    0.0
    53.603  -171.049    0.0    0.1    0.0
    53.621  -171.049    0.0    0.1    0.0
    53.639  -171.049    0.0    0.1    0.0
    53.657  -171.049    0.0    0.1    0.0
    53.675  -171.049    0.0    0.1    0.0
    53.694  -171.049    0.0    0.1    0.0
    53.712  -171.049    0.0    0.1    0.0
    53.730  -171.049    0.0    0.1    0.0
    53.748  -171.049    0.0    0.1    0.0
    53.766  -171.049    0.0    0.0    0.0
    53.784  -171.049    0.0    0.0    0.0
    53.802  -171.049    0.0    0.0    0.0
    53.820  -171.049    0.0    0.0    0.0
    53.838  -171.049    0.0    0.0    0.0
    53.856  -171.049    0.0    0.0    0.0
    53.874  -171.049    0.0    0.0    0.0
    53.892  -171.049    0.0    0.0    0.0
    53.910  -171.049    0.0    0.0    0.0
    52.108  -171.019   -0.1    0.1   -0.2
    52.126  -171.019   -0.1    0.1   -0.2
    52.144  -171.019   -0.1    0.1   -0.2
    52.162  -171.019   -0.1    0.1   -0.2
    52.180  -171.019   -0.1    0.1   -0.2
    52.198  -171.019   -0.1    0.1   -0.2
    52.216  -171.019   -0.1    0.1   -0.2
    52.234  -171.019   -0.1    0.1   -0.2
    52.252  -171.019   -0.1    0.1   -0.2
    52.270  -171.019   -0.1    0.1   -0.3
    52.288  -171.019   -0.1    0.1   -0.3
    52.306  -171.019   -0.1    0.1   -0.3
    52.324  -171.019   -0.1    0.1   -0.3
    52.342  -171.019   -0.1    0.1   -0.3
    52.360  -171.019   -0.1    0.1   -0.3
    52.378  -171.019   -0.1    0.1   -0.3
    52.396  -171.019   -0.1    0.1   -0.3
    52.414  -171.019   -0.1    0.1   -0.3
    52.432  -171.019   -0.1    0.1   -0.3
    52.450  -171.019   -0.1    0.1   -0.3
    52.468  -171.019   -0.1    0.1   -0.3
    52.486  -171.019   -0.1    0.1   -0.3
    52.504  -171.019   -0.1    0.1   -0.3
    52.522  -171.019   -0.1    0.1   -0.3
    52.540  -171.019   -0.1    0.1   -0.3
    52.558  -171.019   -0.1    0.1   -0.3
    52.576  -171.019   -0.1    0.1   -0.3
    52.595  -171.019   -0.1    0.1   -0.3
    52.613  -171.019   -0.1    0.1   -0.3
    52.631  -171.019   -0.1    0.1   -0.3
    52.649  -171.019   -0.1    0.0   -0.3
    52.667  -171.019   -0.1    0.0   -0.3
    52.685  -171.019   -0.1    0.0   -0.2
    52.703  -171.019   -0.1    0.0   -0.2
    52.721  -171.019   -0.1    0.0   -0.2
    52.739  -171.019   -0.1    0.0   -0.2
    52.757  -171.019   -0.1    0.0   -0.2
    52.775  -171.019   -0.1    0.0   -0.2
    52.793  -171.019   -0.1    0.0   -0.2
    52.811  -171.019   -0.1    0.0   -0.2
    52.829  -171.019   -0.1    0.0   -0.2
    52.847  -171.019   -0.1    0.0   -0.2
    52.865  -171.019   -0.1    0.0   -0.1
    52.883  -171.019   -0.1    0.0   -0.1
    52.901  -171.019   -0.1    0.0   -0.1
    52.919  -171.019   -0.0    0.0   -0.1
    52.937  -171.019   -0.0    0.0   -0.1
    52.955  -171.019   -0.0    0.0   -0.1
    52.973  -171.019   -0.0    0.0   -0.1
    52.991  -171.019   -0.0    0.0   -0.1
    53.009  -171.019   -0.0    0.0   -0.1
    53.027  -171.019   -0.0    0.0   -0.1
    53.045  -171.019   -0.0    0.0   -0.1
    53.063  -171.019   -0.0    0.0   -0.0
    53.081  -171.019   -0.0    0.0   -0.0
    53.099  -171.019   -0.0    0.0   -0.0
    53.117  -171.019    0.0    0.0   -0.0
    53.135  -171.019    0.0    0.0   -0.0
    53.153  -171.019    0.0    0.0   -0.0
    53.171  -171.019    0.0    0.0   -0.0
    53.189  -171.019    0.0    0.0    0.0
    53.207  -171.019    0.0    0.0    0.0
    53.225  -171.019    0.0    0.0    0.0
    53.243  -171.019    0.0    0.0    0.0
    53.261  -171.019    0.0    0.0    0.0
    53.279  -171.019    0.0    0.0    0.0
    53.297  -171.019    0.0    0.0    0.0
    53.315  -171.019    0.0    0.0    0.0
    53.333  -171.019    0.0    0.0    0.0
    53.351  -171.019    0.0    0.0    0.0
    53.369  -171.019    0.0    0.0    0.0
    53.387  -171.019    0.0    0.0    0.0
    53.405  -171.019    0.0    0.1    0.0
    53.423  -171.019    0.0    0.1    0.0
    53.441  -171.019    0.0    0.1    0.0
    53.459  -171.019    0.0    0.1    0.0
    53.477  -171.019    0.0    0.1    0.0
    53.495  -171.019    0.0    0.1    0.0
    53.513  -171.019    0.0    0.1    0.0
    53.531  -171.019    0.0    0.1    0.0
    53.549  -171.019    0.0    0.1    0.0
    53.567  -171.019    0.0    0.1    0.0
    53.585  -171.019    0.0    0.1    0.0
    53.603  -171.019    0.0    0.1    0.0
    53.621  -171.019    0.0    0.1    0.0
    53.639  -171.019    0.0    0.1    0.0
    53.657  -171.019    0.0    0.1    0.0
    53.675  -171.019    0.0    0.1    0.0
    53.694  -171.019    0.0    0.1    0.0
    53.712  -171.019    0.0    0.1    0.0
    53.730  -171.019    0.0    0.1    0.0
    53.748  -171.019    0.0    0.1    0.0
    53.766  -171.019    0.0    0.1    0.0
    53.784  -171.019    0.0    0.0    0.0
    53.802  -171.019    0.0    0.0    0.0
    53.820  -171.019    0.0    0.0    0.0
    53.838  -171.019    0.0    0.0    0.0
    53.856  -171.019    0.0    0.0    0.0
    53.874  -171.019    0.0    0.0    0.0
    53.892  -171.019    0.0    0.0    0.0
    53.910  -171.019    0.0    0.0    0.0
    52.108  -170.989   -0.1    0.1   -0.2
    52.126  -170.989   -0.1    0.1   -0.2
    52.144  -170.989   -0.1    0.1   -0.2
    52.162  -170.989   -0.1    0.1   -0.2
    52.180  -170.989   -0.1    0.1   -0.2
    52.198  -170.989   -0.1    0.1   -0.2
    52.216  -170.989   -0.1    0.1   -0.2
    52.234  -170.989   -0.1    0.1   -0.2
    52.252  -170.989   -0.1    0.1   -0.2
    52.270  -170.989   -0.1    0.1   -0.3
    52.288  -170.989   -0.1    0.1   -0.3
    52.306  -170.989   -0.1    0.1   -0.3
    52.324  -170.989   -0.1    0.1   -0.3
    52.342  -170.989   -0.1    0.1   -0.3
    52.360  -170.989   -0.1    0.1   -0.3
    52.378  -170.989   -0.1    0.1   -0.3
    52.396  -170.989   -0.1    0.1   -0.3
    52.414  -170.989   -0.1    0.1   -0.3
    52.432  -170.989   -0.1    0.1   -0.3
    52.450  -170.989   -0.1    0.1   -0.3
    52.468  -170.989   -0.1    0.1   -0.3
    52.486  -170.989   -0.1    0.1   -0.3
    52.504  -170.989   -0.1    0.1   -0.3
    52.522  -170.989   -0.1    0.1   -0.3
    52.540  -170.989   -0.1    0.1   -0.3
    52.558  -170.989   -0.1    0.1   -0.3
    52.576  -170.989   -0.1    0.1   -0.3
    52.595  -170.989   -0.1    0.1   -0.3
    52.613  -170.989   -0.1    0.1   -0.3
    52.631  -170.989   -0.1    0.1   -0.3
    52.649  -170.989   -0.1    0.0   -0.3
    52.667  -170.989   -0.1    0.0   -0.2
    52.685  -170.989   -0.1    0.0   -0.2
    52.703  -170.989   -0.1    0.0   -0.2
    52.721  -170.989   -0.1    0.0   -0.2
    52.739  -170.989   -0.1    0.0   -0.2
    52.757  -170.989   -0.1    0.0   -0.2
    52.775  -170.989   -0.1    0.0   -0.2
    52.793  -170.989   -0.1    0.0   -0.2
    52.811  -170.989   -0.1    0.0   -0.2
    52.829  -170.989   -0.1    0.0   -0.2
    52.847  -170.989   -0.1    0.0   -0.2
    52.865  -170.989   -0.1    0.0   -0.1
    52.883  -170.989   -0.1    0.0   -0.1
    52.901  -170.989   -0.1    0.0   -0.1
    52.919  -170.989   -0.0    0.0   -0.1
    52.937  -170.989   -0.0    0.0   -0.1
    52.955  -170.989   -0.0    0.0   -0.1
    52.973  -170.989   -0.0    0.0   -0.1
    52.991  -170.989   -0.0    0.0   -0.1
    53.009  -170.989   -0.0    0.0   -0.1
    53.027  -170.989   -0.0    0.0   -0.1
    53.045  -170.989   -0.0    0.0   -0.0
    53.063  -170.989   -0.0    0.0   -0.0
    53.081  -170.989   -0.0    0.0   -0.0
    53.099  -170.989   -0.0    0.0   -0.0
    53.117  -170.989    0.0    0.0   -0.0
    53.135  -170.989    0.0    0.0   -0.0
    53.153  -170.989    0.0    0.0   -0.0
    53.171  -170.989    0.0    0.0   -0.0
    53.189  -170.989    0.0    0.0    0.0
    53.207  -170.989    0.0    0.0    0.0
    53.225  -170.989    0.0    0.0    0.0
    53.243  -170.989    0.0    0.0    0.0
    53.261  -170.989    0.0    0.0    0.0
    53.279  -170.989    0.0    0.0    0.0
    53.297  -170.989    0.0    0.0    0.0
    53.315  -170.989    0.0    0.0    0.0
    53.333  -170.989    0.0    0.0    0.0
    53.351  -170.989    0.0    0.0    0.0
    53.369  -170.989    0.0    0.0    0.0
    53.387  -170.989    0.0    0.1    0.0
    53.405  -170.989    0.0    0.1    0.0
    53.423  -170.989    0.0    0.1    0.0
    53.441  -170.989    0.0    0.1    0.0
    53.459  -170.989    0.0    0.1    0.0
    53.477  -170.989    0.0    0.1    0.0
    53.495  -170.989    0.0    0.1    0.0
    53.513  -170.989    0.0    0.1    0.0
    53.531  -170.989    0.0    0.1    0.0
    53.549  -170.989    0.0    0.1    0.0
    53.567  -170.989    0.0    0.1    0.0
    53.585  -170.989    0.0    0.1    0.0
    53.603  -170.989    0.0    0.1    0.0
    53.621  -170.989    0.0    0.1    0.0
    53.639  -170.989    0.0    0.1    0.0
    53.657  -170.989    0.0    0.1    0.0
    53.675  -170.989    0.0    0.1    0.0
    53.694  -170.989    0.0    0.1    0.0
    53.712  -170.989    0.0    0.1    0.0
    53.730  -170.989    0.0    0.1    0.0
    53.748  -170.989    0.0    0.1    0.0
    53.766  -170.989    0.0    0.1    0.0
    53.784  -170.989    0.0    0.1    0.0
    53.802  -170.989    0.0    0.0    0.0
    53.820  -170.989    0.0    0.0    0.0
    53.838  -170.989    0.0    0.0    0.0
    53.856  -170.989    0.0    0.0    0.0
    53.874  -170.989    0.0    0.0    0.0
    53.892  -170.989    0.0    0.0    0.0
    53.910  -170.989    0.0    0.0    0.0
    52.108  -170.959   -0.1    0.1   -0.2
    52.126  -170.959   -0.1    0.1   -0.2
    52.144  -170.959   -0.1    0.1   -0.2
    52.162  -170.959   -0.1    0.1   -0.2
    52.180  -170.959   -0.1    0.1   -0.2
    52.198  -170.959   -0.1    0.1   -0.2
    52.216  -170.959   -0.1    0.1   -0.2
    52.234  -170.959   -0.1    0.1   -0.2
    52.252  -170.959   -0.1    0.1   -0.2
    52.270  -170.959   -0.1    0.1   -0.3
    52.288  -170.959   -0.1    0.1   -0.3
    52.306  -170.959   -0.1    0.1   -0.3
    52.324  -170.959   -0.1    0.1   -0.3
    52.342  -170.959   -0.1    0.1   -0.3
    52.360  -170.959   -0.1    0.1   -0.3
    52.378  -170.959   -0.1    0.1   -0.3
    52.396  -170.959   -0.1    0.1   -0.3
    52.414  -170.959   -0.1    0.1   -0.3
    52.432  -170.959   -0.1    0.1   -0.3
    52.450  -170.959   -0.1    0.1   -0.3
    52.468  -170.959   -0.1    0.1   -0.3
    52.486  -170.959   -0.1    0.1   -0.3
    52.504  -170.959   -0.1    0.1   -0.3
    52.522  -170.959   -0.1    0.1   -0.3
    52.540  -170.959   -0.1    0.1   -0.3
    52.558  -170.959   -0.1    0.1   -0.3
    52.576  -170.959   -0.1    0.1   -0.3
    52.595  -170.959   -0.1    0.1   -0.3
    52.613  -170.959   -0.1    0.1   -0.3
    52.631  -170.959   -0.1    0.1   -0.3
    52.649  -170.959   -0.1    0.0   -0.2
    52.667  -170.959   -0.1    0.0   -0.2
    52.685  -170.959   -0.1    0.0   -0.2
    52.703  -170.959   -0.1    0.0   -0.2
    52.721  -170.959   -0.1    0.0   -0.2
    52.739  -170.959   -0.1    0.0   -0.2
    52.757  -170.959   -0.1    0.0   -0.2
    52.775  -170.959   -0.1    0.0   -0.2
    52.793  -170.959   -0.1    0.0   -0.2
    52.811  -170.959   -0.1    0.0   -0.2
    52.829  -170.959   -0.1    0.0   -0.2
    52.847  -170.959   -0.1    0.0   -0.1
    52.865  -170.959   -0.1    0.0   -0.1
    52.883  -170.959   -0.1    0.0   -0.1
    52.901  -170.959   -0.1    0.0   -0.1
    52.919  -170.959   -0.0    0.0   -0.1
    52.937  -170.959   -0.0    0.0   -0.1
    52.955  -170.959   -0.0    0.0   -0.1
    52.973  -170.959   -0.0    0.0   -0.1
    52.991  -170.959   -0.0    0.0   -0.1
    53.009  -170.959   -0.0    0.0   -0.1
    53.027  -170.959   -0.0    0.0   -0.1
    53.045  -170.959   -0.0    0.0   -0.0
    53.063  -170.959   -0.0    0.0   -0.0
    53.081  -170.959   -0.0    0.0   -0.0
    53.099  -170.959   -0.0    0.0   -0.0
    53.117  -170.959    0.0    0.0   -0.0
    53.135  -170.959    0.0    0.0   -0.0
    53.153  -170.959    0.0    0.0   -0.0
    53.171  -170.959    0.0    0.0    0.0
    53.189  -170.959    0.0    0.0    0.0
    53.207  -170.959    0.0    0.0    0.0
    53.225  -170.959    0.0    0.0    0.0
    53.243  -170.959    0.0    0.0    0.0
    53.261  -170.959    0.0    0.0    0.0
    53.279  -170.959    0.0    0.0    0.0
    53.297  -170.959    0.0    0.0    0.0
    53.315  -170.959    0.0    0.0    0.0
    53.333  -170.959    0.0    0.0    0.0
    53.351  -170.959    0.0    0.0    0.0
    53.369  -170.959    0.0    0.0    0.0
    53.387  -170.959    0.0    0.1    0.0
    53.405  -170.959    0.0    0.1    0.0
    53.423  -170.959    0.0    0.1    0.0
    53.441  -170.959    0.0    0.1    0.0
    53.459  -170.959    0.0    0.1    0.0
    53.477  -170.959    0.0    0.1    0.0
    53.495  -170.959    0.0    0.1    0.0
    53.513  -170.959    0.0    0.1    0.0
    53.531  -170.959    0.0    0.1    0.0
    53.549  -170.959    0.0    0.1    0.0
    53.567  -170.959    0.0    0.1    0.0
    53.585  -170.959    0.0    0.1    0.0
    53.603  -170.959    0.0    0.1    0.0
    53.621  -170.959    0.0    0.1    0.0
    53.639  -170.959    0.0    0.1    0.0
    53.657  -170.959    0.0    0.1    0.0
    53.675  -170.959    0.0    0.1    0.0
    53.694  -170.959    0.0    0.1    0.0
    53.712  -170.959    0.0    0.1    0.0
    53.730  -170.959    0.0    0.1    0.0
    53.748  -170.959    0.0    0.1    0.0
    53.766  -170.959    0.0    0.1    0.0
    53.784  -170.959    0.0    0.1    0.0
    53.802  -170.959    0.0    0.1    0.0
    53.820  -170.959    0.0    0.0    0.0
    53.838  -170.959    0.0    0.0    0.0
    53.856  -170.959    0.0    0.0    0.0
    53.874  -170.959    0.0    0.0    0.0
    53.892  -170.959    0.0    0.0    0.0
    53.910  -170.959    0.0    0.0    0.0
    52.108  -170.929   -0.1    0.1   -0.2
    52.126  -170.929   -0.1    0.1   -0.2
    52.144  -170.929   -0.1    0.1   -0.2
    52.162  -170.929   -0.1    0.1   -0.2
    52.180  -170.929   -0.1    0.1   -0.2
    52.198  -170.929   -0.1    0.1   -0.2
    52.216  -170.929   -0.1    0.1   -0.2
    52.234  -170.929   -0.1    0.1   -0.2
    52.252  -170.929   -0.1    0.1   -0.2
    52.270  -170.929   -0.1    0.1   -0.3
    52.288  -170.929   -0.1    0.1   -0.3
    52.306  -170.929   -0.1    0.1   -0.3
    52.324  -170.929   -0.1    0.1   -0.3
    52.342  -170.929   -0.1    0.1   -0.3
    52.360  -170.929   -0.1    0.1   -0.3
    52.378  -170.929   -0.1    0.1   -0.3
    52.396  -170.929   -0.1    0.1   -0.3
    52.414  -170.929   -0.1    0.1   -0.3
    52.432  -170.929   -0.1    0.1   -0.3
    52.450  -170.929   -0.1    0.1   -0.3
    52.468  -170.929   -0.1    0.1   -0.3
    52.486  -170.929   -0.1    0.1   -0.3
    52.504  -170.929   -0.1    0.1   -0.3
    52.522  -170.929   -0.1    0.1   -0.3
    52.540  -170.929   -0.1    0.1   -0.3
    52.558  -170.929   -0.1    0.1   -0.3
    52.576  -170.929   -0.1    0.1   -0.3
    52.595  -170.929   -0.1    0.1   -0.3
    52.613  -170.929   -0.1    0.1   -0.3
    52.631  -170.929   -0.1    0.0   -0.2
    52.649  -170.929   -0.1    0.0   -0.2
    52.667  -170.929   -0.1    0.0   -0.2
    52.685  -170.929   -0.1    0.0   -0.2
    52.703  -170.929   -0.1    0.0   -0.2
    52.721  -170.929   -0.1    0.0   -0.2
    52.739  -170.929   -0.1    0.0   -0.2
    52.757  -170.929   -0.1    0.0   -0.2
    52.775  -170.929   -0.1    0.0   -0.2
    52.793  -170.929   -0.1    0.0   -0.2
    52.811  -170.929   -0.1    0.0   -0.2
    52.829  -170.929   -0.1    0.0   -0.1
    52.847  -170.929   -0.1    0.0   -0.1
    52.865  -170.929   -0.1    0.0   -0.1
    52.883  -170.929   -0.1    0.0   -0.1
    52.901  -170.929   -0.1    0.0   -0.1
    52.919  -170.929   -0.0    0.0   -0.1
    52.937  -170.929   -0.0    0.0   -0.1
    52.955  -170.929   -0.0    0.0   -0.1
    52.973  -170.929   -0.0    0.0   -0.1
    52.991  -170.929   -0.0    0.0   -0.1
    53.009  -170.929   -0.0    0.0   -0.1
    53.027  -170.929   -0.0    0.0   -0.0
    53.045  -170.929   -0.0    0.0   -0.0
    53.063  -170.929   -0.0    0.0   -0.0
    53.081  -170.929   -0.0    0.0   -0.0
    53.099  -170.929    0.0    0.0   -0.0
    53.117  -170.929    0.0    0.0   -0.0
    53.135  -170.929    0.0    0.0   -0.0
    53.153  -170.929    0.0    0.0   -0.0
    53.171  -170.929    0.0    0.0    0.0
    53.189  -170.929    0.0    0.0    0.0
    53.207  -170.929    0.0    0.0    0.0
    53.225  -170.929    0.0    0.0    0.0
    53.243  -170.929    0.0    0.0    0.0
    53.261  -170.929    0.0    0.0    0.0
    53.279  -170.929    0.0    0.0    0.0
    53.297  -170.929    0.0    0.0    0.0
    53.315  -170.929    0.0    0.0    0.0
    53.333  -170.929    0.0    0.0    0.0
    53.351  -170.929    0.0    0.0    0.0
    53.369  -170.929    0.0    0.1    0.0
    53.387  -170.929    0.0    0.1    0.0
    53.405  -170.929    0.0    0.1    0.0
    53.423  -170.929    0.0    0.1    0.0
    53.441  -170.929    0.0    0.1    0.0
    53.459  -170.929    0.0    0.1    0.0
    53.477  -170.929    0.0    0.1    0.0
    53.495  -170.929    0.0    0.1    0.0
    53.513  -170.929    0.0    0.1    0.0
    53.531  -170.929    0.0    0.1    0.0
    53.549  -170.929    0.0    0.1    0.0
    53.567  -170.929    0.0    0.1    0.0
    53.585  -170.929    0.0    0.1    0.0
    53.603  -170.929    0.0    0.1    0.0
    53.621  -170.929    0.0    0.1    0.0
    53.639  -170.929    0.0    0.1    0.0
    53.657  -170.929    0.0    0.1    0.0
    53.675  -170.929    0.0    0.1    0.0
    53.694  -170.929    0.0    0.1    0.0
    53.712  -170.929    0.0    0.1    0.0
    53.730  -170.929    0.0    0.1    0.0
    53.748  -170.929    0.0    0.1    0.0
    53.766  -170.929    0.0    0.1    0.0
    53.784  -170.929    0.0    0.1    0.0
    53.802  -170.929    0.0    0.1    0.0
    53.820  -170.929    0.0    0.1    0.0
    53.838  -170.929    0.0    0.0    0.0
    53.856  -170.929    0.0    0.0    0.0
    53.874  -170.929    0.0    0.0    0.0
    53.892  -170.929    0.0    0.0    0.0
    53.910  -170.929    0.0    0.0    0.0
    52.108  -170.900   -0.1    0.1   -0.2
    52.126  -170.900   -0.1    0.1   -0.2
    52.144  -170.900   -0.1    0.1   -0.2
    52.162  -170.900   -0.1    0.1   -0.2
    52.180  -170.900   -0.1    0.1   -0.2
    52.198  -170.900   -0.1    0.1   -0.2
    52.216  -170.900   -0.1    0.1   -0.2
    52.234  -170.900   -0.1    0.1   -0.2
    52.252  -170.900   -0.1    0.1   -0.2
    52.270  -170.900   -0.1    0.1   -0.3
    52.288  -170.900   -0.1    0.1   -0.3
    52.306  -170.900   -0.1    0.1   -0.3
    52.324  -170.900   -0.1    0.1   -0.3
    52.342  -170.900   -0.1    0.1   -0.3
    52.360  -170.900   -0.1    0.1   -0.3
    52.378  -170.900   -0.1    0.1   -0.3
    52.396  -170.900   -0.1    0.1   -0.3
    52.414  -170.900   -0.1    0.1   -0.3
    52.432  -170.900   -0.1    0.1   -0.3
    52.450  -170.900   -0.1    0.1   -0.3
    52.468  -170.900   -0.1    0.1   -0.3
    52.486  -170.900   -0.1    0.1   -0.3
    52.504  -170.900   -0.1    0.1   -0.3
    52.522  -170.900   -0.1    0.1   -0.3
    52.540  -170.900   -0.1    0.1   -0.3
    52.558  -170.900   -0.1    0.1   -0.3
    52.576  -170.900   -0.1    0.1   -0.3
    52.595  -170.900   -0.1    0.1   -0.3
    52.613  -170.900   -0.1    0.1   -0.2
    52.631  -170.900   -0.1    0.0   -0.2
    52.649  -170.900   -0.1    0.0   -0.2
    52.667  -170.900   -0.1    0.0   -0.2
    52.685  -170.900   -0.1    0.0   -0.2
    52.703  -170.900   -0.1    0.0   -0.2
    52.721  -170.900   -0.1    0.0   -0.2
    52.739  -170.900   -0.1    0.0   -0.2
    52.757  -170.900   -0.1    0.0   -0.2
    52.775  -170.900   -0.1    0.0   -0.2
    52.793  -170.900   -0.1    0.0   -0.2
    52.811  -170.900   -0.1    0.0   -0.1
    52.829  -170.900   -0.1    0.0   -0.1
    52.847  -170.900   -0.1    0.0   -0.1
    52.865  -170.900   -0.1    0.0   -0.1
    52.883  -170.900   -0.1    0.0   -0.1
    52.901  -170.900   -0.0    0.0   -0.1
    52.919  -170.900   -0.0    0.0   -0.1
    52.937  -170.900   -0.0    0.0   -0.1
    52.955  -170.900   -0.0    0.0   -0.1
    52.973  -170.900   -0.0    0.0   -0.1
    52.991  -170.900   -0.0    0.0   -0.1
    53.009  -170.900   -0.0    0.0   -0.0
    53.027  -170.900   -0.0    0.0   -0.0
    53.045  -170.900   -0.0    0.0   -0.0
    53.063  -170.900   -0.0    0.0   -0.0
    53.081  -170.900   -0.0    0.0   -0.0
    53.099  -170.900    0.0    0.0   -0.0
    53.117  -170.900    0.0    0.0   -0.0
    53.135  -170.900    0.0    0.0   -0.0
    53.153  -170.900    0.0    0.0    0.0
    53.171  -170.900    0.0    0.0    0.0
    53.189  -170.900    0.0    0.0    0.0
    53.207  -170.900    0.0    0.0    0.0
    53.225  -170.900    0.0    0.0    0.0
    53.243  -170.900    0.0    0.0    0.0
    53.261  -170.900    0.0    0.0    0.0
    53.279  -170.900    0.0    0.0    0.0
    53.297  -170.900    0.0    0.0    0.0
    53.315  -170.900    0.0    0.0    0.0
    53.333  -170.900    0.0    0.0    0.0
    53.351  -170.900    0.0    0.1    0.0
    53.369  -170.900    0.0    0.1    0.0
    53.387  -170.900    0.0    0.1    0.0
    53.405  -170.900    0.0    0.1    0.0
    53.423  -170.900    0.0    0.1    0.0
    53.441  -170.900    0.0    0.1    0.0
    53.459  -170.900    0.0    0.1    0.0
    53.477  -170.900    0.0    0.1    0.0
    53.495  -170.900    0.0    0.1    0.0
    53.513  -170.900    0.0    0.1    0.0
    53.531  -170.900    0.0    0.1    0.0
    53.549  -170.900    0.0    0.1    0.0
    53.567  -170.900    0.0    0.1    0.0
    53.585  -170.900    0.0    0.1    0.0
    53.603  -170.900    0.0    0.1    0.0
    53.621  -170.900    0.0    0.1    0.0
    53.639  -170.900    0.0    0.1    0.0
    53.657  -170.900    0.0    0.1    0.0
    53.675  -170.900    0.0    0.1    0.0
    53.694  -170.900    0.0    0.1    0.0
    53.712  -170.900    0.0    0.1    0.0
    53.730  -170.900    0.0    0.1    0.0
    53.748  -170.900    0.0    0.1    0.0
    53.766  -170.900    0.0    0.1    0.0
    53.784  -170.900    0.0    0.1    0.0
    53.802  -170.900    0.0    0.1    0.0
    53.820  -170.900    0.0    0.1    0.0
    53.838  -170.900    0.0    0.1    0.0
    53.856  -170.900    0.0    0.0    0.0
    53.874  -170.900    0.0    0.0    0.0
    53.892  -170.900    0.0    0.0    0.0
    53.910  -170.900    0.0    0.0    0.0
    52.108  -170.870   -0.1    0.1   -0.2
    52.126  -170.870   -0.1    0.1   -0.2
    52.144  -170.870   -0.1    0.1   -0.2
    52.162  -170.870   -0.1    0.1   -0.2
    52.180  -170.870   -0.1    0.1   -0.2
    52.198  -170.870   -0.1    0.1   -0.2
    52.216  -170.870   -0.1    0.1   -0.2
    52.234  -170.870   -0.1    0.1   -0.2
    52.252  -170.870   -0.1    0.1   -0.2
    52.270  -170.870   -0.1    0.1   -0.2
    52.288  -170.870   -0.1    0.1   -0.3
    52.306  -170.870   -0.1    0.1   -0.3
    52.324  -170.870   -0.1    0.1   -0.3
    52.342  -170.870   -0.1    0.1   -0.3
    52.360  -170.870   -0.1    0.1   -0.3
    52.378  -170.870   -0.1    0.1   -0.3
    52.396  -170.870   -0.1    0.1   -0.3
    52.414  -170.870   -0.1    0.1   -0.3
    52.432  -170.870   -0.1    0.1   -0.3
    52.450  -170.870   -0.1    0.1   -0.3
    52.468  -170.870   -0.1    0.1   -0.3
    52.486  -170.870   -0.1    0.1   -0.3
    52.504  -170.870   -0.1    0.1   -0.3
    52.522  -170.870   -0.1    0.1   -0.3
    52.540  -170.870   -0.1    0.1   -0.3
    52.558  -170.870   -0.1    0.1   -0.3
    52.576  -170.870   -0.1    0.1   -0.2
    52.595  -170.870   -0.1    0.1   -0.2
    52.613  -170.870   -0.1    0.0   -0.2
    52.631  -170.870   -0.1    0.0   -0.2
    52.649  -170.870   -0.1    0.0   -0.2
    52.667  -170.870   -0.1    0.0   -0.2
    52.685  -170.870   -0.1    0.0   -0.2
    52.703  -170.870   -0.1    0.0   -0.2
    52.721  -170.870   -0.1    0.0   -0.2
    52.739  -170.870   -0.1    0.0   -0.2
    52.757  -170.870   -0.1    0.0   -0.2
    52.775  -170.870   -0.1    0.0   -0.2
    52.793  -170.870   -0.1    0.0   -0.1
    52.811  -170.870   -0.1    0.0   -0.1
    52.829  -170.870   -0.1    0.0   -0.1
    52.847  -170.870   -0.1    0.0   -0.1
    52.865  -170.870   -0.1    0.0   -0.1
    52.883  -170.870   -0.1    0.0   -0.1
    52.901  -170.870   -0.0    0.0   -0.1
    52.919  -170.870   -0.0    0.0   -0.1
    52.937  -170.870   -0.0    0.0   -0.1
    52.955  -170.870   -0.0    0.0   -0.1
    52.973  -170.870   -0.0    0.0   -0.1
    52.991  -170.870   -0.0    0.0   -0.1
    53.009  -170.870   -0.0    0.0   -0.0
    53.027  -170.870   -0.0    0.0   -0.0
    53.045  -170.870   -0.0    0.0   -0.0
    53.063  -170.870   -0.0    0.0   -0.0
    53.081  -170.870   -0.0    0.0   -0.0
    53.099  -170.870    0.0    0.0   -0.0
    53.117  -170.870    0.0    0.0   -0.0
    53.135  -170.870    0.0    0.0   -0.0
    53.153  -170.870    0.0    0.0    0.0
    53.171  -170.870    0.0    0.0    0.0
    53.189  -170.870    0.0    0.0    0.0
    53.207  -170.870    0.0    0.0    0.0
    53.225  -170.870    0.0    0.0    0.0
    53.243  -170.870    0.0    0.0    0.0
    53.261  -170.870    0.0    0.0    0.0
    53.279  -170.870    0.0    0.0    0.0
    53.297  -170.870    0.0    0.0    0.0
    53.315  -170.870    0.0    0.0    0.0
    53.333  -170.870    0.0    0.0    0.0
    53.351  -170.870    0.0    0.1    0.0
    53.369  -170.870    0.0    0.1    0.0
    53.387  -170.870    0.0    0.1    0.0
    53.405  -170.870    0.0    0.1    0.0
    53.423  -170.870    0.0    0.1    0.0
    53.441  -170.870    0.0    0.1    0.0
    53.459  -170.870    0.0    0.1    0.0
    53.477  -170.870    0.0    0.1    0.0
    53.495  -170.870    0.0    0.1    0.0
    53.513  -170.870    0.0    0.1    0.0
    53.531  -170.870    0.0    0.1    0.0
    53.549  -170.870    0.0    0.1    0.0
    53.567  -170.870    0.0    0.1    0.0
    53.585  -170.870    0.0    0.1    0.0
    53.603  -170.870    0.0    0.1    0.0
    53.621  -170.870    0.0    0.1    0.0
    53.639  -170.870    0.0    0.1    0.0
    53.657  -170.870    0.0    0.1    0.0
    53.675  -170.870    0.0    0.1    0.0
    53.694  -170.870    0.0    0.1    0.0
    53.712  -170.870    0.0    0.1    0.0
    53.730  -170.870    0.0    0.1    0.0
    53.748  -170.870    0.0    0.1    0.0
    53.766  -170.870    0.0    0.1    0.0
    53.784  -170.870    0.0    0.1    0.0
    53.802  -170.870    0.0    0.1    0.0
    53.820  -170.870    0.0    0.1    0.0
    53.838  -170.870    0.0    0.1    0.0
    53.856  -170.870    0.0    0.0    0.0
    53.874  -170.870    0.0    0.0    0.0
    53.892  -170.870    0.0    0.0    0.0
    53.910  -170.870    0.0    0.0    0.0
    52.108  -170.840   -0.1    0.1   -0.2
    52.126  -170.840   -0.1    0.1   -0.2
    52.144  -170.840   -0.1    0.1   -0.2
    52.162  -170.840   -0.1    0.1   -0.2
    52.180  -170.840   -0.1    0.1   -0.2
    52.198  -170.840   -0.1    0.1   -0.2
    52.216  -170.840   -0.1    0.1   -0.2
    52.234  -170.840   -0.1    0.1   -0.2
    52.252  -170.840   -0.1    0.1   -0.2
    52.270  -170.840   -0.1    0.1   -0.2
    52.288  -170.840   -0.1    0.1   -0.3
    52.306  -170.840   -0.1    0.1   -0.3
    52.324  -170.840   -0.1    0.1   -0.3
    52.342  -170.840   -0.1    0.1   -0.3
    52.360  -170.840   -0.1    0.1   -0.3
    52.378  -170.840   -0.1    0.1   -0.3
    52.396  -170.840   -0.1    0.1   -0.3
    52.414  -170.840   -0.1    0.1   -0.3
    52.432  -170.840   -0.1    0.1   -0.3
    52.450  -170.840   -0.1    0.1   -0.3
    52.468  -170.840   -0.1    0.1   -0.3
    52.486  -170.840   -0.1    0.1   -0.3
    52.504  -170.840   -0.1    0.1   -0.3
    52.522  -170.840   -0.1    0.1   -0.3
    52.540  -170.840   -0.1    0.1   -0.3
    52.558  -170.840   -0.1    0.1   -0.2
    52.576  -170.840   -0.1    0.1   -0.2
    52.595  -170.840   -0.1    0.1   -0.2
    52.613  -170.840   -0.1    0.0   -0.2
    52.631  -170.840   -0.1    0.0   -0.2
    52.649  -170.840   -0.1    0.0   -0.2
    52.667  -170.840   -0.1    0.0   -0.2
    52.685  -170.840   -0.1    0.0   -0.2
    52.703  -170.840   -0.1    0.0   -0.2
    52.721  -170.840   -0.1    0.0   -0.2
    52.739  -170.840   -0.1    0.0   -0.2
    52.757  -170.840   -0.1    0.0   -0.2
    52.775  -170.840   -0.1    0.0   -0.1
    52.793  -170.840   -0.1    0.0   -0.1
    52.811  -170.840   -0.1    0.0   -0.1
    52.829  -170.840   -0.1    0.0   -0.1
    52.847  -170.840   -0.1    0.0   -0.1
    52.865  -170.840   -0.1    0.0   -0.1
    52.883  -170.840   -0.1    0.0   -0.1
    52.901  -170.840   -0.0    0.0   -0.1
    52.919  -170.840   -0.0    0.0   -0.1
    52.937  -170.840   -0.0    0.0   -0.1
    52.955  -170.840   -0.0    0.0   -0.1
    52.973  -170.840   -0.0    0.0   -0.1
    52.991  -170.840   -0.0    0.0   -0.0
    53.009  -170.840   -0.0    0.0   -0.0
    53.027  -170.840   -0.0    0.0   -0.0
    53.045  -170.840   -0.0    0.0   -0.0
    53.063  -170.840   -0.0    0.0   -0.0
    53.081  -170.840   -0.0    0.0   -0.0
    53.099  -170.840    0.0    0.0   -0.0
    53.117  -170.840    0.0    0.0   -0.0
    53.135  -170.840    0.0    0.0    0.0
    53.153  -170.840    0.0    0.0    0.0
    53.171  -170.840    0.0    0.0    0.0
    53.189  -170.840    0.0    0.0    0.0
    53.207  -170.840    0.0    0.0    0.0
    53.225  -170.840    0.0    0.0    0.0
    53.243  -170.840    0.0    0.0    0.0
    53.261  -170.840    0.0    0.0    0.0
    53.279  -170.840    0.0    0.0    0.0
    53.297  -170.840    0.0    0.0    0.0
    53.315  -170.840    0.0    0.0    0.0
    53.333  -170.840    0.0    0.1    0.0
    53.351  -170.840    0.0    0.1    0.0
    53.369  -170.840    0.0    0.1    0.0
    53.387  -170.840    0.0    0.1    0.0
    53.405  -170.840    0.0    0.1    0.0
    53.423  -170.840    0.0    0.1    0.0
    53.441  -170.840    0.0    0.1    0.0
    53.459  -170.840    0.0    0.1    0.0
    53.477  -170.840    0.0    0.1    0.0
    53.495  -170.840    0.0    0.1    0.0
    53.513  -170.840    0.0    0.1    0.0
    53.531  -170.840    0.0    0.1    0.0
    53.549  -170.840    0.0    0.1    0.0
    53.567  -170.840    0.0    0.1    0.0
    53.585  -170.840    0.0    0.1    0.0
    53.603  -170.840    0.0    0.1    0.0
    53.621  -170.840    0.0    0.1    0.0
    53.639  -170.840    0.0    0.1    0.0
    53.657  -170.840    0.0    0.1    0.0
    53.675  -170.840    0.0    0.1    0.0
    53.694  -170.840    0.0    0.1    0.0
    53.712  -170.840    0.0    0.1    0.0
    53.730  -170.840    0.0    0.1    0.0
    53.748  -170.840    0.0    0.1    0.0
    53.766  -170.840    0.0    0.1    0.0
    53.784  -170.840    0.0    0.1    0.0
    53.802  -170.840    0.0    0.1    0.0
    53.820  -170.840    0.0    0.1    0.0
    53.838  -170.840    0.0    0.1    0.0
    53.856  -170.840    0.0    0.1    0.0
    53.874  -170.840    0.0    0.0    0.0
    53.892  -170.840    0.0    0.0    0.0
    53.910  -170.840    0.0    0.0    0.0
    52.108  -170.810   -0.1    0.1   -0.2
    52.126  -170.810   -0.1    0.1   -0.2
    52.144  -170.810   -0.1    0.1   -0.2
    52.162  -170.810   -0.1    0.1   -0.2
    52.180  -170.810   -0.1    0.1   -0.2
    52.198  -170.810   -0.1    0.1   -0.2
    52.216  -170.810   -0.1    0.1   -0.2
    52.234  -170.810   -0.1    0.1   -0.2
    52.252  -170.810   -0.1    0.1   -0.2
    52.270  -170.810   -0.1    0.1   -0.2
    52.288  -170.810   -0.1    0.1   -0.2
    52.306  -170.810   -0.1    0.1   -0.3
    52.324  -170.810   -0.1    0.1   -0.3
    52.342  -170.810   -0.1    0.1   -0.3
    52.360  -170.810   -0.1    0.1   -0.3
    52.378  -170.810   -0.1    0.1   -0.3
    52.396  -170.810   -0.1    0.1   -0.3
    52.414  -170.810   -0.1    0.1   -0.3
    52.432  -170.810   -0.1    0.1   -0.3
    52.450  -170.810   -0.1    0.1   -0.3
    52.468  -170.810   -0.1    0.1   -0.3
    52.486  -170.810   -0.1    0.1   -0.3
    52.504  -170.810   -0.1    0.1   -0.3
    52.522  -170.810   -0.1    0.1   -0.2
    52.540  -170.810   -0.1    0.1   -0.2
    52.558  -170.810   -0.1    0.1   -0.2
    52.576  -170.810   -0.1    0.1   -0.2
    52.595  -170.810   -0.1    0.1   -0.2
    52.613  -170.810   -0.1    0.0   -0.2
    52.631  -170.810   -0.1    0.0   -0.2
    52.649  -170.810   -0.1    0.0   -0.2
    52.667  -170.810   -0.1    0.0   -0.2
    52.685  -170.810   -0.1    0.0   -0.2
    52.703  -170.810   -0.1    0.0   -0.2
    52.721  -170.810   -0.1    0.0   -0.2
    52.739  -170.810   -0.1    0.0   -0.2
    52.757  -170.810   -0.1    0.0   -0.2
    52.775  -170.810   -0.1    0.0   -0.1
    52.793  -170.810   -0.1    0.0   -0.1
    52.811  -170.810   -0.1    0.0   -0.1
    52.829  -170.810   -0.1    0.0   -0.1
    52.847  -170.810   -0.1    0.0   -0.1
    52.865  -170.810   -0.1    0.0   -0.1
    52.883  -170.810   -0.1    0.0   -0.1
    52.901  -170.810   -0.0    0.0   -0.1
    52.919  -170.810   -0.0    0.0   -0.1
    52.937  -170.810   -0.0    0.0   -0.1
    52.955  -170.810   -0.0    0.0   -0.1
    52.973  -170.810   -0.0    0.0   -0.0
    52.991  -170.810   -0.0    0.0   -0.0
    53.009  -170.810   -0.0    0.0   -0.0
    53.027  -170.810   -0.0    0.0   -0.0
    53.045  -170.810   -0.0    0.0   -0.0
    53.063  -170.810   -0.0    0.0   -0.0
    53.081  -170.810    0.0    0.0   -0.0
    53.099  -170.810    0.0    0.0   -0.0
    53.117  -170.810    0.0    0.0   -0.0
    53.135  -170.810    0.0    0.0    0.0
    53.153  -170.810    0.0    0.0    0.0
    53.171  -170.810    0.0    0.0    0.0
    53.189  -170.810    0.0    0.0    0.0
    53.207  -170.810    0.0    0.0    0.0
    53.225  -170.810    0.0    0.0    0.0
    53.243  -170.810    0.0    0.0    0.0
    53.261  -170.810    0.0    0.0    0.0
    53.279  -170.810    0.0    0.0    0.0
    53.297  -170.810    0.0    0.0    0.0
    53.315  -170.810    0.0    0.0    0.0
    53.333  -170.810    0.0    0.1    0.0
    53.351  -170.810    0.0    0.1    0.0
    53.369  -170.810    0.0    0.1    0.0
    53.387  -170.810    0.0    0.1    0.0
    53.405  -170.810    0.0    0.1    0.0
    53.423  -170.810    0.0    0.1    0.0
    53.441  -170.810    0.0    0.1    0.0
    53.459  -170.810    0.0    0.1    0.0
    53.477  -170.810    0.0    0.1    0.0
    53.495  -170.810    0.0    0.1    0.0
    53.513  -170.810    0.0    0.1    0.0
    53.531  -170.810    0.0    0.1    0.0
    53.549  -170.810    0.0    0.1    0.0
    53.567  -170.810    0.0    0.1    0.0
    53.585  -170.810    0.0    0.1    0.0
    53.603  -170.810    0.0    0.1    0.0
    53.621  -170.810    0.0    0.1    0.0
    53.639  -170.810    0.0    0.1    0.0
    53.657  -170.810    0.0    0.1    0.0
    53.675  -170.810    0.0    0.1    0.0
    53.694  -170.810    0.0    0.1    0.0
    53.712  -170.810    0.0    0.1    0.0
    53.730  -170.810    0.0    0.1    0.0
    53.748  -170.810    0.0    0.1    0.0
    53.766  -170.810    0.0    0.1    0.0
    53.784  -170.810    0.0    0.1    0.0
    53.802  -170.810    0.0    0.1    0.0
    53.820  -170.810    0.0    0.1    0.0
    53.838  -170.810    0.0    0.1    0.0
    53.856  -170.810    0.0    0.1    0.0
    53.874  -170.810    0.0    0.0    0.0
    53.892  -170.810    0.0    0.0    0.0
    53.910  -170.810    0.0    0.0    0.0
    52.108  -170.780   -0.1    0.1   -0.2
    52.126  -170.780   -0.1    0.1   -0.2
    52.144  -170.780   -0.1    0.1   -0.2
    52.162  -170.780   -0.1    0.1   -0.2
    52.180  -170.780   -0.1    0.1   -0.2
    52.198  -170.780   -0.1    0.1   -0.2
    52.216  -170.780   -0.1    0.1   -0.2
    52.234  -170.780   -0.1    0.1   -0.2
    52.252  -170.780   -0.1    0.1   -0.2
    52.270  -170.780   -0.1    0.1   -0.2
    52.288  -170.780   -0.1    0.1   -0.2
    52.306  -170.780   -0.1    0.1   -0.2
    52.324  -170.780   -0.1    0.1   -0.2
    52.342  -170.780   -0.1    0.1   -0.3
    52.360  -170.780   -0.1    0.1   -0.3
    52.378  -170.780   -0.1    0.1   -0.3
    52.396  -170.780   -0.1    0.1   -0.3
    52.414  -170.780   -0.1    0.1   -0.3
    52.432  -170.780   -0.1    0.1   -0.3
    52.450  -170.780   -0.1    0.1   -0.3
    52.468  -170.780   -0.1    0.1   -0.2
    52.486  -170.780   -0.1    0.1   -0.2
    52.504  -170.780   -0.1    0.1   -0.2
    52.522  -170.780   -0.1    0.1   -0.2
    52.540  -170.780   -0.1    0.1   -0.2
    52.558  -170.780   -0.1    0.1   -0.2
    52.576  -170.780   -0.1    0.1   -0.2
    52.595  -170.780   -0.1    0.0   -0.2
    52.613  -170.780   -0.1    0.0   -0.2
    52.631  -170.780   -0.1    0.0   -0.2
    52.649  -170.780   -0.1    0.0   -0.2
    52.667  -170.780   -0.1    0.0   -0.2
    52.685  -170.780   -0.1    0.0   -0.2
    52.703  -170.780   -0.1    0.0   -0.2
    52.721  -170.780   -0.1    0.0   -0.2
    52.739  -170.780   -0.1    0.0   -0.2
    52.757  -170.780   -0.1    0.0   -0.1
    52.775  -170.780   -0.1    0.0   -0.1
    52.793  -170.780   -0.1    0.0   -0.1
    52.811  -170.780   -0.1    0.0   -0.1
    52.829  -170.780   -0.1    0.0   -0.1
    52.847  -170.780   -0.1    0.0   -0.1
    52.865  -170.780   -0.1    0.0   -0.1
    52.883  -170.780   -0.0    0.0   -0.1
    52.901  -170.780   -0.0    0.0   -0.1
    52.919  -170.780   -0.0    0.0   -0.1
    52.937  -170.780   -0.0    0.0   -0.1
    52.955  -170.780   -0.0    0.0   -0.1
    52.973  -170.780   -0.0    0.0   -0.0
    52.991  -170.780   -0.0    0.0   -0.0
    53.009  -170.780   -0.0    0.0   -0.0
    53.027  -170.780   -0.0    0.0   -0.0
    53.045  -170.780   -0.0    0.0   -0.0
    53.063  -170.780   -0.0    0.0   -0.0
    53.081  -170.780    0.0    0.0   -0.0
    53.099  -170.780    0.0    0.0   -0.0
    53.117  -170.780    0.0    0.0    0.0
    53.135  -170.780    0.0    0.0    0.0
    53.153  -170.780    0.0    0.0    0.0
    53.171  -170.780    0.0    0.0    0.0
    53.189  -170.780    0.0    0.0    0.0
    53.207  -170.780    0.0    0.0    0.0
    53.225  -170.780    0.0    0.0    0.0
    53.243  -170.780    0.0    0.0    0.0
    53.261  -170.780    0.0    0.0    0.0
    53.279  -170.780    0.0    0.0    0.0
    53.297  -170.780    0.0    0.0    0.0
    53.315  -170.780    0.0    0.1    0.0
    53.333  -170.780    0.0    0.1    0.0
    53.351  -170.780    0.0    0.1    0.0
    53.369  -170.780    0.0    0.1    0.0
    53.387  -170.780    0.0    0.1    0.0
    53.405  -170.780    0.0    0.1    0.0
    53.423  -170.780    0.0    0.1    0.0
    53.441  -170.780    0.0    0.1    0.0
    53.459  -170.780    0.0    0.1    0.0
    53.477  -170.780    0.0    0.1    0.0
    53.495  -170.780    0.0    0.1    0.0
    53.513  -170.780    0.0    0.1    0.0
    53.531  -170.780    0.0    0.1    0.0
    53.549  -170.780    0.0    0.1    0.0
    53.567  -170.780    0.0    0.1    0.0
    53.585  -170.780    0.0    0.1    0.0
    53.603  -170.780    0.0    0.1    0.0
    53.621  -170.780    0.0    0.1    0.0
    53.639  -170.780    0.0    0.1    0.0
    53.657  -170.780    0.0    0.1    0.0
    53.675  -170.780    0.0    0.1    0.0
    53.694  -170.780    0.0    0.1    0.0
    53.712  -170.780    0.0    0.1    0.0
    53.730  -170.780    0.0    0.1    0.0
    53.748  -170.780    0.0    0.1    0.0
    53.766  -170.780    0.0    0.1    0.0
    53.784  -170.780    0.0    0.1    0.0
    53.802  -170.780    0.0    0.1    0.0
    53.820  -170.780    0.0    0.1    0.0
    53.838  -170.780    0.0    0.1    0.0
    53.856  -170.780    0.0    0.1    0.0
    53.874  -170.780    0.0    0.1    0.0
    53.892  -170.780    0.0    0.0    0.0
    53.910  -170.780    0.0    0.0    0.0
    52.108  -170.751   -0.1    0.1   -0.2
    52.126  -170.751   -0.1    0.1   -0.2
    52.144  -170.751   -0.1    0.1   -0.2
    52.162  -170.751   -0.1    0.1   -0.2
    52.180  -170.751   -0.1    0.1   -0.2
    52.198  -170.751   -0.1    0.1   -0.2
    52.216  -170.751   -0.1    0.1   -0.2
    52.234  -170.751   -0.1    0.1   -0.2
    52.252  -170.751   -0.1    0.1   -0.2
    52.270  -170.751   -0.1    0.1   -0.2
    52.288  -170.751   -0.1    0.1   -0.2
    52.306  -170.751   -0.1    0.1   -0.2
    52.324  -170.751   -0.1    0.1   -0.2
    52.342  -170.751   -0.1    0.1   -0.2
    52.360  -170.751   -0.1    0.1   -0.2
    52.378  -170.751   -0.1    0.1   -0.2
    52.396  -170.751   -0.1    0.1   -0.2
    52.414  -170.751   -0.1    0.1   -0.2
    52.432  -170.751   -0.1    0.1   -0.2
    52.450  -170.751   -0.1    0.1   -0.2
    52.468  -170.751   -0.1    0.1   -0.2
    52.486  -170.751   -0.1    0.1   -0.2
    52.504  -170.751   -0.1    0.1   -0.2
    52.522  -170.751   -0.1    0.1   -0.2
    52.540  -170.751   -0.1    0.1   -0.2
    52.558  -170.751   -0.1    0.1   -0.2
    52.576  -170.751   -0.1    0.1   -0.2
    52.595  -170.751   -0.1    0.0   -0.2
    52.613  -170.751   -0.1    0.0   -0.2
    52.631  -170.751   -0.1    0.0   -0.2
    52.649  -170.751   -0.1    0.0   -0.2
    52.667  -170.751   -0.1    0.0   -0.2
    52.685  -170.751   -0.1    0.0   -0.2
    52.703  -170.751   -0.1    0.0   -0.2
    52.721  -170.751   -0.1    0.0   -0.2
    52.739  -170.751   -0.1    0.0   -0.1
    52.757  -170.751   -0.1    0.0   -0.1
    52.775  -170.751   -0.1    0.0   -0.1
    52.793  -170.751   -0.1    0.0   -0.1
    52.811  -170.751   -0.1    0.0   -0.1
    52.829  -170.751   -0.1    0.0   -0.1
    52.847  -170.751   -0.1    0.0   -0.1
    52.865  -170.751   -0.1    0.0   -0.1
    52.883  -170.751   -0.0    0.0   -0.1
    52.901  -170.751   -0.0    0.0   -0.1
    52.919  -170.751   -0.0    0.0   -0.1
    52.937  -170.751   -0.0    0.0   -0.1
    52.955  -170.751   -0.0    0.0   -0.0
    52.973  -170.751   -0.0    0.0   -0.0
    52.991  -170.751   -0.0    0.0   -0.0
    53.009  -170.751   -0.0    0.0   -0.0
    53.027  -170.751   -0.0    0.0   -0.0
    53.045  -170.751   -0.0    0.0   -0.0
    53.063  -170.751    0.0    0.0   -0.0
    53.081  -170.751    0.0    0.0   -0.0
    53.099  -170.751    0.0    0.0   -0.0
    53.117  -170.751    0.0    0.0    0.0
    53.135  -170.751    0.0    0.0    0.0
    53.153  -170.751    0.0    0.0    0.0
    53.171  -170.751    0.0    0.0    0.0
    53.189  -170.751    0.0    0.0    0.0
    53.207  -170.751    0.0    0.0    0.0
    53.225  -170.751    0.0    0.0    0.0
    53.243  -170.751    0.0    0.0    0.0
    53.261  -170.751    0.0    0.0    0.0
    53.279  -170.751    0.0    0.0    0.0
    53.297  -170.751    0.0    0.0    0.0
    53.315  -170.751    0.0    0.1    0.0
    53.333  -170.751    0.0    0.1    0.0
    53.351  -170.751    0.0    0.1    0.0
    53.369  -170.751    0.0    0.1    0.0
    53.387  -170.751    0.0    0.1    0.0
    53.405  -170.751    0.0    0.1    0.0
    53.423  -170.751    0.0    0.1    0.0
    53.441  -170.751    0.0    0.1    0.0
    53.459  -170.751    0.0    0.1    0.0
    53.477  -170.751    0.0    0.1    0.0
    53.495  -170.751    0.0    0.1    0.0
    53.513  -170.751    0.0    0.1    0.0
    53.531  -170.751    0.0    0.1    0.0
    53.549  -170.751    0.0    0.1    0.0
    53.567  -170.751    0.0    0.1    0.0
    53.585  -170.751    0.0    0.1    0.0
    53.603  -170.751    0.0    0.1    0.0
    53.621  -170.751    0.0    0.1    0.0
    53.639  -170.751    0.0    0.1    0.0
    53.657  -170.751    0.0    0.1    0.0
    53.675  -170.751    0.0    0.1    0.0
    53.694  -170.751    0.0    0.1    0.0
    53.712  -170.751    0.0    0.1    0.0
    53.730  -170.751    0.0    0.1    0.0
    53.748  -170.751    0.0    0.1    0.0
    53.766  -170.751    0.0    0.1    0.0
    53.784  -170.751    0.0    0.1    0.0
    53.802  -170.751    0.0    0.1    0.0
    53.820  -170.751    0.0    0.1    0.0
    53.838  -170.751    0.0    0.1    0.0
    53.856  -170.751    0.0    0.1    0.0
    53.874  -170.751    0.0    0.1    0.0
    53.892  -170.751    0.0    0.0    0.0
    53.910  -170.751    0.0    0.0    0.0
    52.108  -170.721   -0.1    0.1   -0.2
    52.126  -170.721   -0.1    0.1   -0.2
    52.144  -170.721   -0.1    0.1   -0.2
    52.162  -170.721   -0.1    0.1   -0.2
    52.180  -170.721   -0.1    0.1   -0.2
    52.198  -170.721   -0.1    0.1   -0.2
    52.216  -170.721   -0.1    0.1   -0.2
    52.234  -170.721   -0.1    0.1   -0.2
    52.252  -170.721   -0.1    0.1   -0.2
    52.270  -170.721   -0.1    0.1   -0.2
    52.288  -170.721   -0.1    0.1   -0.2
    52.306  -170.721   -0.1    0.1   -0.2
    52.324  -170.721   -0.1    0.1   -0.2
    52.342  -170.721   -0.1    0.1   -0.2
    52.360  -170.721   -0.1    0.1   -0.2
    52.378  -170.721   -0.1    0.1   -0.2
    52.396  -170.721   -0.1    0.1   -0.2
    52.414  -170.721   -0.1    0.1   -0.2
    52.432  -170.721   -0.1    0.1   -0.2
    52.450  -170.721   -0.1    0.1   -0.2
    52.468  -170.721   -0.1    0.1   -0.2
    52.486  -170.721   -0.1    0.1   -0.2
    52.504  -170.721   -0.1    0.1   -0.2
    52.522  -170.721   -0.1    0.1   -0.2
    52.540  -170.721   -0.1    0.1   -0.2
    52.558  -170.721   -0.1    0.1   -0.2
    52.576  -170.721   -0.1    0.0   -0.2
    52.595  -170.721   -0.1    0.0   -0.2
    52.613  -170.721   -0.1    0.0   -0.2
    52.631  -170.721   -0.1    0.0   -0.2
    52.649  -170.721   -0.1    0.0   -0.2
    52.667  -170.721   -0.1    0.0   -0.2
    52.685  -170.721   -0.1    0.0   -0.2
    52.703  -170.721   -0.1    0.0   -0.2
    52.721  -170.721   -0.1    0.0   -0.1
    52.739  -170.721   -0.1    0.0   -0.1
    52.757  -170.721   -0.1    0.0   -0.1
    52.775  -170.721   -0.1    0.0   -0.1
    52.793  -170.721   -0.1    0.0   -0.1
    52.811  -170.721   -0.1    0.0   -0.1
    52.829  -170.721   -0.1    0.0   -0.1
    52.847  -170.721   -0.1    0.0   -0.1
    52.865  -170.721   -0.0    0.0   -0.1
    52.883  -170.721   -0.0    0.0   -0.1
    52.901  -170.721   -0.0    0.0   -0.1
    52.919  -170.721   -0.0    0.0   -0.1
    52.937  -170.721   -0.0    0.0   -0.0
    52.955  -170.721   -0.0    0.0   -0.0
    52.973  -170.721   -0.0    0.0   -0.0
    52.991  -170.721   -0.0    0.0   -0.0
    53.009  -170.721   -0.0    0.0   -0.0
    53.027  -170.721   -0.0    0.0   -0.0
    53.045  -170.721   -0.0    0.0   -0.0
    53.063  -170.721    0.0    0.0   -0.0
    53.081  -170.721    0.0    0.0   -0.0
    53.099  -170.721    0.0    0.0    0.0
    53.117  -170.721    0.0    0.0    0.0
    53.135  -170.721    0.0    0.0    0.0
    53.153  -170.721    0.0    0.0    0.0
    53.171  -170.721    0.0    0.0    0.0
    53.189  -170.721    0.0    0.0    0.0
    53.207  -170.721    0.0    0.0    0.0
    53.225  -170.721    0.0    0.0    0.0
    53.243  -170.721    0.0    0.0    0.0
    53.261  -170.721    0.0    0.0    0.0
    53.279  -170.721    0.0    0.0    0.0
    53.297  -170.721    0.0    0.1    0.0
    53.315  -170.721    0.0    0.1    0.0
    53.333  -170.721    0.0    0.1    0.0
    53.351  -170.721    0.0    0.1    0.0
    53.369  -170.721    0.0    0.1    0.0
    53.387  -170.721    0.0    0.1    0.0
    53.405  -170.721    0.0    0.1    0.0
    53.423  -170.721    0.0    0.1    0.0
    53.441  -170.721    0.0    0.1    0.0
    53.459  -170.721    0.0    0.1    0.0
    53.477  -170.721    0.0    0.1    0.0
    53.495  -170.721    0.0    0.1    0.0
    53.513  -170.721    0.0    0.1    0.0
    53.531  -170.721    0.0    0.1    0.0
    53.549  -170.721    0.0    0.1    0.0
    53.567  -170.721    0.0    0.1    0.0
    53.585  -170.721    0.0    0.1    0.0
    53.603  -170.721    0.0    0.1    0.0
    53.621  -170.721    0.0    0.1    0.0
    53.639  -170.721    0.0    0.1    0.0
    53.657  -170.721    0.0    0.1    0.0
    53.675  -170.721    0.0    0.1    0.0
    53.694  -170.721    0.0    0.1    0.0
    53.712  -170.721    0.0    0.1    0.0
    53.730  -170.721    0.0    0.1    0.0
    53.748  -170.721    0.0    0.1    0.0
    53.766  -170.721    0.0    0.1    0.0
    53.784  -170.721    0.0    0.1    0.0
    53.802  -170.721    0.0    0.1    0.0
    53.820  -170.721    0.0    0.1    0.0
    53.838  -170.721    0.0    0.1    0.0
    53.856  -170.721    0.0    0.1    0.0
    53.874  -170.721    0.0    0.1    0.0
    53.892  -170.721    0.0    0.1    0.0
    53.910  -170.721    0.0    0.0    0.0
    52.108  -170.691   -0.1    0.1   -0.2
    52.126  -170.691   -0.1    0.1   -0.2
    52.144  -170.691   -0.1    0.1   -0.2
    52.162  -170.691   -0.1    0.1   -0.2
    52.180  -170.691   -0.1    0.1   -0.2
    52.198  -170.691   -0.1    0.1   -0.2
    52.216  -170.691   -0.1    0.1   -0.2
    52.234  -170.691   -0.1    0.1   -0.2
    52.252  -170.691   -0.1    0.1   -0.2
    52.270  -170.691   -0.1    0.1   -0.2
    52.288  -170.691   -0.1    0.1   -0.2
    52.306  -170.691   -0.1    0.1   -0.2
    52.324  -170.691   -0.1    0.1   -0.2
    52.342  -170.691   -0.1    0.1   -0.2
    52.360  -170.691   -0.1    0.1   -0.2
    52.378  -170.691   -0.1    0.1   -0.2
    52.396  -170.691   -0.1    0.1   -0.2
    52.414  -170.691   -0.1    0.1   -0.2
    52.432  -170.691   -0.1    0.1   -0.2
    52.450  -170.691   -0.1    0.1   -0.2
    52.468  -170.691   -0.1    0.1   -0.2
    52.486  -170.691   -0.1    0.1   -0.2
    52.504  -170.691   -0.1    0.1   -0.2
    52.522  -170.691   -0.1    0.1   -0.2
    52.540  -170.691   -0.1    0.1   -0.2
    52.558  -170.691   -0.1    0.1   -0.2
    52.576  -170.691   -0.1    0.0   -0.2
    52.595  -170.691   -0.1    0.0   -0.2
    52.613  -170.691   -0.1    0.0   -0.2
    52.631  -170.691   -0.1    0.0   -0.2
    52.649  -170.691   -0.1    0.0   -0.2
    52.667  -170.691   -0.1    0.0   -0.2
    52.685  -170.691   -0.1    0.0   -0.2
    52.703  -170.691   -0.1    0.0   -0.1
    52.721  -170.691   -0.1    0.0   -0.1
    52.739  -170.691   -0.1    0.0   -0.1
    52.757  -170.691   -0.1    0.0   -0.1
    52.775  -170.691   -0.1    0.0   -0.1
    52.793  -170.691   -0.1    0.0   -0.1
    52.811  -170.691   -0.1    0.0   -0.1
    52.829  -170.691   -0.1    0.0   -0.1
    52.847  -170.691   -0.1    0.0   -0.1
    52.865  -170.691   -0.0    0.0   -0.1
    52.883  -170.691   -0.0    0.0   -0.1
    52.901  -170.691   -0.0    0.0   -0.1
    52.919  -170.691   -0.0    0.0   -0.1
    52.937  -170.691   -0.0    0.0   -0.0
    52.955  -170.691   -0.0    0.0   -0.0
    52.973  -170.691   -0.0    0.0   -0.0
    52.991  -170.691   -0.0    0.0   -0.0
    53.009  -170.691   -0.0    0.0   -0.0
    53.027  -170.691   -0.0    0.0   -0.0
    53.045  -170.691   -0.0    0.0   -0.0
    53.063  -170.691    0.0    0.0   -0.0
    53.081  -170.691    0.0    0.0   -0.0
    53.099  -170.691    0.0    0.0    0.0
    53.117  -170.691    0.0    0.0    0.0
    53.135  -170.691    0.0    0.0    0.0
    53.153  -170.691    0.0    0.0    0.0
    53.171  -170.691    0.0    0.0    0.0
    53.189  -170.691    0.0    0.0    0.0
    53.207  -170.691    0.0    0.0    0.0
    53.225  -170.691    0.0    0.0    0.0
    53.243  -170.691    0.0    0.0    0.0
    53.261  -170.691    0.0    0.0    0.0
    53.279  -170.691    0.0    0.0    0.0
    53.297  -170.691    0.0    0.1    0.0
    53.315  -170.691    0.0    0.1    0.0
    53.333  -170.691    0.0    0.1    0.0
    53.351  -170.691    0.0    0.1    0.0
    53.369  -170.691    0.0    0.1    0.0
    53.387  -170.691    0.0    0.1    0.0
    53.405  -170.691    0.0    0.1    0.0
    53.423  -170.691    0.0    0.1    0.0
    53.441  -170.691    0.0    0.1    0.0
    53.459  -170.691    0.0    0.1    0.0
    53.477  -170.691    0.0    0.1    0.0
    53.495  -170.691    0.0    0.1    0.0
    53.513  -170.691    0.0    0.1    0.0
    53.531  -170.691    0.0    0.1    0.0
    53.549  -170.691    0.0    0.1    0.0
    53.567  -170.691    0.0    0.1    0.0
    53.585  -170.691    0.0    0.1    0.0
    53.603  -170.691    0.0    0.1    0.0
    53.621  -170.691    0.0    0.1    0.0
    53.639  -170.691    0.0    0.1    0.0
    53.657  -170.691    0.0    0.1    0.0
    53.675  -170.691    0.0    0.1    0.0
    53.694  -170.691    0.0    0.1    0.0
    53.712  -170.691    0.0    0.1    0.0
    53.730  -170.691    0.0    0.1    0.0
    53.748  -170.691    0.0    0.1    0.0
    53.766  -170.691    0.0    0.1    0.0
    53.784  -170.691    0.0    0.1    0.0
    53.802  -170.691    0.0    0.1    0.0
    53.820  -170.691    0.0    0.1    0.0
    53.838  -170.691    0.0    0.1    0.0
    53.856  -170.691    0.0    0.1    0.0
    53.874  -170.691    0.0    0.1    0.0
    53.892  -170.691    0.0    0.1    0.0
    53.910  -170.691    0.0    0.0    0.0
    52.108  -170.661   -0.1    0.1   -0.2
    52.126  -170.661   -0.1    0.1   -0.2
    52.144  -170.661   -0.1    0.1   -0.2
    52.162  -170.661   -0.1    0.1   -0.2
    52.180  -170.661   -0.1    0.1   -0.2
    52.198  -170.661   -0.1    0.1   -0.2
    52.216  -170.661   -0.1    0.1   -0.2
    52.234  -170.661   -0.1    0.1   -0.2
    52.252  -170.661   -0.1    0.1   -0.2
    52.270  -170.661   -0.1    0.1   -0.2
    52.288  -170.661   -0.1    0.1   -0.2
    52.306  -170.661   -0.1    0.1   -0.2
    52.324  -170.661   -0.1    0.1   -0.2
    52.342  -170.661   -0.1    0.1   -0.2
    52.360  -170.661   -0.1    0.1   -0.2
    52.378  -170.661   -0.1    0.1   -0.2
    52.396  -170.661   -0.1    0.1   -0.2
    52.414  -170.661   -0.1    0.1   -0.2
    52.432  -170.661   -0.1    0.1   -0.2
    52.450  -170.661   -0.1    0.1   -0.2
    52.468  -170.661   -0.1    0.1   -0.2
    52.486  -170.661   -0.1    0.1   -0.2
    52.504  -170.661   -0.1    0.1   -0.2
    52.522  -170.661   -0.1    0.1   -0.2
    52.540  -170.661   -0.1    0.1   -0.2
    52.558  -170.661   -0.1    0.0   -0.2
    52.576  -170.661   -0.1    0.0   -0.2
    52.595  -170.661   -0.1    0.0   -0.2
    52.613  -170.661   -0.1    0.0   -0.2
    52.631  -170.661   -0.1    0.0   -0.2
    52.649  -170.661   -0.1    0.0   -0.2
    52.667  -170.661   -0.1    0.0   -0.2
    52.685  -170.661   -0.1    0.0   -0.1
    52.703  -170.661   -0.1    0.0   -0.1
    52.721  -170.661   -0.1    0.0   -0.1
    52.739  -170.661   -0.1    0.0   -0.1
    52.757  -170.661   -0.1    0.0   -0.1
    52.775  -170.661   -0.1    0.0   -0.1
    52.793  -170.661   -0.1    0.0   -0.1
    52.811  -170.661   -0.1    0.0   -0.1
    52.829  -170.661   -0.1    0.0   -0.1
    52.847  -170.661   -0.1    0.0   -0.1
    52.865  -170.661   -0.0    0.0   -0.1
    52.883  -170.661   -0.0    0.0   -0.1
    52.901  -170.661   -0.0    0.0   -0.1
    52.919  -170.661   -0.0    0.0   -0.0
    52.937  -170.661   -0.0    0.0   -0.0
    52.955  -170.661   -0.0    0.0   -0.0
    52.973  -170.661   -0.0    0.0   -0.0
    52.991  -170.661   -0.0    0.0   -0.0
    53.009  -170.661   -0.0    0.0   -0.0
    53.027  -170.661   -0.0    0.0   -0.0
    53.045  -170.661    0.0    0.0   -0.0
    53.063  -170.661    0.0    0.0   -0.0
    53.081  -170.661    0.0    0.0    0.0
    53.099  -170.661    0.0    0.0    0.0
    53.117  -170.661    0.0    0.0    0.0
    53.135  -170.661    0.0    0.0    0.0
    53.153  -170.661    0.0    0.0    0.0
    53.171  -170.661    0.0    0.0    0.0
    53.189  -170.661    0.0    0.0    0.0
    53.207  -170.661    0.0    0.0    0.0
    53.225  -170.661    0.0    0.0    0.0
    53.243  -170.661    0.0    0.0    0.0
    53.261  -170.661    0.0    0.0    0.0
    53.279  -170.661    0.0    0.0    0.0
    53.297  -170.661    0.0    0.1    0.0
    53.315  -170.661    0.0    0.1    0.0
    53.333  -170.661    0.0    0.1    0.0
    53.351  -170.661    0.0    0.1    0.0
    53.369  -170.661    0.0    0.1    0.0
    53.387  -170.661    0.0    0.1    0.0
    53.405  -170.661    0.0    0.1    0.0
    53.423  -170.661    0.0    0.1    0.0
    53.441  -170.661    0.0    0.1    0.0
    53.459  -170.661    0.0    0.1    0.0
    53.477  -170.661    0.0    0.1    0.0
    53.495  -170.661    0.0    0.1    0.0
    53.513  -170.661    0.0    0.1    0.0
    53.531  -170.661    0.0    0.1    0.0
    53.549  -170.661    0.0    0.1    0.0
    53.567  -170.661    0.0    0.1    0.0
    53.585  -170.661    0.0    0.1    0.0
    53.603  -170.661    0.0    0.1    0.0
    53.621  -170.661    0.0    0.1    0.0
    53.639  -170.661    0.0    0.1    0.0
    53.657  -170.661    0.0    0.1    0.0
    53.675  -170.661    0.0    0.1    0.0
    53.694  -170.661    0.0    0.1    0.0
    53.712  -170.661    0.0    0.1    0.0
    53.730  -170.661    0.0    0.1    0.0
    53.748  -170.661    0.0    0.1    0.0
    53.766  -170.661    0.0    0.1    0.0
    53.784  -170.661    0.0    0.1    0.0
    53.802  -170.661    0.0    0.1    0.0
    53.820  -170.661    0.0    0.1    0.0
    53.838  -170.661    0.0    0.1    0.0
    53.856  -170.661    0.0    0.1    0.0
    53.874  -170.661    0.0    0.1    0.0
    53.892  -170.661    0.0    0.1    0.0
    53.910  -170.661    0.0    0.0    0.0
    52.108  -170.631   -0.1    0.1   -0.2
    52.126  -170.631   -0.1    0.1   -0.2
    52.144  -170.631   -0.1    0.1   -0.2
    52.162  -170.631   -0.1    0.1   -0.2
    52.180  -170.631   -0.1    0.1   -0.2
    52.198  -170.631   -0.1    0.1   -0.2
    52.216  -170.631   -0.1    0.1   -0.2
    52.234  -170.631   -0.1    0.1   -0.2
    52.252  -170.631   -0.1    0.1   -0.2
    52.270  -170.631   -0.1    0.1   -0.2
    52.288  -170.631   -0.1    0.1   -0.2
    52.306  -170.631   -0.1    0.1   -0.2
    52.324  -170.631   -0.1    0.1   -0.2
    52.342  -170.631   -0.1    0.1   -0.2
    52.360  -170.631   -0.1    0.1   -0.2
    52.378  -170.631   -0.1    0.1   -0.2
    52.396  -170.631   -0.1    0.1   -0.2
    52.414  -170.631   -0.1    0.1   -0.2
    52.432  -170.631   -0.1    0.1   -0.2
    52.450  -170.631   -0.1    0.1   -0.2
    52.468  -170.631   -0.1    0.1   -0.2
    52.486  -170.631   -0.1    0.1   -0.2
    52.504  -170.631   -0.1    0.1   -0.2
    52.522  -170.631   -0.1    0.1   -0.2
    52.540  -170.631   -0.1    0.1   -0.2
    52.558  -170.631   -0.1    0.0   -0.2
    52.576  -170.631   -0.1    0.0   -0.2
    52.595  -170.631   -0.1    0.0   -0.2
    52.613  -170.631   -0.1    0.0   -0.2
    52.631  -170.631   -0.1    0.0   -0.2
    52.649  -170.631   -0.1    0.0   -0.2
    52.667  -170.631   -0.1    0.0   -0.1
    52.685  -170.631   -0.1    0.0   -0.1
    52.703  -170.631   -0.1    0.0   -0.1
    52.721  -170.631   -0.1    0.0   -0.1
    52.739  -170.631   -0.1    0.0   -0.1
    52.757  -170.631   -0.1    0.0   -0.1
    52.775  -170.631   -0.1    0.0   -0.1
    52.793  -170.631   -0.1    0.0   -0.1
    52.811  -170.631   -0.1    0.0   -0.1
    52.829  -170.631   -0.1    0.0   -0.1
    52.847  -170.631   -0.0    0.0   -0.1
    52.865  -170.631   -0.0    0.0   -0.1
    52.883  -170.631   -0.0    0.0   -0.1
    52.901  -170.631   -0.0    0.0   -0.0
    52.919  -170.631   -0.0    0.0   -0.0
    52.937  -170.631   -0.0    0.0   -0.0
    52.955  -170.631   -0.0    0.0   -0.0
    52.973  -170.631   -0.0    0.0   -0.0
    52.991  -170.631   -0.0    0.0   -0.0
    53.009  -170.631   -0.0    0.0   -0.0
    53.027  -170.631   -0.0    0.0   -0.0
    53.045  -170.631    0.0    0.0   -0.0
    53.063  -170.631    0.0    0.0   -0.0
    53.081  -170.631    0.0    0.0    0.0
    53.099  -170.631    0.0    0.0    0.0
    53.117  -170.631    0.0    0.0    0.0
    53.135  -170.631    0.0    0.0    0.0
    53.153  -170.631    0.0    0.0    0.0
    53.171  -170.631    0.0    0.0    0.0
    53.189  -170.631    0.0    0.0    0.0
    53.207  -170.631    0.0    0.0    0.0
    53.225  -170.631    0.0    0.0    0.0
    53.243  -170.631    0.0    0.0    0.0
    53.261  -170.631    0.0    0.0    0.0
    53.279  -170.631    0.0    0.0    0.0
    53.297  -170.631    0.0    0.1    0.0
    53.315  -170.631    0.0    0.1    0.0
    53.333  -170.631    0.0    0.1    0.0
    53.351  -170.631    0.0    0.1    0.0
    53.369  -170.631    0.0    0.1    0.0
    53.387  -170.631    0.0    0.1    0.0
    53.405  -170.631    0.0    0.1    0.0
    53.423  -170.631    0.0    0.1    0.0
    53.441  -170.631    0.0    0.1    0.0
    53.459  -170.631    0.0    0.1    0.0
    53.477  -170.631    0.0    0.1    0.0
    53.495  -170.631    0.0    0.1    0.0
    53.513  -170.631    0.0    0.1    0.0
    53.531  -170.631    0.0    0.1    0.0
    53.549  -170.631    0.0    0.1    0.0
    53.567  -170.631    0.0    0.1    0.0
    53.585  -170.631    0.0    0.1    0.0
    53.603  -170.631    0.0    0.1    0.0
    53.621  -170.631    0.0    0.1    0.0
    53.639  -170.631    0.0    0.1    0.0
    53.657  -170.631    0.0    0.1    0.0
    53.675  -170.631    0.0    0.1    0.0
    53.694  -170.631    0.0    0.1    0.0
    53.712  -170.631    0.0    0.1    0.0
    53.730  -170.631    0.0    0.1    0.0
    53.748  -170.631    0.0    0.1    0.0
    53.766  -170.631    0.0    0.1    0.0
    53.784  -170.631    0.0    0.1    0.0
    53.802  -170.631    0.0    0.1    0.0
    53.820  -170.631    0.0    0.1    0.0
    53.838  -170.631    0.0    0.1    0.0
    53.856  -170.631    0.0    0.1    0.0
    53.874  -170.631    0.0    0.1    0.0
    53.892  -170.631    0.0    0.1    0.0
    53.910  -170.631    0.0    0.0    0.0
    52.108  -170.602   -0.1    0.1   -0.2
    52.126  -170.602   -0.1    0.1   -0.2
    52.144  -170.602   -0.1    0.1   -0.2
    52.162  -170.602   -0.1    0.1   -0.2
    52.180  -170.602   -0.1    0.1   -0.2
    52.198  -170.602   -0.1    0.1   -0.2
    52.216  -170.602   -0.1    0.1   -0.2
    52.234  -170.602   -0.1    0.1   -0.2
    52.252  -170.602   -0.1    0.1   -0.2
    52.270  -170.602   -0.1    0.1   -0.2
    52.288  -170.602   -0.1    0.1   -0.2
    52.306  -170.602   -0.1    0.1   -0.2
    52.324  -170.602   -0.1    0.1   -0.2
    52.342  -170.602   -0.1    0.1   -0.2
    52.360  -170.602   -0.1    0.1   -0.2
    52.378  -170.602   -0.1    0.1   -0.2
    52.396  -170.602   -0.1    0.1   -0.2
    52.414  -170.602   -0.1    0.1   -0.2
    52.432  -170.602   -0.1    0.1   -0.2
    52.450  -170.602   -0.1    0.1   -0.2
    52.468  -170.602   -0.1    0.1   -0.2
    52.486  -170.602   -0.1    0.1   -0.2
    52.504  -170.602   -0.1    0.1   -0.2
    52.522  -170.602   -0.1    0.1   -0.2
    52.540  -170.602   -0.1    0.0   -0.2
    52.558  -170.602   -0.1    0.0   -0.2
    52.576  -170.602   -0.1    0.0   -0.2
    52.595  -170.602   -0.1    0.0   -0.2
    52.613  -170.602   -0.1    0.0   -0.2
    52.631  -170.602   -0.1    0.0   -0.1
    52.649  -170.602   -0.1    0.0   -0.1
    52.667  -170.602   -0.1    0.0   -0.1
    52.685  -170.602   -0.1    0.0   -0.1
    52.703  -170.602   -0.1    0.0   -0.1
    52.721  -170.602   -0.1    0.0   -0.1
    52.739  -170.602   -0.1    0.0   -0.1
    52.757  -170.602   -0.1    0.0   -0.1
    52.775  -170.602   -0.1    0.0   -0.1
    52.793  -170.602   -0.1    0.0   -0.1
    52.811  -170.602   -0.1    0.0   -0.1
    52.829  -170.602   -0.1    0.0   -0.1
    52.847  -170.602   -0.0    0.0   -0.1
    52.865  -170.602   -0.0    0.0   -0.1
    52.883  -170.602   -0.0    0.0   -0.0
    52.901  -170.602   -0.0    0.0   -0.0
    52.919  -170.602   -0.0    0.0   -0.0
    52.937  -170.602   -0.0    0.0   -0.0
    52.955  -170.602   -0.0    0.0   -0.0
    52.973  -170.602   -0.0    0.0   -0.0
    52.991  -170.602   -0.0    0.0   -0.0
    53.009  -170.602   -0.0    0.0   -0.0
    53.027  -170.602    0.0    0.0   -0.0
    53.045  -170.602    0.0    0.0   -0.0
    53.063  -170.602    0.0    0.0    0.0
    53.081  -170.602    0.0    0.0    0.0
    53.099  -170.602    0.0    0.0    0.0
    53.117  -170.602    0.0    0.0    0.0
    53.135  -170.602    0.0    0.0    0.0
    53.153  -170.602    0.0    0.0    0.0
    53.171  -170.602    0.0    0.0    0.0
    53.189  -170.602    0.0    0.0    0.0
    53.207  -170.602    0.0    0.0    0.0
    53.225  -170.602    0.0    0.0    0.0
    53.243  -170.602    0.0    0.0    0.0
    53.261  -170.602    0.0    0.0    0.0
    53.279  -170.602    0.0    0.1    0.0
    53.297  -170.602    0.0    0.1    0.0
    53.315  -170.602    0.0    0.1    0.0
    53.333  -170.602    0.0    0.1    0.0
    53.351  -170.602    0.0    0.1    0.0
    53.369  -170.602    0.0    0.1    0.0
    53.387  -170.602    0.0    0.1    0.0
    53.405  -170.602    0.0    0.1    0.0
    53.423  -170.602    0.0    0.1    0.0
    53.441  -170.602    0.0    0.1    0.0
    53.459  -170.602    0.0    0.1    0.0
    53.477  -170.602    0.0    0.1    0.0
    53.495  -170.602    0.0    0.1    0.0
    53.513  -170.602    0.0    0.1    0.0
    53.531  -170.602    0.0    0.1    0.0
    53.549  -170.602    0.0    0.1    0.0
    53.567  -170.602    0.0    0.1    0.0
    53.585  -170.602    0.0    0.1    0.0
    53.603  -170.602    0.0    0.1    0.0
    53.621  -170.602    0.0    0.1    0.0
    53.639  -170.602    0.0    0.1    0.0
    53.657  -170.602    0.0    0.1    0.0
    53.675  -170.602    0.0    0.1    0.0
    53.694  -170.602    0.0    0.1    0.0
    53.712  -170.602    0.0    0.1    0.0
    53.730  -170.602    0.0    0.1    0.0
    53.748  -170.602    0.0    0.1    0.0
    53.766  -170.602    0.0    0.1    0.0
    53.784  -170.602    0.0    0.1    0.0
    53.802  -170.602    0.0    0.1    0.0
    53.820  -170.602    0.0    0.1    0.0
    53.838  -170.602    0.0    0.1    0.0
    53.856  -170.602    0.0    0.1    0.0
    53.874  -170.602    0.0    0.1    0.0
    53.892  -170.602    0.0    0.1    0.0
    53.910  -170.602    0.0    0.0    0.0
    52.108  -170.572   -0.1    0.1   -0.2
    52.126  -170.572   -0.1    0.1   -0.2
    52.144  -170.572   -0.1    0.1   -0.2
    52.162  -170.572   -0.1    0.1   -0.2
    52.180  -170.572   -0.1    0.1   -0.2
    52.198  -170.572   -0.1    0.1   -0.2
    52.216  -170.572   -0.1    0.1   -0.2
    52.234  -170.572   -0.1    0.1   -0.2
    52.252  -170.572   -0.1    0.1   -0.2
    52.270  -170.572   -0.1    0.1   -0.2
    52.288  -170.572   -0.1    0.1   -0.2
    52.306  -170.572   -0.1    0.1   -0.2
    52.324  -170.572   -0.1    0.1   -0.2
    52.342  -170.572   -0.1    0.1   -0.2
    52.360  -170.572   -0.1    0.1   -0.2
    52.378  -170.572   -0.1    0.1   -0.2
    52.396  -170.572   -0.1    0.1   -0.2
    52.414  -170.572   -0.1    0.1   -0.2
    52.432  -170.572   -0.1    0.1   -0.2
    52.450  -170.572   -0.1    0.1   -0.2
    52.468  -170.572   -0.1    0.1   -0.2
    52.486  -170.572   -0.1    0.1   -0.2
    52.504  -170.572   -0.1    0.1   -0.2
    52.522  -170.572   -0.1    0.1   -0.2
    52.540  -170.572   -0.1    0.0   -0.2
    52.558  -170.572   -0.1    0.0   -0.2
    52.576  -170.572   -0.1    0.0   -0.2
    52.595  -170.572   -0.1    0.0   -0.2
    52.613  -170.572   -0.1    0.0   -0.1
    52.631  -170.572   -0.1    0.0   -0.1
    52.649  -170.572   -0.1    0.0   -0.1
    52.667  -170.572   -0.1    0.0   -0.1
    52.685  -170.572   -0.1    0.0   -0.1
    52.703  -170.572   -0.1    0.0   -0.1
    52.721  -170.572   -0.1    0.0   -0.1
    52.739  -170.572   -0.1    0.0   -0.1
    52.757  -170.572   -0.1    0.0   -0.1
    52.775  -170.572   -0.1    0.0   -0.1
    52.793  -170.572   -0.1    0.0   -0.1
    52.811  -170.572   -0.1    0.0   -0.1
    52.829  -170.572   -0.0    0.0   -0.1
    52.847  -170.572   -0.0    0.0   -0.1
    52.865  -170.572   -0.0    0.0   -0.1
    52.883  -170.572   -0.0    0.0   -0.0
    52.901  -170.572   -0.0    0.0   -0.0
    52.919  -170.572   -0.0    0.0   -0.0
    52.937  -170.572   -0.0    0.0   -0.0
    52.955  -170.572   -0.0    0.0   -0.0
    52.973  -170.572   -0.0    0.0   -0.0
    52.991  -170.572   -0.0    0.0   -0.0
    53.009  -170.572   -0.0    0.0   -0.0
    53.027  -170.572    0.0    0.0   -0.0
    53.045  -170.572    0.0    0.0   -0.0
    53.063  -170.572    0.0    0.0    0.0
    53.081  -170.572    0.0    0.0    0.0
    53.099  -170.572    0.0    0.0    0.0
    53.117  -170.572    0.0    0.0    0.0
    53.135  -170.572    0.0    0.0    0.0
    53.153  -170.572    0.0    0.0    0.0
    53.171  -170.572    0.0    0.0    0.0
    53.189  -170.572    0.0    0.0    0.0
    53.207  -170.572    0.0    0.0    0.0
    53.225  -170.572    0.0    0.0    0.0
    53.243  -170.572    0.0    0.0    0.0
    53.261  -170.572    0.0    0.0    0.0
    53.279  -170.572    0.0    0.1    0.0
    53.297  -170.572    0.0    0.1    0.0
    53.315  -170.572    0.0    0.1    0.0
    53.333  -170.572    0.0    0.1    0.0
    53.351  -170.572    0.0    0.1    0.0
    53.369  -170.572    0.0    0.1    0.0
    53.387  -170.572    0.0    0.1    0.0
    53.405  -170.572    0.0    0.1    0.0
    53.423  -170.572    0.0    0.1    0.0
    53.441  -170.572    0.0    0.1    0.0
    53.459  -170.572    0.0    0.1    0.0
    53.477  -170.572    0.0    0.1    0.0
    53.495  -170.572    0.0    0.1    0.0
    53.513  -170.572    0.0    0.1    0.0
    53.531  -170.572    0.0    0.1    0.0
    53.549  -170.572    0.0    0.1    0.0
    53.567  -170.572    0.0    0.1    0.0
    53.585  -170.572    0.0    0.1    0.0
    53.603  -170.572    0.0    0.1    0.0
    53.621  -170.572    0.0    0.1    0.0
    53.639  -170.572    0.0    0.1    0.0
    53.657  -170.572    0.0    0.1    0.0
    53.675  -170.572    0.0    0.1    0.0
    53.694  -170.572    0.0    0.1    0.0
    53.712  -170.572    0.0    0.1    0.0
    53.730  -170.572    0.0    0.1    0.0
    53.748  -170.572    0.0    0.1    0.0
    53.766  -170.572    0.0    0.1    0.0
    53.784  -170.572    0.0    0.1    0.0
    53.802  -170.572    0.0    0.1    0.0
    53.820  -170.572    0.0    0.1    0.0
    53.838  -170.572    0.0    0.1    0.0
    53.856  -170.572    0.0    0.1    0.0
    53.874  -170.572    0.0    0.1    0.0
    53.892  -170.572    0.0    0.1    0.0
    53.910  -170.572    0.0    0.1    0.0
    52.108  -170.542   -0.1    0.1   -0.2
    52.126  -170.542   -0.1    0.1   -0.2
    52.144  -170.542   -0.1    0.1   -0.2
    52.162  -170.542   -0.1    0.1   -0.2
    52.180  -170.542   -0.1    0.1   -0.2
    52.198  -170.542   -0.1    0.1   -0.2
    52.216  -170.542   -0.1    0.1   -0.2
    52.234  -170.542   -0.1    0.1   -0.2
    52.252  -170.542   -0.1    0.1   -0.2
    52.270  -170.542   -0.1    0.1   -0.2
    52.288  -170.542   -0.1    0.1   -0.2
    52.306  -170.542   -0.1    0.1   -0.2
    52.324  -170.542   -0.1    0.1   -0.2
    52.342  -170.542   -0.1    0.1   -0.2
    52.360  -170.542   -0.1    0.1   -0.2
    52.378  -170.542   -0.1    0.1   -0.2
    52.396  -170.542   -0.1    0.1   -0.2
    52.414  -170.542   -0.1    0.1   -0.2
    52.432  -170.542   -0.1    0.1   -0.2
    52.450  -170.542   -0.1    0.1   -0.2
    52.468  -170.542   -0.1    0.1   -0.2
    52.486  -170.542   -0.1    0.1   -0.2
    52.504  -170.542   -0.1    0.1   -0.2
    52.522  -170.542   -0.1    0.0   -0.2
    52.540  -170.542   -0.1    0.0   -0.2
    52.558  -170.542   -0.1    0.0   -0.2
    52.576  -170.542   -0.1    0.0   -0.2
    52.595  -170.542   -0.1    0.0   -0.1
    52.613  -170.542   -0.1    0.0   -0.1
    52.631  -170.542   -0.1    0.0   -0.1
    52.649  -170.542   -0.1    0.0   -0.1
    52.667  -170.542   -0.1    0.0   -0.1
    52.685  -170.542   -0.1    0.0   -0.1
    52.703  -170.542   -0.1    0.0   -0.1
    52.721  -170.542   -0.1    0.0   -0.1
    52.739  -170.542   -0.1    0.0   -0.1
    52.757  -170.542   -0.1    0.0   -0.1
    52.775  -170.542   -0.1    0.0   -0.1
    52.793  -170.542   -0.1    0.0   -0.1
    52.811  -170.542   -0.1    0.0   -0.1
    52.829  -170.542   -0.0    0.0   -0.1
    52.847  -170.542   -0.0    0.0   -0.1
    52.865  -170.542   -0.0    0.0   -0.0
    52.883  -170.542   -0.0    0.0   -0.0
    52.901  -170.542   -0.0    0.0   -0.0
    52.919  -170.542   -0.0    0.0   -0.0
    52.937  -170.542   -0.0    0.0   -0.0
    52.955  -170.542   -0.0    0.0   -0.0
    52.973  -170.542   -0.0    0.0   -0.0
    52.991  -170.542   -0.0    0.0   -0.0
    53.009  -170.542    0.0    0.0   -0.0
    53.027  -170.542    0.0    0.0   -0.0
    53.045  -170.542    0.0    0.0    0.0
    53.063  -170.542    0.0    0.0    0.0
    53.081  -170.542    0.0    0.0    0.0
    53.099  -170.542    0.0    0.0    0.0
    53.117  -170.542    0.0    0.0    0.0
    53.135  -170.542    0.0    0.0    0.0
    53.153  -170.542    0.0    0.0    0.0
    53.171  -170.542    0.0    0.0    0.0
    53.189  -170.542    0.0    0.0    0.0
    53.207  -170.542    0.0    0.0    0.0
    53.225  -170.542    0.0    0.0    0.0
    53.243  -170.542    0.0    0.0    0.0
    53.261  -170.542    0.0    0.0    0.0
    53.279  -170.542    0.0    0.1    0.0
    53.297  -170.542    0.0    0.1    0.0
    53.315  -170.542    0.0    0.1    0.0
    53.333  -170.542    0.0    0.1    0.0
    53.351  -170.542    0.0    0.1    0.0
    53.369  -170.542    0.0    0.1    0.0
    53.387  -170.542    0.0    0.1    0.0
    53.405  -170.542    0.0    0.1    0.0
    53.423  -170.542    0.0    0.1    0.0
    53.441  -170.542    0.0    0.1    0.0
    53.459  -170.542    0.0    0.1    0.0
    53.477  -170.542    0.0    0.1    0.0
    53.495  -170.542    0.0    0.1    0.0
    53.513  -170.542    0.0    0.1    0.0
    53.531  -170.542    0.0    0.1    0.0
    53.549  -170.542    0.0    0.1    0.0
    53.567  -170.542    0.0    0.1    0.0
    53.585  -170.542    0.0    0.1    0.0
    53.603  -170.542    0.0    0.1    0.0
    53.621  -170.542    0.0    0.1    0.0
    53.639  -170.542    0.0    0.1    0.0
    53.657  -170.542    0.0    0.1    0.0
    53.675  -170.542    0.0    0.1    0.0
    53.694  -170.542    0.0    0.1    0.0
    53.712  -170.542    0.0    0.1    0.0
    53.730  -170.542    0.0    0.1    0.0
    53.748  -170.542    0.0    0.1    0.0
    53.766  -170.542    0.0    0.1    0.0
    53.784  -170.542    0.0    0.1    0.0
    53.802  -170.542    0.0    0.1    0.0
    53.820  -170.542    0.0    0.1    0.0
    53.838  -170.542    0.0    0.1    0.0
    53.856  -170.542    0.0    0.1    0.0
    53.874  -170.542    0.0    0.1    0.0
    53.892  -170.542    0.0    0.1    0.0
    53.910  -170.542    0.0    0.1    0.0
    52.108  -170.512   -0.1    0.1   -0.2
    52.126  -170.512   -0.1    0.1   -0.2
    52.144  -170.512   -0.1    0.1   -0.2
    52.162  -170.512   -0.1    0.1   -0.2
    52.180  -170.512   -0.1    0.1   -0.2
    52.198  -170.512   -0.1    0.1   -0.2
    52.216  -170.512   -0.1    0.1   -0.2
    52.234  -170.512   -0.1    0.1   -0.2
    52.252  -170.512   -0.1    0.1   -0.2
    52.270  -170.512   -0.1    0.1   -0.2
    52.288  -170.512   -0.1    0.1   -0.2
    52.306  -170.512   -0.1    0.1   -0.2
    52.324  -170.512   -0.1    0.1   -0.2
    52.342  -170.512   -0.1    0.1   -0.2
    52.360  -170.512   -0.1    0.1   -0.2
    52.378  -170.512   -0.1    0.1   -0.2
    52.396  -170.512   -0.1    0.1   -0.2
    52.414  -170.512   -0.1    0.1   -0.2
    52.432  -170.512   -0.1    0.1   -0.2
    52.450  -170.512   -0.1    0.1   -0.2
    52.468  -170.512   -0.1    0.1   -0.2
    52.486  -170.512   -0.1    0.1   -0.2
    52.504  -170.512   -0.1    0.1   -0.2
    52.522  -170.512   -0.1    0.0   -0.2
    52.540  -170.512   -0.1    0.0   -0.2
    52.558  -170.512   -0.1    0.0   -0.2
    52.576  -170.512   -0.1    0.0   -0.1
    52.595  -170.512   -0.1    0.0   -0.1
    52.613  -170.512   -0.1    0.0   -0.1
    52.631  -170.512   -0.1    0.0   -0.1
    52.649  -170.512   -0.1    0.0   -0.1
    52.667  -170.512   -0.1    0.0   -0.1
    52.685  -170.512   -0.1    0.0   -0.1
    52.703  -170.512   -0.1    0.0   -0.1
    52.721  -170.512   -0.1    0.0   -0.1
    52.739  -170.512   -0.1    0.0   -0.1
    52.757  -170.512   -0.1    0.0   -0.1
    52.775  -170.512   -0.1    0.0   -0.1
    52.793  -170.512   -0.1    0.0   -0.1
    52.811  -170.512   -0.0    0.0   -0.1
    52.829  -170.512   -0.0    0.0   -0.1
    52.847  -170.512   -0.0    0.0   -0.0
    52.865  -170.512   -0.0    0.0   -0.0
    52.883  -170.512   -0.0    0.0   -0.0
    52.901  -170.512   -0.0    0.0   -0.0
    52.919  -170.512   -0.0    0.0   -0.0
    52.937  -170.512   -0.0    0.0   -0.0
    52.955  -170.512   -0.0    0.0   -0.0
    52.973  -170.512   -0.0    0.0   -0.0
    52.991  -170.512   -0.0    0.0   -0.0
    53.009  -170.512    0.0    0.0   -0.0
    53.027  -170.512    0.0    0.0   -0.0
    53.045  -170.512    0.0    0.0    0.0
    53.063  -170.512    0.0    0.0    0.0
    53.081  -170.512    0.0    0.0    0.0
    53.099  -170.512    0.0    0.0    0.0
    53.117  -170.512    0.0    0.0    0.0
    53.135  -170.512    0.0    0.0    0.0
    53.153  -170.512    0.0    0.0    0.0
    53.171  -170.512    0.0    0.0    0.0
    53.189  -170.512    0.0    0.0    0.0
    53.207  -170.512    0.0    0.0    0.0
    53.225  -170.512    0.0    0.0    0.0
    53.243  -170.512    0.0    0.0    0.0
    53.261  -170.512    0.0    0.0    0.0
    53.279  -170.512    0.0    0.1    0.0
    53.297  -170.512    0.0    0.1    0.0
    53.315  -170.512    0.0    0.1    0.0
    53.333  -170.512    0.0    0.1    0.0
    53.351  -170.512    0.0    0.1    0.0
    53.369  -170.512    0.0    0.1    0.0
    53.387  -170.512    0.0    0.1    0.0
    53.405  -170.512    0.0    0.1    0.0
    53.423  -170.512    0.0    0.1    0.0
    53.441  -170.512    0.0    0.1    0.0
    53.459  -170.512    0.0    0.1    0.0
    53.477  -170.512    0.0    0.1    0.0
    53.495  -170.512    0.0    0.1    0.0
    53.513  -170.512    0.0    0.1    0.0
    53.531  -170.512    0.0    0.1    0.0
    53.549  -170.512    0.0    0.1    0.0
    53.567  -170.512    0.0    0.1    0.0
    53.585  -170.512    0.0    0.1    0.0
    53.603  -170.512    0.0    0.1    0.0
    53.621  -170.512    0.0    0.1    0.0
    53.639  -170.512    0.0    0.1    0.0
    53.657  -170.512    0.0    0.1    0.0
    53.675  -170.512    0.0    0.1    0.0
    53.694  -170.512    0.0    0.1    0.0
    53.712  -170.512    0.0    0.1    0.0
    53.730  -170.512    0.0    0.1    0.0
    53.748  -170.512    0.0    0.1    0.0
    53.766  -170.512    0.0    0.1    0.0
    53.784  -170.512    0.0    0.1    0.0
    53.802  -170.512    0.0    0.1    0.0
    53.820  -170.512    0.0    0.1    0.0
    53.838  -170.512    0.0    0.1    0.0
    53.856  -170.512    0.0    0.1    0.0
    53.874  -170.512    0.0    0.1    0.0
    53.892  -170.512    0.0    0.1    0.0
    53.910  -170.512    0.0    0.1    0.0
    52.108  -170.482   -0.1    0.1   -0.1
    52.126  -170.482   -0.1    0.1   -0.2
    52.144  -170.482   -0.1    0.1   -0.2
    52.162  -170.482   -0.1    0.1   -0.2
    52.180  -170.482   -0.1    0.1   -0.2
    52.198  -170.482   -0.1    0.1   -0.2
    52.216  -170.482   -0.1    0.1   -0.2
    52.234  -170.482   -0.1    0.1   -0.2
    52.252  -170.482   -0.1    0.1   -0.2
    52.270  -170.482   -0.1    0.1   -0.2
    52.288  -170.482   -0.1    0.1   -0.2
    52.306  -170.482   -0.1    0.1   -0.2
    52.324  -170.482   -0.1    0.1   -0.2
    52.342  -170.482   -0.1    0.1   -0.2
    52.360  -170.482   -0.1    0.1   -0.2
    52.378  -170.482   -0.1    0.1   -0.2
    52.396  -170.482   -0.1    0.1   -0.2
    52.414  -170.482   -0.1    0.1   -0.2
    52.432  -170.482   -0.1    0.1   -0.2
    52.450  -170.482   -0.1    0.1   -0.2
    52.468  -170.482   -0.1    0.1   -0.2
    52.486  -170.482   -0.1    0.1   -0.2
    52.504  -170.482   -0.1    0.0   -0.2
    52.522  -170.482   -0.1    0.0   -0.2
    52.540  -170.482   -0.1    0.0   -0.1
    52.558  -170.482   -0.1    0.0   -0.1
    52.576  -170.482   -0.1    0.0   -0.1
    52.595  -170.482   -0.1    0.0   -0.1
    52.613  -170.482   -0.1    0.0   -0.1
    52.631  -170.482   -0.1    0.0   -0.1
    52.649  -170.482   -0.1    0.0   -0.1
    52.667  -170.482   -0.1    0.0   -0.1
    52.685  -170.482   -0.1    0.0   -0.1
    52.703  -170.482   -0.1    0.0   -0.1
    52.721  -170.482   -0.1    0.0   -0.1
    52.739  -170.482   -0.1    0.0   -0.1
    52.757  -170.482   -0.1    0.0   -0.1
    52.775  -170.482   -0.1    0.0   -0.1
    52.793  -170.482   -0.1    0.0   -0.1
    52.811  -170.482   -0.0    0.0   -0.1
    52.829  -170.482   -0.0    0.0   -0.1
    52.847  -170.482   -0.0    0.0   -0.0
    52.865  -170.482   -0.0    0.0   -0.0
    52.883  -170.482   -0.0    0.0   -0.0
    52.901  -170.482   -0.0    0.0   -0.0
    52.919  -170.482   -0.0    0.0   -0.0
    52.937  -170.482   -0.0    0.0   -0.0
    52.955  -170.482   -0.0    0.0   -0.0
    52.973  -170.482   -0.0    0.0   -0.0
    52.991  -170.482    0.0    0.0   -0.0
    53.009  -170.482    0.0    0.0   -0.0
    53.027  -170.482    0.0    0.0    0.0
    53.045  -170.482    0.0    0.0    0.0
    53.063  -170.482    0.0    0.0    0.0
    53.081  -170.482    0.0    0.0    0.0
    53.099  -170.482    0.0    0.0    0.0
    53.117  -170.482    0.0    0.0    0.0
    53.135  -170.482    0.0    0.0    0.0
    53.153  -170.482    0.0    0.0    0.0
    53.171  -170.482    0.0    0.0    0.0
    53.189  -170.482    0.0    0.0    0.0
    53.207  -170.482    0.0    0.0    0.0
    53.225  -170.482    0.0    0.0    0.0
    53.243  -170.482    0.0    0.0    0.0
    53.261  -170.482    0.0    0.0    0.0
    53.279  -170.482    0.0    0.1    0.0
    53.297  -170.482    0.0    0.1    0.0
    53.315  -170.482    0.0    0.1    0.0
    53.333  -170.482    0.0    0.1    0.0
    53.351  -170.482    0.0    0.1    0.0
    53.369  -170.482    0.0    0.1    0.0
    53.387  -170.482    0.0    0.1    0.0
    53.405  -170.482    0.0    0.1    0.0
    53.423  -170.482    0.0    0.1    0.0
    53.441  -170.482    0.0    0.1    0.0
    53.459  -170.482    0.0    0.1    0.0
    53.477  -170.482    0.0    0.1    0.0
    53.495  -170.482    0.0    0.1    0.0
    53.513  -170.482    0.0    0.1    0.0
    53.531  -170.482    0.0    0.1    0.0
    53.549  -170.482    0.0    0.1    0.0
    53.567  -170.482    0.0    0.1    0.0
    53.585  -170.482    0.0    0.1    0.0
    53.603  -170.482    0.0    0.1    0.0
    53.621  -170.482    0.0    0.1    0.0
    53.639  -170.482    0.0    0.1    0.0
    53.657  -170.482    0.0    0.1    0.0
    53.675  -170.482    0.0    0.1    0.0
    53.694  -170.482    0.0    0.1    0.0
    53.712  -170.482    0.0    0.1    0.0
    53.730  -170.482    0.0    0.1    0.0
    53.748  -170.482    0.0    0.1    0.0
    53.766  -170.482    0.0    0.1    0.0
    53.784  -170.482    0.0    0.1    0.0
    53.802  -170.482    0.0    0.1    0.0
    53.820  -170.482    0.0    0.1    0.0
    53.838  -170.482    0.0    0.1    0.0
    53.856  -170.482    0.0    0.1    0.0
    53.874  -170.482    0.0    0.1    0.0
    53.892  -170.482    0.0    0.1    0.0
    53.910  -170.482    0.0    0.1    0.0
    52.108  -170.453   -0.1    0.1   -0.1
    52.126  -170.453   -0.1    0.1   -0.1
    52.144  -170.453   -0.1    0.1   -0.2
    52.162  -170.453   -0.1    0.1   -0.2
    52.180  -170.453   -0.1    0.1   -0.2
    52.198  -170.453   -0.1    0.1   -0.2
    52.216  -170.453   -0.1    0.1   -0.2
    52.234  -170.453   -0.1    0.1   -0.2
    52.252  -170.453   -0.1    0.1   -0.2
    52.270  -170.453   -0.1    0.1   -0.2
    52.288  -170.453   -0.1    0.1   -0.2
    52.306  -170.453   -0.1    0.1   -0.2
    52.324  -170.453   -0.1    0.1   -0.2
    52.342  -170.453   -0.1    0.1   -0.2
    52.360  -170.453   -0.1    0.1   -0.2
    52.378  -170.453   -0.1    0.1   -0.2
    52.396  -170.453   -0.1    0.1   -0.2
    52.414  -170.453   -0.1    0.1   -0.2
    52.432  -170.453   -0.1    0.1   -0.2
    52.450  -170.453   -0.1    0.1   -0.2
    52.468  -170.453   -0.1    0.1   -0.2
    52.486  -170.453   -0.1    0.1   -0.2
    52.504  -170.453   -0.1    0.0   -0.1
    52.522  -170.453   -0.1    0.0   -0.1
    52.540  -170.453   -0.1    0.0   -0.1
    52.558  -170.453   -0.1    0.0   -0.1
    52.576  -170.453   -0.1    0.0   -0.1
    52.595  -170.453   -0.1    0.0   -0.1
    52.613  -170.453   -0.1    0.0   -0.1
    52.631  -170.453   -0.1    0.0   -0.1
    52.649  -170.453   -0.1    0.0   -0.1
    52.667  -170.453   -0.1    0.0   -0.1
    52.685  -170.453   -0.1    0.0   -0.1
    52.703  -170.453   -0.1    0.0   -0.1
    52.721  -170.453   -0.1    0.0   -0.1
    52.739  -170.453   -0.1    0.0   -0.1
    52.757  -170.453   -0.1    0.0   -0.1
    52.775  -170.453   -0.1    0.0   -0.1
    52.793  -170.453   -0.0    0.0   -0.1
    52.811  -170.453   -0.0    0.0   -0.1
    52.829  -170.453   -0.0    0.0   -0.0
    52.847  -170.453   -0.0    0.0   -0.0
    52.865  -170.453   -0.0    0.0   -0.0
    52.883  -170.453   -0.0    0.0   -0.0
    52.901  -170.453   -0.0    0.0   -0.0
    52.919  -170.453   -0.0    0.0   -0.0
    52.937  -170.453   -0.0    0.0   -0.0
    52.955  -170.453   -0.0    0.0   -0.0
    52.973  -170.453   -0.0    0.0   -0.0
    52.991  -170.453    0.0    0.0   -0.0
    53.009  -170.453    0.0    0.0    0.0
    53.027  -170.453    0.0    0.0    0.0
    53.045  -170.453    0.0    0.0    0.0
    53.063  -170.453    0.0    0.0    0.0
    53.081  -170.453    0.0    0.0    0.0
    53.099  -170.453    0.0    0.0    0.0
    53.117  -170.453    0.0    0.0    0.0
    53.135  -170.453    0.0    0.0    0.0
    53.153  -170.453    0.0    0.0    0.0
    53.171  -170.453    0.0    0.0    0.0
    53.189  -170.453    0.0    0.0    0.0
    53.207  -170.453    0.0    0.0    0.0
    53.225  -170.453    0.0    0.0    0.0
    53.243  -170.453    0.0    0.0    0.0
    53.261  -170.453    0.0    0.0    0.0
    53.279  -170.453    0.0    0.1    0.0
    53.297  -170.453    0.0    0.1    0.0
    53.315  -170.453    0.0    0.1    0.0
    53.333  -170.453    0.0    0.1    0.0
    53.351  -170.453    0.0    0.1    0.0
    53.369  -170.453    0.0    0.1    0.0
    53.387  -170.453    0.0    0.1    0.0
    53.405  -170.453    0.0    0.1    0.0
    53.423  -170.453    0.0    0.1    0.0
    53.441  -170.453    0.0    0.1    0.0
    53.459  -170.453    0.0    0.1    0.0
    53.477  -170.453    0.0    0.1    0.0
    53.495  -170.453    0.0    0.1    0.0
    53.513  -170.453    0.0    0.1    0.0
    53.531  -170.453    0.0    0.1    0.0
    53.549  -170.453    0.0    0.1    0.0
    53.567  -170.453    0.0    0.1    0.0
    53.585  -170.453    0.0    0.1    0.0
    53.603  -170.453    0.0    0.1    0.0
    53.621  -170.453    0.0    0.1    0.0
    53.639  -170.453    0.0    0.1    0.0
    53.657  -170.453    0.0    0.1    0.0
    53.675  -170.453    0.0    0.1    0.0
    53.694  -170.453    0.0    0.1    0.0
    53.712  -170.453    0.0    0.1    0.0
    53.730  -170.453    0.0    0.1    0.0
    53.748  -170.453    0.0    0.1    0.0
    53.766  -170.453    0.0    0.1    0.0
    53.784  -170.453    0.0    0.1    0.0
    53.802  -170.453    0.0    0.1    0.0
    53.820  -170.453    0.0    0.1    0.0
    53.838  -170.453    0.0    0.1    0.0
    53.856  -170.453    0.0    0.1    0.0
    53.874  -170.453    0.0    0.1    0.0
    53.892  -170.453    0.0    0.1    0.0
    53.910  -170.453    0.0    0.0    0.0
    52.108  -170.423   -0.1    0.1   -0.1
    52.126  -170.423   -0.1    0.1   -0.1
    52.144  -170.423   -0.1    0.1   -0.1
    52.162  -170.423   -0.1    0.1   -0.1
    52.180  -170.423   -0.1    0.1   -0.2
    52.198  -170.423   -0.1    0.1   -0.2
    52.216  -170.423   -0.1    0.1   -0.2
    52.234  -170.423   -0.1    0.1   -0.2
    52.252  -170.423   -0.1    0.1   -0.2
    52.270  -170.423   -0.1    0.1   -0.2
    52.288  -170.423   -0.1    0.1   -0.2
    52.306  -170.423   -0.1    0.1   -0.2
    52.324  -170.423   -0.1    0.1   -0.2
    52.342  -170.423   -0.1    0.1   -0.2
    52.360  -170.423   -0.1    0.1   -0.2
    52.378  -170.423   -0.1    0.1   -0.2
    52.396  -170.423   -0.1    0.1   -0.2
    52.414  -170.423   -0.1    0.1   -0.2
    52.432  -170.423   -0.1    0.1   -0.2
    52.450  -170.423   -0.1    0.1   -0.2
    52.468  -170.423   -0.1    0.1   -0.1
    52.486  -170.423   -0.1    0.0   -0.1
    52.504  -170.423   -0.1    0.0   -0.1
    52.522  -170.423   -0.1    0.0   -0.1
    52.540  -170.423   -0.1    0.0   -0.1
    52.558  -170.423   -0.1    0.0   -0.1
    52.576  -170.423   -0.1    0.0   -0.1
    52.595  -170.423   -0.1    0.0   -0.1
    52.613  -170.423   -0.1    0.0   -0.1
    52.631  -170.423   -0.1    0.0   -0.1
    52.649  -170.423   -0.1    0.0   -0.1
    52.667  -170.423   -0.1    0.0   -0.1
    52.685  -170.423   -0.1    0.0   -0.1
    52.703  -170.423   -0.1    0.0   -0.1
    52.721  -170.423   -0.1    0.0   -0.1
    52.739  -170.423   -0.1    0.0   -0.1
    52.757  -170.423   -0.1    0.0   -0.1
    52.775  -170.423   -0.0    0.0   -0.1
    52.793  -170.423   -0.0    0.0   -0.1
    52.811  -170.423   -0.0    0.0   -0.0
    52.829  -170.423   -0.0    0.0   -0.0
    52.847  -170.423   -0.0    0.0   -0.0
    52.865  -170.423   -0.0    0.0   -0.0
    52.883  -170.423   -0.0    0.0   -0.0
    52.901  -170.423   -0.0    0.0   -0.0
    52.919  -170.423   -0.0    0.0   -0.0
    52.937  -170.423   -0.0    0.0   -0.0
    52.955  -170.423   -0.0    0.0   -0.0
    52.973  -170.423   -0.0    0.0   -0.0
    52.991  -170.423    0.0    0.0   -0.0
    53.009  -170.423    0.0    0.0    0.0
    53.027  -170.423    0.0    0.0    0.0
    53.045  -170.423    0.0    0.0    0.0
    53.063  -170.423    0.0    0.0    0.0
    53.081  -170.423    0.0    0.0    0.0
    53.099  -170.423    0.0    0.0    0.0
    53.117  -170.423    0.0    0.0    0.0
    53.135  -170.423    0.0    0.0    0.0
    53.153  -170.423    0.0    0.0    0.0
    53.171  -170.423    0.0    0.0    0.0
    53.189  -170.423    0.0    0.0    0.0
    53.207  -170.423    0.0    0.0    0.0
    53.225  -170.423    0.0    0.0    0.0
    53.243  -170.423    0.0    0.0    0.0
    53.261  -170.423    0.0    0.0    0.0
    53.279  -170.423    0.0    0.1    0.0
    53.297  -170.423    0.0    0.1    0.0
    53.315  -170.423    0.0    0.1    0.0
    53.333  -170.423    0.0    0.1    0.0
    53.351  -170.423    0.0    0.1    0.0
    53.369  -170.423    0.0    0.1    0.0
    53.387  -170.423    0.0    0.1    0.0
    53.405  -170.423    0.0    0.1    0.0
    53.423  -170.423    0.0    0.1    0.0
    53.441  -170.423    0.0    0.1    0.0
    53.459  -170.423    0.0    0.1    0.0
    53.477  -170.423    0.0    0.1    0.0
    53.495  -170.423    0.0    0.1    0.0
    53.513  -170.423    0.0    0.1    0.0
    53.531  -170.423    0.0    0.1    0.0
    53.549  -170.423    0.0    0.1    0.0
    53.567  -170.423    0.0    0.1    0.0
    53.585  -170.423    0.0    0.1    0.0
    53.603  -170.423    0.0    0.1    0.0
    53.621  -170.423    0.0    0.1    0.0
    53.639  -170.423    0.0    0.1    0.0
    53.657  -170.423    0.0    0.1    0.0
    53.675  -170.423    0.0    0.1    0.0
    53.694  -170.423    0.0    0.1    0.0
    53.712  -170.423    0.0    0.1    0.0
    53.730  -170.423    0.0    0.1    0.0
    53.748  -170.423    0.0    0.1    0.0
    53.766  -170.423    0.0    0.1    0.0
    53.784  -170.423    0.0    0.1    0.0
    53.802  -170.423    0.0    0.1    0.0
    53.820  -170.423    0.0    0.1    0.0
    53.838  -170.423    0.0    0.1    0.0
    53.856  -170.423    0.0    0.1    0.0
    53.874  -170.423    0.0    0.1    0.0
    53.892  -170.423    0.0    0.1    0.0
    53.910  -170.423    0.0    0.0    0.0
    52.108  -170.393   -0.1    0.1   -0.1
    52.126  -170.393   -0.1    0.1   -0.1
    52.144  -170.393   -0.1    0.1   -0.1
    52.162  -170.393   -0.1    0.1   -0.1
    52.180  -170.393   -0.1    0.1   -0.1
    52.198  -170.393   -0.1    0.1   -0.1
    52.216  -170.393   -0.1    0.1   -0.2
    52.234  -170.393   -0.1    0.1   -0.2
    52.252  -170.393   -0.1    0.1   -0.2
    52.270  -170.393   -0.1    0.1   -0.2
    52.288  -170.393   -0.1    0.1   -0.2
    52.306  -170.393   -0.1    0.1   -0.2
    52.324  -170.393   -0.1    0.1   -0.2
    52.342  -170.393   -0.1    0.1   -0.2
    52.360  -170.393   -0.1    0.1   -0.2
    52.378  -170.393   -0.1    0.1   -0.2
    52.396  -170.393   -0.1    0.1   -0.2
    52.414  -170.393   -0.1    0.1   -0.2
    52.432  -170.393   -0.1    0.1   -0.1
    52.450  -170.393   -0.1    0.1   -0.1
    52.468  -170.393   -0.1    0.1   -0.1
    52.486  -170.393   -0.1    0.0   -0.1
    52.504  -170.393   -0.1    0.0   -0.1
    52.522  -170.393   -0.1    0.0   -0.1
    52.540  -170.393   -0.1    0.0   -0.1
    52.558  -170.393   -0.1    0.0   -0.1
    52.576  -170.393   -0.1    0.0   -0.1
    52.595  -170.393   -0.1    0.0   -0.1
    52.613  -170.393   -0.1    0.0   -0.1
    52.631  -170.393   -0.1    0.0   -0.1
    52.649  -170.393   -0.1    0.0   -0.1
    52.667  -170.393   -0.1    0.0   -0.1
    52.685  -170.393   -0.1    0.0   -0.1
    52.703  -170.393   -0.1    0.0   -0.1
    52.721  -170.393   -0.1    0.0   -0.1
    52.739  -170.393   -0.1    0.0   -0.1
    52.757  -170.393   -0.1    0.0   -0.1
    52.775  -170.393   -0.0    0.0   -0.1
    52.793  -170.393   -0.0    0.0   -0.0
    52.811  -170.393   -0.0    0.0   -0.0
    52.829  -170.393   -0.0    0.0   -0.0
    52.847  -170.393   -0.0    0.0   -0.0
    52.865  -170.393   -0.0    0.0   -0.0
    52.883  -170.393   -0.0    0.0   -0.0
    52.901  -170.393   -0.0    0.0   -0.0
    52.919  -170.393   -0.0    0.0   -0.0
    52.937  -170.393   -0.0    0.0   -0.0
    52.955  -170.393   -0.0    0.0   -0.0
    52.973  -170.393    0.0    0.0   -0.0
    52.991  -170.393    0.0    0.0   -0.0
    53.009  -170.393    0.0    0.0    0.0
    53.027  -170.393    0.0    0.0    0.0
    53.045  -170.393    0.0    0.0    0.0
    53.063  -170.393    0.0    0.0    0.0
    53.081  -170.393    0.0    0.0    0.0
    53.099  -170.393    0.0    0.0    0.0
    53.117  -170.393    0.0    0.0    0.0
    53.135  -170.393    0.0    0.0    0.0
    53.153  -170.393    0.0    0.0    0.0
    53.171  -170.393    0.0    0.0    0.0
    53.189  -170.393    0.0    0.0    0.0
    53.207  -170.393    0.0    0.0    0.0
    53.225  -170.393    0.0    0.0    0.0
    53.243  -170.393    0.0    0.0    0.0
    53.261  -170.393    0.0    0.0    0.0
    53.279  -170.393    0.0    0.1    0.0
    53.297  -170.393    0.0    0.1    0.0
    53.315  -170.393    0.0    0.1    0.0
    53.333  -170.393    0.0    0.1    0.0
    53.351  -170.393    0.0    0.1    0.0
    53.369  -170.393    0.0    0.1    0.0
    53.387  -170.393    0.0    0.1    0.0
    53.405  -170.393    0.0    0.1    0.0
    53.423  -170.393    0.0    0.1    0.0
    53.441  -170.393    0.0    0.1    0.0
    53.459  -170.393    0.0    0.1    0.0
    53.477  -170.393    0.0    0.1    0.0
    53.495  -170.393    0.0    0.1    0.0
    53.513  -170.393    0.0    0.1    0.0
    53.531  -170.393    0.0    0.1    0.0
    53.549  -170.393    0.0    0.1    0.0
    53.567  -170.393    0.0    0.1    0.0
    53.585  -170.393    0.0    0.1    0.0
    53.603  -170.393    0.0    0.1    0.0
    53.621  -170.393    0.0    0.1    0.0
    53.639  -170.393    0.0    0.1    0.0
    53.657  -170.393    0.0    0.1    0.0
    53.675  -170.393    0.0    0.1    0.0
    53.694  -170.393    0.0    0.1    0.0
    53.712  -170.393    0.0    0.1    0.0
    53.730  -170.393    0.0    0.1    0.0
    53.748  -170.393    0.0    0.1    0.0
    53.766  -170.393    0.0    0.1    0.0
    53.784  -170.393    0.0    0.1    0.0
    53.802  -170.393    0.0    0.1    0.0
    53.820  -170.393    0.0    0.1    0.0
    53.838  -170.393    0.0    0.1    0.0
    53.856  -170.393    0.0    0.1    0.0
    53.874  -170.393    0.0    0.1    0.0
    53.892  -170.393    0.0    0.1    0.0
    53.910  -170.393    0.0    0.0    0.0
    52.108  -170.363   -0.1    0.1   -0.1
    52.126  -170.363   -0.1    0.1   -0.1
    52.144  -170.363   -0.1    0.1   -0.1
    52.162  -170.363   -0.1    0.1   -0.1
    52.180  -170.363   -0.1    0.1   -0.1
    52.198  -170.363   -0.1    0.1   -0.1
    52.216  -170.363   -0.1    0.1   -0.1
    52.234  -170.363   -0.1    0.1   -0.1
    52.252  -170.363   -0.1    0.1   -0.1
    52.270  -170.363   -0.1    0.1   -0.1
    52.288  -170.363   -0.1    0.1   -0.1
    52.306  -170.363   -0.1    0.1   -0.1
    52.324  -170.363   -0.1    0.1   -0.1
    52.342  -170.363   -0.1    0.1   -0.1
    52.360  -170.363   -0.1    0.1   -0.1
    52.378  -170.363   -0.1    0.1   -0.1
    52.396  -170.363   -0.1    0.1   -0.1
    52.414  -170.363   -0.1    0.1   -0.1
    52.432  -170.363   -0.1    0.1   -0.1
    52.450  -170.363   -0.1    0.1   -0.1
    52.468  -170.363   -0.1    0.0   -0.1
    52.486  -170.363   -0.1    0.0   -0.1
    52.504  -170.363   -0.1    0.0   -0.1
    52.522  -170.363   -0.1    0.0   -0.1
    52.540  -170.363   -0.1    0.0   -0.1
    52.558  -170.363   -0.1    0.0   -0.1
    52.576  -170.363   -0.1    0.0   -0.1
    52.595  -170.363   -0.1    0.0   -0.1
    52.613  -170.363   -0.1    0.0   -0.1
    52.631  -170.363   -0.1    0.0   -0.1
    52.649  -170.363   -0.1    0.0   -0.1
    52.667  -170.363   -0.1    0.0   -0.1
    52.685  -170.363   -0.1    0.0   -0.1
    52.703  -170.363   -0.1    0.0   -0.1
    52.721  -170.363   -0.1    0.0   -0.1
    52.739  -170.363   -0.1    0.0   -0.1
    52.757  -170.363   -0.0    0.0   -0.1
    52.775  -170.363   -0.0    0.0   -0.1
    52.793  -170.363   -0.0    0.0   -0.0
    52.811  -170.363   -0.0    0.0   -0.0
    52.829  -170.363   -0.0    0.0   -0.0
    52.847  -170.363   -0.0    0.0   -0.0
    52.865  -170.363   -0.0    0.0   -0.0
    52.883  -170.363   -0.0    0.0   -0.0
    52.901  -170.363   -0.0    0.0   -0.0
    52.919  -170.363   -0.0    0.0   -0.0
    52.937  -170.363   -0.0    0.0   -0.0
    52.955  -170.363   -0.0    0.0   -0.0
    52.973  -170.363    0.0    0.0   -0.0
    52.991  -170.363    0.0    0.0    0.0
    53.009  -170.363    0.0    0.0    0.0
    53.027  -170.363    0.0    0.0    0.0
    53.045  -170.363    0.0    0.0    0.0
    53.063  -170.363    0.0    0.0    0.0
    53.081  -170.363    0.0    0.0    0.0
    53.099  -170.363    0.0    0.0    0.0
    53.117  -170.363    0.0    0.0    0.0
    53.135  -170.363    0.0    0.0    0.0
    53.153  -170.363    0.0    0.0    0.0
    53.171  -170.363    0.0    0.0    0.0
    53.189  -170.363    0.0    0.0    0.0
    53.207  -170.363    0.0    0.0    0.0
    53.225  -170.363    0.0    0.0    0.0
    53.243  -170.363    0.0    0.0    0.0
    53.261  -170.363    0.0    0.0    0.0
    53.279  -170.363    0.0    0.1    0.0
    53.297  -170.363    0.0    0.1    0.0
    53.315  -170.363    0.0    0.1    0.0
    53.333  -170.363    0.0    0.1    0.0
    53.351  -170.363    0.0    0.1    0.0
    53.369  -170.363    0.0    0.1    0.0
    53.387  -170.363    0.0    0.1    0.0
    53.405  -170.363    0.0    0.1    0.0
    53.423  -170.363    0.0    0.1    0.0
    53.441  -170.363    0.0    0.1    0.0
    53.459  -170.363    0.0    0.1    0.0
    53.477  -170.363    0.0    0.1    0.0
    53.495  -170.363    0.0    0.1    0.0
    53.513  -170.363    0.0    0.1    0.0
    53.531  -170.363    0.0    0.1    0.0
    53.549  -170.363    0.0    0.1    0.0
    53.567  -170.363    0.0    0.1    0.0
    53.585  -170.363    0.0    0.1    0.0
    53.603  -170.363    0.0    0.1    0.0
    53.621  -170.363    0.0    0.1    0.0
    53.639  -170.363    0.0    0.1    0.0
    53.657  -170.363    0.0    0.1    0.0
    53.675  -170.363    0.0    0.1    0.0
    53.694  -170.363    0.0    0.1    0.0
    53.712  -170.363    0.0    0.1    0.0
    53.730  -170.363    0.0    0.1    0.0
    53.748  -170.363    0.0    0.1    0.0
    53.766  -170.363    0.0    0.1    0.0
    53.784  -170.363    0.0    0.1    0.0
    53.802  -170.363    0.0    0.1    0.0
    53.820  -170.363    0.0    0.1    0.0
    53.838  -170.363    0.0    0.1    0.0
    53.856  -170.363    0.0    0.1    0.0
    53.874  -170.363    0.0    0.1    0.0
    53.892  -170.363    0.0    0.1    0.0
    53.910  -170.363    0.0    0.0    0.0
    52.108  -170.333   -0.1    0.1   -0.1
    52.126  -170.333   -0.1    0.1   -0.1
    52.144  -170.333   -0.1    0.1   -0.1
    52.162  -170.333   -0.1    0.1   -0.1
    52.180  -170.333   -0.1    0.1   -0.1
    52.198  -170.333   -0.1    0.1   -0.1
    52.216  -170.333   -0.1    0.1   -0.1
    52.234  -170.333   -0.1    0.1   -0.1
    52.252  -170.333   -0.1    0.1   -0.1
    52.270  -170.333   -0.1    0.1   -0.1
    52.288  -170.333   -0.1    0.1   -0.1
    52.306  -170.333   -0.1    0.1   -0.1
    52.324  -170.333   -0.1    0.1   -0.1
    52.342  -170.333   -0.1    0.1   -0.1
    52.360  -170.333   -0.1    0.1   -0.1
    52.378  -170.333   -0.1    0.1   -0.1
    52.396  -170.333   -0.1    0.1   -0.1
    52.414  -170.333   -0.1    0.1   -0.1
    52.432  -170.333   -0.1    0.1   -0.1
    52.450  -170.333   -0.1    0.1   -0.1
    52.468  -170.333   -0.1    0.0   -0.1
    52.486  -170.333   -0.1    0.0   -0.1
    52.504  -170.333   -0.1    0.0   -0.1
    52.522  -170.333   -0.1    0.0   -0.1
    52.540  -170.333   -0.1    0.0   -0.1
    52.558  -170.333   -0.1    0.0   -0.1
    52.576  -170.333   -0.1    0.0   -0.1
    52.595  -170.333   -0.1    0.0   -0.1
    52.613  -170.333   -0.1    0.0   -0.1
    52.631  -170.333   -0.1    0.0   -0.1
    52.649  -170.333   -0.1    0.0   -0.1
    52.667  -170.333   -0.1    0.0   -0.1
    52.685  -170.333   -0.1    0.0   -0.1
    52.703  -170.333   -0.1    0.0   -0.1
    52.721  -170.333   -0.1    0.0   -0.1
    52.739  -170.333   -0.1    0.0   -0.1
    52.757  -170.333   -0.0    0.0   -0.1
    52.775  -170.333   -0.0    0.0   -0.0
    52.793  -170.333   -0.0    0.0   -0.0
    52.811  -170.333   -0.0    0.0   -0.0
    52.829  -170.333   -0.0    0.0   -0.0
    52.847  -170.333   -0.0    0.0   -0.0
    52.865  -170.333   -0.0    0.0   -0.0
    52.883  -170.333   -0.0    0.0   -0.0
    52.901  -170.333   -0.0    0.0   -0.0
    52.919  -170.333   -0.0    0.0   -0.0
    52.937  -170.333   -0.0    0.0   -0.0
    52.955  -170.333    0.0    0.0   -0.0
    52.973  -170.333    0.0    0.0   -0.0
    52.991  -170.333    0.0    0.0    0.0
    53.009  -170.333    0.0    0.0    0.0
    53.027  -170.333    0.0    0.0    0.0
    53.045  -170.333    0.0    0.0    0.0
    53.063  -170.333    0.0    0.0    0.0
    53.081  -170.333    0.0    0.0    0.0
    53.099  -170.333    0.0    0.0    0.0
    53.117  -170.333    0.0    0.0    0.0
    53.135  -170.333    0.0    0.0    0.0
    53.153  -170.333    0.0    0.0    0.0
    53.171  -170.333    0.0    0.0    0.0
    53.189  -170.333    0.0    0.0    0.0
    53.207  -170.333    0.0    0.0    0.0
    53.225  -170.333    0.0    0.0    0.0
    53.243  -170.333    0.0    0.0    0.0
    53.261  -170.333    0.0    0.0    0.0
    53.279  -170.333    0.0    0.0    0.0
    53.297  -170.333    0.0    0.1    0.0
    53.315  -170.333    0.0    0.1    0.0
    53.333  -170.333    0.0    0.1    0.0
    53.351  -170.333    0.0    0.1    0.0
    53.369  -170.333    0.0    0.1    0.0
    53.387  -170.333    0.0    0.1    0.0
    53.405  -170.333    0.0    0.1    0.0
    53.423  -170.333    0.0    0.1    0.0
    53.441  -170.333    0.0    0.1    0.0
    53.459  -170.333    0.0    0.1    0.0
    53.477  -170.333    0.0    0.1    0.0
    53.495  -170.333    0.0    0.1    0.0
    53.513  -170.333    0.0    0.1    0.0
    53.531  -170.333    0.0    0.1    0.0
    53.549  -170.333    0.0    0.1    0.0
    53.567  -170.333    0.0    0.1    0.0
    53.585  -170.333    0.0    0.1    0.0
    53.603  -170.333    0.0    0.1    0.0
    53.621  -170.333    0.0    0.1    0.0
    53.639  -170.333    0.0    0.1    0.0
    53.657  -170.333    0.0    0.1    0.0
    53.675  -170.333    0.0    0.1    0.0
    53.694  -170.333    0.0    0.1    0.0
    53.712  -170.333    0.0    0.1    0.0
    53.730  -170.333    0.0    0.1    0.0
    53.748  -170.333    0.0    0.1    0.0
    53.766  -170.333    0.0    0.1    0.0
    53.784  -170.333    0.0    0.1    0.0
    53.802  -170.333    0.0    0.1    0.0
    53.820  -170.333    0.0    0.1    0.0
    53.838  -170.333    0.0    0.1    0.0
    53.856  -170.333    0.0    0.1    0.0
    53.874  -170.333    0.0    0.1    0.0
    53.892  -170.333    0.0    0.1    0.0
    53.910  -170.333    0.0    0.0    0.0
    52.108  -170.304   -0.1    0.1   -0.1
    52.126  -170.304   -0.1    0.1   -0.1
    52.144  -170.304   -0.1    0.1   -0.1
    52.162  -170.304   -0.1    0.1   -0.1
    52.180  -170.304   -0.1    0.1   -0.1
    52.198  -170.304   -0.1    0.1   -0.1
    52.216  -170.304   -0.1    0.1   -0.1
    52.234  -170.304   -0.1    0.1   -0.1
    52.252  -170.304   -0.1    0.1   -0.1
    52.270  -170.304   -0.1    0.1   -0.1
    52.288  -170.304   -0.1    0.1   -0.1
    52.306  -170.304   -0.1    0.1   -0.1
    52.324  -170.304   -0.1    0.1   -0.1
    52.342  -170.304   -0.1    0.1   -0.1
    52.360  -170.304   -0.1    0.1   -0.1
    52.378  -170.304   -0.1    0.1   -0.1
    52.396  -170.304   -0.1    0.1   -0.1
    52.414  -170.304   -0.1    0.1   -0.1
    52.432  -170.304   -0.1    0.1   -0.1
    52.450  -170.304   -0.1    0.0   -0.1
    52.468  -170.304   -0.1    0.0   -0.1
    52.486  -170.304   -0.1    0.0   -0.1
    52.504  -170.304   -0.1    0.0   -0.1
    52.522  -170.304   -0.1    0.0   -0.1
    52.540  -170.304   -0.1    0.0   -0.1
    52.558  -170.304   -0.1    0.0   -0.1
    52.576  -170.304   -0.1    0.0   -0.1
    52.595  -170.304   -0.1    0.0   -0.1
    52.613  -170.304   -0.1    0.0   -0.1
    52.631  -170.304   -0.1    0.0   -0.1
    52.649  -170.304   -0.1    0.0   -0.1
    52.667  -170.304   -0.1    0.0   -0.1
    52.685  -170.304   -0.1    0.0   -0.1
    52.703  -170.304   -0.1    0.0   -0.1
    52.721  -170.304   -0.1    0.0   -0.1
    52.739  -170.304   -0.0    0.0   -0.1
    52.757  -170.304   -0.0    0.0   -0.0
    52.775  -170.304   -0.0    0.0   -0.0
    52.793  -170.304   -0.0    0.0   -0.0
    52.811  -170.304   -0.0    0.0   -0.0
    52.829  -170.304   -0.0    0.0   -0.0
    52.847  -170.304   -0.0    0.0   -0.0
    52.865  -170.304   -0.0    0.0   -0.0
    52.883  -170.304   -0.0    0.0   -0.0
    52.901  -170.304   -0.0    0.0   -0.0
    52.919  -170.304   -0.0    0.0   -0.0
    52.937  -170.304   -0.0    0.0   -0.0
    52.955  -170.304    0.0    0.0   -0.0
    52.973  -170.304    0.0    0.0    0.0
    52.991  -170.304    0.0    0.0    0.0
    53.009  -170.304    0.0    0.0    0.0
    53.027  -170.304    0.0    0.0    0.0
    53.045  -170.304    0.0    0.0    0.0
    53.063  -170.304    0.0    0.0    0.0
    53.081  -170.304    0.0    0.0    0.0
    53.099  -170.304    0.0    0.0    0.0
    53.117  -170.304    0.0    0.0    0.0
    53.135  -170.304    0.0    0.0    0.0
    53.153  -170.304    0.0    0.0    0.0
    53.171  -170.304    0.0    0.0    0.0
    53.189  -170.304    0.0    0.0    0.0
    53.207  -170.304    0.0    0.0    0.0
    53.225  -170.304    0.0    0.0    0.0
    53.243  -170.304    0.0    0.0    0.0
    53.261  -170.304    0.0    0.0    0.0
    53.279  -170.304    0.0    0.0    0.0
    53.297  -170.304    0.0    0.1    0.0
    53.315  -170.304    0.0    0.1    0.0
    53.333  -170.304    0.0    0.1    0.0
    53.351  -170.304    0.0    0.1    0.0
    53.369  -170.304    0.0    0.1    0.0
    53.387  -170.304    0.0    0.1    0.0
    53.405  -170.304    0.0    0.1    0.0
    53.423  -170.304    0.0    0.1    0.0
    53.441  -170.304    0.0    0.1    0.0
    53.459  -170.304    0.0    0.1    0.0
    53.477  -170.304    0.0    0.1    0.0
    53.495  -170.304    0.0    0.1    0.0
    53.513  -170.304    0.0    0.1    0.0
    53.531  -170.304    0.0    0.1    0.0
    53.549  -170.304    0.0    0.1    0.0
    53.567  -170.304    0.0    0.1    0.0
    53.585  -170.304    0.0    0.1    0.0
    53.603  -170.304    0.0    0.1    0.0
    53.621  -170.304    0.0    0.1    0.0
    53.639  -170.304    0.0    0.1    0.0
    53.657  -170.304    0.0    0.1    0.0
    53.675  -170.304    0.0    0.1    0.0
    53.694  -170.304    0.0    0.1    0.0
    53.712  -170.304    0.0    0.1    0.0
    53.730  -170.304    0.0    0.1    0.0
    53.748  -170.304    0.0    0.1    0.0
    53.766  -170.304    0.0    0.1    0.0
    53.784  -170.304    0.0    0.1    0.0
    53.802  -170.304    0.0    0.1    0.0
    53.820  -170.304    0.0    0.1    0.0
    53.838  -170.304    0.0    0.1    0.0
    53.856  -170.304    0.0    0.1    0.0
    53.874  -170.304    0.0    0.1    0.0
    53.892  -170.304    0.0    0.0    0.0
    53.910  -170.304    0.0    0.0    0.0
    52.108  -170.274   -0.1    0.1   -0.1
    52.126  -170.274   -0.1    0.1   -0.1
    52.144  -170.274   -0.1    0.1   -0.1
    52.162  -170.274   -0.1    0.1   -0.1
    52.180  -170.274   -0.1    0.1   -0.1
    52.198  -170.274   -0.1    0.1   -0.1
    52.216  -170.274   -0.1    0.1   -0.1
    52.234  -170.274   -0.1    0.1   -0.1
    52.252  -170.274   -0.1    0.1   -0.1
    52.270  -170.274   -0.1    0.1   -0.1
    52.288  -170.274   -0.1    0.1   -0.1
    52.306  -170.274   -0.1    0.1   -0.1
    52.324  -170.274   -0.1    0.1   -0.1
    52.342  -170.274   -0.1    0.1   -0.1
    52.360  -170.274   -0.1    0.1   -0.1
    52.378  -170.274   -0.1    0.1   -0.1
    52.396  -170.274   -0.1    0.1   -0.1
    52.414  -170.274   -0.1    0.1   -0.1
    52.432  -170.274   -0.1    0.0   -0.1
    52.450  -170.274   -0.1    0.0   -0.1
    52.468  -170.274   -0.1    0.0   -0.1
    52.486  -170.274   -0.1    0.0   -0.1
    52.504  -170.274   -0.1    0.0   -0.1
    52.522  -170.274   -0.1    0.0   -0.1
    52.540  -170.274   -0.1    0.0   -0.1
    52.558  -170.274   -0.1    0.0   -0.1
    52.576  -170.274   -0.1    0.0   -0.1
    52.595  -170.274   -0.1    0.0   -0.1
    52.613  -170.274   -0.1    0.0   -0.1
    52.631  -170.274   -0.1    0.0   -0.1
    52.649  -170.274   -0.1    0.0   -0.1
    52.667  -170.274   -0.1    0.0   -0.1
    52.685  -170.274   -0.1    0.0   -0.1
    52.703  -170.274   -0.1    0.0   -0.1
    52.721  -170.274   -0.1    0.0   -0.1
    52.739  -170.274   -0.0    0.0   -0.0
    52.757  -170.274   -0.0    0.0   -0.0
    52.775  -170.274   -0.0    0.0   -0.0
    52.793  -170.274   -0.0    0.0   -0.0
    52.811  -170.274   -0.0    0.0   -0.0
    52.829  -170.274   -0.0    0.0   -0.0
    52.847  -170.274   -0.0    0.0   -0.0
    52.865  -170.274   -0.0    0.0   -0.0
    52.883  -170.274   -0.0    0.0   -0.0
    52.901  -170.274   -0.0    0.0   -0.0
    52.919  -170.274   -0.0    0.0   -0.0
    52.937  -170.274    0.0    0.0   -0.0
    52.955  -170.274    0.0    0.0   -0.0
    52.973  -170.274    0.0    0.0    0.0
    52.991  -170.274    0.0    0.0    0.0
    53.009  -170.274    0.0    0.0    0.0
    53.027  -170.274    0.0    0.0    0.0
    53.045  -170.274    0.0    0.0    0.0
    53.063  -170.274    0.0    0.0    0.0
    53.081  -170.274    0.0    0.0    0.0
    53.099  -170.274    0.0    0.0    0.0
    53.117  -170.274    0.0    0.0    0.0
    53.135  -170.274    0.0    0.0    0.0
    53.153  -170.274    0.0    0.0    0.0
    53.171  -170.274    0.0    0.0    0.0
    53.189  -170.274    0.0    0.0    0.0
    53.207  -170.274    0.0    0.0    0.0
    53.225  -170.274    0.0    0.0    0.0
    53.243  -170.274    0.0    0.0    0.0
    53.261  -170.274    0.0    0.0    0.0
    53.279  -170.274    0.0    0.0    0.0
    53.297  -170.274    0.0    0.0    0.0
    53.315  -170.274    0.0    0.1    0.0
    53.333  -170.274    0.0    0.1    0.0
    53.351  -170.274    0.0    0.1    0.0
    53.369  -170.274    0.0    0.1    0.0
    53.387  -170.274    0.0    0.1    0.0
    53.405  -170.274    0.0    0.1    0.0
    53.423  -170.274    0.0    0.1    0.0
    53.441  -170.274    0.0    0.1    0.0
    53.459  -170.274    0.0    0.1    0.0
    53.477  -170.274    0.0    0.1    0.0
    53.495  -170.274    0.0    0.1    0.0
    53.513  -170.274    0.0    0.1    0.0
    53.531  -170.274    0.0    0.1    0.0
    53.549  -170.274    0.0    0.1    0.0
    53.567  -170.274    0.0    0.1    0.0
    53.585  -170.274    0.0    0.1    0.0
    53.603  -170.274    0.0    0.1    0.0
    53.621  -170.274    0.0    0.1    0.0
    53.639  -170.274    0.0    0.1    0.0
    53.657  -170.274    0.0    0.1    0.0
    53.675  -170.274    0.0    0.1    0.0
    53.694  -170.274    0.0    0.1    0.0
    53.712  -170.274    0.0    0.1    0.0
    53.730  -170.274    0.0    0.1    0.0
    53.748  -170.274    0.0    0.1    0.0
    53.766  -170.274    0.0    0.1    0.0
    53.784  -170.274    0.0    0.1    0.0
    53.802  -170.274    0.0    0.1    0.0
    53.820  -170.274    0.0    0.1    0.0
    53.838  -170.274    0.0    0.1    0.0
    53.856  -170.274    0.0    0.1    0.0
    53.874  -170.274    0.0    0.1    0.0
    53.892  -170.274    0.0    0.0    0.0
    53.910  -170.274    0.0    0.0    0.0
    52.108  -170.244   -0.1    0.1   -0.1
    52.126  -170.244   -0.1    0.1   -0.1
    52.144  -170.244   -0.1    0.1   -0.1
    52.162  -170.244   -0.1    0.1   -0.1
    52.180  -170.244   -0.1    0.1   -0.1
    52.198  -170.244   -0.1    0.1   -0.1
    52.216  -170.244   -0.1    0.1   -0.1
    52.234  -170.244   -0.1    0.1   -0.1
    52.252  -170.244   -0.1    0.1   -0.1
    52.270  -170.244   -0.1    0.1   -0.1
    52.288  -170.244   -0.1    0.1   -0.1
    52.306  -170.244   -0.1    0.1   -0.1
    52.324  -170.244   -0.1    0.1   -0.1
    52.342  -170.244   -0.1    0.1   -0.1
    52.360  -170.244   -0.1    0.1   -0.1
    52.378  -170.244   -0.1    0.1   -0.1
    52.396  -170.244   -0.1    0.1   -0.1
    52.414  -170.244   -0.1    0.1   -0.1
    52.432  -170.244   -0.1    0.0   -0.1
    52.450  -170.244   -0.1    0.0   -0.1
    52.468  -170.244   -0.1    0.0   -0.1
    52.486  -170.244   -0.1    0.0   -0.1
    52.504  -170.244   -0.1    0.0   -0.1
    52.522  -170.244   -0.1    0.0   -0.1
    52.540  -170.244   -0.1    0.0   -0.1
    52.558  -170.244   -0.1    0.0   -0.1
    52.576  -170.244   -0.1    0.0   -0.1
    52.595  -170.244   -0.1    0.0   -0.1
    52.613  -170.244   -0.1    0.0   -0.1
    52.631  -170.244   -0.1    0.0   -0.1
    52.649  -170.244   -0.1    0.0   -0.1
    52.667  -170.244   -0.1    0.0   -0.1
    52.685  -170.244   -0.1    0.0   -0.1
    52.703  -170.244   -0.1    0.0   -0.1
    52.721  -170.244   -0.0    0.0   -0.1
    52.739  -170.244   -0.0    0.0   -0.0
    52.757  -170.244   -0.0    0.0   -0.0
    52.775  -170.244   -0.0    0.0   -0.0
    52.793  -170.244   -0.0    0.0   -0.0
    52.811  -170.244   -0.0    0.0   -0.0
    52.829  -170.244   -0.0    0.0   -0.0
    52.847  -170.244   -0.0    0.0   -0.0
    52.865  -170.244   -0.0    0.0   -0.0
    52.883  -170.244   -0.0    0.0   -0.0
    52.901  -170.244   -0.0    0.0   -0.0
    52.919  -170.244   -0.0    0.0   -0.0
    52.937  -170.244    0.0    0.0   -0.0
    52.955  -170.244    0.0    0.0    0.0
    52.973  -170.244    0.0    0.0    0.0
    52.991  -170.244    0.0    0.0    0.0
    53.009  -170.244    0.0    0.0    0.0
    53.027  -170.244    0.0    0.0    0.0
    53.045  -170.244    0.0    0.0    0.0
    53.063  -170.244    0.0    0.0    0.0
    53.081  -170.244    0.0    0.0    0.0
    53.099  -170.244    0.0    0.0    0.0
    53.117  -170.244    0.0    0.0    0.0
    53.135  -170.244    0.0    0.0    0.0
    53.153  -170.244    0.0    0.0    0.0
    53.171  -170.244    0.0    0.0    0.0
    53.189  -170.244    0.0    0.0    0.0
    53.207  -170.244    0.0    0.0    0.0
    53.225  -170.244    0.0    0.0    0.0
    53.243  -170.244    0.0    0.0    0.0
    53.261  -170.244    0.0    0.0    0.0
    53.279  -170.244    0.0    0.0    0.0
    53.297  -170.244    0.0    0.0    0.0
    53.315  -170.244    0.0    0.1    0.0
    53.333  -170.244    0.0    0.1    0.0
    53.351  -170.244    0.0    0.1    0.0
    53.369  -170.244    0.0    0.1    0.0
    53.387  -170.244    0.0    0.1    0.0
    53.405  -170.244    0.0    0.1    0.0
    53.423  -170.244    0.0    0.1    0.0
    53.441  -170.244    0.0    0.1    0.0
    53.459  -170.244    0.0    0.1    0.0
    53.477  -170.244    0.0    0.1    0.0
    53.495  -170.244    0.0    0.1    0.0
    53.513  -170.244    0.0    0.1    0.0
    53.531  -170.244    0.0    0.1    0.0
    53.549  -170.244    0.0    0.1    0.0
    53.567  -170.244    0.0    0.1    0.0
    53.585  -170.244    0.0    0.1    0.0
    53.603  -170.244    0.0    0.1    0.0
    53.621  -170.244    0.0    0.1    0.0
    53.639  -170.244    0.0    0.1    0.0
    53.657  -170.244    0.0    0.1    0.0
    53.675  -170.244    0.0    0.1    0.0
    53.694  -170.244    0.0    0.1    0.0
    53.712  -170.244    0.0    0.1    0.0
    53.730  -170.244    0.0    0.1    0.0
    53.748  -170.244    0.0    0.1    0.0
    53.766  -170.244    0.0    0.1    0.0
    53.784  -170.244    0.0    0.1    0.0
    53.802  -170.244    0.0    0.1    0.0
    53.820  -170.244    0.0    0.1    0.0
    53.838  -170.244    0.0    0.1    0.0
    53.856  -170.244    0.0    0.1    0.0
    53.874  -170.244    0.0    0.0    0.0
    53.892  -170.244    0.0    0.0    0.0
    53.910  -170.244    0.0    0.0    0.0
    52.108  -170.214   -0.1    0.1   -0.1
    52.126  -170.214   -0.1    0.1   -0.1
    52.144  -170.214   -0.1    0.1   -0.1
    52.162  -170.214   -0.1    0.1   -0.1
    52.180  -170.214   -0.1    0.1   -0.1
    52.198  -170.214   -0.1    0.1   -0.1
    52.216  -170.214   -0.1    0.1   -0.1
    52.234  -170.214   -0.1    0.1   -0.1
    52.252  -170.214   -0.1    0.1   -0.1
    52.270  -170.214   -0.1    0.1   -0.1
    52.288  -170.214   -0.1    0.1   -0.1
    52.306  -170.214   -0.1    0.1   -0.1
    52.324  -170.214   -0.1    0.1   -0.1
    52.342  -170.214   -0.1    0.1   -0.1
    52.360  -170.214   -0.1    0.1   -0.1
    52.378  -170.214   -0.1    0.1   -0.1
    52.396  -170.214   -0.1    0.1   -0.1
    52.414  -170.214   -0.1    0.0   -0.1
    52.432  -170.214   -0.1    0.0   -0.1
    52.450  -170.214   -0.1    0.0   -0.1
    52.468  -170.214   -0.1    0.0   -0.1
    52.486  -170.214   -0.1    0.0   -0.1
    52.504  -170.214   -0.1    0.0   -0.1
    52.522  -170.214   -0.1    0.0   -0.1
    52.540  -170.214   -0.1    0.0   -0.1
    52.558  -170.214   -0.1    0.0   -0.1
    52.576  -170.214   -0.1    0.0   -0.1
    52.595  -170.214   -0.1    0.0   -0.1
    52.613  -170.214   -0.1    0.0   -0.1
    52.631  -170.214   -0.1    0.0   -0.1
    52.649  -170.214   -0.1    0.0   -0.1
    52.667  -170.214   -0.1    0.0   -0.1
    52.685  -170.214   -0.1    0.0   -0.1
    52.703  -170.214   -0.1    0.0   -0.1
    52.721  -170.214   -0.0    0.0   -0.0
    52.739  -170.214   -0.0    0.0   -0.0
    52.757  -170.214   -0.0    0.0   -0.0
    52.775  -170.214   -0.0    0.0   -0.0
    52.793  -170.214   -0.0    0.0   -0.0
    52.811  -170.214   -0.0    0.0   -0.0
    52.829  -170.214   -0.0    0.0   -0.0
    52.847  -170.214   -0.0    0.0   -0.0
    52.865  -170.214   -0.0    0.0   -0.0
    52.883  -170.214   -0.0    0.0   -0.0
    52.901  -170.214   -0.0    0.0   -0.0
    52.919  -170.214    0.0    0.0   -0.0
    52.937  -170.214    0.0    0.0   -0.0
    52.955  -170.214    0.0    0.0    0.0
    52.973  -170.214    0.0    0.0    0.0
    52.991  -170.214    0.0    0.0    0.0
    53.009  -170.214    0.0    0.0    0.0
    53.027  -170.214    0.0    0.0    0.0
    53.045  -170.214    0.0    0.0    0.0
    53.063  -170.214    0.0    0.0    0.0
    53.081  -170.214    0.0    0.0    0.0
    53.099  -170.214    0.0    0.0    0.0
    53.117  -170.214    0.0    0.0    0.0
    53.135  -170.214    0.0    0.0    0.0
    53.153  -170.214    0.0    0.0    0.0
    53.171  -170.214    0.0    0.0    0.0
    53.189  -170.214    0.0    0.0    0.0
    53.207  -170.214    0.0    0.0    0.0
    53.225  -170.214    0.0    0.0    0.0
    53.243  -170.214    0.0    0.0    0.0
    53.261  -170.214    0.0    0.0    0.0
    53.279  -170.214    0.0    0.0    0.0
    53.297  -170.214    0.0    0.0    0.0
    53.315  -170.214    0.0    0.0    0.0
    53.333  -170.214    0.0    0.1    0.0
    53.351  -170.214    0.0    0.1    0.0
    53.369  -170.214    0.0    0.1    0.0
    53.387  -170.214    0.0    0.1    0.0
    53.405  -170.214    0.0    0.1    0.0
    53.423  -170.214    0.0    0.1    0.0
    53.441  -170.214    0.0    0.1    0.0
    53.459  -170.214    0.0    0.1    0.0
    53.477  -170.214    0.0    0.1    0.0
    53.495  -170.214    0.0    0.1    0.0
    53.513  -170.214    0.0    0.1    0.0
    53.531  -170.214    0.0    0.1    0.0
    53.549  -170.214    0.0    0.1    0.0
    53.567  -170.214    0.0    0.1    0.0
    53.585  -170.214    0.0    0.1    0.0
    53.603  -170.214    0.0    0.1    0.0
    53.621  -170.214    0.0    0.1    0.0
    53.639  -170.214    0.0    0.1    0.0
    53.657  -170.214    0.0    0.1    0.0
    53.675  -170.214    0.0    0.1    0.0
    53.694  -170.214    0.0    0.1    0.0
    53.712  -170.214    0.0    0.1    0.0
    53.730  -170.214    0.0    0.1    0.0
    53.748  -170.214    0.0    0.1    0.0
    53.766  -170.214    0.0    0.1    0.0
    53.784  -170.214    0.0    0.1    0.0
    53.802  -170.214    0.0    0.1    0.0
    53.820  -170.214    0.0    0.1    0.0
    53.838  -170.214    0.0    0.1    0.0
    53.856  -170.214    0.0    0.1    0.0
    53.874  -170.214    0.0    0.0    0.0
    53.892  -170.214    0.0    0.0    0.0
    53.910  -170.214    0.0    0.0    0.0
    52.108  -170.184   -0.1    0.1   -0.1
    52.126  -170.184   -0.1    0.1   -0.1
    52.144  -170.184   -0.1    0.1   -0.1
    52.162  -170.184   -0.1    0.1   -0.1
    52.180  -170.184   -0.1    0.1   -0.1
    52.198  -170.184   -0.1    0.1   -0.1
    52.216  -170.184   -0.1    0.1   -0.1
    52.234  -170.184   -0.1    0.1   -0.1
    52.252  -170.184   -0.1    0.1   -0.1
    52.270  -170.184   -0.1    0.1   -0.1
    52.288  -170.184   -0.1    0.1   -0.1
    52.306  -170.184   -0.1    0.1   -0.1
    52.324  -170.184   -0.1    0.1   -0.1
    52.342  -170.184   -0.1    0.1   -0.1
    52.360  -170.184   -0.1    0.1   -0.1
    52.378  -170.184   -0.1    0.1   -0.1
    52.396  -170.184   -0.1    0.0   -0.1
    52.414  -170.184   -0.1    0.0   -0.1
    52.432  -170.184   -0.1    0.0   -0.1
    52.450  -170.184   -0.1    0.0   -0.1
    52.468  -170.184   -0.1    0.0   -0.1
    52.486  -170.184   -0.1    0.0   -0.1
    52.504  -170.184   -0.1    0.0   -0.1
    52.522  -170.184   -0.1    0.0   -0.1
    52.540  -170.184   -0.1    0.0   -0.1
    52.558  -170.184   -0.1    0.0   -0.1
    52.576  -170.184   -0.1    0.0   -0.1
    52.595  -170.184   -0.1    0.0   -0.1
    52.613  -170.184   -0.1    0.0   -0.1
    52.631  -170.184   -0.1    0.0   -0.1
    52.649  -170.184   -0.1    0.0   -0.1
    52.667  -170.184   -0.1    0.0   -0.1
    52.685  -170.184   -0.1    0.0   -0.1
    52.703  -170.184   -0.0    0.0   -0.0
    52.721  -170.184   -0.0    0.0   -0.0
    52.739  -170.184   -0.0    0.0   -0.0
    52.757  -170.184   -0.0    0.0   -0.0
    52.775  -170.184   -0.0    0.0   -0.0
    52.793  -170.184   -0.0    0.0   -0.0
    52.811  -170.184   -0.0    0.0   -0.0
    52.829  -170.184   -0.0    0.0   -0.0
    52.847  -170.184   -0.0    0.0   -0.0
    52.865  -170.184   -0.0    0.0   -0.0
    52.883  -170.184   -0.0    0.0   -0.0
    52.901  -170.184   -0.0    0.0   -0.0
    52.919  -170.184    0.0    0.0   -0.0
    52.937  -170.184    0.0    0.0   -0.0
    52.955  -170.184    0.0    0.0    0.0
    52.973  -170.184    0.0    0.0    0.0
    52.991  -170.184    0.0    0.0    0.0
    53.009  -170.184    0.0    0.0    0.0
    53.027  -170.184    0.0    0.0    0.0
    53.045  -170.184    0.0    0.0    0.0
    53.063  -170.184    0.0    0.0    0.0
    53.081  -170.184    0.0    0.0    0.0
    53.099  -170.184    0.0    0.0    0.0
    53.117  -170.184    0.0    0.0    0.0
    53.135  -170.184    0.0    0.0    0.0
    53.153  -170.184    0.0    0.0    0.0
    53.171  -170.184    0.0    0.0    0.0
    53.189  -170.184    0.0    0.0    0.0
    53.207  -170.184    0.0    0.0    0.0
    53.225  -170.184    0.0    0.0    0.0
    53.243  -170.184    0.0    0.0    0.0
    53.261  -170.184    0.0    0.0    0.0
    53.279  -170.184    0.0    0.0    0.0
    53.297  -170.184    0.0    0.0    0.0
    53.315  -170.184    0.0    0.0    0.0
    53.333  -170.184    0.0    0.0    0.0
    53.351  -170.184    0.0    0.1    0.0
    53.369  -170.184    0.0    0.1    0.0
    53.387  -170.184    0.0    0.1    0.0
    53.405  -170.184    0.0    0.1    0.0
    53.423  -170.184    0.0    0.1    0.0
    53.441  -170.184    0.0    0.1    0.0
    53.459  -170.184    0.0    0.1    0.0
    53.477  -170.184    0.0    0.1    0.0
    53.495  -170.184    0.0    0.1    0.0
    53.513  -170.184    0.0    0.1    0.0
    53.531  -170.184    0.0    0.1    0.0
    53.549  -170.184    0.0    0.1    0.0
    53.567  -170.184    0.0    0.1    0.0
    53.585  -170.184    0.0    0.1    0.0
    53.603  -170.184    0.0    0.1    0.0
    53.621  -170.184    0.0    0.1    0.0
    53.639  -170.184    0.0    0.1    0.0
    53.657  -170.184    0.0    0.1    0.0
    53.675  -170.184    0.0    0.1    0.0
    53.694  -170.184    0.0    0.1    0.0
    53.712  -170.184    0.0    0.1    0.0
    53.730  -170.184    0.0    0.1    0.0
    53.748  -170.184    0.0    0.1    0.0
    53.766  -170.184    0.0    0.1    0.0
    53.784  -170.184    0.0    0.1    0.0
    53.802  -170.184    0.0    0.1    0.0
    53.820  -170.184    0.0    0.1    0.0
    53.838  -170.184    0.0    0.1    0.0
    53.856  -170.184    0.0    0.0    0.0
    53.874  -170.184    0.0    0.0    0.0
    53.892  -170.184    0.0    0.0    0.0
    53.910  -170.184    0.0    0.0    0.0
    52.108  -170.155   -0.1    0.1   -0.1
    52.126  -170.155   -0.1    0.1   -0.1
    52.144  -170.155   -0.1    0.1   -0.1
    52.162  -170.155   -0.1    0.1   -0.1
    52.180  -170.155   -0.1    0.1   -0.1
    52.198  -170.155   -0.1    0.1   -0.1
    52.216  -170.155   -0.1    0.1   -0.1
    52.234  -170.155   -0.1    0.1   -0.1
    52.252  -170.155   -0.1    0.1   -0.1
    52.270  -170.155   -0.1    0.1   -0.1
    52.288  -170.155   -0.1    0.1   -0.1
    52.306  -170.155   -0.1    0.1   -0.1
    52.324  -170.155   -0.1    0.1   -0.1
    52.342  -170.155   -0.1    0.1   -0.1
    52.360  -170.155   -0.1    0.1   -0.1
    52.378  -170.155   -0.1    0.1   -0.1
    52.396  -170.155   -0.1    0.0   -0.1
    52.414  -170.155   -0.1    0.0   -0.1
    52.432  -170.155   -0.1    0.0   -0.1
    52.450  -170.155   -0.1    0.0   -0.1
    52.468  -170.155   -0.1    0.0   -0.1
    52.486  -170.155   -0.1    0.0   -0.1
    52.504  -170.155   -0.1    0.0   -0.1
    52.522  -170.155   -0.1    0.0   -0.1
    52.540  -170.155   -0.1    0.0   -0.1
    52.558  -170.155   -0.1    0.0   -0.1
    52.576  -170.155   -0.1    0.0   -0.1
    52.595  -170.155   -0.1    0.0   -0.1
    52.613  -170.155   -0.1    0.0   -0.1
    52.631  -170.155   -0.1    0.0   -0.1
    52.649  -170.155   -0.1    0.0   -0.1
    52.667  -170.155   -0.1    0.0   -0.1
    52.685  -170.155   -0.1    0.0   -0.0
    52.703  -170.155   -0.0    0.0   -0.0
    52.721  -170.155   -0.0    0.0   -0.0
    52.739  -170.155   -0.0    0.0   -0.0
    52.757  -170.155   -0.0    0.0   -0.0
    52.775  -170.155   -0.0    0.0   -0.0
    52.793  -170.155   -0.0    0.0   -0.0
    52.811  -170.155   -0.0    0.0   -0.0
    52.829  -170.155   -0.0    0.0   -0.0
    52.847  -170.155   -0.0    0.0   -0.0
    52.865  -170.155   -0.0    0.0   -0.0
    52.883  -170.155   -0.0    0.0   -0.0
    52.901  -170.155   -0.0    0.0   -0.0
    52.919  -170.155    0.0    0.0   -0.0
    52.937  -170.155    0.0    0.0    0.0
    52.955  -170.155    0.0    0.0    0.0
    52.973  -170.155    0.0    0.0    0.0
    52.991  -170.155    0.0    0.0    0.0
    53.009  -170.155    0.0    0.0    0.0
    53.027  -170.155    0.0    0.0    0.0
    53.045  -170.155    0.0    0.0    0.0
    53.063  -170.155    0.0    0.0    0.0
    53.081  -170.155    0.0    0.0    0.0
    53.099  -170.155    0.0    0.0    0.0
    53.117  -170.155    0.0    0.0    0.0
    53.135  -170.155    0.0    0.0    0.0
    53.153  -170.155    0.0    0.0    0.0
    53.171  -170.155    0.0    0.0    0.0
    53.189  -170.155    0.0    0.0    0.0
    53.207  -170.155    0.0    0.0    0.0
    53.225  -170.155    0.0    0.0    0.0
    53.243  -170.155    0.0    0.0    0.0
    53.261  -170.155    0.0    0.0    0.0
    53.279  -170.155    0.0    0.0    0.0
    53.297  -170.155    0.0    0.0    0.0
    53.315  -170.155    0.0    0.0    0.0
    53.333  -170.155    0.0    0.0    0.0
    53.351  -170.155    0.0    0.1    0.0
    53.369  -170.155    0.0    0.1    0.0
    53.387  -170.155    0.0    0.1    0.0
    53.405  -170.155    0.0    0.1    0.0
    53.423  -170.155    0.0    0.1    0.0
    53.441  -170.155    0.0    0.1    0.0
    53.459  -170.155    0.0    0.1    0.0
    53.477  -170.155    0.0    0.1    0.0
    53.495  -170.155    0.0    0.1    0.0
    53.513  -170.155    0.0    0.1    0.0
    53.531  -170.155    0.0    0.1    0.0
    53.549  -170.155    0.0    0.1    0.0
    53.567  -170.155    0.0    0.1    0.0
    53.585  -170.155    0.0    0.1    0.0
    53.603  -170.155    0.0    0.1    0.0
    53.621  -170.155    0.0    0.1    0.0
    53.639  -170.155    0.0    0.1    0.0
    53.657  -170.155    0.0    0.1    0.0
    53.675  -170.155    0.0    0.1    0.0
    53.694  -170.155    0.0    0.1    0.0
    53.712  -170.155    0.0    0.1    0.0
    53.730  -170.155    0.0    0.1    0.0
    53.748  -170.155    0.0    0.1    0.0
    53.766  -170.155    0.0    0.1    0.0
    53.784  -170.155    0.0    0.1    0.0
    53.802  -170.155    0.0    0.1    0.0
    53.820  -170.155    0.0    0.1    0.0
    53.838  -170.155    0.0    0.0    0.0
    53.856  -170.155    0.0    0.0    0.0
    53.874  -170.155    0.0    0.0    0.0
    53.892  -170.155    0.0    0.0    0.0
    53.910  -170.155    0.0    0.0    0.0
    52.108  -170.125   -0.1    0.1   -0.1
    52.126  -170.125   -0.1    0.1   -0.1
    52.144  -170.125   -0.1    0.1   -0.1
    52.162  -170.125   -0.1    0.1   -0.1
    52.180  -170.125   -0.1    0.1   -0.1
    52.198  -170.125   -0.1    0.1   -0.1
    52.216  -170.125   -0.1    0.1   -0.1
    52.234  -170.125   -0.1    0.1   -0.1
    52.252  -170.125   -0.1    0.1   -0.1
    52.270  -170.125   -0.1    0.1   -0.1
    52.288  -170.125   -0.1    0.1   -0.1
    52.306  -170.125   -0.1    0.1   -0.1
    52.324  -170.125   -0.1    0.1   -0.1
    52.342  -170.125   -0.1    0.1   -0.1
    52.360  -170.125   -0.1    0.1   -0.1
    52.378  -170.125   -0.1    0.0   -0.1
    52.396  -170.125   -0.1    0.0   -0.1
    52.414  -170.125   -0.1    0.0   -0.1
    52.432  -170.125   -0.1    0.0   -0.1
    52.450  -170.125   -0.1    0.0   -0.1
    52.468  -170.125   -0.1    0.0   -0.1
    52.486  -170.125   -0.1    0.0   -0.1
    52.504  -170.125   -0.1    0.0   -0.1
    52.522  -170.125   -0.1    0.0   -0.1
    52.540  -170.125   -0.1    0.0   -0.1
    52.558  -170.125   -0.1    0.0   -0.1
    52.576  -170.125   -0.1    0.0   -0.1
    52.595  -170.125   -0.1    0.0   -0.1
    52.613  -170.125   -0.1    0.0   -0.1
    52.631  -170.125   -0.1    0.0   -0.1
    52.649  -170.125   -0.1    0.0   -0.1
    52.667  -170.125   -0.1    0.0   -0.0
    52.685  -170.125   -0.0    0.0   -0.0
    52.703  -170.125   -0.0    0.0   -0.0
    52.721  -170.125   -0.0    0.0   -0.0
    52.739  -170.125   -0.0    0.0   -0.0
    52.757  -170.125   -0.0    0.0   -0.0
    52.775  -170.125   -0.0    0.0   -0.0
    52.793  -170.125   -0.0    0.0   -0.0
    52.811  -170.125   -0.0    0.0   -0.0
    52.829  -170.125   -0.0    0.0   -0.0
    52.847  -170.125   -0.0    0.0   -0.0
    52.865  -170.125   -0.0    0.0   -0.0
    52.883  -170.125   -0.0    0.0   -0.0
    52.901  -170.125    0.0    0.0   -0.0
    52.919  -170.125    0.0    0.0   -0.0
    52.937  -170.125    0.0    0.0    0.0
    52.955  -170.125    0.0    0.0    0.0
    52.973  -170.125    0.0    0.0    0.0
    52.991  -170.125    0.0    0.0    0.0
    53.009  -170.125    0.0    0.0    0.0
    53.027  -170.125    0.0    0.0    0.0
    53.045  -170.125    0.0    0.0    0.0
    53.063  -170.125    0.0    0.0    0.0
    53.081  -170.125    0.0    0.0    0.0
    53.099  -170.125    0.0    0.0    0.0
    53.117  -170.125    0.0    0.0    0.0
    53.135  -170.125    0.0    0.0    0.0
    53.153  -170.125    0.0    0.0    0.0
    53.171  -170.125    0.0    0.0    0.0
    53.189  -170.125    0.0    0.0    0.0
    53.207  -170.125    0.0    0.0    0.0
    53.225  -170.125    0.0    0.0    0.0
    53.243  -170.125    0.0    0.0    0.0
    53.261  -170.125    0.0    0.0    0.0
    53.279  -170.125    0.0    0.0    0.0
    53.297  -170.125    0.0    0.0    0.0
    53.315  -170.125    0.0    0.0    0.0
    53.333  -170.125    0.0    0.0    0.0
    53.351  -170.125    0.0    0.0    0.0
    53.369  -170.125    0.0    0.0    0.0
    53.387  -170.125    0.0    0.1    0.0
    53.405  -170.125    0.0    0.1    0.0
    53.423  -170.125    0.0    0.1    0.0
    53.441  -170.125    0.0    0.1    0.0
    53.459  -170.125    0.0    0.1    0.0
    53.477  -170.125    0.0    0.1    0.0
    53.495  -170.125    0.0    0.1    0.0
    53.513  -170.125    0.0    0.1    0.0
    53.531  -170.125    0.0    0.1    0.0
    53.549  -170.125    0.0    0.1    0.0
    53.567  -170.125    0.0    0.1    0.0
    53.585  -170.125    0.0    0.1    0.0
    53.603  -170.125    0.0    0.1    0.0
    53.621  -170.125    0.0    0.1    0.0
    53.639  -170.125    0.0    0.1    0.0
    53.657  -170.125    0.0    0.1    0.0
    53.675  -170.125    0.0    0.1    0.0
    53.694  -170.125    0.0    0.1    0.0
    53.712  -170.125    0.0    0.1    0.0
    53.730  -170.125    0.0    0.1    0.0
    53.748  -170.125    0.0    0.1    0.0
    53.766  -170.125    0.0    0.1    0.0
    53.784  -170.125    0.0    0.1    0.0
    53.802  -170.125    0.0    0.1    0.0
    53.820  -170.125    0.0    0.0    0.0
    53.838  -170.125    0.0    0.0    0.0
    53.856  -170.125    0.0    0.0    0.0
    53.874  -170.125    0.0    0.0    0.0
    53.892  -170.125    0.0    0.0    0.0
    53.910  -170.125    0.0    0.0    0.0
    52.108  -170.095   -0.1    0.1   -0.1
    52.126  -170.095   -0.1    0.1   -0.1
    52.144  -170.095   -0.1    0.1   -0.1
    52.162  -170.095   -0.1    0.1   -0.1
    52.180  -170.095   -0.1    0.1   -0.1
    52.198  -170.095   -0.1    0.1   -0.1
    52.216  -170.095   -0.1    0.1   -0.1
    52.234  -170.095   -0.1    0.1   -0.1
    52.252  -170.095   -0.1    0.1   -0.1
    52.270  -170.095   -0.1    0.1   -0.1
    52.288  -170.095   -0.1    0.1   -0.1
    52.306  -170.095   -0.1    0.1   -0.1
    52.324  -170.095   -0.1    0.1   -0.1
    52.342  -170.095   -0.1    0.1   -0.1
    52.360  -170.095   -0.1    0.0   -0.1
    52.378  -170.095   -0.1    0.0   -0.1
    52.396  -170.095   -0.1    0.0   -0.1
    52.414  -170.095   -0.1    0.0   -0.1
    52.432  -170.095   -0.1    0.0   -0.1
    52.450  -170.095   -0.1    0.0   -0.1
    52.468  -170.095   -0.1    0.0   -0.1
    52.486  -170.095   -0.1    0.0   -0.1
    52.504  -170.095   -0.1    0.0   -0.1
    52.522  -170.095   -0.1    0.0   -0.1
    52.540  -170.095   -0.1    0.0   -0.1
    52.558  -170.095   -0.1    0.0   -0.1
    52.576  -170.095   -0.1    0.0   -0.1
    52.595  -170.095   -0.1    0.0   -0.1
    52.613  -170.095   -0.1    0.0   -0.1
    52.631  -170.095   -0.1    0.0   -0.1
    52.649  -170.095   -0.1    0.0   -0.0
    52.667  -170.095   -0.1    0.0   -0.0
    52.685  -170.095   -0.0    0.0   -0.0
    52.703  -170.095   -0.0    0.0   -0.0
    52.721  -170.095   -0.0    0.0   -0.0
    52.739  -170.095   -0.0    0.0   -0.0
    52.757  -170.095   -0.0    0.0   -0.0
    52.775  -170.095   -0.0    0.0   -0.0
    52.793  -170.095   -0.0    0.0   -0.0
    52.811  -170.095   -0.0    0.0   -0.0
    52.829  -170.095   -0.0    0.0   -0.0
    52.847  -170.095   -0.0    0.0   -0.0
    52.865  -170.095   -0.0    0.0   -0.0
    52.883  -170.095   -0.0    0.0   -0.0
    52.901  -170.095    0.0    0.0   -0.0
    52.919  -170.095    0.0    0.0   -0.0
    52.937  -170.095    0.0    0.0    0.0
    52.955  -170.095    0.0    0.0    0.0
    52.973  -170.095    0.0    0.0    0.0
    52.991  -170.095    0.0    0.0    0.0
    53.009  -170.095    0.0    0.0    0.0
    53.027  -170.095    0.0    0.0    0.0
    53.045  -170.095    0.0    0.0    0.0
    53.063  -170.095    0.0    0.0    0.0
    53.081  -170.095    0.0    0.0    0.0
    53.099  -170.095    0.0    0.0    0.0
    53.117  -170.095    0.0    0.0    0.0
    53.135  -170.095    0.0    0.0    0.0
    53.153  -170.095    0.0    0.0    0.0
    53.171  -170.095    0.0    0.0    0.0
    53.189  -170.095    0.0    0.0    0.0
    53.207  -170.095    0.0    0.0    0.0
    53.225  -170.095    0.0    0.0    0.0
    53.243  -170.095    0.0    0.0    0.0
    53.261  -170.095    0.0    0.0    0.0
    53.279  -170.095    0.0    0.0    0.0
    53.297  -170.095    0.0    0.0    0.0
    53.315  -170.095    0.0    0.0    0.0
    53.333  -170.095    0.0    0.0    0.0
    53.351  -170.095    0.0    0.0    0.0
    53.369  -170.095    0.0    0.0    0.0
    53.387  -170.095    0.0    0.0    0.0
    53.405  -170.095    0.0    0.1    0.0
    53.423  -170.095    0.0    0.1    0.0
    53.441  -170.095    0.0    0.1    0.0
    53.459  -170.095    0.0    0.1    0.0
    53.477  -170.095    0.0    0.1    0.0
    53.495  -170.095    0.0    0.1    0.0
    53.513  -170.095    0.0    0.1    0.0
    53.531  -170.095    0.0    0.1    0.0
    53.549  -170.095    0.0    0.1    0.0
    53.567  -170.095    0.0    0.1    0.0
    53.585  -170.095    0.0    0.1    0.0
    53.603  -170.095    0.0    0.1    0.0
    53.621  -170.095    0.0    0.1    0.0
    53.639  -170.095    0.0    0.1    0.0
    53.657  -170.095    0.0    0.1    0.0
    53.675  -170.095    0.0    0.1    0.0
    53.694  -170.095    0.0    0.1    0.0
    53.712  -170.095    0.0    0.1    0.0
    53.730  -170.095    0.0    0.1    0.0
    53.748  -170.095    0.0    0.1    0.0
    53.766  -170.095    0.0    0.1    0.0
    53.784  -170.095    0.0    0.1    0.0
    53.802  -170.095    0.0    0.0    0.0
    53.820  -170.095    0.0    0.0    0.0
    53.838  -170.095    0.0    0.0    0.0
    53.856  -170.095    0.0    0.0    0.0
    53.874  -170.095    0.0    0.0    0.0
    53.892  -170.095    0.0    0.0    0.0
    53.910  -170.095    0.0    0.0    0.0
    52.108  -170.065   -0.1    0.1   -0.1
    52.126  -170.065   -0.1    0.1   -0.1
    52.144  -170.065   -0.1    0.1   -0.1
    52.162  -170.065   -0.1    0.1   -0.1
    52.180  -170.065   -0.1    0.1   -0.1
    52.198  -170.065   -0.1    0.1   -0.1
    52.216  -170.065   -0.1    0.1   -0.1
    52.234  -170.065   -0.1    0.1   -0.1
    52.252  -170.065   -0.1    0.1   -0.1
    52.270  -170.065   -0.1    0.1   -0.1
    52.288  -170.065   -0.1    0.1   -0.1
    52.306  -170.065   -0.1    0.1   -0.1
    52.324  -170.065   -0.1    0.1   -0.1
    52.342  -170.065   -0.1    0.0   -0.1
    52.360  -170.065   -0.1    0.0   -0.1
    52.378  -170.065   -0.1    0.0   -0.1
    52.396  -170.065   -0.1    0.0   -0.1
    52.414  -170.065   -0.1    0.0   -0.1
    52.432  -170.065   -0.1    0.0   -0.1
    52.450  -170.065   -0.1    0.0   -0.1
    52.468  -170.065   -0.1    0.0   -0.1
    52.486  -170.065   -0.1    0.0   -0.1
    52.504  -170.065   -0.1    0.0   -0.1
    52.522  -170.065   -0.1    0.0   -0.1
    52.540  -170.065   -0.1    0.0   -0.1
    52.558  -170.065   -0.1    0.0   -0.1
    52.576  -170.065   -0.1    0.0   -0.1
    52.595  -170.065   -0.1    0.0   -0.1
    52.613  -170.065   -0.1    0.0   -0.1
    52.631  -170.065   -0.1    0.0   -0.0
    52.649  -170.065   -0.1    0.0   -0.0
    52.667  -170.065   -0.0    0.0   -0.0
    52.685  -170.065   -0.0    0.0   -0.0
    52.703  -170.065   -0.0    0.0   -0.0
    52.721  -170.065   -0.0    0.0   -0.0
    52.739  -170.065   -0.0    0.0   -0.0
    52.757  -170.065   -0.0    0.0   -0.0
    52.775  -170.065   -0.0    0.0   -0.0
    52.793  -170.065   -0.0    0.0   -0.0
    52.811  -170.065   -0.0    0.0   -0.0
    52.829  -170.065   -0.0    0.0   -0.0
    52.847  -170.065   -0.0    0.0   -0.0
    52.865  -170.065   -0.0    0.0   -0.0
    52.883  -170.065   -0.0    0.0   -0.0
    52.901  -170.065    0.0    0.0   -0.0
    52.919  -170.065    0.0    0.0    0.0
    52.937  -170.065    0.0    0.0    0.0
    52.955  -170.065    0.0    0.0    0.0
    52.973  -170.065    0.0    0.0    0.0
    52.991  -170.065    0.0    0.0    0.0
    53.009  -170.065    0.0    0.0    0.0
    53.027  -170.065    0.0    0.0    0.0
    53.045  -170.065    0.0    0.0    0.0
    53.063  -170.065    0.0    0.0    0.0
    53.081  -170.065    0.0    0.0    0.0
    53.099  -170.065    0.0    0.0    0.0
    53.117  -170.065    0.0    0.0    0.0
    53.135  -170.065    0.0    0.0    0.0
    53.153  -170.065    0.0    0.0    0.0
    53.171  -170.065    0.0    0.0    0.0
    53.189  -170.065    0.0    0.0    0.0
    53.207  -170.065    0.0    0.0    0.0
    53.225  -170.065    0.0    0.0    0.0
    53.243  -170.065    0.0    0.0    0.0
    53.261  -170.065    0.0    0.0    0.0
    53.279  -170.065    0.0    0.0    0.0
    53.297  -170.065    0.0    0.0    0.0
    53.315  -170.065    0.0    0.0    0.0
    53.333  -170.065    0.0    0.0    0.0
    53.351  -170.065    0.0    0.0    0.0
    53.369  -170.065    0.0    0.0    0.0
    53.387  -170.065    0.0    0.0    0.0
    53.405  -170.065    0.0    0.0    0.0
    53.423  -170.065    0.0    0.1    0.0
    53.441  -170.065    0.0    0.1    0.0
    53.459  -170.065    0.0    0.1    0.0
    53.477  -170.065    0.0    0.1    0.0
    53.495  -170.065    0.0    0.1    0.0
    53.513  -170.065    0.0    0.1    0.0
    53.531  -170.065    0.0    0.1    0.0
    53.549  -170.065    0.0    0.1    0.0
    53.567  -170.065    0.0    0.1    0.0
    53.585  -170.065    0.0    0.1    0.0
    53.603  -170.065    0.0    0.1    0.0
    53.621  -170.065    0.0    0.1    0.0
    53.639  -170.065    0.0    0.1    0.0
    53.657  -170.065    0.0    0.1    0.0
    53.675  -170.065    0.0    0.1    0.0
    53.694  -170.065    0.0    0.1    0.0
    53.712  -170.065    0.0    0.1    0.0
    53.730  -170.065    0.0    0.1    0.0
    53.748  -170.065    0.0    0.1    0.0
    53.766  -170.065    0.0    0.0    0.0
    53.784  -170.065    0.0    0.0    0.0
    53.802  -170.065    0.0    0.0    0.0
    53.820  -170.065    0.0    0.0    0.0
    53.838  -170.065    0.0    0.0    0.0
    53.856  -170.065    0.0    0.0    0.0
    53.874  -170.065    0.0    0.0    0.0
    53.892  -170.065    0.0    0.0    0.0
    53.910  -170.065    0.0    0.0    0.0
    52.108  -170.035   -0.1    0.1   -0.1
    52.126  -170.035   -0.1    0.1   -0.1
    52.144  -170.035   -0.1    0.1   -0.1
    52.162  -170.035   -0.1    0.1   -0.1
    52.180  -170.035   -0.1    0.1   -0.1
    52.198  -170.035   -0.1    0.1   -0.1
    52.216  -170.035   -0.1    0.1   -0.1
    52.234  -170.035   -0.1    0.1   -0.1
    52.252  -170.035   -0.1    0.1   -0.1
    52.270  -170.035   -0.1    0.1   -0.1
    52.288  -170.035   -0.1    0.1   -0.1
    52.306  -170.035   -0.1    0.1   -0.1
    52.324  -170.035   -0.1    0.0   -0.1
    52.342  -170.035   -0.1    0.0   -0.1
    52.360  -170.035   -0.1    0.0   -0.1
    52.378  -170.035   -0.1    0.0   -0.1
    52.396  -170.035   -0.1    0.0   -0.1
    52.414  -170.035   -0.1    0.0   -0.1
    52.432  -170.035   -0.1    0.0   -0.1
    52.450  -170.035   -0.1    0.0   -0.1
    52.468  -170.035   -0.1    0.0   -0.1
    52.486  -170.035   -0.1    0.0   -0.1
    52.504  -170.035   -0.1    0.0   -0.1
    52.522  -170.035   -0.1    0.0   -0.1
    52.540  -170.035   -0.1    0.0   -0.1
    52.558  -170.035   -0.1    0.0   -0.1
    52.576  -170.035   -0.1    0.0   -0.1
    52.595  -170.035   -0.1    0.0   -0.1
    52.613  -170.035   -0.1    0.0   -0.0
    52.631  -170.035   -0.1    0.0   -0.0
    52.649  -170.035   -0.0    0.0   -0.0
    52.667  -170.035   -0.0    0.0   -0.0
    52.685  -170.035   -0.0    0.0   -0.0
    52.703  -170.035   -0.0    0.0   -0.0
    52.721  -170.035   -0.0    0.0   -0.0
    52.739  -170.035   -0.0    0.0   -0.0
    52.757  -170.035   -0.0    0.0   -0.0
    52.775  -170.035   -0.0    0.0   -0.0
    52.793  -170.035   -0.0    0.0   -0.0
    52.811  -170.035   -0.0    0.0   -0.0
    52.829  -170.035   -0.0    0.0   -0.0
    52.847  -170.035   -0.0    0.0   -0.0
    52.865  -170.035   -0.0    0.0   -0.0
    52.883  -170.035    0.0    0.0   -0.0
    52.901  -170.035    0.0    0.0   -0.0
    52.919  -170.035    0.0    0.0    0.0
    52.937  -170.035    0.0    0.0    0.0
    52.955  -170.035    0.0    0.0    0.0
    52.973  -170.035    0.0    0.0    0.0
    52.991  -170.035    0.0    0.0    0.0
    53.009  -170.035    0.0    0.0    0.0
    53.027  -170.035    0.0    0.0    0.0
    53.045  -170.035    0.0    0.0    0.0
    53.063  -170.035    0.0    0.0    0.0
    53.081  -170.035    0.0    0.0    0.0
    53.099  -170.035    0.0    0.0    0.0
    53.117  -170.035    0.0    0.0    0.0
    53.135  -170.035    0.0    0.0    0.0
    53.153  -170.035    0.0    0.0    0.0
    53.171  -170.035    0.0    0.0    0.0
    53.189  -170.035    0.0    0.0    0.0
    53.207  -170.035    0.0    0.0    0.0
    53.225  -170.035    0.0    0.0    0.0
    53.243  -170.035    0.0    0.0    0.0
    53.261  -170.035    0.0    0.0    0.0
    53.279  -170.035    0.0    0.0    0.0
    53.297  -170.035    0.0    0.0    0.0
    53.315  -170.035    0.0    0.0    0.0
    53.333  -170.035    0.0    0.0    0.0
    53.351  -170.035    0.0    0.0    0.0
    53.369  -170.035    0.0    0.0    0.0
    53.387  -170.035    0.0    0.0    0.0
    53.405  -170.035    0.0    0.0    0.0
    53.423  -170.035    0.0    0.0    0.0
    53.441  -170.035    0.0    0.0    0.0
    53.459  -170.035    0.0    0.1    0.0
    53.477  -170.035    0.0    0.1    0.0
    53.495  -170.035    0.0    0.1    0.0
    53.513  -170.035    0.0    0.1    0.0
    53.531  -170.035    0.0    0.1    0.0
    53.549  -170.035    0.0    0.1    0.0
    53.567  -170.035    0.0    0.1    0.0
    53.585  -170.035    0.0    0.1    0.0
    53.603  -170.035    0.0    0.1    0.0
    53.621  -170.035    0.0    0.1    0.0
    53.639  -170.035    0.0    0.1    0.0
    53.657  -170.035    0.0    0.1    0.0
    53.675  -170.035    0.0    0.1    0.0
    53.694  -170.035    0.0    0.1    0.0
    53.712  -170.035    0.0    0.1    0.0
    53.730  -170.035    0.0    0.1    0.0
    53.748  -170.035    0.0    0.0    0.0
    53.766  -170.035    0.0    0.0    0.0
    53.784  -170.035    0.0    0.0    0.0
    53.802  -170.035    0.0    0.0    0.0
    53.820  -170.035    0.0    0.0    0.0
    53.838  -170.035    0.0    0.0    0.0
    53.856  -170.035    0.0    0.0    0.0
    53.874  -170.035    0.0    0.0    0.0
    53.892  -170.035    0.0    0.0    0.0
    53.910  -170.035    0.0    0.0    0.0
    52.108  -170.006   -0.1    0.1   -0.1
    52.126  -170.006   -0.1    0.1   -0.1
    52.144  -170.006   -0.1    0.1   -0.1
    52.162  -170.006   -0.1    0.1   -0.1
    52.180  -170.006   -0.1    0.1   -0.1
    52.198  -170.006   -0.1    0.1   -0.1
    52.216  -170.006   -0.1    0.1   -0.1
    52.234  -170.006   -0.1    0.1   -0.1
    52.252  -170.006   -0.1    0.1   -0.1
    52.270  -170.006   -0.1    0.1   -0.1
    52.288  -170.006   -0.1    0.1   -0.1
    52.306  -170.006   -0.1    0.1   -0.1
    52.324  -170.006   -0.1    0.0   -0.1
    52.342  -170.006   -0.1    0.0   -0.1
    52.360  -170.006   -0.1    0.0   -0.1
    52.378  -170.006   -0.1    0.0   -0.1
    52.396  -170.006   -0.1    0.0   -0.1
    52.414  -170.006   -0.1    0.0   -0.1
    52.432  -170.006   -0.1    0.0   -0.1
    52.450  -170.006   -0.1    0.0   -0.1
    52.468  -170.006   -0.1    0.0   -0.1
    52.486  -170.006   -0.1    0.0   -0.1
    52.504  -170.006   -0.1    0.0   -0.1
    52.522  -170.006   -0.1    0.0   -0.1
    52.540  -170.006   -0.1    0.0   -0.1
    52.558  -170.006   -0.1    0.0   -0.1
    52.576  -170.006   -0.1    0.0   -0.1
    52.595  -170.006   -0.1    0.0   -0.0
    52.613  -170.006   -0.1    0.0   -0.0
    52.631  -170.006   -0.1    0.0   -0.0
    52.649  -170.006   -0.0    0.0   -0.0
    52.667  -170.006   -0.0    0.0   -0.0
    52.685  -170.006   -0.0    0.0   -0.0
    52.703  -170.006   -0.0    0.0   -0.0
    52.721  -170.006   -0.0    0.0   -0.0
    52.739  -170.006   -0.0    0.0   -0.0
    52.757  -170.006   -0.0    0.0   -0.0
    52.775  -170.006   -0.0    0.0   -0.0
    52.793  -170.006   -0.0    0.0   -0.0
    52.811  -170.006   -0.0    0.0   -0.0
    52.829  -170.006   -0.0    0.0   -0.0
    52.847  -170.006   -0.0    0.0   -0.0
    52.865  -170.006   -0.0    0.0   -0.0
    52.883  -170.006    0.0    0.0   -0.0
    52.901  -170.006    0.0    0.0   -0.0
    52.919  -170.006    0.0    0.0    0.0
    52.937  -170.006    0.0    0.0    0.0
    52.955  -170.006    0.0    0.0    0.0
    52.973  -170.006    0.0    0.0    0.0
    52.991  -170.006    0.0    0.0    0.0
    53.009  -170.006    0.0    0.0    0.0
    53.027  -170.006    0.0    0.0    0.0
    53.045  -170.006    0.0    0.0    0.0
    53.063  -170.006    0.0    0.0    0.0
    53.081  -170.006    0.0    0.0    0.0
    53.099  -170.006    0.0    0.0    0.0
    53.117  -170.006    0.0    0.0    0.0
    53.135  -170.006    0.0    0.0    0.0
    53.153  -170.006    0.0    0.0    0.0
    53.171  -170.006    0.0    0.0    0.0
    53.189  -170.006    0.0    0.0    0.0
    53.207  -170.006    0.0    0.0    0.0
    53.225  -170.006    0.0    0.0    0.0
    53.243  -170.006    0.0    0.0    0.0
    53.261  -170.006    0.0    0.0    0.0
    53.279  -170.006    0.0    0.0    0.0
    53.297  -170.006    0.0    0.0    0.0
    53.315  -170.006    0.0    0.0    0.0
    53.333  -170.006    0.0    0.0    0.0
    53.351  -170.006    0.0    0.0    0.0
    53.369  -170.006    0.0    0.0    0.0
    53.387  -170.006    0.0    0.0    0.0
    53.405  -170.006    0.0    0.0    0.0
    53.423  -170.006    0.0    0.0    0.0
    53.441  -170.006    0.0    0.0    0.0
    53.459  -170.006    0.0    0.0    0.0
    53.477  -170.006    0.0    0.0    0.0
    53.495  -170.006    0.0    0.0    0.0
    53.513  -170.006    0.0    0.1    0.0
    53.531  -170.006    0.0    0.1    0.0
    53.549  -170.006    0.0    0.1    0.0
    53.567  -170.006    0.0    0.1    0.0
    53.585  -170.006    0.0    0.1    0.0
    53.603  -170.006    0.0    0.1    0.0
    53.621  -170.006    0.0    0.1    0.0
    53.639  -170.006    0.0    0.1    0.0
    53.657  -170.006    0.0    0.1    0.0
    53.675  -170.006    0.0    0.1    0.0
    53.694  -170.006    0.0    0.0    0.0
    53.712  -170.006    0.0    0.0    0.0
    53.730  -170.006    0.0    0.0    0.0
    53.748  -170.006    0.0    0.0    0.0
    53.766  -170.006    0.0    0.0    0.0
    53.784  -170.006    0.0    0.0    0.0
    53.802  -170.006    0.0    0.0    0.0
    53.820  -170.006    0.0    0.0    0.0
    53.838  -170.006    0.0    0.0    0.0
    53.856  -170.006    0.0    0.0    0.0
    53.874  -170.006    0.0    0.0    0.0
    53.892  -170.006    0.0    0.0    0.0
    53.910  -170.006    0.0    0.0    0.0
    52.108  -169.976   -0.1    0.1   -0.1
    52.126  -169.976   -0.1    0.1   -0.1
    52.144  -169.976   -0.1    0.1   -0.1
    52.162  -169.976   -0.1    0.1   -0.1
    52.180  -169.976   -0.1    0.1   -0.1
    52.198  -169.976   -0.1    0.1   -0.1
    52.216  -169.976   -0.1    0.1   -0.1
    52.234  -169.976   -0.1    0.1   -0.1
    52.252  -169.976   -0.1    0.1   -0.1
    52.270  -169.976   -0.1    0.1   -0.1
    52.288  -169.976   -0.1    0.1   -0.1
    52.306  -169.976   -0.1    0.0   -0.1
    52.324  -169.976   -0.1    0.0   -0.1
    52.342  -169.976   -0.1    0.0   -0.1
    52.360  -169.976   -0.1    0.0   -0.1
    52.378  -169.976   -0.1    0.0   -0.1
    52.396  -169.976   -0.1    0.0   -0.1
    52.414  -169.976   -0.1    0.0   -0.1
    52.432  -169.976   -0.1    0.0   -0.1
    52.450  -169.976   -0.1    0.0   -0.1
    52.468  -169.976   -0.1    0.0   -0.1
    52.486  -169.976   -0.1    0.0   -0.1
    52.504  -169.976   -0.1    0.0   -0.1
    52.522  -169.976   -0.1    0.0   -0.1
    52.540  -169.976   -0.1    0.0   -0.1
    52.558  -169.976   -0.1    0.0   -0.1
    52.576  -169.976   -0.1    0.0   -0.0
    52.595  -169.976   -0.1    0.0   -0.0
    52.613  -169.976   -0.1    0.0   -0.0
    52.631  -169.976   -0.0    0.0   -0.0
    52.649  -169.976   -0.0    0.0   -0.0
    52.667  -169.976   -0.0    0.0   -0.0
    52.685  -169.976   -0.0    0.0   -0.0
    52.703  -169.976   -0.0    0.0   -0.0
    52.721  -169.976   -0.0    0.0   -0.0
    52.739  -169.976   -0.0    0.0   -0.0
    52.757  -169.976   -0.0    0.0   -0.0
    52.775  -169.976   -0.0    0.0   -0.0
    52.793  -169.976   -0.0    0.0   -0.0
    52.811  -169.976   -0.0    0.0   -0.0
    52.829  -169.976   -0.0    0.0   -0.0
    52.847  -169.976   -0.0    0.0   -0.0
    52.865  -169.976   -0.0    0.0   -0.0
    52.883  -169.976    0.0    0.0   -0.0
    52.901  -169.976    0.0    0.0    0.0
    52.919  -169.976    0.0    0.0    0.0
    52.937  -169.976    0.0    0.0    0.0
    52.955  -169.976    0.0    0.0    0.0
    52.973  -169.976    0.0    0.0    0.0
    52.991  -169.976    0.0    0.0    0.0
    53.009  -169.976    0.0    0.0    0.0
    53.027  -169.976    0.0    0.0    0.0
    53.045  -169.976    0.0    0.0    0.0
    53.063  -169.976    0.0    0.0    0.0
    53.081  -169.976    0.0    0.0    0.0
    53.099  -169.976    0.0    0.0    0.0
    53.117  -169.976    0.0    0.0    0.0
    53.135  -169.976    0.0    0.0    0.0
    53.153  -169.976    0.0    0.0    0.0
    53.171  -169.976    0.0    0.0    0.0
    53.189  -169.976    0.0    0.0    0.0
    53.207  -169.976    0.0    0.0    0.0
    53.225  -169.976    0.0    0.0    0.0
    53.243  -169.976    0.0    0.0    0.0
    53.261  -169.976    0.0    0.0    0.0
    53.279  -169.976    0.0    0.0    0.0
    53.297  -169.976    0.0    0.0    0.0
    53.315  -169.976    0.0    0.0    0.0
    53.333  -169.976    0.0    0.0    0.0
    53.351  -169.976    0.0    0.0    0.0
    53.369  -169.976    0.0    0.0    0.0
    53.387  -169.976    0.0    0.0    0.0
    53.405  -169.976    0.0    0.0    0.0
    53.423  -169.976    0.0    0.0    0.0
    53.441  -169.976    0.0    0.0    0.0
    53.459  -169.976    0.0    0.0    0.0
    53.477  -169.976    0.0    0.0    0.0
    53.495  -169.976    0.0    0.0    0.0
    53.513  -169.976    0.0    0.0    0.0
    53.531  -169.976    0.0    0.0    0.0
    53.549  -169.976    0.0    0.0    0.0
    53.567  -169.976    0.0    0.0    0.0
    53.585  -169.976    0.0    0.0    0.0
    53.603  -169.976    0.0    0.0    0.0
    53.621  -169.976    0.0    0.0    0.0
    53.639  -169.976    0.0    0.0    0.0
    53.657  -169.976    0.0    0.0    0.0
    53.675  -169.976    0.0    0.0    0.0
    53.694  -169.976    0.0    0.0    0.0
    53.712  -169.976    0.0    0.0    0.0
    53.730  -169.976    0.0    0.0    0.0
    53.748  -169.976    0.0    0.0    0.0
    53.766  -169.976    0.0    0.0    0.0
    53.784  -169.976    0.0    0.0    0.0
    53.802  -169.976    0.0    0.0    0.0
    53.820  -169.976    0.0    0.0    0.0
    53.838  -169.976    0.0    0.0    0.0
    53.856  -169.976    0.0    0.0    0.0
    53.874  -169.976    0.0    0.0    0.0
    53.892  -169.976    0.0    0.0    0.0
    53.910  -169.976    0.0    0.0    0.0
    52.108  -169.946   -0.1    0.1   -0.1
    52.126  -169.946   -0.1    0.1   -0.1
    52.144  -169.946   -0.1    0.1   -0.1
    52.162  -169.946   -0.1    0.1   -0.1
    52.180  -169.946   -0.1    0.1   -0.1
    52.198  -169.946   -0.1    0.1   -0.1
    52.216  -169.946   -0.1    0.1   -0.1
    52.234  -169.946   -0.1    0.1   -0.1
    52.252  -169.946   -0.1    0.1   -0.1
    52.270  -169.946   -0.1    0.1   -0.1
    52.288  -169.946   -0.1    0.0   -0.1
    52.306  -169.946   -0.1    0.0   -0.1
    52.324  -169.946   -0.1    0.0   -0.1
    52.342  -169.946   -0.1    0.0   -0.1
    52.360  -169.946   -0.1    0.0   -0.1
    52.378  -169.946   -0.1    0.0   -0.1
    52.396  -169.946   -0.1    0.0   -0.1
    52.414  -169.946   -0.1    0.0   -0.1
    52.432  -169.946   -0.1    0.0   -0.1
    52.450  -169.946   -0.1    0.0   -0.1
    52.468  -169.946   -0.1    0.0   -0.1
    52.486  -169.946   -0.1    0.0   -0.1
    52.504  -169.946   -0.1    0.0   -0.1
    52.522  -169.946   -0.1    0.0   -0.1
    52.540  -169.946   -0.1    0.0   -0.1
    52.558  -169.946   -0.1    0.0   -0.0
    52.576  -169.946   -0.1    0.0   -0.0
    52.595  -169.946   -0.1    0.0   -0.0
    52.613  -169.946   -0.0    0.0   -0.0
    52.631  -169.946   -0.0    0.0   -0.0
    52.649  -169.946   -0.0    0.0   -0.0
    52.667  -169.946   -0.0    0.0   -0.0
    52.685  -169.946   -0.0    0.0   -0.0
    52.703  -169.946   -0.0    0.0   -0.0
    52.721  -169.946   -0.0    0.0   -0.0
    52.739  -169.946   -0.0    0.0   -0.0
    52.757  -169.946   -0.0    0.0   -0.0
    52.775  -169.946   -0.0    0.0   -0.0
    52.793  -169.946   -0.0    0.0   -0.0
    52.811  -169.946   -0.0    0.0   -0.0
    52.829  -169.946   -0.0    0.0   -0.0
    52.847  -169.946   -0.0    0.0   -0.0
    52.865  -169.946    0.0    0.0   -0.0
    52.883  -169.946    0.0    0.0   -0.0
    52.901  -169.946    0.0    0.0    0.0
    52.919  -169.946    0.0    0.0    0.0
    52.937  -169.946    0.0    0.0    0.0
    52.955  -169.946    0.0    0.0    0.0
    52.973  -169.946    0.0    0.0    0.0
    52.991  -169.946    0.0    0.0    0.0
    53.009  -169.946    0.0    0.0    0.0
    53.027  -169.946    0.0    0.0    0.0
    53.045  -169.946    0.0    0.0    0.0
    53.063  -169.946    0.0    0.0    0.0
    53.081  -169.946    0.0    0.0    0.0
    53.099  -169.946    0.0    0.0    0.0
    53.117  -169.946    0.0    0.0    0.0
    53.135  -169.946    0.0    0.0    0.0
    53.153  -169.946    0.0    0.0    0.0
    53.171  -169.946    0.0    0.0    0.0
    53.189  -169.946    0.0    0.0    0.0
    53.207  -169.946    0.0    0.0    0.0
    53.225  -169.946    0.0    0.0    0.0
    53.243  -169.946    0.0    0.0    0.0
    53.261  -169.946    0.0    0.0    0.0
    53.279  -169.946    0.0    0.0    0.0
    53.297  -169.946    0.0    0.0    0.0
    53.315  -169.946    0.0    0.0    0.0
    53.333  -169.946    0.0    0.0    0.0
    53.351  -169.946    0.0    0.0    0.0
    53.369  -169.946    0.0    0.0    0.0
    53.387  -169.946    0.0    0.0    0.0
    53.405  -169.946    0.0    0.0    0.0
    53.423  -169.946    0.0    0.0    0.0
    53.441  -169.946    0.0    0.0    0.0
    53.459  -169.946    0.0    0.0    0.0
    53.477  -169.946    0.0    0.0    0.0
    53.495  -169.946    0.0    0.0    0.0
    53.513  -169.946    0.0    0.0    0.0
    53.531  -169.946    0.0    0.0    0.0
    53.549  -169.946    0.0    0.0    0.0
    53.567  -169.946    0.0    0.0    0.0
    53.585  -169.946    0.0    0.0    0.0
    53.603  -169.946    0.0    0.0    0.0
    53.621  -169.946    0.0    0.0    0.0
    53.639  -169.946    0.0    0.0    0.0
    53.657  -169.946    0.0    0.0    0.0
    53.675  -169.946    0.0    0.0    0.0
    53.694  -169.946    0.0    0.0    0.0
    53.712  -169.946    0.0    0.0    0.0
    53.730  -169.946    0.0    0.0    0.0
    53.748  -169.946    0.0    0.0    0.0
    53.766  -169.946    0.0    0.0    0.0
    53.784  -169.946    0.0    0.0    0.0
    53.802  -169.946    0.0    0.0    0.0
    53.820  -169.946    0.0    0.0    0.0
    53.838  -169.946    0.0    0.0    0.0
    53.856  -169.946    0.0    0.0    0.0
    53.874  -169.946    0.0    0.0    0.0
    53.892  -169.946    0.0    0.0    0.0
    53.910  -169.946    0.0    0.0    0.0
    52.108  -169.916   -0.1    0.1   -0.1
    52.126  -169.916   -0.1    0.1   -0.1
    52.144  -169.916   -0.1    0.1   -0.1
    52.162  -169.916   -0.1    0.1   -0.1
    52.180  -169.916   -0.1    0.1   -0.1
    52.198  -169.916   -0.1    0.1   -0.1
    52.216  -169.916   -0.1    0.1   -0.1
    52.234  -169.916   -0.1    0.1   -0.1
    52.252  -169.916   -0.1    0.1   -0.1
    52.270  -169.916   -0.1    0.0   -0.1
    52.288  -169.916   -0.1    0.0   -0.1
    52.306  -169.916   -0.1    0.0   -0.1
    52.324  -169.916   -0.1    0.0   -0.1
    52.342  -169.916   -0.1    0.0   -0.1
    52.360  -169.916   -0.1    0.0   -0.1
    52.378  -169.916   -0.1    0.0   -0.1
    52.396  -169.916   -0.1    0.0   -0.1
    52.414  -169.916   -0.1    0.0   -0.1
    52.432  -169.916   -0.1    0.0   -0.1
    52.450  -169.916   -0.1    0.0   -0.1
    52.468  -169.916   -0.1    0.0   -0.1
    52.486  -169.916   -0.1    0.0   -0.1
    52.504  -169.916   -0.1    0.0   -0.1
    52.522  -169.916   -0.1    0.0   -0.1
    52.540  -169.916   -0.1    0.0   -0.0
    52.558  -169.916   -0.1    0.0   -0.0
    52.576  -169.916   -0.1    0.0   -0.0
    52.595  -169.916   -0.1    0.0   -0.0
    52.613  -169.916   -0.0    0.0   -0.0
    52.631  -169.916   -0.0    0.0   -0.0
    52.649  -169.916   -0.0    0.0   -0.0
    52.667  -169.916   -0.0    0.0   -0.0
    52.685  -169.916   -0.0    0.0   -0.0
    52.703  -169.916   -0.0    0.0   -0.0
    52.721  -169.916   -0.0    0.0   -0.0
    52.739  -169.916   -0.0    0.0   -0.0
    52.757  -169.916   -0.0    0.0   -0.0
    52.775  -169.916   -0.0    0.0   -0.0
    52.793  -169.916   -0.0    0.0   -0.0
    52.811  -169.916   -0.0    0.0   -0.0
    52.829  -169.916   -0.0    0.0   -0.0
    52.847  -169.916   -0.0    0.0   -0.0
    52.865  -169.916    0.0    0.0   -0.0
    52.883  -169.916    0.0    0.0   -0.0
    52.901  -169.916    0.0    0.0    0.0
    52.919  -169.916    0.0    0.0    0.0
    52.937  -169.916    0.0    0.0    0.0
    52.955  -169.916    0.0    0.0    0.0
    52.973  -169.916    0.0    0.0    0.0
    52.991  -169.916    0.0    0.0    0.0
    53.009  -169.916    0.0    0.0    0.0
    53.027  -169.916    0.0    0.0    0.0
    53.045  -169.916    0.0    0.0    0.0
    53.063  -169.916    0.0    0.0    0.0
    53.081  -169.916    0.0    0.0    0.0
    53.099  -169.916    0.0    0.0    0.0
    53.117  -169.916    0.0    0.0    0.0
    53.135  -169.916    0.0    0.0    0.0
    53.153  -169.916    0.0    0.0    0.0
    53.171  -169.916    0.0    0.0    0.0
    53.189  -169.916    0.0    0.0    0.0
    53.207  -169.916    0.0    0.0    0.0
    53.225  -169.916    0.0    0.0    0.0
    53.243  -169.916    0.0    0.0    0.0
    53.261  -169.916    0.0    0.0    0.0
    53.279  -169.916    0.0    0.0    0.0
    53.297  -169.916    0.0    0.0    0.0
    53.315  -169.916    0.0    0.0    0.0
    53.333  -169.916    0.0    0.0    0.0
    53.351  -169.916    0.0    0.0    0.0
    53.369  -169.916    0.0    0.0    0.0
    53.387  -169.916    0.0    0.0    0.0
    53.405  -169.916    0.0    0.0    0.0
    53.423  -169.916    0.0    0.0    0.0
    53.441  -169.916    0.0    0.0    0.0
    53.459  -169.916    0.0    0.0    0.0
    53.477  -169.916    0.0    0.0    0.0
    53.495  -169.916    0.0    0.0    0.0
    53.513  -169.916    0.0    0.0    0.0
    53.531  -169.916    0.0    0.0    0.0
    53.549  -169.916    0.0    0.0    0.0
    53.567  -169.916    0.0    0.0    0.0
    53.585  -169.916    0.0    0.0    0.0
    53.603  -169.916    0.0    0.0    0.0
    53.621  -169.916    0.0    0.0    0.0
    53.639  -169.916    0.0    0.0    0.0
    53.657  -169.916    0.0    0.0    0.0
    53.675  -169.916    0.0    0.0    0.0
    53.694  -169.916    0.0    0.0    0.0
    53.712  -169.916    0.0    0.0    0.0
    53.730  -169.916    0.0    0.0    0.0
    53.748  -169.916    0.0    0.0    0.0
    53.766  -169.916    0.0    0.0    0.0
    53.784  -169.916    0.0    0.0    0.0
    53.802  -169.916    0.0    0.0    0.0
    53.820  -169.916    0.0    0.0    0.0
    53.838  -169.916    0.0    0.0    0.0
    53.856  -169.916    0.0    0.0    0.0
    53.874  -169.916    0.0    0.0    0.0
    53.892  -169.916    0.0    0.0    0.0
    53.910  -169.916    0.0    0.0    0.0
    52.108  -169.886   -0.1    0.1   -0.1
    52.126  -169.886   -0.1    0.1   -0.1
    52.144  -169.886   -0.1    0.1   -0.1
    52.162  -169.886   -0.1    0.1   -0.1
    52.180  -169.886   -0.1    0.1   -0.1
    52.198  -169.886   -0.1    0.1   -0.1
    52.216  -169.886   -0.1    0.1   -0.1
    52.234  -169.886   -0.1    0.1   -0.1
    52.252  -169.886   -0.1    0.0   -0.1
    52.270  -169.886   -0.1    0.0   -0.1
    52.288  -169.886   -0.1    0.0   -0.1
    52.306  -169.886   -0.1    0.0   -0.1
    52.324  -169.886   -0.1    0.0   -0.1
    52.342  -169.886   -0.1    0.0   -0.1
    52.360  -169.886   -0.1    0.0   -0.1
    52.378  -169.886   -0.1    0.0   -0.1
    52.396  -169.886   -0.1    0.0   -0.1
    52.414  -169.886   -0.1    0.0   -0.1
    52.432  -169.886   -0.1    0.0   -0.1
    52.450  -169.886   -0.1    0.0   -0.1
    52.468  -169.886   -0.1    0.0   -0.1
    52.486  -169.886   -0.1    0.0   -0.1
    52.504  -169.886   -0.1    0.0   -0.0
    52.522  -169.886   -0.1    0.0   -0.0
    52.540  -169.886   -0.1    0.0   -0.0
    52.558  -169.886   -0.1    0.0   -0.0
    52.576  -169.886   -0.1    0.0   -0.0
    52.595  -169.886   -0.0    0.0   -0.0
    52.613  -169.886   -0.0    0.0   -0.0
    52.631  -169.886   -0.0    0.0   -0.0
    52.649  -169.886   -0.0    0.0   -0.0
    52.667  -169.886   -0.0    0.0   -0.0
    52.685  -169.886   -0.0    0.0   -0.0
    52.703  -169.886   -0.0    0.0   -0.0
    52.721  -169.886   -0.0    0.0   -0.0
    52.739  -169.886   -0.0    0.0   -0.0
    52.757  -169.886   -0.0    0.0   -0.0
    52.775  -169.886   -0.0    0.0   -0.0
    52.793  -169.886   -0.0    0.0   -0.0
    52.811  -169.886   -0.0    0.0   -0.0
    52.829  -169.886   -0.0    0.0   -0.0
    52.847  -169.886   -0.0    0.0   -0.0
    52.865  -169.886    0.0    0.0   -0.0
    52.883  -169.886    0.0    0.0    0.0
    52.901  -169.886    0.0    0.0    0.0
    52.919  -169.886    0.0    0.0    0.0
    52.937  -169.886    0.0    0.0    0.0
    52.955  -169.886    0.0    0.0    0.0
    52.973  -169.886    0.0    0.0    0.0
    52.991  -169.886    0.0    0.0    0.0
    53.009  -169.886    0.0    0.0    0.0
    53.027  -169.886    0.0    0.0    0.0
    53.045  -169.886    0.0    0.0    0.0
    53.063  -169.886    0.0    0.0    0.0
    53.081  -169.886    0.0    0.0    0.0
    53.099  -169.886    0.0    0.0    0.0
    53.117  -169.886    0.0    0.0    0.0
    53.135  -169.886    0.0    0.0    0.0
    53.153  -169.886    0.0    0.0    0.0
    53.171  -169.886    0.0    0.0    0.0
    53.189  -169.886    0.0    0.0    0.0
    53.207  -169.886    0.0    0.0    0.0
    53.225  -169.886    0.0    0.0    0.0
    53.243  -169.886    0.0    0.0    0.0
    53.261  -169.886    0.0    0.0    0.0
    53.279  -169.886    0.0    0.0    0.0
    53.297  -169.886    0.0    0.0    0.0
    53.315  -169.886    0.0    0.0    0.0
    53.333  -169.886    0.0    0.0    0.0
    53.351  -169.886    0.0    0.0    0.0
    53.369  -169.886    0.0    0.0    0.0
    53.387  -169.886    0.0    0.0    0.0
    53.405  -169.886    0.0    0.0    0.0
    53.423  -169.886    0.0    0.0    0.0
    53.441  -169.886    0.0    0.0    0.0
    53.459  -169.886    0.0    0.0    0.0
    53.477  -169.886    0.0    0.0    0.0
    53.495  -169.886    0.0    0.0    0.0
    53.513  -169.886    0.0    0.0    0.0
    53.531  -169.886    0.0    0.0    0.0
    53.549  -169.886    0.0    0.0    0.0
    53.567  -169.886    0.0    0.0    0.0
    53.585  -169.886    0.0    0.0    0.0
    53.603  -169.886    0.0    0.0    0.0
    53.621  -169.886    0.0    0.0    0.0
    53.639  -169.886    0.0    0.0    0.0
    53.657  -169.886    0.0    0.0    0.0
    53.675  -169.886    0.0    0.0    0.0
    53.694  -169.886    0.0    0.0    0.0
    53.712  -169.886    0.0    0.0    0.0
    53.730  -169.886    0.0    0.0    0.0
    53.748  -169.886    0.0    0.0    0.0
    53.766  -169.886    0.0    0.0    0.0
    53.784  -169.886    0.0    0.0    0.0
    53.802  -169.886    0.0    0.0    0.0
    53.820  -169.886    0.0    0.0    0.0
    53.838  -169.886    0.0    0.0    0.0
    53.856  -169.886    0.0    0.0    0.0
    53.874  -169.886    0.0    0.0    0.0
    53.892  -169.886    0.0    0.0    0.0
    53.910  -169.886    0.0    0.0    0.0
    52.108  -169.857   -0.1    0.1   -0.1
    52.126  -169.857   -0.1    0.1   -0.1
    52.144  -169.857   -0.1    0.1   -0.1
    52.162  -169.857   -0.1    0.1   -0.1
    52.180  -169.857   -0.1    0.1   -0.1
    52.198  -169.857   -0.1    0.1   -0.1
    52.216  -169.857   -0.1    0.0   -0.1
    52.234  -169.857   -0.1    0.0   -0.1
    52.252  -169.857   -0.1    0.0   -0.1
    52.270  -169.857   -0.1    0.0   -0.1
    52.288  -169.857   -0.1    0.0   -0.1
    52.306  -169.857   -0.1    0.0   -0.1
    52.324  -169.857   -0.1    0.0   -0.1
    52.342  -169.857   -0.1    0.0   -0.1
    52.360  -169.857   -0.1    0.0   -0.1
    52.378  -169.857   -0.1    0.0   -0.1
    52.396  -169.857   -0.1    0.0   -0.1
    52.414  -169.857   -0.1    0.0   -0.1
    52.432  -169.857   -0.1    0.0   -0.1
    52.450  -169.857   -0.1    0.0   -0.1
    52.468  -169.857   -0.1    0.0   -0.1
    52.486  -169.857   -0.1    0.0   -0.0
    52.504  -169.857   -0.1    0.0   -0.0
    52.522  -169.857   -0.1    0.0   -0.0
    52.540  -169.857   -0.1    0.0   -0.0
    52.558  -169.857   -0.1    0.0   -0.0
    52.576  -169.857   -0.1    0.0   -0.0
    52.595  -169.857   -0.0    0.0   -0.0
    52.613  -169.857   -0.0    0.0   -0.0
    52.631  -169.857   -0.0    0.0   -0.0
    52.649  -169.857   -0.0    0.0   -0.0
    52.667  -169.857   -0.0    0.0   -0.0
    52.685  -169.857   -0.0    0.0   -0.0
    52.703  -169.857   -0.0    0.0   -0.0
    52.721  -169.857   -0.0    0.0   -0.0
    52.739  -169.857   -0.0    0.0   -0.0
    52.757  -169.857   -0.0    0.0   -0.0
    52.775  -169.857   -0.0    0.0   -0.0
    52.793  -169.857   -0.0    0.0   -0.0
    52.811  -169.857   -0.0    0.0   -0.0
    52.829  -169.857   -0.0    0.0   -0.0
    52.847  -169.857    0.0    0.0   -0.0
    52.865  -169.857    0.0    0.0   -0.0
    52.883  -169.857    0.0    0.0    0.0
    52.901  -169.857    0.0    0.0    0.0
    52.919  -169.857    0.0    0.0    0.0
    52.937  -169.857    0.0    0.0    0.0
    52.955  -169.857    0.0    0.0    0.0
    52.973  -169.857    0.0    0.0    0.0
    52.991  -169.857    0.0    0.0    0.0
    53.009  -169.857    0.0    0.0    0.0
    53.027  -169.857    0.0    0.0    0.0
    53.045  -169.857    0.0    0.0    0.0
    53.063  -169.857    0.0    0.0    0.0
    53.081  -169.857    0.0    0.0    0.0
    53.099  -169.857    0.0    0.0    0.0
    53.117  -169.857    0.0    0.0    0.0
    53.135  -169.857    0.0    0.0    0.0
    53.153  -169.857    0.0    0.0    0.0
    53.171  -169.857    0.0    0.0    0.0
    53.189  -169.857    0.0    0.0    0.0
    53.207  -169.857    0.0    0.0    0.0
    53.225  -169.857    0.0    0.0    0.0
    53.243  -169.857    0.0    0.0    0.0
    53.261  -169.857    0.0    0.0    0.0
    53.279  -169.857    0.0    0.0    0.0
    53.297  -169.857    0.0    0.0    0.0
    53.315  -169.857    0.0    0.0    0.0
    53.333  -169.857    0.0    0.0    0.0
    53.351  -169.857    0.0    0.0    0.0
    53.369  -169.857    0.0    0.0    0.0
    53.387  -169.857    0.0    0.0    0.0
    53.405  -169.857    0.0    0.0    0.0
    53.423  -169.857    0.0    0.0    0.0
    53.441  -169.857    0.0    0.0    0.0
    53.459  -169.857    0.0    0.0    0.0
    53.477  -169.857    0.0    0.0    0.0
    53.495  -169.857    0.0    0.0    0.0
    53.513  -169.857    0.0    0.0    0.0
    53.531  -169.857    0.0    0.0    0.0
    53.549  -169.857    0.0    0.0    0.0
    53.567  -169.857    0.0    0.0    0.0
    53.585  -169.857    0.0    0.0    0.0
    53.603  -169.857    0.0    0.0    0.0
    53.621  -169.857    0.0    0.0    0.0
    53.639  -169.857    0.0    0.0    0.0
    53.657  -169.857    0.0    0.0    0.0
    53.675  -169.857    0.0    0.0    0.0
    53.694  -169.857    0.0    0.0    0.0
    53.712  -169.857    0.0    0.0    0.0
    53.730  -169.857    0.0    0.0    0.0
    53.748  -169.857    0.0    0.0    0.0
    53.766  -169.857    0.0    0.0    0.0
    53.784  -169.857    0.0    0.0    0.0
    53.802  -169.857    0.0    0.0    0.0
    53.820  -169.857    0.0    0.0    0.0
    53.838  -169.857    0.0    0.0    0.0
    53.856  -169.857    0.0    0.0    0.0
    53.874  -169.857    0.0    0.0    0.0
    53.892  -169.857    0.0    0.0    0.0
    53.910  -169.857    0.0    0.0    0.0
    52.108  -169.827   -0.1    0.1   -0.1
    52.126  -169.827   -0.1    0.1   -0.1
    52.144  -169.827   -0.1    0.1   -0.1
    52.162  -169.827   -0.1    0.1   -0.1
    52.180  -169.827   -0.1    0.1   -0.1
    52.198  -169.827   -0.1    0.0   -0.1
    52.216  -169.827   -0.1    0.0   -0.1
    52.234  -169.827   -0.1    0.0   -0.1
    52.252  -169.827   -0.1    0.0   -0.1
    52.270  -169.827   -0.1    0.0   -0.1
    52.288  -169.827   -0.1    0.0   -0.1
    52.306  -169.827   -0.1    0.0   -0.1
    52.324  -169.827   -0.1    0.0   -0.1
    52.342  -169.827   -0.1    0.0   -0.1
    52.360  -169.827   -0.1    0.0   -0.1
    52.378  -169.827   -0.1    0.0   -0.1
    52.396  -169.827   -0.1    0.0   -0.1
    52.414  -169.827   -0.1    0.0   -0.1
    52.432  -169.827   -0.1    0.0   -0.1
    52.450  -169.827   -0.1    0.0   -0.0
    52.468  -169.827   -0.1    0.0   -0.0
    52.486  -169.827   -0.1    0.0   -0.0
    52.504  -169.827   -0.1    0.0   -0.0
    52.522  -169.827   -0.1    0.0   -0.0
    52.540  -169.827   -0.1    0.0   -0.0
    52.558  -169.827   -0.1    0.0   -0.0
    52.576  -169.827   -0.0    0.0   -0.0
    52.595  -169.827   -0.0    0.0   -0.0
    52.613  -169.827   -0.0    0.0   -0.0
    52.631  -169.827   -0.0    0.0   -0.0
    52.649  -169.827   -0.0    0.0   -0.0
    52.667  -169.827   -0.0    0.0   -0.0
    52.685  -169.827   -0.0    0.0   -0.0
    52.703  -169.827   -0.0    0.0   -0.0
    52.721  -169.827   -0.0    0.0   -0.0
    52.739  -169.827   -0.0    0.0   -0.0
    52.757  -169.827   -0.0    0.0   -0.0
    52.775  -169.827   -0.0    0.0   -0.0
    52.793  -169.827   -0.0    0.0   -0.0
    52.811  -169.827   -0.0    0.0   -0.0
    52.829  -169.827   -0.0    0.0   -0.0
    52.847  -169.827    0.0    0.0   -0.0
    52.865  -169.827    0.0    0.0   -0.0
    52.883  -169.827    0.0    0.0    0.0
    52.901  -169.827    0.0    0.0    0.0
    52.919  -169.827    0.0    0.0    0.0
    52.937  -169.827    0.0    0.0    0.0
    52.955  -169.827    0.0    0.0    0.0
    52.973  -169.827    0.0    0.0    0.0
    52.991  -169.827    0.0    0.0    0.0
    53.009  -169.827    0.0    0.0    0.0
    53.027  -169.827    0.0    0.0    0.0
    53.045  -169.827    0.0    0.0    0.0
    53.063  -169.827    0.0    0.0    0.0
    53.081  -169.827    0.0    0.0    0.0
    53.099  -169.827    0.0    0.0    0.0
    53.117  -169.827    0.0    0.0    0.0
    53.135  -169.827    0.0    0.0    0.0
    53.153  -169.827    0.0    0.0    0.0
    53.171  -169.827    0.0    0.0    0.0
    53.189  -169.827    0.0    0.0    0.0
    53.207  -169.827    0.0    0.0    0.0
    53.225  -169.827    0.0    0.0    0.0
    53.243  -169.827    0.0    0.0    0.0
    53.261  -169.827    0.0    0.0    0.0
    53.279  -169.827    0.0    0.0    0.0
    53.297  -169.827    0.0    0.0    0.0
    53.315  -169.827    0.0    0.0    0.0
    53.333  -169.827    0.0    0.0    0.0
    53.351  -169.827    0.0    0.0    0.0
    53.369  -169.827    0.0    0.0    0.0
    53.387  -169.827    0.0    0.0    0.0
    53.405  -169.827    0.0    0.0    0.0
    53.423  -169.827    0.0    0.0    0.0
    53.441  -169.827    0.0    0.0    0.0
    53.459  -169.827    0.0    0.0    0.0
    53.477  -169.827    0.0    0.0    0.0
    53.495  -169.827    0.0    0.0    0.0
    53.513  -169.827    0.0    0.0    0.0
    53.531  -169.827    0.0    0.0    0.0
    53.549  -169.827    0.0    0.0    0.0
    53.567  -169.827    0.0    0.0    0.0
    53.585  -169.827    0.0    0.0    0.0
    53.603  -169.827    0.0    0.0    0.0
    53.621  -169.827    0.0    0.0    0.0
    53.639  -169.827    0.0    0.0    0.0
    53.657  -169.827    0.0    0.0    0.0
    53.675  -169.827    0.0    0.0    0.0
    53.694  -169.827    0.0    0.0    0.0
    53.712  -169.827    0.0    0.0    0.0
    53.730  -169.827    0.0    0.0    0.0
    53.748  -169.827    0.0    0.0    0.0
    53.766  -169.827    0.0    0.0    0.0
    53.784  -169.827    0.0    0.0    0.0
    53.802  -169.827    0.0    0.0    0.0
    53.820  -169.827    0.0    0.0    0.0
    53.838  -169.827    0.0    0.0    0.0
    53.856  -169.827    0.0    0.0    0.0
    53.874  -169.827    0.0    0.0    0.0
    53.892  -169.827    0.0    0.0    0.0
    53.910  -169.827    0.0    0.0    0.0
    52.108  -169.797   -0.1    0.1   -0.1
    52.126  -169.797   -0.1    0.1   -0.1
    52.144  -169.797   -0.1    0.1   -0.1
    52.162  -169.797   -0.1    0.1   -0.1
    52.180  -169.797   -0.1    0.0   -0.1
    52.198  -169.797   -0.1    0.0   -0.1
    52.216  -169.797   -0.1    0.0   -0.1
    52.234  -169.797   -0.1    0.0   -0.1
    52.252  -169.797   -0.1    0.0   -0.1
    52.270  -169.797   -0.1    0.0   -0.1
    52.288  -169.797   -0.1    0.0   -0.1
    52.306  -169.797   -0.1    0.0   -0.1
    52.324  -169.797   -0.1    0.0   -0.1
    52.342  -169.797   -0.1    0.0   -0.1
    52.360  -169.797   -0.1    0.0   -0.1
    52.378  -169.797   -0.1    0.0   -0.1
    52.396  -169.797   -0.1    0.0   -0.1
    52.414  -169.797   -0.1    0.0   -0.0
    52.432  -169.797   -0.1    0.0   -0.0
    52.450  -169.797   -0.1    0.0   -0.0
    52.468  -169.797   -0.1    0.0   -0.0
    52.486  -169.797   -0.1    0.0   -0.0
    52.504  -169.797   -0.1    0.0   -0.0
    52.522  -169.797   -0.1    0.0   -0.0
    52.540  -169.797   -0.1    0.0   -0.0
    52.558  -169.797   -0.0    0.0   -0.0
    52.576  -169.797   -0.0    0.0   -0.0
    52.595  -169.797   -0.0    0.0   -0.0
    52.613  -169.797   -0.0    0.0   -0.0
    52.631  -169.797   -0.0    0.0   -0.0
    52.649  -169.797   -0.0    0.0   -0.0
    52.667  -169.797   -0.0    0.0   -0.0
    52.685  -169.797   -0.0    0.0   -0.0
    52.703  -169.797   -0.0    0.0   -0.0
    52.721  -169.797   -0.0    0.0   -0.0
    52.739  -169.797   -0.0    0.0   -0.0
    52.757  -169.797   -0.0    0.0   -0.0
    52.775  -169.797   -0.0    0.0   -0.0
    52.793  -169.797   -0.0    0.0   -0.0
    52.811  -169.797   -0.0    0.0   -0.0
    52.829  -169.797   -0.0    0.0   -0.0
    52.847  -169.797    0.0    0.0   -0.0
    52.865  -169.797    0.0    0.0   -0.0
    52.883  -169.797    0.0    0.0    0.0
    52.901  -169.797    0.0    0.0    0.0
    52.919  -169.797    0.0    0.0    0.0
    52.937  -169.797    0.0    0.0    0.0
    52.955  -169.797    0.0    0.0    0.0
    52.973  -169.797    0.0    0.0    0.0
    52.991  -169.797    0.0    0.0    0.0
    53.009  -169.797    0.0    0.0    0.0
    53.027  -169.797    0.0    0.0    0.0
    53.045  -169.797    0.0    0.0    0.0
    53.063  -169.797    0.0    0.0    0.0
    53.081  -169.797    0.0    0.0    0.0
    53.099  -169.797    0.0    0.0    0.0
    53.117  -169.797    0.0    0.0    0.0
    53.135  -169.797    0.0    0.0    0.0
    53.153  -169.797    0.0    0.0    0.0
    53.171  -169.797    0.0    0.0    0.0
    53.189  -169.797    0.0    0.0    0.0
    53.207  -169.797    0.0    0.0    0.0
    53.225  -169.797    0.0    0.0    0.0
    53.243  -169.797    0.0    0.0    0.0
    53.261  -169.797    0.0    0.0    0.0
    53.279  -169.797    0.0    0.0    0.0
    53.297  -169.797    0.0    0.0    0.0
    53.315  -169.797    0.0    0.0    0.0
    53.333  -169.797    0.0    0.0    0.0
    53.351  -169.797    0.0    0.0    0.0
    53.369  -169.797    0.0    0.0    0.0
    53.387  -169.797    0.0    0.0    0.0
    53.405  -169.797    0.0    0.0    0.0
    53.423  -169.797    0.0    0.0    0.0
    53.441  -169.797    0.0    0.0    0.0
    53.459  -169.797    0.0    0.0    0.0
    53.477  -169.797    0.0    0.0    0.0
    53.495  -169.797    0.0    0.0    0.0
    53.513  -169.797    0.0    0.0    0.0
    53.531  -169.797    0.0    0.0    0.0
    53.549  -169.797    0.0    0.0    0.0
    53.567  -169.797    0.0    0.0    0.0
    53.585  -169.797    0.0    0.0    0.0
    53.603  -169.797    0.0    0.0    0.0
    53.621  -169.797    0.0    0.0    0.0
    53.639  -169.797    0.0    0.0    0.0
    53.657  -169.797    0.0    0.0    0.0
    53.675  -169.797    0.0    0.0    0.0
    53.694  -169.797    0.0    0.0    0.0
    53.712  -169.797    0.0    0.0    0.0
    53.730  -169.797    0.0    0.0    0.0
    53.748  -169.797    0.0    0.0    0.0
    53.766  -169.797    0.0    0.0    0.0
    53.784  -169.797    0.0    0.0    0.0
    53.802  -169.797    0.0    0.0    0.0
    53.820  -169.797    0.0    0.0    0.0
    53.838  -169.797    0.0    0.0    0.0
    53.856  -169.797    0.0    0.0    0.0
    53.874  -169.797    0.0    0.0    0.0
    53.892  -169.797    0.0    0.0    0.0
    53.910  -169.797    0.0    0.0    0.0
    52.108  -169.767   -0.1    0.1   -0.1
    52.126  -169.767   -0.1    0.1   -0.1
    52.144  -169.767   -0.1    0.0   -0.1
    52.162  -169.767   -0.1    0.0   -0.1
    52.180  -169.767   -0.1    0.0   -0.1
    52.198  -169.767   -0.1    0.0   -0.1
    52.216  -169.767   -0.1    0.0   -0.1
    52.234  -169.767   -0.1    0.0   -0.1
    52.252  -169.767   -0.1    0.0   -0.1
    52.270  -169.767   -0.1    0.0   -0.1
    52.288  -169.767   -0.1    0.0   -0.1
    52.306  -169.767   -0.1    0.0   -0.1
    52.324  -169.767   -0.1    0.0   -0.1
    52.342  -169.767   -0.1    0.0   -0.1
    52.360  -169.767   -0.1    0.0   -0.0
    52.378  -169.767   -0.1    0.0   -0.0
    52.396  -169.767   -0.1    0.0   -0.0
    52.414  -169.767   -0.1    0.0   -0.0
    52.432  -169.767   -0.1    0.0   -0.0
    52.450  -169.767   -0.1    0.0   -0.0
    52.468  -169.767   -0.1    0.0   -0.0
    52.486  -169.767   -0.1    0.0   -0.0
    52.504  -169.767   -0.1    0.0   -0.0
    52.522  -169.767   -0.1    0.0   -0.0
    52.540  -169.767   -0.0    0.0   -0.0
    52.558  -169.767   -0.0    0.0   -0.0
    52.576  -169.767   -0.0    0.0   -0.0
    52.595  -169.767   -0.0    0.0   -0.0
    52.613  -169.767   -0.0    0.0   -0.0
    52.631  -169.767   -0.0    0.0   -0.0
    52.649  -169.767   -0.0    0.0   -0.0
    52.667  -169.767   -0.0    0.0   -0.0
    52.685  -169.767   -0.0    0.0   -0.0
    52.703  -169.767   -0.0    0.0   -0.0
    52.721  -169.767   -0.0    0.0   -0.0
    52.739  -169.767   -0.0    0.0   -0.0
    52.757  -169.767   -0.0    0.0   -0.0
    52.775  -169.767   -0.0    0.0   -0.0
    52.793  -169.767   -0.0    0.0   -0.0
    52.811  -169.767   -0.0    0.0   -0.0
    52.829  -169.767    0.0    0.0   -0.0
    52.847  -169.767    0.0    0.0   -0.0
    52.865  -169.767    0.0    0.0    0.0
    52.883  -169.767    0.0    0.0    0.0
    52.901  -169.767    0.0    0.0    0.0
    52.919  -169.767    0.0    0.0    0.0
    52.937  -169.767    0.0    0.0    0.0
    52.955  -169.767    0.0    0.0    0.0
    52.973  -169.767    0.0    0.0    0.0
    52.991  -169.767    0.0    0.0    0.0
    53.009  -169.767    0.0    0.0    0.0
    53.027  -169.767    0.0    0.0    0.0
    53.045  -169.767    0.0    0.0    0.0
    53.063  -169.767    0.0    0.0    0.0
    53.081  -169.767    0.0    0.0    0.0
    53.099  -169.767    0.0    0.0    0.0
    53.117  -169.767    0.0    0.0    0.0
    53.135  -169.767    0.0    0.0    0.0
    53.153  -169.767    0.0    0.0    0.0
    53.171  -169.767    0.0    0.0    0.0
    53.189  -169.767    0.0    0.0    0.0
    53.207  -169.767    0.0    0.0    0.0
    53.225  -169.767    0.0    0.0    0.0
    53.243  -169.767    0.0    0.0    0.0
    53.261  -169.767    0.0    0.0    0.0
    53.279  -169.767    0.0    0.0    0.0
    53.297  -169.767    0.0    0.0    0.0
    53.315  -169.767    0.0    0.0    0.0
    53.333  -169.767    0.0    0.0    0.0
    53.351  -169.767    0.0    0.0    0.0
    53.369  -169.767    0.0    0.0    0.0
    53.387  -169.767    0.0    0.0    0.0
    53.405  -169.767    0.0    0.0    0.0
    53.423  -169.767    0.0    0.0    0.0
    53.441  -169.767    0.0    0.0    0.0
    53.459  -169.767    0.0    0.0    0.0
    53.477  -169.767    0.0    0.0    0.0
    53.495  -169.767    0.0    0.0    0.0
    53.513  -169.767    0.0    0.0    0.0
    53.531  -169.767    0.0    0.0    0.0
    53.549  -169.767    0.0    0.0    0.0
    53.567  -169.767    0.0    0.0    0.0
    53.585  -169.767    0.0    0.0    0.0
    53.603  -169.767    0.0    0.0    0.0
    53.621  -169.767    0.0    0.0    0.0
    53.639  -169.767    0.0    0.0    0.0
    53.657  -169.767    0.0    0.0    0.0
    53.675  -169.767    0.0    0.0    0.0
    53.694  -169.767    0.0    0.0    0.0
    53.712  -169.767    0.0    0.0    0.0
    53.730  -169.767    0.0    0.0    0.0
    53.748  -169.767    0.0    0.0    0.0
    53.766  -169.767    0.0    0.0    0.0
    53.784  -169.767    0.0    0.0    0.0
    53.802  -169.767    0.0    0.0    0.0
    53.820  -169.767    0.0    0.0    0.0
    53.838  -169.767    0.0    0.0    0.0
    53.856  -169.767    0.0    0.0    0.0
    53.874  -169.767    0.0    0.0    0.0
    53.892  -169.767    0.0    0.0    0.0
    53.910  -169.767    0.0    0.0    0.0
    52.108  -169.737   -0.1    0.1   -0.1
    52.126  -169.737   -0.1    0.0   -0.1
    52.144  -169.737   -0.1    0.0   -0.1
    52.162  -169.737   -0.1    0.0   -0.1
    52.180  -169.737   -0.1    0.0   -0.1
    52.198  -169.737   -0.1    0.0   -0.1
    52.216  -169.737   -0.1    0.0   -0.1
    52.234  -169.737   -0.1    0.0   -0.1
    52.252  -169.737   -0.1    0.0   -0.1
    52.270  -169.737   -0.1    0.0   -0.1
    52.288  -169.737   -0.1    0.0   -0.1
    52.306  -169.737   -0.1    0.0   -0.0
    52.324  -169.737   -0.1    0.0   -0.0
    52.342  -169.737   -0.1    0.0   -0.0
    52.360  -169.737   -0.1    0.0   -0.0
    52.378  -169.737   -0.1    0.0   -0.0
    52.396  -169.737   -0.1    0.0   -0.0
    52.414  -169.737   -0.1    0.0   -0.0
    52.432  -169.737   -0.1    0.0   -0.0
    52.450  -169.737   -0.1    0.0   -0.0
    52.468  -169.737   -0.1    0.0   -0.0
    52.486  -169.737   -0.1    0.0   -0.0
    52.504  -169.737   -0.1    0.0   -0.0
    52.522  -169.737   -0.1    0.0   -0.0
    52.540  -169.737   -0.0    0.0   -0.0
    52.558  -169.737   -0.0    0.0   -0.0
    52.576  -169.737   -0.0    0.0   -0.0
    52.595  -169.737   -0.0    0.0   -0.0
    52.613  -169.737   -0.0    0.0   -0.0
    52.631  -169.737   -0.0    0.0   -0.0
    52.649  -169.737   -0.0    0.0   -0.0
    52.667  -169.737   -0.0    0.0   -0.0
    52.685  -169.737   -0.0    0.0   -0.0
    52.703  -169.737   -0.0    0.0   -0.0
    52.721  -169.737   -0.0    0.0   -0.0
    52.739  -169.737   -0.0    0.0   -0.0
    52.757  -169.737   -0.0    0.0   -0.0
    52.775  -169.737   -0.0    0.0   -0.0
    52.793  -169.737   -0.0    0.0   -0.0
    52.811  -169.737   -0.0    0.0   -0.0
    52.829  -169.737    0.0    0.0   -0.0
    52.847  -169.737    0.0    0.0   -0.0
    52.865  -169.737    0.0    0.0    0.0
    52.883  -169.737    0.0    0.0    0.0
    52.901  -169.737    0.0    0.0    0.0
    52.919  -169.737    0.0    0.0    0.0
    52.937  -169.737    0.0    0.0    0.0
    52.955  -169.737    0.0    0.0    0.0
    52.973  -169.737    0.0    0.0    0.0
    52.991  -169.737    0.0    0.0    0.0
    53.009  -169.737    0.0    0.0    0.0
    53.027  -169.737    0.0    0.0    0.0
    53.045  -169.737    0.0    0.0    0.0
    53.063  -169.737    0.0    0.0    0.0
    53.081  -169.737    0.0    0.0    0.0
    53.099  -169.737    0.0    0.0    0.0
    53.117  -169.737    0.0    0.0    0.0
    53.135  -169.737    0.0    0.0    0.0
    53.153  -169.737    0.0    0.0    0.0
    53.171  -169.737    0.0    0.0    0.0
    53.189  -169.737    0.0    0.0    0.0
    53.207  -169.737    0.0    0.0    0.0
    53.225  -169.737    0.0    0.0    0.0
    53.243  -169.737    0.0    0.0    0.0
    53.261  -169.737    0.0    0.0    0.0
    53.279  -169.737    0.0    0.0    0.0
    53.297  -169.737    0.0    0.0    0.0
    53.315  -169.737    0.0    0.0    0.0
    53.333  -169.737    0.0    0.0    0.0
    53.351  -169.737    0.0    0.0    0.0
    53.369  -169.737    0.0    0.0    0.0
    53.387  -169.737    0.0    0.0    0.0
    53.405  -169.737    0.0    0.0    0.0
    53.423  -169.737    0.0    0.0    0.0
    53.441  -169.737    0.0    0.0    0.0
    53.459  -169.737    0.0    0.0    0.0
    53.477  -169.737    0.0    0.0    0.0
    53.495  -169.737    0.0    0.0    0.0
    53.513  -169.737    0.0    0.0    0.0
    53.531  -169.737    0.0    0.0    0.0
    53.549  -169.737    0.0    0.0    0.0
    53.567  -169.737    0.0    0.0    0.0
    53.585  -169.737    0.0    0.0    0.0
    53.603  -169.737    0.0    0.0    0.0
    53.621  -169.737    0.0    0.0    0.0
    53.639  -169.737    0.0    0.0    0.0
    53.657  -169.737    0.0    0.0    0.0
    53.675  -169.737    0.0    0.0    0.0
    53.694  -169.737    0.0    0.0    0.0
    53.712  -169.737    0.0    0.0    0.0
    53.730  -169.737    0.0    0.0    0.0
    53.748  -169.737    0.0    0.0    0.0
    53.766  -169.737    0.0    0.0    0.0
    53.784  -169.737    0.0    0.0    0.0
    53.802  -169.737    0.0    0.0    0.0
    53.820  -169.737    0.0    0.0    0.0
    53.838  -169.737    0.0    0.0    0.0
    53.856  -169.737    0.0    0.0    0.0
    53.874  -169.737    0.0    0.0    0.0
    53.892  -169.737    0.0    0.0    0.0
    53.910  -169.737    0.0    0.0    0.0
    52.108  -169.708   -0.1    0.0   -0.0
    52.126  -169.708   -0.1    0.0   -0.0
    52.144  -169.708   -0.1    0.0   -0.0
    52.162  -169.708   -0.1    0.0   -0.0
    52.180  -169.708   -0.1    0.0   -0.0
    52.198  -169.708   -0.1    0.0   -0.0
    52.216  -169.708   -0.1    0.0   -0.0
    52.234  -169.708   -0.1    0.0   -0.0
    52.252  -169.708   -0.1    0.0   -0.0
    52.270  -169.708   -0.1    0.0   -0.0
    52.288  -169.708   -0.1    0.0   -0.0
    52.306  -169.708   -0.1    0.0   -0.0
    52.324  -169.708   -0.1    0.0   -0.0
    52.342  -169.708   -0.1    0.0   -0.0
    52.360  -169.708   -0.1    0.0   -0.0
    52.378  -169.708   -0.1    0.0   -0.0
    52.396  -169.708   -0.1    0.0   -0.0
    52.414  -169.708   -0.1    0.0   -0.0
    52.432  -169.708   -0.1    0.0   -0.0
    52.450  -169.708   -0.1    0.0   -0.0
    52.468  -169.708   -0.1    0.0   -0.0
    52.486  -169.708   -0.1    0.0   -0.0
    52.504  -169.708   -0.1    0.0   -0.0
    52.522  -169.708   -0.0    0.0   -0.0
    52.540  -169.708   -0.0    0.0   -0.0
    52.558  -169.708   -0.0    0.0   -0.0
    52.576  -169.708   -0.0    0.0   -0.0
    52.595  -169.708   -0.0    0.0   -0.0
    52.613  -169.708   -0.0    0.0   -0.0
    52.631  -169.708   -0.0    0.0   -0.0
    52.649  -169.708   -0.0    0.0   -0.0
    52.667  -169.708   -0.0    0.0   -0.0
    52.685  -169.708   -0.0    0.0   -0.0
    52.703  -169.708   -0.0    0.0   -0.0
    52.721  -169.708   -0.0    0.0   -0.0
    52.739  -169.708   -0.0    0.0   -0.0
    52.757  -169.708   -0.0    0.0   -0.0
    52.775  -169.708   -0.0    0.0   -0.0
    52.793  -169.708   -0.0    0.0   -0.0
    52.811  -169.708   -0.0    0.0   -0.0
    52.829  -169.708    0.0    0.0   -0.0
    52.847  -169.708    0.0    0.0   -0.0
    52.865  -169.708    0.0    0.0    0.0
    52.883  -169.708    0.0    0.0    0.0
    52.901  -169.708    0.0    0.0    0.0
    52.919  -169.708    0.0    0.0    0.0
    52.937  -169.708    0.0    0.0    0.0
    52.955  -169.708    0.0    0.0    0.0
    52.973  -169.708    0.0    0.0    0.0
    52.991  -169.708    0.0    0.0    0.0
    53.009  -169.708    0.0    0.0    0.0
    53.027  -169.708    0.0    0.0    0.0
    53.045  -169.708    0.0    0.0    0.0
    53.063  -169.708    0.0    0.0    0.0
    53.081  -169.708    0.0    0.0    0.0
    53.099  -169.708    0.0    0.0    0.0
    53.117  -169.708    0.0    0.0    0.0
    53.135  -169.708    0.0    0.0    0.0
    53.153  -169.708    0.0    0.0    0.0
    53.171  -169.708    0.0    0.0    0.0
    53.189  -169.708    0.0    0.0    0.0
    53.207  -169.708    0.0    0.0    0.0
    53.225  -169.708    0.0    0.0    0.0
    53.243  -169.708    0.0    0.0    0.0
    53.261  -169.708    0.0    0.0    0.0
    53.279  -169.708    0.0    0.0    0.0
    53.297  -169.708    0.0    0.0    0.0
    53.315  -169.708    0.0    0.0    0.0
    53.333  -169.708    0.0    0.0    0.0
    53.351  -169.708    0.0    0.0    0.0
    53.369  -169.708    0.0    0.0    0.0
    53.387  -169.708    0.0    0.0    0.0
    53.405  -169.708    0.0    0.0    0.0
    53.423  -169.708    0.0    0.0    0.0
    53.441  -169.708    0.0    0.0    0.0
    53.459  -169.708    0.0    0.0    0.0
    53.477  -169.708    0.0    0.0    0.0
    53.495  -169.708    0.0    0.0    0.0
    53.513  -169.708    0.0    0.0    0.0
    53.531  -169.708    0.0    0.0    0.0
    53.549  -169.708    0.0    0.0    0.0
    53.567  -169.708    0.0    0.0    0.0
    53.585  -169.708    0.0    0.0    0.0
    53.603  -169.708    0.0    0.0    0.0
    53.621  -169.708    0.0    0.0    0.0
    53.639  -169.708    0.0    0.0    0.0
    53.657  -169.708    0.0    0.0    0.0
    53.675  -169.708    0.0    0.0    0.0
    53.694  -169.708    0.0    0.0    0.0
    53.712  -169.708    0.0    0.0    0.0
    53.730  -169.708    0.0    0.0    0.0
    53.748  -169.708    0.0    0.0    0.0
    53.766  -169.708    0.0    0.0    0.0
    53.784  -169.708    0.0    0.0    0.0
    53.802  -169.708    0.0    0.0    0.0
    53.820  -169.708    0.0    0.0    0.0
    53.838  -169.708    0.0    0.0    0.0
    53.856  -169.708    0.0    0.0    0.0
    53.874  -169.708    0.0    0.0    0.0
    53.892  -169.708    0.0    0.0    0.0
    53.910  -169.708    0.0    0.0    0.0
    52.108  -169.678   -0.1    0.0   -0.0
    52.126  -169.678   -0.1    0.0   -0.0
    52.144  -169.678   -0.1    0.0   -0.0
    52.162  -169.678   -0.1    0.0   -0.0
    52.180  -169.678   -0.1    0.0   -0.0
    52.198  -169.678   -0.1    0.0   -0.0
    52.216  -169.678   -0.1    0.0   -0.0
    52.234  -169.678   -0.1    0.0   -0.0
    52.252  -169.678   -0.1    0.0   -0.0
    52.270  -169.678   -0.1    0.0   -0.0
    52.288  -169.678   -0.1    0.0   -0.0
    52.306  -169.678   -0.1    0.0   -0.0
    52.324  -169.678   -0.1    0.0   -0.0
    52.342  -169.678   -0.1    0.0   -0.0
    52.360  -169.678   -0.1    0.0   -0.0
    52.378  -169.678   -0.1    0.0   -0.0
    52.396  -169.678   -0.1    0.0   -0.0
    52.414  -169.678   -0.1    0.0   -0.0
    52.432  -169.678   -0.1    0.0   -0.0
    52.450  -169.678   -0.1    0.0   -0.0
    52.468  -169.678   -0.1    0.0   -0.0
    52.486  -169.678   -0.1    0.0   -0.0
    52.504  -169.678   -0.0    0.0   -0.0
    52.522  -169.678   -0.0    0.0   -0.0
    52.540  -169.678   -0.0    0.0   -0.0
    52.558  -169.678   -0.0    0.0   -0.0
    52.576  -169.678   -0.0    0.0   -0.0
    52.595  -169.678   -0.0    0.0   -0.0
    52.613  -169.678   -0.0    0.0   -0.0
    52.631  -169.678   -0.0    0.0   -0.0
    52.649  -169.678   -0.0    0.0   -0.0
    52.667  -169.678   -0.0    0.0   -0.0
    52.685  -169.678   -0.0    0.0   -0.0
    52.703  -169.678   -0.0    0.0   -0.0
    52.721  -169.678   -0.0    0.0   -0.0
    52.739  -169.678   -0.0    0.0   -0.0
    52.757  -169.678   -0.0    0.0   -0.0
    52.775  -169.678   -0.0    0.0   -0.0
    52.793  -169.678   -0.0    0.0   -0.0
    52.811  -169.678   -0.0    0.0   -0.0
    52.829  -169.678    0.0    0.0   -0.0
    52.847  -169.678    0.0    0.0   -0.0
    52.865  -169.678    0.0    0.0    0.0
    52.883  -169.678    0.0    0.0    0.0
    52.901  -169.678    0.0    0.0    0.0
    52.919  -169.678    0.0    0.0    0.0
    52.937  -169.678    0.0    0.0    0.0
    52.955  -169.678    0.0    0.0    0.0
    52.973  -169.678    0.0    0.0    0.0
    52.991  -169.678    0.0    0.0    0.0
    53.009  -169.678    0.0    0.0    0.0
    53.027  -169.678    0.0    0.0    0.0
    53.045  -169.678    0.0    0.0    0.0
    53.063  -169.678    0.0    0.0    0.0
    53.081  -169.678    0.0    0.0    0.0
    53.099  -169.678    0.0    0.0    0.0
    53.117  -169.678    0.0    0.0    0.0
    53.135  -169.678    0.0    0.0    0.0
    53.153  -169.678    0.0    0.0    0.0
    53.171  -169.678    0.0    0.0    0.0
    53.189  -169.678    0.0    0.0    0.0
    53.207  -169.678    0.0    0.0    0.0
    53.225  -169.678    0.0    0.0    0.0
    53.243  -169.678    0.0    0.0    0.0
    53.261  -169.678    0.0    0.0    0.0
    53.279  -169.678    0.0    0.0    0.0
    53.297  -169.678    0.0    0.0    0.0
    53.315  -169.678    0.0    0.0    0.0
    53.333  -169.678    0.0    0.0    0.0
    53.351  -169.678    0.0    0.0    0.0
    53.369  -169.678    0.0    0.0    0.0
    53.387  -169.678    0.0    0.0    0.0
    53.405  -169.678    0.0    0.0    0.0
    53.423  -169.678    0.0    0.0    0.0
    53.441  -169.678    0.0    0.0    0.0
    53.459  -169.678    0.0    0.0    0.0
    53.477  -169.678    0.0    0.0    0.0
    53.495  -169.678    0.0    0.0    0.0
    53.513  -169.678    0.0    0.0    0.0
    53.531  -169.678    0.0    0.0    0.0
    53.549  -169.678    0.0    0.0    0.0
    53.567  -169.678    0.0    0.0    0.0
    53.585  -169.678    0.0    0.0    0.0
    53.603  -169.678    0.0    0.0    0.0
    53.621  -169.678    0.0    0.0    0.0
    53.639  -169.678    0.0    0.0    0.0
    53.657  -169.678    0.0    0.0    0.0
    53.675  -169.678    0.0    0.0    0.0
    53.694  -169.678    0.0    0.0    0.0
    53.712  -169.678    0.0    0.0    0.0
    53.730  -169.678    0.0    0.0    0.0
    53.748  -169.678    0.0    0.0    0.0
    53.766  -169.678    0.0    0.0    0.0
    53.784  -169.678    0.0    0.0    0.0
    53.802  -169.678    0.0    0.0    0.0
    53.820  -169.678    0.0    0.0    0.0
    53.838  -169.678    0.0    0.0    0.0
    53.856  -169.678    0.0    0.0    0.0
    53.874  -169.678    0.0    0.0    0.0
    53.892  -169.678    0.0    0.0    0.0
    53.910  -169.678    0.0    0.0    0.0
    52.108  -169.648   -0.1    0.0   -0.0
    52.126  -169.648   -0.1    0.0   -0.0
    52.144  -169.648   -0.1    0.0   -0.0
    52.162  -169.648   -0.1    0.0   -0.0
    52.180  -169.648   -0.1    0.0   -0.0
    52.198  -169.648   -0.1    0.0   -0.0
    52.216  -169.648   -0.1    0.0   -0.0
    52.234  -169.648   -0.1    0.0   -0.0
    52.252  -169.648   -0.1    0.0   -0.0
    52.270  -169.648   -0.1    0.0   -0.0
    52.288  -169.648   -0.1    0.0   -0.0
    52.306  -169.648   -0.1    0.0   -0.0
    52.324  -169.648   -0.1    0.0   -0.0
    52.342  -169.648   -0.1    0.0   -0.0
    52.360  -169.648   -0.1    0.0   -0.0
    52.378  -169.648   -0.1    0.0   -0.0
    52.396  -169.648   -0.1    0.0   -0.0
    52.414  -169.648   -0.1    0.0   -0.0
    52.432  -169.648   -0.1    0.0   -0.0
    52.450  -169.648   -0.1    0.0   -0.0
    52.468  -169.648   -0.1    0.0   -0.0
    52.486  -169.648   -0.0    0.0   -0.0
    52.504  -169.648   -0.0    0.0   -0.0
    52.522  -169.648   -0.0    0.0   -0.0
    52.540  -169.648   -0.0    0.0   -0.0
    52.558  -169.648   -0.0    0.0   -0.0
    52.576  -169.648   -0.0    0.0   -0.0
    52.595  -169.648   -0.0    0.0   -0.0
    52.613  -169.648   -0.0    0.0   -0.0
    52.631  -169.648   -0.0    0.0   -0.0
    52.649  -169.648   -0.0    0.0   -0.0
    52.667  -169.648   -0.0    0.0   -0.0
    52.685  -169.648   -0.0    0.0   -0.0
    52.703  -169.648   -0.0    0.0   -0.0
    52.721  -169.648   -0.0    0.0   -0.0
    52.739  -169.648   -0.0    0.0   -0.0
    52.757  -169.648   -0.0    0.0   -0.0
    52.775  -169.648   -0.0    0.0   -0.0
    52.793  -169.648   -0.0    0.0   -0.0
    52.811  -169.648    0.0    0.0   -0.0
    52.829  -169.648    0.0    0.0   -0.0
    52.847  -169.648    0.0    0.0   -0.0
    52.865  -169.648    0.0    0.0    0.0
    52.883  -169.648    0.0    0.0    0.0
    52.901  -169.648    0.0    0.0    0.0
    52.919  -169.648    0.0    0.0    0.0
    52.937  -169.648    0.0    0.0    0.0
    52.955  -169.648    0.0    0.0    0.0
    52.973  -169.648    0.0    0.0    0.0
    52.991  -169.648    0.0    0.0    0.0
    53.009  -169.648    0.0    0.0    0.0
    53.027  -169.648    0.0    0.0    0.0
    53.045  -169.648    0.0    0.0    0.0
    53.063  -169.648    0.0    0.0    0.0
    53.081  -169.648    0.0    0.0    0.0
    53.099  -169.648    0.0    0.0    0.0
    53.117  -169.648    0.0    0.0    0.0
    53.135  -169.648    0.0    0.0    0.0
    53.153  -169.648    0.0    0.0    0.0
    53.171  -169.648    0.0    0.0    0.0
    53.189  -169.648    0.0    0.0    0.0
    53.207  -169.648    0.0    0.0    0.0
    53.225  -169.648    0.0    0.0    0.0
    53.243  -169.648    0.0    0.0    0.0
    53.261  -169.648    0.0    0.0    0.0
    53.279  -169.648    0.0    0.0    0.0
    53.297  -169.648    0.0    0.0    0.0
    53.315  -169.648    0.0    0.0    0.0
    53.333  -169.648    0.0    0.0    0.0
    53.351  -169.648    0.0    0.0    0.0
    53.369  -169.648    0.0    0.0    0.0
    53.387  -169.648    0.0    0.0    0.0
    53.405  -169.648    0.0    0.0    0.0
    53.423  -169.648    0.0    0.0    0.0
    53.441  -169.648    0.0    0.0    0.0
    53.459  -169.648    0.0    0.0    0.0
    53.477  -169.648    0.0    0.0    0.0
    53.495  -169.648    0.0    0.0    0.0
    53.513  -169.648    0.0    0.0    0.0
    53.531  -169.648    0.0    0.0    0.0
    53.549  -169.648    0.0    0.0    0.0
    53.567  -169.648    0.0    0.0    0.0
    53.585  -169.648    0.0    0.0    0.0
    53.603  -169.648    0.0    0.0    0.0
    53.621  -169.648    0.0    0.0    0.0
    53.639  -169.648    0.0    0.0    0.0
    53.657  -169.648    0.0    0.0    0.0
    53.675  -169.648    0.0    0.0    0.0
    53.694  -169.648    0.0    0.0    0.0
    53.712  -169.648    0.0    0.0    0.0
    53.730  -169.648    0.0    0.0    0.0
    53.748  -169.648    0.0    0.0    0.0
    53.766  -169.648    0.0    0.0    0.0
    53.784  -169.648    0.0    0.0    0.0
    53.802  -169.648    0.0    0.0    0.0
    53.820  -169.648    0.0    0.0    0.0
    53.838  -169.648    0.0    0.0    0.0
    53.856  -169.648    0.0    0.0    0.0
    53.874  -169.648    0.0    0.0    0.0
    53.892  -169.648    0.0    0.0    0.0
    53.910  -169.648    0.0    0.0    0.0
    52.108  -169.618   -0.1    0.0   -0.0
    52.126  -169.618   -0.1    0.0   -0.0
    52.144  -169.618   -0.1    0.0   -0.0
    52.162  -169.618   -0.1    0.0   -0.0
    52.180  -169.618   -0.1    0.0   -0.0
    52.198  -169.618   -0.1    0.0   -0.0
    52.216  -169.618   -0.1    0.0   -0.0
    52.234  -169.618   -0.1    0.0   -0.0
    52.252  -169.618   -0.1    0.0   -0.0
    52.270  -169.618   -0.1    0.0   -0.0
    52.288  -169.618   -0.1    0.0   -0.0
    52.306  -169.618   -0.1    0.0   -0.0
    52.324  -169.618   -0.1    0.0   -0.0
    52.342  -169.618   -0.1    0.0   -0.0
    52.360  -169.618   -0.1    0.0   -0.0
    52.378  -169.618   -0.1    0.0   -0.0
    52.396  -169.618   -0.1    0.0   -0.0
    52.414  -169.618   -0.1    0.0   -0.0
    52.432  -169.618   -0.1    0.0   -0.0
    52.450  -169.618   -0.1    0.0   -0.0
    52.468  -169.618   -0.0    0.0   -0.0
    52.486  -169.618   -0.0    0.0   -0.0
    52.504  -169.618   -0.0    0.0   -0.0
    52.522  -169.618   -0.0    0.0   -0.0
    52.540  -169.618   -0.0    0.0   -0.0
    52.558  -169.618   -0.0    0.0   -0.0
    52.576  -169.618   -0.0    0.0   -0.0
    52.595  -169.618   -0.0    0.0   -0.0
    52.613  -169.618   -0.0    0.0   -0.0
    52.631  -169.618   -0.0    0.0   -0.0
    52.649  -169.618   -0.0    0.0   -0.0
    52.667  -169.618   -0.0    0.0   -0.0
    52.685  -169.618   -0.0    0.0   -0.0
    52.703  -169.618   -0.0    0.0   -0.0
    52.721  -169.618   -0.0    0.0   -0.0
    52.739  -169.618   -0.0    0.0   -0.0
    52.757  -169.618   -0.0    0.0   -0.0
    52.775  -169.618   -0.0    0.0   -0.0
    52.793  -169.618   -0.0    0.0   -0.0
    52.811  -169.618    0.0    0.0   -0.0
    52.829  -169.618    0.0    0.0   -0.0
    52.847  -169.618    0.0    0.0    0.0
    52.865  -169.618    0.0    0.0    0.0
    52.883  -169.618    0.0    0.0    0.0
    52.901  -169.618    0.0    0.0    0.0
    52.919  -169.618    0.0    0.0    0.0
    52.937  -169.618    0.0    0.0    0.0
    52.955  -169.618    0.0    0.0    0.0
    52.973  -169.618    0.0    0.0    0.0
    52.991  -169.618    0.0    0.0    0.0
    53.009  -169.618    0.0    0.0    0.0
    53.027  -169.618    0.0    0.0    0.0
    53.045  -169.618    0.0    0.0    0.0
    53.063  -169.618    0.0    0.0    0.0
    53.081  -169.618    0.0    0.0    0.0
    53.099  -169.618    0.0    0.0    0.0
    53.117  -169.618    0.0    0.0    0.0
    53.135  -169.618    0.0    0.0    0.0
    53.153  -169.618    0.0    0.0    0.0
    53.171  -169.618    0.0    0.0    0.0
    53.189  -169.618    0.0    0.0    0.0
    53.207  -169.618    0.0    0.0    0.0
    53.225  -169.618    0.0    0.0    0.0
    53.243  -169.618    0.0    0.0    0.0
    53.261  -169.618    0.0    0.0    0.0
    53.279  -169.618    0.0    0.0    0.0
    53.297  -169.618    0.0    0.0    0.0
    53.315  -169.618    0.0    0.0    0.0
    53.333  -169.618    0.0    0.0    0.0
    53.351  -169.618    0.0    0.0    0.0
    53.369  -169.618    0.0    0.0    0.0
    53.387  -169.618    0.0    0.0    0.0
    53.405  -169.618    0.0    0.0    0.0
    53.423  -169.618    0.0    0.0    0.0
    53.441  -169.618    0.0    0.0    0.0
    53.459  -169.618    0.0    0.0    0.0
    53.477  -169.618    0.0    0.0    0.0
    53.495  -169.618    0.0    0.0    0.0
    53.513  -169.618    0.0    0.0    0.0
    53.531  -169.618    0.0    0.0    0.0
    53.549  -169.618    0.0    0.0    0.0
    53.567  -169.618    0.0    0.0    0.0
    53.585  -169.618    0.0    0.0    0.0
    53.603  -169.618    0.0    0.0    0.0
    53.621  -169.618    0.0    0.0    0.0
    53.639  -169.618    0.0    0.0    0.0
    53.657  -169.618    0.0    0.0    0.0
    53.675  -169.618    0.0    0.0    0.0
    53.694  -169.618    0.0    0.0    0.0
    53.712  -169.618    0.0    0.0    0.0
    53.730  -169.618    0.0    0.0    0.0
    53.748  -169.618    0.0    0.0    0.0
    53.766  -169.618    0.0    0.0    0.0
    53.784  -169.618    0.0    0.0    0.0
    53.802  -169.618    0.0    0.0    0.0
    53.820  -169.618    0.0    0.0    0.0
    53.838  -169.618    0.0    0.0    0.0
    53.856  -169.618    0.0    0.0    0.0
    53.874  -169.618    0.0    0.0    0.0
    53.892  -169.618    0.0    0.0    0.0
    53.910  -169.618    0.0    0.0    0.0
    52.108  -169.588   -0.1    0.0   -0.0
    52.126  -169.588   -0.1    0.0   -0.0
    52.144  -169.588   -0.1    0.0   -0.0
    52.162  -169.588   -0.1    0.0   -0.0
    52.180  -169.588   -0.1    0.0   -0.0
    52.198  -169.588   -0.1    0.0   -0.0
    52.216  -169.588   -0.1    0.0   -0.0
    52.234  -169.588   -0.1    0.0   -0.0
    52.252  -169.588   -0.1    0.0   -0.0
    52.270  -169.588   -0.1    0.0   -0.0
    52.288  -169.588   -0.1    0.0   -0.0
    52.306  -169.588   -0.1    0.0   -0.0
    52.324  -169.588   -0.1    0.0   -0.0
    52.342  -169.588   -0.1    0.0   -0.0
    52.360  -169.588   -0.1    0.0   -0.0
    52.378  -169.588   -0.1    0.0   -0.0
    52.396  -169.588   -0.1    0.0   -0.0
    52.414  -169.588   -0.1    0.0   -0.0
    52.432  -169.588   -0.1    0.0   -0.0
    52.450  -169.588   -0.0    0.0   -0.0
    52.468  -169.588   -0.0    0.0   -0.0
    52.486  -169.588   -0.0    0.0   -0.0
    52.504  -169.588   -0.0    0.0   -0.0
    52.522  -169.588   -0.0    0.0   -0.0
    52.540  -169.588   -0.0    0.0   -0.0
    52.558  -169.588   -0.0    0.0   -0.0
    52.576  -169.588   -0.0    0.0   -0.0
    52.595  -169.588   -0.0    0.0   -0.0
    52.613  -169.588   -0.0    0.0   -0.0
    52.631  -169.588   -0.0    0.0   -0.0
    52.649  -169.588   -0.0    0.0   -0.0
    52.667  -169.588   -0.0    0.0   -0.0
    52.685  -169.588   -0.0    0.0   -0.0
    52.703  -169.588   -0.0    0.0   -0.0
    52.721  -169.588   -0.0    0.0   -0.0
    52.739  -169.588   -0.0    0.0   -0.0
    52.757  -169.588   -0.0    0.0   -0.0
    52.775  -169.588   -0.0    0.0   -0.0
    52.793  -169.588   -0.0    0.0   -0.0
    52.811  -169.588    0.0    0.0   -0.0
    52.829  -169.588    0.0    0.0   -0.0
    52.847  -169.588    0.0    0.0    0.0
    52.865  -169.588    0.0    0.0    0.0
    52.883  -169.588    0.0    0.0    0.0
    52.901  -169.588    0.0    0.0    0.0
    52.919  -169.588    0.0    0.0    0.0
    52.937  -169.588    0.0    0.0    0.0
    52.955  -169.588    0.0    0.0    0.0
    52.973  -169.588    0.0    0.0    0.0
    52.991  -169.588    0.0    0.0    0.0
    53.009  -169.588    0.0    0.0    0.0
    53.027  -169.588    0.0    0.0    0.0
    53.045  -169.588    0.0    0.0    0.0
    53.063  -169.588    0.0    0.0    0.0
    53.081  -169.588    0.0    0.0    0.0
    53.099  -169.588    0.0    0.0    0.0
    53.117  -169.588    0.0    0.0    0.0
    53.135  -169.588    0.0    0.0    0.0
    53.153  -169.588    0.0    0.0    0.0
    53.171  -169.588    0.0    0.0    0.0
    53.189  -169.588    0.0    0.0    0.0
    53.207  -169.588    0.0    0.0    0.0
    53.225  -169.588    0.0    0.0    0.0
    53.243  -169.588    0.0    0.0    0.0
    53.261  -169.588    0.0    0.0    0.0
    53.279  -169.588    0.0    0.0    0.0
    53.297  -169.588    0.0    0.0    0.0
    53.315  -169.588    0.0    0.0    0.0
    53.333  -169.588    0.0    0.0    0.0
    53.351  -169.588    0.0    0.0    0.0
    53.369  -169.588    0.0    0.0    0.0
    53.387  -169.588    0.0    0.0    0.0
    53.405  -169.588    0.0    0.0    0.0
    53.423  -169.588    0.0    0.0    0.0
    53.441  -169.588    0.0    0.0    0.0
    53.459  -169.588    0.0    0.0    0.0
    53.477  -169.588    0.0    0.0    0.0
    53.495  -169.588    0.0    0.0    0.0
    53.513  -169.588    0.0    0.0    0.0
    53.531  -169.588    0.0    0.0    0.0
    53.549  -169.588    0.0    0.0    0.0
    53.567  -169.588    0.0    0.0    0.0
    53.585  -169.588    0.0    0.0    0.0
    53.603  -169.588    0.0    0.0    0.0
    53.621  -169.588    0.0    0.0    0.0
    53.639  -169.588    0.0    0.0    0.0
    53.657  -169.588    0.0    0.0    0.0
    53.675  -169.588    0.0    0.0    0.0
    53.694  -169.588    0.0    0.0    0.0
    53.712  -169.588    0.0    0.0    0.0
    53.730  -169.588    0.0    0.0    0.0
    53.748  -169.588    0.0    0.0    0.0
    53.766  -169.588    0.0    0.0    0.0
    53.784  -169.588    0.0    0.0    0.0
    53.802  -169.588    0.0    0.0    0.0
    53.820  -169.588    0.0    0.0    0.0
    53.838  -169.588    0.0    0.0    0.0
    53.856  -169.588    0.0    0.0    0.0
    53.874  -169.588    0.0    0.0    0.0
    53.892  -169.588    0.0    0.0    0.0
    53.910  -169.588    0.0    0.0    0.0
    52.108  -169.559   -0.1    0.0   -0.0
    52.126  -169.559   -0.1    0.0   -0.0
    52.144  -169.559   -0.1    0.0   -0.0
    52.162  -169.559   -0.1    0.0   -0.0
    52.180  -169.559   -0.1    0.0   -0.0
    52.198  -169.559   -0.1    0.0   -0.0
    52.216  -169.559   -0.1    0.0   -0.0
    52.234  -169.559   -0.1    0.0   -0.0
    52.252  -169.559   -0.1    0.0   -0.0
    52.270  -169.559   -0.1    0.0   -0.0
    52.288  -169.559   -0.1    0.0   -0.0
    52.306  -169.559   -0.1    0.0   -0.0
    52.324  -169.559   -0.1    0.0   -0.0
    52.342  -169.559   -0.1    0.0   -0.0
    52.360  -169.559   -0.1    0.0   -0.0
    52.378  -169.559   -0.1    0.0   -0.0
    52.396  -169.559   -0.1    0.0   -0.0
    52.414  -169.559   -0.1    0.0   -0.0
    52.432  -169.559   -0.0    0.0   -0.0
    52.450  -169.559   -0.0    0.0   -0.0
    52.468  -169.559   -0.0    0.0   -0.0
    52.486  -169.559   -0.0    0.0   -0.0
    52.504  -169.559   -0.0    0.0   -0.0
    52.522  -169.559   -0.0    0.0   -0.0
    52.540  -169.559   -0.0    0.0   -0.0
    52.558  -169.559   -0.0    0.0   -0.0
    52.576  -169.559   -0.0    0.0   -0.0
    52.595  -169.559   -0.0    0.0   -0.0
    52.613  -169.559   -0.0    0.0   -0.0
    52.631  -169.559   -0.0    0.0   -0.0
    52.649  -169.559   -0.0    0.0   -0.0
    52.667  -169.559   -0.0    0.0   -0.0
    52.685  -169.559   -0.0    0.0   -0.0
    52.703  -169.559   -0.0    0.0   -0.0
    52.721  -169.559   -0.0    0.0   -0.0
    52.739  -169.559   -0.0    0.0   -0.0
    52.757  -169.559   -0.0    0.0   -0.0
    52.775  -169.559   -0.0    0.0   -0.0
    52.793  -169.559   -0.0    0.0   -0.0
    52.811  -169.559    0.0    0.0   -0.0
    52.829  -169.559    0.0    0.0   -0.0
    52.847  -169.559    0.0    0.0    0.0
    52.865  -169.559    0.0    0.0    0.0
    52.883  -169.559    0.0    0.0    0.0
    52.901  -169.559    0.0    0.0    0.0
    52.919  -169.559    0.0    0.0    0.0
    52.937  -169.559    0.0    0.0    0.0
    52.955  -169.559    0.0    0.0    0.0
    52.973  -169.559    0.0    0.0    0.0
    52.991  -169.559    0.0    0.0    0.0
    53.009  -169.559    0.0    0.0    0.0
    53.027  -169.559    0.0    0.0    0.0
    53.045  -169.559    0.0    0.0    0.0
    53.063  -169.559    0.0    0.0    0.0
    53.081  -169.559    0.0    0.0    0.0
    53.099  -169.559    0.0    0.0    0.0
    53.117  -169.559    0.0    0.0    0.0
    53.135  -169.559    0.0    0.0    0.0
    53.153  -169.559    0.0    0.0    0.0
    53.171  -169.559    0.0    0.0    0.0
    53.189  -169.559    0.0    0.0    0.0
    53.207  -169.559    0.0    0.0    0.0
    53.225  -169.559    0.0    0.0    0.0
    53.243  -169.559    0.0    0.0    0.0
    53.261  -169.559    0.0    0.0    0.0
    53.279  -169.559    0.0    0.0    0.0
    53.297  -169.559    0.0    0.0    0.0
    53.315  -169.559    0.0    0.0    0.0
    53.333  -169.559    0.0    0.0    0.0
    53.351  -169.559    0.0    0.0    0.0
    53.369  -169.559    0.0    0.0    0.0
    53.387  -169.559    0.0    0.0    0.0
    53.405  -169.559    0.0    0.0    0.0
    53.423  -169.559    0.0    0.0    0.0
    53.441  -169.559    0.0    0.0    0.0
    53.459  -169.559    0.0    0.0    0.0
    53.477  -169.559    0.0    0.0    0.0
    53.495  -169.559    0.0    0.0    0.0
    53.513  -169.559    0.0    0.0    0.0
    53.531  -169.559    0.0    0.0    0.0
    53.549  -169.559    0.0    0.0    0.0
    53.567  -169.559    0.0    0.0    0.0
    53.585  -169.559    0.0    0.0    0.0
    53.603  -169.559    0.0    0.0    0.0
    53.621  -169.559    0.0    0.0    0.0
    53.639  -169.559    0.0    0.0    0.0
    53.657  -169.559    0.0    0.0    0.0
    53.675  -169.559    0.0    0.0    0.0
    53.694  -169.559    0.0    0.0    0.0
    53.712  -169.559    0.0    0.0    0.0
    53.730  -169.559    0.0    0.0    0.0
    53.748  -169.559    0.0    0.0    0.0
    53.766  -169.559    0.0    0.0    0.0
    53.784  -169.559    0.0    0.0    0.0
    53.802  -169.559    0.0    0.0    0.0
    53.820  -169.559    0.0    0.0    0.0
    53.838  -169.559    0.0    0.0    0.0
    53.856  -169.559    0.0    0.0    0.0
    53.874  -169.559    0.0    0.0    0.0
    53.892  -169.559    0.0    0.0    0.0
    53.910  -169.559    0.0    0.0    0.0
    52.108  -169.529   -0.1    0.0   -0.0
    52.126  -169.529   -0.1    0.0   -0.0
    52.144  -169.529   -0.1    0.0   -0.0
    52.162  -169.529   -0.1    0.0   -0.0
    52.180  -169.529   -0.1    0.0   -0.0
    52.198  -169.529   -0.1    0.0   -0.0
    52.216  -169.529   -0.1    0.0   -0.0
    52.234  -169.529   -0.1    0.0   -0.0
    52.252  -169.529   -0.1    0.0   -0.0
    52.270  -169.529   -0.1    0.0   -0.0
    52.288  -169.529   -0.1    0.0   -0.0
    52.306  -169.529   -0.1    0.0   -0.0
    52.324  -169.529   -0.1    0.0   -0.0
    52.342  -169.529   -0.1    0.0   -0.0
    52.360  -169.529   -0.1    0.0   -0.0
    52.378  -169.529   -0.1    0.0   -0.0
    52.396  -169.529   -0.1    0.0   -0.0
    52.414  -169.529   -0.0    0.0   -0.0
    52.432  -169.529   -0.0    0.0   -0.0
    52.450  -169.529   -0.0    0.0   -0.0
    52.468  -169.529   -0.0    0.0   -0.0
    52.486  -169.529   -0.0    0.0   -0.0
    52.504  -169.529   -0.0    0.0   -0.0
    52.522  -169.529   -0.0    0.0   -0.0
    52.540  -169.529   -0.0    0.0   -0.0
    52.558  -169.529   -0.0    0.0   -0.0
    52.576  -169.529   -0.0    0.0   -0.0
    52.595  -169.529   -0.0    0.0   -0.0
    52.613  -169.529   -0.0    0.0   -0.0
    52.631  -169.529   -0.0    0.0   -0.0
    52.649  -169.529   -0.0    0.0   -0.0
    52.667  -169.529   -0.0    0.0   -0.0
    52.685  -169.529   -0.0    0.0   -0.0
    52.703  -169.529   -0.0    0.0   -0.0
    52.721  -169.529   -0.0    0.0   -0.0
    52.739  -169.529   -0.0    0.0   -0.0
    52.757  -169.529   -0.0    0.0   -0.0
    52.775  -169.529   -0.0    0.0   -0.0
    52.793  -169.529    0.0    0.0   -0.0
    52.811  -169.529    0.0    0.0   -0.0
    52.829  -169.529    0.0    0.0   -0.0
    52.847  -169.529    0.0    0.0    0.0
    52.865  -169.529    0.0    0.0    0.0
    52.883  -169.529    0.0    0.0    0.0
    52.901  -169.529    0.0    0.0    0.0
    52.919  -169.529    0.0    0.0    0.0
    52.937  -169.529    0.0    0.0    0.0
    52.955  -169.529    0.0    0.0    0.0
    52.973  -169.529    0.0    0.0    0.0
    52.991  -169.529    0.0    0.0    0.0
    53.009  -169.529    0.0    0.0    0.0
    53.027  -169.529    0.0    0.0    0.0
    53.045  -169.529    0.0    0.0    0.0
    53.063  -169.529    0.0    0.0    0.0
    53.081  -169.529    0.0    0.0    0.0
    53.099  -169.529    0.0    0.0    0.0
    53.117  -169.529    0.0    0.0    0.0
    53.135  -169.529    0.0    0.0    0.0
    53.153  -169.529    0.0    0.0    0.0
    53.171  -169.529    0.0    0.0    0.0
    53.189  -169.529    0.0    0.0    0.0
    53.207  -169.529    0.0    0.0    0.0
    53.225  -169.529    0.0    0.0    0.0
    53.243  -169.529    0.0    0.0    0.0
    53.261  -169.529    0.0    0.0    0.0
    53.279  -169.529    0.0    0.0    0.0
    53.297  -169.529    0.0    0.0    0.0
    53.315  -169.529    0.0    0.0    0.0
    53.333  -169.529    0.0    0.0    0.0
    53.351  -169.529    0.0    0.0    0.0
    53.369  -169.529    0.0    0.0    0.0
    53.387  -169.529    0.0    0.0    0.0
    53.405  -169.529    0.0    0.0    0.0
    53.423  -169.529    0.0    0.0    0.0
    53.441  -169.529    0.0    0.0    0.0
    53.459  -169.529    0.0    0.0    0.0
    53.477  -169.529    0.0    0.0    0.0
    53.495  -169.529    0.0    0.0    0.0
    53.513  -169.529    0.0    0.0    0.0
    53.531  -169.529    0.0    0.0    0.0
    53.549  -169.529    0.0    0.0    0.0
    53.567  -169.529    0.0    0.0    0.0
    53.585  -169.529    0.0    0.0    0.0
    53.603  -169.529    0.0    0.0    0.0
    53.621  -169.529    0.0    0.0    0.0
    53.639  -169.529    0.0    0.0    0.0
    53.657  -169.529    0.0    0.0    0.0
    53.675  -169.529    0.0    0.0    0.0
    53.694  -169.529    0.0    0.0    0.0
    53.712  -169.529    0.0    0.0    0.0
    53.730  -169.529    0.0    0.0    0.0
    53.748  -169.529    0.0    0.0    0.0
    53.766  -169.529    0.0    0.0    0.0
    53.784  -169.529    0.0    0.0    0.0
    53.802  -169.529    0.0    0.0    0.0
    53.820  -169.529    0.0    0.0    0.0
    53.838  -169.529    0.0    0.0    0.0
    53.856  -169.529    0.0    0.0    0.0
    53.874  -169.529    0.0    0.0    0.0
    53.892  -169.529    0.0    0.0    0.0
    53.910  -169.529    0.0    0.0    0.0
