 Lat    Lon    Disp_x_East(cm)   Disp_y_North(cm)   DispUp(cm)
   -11.408   118.221    0.3    0.8   -0.0
   -11.345   118.221    0.3    0.8   -0.0
   -11.282   118.221    0.3    0.8   -0.0
   -11.219   118.221    0.3    0.8   -0.0
   -11.156   118.221    0.3    0.8   -0.0
   -11.093   118.221    0.3    0.8   -0.0
   -11.031   118.221    0.3    0.8   -0.1
   -10.968   118.221    0.3    0.8   -0.1
   -10.905   118.221    0.3    0.8   -0.1
   -10.842   118.221    0.3    0.8   -0.1
   -10.779   118.221    0.3    0.8   -0.1
   -10.716   118.221    0.3    0.8   -0.1
   -10.653   118.221    0.3    0.8   -0.1
   -10.591   118.221    0.3    0.8   -0.1
   -10.528   118.221    0.3    0.8   -0.1
   -10.465   118.221    0.3    0.7   -0.2
   -10.402   118.221    0.3    0.7   -0.2
   -10.339   118.221    0.3    0.7   -0.2
   -10.276   118.221    0.3    0.7   -0.2
   -10.214   118.221    0.3    0.7   -0.2
   -10.151   118.221    0.3    0.7   -0.2
   -10.088   118.221    0.3    0.7   -0.3
   -10.025   118.221    0.3    0.6   -0.3
    -9.962   118.221    0.2    0.6   -0.3
    -9.899   118.221    0.2    0.6   -0.3
    -9.836   118.221    0.2    0.6   -0.3
    -9.774   118.221    0.2    0.5   -0.4
    -9.711   118.221    0.2    0.5   -0.4
    -9.648   118.221    0.2    0.5   -0.4
    -9.585   118.221    0.1    0.5   -0.4
    -9.522   118.221    0.1    0.4   -0.4
    -9.459   118.221    0.1    0.4   -0.5
    -9.396   118.221    0.1    0.4   -0.5
    -9.334   118.221    0.0    0.3   -0.5
    -9.271   118.221    0.0    0.3   -0.5
    -9.208   118.221   -0.0    0.3   -0.5
    -9.145   118.221   -0.0    0.3   -0.6
    -9.082   118.221   -0.1    0.2   -0.6
    -9.019   118.221   -0.1    0.2   -0.6
    -8.956   118.221   -0.1    0.2   -0.6
    -8.894   118.221   -0.1    0.1   -0.6
    -8.831   118.221   -0.1    0.1   -0.6
    -8.768   118.221   -0.2    0.1   -0.6
    -8.705   118.221   -0.2    0.1   -0.6
    -8.642   118.221   -0.2    0.0   -0.6
    -8.579   118.221   -0.2    0.0   -0.6
    -8.517   118.221   -0.2   -0.0   -0.6
    -8.454   118.221   -0.2   -0.0   -0.6
    -8.391   118.221   -0.2   -0.1   -0.6
    -8.328   118.221   -0.2   -0.1   -0.6
    -8.265   118.221   -0.2   -0.1   -0.6
    -8.202   118.221   -0.2   -0.2   -0.6
    -8.139   118.221   -0.1   -0.2   -0.6
    -8.077   118.221   -0.1   -0.2   -0.6
    -8.014   118.221   -0.1   -0.2   -0.6
    -7.951   118.221   -0.1   -0.3   -0.6
    -7.888   118.221   -0.1   -0.3   -0.5
    -7.825   118.221   -0.1   -0.3   -0.5
    -7.762   118.221   -0.0   -0.3   -0.5
    -7.699   118.221   -0.0   -0.4   -0.5
    -7.637   118.221    0.0   -0.4   -0.5
    -7.574   118.221    0.0   -0.4   -0.4
    -7.511   118.221    0.0   -0.4   -0.4
    -7.448   118.221    0.1   -0.5   -0.4
    -7.385   118.221    0.1   -0.5   -0.4
    -7.322   118.221    0.1   -0.5   -0.4
    -7.259   118.221    0.1   -0.5   -0.3
    -7.197   118.221    0.1   -0.5   -0.3
    -7.134   118.221    0.2   -0.6   -0.3
    -7.071   118.221    0.2   -0.6   -0.3
    -7.008   118.221    0.2   -0.6   -0.3
    -6.945   118.221    0.2   -0.6   -0.2
    -6.882   118.221    0.2   -0.6   -0.2
    -6.820   118.221    0.2   -0.7   -0.2
    -6.757   118.221    0.2   -0.7   -0.2
    -6.694   118.221    0.2   -0.7   -0.2
    -6.631   118.221    0.3   -0.7   -0.2
    -6.568   118.221    0.3   -0.7   -0.2
    -6.505   118.221    0.3   -0.7   -0.1
    -6.442   118.221    0.3   -0.7   -0.1
    -6.380   118.221    0.3   -0.7   -0.1
    -6.317   118.221    0.3   -0.7   -0.1
    -6.254   118.221    0.3   -0.7   -0.1
    -6.191   118.221    0.3   -0.7   -0.1
    -6.128   118.221    0.3   -0.7   -0.1
    -6.065   118.221    0.3   -0.7   -0.1
    -6.002   118.221    0.3   -0.8   -0.0
    -5.940   118.221    0.3   -0.8   -0.0
    -5.877   118.221    0.3   -0.8   -0.0
    -5.814   118.221    0.3   -0.8   -0.0
    -5.751   118.221    0.3   -0.8   -0.0
    -5.688   118.221    0.3   -0.8   -0.0
    -5.625   118.221    0.3   -0.8    0.0
    -5.562   118.221    0.3   -0.7    0.0
    -5.500   118.221    0.3   -0.7    0.0
    -5.437   118.221    0.3   -0.7    0.0
    -5.374   118.221    0.3   -0.7    0.0
    -5.311   118.221    0.3   -0.7    0.0
    -5.248   118.221    0.3   -0.7    0.0
    -5.185   118.221    0.3   -0.7    0.0
    -5.123   118.221    0.3   -0.7    0.0
   -11.408   118.285    0.3    0.8   -0.0
   -11.345   118.285    0.3    0.8   -0.0
   -11.282   118.285    0.3    0.8   -0.0
   -11.219   118.285    0.3    0.8   -0.0
   -11.156   118.285    0.3    0.8   -0.0
   -11.093   118.285    0.3    0.8   -0.0
   -11.031   118.285    0.3    0.8   -0.1
   -10.968   118.285    0.3    0.8   -0.1
   -10.905   118.285    0.3    0.8   -0.1
   -10.842   118.285    0.3    0.8   -0.1
   -10.779   118.285    0.3    0.8   -0.1
   -10.716   118.285    0.3    0.8   -0.1
   -10.653   118.285    0.3    0.8   -0.1
   -10.591   118.285    0.3    0.8   -0.1
   -10.528   118.285    0.3    0.8   -0.1
   -10.465   118.285    0.3    0.8   -0.2
   -10.402   118.285    0.3    0.8   -0.2
   -10.339   118.285    0.3    0.8   -0.2
   -10.276   118.285    0.3    0.8   -0.2
   -10.214   118.285    0.3    0.7   -0.2
   -10.151   118.285    0.3    0.7   -0.2
   -10.088   118.285    0.3    0.7   -0.3
   -10.025   118.285    0.3    0.7   -0.3
    -9.962   118.285    0.3    0.7   -0.3
    -9.899   118.285    0.3    0.6   -0.3
    -9.836   118.285    0.2    0.6   -0.3
    -9.774   118.285    0.2    0.6   -0.4
    -9.711   118.285    0.2    0.6   -0.4
    -9.648   118.285    0.2    0.5   -0.4
    -9.585   118.285    0.1    0.5   -0.4
    -9.522   118.285    0.1    0.5   -0.5
    -9.459   118.285    0.1    0.4   -0.5
    -9.396   118.285    0.1    0.4   -0.5
    -9.334   118.285    0.0    0.4   -0.5
    -9.271   118.285    0.0    0.3   -0.5
    -9.208   118.285   -0.0    0.3   -0.6
    -9.145   118.285   -0.0    0.3   -0.6
    -9.082   118.285   -0.1    0.2   -0.6
    -9.019   118.285   -0.1    0.2   -0.6
    -8.956   118.285   -0.1    0.2   -0.6
    -8.894   118.285   -0.1    0.2   -0.6
    -8.831   118.285   -0.2    0.1   -0.6
    -8.768   118.285   -0.2    0.1   -0.6
    -8.705   118.285   -0.2    0.1   -0.7
    -8.642   118.285   -0.2    0.0   -0.7
    -8.579   118.285   -0.2    0.0   -0.7
    -8.517   118.285   -0.2   -0.0   -0.7
    -8.454   118.285   -0.2   -0.1   -0.7
    -8.391   118.285   -0.2   -0.1   -0.7
    -8.328   118.285   -0.2   -0.1   -0.6
    -8.265   118.285   -0.2   -0.1   -0.6
    -8.202   118.285   -0.2   -0.2   -0.6
    -8.139   118.285   -0.2   -0.2   -0.6
    -8.077   118.285   -0.1   -0.2   -0.6
    -8.014   118.285   -0.1   -0.3   -0.6
    -7.951   118.285   -0.1   -0.3   -0.6
    -7.888   118.285   -0.1   -0.3   -0.6
    -7.825   118.285   -0.1   -0.3   -0.5
    -7.762   118.285   -0.0   -0.4   -0.5
    -7.699   118.285   -0.0   -0.4   -0.5
    -7.637   118.285    0.0   -0.4   -0.5
    -7.574   118.285    0.0   -0.4   -0.5
    -7.511   118.285    0.1   -0.5   -0.4
    -7.448   118.285    0.1   -0.5   -0.4
    -7.385   118.285    0.1   -0.5   -0.4
    -7.322   118.285    0.1   -0.5   -0.4
    -7.259   118.285    0.1   -0.6   -0.3
    -7.197   118.285    0.2   -0.6   -0.3
    -7.134   118.285    0.2   -0.6   -0.3
    -7.071   118.285    0.2   -0.6   -0.3
    -7.008   118.285    0.2   -0.6   -0.3
    -6.945   118.285    0.2   -0.7   -0.2
    -6.882   118.285    0.2   -0.7   -0.2
    -6.820   118.285    0.2   -0.7   -0.2
    -6.757   118.285    0.3   -0.7   -0.2
    -6.694   118.285    0.3   -0.7   -0.2
    -6.631   118.285    0.3   -0.7   -0.2
    -6.568   118.285    0.3   -0.7   -0.1
    -6.505   118.285    0.3   -0.7   -0.1
    -6.442   118.285    0.3   -0.8   -0.1
    -6.380   118.285    0.3   -0.8   -0.1
    -6.317   118.285    0.3   -0.8   -0.1
    -6.254   118.285    0.3   -0.8   -0.1
    -6.191   118.285    0.3   -0.8   -0.1
    -6.128   118.285    0.3   -0.8   -0.1
    -6.065   118.285    0.3   -0.8   -0.0
    -6.002   118.285    0.3   -0.8   -0.0
    -5.940   118.285    0.3   -0.8   -0.0
    -5.877   118.285    0.3   -0.8   -0.0
    -5.814   118.285    0.3   -0.8   -0.0
    -5.751   118.285    0.3   -0.8   -0.0
    -5.688   118.285    0.3   -0.8   -0.0
    -5.625   118.285    0.3   -0.8    0.0
    -5.562   118.285    0.3   -0.8    0.0
    -5.500   118.285    0.3   -0.8    0.0
    -5.437   118.285    0.3   -0.8    0.0
    -5.374   118.285    0.3   -0.8    0.0
    -5.311   118.285    0.3   -0.8    0.0
    -5.248   118.285    0.3   -0.8    0.0
    -5.185   118.285    0.3   -0.8    0.0
    -5.123   118.285    0.3   -0.7    0.0
   -11.408   118.348    0.3    0.8    0.0
   -11.345   118.348    0.3    0.9   -0.0
   -11.282   118.348    0.3    0.9   -0.0
   -11.219   118.348    0.3    0.9   -0.0
   -11.156   118.348    0.3    0.9   -0.0
   -11.093   118.348    0.3    0.9   -0.0
   -11.031   118.348    0.3    0.9   -0.0
   -10.968   118.348    0.4    0.9   -0.1
   -10.905   118.348    0.4    0.9   -0.1
   -10.842   118.348    0.4    0.9   -0.1
   -10.779   118.348    0.4    0.9   -0.1
   -10.716   118.348    0.4    0.9   -0.1
   -10.653   118.348    0.4    0.9   -0.1
   -10.591   118.348    0.4    0.9   -0.1
   -10.528   118.348    0.4    0.8   -0.1
   -10.465   118.348    0.4    0.8   -0.2
   -10.402   118.348    0.4    0.8   -0.2
   -10.339   118.348    0.4    0.8   -0.2
   -10.276   118.348    0.3    0.8   -0.2
   -10.214   118.348    0.3    0.8   -0.2
   -10.151   118.348    0.3    0.8   -0.2
   -10.088   118.348    0.3    0.8   -0.3
   -10.025   118.348    0.3    0.7   -0.3
    -9.962   118.348    0.3    0.7   -0.3
    -9.899   118.348    0.3    0.7   -0.3
    -9.836   118.348    0.3    0.7   -0.3
    -9.774   118.348    0.2    0.6   -0.4
    -9.711   118.348    0.2    0.6   -0.4
    -9.648   118.348    0.2    0.6   -0.4
    -9.585   118.348    0.2    0.5   -0.4
    -9.522   118.348    0.1    0.5   -0.5
    -9.459   118.348    0.1    0.5   -0.5
    -9.396   118.348    0.1    0.4   -0.5
    -9.334   118.348    0.1    0.4   -0.5
    -9.271   118.348    0.0    0.4   -0.6
    -9.208   118.348   -0.0    0.3   -0.6
    -9.145   118.348   -0.0    0.3   -0.6
    -9.082   118.348   -0.1    0.3   -0.6
    -9.019   118.348   -0.1    0.2   -0.6
    -8.956   118.348   -0.1    0.2   -0.6
    -8.894   118.348   -0.1    0.2   -0.7
    -8.831   118.348   -0.2    0.1   -0.7
    -8.768   118.348   -0.2    0.1   -0.7
    -8.705   118.348   -0.2    0.1   -0.7
    -8.642   118.348   -0.2    0.0   -0.7
    -8.579   118.348   -0.2    0.0   -0.7
    -8.517   118.348   -0.2   -0.0   -0.7
    -8.454   118.348   -0.2   -0.1   -0.7
    -8.391   118.348   -0.2   -0.1   -0.7
    -8.328   118.348   -0.2   -0.1   -0.7
    -8.265   118.348   -0.2   -0.1   -0.7
    -8.202   118.348   -0.2   -0.2   -0.7
    -8.139   118.348   -0.2   -0.2   -0.6
    -8.077   118.348   -0.1   -0.2   -0.6
    -8.014   118.348   -0.1   -0.3   -0.6
    -7.951   118.348   -0.1   -0.3   -0.6
    -7.888   118.348   -0.1   -0.3   -0.6
    -7.825   118.348   -0.1   -0.4   -0.6
    -7.762   118.348   -0.0   -0.4   -0.5
    -7.699   118.348   -0.0   -0.4   -0.5
    -7.637   118.348    0.0   -0.4   -0.5
    -7.574   118.348    0.0   -0.5   -0.5
    -7.511   118.348    0.1   -0.5   -0.4
    -7.448   118.348    0.1   -0.5   -0.4
    -7.385   118.348    0.1   -0.6   -0.4
    -7.322   118.348    0.1   -0.6   -0.4
    -7.259   118.348    0.2   -0.6   -0.4
    -7.197   118.348    0.2   -0.6   -0.3
    -7.134   118.348    0.2   -0.6   -0.3
    -7.071   118.348    0.2   -0.7   -0.3
    -7.008   118.348    0.2   -0.7   -0.3
    -6.945   118.348    0.2   -0.7   -0.3
    -6.882   118.348    0.2   -0.7   -0.2
    -6.820   118.348    0.3   -0.7   -0.2
    -6.757   118.348    0.3   -0.7   -0.2
    -6.694   118.348    0.3   -0.8   -0.2
    -6.631   118.348    0.3   -0.8   -0.2
    -6.568   118.348    0.3   -0.8   -0.1
    -6.505   118.348    0.3   -0.8   -0.1
    -6.442   118.348    0.3   -0.8   -0.1
    -6.380   118.348    0.3   -0.8   -0.1
    -6.317   118.348    0.3   -0.8   -0.1
    -6.254   118.348    0.3   -0.8   -0.1
    -6.191   118.348    0.3   -0.8   -0.1
    -6.128   118.348    0.3   -0.8   -0.1
    -6.065   118.348    0.3   -0.8   -0.0
    -6.002   118.348    0.3   -0.8   -0.0
    -5.940   118.348    0.3   -0.8   -0.0
    -5.877   118.348    0.3   -0.8   -0.0
    -5.814   118.348    0.3   -0.8   -0.0
    -5.751   118.348    0.3   -0.8   -0.0
    -5.688   118.348    0.3   -0.8    0.0
    -5.625   118.348    0.3   -0.8    0.0
    -5.562   118.348    0.3   -0.8    0.0
    -5.500   118.348    0.3   -0.8    0.0
    -5.437   118.348    0.3   -0.8    0.0
    -5.374   118.348    0.3   -0.8    0.0
    -5.311   118.348    0.3   -0.8    0.0
    -5.248   118.348    0.3   -0.8    0.0
    -5.185   118.348    0.3   -0.8    0.0
    -5.123   118.348    0.3   -0.8    0.1
   -11.408   118.412    0.3    0.9    0.0
   -11.345   118.412    0.3    0.9    0.0
   -11.282   118.412    0.3    0.9   -0.0
   -11.219   118.412    0.3    0.9   -0.0
   -11.156   118.412    0.4    0.9   -0.0
   -11.093   118.412    0.4    0.9   -0.0
   -11.031   118.412    0.4    0.9   -0.0
   -10.968   118.412    0.4    0.9   -0.0
   -10.905   118.412    0.4    0.9   -0.1
   -10.842   118.412    0.4    0.9   -0.1
   -10.779   118.412    0.4    0.9   -0.1
   -10.716   118.412    0.4    0.9   -0.1
   -10.653   118.412    0.4    0.9   -0.1
   -10.591   118.412    0.4    0.9   -0.1
   -10.528   118.412    0.4    0.9   -0.1
   -10.465   118.412    0.4    0.9   -0.1
   -10.402   118.412    0.4    0.9   -0.2
   -10.339   118.412    0.4    0.9   -0.2
   -10.276   118.412    0.4    0.9   -0.2
   -10.214   118.412    0.4    0.8   -0.2
   -10.151   118.412    0.4    0.8   -0.2
   -10.088   118.412    0.3    0.8   -0.3
   -10.025   118.412    0.3    0.8   -0.3
    -9.962   118.412    0.3    0.8   -0.3
    -9.899   118.412    0.3    0.7   -0.3
    -9.836   118.412    0.3    0.7   -0.4
    -9.774   118.412    0.3    0.7   -0.4
    -9.711   118.412    0.2    0.7   -0.4
    -9.648   118.412    0.2    0.6   -0.4
    -9.585   118.412    0.2    0.6   -0.5
    -9.522   118.412    0.2    0.6   -0.5
    -9.459   118.412    0.1    0.5   -0.5
    -9.396   118.412    0.1    0.5   -0.5
    -9.334   118.412    0.1    0.4   -0.6
    -9.271   118.412    0.0    0.4   -0.6
    -9.208   118.412    0.0    0.4   -0.6
    -9.145   118.412   -0.0    0.3   -0.6
    -9.082   118.412   -0.1    0.3   -0.6
    -9.019   118.412   -0.1    0.3   -0.7
    -8.956   118.412   -0.1    0.2   -0.7
    -8.894   118.412   -0.1    0.2   -0.7
    -8.831   118.412   -0.2    0.1   -0.7
    -8.768   118.412   -0.2    0.1   -0.7
    -8.705   118.412   -0.2    0.1   -0.7
    -8.642   118.412   -0.2    0.0   -0.7
    -8.579   118.412   -0.2    0.0   -0.7
    -8.517   118.412   -0.2   -0.0   -0.7
    -8.454   118.412   -0.2   -0.1   -0.7
    -8.391   118.412   -0.2   -0.1   -0.7
    -8.328   118.412   -0.2   -0.1   -0.7
    -8.265   118.412   -0.2   -0.2   -0.7
    -8.202   118.412   -0.2   -0.2   -0.7
    -8.139   118.412   -0.2   -0.2   -0.7
    -8.077   118.412   -0.1   -0.3   -0.7
    -8.014   118.412   -0.1   -0.3   -0.6
    -7.951   118.412   -0.1   -0.3   -0.6
    -7.888   118.412   -0.1   -0.4   -0.6
    -7.825   118.412   -0.0   -0.4   -0.6
    -7.762   118.412   -0.0   -0.4   -0.6
    -7.699   118.412    0.0   -0.5   -0.5
    -7.637   118.412    0.0   -0.5   -0.5
    -7.574   118.412    0.1   -0.5   -0.5
    -7.511   118.412    0.1   -0.5   -0.5
    -7.448   118.412    0.1   -0.6   -0.4
    -7.385   118.412    0.1   -0.6   -0.4
    -7.322   118.412    0.1   -0.6   -0.4
    -7.259   118.412    0.2   -0.6   -0.4
    -7.197   118.412    0.2   -0.7   -0.3
    -7.134   118.412    0.2   -0.7   -0.3
    -7.071   118.412    0.2   -0.7   -0.3
    -7.008   118.412    0.2   -0.7   -0.3
    -6.945   118.412    0.3   -0.7   -0.2
    -6.882   118.412    0.3   -0.8   -0.2
    -6.820   118.412    0.3   -0.8   -0.2
    -6.757   118.412    0.3   -0.8   -0.2
    -6.694   118.412    0.3   -0.8   -0.2
    -6.631   118.412    0.3   -0.8   -0.2
    -6.568   118.412    0.3   -0.8   -0.1
    -6.505   118.412    0.3   -0.8   -0.1
    -6.442   118.412    0.3   -0.8   -0.1
    -6.380   118.412    0.3   -0.9   -0.1
    -6.317   118.412    0.3   -0.9   -0.1
    -6.254   118.412    0.3   -0.9   -0.1
    -6.191   118.412    0.3   -0.9   -0.1
    -6.128   118.412    0.3   -0.9   -0.0
    -6.065   118.412    0.3   -0.9   -0.0
    -6.002   118.412    0.3   -0.9   -0.0
    -5.940   118.412    0.3   -0.9   -0.0
    -5.877   118.412    0.3   -0.9   -0.0
    -5.814   118.412    0.3   -0.9   -0.0
    -5.751   118.412    0.3   -0.9    0.0
    -5.688   118.412    0.3   -0.9    0.0
    -5.625   118.412    0.3   -0.9    0.0
    -5.562   118.412    0.3   -0.8    0.0
    -5.500   118.412    0.3   -0.8    0.0
    -5.437   118.412    0.3   -0.8    0.0
    -5.374   118.412    0.3   -0.8    0.0
    -5.311   118.412    0.3   -0.8    0.0
    -5.248   118.412    0.3   -0.8    0.1
    -5.185   118.412    0.3   -0.8    0.1
    -5.123   118.412    0.3   -0.8    0.1
   -11.408   118.475    0.3    0.9    0.0
   -11.345   118.475    0.3    0.9    0.0
   -11.282   118.475    0.4    0.9    0.0
   -11.219   118.475    0.4    0.9   -0.0
   -11.156   118.475    0.4    1.0   -0.0
   -11.093   118.475    0.4    1.0   -0.0
   -11.031   118.475    0.4    1.0   -0.0
   -10.968   118.475    0.4    1.0   -0.0
   -10.905   118.475    0.4    1.0   -0.1
   -10.842   118.475    0.4    1.0   -0.1
   -10.779   118.475    0.4    1.0   -0.1
   -10.716   118.475    0.4    1.0   -0.1
   -10.653   118.475    0.4    1.0   -0.1
   -10.591   118.475    0.4    1.0   -0.1
   -10.528   118.475    0.4    1.0   -0.1
   -10.465   118.475    0.4    1.0   -0.1
   -10.402   118.475    0.4    0.9   -0.2
   -10.339   118.475    0.4    0.9   -0.2
   -10.276   118.475    0.4    0.9   -0.2
   -10.214   118.475    0.4    0.9   -0.2
   -10.151   118.475    0.4    0.9   -0.2
   -10.088   118.475    0.4    0.9   -0.3
   -10.025   118.475    0.4    0.8   -0.3
    -9.962   118.475    0.4    0.8   -0.3
    -9.899   118.475    0.3    0.8   -0.3
    -9.836   118.475    0.3    0.8   -0.4
    -9.774   118.475    0.3    0.7   -0.4
    -9.711   118.475    0.3    0.7   -0.4
    -9.648   118.475    0.3    0.7   -0.4
    -9.585   118.475    0.2    0.6   -0.5
    -9.522   118.475    0.2    0.6   -0.5
    -9.459   118.475    0.2    0.6   -0.5
    -9.396   118.475    0.1    0.5   -0.5
    -9.334   118.475    0.1    0.5   -0.6
    -9.271   118.475    0.1    0.4   -0.6
    -9.208   118.475    0.0    0.4   -0.6
    -9.145   118.475   -0.0    0.4   -0.6
    -9.082   118.475   -0.0    0.3   -0.7
    -9.019   118.475   -0.1    0.3   -0.7
    -8.956   118.475   -0.1    0.2   -0.7
    -8.894   118.475   -0.1    0.2   -0.7
    -8.831   118.475   -0.2    0.2   -0.7
    -8.768   118.475   -0.2    0.1   -0.7
    -8.705   118.475   -0.2    0.1   -0.8
    -8.642   118.475   -0.2    0.0   -0.8
    -8.579   118.475   -0.2    0.0   -0.8
    -8.517   118.475   -0.2   -0.0   -0.8
    -8.454   118.475   -0.2   -0.1   -0.8
    -8.391   118.475   -0.2   -0.1   -0.8
    -8.328   118.475   -0.2   -0.1   -0.7
    -8.265   118.475   -0.2   -0.2   -0.7
    -8.202   118.475   -0.2   -0.2   -0.7
    -8.139   118.475   -0.2   -0.2   -0.7
    -8.077   118.475   -0.1   -0.3   -0.7
    -8.014   118.475   -0.1   -0.3   -0.7
    -7.951   118.475   -0.1   -0.4   -0.6
    -7.888   118.475   -0.1   -0.4   -0.6
    -7.825   118.475   -0.0   -0.4   -0.6
    -7.762   118.475   -0.0   -0.5   -0.6
    -7.699   118.475    0.0   -0.5   -0.5
    -7.637   118.475    0.0   -0.5   -0.5
    -7.574   118.475    0.1   -0.6   -0.5
    -7.511   118.475    0.1   -0.6   -0.5
    -7.448   118.475    0.1   -0.6   -0.4
    -7.385   118.475    0.1   -0.6   -0.4
    -7.322   118.475    0.2   -0.7   -0.4
    -7.259   118.475    0.2   -0.7   -0.4
    -7.197   118.475    0.2   -0.7   -0.3
    -7.134   118.475    0.2   -0.7   -0.3
    -7.071   118.475    0.2   -0.8   -0.3
    -7.008   118.475    0.3   -0.8   -0.3
    -6.945   118.475    0.3   -0.8   -0.2
    -6.882   118.475    0.3   -0.8   -0.2
    -6.820   118.475    0.3   -0.8   -0.2
    -6.757   118.475    0.3   -0.8   -0.2
    -6.694   118.475    0.3   -0.9   -0.2
    -6.631   118.475    0.3   -0.9   -0.2
    -6.568   118.475    0.3   -0.9   -0.1
    -6.505   118.475    0.3   -0.9   -0.1
    -6.442   118.475    0.3   -0.9   -0.1
    -6.380   118.475    0.3   -0.9   -0.1
    -6.317   118.475    0.4   -0.9   -0.1
    -6.254   118.475    0.4   -0.9   -0.1
    -6.191   118.475    0.4   -0.9   -0.1
    -6.128   118.475    0.4   -0.9   -0.0
    -6.065   118.475    0.4   -0.9   -0.0
    -6.002   118.475    0.4   -0.9   -0.0
    -5.940   118.475    0.3   -0.9   -0.0
    -5.877   118.475    0.3   -0.9   -0.0
    -5.814   118.475    0.3   -0.9    0.0
    -5.751   118.475    0.3   -0.9    0.0
    -5.688   118.475    0.3   -0.9    0.0
    -5.625   118.475    0.3   -0.9    0.0
    -5.562   118.475    0.3   -0.9    0.0
    -5.500   118.475    0.3   -0.9    0.0
    -5.437   118.475    0.3   -0.9    0.0
    -5.374   118.475    0.3   -0.9    0.0
    -5.311   118.475    0.3   -0.9    0.1
    -5.248   118.475    0.3   -0.8    0.1
    -5.185   118.475    0.3   -0.8    0.1
    -5.123   118.475    0.3   -0.8    0.1
   -11.408   118.539    0.3    1.0    0.0
   -11.345   118.539    0.4    1.0    0.0
   -11.282   118.539    0.4    1.0    0.0
   -11.219   118.539    0.4    1.0    0.0
   -11.156   118.539    0.4    1.0   -0.0
   -11.093   118.539    0.4    1.0   -0.0
   -11.031   118.539    0.4    1.0   -0.0
   -10.968   118.539    0.4    1.0   -0.0
   -10.905   118.539    0.4    1.0   -0.0
   -10.842   118.539    0.4    1.0   -0.1
   -10.779   118.539    0.4    1.0   -0.1
   -10.716   118.539    0.4    1.0   -0.1
   -10.653   118.539    0.4    1.0   -0.1
   -10.591   118.539    0.4    1.0   -0.1
   -10.528   118.539    0.4    1.0   -0.1
   -10.465   118.539    0.4    1.0   -0.1
   -10.402   118.539    0.4    1.0   -0.2
   -10.339   118.539    0.4    1.0   -0.2
   -10.276   118.539    0.4    1.0   -0.2
   -10.214   118.539    0.4    1.0   -0.2
   -10.151   118.539    0.4    1.0   -0.2
   -10.088   118.539    0.4    0.9   -0.3
   -10.025   118.539    0.4    0.9   -0.3
    -9.962   118.539    0.4    0.9   -0.3
    -9.899   118.539    0.4    0.9   -0.3
    -9.836   118.539    0.4    0.8   -0.4
    -9.774   118.539    0.3    0.8   -0.4
    -9.711   118.539    0.3    0.8   -0.4
    -9.648   118.539    0.3    0.7   -0.4
    -9.585   118.539    0.3    0.7   -0.5
    -9.522   118.539    0.2    0.7   -0.5
    -9.459   118.539    0.2    0.6   -0.5
    -9.396   118.539    0.2    0.6   -0.6
    -9.334   118.539    0.1    0.5   -0.6
    -9.271   118.539    0.1    0.5   -0.6
    -9.208   118.539    0.0    0.4   -0.7
    -9.145   118.539    0.0    0.4   -0.7
    -9.082   118.539   -0.0    0.3   -0.7
    -9.019   118.539   -0.1    0.3   -0.7
    -8.956   118.539   -0.1    0.3   -0.7
    -8.894   118.539   -0.1    0.2   -0.8
    -8.831   118.539   -0.2    0.2   -0.8
    -8.768   118.539   -0.2    0.1   -0.8
    -8.705   118.539   -0.2    0.1   -0.8
    -8.642   118.539   -0.2    0.0   -0.8
    -8.579   118.539   -0.2    0.0   -0.8
    -8.517   118.539   -0.2   -0.0   -0.8
    -8.454   118.539   -0.2   -0.1   -0.8
    -8.391   118.539   -0.2   -0.1   -0.8
    -8.328   118.539   -0.2   -0.1   -0.8
    -8.265   118.539   -0.2   -0.2   -0.8
    -8.202   118.539   -0.2   -0.2   -0.8
    -8.139   118.539   -0.2   -0.3   -0.7
    -8.077   118.539   -0.1   -0.3   -0.7
    -8.014   118.539   -0.1   -0.3   -0.7
    -7.951   118.539   -0.1   -0.4   -0.7
    -7.888   118.539   -0.1   -0.4   -0.6
    -7.825   118.539   -0.0   -0.5   -0.6
    -7.762   118.539   -0.0   -0.5   -0.6
    -7.699   118.539    0.0   -0.5   -0.6
    -7.637   118.539    0.1   -0.6   -0.5
    -7.574   118.539    0.1   -0.6   -0.5
    -7.511   118.539    0.1   -0.6   -0.5
    -7.448   118.539    0.1   -0.7   -0.5
    -7.385   118.539    0.2   -0.7   -0.4
    -7.322   118.539    0.2   -0.7   -0.4
    -7.259   118.539    0.2   -0.7   -0.4
    -7.197   118.539    0.2   -0.8   -0.3
    -7.134   118.539    0.3   -0.8   -0.3
    -7.071   118.539    0.3   -0.8   -0.3
    -7.008   118.539    0.3   -0.8   -0.3
    -6.945   118.539    0.3   -0.9   -0.2
    -6.882   118.539    0.3   -0.9   -0.2
    -6.820   118.539    0.3   -0.9   -0.2
    -6.757   118.539    0.3   -0.9   -0.2
    -6.694   118.539    0.3   -0.9   -0.2
    -6.631   118.539    0.4   -0.9   -0.1
    -6.568   118.539    0.4   -0.9   -0.1
    -6.505   118.539    0.4   -0.9   -0.1
    -6.442   118.539    0.4   -0.9   -0.1
    -6.380   118.539    0.4   -1.0   -0.1
    -6.317   118.539    0.4   -1.0   -0.1
    -6.254   118.539    0.4   -1.0   -0.1
    -6.191   118.539    0.4   -1.0   -0.0
    -6.128   118.539    0.4   -1.0   -0.0
    -6.065   118.539    0.4   -1.0   -0.0
    -6.002   118.539    0.4   -1.0   -0.0
    -5.940   118.539    0.4   -1.0   -0.0
    -5.877   118.539    0.4   -0.9    0.0
    -5.814   118.539    0.4   -0.9    0.0
    -5.751   118.539    0.4   -0.9    0.0
    -5.688   118.539    0.3   -0.9    0.0
    -5.625   118.539    0.3   -0.9    0.0
    -5.562   118.539    0.3   -0.9    0.0
    -5.500   118.539    0.3   -0.9    0.0
    -5.437   118.539    0.3   -0.9    0.1
    -5.374   118.539    0.3   -0.9    0.1
    -5.311   118.539    0.3   -0.9    0.1
    -5.248   118.539    0.3   -0.9    0.1
    -5.185   118.539    0.3   -0.9    0.1
    -5.123   118.539    0.3   -0.9    0.1
   -11.408   118.603    0.4    1.0    0.0
   -11.345   118.603    0.4    1.0    0.0
   -11.282   118.603    0.4    1.0    0.0
   -11.219   118.603    0.4    1.0    0.0
   -11.156   118.603    0.4    1.0    0.0
   -11.093   118.603    0.4    1.1   -0.0
   -11.031   118.603    0.4    1.1   -0.0
   -10.968   118.603    0.4    1.1   -0.0
   -10.905   118.603    0.4    1.1   -0.0
   -10.842   118.603    0.4    1.1   -0.0
   -10.779   118.603    0.4    1.1   -0.1
   -10.716   118.603    0.4    1.1   -0.1
   -10.653   118.603    0.5    1.1   -0.1
   -10.591   118.603    0.5    1.1   -0.1
   -10.528   118.603    0.5    1.1   -0.1
   -10.465   118.603    0.5    1.1   -0.1
   -10.402   118.603    0.5    1.1   -0.1
   -10.339   118.603    0.5    1.1   -0.2
   -10.276   118.603    0.5    1.1   -0.2
   -10.214   118.603    0.5    1.0   -0.2
   -10.151   118.603    0.5    1.0   -0.2
   -10.088   118.603    0.5    1.0   -0.3
   -10.025   118.603    0.4    1.0   -0.3
    -9.962   118.603    0.4    1.0   -0.3
    -9.899   118.603    0.4    0.9   -0.3
    -9.836   118.603    0.4    0.9   -0.4
    -9.774   118.603    0.4    0.9   -0.4
    -9.711   118.603    0.4    0.8   -0.4
    -9.648   118.603    0.3    0.8   -0.5
    -9.585   118.603    0.3    0.8   -0.5
    -9.522   118.603    0.3    0.7   -0.5
    -9.459   118.603    0.2    0.7   -0.6
    -9.396   118.603    0.2    0.6   -0.6
    -9.334   118.603    0.2    0.6   -0.6
    -9.271   118.603    0.1    0.5   -0.7
    -9.208   118.603    0.1    0.5   -0.7
    -9.145   118.603    0.0    0.4   -0.7
    -9.082   118.603   -0.0    0.4   -0.7
    -9.019   118.603   -0.1    0.3   -0.8
    -8.956   118.603   -0.1    0.3   -0.8
    -8.894   118.603   -0.1    0.2   -0.8
    -8.831   118.603   -0.2    0.2   -0.8
    -8.768   118.603   -0.2    0.1   -0.8
    -8.705   118.603   -0.2    0.1   -0.8
    -8.642   118.603   -0.2    0.1   -0.8
    -8.579   118.603   -0.2    0.0   -0.8
    -8.517   118.603   -0.2   -0.0   -0.8
    -8.454   118.603   -0.2   -0.1   -0.8
    -8.391   118.603   -0.2   -0.1   -0.8
    -8.328   118.603   -0.2   -0.2   -0.8
    -8.265   118.603   -0.2   -0.2   -0.8
    -8.202   118.603   -0.2   -0.2   -0.8
    -8.139   118.603   -0.2   -0.3   -0.8
    -8.077   118.603   -0.1   -0.3   -0.8
    -8.014   118.603   -0.1   -0.4   -0.7
    -7.951   118.603   -0.1   -0.4   -0.7
    -7.888   118.603   -0.1   -0.5   -0.7
    -7.825   118.603   -0.0   -0.5   -0.6
    -7.762   118.603    0.0   -0.5   -0.6
    -7.699   118.603    0.0   -0.6   -0.6
    -7.637   118.603    0.1   -0.6   -0.6
    -7.574   118.603    0.1   -0.6   -0.5
    -7.511   118.603    0.1   -0.7   -0.5
    -7.448   118.603    0.2   -0.7   -0.5
    -7.385   118.603    0.2   -0.7   -0.4
    -7.322   118.603    0.2   -0.8   -0.4
    -7.259   118.603    0.2   -0.8   -0.4
    -7.197   118.603    0.3   -0.8   -0.3
    -7.134   118.603    0.3   -0.9   -0.3
    -7.071   118.603    0.3   -0.9   -0.3
    -7.008   118.603    0.3   -0.9   -0.3
    -6.945   118.603    0.3   -0.9   -0.2
    -6.882   118.603    0.3   -0.9   -0.2
    -6.820   118.603    0.4   -0.9   -0.2
    -6.757   118.603    0.4   -1.0   -0.2
    -6.694   118.603    0.4   -1.0   -0.2
    -6.631   118.603    0.4   -1.0   -0.1
    -6.568   118.603    0.4   -1.0   -0.1
    -6.505   118.603    0.4   -1.0   -0.1
    -6.442   118.603    0.4   -1.0   -0.1
    -6.380   118.603    0.4   -1.0   -0.1
    -6.317   118.603    0.4   -1.0   -0.1
    -6.254   118.603    0.4   -1.0   -0.0
    -6.191   118.603    0.4   -1.0   -0.0
    -6.128   118.603    0.4   -1.0   -0.0
    -6.065   118.603    0.4   -1.0   -0.0
    -6.002   118.603    0.4   -1.0   -0.0
    -5.940   118.603    0.4   -1.0    0.0
    -5.877   118.603    0.4   -1.0    0.0
    -5.814   118.603    0.4   -1.0    0.0
    -5.751   118.603    0.4   -1.0    0.0
    -5.688   118.603    0.4   -1.0    0.0
    -5.625   118.603    0.4   -1.0    0.0
    -5.562   118.603    0.3   -1.0    0.0
    -5.500   118.603    0.3   -1.0    0.1
    -5.437   118.603    0.3   -0.9    0.1
    -5.374   118.603    0.3   -0.9    0.1
    -5.311   118.603    0.3   -0.9    0.1
    -5.248   118.603    0.3   -0.9    0.1
    -5.185   118.603    0.3   -0.9    0.1
    -5.123   118.603    0.3   -0.9    0.1
   -11.408   118.666    0.4    1.0    0.0
   -11.345   118.666    0.4    1.1    0.0
   -11.282   118.666    0.4    1.1    0.0
   -11.219   118.666    0.4    1.1    0.0
   -11.156   118.666    0.4    1.1    0.0
   -11.093   118.666    0.4    1.1    0.0
   -11.031   118.666    0.4    1.1   -0.0
   -10.968   118.666    0.4    1.1   -0.0
   -10.905   118.666    0.4    1.1   -0.0
   -10.842   118.666    0.5    1.1   -0.0
   -10.779   118.666    0.5    1.1   -0.0
   -10.716   118.666    0.5    1.2   -0.1
   -10.653   118.666    0.5    1.2   -0.1
   -10.591   118.666    0.5    1.2   -0.1
   -10.528   118.666    0.5    1.2   -0.1
   -10.465   118.666    0.5    1.2   -0.1
   -10.402   118.666    0.5    1.1   -0.1
   -10.339   118.666    0.5    1.1   -0.2
   -10.276   118.666    0.5    1.1   -0.2
   -10.214   118.666    0.5    1.1   -0.2
   -10.151   118.666    0.5    1.1   -0.2
   -10.088   118.666    0.5    1.1   -0.3
   -10.025   118.666    0.5    1.1   -0.3
    -9.962   118.666    0.5    1.0   -0.3
    -9.899   118.666    0.5    1.0   -0.3
    -9.836   118.666    0.4    1.0   -0.4
    -9.774   118.666    0.4    1.0   -0.4
    -9.711   118.666    0.4    0.9   -0.4
    -9.648   118.666    0.4    0.9   -0.5
    -9.585   118.666    0.3    0.8   -0.5
    -9.522   118.666    0.3    0.8   -0.5
    -9.459   118.666    0.3    0.7   -0.6
    -9.396   118.666    0.2    0.7   -0.6
    -9.334   118.666    0.2    0.6   -0.6
    -9.271   118.666    0.1    0.6   -0.7
    -9.208   118.666    0.1    0.5   -0.7
    -9.145   118.666    0.0    0.5   -0.7
    -9.082   118.666   -0.0    0.4   -0.8
    -9.019   118.666   -0.1    0.4   -0.8
    -8.956   118.666   -0.1    0.3   -0.8
    -8.894   118.666   -0.1    0.3   -0.8
    -8.831   118.666   -0.2    0.2   -0.9
    -8.768   118.666   -0.2    0.2   -0.9
    -8.705   118.666   -0.2    0.1   -0.9
    -8.642   118.666   -0.2    0.1   -0.9
    -8.579   118.666   -0.3    0.0   -0.9
    -8.517   118.666   -0.3   -0.0   -0.9
    -8.454   118.666   -0.3   -0.1   -0.9
    -8.391   118.666   -0.2   -0.1   -0.9
    -8.328   118.666   -0.2   -0.2   -0.9
    -8.265   118.666   -0.2   -0.2   -0.8
    -8.202   118.666   -0.2   -0.3   -0.8
    -8.139   118.666   -0.2   -0.3   -0.8
    -8.077   118.666   -0.1   -0.4   -0.8
    -8.014   118.666   -0.1   -0.4   -0.8
    -7.951   118.666   -0.1   -0.5   -0.7
    -7.888   118.666   -0.0   -0.5   -0.7
    -7.825   118.666   -0.0   -0.5   -0.7
    -7.762   118.666    0.0   -0.6   -0.6
    -7.699   118.666    0.1   -0.6   -0.6
    -7.637   118.666    0.1   -0.7   -0.6
    -7.574   118.666    0.1   -0.7   -0.5
    -7.511   118.666    0.2   -0.7   -0.5
    -7.448   118.666    0.2   -0.8   -0.5
    -7.385   118.666    0.2   -0.8   -0.4
    -7.322   118.666    0.2   -0.8   -0.4
    -7.259   118.666    0.3   -0.9   -0.4
    -7.197   118.666    0.3   -0.9   -0.3
    -7.134   118.666    0.3   -0.9   -0.3
    -7.071   118.666    0.3   -0.9   -0.3
    -7.008   118.666    0.3   -1.0   -0.3
    -6.945   118.666    0.4   -1.0   -0.2
    -6.882   118.666    0.4   -1.0   -0.2
    -6.820   118.666    0.4   -1.0   -0.2
    -6.757   118.666    0.4   -1.0   -0.2
    -6.694   118.666    0.4   -1.0   -0.2
    -6.631   118.666    0.4   -1.0   -0.1
    -6.568   118.666    0.4   -1.0   -0.1
    -6.505   118.666    0.4   -1.1   -0.1
    -6.442   118.666    0.4   -1.1   -0.1
    -6.380   118.666    0.4   -1.1   -0.1
    -6.317   118.666    0.4   -1.1   -0.1
    -6.254   118.666    0.4   -1.1   -0.0
    -6.191   118.666    0.4   -1.1   -0.0
    -6.128   118.666    0.4   -1.1   -0.0
    -6.065   118.666    0.4   -1.1   -0.0
    -6.002   118.666    0.4   -1.1    0.0
    -5.940   118.666    0.4   -1.0    0.0
    -5.877   118.666    0.4   -1.0    0.0
    -5.814   118.666    0.4   -1.0    0.0
    -5.751   118.666    0.4   -1.0    0.0
    -5.688   118.666    0.4   -1.0    0.0
    -5.625   118.666    0.4   -1.0    0.1
    -5.562   118.666    0.4   -1.0    0.1
    -5.500   118.666    0.4   -1.0    0.1
    -5.437   118.666    0.3   -1.0    0.1
    -5.374   118.666    0.3   -1.0    0.1
    -5.311   118.666    0.3   -1.0    0.1
    -5.248   118.666    0.3   -0.9    0.1
    -5.185   118.666    0.3   -0.9    0.1
    -5.123   118.666    0.3   -0.9    0.1
   -11.408   118.730    0.4    1.1    0.0
   -11.345   118.730    0.4    1.1    0.0
   -11.282   118.730    0.4    1.1    0.0
   -11.219   118.730    0.4    1.1    0.0
   -11.156   118.730    0.4    1.2    0.0
   -11.093   118.730    0.4    1.2    0.0
   -11.031   118.730    0.4    1.2    0.0
   -10.968   118.730    0.4    1.2   -0.0
   -10.905   118.730    0.5    1.2   -0.0
   -10.842   118.730    0.5    1.2   -0.0
   -10.779   118.730    0.5    1.2   -0.0
   -10.716   118.730    0.5    1.2   -0.1
   -10.653   118.730    0.5    1.2   -0.1
   -10.591   118.730    0.5    1.2   -0.1
   -10.528   118.730    0.5    1.2   -0.1
   -10.465   118.730    0.5    1.2   -0.1
   -10.402   118.730    0.5    1.2   -0.1
   -10.339   118.730    0.5    1.2   -0.2
   -10.276   118.730    0.5    1.2   -0.2
   -10.214   118.730    0.5    1.2   -0.2
   -10.151   118.730    0.5    1.2   -0.2
   -10.088   118.730    0.5    1.2   -0.3
   -10.025   118.730    0.5    1.2   -0.3
    -9.962   118.730    0.5    1.1   -0.3
    -9.899   118.730    0.5    1.1   -0.3
    -9.836   118.730    0.5    1.1   -0.4
    -9.774   118.730    0.5    1.0   -0.4
    -9.711   118.730    0.5    1.0   -0.4
    -9.648   118.730    0.4    1.0   -0.5
    -9.585   118.730    0.4    0.9   -0.5
    -9.522   118.730    0.4    0.9   -0.6
    -9.459   118.730    0.3    0.8   -0.6
    -9.396   118.730    0.3    0.8   -0.6
    -9.334   118.730    0.2    0.7   -0.7
    -9.271   118.730    0.2    0.6   -0.7
    -9.208   118.730    0.1    0.6   -0.7
    -9.145   118.730    0.1    0.5   -0.8
    -9.082   118.730    0.0    0.5   -0.8
    -9.019   118.730   -0.0    0.4   -0.8
    -8.956   118.730   -0.1    0.3   -0.9
    -8.894   118.730   -0.1    0.3   -0.9
    -8.831   118.730   -0.2    0.2   -0.9
    -8.768   118.730   -0.2    0.2   -0.9
    -8.705   118.730   -0.2    0.1   -0.9
    -8.642   118.730   -0.3    0.1   -0.9
    -8.579   118.730   -0.3    0.0   -0.9
    -8.517   118.730   -0.3   -0.0   -0.9
    -8.454   118.730   -0.3   -0.1   -0.9
    -8.391   118.730   -0.3   -0.1   -0.9
    -8.328   118.730   -0.2   -0.2   -0.9
    -8.265   118.730   -0.2   -0.2   -0.9
    -8.202   118.730   -0.2   -0.3   -0.9
    -8.139   118.730   -0.2   -0.3   -0.8
    -8.077   118.730   -0.1   -0.4   -0.8
    -8.014   118.730   -0.1   -0.4   -0.8
    -7.951   118.730   -0.1   -0.5   -0.8
    -7.888   118.730   -0.0   -0.5   -0.7
    -7.825   118.730    0.0   -0.6   -0.7
    -7.762   118.730    0.0   -0.6   -0.7
    -7.699   118.730    0.1   -0.7   -0.6
    -7.637   118.730    0.1   -0.7   -0.6
    -7.574   118.730    0.1   -0.8   -0.6
    -7.511   118.730    0.2   -0.8   -0.5
    -7.448   118.730    0.2   -0.8   -0.5
    -7.385   118.730    0.2   -0.9   -0.4
    -7.322   118.730    0.3   -0.9   -0.4
    -7.259   118.730    0.3   -0.9   -0.4
    -7.197   118.730    0.3   -1.0   -0.4
    -7.134   118.730    0.3   -1.0   -0.3
    -7.071   118.730    0.4   -1.0   -0.3
    -7.008   118.730    0.4   -1.0   -0.3
    -6.945   118.730    0.4   -1.0   -0.2
    -6.882   118.730    0.4   -1.1   -0.2
    -6.820   118.730    0.4   -1.1   -0.2
    -6.757   118.730    0.4   -1.1   -0.2
    -6.694   118.730    0.4   -1.1   -0.1
    -6.631   118.730    0.4   -1.1   -0.1
    -6.568   118.730    0.4   -1.1   -0.1
    -6.505   118.730    0.4   -1.1   -0.1
    -6.442   118.730    0.4   -1.1   -0.1
    -6.380   118.730    0.4   -1.1   -0.1
    -6.317   118.730    0.4   -1.1   -0.0
    -6.254   118.730    0.4   -1.1   -0.0
    -6.191   118.730    0.4   -1.1   -0.0
    -6.128   118.730    0.4   -1.1   -0.0
    -6.065   118.730    0.4   -1.1    0.0
    -6.002   118.730    0.4   -1.1    0.0
    -5.940   118.730    0.4   -1.1    0.0
    -5.877   118.730    0.4   -1.1    0.0
    -5.814   118.730    0.4   -1.1    0.0
    -5.751   118.730    0.4   -1.1    0.0
    -5.688   118.730    0.4   -1.1    0.1
    -5.625   118.730    0.4   -1.1    0.1
    -5.562   118.730    0.4   -1.0    0.1
    -5.500   118.730    0.4   -1.0    0.1
    -5.437   118.730    0.4   -1.0    0.1
    -5.374   118.730    0.3   -1.0    0.1
    -5.311   118.730    0.3   -1.0    0.1
    -5.248   118.730    0.3   -1.0    0.1
    -5.185   118.730    0.3   -1.0    0.1
    -5.123   118.730    0.3   -1.0    0.1
   -11.408   118.793    0.4    1.1    0.1
   -11.345   118.793    0.4    1.2    0.1
   -11.282   118.793    0.4    1.2    0.0
   -11.219   118.793    0.4    1.2    0.0
   -11.156   118.793    0.4    1.2    0.0
   -11.093   118.793    0.4    1.2    0.0
   -11.031   118.793    0.5    1.2    0.0
   -10.968   118.793    0.5    1.2    0.0
   -10.905   118.793    0.5    1.3   -0.0
   -10.842   118.793    0.5    1.3   -0.0
   -10.779   118.793    0.5    1.3   -0.0
   -10.716   118.793    0.5    1.3   -0.0
   -10.653   118.793    0.5    1.3   -0.1
   -10.591   118.793    0.5    1.3   -0.1
   -10.528   118.793    0.5    1.3   -0.1
   -10.465   118.793    0.6    1.3   -0.1
   -10.402   118.793    0.6    1.3   -0.1
   -10.339   118.793    0.6    1.3   -0.1
   -10.276   118.793    0.6    1.3   -0.2
   -10.214   118.793    0.6    1.3   -0.2
   -10.151   118.793    0.6    1.3   -0.2
   -10.088   118.793    0.6    1.3   -0.2
   -10.025   118.793    0.6    1.3   -0.3
    -9.962   118.793    0.6    1.2   -0.3
    -9.899   118.793    0.6    1.2   -0.3
    -9.836   118.793    0.5    1.2   -0.4
    -9.774   118.793    0.5    1.1   -0.4
    -9.711   118.793    0.5    1.1   -0.4
    -9.648   118.793    0.5    1.1   -0.5
    -9.585   118.793    0.4    1.0   -0.5
    -9.522   118.793    0.4    0.9   -0.6
    -9.459   118.793    0.4    0.9   -0.6
    -9.396   118.793    0.3    0.8   -0.7
    -9.334   118.793    0.3    0.8   -0.7
    -9.271   118.793    0.2    0.7   -0.7
    -9.208   118.793    0.2    0.6   -0.8
    -9.145   118.793    0.1    0.6   -0.8
    -9.082   118.793    0.0    0.5   -0.8
    -9.019   118.793   -0.0    0.4   -0.9
    -8.956   118.793   -0.1    0.4   -0.9
    -8.894   118.793   -0.1    0.3   -0.9
    -8.831   118.793   -0.2    0.2   -1.0
    -8.768   118.793   -0.2    0.2   -1.0
    -8.705   118.793   -0.2    0.1   -1.0
    -8.642   118.793   -0.3    0.1   -1.0
    -8.579   118.793   -0.3    0.0   -1.0
    -8.517   118.793   -0.3   -0.0   -1.0
    -8.454   118.793   -0.3   -0.1   -1.0
    -8.391   118.793   -0.3   -0.2   -1.0
    -8.328   118.793   -0.3   -0.2   -1.0
    -8.265   118.793   -0.2   -0.3   -0.9
    -8.202   118.793   -0.2   -0.3   -0.9
    -8.139   118.793   -0.2   -0.4   -0.9
    -8.077   118.793   -0.1   -0.4   -0.9
    -8.014   118.793   -0.1   -0.5   -0.8
    -7.951   118.793   -0.1   -0.5   -0.8
    -7.888   118.793   -0.0   -0.6   -0.8
    -7.825   118.793    0.0   -0.6   -0.7
    -7.762   118.793    0.1   -0.7   -0.7
    -7.699   118.793    0.1   -0.7   -0.6
    -7.637   118.793    0.1   -0.8   -0.6
    -7.574   118.793    0.2   -0.8   -0.6
    -7.511   118.793    0.2   -0.9   -0.5
    -7.448   118.793    0.2   -0.9   -0.5
    -7.385   118.793    0.3   -0.9   -0.5
    -7.322   118.793    0.3   -1.0   -0.4
    -7.259   118.793    0.3   -1.0   -0.4
    -7.197   118.793    0.3   -1.0   -0.4
    -7.134   118.793    0.4   -1.1   -0.3
    -7.071   118.793    0.4   -1.1   -0.3
    -7.008   118.793    0.4   -1.1   -0.3
    -6.945   118.793    0.4   -1.1   -0.2
    -6.882   118.793    0.4   -1.1   -0.2
    -6.820   118.793    0.4   -1.2   -0.2
    -6.757   118.793    0.4   -1.2   -0.2
    -6.694   118.793    0.4   -1.2   -0.1
    -6.631   118.793    0.5   -1.2   -0.1
    -6.568   118.793    0.5   -1.2   -0.1
    -6.505   118.793    0.5   -1.2   -0.1
    -6.442   118.793    0.5   -1.2   -0.1
    -6.380   118.793    0.5   -1.2   -0.0
    -6.317   118.793    0.5   -1.2   -0.0
    -6.254   118.793    0.4   -1.2   -0.0
    -6.191   118.793    0.4   -1.2   -0.0
    -6.128   118.793    0.4   -1.2    0.0
    -6.065   118.793    0.4   -1.2    0.0
    -6.002   118.793    0.4   -1.2    0.0
    -5.940   118.793    0.4   -1.2    0.0
    -5.877   118.793    0.4   -1.1    0.0
    -5.814   118.793    0.4   -1.1    0.1
    -5.751   118.793    0.4   -1.1    0.1
    -5.688   118.793    0.4   -1.1    0.1
    -5.625   118.793    0.4   -1.1    0.1
    -5.562   118.793    0.4   -1.1    0.1
    -5.500   118.793    0.4   -1.1    0.1
    -5.437   118.793    0.4   -1.1    0.1
    -5.374   118.793    0.4   -1.0    0.1
    -5.311   118.793    0.3   -1.0    0.1
    -5.248   118.793    0.3   -1.0    0.1
    -5.185   118.793    0.3   -1.0    0.1
    -5.123   118.793    0.3   -1.0    0.1
   -11.408   118.857    0.4    1.2    0.1
   -11.345   118.857    0.4    1.2    0.1
   -11.282   118.857    0.4    1.2    0.1
   -11.219   118.857    0.4    1.2    0.0
   -11.156   118.857    0.4    1.3    0.0
   -11.093   118.857    0.5    1.3    0.0
   -11.031   118.857    0.5    1.3    0.0
   -10.968   118.857    0.5    1.3    0.0
   -10.905   118.857    0.5    1.3    0.0
   -10.842   118.857    0.5    1.3   -0.0
   -10.779   118.857    0.5    1.4   -0.0
   -10.716   118.857    0.5    1.4   -0.0
   -10.653   118.857    0.5    1.4   -0.0
   -10.591   118.857    0.6    1.4   -0.1
   -10.528   118.857    0.6    1.4   -0.1
   -10.465   118.857    0.6    1.4   -0.1
   -10.402   118.857    0.6    1.4   -0.1
   -10.339   118.857    0.6    1.4   -0.1
   -10.276   118.857    0.6    1.4   -0.2
   -10.214   118.857    0.6    1.4   -0.2
   -10.151   118.857    0.6    1.4   -0.2
   -10.088   118.857    0.6    1.4   -0.2
   -10.025   118.857    0.6    1.4   -0.3
    -9.962   118.857    0.6    1.3   -0.3
    -9.899   118.857    0.6    1.3   -0.3
    -9.836   118.857    0.6    1.3   -0.4
    -9.774   118.857    0.6    1.2   -0.4
    -9.711   118.857    0.6    1.2   -0.5
    -9.648   118.857    0.5    1.2   -0.5
    -9.585   118.857    0.5    1.1   -0.5
    -9.522   118.857    0.5    1.0   -0.6
    -9.459   118.857    0.4    1.0   -0.6
    -9.396   118.857    0.4    0.9   -0.7
    -9.334   118.857    0.3    0.8   -0.7
    -9.271   118.857    0.3    0.8   -0.8
    -9.208   118.857    0.2    0.7   -0.8
    -9.145   118.857    0.1    0.6   -0.9
    -9.082   118.857    0.1    0.6   -0.9
    -9.019   118.857   -0.0    0.5   -0.9
    -8.956   118.857   -0.1    0.4   -1.0
    -8.894   118.857   -0.1    0.3   -1.0
    -8.831   118.857   -0.2    0.3   -1.0
    -8.768   118.857   -0.2    0.2   -1.0
    -8.705   118.857   -0.3    0.1   -1.0
    -8.642   118.857   -0.3    0.1   -1.1
    -8.579   118.857   -0.3    0.0   -1.1
    -8.517   118.857   -0.3   -0.1   -1.1
    -8.454   118.857   -0.3   -0.1   -1.0
    -8.391   118.857   -0.3   -0.2   -1.0
    -8.328   118.857   -0.3   -0.2   -1.0
    -8.265   118.857   -0.2   -0.3   -1.0
    -8.202   118.857   -0.2   -0.4   -1.0
    -8.139   118.857   -0.2   -0.4   -0.9
    -8.077   118.857   -0.1   -0.5   -0.9
    -8.014   118.857   -0.1   -0.5   -0.9
    -7.951   118.857   -0.1   -0.6   -0.8
    -7.888   118.857   -0.0   -0.7   -0.8
    -7.825   118.857    0.0   -0.7   -0.8
    -7.762   118.857    0.1   -0.8   -0.7
    -7.699   118.857    0.1   -0.8   -0.7
    -7.637   118.857    0.2   -0.9   -0.6
    -7.574   118.857    0.2   -0.9   -0.6
    -7.511   118.857    0.2   -0.9   -0.5
    -7.448   118.857    0.3   -1.0   -0.5
    -7.385   118.857    0.3   -1.0   -0.5
    -7.322   118.857    0.3   -1.1   -0.4
    -7.259   118.857    0.4   -1.1   -0.4
    -7.197   118.857    0.4   -1.1   -0.4
    -7.134   118.857    0.4   -1.1   -0.3
    -7.071   118.857    0.4   -1.2   -0.3
    -7.008   118.857    0.4   -1.2   -0.3
    -6.945   118.857    0.4   -1.2   -0.2
    -6.882   118.857    0.5   -1.2   -0.2
    -6.820   118.857    0.5   -1.2   -0.2
    -6.757   118.857    0.5   -1.2   -0.1
    -6.694   118.857    0.5   -1.2   -0.1
    -6.631   118.857    0.5   -1.3   -0.1
    -6.568   118.857    0.5   -1.3   -0.1
    -6.505   118.857    0.5   -1.3   -0.1
    -6.442   118.857    0.5   -1.3   -0.0
    -6.380   118.857    0.5   -1.3   -0.0
    -6.317   118.857    0.5   -1.3   -0.0
    -6.254   118.857    0.5   -1.2   -0.0
    -6.191   118.857    0.5   -1.2    0.0
    -6.128   118.857    0.5   -1.2    0.0
    -6.065   118.857    0.5   -1.2    0.0
    -6.002   118.857    0.4   -1.2    0.0
    -5.940   118.857    0.4   -1.2    0.0
    -5.877   118.857    0.4   -1.2    0.1
    -5.814   118.857    0.4   -1.2    0.1
    -5.751   118.857    0.4   -1.2    0.1
    -5.688   118.857    0.4   -1.2    0.1
    -5.625   118.857    0.4   -1.1    0.1
    -5.562   118.857    0.4   -1.1    0.1
    -5.500   118.857    0.4   -1.1    0.1
    -5.437   118.857    0.4   -1.1    0.1
    -5.374   118.857    0.4   -1.1    0.1
    -5.311   118.857    0.4   -1.1    0.1
    -5.248   118.857    0.3   -1.1    0.1
    -5.185   118.857    0.3   -1.0    0.1
    -5.123   118.857    0.3   -1.0    0.1
   -11.408   118.920    0.4    1.2    0.1
   -11.345   118.920    0.4    1.3    0.1
   -11.282   118.920    0.4    1.3    0.1
   -11.219   118.920    0.4    1.3    0.1
   -11.156   118.920    0.5    1.3    0.1
   -11.093   118.920    0.5    1.3    0.0
   -11.031   118.920    0.5    1.4    0.0
   -10.968   118.920    0.5    1.4    0.0
   -10.905   118.920    0.5    1.4    0.0
   -10.842   118.920    0.5    1.4    0.0
   -10.779   118.920    0.5    1.4   -0.0
   -10.716   118.920    0.6    1.5   -0.0
   -10.653   118.920    0.6    1.5   -0.0
   -10.591   118.920    0.6    1.5   -0.0
   -10.528   118.920    0.6    1.5   -0.1
   -10.465   118.920    0.6    1.5   -0.1
   -10.402   118.920    0.6    1.5   -0.1
   -10.339   118.920    0.6    1.5   -0.1
   -10.276   118.920    0.7    1.5   -0.1
   -10.214   118.920    0.7    1.5   -0.2
   -10.151   118.920    0.7    1.5   -0.2
   -10.088   118.920    0.7    1.5   -0.2
   -10.025   118.920    0.7    1.5   -0.3
    -9.962   118.920    0.7    1.5   -0.3
    -9.899   118.920    0.7    1.4   -0.3
    -9.836   118.920    0.7    1.4   -0.4
    -9.774   118.920    0.7    1.4   -0.4
    -9.711   118.920    0.6    1.3   -0.5
    -9.648   118.920    0.6    1.3   -0.5
    -9.585   118.920    0.6    1.2   -0.6
    -9.522   118.920    0.5    1.2   -0.6
    -9.459   118.920    0.5    1.1   -0.7
    -9.396   118.920    0.4    1.0   -0.7
    -9.334   118.920    0.4    0.9   -0.8
    -9.271   118.920    0.3    0.9   -0.8
    -9.208   118.920    0.3    0.8   -0.9
    -9.145   118.920    0.2    0.7   -0.9
    -9.082   118.920    0.1    0.6   -0.9
    -9.019   118.920    0.0    0.5   -1.0
    -8.956   118.920   -0.1    0.5   -1.0
    -8.894   118.920   -0.1    0.4   -1.0
    -8.831   118.920   -0.2    0.3   -1.1
    -8.768   118.920   -0.2    0.2   -1.1
    -8.705   118.920   -0.3    0.2   -1.1
    -8.642   118.920   -0.3    0.1   -1.1
    -8.579   118.920   -0.3    0.0   -1.1
    -8.517   118.920   -0.3   -0.1   -1.1
    -8.454   118.920   -0.3   -0.1   -1.1
    -8.391   118.920   -0.3   -0.2   -1.1
    -8.328   118.920   -0.3   -0.3   -1.1
    -8.265   118.920   -0.2   -0.3   -1.1
    -8.202   118.920   -0.2   -0.4   -1.0
    -8.139   118.920   -0.2   -0.5   -1.0
    -8.077   118.920   -0.1   -0.5   -1.0
    -8.014   118.920   -0.1   -0.6   -0.9
    -7.951   118.920   -0.0   -0.7   -0.9
    -7.888   118.920    0.0   -0.7   -0.8
    -7.825   118.920    0.1   -0.8   -0.8
    -7.762   118.920    0.1   -0.8   -0.7
    -7.699   118.920    0.1   -0.9   -0.7
    -7.637   118.920    0.2   -0.9   -0.6
    -7.574   118.920    0.2   -1.0   -0.6
    -7.511   118.920    0.3   -1.0   -0.6
    -7.448   118.920    0.3   -1.1   -0.5
    -7.385   118.920    0.3   -1.1   -0.5
    -7.322   118.920    0.4   -1.1   -0.4
    -7.259   118.920    0.4   -1.2   -0.4
    -7.197   118.920    0.4   -1.2   -0.3
    -7.134   118.920    0.4   -1.2   -0.3
    -7.071   118.920    0.5   -1.3   -0.3
    -7.008   118.920    0.5   -1.3   -0.2
    -6.945   118.920    0.5   -1.3   -0.2
    -6.882   118.920    0.5   -1.3   -0.2
    -6.820   118.920    0.5   -1.3   -0.2
    -6.757   118.920    0.5   -1.3   -0.1
    -6.694   118.920    0.5   -1.3   -0.1
    -6.631   118.920    0.5   -1.3   -0.1
    -6.568   118.920    0.5   -1.3   -0.1
    -6.505   118.920    0.5   -1.3   -0.1
    -6.442   118.920    0.5   -1.3   -0.0
    -6.380   118.920    0.5   -1.3   -0.0
    -6.317   118.920    0.5   -1.3   -0.0
    -6.254   118.920    0.5   -1.3    0.0
    -6.191   118.920    0.5   -1.3    0.0
    -6.128   118.920    0.5   -1.3    0.0
    -6.065   118.920    0.5   -1.3    0.0
    -6.002   118.920    0.5   -1.3    0.1
    -5.940   118.920    0.5   -1.3    0.1
    -5.877   118.920    0.4   -1.3    0.1
    -5.814   118.920    0.4   -1.2    0.1
    -5.751   118.920    0.4   -1.2    0.1
    -5.688   118.920    0.4   -1.2    0.1
    -5.625   118.920    0.4   -1.2    0.1
    -5.562   118.920    0.4   -1.2    0.1
    -5.500   118.920    0.4   -1.2    0.1
    -5.437   118.920    0.4   -1.1    0.1
    -5.374   118.920    0.4   -1.1    0.1
    -5.311   118.920    0.4   -1.1    0.1
    -5.248   118.920    0.4   -1.1    0.1
    -5.185   118.920    0.3   -1.1    0.1
    -5.123   118.920    0.3   -1.1    0.1
   -11.408   118.984    0.4    1.3    0.1
   -11.345   118.984    0.4    1.3    0.1
   -11.282   118.984    0.4    1.3    0.1
   -11.219   118.984    0.5    1.4    0.1
   -11.156   118.984    0.5    1.4    0.1
   -11.093   118.984    0.5    1.4    0.1
   -11.031   118.984    0.5    1.4    0.0
   -10.968   118.984    0.5    1.5    0.0
   -10.905   118.984    0.5    1.5    0.0
   -10.842   118.984    0.5    1.5    0.0
   -10.779   118.984    0.6    1.5    0.0
   -10.716   118.984    0.6    1.5   -0.0
   -10.653   118.984    0.6    1.6   -0.0
   -10.591   118.984    0.6    1.6   -0.0
   -10.528   118.984    0.6    1.6   -0.1
   -10.465   118.984    0.6    1.6   -0.1
   -10.402   118.984    0.7    1.6   -0.1
   -10.339   118.984    0.7    1.6   -0.1
   -10.276   118.984    0.7    1.6   -0.1
   -10.214   118.984    0.7    1.6   -0.2
   -10.151   118.984    0.7    1.6   -0.2
   -10.088   118.984    0.7    1.6   -0.2
   -10.025   118.984    0.7    1.6   -0.3
    -9.962   118.984    0.7    1.6   -0.3
    -9.899   118.984    0.7    1.6   -0.3
    -9.836   118.984    0.7    1.5   -0.4
    -9.774   118.984    0.7    1.5   -0.4
    -9.711   118.984    0.7    1.5   -0.5
    -9.648   118.984    0.7    1.4   -0.5
    -9.585   118.984    0.7    1.4   -0.6
    -9.522   118.984    0.6    1.3   -0.6
    -9.459   118.984    0.6    1.2   -0.7
    -9.396   118.984    0.5    1.1   -0.7
    -9.334   118.984    0.5    1.1   -0.8
    -9.271   118.984    0.4    1.0   -0.8
    -9.208   118.984    0.3    0.9   -0.9
    -9.145   118.984    0.2    0.8   -0.9
    -9.082   118.984    0.1    0.7   -1.0
    -9.019   118.984    0.1    0.6   -1.0
    -8.956   118.984   -0.0    0.5   -1.1
    -8.894   118.984   -0.1    0.4   -1.1
    -8.831   118.984   -0.2    0.3   -1.1
    -8.768   118.984   -0.2    0.2   -1.2
    -8.705   118.984   -0.3    0.2   -1.2
    -8.642   118.984   -0.3    0.1   -1.2
    -8.579   118.984   -0.3    0.0   -1.2
    -8.517   118.984   -0.3   -0.1   -1.2
    -8.454   118.984   -0.3   -0.2   -1.2
    -8.391   118.984   -0.3   -0.2   -1.2
    -8.328   118.984   -0.3   -0.3   -1.1
    -8.265   118.984   -0.2   -0.4   -1.1
    -8.202   118.984   -0.2   -0.5   -1.1
    -8.139   118.984   -0.2   -0.5   -1.0
    -8.077   118.984   -0.1   -0.6   -1.0
    -8.014   118.984   -0.1   -0.7   -1.0
    -7.951   118.984   -0.0   -0.7   -0.9
    -7.888   118.984    0.0   -0.8   -0.9
    -7.825   118.984    0.1   -0.9   -0.8
    -7.762   118.984    0.1   -0.9   -0.8
    -7.699   118.984    0.2   -1.0   -0.7
    -7.637   118.984    0.2   -1.0   -0.7
    -7.574   118.984    0.3   -1.1   -0.6
    -7.511   118.984    0.3   -1.1   -0.6
    -7.448   118.984    0.3   -1.2   -0.5
    -7.385   118.984    0.4   -1.2   -0.5
    -7.322   118.984    0.4   -1.2   -0.4
    -7.259   118.984    0.4   -1.3   -0.4
    -7.197   118.984    0.5   -1.3   -0.3
    -7.134   118.984    0.5   -1.3   -0.3
    -7.071   118.984    0.5   -1.4   -0.3
    -7.008   118.984    0.5   -1.4   -0.2
    -6.945   118.984    0.5   -1.4   -0.2
    -6.882   118.984    0.5   -1.4   -0.2
    -6.820   118.984    0.5   -1.4   -0.1
    -6.757   118.984    0.5   -1.4   -0.1
    -6.694   118.984    0.5   -1.4   -0.1
    -6.631   118.984    0.5   -1.4   -0.1
    -6.568   118.984    0.5   -1.4   -0.1
    -6.505   118.984    0.5   -1.4   -0.0
    -6.442   118.984    0.5   -1.4   -0.0
    -6.380   118.984    0.5   -1.4   -0.0
    -6.317   118.984    0.5   -1.4    0.0
    -6.254   118.984    0.5   -1.4    0.0
    -6.191   118.984    0.5   -1.4    0.0
    -6.128   118.984    0.5   -1.4    0.0
    -6.065   118.984    0.5   -1.4    0.1
    -6.002   118.984    0.5   -1.3    0.1
    -5.940   118.984    0.5   -1.3    0.1
    -5.877   118.984    0.5   -1.3    0.1
    -5.814   118.984    0.4   -1.3    0.1
    -5.751   118.984    0.4   -1.3    0.1
    -5.688   118.984    0.4   -1.3    0.1
    -5.625   118.984    0.4   -1.2    0.1
    -5.562   118.984    0.4   -1.2    0.1
    -5.500   118.984    0.4   -1.2    0.1
    -5.437   118.984    0.4   -1.2    0.1
    -5.374   118.984    0.4   -1.2    0.1
    -5.311   118.984    0.4   -1.2    0.1
    -5.248   118.984    0.4   -1.1    0.1
    -5.185   118.984    0.3   -1.1    0.1
    -5.123   118.984    0.3   -1.1    0.1
   -11.408   119.047    0.4    1.3    0.1
   -11.345   119.047    0.4    1.4    0.1
   -11.282   119.047    0.4    1.4    0.1
   -11.219   119.047    0.5    1.4    0.1
   -11.156   119.047    0.5    1.5    0.1
   -11.093   119.047    0.5    1.5    0.1
   -11.031   119.047    0.5    1.5    0.1
   -10.968   119.047    0.5    1.5    0.1
   -10.905   119.047    0.5    1.6    0.0
   -10.842   119.047    0.6    1.6    0.0
   -10.779   119.047    0.6    1.6    0.0
   -10.716   119.047    0.6    1.6    0.0
   -10.653   119.047    0.6    1.7   -0.0
   -10.591   119.047    0.6    1.7   -0.0
   -10.528   119.047    0.7    1.7   -0.0
   -10.465   119.047    0.7    1.7   -0.1
   -10.402   119.047    0.7    1.7   -0.1
   -10.339   119.047    0.7    1.7   -0.1
   -10.276   119.047    0.7    1.8   -0.1
   -10.214   119.047    0.8    1.8   -0.2
   -10.151   119.047    0.8    1.8   -0.2
   -10.088   119.047    0.8    1.8   -0.2
   -10.025   119.047    0.8    1.8   -0.2
    -9.962   119.047    0.8    1.7   -0.3
    -9.899   119.047    0.8    1.7   -0.3
    -9.836   119.047    0.8    1.7   -0.4
    -9.774   119.047    0.8    1.7   -0.4
    -9.711   119.047    0.8    1.6   -0.5
    -9.648   119.047    0.8    1.6   -0.5
    -9.585   119.047    0.8    1.5   -0.6
    -9.522   119.047    0.7    1.5   -0.6
    -9.459   119.047    0.7    1.4   -0.7
    -9.396   119.047    0.6    1.3   -0.8
    -9.334   119.047    0.6    1.2   -0.8
    -9.271   119.047    0.5    1.1   -0.9
    -9.208   119.047    0.4    1.0   -0.9
    -9.145   119.047    0.3    0.9   -1.0
    -9.082   119.047    0.2    0.8   -1.0
    -9.019   119.047    0.1    0.7   -1.1
    -8.956   119.047   -0.0    0.6   -1.1
    -8.894   119.047   -0.1    0.5   -1.2
    -8.831   119.047   -0.2    0.4   -1.2
    -8.768   119.047   -0.2    0.3   -1.2
    -8.705   119.047   -0.3    0.2   -1.3
    -8.642   119.047   -0.3    0.1   -1.3
    -8.579   119.047   -0.3    0.0   -1.3
    -8.517   119.047   -0.3   -0.1   -1.3
    -8.454   119.047   -0.3   -0.2   -1.3
    -8.391   119.047   -0.3   -0.3   -1.2
    -8.328   119.047   -0.3   -0.3   -1.2
    -8.265   119.047   -0.2   -0.4   -1.2
    -8.202   119.047   -0.2   -0.5   -1.1
    -8.139   119.047   -0.2   -0.6   -1.1
    -8.077   119.047   -0.1   -0.7   -1.1
    -8.014   119.047   -0.1   -0.7   -1.0
    -7.951   119.047    0.0   -0.8   -1.0
    -7.888   119.047    0.1   -0.9   -0.9
    -7.825   119.047    0.1   -1.0   -0.8
    -7.762   119.047    0.2   -1.0   -0.8
    -7.699   119.047    0.2   -1.1   -0.7
    -7.637   119.047    0.3   -1.1   -0.7
    -7.574   119.047    0.3   -1.2   -0.6
    -7.511   119.047    0.4   -1.2   -0.6
    -7.448   119.047    0.4   -1.3   -0.5
    -7.385   119.047    0.4   -1.3   -0.5
    -7.322   119.047    0.5   -1.4   -0.4
    -7.259   119.047    0.5   -1.4   -0.4
    -7.197   119.047    0.5   -1.4   -0.3
    -7.134   119.047    0.5   -1.4   -0.3
    -7.071   119.047    0.5   -1.5   -0.3
    -7.008   119.047    0.5   -1.5   -0.2
    -6.945   119.047    0.6   -1.5   -0.2
    -6.882   119.047    0.6   -1.5   -0.2
    -6.820   119.047    0.6   -1.5   -0.1
    -6.757   119.047    0.6   -1.5   -0.1
    -6.694   119.047    0.6   -1.5   -0.1
    -6.631   119.047    0.6   -1.5   -0.1
    -6.568   119.047    0.6   -1.5   -0.0
    -6.505   119.047    0.6   -1.5   -0.0
    -6.442   119.047    0.6   -1.5   -0.0
    -6.380   119.047    0.5   -1.5    0.0
    -6.317   119.047    0.5   -1.5    0.0
    -6.254   119.047    0.5   -1.5    0.0
    -6.191   119.047    0.5   -1.5    0.0
    -6.128   119.047    0.5   -1.4    0.1
    -6.065   119.047    0.5   -1.4    0.1
    -6.002   119.047    0.5   -1.4    0.1
    -5.940   119.047    0.5   -1.4    0.1
    -5.877   119.047    0.5   -1.4    0.1
    -5.814   119.047    0.5   -1.4    0.1
    -5.751   119.047    0.4   -1.3    0.1
    -5.688   119.047    0.4   -1.3    0.1
    -5.625   119.047    0.4   -1.3    0.1
    -5.562   119.047    0.4   -1.3    0.1
    -5.500   119.047    0.4   -1.3    0.1
    -5.437   119.047    0.4   -1.2    0.1
    -5.374   119.047    0.4   -1.2    0.1
    -5.311   119.047    0.4   -1.2    0.1
    -5.248   119.047    0.4   -1.2    0.1
    -5.185   119.047    0.4   -1.2    0.1
    -5.123   119.047    0.3   -1.1    0.1
   -11.408   119.111    0.4    1.4    0.1
   -11.345   119.111    0.4    1.4    0.1
   -11.282   119.111    0.5    1.5    0.1
   -11.219   119.111    0.5    1.5    0.1
   -11.156   119.111    0.5    1.5    0.1
   -11.093   119.111    0.5    1.5    0.1
   -11.031   119.111    0.5    1.6    0.1
   -10.968   119.111    0.5    1.6    0.1
   -10.905   119.111    0.6    1.6    0.1
   -10.842   119.111    0.6    1.7    0.0
   -10.779   119.111    0.6    1.7    0.0
   -10.716   119.111    0.6    1.7    0.0
   -10.653   119.111    0.6    1.7    0.0
   -10.591   119.111    0.7    1.8   -0.0
   -10.528   119.111    0.7    1.8   -0.0
   -10.465   119.111    0.7    1.8   -0.0
   -10.402   119.111    0.7    1.8   -0.1
   -10.339   119.111    0.8    1.9   -0.1
   -10.276   119.111    0.8    1.9   -0.1
   -10.214   119.111    0.8    1.9   -0.1
   -10.151   119.111    0.8    1.9   -0.2
   -10.088   119.111    0.8    1.9   -0.2
   -10.025   119.111    0.9    1.9   -0.2
    -9.962   119.111    0.9    1.9   -0.3
    -9.899   119.111    0.9    1.9   -0.3
    -9.836   119.111    0.9    1.9   -0.4
    -9.774   119.111    0.9    1.9   -0.4
    -9.711   119.111    0.9    1.8   -0.5
    -9.648   119.111    0.9    1.8   -0.5
    -9.585   119.111    0.9    1.7   -0.6
    -9.522   119.111    0.8    1.6   -0.7
    -9.459   119.111    0.8    1.6   -0.7
    -9.396   119.111    0.7    1.5   -0.8
    -9.334   119.111    0.7    1.4   -0.9
    -9.271   119.111    0.6    1.2   -0.9
    -9.208   119.111    0.5    1.1   -1.0
    -9.145   119.111    0.4    1.0   -1.1
    -9.082   119.111    0.3    0.9   -1.1
    -9.019   119.111    0.1    0.7   -1.2
    -8.956   119.111    0.0    0.6   -1.2
    -8.894   119.111   -0.1    0.5   -1.3
    -8.831   119.111   -0.2    0.4   -1.3
    -8.768   119.111   -0.2    0.3   -1.3
    -8.705   119.111   -0.3    0.2   -1.3
    -8.642   119.111   -0.3    0.1   -1.3
    -8.579   119.111   -0.4    0.0   -1.4
    -8.517   119.111   -0.4   -0.1   -1.3
    -8.454   119.111   -0.3   -0.2   -1.3
    -8.391   119.111   -0.3   -0.3   -1.3
    -8.328   119.111   -0.3   -0.4   -1.3
    -8.265   119.111   -0.3   -0.5   -1.2
    -8.202   119.111   -0.2   -0.6   -1.2
    -8.139   119.111   -0.2   -0.7   -1.2
    -8.077   119.111   -0.1   -0.7   -1.1
    -8.014   119.111   -0.0   -0.8   -1.1
    -7.951   119.111    0.0   -0.9   -1.0
    -7.888   119.111    0.1   -1.0   -0.9
    -7.825   119.111    0.1   -1.1   -0.9
    -7.762   119.111    0.2   -1.1   -0.8
    -7.699   119.111    0.3   -1.2   -0.8
    -7.637   119.111    0.3   -1.2   -0.7
    -7.574   119.111    0.4   -1.3   -0.6
    -7.511   119.111    0.4   -1.4   -0.6
    -7.448   119.111    0.4   -1.4   -0.5
    -7.385   119.111    0.5   -1.4   -0.5
    -7.322   119.111    0.5   -1.5   -0.4
    -7.259   119.111    0.5   -1.5   -0.4
    -7.197   119.111    0.5   -1.5   -0.3
    -7.134   119.111    0.6   -1.6   -0.3
    -7.071   119.111    0.6   -1.6   -0.3
    -7.008   119.111    0.6   -1.6   -0.2
    -6.945   119.111    0.6   -1.6   -0.2
    -6.882   119.111    0.6   -1.6   -0.2
    -6.820   119.111    0.6   -1.6   -0.1
    -6.757   119.111    0.6   -1.6   -0.1
    -6.694   119.111    0.6   -1.6   -0.1
    -6.631   119.111    0.6   -1.6   -0.0
    -6.568   119.111    0.6   -1.6   -0.0
    -6.505   119.111    0.6   -1.6   -0.0
    -6.442   119.111    0.6   -1.6    0.0
    -6.380   119.111    0.6   -1.6    0.0
    -6.317   119.111    0.6   -1.6    0.0
    -6.254   119.111    0.6   -1.5    0.1
    -6.191   119.111    0.5   -1.5    0.1
    -6.128   119.111    0.5   -1.5    0.1
    -6.065   119.111    0.5   -1.5    0.1
    -6.002   119.111    0.5   -1.5    0.1
    -5.940   119.111    0.5   -1.5    0.1
    -5.877   119.111    0.5   -1.4    0.1
    -5.814   119.111    0.5   -1.4    0.1
    -5.751   119.111    0.5   -1.4    0.1
    -5.688   119.111    0.4   -1.4    0.1
    -5.625   119.111    0.4   -1.3    0.1
    -5.562   119.111    0.4   -1.3    0.1
    -5.500   119.111    0.4   -1.3    0.1
    -5.437   119.111    0.4   -1.3    0.1
    -5.374   119.111    0.4   -1.3    0.1
    -5.311   119.111    0.4   -1.2    0.1
    -5.248   119.111    0.4   -1.2    0.1
    -5.185   119.111    0.4   -1.2    0.1
    -5.123   119.111    0.3   -1.2    0.1
   -11.408   119.174    0.4    1.5    0.1
   -11.345   119.174    0.4    1.5    0.1
   -11.282   119.174    0.5    1.5    0.1
   -11.219   119.174    0.5    1.6    0.1
   -11.156   119.174    0.5    1.6    0.1
   -11.093   119.174    0.5    1.6    0.1
   -11.031   119.174    0.5    1.7    0.1
   -10.968   119.174    0.6    1.7    0.1
   -10.905   119.174    0.6    1.7    0.1
   -10.842   119.174    0.6    1.8    0.1
   -10.779   119.174    0.6    1.8    0.1
   -10.716   119.174    0.6    1.8    0.0
   -10.653   119.174    0.7    1.9    0.0
   -10.591   119.174    0.7    1.9    0.0
   -10.528   119.174    0.7    1.9   -0.0
   -10.465   119.174    0.7    1.9   -0.0
   -10.402   119.174    0.8    2.0   -0.0
   -10.339   119.174    0.8    2.0   -0.1
   -10.276   119.174    0.8    2.0   -0.1
   -10.214   119.174    0.8    2.0   -0.1
   -10.151   119.174    0.9    2.1   -0.2
   -10.088   119.174    0.9    2.1   -0.2
   -10.025   119.174    0.9    2.1   -0.2
    -9.962   119.174    0.9    2.1   -0.3
    -9.899   119.174    1.0    2.1   -0.3
    -9.836   119.174    1.0    2.1   -0.4
    -9.774   119.174    1.0    2.1   -0.4
    -9.711   119.174    1.0    2.0   -0.5
    -9.648   119.174    1.0    2.0   -0.5
    -9.585   119.174    1.0    1.9   -0.6
    -9.522   119.174    1.0    1.9   -0.7
    -9.459   119.174    0.9    1.8   -0.8
    -9.396   119.174    0.9    1.7   -0.8
    -9.334   119.174    0.8    1.5   -0.9
    -9.271   119.174    0.7    1.4   -1.0
    -9.208   119.174    0.6    1.3   -1.1
    -9.145   119.174    0.5    1.1   -1.1
    -9.082   119.174    0.3    1.0   -1.2
    -9.019   119.174    0.2    0.8   -1.2
    -8.956   119.174    0.1    0.7   -1.3
    -8.894   119.174   -0.1    0.6   -1.3
    -8.831   119.174   -0.2    0.5   -1.4
    -8.768   119.174   -0.3    0.3   -1.4
    -8.705   119.174   -0.3    0.2   -1.4
    -8.642   119.174   -0.4    0.1   -1.4
    -8.579   119.174   -0.4   -0.0   -1.4
    -8.517   119.174   -0.4   -0.1   -1.4
    -8.454   119.174   -0.4   -0.2   -1.4
    -8.391   119.174   -0.3   -0.3   -1.4
    -8.328   119.174   -0.3   -0.4   -1.4
    -8.265   119.174   -0.3   -0.5   -1.3
    -8.202   119.174   -0.2   -0.6   -1.3
    -8.139   119.174   -0.1   -0.7   -1.2
    -8.077   119.174   -0.1   -0.8   -1.2
    -8.014   119.174   -0.0   -0.9   -1.1
    -7.951   119.174    0.1   -1.0   -1.0
    -7.888   119.174    0.1   -1.1   -1.0
    -7.825   119.174    0.2   -1.2   -0.9
    -7.762   119.174    0.2   -1.2   -0.8
    -7.699   119.174    0.3   -1.3   -0.8
    -7.637   119.174    0.4   -1.4   -0.7
    -7.574   119.174    0.4   -1.4   -0.6
    -7.511   119.174    0.5   -1.5   -0.6
    -7.448   119.174    0.5   -1.5   -0.5
    -7.385   119.174    0.5   -1.6   -0.5
    -7.322   119.174    0.6   -1.6   -0.4
    -7.259   119.174    0.6   -1.6   -0.4
    -7.197   119.174    0.6   -1.7   -0.3
    -7.134   119.174    0.6   -1.7   -0.3
    -7.071   119.174    0.6   -1.7   -0.2
    -7.008   119.174    0.6   -1.7   -0.2
    -6.945   119.174    0.6   -1.7   -0.2
    -6.882   119.174    0.6   -1.7   -0.1
    -6.820   119.174    0.6   -1.7   -0.1
    -6.757   119.174    0.6   -1.7   -0.1
    -6.694   119.174    0.6   -1.7   -0.1
    -6.631   119.174    0.6   -1.7   -0.0
    -6.568   119.174    0.6   -1.7   -0.0
    -6.505   119.174    0.6   -1.7    0.0
    -6.442   119.174    0.6   -1.7    0.0
    -6.380   119.174    0.6   -1.7    0.0
    -6.317   119.174    0.6   -1.6    0.1
    -6.254   119.174    0.6   -1.6    0.1
    -6.191   119.174    0.6   -1.6    0.1
    -6.128   119.174    0.5   -1.6    0.1
    -6.065   119.174    0.5   -1.6    0.1
    -6.002   119.174    0.5   -1.5    0.1
    -5.940   119.174    0.5   -1.5    0.1
    -5.877   119.174    0.5   -1.5    0.1
    -5.814   119.174    0.5   -1.5    0.1
    -5.751   119.174    0.5   -1.4    0.1
    -5.688   119.174    0.5   -1.4    0.1
    -5.625   119.174    0.4   -1.4    0.1
    -5.562   119.174    0.4   -1.4    0.1
    -5.500   119.174    0.4   -1.4    0.1
    -5.437   119.174    0.4   -1.3    0.1
    -5.374   119.174    0.4   -1.3    0.1
    -5.311   119.174    0.4   -1.3    0.2
    -5.248   119.174    0.4   -1.3    0.2
    -5.185   119.174    0.4   -1.2    0.2
    -5.123   119.174    0.3   -1.2    0.2
   -11.408   119.238    0.4    1.5    0.1
   -11.345   119.238    0.4    1.5    0.1
   -11.282   119.238    0.5    1.6    0.1
   -11.219   119.238    0.5    1.6    0.1
   -11.156   119.238    0.5    1.7    0.1
   -11.093   119.238    0.5    1.7    0.1
   -11.031   119.238    0.5    1.7    0.1
   -10.968   119.238    0.6    1.8    0.1
   -10.905   119.238    0.6    1.8    0.1
   -10.842   119.238    0.6    1.8    0.1
   -10.779   119.238    0.6    1.9    0.1
   -10.716   119.238    0.7    1.9    0.1
   -10.653   119.238    0.7    2.0    0.0
   -10.591   119.238    0.7    2.0    0.0
   -10.528   119.238    0.7    2.0    0.0
   -10.465   119.238    0.8    2.1   -0.0
   -10.402   119.238    0.8    2.1   -0.0
   -10.339   119.238    0.8    2.1   -0.1
   -10.276   119.238    0.9    2.2   -0.1
   -10.214   119.238    0.9    2.2   -0.1
   -10.151   119.238    0.9    2.2   -0.1
   -10.088   119.238    1.0    2.3   -0.2
   -10.025   119.238    1.0    2.3   -0.2
    -9.962   119.238    1.0    2.3   -0.3
    -9.899   119.238    1.0    2.3   -0.3
    -9.836   119.238    1.1    2.3   -0.4
    -9.774   119.238    1.1    2.3   -0.4
    -9.711   119.238    1.1    2.3   -0.5
    -9.648   119.238    1.1    2.2   -0.5
    -9.585   119.238    1.1    2.2   -0.6
    -9.522   119.238    1.1    2.1   -0.7
    -9.459   119.238    1.1    2.0   -0.8
    -9.396   119.238    1.0    1.9   -0.9
    -9.334   119.238    1.0    1.8   -1.0
    -9.271   119.238    0.9    1.6   -1.0
    -9.208   119.238    0.8    1.5   -1.1
    -9.145   119.238    0.6    1.3   -1.2
    -9.082   119.238    0.5    1.1   -1.3
    -9.019   119.238    0.3    1.0   -1.3
    -8.956   119.238    0.1    0.8   -1.4
    -8.894   119.238   -0.0    0.7   -1.4
    -8.831   119.238   -0.2    0.5   -1.5
    -8.768   119.238   -0.3    0.4   -1.5
    -8.705   119.238   -0.3    0.3   -1.5
    -8.642   119.238   -0.4    0.1   -1.5
    -8.579   119.238   -0.4   -0.0   -1.5
    -8.517   119.238   -0.4   -0.1   -1.5
    -8.454   119.238   -0.4   -0.3   -1.5
    -8.391   119.238   -0.4   -0.4   -1.5
    -8.328   119.238   -0.3   -0.5   -1.5
    -8.265   119.238   -0.3   -0.6   -1.4
    -8.202   119.238   -0.2   -0.7   -1.4
    -8.139   119.238   -0.1   -0.8   -1.3
    -8.077   119.238   -0.1   -0.9   -1.2
    -8.014   119.238    0.0   -1.0   -1.2
    -7.951   119.238    0.1   -1.1   -1.1
    -7.888   119.238    0.2   -1.2   -1.0
    -7.825   119.238    0.2   -1.3   -0.9
    -7.762   119.238    0.3   -1.4   -0.9
    -7.699   119.238    0.4   -1.5   -0.8
    -7.637   119.238    0.4   -1.5   -0.7
    -7.574   119.238    0.5   -1.6   -0.7
    -7.511   119.238    0.5   -1.6   -0.6
    -7.448   119.238    0.6   -1.7   -0.5
    -7.385   119.238    0.6   -1.7   -0.5
    -7.322   119.238    0.6   -1.8   -0.4
    -7.259   119.238    0.6   -1.8   -0.4
    -7.197   119.238    0.7   -1.8   -0.3
    -7.134   119.238    0.7   -1.8   -0.3
    -7.071   119.238    0.7   -1.8   -0.2
    -7.008   119.238    0.7   -1.9   -0.2
    -6.945   119.238    0.7   -1.9   -0.1
    -6.882   119.238    0.7   -1.9   -0.1
    -6.820   119.238    0.7   -1.9   -0.1
    -6.757   119.238    0.7   -1.9   -0.1
    -6.694   119.238    0.7   -1.8   -0.0
    -6.631   119.238    0.7   -1.8   -0.0
    -6.568   119.238    0.7   -1.8    0.0
    -6.505   119.238    0.6   -1.8    0.0
    -6.442   119.238    0.6   -1.8    0.0
    -6.380   119.238    0.6   -1.8    0.1
    -6.317   119.238    0.6   -1.7    0.1
    -6.254   119.238    0.6   -1.7    0.1
    -6.191   119.238    0.6   -1.7    0.1
    -6.128   119.238    0.6   -1.7    0.1
    -6.065   119.238    0.6   -1.6    0.1
    -6.002   119.238    0.5   -1.6    0.1
    -5.940   119.238    0.5   -1.6    0.1
    -5.877   119.238    0.5   -1.6    0.1
    -5.814   119.238    0.5   -1.5    0.1
    -5.751   119.238    0.5   -1.5    0.1
    -5.688   119.238    0.5   -1.5    0.1
    -5.625   119.238    0.5   -1.5    0.2
    -5.562   119.238    0.4   -1.4    0.2
    -5.500   119.238    0.4   -1.4    0.2
    -5.437   119.238    0.4   -1.4    0.2
    -5.374   119.238    0.4   -1.3    0.2
    -5.311   119.238    0.4   -1.3    0.2
    -5.248   119.238    0.4   -1.3    0.2
    -5.185   119.238    0.4   -1.3    0.2
    -5.123   119.238    0.4   -1.2    0.2
   -11.408   119.301    0.4    1.6    0.1
   -11.345   119.301    0.5    1.6    0.1
   -11.282   119.301    0.5    1.6    0.1
   -11.219   119.301    0.5    1.7    0.1
   -11.156   119.301    0.5    1.7    0.1
   -11.093   119.301    0.5    1.8    0.1
   -11.031   119.301    0.6    1.8    0.1
   -10.968   119.301    0.6    1.9    0.1
   -10.905   119.301    0.6    1.9    0.1
   -10.842   119.301    0.6    1.9    0.1
   -10.779   119.301    0.7    2.0    0.1
   -10.716   119.301    0.7    2.0    0.1
   -10.653   119.301    0.7    2.1    0.1
   -10.591   119.301    0.7    2.1    0.0
   -10.528   119.301    0.8    2.2    0.0
   -10.465   119.301    0.8    2.2    0.0
   -10.402   119.301    0.8    2.3   -0.0
   -10.339   119.301    0.9    2.3   -0.0
   -10.276   119.301    0.9    2.3   -0.1
   -10.214   119.301    0.9    2.4   -0.1
   -10.151   119.301    1.0    2.4   -0.1
   -10.088   119.301    1.0    2.5   -0.2
   -10.025   119.301    1.1    2.5   -0.2
    -9.962   119.301    1.1    2.5   -0.2
    -9.899   119.301    1.1    2.5   -0.3
    -9.836   119.301    1.2    2.5   -0.3
    -9.774   119.301    1.2    2.5   -0.4
    -9.711   119.301    1.2    2.5   -0.5
    -9.648   119.301    1.2    2.5   -0.6
    -9.585   119.301    1.3    2.5   -0.6
    -9.522   119.301    1.3    2.4   -0.7
    -9.459   119.301    1.3    2.3   -0.8
    -9.396   119.301    1.2    2.2   -0.9
    -9.334   119.301    1.2    2.1   -1.0
    -9.271   119.301    1.1    1.9   -1.1
    -9.208   119.301    0.9    1.7   -1.2
    -9.145   119.301    0.8    1.5   -1.3
    -9.082   119.301    0.6    1.3   -1.4
    -9.019   119.301    0.4    1.1   -1.4
    -8.956   119.301    0.2    0.9   -1.5
    -8.894   119.301   -0.0    0.7   -1.5
    -8.831   119.301   -0.2    0.6   -1.6
    -8.768   119.301   -0.3    0.4   -1.6
    -8.705   119.301   -0.4    0.3   -1.6
    -8.642   119.301   -0.4    0.1   -1.7
    -8.579   119.301   -0.4   -0.0   -1.7
    -8.517   119.301   -0.4   -0.2   -1.7
    -8.454   119.301   -0.4   -0.3   -1.6
    -8.391   119.301   -0.4   -0.5   -1.6
    -8.328   119.301   -0.3   -0.6   -1.6
    -8.265   119.301   -0.3   -0.7   -1.5
    -8.202   119.301   -0.2   -0.8   -1.4
    -8.139   119.301   -0.1   -1.0   -1.4
    -8.077   119.301   -0.0   -1.1   -1.3
    -8.014   119.301    0.0   -1.2   -1.2
    -7.951   119.301    0.1   -1.3   -1.1
    -7.888   119.301    0.2   -1.4   -1.1
    -7.825   119.301    0.3   -1.5   -1.0
    -7.762   119.301    0.4   -1.5   -0.9
    -7.699   119.301    0.4   -1.6   -0.8
    -7.637   119.301    0.5   -1.7   -0.7
    -7.574   119.301    0.5   -1.7   -0.7
    -7.511   119.301    0.6   -1.8   -0.6
    -7.448   119.301    0.6   -1.9   -0.5
    -7.385   119.301    0.7   -1.9   -0.5
    -7.322   119.301    0.7   -1.9   -0.4
    -7.259   119.301    0.7   -2.0   -0.3
    -7.197   119.301    0.7   -2.0   -0.3
    -7.134   119.301    0.7   -2.0   -0.2
    -7.071   119.301    0.7   -2.0   -0.2
    -7.008   119.301    0.7   -2.0   -0.2
    -6.945   119.301    0.7   -2.0   -0.1
    -6.882   119.301    0.7   -2.0   -0.1
    -6.820   119.301    0.7   -2.0   -0.1
    -6.757   119.301    0.7   -2.0   -0.0
    -6.694   119.301    0.7   -2.0   -0.0
    -6.631   119.301    0.7   -1.9    0.0
    -6.568   119.301    0.7   -1.9    0.0
    -6.505   119.301    0.7   -1.9    0.0
    -6.442   119.301    0.7   -1.9    0.1
    -6.380   119.301    0.6   -1.9    0.1
    -6.317   119.301    0.6   -1.8    0.1
    -6.254   119.301    0.6   -1.8    0.1
    -6.191   119.301    0.6   -1.8    0.1
    -6.128   119.301    0.6   -1.8    0.1
    -6.065   119.301    0.6   -1.7    0.1
    -6.002   119.301    0.6   -1.7    0.1
    -5.940   119.301    0.5   -1.7    0.1
    -5.877   119.301    0.5   -1.6    0.2
    -5.814   119.301    0.5   -1.6    0.2
    -5.751   119.301    0.5   -1.6    0.2
    -5.688   119.301    0.5   -1.5    0.2
    -5.625   119.301    0.5   -1.5    0.2
    -5.562   119.301    0.4   -1.5    0.2
    -5.500   119.301    0.4   -1.5    0.2
    -5.437   119.301    0.4   -1.4    0.2
    -5.374   119.301    0.4   -1.4    0.2
    -5.311   119.301    0.4   -1.4    0.2
    -5.248   119.301    0.4   -1.3    0.2
    -5.185   119.301    0.4   -1.3    0.2
    -5.123   119.301    0.4   -1.3    0.2
   -11.408   119.365    0.4    1.6    0.2
   -11.345   119.365    0.5    1.7    0.2
   -11.282   119.365    0.5    1.7    0.1
   -11.219   119.365    0.5    1.8    0.1
   -11.156   119.365    0.5    1.8    0.1
   -11.093   119.365    0.5    1.8    0.1
   -11.031   119.365    0.6    1.9    0.1
   -10.968   119.365    0.6    1.9    0.1
   -10.905   119.365    0.6    2.0    0.1
   -10.842   119.365    0.6    2.0    0.1
   -10.779   119.365    0.7    2.1    0.1
   -10.716   119.365    0.7    2.1    0.1
   -10.653   119.365    0.7    2.2    0.1
   -10.591   119.365    0.8    2.2    0.1
   -10.528   119.365    0.8    2.3    0.1
   -10.465   119.365    0.8    2.4    0.0
   -10.402   119.365    0.9    2.4    0.0
   -10.339   119.365    0.9    2.5   -0.0
   -10.276   119.365    0.9    2.5   -0.0
   -10.214   119.365    1.0    2.6   -0.1
   -10.151   119.365    1.0    2.6   -0.1
   -10.088   119.365    1.1    2.7   -0.1
   -10.025   119.365    1.1    2.7   -0.2
    -9.962   119.365    1.2    2.7   -0.2
    -9.899   119.365    1.2    2.8   -0.3
    -9.836   119.365    1.3    2.8   -0.3
    -9.774   119.365    1.3    2.8   -0.4
    -9.711   119.365    1.3    2.8   -0.5
    -9.648   119.365    1.4    2.8   -0.6
    -9.585   119.365    1.4    2.8   -0.7
    -9.522   119.365    1.4    2.7   -0.7
    -9.459   119.365    1.5    2.7   -0.9
    -9.396   119.365    1.4    2.6   -1.0
    -9.334   119.365    1.4    2.4   -1.1
    -9.271   119.365    1.3    2.2   -1.2
    -9.208   119.365    1.2    2.0   -1.3
    -9.145   119.365    1.0    1.8   -1.4
    -9.082   119.365    0.8    1.5   -1.5
    -9.019   119.365    0.5    1.3   -1.5
    -8.956   119.365    0.3    1.1   -1.6
    -8.894   119.365    0.0    0.8   -1.6
    -8.831   119.365   -0.2    0.7   -1.7
    -8.768   119.365   -0.3    0.5   -1.7
    -8.705   119.365   -0.4    0.3   -1.7
    -8.642   119.365   -0.5    0.2   -1.8
    -8.579   119.365   -0.5   -0.0   -1.8
    -8.517   119.365   -0.5   -0.2   -1.8
    -8.454   119.365   -0.4   -0.4   -1.8
    -8.391   119.365   -0.4   -0.5   -1.7
    -8.328   119.365   -0.3   -0.7   -1.7
    -8.265   119.365   -0.3   -0.8   -1.6
    -8.202   119.365   -0.2   -1.0   -1.5
    -8.139   119.365   -0.1   -1.1   -1.5
    -8.077   119.365   -0.0   -1.2   -1.4
    -8.014   119.365    0.1   -1.3   -1.3
    -7.951   119.365    0.2   -1.4   -1.2
    -7.888   119.365    0.3   -1.5   -1.1
    -7.825   119.365    0.3   -1.6   -1.0
    -7.762   119.365    0.4   -1.7   -0.9
    -7.699   119.365    0.5   -1.8   -0.8
    -7.637   119.365    0.5   -1.9   -0.7
    -7.574   119.365    0.6   -1.9   -0.7
    -7.511   119.365    0.7   -2.0   -0.6
    -7.448   119.365    0.7   -2.0   -0.5
    -7.385   119.365    0.7   -2.1   -0.5
    -7.322   119.365    0.7   -2.1   -0.4
    -7.259   119.365    0.8   -2.1   -0.3
    -7.197   119.365    0.8   -2.1   -0.3
    -7.134   119.365    0.8   -2.2   -0.2
    -7.071   119.365    0.8   -2.2   -0.2
    -7.008   119.365    0.8   -2.2   -0.1
    -6.945   119.365    0.8   -2.2   -0.1
    -6.882   119.365    0.8   -2.1   -0.1
    -6.820   119.365    0.8   -2.1   -0.0
    -6.757   119.365    0.8   -2.1   -0.0
    -6.694   119.365    0.7   -2.1    0.0
    -6.631   119.365    0.7   -2.1    0.0
    -6.568   119.365    0.7   -2.0    0.1
    -6.505   119.365    0.7   -2.0    0.1
    -6.442   119.365    0.7   -2.0    0.1
    -6.380   119.365    0.7   -2.0    0.1
    -6.317   119.365    0.7   -1.9    0.1
    -6.254   119.365    0.6   -1.9    0.1
    -6.191   119.365    0.6   -1.9    0.1
    -6.128   119.365    0.6   -1.8    0.1
    -6.065   119.365    0.6   -1.8    0.2
    -6.002   119.365    0.6   -1.8    0.2
    -5.940   119.365    0.5   -1.7    0.2
    -5.877   119.365    0.5   -1.7    0.2
    -5.814   119.365    0.5   -1.7    0.2
    -5.751   119.365    0.5   -1.6    0.2
    -5.688   119.365    0.5   -1.6    0.2
    -5.625   119.365    0.5   -1.6    0.2
    -5.562   119.365    0.4   -1.5    0.2
    -5.500   119.365    0.4   -1.5    0.2
    -5.437   119.365    0.4   -1.5    0.2
    -5.374   119.365    0.4   -1.4    0.2
    -5.311   119.365    0.4   -1.4    0.2
    -5.248   119.365    0.4   -1.4    0.2
    -5.185   119.365    0.4   -1.4    0.2
    -5.123   119.365    0.4   -1.3    0.2
   -11.408   119.428    0.4    1.7    0.2
   -11.345   119.428    0.5    1.7    0.2
   -11.282   119.428    0.5    1.8    0.2
   -11.219   119.428    0.5    1.8    0.2
   -11.156   119.428    0.5    1.9    0.2
   -11.093   119.428    0.5    1.9    0.2
   -11.031   119.428    0.6    2.0    0.1
   -10.968   119.428    0.6    2.0    0.1
   -10.905   119.428    0.6    2.1    0.1
   -10.842   119.428    0.6    2.1    0.1
   -10.779   119.428    0.7    2.2    0.1
   -10.716   119.428    0.7    2.3    0.1
   -10.653   119.428    0.7    2.3    0.1
   -10.591   119.428    0.8    2.4    0.1
   -10.528   119.428    0.8    2.4    0.1
   -10.465   119.428    0.9    2.5    0.1
   -10.402   119.428    0.9    2.6    0.0
   -10.339   119.428    0.9    2.6    0.0
   -10.276   119.428    1.0    2.7   -0.0
   -10.214   119.428    1.0    2.8   -0.0
   -10.151   119.428    1.1    2.8   -0.1
   -10.088   119.428    1.1    2.9   -0.1
   -10.025   119.428    1.2    2.9   -0.2
    -9.962   119.428    1.2    3.0   -0.2
    -9.899   119.428    1.3    3.1   -0.3
    -9.836   119.428    1.4    3.1   -0.3
    -9.774   119.428    1.4    3.1   -0.4
    -9.711   119.428    1.5    3.2   -0.5
    -9.648   119.428    1.5    3.2   -0.6
    -9.585   119.428    1.6    3.2   -0.7
    -9.522   119.428    1.6    3.2   -0.8
    -9.459   119.428    1.7    3.1   -0.9
    -9.396   119.428    1.7    3.0   -1.0
    -9.334   119.428    1.7    2.9   -1.2
    -9.271   119.428    1.6    2.7   -1.3
    -9.208   119.428    1.5    2.4   -1.4
    -9.145   119.428    1.3    2.1   -1.5
    -9.082   119.428    1.0    1.8   -1.6
    -9.019   119.428    0.7    1.5   -1.7
    -8.956   119.428    0.4    1.2   -1.7
    -8.894   119.428    0.0    1.0   -1.8
    -8.831   119.428   -0.2    0.8   -1.8
    -8.768   119.428   -0.4    0.6   -1.8
    -8.705   119.428   -0.5    0.4   -1.9
    -8.642   119.428   -0.5    0.2   -1.9
    -8.579   119.428   -0.5   -0.0   -1.9
    -8.517   119.428   -0.5   -0.2   -1.9
    -8.454   119.428   -0.4   -0.4   -1.9
    -8.391   119.428   -0.4   -0.6   -1.9
    -8.328   119.428   -0.3   -0.8   -1.8
    -8.265   119.428   -0.3   -1.0   -1.7
    -8.202   119.428   -0.2   -1.1   -1.6
    -8.139   119.428   -0.1   -1.2   -1.6
    -8.077   119.428    0.0   -1.4   -1.5
    -8.014   119.428    0.1   -1.5   -1.4
    -7.951   119.428    0.2   -1.6   -1.3
    -7.888   119.428    0.3   -1.7   -1.1
    -7.825   119.428    0.4   -1.8   -1.0
    -7.762   119.428    0.5   -1.9   -0.9
    -7.699   119.428    0.6   -2.0   -0.8
    -7.637   119.428    0.6   -2.1   -0.8
    -7.574   119.428    0.7   -2.1   -0.7
    -7.511   119.428    0.7   -2.2   -0.6
    -7.448   119.428    0.8   -2.2   -0.5
    -7.385   119.428    0.8   -2.3   -0.4
    -7.322   119.428    0.8   -2.3   -0.4
    -7.259   119.428    0.8   -2.3   -0.3
    -7.197   119.428    0.8   -2.3   -0.3
    -7.134   119.428    0.8   -2.3   -0.2
    -7.071   119.428    0.8   -2.3   -0.2
    -7.008   119.428    0.8   -2.3   -0.1
    -6.945   119.428    0.8   -2.3   -0.1
    -6.882   119.428    0.8   -2.3   -0.0
    -6.820   119.428    0.8   -2.3   -0.0
    -6.757   119.428    0.8   -2.3    0.0
    -6.694   119.428    0.8   -2.2    0.0
    -6.631   119.428    0.8   -2.2    0.1
    -6.568   119.428    0.8   -2.2    0.1
    -6.505   119.428    0.7   -2.1    0.1
    -6.442   119.428    0.7   -2.1    0.1
    -6.380   119.428    0.7   -2.1    0.1
    -6.317   119.428    0.7   -2.0    0.1
    -6.254   119.428    0.7   -2.0    0.1
    -6.191   119.428    0.6   -2.0    0.2
    -6.128   119.428    0.6   -1.9    0.2
    -6.065   119.428    0.6   -1.9    0.2
    -6.002   119.428    0.6   -1.9    0.2
    -5.940   119.428    0.6   -1.8    0.2
    -5.877   119.428    0.5   -1.8    0.2
    -5.814   119.428    0.5   -1.7    0.2
    -5.751   119.428    0.5   -1.7    0.2
    -5.688   119.428    0.5   -1.7    0.2
    -5.625   119.428    0.5   -1.6    0.2
    -5.562   119.428    0.5   -1.6    0.2
    -5.500   119.428    0.4   -1.6    0.2
    -5.437   119.428    0.4   -1.5    0.2
    -5.374   119.428    0.4   -1.5    0.2
    -5.311   119.428    0.4   -1.5    0.2
    -5.248   119.428    0.4   -1.4    0.2
    -5.185   119.428    0.4   -1.4    0.2
    -5.123   119.428    0.4   -1.4    0.2
   -11.408   119.492    0.4    1.7    0.2
   -11.345   119.492    0.5    1.8    0.2
   -11.282   119.492    0.5    1.8    0.2
   -11.219   119.492    0.5    1.9    0.2
   -11.156   119.492    0.5    2.0    0.2
   -11.093   119.492    0.5    2.0    0.2
   -11.031   119.492    0.6    2.1    0.2
   -10.968   119.492    0.6    2.1    0.2
   -10.905   119.492    0.6    2.2    0.2
   -10.842   119.492    0.7    2.2    0.1
   -10.779   119.492    0.7    2.3    0.1
   -10.716   119.492    0.7    2.4    0.1
   -10.653   119.492    0.8    2.4    0.1
   -10.591   119.492    0.8    2.5    0.1
   -10.528   119.492    0.8    2.6    0.1
   -10.465   119.492    0.9    2.7    0.1
   -10.402   119.492    0.9    2.7    0.1
   -10.339   119.492    1.0    2.8    0.0
   -10.276   119.492    1.0    2.9    0.0
   -10.214   119.492    1.1    3.0   -0.0
   -10.151   119.492    1.1    3.0   -0.1
   -10.088   119.492    1.2    3.1   -0.1
   -10.025   119.492    1.2    3.2   -0.1
    -9.962   119.492    1.3    3.3   -0.2
    -9.899   119.492    1.4    3.4   -0.2
    -9.836   119.492    1.4    3.4   -0.3
    -9.774   119.492    1.5    3.5   -0.4
    -9.711   119.492    1.6    3.6   -0.5
    -9.648   119.492    1.7    3.6   -0.6
    -9.585   119.492    1.8    3.6   -0.7
    -9.522   119.492    1.8    3.6   -0.8
    -9.459   119.492    1.9    3.6   -1.0
    -9.396   119.492    2.0    3.5   -1.1
    -9.334   119.492    2.0    3.4   -1.3
    -9.271   119.492    2.0    3.2   -1.4
    -9.208   119.492    1.9    2.9   -1.6
    -9.145   119.492    1.7    2.6   -1.7
    -9.082   119.492    1.4    2.2   -1.8
    -9.019   119.492    1.0    1.8   -1.9
    -8.956   119.492    0.5    1.4   -1.9
    -8.894   119.492    0.0    1.1   -1.9
    -8.831   119.492   -0.3    0.9   -1.9
    -8.768   119.492   -0.5    0.7   -1.9
    -8.705   119.492   -0.6    0.5   -2.0
    -8.642   119.492   -0.6    0.2   -2.0
    -8.579   119.492   -0.6   -0.0   -2.0
    -8.517   119.492   -0.5   -0.3   -2.1
    -8.454   119.492   -0.5   -0.5   -2.0
    -8.391   119.492   -0.4   -0.7   -2.0
    -8.328   119.492   -0.3   -0.9   -1.9
    -8.265   119.492   -0.3   -1.1   -1.9
    -8.202   119.492   -0.2   -1.3   -1.8
    -8.139   119.492   -0.0   -1.4   -1.7
    -8.077   119.492    0.1   -1.6   -1.5
    -8.014   119.492    0.2   -1.7   -1.4
    -7.951   119.492    0.3   -1.8   -1.3
    -7.888   119.492    0.4   -2.0   -1.2
    -7.825   119.492    0.5   -2.1   -1.1
    -7.762   119.492    0.6   -2.2   -1.0
    -7.699   119.492    0.7   -2.3   -0.9
    -7.637   119.492    0.7   -2.3   -0.8
    -7.574   119.492    0.8   -2.4   -0.7
    -7.511   119.492    0.8   -2.4   -0.6
    -7.448   119.492    0.9   -2.5   -0.5
    -7.385   119.492    0.9   -2.5   -0.4
    -7.322   119.492    0.9   -2.5   -0.4
    -7.259   119.492    0.9   -2.5   -0.3
    -7.197   119.492    0.9   -2.5   -0.2
    -7.134   119.492    0.9   -2.5   -0.2
    -7.071   119.492    0.9   -2.5   -0.1
    -7.008   119.492    0.9   -2.5   -0.1
    -6.945   119.492    0.9   -2.5   -0.1
    -6.882   119.492    0.9   -2.5   -0.0
    -6.820   119.492    0.9   -2.5    0.0
    -6.757   119.492    0.8   -2.4    0.0
    -6.694   119.492    0.8   -2.4    0.1
    -6.631   119.492    0.8   -2.3    0.1
    -6.568   119.492    0.8   -2.3    0.1
    -6.505   119.492    0.8   -2.3    0.1
    -6.442   119.492    0.7   -2.2    0.1
    -6.380   119.492    0.7   -2.2    0.1
    -6.317   119.492    0.7   -2.1    0.2
    -6.254   119.492    0.7   -2.1    0.2
    -6.191   119.492    0.7   -2.1    0.2
    -6.128   119.492    0.6   -2.0    0.2
    -6.065   119.492    0.6   -2.0    0.2
    -6.002   119.492    0.6   -1.9    0.2
    -5.940   119.492    0.6   -1.9    0.2
    -5.877   119.492    0.5   -1.9    0.2
    -5.814   119.492    0.5   -1.8    0.2
    -5.751   119.492    0.5   -1.8    0.2
    -5.688   119.492    0.5   -1.7    0.2
    -5.625   119.492    0.5   -1.7    0.2
    -5.562   119.492    0.5   -1.7    0.2
    -5.500   119.492    0.4   -1.6    0.2
    -5.437   119.492    0.4   -1.6    0.2
    -5.374   119.492    0.4   -1.5    0.2
    -5.311   119.492    0.4   -1.5    0.2
    -5.248   119.492    0.4   -1.5    0.2
    -5.185   119.492    0.4   -1.4    0.2
    -5.123   119.492    0.4   -1.4    0.2
   -11.408   119.555    0.4    1.8    0.2
   -11.345   119.555    0.5    1.9    0.2
   -11.282   119.555    0.5    1.9    0.2
   -11.219   119.555    0.5    2.0    0.2
   -11.156   119.555    0.5    2.0    0.2
   -11.093   119.555    0.5    2.1    0.2
   -11.031   119.555    0.6    2.1    0.2
   -10.968   119.555    0.6    2.2    0.2
   -10.905   119.555    0.6    2.3    0.2
   -10.842   119.555    0.7    2.4    0.2
   -10.779   119.555    0.7    2.4    0.2
   -10.716   119.555    0.7    2.5    0.2
   -10.653   119.555    0.8    2.6    0.1
   -10.591   119.555    0.8    2.7    0.1
   -10.528   119.555    0.9    2.7    0.1
   -10.465   119.555    0.9    2.8    0.1
   -10.402   119.555    0.9    2.9    0.1
   -10.339   119.555    1.0    3.0    0.1
   -10.276   119.555    1.0    3.1    0.0
   -10.214   119.555    1.1    3.2    0.0
   -10.151   119.555    1.2    3.3   -0.0
   -10.088   119.555    1.2    3.4   -0.1
   -10.025   119.555    1.3    3.5   -0.1
    -9.962   119.555    1.4    3.6   -0.2
    -9.899   119.555    1.4    3.7   -0.2
    -9.836   119.555    1.5    3.8   -0.3
    -9.774   119.555    1.6    3.9   -0.4
    -9.711   119.555    1.7    4.0   -0.5
    -9.648   119.555    1.8    4.1   -0.6
    -9.585   119.555    1.9    4.2   -0.7
    -9.522   119.555    2.0    4.2   -0.8
    -9.459   119.555    2.2    4.2   -1.0
    -9.396   119.555    2.3    4.2   -1.2
    -9.334   119.555    2.4    4.1   -1.4
    -9.271   119.555    2.4    3.9   -1.6
    -9.208   119.555    2.4    3.6   -1.8
    -9.145   119.555    2.2    3.2   -2.0
    -9.082   119.555    1.8    2.7   -2.1
    -9.019   119.555    1.3    2.2   -2.1
    -8.956   119.555    0.6    1.7   -2.0
    -8.894   119.555    0.0    1.3   -2.0
    -8.831   119.555   -0.5    1.1   -1.9
    -8.768   119.555   -0.7    0.9   -2.0
    -8.705   119.555   -0.8    0.6   -2.0
    -8.642   119.555   -0.7    0.3   -2.1
    -8.579   119.555   -0.7    0.0   -2.2
    -8.517   119.555   -0.6   -0.3   -2.2
    -8.454   119.555   -0.5   -0.6   -2.2
    -8.391   119.555   -0.4   -0.9   -2.2
    -8.328   119.555   -0.4   -1.1   -2.1
    -8.265   119.555   -0.3   -1.3   -2.0
    -8.202   119.555   -0.1   -1.5   -1.9
    -8.139   119.555   -0.0   -1.6   -1.8
    -8.077   119.555    0.1   -1.8   -1.6
    -8.014   119.555    0.2   -2.0   -1.5
    -7.951   119.555    0.4   -2.1   -1.4
    -7.888   119.555    0.5   -2.2   -1.2
    -7.825   119.555    0.6   -2.3   -1.1
    -7.762   119.555    0.7   -2.4   -1.0
    -7.699   119.555    0.8   -2.5   -0.9
    -7.637   119.555    0.8   -2.6   -0.8
    -7.574   119.555    0.9   -2.7   -0.7
    -7.511   119.555    0.9   -2.7   -0.6
    -7.448   119.555    0.9   -2.7   -0.5
    -7.385   119.555    1.0   -2.8   -0.4
    -7.322   119.555    1.0   -2.8   -0.3
    -7.259   119.555    1.0   -2.8   -0.3
    -7.197   119.555    1.0   -2.8   -0.2
    -7.134   119.555    1.0   -2.8   -0.1
    -7.071   119.555    1.0   -2.7   -0.1
    -7.008   119.555    1.0   -2.7   -0.1
    -6.945   119.555    0.9   -2.7   -0.0
    -6.882   119.555    0.9   -2.7    0.0
    -6.820   119.555    0.9   -2.6    0.0
    -6.757   119.555    0.9   -2.6    0.1
    -6.694   119.555    0.9   -2.5    0.1
    -6.631   119.555    0.8   -2.5    0.1
    -6.568   119.555    0.8   -2.5    0.1
    -6.505   119.555    0.8   -2.4    0.1
    -6.442   119.555    0.8   -2.4    0.2
    -6.380   119.555    0.7   -2.3    0.2
    -6.317   119.555    0.7   -2.3    0.2
    -6.254   119.555    0.7   -2.2    0.2
    -6.191   119.555    0.7   -2.2    0.2
    -6.128   119.555    0.6   -2.1    0.2
    -6.065   119.555    0.6   -2.1    0.2
    -6.002   119.555    0.6   -2.0    0.2
    -5.940   119.555    0.6   -2.0    0.2
    -5.877   119.555    0.6   -1.9    0.2
    -5.814   119.555    0.5   -1.9    0.2
    -5.751   119.555    0.5   -1.8    0.2
    -5.688   119.555    0.5   -1.8    0.2
    -5.625   119.555    0.5   -1.8    0.2
    -5.562   119.555    0.5   -1.7    0.2
    -5.500   119.555    0.4   -1.7    0.2
    -5.437   119.555    0.4   -1.6    0.2
    -5.374   119.555    0.4   -1.6    0.2
    -5.311   119.555    0.4   -1.6    0.2
    -5.248   119.555    0.4   -1.5    0.2
    -5.185   119.555    0.4   -1.5    0.2
    -5.123   119.555    0.4   -1.4    0.2
   -11.408   119.619    0.4    1.9    0.2
   -11.345   119.619    0.4    1.9    0.2
   -11.282   119.619    0.5    2.0    0.2
   -11.219   119.619    0.5    2.0    0.2
   -11.156   119.619    0.5    2.1    0.2
   -11.093   119.619    0.5    2.2    0.2
   -11.031   119.619    0.6    2.2    0.2
   -10.968   119.619    0.6    2.3    0.2
   -10.905   119.619    0.6    2.4    0.2
   -10.842   119.619    0.7    2.5    0.2
   -10.779   119.619    0.7    2.5    0.2
   -10.716   119.619    0.7    2.6    0.2
   -10.653   119.619    0.8    2.7    0.2
   -10.591   119.619    0.8    2.8    0.2
   -10.528   119.619    0.9    2.9    0.1
   -10.465   119.619    0.9    3.0    0.1
   -10.402   119.619    1.0    3.1    0.1
   -10.339   119.619    1.0    3.2    0.1
   -10.276   119.619    1.1    3.3    0.1
   -10.214   119.619    1.1    3.4    0.0
   -10.151   119.619    1.2    3.5    0.0
   -10.088   119.619    1.3    3.6   -0.0
   -10.025   119.619    1.3    3.8   -0.1
    -9.962   119.619    1.4    3.9   -0.1
    -9.899   119.619    1.5    4.0   -0.2
    -9.836   119.619    1.6    4.2   -0.3
    -9.774   119.619    1.7    4.3   -0.4
    -9.711   119.619    1.8    4.5   -0.5
    -9.648   119.619    2.0    4.6   -0.6
    -9.585   119.619    2.1    4.7   -0.7
    -9.522   119.619    2.2    4.9   -0.9
    -9.459   119.619    2.4    5.0   -1.1
    -9.396   119.619    2.6    5.0   -1.3
    -9.334   119.619    2.7    5.0   -1.6
    -9.271   119.619    2.9    4.9   -1.9
    -9.208   119.619    2.9    4.6   -2.1
    -9.145   119.619    2.8    4.1   -2.4
    -9.082   119.619    2.5    3.5   -2.5
    -9.019   119.619    1.8    2.7   -2.4
    -8.956   119.619    0.8    2.0   -2.2
    -8.894   119.619   -0.1    1.6   -2.0
    -8.831   119.619   -0.8    1.3   -1.8
    -8.768   119.619   -1.1    1.1   -1.9
    -8.705   119.619   -1.1    0.9   -2.0
    -8.642   119.619   -0.9    0.5   -2.2
    -8.579   119.619   -0.8    0.1   -2.3
    -8.517   119.619   -0.6   -0.3   -2.4
    -8.454   119.619   -0.6   -0.7   -2.4
    -8.391   119.619   -0.5   -1.0   -2.4
    -8.328   119.619   -0.4   -1.3   -2.3
    -8.265   119.619   -0.3   -1.5   -2.2
    -8.202   119.619   -0.1   -1.7   -2.0
    -8.139   119.619    0.0   -1.9   -1.9
    -8.077   119.619    0.2   -2.1   -1.7
    -8.014   119.619    0.3   -2.2   -1.6
    -7.951   119.619    0.5   -2.4   -1.4
    -7.888   119.619    0.6   -2.5   -1.3
    -7.825   119.619    0.7   -2.6   -1.1
    -7.762   119.619    0.8   -2.8   -1.0
    -7.699   119.619    0.9   -2.8   -0.9
    -7.637   119.619    0.9   -2.9   -0.8
    -7.574   119.619    1.0   -3.0   -0.6
    -7.511   119.619    1.0   -3.0   -0.5
    -7.448   119.619    1.0   -3.0   -0.5
    -7.385   119.619    1.1   -3.0   -0.4
    -7.322   119.619    1.1   -3.1   -0.3
    -7.259   119.619    1.1   -3.0   -0.2
    -7.197   119.619    1.1   -3.0   -0.2
    -7.134   119.619    1.1   -3.0   -0.1
    -7.071   119.619    1.0   -3.0   -0.1
    -7.008   119.619    1.0   -2.9   -0.0
    -6.945   119.619    1.0   -2.9    0.0
    -6.882   119.619    1.0   -2.9    0.0
    -6.820   119.619    0.9   -2.8    0.1
    -6.757   119.619    0.9   -2.8    0.1
    -6.694   119.619    0.9   -2.7    0.1
    -6.631   119.619    0.9   -2.7    0.1
    -6.568   119.619    0.8   -2.6    0.2
    -6.505   119.619    0.8   -2.5    0.2
    -6.442   119.619    0.8   -2.5    0.2
    -6.380   119.619    0.8   -2.4    0.2
    -6.317   119.619    0.7   -2.4    0.2
    -6.254   119.619    0.7   -2.3    0.2
    -6.191   119.619    0.7   -2.3    0.2
    -6.128   119.619    0.7   -2.2    0.2
    -6.065   119.619    0.6   -2.2    0.2
    -6.002   119.619    0.6   -2.1    0.2
    -5.940   119.619    0.6   -2.1    0.2
    -5.877   119.619    0.6   -2.0    0.2
    -5.814   119.619    0.5   -2.0    0.2
    -5.751   119.619    0.5   -1.9    0.2
    -5.688   119.619    0.5   -1.9    0.2
    -5.625   119.619    0.5   -1.8    0.2
    -5.562   119.619    0.5   -1.8    0.2
    -5.500   119.619    0.4   -1.7    0.2
    -5.437   119.619    0.4   -1.7    0.2
    -5.374   119.619    0.4   -1.6    0.2
    -5.311   119.619    0.4   -1.6    0.2
    -5.248   119.619    0.4   -1.6    0.2
    -5.185   119.619    0.4   -1.5    0.2
    -5.123   119.619    0.4   -1.5    0.2
   -11.408   119.682    0.4    1.9    0.2
   -11.345   119.682    0.4    2.0    0.2
   -11.282   119.682    0.5    2.0    0.2
   -11.219   119.682    0.5    2.1    0.2
   -11.156   119.682    0.5    2.2    0.2
   -11.093   119.682    0.5    2.3    0.2
   -11.031   119.682    0.6    2.3    0.2
   -10.968   119.682    0.6    2.4    0.2
   -10.905   119.682    0.6    2.5    0.2
   -10.842   119.682    0.7    2.6    0.2
   -10.779   119.682    0.7    2.7    0.2
   -10.716   119.682    0.7    2.7    0.2
   -10.653   119.682    0.8    2.8    0.2
   -10.591   119.682    0.8    2.9    0.2
   -10.528   119.682    0.9    3.0    0.2
   -10.465   119.682    0.9    3.2    0.2
   -10.402   119.682    1.0    3.3    0.1
   -10.339   119.682    1.0    3.4    0.1
   -10.276   119.682    1.1    3.5    0.1
   -10.214   119.682    1.2    3.6    0.1
   -10.151   119.682    1.2    3.8    0.0
   -10.088   119.682    1.3    3.9   -0.0
   -10.025   119.682    1.4    4.1   -0.0
    -9.962   119.682    1.5    4.2   -0.1
    -9.899   119.682    1.6    4.4   -0.2
    -9.836   119.682    1.7    4.6   -0.2
    -9.774   119.682    1.8    4.8   -0.3
    -9.711   119.682    1.9    5.0   -0.4
    -9.648   119.682    2.1    5.2   -0.6
    -9.585   119.682    2.2    5.4   -0.7
    -9.522   119.682    2.4    5.6   -0.9
    -9.459   119.682    2.6    5.8   -1.2
    -9.396   119.682    2.9    6.0   -1.5
    -9.334   119.682    3.1    6.1   -1.8
    -9.271   119.682    3.4    6.1   -2.2
    -9.208   119.682    3.6    5.9   -2.6
    -9.145   119.682    3.6    5.4   -2.9
    -9.082   119.682    3.3    4.6   -3.1
    -9.019   119.682    2.4    3.5   -2.9
    -8.956   119.682    1.0    2.5   -2.3
    -8.894   119.682   -0.5    1.9   -1.7
    -8.831   119.682   -1.5    1.8   -1.3
    -8.768   119.682   -1.7    1.7   -1.4
    -8.705   119.682   -1.5    1.3   -1.8
    -8.642   119.682   -1.2    0.8   -2.1
    -8.579   119.682   -0.9    0.2   -2.4
    -8.517   119.682   -0.7   -0.4   -2.5
    -8.454   119.682   -0.6   -0.8   -2.6
    -8.391   119.682   -0.5   -1.2   -2.6
    -8.328   119.682   -0.4   -1.5   -2.5
    -8.265   119.682   -0.3   -1.7   -2.4
    -8.202   119.682   -0.1   -2.0   -2.2
    -8.139   119.682    0.1   -2.2   -2.0
    -8.077   119.682    0.2   -2.4   -1.8
    -8.014   119.682    0.4   -2.6   -1.7
    -7.951   119.682    0.6   -2.7   -1.5
    -7.888   119.682    0.7   -2.9   -1.3
    -7.825   119.682    0.8   -3.0   -1.2
    -7.762   119.682    0.9   -3.1   -1.0
    -7.699   119.682    1.0   -3.2   -0.9
    -7.637   119.682    1.1   -3.3   -0.7
    -7.574   119.682    1.1   -3.3   -0.6
    -7.511   119.682    1.1   -3.3   -0.5
    -7.448   119.682    1.2   -3.4   -0.4
    -7.385   119.682    1.2   -3.4   -0.3
    -7.322   119.682    1.2   -3.4   -0.3
    -7.259   119.682    1.2   -3.3   -0.2
    -7.197   119.682    1.1   -3.3   -0.1
    -7.134   119.682    1.1   -3.3   -0.1
    -7.071   119.682    1.1   -3.2   -0.0
    -7.008   119.682    1.1   -3.2    0.0
    -6.945   119.682    1.1   -3.1    0.1
    -6.882   119.682    1.0   -3.1    0.1
    -6.820   119.682    1.0   -3.0    0.1
    -6.757   119.682    1.0   -2.9    0.1
    -6.694   119.682    0.9   -2.9    0.2
    -6.631   119.682    0.9   -2.8    0.2
    -6.568   119.682    0.9   -2.8    0.2
    -6.505   119.682    0.8   -2.7    0.2
    -6.442   119.682    0.8   -2.6    0.2
    -6.380   119.682    0.8   -2.6    0.2
    -6.317   119.682    0.7   -2.5    0.2
    -6.254   119.682    0.7   -2.4    0.2
    -6.191   119.682    0.7   -2.4    0.2
    -6.128   119.682    0.7   -2.3    0.2
    -6.065   119.682    0.6   -2.3    0.3
    -6.002   119.682    0.6   -2.2    0.3
    -5.940   119.682    0.6   -2.1    0.3
    -5.877   119.682    0.6   -2.1    0.3
    -5.814   119.682    0.5   -2.0    0.3
    -5.751   119.682    0.5   -2.0    0.3
    -5.688   119.682    0.5   -1.9    0.3
    -5.625   119.682    0.5   -1.9    0.3
    -5.562   119.682    0.5   -1.8    0.2
    -5.500   119.682    0.4   -1.8    0.2
    -5.437   119.682    0.4   -1.7    0.2
    -5.374   119.682    0.4   -1.7    0.2
    -5.311   119.682    0.4   -1.7    0.2
    -5.248   119.682    0.4   -1.6    0.2
    -5.185   119.682    0.4   -1.6    0.2
    -5.123   119.682    0.4   -1.5    0.2
   -11.408   119.746    0.4    2.0    0.2
   -11.345   119.746    0.4    2.1    0.2
   -11.282   119.746    0.5    2.1    0.2
   -11.219   119.746    0.5    2.2    0.2
   -11.156   119.746    0.5    2.3    0.2
   -11.093   119.746    0.5    2.3    0.2
   -11.031   119.746    0.6    2.4    0.2
   -10.968   119.746    0.6    2.5    0.2
   -10.905   119.746    0.6    2.6    0.2
   -10.842   119.746    0.7    2.7    0.2
   -10.779   119.746    0.7    2.8    0.2
   -10.716   119.746    0.7    2.9    0.2
   -10.653   119.746    0.8    3.0    0.2
   -10.591   119.746    0.8    3.1    0.2
   -10.528   119.746    0.9    3.2    0.2
   -10.465   119.746    0.9    3.3    0.2
   -10.402   119.746    1.0    3.5    0.2
   -10.339   119.746    1.0    3.6    0.2
   -10.276   119.746    1.1    3.7    0.1
   -10.214   119.746    1.2    3.9    0.1
   -10.151   119.746    1.2    4.0    0.1
   -10.088   119.746    1.3    4.2    0.0
   -10.025   119.746    1.4    4.4   -0.0
    -9.962   119.746    1.5    4.6   -0.1
    -9.899   119.746    1.6    4.8   -0.1
    -9.836   119.746    1.7    5.0   -0.2
    -9.774   119.746    1.9    5.2   -0.3
    -9.711   119.746    2.0    5.5   -0.4
    -9.648   119.746    2.2    5.7   -0.6
    -9.585   119.746    2.3    6.0   -0.7
    -9.522   119.746    2.5    6.4   -1.0
    -9.459   119.746    2.8    6.7   -1.2
    -9.396   119.746    3.1    7.0   -1.6
    -9.334   119.746    3.4    7.3   -2.0
    -9.271   119.746    3.8    7.6   -2.6
    -9.208   119.746    4.2    7.6   -3.2
    -9.145   119.746    4.4    7.2   -3.8
    -9.082   119.746    4.2    6.2   -4.1
    -9.019   119.746    3.2    4.6   -3.6
    -8.956   119.746    1.1    3.0   -2.3
    -8.894   119.746   -1.4    2.3   -0.6
    -8.831   119.746   -2.8    2.6    0.2
    -8.768   119.746   -2.8    2.7   -0.2
    -8.705   119.746   -2.1    2.2   -1.1
    -8.642   119.746   -1.5    1.3   -1.9
    -8.579   119.746   -1.0    0.4   -2.5
    -8.517   119.746   -0.8   -0.3   -2.7
    -8.454   119.746   -0.7   -0.9   -2.8
    -8.391   119.746   -0.6   -1.3   -2.8
    -8.328   119.746   -0.5   -1.7   -2.7
    -8.265   119.746   -0.3   -2.0   -2.6
    -8.202   119.746   -0.1   -2.3   -2.4
    -8.139   119.746    0.1   -2.5   -2.2
    -8.077   119.746    0.3   -2.7   -2.0
    -8.014   119.746    0.5   -2.9   -1.8
    -7.951   119.746    0.7   -3.1   -1.5
    -7.888   119.746    0.9   -3.3   -1.4
    -7.825   119.746    1.0   -3.4   -1.2
    -7.762   119.746    1.1   -3.5   -1.0
    -7.699   119.746    1.2   -3.6   -0.9
    -7.637   119.746    1.2   -3.7   -0.7
    -7.574   119.746    1.2   -3.7   -0.6
    -7.511   119.746    1.3   -3.7   -0.5
    -7.448   119.746    1.3   -3.7   -0.4
    -7.385   119.746    1.3   -3.7   -0.3
    -7.322   119.746    1.3   -3.7   -0.2
    -7.259   119.746    1.2   -3.6   -0.1
    -7.197   119.746    1.2   -3.6   -0.1
    -7.134   119.746    1.2   -3.5   -0.0
    -7.071   119.746    1.2   -3.5    0.0
    -7.008   119.746    1.1   -3.4    0.1
    -6.945   119.746    1.1   -3.4    0.1
    -6.882   119.746    1.1   -3.3    0.1
    -6.820   119.746    1.0   -3.2    0.1
    -6.757   119.746    1.0   -3.1    0.2
    -6.694   119.746    1.0   -3.1    0.2
    -6.631   119.746    0.9   -3.0    0.2
    -6.568   119.746    0.9   -2.9    0.2
    -6.505   119.746    0.9   -2.8    0.2
    -6.442   119.746    0.8   -2.8    0.2
    -6.380   119.746    0.8   -2.7    0.3
    -6.317   119.746    0.8   -2.6    0.3
    -6.254   119.746    0.7   -2.6    0.3
    -6.191   119.746    0.7   -2.5    0.3
    -6.128   119.746    0.7   -2.4    0.3
    -6.065   119.746    0.6   -2.4    0.3
    -6.002   119.746    0.6   -2.3    0.3
    -5.940   119.746    0.6   -2.2    0.3
    -5.877   119.746    0.6   -2.2    0.3
    -5.814   119.746    0.5   -2.1    0.3
    -5.751   119.746    0.5   -2.1    0.3
    -5.688   119.746    0.5   -2.0    0.3
    -5.625   119.746    0.5   -1.9    0.3
    -5.562   119.746    0.5   -1.9    0.3
    -5.500   119.746    0.4   -1.8    0.3
    -5.437   119.746    0.4   -1.8    0.3
    -5.374   119.746    0.4   -1.7    0.3
    -5.311   119.746    0.4   -1.7    0.3
    -5.248   119.746    0.4   -1.7    0.2
    -5.185   119.746    0.4   -1.6    0.2
    -5.123   119.746    0.3   -1.6    0.2
   -11.408   119.809    0.4    2.0    0.2
   -11.345   119.809    0.4    2.1    0.2
   -11.282   119.809    0.5    2.2    0.2
   -11.219   119.809    0.5    2.3    0.2
   -11.156   119.809    0.5    2.3    0.2
   -11.093   119.809    0.5    2.4    0.3
   -11.031   119.809    0.6    2.5    0.3
   -10.968   119.809    0.6    2.6    0.3
   -10.905   119.809    0.6    2.7    0.3
   -10.842   119.809    0.7    2.8    0.2
   -10.779   119.809    0.7    2.9    0.2
   -10.716   119.809    0.7    3.0    0.2
   -10.653   119.809    0.8    3.1    0.2
   -10.591   119.809    0.8    3.2    0.2
   -10.528   119.809    0.9    3.4    0.2
   -10.465   119.809    0.9    3.5    0.2
   -10.402   119.809    1.0    3.6    0.2
   -10.339   119.809    1.0    3.8    0.2
   -10.276   119.809    1.1    4.0    0.2
   -10.214   119.809    1.2    4.1    0.1
   -10.151   119.809    1.3    4.3    0.1
   -10.088   119.809    1.3    4.5    0.1
   -10.025   119.809    1.4    4.7    0.0
    -9.962   119.809    1.5    4.9   -0.0
    -9.899   119.809    1.6    5.2   -0.1
    -9.836   119.809    1.8    5.4   -0.2
    -9.774   119.809    1.9    5.7   -0.3
    -9.711   119.809    2.0    6.0   -0.4
    -9.648   119.809    2.2    6.4   -0.6
    -9.585   119.809    2.4    6.7   -0.7
    -9.522   119.809    2.6    7.2   -1.0
    -9.459   119.809    2.9    7.6   -1.3
    -9.396   119.809    3.2    8.2   -1.7
    -9.334   119.809    3.6    8.7   -2.3
    -9.271   119.809    4.1    9.2   -3.0
    -9.208   119.809    4.6    9.6   -3.9
    -9.145   119.809    5.0    9.4   -4.9
    -9.082   119.809    5.1    8.4   -5.4
    -9.019   119.809    4.0    6.1   -4.7
    -8.956   119.809    1.1    3.6   -1.6
    -8.894   119.809   -2.7    2.9    2.5
    -8.831   119.809   -4.7    4.2    4.2
    -8.768   119.809   -4.2    4.8    2.6
    -8.705   119.809   -2.8    3.8    0.3
    -8.642   119.809   -1.7    2.3   -1.4
    -8.579   119.809   -1.1    0.9   -2.4
    -8.517   119.809   -0.9   -0.2   -2.9
    -8.454   119.809   -0.8   -0.9   -3.1
    -8.391   119.809   -0.7   -1.5   -3.1
    -8.328   119.809   -0.5   -1.9   -3.0
    -8.265   119.809   -0.3   -2.3   -2.8
    -8.202   119.809   -0.0   -2.6   -2.6
    -8.139   119.809    0.2   -2.9   -2.3
    -8.077   119.809    0.5   -3.2   -2.1
    -8.014   119.809    0.7   -3.4   -1.8
    -7.951   119.809    0.9   -3.6   -1.6
    -7.888   119.809    1.0   -3.8   -1.4
    -7.825   119.809    1.2   -3.9   -1.2
    -7.762   119.809    1.3   -4.0   -1.0
    -7.699   119.809    1.3   -4.1   -0.8
    -7.637   119.809    1.4   -4.1   -0.7
    -7.574   119.809    1.4   -4.2   -0.6
    -7.511   119.809    1.4   -4.2   -0.4
    -7.448   119.809    1.4   -4.1   -0.3
    -7.385   119.809    1.4   -4.1   -0.2
    -7.322   119.809    1.4   -4.0   -0.2
    -7.259   119.809    1.3   -4.0   -0.1
    -7.197   119.809    1.3   -3.9   -0.0
    -7.134   119.809    1.3   -3.8    0.0
    -7.071   119.809    1.2   -3.8    0.1
    -7.008   119.809    1.2   -3.7    0.1
    -6.945   119.809    1.2   -3.6    0.1
    -6.882   119.809    1.1   -3.5    0.2
    -6.820   119.809    1.1   -3.4    0.2
    -6.757   119.809    1.0   -3.3    0.2
    -6.694   119.809    1.0   -3.3    0.2
    -6.631   119.809    1.0   -3.2    0.2
    -6.568   119.809    0.9   -3.1    0.3
    -6.505   119.809    0.9   -3.0    0.3
    -6.442   119.809    0.8   -2.9    0.3
    -6.380   119.809    0.8   -2.8    0.3
    -6.317   119.809    0.8   -2.8    0.3
    -6.254   119.809    0.7   -2.7    0.3
    -6.191   119.809    0.7   -2.6    0.3
    -6.128   119.809    0.7   -2.5    0.3
    -6.065   119.809    0.6   -2.5    0.3
    -6.002   119.809    0.6   -2.4    0.3
    -5.940   119.809    0.6   -2.3    0.3
    -5.877   119.809    0.6   -2.3    0.3
    -5.814   119.809    0.5   -2.2    0.3
    -5.751   119.809    0.5   -2.1    0.3
    -5.688   119.809    0.5   -2.1    0.3
    -5.625   119.809    0.5   -2.0    0.3
    -5.562   119.809    0.5   -2.0    0.3
    -5.500   119.809    0.4   -1.9    0.3
    -5.437   119.809    0.4   -1.8    0.3
    -5.374   119.809    0.4   -1.8    0.3
    -5.311   119.809    0.4   -1.7    0.3
    -5.248   119.809    0.4   -1.7    0.3
    -5.185   119.809    0.4   -1.7    0.3
    -5.123   119.809    0.3   -1.6    0.3
   -11.408   119.873    0.4    2.1    0.3
   -11.345   119.873    0.4    2.2    0.3
   -11.282   119.873    0.4    2.3    0.3
   -11.219   119.873    0.5    2.3    0.3
   -11.156   119.873    0.5    2.4    0.3
   -11.093   119.873    0.5    2.5    0.3
   -11.031   119.873    0.5    2.6    0.3
   -10.968   119.873    0.6    2.7    0.3
   -10.905   119.873    0.6    2.8    0.3
   -10.842   119.873    0.6    2.9    0.3
   -10.779   119.873    0.7    3.0    0.3
   -10.716   119.873    0.7    3.1    0.3
   -10.653   119.873    0.8    3.2    0.3
   -10.591   119.873    0.8    3.4    0.3
   -10.528   119.873    0.9    3.5    0.3
   -10.465   119.873    0.9    3.7    0.2
   -10.402   119.873    1.0    3.8    0.2
   -10.339   119.873    1.0    4.0    0.2
   -10.276   119.873    1.1    4.2    0.2
   -10.214   119.873    1.2    4.4    0.2
   -10.151   119.873    1.3    4.6    0.1
   -10.088   119.873    1.4    4.8    0.1
   -10.025   119.873    1.4    5.0    0.1
    -9.962   119.873    1.6    5.3    0.0
    -9.899   119.873    1.7    5.6   -0.1
    -9.836   119.873    1.8    5.9   -0.1
    -9.774   119.873    1.9    6.2   -0.2
    -9.711   119.873    2.1    6.6   -0.4
    -9.648   119.873    2.2    7.0   -0.5
    -9.585   119.873    2.4    7.5   -0.7
    -9.522   119.873    2.7    8.0   -1.0
    -9.459   119.873    2.9    8.6   -1.4
    -9.396   119.873    3.2    9.3   -1.9
    -9.334   119.873    3.6   10.1   -2.5
    -9.271   119.873    4.0   11.0   -3.4
    -9.208   119.873    4.6   11.7   -4.6
    -9.145   119.873    5.1   12.0   -6.0
    -9.082   119.873    5.4   11.0   -7.0
    -9.019   119.873    4.5    8.0   -5.7
    -8.956   119.873    1.3    4.0    0.4
    -8.894   119.873   -3.4    3.5    9.2
    -8.831   119.873   -5.9    7.0   12.2
    -8.768   119.873   -4.9    8.4    7.9
    -8.705   119.873   -3.0    6.5    2.7
    -8.642   119.873   -1.7    3.8   -0.6
    -8.579   119.873   -1.1    1.6   -2.3
    -8.517   119.873   -1.0    0.1   -3.1
    -8.454   119.873   -0.9   -0.9   -3.4
    -8.391   119.873   -0.8   -1.6   -3.4
    -8.328   119.873   -0.6   -2.1   -3.3
    -8.265   119.873   -0.3   -2.6   -3.1
    -8.202   119.873    0.0   -3.0   -2.8
    -8.139   119.873    0.4   -3.4   -2.5
    -8.077   119.873    0.6   -3.7   -2.2
    -8.014   119.873    0.9   -4.0   -1.9
    -7.951   119.873    1.1   -4.2   -1.6
    -7.888   119.873    1.3   -4.4   -1.4
    -7.825   119.873    1.4   -4.5   -1.2
    -7.762   119.873    1.5   -4.6   -1.0
    -7.699   119.873    1.5   -4.7   -0.8
    -7.637   119.873    1.5   -4.7   -0.6
    -7.574   119.873    1.5   -4.7   -0.5
    -7.511   119.873    1.5   -4.6   -0.4
    -7.448   119.873    1.5   -4.6   -0.3
    -7.385   119.873    1.5   -4.5   -0.2
    -7.322   119.873    1.5   -4.4   -0.1
    -7.259   119.873    1.4   -4.4   -0.0
    -7.197   119.873    1.4   -4.3    0.0
    -7.134   119.873    1.3   -4.2    0.1
    -7.071   119.873    1.3   -4.1    0.1
    -7.008   119.873    1.2   -4.0    0.2
    -6.945   119.873    1.2   -3.9    0.2
    -6.882   119.873    1.2   -3.8    0.2
    -6.820   119.873    1.1   -3.7    0.2
    -6.757   119.873    1.1   -3.6    0.3
    -6.694   119.873    1.0   -3.5    0.3
    -6.631   119.873    1.0   -3.4    0.3
    -6.568   119.873    0.9   -3.3    0.3
    -6.505   119.873    0.9   -3.2    0.3
    -6.442   119.873    0.9   -3.1    0.3
    -6.380   119.873    0.8   -3.0    0.3
    -6.317   119.873    0.8   -2.9    0.3
    -6.254   119.873    0.7   -2.8    0.3
    -6.191   119.873    0.7   -2.7    0.3
    -6.128   119.873    0.7   -2.6    0.3
    -6.065   119.873    0.6   -2.6    0.3
    -6.002   119.873    0.6   -2.5    0.3
    -5.940   119.873    0.6   -2.4    0.3
    -5.877   119.873    0.6   -2.3    0.3
    -5.814   119.873    0.5   -2.3    0.3
    -5.751   119.873    0.5   -2.2    0.3
    -5.688   119.873    0.5   -2.1    0.3
    -5.625   119.873    0.5   -2.1    0.3
    -5.562   119.873    0.5   -2.0    0.3
    -5.500   119.873    0.4   -2.0    0.3
    -5.437   119.873    0.4   -1.9    0.3
    -5.374   119.873    0.4   -1.8    0.3
    -5.311   119.873    0.4   -1.8    0.3
    -5.248   119.873    0.4   -1.7    0.3
    -5.185   119.873    0.4   -1.7    0.3
    -5.123   119.873    0.3   -1.6    0.3
   -11.408   119.936    0.4    2.2    0.3
   -11.345   119.936    0.4    2.2    0.3
   -11.282   119.936    0.4    2.3    0.3
   -11.219   119.936    0.5    2.4    0.3
   -11.156   119.936    0.5    2.5    0.3
   -11.093   119.936    0.5    2.6    0.3
   -11.031   119.936    0.5    2.7    0.3
   -10.968   119.936    0.6    2.8    0.3
   -10.905   119.936    0.6    2.9    0.3
   -10.842   119.936    0.6    3.0    0.3
   -10.779   119.936    0.7    3.1    0.3
   -10.716   119.936    0.7    3.2    0.3
   -10.653   119.936    0.8    3.4    0.3
   -10.591   119.936    0.8    3.5    0.3
   -10.528   119.936    0.9    3.7    0.3
   -10.465   119.936    0.9    3.8    0.3
   -10.402   119.936    1.0    4.0    0.3
   -10.339   119.936    1.0    4.2    0.2
   -10.276   119.936    1.1    4.4    0.2
   -10.214   119.936    1.2    4.6    0.2
   -10.151   119.936    1.3    4.8    0.2
   -10.088   119.936    1.4    5.1    0.2
   -10.025   119.936    1.4    5.4    0.1
    -9.962   119.936    1.6    5.6    0.1
    -9.899   119.936    1.7    6.0   -0.0
    -9.836   119.936    1.8    6.3   -0.1
    -9.774   119.936    1.9    6.7   -0.2
    -9.711   119.936    2.1    7.1   -0.3
    -9.648   119.936    2.2    7.6   -0.5
    -9.585   119.936    2.4    8.1   -0.7
    -9.522   119.936    2.6    8.8   -1.0
    -9.459   119.936    2.9    9.5   -1.4
    -9.396   119.936    3.1   10.4   -1.9
    -9.334   119.936    3.4   11.4   -2.6
    -9.271   119.936    3.8   12.5   -3.7
    -9.208   119.936    4.2   13.6   -5.1
    -9.145   119.936    4.6   14.2   -6.8
    -9.082   119.936    4.9   13.3   -8.0
    -9.019   119.936    4.6    9.6   -6.1
    -8.956   119.936    2.8    4.4    3.3
    -8.894   119.936   -0.6    4.1   17.7
    -8.831   119.936   -3.2   10.3   22.7
    -8.768   119.936   -3.0   12.9   14.9
    -8.705   119.936   -1.7    9.8    5.8
    -8.642   119.936   -1.0    5.6    0.3
    -8.579   119.936   -0.9    2.5   -2.3
    -8.517   119.936   -1.0    0.5   -3.4
    -8.454   119.936   -1.0   -0.8   -3.8
    -8.391   119.936   -0.9   -1.7   -3.8
    -8.328   119.936   -0.7   -2.4   -3.7
    -8.265   119.936   -0.3   -3.0   -3.4
    -8.202   119.936    0.1   -3.5   -3.0
    -8.139   119.936    0.6   -4.0   -2.7
    -8.077   119.936    0.9   -4.4   -2.3
    -8.014   119.936    1.2   -4.7   -2.0
    -7.951   119.936    1.4   -4.9   -1.7
    -7.888   119.936    1.5   -5.1   -1.4
    -7.825   119.936    1.6   -5.2   -1.2
    -7.762   119.936    1.7   -5.3   -0.9
    -7.699   119.936    1.7   -5.3   -0.8
    -7.637   119.936    1.7   -5.3   -0.6
    -7.574   119.936    1.7   -5.2   -0.5
    -7.511   119.936    1.7   -5.2   -0.3
    -7.448   119.936    1.7   -5.1   -0.2
    -7.385   119.936    1.6   -5.0   -0.1
    -7.322   119.936    1.6   -4.9   -0.1
    -7.259   119.936    1.5   -4.8    0.0
    -7.197   119.936    1.5   -4.6    0.1
    -7.134   119.936    1.4   -4.5    0.1
    -7.071   119.936    1.4   -4.4    0.2
    -7.008   119.936    1.3   -4.3    0.2
    -6.945   119.936    1.2   -4.1    0.2
    -6.882   119.936    1.2   -4.0    0.3
    -6.820   119.936    1.1   -3.9    0.3
    -6.757   119.936    1.1   -3.8    0.3
    -6.694   119.936    1.0   -3.7    0.3
    -6.631   119.936    1.0   -3.5    0.3
    -6.568   119.936    0.9   -3.4    0.3
    -6.505   119.936    0.9   -3.3    0.3
    -6.442   119.936    0.9   -3.2    0.3
    -6.380   119.936    0.8   -3.1    0.3
    -6.317   119.936    0.8   -3.0    0.3
    -6.254   119.936    0.7   -2.9    0.3
    -6.191   119.936    0.7   -2.8    0.3
    -6.128   119.936    0.7   -2.7    0.3
    -6.065   119.936    0.6   -2.7    0.3
    -6.002   119.936    0.6   -2.6    0.3
    -5.940   119.936    0.6   -2.5    0.3
    -5.877   119.936    0.6   -2.4    0.3
    -5.814   119.936    0.5   -2.3    0.3
    -5.751   119.936    0.5   -2.3    0.3
    -5.688   119.936    0.5   -2.2    0.3
    -5.625   119.936    0.5   -2.1    0.3
    -5.562   119.936    0.4   -2.1    0.3
    -5.500   119.936    0.4   -2.0    0.3
    -5.437   119.936    0.4   -2.0    0.3
    -5.374   119.936    0.4   -1.9    0.3
    -5.311   119.936    0.4   -1.8    0.3
    -5.248   119.936    0.4   -1.8    0.3
    -5.185   119.936    0.3   -1.7    0.3
    -5.123   119.936    0.3   -1.7    0.3
   -11.408   120.000    0.4    2.2    0.3
   -11.345   120.000    0.4    2.3    0.3
   -11.282   120.000    0.4    2.4    0.3
   -11.219   120.000    0.4    2.5    0.3
   -11.156   120.000    0.5    2.6    0.3
   -11.093   120.000    0.5    2.7    0.3
   -11.031   120.000    0.5    2.8    0.3
   -10.968   120.000    0.5    2.9    0.3
   -10.905   120.000    0.6    3.0    0.3
   -10.842   120.000    0.6    3.1    0.3
   -10.779   120.000    0.7    3.2    0.3
   -10.716   120.000    0.7    3.4    0.3
   -10.653   120.000    0.7    3.5    0.3
   -10.591   120.000    0.8    3.7    0.3
   -10.528   120.000    0.8    3.8    0.3
   -10.465   120.000    0.9    4.0    0.3
   -10.402   120.000    1.0    4.2    0.3
   -10.339   120.000    1.0    4.4    0.3
   -10.276   120.000    1.1    4.6    0.3
   -10.214   120.000    1.2    4.9    0.3
   -10.151   120.000    1.2    5.1    0.2
   -10.088   120.000    1.3    5.4    0.2
   -10.025   120.000    1.4    5.7    0.2
    -9.962   120.000    1.5    6.0    0.1
    -9.899   120.000    1.7    6.3    0.0
    -9.836   120.000    1.8    6.7   -0.0
    -9.774   120.000    1.9    7.2   -0.1
    -9.711   120.000    2.1    7.6   -0.3
    -9.648   120.000    2.2    8.2   -0.4
    -9.585   120.000    2.4    8.8   -0.6
    -9.522   120.000    2.6    9.5   -0.9
    -9.459   120.000    2.8   10.3   -1.3
    -9.396   120.000    3.0   11.3   -1.9
    -9.334   120.000    3.2   12.4   -2.6
    -9.271   120.000    3.3   13.6   -3.7
    -9.208   120.000    3.5   14.8   -5.1
    -9.145   120.000    3.7   15.5   -6.8
    -9.082   120.000    4.1   14.6   -7.9
    -9.019   120.000    4.7   10.7   -5.6
    -8.956   120.000    5.6    5.0    5.1
    -8.894   120.000    5.8    4.7   22.4
    -8.831   120.000    4.3   12.5   29.7
    -8.768   120.000    2.5   16.4   20.2
    -8.705   120.000    1.4   12.7    8.1
    -8.642   120.000    0.6    7.4    1.0
    -8.579   120.000   -0.2    3.5   -2.4
    -8.517   120.000   -0.9    0.9   -3.8
    -8.454   120.000   -1.2   -0.7   -4.3
    -8.391   120.000   -1.1   -1.8   -4.3
    -8.328   120.000   -0.7   -2.7   -4.1
    -8.265   120.000   -0.2   -3.5   -3.7
    -8.202   120.000    0.4   -4.2   -3.3
    -8.139   120.000    0.9   -4.8   -2.8
    -8.077   120.000    1.2   -5.2   -2.4
    -8.014   120.000    1.5   -5.6   -2.0
    -7.951   120.000    1.7   -5.8   -1.7
    -7.888   120.000    1.8   -6.0   -1.4
    -7.825   120.000    1.9   -6.0   -1.1
    -7.762   120.000    1.9   -6.1   -0.9
    -7.699   120.000    1.9   -6.0   -0.7
    -7.637   120.000    1.9   -6.0   -0.5
    -7.574   120.000    1.9   -5.9   -0.4
    -7.511   120.000    1.8   -5.8   -0.3
    -7.448   120.000    1.8   -5.6   -0.1
    -7.385   120.000    1.7   -5.5   -0.1
    -7.322   120.000    1.7   -5.3    0.0
    -7.259   120.000    1.6   -5.2    0.1
    -7.197   120.000    1.5   -5.0    0.1
    -7.134   120.000    1.5   -4.9    0.2
    -7.071   120.000    1.4   -4.7    0.2
    -7.008   120.000    1.3   -4.6    0.3
    -6.945   120.000    1.3   -4.4    0.3
    -6.882   120.000    1.2   -4.3    0.3
    -6.820   120.000    1.2   -4.1    0.3
    -6.757   120.000    1.1   -4.0    0.3
    -6.694   120.000    1.1   -3.9    0.4
    -6.631   120.000    1.0   -3.7    0.4
    -6.568   120.000    1.0   -3.6    0.4
    -6.505   120.000    0.9   -3.5    0.4
    -6.442   120.000    0.9   -3.4    0.4
    -6.380   120.000    0.8   -3.3    0.4
    -6.317   120.000    0.8   -3.2    0.4
    -6.254   120.000    0.7   -3.1    0.4
    -6.191   120.000    0.7   -2.9    0.4
    -6.128   120.000    0.7   -2.9    0.4
    -6.065   120.000    0.6   -2.8    0.4
    -6.002   120.000    0.6   -2.7    0.4
    -5.940   120.000    0.6   -2.6    0.4
    -5.877   120.000    0.6   -2.5    0.3
    -5.814   120.000    0.5   -2.4    0.3
    -5.751   120.000    0.5   -2.3    0.3
    -5.688   120.000    0.5   -2.3    0.3
    -5.625   120.000    0.5   -2.2    0.3
    -5.562   120.000    0.4   -2.1    0.3
    -5.500   120.000    0.4   -2.1    0.3
    -5.437   120.000    0.4   -2.0    0.3
    -5.374   120.000    0.4   -1.9    0.3
    -5.311   120.000    0.4   -1.9    0.3
    -5.248   120.000    0.4   -1.8    0.3
    -5.185   120.000    0.3   -1.8    0.3
    -5.123   120.000    0.3   -1.7    0.3
   -11.408   120.063    0.4    2.3    0.3
   -11.345   120.063    0.4    2.4    0.3
   -11.282   120.063    0.4    2.4    0.3
   -11.219   120.063    0.4    2.5    0.3
   -11.156   120.063    0.4    2.6    0.3
   -11.093   120.063    0.5    2.7    0.3
   -11.031   120.063    0.5    2.8    0.3
   -10.968   120.063    0.5    3.0    0.3
   -10.905   120.063    0.6    3.1    0.3
   -10.842   120.063    0.6    3.2    0.3
   -10.779   120.063    0.6    3.3    0.3
   -10.716   120.063    0.7    3.5    0.3
   -10.653   120.063    0.7    3.7    0.3
   -10.591   120.063    0.8    3.8    0.3
   -10.528   120.063    0.8    4.0    0.3
   -10.465   120.063    0.9    4.2    0.3
   -10.402   120.063    0.9    4.4    0.3
   -10.339   120.063    1.0    4.6    0.3
   -10.276   120.063    1.1    4.8    0.3
   -10.214   120.063    1.1    5.1    0.3
   -10.151   120.063    1.2    5.4    0.3
   -10.088   120.063    1.3    5.7    0.2
   -10.025   120.063    1.4    6.0    0.2
    -9.962   120.063    1.5    6.3    0.2
    -9.899   120.063    1.6    6.7    0.1
    -9.836   120.063    1.8    7.2    0.0
    -9.774   120.063    1.9    7.6   -0.1
    -9.711   120.063    2.0    8.2   -0.2
    -9.648   120.063    2.2    8.8   -0.4
    -9.585   120.063    2.3    9.4   -0.6
    -9.522   120.063    2.5   10.2   -0.9
    -9.459   120.063    2.7   11.1   -1.2
    -9.396   120.063    2.8   12.1   -1.8
    -9.334   120.063    2.9   13.2   -2.5
    -9.271   120.063    3.0   14.4   -3.4
    -9.208   120.063    3.1   15.4   -4.7
    -9.145   120.063    3.2   16.0   -6.1
    -9.082   120.063    3.7   15.0   -6.9
    -9.019   120.063    5.2   11.4   -4.5
    -8.956   120.063    8.6    6.4    4.9
    -8.894   120.063   12.5    5.9   20.4
    -8.831   120.063   13.2   13.1   28.1
    -8.768   120.063    9.9   17.5   20.0
    -8.705   120.063    6.0   14.2    8.1
    -8.642   120.063    2.9    8.7    0.7
    -8.579   120.063    0.8    4.3   -2.9
    -8.517   120.063   -0.6    1.4   -4.4
    -8.454   120.063   -1.3   -0.5   -5.0
    -8.391   120.063   -1.2   -2.0   -5.0
    -8.328   120.063   -0.7   -3.2   -4.6
    -8.265   120.063    0.1   -4.2   -4.1
    -8.202   120.063    0.8   -5.1   -3.6
    -8.139   120.063    1.3   -5.8   -3.0
    -8.077   120.063    1.7   -6.4   -2.5
    -8.014   120.063    2.0   -6.7   -2.0
    -7.951   120.063    2.1   -6.9   -1.7
    -7.888   120.063    2.2   -7.0   -1.3
    -7.825   120.063    2.2   -7.0   -1.0
    -7.762   120.063    2.2   -7.0   -0.8
    -7.699   120.063    2.2   -6.9   -0.6
    -7.637   120.063    2.1   -6.7   -0.4
    -7.574   120.063    2.1   -6.6   -0.3
    -7.511   120.063    2.0   -6.4   -0.2
    -7.448   120.063    1.9   -6.2   -0.1
    -7.385   120.063    1.8   -6.0    0.0
    -7.322   120.063    1.8   -5.8    0.1
    -7.259   120.063    1.7   -5.7    0.2
    -7.197   120.063    1.6   -5.5    0.2
    -7.134   120.063    1.5   -5.3    0.3
    -7.071   120.063    1.5   -5.1    0.3
    -7.008   120.063    1.4   -4.9    0.3
    -6.945   120.063    1.3   -4.7    0.3
    -6.882   120.063    1.3   -4.6    0.4
    -6.820   120.063    1.2   -4.4    0.4
    -6.757   120.063    1.1   -4.2    0.4
    -6.694   120.063    1.1   -4.1    0.4
    -6.631   120.063    1.0   -3.9    0.4
    -6.568   120.063    1.0   -3.8    0.4
    -6.505   120.063    0.9   -3.7    0.4
    -6.442   120.063    0.9   -3.5    0.4
    -6.380   120.063    0.8   -3.4    0.4
    -6.317   120.063    0.8   -3.3    0.4
    -6.254   120.063    0.7   -3.2    0.4
    -6.191   120.063    0.7   -3.1    0.4
    -6.128   120.063    0.7   -3.0    0.4
    -6.065   120.063    0.6   -2.9    0.4
    -6.002   120.063    0.6   -2.8    0.4
    -5.940   120.063    0.6   -2.7    0.4
    -5.877   120.063    0.6   -2.6    0.4
    -5.814   120.063    0.5   -2.5    0.4
    -5.751   120.063    0.5   -2.4    0.4
    -5.688   120.063    0.5   -2.3    0.3
    -5.625   120.063    0.5   -2.3    0.3
    -5.562   120.063    0.4   -2.2    0.3
    -5.500   120.063    0.4   -2.1    0.3
    -5.437   120.063    0.4   -2.1    0.3
    -5.374   120.063    0.4   -2.0    0.3
    -5.311   120.063    0.4   -1.9    0.3
    -5.248   120.063    0.3   -1.9    0.3
    -5.185   120.063    0.3   -1.8    0.3
    -5.123   120.063    0.3   -1.8    0.3
   -11.408   120.127    0.3    2.3    0.3
   -11.345   120.127    0.4    2.4    0.3
   -11.282   120.127    0.4    2.5    0.3
   -11.219   120.127    0.4    2.6    0.3
   -11.156   120.127    0.4    2.7    0.3
   -11.093   120.127    0.4    2.8    0.3
   -11.031   120.127    0.5    2.9    0.3
   -10.968   120.127    0.5    3.0    0.3
   -10.905   120.127    0.5    3.2    0.3
   -10.842   120.127    0.6    3.3    0.4
   -10.779   120.127    0.6    3.5    0.4
   -10.716   120.127    0.6    3.6    0.4
   -10.653   120.127    0.7    3.8    0.4
   -10.591   120.127    0.7    4.0    0.4
   -10.528   120.127    0.8    4.1    0.4
   -10.465   120.127    0.8    4.4    0.4
   -10.402   120.127    0.9    4.6    0.4
   -10.339   120.127    1.0    4.8    0.4
   -10.276   120.127    1.0    5.1    0.3
   -10.214   120.127    1.1    5.3    0.3
   -10.151   120.127    1.2    5.6    0.3
   -10.088   120.127    1.3    6.0    0.3
   -10.025   120.127    1.4    6.3    0.3
    -9.962   120.127    1.5    6.7    0.2
    -9.899   120.127    1.6    7.1    0.2
    -9.836   120.127    1.7    7.6    0.1
    -9.774   120.127    1.9    8.1   -0.0
    -9.711   120.127    2.0    8.7   -0.1
    -9.648   120.127    2.2    9.3   -0.3
    -9.585   120.127    2.3   10.0   -0.5
    -9.522   120.127    2.5   10.8   -0.7
    -9.459   120.127    2.6   11.7   -1.1
    -9.396   120.127    2.7   12.7   -1.6
    -9.334   120.127    2.8   13.8   -2.2
    -9.271   120.127    2.9   14.9   -3.0
    -9.208   120.127    3.0   15.7   -4.0
    -9.145   120.127    3.3   16.0   -5.1
    -9.082   120.127    4.1   15.1   -5.4
    -9.019   120.127    6.4   12.3   -3.5
    -8.956   120.127   11.0    8.7    3.1
    -8.894   120.127   16.7    8.4   13.4
    -8.831   120.127   19.0   13.3   18.8
    -8.768   120.127   15.7   16.6   13.7
    -8.705   120.127   10.2   14.1    5.2
    -8.642   120.127    5.4    9.3   -0.8
    -8.579   120.127    1.9    5.0   -3.9
    -8.517   120.127   -0.4    1.9   -5.4
    -8.454   120.127   -1.5   -0.4   -6.0
    -8.391   120.127   -1.4   -2.3   -5.9
    -8.328   120.127   -0.5   -3.9   -5.3
    -8.265   120.127    0.5   -5.4   -4.6
    -8.202   120.127    1.4   -6.5   -3.8
    -8.139   120.127    2.0   -7.4   -3.1
    -8.077   120.127    2.3   -7.9   -2.5
    -8.014   120.127    2.5   -8.2   -2.0
    -7.951   120.127    2.6   -8.3   -1.6
    -7.888   120.127    2.6   -8.3   -1.3
    -7.825   120.127    2.5   -8.2   -1.0
    -7.762   120.127    2.5   -8.0   -0.7
    -7.699   120.127    2.4   -7.8   -0.5
    -7.637   120.127    2.3   -7.6   -0.3
    -7.574   120.127    2.2   -7.4   -0.2
    -7.511   120.127    2.1   -7.1   -0.1
    -7.448   120.127    2.0   -6.9    0.0
    -7.385   120.127    1.9   -6.6    0.1
    -7.322   120.127    1.8   -6.4    0.2
    -7.259   120.127    1.8   -6.1    0.2
    -7.197   120.127    1.7   -5.9    0.3
    -7.134   120.127    1.6   -5.7    0.3
    -7.071   120.127    1.5   -5.5    0.4
    -7.008   120.127    1.4   -5.3    0.4
    -6.945   120.127    1.3   -5.1    0.4
    -6.882   120.127    1.3   -4.9    0.4
    -6.820   120.127    1.2   -4.7    0.4
    -6.757   120.127    1.1   -4.5    0.4
    -6.694   120.127    1.1   -4.3    0.4
    -6.631   120.127    1.0   -4.2    0.4
    -6.568   120.127    1.0   -4.0    0.4
    -6.505   120.127    0.9   -3.8    0.4
    -6.442   120.127    0.9   -3.7    0.4
    -6.380   120.127    0.8   -3.6    0.4
    -6.317   120.127    0.8   -3.4    0.4
    -6.254   120.127    0.7   -3.3    0.4
    -6.191   120.127    0.7   -3.2    0.4
    -6.128   120.127    0.7   -3.1    0.4
    -6.065   120.127    0.6   -3.0    0.4
    -6.002   120.127    0.6   -2.9    0.4
    -5.940   120.127    0.6   -2.8    0.4
    -5.877   120.127    0.5   -2.7    0.4
    -5.814   120.127    0.5   -2.6    0.4
    -5.751   120.127    0.5   -2.5    0.4
    -5.688   120.127    0.5   -2.4    0.4
    -5.625   120.127    0.4   -2.3    0.4
    -5.562   120.127    0.4   -2.2    0.3
    -5.500   120.127    0.4   -2.2    0.3
    -5.437   120.127    0.4   -2.1    0.3
    -5.374   120.127    0.4   -2.0    0.3
    -5.311   120.127    0.4   -2.0    0.3
    -5.248   120.127    0.3   -1.9    0.3
    -5.185   120.127    0.3   -1.9    0.3
    -5.123   120.127    0.3   -1.8    0.3
   -11.408   120.191    0.3    2.4    0.3
   -11.345   120.191    0.3    2.5    0.3
   -11.282   120.191    0.4    2.6    0.3
   -11.219   120.191    0.4    2.7    0.3
   -11.156   120.191    0.4    2.8    0.3
   -11.093   120.191    0.4    2.9    0.3
   -11.031   120.191    0.5    3.0    0.4
   -10.968   120.191    0.5    3.1    0.4
   -10.905   120.191    0.5    3.3    0.4
   -10.842   120.191    0.5    3.4    0.4
   -10.779   120.191    0.6    3.6    0.4
   -10.716   120.191    0.6    3.7    0.4
   -10.653   120.191    0.7    3.9    0.4
   -10.591   120.191    0.7    4.1    0.4
   -10.528   120.191    0.8    4.3    0.4
   -10.465   120.191    0.8    4.5    0.4
   -10.402   120.191    0.9    4.7    0.4
   -10.339   120.191    0.9    5.0    0.4
   -10.276   120.191    1.0    5.3    0.4
   -10.214   120.191    1.1    5.6    0.4
   -10.151   120.191    1.2    5.9    0.4
   -10.088   120.191    1.2    6.2    0.3
   -10.025   120.191    1.3    6.6    0.3
    -9.962   120.191    1.4    7.0    0.3
    -9.899   120.191    1.6    7.5    0.2
    -9.836   120.191    1.7    8.0    0.2
    -9.774   120.191    1.8    8.5    0.1
    -9.711   120.191    2.0    9.2   -0.0
    -9.648   120.191    2.1    9.8   -0.2
    -9.585   120.191    2.3   10.6   -0.4
    -9.522   120.191    2.4   11.4   -0.6
    -9.459   120.191    2.6   12.3   -0.9
    -9.396   120.191    2.8   13.3   -1.3
    -9.334   120.191    2.9   14.4   -1.9
    -9.271   120.191    3.1   15.3   -2.6
    -9.208   120.191    3.4   16.1   -3.3
    -9.145   120.191    4.0   16.4   -4.0
    -9.082   120.191    5.3   15.8   -4.2
    -9.019   120.191    7.9   14.1   -3.0
    -8.956   120.191   12.5   12.2    0.6
    -8.894   120.191   17.8   12.2    5.7
    -8.831   120.191   20.4   14.8    8.1
    -8.768   120.191   18.3   16.3    5.4
    -8.705   120.191   13.3   14.3    0.6
    -8.642   120.191    7.9   10.2   -3.2
    -8.579   120.191    3.2    6.0   -5.6
    -8.517   120.191   -0.3    2.5   -6.8
    -8.454   120.191   -2.0   -0.4   -7.3
    -8.391   120.191   -1.7   -2.8   -7.1
    -8.328   120.191   -0.1   -5.2   -6.2
    -8.265   120.191    1.4   -7.3   -5.1
    -8.202   120.191    2.3   -8.8   -4.0
    -8.139   120.191    2.8   -9.6   -3.2
    -8.077   120.191    3.0  -10.0   -2.5
    -8.014   120.191    3.1  -10.1   -1.9
    -7.951   120.191    3.0  -10.0   -1.5
    -7.888   120.191    2.9   -9.8   -1.1
    -7.825   120.191    2.8   -9.5   -0.8
    -7.762   120.191    2.7   -9.2   -0.6
    -7.699   120.191    2.6   -8.9   -0.4
    -7.637   120.191    2.5   -8.6   -0.2
    -7.574   120.191    2.4   -8.2   -0.1
    -7.511   120.191    2.2   -7.9    0.0
    -7.448   120.191    2.1   -7.6    0.1
    -7.385   120.191    2.0   -7.3    0.2
    -7.322   120.191    1.9   -7.0    0.3
    -7.259   120.191    1.8   -6.7    0.3
    -7.197   120.191    1.7   -6.4    0.4
    -7.134   120.191    1.6   -6.1    0.4
    -7.071   120.191    1.5   -5.9    0.4
    -7.008   120.191    1.4   -5.6    0.5
    -6.945   120.191    1.4   -5.4    0.5
    -6.882   120.191    1.3   -5.2    0.5
    -6.820   120.191    1.2   -4.9    0.5
    -6.757   120.191    1.1   -4.7    0.5
    -6.694   120.191    1.1   -4.5    0.5
    -6.631   120.191    1.0   -4.4    0.5
    -6.568   120.191    1.0   -4.2    0.5
    -6.505   120.191    0.9   -4.0    0.5
    -6.442   120.191    0.9   -3.9    0.5
    -6.380   120.191    0.8   -3.7    0.5
    -6.317   120.191    0.8   -3.6    0.5
    -6.254   120.191    0.7   -3.4    0.5
    -6.191   120.191    0.7   -3.3    0.5
    -6.128   120.191    0.7   -3.2    0.4
    -6.065   120.191    0.6   -3.1    0.4
    -6.002   120.191    0.6   -2.9    0.4
    -5.940   120.191    0.6   -2.8    0.4
    -5.877   120.191    0.5   -2.7    0.4
    -5.814   120.191    0.5   -2.6    0.4
    -5.751   120.191    0.5   -2.6    0.4
    -5.688   120.191    0.5   -2.5    0.4
    -5.625   120.191    0.4   -2.4    0.4
    -5.562   120.191    0.4   -2.3    0.4
    -5.500   120.191    0.4   -2.2    0.4
    -5.437   120.191    0.4   -2.2    0.3
    -5.374   120.191    0.4   -2.1    0.3
    -5.311   120.191    0.3   -2.0    0.3
    -5.248   120.191    0.3   -2.0    0.3
    -5.185   120.191    0.3   -1.9    0.3
    -5.123   120.191    0.3   -1.8    0.3
   -11.408   120.254    0.3    2.4    0.3
   -11.345   120.254    0.3    2.5    0.3
   -11.282   120.254    0.3    2.6    0.3
   -11.219   120.254    0.4    2.7    0.3
   -11.156   120.254    0.4    2.8    0.4
   -11.093   120.254    0.4    2.9    0.4
   -11.031   120.254    0.4    3.1    0.4
   -10.968   120.254    0.5    3.2    0.4
   -10.905   120.254    0.5    3.3    0.4
   -10.842   120.254    0.5    3.5    0.4
   -10.779   120.254    0.5    3.7    0.4
   -10.716   120.254    0.6    3.8    0.4
   -10.653   120.254    0.6    4.0    0.4
   -10.591   120.254    0.7    4.2    0.4
   -10.528   120.254    0.7    4.4    0.4
   -10.465   120.254    0.8    4.7    0.4
   -10.402   120.254    0.8    4.9    0.4
   -10.339   120.254    0.9    5.2    0.4
   -10.276   120.254    0.9    5.5    0.4
   -10.214   120.254    1.0    5.8    0.4
   -10.151   120.254    1.1    6.1    0.4
   -10.088   120.254    1.2    6.5    0.4
   -10.025   120.254    1.3    6.9    0.4
    -9.962   120.254    1.4    7.4    0.3
    -9.899   120.254    1.5    7.8    0.3
    -9.836   120.254    1.6    8.4    0.2
    -9.774   120.254    1.8    9.0    0.1
    -9.711   120.254    1.9    9.6    0.0
    -9.648   120.254    2.1   10.4   -0.1
    -9.585   120.254    2.2   11.2   -0.3
    -9.522   120.254    2.4   12.0   -0.5
    -9.459   120.254    2.6   13.0   -0.8
    -9.396   120.254    2.8   14.0   -1.1
    -9.334   120.254    3.1   15.0   -1.6
    -9.271   120.254    3.5   16.0   -2.1
    -9.208   120.254    4.0   16.9   -2.7
    -9.145   120.254    4.9   17.4   -3.3
    -9.082   120.254    6.6   17.4   -3.5
    -9.019   120.254    9.4   17.0   -3.1
    -8.956   120.254   13.5   16.6   -1.7
    -8.894   120.254   17.9   17.2   -0.2
    -8.831   120.254   20.5   18.6    0.1
    -8.768   120.254   19.8   18.9   -1.6
    -8.705   120.254   16.2   16.8   -4.2
    -8.642   120.254   11.0   12.9   -6.3
    -8.579   120.254    5.1    8.3   -7.7
    -8.517   120.254   -0.3    3.9   -8.6
    -8.454   120.254   -3.3   -0.1   -9.3
    -8.391   120.254   -2.2   -3.9   -8.8
    -8.328   120.254    0.9   -7.9   -7.2
    -8.265   120.254    2.9  -10.8   -5.5
    -8.202   120.254    3.7  -12.3   -4.2
    -8.139   120.254    3.9  -12.8   -3.2
    -8.077   120.254    3.8  -12.8   -2.4
    -8.014   120.254    3.7  -12.5   -1.8
    -7.951   120.254    3.5  -12.1   -1.4
    -7.888   120.254    3.3  -11.6   -1.0
    -7.825   120.254    3.1  -11.1   -0.7
    -7.762   120.254    3.0  -10.6   -0.5
    -7.699   120.254    2.8  -10.1   -0.3
    -7.637   120.254    2.6   -9.6   -0.1
    -7.574   120.254    2.5   -9.2    0.0
    -7.511   120.254    2.4   -8.7    0.1
    -7.448   120.254    2.2   -8.3    0.2
    -7.385   120.254    2.1   -7.9    0.3
    -7.322   120.254    2.0   -7.5    0.4
    -7.259   120.254    1.9   -7.2    0.4
    -7.197   120.254    1.7   -6.9    0.5
    -7.134   120.254    1.6   -6.5    0.5
    -7.071   120.254    1.5   -6.2    0.5
    -7.008   120.254    1.5   -6.0    0.5
    -6.945   120.254    1.4   -5.7    0.5
    -6.882   120.254    1.3   -5.4    0.5
    -6.820   120.254    1.2   -5.2    0.5
    -6.757   120.254    1.1   -5.0    0.5
    -6.694   120.254    1.1   -4.8    0.5
    -6.631   120.254    1.0   -4.6    0.5
    -6.568   120.254    1.0   -4.4    0.5
    -6.505   120.254    0.9   -4.2    0.5
    -6.442   120.254    0.8   -4.0    0.5
    -6.380   120.254    0.8   -3.9    0.5
    -6.317   120.254    0.8   -3.7    0.5
    -6.254   120.254    0.7   -3.6    0.5
    -6.191   120.254    0.7   -3.4    0.5
    -6.128   120.254    0.6   -3.3    0.5
    -6.065   120.254    0.6   -3.2    0.5
    -6.002   120.254    0.6   -3.0    0.4
    -5.940   120.254    0.5   -2.9    0.4
    -5.877   120.254    0.5   -2.8    0.4
    -5.814   120.254    0.5   -2.7    0.4
    -5.751   120.254    0.5   -2.6    0.4
    -5.688   120.254    0.4   -2.5    0.4
    -5.625   120.254    0.4   -2.4    0.4
    -5.562   120.254    0.4   -2.4    0.4
    -5.500   120.254    0.4   -2.3    0.4
    -5.437   120.254    0.4   -2.2    0.4
    -5.374   120.254    0.3   -2.1    0.3
    -5.311   120.254    0.3   -2.1    0.3
    -5.248   120.254    0.3   -2.0    0.3
    -5.185   120.254    0.3   -1.9    0.3
    -5.123   120.254    0.3   -1.9    0.3
   -11.408   120.318    0.3    2.5    0.3
   -11.345   120.318    0.3    2.6    0.3
   -11.282   120.318    0.3    2.7    0.3
   -11.219   120.318    0.3    2.8    0.4
   -11.156   120.318    0.3    2.9    0.4
   -11.093   120.318    0.4    3.0    0.4
   -11.031   120.318    0.4    3.1    0.4
   -10.968   120.318    0.4    3.3    0.4
   -10.905   120.318    0.4    3.4    0.4
   -10.842   120.318    0.5    3.6    0.4
   -10.779   120.318    0.5    3.8    0.4
   -10.716   120.318    0.5    3.9    0.4
   -10.653   120.318    0.6    4.1    0.4
   -10.591   120.318    0.6    4.3    0.4
   -10.528   120.318    0.7    4.6    0.4
   -10.465   120.318    0.7    4.8    0.5
   -10.402   120.318    0.8    5.1    0.5
   -10.339   120.318    0.8    5.4    0.5
   -10.276   120.318    0.9    5.7    0.5
   -10.214   120.318    1.0    6.0    0.5
   -10.151   120.318    1.0    6.4    0.4
   -10.088   120.318    1.1    6.8    0.4
   -10.025   120.318    1.2    7.2    0.4
    -9.962   120.318    1.3    7.7    0.4
    -9.899   120.318    1.4    8.2    0.3
    -9.836   120.318    1.6    8.8    0.3
    -9.774   120.318    1.7    9.4    0.2
    -9.711   120.318    1.8   10.1    0.1
    -9.648   120.318    2.0   10.9    0.0
    -9.585   120.318    2.2   11.7   -0.1
    -9.522   120.318    2.4   12.6   -0.3
    -9.459   120.318    2.7   13.6   -0.6
    -9.396   120.318    2.9   14.7   -0.9
    -9.334   120.318    3.3   15.9   -1.3
    -9.271   120.318    3.8   17.0   -1.8
    -9.208   120.318    4.6   18.1   -2.3
    -9.145   120.318    5.8   19.1   -2.8
    -9.082   120.318    7.7   20.0   -3.3
    -9.019   120.318   10.5   20.8   -3.6
    -8.956   120.318   14.2   22.0   -3.8
    -8.894   120.318   18.1   23.6   -4.3
    -8.831   120.318   21.1   25.2   -5.7
    -8.768   120.318   22.1   25.4   -7.8
    -8.705   120.318   20.3   23.5   -9.6
    -8.642   120.318   15.6   19.7  -10.3
    -8.579   120.318    8.4   15.0  -10.1
    -8.517   120.318    0.1    9.1  -10.3
    -8.454   120.318   -6.8    1.7  -11.5
    -8.391   120.318   -3.5   -6.3  -11.4
    -8.328   120.318    3.5  -14.2   -8.3
    -8.265   120.318    5.3  -17.4   -5.7
    -8.202   120.318    5.3  -17.8   -4.1
    -8.139   120.318    5.0  -17.2   -3.0
    -8.077   120.318    4.6  -16.3   -2.2
    -8.014   120.318    4.2  -15.4   -1.6
    -7.951   120.318    3.9  -14.5   -1.2
    -7.888   120.318    3.6  -13.6   -0.8
    -7.825   120.318    3.4  -12.8   -0.6
    -7.762   120.318    3.1  -12.0   -0.3
    -7.699   120.318    2.9  -11.4   -0.1
    -7.637   120.318    2.8  -10.7    0.0
    -7.574   120.318    2.6  -10.1    0.2
    -7.511   120.318    2.4   -9.6    0.3
    -7.448   120.318    2.3   -9.1    0.3
    -7.385   120.318    2.1   -8.6    0.4
    -7.322   120.318    2.0   -8.2    0.5
    -7.259   120.318    1.9   -7.7    0.5
    -7.197   120.318    1.8   -7.4    0.5
    -7.134   120.318    1.7   -7.0    0.6
    -7.071   120.318    1.6   -6.7    0.6
    -7.008   120.318    1.5   -6.3    0.6
    -6.945   120.318    1.4   -6.0    0.6
    -6.882   120.318    1.3   -5.7    0.6
    -6.820   120.318    1.2   -5.5    0.6
    -6.757   120.318    1.1   -5.2    0.6
    -6.694   120.318    1.1   -5.0    0.6
    -6.631   120.318    1.0   -4.8    0.6
    -6.568   120.318    0.9   -4.6    0.6
    -6.505   120.318    0.9   -4.4    0.6
    -6.442   120.318    0.8   -4.2    0.5
    -6.380   120.318    0.8   -4.0    0.5
    -6.317   120.318    0.7   -3.8    0.5
    -6.254   120.318    0.7   -3.7    0.5
    -6.191   120.318    0.7   -3.5    0.5
    -6.128   120.318    0.6   -3.4    0.5
    -6.065   120.318    0.6   -3.3    0.5
    -6.002   120.318    0.6   -3.1    0.5
    -5.940   120.318    0.5   -3.0    0.5
    -5.877   120.318    0.5   -2.9    0.4
    -5.814   120.318    0.5   -2.8    0.4
    -5.751   120.318    0.4   -2.7    0.4
    -5.688   120.318    0.4   -2.6    0.4
    -5.625   120.318    0.4   -2.5    0.4
    -5.562   120.318    0.4   -2.4    0.4
    -5.500   120.318    0.4   -2.3    0.4
    -5.437   120.318    0.3   -2.2    0.4
    -5.374   120.318    0.3   -2.2    0.4
    -5.311   120.318    0.3   -2.1    0.3
    -5.248   120.318    0.3   -2.0    0.3
    -5.185   120.318    0.3   -2.0    0.3
    -5.123   120.318    0.3   -1.9    0.3
   -11.408   120.381    0.3    2.5    0.3
   -11.345   120.381    0.3    2.6    0.4
   -11.282   120.381    0.3    2.7    0.4
   -11.219   120.381    0.3    2.8    0.4
   -11.156   120.381    0.3    2.9    0.4
   -11.093   120.381    0.3    3.1    0.4
   -11.031   120.381    0.4    3.2    0.4
   -10.968   120.381    0.4    3.3    0.4
   -10.905   120.381    0.4    3.5    0.4
   -10.842   120.381    0.4    3.7    0.4
   -10.779   120.381    0.5    3.8    0.4
   -10.716   120.381    0.5    4.0    0.4
   -10.653   120.381    0.5    4.2    0.5
   -10.591   120.381    0.6    4.5    0.5
   -10.528   120.381    0.6    4.7    0.5
   -10.465   120.381    0.7    4.9    0.5
   -10.402   120.381    0.7    5.2    0.5
   -10.339   120.381    0.8    5.5    0.5
   -10.276   120.381    0.8    5.8    0.5
   -10.214   120.381    0.9    6.2    0.5
   -10.151   120.381    1.0    6.6    0.5
   -10.088   120.381    1.1    7.0    0.5
   -10.025   120.381    1.1    7.5    0.5
    -9.962   120.381    1.2    8.0    0.4
    -9.899   120.381    1.4    8.5    0.4
    -9.836   120.381    1.5    9.1    0.4
    -9.774   120.381    1.6    9.8    0.3
    -9.711   120.381    1.8   10.5    0.2
    -9.648   120.381    1.9   11.4    0.1
    -9.585   120.381    2.1   12.3   -0.0
    -9.522   120.381    2.4   13.3   -0.2
    -9.459   120.381    2.7   14.4   -0.4
    -9.396   120.381    3.0   15.5   -0.7
    -9.334   120.381    3.5   16.8   -1.0
    -9.271   120.381    4.1   18.2   -1.5
    -9.208   120.381    5.1   19.7   -2.0
    -9.145   120.381    6.4   21.3   -2.6
    -9.082   120.381    8.3   23.1   -3.3
    -9.019   120.381   10.9   25.3   -4.2
    -8.956   120.381   14.3   28.0   -5.6
    -8.894   120.381   18.2   31.3   -7.6
    -8.831   120.381   21.9   34.4  -10.7
    -8.768   120.381   24.6   36.3  -14.3
    -8.705   120.381   24.8   35.9  -16.9
    -8.642   120.381   20.6   33.8  -16.3
    -8.579   120.381   12.3   32.9  -12.6
    -8.517   120.381    1.8   32.2   -9.3
    -8.454   120.381  -17.0   23.0   -5.6
    -8.391   120.381   -7.1  -15.7  -16.0
    -8.328   120.381    8.8  -32.0   -8.4
    -8.265   120.381    7.8  -28.9   -5.4
    -8.202   120.381    6.6  -25.5   -3.8
    -8.139   120.381    5.7  -22.7   -2.8
    -8.077   120.381    5.0  -20.5   -2.0
    -8.014   120.381    4.5  -18.6   -1.5
    -7.951   120.381    4.2  -17.1   -1.0
    -7.888   120.381    3.8  -15.8   -0.7
    -7.825   120.381    3.5  -14.6   -0.4
    -7.762   120.381    3.3  -13.6   -0.2
    -7.699   120.381    3.0  -12.7    0.0
    -7.637   120.381    2.8  -11.9    0.2
    -7.574   120.381    2.7  -11.2    0.3
    -7.511   120.381    2.5  -10.5    0.4
    -7.448   120.381    2.3   -9.9    0.5
    -7.385   120.381    2.2   -9.3    0.5
    -7.322   120.381    2.0   -8.8    0.6
    -7.259   120.381    1.9   -8.3    0.6
    -7.197   120.381    1.8   -7.9    0.6
    -7.134   120.381    1.7   -7.4    0.6
    -7.071   120.381    1.5   -7.1    0.7
    -7.008   120.381    1.4   -6.7    0.7
    -6.945   120.381    1.3   -6.4    0.7
    -6.882   120.381    1.3   -6.0    0.7
    -6.820   120.381    1.2   -5.8    0.6
    -6.757   120.381    1.1   -5.5    0.6
    -6.694   120.381    1.0   -5.2    0.6
    -6.631   120.381    1.0   -5.0    0.6
    -6.568   120.381    0.9   -4.7    0.6
    -6.505   120.381    0.9   -4.5    0.6
    -6.442   120.381    0.8   -4.3    0.6
    -6.380   120.381    0.8   -4.1    0.6
    -6.317   120.381    0.7   -4.0    0.6
    -6.254   120.381    0.7   -3.8    0.5
    -6.191   120.381    0.6   -3.6    0.5
    -6.128   120.381    0.6   -3.5    0.5
    -6.065   120.381    0.6   -3.3    0.5
    -6.002   120.381    0.5   -3.2    0.5
    -5.940   120.381    0.5   -3.1    0.5
    -5.877   120.381    0.5   -3.0    0.5
    -5.814   120.381    0.4   -2.9    0.4
    -5.751   120.381    0.4   -2.7    0.4
    -5.688   120.381    0.4   -2.6    0.4
    -5.625   120.381    0.4   -2.5    0.4
    -5.562   120.381    0.4   -2.5    0.4
    -5.500   120.381    0.3   -2.4    0.4
    -5.437   120.381    0.3   -2.3    0.4
    -5.374   120.381    0.3   -2.2    0.4
    -5.311   120.381    0.3   -2.1    0.4
    -5.248   120.381    0.3   -2.1    0.3
    -5.185   120.381    0.3   -2.0    0.3
    -5.123   120.381    0.3   -1.9    0.3
   -11.408   120.445    0.2    2.5    0.4
   -11.345   120.445    0.2    2.6    0.4
   -11.282   120.445    0.3    2.8    0.4
   -11.219   120.445    0.3    2.9    0.4
   -11.156   120.445    0.3    3.0    0.4
   -11.093   120.445    0.3    3.1    0.4
   -11.031   120.445    0.3    3.3    0.4
   -10.968   120.445    0.3    3.4    0.4
   -10.905   120.445    0.4    3.6    0.4
   -10.842   120.445    0.4    3.7    0.4
   -10.779   120.445    0.4    3.9    0.5
   -10.716   120.445    0.5    4.1    0.5
   -10.653   120.445    0.5    4.3    0.5
   -10.591   120.445    0.5    4.6    0.5
   -10.528   120.445    0.6    4.8    0.5
   -10.465   120.445    0.6    5.1    0.5
   -10.402   120.445    0.7    5.4    0.5
   -10.339   120.445    0.7    5.7    0.5
   -10.276   120.445    0.8    6.0    0.5
   -10.214   120.445    0.8    6.4    0.5
   -10.151   120.445    0.9    6.8    0.5
   -10.088   120.445    1.0    7.2    0.5
   -10.025   120.445    1.1    7.7    0.5
    -9.962   120.445    1.2    8.2    0.5
    -9.899   120.445    1.3    8.8    0.5
    -9.836   120.445    1.4    9.5    0.4
    -9.774   120.445    1.5   10.2    0.4
    -9.711   120.445    1.7   11.0    0.3
    -9.648   120.445    1.9   11.9    0.2
    -9.585   120.445    2.1   12.8    0.1
    -9.522   120.445    2.3   13.9   -0.1
    -9.459   120.445    2.6   15.1   -0.3
    -9.396   120.445    3.0   16.4   -0.5
    -9.334   120.445    3.6   17.9   -0.8
    -9.271   120.445    4.3   19.6   -1.3
    -9.208   120.445    5.2   21.5   -1.8
    -9.145   120.445    6.5   23.7   -2.5
    -9.082   120.445    8.3   26.4   -3.4
    -9.019   120.445   10.7   29.8   -4.8
    -8.956   120.445   13.7   34.1   -7.0
    -8.894   120.445   17.2   39.2  -10.3
    -8.831   120.445   20.9   44.8  -15.1
    -8.768   120.445   24.2   49.6  -20.8
    -8.705   120.445   25.1   52.4  -24.9
    -8.642   120.445   20.5   54.2  -22.2
    -8.579   120.445    8.6   62.9   -9.5
    -8.517   120.445   -8.0   86.8   10.3
    -8.454   120.445  -28.5  123.7   68.9
    -8.391   120.445  -16.3  182.9  156.3
    -8.328   120.445    9.3  -59.2   -8.2
    -8.265   120.445    7.9  -42.9   -5.2
    -8.202   120.445    6.5  -34.0   -3.7
    -8.139   120.445    5.7  -28.6   -2.6
    -8.077   120.445    5.1  -24.8   -1.8
    -8.014   120.445    4.6  -22.0   -1.3
    -7.951   120.445    4.2  -19.8   -0.8
    -7.888   120.445    3.9  -18.0   -0.5
    -7.825   120.445    3.6  -16.5   -0.2
    -7.762   120.445    3.3  -15.2   -0.0
    -7.699   120.445    3.1  -14.1    0.2
    -7.637   120.445    2.9  -13.1    0.3
    -7.574   120.445    2.7  -12.2    0.4
    -7.511   120.445    2.5  -11.4    0.5
    -7.448   120.445    2.3  -10.7    0.6
    -7.385   120.445    2.2  -10.0    0.6
    -7.322   120.445    2.0   -9.4    0.7
    -7.259   120.445    1.9   -8.9    0.7
    -7.197   120.445    1.8   -8.4    0.7
    -7.134   120.445    1.6   -7.9    0.7
    -7.071   120.445    1.5   -7.5    0.7
    -7.008   120.445    1.4   -7.1    0.7
    -6.945   120.445    1.3   -6.7    0.7
    -6.882   120.445    1.2   -6.3    0.7
    -6.820   120.445    1.2   -6.0    0.7
    -6.757   120.445    1.1   -5.7    0.7
    -6.694   120.445    1.0   -5.4    0.7
    -6.631   120.445    0.9   -5.2    0.7
    -6.568   120.445    0.9   -4.9    0.6
    -6.505   120.445    0.8   -4.7    0.6
    -6.442   120.445    0.8   -4.5    0.6
    -6.380   120.445    0.7   -4.3    0.6
    -6.317   120.445    0.7   -4.1    0.6
    -6.254   120.445    0.6   -3.9    0.6
    -6.191   120.445    0.6   -3.7    0.6
    -6.128   120.445    0.6   -3.6    0.5
    -6.065   120.445    0.5   -3.4    0.5
    -6.002   120.445    0.5   -3.3    0.5
    -5.940   120.445    0.5   -3.2    0.5
    -5.877   120.445    0.5   -3.0    0.5
    -5.814   120.445    0.4   -2.9    0.5
    -5.751   120.445    0.4   -2.8    0.4
    -5.688   120.445    0.4   -2.7    0.4
    -5.625   120.445    0.4   -2.6    0.4
    -5.562   120.445    0.3   -2.5    0.4
    -5.500   120.445    0.3   -2.4    0.4
    -5.437   120.445    0.3   -2.3    0.4
    -5.374   120.445    0.3   -2.2    0.4
    -5.311   120.445    0.3   -2.2    0.4
    -5.248   120.445    0.3   -2.1    0.4
    -5.185   120.445    0.3   -2.0    0.3
    -5.123   120.445    0.2   -2.0    0.3
   -11.408   120.508    0.2    2.6    0.4
   -11.345   120.508    0.2    2.7    0.4
   -11.282   120.508    0.2    2.8    0.4
   -11.219   120.508    0.2    2.9    0.4
   -11.156   120.508    0.3    3.0    0.4
   -11.093   120.508    0.3    3.2    0.4
   -11.031   120.508    0.3    3.3    0.4
   -10.968   120.508    0.3    3.5    0.4
   -10.905   120.508    0.3    3.6    0.4
   -10.842   120.508    0.4    3.8    0.5
   -10.779   120.508    0.4    4.0    0.5
   -10.716   120.508    0.4    4.2    0.5
   -10.653   120.508    0.4    4.4    0.5
   -10.591   120.508    0.5    4.7    0.5
   -10.528   120.508    0.5    4.9    0.5
   -10.465   120.508    0.5    5.2    0.5
   -10.402   120.508    0.6    5.5    0.5
   -10.339   120.508    0.6    5.8    0.6
   -10.276   120.508    0.7    6.2    0.6
   -10.214   120.508    0.7    6.6    0.6
   -10.151   120.508    0.8    7.0    0.6
   -10.088   120.508    0.9    7.4    0.6
   -10.025   120.508    1.0    7.9    0.6
    -9.962   120.508    1.0    8.5    0.5
    -9.899   120.508    1.1    9.1    0.5
    -9.836   120.508    1.3    9.8    0.5
    -9.774   120.508    1.4   10.6    0.5
    -9.711   120.508    1.6   11.4    0.4
    -9.648   120.508    1.7   12.3    0.3
    -9.585   120.508    2.0   13.4    0.2
    -9.522   120.508    2.2   14.5    0.1
    -9.459   120.508    2.5   15.8   -0.1
    -9.396   120.508    3.0   17.3   -0.4
    -9.334   120.508    3.5   19.0   -0.7
    -9.271   120.508    4.2   21.0   -1.1
    -9.208   120.508    5.1   23.3   -1.7
    -9.145   120.508    6.3   26.1   -2.4
    -9.082   120.508    7.9   29.5   -3.5
    -9.019   120.508    9.8   33.8   -5.2
    -8.956   120.508   12.2   39.2   -7.7
    -8.894   120.508   14.8   45.8  -11.6
    -8.831   120.508   17.6   53.1  -17.1
    -8.768   120.508   19.7   60.1  -23.0
    -8.705   120.508   19.6   65.7  -26.1
    -8.642   120.508   14.9   70.6  -19.4
    -8.579   120.508    4.5   81.9    3.9
    -8.517   120.508   -5.1  109.8   38.2
    -8.454   120.508   -7.5  145.8   74.0
    -8.391   120.508   -8.7  192.0  146.3
    -8.328   120.508    7.0  -73.1  -10.2
    -8.265   120.508    5.1  -53.0   -5.9
    -8.202   120.508    5.0  -41.0   -3.9
    -8.139   120.508    5.0  -33.8   -2.6
    -8.077   120.508    4.8  -29.0   -1.7
    -8.014   120.508    4.5  -25.4   -1.1
    -7.951   120.508    4.2  -22.5   -0.7
    -7.888   120.508    3.8  -20.3   -0.3
    -7.825   120.508    3.6  -18.4   -0.1
    -7.762   120.508    3.3  -16.8    0.1
    -7.699   120.508    3.1  -15.5    0.3
    -7.637   120.508    2.9  -14.3    0.4
    -7.574   120.508    2.7  -13.3    0.6
    -7.511   120.508    2.5  -12.3    0.6
    -7.448   120.508    2.3  -11.5    0.7
    -7.385   120.508    2.1  -10.7    0.7
    -7.322   120.508    2.0  -10.1    0.8
    -7.259   120.508    1.8   -9.4    0.8
    -7.197   120.508    1.7   -8.9    0.8
    -7.134   120.508    1.6   -8.4    0.8
    -7.071   120.508    1.5   -7.9    0.8
    -7.008   120.508    1.4   -7.4    0.8
    -6.945   120.508    1.3   -7.0    0.8
    -6.882   120.508    1.2   -6.6    0.8
    -6.820   120.508    1.1   -6.3    0.8
    -6.757   120.508    1.0   -6.0    0.7
    -6.694   120.508    1.0   -5.6    0.7
    -6.631   120.508    0.9   -5.4    0.7
    -6.568   120.508    0.8   -5.1    0.7
    -6.505   120.508    0.8   -4.9    0.7
    -6.442   120.508    0.7   -4.6    0.6
    -6.380   120.508    0.7   -4.4    0.6
    -6.317   120.508    0.6   -4.2    0.6
    -6.254   120.508    0.6   -4.0    0.6
    -6.191   120.508    0.6   -3.8    0.6
    -6.128   120.508    0.5   -3.7    0.6
    -6.065   120.508    0.5   -3.5    0.5
    -6.002   120.508    0.5   -3.4    0.5
    -5.940   120.508    0.5   -3.2    0.5
    -5.877   120.508    0.4   -3.1    0.5
    -5.814   120.508    0.4   -3.0    0.5
    -5.751   120.508    0.4   -2.9    0.5
    -5.688   120.508    0.4   -2.7    0.4
    -5.625   120.508    0.3   -2.6    0.4
    -5.562   120.508    0.3   -2.5    0.4
    -5.500   120.508    0.3   -2.5    0.4
    -5.437   120.508    0.3   -2.4    0.4
    -5.374   120.508    0.3   -2.3    0.4
    -5.311   120.508    0.3   -2.2    0.4
    -5.248   120.508    0.3   -2.1    0.4
    -5.185   120.508    0.2   -2.1    0.4
    -5.123   120.508    0.2   -2.0    0.3
   -11.408   120.572    0.2    2.6    0.4
   -11.345   120.572    0.2    2.7    0.4
   -11.282   120.572    0.2    2.8    0.4
   -11.219   120.572    0.2    2.9    0.4
   -11.156   120.572    0.2    3.1    0.4
   -11.093   120.572    0.2    3.2    0.4
   -11.031   120.572    0.3    3.4    0.4
   -10.968   120.572    0.3    3.5    0.4
   -10.905   120.572    0.3    3.7    0.5
   -10.842   120.572    0.3    3.9    0.5
   -10.779   120.572    0.3    4.1    0.5
   -10.716   120.572    0.4    4.3    0.5
   -10.653   120.572    0.4    4.5    0.5
   -10.591   120.572    0.4    4.7    0.5
   -10.528   120.572    0.4    5.0    0.5
   -10.465   120.572    0.5    5.3    0.6
   -10.402   120.572    0.5    5.6    0.6
   -10.339   120.572    0.6    5.9    0.6
   -10.276   120.572    0.6    6.3    0.6
   -10.214   120.572    0.7    6.7    0.6
   -10.151   120.572    0.7    7.1    0.6
   -10.088   120.572    0.8    7.6    0.6
   -10.025   120.572    0.8    8.2    0.6
    -9.962   120.572    0.9    8.7    0.6
    -9.899   120.572    1.0    9.4    0.6
    -9.836   120.572    1.1   10.1    0.6
    -9.774   120.572    1.3   10.9    0.5
    -9.711   120.572    1.4   11.8    0.5
    -9.648   120.572    1.6   12.8    0.4
    -9.585   120.572    1.8   13.9    0.3
    -9.522   120.572    2.1   15.1    0.2
    -9.459   120.572    2.4   16.6   -0.0
    -9.396   120.572    2.8   18.2   -0.2
    -9.334   120.572    3.3   20.1   -0.5
    -9.271   120.572    4.0   22.3   -1.0
    -9.208   120.572    4.8   24.9   -1.5
    -9.145   120.572    5.8   28.1   -2.3
    -9.082   120.572    7.1   32.1   -3.5
    -9.019   120.572    8.6   36.9   -5.2
    -8.956   120.572   10.4   42.8   -7.8
    -8.894   120.572   12.2   49.8  -11.4
    -8.831   120.572   13.9   57.3  -15.8
    -8.768   120.572   15.1   64.6  -19.3
    -8.705   120.572   15.1   71.4  -18.7
    -8.642   120.572   12.8   78.1   -9.5
    -8.579   120.572    6.8   87.5   13.4
    -8.517   120.572   -0.3  109.1   47.3
    -8.454   120.572   -2.4  148.8   75.1
    -8.391   120.572   12.6  188.7  129.7
    -8.328   120.572    3.0  -71.6  -13.9
    -8.265   120.572    0.6  -56.1   -7.7
    -8.202   120.572    3.1  -45.4   -4.5
    -8.139   120.572    4.1  -38.1   -2.8
    -8.077   120.572    4.3  -32.6   -1.7
    -8.014   120.572    4.2  -28.4   -1.1
    -7.951   120.572    3.9  -25.1   -0.6
    -7.888   120.572    3.7  -22.5   -0.2
    -7.825   120.572    3.4  -20.3    0.1
    -7.762   120.572    3.2  -18.4    0.3
    -7.699   120.572    3.0  -16.9    0.4
    -7.637   120.572    2.8  -15.5    0.6
    -7.574   120.572    2.6  -14.3    0.7
    -7.511   120.572    2.4  -13.2    0.8
    -7.448   120.572    2.2  -12.3    0.8
    -7.385   120.572    2.1  -11.5    0.8
    -7.322   120.572    1.9  -10.7    0.9
    -7.259   120.572    1.8  -10.0    0.9
    -7.197   120.572    1.7   -9.4    0.9
    -7.134   120.572    1.5   -8.8    0.9
    -7.071   120.572    1.4   -8.3    0.9
    -7.008   120.572    1.3   -7.8    0.9
    -6.945   120.572    1.2   -7.3    0.8
    -6.882   120.572    1.1   -6.9    0.8
    -6.820   120.572    1.1   -6.5    0.8
    -6.757   120.572    1.0   -6.2    0.8
    -6.694   120.572    0.9   -5.9    0.8
    -6.631   120.572    0.9   -5.5    0.7
    -6.568   120.572    0.8   -5.3    0.7
    -6.505   120.572    0.7   -5.0    0.7
    -6.442   120.572    0.7   -4.8    0.7
    -6.380   120.572    0.7   -4.5    0.7
    -6.317   120.572    0.6   -4.3    0.6
    -6.254   120.572    0.6   -4.1    0.6
    -6.191   120.572    0.5   -3.9    0.6
    -6.128   120.572    0.5   -3.8    0.6
    -6.065   120.572    0.5   -3.6    0.6
    -6.002   120.572    0.4   -3.4    0.5
    -5.940   120.572    0.4   -3.3    0.5
    -5.877   120.572    0.4   -3.2    0.5
    -5.814   120.572    0.4   -3.0    0.5
    -5.751   120.572    0.4   -2.9    0.5
    -5.688   120.572    0.3   -2.8    0.5
    -5.625   120.572    0.3   -2.7    0.4
    -5.562   120.572    0.3   -2.6    0.4
    -5.500   120.572    0.3   -2.5    0.4
    -5.437   120.572    0.3   -2.4    0.4
    -5.374   120.572    0.3   -2.3    0.4
    -5.311   120.572    0.2   -2.2    0.4
    -5.248   120.572    0.2   -2.2    0.4
    -5.185   120.572    0.2   -2.1    0.4
    -5.123   120.572    0.2   -2.0    0.3
   -11.408   120.635    0.1    2.6    0.4
   -11.345   120.635    0.2    2.7    0.4
   -11.282   120.635    0.2    2.9    0.4
   -11.219   120.635    0.2    3.0    0.4
   -11.156   120.635    0.2    3.1    0.4
   -11.093   120.635    0.2    3.3    0.4
   -11.031   120.635    0.2    3.4    0.4
   -10.968   120.635    0.2    3.6    0.5
   -10.905   120.635    0.2    3.7    0.5
   -10.842   120.635    0.3    3.9    0.5
   -10.779   120.635    0.3    4.1    0.5
   -10.716   120.635    0.3    4.3    0.5
   -10.653   120.635    0.3    4.6    0.5
   -10.591   120.635    0.3    4.8    0.5
   -10.528   120.635    0.4    5.1    0.6
   -10.465   120.635    0.4    5.4    0.6
   -10.402   120.635    0.4    5.7    0.6
   -10.339   120.635    0.5    6.0    0.6
   -10.276   120.635    0.5    6.4    0.6
   -10.214   120.635    0.6    6.8    0.6
   -10.151   120.635    0.6    7.3    0.6
   -10.088   120.635    0.7    7.8    0.6
   -10.025   120.635    0.7    8.3    0.6
    -9.962   120.635    0.8    8.9    0.6
    -9.899   120.635    0.9    9.6    0.6
    -9.836   120.635    1.0   10.4    0.6
    -9.774   120.635    1.1   11.2    0.6
    -9.711   120.635    1.2   12.1    0.5
    -9.648   120.635    1.4   13.2    0.5
    -9.585   120.635    1.6   14.3    0.4
    -9.522   120.635    1.8   15.7    0.3
    -9.459   120.635    2.2   17.2    0.1
    -9.396   120.635    2.5   19.0   -0.1
    -9.334   120.635    3.0   21.1   -0.4
    -9.271   120.635    3.6   23.5   -0.8
    -9.208   120.635    4.3   26.4   -1.4
    -9.145   120.635    5.2   29.9   -2.2
    -9.082   120.635    6.3   34.1   -3.4
    -9.019   120.635    7.5   39.1   -5.1
    -8.956   120.635    8.8   45.1   -7.4
    -8.894   120.635   10.3   51.8  -10.3
    -8.831   120.635   11.9   58.6  -13.1
    -8.768   120.635   13.5   65.1  -13.7
    -8.705   120.635   14.7   72.1   -9.6
    -8.642   120.635   14.5   80.2    0.3
    -8.579   120.635   11.3   88.2   19.0
    -8.517   120.635    4.3  100.0   51.8
    -8.454   120.635   -2.2  129.3   91.1
    -8.391   120.635   39.2  167.0   93.6
    -8.328   120.635  102.1  120.7  101.5
    -8.265   120.635   -2.6  -56.0   -8.7
    -8.202   120.635    2.0  -48.6   -5.0
    -8.139   120.635    3.5  -41.6   -3.0
    -8.077   120.635    3.8  -35.8   -1.8
    -8.014   120.635    3.8  -31.2   -1.1
    -7.951   120.635    3.6  -27.5   -0.5
    -7.888   120.635    3.4  -24.5   -0.1
    -7.825   120.635    3.2  -22.0    0.2
    -7.762   120.635    3.0  -19.9    0.4
    -7.699   120.635    2.9  -18.2    0.6
    -7.637   120.635    2.7  -16.7    0.7
    -7.574   120.635    2.5  -15.3    0.8
    -7.511   120.635    2.3  -14.1    0.9
    -7.448   120.635    2.2  -13.1    0.9
    -7.385   120.635    2.0  -12.2    1.0
    -7.322   120.635    1.9  -11.3    1.0
    -7.259   120.635    1.7  -10.5    1.0
    -7.197   120.635    1.6   -9.8    1.0
    -7.134   120.635    1.5   -9.2    1.0
    -7.071   120.635    1.4   -8.6    0.9
    -7.008   120.635    1.3   -8.1    0.9
    -6.945   120.635    1.2   -7.6    0.9
    -6.882   120.635    1.1   -7.2    0.9
    -6.820   120.635    1.0   -6.8    0.9
    -6.757   120.635    0.9   -6.4    0.8
    -6.694   120.635    0.9   -6.0    0.8
    -6.631   120.635    0.8   -5.7    0.8
    -6.568   120.635    0.7   -5.4    0.8
    -6.505   120.635    0.7   -5.1    0.7
    -6.442   120.635    0.6   -4.9    0.7
    -6.380   120.635    0.6   -4.6    0.7
    -6.317   120.635    0.6   -4.4    0.7
    -6.254   120.635    0.5   -4.2    0.6
    -6.191   120.635    0.5   -4.0    0.6
    -6.128   120.635    0.5   -3.8    0.6
    -6.065   120.635    0.4   -3.7    0.6
    -6.002   120.635    0.4   -3.5    0.6
    -5.940   120.635    0.4   -3.4    0.5
    -5.877   120.635    0.4   -3.2    0.5
    -5.814   120.635    0.3   -3.1    0.5
    -5.751   120.635    0.3   -3.0    0.5
    -5.688   120.635    0.3   -2.8    0.5
    -5.625   120.635    0.3   -2.7    0.5
    -5.562   120.635    0.3   -2.6    0.4
    -5.500   120.635    0.3   -2.5    0.4
    -5.437   120.635    0.2   -2.4    0.4
    -5.374   120.635    0.2   -2.3    0.4
    -5.311   120.635    0.2   -2.3    0.4
    -5.248   120.635    0.2   -2.2    0.4
    -5.185   120.635    0.2   -2.1    0.4
    -5.123   120.635    0.2   -2.0    0.4
   -11.408   120.699    0.1    2.7    0.4
   -11.345   120.699    0.1    2.8    0.4
   -11.282   120.699    0.1    2.9    0.4
   -11.219   120.699    0.1    3.0    0.4
   -11.156   120.699    0.2    3.1    0.4
   -11.093   120.699    0.2    3.3    0.4
   -11.031   120.699    0.2    3.4    0.5
   -10.968   120.699    0.2    3.6    0.5
   -10.905   120.699    0.2    3.8    0.5
   -10.842   120.699    0.2    4.0    0.5
   -10.779   120.699    0.2    4.2    0.5
   -10.716   120.699    0.2    4.4    0.5
   -10.653   120.699    0.3    4.6    0.5
   -10.591   120.699    0.3    4.9    0.6
   -10.528   120.699    0.3    5.2    0.6
   -10.465   120.699    0.3    5.5    0.6
   -10.402   120.699    0.4    5.8    0.6
   -10.339   120.699    0.4    6.1    0.6
   -10.276   120.699    0.4    6.5    0.6
   -10.214   120.699    0.5    6.9    0.7
   -10.151   120.699    0.5    7.4    0.7
   -10.088   120.699    0.5    7.9    0.7
   -10.025   120.699    0.6    8.5    0.7
    -9.962   120.699    0.7    9.1    0.7
    -9.899   120.699    0.7    9.8    0.7
    -9.836   120.699    0.8   10.6    0.7
    -9.774   120.699    0.9   11.4    0.6
    -9.711   120.699    1.0   12.4    0.6
    -9.648   120.699    1.2   13.5    0.5
    -9.585   120.699    1.4   14.7    0.5
    -9.522   120.699    1.6   16.2    0.4
    -9.459   120.699    1.9   17.8    0.2
    -9.396   120.699    2.2   19.7   -0.0
    -9.334   120.699    2.6   21.9   -0.3
    -9.271   120.699    3.1   24.5   -0.7
    -9.208   120.699    3.7   27.5   -1.3
    -9.145   120.699    4.5   31.2   -2.1
    -9.082   120.699    5.4   35.6   -3.3
    -9.019   120.699    6.4   40.8   -4.9
    -8.956   120.699    7.7   46.7   -7.0
    -8.894   120.699    9.4   53.0   -9.4
    -8.831   120.699   11.6   59.2  -11.2
    -8.768   120.699   14.3   65.0  -10.3
    -8.705   120.699   17.0   71.6   -4.2
    -8.642   120.699   18.4   80.7    6.4
    -8.579   120.699   17.1   89.4   21.1
    -8.517   120.699   11.9   97.0   46.9
    -8.454   120.699    6.7  110.4   82.3
    -8.391   120.699   42.6  141.4  107.5
    -8.328   120.699  106.7  160.1   95.1
    -8.265   120.699   -4.1  -59.0   -8.0
    -8.202   120.699    2.0  -52.2   -4.8
    -8.139   120.699    3.2  -44.8   -3.1
    -8.077   120.699    3.4  -38.5   -1.9
    -8.014   120.699    3.3  -33.6   -1.2
    -7.951   120.699    3.2  -29.6   -0.6
    -7.888   120.699    3.1  -26.3   -0.1
    -7.825   120.699    3.0  -23.6    0.2
    -7.762   120.699    2.9  -21.4    0.5
    -7.699   120.699    2.7  -19.4    0.7
    -7.637   120.699    2.5  -17.8    0.8
    -7.574   120.699    2.4  -16.3    0.9
    -7.511   120.699    2.2  -15.0    1.0
    -7.448   120.699    2.1  -13.9    1.0
    -7.385   120.699    1.9  -12.8    1.1
    -7.322   120.699    1.8  -11.9    1.1
    -7.259   120.699    1.6  -11.1    1.1
    -7.197   120.699    1.5  -10.3    1.1
    -7.134   120.699    1.4   -9.6    1.0
    -7.071   120.699    1.3   -9.0    1.0
    -7.008   120.699    1.2   -8.4    1.0
    -6.945   120.699    1.1   -7.9    1.0
    -6.882   120.699    1.0   -7.4    0.9
    -6.820   120.699    0.9   -7.0    0.9
    -6.757   120.699    0.9   -6.6    0.9
    -6.694   120.699    0.8   -6.2    0.8
    -6.631   120.699    0.7   -5.9    0.8
    -6.568   120.699    0.7   -5.6    0.8
    -6.505   120.699    0.6   -5.3    0.8
    -6.442   120.699    0.6   -5.0    0.7
    -6.380   120.699    0.6   -4.8    0.7
    -6.317   120.699    0.5   -4.5    0.7
    -6.254   120.699    0.5   -4.3    0.7
    -6.191   120.699    0.5   -4.1    0.6
    -6.128   120.699    0.4   -3.9    0.6
    -6.065   120.699    0.4   -3.7    0.6
    -6.002   120.699    0.4   -3.6    0.6
    -5.940   120.699    0.4   -3.4    0.5
    -5.877   120.699    0.3   -3.3    0.5
    -5.814   120.699    0.3   -3.1    0.5
    -5.751   120.699    0.3   -3.0    0.5
    -5.688   120.699    0.3   -2.9    0.5
    -5.625   120.699    0.3   -2.8    0.5
    -5.562   120.699    0.3   -2.7    0.4
    -5.500   120.699    0.2   -2.6    0.4
    -5.437   120.699    0.2   -2.5    0.4
    -5.374   120.699    0.2   -2.4    0.4
    -5.311   120.699    0.2   -2.3    0.4
    -5.248   120.699    0.2   -2.2    0.4
    -5.185   120.699    0.2   -2.1    0.4
    -5.123   120.699    0.2   -2.0    0.4
   -11.408   120.762    0.1    2.7    0.4
   -11.345   120.762    0.1    2.8    0.4
   -11.282   120.762    0.1    2.9    0.4
   -11.219   120.762    0.1    3.0    0.4
   -11.156   120.762    0.1    3.2    0.4
   -11.093   120.762    0.1    3.3    0.4
   -11.031   120.762    0.1    3.5    0.5
   -10.968   120.762    0.1    3.6    0.5
   -10.905   120.762    0.1    3.8    0.5
   -10.842   120.762    0.2    4.0    0.5
   -10.779   120.762    0.2    4.2    0.5
   -10.716   120.762    0.2    4.4    0.5
   -10.653   120.762    0.2    4.7    0.6
   -10.591   120.762    0.2    4.9    0.6
   -10.528   120.762    0.2    5.2    0.6
   -10.465   120.762    0.2    5.5    0.6
   -10.402   120.762    0.3    5.8    0.6
   -10.339   120.762    0.3    6.2    0.6
   -10.276   120.762    0.3    6.6    0.7
   -10.214   120.762    0.3    7.0    0.7
   -10.151   120.762    0.4    7.5    0.7
   -10.088   120.762    0.4    8.0    0.7
   -10.025   120.762    0.5    8.6    0.7
    -9.962   120.762    0.5    9.2    0.7
    -9.899   120.762    0.6   10.0    0.7
    -9.836   120.762    0.6   10.8    0.7
    -9.774   120.762    0.7   11.6    0.7
    -9.711   120.762    0.8   12.6    0.7
    -9.648   120.762    0.9   13.8    0.6
    -9.585   120.762    1.1   15.1    0.5
    -9.522   120.762    1.3   16.5    0.4
    -9.459   120.762    1.5   18.2    0.3
    -9.396   120.762    1.8   20.2    0.1
    -9.334   120.762    2.1   22.5   -0.2
    -9.271   120.762    2.5   25.2   -0.6
    -9.208   120.762    3.1   28.4   -1.2
    -9.145   120.762    3.7   32.3   -2.0
    -9.082   120.762    4.5   36.8   -3.2
    -9.019   120.762    5.5   42.0   -4.7
    -8.956   120.762    6.8   48.0   -6.8
    -8.894   120.762    8.8   54.3   -9.2
    -8.831   120.762   11.5   60.6  -11.1
    -8.768   120.762   15.4   66.1  -10.5
    -8.705   120.762   19.5   72.0   -4.5
    -8.642   120.762   22.3   80.6    6.4
    -8.579   120.762   22.0   90.1   19.2
    -8.517   120.762   17.5   96.3   39.1
    -8.454   120.762   11.0  102.3   68.9
    -8.391   120.762   26.8  117.3  103.3
    -8.328   120.762   84.2  149.4  100.7
    -8.265   120.762   -2.5  -61.6   -5.5
    -8.202   120.762    2.9  -55.4   -4.6
    -8.139   120.762    3.0  -47.1   -3.4
    -8.077   120.762    2.9  -40.6   -2.3
    -8.014   120.762    2.9  -35.5   -1.4
    -7.951   120.762    2.9  -31.4   -0.7
    -7.888   120.762    2.8  -28.0   -0.2
    -7.825   120.762    2.7  -25.1    0.2
    -7.762   120.762    2.6  -22.7    0.5
    -7.699   120.762    2.5  -20.6    0.8
    -7.637   120.762    2.4  -18.8    0.9
    -7.574   120.762    2.2  -17.2    1.0
    -7.511   120.762    2.1  -15.8    1.1
    -7.448   120.762    1.9  -14.6    1.1
    -7.385   120.762    1.8  -13.5    1.2
    -7.322   120.762    1.6  -12.4    1.2
    -7.259   120.762    1.5  -11.5    1.1
    -7.197   120.762    1.4  -10.7    1.1
    -7.134   120.762    1.3  -10.0    1.1
    -7.071   120.762    1.2   -9.3    1.1
    -7.008   120.762    1.1   -8.7    1.0
    -6.945   120.762    1.0   -8.2    1.0
    -6.882   120.762    0.9   -7.7    1.0
    -6.820   120.762    0.8   -7.2    0.9
    -6.757   120.762    0.8   -6.8    0.9
    -6.694   120.762    0.7   -6.4    0.9
    -6.631   120.762    0.7   -6.0    0.8
    -6.568   120.762    0.6   -5.7    0.8
    -6.505   120.762    0.6   -5.4    0.8
    -6.442   120.762    0.5   -5.1    0.8
    -6.380   120.762    0.5   -4.8    0.7
    -6.317   120.762    0.5   -4.6    0.7
    -6.254   120.762    0.4   -4.4    0.7
    -6.191   120.762    0.4   -4.2    0.6
    -6.128   120.762    0.4   -4.0    0.6
    -6.065   120.762    0.4   -3.8    0.6
    -6.002   120.762    0.3   -3.6    0.6
    -5.940   120.762    0.3   -3.5    0.6
    -5.877   120.762    0.3   -3.3    0.5
    -5.814   120.762    0.3   -3.2    0.5
    -5.751   120.762    0.3   -3.0    0.5
    -5.688   120.762    0.3   -2.9    0.5
    -5.625   120.762    0.2   -2.8    0.5
    -5.562   120.762    0.2   -2.7    0.5
    -5.500   120.762    0.2   -2.6    0.4
    -5.437   120.762    0.2   -2.5    0.4
    -5.374   120.762    0.2   -2.4    0.4
    -5.311   120.762    0.2   -2.3    0.4
    -5.248   120.762    0.2   -2.2    0.4
    -5.185   120.762    0.2   -2.1    0.4
    -5.123   120.762    0.2   -2.1    0.4
   -11.408   120.826    0.1    2.7    0.4
   -11.345   120.826    0.1    2.8    0.4
   -11.282   120.826    0.1    2.9    0.4
   -11.219   120.826    0.1    3.1    0.4
   -11.156   120.826    0.1    3.2    0.4
   -11.093   120.826    0.1    3.3    0.5
   -11.031   120.826    0.1    3.5    0.5
   -10.968   120.826    0.1    3.7    0.5
   -10.905   120.826    0.1    3.8    0.5
   -10.842   120.826    0.1    4.0    0.5
   -10.779   120.826    0.1    4.2    0.5
   -10.716   120.826    0.1    4.5    0.6
   -10.653   120.826    0.1    4.7    0.6
   -10.591   120.826    0.1    5.0    0.6
   -10.528   120.826    0.2    5.2    0.6
   -10.465   120.826    0.2    5.6    0.6
   -10.402   120.826    0.2    5.9    0.6
   -10.339   120.826    0.2    6.3    0.7
   -10.276   120.826    0.2    6.7    0.7
   -10.214   120.826    0.2    7.1    0.7
   -10.151   120.826    0.3    7.6    0.7
   -10.088   120.826    0.3    8.1    0.7
   -10.025   120.826    0.3    8.7    0.7
    -9.962   120.826    0.3    9.3    0.7
    -9.899   120.826    0.4   10.1    0.7
    -9.836   120.826    0.4   10.9    0.7
    -9.774   120.826    0.5   11.8    0.7
    -9.711   120.826    0.6   12.8    0.7
    -9.648   120.826    0.7   14.0    0.7
    -9.585   120.826    0.8   15.3    0.6
    -9.522   120.826    0.9   16.8    0.5
    -9.459   120.826    1.1   18.6    0.3
    -9.396   120.826    1.3   20.6    0.1
    -9.334   120.826    1.6   23.0   -0.1
    -9.271   120.826    1.9   25.8   -0.5
    -9.208   120.826    2.3   29.1   -1.1
    -9.145   120.826    2.9   33.0   -1.9
    -9.082   120.826    3.6   37.6   -3.1
    -9.019   120.826    4.5   42.9   -4.6
    -8.956   120.826    5.8   49.1   -6.8
    -8.894   120.826    7.8   55.7   -9.4
    -8.831   120.826   10.8   62.4  -12.0
    -8.768   120.826   15.0   68.1  -12.8
    -8.705   120.826   20.1   73.3   -8.6
    -8.642   120.826   24.3   80.4    2.0
    -8.579   120.826   25.3   89.5   15.4
    -8.517   120.826   22.1   95.6   33.0
    -8.454   120.826   15.9   99.5   58.7
    -8.391   120.826   21.2   97.1   88.3
    -8.328   120.826   40.8  103.1  118.3
    -8.265   120.826    6.0  -14.7    1.7
    -8.202   120.826    4.4  -53.4   -6.0
    -8.139   120.826    3.1  -47.5   -4.4
    -8.077   120.826    2.7  -41.9   -2.9
    -8.014   120.826    2.5  -37.0   -1.8
    -7.951   120.826    2.5  -32.9   -0.9
    -7.888   120.826    2.5  -29.5   -0.2
    -7.825   120.826    2.5  -26.5    0.2
    -7.762   120.826    2.4  -24.0    0.6
    -7.699   120.826    2.3  -21.8    0.9
    -7.637   120.826    2.2  -19.8    1.0
    -7.574   120.826    2.0  -18.1    1.1
    -7.511   120.826    1.9  -16.6    1.2
    -7.448   120.826    1.7  -15.2    1.2
    -7.385   120.826    1.6  -14.0    1.2
    -7.322   120.826    1.5  -13.0    1.2
    -7.259   120.826    1.4  -12.0    1.2
    -7.197   120.826    1.2  -11.1    1.2
    -7.134   120.826    1.1  -10.3    1.2
    -7.071   120.826    1.0   -9.6    1.1
    -7.008   120.826    1.0   -9.0    1.1
    -6.945   120.826    0.9   -8.4    1.1
    -6.882   120.826    0.8   -7.9    1.0
    -6.820   120.826    0.7   -7.4    1.0
    -6.757   120.826    0.7   -6.9    0.9
    -6.694   120.826    0.6   -6.5    0.9
    -6.631   120.826    0.6   -6.2    0.9
    -6.568   120.826    0.5   -5.8    0.8
    -6.505   120.826    0.5   -5.5    0.8
    -6.442   120.826    0.5   -5.2    0.8
    -6.380   120.826    0.4   -4.9    0.7
    -6.317   120.826    0.4   -4.7    0.7
    -6.254   120.826    0.4   -4.4    0.7
    -6.191   120.826    0.4   -4.2    0.7
    -6.128   120.826    0.3   -4.0    0.6
    -6.065   120.826    0.3   -3.8    0.6
    -6.002   120.826    0.3   -3.7    0.6
    -5.940   120.826    0.3   -3.5    0.6
    -5.877   120.826    0.3   -3.3    0.6
    -5.814   120.826    0.2   -3.2    0.5
    -5.751   120.826    0.2   -3.1    0.5
    -5.688   120.826    0.2   -2.9    0.5
    -5.625   120.826    0.2   -2.8    0.5
    -5.562   120.826    0.2   -2.7    0.5
    -5.500   120.826    0.2   -2.6    0.4
    -5.437   120.826    0.2   -2.5    0.4
    -5.374   120.826    0.2   -2.4    0.4
    -5.311   120.826    0.2   -2.3    0.4
    -5.248   120.826    0.2   -2.2    0.4
    -5.185   120.826    0.1   -2.2    0.4
    -5.123   120.826    0.1   -2.1    0.4
   -11.408   120.889    0.0    2.7    0.4
   -11.345   120.889    0.0    2.8    0.4
   -11.282   120.889    0.0    2.9    0.4
   -11.219   120.889    0.0    3.1    0.4
   -11.156   120.889    0.0    3.2    0.4
   -11.093   120.889    0.0    3.3    0.5
   -11.031   120.889    0.0    3.5    0.5
   -10.968   120.889    0.0    3.7    0.5
   -10.905   120.889    0.0    3.9    0.5
   -10.842   120.889    0.1    4.0    0.5
   -10.779   120.889    0.1    4.3    0.5
   -10.716   120.889    0.1    4.5    0.6
   -10.653   120.889    0.1    4.7    0.6
   -10.591   120.889    0.1    5.0    0.6
   -10.528   120.889    0.1    5.3    0.6
   -10.465   120.889    0.1    5.6    0.6
   -10.402   120.889    0.1    5.9    0.7
   -10.339   120.889    0.1    6.3    0.7
   -10.276   120.889    0.1    6.7    0.7
   -10.214   120.889    0.1    7.1    0.7
   -10.151   120.889    0.1    7.6    0.7
   -10.088   120.889    0.1    8.2    0.7
   -10.025   120.889    0.2    8.7    0.8
    -9.962   120.889    0.2    9.4    0.8
    -9.899   120.889    0.2   10.1    0.8
    -9.836   120.889    0.2   11.0    0.8
    -9.774   120.889    0.3   11.9    0.8
    -9.711   120.889    0.3   12.9    0.7
    -9.648   120.889    0.4   14.1    0.7
    -9.585   120.889    0.5   15.4    0.6
    -9.522   120.889    0.6   17.0    0.5
    -9.459   120.889    0.7   18.8    0.4
    -9.396   120.889    0.8   20.8    0.2
    -9.334   120.889    1.0   23.2   -0.1
    -9.271   120.889    1.3   26.1   -0.5
    -9.208   120.889    1.6   29.4   -1.0
    -9.145   120.889    2.0   33.3   -1.8
    -9.082   120.889    2.5   38.0   -3.0
    -9.019   120.889    3.3   43.5   -4.6
    -8.956   120.889    4.5   49.8   -6.8
    -8.894   120.889    6.3   56.8   -9.8
    -8.831   120.889    9.1   63.9  -13.1
    -8.768   120.889   13.3   70.1  -15.3
    -8.705   120.889   18.9   74.9  -13.2
    -8.642   120.889   24.3   80.3   -3.4
    -8.579   120.889   27.4   88.5   11.6
    -8.517   120.889   26.8   95.4   29.8
    -8.454   120.889   23.2   99.7   56.7
    -8.391   120.889   21.8  104.8   81.4
    -8.328   120.889    6.4  110.5   91.1
    -8.265   120.889  -24.3   98.5   79.5
    -8.202   120.889    7.2  -49.2   -8.7
    -8.139   120.889    3.8  -47.2   -5.9
    -8.077   120.889    2.7  -42.9   -3.8
    -8.014   120.889    2.3  -38.4   -2.3
    -7.951   120.889    2.3  -34.4   -1.2
    -7.888   120.889    2.3  -30.9   -0.3
    -7.825   120.889    2.2  -27.8    0.2
    -7.762   120.889    2.2  -25.2    0.7
    -7.699   120.889    2.1  -22.8    0.9
    -7.637   120.889    2.0  -20.8    1.1
    -7.574   120.889    1.8  -18.9    1.2
    -7.511   120.889    1.7  -17.3    1.3
    -7.448   120.889    1.6  -15.9    1.3
    -7.385   120.889    1.4  -14.6    1.3
    -7.322   120.889    1.3  -13.4    1.3
    -7.259   120.889    1.2  -12.4    1.3
    -7.197   120.889    1.1  -11.5    1.3
    -7.134   120.889    1.0  -10.6    1.2
    -7.071   120.889    0.9   -9.9    1.2
    -7.008   120.889    0.8   -9.2    1.1
    -6.945   120.889    0.8   -8.6    1.1
    -6.882   120.889    0.7   -8.0    1.1
    -6.820   120.889    0.6   -7.5    1.0
    -6.757   120.889    0.6   -7.1    1.0
    -6.694   120.889    0.6   -6.6    0.9
    -6.631   120.889    0.5   -6.3    0.9
    -6.568   120.889    0.5   -5.9    0.9
    -6.505   120.889    0.4   -5.6    0.8
    -6.442   120.889    0.4   -5.3    0.8
    -6.380   120.889    0.4   -5.0    0.8
    -6.317   120.889    0.4   -4.7    0.7
    -6.254   120.889    0.3   -4.5    0.7
    -6.191   120.889    0.3   -4.3    0.7
    -6.128   120.889    0.3   -4.1    0.6
    -6.065   120.889    0.3   -3.9    0.6
    -6.002   120.889    0.3   -3.7    0.6
    -5.940   120.889    0.2   -3.5    0.6
    -5.877   120.889    0.2   -3.4    0.6
    -5.814   120.889    0.2   -3.2    0.5
    -5.751   120.889    0.2   -3.1    0.5
    -5.688   120.889    0.2   -3.0    0.5
    -5.625   120.889    0.2   -2.8    0.5
    -5.562   120.889    0.2   -2.7    0.5
    -5.500   120.889    0.2   -2.6    0.5
    -5.437   120.889    0.2   -2.5    0.4
    -5.374   120.889    0.1   -2.4    0.4
    -5.311   120.889    0.1   -2.3    0.4
    -5.248   120.889    0.1   -2.3    0.4
    -5.185   120.889    0.1   -2.2    0.4
    -5.123   120.889    0.1   -2.1    0.4
   -11.408   120.953   -0.0    2.7    0.4
   -11.345   120.953   -0.0    2.8    0.4
   -11.282   120.953   -0.0    2.9    0.4
   -11.219   120.953   -0.0    3.1    0.4
   -11.156   120.953   -0.0    3.2    0.4
   -11.093   120.953   -0.0    3.4    0.5
   -11.031   120.953   -0.0    3.5    0.5
   -10.968   120.953   -0.0    3.7    0.5
   -10.905   120.953   -0.0    3.9    0.5
   -10.842   120.953   -0.0    4.1    0.5
   -10.779   120.953   -0.0    4.3    0.5
   -10.716   120.953   -0.0    4.5    0.6
   -10.653   120.953   -0.0    4.7    0.6
   -10.591   120.953   -0.0    5.0    0.6
   -10.528   120.953   -0.0    5.3    0.6
   -10.465   120.953   -0.0    5.6    0.6
   -10.402   120.953   -0.0    5.9    0.7
   -10.339   120.953   -0.0    6.3    0.7
   -10.276   120.953   -0.0    6.7    0.7
   -10.214   120.953   -0.0    7.2    0.7
   -10.151   120.953   -0.0    7.6    0.7
   -10.088   120.953    0.0    8.2    0.8
   -10.025   120.953    0.0    8.8    0.8
    -9.962   120.953    0.0    9.4    0.8
    -9.899   120.953    0.0   10.2    0.8
    -9.836   120.953    0.0   11.0    0.8
    -9.774   120.953    0.1   11.9    0.8
    -9.711   120.953    0.1   12.9    0.8
    -9.648   120.953    0.1   14.1    0.7
    -9.585   120.953    0.1   15.5    0.7
    -9.522   120.953    0.2   17.0    0.6
    -9.459   120.953    0.3   18.8    0.4
    -9.396   120.953    0.3   20.9    0.3
    -9.334   120.953    0.5   23.3   -0.0
    -9.271   120.953    0.6   26.1   -0.4
    -9.208   120.953    0.8   29.4   -1.0
    -9.145   120.953    1.1   33.4   -1.8
    -9.082   120.953    1.5   38.0   -2.9
    -9.019   120.953    2.1   43.6   -4.5
    -8.956   120.953    3.0   49.9   -6.8
    -8.894   120.953    4.5   57.1   -9.9
    -8.831   120.953    7.0   64.6  -13.6
    -8.768   120.953   10.9   71.3  -17.0
    -8.705   120.953   16.6   76.2  -16.6
    -8.642   120.953   23.4   80.5   -8.2
    -8.579   120.953   28.9   87.9    7.8
    -8.517   120.953   31.6   96.7   26.9
    -8.454   120.953   32.8  104.9   53.0
    -8.391   120.953   33.8  118.5   76.0
    -8.328   120.953   21.8  119.7   84.3
    -8.265   120.953  -18.8  105.3   76.1
    -8.202   120.953    9.2  -47.5  -11.5
    -8.139   120.953    5.2  -48.8   -7.3
    -8.077   120.953    3.0  -44.7   -4.6
    -8.014   120.953    2.2  -40.1   -2.8
    -7.951   120.953    2.0  -36.0   -1.4
    -7.888   120.953    2.0  -32.4   -0.4
    -7.825   120.953    2.0  -29.2    0.3
    -7.762   120.953    2.0  -26.3    0.7
    -7.699   120.953    1.9  -23.9    1.0
    -7.637   120.953    1.8  -21.6    1.2
    -7.574   120.953    1.6  -19.7    1.3
    -7.511   120.953    1.5  -18.0    1.4
    -7.448   120.953    1.3  -16.4    1.4
    -7.385   120.953    1.2  -15.0    1.4
    -7.322   120.953    1.1  -13.8    1.4
    -7.259   120.953    1.0  -12.7    1.4
    -7.197   120.953    0.9  -11.8    1.3
    -7.134   120.953    0.8  -10.9    1.3
    -7.071   120.953    0.8  -10.1    1.2
    -7.008   120.953    0.7   -9.4    1.2
    -6.945   120.953    0.6   -8.8    1.1
    -6.882   120.953    0.6   -8.2    1.1
    -6.820   120.953    0.5   -7.7    1.0
    -6.757   120.953    0.5   -7.2    1.0
    -6.694   120.953    0.5   -6.7    1.0
    -6.631   120.953    0.4   -6.3    0.9
    -6.568   120.953    0.4   -6.0    0.9
    -6.505   120.953    0.4   -5.6    0.8
    -6.442   120.953    0.3   -5.3    0.8
    -6.380   120.953    0.3   -5.1    0.8
    -6.317   120.953    0.3   -4.8    0.7
    -6.254   120.953    0.3   -4.5    0.7
    -6.191   120.953    0.3   -4.3    0.7
    -6.128   120.953    0.2   -4.1    0.7
    -6.065   120.953    0.2   -3.9    0.6
    -6.002   120.953    0.2   -3.7    0.6
    -5.940   120.953    0.2   -3.6    0.6
    -5.877   120.953    0.2   -3.4    0.6
    -5.814   120.953    0.2   -3.3    0.5
    -5.751   120.953    0.2   -3.1    0.5
    -5.688   120.953    0.2   -3.0    0.5
    -5.625   120.953    0.1   -2.9    0.5
    -5.562   120.953    0.1   -2.7    0.5
    -5.500   120.953    0.1   -2.6    0.5
    -5.437   120.953    0.1   -2.5    0.4
    -5.374   120.953    0.1   -2.4    0.4
    -5.311   120.953    0.1   -2.3    0.4
    -5.248   120.953    0.1   -2.3    0.4
    -5.185   120.953    0.1   -2.2    0.4
    -5.123   120.953    0.1   -2.1    0.4
   -11.408   121.016   -0.0    2.7    0.4
   -11.345   121.016   -0.0    2.8    0.4
   -11.282   121.016   -0.0    2.9    0.4
   -11.219   121.016   -0.0    3.1    0.4
   -11.156   121.016   -0.0    3.2    0.5
   -11.093   121.016   -0.0    3.4    0.5
   -11.031   121.016   -0.0    3.5    0.5
   -10.968   121.016   -0.1    3.7    0.5
   -10.905   121.016   -0.1    3.9    0.5
   -10.842   121.016   -0.1    4.1    0.5
   -10.779   121.016   -0.1    4.3    0.5
   -10.716   121.016   -0.1    4.5    0.6
   -10.653   121.016   -0.1    4.7    0.6
   -10.591   121.016   -0.1    5.0    0.6
   -10.528   121.016   -0.1    5.3    0.6
   -10.465   121.016   -0.1    5.6    0.6
   -10.402   121.016   -0.1    5.9    0.7
   -10.339   121.016   -0.1    6.3    0.7
   -10.276   121.016   -0.1    6.7    0.7
   -10.214   121.016   -0.1    7.1    0.7
   -10.151   121.016   -0.1    7.6    0.7
   -10.088   121.016   -0.1    8.2    0.8
   -10.025   121.016   -0.1    8.7    0.8
    -9.962   121.016   -0.2    9.4    0.8
    -9.899   121.016   -0.2   10.1    0.8
    -9.836   121.016   -0.2   10.9    0.8
    -9.774   121.016   -0.2   11.9    0.8
    -9.711   121.016   -0.2   12.9    0.8
    -9.648   121.016   -0.2   14.1    0.7
    -9.585   121.016   -0.2   15.4    0.7
    -9.522   121.016   -0.2   16.9    0.6
    -9.459   121.016   -0.2   18.7    0.5
    -9.396   121.016   -0.2   20.7    0.3
    -9.334   121.016   -0.1   23.1    0.0
    -9.271   121.016   -0.1   25.9   -0.4
    -9.208   121.016    0.0   29.2   -0.9
    -9.145   121.016    0.1   33.0   -1.7
    -9.082   121.016    0.4   37.6   -2.8
    -9.019   121.016    0.8   43.1   -4.4
    -8.956   121.016    1.4   49.4   -6.6
    -8.894   121.016    2.6   56.6   -9.7
    -8.831   121.016    4.6   64.2  -13.6
    -8.768   121.016    8.1   71.3  -17.5
    -8.705   121.016   13.9   76.6  -18.6
    -8.642   121.016   21.7   80.6  -12.3
    -8.579   121.016   29.4   87.1    3.0
    -8.517   121.016   34.0   97.4   22.9
    -8.454   121.016   36.6  111.4   47.4
    -8.391   121.016   43.8  138.7   62.7
    -8.328   121.016   52.6  148.6   46.0
    -8.265   121.016   -6.0  126.3   76.6
    -8.202   121.016    9.4  -50.9  -12.7
    -8.139   121.016    6.2  -54.4   -8.4
    -8.077   121.016    2.7  -47.8   -5.4
    -8.014   121.016    1.8  -42.3   -3.2
    -7.951   121.016    1.7  -37.8   -1.6
    -7.888   121.016    1.8  -33.9   -0.5
    -7.825   121.016    1.8  -30.5    0.3
    -7.762   121.016    1.8  -27.5    0.8
    -7.699   121.016    1.6  -24.8    1.1
    -7.637   121.016    1.5  -22.5    1.3
    -7.574   121.016    1.4  -20.4    1.4
    -7.511   121.016    1.2  -18.5    1.5
    -7.448   121.016    1.1  -16.9    1.5
    -7.385   121.016    1.0  -15.4    1.5
    -7.322   121.016    0.9  -14.2    1.4
    -7.259   121.016    0.8  -13.0    1.4
    -7.197   121.016    0.7  -12.0    1.4
    -7.134   121.016    0.7  -11.1    1.3
    -7.071   121.016    0.6  -10.3    1.3
    -7.008   121.016    0.5   -9.5    1.2
    -6.945   121.016    0.5   -8.9    1.2
    -6.882   121.016    0.5   -8.3    1.1
    -6.820   121.016    0.4   -7.8    1.1
    -6.757   121.016    0.4   -7.3    1.0
    -6.694   121.016    0.4   -6.8    1.0
    -6.631   121.016    0.3   -6.4    0.9
    -6.568   121.016    0.3   -6.0    0.9
    -6.505   121.016    0.3   -5.7    0.9
    -6.442   121.016    0.3   -5.4    0.8
    -6.380   121.016    0.2   -5.1    0.8
    -6.317   121.016    0.2   -4.8    0.8
    -6.254   121.016    0.2   -4.6    0.7
    -6.191   121.016    0.2   -4.4    0.7
    -6.128   121.016    0.2   -4.1    0.7
    -6.065   121.016    0.2   -3.9    0.6
    -6.002   121.016    0.2   -3.8    0.6
    -5.940   121.016    0.2   -3.6    0.6
    -5.877   121.016    0.1   -3.4    0.6
    -5.814   121.016    0.1   -3.3    0.5
    -5.751   121.016    0.1   -3.1    0.5
    -5.688   121.016    0.1   -3.0    0.5
    -5.625   121.016    0.1   -2.9    0.5
    -5.562   121.016    0.1   -2.8    0.5
    -5.500   121.016    0.1   -2.7    0.5
    -5.437   121.016    0.1   -2.5    0.4
    -5.374   121.016    0.1   -2.4    0.4
    -5.311   121.016    0.1   -2.4    0.4
    -5.248   121.016    0.1   -2.3    0.4
    -5.185   121.016    0.1   -2.2    0.4
    -5.123   121.016    0.1   -2.1    0.4
   -11.408   121.080   -0.1    2.7    0.4
   -11.345   121.080   -0.1    2.8    0.4
   -11.282   121.080   -0.1    2.9    0.4
   -11.219   121.080   -0.1    3.1    0.4
   -11.156   121.080   -0.1    3.2    0.5
   -11.093   121.080   -0.1    3.3    0.5
   -11.031   121.080   -0.1    3.5    0.5
   -10.968   121.080   -0.1    3.7    0.5
   -10.905   121.080   -0.1    3.9    0.5
   -10.842   121.080   -0.1    4.0    0.5
   -10.779   121.080   -0.1    4.3    0.5
   -10.716   121.080   -0.1    4.5    0.6
   -10.653   121.080   -0.1    4.7    0.6
   -10.591   121.080   -0.1    5.0    0.6
   -10.528   121.080   -0.2    5.3    0.6
   -10.465   121.080   -0.2    5.6    0.6
   -10.402   121.080   -0.2    5.9    0.7
   -10.339   121.080   -0.2    6.3    0.7
   -10.276   121.080   -0.2    6.7    0.7
   -10.214   121.080   -0.2    7.1    0.7
   -10.151   121.080   -0.3    7.6    0.7
   -10.088   121.080   -0.3    8.1    0.8
   -10.025   121.080   -0.3    8.7    0.8
    -9.962   121.080   -0.3    9.3    0.8
    -9.899   121.080   -0.4   10.1    0.8
    -9.836   121.080   -0.4   10.9    0.8
    -9.774   121.080   -0.4   11.8    0.8
    -9.711   121.080   -0.4   12.8    0.8
    -9.648   121.080   -0.5   13.9    0.8
    -9.585   121.080   -0.5   15.2    0.7
    -9.522   121.080   -0.6   16.7    0.6
    -9.459   121.080   -0.6   18.4    0.5
    -9.396   121.080   -0.7   20.4    0.3
    -9.334   121.080   -0.7   22.7    0.1
    -9.271   121.080   -0.7   25.4   -0.3
    -9.208   121.080   -0.8   28.6   -0.8
    -9.145   121.080   -0.8   32.3   -1.6
    -9.082   121.080   -0.7   36.8   -2.6
    -9.019   121.080   -0.5   42.0   -4.1
    -8.956   121.080   -0.1   48.1   -6.3
    -8.894   121.080    0.7   55.0   -9.2
    -8.831   121.080    2.3   62.6  -13.0
    -8.768   121.080    5.4   69.9  -17.1
    -8.705   121.080   10.8   75.7  -19.4
    -8.642   121.080   18.8   79.9  -15.7
    -8.579   121.080   27.6   85.2   -2.2
    -8.517   121.080   33.5   94.6   19.0
    -8.454   121.080   36.1  109.5   45.6
    -8.391   121.080   42.7  137.2   67.3
    -8.328   121.080   62.0  161.2   63.5
    -8.265   121.080   27.5  146.1   78.6
    -8.202   121.080  -25.5  145.6  118.3
    -8.139   121.080    5.3  -59.4   -9.9
    -8.077   121.080    1.3  -51.0   -6.4
    -8.014   121.080    1.0  -44.8   -3.6
    -7.951   121.080    1.4  -39.9   -1.7
    -7.888   121.080    1.6  -35.7   -0.4
    -7.825   121.080    1.6  -32.0    0.5
    -7.762   121.080    1.5  -28.7    1.0
    -7.699   121.080    1.4  -25.8    1.3
    -7.637   121.080    1.2  -23.2    1.4
    -7.574   121.080    1.1  -21.0    1.5
    -7.511   121.080    0.9  -19.0    1.6
    -7.448   121.080    0.8  -17.3    1.6
    -7.385   121.080    0.7  -15.8    1.5
    -7.322   121.080    0.7  -14.4    1.5
    -7.259   121.080    0.6  -13.2    1.4
    -7.197   121.080    0.5  -12.2    1.4
    -7.134   121.080    0.5  -11.2    1.3
    -7.071   121.080    0.4  -10.4    1.3
    -7.008   121.080    0.4   -9.7    1.2
    -6.945   121.080    0.4   -9.0    1.2
    -6.882   121.080    0.3   -8.4    1.1
    -6.820   121.080    0.3   -7.8    1.1
    -6.757   121.080    0.3   -7.3    1.0
    -6.694   121.080    0.3   -6.9    1.0
    -6.631   121.080    0.2   -6.5    0.9
    -6.568   121.080    0.2   -6.1    0.9
    -6.505   121.080    0.2   -5.7    0.9
    -6.442   121.080    0.2   -5.4    0.8
    -6.380   121.080    0.2   -5.1    0.8
    -6.317   121.080    0.2   -4.9    0.8
    -6.254   121.080    0.2   -4.6    0.7
    -6.191   121.080    0.1   -4.4    0.7
    -6.128   121.080    0.1   -4.2    0.7
    -6.065   121.080    0.1   -4.0    0.6
    -6.002   121.080    0.1   -3.8    0.6
    -5.940   121.080    0.1   -3.6    0.6
    -5.877   121.080    0.1   -3.4    0.6
    -5.814   121.080    0.1   -3.3    0.6
    -5.751   121.080    0.1   -3.1    0.5
    -5.688   121.080    0.1   -3.0    0.5
    -5.625   121.080    0.1   -2.9    0.5
    -5.562   121.080    0.1   -2.8    0.5
    -5.500   121.080    0.1   -2.7    0.5
    -5.437   121.080    0.1   -2.6    0.4
    -5.374   121.080    0.1   -2.5    0.4
    -5.311   121.080    0.1   -2.4    0.4
    -5.248   121.080    0.1   -2.3    0.4
    -5.185   121.080    0.1   -2.2    0.4
    -5.123   121.080    0.1   -2.1    0.4
   -11.408   121.143   -0.1    2.7    0.4
   -11.345   121.143   -0.1    2.8    0.4
   -11.282   121.143   -0.1    2.9    0.4
   -11.219   121.143   -0.1    3.1    0.4
   -11.156   121.143   -0.1    3.2    0.5
   -11.093   121.143   -0.1    3.3    0.5
   -11.031   121.143   -0.1    3.5    0.5
   -10.968   121.143   -0.1    3.7    0.5
   -10.905   121.143   -0.2    3.8    0.5
   -10.842   121.143   -0.2    4.0    0.5
   -10.779   121.143   -0.2    4.2    0.5
   -10.716   121.143   -0.2    4.5    0.6
   -10.653   121.143   -0.2    4.7    0.6
   -10.591   121.143   -0.2    5.0    0.6
   -10.528   121.143   -0.2    5.2    0.6
   -10.465   121.143   -0.3    5.5    0.6
   -10.402   121.143   -0.3    5.9    0.7
   -10.339   121.143   -0.3    6.2    0.7
   -10.276   121.143   -0.3    6.6    0.7
   -10.214   121.143   -0.4    7.0    0.7
   -10.151   121.143   -0.4    7.5    0.7
   -10.088   121.143   -0.4    8.0    0.8
   -10.025   121.143   -0.4    8.6    0.8
    -9.962   121.143   -0.5    9.2    0.8
    -9.899   121.143   -0.5    9.9    0.8
    -9.836   121.143   -0.6   10.7    0.8
    -9.774   121.143   -0.6   11.6    0.8
    -9.711   121.143   -0.7   12.6    0.8
    -9.648   121.143   -0.8   13.7    0.8
    -9.585   121.143   -0.8   15.0    0.7
    -9.522   121.143   -0.9   16.4    0.6
    -9.459   121.143   -1.0   18.1    0.5
    -9.396   121.143   -1.1   20.0    0.3
    -9.334   121.143   -1.2   22.2    0.1
    -9.271   121.143   -1.4   24.7   -0.3
    -9.208   121.143   -1.5   27.8   -0.8
    -9.145   121.143   -1.6   31.3   -1.5
    -9.082   121.143   -1.7   35.5   -2.4
    -9.019   121.143   -1.7   40.4   -3.8
    -8.956   121.143   -1.5   46.1   -5.8
    -8.894   121.143   -1.0   52.7   -8.5
    -8.831   121.143    0.2   59.8  -12.1
    -8.768   121.143    2.8   67.0  -16.1
    -8.705   121.143    7.5   73.1  -19.1
    -8.642   121.143   15.0   77.2  -17.3
    -8.579   121.143   24.1   80.9   -5.9
    -8.517   121.143   31.6   88.0   16.4
    -8.454   121.143   36.7  101.2   45.8
    -8.391   121.143   48.4  123.9   75.3
    -8.328   121.143   79.1  158.8   86.4
    -8.265   121.143   69.6  169.1   77.2
    -8.202   121.143   -5.3  157.1  111.5
    -8.139   121.143    2.3  -59.9  -13.3
    -8.077   121.143   -1.4  -53.4   -7.6
    -8.014   121.143    0.2  -47.6   -3.8
    -7.951   121.143    1.1  -42.4   -1.5
    -7.888   121.143    1.4  -37.7   -0.1
    -7.825   121.143    1.4  -33.5    0.7
    -7.762   121.143    1.2  -29.8    1.2
    -7.699   121.143    1.0  -26.6    1.4
    -7.637   121.143    0.9  -23.8    1.6
    -7.574   121.143    0.7  -21.4    1.6
    -7.511   121.143    0.6  -19.3    1.6
    -7.448   121.143    0.5  -17.5    1.6
    -7.385   121.143    0.5  -16.0    1.6
    -7.322   121.143    0.4  -14.6    1.5
    -7.259   121.143    0.3  -13.3    1.5
    -7.197   121.143    0.3  -12.3    1.4
    -7.134   121.143    0.3  -11.3    1.4
    -7.071   121.143    0.2  -10.5    1.3
    -7.008   121.143    0.2   -9.7    1.2
    -6.945   121.143    0.2   -9.0    1.2
    -6.882   121.143    0.2   -8.4    1.1
    -6.820   121.143    0.2   -7.9    1.1
    -6.757   121.143    0.2   -7.3    1.0
    -6.694   121.143    0.2   -6.9    1.0
    -6.631   121.143    0.1   -6.5    0.9
    -6.568   121.143    0.1   -6.1    0.9
    -6.505   121.143    0.1   -5.7    0.9
    -6.442   121.143    0.1   -5.4    0.8
    -6.380   121.143    0.1   -5.1    0.8
    -6.317   121.143    0.1   -4.9    0.8
    -6.254   121.143    0.1   -4.6    0.7
    -6.191   121.143    0.1   -4.4    0.7
    -6.128   121.143    0.1   -4.2    0.7
    -6.065   121.143    0.1   -4.0    0.6
    -6.002   121.143    0.1   -3.8    0.6
    -5.940   121.143    0.1   -3.6    0.6
    -5.877   121.143    0.1   -3.4    0.6
    -5.814   121.143    0.1   -3.3    0.6
    -5.751   121.143    0.1   -3.1    0.5
    -5.688   121.143    0.1   -3.0    0.5
    -5.625   121.143    0.1   -2.9    0.5
    -5.562   121.143    0.1   -2.8    0.5
    -5.500   121.143    0.0   -2.7    0.5
    -5.437   121.143    0.0   -2.6    0.4
    -5.374   121.143    0.0   -2.5    0.4
    -5.311   121.143    0.0   -2.4    0.4
    -5.248   121.143    0.0   -2.3    0.4
    -5.185   121.143    0.0   -2.2    0.4
    -5.123   121.143    0.0   -2.1    0.4
   -11.408   121.207   -0.1    2.7    0.4
   -11.345   121.207   -0.1    2.8    0.4
   -11.282   121.207   -0.1    2.9    0.4
   -11.219   121.207   -0.1    3.0    0.4
   -11.156   121.207   -0.2    3.2    0.4
   -11.093   121.207   -0.2    3.3    0.5
   -11.031   121.207   -0.2    3.5    0.5
   -10.968   121.207   -0.2    3.6    0.5
   -10.905   121.207   -0.2    3.8    0.5
   -10.842   121.207   -0.2    4.0    0.5
   -10.779   121.207   -0.2    4.2    0.5
   -10.716   121.207   -0.2    4.4    0.6
   -10.653   121.207   -0.3    4.7    0.6
   -10.591   121.207   -0.3    4.9    0.6
   -10.528   121.207   -0.3    5.2    0.6
   -10.465   121.207   -0.3    5.5    0.6
   -10.402   121.207   -0.4    5.8    0.7
   -10.339   121.207   -0.4    6.2    0.7
   -10.276   121.207   -0.4    6.5    0.7
   -10.214   121.207   -0.5    7.0    0.7
   -10.151   121.207   -0.5    7.4    0.7
   -10.088   121.207   -0.5    7.9    0.8
   -10.025   121.207   -0.6    8.5    0.8
    -9.962   121.207   -0.6    9.1    0.8
    -9.899   121.207   -0.7    9.8    0.8
    -9.836   121.207   -0.8   10.5    0.8
    -9.774   121.207   -0.8   11.4    0.8
    -9.711   121.207   -0.9   12.3    0.8
    -9.648   121.207   -1.0   13.4    0.7
    -9.585   121.207   -1.1   14.6    0.7
    -9.522   121.207   -1.3   16.0    0.6
    -9.459   121.207   -1.4   17.6    0.5
    -9.396   121.207   -1.6   19.4    0.3
    -9.334   121.207   -1.7   21.4    0.1
    -9.271   121.207   -1.9   23.9   -0.2
    -9.208   121.207   -2.1   26.7   -0.7
    -9.145   121.207   -2.3   29.9   -1.3
    -9.082   121.207   -2.5   33.8   -2.2
    -9.019   121.207   -2.7   38.3   -3.5
    -8.956   121.207   -2.7   43.5   -5.3
    -8.894   121.207   -2.5   49.6   -7.7
    -8.831   121.207   -1.6   56.2  -10.9
    -8.768   121.207    0.4   62.9  -14.6
    -8.705   121.207    4.5   68.8  -17.9
    -8.642   121.207   11.3   72.6  -17.3
    -8.579   121.207   20.4   74.6   -7.6
    -8.517   121.207   29.3   78.8   14.8
    -8.454   121.207   36.3   90.7   46.2
    -8.391   121.207   50.0  114.4   75.2
    -8.328   121.207   83.2  150.2   89.2
    -8.265   121.207   95.1  193.6   85.2
    -8.202   121.207   73.5  222.8   50.8
    -8.139   121.207  -14.1  -59.7  -17.9
    -8.077   121.207   -4.0  -59.1   -7.6
    -8.014   121.207   -0.4  -52.1   -3.2
    -7.951   121.207    0.9  -45.6   -0.9
    -7.888   121.207    1.1  -39.9    0.4
    -7.825   121.207    1.0  -34.9    1.0
    -7.762   121.207    0.8  -30.8    1.4
    -7.699   121.207    0.6  -27.3    1.6
    -7.637   121.207    0.5  -24.3    1.7
    -7.574   121.207    0.4  -21.7    1.7
    -7.511   121.207    0.3  -19.5    1.7
    -7.448   121.207    0.2  -17.7    1.6
    -7.385   121.207    0.2  -16.0    1.6
    -7.322   121.207    0.1  -14.6    1.5
    -7.259   121.207    0.1  -13.4    1.5
    -7.197   121.207    0.1  -12.3    1.4
    -7.134   121.207    0.1  -11.3    1.4
    -7.071   121.207    0.1  -10.5    1.3
    -7.008   121.207    0.1   -9.7    1.2
    -6.945   121.207    0.1   -9.0    1.2
    -6.882   121.207    0.1   -8.4    1.1
    -6.820   121.207    0.0   -7.8    1.1
    -6.757   121.207    0.0   -7.3    1.0
    -6.694   121.207    0.0   -6.9    1.0
    -6.631   121.207    0.0   -6.5    0.9
    -6.568   121.207    0.0   -6.1    0.9
    -6.505   121.207    0.0   -5.7    0.9
    -6.442   121.207    0.0   -5.4    0.8
    -6.380   121.207    0.0   -5.1    0.8
    -6.317   121.207    0.0   -4.9    0.8
    -6.254   121.207    0.0   -4.6    0.7
    -6.191   121.207    0.0   -4.4    0.7
    -6.128   121.207    0.0   -4.2    0.7
    -6.065   121.207    0.0   -4.0    0.6
    -6.002   121.207    0.0   -3.8    0.6
    -5.940   121.207    0.0   -3.6    0.6
    -5.877   121.207    0.0   -3.4    0.6
    -5.814   121.207    0.0   -3.3    0.6
    -5.751   121.207    0.0   -3.1    0.5
    -5.688   121.207    0.0   -3.0    0.5
    -5.625   121.207    0.0   -2.9    0.5
    -5.562   121.207    0.0   -2.8    0.5
    -5.500   121.207    0.0   -2.7    0.5
    -5.437   121.207    0.0   -2.6    0.4
    -5.374   121.207    0.0   -2.5    0.4
    -5.311   121.207    0.0   -2.4    0.4
    -5.248   121.207    0.0   -2.3    0.4
    -5.185   121.207    0.0   -2.2    0.4
    -5.123   121.207    0.0   -2.1    0.4
   -11.408   121.270   -0.2    2.7    0.4
   -11.345   121.270   -0.2    2.8    0.4
   -11.282   121.270   -0.2    2.9    0.4
   -11.219   121.270   -0.2    3.0    0.4
   -11.156   121.270   -0.2    3.2    0.4
   -11.093   121.270   -0.2    3.3    0.5
   -11.031   121.270   -0.2    3.4    0.5
   -10.968   121.270   -0.2    3.6    0.5
   -10.905   121.270   -0.3    3.8    0.5
   -10.842   121.270   -0.3    4.0    0.5
   -10.779   121.270   -0.3    4.2    0.5
   -10.716   121.270   -0.3    4.4    0.6
   -10.653   121.270   -0.3    4.6    0.6
   -10.591   121.270   -0.4    4.9    0.6
   -10.528   121.270   -0.4    5.1    0.6
   -10.465   121.270   -0.4    5.4    0.6
   -10.402   121.270   -0.4    5.7    0.7
   -10.339   121.270   -0.5    6.1    0.7
   -10.276   121.270   -0.5    6.4    0.7
   -10.214   121.270   -0.6    6.8    0.7
   -10.151   121.270   -0.6    7.3    0.7
   -10.088   121.270   -0.7    7.8    0.7
   -10.025   121.270   -0.7    8.3    0.8
    -9.962   121.270   -0.8    8.9    0.8
    -9.899   121.270   -0.9    9.6    0.8
    -9.836   121.270   -1.0   10.3    0.8
    -9.774   121.270   -1.0   11.1    0.8
    -9.711   121.270   -1.1   12.0    0.8
    -9.648   121.270   -1.3   13.0    0.7
    -9.585   121.270   -1.4   14.2    0.7
    -9.522   121.270   -1.6   15.5    0.6
    -9.459   121.270   -1.7   16.9    0.5
    -9.396   121.270   -1.9   18.6    0.3
    -9.334   121.270   -2.1   20.6    0.1
    -9.271   121.270   -2.4   22.8   -0.2
    -9.208   121.270   -2.7   25.4   -0.6
    -9.145   121.270   -3.0   28.3   -1.2
    -9.082   121.270   -3.3   31.8   -2.0
    -9.019   121.270   -3.5   35.9   -3.2
    -8.956   121.270   -3.7   40.6   -4.7
    -8.894   121.270   -3.6   45.9   -6.8
    -8.831   121.270   -3.1   51.8   -9.6
    -8.768   121.270   -1.5   57.9  -13.0
    -8.705   121.270    1.9   63.3  -16.1
    -8.642   121.270    8.1   66.6  -16.3
    -8.579   121.270   17.2   67.4   -8.5
    -8.517   121.270   27.3   68.6   13.1
    -8.454   121.270   35.6   78.2   46.5
    -8.391   121.270   47.1  105.5   72.6
    -8.328   121.270   76.6  140.6   68.3
    -8.265   121.270  104.7  168.2   82.3
    -8.202   121.270  137.9  202.2  111.5
    -8.139   121.270  190.8  206.1  131.6
    -8.077   121.270   -7.1  -70.1   -5.2
    -8.014   121.270   -0.7  -58.4   -1.6
    -7.951   121.270    0.6  -49.2    0.1
    -7.888   121.270    0.7  -41.9    0.9
    -7.825   121.270    0.5  -36.1    1.4
    -7.762   121.270    0.3  -31.4    1.6
    -7.699   121.270    0.1  -27.6    1.7
    -7.637   121.270    0.0  -24.4    1.7
    -7.574   121.270   -0.1  -21.8    1.7
    -7.511   121.270   -0.1  -19.5    1.7
    -7.448   121.270   -0.1  -17.6    1.6
    -7.385   121.270   -0.2  -16.0    1.6
    -7.322   121.270   -0.2  -14.6    1.5
    -7.259   121.270   -0.2  -13.3    1.5
    -7.197   121.270   -0.1  -12.2    1.4
    -7.134   121.270   -0.1  -11.3    1.3
    -7.071   121.270   -0.1  -10.4    1.3
    -7.008   121.270   -0.1   -9.7    1.2
    -6.945   121.270   -0.1   -9.0    1.2
    -6.882   121.270   -0.1   -8.4    1.1
    -6.820   121.270   -0.1   -7.8    1.1
    -6.757   121.270   -0.1   -7.3    1.0
    -6.694   121.270   -0.1   -6.9    1.0
    -6.631   121.270   -0.1   -6.4    0.9
    -6.568   121.270   -0.0   -6.1    0.9
    -6.505   121.270   -0.0   -5.7    0.9
    -6.442   121.270   -0.0   -5.4    0.8
    -6.380   121.270   -0.0   -5.1    0.8
    -6.317   121.270   -0.0   -4.8    0.8
    -6.254   121.270   -0.0   -4.6    0.7
    -6.191   121.270   -0.0   -4.4    0.7
    -6.128   121.270   -0.0   -4.1    0.7
    -6.065   121.270   -0.0   -3.9    0.6
    -6.002   121.270   -0.0   -3.8    0.6
    -5.940   121.270   -0.0   -3.6    0.6
    -5.877   121.270   -0.0   -3.4    0.6
    -5.814   121.270   -0.0   -3.3    0.5
    -5.751   121.270   -0.0   -3.1    0.5
    -5.688   121.270   -0.0   -3.0    0.5
    -5.625   121.270   -0.0   -2.9    0.5
    -5.562   121.270   -0.0   -2.8    0.5
    -5.500   121.270   -0.0   -2.6    0.5
    -5.437   121.270   -0.0   -2.5    0.4
    -5.374   121.270   -0.0   -2.4    0.4
    -5.311   121.270   -0.0   -2.4    0.4
    -5.248   121.270   -0.0   -2.3    0.4
    -5.185   121.270   -0.0   -2.2    0.4
    -5.123   121.270   -0.0   -2.1    0.4
   -11.408   121.334   -0.2    2.6    0.4
   -11.345   121.334   -0.2    2.8    0.4
   -11.282   121.334   -0.2    2.9    0.4
   -11.219   121.334   -0.2    3.0    0.4
   -11.156   121.334   -0.2    3.1    0.4
   -11.093   121.334   -0.2    3.3    0.5
   -11.031   121.334   -0.3    3.4    0.5
   -10.968   121.334   -0.3    3.6    0.5
   -10.905   121.334   -0.3    3.7    0.5
   -10.842   121.334   -0.3    3.9    0.5
   -10.779   121.334   -0.3    4.1    0.5
   -10.716   121.334   -0.4    4.3    0.6
   -10.653   121.334   -0.4    4.5    0.6
   -10.591   121.334   -0.4    4.8    0.6
   -10.528   121.334   -0.4    5.0    0.6
   -10.465   121.334   -0.5    5.3    0.6
   -10.402   121.334   -0.5    5.6    0.6
   -10.339   121.334   -0.6    6.0    0.7
   -10.276   121.334   -0.6    6.3    0.7
   -10.214   121.334   -0.7    6.7    0.7
   -10.151   121.334   -0.7    7.1    0.7
   -10.088   121.334   -0.8    7.6    0.7
   -10.025   121.334   -0.8    8.1    0.7
    -9.962   121.334   -0.9    8.7    0.7
    -9.899   121.334   -1.0    9.3    0.8
    -9.836   121.334   -1.1   10.0    0.8
    -9.774   121.334   -1.2   10.8    0.7
    -9.711   121.334   -1.3   11.6    0.7
    -9.648   121.334   -1.5   12.6    0.7
    -9.585   121.334   -1.6   13.7    0.6
    -9.522   121.334   -1.8   14.9    0.6
    -9.459   121.334   -2.0   16.2    0.5
    -9.396   121.334   -2.2   17.8    0.3
    -9.334   121.334   -2.5   19.5    0.1
    -9.271   121.334   -2.8   21.6   -0.2
    -9.208   121.334   -3.1   23.9   -0.6
    -9.145   121.334   -3.5   26.6   -1.1
    -9.082   121.334   -3.8   29.6   -1.8
    -9.019   121.334   -4.2   33.2   -2.8
    -8.956   121.334   -4.4   37.3   -4.2
    -8.894   121.334   -4.5   41.9   -6.0
    -8.831   121.334   -4.2   47.0   -8.4
    -8.768   121.334   -2.9   52.3  -11.2
    -8.705   121.334   -0.2   57.0  -14.0
    -8.642   121.334    5.2   59.9  -14.8
    -8.579   121.334   13.9   60.2   -8.9
    -8.517   121.334   25.1   59.6   10.0
    -8.454   121.334   35.6   66.2   42.7
    -8.391   121.334   43.7   92.6   69.6
    -8.328   121.334   57.5  127.6   54.9
    -8.265   121.334   90.5  136.1   56.5
    -8.202   121.334  134.0  171.7  107.9
    -8.139   121.334  188.0  215.7  130.7
    -8.077   121.334   -7.1  -78.6   -1.9
    -8.014   121.334   -0.6  -63.7    0.3
    -7.951   121.334    0.1  -51.7    1.0
    -7.888   121.334    0.0  -43.1    1.4
    -7.825   121.334   -0.2  -36.6    1.6
    -7.762   121.334   -0.4  -31.5    1.7
    -7.699   121.334   -0.5  -27.5    1.7
    -7.637   121.334   -0.5  -24.3    1.7
    -7.574   121.334   -0.5  -21.6    1.7
    -7.511   121.334   -0.5  -19.3    1.7
    -7.448   121.334   -0.5  -17.4    1.6
    -7.385   121.334   -0.5  -15.8    1.5
    -7.322   121.334   -0.4  -14.4    1.5
    -7.259   121.334   -0.4  -13.1    1.4
    -7.197   121.334   -0.4  -12.1    1.4
    -7.134   121.334   -0.3  -11.1    1.3
    -7.071   121.334   -0.3  -10.3    1.3
    -7.008   121.334   -0.3   -9.5    1.2
    -6.945   121.334   -0.2   -8.9    1.2
    -6.882   121.334   -0.2   -8.3    1.1
    -6.820   121.334   -0.2   -7.7    1.1
    -6.757   121.334   -0.2   -7.2    1.0
    -6.694   121.334   -0.2   -6.8    1.0
    -6.631   121.334   -0.1   -6.4    0.9
    -6.568   121.334   -0.1   -6.0    0.9
    -6.505   121.334   -0.1   -5.7    0.8
    -6.442   121.334   -0.1   -5.4    0.8
    -6.380   121.334   -0.1   -5.1    0.8
    -6.317   121.334   -0.1   -4.8    0.7
    -6.254   121.334   -0.1   -4.6    0.7
    -6.191   121.334   -0.1   -4.3    0.7
    -6.128   121.334   -0.1   -4.1    0.7
    -6.065   121.334   -0.1   -3.9    0.6
    -6.002   121.334   -0.1   -3.7    0.6
    -5.940   121.334   -0.1   -3.6    0.6
    -5.877   121.334   -0.1   -3.4    0.6
    -5.814   121.334   -0.1   -3.3    0.5
    -5.751   121.334   -0.0   -3.1    0.5
    -5.688   121.334   -0.0   -3.0    0.5
    -5.625   121.334   -0.0   -2.9    0.5
    -5.562   121.334   -0.0   -2.7    0.5
    -5.500   121.334   -0.0   -2.6    0.5
    -5.437   121.334   -0.0   -2.5    0.4
    -5.374   121.334   -0.0   -2.4    0.4
    -5.311   121.334   -0.0   -2.3    0.4
    -5.248   121.334   -0.0   -2.3    0.4
    -5.185   121.334   -0.0   -2.2    0.4
    -5.123   121.334   -0.0   -2.1    0.4
   -11.408   121.397   -0.2    2.6    0.4
   -11.345   121.397   -0.2    2.7    0.4
   -11.282   121.397   -0.2    2.8    0.4
   -11.219   121.397   -0.2    3.0    0.4
   -11.156   121.397   -0.3    3.1    0.4
   -11.093   121.397   -0.3    3.2    0.5
   -11.031   121.397   -0.3    3.4    0.5
   -10.968   121.397   -0.3    3.5    0.5
   -10.905   121.397   -0.3    3.7    0.5
   -10.842   121.397   -0.4    3.9    0.5
   -10.779   121.397   -0.4    4.1    0.5
   -10.716   121.397   -0.4    4.3    0.5
   -10.653   121.397   -0.4    4.5    0.6
   -10.591   121.397   -0.5    4.7    0.6
   -10.528   121.397   -0.5    5.0    0.6
   -10.465   121.397   -0.6    5.2    0.6
   -10.402   121.397   -0.6    5.5    0.6
   -10.339   121.397   -0.6    5.8    0.6
   -10.276   121.397   -0.7    6.2    0.7
   -10.214   121.397   -0.8    6.6    0.7
   -10.151   121.397   -0.8    7.0    0.7
   -10.088   121.397   -0.9    7.4    0.7
   -10.025   121.397   -1.0    7.9    0.7
    -9.962   121.397   -1.0    8.4    0.7
    -9.899   121.397   -1.1    9.0    0.7
    -9.836   121.397   -1.3    9.7    0.7
    -9.774   121.397   -1.4   10.4    0.7
    -9.711   121.397   -1.5   11.2    0.7
    -9.648   121.397   -1.7   12.1    0.7
    -9.585   121.397   -1.8   13.1    0.6
    -9.522   121.397   -2.0   14.2    0.5
    -9.459   121.397   -2.3   15.4    0.4
    -9.396   121.397   -2.5   16.9    0.3
    -9.334   121.397   -2.8   18.4    0.1
    -9.271   121.397   -3.1   20.3   -0.2
    -9.208   121.397   -3.4   22.3   -0.5
    -9.145   121.397   -3.8   24.7   -1.0
    -9.082   121.397   -4.2   27.3   -1.6
    -9.019   121.397   -4.6   30.4   -2.5
    -8.956   121.397   -4.9   33.9   -3.7
    -8.894   121.397   -5.1   37.7   -5.2
    -8.831   121.397   -4.9   42.0   -7.2
    -8.768   121.397   -4.0   46.4   -9.5
    -8.705   121.397   -1.8   50.3  -11.9
    -8.642   121.397    2.7   52.8  -12.8
    -8.579   121.397   10.5   53.0   -8.5
    -8.517   121.397   21.6   52.0    6.7
    -8.454   121.397   33.9   56.5   35.1
    -8.391   121.397   42.7   77.3   62.7
    -8.328   121.397   48.0  106.9   55.0
    -8.265   121.397   67.7  104.2   47.0
    -8.202   121.397   97.7  115.2  112.6
    -8.139   121.397  127.2  150.2  165.1
    -8.077   121.397    1.9  -74.2    2.6
    -8.014   121.397    0.1  -63.1    0.8
    -7.951   121.397   -0.4  -51.3    1.2
    -7.888   121.397   -0.8  -42.5    1.4
    -7.825   121.397   -1.0  -35.9    1.5
    -7.762   121.397   -1.1  -30.9    1.6
    -7.699   121.397   -1.1  -26.9    1.6
    -7.637   121.397   -1.0  -23.7    1.6
    -7.574   121.397   -1.0  -21.1    1.6
    -7.511   121.397   -0.9  -18.9    1.6
    -7.448   121.397   -0.8  -17.0    1.5
    -7.385   121.397   -0.8  -15.4    1.5
    -7.322   121.397   -0.7  -14.1    1.4
    -7.259   121.397   -0.6  -12.9    1.4
    -7.197   121.397   -0.6  -11.8    1.3
    -7.134   121.397   -0.5  -10.9    1.3
    -7.071   121.397   -0.5  -10.1    1.2
    -7.008   121.397   -0.4   -9.4    1.2
    -6.945   121.397   -0.4   -8.7    1.1
    -6.882   121.397   -0.3   -8.1    1.1
    -6.820   121.397   -0.3   -7.6    1.0
    -6.757   121.397   -0.3   -7.1    1.0
    -6.694   121.397   -0.3   -6.7    0.9
    -6.631   121.397   -0.2   -6.3    0.9
    -6.568   121.397   -0.2   -5.9    0.9
    -6.505   121.397   -0.2   -5.6    0.8
    -6.442   121.397   -0.2   -5.3    0.8
    -6.380   121.397   -0.2   -5.0    0.8
    -6.317   121.397   -0.2   -4.8    0.7
    -6.254   121.397   -0.1   -4.5    0.7
    -6.191   121.397   -0.1   -4.3    0.7
    -6.128   121.397   -0.1   -4.1    0.7
    -6.065   121.397   -0.1   -3.9    0.6
    -6.002   121.397   -0.1   -3.7    0.6
    -5.940   121.397   -0.1   -3.5    0.6
    -5.877   121.397   -0.1   -3.4    0.6
    -5.814   121.397   -0.1   -3.2    0.5
    -5.751   121.397   -0.1   -3.1    0.5
    -5.688   121.397   -0.1   -3.0    0.5
    -5.625   121.397   -0.1   -2.8    0.5
    -5.562   121.397   -0.1   -2.7    0.5
    -5.500   121.397   -0.1   -2.6    0.4
    -5.437   121.397   -0.1   -2.5    0.4
    -5.374   121.397   -0.1   -2.4    0.4
    -5.311   121.397   -0.1   -2.3    0.4
    -5.248   121.397   -0.1   -2.2    0.4
    -5.185   121.397   -0.0   -2.2    0.4
    -5.123   121.397   -0.0   -2.1    0.4
   -11.408   121.461   -0.2    2.6    0.4
   -11.345   121.461   -0.2    2.7    0.4
   -11.282   121.461   -0.3    2.8    0.4
   -11.219   121.461   -0.3    2.9    0.4
   -11.156   121.461   -0.3    3.1    0.4
   -11.093   121.461   -0.3    3.2    0.4
   -11.031   121.461   -0.3    3.3    0.5
   -10.968   121.461   -0.4    3.5    0.5
   -10.905   121.461   -0.4    3.6    0.5
   -10.842   121.461   -0.4    3.8    0.5
   -10.779   121.461   -0.4    4.0    0.5
   -10.716   121.461   -0.5    4.2    0.5
   -10.653   121.461   -0.5    4.4    0.5
   -10.591   121.461   -0.5    4.6    0.6
   -10.528   121.461   -0.6    4.9    0.6
   -10.465   121.461   -0.6    5.1    0.6
   -10.402   121.461   -0.7    5.4    0.6
   -10.339   121.461   -0.7    5.7    0.6
   -10.276   121.461   -0.8    6.0    0.6
   -10.214   121.461   -0.8    6.4    0.7
   -10.151   121.461   -0.9    6.8    0.7
   -10.088   121.461   -1.0    7.2    0.7
   -10.025   121.461   -1.1    7.7    0.7
    -9.962   121.461   -1.2    8.2    0.7
    -9.899   121.461   -1.3    8.7    0.7
    -9.836   121.461   -1.4    9.3    0.7
    -9.774   121.461   -1.5   10.0    0.7
    -9.711   121.461   -1.7   10.7    0.7
    -9.648   121.461   -1.8   11.6    0.6
    -9.585   121.461   -2.0   12.5    0.6
    -9.522   121.461   -2.2   13.5    0.5
    -9.459   121.461   -2.4   14.6    0.4
    -9.396   121.461   -2.7   15.9    0.3
    -9.334   121.461   -3.0   17.3    0.1
    -9.271   121.461   -3.3   18.9   -0.2
    -9.208   121.461   -3.7   20.7   -0.5
    -9.145   121.461   -4.0   22.7   -0.9
    -9.082   121.461   -4.4   25.0   -1.5
    -9.019   121.461   -4.8   27.6   -2.2
    -8.956   121.461   -5.1   30.4   -3.2
    -8.894   121.461   -5.3   33.6   -4.5
    -8.831   121.461   -5.2   37.0   -6.1
    -8.768   121.461   -4.5   40.5   -8.0
    -8.705   121.461   -2.7   43.6   -9.8
    -8.642   121.461    0.9   45.5  -10.5
    -8.579   121.461    7.5   45.6   -7.3
    -8.517   121.461   17.8   44.9    4.4
    -8.454   121.461   30.6   48.5   26.7
    -8.391   121.461   42.1   64.2   50.1
    -8.328   121.461   47.4   86.6   50.6
    -8.265   121.461   58.4   84.3   43.7
    -8.202   121.461   80.9   86.0   85.0
    -8.139   121.461   69.3  117.7   97.6
    -8.077   121.461   23.3   61.2  116.6
    -8.014   121.461    3.2  -55.7   -0.9
    -7.951   121.461   -0.3  -47.6    0.4
    -7.888   121.461   -1.4  -40.0    1.0
    -7.825   121.461   -1.7  -34.0    1.2
    -7.762   121.461   -1.7  -29.4    1.4
    -7.699   121.461   -1.6  -25.7    1.4
    -7.637   121.461   -1.5  -22.7    1.5
    -7.574   121.461   -1.4  -20.2    1.5
    -7.511   121.461   -1.3  -18.2    1.5
    -7.448   121.461   -1.2  -16.4    1.4
    -7.385   121.461   -1.1  -14.9    1.4
    -7.322   121.461   -0.9  -13.6    1.4
    -7.259   121.461   -0.8  -12.5    1.3
    -7.197   121.461   -0.8  -11.5    1.3
    -7.134   121.461   -0.7  -10.6    1.2
    -7.071   121.461   -0.6   -9.9    1.2
    -7.008   121.461   -0.6   -9.2    1.1
    -6.945   121.461   -0.5   -8.6    1.1
    -6.882   121.461   -0.5   -8.0    1.0
    -6.820   121.461   -0.4   -7.5    1.0
    -6.757   121.461   -0.4   -7.0    1.0
    -6.694   121.461   -0.3   -6.6    0.9
    -6.631   121.461   -0.3   -6.2    0.9
    -6.568   121.461   -0.3   -5.9    0.8
    -6.505   121.461   -0.3   -5.5    0.8
    -6.442   121.461   -0.3   -5.2    0.8
    -6.380   121.461   -0.2   -5.0    0.8
    -6.317   121.461   -0.2   -4.7    0.7
    -6.254   121.461   -0.2   -4.5    0.7
    -6.191   121.461   -0.2   -4.2    0.7
    -6.128   121.461   -0.2   -4.0    0.6
    -6.065   121.461   -0.2   -3.8    0.6
    -6.002   121.461   -0.2   -3.7    0.6
    -5.940   121.461   -0.1   -3.5    0.6
    -5.877   121.461   -0.1   -3.3    0.6
    -5.814   121.461   -0.1   -3.2    0.5
    -5.751   121.461   -0.1   -3.1    0.5
    -5.688   121.461   -0.1   -2.9    0.5
    -5.625   121.461   -0.1   -2.8    0.5
    -5.562   121.461   -0.1   -2.7    0.5
    -5.500   121.461   -0.1   -2.6    0.4
    -5.437   121.461   -0.1   -2.5    0.4
    -5.374   121.461   -0.1   -2.4    0.4
    -5.311   121.461   -0.1   -2.3    0.4
    -5.248   121.461   -0.1   -2.2    0.4
    -5.185   121.461   -0.1   -2.1    0.4
    -5.123   121.461   -0.1   -2.1    0.4
   -11.408   121.524   -0.3    2.6    0.4
   -11.345   121.524   -0.3    2.7    0.4
   -11.282   121.524   -0.3    2.8    0.4
   -11.219   121.524   -0.3    2.9    0.4
   -11.156   121.524   -0.3    3.0    0.4
   -11.093   121.524   -0.3    3.1    0.4
   -11.031   121.524   -0.4    3.3    0.4
   -10.968   121.524   -0.4    3.4    0.5
   -10.905   121.524   -0.4    3.6    0.5
   -10.842   121.524   -0.4    3.7    0.5
   -10.779   121.524   -0.5    3.9    0.5
   -10.716   121.524   -0.5    4.1    0.5
   -10.653   121.524   -0.5    4.3    0.5
   -10.591   121.524   -0.6    4.5    0.5
   -10.528   121.524   -0.6    4.8    0.6
   -10.465   121.524   -0.7    5.0    0.6
   -10.402   121.524   -0.7    5.3    0.6
   -10.339   121.524   -0.8    5.6    0.6
   -10.276   121.524   -0.8    5.9    0.6
   -10.214   121.524   -0.9    6.2    0.6
   -10.151   121.524   -1.0    6.6    0.6
   -10.088   121.524   -1.1    7.0    0.7
   -10.025   121.524   -1.1    7.4    0.7
    -9.962   121.524   -1.2    7.9    0.7
    -9.899   121.524   -1.4    8.4    0.7
    -9.836   121.524   -1.5    9.0    0.7
    -9.774   121.524   -1.6    9.6    0.6
    -9.711   121.524   -1.8   10.3    0.6
    -9.648   121.524   -1.9   11.0    0.6
    -9.585   121.524   -2.1   11.8    0.5
    -9.522   121.524   -2.3   12.7    0.5
    -9.459   121.524   -2.6   13.7    0.4
    -9.396   121.524   -2.8   14.9    0.2
    -9.334   121.524   -3.1   16.1    0.1
    -9.271   121.524   -3.4   17.5   -0.2
    -9.208   121.524   -3.8   19.0   -0.4
    -9.145   121.524   -4.1   20.8   -0.8
    -9.082   121.524   -4.5   22.7   -1.3
    -9.019   121.524   -4.8   24.8   -2.0
    -8.956   121.524   -5.1   27.1   -2.8
    -8.894   121.524   -5.3   29.7   -3.8
    -8.831   121.524   -5.2   32.3   -5.1
    -8.768   121.524   -4.6   35.0   -6.6
    -8.705   121.524   -3.1   37.3   -8.0
    -8.642   121.524    0.0   38.7   -8.5
    -8.579   121.524    5.7   38.8   -6.2
    -8.517   121.524   14.7   38.5    2.1
    -8.454   121.524   26.5   41.7   17.7
    -8.391   121.524   37.7   53.4   34.6
    -8.328   121.524   43.9   71.0   40.1
    -8.265   121.524   48.6   80.5   36.0
    -8.202   121.524   52.0   84.3   52.9
    -8.139   121.524   43.4  105.4   80.5
    -8.077   121.524   29.9  116.4   89.9
    -8.014   121.524    5.9  -49.9   -2.7
    -7.951   121.524   -0.4  -42.1   -0.8
    -7.888   121.524   -1.9  -35.9    0.2
    -7.825   121.524   -2.2  -31.1    0.7
    -7.762   121.524   -2.2  -27.2    1.0
    -7.699   121.524   -2.1  -24.0    1.1
    -7.637   121.524   -1.9  -21.3    1.2
    -7.574   121.524   -1.8  -19.1    1.3
    -7.511   121.524   -1.6  -17.3    1.3
    -7.448   121.524   -1.4  -15.7    1.3
    -7.385   121.524   -1.3  -14.3    1.3
    -7.322   121.524   -1.2  -13.1    1.2
    -7.259   121.524   -1.0  -12.1    1.2
    -7.197   121.524   -0.9  -11.1    1.2
    -7.134   121.524   -0.8  -10.3    1.2
    -7.071   121.524   -0.8   -9.6    1.1
    -7.008   121.524   -0.7   -8.9    1.1
    -6.945   121.524   -0.6   -8.3    1.0
    -6.882   121.524   -0.6   -7.8    1.0
    -6.820   121.524   -0.5   -7.3    1.0
    -6.757   121.524   -0.5   -6.9    0.9
    -6.694   121.524   -0.4   -6.5    0.9
    -6.631   121.524   -0.4   -6.1    0.9
    -6.568   121.524   -0.4   -5.7    0.8
    -6.505   121.524   -0.3   -5.4    0.8
    -6.442   121.524   -0.3   -5.1    0.8
    -6.380   121.524   -0.3   -4.9    0.7
    -6.317   121.524   -0.3   -4.6    0.7
    -6.254   121.524   -0.3   -4.4    0.7
    -6.191   121.524   -0.2   -4.2    0.7
    -6.128   121.524   -0.2   -4.0    0.6
    -6.065   121.524   -0.2   -3.8    0.6
    -6.002   121.524   -0.2   -3.6    0.6
    -5.940   121.524   -0.2   -3.5    0.6
    -5.877   121.524   -0.2   -3.3    0.5
    -5.814   121.524   -0.2   -3.2    0.5
    -5.751   121.524   -0.1   -3.0    0.5
    -5.688   121.524   -0.1   -2.9    0.5
    -5.625   121.524   -0.1   -2.8    0.5
    -5.562   121.524   -0.1   -2.7    0.5
    -5.500   121.524   -0.1   -2.6    0.4
    -5.437   121.524   -0.1   -2.5    0.4
    -5.374   121.524   -0.1   -2.4    0.4
    -5.311   121.524   -0.1   -2.3    0.4
    -5.248   121.524   -0.1   -2.2    0.4
    -5.185   121.524   -0.1   -2.1    0.4
    -5.123   121.524   -0.1   -2.1    0.4
   -11.408   121.588   -0.3    2.5    0.4
   -11.345   121.588   -0.3    2.6    0.4
   -11.282   121.588   -0.3    2.7    0.4
   -11.219   121.588   -0.3    2.8    0.4
   -11.156   121.588   -0.4    3.0    0.4
   -11.093   121.588   -0.4    3.1    0.4
   -11.031   121.588   -0.4    3.2    0.4
   -10.968   121.588   -0.4    3.4    0.5
   -10.905   121.588   -0.5    3.5    0.5
   -10.842   121.588   -0.5    3.7    0.5
   -10.779   121.588   -0.5    3.8    0.5
   -10.716   121.588   -0.6    4.0    0.5
   -10.653   121.588   -0.6    4.2    0.5
   -10.591   121.588   -0.6    4.4    0.5
   -10.528   121.588   -0.7    4.6    0.5
   -10.465   121.588   -0.7    4.9    0.6
   -10.402   121.588   -0.8    5.1    0.6
   -10.339   121.588   -0.8    5.4    0.6
   -10.276   121.588   -0.9    5.7    0.6
   -10.214   121.588   -1.0    6.0    0.6
   -10.151   121.588   -1.0    6.4    0.6
   -10.088   121.588   -1.1    6.7    0.6
   -10.025   121.588   -1.2    7.1    0.6
    -9.962   121.588   -1.3    7.6    0.6
    -9.899   121.588   -1.4    8.1    0.6
    -9.836   121.588   -1.6    8.6    0.6
    -9.774   121.588   -1.7    9.1    0.6
    -9.711   121.588   -1.9    9.8    0.6
    -9.648   121.588   -2.0   10.4    0.5
    -9.585   121.588   -2.2   11.2    0.5
    -9.522   121.588   -2.4   12.0    0.4
    -9.459   121.588   -2.6   12.9    0.3
    -9.396   121.588   -2.9   13.9    0.2
    -9.334   121.588   -3.2   14.9    0.0
    -9.271   121.588   -3.5   16.1   -0.2
    -9.208   121.588   -3.8   17.4   -0.4
    -9.145   121.588   -4.1   18.9   -0.8
    -9.082   121.588   -4.4   20.4   -1.2
    -9.019   121.588   -4.8   22.2   -1.8
    -8.956   121.588   -5.0   24.0   -2.5
    -8.894   121.588   -5.1   26.0   -3.4
    -8.831   121.588   -4.9   28.1   -4.4
    -8.768   121.588   -4.3   30.1   -5.6
    -8.705   121.588   -3.0   31.8   -6.7
    -8.642   121.588   -0.3   33.0   -7.2
    -8.579   121.588    4.4   33.3   -6.0
    -8.517   121.588   11.7   33.4   -1.0
    -8.454   121.588   20.9   35.8    8.9
    -8.391   121.588   29.7   43.5   21.4
    -8.328   121.588   35.4   56.6   30.4
    -8.265   121.588   37.6   70.4   32.5
    -8.202   121.588   38.4   78.2   40.1
    -8.139   121.588   41.5   92.6   64.2
    -8.077   121.588   48.5  109.2   74.0
    -8.014   121.588    2.7  -36.8   -4.6
    -7.951   121.588   -1.2  -34.2   -2.1
    -7.888   121.588   -2.1  -30.8   -0.7
    -7.825   121.588   -2.4  -27.5    0.1
    -7.762   121.588   -2.5  -24.5    0.5
    -7.699   121.588   -2.4  -21.9    0.8
    -7.637   121.588   -2.2  -19.7    0.9
    -7.574   121.588   -2.0  -17.8    1.0
    -7.511   121.588   -1.8  -16.2    1.1
    -7.448   121.588   -1.6  -14.8    1.1
    -7.385   121.588   -1.5  -13.5    1.1
    -7.322   121.588   -1.3  -12.5    1.1
    -7.259   121.588   -1.2  -11.5    1.1
    -7.197   121.588   -1.1  -10.7    1.1
    -7.134   121.588   -1.0   -9.9    1.1
    -7.071   121.588   -0.9   -9.2    1.0
    -7.008   121.588   -0.8   -8.6    1.0
    -6.945   121.588   -0.7   -8.1    1.0
    -6.882   121.588   -0.7   -7.6    1.0
    -6.820   121.588   -0.6   -7.1    0.9
    -6.757   121.588   -0.6   -6.7    0.9
    -6.694   121.588   -0.5   -6.3    0.9
    -6.631   121.588   -0.5   -5.9    0.8
    -6.568   121.588   -0.4   -5.6    0.8
    -6.505   121.588   -0.4   -5.3    0.8
    -6.442   121.588   -0.4   -5.0    0.7
    -6.380   121.588   -0.3   -4.8    0.7
    -6.317   121.588   -0.3   -4.5    0.7
    -6.254   121.588   -0.3   -4.3    0.7
    -6.191   121.588   -0.3   -4.1    0.6
    -6.128   121.588   -0.3   -3.9    0.6
    -6.065   121.588   -0.2   -3.7    0.6
    -6.002   121.588   -0.2   -3.6    0.6
    -5.940   121.588   -0.2   -3.4    0.5
    -5.877   121.588   -0.2   -3.3    0.5
    -5.814   121.588   -0.2   -3.1    0.5
    -5.751   121.588   -0.2   -3.0    0.5
    -5.688   121.588   -0.2   -2.9    0.5
    -5.625   121.588   -0.2   -2.8    0.5
    -5.562   121.588   -0.2   -2.6    0.4
    -5.500   121.588   -0.1   -2.5    0.4
    -5.437   121.588   -0.1   -2.4    0.4
    -5.374   121.588   -0.1   -2.4    0.4
    -5.311   121.588   -0.1   -2.3    0.4
    -5.248   121.588   -0.1   -2.2    0.4
    -5.185   121.588   -0.1   -2.1    0.4
    -5.123   121.588   -0.1   -2.0    0.4
   -11.408   121.651   -0.3    2.5    0.4
   -11.345   121.651   -0.3    2.6    0.4
   -11.282   121.651   -0.3    2.7    0.4
   -11.219   121.651   -0.4    2.8    0.4
   -11.156   121.651   -0.4    2.9    0.4
   -11.093   121.651   -0.4    3.0    0.4
   -11.031   121.651   -0.4    3.2    0.4
   -10.968   121.651   -0.5    3.3    0.4
   -10.905   121.651   -0.5    3.4    0.5
   -10.842   121.651   -0.5    3.6    0.5
   -10.779   121.651   -0.6    3.8    0.5
   -10.716   121.651   -0.6    3.9    0.5
   -10.653   121.651   -0.6    4.1    0.5
   -10.591   121.651   -0.7    4.3    0.5
   -10.528   121.651   -0.7    4.5    0.5
   -10.465   121.651   -0.8    4.7    0.5
   -10.402   121.651   -0.8    5.0    0.6
   -10.339   121.651   -0.9    5.2    0.6
   -10.276   121.651   -0.9    5.5    0.6
   -10.214   121.651   -1.0    5.8    0.6
   -10.151   121.651   -1.1    6.1    0.6
   -10.088   121.651   -1.2    6.5    0.6
   -10.025   121.651   -1.3    6.9    0.6
    -9.962   121.651   -1.4    7.3    0.6
    -9.899   121.651   -1.5    7.7    0.6
    -9.836   121.651   -1.6    8.2    0.6
    -9.774   121.651   -1.8    8.7    0.6
    -9.711   121.651   -1.9    9.2    0.5
    -9.648   121.651   -2.1    9.8    0.5
    -9.585   121.651   -2.3   10.5    0.4
    -9.522   121.651   -2.5   11.2    0.4
    -9.459   121.651   -2.7   12.0    0.3
    -9.396   121.651   -2.9   12.8    0.2
    -9.334   121.651   -3.2   13.8    0.0
    -9.271   121.651   -3.5   14.8   -0.2
    -9.208   121.651   -3.7   15.9   -0.4
    -9.145   121.651   -4.0   17.1   -0.7
    -9.082   121.651   -4.3   18.3   -1.1
    -9.019   121.651   -4.6   19.7   -1.6
    -8.956   121.651   -4.7   21.2   -2.2
    -8.894   121.651   -4.8   22.8   -3.0
    -8.831   121.651   -4.6   24.4   -3.9
    -8.768   121.651   -4.0   25.9   -4.9
    -8.705   121.651   -2.7   27.3   -5.9
    -8.642   121.651   -0.5   28.4   -6.6
    -8.579   121.651    3.2   28.9   -6.4
    -8.517   121.651    8.5   29.2   -3.9
    -8.454   121.651   15.0   30.2    2.5
    -8.391   121.651   21.6   34.4   12.7
    -8.328   121.651   27.4   43.1   23.3
    -8.265   121.651   30.6   53.8   30.8
    -8.202   121.651   32.2   62.6   35.7
    -8.139   121.651   42.0   66.0   41.2
    -8.077   121.651   59.0   63.2   33.9
    -8.014   121.651    3.7  -13.6   -3.2
    -7.951   121.651   -0.8  -26.7   -2.7
    -7.888   121.651   -1.7  -25.9   -1.2
    -7.825   121.651   -2.3  -23.8   -0.4
    -7.762   121.651   -2.6  -21.6    0.1
    -7.699   121.651   -2.5  -19.6    0.4
    -7.637   121.651   -2.4  -17.8    0.6
    -7.574   121.651   -2.2  -16.3    0.8
    -7.511   121.651   -2.0  -14.9    0.9
    -7.448   121.651   -1.8  -13.8    0.9
    -7.385   121.651   -1.6  -12.7    1.0
    -7.322   121.651   -1.4  -11.8    1.0
    -7.259   121.651   -1.3  -10.9    1.0
    -7.197   121.651   -1.2  -10.2    1.0
    -7.134   121.651   -1.1   -9.5    1.0
    -7.071   121.651   -1.0   -8.9    1.0
    -7.008   121.651   -0.9   -8.3    1.0
    -6.945   121.651   -0.8   -7.8    0.9
    -6.882   121.651   -0.7   -7.3    0.9
    -6.820   121.651   -0.7   -6.9    0.9
    -6.757   121.651   -0.6   -6.5    0.8
    -6.694   121.651   -0.6   -6.1    0.8
    -6.631   121.651   -0.5   -5.8    0.8
    -6.568   121.651   -0.5   -5.5    0.8
    -6.505   121.651   -0.5   -5.2    0.7
    -6.442   121.651   -0.4   -4.9    0.7
    -6.380   121.651   -0.4   -4.7    0.7
    -6.317   121.651   -0.4   -4.4    0.7
    -6.254   121.651   -0.3   -4.2    0.6
    -6.191   121.651   -0.3   -4.0    0.6
    -6.128   121.651   -0.3   -3.8    0.6
    -6.065   121.651   -0.3   -3.7    0.6
    -6.002   121.651   -0.3   -3.5    0.6
    -5.940   121.651   -0.3   -3.4    0.5
    -5.877   121.651   -0.2   -3.2    0.5
    -5.814   121.651   -0.2   -3.1    0.5
    -5.751   121.651   -0.2   -2.9    0.5
    -5.688   121.651   -0.2   -2.8    0.5
    -5.625   121.651   -0.2   -2.7    0.5
    -5.562   121.651   -0.2   -2.6    0.4
    -5.500   121.651   -0.2   -2.5    0.4
    -5.437   121.651   -0.2   -2.4    0.4
    -5.374   121.651   -0.2   -2.3    0.4
    -5.311   121.651   -0.1   -2.2    0.4
    -5.248   121.651   -0.1   -2.2    0.4
    -5.185   121.651   -0.1   -2.1    0.4
    -5.123   121.651   -0.1   -2.0    0.4
   -11.408   121.715   -0.3    2.5    0.4
   -11.345   121.715   -0.3    2.5    0.4
   -11.282   121.715   -0.4    2.6    0.4
   -11.219   121.715   -0.4    2.7    0.4
   -11.156   121.715   -0.4    2.9    0.4
   -11.093   121.715   -0.4    3.0    0.4
   -11.031   121.715   -0.5    3.1    0.4
   -10.968   121.715   -0.5    3.2    0.4
   -10.905   121.715   -0.5    3.4    0.4
   -10.842   121.715   -0.5    3.5    0.5
   -10.779   121.715   -0.6    3.7    0.5
   -10.716   121.715   -0.6    3.8    0.5
   -10.653   121.715   -0.7    4.0    0.5
   -10.591   121.715   -0.7    4.2    0.5
   -10.528   121.715   -0.8    4.4    0.5
   -10.465   121.715   -0.8    4.6    0.5
   -10.402   121.715   -0.9    4.8    0.5
   -10.339   121.715   -0.9    5.1    0.5
   -10.276   121.715   -1.0    5.3    0.5
   -10.214   121.715   -1.1    5.6    0.6
   -10.151   121.715   -1.1    5.9    0.6
   -10.088   121.715   -1.2    6.2    0.6
   -10.025   121.715   -1.3    6.6    0.6
    -9.962   121.715   -1.4    6.9    0.6
    -9.899   121.715   -1.5    7.3    0.5
    -9.836   121.715   -1.7    7.8    0.5
    -9.774   121.715   -1.8    8.2    0.5
    -9.711   121.715   -1.9    8.7    0.5
    -9.648   121.715   -2.1    9.3    0.4
    -9.585   121.715   -2.3    9.8    0.4
    -9.522   121.715   -2.5   10.5    0.3
    -9.459   121.715   -2.7   11.1    0.2
    -9.396   121.715   -2.9   11.9    0.1
    -9.334   121.715   -3.1   12.6   -0.0
    -9.271   121.715   -3.4   13.5   -0.2
    -9.208   121.715   -3.6   14.4   -0.4
    -9.145   121.715   -3.9   15.4   -0.7
    -9.082   121.715   -4.1   16.4   -1.1
    -9.019   121.715   -4.3   17.5   -1.5
    -8.956   121.715   -4.4   18.7   -2.0
    -8.894   121.715   -4.4   19.9   -2.7
    -8.831   121.715   -4.2   21.1   -3.5
    -8.768   121.715   -3.6   22.4   -4.4
    -8.705   121.715   -2.6   23.6   -5.3
    -8.642   121.715   -0.8   24.6   -6.3
    -8.579   121.715    1.9   25.2   -6.8
    -8.517   121.715    5.6   25.3   -5.9
    -8.454   121.715   10.3   25.1   -1.6
    -8.391   121.715   15.7   26.7    7.2
    -8.328   121.715   21.6   32.3   17.3
    -8.265   121.715   26.8   39.4   24.6
    -8.202   121.715   30.7   44.7   30.7
    -8.139   121.715   39.5   48.4   35.4
    -8.077   121.715   52.4   53.4   35.5
    -8.014   121.715   61.8   50.6   28.0
    -7.951   121.715    0.2  -23.1   -2.2
    -7.888   121.715   -1.2  -22.0   -1.4
    -7.825   121.715   -2.2  -20.3   -0.8
    -7.762   121.715   -2.5  -18.6   -0.4
    -7.699   121.715   -2.5  -17.2   -0.0
    -7.637   121.715   -2.4  -15.9    0.3
    -7.574   121.715   -2.2  -14.7    0.5
    -7.511   121.715   -2.0  -13.7    0.6
    -7.448   121.715   -1.8  -12.7    0.7
    -7.385   121.715   -1.6  -11.8    0.8
    -7.322   121.715   -1.5  -11.0    0.9
    -7.259   121.715   -1.3  -10.3    0.9
    -7.197   121.715   -1.2   -9.6    0.9
    -7.134   121.715   -1.1   -9.0    0.9
    -7.071   121.715   -1.0   -8.5    0.9
    -7.008   121.715   -0.9   -8.0    0.9
    -6.945   121.715   -0.9   -7.5    0.9
    -6.882   121.715   -0.8   -7.1    0.8
    -6.820   121.715   -0.7   -6.7    0.8
    -6.757   121.715   -0.7   -6.3    0.8
    -6.694   121.715   -0.6   -5.9    0.8
    -6.631   121.715   -0.6   -5.6    0.8
    -6.568   121.715   -0.5   -5.3    0.7
    -6.505   121.715   -0.5   -5.0    0.7
    -6.442   121.715   -0.5   -4.8    0.7
    -6.380   121.715   -0.4   -4.6    0.7
    -6.317   121.715   -0.4   -4.3    0.6
    -6.254   121.715   -0.4   -4.1    0.6
    -6.191   121.715   -0.4   -3.9    0.6
    -6.128   121.715   -0.3   -3.8    0.6
    -6.065   121.715   -0.3   -3.6    0.6
    -6.002   121.715   -0.3   -3.4    0.5
    -5.940   121.715   -0.3   -3.3    0.5
    -5.877   121.715   -0.3   -3.2    0.5
    -5.814   121.715   -0.3   -3.0    0.5
    -5.751   121.715   -0.2   -2.9    0.5
    -5.688   121.715   -0.2   -2.8    0.5
    -5.625   121.715   -0.2   -2.7    0.4
    -5.562   121.715   -0.2   -2.6    0.4
    -5.500   121.715   -0.2   -2.5    0.4
    -5.437   121.715   -0.2   -2.4    0.4
    -5.374   121.715   -0.2   -2.3    0.4
    -5.311   121.715   -0.2   -2.2    0.4
    -5.248   121.715   -0.2   -2.1    0.4
    -5.185   121.715   -0.1   -2.1    0.4
    -5.123   121.715   -0.1   -2.0    0.3
   -11.408   121.778   -0.3    2.4    0.3
   -11.345   121.778   -0.4    2.5    0.4
   -11.282   121.778   -0.4    2.6    0.4
   -11.219   121.778   -0.4    2.7    0.4
   -11.156   121.778   -0.4    2.8    0.4
   -11.093   121.778   -0.5    2.9    0.4
   -11.031   121.778   -0.5    3.0    0.4
   -10.968   121.778   -0.5    3.2    0.4
   -10.905   121.778   -0.5    3.3    0.4
   -10.842   121.778   -0.6    3.4    0.4
   -10.779   121.778   -0.6    3.6    0.4
   -10.716   121.778   -0.7    3.7    0.5
   -10.653   121.778   -0.7    3.9    0.5
   -10.591   121.778   -0.7    4.1    0.5
   -10.528   121.778   -0.8    4.3    0.5
   -10.465   121.778   -0.8    4.5    0.5
   -10.402   121.778   -0.9    4.7    0.5
   -10.339   121.778   -1.0    4.9    0.5
   -10.276   121.778   -1.0    5.1    0.5
   -10.214   121.778   -1.1    5.4    0.5
   -10.151   121.778   -1.2    5.7    0.5
   -10.088   121.778   -1.3    6.0    0.5
   -10.025   121.778   -1.4    6.3    0.5
    -9.962   121.778   -1.5    6.6    0.5
    -9.899   121.778   -1.6    7.0    0.5
    -9.836   121.778   -1.7    7.3    0.5
    -9.774   121.778   -1.8    7.8    0.5
    -9.711   121.778   -2.0    8.2    0.4
    -9.648   121.778   -2.1    8.7    0.4
    -9.585   121.778   -2.3    9.2    0.3
    -9.522   121.778   -2.5    9.7    0.3
    -9.459   121.778   -2.6   10.3    0.2
    -9.396   121.778   -2.8   10.9    0.1
    -9.334   121.778   -3.1   11.6   -0.1
    -9.271   121.778   -3.3   12.3   -0.3
    -9.208   121.778   -3.5   13.0   -0.5
    -9.145   121.778   -3.7   13.8   -0.7
    -9.082   121.778   -3.9   14.6   -1.0
    -9.019   121.778   -4.0   15.5   -1.4
    -8.956   121.778   -4.1   16.4   -1.9
    -8.894   121.778   -4.0   17.4   -2.5
    -8.831   121.778   -3.8   18.3   -3.2
    -8.768   121.778   -3.3   19.3   -4.0
    -8.705   121.778   -2.5   20.3   -5.0
    -8.642   121.778   -1.2   21.3   -6.0
    -8.579   121.778    0.7   21.9   -7.0
    -8.517   121.778    3.4   21.7   -7.0
    -8.454   121.778    7.1   20.7   -4.3
    -8.391   121.778   11.9   20.3    3.0
    -8.328   121.778   17.4   23.7   12.2
    -8.265   121.778   22.5   28.6   18.2
    -8.202   121.778   27.3   30.9   23.9
    -8.139   121.778   34.5   33.3   31.4
    -8.077   121.778   43.3   37.2   37.6
    -8.014   121.778   52.0   42.8   32.0
    -7.951   121.778    1.7  -19.4   -0.8
    -7.888   121.778   -1.0  -17.5   -1.6
    -7.825   121.778   -2.0  -16.5   -1.3
    -7.762   121.778   -2.3  -15.6   -0.8
    -7.699   121.778   -2.4  -14.8   -0.4
    -7.637   121.778   -2.3  -14.0   -0.1
    -7.574   121.778   -2.1  -13.2    0.2
    -7.511   121.778   -1.9  -12.4    0.4
    -7.448   121.778   -1.8  -11.7    0.5
    -7.385   121.778   -1.6  -11.0    0.6
    -7.322   121.778   -1.5  -10.3    0.7
    -7.259   121.778   -1.4   -9.7    0.8
    -7.197   121.778   -1.2   -9.1    0.8
    -7.134   121.778   -1.1   -8.6    0.8
    -7.071   121.778   -1.1   -8.1    0.8
    -7.008   121.778   -1.0   -7.6    0.8
    -6.945   121.778   -0.9   -7.2    0.8
    -6.882   121.778   -0.8   -6.8    0.8
    -6.820   121.778   -0.8   -6.4    0.8
    -6.757   121.778   -0.7   -6.1    0.8
    -6.694   121.778   -0.7   -5.7    0.7
    -6.631   121.778   -0.6   -5.4    0.7
    -6.568   121.778   -0.6   -5.2    0.7
    -6.505   121.778   -0.6   -4.9    0.7
    -6.442   121.778   -0.5   -4.7    0.7
    -6.380   121.778   -0.5   -4.4    0.6
    -6.317   121.778   -0.5   -4.2    0.6
    -6.254   121.778   -0.4   -4.0    0.6
    -6.191   121.778   -0.4   -3.8    0.6
    -6.128   121.778   -0.4   -3.7    0.6
    -6.065   121.778   -0.4   -3.5    0.5
    -6.002   121.778   -0.3   -3.4    0.5
    -5.940   121.778   -0.3   -3.2    0.5
    -5.877   121.778   -0.3   -3.1    0.5
    -5.814   121.778   -0.3   -3.0    0.5
    -5.751   121.778   -0.3   -2.8    0.5
    -5.688   121.778   -0.3   -2.7    0.4
    -5.625   121.778   -0.2   -2.6    0.4
    -5.562   121.778   -0.2   -2.5    0.4
    -5.500   121.778   -0.2   -2.4    0.4
    -5.437   121.778   -0.2   -2.3    0.4
    -5.374   121.778   -0.2   -2.3    0.4
    -5.311   121.778   -0.2   -2.2    0.4
    -5.248   121.778   -0.2   -2.1    0.4
    -5.185   121.778   -0.2   -2.0    0.3
    -5.123   121.778   -0.2   -2.0    0.3
   -11.408   121.842   -0.4    2.4    0.3
   -11.345   121.842   -0.4    2.5    0.3
   -11.282   121.842   -0.4    2.5    0.4
   -11.219   121.842   -0.4    2.6    0.4
   -11.156   121.842   -0.5    2.7    0.4
   -11.093   121.842   -0.5    2.8    0.4
   -11.031   121.842   -0.5    3.0    0.4
   -10.968   121.842   -0.5    3.1    0.4
   -10.905   121.842   -0.6    3.2    0.4
   -10.842   121.842   -0.6    3.3    0.4
   -10.779   121.842   -0.6    3.5    0.4
   -10.716   121.842   -0.7    3.6    0.4
   -10.653   121.842   -0.7    3.8    0.4
   -10.591   121.842   -0.8    3.9    0.5
   -10.528   121.842   -0.8    4.1    0.5
   -10.465   121.842   -0.9    4.3    0.5
   -10.402   121.842   -0.9    4.5    0.5
   -10.339   121.842   -1.0    4.7    0.5
   -10.276   121.842   -1.1    4.9    0.5
   -10.214   121.842   -1.1    5.2    0.5
   -10.151   121.842   -1.2    5.4    0.5
   -10.088   121.842   -1.3    5.7    0.5
   -10.025   121.842   -1.4    6.0    0.5
    -9.962   121.842   -1.5    6.3    0.5
    -9.899   121.842   -1.6    6.6    0.5
    -9.836   121.842   -1.7    6.9    0.4
    -9.774   121.842   -1.8    7.3    0.4
    -9.711   121.842   -2.0    7.7    0.4
    -9.648   121.842   -2.1    8.1    0.3
    -9.585   121.842   -2.3    8.5    0.3
    -9.522   121.842   -2.4    9.0    0.2
    -9.459   121.842   -2.6    9.5    0.1
    -9.396   121.842   -2.8   10.0    0.0
    -9.334   121.842   -2.9   10.6   -0.1
    -9.271   121.842   -3.1   11.1   -0.3
    -9.208   121.842   -3.3   11.7   -0.5
    -9.145   121.842   -3.4   12.4   -0.7
    -9.082   121.842   -3.6   13.0   -1.0
    -9.019   121.842   -3.7   13.7   -1.4
    -8.956   121.842   -3.7   14.4   -1.8
    -8.894   121.842   -3.6   15.1   -2.3
    -8.831   121.842   -3.4   15.9   -2.9
    -8.768   121.842   -3.1   16.7   -3.7
    -8.705   121.842   -2.5   17.5   -4.6
    -8.642   121.842   -1.6   18.2   -5.7
    -8.579   121.842   -0.2   18.6   -6.8
    -8.517   121.842    1.7   18.3   -7.4
    -8.454   121.842    4.8   16.9   -6.0
    -8.391   121.842    9.3   15.3   -0.7
    -8.328   121.842   14.8   16.1    7.3
    -8.265   121.842   20.0   18.9   13.0
    -8.202   121.842   25.3   19.0   16.9
    -8.139   121.842   33.1   16.9   22.5
    -8.077   121.842   41.2   14.7   24.3
    -8.014   121.842   32.7   10.1    8.6
    -7.951   121.842    6.1   -5.2   -2.2
    -7.888   121.842   -0.2  -11.2   -2.4
    -7.825   121.842   -1.6  -12.4   -1.9
    -7.762   121.842   -2.0  -12.7   -1.3
    -7.699   121.842   -2.1  -12.5   -0.8
    -7.637   121.842   -2.0  -12.2   -0.4
    -7.574   121.842   -1.9  -11.7   -0.1
    -7.511   121.842   -1.8  -11.2    0.2
    -7.448   121.842   -1.7  -10.7    0.4
    -7.385   121.842   -1.5  -10.1    0.5
    -7.322   121.842   -1.4   -9.6    0.6
    -7.259   121.842   -1.3   -9.1    0.6
    -7.197   121.842   -1.2   -8.6    0.7
    -7.134   121.842   -1.2   -8.1    0.7
    -7.071   121.842   -1.1   -7.7    0.7
    -7.008   121.842   -1.0   -7.2    0.7
    -6.945   121.842   -0.9   -6.8    0.7
    -6.882   121.842   -0.9   -6.5    0.7
    -6.820   121.842   -0.8   -6.1    0.7
    -6.757   121.842   -0.8   -5.8    0.7
    -6.694   121.842   -0.7   -5.5    0.7
    -6.631   121.842   -0.7   -5.2    0.7
    -6.568   121.842   -0.6   -5.0    0.7
    -6.505   121.842   -0.6   -4.7    0.6
    -6.442   121.842   -0.6   -4.5    0.6
    -6.380   121.842   -0.5   -4.3    0.6
    -6.317   121.842   -0.5   -4.1    0.6
    -6.254   121.842   -0.5   -3.9    0.6
    -6.191   121.842   -0.4   -3.7    0.6
    -6.128   121.842   -0.4   -3.6    0.5
    -6.065   121.842   -0.4   -3.4    0.5
    -6.002   121.842   -0.4   -3.3    0.5
    -5.940   121.842   -0.3   -3.2    0.5
    -5.877   121.842   -0.3   -3.0    0.5
    -5.814   121.842   -0.3   -2.9    0.5
    -5.751   121.842   -0.3   -2.8    0.4
    -5.688   121.842   -0.3   -2.7    0.4
    -5.625   121.842   -0.3   -2.6    0.4
    -5.562   121.842   -0.2   -2.5    0.4
    -5.500   121.842   -0.2   -2.4    0.4
    -5.437   121.842   -0.2   -2.3    0.4
    -5.374   121.842   -0.2   -2.2    0.4
    -5.311   121.842   -0.2   -2.1    0.4
    -5.248   121.842   -0.2   -2.1    0.3
    -5.185   121.842   -0.2   -2.0    0.3
    -5.123   121.842   -0.2   -1.9    0.3
   -11.408   121.906   -0.4    2.3    0.3
   -11.345   121.906   -0.4    2.4    0.3
   -11.282   121.906   -0.4    2.5    0.3
   -11.219   121.906   -0.4    2.6    0.4
   -11.156   121.906   -0.5    2.7    0.4
   -11.093   121.906   -0.5    2.8    0.4
   -11.031   121.906   -0.5    2.9    0.4
   -10.968   121.906   -0.6    3.0    0.4
   -10.905   121.906   -0.6    3.1    0.4
   -10.842   121.906   -0.6    3.2    0.4
   -10.779   121.906   -0.7    3.4    0.4
   -10.716   121.906   -0.7    3.5    0.4
   -10.653   121.906   -0.7    3.7    0.4
   -10.591   121.906   -0.8    3.8    0.4
   -10.528   121.906   -0.8    4.0    0.4
   -10.465   121.906   -0.9    4.1    0.4
   -10.402   121.906   -0.9    4.3    0.4
   -10.339   121.906   -1.0    4.5    0.5
   -10.276   121.906   -1.1    4.7    0.5
   -10.214   121.906   -1.1    4.9    0.5
   -10.151   121.906   -1.2    5.2    0.5
   -10.088   121.906   -1.3    5.4    0.4
   -10.025   121.906   -1.4    5.7    0.4
    -9.962   121.906   -1.5    5.9    0.4
    -9.899   121.906   -1.6    6.2    0.4
    -9.836   121.906   -1.7    6.5    0.4
    -9.774   121.906   -1.8    6.9    0.4
    -9.711   121.906   -1.9    7.2    0.3
    -9.648   121.906   -2.1    7.5    0.3
    -9.585   121.906   -2.2    7.9    0.2
    -9.522   121.906   -2.3    8.3    0.1
    -9.459   121.906   -2.5    8.7    0.1
    -9.396   121.906   -2.6    9.2   -0.0
    -9.334   121.906   -2.8    9.6   -0.2
    -9.271   121.906   -2.9   10.1   -0.3
    -9.208   121.906   -3.1   10.6   -0.5
    -9.145   121.906   -3.2   11.1   -0.7
    -9.082   121.906   -3.3   11.6   -1.0
    -9.019   121.906   -3.3   12.1   -1.3
    -8.956   121.906   -3.3   12.6   -1.7
    -8.894   121.906   -3.3   13.2   -2.2
    -8.831   121.906   -3.1   13.7   -2.7
    -8.768   121.906   -2.8   14.3   -3.4
    -8.705   121.906   -2.4   14.9   -4.2
    -8.642   121.906   -1.7   15.4   -5.2
    -8.579   121.906   -0.8   15.6   -6.3
    -8.517   121.906    0.7   15.1   -7.0
    -8.454   121.906    3.2   13.7   -6.6
    -8.391   121.906    7.4   11.6   -3.5
    -8.328   121.906   13.0   10.7    2.1
    -8.265   121.906   18.6   11.6    6.7
    -8.202   121.906   23.6   11.7    8.2
    -8.139   121.906   28.3   10.3    7.7
    -8.077   121.906   28.1    9.0    4.1
    -8.014   121.906   18.8    5.2   -1.2
    -7.951   121.906    7.1   -1.7   -3.5
    -7.888   121.906    0.9   -6.6   -3.4
    -7.825   121.906   -0.9   -9.2   -2.6
    -7.762   121.906   -1.4  -10.3   -1.8
    -7.699   121.906   -1.6  -10.7   -1.1
    -7.637   121.906   -1.6  -10.7   -0.6
    -7.574   121.906   -1.6  -10.5   -0.3
    -7.511   121.906   -1.5  -10.2   -0.0
    -7.448   121.906   -1.5   -9.8    0.2
    -7.385   121.906   -1.4   -9.4    0.3
    -7.322   121.906   -1.3   -8.9    0.5
    -7.259   121.906   -1.3   -8.5    0.5
    -7.197   121.906   -1.2   -8.0    0.6
    -7.134   121.906   -1.1   -7.6    0.6
    -7.071   121.906   -1.1   -7.2    0.7
    -7.008   121.906   -1.0   -6.9    0.7
    -6.945   121.906   -1.0   -6.5    0.7
    -6.882   121.906   -0.9   -6.2    0.7
    -6.820   121.906   -0.8   -5.9    0.7
    -6.757   121.906   -0.8   -5.6    0.7
    -6.694   121.906   -0.7   -5.3    0.6
    -6.631   121.906   -0.7   -5.0    0.6
    -6.568   121.906   -0.7   -4.8    0.6
    -6.505   121.906   -0.6   -4.6    0.6
    -6.442   121.906   -0.6   -4.4    0.6
    -6.380   121.906   -0.6   -4.2    0.6
    -6.317   121.906   -0.5   -4.0    0.6
    -6.254   121.906   -0.5   -3.8    0.5
    -6.191   121.906   -0.5   -3.6    0.5
    -6.128   121.906   -0.4   -3.5    0.5
    -6.065   121.906   -0.4   -3.3    0.5
    -6.002   121.906   -0.4   -3.2    0.5
    -5.940   121.906   -0.4   -3.1    0.5
    -5.877   121.906   -0.3   -3.0    0.5
    -5.814   121.906   -0.3   -2.8    0.4
    -5.751   121.906   -0.3   -2.7    0.4
    -5.688   121.906   -0.3   -2.6    0.4
    -5.625   121.906   -0.3   -2.5    0.4
    -5.562   121.906   -0.3   -2.4    0.4
    -5.500   121.906   -0.3   -2.3    0.4
    -5.437   121.906   -0.2   -2.3    0.4
    -5.374   121.906   -0.2   -2.2    0.4
    -5.311   121.906   -0.2   -2.1    0.3
    -5.248   121.906   -0.2   -2.0    0.3
    -5.185   121.906   -0.2   -2.0    0.3
    -5.123   121.906   -0.2   -1.9    0.3
   -11.408   121.969   -0.4    2.3    0.3
   -11.345   121.969   -0.4    2.3    0.3
   -11.282   121.969   -0.4    2.4    0.3
   -11.219   121.969   -0.5    2.5    0.3
   -11.156   121.969   -0.5    2.6    0.4
   -11.093   121.969   -0.5    2.7    0.4
   -11.031   121.969   -0.5    2.8    0.4
   -10.968   121.969   -0.6    2.9    0.4
   -10.905   121.969   -0.6    3.0    0.4
   -10.842   121.969   -0.6    3.1    0.4
   -10.779   121.969   -0.7    3.3    0.4
   -10.716   121.969   -0.7    3.4    0.4
   -10.653   121.969   -0.8    3.5    0.4
   -10.591   121.969   -0.8    3.7    0.4
   -10.528   121.969   -0.9    3.8    0.4
   -10.465   121.969   -0.9    4.0    0.4
   -10.402   121.969   -1.0    4.2    0.4
   -10.339   121.969   -1.0    4.3    0.4
   -10.276   121.969   -1.1    4.5    0.4
   -10.214   121.969   -1.2    4.7    0.4
   -10.151   121.969   -1.2    4.9    0.4
   -10.088   121.969   -1.3    5.1    0.4
   -10.025   121.969   -1.4    5.4    0.4
    -9.962   121.969   -1.5    5.6    0.4
    -9.899   121.969   -1.6    5.9    0.4
    -9.836   121.969   -1.7    6.1    0.3
    -9.774   121.969   -1.8    6.4    0.3
    -9.711   121.969   -1.9    6.7    0.3
    -9.648   121.969   -2.0    7.0    0.2
    -9.585   121.969   -2.1    7.3    0.2
    -9.522   121.969   -2.3    7.7    0.1
    -9.459   121.969   -2.4    8.0    0.0
    -9.396   121.969   -2.5    8.4   -0.1
    -9.334   121.969   -2.6    8.7   -0.2
    -9.271   121.969   -2.8    9.1   -0.4
    -9.208   121.969   -2.9    9.5   -0.5
    -9.145   121.969   -3.0    9.9   -0.7
    -9.082   121.969   -3.0   10.3   -1.0
    -9.019   121.969   -3.0   10.7   -1.3
    -8.956   121.969   -3.0   11.0   -1.6
    -8.894   121.969   -2.9   11.4   -2.0
    -8.831   121.969   -2.8   11.8   -2.5
    -8.768   121.969   -2.5   12.2   -3.1
    -8.705   121.969   -2.2   12.6   -3.8
    -8.642   121.969   -1.7   12.8   -4.6
    -8.579   121.969   -0.9   12.8   -5.5
    -8.517   121.969    0.3   12.2   -6.2
    -8.454   121.969    2.4   10.9   -6.3
    -8.391   121.969    5.9    9.1   -4.8
    -8.328   121.969   10.8    8.0   -1.9
    -8.265   121.969   15.8    8.2    0.7
    -8.202   121.969   19.5    8.9    1.1
    -8.139   121.969   21.4    9.1   -0.1
    -8.077   121.969   20.2    9.1   -2.1
    -8.014   121.969   16.7    8.2   -4.4
    -7.951   121.969    9.9    2.4   -5.5
    -7.888   121.969    0.8   -5.1   -4.6
    -7.825   121.969   -0.2   -8.0   -3.0
    -7.762   121.969   -0.8   -9.1   -2.1
    -7.699   121.969   -1.0   -9.5   -1.4
    -7.637   121.969   -1.2   -9.6   -0.8
    -7.574   121.969   -1.2   -9.5   -0.4
    -7.511   121.969   -1.3   -9.3   -0.1
    -7.448   121.969   -1.3   -9.0    0.1
    -7.385   121.969   -1.2   -8.7    0.2
    -7.322   121.969   -1.2   -8.3    0.4
    -7.259   121.969   -1.2   -7.9    0.4
    -7.197   121.969   -1.1   -7.6    0.5
    -7.134   121.969   -1.1   -7.2    0.5
    -7.071   121.969   -1.0   -6.8    0.6
    -7.008   121.969   -1.0   -6.5    0.6
    -6.945   121.969   -1.0   -6.2    0.6
    -6.882   121.969   -0.9   -5.9    0.6
    -6.820   121.969   -0.9   -5.6    0.6
    -6.757   121.969   -0.8   -5.3    0.6
    -6.694   121.969   -0.8   -5.1    0.6
    -6.631   121.969   -0.7   -4.8    0.6
    -6.568   121.969   -0.7   -4.6    0.6
    -6.505   121.969   -0.6   -4.4    0.6
    -6.442   121.969   -0.6   -4.2    0.6
    -6.380   121.969   -0.6   -4.0    0.5
    -6.317   121.969   -0.5   -3.8    0.5
    -6.254   121.969   -0.5   -3.7    0.5
    -6.191   121.969   -0.5   -3.5    0.5
    -6.128   121.969   -0.5   -3.4    0.5
    -6.065   121.969   -0.4   -3.2    0.5
    -6.002   121.969   -0.4   -3.1    0.5
    -5.940   121.969   -0.4   -3.0    0.4
    -5.877   121.969   -0.4   -2.9    0.4
    -5.814   121.969   -0.3   -2.8    0.4
    -5.751   121.969   -0.3   -2.7    0.4
    -5.688   121.969   -0.3   -2.6    0.4
    -5.625   121.969   -0.3   -2.5    0.4
    -5.562   121.969   -0.3   -2.4    0.4
    -5.500   121.969   -0.3   -2.3    0.4
    -5.437   121.969   -0.3   -2.2    0.4
    -5.374   121.969   -0.2   -2.1    0.3
    -5.311   121.969   -0.2   -2.1    0.3
    -5.248   121.969   -0.2   -2.0    0.3
    -5.185   121.969   -0.2   -1.9    0.3
    -5.123   121.969   -0.2   -1.9    0.3
   -11.408   122.033   -0.4    2.2    0.3
   -11.345   122.033   -0.4    2.3    0.3
   -11.282   122.033   -0.5    2.4    0.3
   -11.219   122.033   -0.5    2.5    0.3
   -11.156   122.033   -0.5    2.5    0.3
   -11.093   122.033   -0.5    2.6    0.3
   -11.031   122.033   -0.6    2.7    0.4
   -10.968   122.033   -0.6    2.8    0.4
   -10.905   122.033   -0.6    2.9    0.4
   -10.842   122.033   -0.7    3.0    0.4
   -10.779   122.033   -0.7    3.2    0.4
   -10.716   122.033   -0.7    3.3    0.4
   -10.653   122.033   -0.8    3.4    0.4
   -10.591   122.033   -0.8    3.5    0.4
   -10.528   122.033   -0.9    3.7    0.4
   -10.465   122.033   -0.9    3.8    0.4
   -10.402   122.033   -1.0    4.0    0.4
   -10.339   122.033   -1.0    4.1    0.4
   -10.276   122.033   -1.1    4.3    0.4
   -10.214   122.033   -1.2    4.5    0.4
   -10.151   122.033   -1.2    4.7    0.4
   -10.088   122.033   -1.3    4.9    0.4
   -10.025   122.033   -1.4    5.1    0.4
    -9.962   122.033   -1.5    5.3    0.3
    -9.899   122.033   -1.5    5.5    0.3
    -9.836   122.033   -1.6    5.8    0.3
    -9.774   122.033   -1.7    6.0    0.3
    -9.711   122.033   -1.8    6.3    0.2
    -9.648   122.033   -1.9    6.5    0.2
    -9.585   122.033   -2.1    6.8    0.1
    -9.522   122.033   -2.2    7.1    0.0
    -9.459   122.033   -2.3    7.3   -0.0
    -9.396   122.033   -2.4    7.6   -0.1
    -9.334   122.033   -2.5    7.9   -0.3
    -9.271   122.033   -2.6    8.2   -0.4
    -9.208   122.033   -2.6    8.5   -0.6
    -9.145   122.033   -2.7    8.8   -0.7
    -9.082   122.033   -2.7    9.1   -1.0
    -9.019   122.033   -2.7    9.4   -1.2
    -8.956   122.033   -2.7    9.7   -1.5
    -8.894   122.033   -2.6    9.9   -1.9
    -8.831   122.033   -2.4   10.2   -2.3
    -8.768   122.033   -2.2   10.4   -2.8
    -8.705   122.033   -1.9   10.6   -3.4
    -8.642   122.033   -1.4   10.6   -4.1
    -8.579   122.033   -0.7   10.5   -4.8
    -8.517   122.033    0.3    9.9   -5.3
    -8.454   122.033    2.1    8.9   -5.5
    -8.391   122.033    4.9    7.7   -5.0
    -8.328   122.033    8.5    7.0   -3.7
    -8.265   122.033   12.2    7.4   -2.7
    -8.202   122.033   14.8    8.6   -2.6
    -8.139   122.033   15.8   10.0   -3.5
    -8.077   122.033   15.0   12.1   -4.1
    -8.014   122.033   14.0   17.6   -6.0
    -7.951   122.033   20.5   22.3    3.5
    -7.888   122.033   -1.2  -11.0   -4.6
    -7.825   122.033   -0.2   -9.3   -3.1
    -7.762   122.033   -0.4   -9.0   -2.1
    -7.699   122.033   -0.6   -9.1   -1.4
    -7.637   122.033   -0.7   -9.0   -0.9
    -7.574   122.033   -0.9   -8.9   -0.5
    -7.511   122.033   -1.0   -8.7   -0.2
    -7.448   122.033   -1.0   -8.4   -0.0
    -7.385   122.033   -1.1   -8.1    0.1
    -7.322   122.033   -1.1   -7.8    0.3
    -7.259   122.033   -1.1   -7.4    0.4
    -7.197   122.033   -1.1   -7.1    0.4
    -7.134   122.033   -1.0   -6.8    0.5
    -7.071   122.033   -1.0   -6.5    0.5
    -7.008   122.033   -1.0   -6.1    0.5
    -6.945   122.033   -0.9   -5.9    0.5
    -6.882   122.033   -0.9   -5.6    0.5
    -6.820   122.033   -0.9   -5.3    0.5
    -6.757   122.033   -0.8   -5.1    0.5
    -6.694   122.033   -0.8   -4.8    0.5
    -6.631   122.033   -0.7   -4.6    0.5
    -6.568   122.033   -0.7   -4.4    0.5
    -6.505   122.033   -0.7   -4.2    0.5
    -6.442   122.033   -0.6   -4.0    0.5
    -6.380   122.033   -0.6   -3.9    0.5
    -6.317   122.033   -0.6   -3.7    0.5
    -6.254   122.033   -0.5   -3.6    0.5
    -6.191   122.033   -0.5   -3.4    0.5
    -6.128   122.033   -0.5   -3.3    0.5
    -6.065   122.033   -0.5   -3.1    0.5
    -6.002   122.033   -0.4   -3.0    0.4
    -5.940   122.033   -0.4   -2.9    0.4
    -5.877   122.033   -0.4   -2.8    0.4
    -5.814   122.033   -0.4   -2.7    0.4
    -5.751   122.033   -0.3   -2.6    0.4
    -5.688   122.033   -0.3   -2.5    0.4
    -5.625   122.033   -0.3   -2.4    0.4
    -5.562   122.033   -0.3   -2.3    0.4
    -5.500   122.033   -0.3   -2.2    0.4
    -5.437   122.033   -0.3   -2.2    0.3
    -5.374   122.033   -0.3   -2.1    0.3
    -5.311   122.033   -0.2   -2.0    0.3
    -5.248   122.033   -0.2   -2.0    0.3
    -5.185   122.033   -0.2   -1.9    0.3
    -5.123   122.033   -0.2   -1.8    0.3
   -11.408   122.096   -0.4    2.2    0.3
   -11.345   122.096   -0.4    2.2    0.3
   -11.282   122.096   -0.5    2.3    0.3
   -11.219   122.096   -0.5    2.4    0.3
   -11.156   122.096   -0.5    2.5    0.3
   -11.093   122.096   -0.5    2.6    0.3
   -11.031   122.096   -0.6    2.7    0.3
   -10.968   122.096   -0.6    2.7    0.3
   -10.905   122.096   -0.6    2.8    0.3
   -10.842   122.096   -0.7    2.9    0.4
   -10.779   122.096   -0.7    3.1    0.4
   -10.716   122.096   -0.7    3.2    0.4
   -10.653   122.096   -0.8    3.3    0.4
   -10.591   122.096   -0.8    3.4    0.4
   -10.528   122.096   -0.9    3.5    0.4
   -10.465   122.096   -0.9    3.7    0.4
   -10.402   122.096   -1.0    3.8    0.4
   -10.339   122.096   -1.0    4.0    0.4
   -10.276   122.096   -1.1    4.1    0.4
   -10.214   122.096   -1.1    4.3    0.4
   -10.151   122.096   -1.2    4.4    0.3
   -10.088   122.096   -1.3    4.6    0.3
   -10.025   122.096   -1.4    4.8    0.3
    -9.962   122.096   -1.4    5.0    0.3
    -9.899   122.096   -1.5    5.2    0.3
    -9.836   122.096   -1.6    5.4    0.2
    -9.774   122.096   -1.7    5.6    0.2
    -9.711   122.096   -1.8    5.8    0.2
    -9.648   122.096   -1.9    6.0    0.1
    -9.585   122.096   -2.0    6.3    0.1
    -9.522   122.096   -2.1    6.5   -0.0
    -9.459   122.096   -2.1    6.7   -0.1
    -9.396   122.096   -2.2    7.0   -0.2
    -9.334   122.096   -2.3    7.2   -0.3
    -9.271   122.096   -2.4    7.4   -0.4
    -9.208   122.096   -2.4    7.6   -0.6
    -9.145   122.096   -2.5    7.9   -0.8
    -9.082   122.096   -2.5    8.1   -1.0
    -9.019   122.096   -2.4    8.3   -1.2
    -8.956   122.096   -2.4    8.5   -1.5
    -8.894   122.096   -2.2    8.6   -1.8
    -8.831   122.096   -2.1    8.8   -2.2
    -8.768   122.096   -1.8    8.9   -2.6
    -8.705   122.096   -1.5    8.9   -3.1
    -8.642   122.096   -1.0    8.9   -3.6
    -8.579   122.096   -0.4    8.7   -4.1
    -8.517   122.096    0.6    8.2   -4.6
    -8.454   122.096    2.1    7.5   -4.8
    -8.391   122.096    4.1    6.8   -4.7
    -8.328   122.096    6.6    6.6   -4.2
    -8.265   122.096    8.9    7.2   -3.7
    -8.202   122.096   10.5    8.6   -3.5
    -8.139   122.096   11.2   10.3   -3.4
    -8.077   122.096   11.3   12.7   -2.0
    -8.014   122.096   13.0   17.3   -1.0
    -7.951   122.096   26.0   22.0    5.0
    -7.888   122.096   32.8   26.2   15.0
    -7.825   122.096   -0.9  -11.0   -3.0
    -7.762   122.096   -0.3   -9.7   -2.1
    -7.699   122.096   -0.3   -9.1   -1.4
    -7.637   122.096   -0.4   -8.8   -0.9
    -7.574   122.096   -0.5   -8.6   -0.6
    -7.511   122.096   -0.7   -8.3   -0.3
    -7.448   122.096   -0.8   -8.0   -0.1
    -7.385   122.096   -0.9   -7.6    0.1
    -7.322   122.096   -0.9   -7.3    0.2
    -7.259   122.096   -1.0   -7.0    0.3
    -7.197   122.096   -1.0   -6.7    0.3
    -7.134   122.096   -1.0   -6.4    0.4
    -7.071   122.096   -1.0   -6.1    0.4
    -7.008   122.096   -1.0   -5.8    0.5
    -6.945   122.096   -0.9   -5.5    0.5
    -6.882   122.096   -0.9   -5.3    0.5
    -6.820   122.096   -0.9   -5.1    0.5
    -6.757   122.096   -0.8   -4.8    0.5
    -6.694   122.096   -0.8   -4.6    0.5
    -6.631   122.096   -0.7   -4.4    0.5
    -6.568   122.096   -0.7   -4.2    0.5
    -6.505   122.096   -0.7   -4.0    0.5
    -6.442   122.096   -0.6   -3.9    0.5
    -6.380   122.096   -0.6   -3.7    0.5
    -6.317   122.096   -0.6   -3.6    0.5
    -6.254   122.096   -0.6   -3.4    0.5
    -6.191   122.096   -0.5   -3.3    0.4
    -6.128   122.096   -0.5   -3.2    0.4
    -6.065   122.096   -0.5   -3.0    0.4
    -6.002   122.096   -0.4   -2.9    0.4
    -5.940   122.096   -0.4   -2.8    0.4
    -5.877   122.096   -0.4   -2.7    0.4
    -5.814   122.096   -0.4   -2.6    0.4
    -5.751   122.096   -0.4   -2.5    0.4
    -5.688   122.096   -0.3   -2.4    0.4
    -5.625   122.096   -0.3   -2.4    0.4
    -5.562   122.096   -0.3   -2.3    0.4
    -5.500   122.096   -0.3   -2.2    0.3
    -5.437   122.096   -0.3   -2.1    0.3
    -5.374   122.096   -0.3   -2.0    0.3
    -5.311   122.096   -0.3   -2.0    0.3
    -5.248   122.096   -0.2   -1.9    0.3
    -5.185   122.096   -0.2   -1.9    0.3
    -5.123   122.096   -0.2   -1.8    0.3
   -11.408   122.160   -0.4    2.1    0.3
   -11.345   122.160   -0.5    2.2    0.3
   -11.282   122.160   -0.5    2.3    0.3
   -11.219   122.160   -0.5    2.3    0.3
   -11.156   122.160   -0.5    2.4    0.3
   -11.093   122.160   -0.6    2.5    0.3
   -11.031   122.160   -0.6    2.6    0.3
   -10.968   122.160   -0.6    2.7    0.3
   -10.905   122.160   -0.6    2.8    0.3
   -10.842   122.160   -0.7    2.8    0.3
   -10.779   122.160   -0.7    2.9    0.3
   -10.716   122.160   -0.7    3.1    0.3
   -10.653   122.160   -0.8    3.2    0.3
   -10.591   122.160   -0.8    3.3    0.3
   -10.528   122.160   -0.9    3.4    0.3
   -10.465   122.160   -0.9    3.5    0.3
   -10.402   122.160   -1.0    3.6    0.3
   -10.339   122.160   -1.0    3.8    0.3
   -10.276   122.160   -1.1    3.9    0.3
   -10.214   122.160   -1.1    4.1    0.3
   -10.151   122.160   -1.2    4.2    0.3
   -10.088   122.160   -1.3    4.4    0.3
   -10.025   122.160   -1.3    4.5    0.3
    -9.962   122.160   -1.4    4.7    0.3
    -9.899   122.160   -1.5    4.9    0.2
    -9.836   122.160   -1.6    5.0    0.2
    -9.774   122.160   -1.6    5.2    0.2
    -9.711   122.160   -1.7    5.4    0.1
    -9.648   122.160   -1.8    5.6    0.1
    -9.585   122.160   -1.9    5.8    0.0
    -9.522   122.160   -1.9    6.0   -0.0
    -9.459   122.160   -2.0    6.1   -0.1
    -9.396   122.160   -2.1    6.3   -0.2
    -9.334   122.160   -2.1    6.5   -0.3
    -9.271   122.160   -2.2    6.7   -0.5
    -9.208   122.160   -2.2    6.9   -0.6
    -9.145   122.160   -2.2    7.0   -0.8
    -9.082   122.160   -2.2    7.2   -1.0
    -9.019   122.160   -2.1    7.3   -1.2
    -8.956   122.160   -2.1    7.4   -1.4
    -8.894   122.160   -1.9    7.5   -1.7
    -8.831   122.160   -1.7    7.6   -2.0
    -8.768   122.160   -1.5    7.6   -2.4
    -8.705   122.160   -1.1    7.6   -2.8
    -8.642   122.160   -0.7    7.5   -3.2
    -8.579   122.160   -0.1    7.3   -3.6
    -8.517   122.160    0.8    7.0   -4.0
    -8.454   122.160    2.0    6.6   -4.2
    -8.391   122.160    3.5    6.3   -4.3
    -8.328   122.160    5.2    6.2   -4.0
    -8.265   122.160    6.5    6.7   -3.5
    -8.202   122.160    7.5    7.9   -2.7
    -8.139   122.160    8.3    9.6   -1.6
    -8.077   122.160    9.6   12.2    0.4
    -8.014   122.160   12.3   16.7    1.4
    -7.951   122.160   22.8   21.3    2.0
    -7.888   122.160   33.7   29.1   13.2
    -7.825   122.160   -1.5  -12.2   -3.2
    -7.762   122.160   -0.4  -10.5   -2.0
    -7.699   122.160   -0.1   -9.5   -1.3
    -7.637   122.160   -0.1   -8.9   -0.9
    -7.574   122.160   -0.2   -8.4   -0.5
    -7.511   122.160   -0.4   -8.0   -0.3
    -7.448   122.160   -0.6   -7.6   -0.1
    -7.385   122.160   -0.7   -7.3    0.0
    -7.322   122.160   -0.8   -6.9    0.1
    -7.259   122.160   -0.9   -6.6    0.2
    -7.197   122.160   -0.9   -6.3    0.3
    -7.134   122.160   -0.9   -6.0    0.3
    -7.071   122.160   -0.9   -5.7    0.4
    -7.008   122.160   -0.9   -5.5    0.4
    -6.945   122.160   -0.9   -5.2    0.4
    -6.882   122.160   -0.9   -5.0    0.4
    -6.820   122.160   -0.9   -4.8    0.4
    -6.757   122.160   -0.8   -4.6    0.4
    -6.694   122.160   -0.8   -4.4    0.4
    -6.631   122.160   -0.8   -4.2    0.4
    -6.568   122.160   -0.7   -4.0    0.4
    -6.505   122.160   -0.7   -3.9    0.4
    -6.442   122.160   -0.7   -3.7    0.4
    -6.380   122.160   -0.6   -3.6    0.4
    -6.317   122.160   -0.6   -3.4    0.4
    -6.254   122.160   -0.6   -3.3    0.4
    -6.191   122.160   -0.5   -3.2    0.4
    -6.128   122.160   -0.5   -3.1    0.4
    -6.065   122.160   -0.5   -2.9    0.4
    -6.002   122.160   -0.5   -2.8    0.4
    -5.940   122.160   -0.4   -2.7    0.4
    -5.877   122.160   -0.4   -2.6    0.4
    -5.814   122.160   -0.4   -2.5    0.4
    -5.751   122.160   -0.4   -2.5    0.4
    -5.688   122.160   -0.4   -2.4    0.4
    -5.625   122.160   -0.3   -2.3    0.3
    -5.562   122.160   -0.3   -2.2    0.3
    -5.500   122.160   -0.3   -2.1    0.3
    -5.437   122.160   -0.3   -2.1    0.3
    -5.374   122.160   -0.3   -2.0    0.3
    -5.311   122.160   -0.3   -1.9    0.3
    -5.248   122.160   -0.3   -1.9    0.3
    -5.185   122.160   -0.2   -1.8    0.3
    -5.123   122.160   -0.2   -1.8    0.3
   -11.408   122.223   -0.4    2.1    0.3
   -11.345   122.223   -0.5    2.1    0.3
   -11.282   122.223   -0.5    2.2    0.3
   -11.219   122.223   -0.5    2.3    0.3
   -11.156   122.223   -0.5    2.3    0.3
   -11.093   122.223   -0.6    2.4    0.3
   -11.031   122.223   -0.6    2.5    0.3
   -10.968   122.223   -0.6    2.6    0.3
   -10.905   122.223   -0.6    2.7    0.3
   -10.842   122.223   -0.7    2.7    0.3
   -10.779   122.223   -0.7    2.8    0.3
   -10.716   122.223   -0.7    2.9    0.3
   -10.653   122.223   -0.8    3.0    0.3
   -10.591   122.223   -0.8    3.1    0.3
   -10.528   122.223   -0.9    3.2    0.3
   -10.465   122.223   -0.9    3.4    0.3
   -10.402   122.223   -1.0    3.5    0.3
   -10.339   122.223   -1.0    3.6    0.3
   -10.276   122.223   -1.1    3.7    0.3
   -10.214   122.223   -1.1    3.9    0.3
   -10.151   122.223   -1.2    4.0    0.3
   -10.088   122.223   -1.2    4.1    0.3
   -10.025   122.223   -1.3    4.3    0.2
    -9.962   122.223   -1.4    4.4    0.2
    -9.899   122.223   -1.4    4.6    0.2
    -9.836   122.223   -1.5    4.7    0.2
    -9.774   122.223   -1.6    4.9    0.1
    -9.711   122.223   -1.6    5.0    0.1
    -9.648   122.223   -1.7    5.2    0.0
    -9.585   122.223   -1.8    5.3   -0.0
    -9.522   122.223   -1.8    5.5   -0.1
    -9.459   122.223   -1.9    5.6   -0.2
    -9.396   122.223   -1.9    5.8   -0.3
    -9.334   122.223   -2.0    5.9   -0.4
    -9.271   122.223   -2.0    6.0   -0.5
    -9.208   122.223   -2.0    6.2   -0.6
    -9.145   122.223   -2.0    6.3   -0.8
    -9.082   122.223   -2.0    6.4   -0.9
    -9.019   122.223   -1.9    6.5   -1.1
    -8.956   122.223   -1.8    6.5   -1.4
    -8.894   122.223   -1.6    6.6   -1.6
    -8.831   122.223   -1.4    6.6   -1.9
    -8.768   122.223   -1.2    6.6   -2.2
    -8.705   122.223   -0.8    6.6   -2.5
    -8.642   122.223   -0.4    6.5   -2.9
    -8.579   122.223    0.2    6.4   -3.2
    -8.517   122.223    1.0    6.2   -3.5
    -8.454   122.223    1.9    6.0   -3.8
    -8.391   122.223    3.0    5.9   -3.9
    -8.328   122.223    4.1    5.8   -3.7
    -8.265   122.223    5.0    6.0   -2.9
    -8.202   122.223    5.6    6.8   -1.5
    -8.139   122.223    6.3    8.5    0.4
    -8.077   122.223    7.8   11.5    2.6
    -8.014   122.223   10.7   16.8    3.2
    -7.951   122.223   18.1   22.5    1.9
    -7.888   122.223   32.5   30.7   13.5
    -7.825   122.223   -2.2  -14.1   -3.3
    -7.762   122.223   -0.5  -11.7   -1.9
    -7.699   122.223    0.1  -10.2   -1.2
    -7.637   122.223    0.2   -9.2   -0.8
    -7.574   122.223    0.0   -8.5   -0.5
    -7.511   122.223   -0.2   -7.9   -0.3
    -7.448   122.223   -0.4   -7.4   -0.1
    -7.385   122.223   -0.6   -6.9    0.0
    -7.322   122.223   -0.7   -6.6    0.1
    -7.259   122.223   -0.8   -6.2    0.2
    -7.197   122.223   -0.8   -5.9    0.2
    -7.134   122.223   -0.9   -5.6    0.3
    -7.071   122.223   -0.9   -5.4    0.3
    -7.008   122.223   -0.9   -5.1    0.3
    -6.945   122.223   -0.9   -4.9    0.4
    -6.882   122.223   -0.9   -4.7    0.4
    -6.820   122.223   -0.8   -4.5    0.4
    -6.757   122.223   -0.8   -4.3    0.4
    -6.694   122.223   -0.8   -4.2    0.4
    -6.631   122.223   -0.8   -4.0    0.4
    -6.568   122.223   -0.7   -3.8    0.4
    -6.505   122.223   -0.7   -3.7    0.4
    -6.442   122.223   -0.7   -3.5    0.4
    -6.380   122.223   -0.6   -3.4    0.4
    -6.317   122.223   -0.6   -3.3    0.4
    -6.254   122.223   -0.6   -3.2    0.4
    -6.191   122.223   -0.5   -3.0    0.4
    -6.128   122.223   -0.5   -2.9    0.4
    -6.065   122.223   -0.5   -2.8    0.4
    -6.002   122.223   -0.5   -2.7    0.4
    -5.940   122.223   -0.5   -2.6    0.4
    -5.877   122.223   -0.4   -2.5    0.4
    -5.814   122.223   -0.4   -2.5    0.3
    -5.751   122.223   -0.4   -2.4    0.3
    -5.688   122.223   -0.4   -2.3    0.3
    -5.625   122.223   -0.4   -2.2    0.3
    -5.562   122.223   -0.3   -2.2    0.3
    -5.500   122.223   -0.3   -2.1    0.3
    -5.437   122.223   -0.3   -2.0    0.3
    -5.374   122.223   -0.3   -2.0    0.3
    -5.311   122.223   -0.3   -1.9    0.3
    -5.248   122.223   -0.3   -1.8    0.3
    -5.185   122.223   -0.3   -1.8    0.3
    -5.123   122.223   -0.2   -1.7    0.3
   -11.408   122.287   -0.4    2.0    0.3
   -11.345   122.287   -0.5    2.1    0.3
   -11.282   122.287   -0.5    2.1    0.3
   -11.219   122.287   -0.5    2.2    0.3
   -11.156   122.287   -0.5    2.3    0.3
   -11.093   122.287   -0.6    2.3    0.3
   -11.031   122.287   -0.6    2.4    0.3
   -10.968   122.287   -0.6    2.5    0.3
   -10.905   122.287   -0.6    2.6    0.3
   -10.842   122.287   -0.7    2.6    0.3
   -10.779   122.287   -0.7    2.7    0.3
   -10.716   122.287   -0.7    2.8    0.3
   -10.653   122.287   -0.8    2.9    0.3
   -10.591   122.287   -0.8    3.0    0.3
   -10.528   122.287   -0.9    3.1    0.3
   -10.465   122.287   -0.9    3.2    0.3
   -10.402   122.287   -1.0    3.3    0.3
   -10.339   122.287   -1.0    3.4    0.3
   -10.276   122.287   -1.1    3.5    0.3
   -10.214   122.287   -1.1    3.6    0.3
   -10.151   122.287   -1.2    3.8    0.2
   -10.088   122.287   -1.2    3.9    0.2
   -10.025   122.287   -1.3    4.0    0.2
    -9.962   122.287   -1.3    4.1    0.2
    -9.899   122.287   -1.4    4.3    0.2
    -9.836   122.287   -1.4    4.4    0.1
    -9.774   122.287   -1.5    4.5    0.1
    -9.711   122.287   -1.6    4.6    0.0
    -9.648   122.287   -1.6    4.8   -0.0
    -9.585   122.287   -1.7    4.9   -0.1
    -9.522   122.287   -1.7    5.0   -0.1
    -9.459   122.287   -1.8    5.1   -0.2
    -9.396   122.287   -1.8    5.2   -0.3
    -9.334   122.287   -1.8    5.3   -0.4
    -9.271   122.287   -1.8    5.4   -0.5
    -9.208   122.287   -1.8    5.5   -0.6
    -9.145   122.287   -1.8    5.6   -0.8
    -9.082   122.287   -1.7    5.7   -0.9
    -9.019   122.287   -1.6    5.7   -1.1
    -8.956   122.287   -1.5    5.8   -1.3
    -8.894   122.287   -1.4    5.8   -1.5
    -8.831   122.287   -1.2    5.8   -1.8
    -8.768   122.287   -0.9    5.8   -2.0
    -8.705   122.287   -0.6    5.8   -2.3
    -8.642   122.287   -0.2    5.7   -2.6
    -8.579   122.287    0.4    5.7   -2.9
    -8.517   122.287    1.0    5.6   -3.2
    -8.454   122.287    1.8    5.6   -3.5
    -8.391   122.287    2.6    5.6   -3.6
    -8.328   122.287    3.5    5.5   -3.4
    -8.265   122.287    4.1    5.5   -2.5
    -8.202   122.287    4.6    6.0   -0.7
    -8.139   122.287    5.1    7.7    1.7
    -8.077   122.287    6.3   10.8    3.8
    -8.014   122.287    8.8   15.7    4.5
    -7.951   122.287   15.1   21.3    5.0
    -7.888   122.287   30.5   28.4   12.1
    -7.825   122.287    5.1    8.6    7.4
    -7.762   122.287   -0.5  -13.1   -1.8
    -7.699   122.287    0.4  -11.1   -1.0
    -7.637   122.287    0.4   -9.7   -0.6
    -7.574   122.287    0.2   -8.6   -0.4
    -7.511   122.287   -0.1   -7.8   -0.2
    -7.448   122.287   -0.3   -7.2   -0.1
    -7.385   122.287   -0.5   -6.6   -0.0
    -7.322   122.287   -0.6   -6.2    0.0
    -7.259   122.287   -0.7   -5.9    0.1
    -7.197   122.287   -0.8   -5.6    0.2
    -7.134   122.287   -0.8   -5.3    0.2
    -7.071   122.287   -0.9   -5.0    0.2
    -7.008   122.287   -0.9   -4.8    0.3
    -6.945   122.287   -0.9   -4.6    0.3
    -6.882   122.287   -0.8   -4.4    0.3
    -6.820   122.287   -0.8   -4.3    0.3
    -6.757   122.287   -0.8   -4.1    0.3
    -6.694   122.287   -0.8   -3.9    0.4
    -6.631   122.287   -0.7   -3.8    0.4
    -6.568   122.287   -0.7   -3.6    0.4
    -6.505   122.287   -0.7   -3.5    0.4
    -6.442   122.287   -0.7   -3.4    0.4
    -6.380   122.287   -0.6   -3.3    0.4
    -6.317   122.287   -0.6   -3.1    0.4
    -6.254   122.287   -0.6   -3.0    0.4
    -6.191   122.287   -0.6   -2.9    0.4
    -6.128   122.287   -0.5   -2.8    0.4
    -6.065   122.287   -0.5   -2.7    0.4
    -6.002   122.287   -0.5   -2.6    0.3
    -5.940   122.287   -0.5   -2.5    0.3
    -5.877   122.287   -0.4   -2.5    0.3
    -5.814   122.287   -0.4   -2.4    0.3
    -5.751   122.287   -0.4   -2.3    0.3
    -5.688   122.287   -0.4   -2.2    0.3
    -5.625   122.287   -0.4   -2.2    0.3
    -5.562   122.287   -0.3   -2.1    0.3
    -5.500   122.287   -0.3   -2.0    0.3
    -5.437   122.287   -0.3   -2.0    0.3
    -5.374   122.287   -0.3   -1.9    0.3
    -5.311   122.287   -0.3   -1.8    0.3
    -5.248   122.287   -0.3   -1.8    0.3
    -5.185   122.287   -0.3   -1.7    0.3
    -5.123   122.287   -0.3   -1.7    0.3
   -11.408   122.350   -0.5    1.9    0.3
   -11.345   122.350   -0.5    2.0    0.3
   -11.282   122.350   -0.5    2.1    0.3
   -11.219   122.350   -0.5    2.1    0.3
   -11.156   122.350   -0.5    2.2    0.3
   -11.093   122.350   -0.6    2.3    0.3
   -11.031   122.350   -0.6    2.3    0.3
   -10.968   122.350   -0.6    2.4    0.3
   -10.905   122.350   -0.6    2.5    0.3
   -10.842   122.350   -0.7    2.5    0.3
   -10.779   122.350   -0.7    2.6    0.3
   -10.716   122.350   -0.7    2.7    0.3
   -10.653   122.350   -0.8    2.8    0.3
   -10.591   122.350   -0.8    2.9    0.3
   -10.528   122.350   -0.9    3.0    0.3
   -10.465   122.350   -0.9    3.1    0.3
   -10.402   122.350   -0.9    3.2    0.3
   -10.339   122.350   -1.0    3.3    0.3
   -10.276   122.350   -1.0    3.4    0.2
   -10.214   122.350   -1.1    3.5    0.2
   -10.151   122.350   -1.1    3.6    0.2
   -10.088   122.350   -1.2    3.7    0.2
   -10.025   122.350   -1.2    3.8    0.2
    -9.962   122.350   -1.3    3.9    0.2
    -9.899   122.350   -1.3    4.0    0.1
    -9.836   122.350   -1.4    4.1    0.1
    -9.774   122.350   -1.4    4.2    0.1
    -9.711   122.350   -1.5    4.3    0.0
    -9.648   122.350   -1.5    4.4   -0.0
    -9.585   122.350   -1.6    4.5   -0.1
    -9.522   122.350   -1.6    4.6   -0.2
    -9.459   122.350   -1.6    4.7   -0.2
    -9.396   122.350   -1.7    4.8   -0.3
    -9.334   122.350   -1.7    4.8   -0.4
    -9.271   122.350   -1.7    4.9   -0.5
    -9.208   122.350   -1.6    5.0   -0.6
    -9.145   122.350   -1.6    5.0   -0.8
    -9.082   122.350   -1.5    5.1   -0.9
    -9.019   122.350   -1.4    5.1   -1.1
    -8.956   122.350   -1.3    5.1   -1.3
    -8.894   122.350   -1.2    5.1   -1.4
    -8.831   122.350   -1.0    5.1   -1.7
    -8.768   122.350   -0.7    5.1   -1.9
    -8.705   122.350   -0.4    5.1   -2.1
    -8.642   122.350   -0.0    5.1   -2.4
    -8.579   122.350    0.4    5.1   -2.7
    -8.517   122.350    1.0    5.2   -3.0
    -8.454   122.350    1.6    5.3   -3.2
    -8.391   122.350    2.2    5.4   -3.4
    -8.328   122.350    2.9    5.4   -3.4
    -8.265   122.350    3.4    5.3   -2.6
    -8.202   122.350    3.9    5.7   -0.7
    -8.139   122.350    4.2    7.1    1.8
    -8.077   122.350    4.7    9.8    3.8
    -8.014   122.350    6.4   13.4    4.7
    -7.951   122.350   11.7   18.3    6.0
    -7.888   122.350   24.3   24.7    9.4
    -7.825   122.350   35.8   34.2   19.1
    -7.762   122.350    0.1  -14.8   -1.6
    -7.699   122.350    0.8  -12.2   -0.8
    -7.637   122.350    0.6  -10.2   -0.5
    -7.574   122.350    0.3   -8.7   -0.3
    -7.511   122.350   -0.0   -7.7   -0.2
    -7.448   122.350   -0.3   -6.9   -0.1
    -7.385   122.350   -0.5   -6.3   -0.1
    -7.322   122.350   -0.6   -5.9    0.0
    -7.259   122.350   -0.7   -5.5    0.1
    -7.197   122.350   -0.8   -5.2    0.1
    -7.134   122.350   -0.8   -4.9    0.1
    -7.071   122.350   -0.8   -4.7    0.2
    -7.008   122.350   -0.8   -4.5    0.2
    -6.945   122.350   -0.8   -4.3    0.2
    -6.882   122.350   -0.8   -4.2    0.3
    -6.820   122.350   -0.8   -4.0    0.3
    -6.757   122.350   -0.8   -3.9    0.3
    -6.694   122.350   -0.8   -3.7    0.3
    -6.631   122.350   -0.7   -3.6    0.3
    -6.568   122.350   -0.7   -3.5    0.3
    -6.505   122.350   -0.7   -3.3    0.3
    -6.442   122.350   -0.7   -3.2    0.3
    -6.380   122.350   -0.6   -3.1    0.3
    -6.317   122.350   -0.6   -3.0    0.3
    -6.254   122.350   -0.6   -2.9    0.3
    -6.191   122.350   -0.6   -2.8    0.3
    -6.128   122.350   -0.5   -2.7    0.3
    -6.065   122.350   -0.5   -2.6    0.3
    -6.002   122.350   -0.5   -2.5    0.3
    -5.940   122.350   -0.5   -2.5    0.3
    -5.877   122.350   -0.4   -2.4    0.3
    -5.814   122.350   -0.4   -2.3    0.3
    -5.751   122.350   -0.4   -2.2    0.3
    -5.688   122.350   -0.4   -2.2    0.3
    -5.625   122.350   -0.4   -2.1    0.3
    -5.562   122.350   -0.4   -2.0    0.3
    -5.500   122.350   -0.3   -2.0    0.3
    -5.437   122.350   -0.3   -1.9    0.3
    -5.374   122.350   -0.3   -1.8    0.3
    -5.311   122.350   -0.3   -1.8    0.3
    -5.248   122.350   -0.3   -1.7    0.3
    -5.185   122.350   -0.3   -1.7    0.3
    -5.123   122.350   -0.3   -1.6    0.3
   -11.408   122.414   -0.5    1.9    0.2
   -11.345   122.414   -0.5    1.9    0.2
   -11.282   122.414   -0.5    2.0    0.3
   -11.219   122.414   -0.5    2.1    0.3
   -11.156   122.414   -0.5    2.1    0.3
   -11.093   122.414   -0.6    2.2    0.3
   -11.031   122.414   -0.6    2.2    0.3
   -10.968   122.414   -0.6    2.3    0.3
   -10.905   122.414   -0.6    2.4    0.3
   -10.842   122.414   -0.7    2.5    0.3
   -10.779   122.414   -0.7    2.5    0.3
   -10.716   122.414   -0.7    2.6    0.3
   -10.653   122.414   -0.8    2.7    0.3
   -10.591   122.414   -0.8    2.8    0.3
   -10.528   122.414   -0.8    2.8    0.2
   -10.465   122.414   -0.9    2.9    0.2
   -10.402   122.414   -0.9    3.0    0.2
   -10.339   122.414   -1.0    3.1    0.2
   -10.276   122.414   -1.0    3.2    0.2
   -10.214   122.414   -1.0    3.3    0.2
   -10.151   122.414   -1.1    3.4    0.2
   -10.088   122.414   -1.1    3.4    0.2
   -10.025   122.414   -1.2    3.5    0.1
    -9.962   122.414   -1.2    3.6    0.1
    -9.899   122.414   -1.3    3.7    0.1
    -9.836   122.414   -1.3    3.8    0.1
    -9.774   122.414   -1.4    3.9    0.0
    -9.711   122.414   -1.4    4.0   -0.0
    -9.648   122.414   -1.4    4.1   -0.1
    -9.585   122.414   -1.5    4.1   -0.1
    -9.522   122.414   -1.5    4.2   -0.2
    -9.459   122.414   -1.5    4.3   -0.3
    -9.396   122.414   -1.5    4.3   -0.3
    -9.334   122.414   -1.5    4.4   -0.4
    -9.271   122.414   -1.5    4.4   -0.5
    -9.208   122.414   -1.5    4.5   -0.6
    -9.145   122.414   -1.4    4.5   -0.8
    -9.082   122.414   -1.3    4.5   -0.9
    -9.019   122.414   -1.3    4.5   -1.0
    -8.956   122.414   -1.1    4.6   -1.2
    -8.894   122.414   -1.0    4.6   -1.4
    -8.831   122.414   -0.8    4.6   -1.6
    -8.768   122.414   -0.5    4.6   -1.8
    -8.705   122.414   -0.3    4.6   -2.0
    -8.642   122.414    0.1    4.6   -2.2
    -8.579   122.414    0.4    4.7   -2.5
    -8.517   122.414    0.9    4.8   -2.8
    -8.454   122.414    1.3    5.0   -3.1
    -8.391   122.414    1.8    5.2   -3.3
    -8.328   122.414    2.3    5.4   -3.4
    -8.265   122.414    2.7    5.3   -2.9
    -8.202   122.414    3.1    5.5   -1.2
    -8.139   122.414    3.3    6.5    1.3
    -8.077   122.414    3.4    8.5    3.5
    -8.014   122.414    4.3   10.9    5.4
    -7.951   122.414    7.9   14.8    7.8
    -7.888   122.414   17.1   20.7    9.7
    -7.825   122.414   22.6   31.0   27.0
    -7.762   122.414    1.8  -17.2   -1.7
    -7.699   122.414    1.2  -13.2   -0.7
    -7.637   122.414    0.7  -10.4   -0.4
    -7.574   122.414    0.3   -8.6   -0.3
    -7.511   122.414   -0.1   -7.4   -0.2
    -7.448   122.414   -0.3   -6.6   -0.2
    -7.385   122.414   -0.5   -5.9   -0.1
    -7.322   122.414   -0.6   -5.5   -0.1
    -7.259   122.414   -0.7   -5.1   -0.0
    -7.197   122.414   -0.7   -4.8    0.0
    -7.134   122.414   -0.8   -4.6    0.1
    -7.071   122.414   -0.8   -4.4    0.1
    -7.008   122.414   -0.8   -4.2    0.2
    -6.945   122.414   -0.8   -4.0    0.2
    -6.882   122.414   -0.8   -3.9    0.2
    -6.820   122.414   -0.8   -3.8    0.2
    -6.757   122.414   -0.8   -3.6    0.2
    -6.694   122.414   -0.7   -3.5    0.3
    -6.631   122.414   -0.7   -3.4    0.3
    -6.568   122.414   -0.7   -3.3    0.3
    -6.505   122.414   -0.7   -3.2    0.3
    -6.442   122.414   -0.6   -3.1    0.3
    -6.380   122.414   -0.6   -3.0    0.3
    -6.317   122.414   -0.6   -2.9    0.3
    -6.254   122.414   -0.6   -2.8    0.3
    -6.191   122.414   -0.6   -2.7    0.3
    -6.128   122.414   -0.5   -2.6    0.3
    -6.065   122.414   -0.5   -2.5    0.3
    -6.002   122.414   -0.5   -2.4    0.3
    -5.940   122.414   -0.5   -2.4    0.3
    -5.877   122.414   -0.4   -2.3    0.3
    -5.814   122.414   -0.4   -2.2    0.3
    -5.751   122.414   -0.4   -2.1    0.3
    -5.688   122.414   -0.4   -2.1    0.3
    -5.625   122.414   -0.4   -2.0    0.3
    -5.562   122.414   -0.4   -2.0    0.3
    -5.500   122.414   -0.3   -1.9    0.3
    -5.437   122.414   -0.3   -1.8    0.3
    -5.374   122.414   -0.3   -1.8    0.3
    -5.311   122.414   -0.3   -1.7    0.3
    -5.248   122.414   -0.3   -1.7    0.3
    -5.185   122.414   -0.3   -1.6    0.2
    -5.123   122.414   -0.3   -1.6    0.2
   -11.408   122.477   -0.5    1.8    0.2
   -11.345   122.477   -0.5    1.9    0.2
   -11.282   122.477   -0.5    1.9    0.2
   -11.219   122.477   -0.5    2.0    0.2
   -11.156   122.477   -0.5    2.1    0.2
   -11.093   122.477   -0.6    2.1    0.2
   -11.031   122.477   -0.6    2.2    0.2
   -10.968   122.477   -0.6    2.2    0.2
   -10.905   122.477   -0.6    2.3    0.2
   -10.842   122.477   -0.7    2.4    0.2
   -10.779   122.477   -0.7    2.4    0.2
   -10.716   122.477   -0.7    2.5    0.2
   -10.653   122.477   -0.8    2.6    0.2
   -10.591   122.477   -0.8    2.6    0.2
   -10.528   122.477   -0.8    2.7    0.2
   -10.465   122.477   -0.9    2.8    0.2
   -10.402   122.477   -0.9    2.9    0.2
   -10.339   122.477   -0.9    2.9    0.2
   -10.276   122.477   -1.0    3.0    0.2
   -10.214   122.477   -1.0    3.1    0.2
   -10.151   122.477   -1.1    3.2    0.2
   -10.088   122.477   -1.1    3.2    0.1
   -10.025   122.477   -1.1    3.3    0.1
    -9.962   122.477   -1.2    3.4    0.1
    -9.899   122.477   -1.2    3.5    0.1
    -9.836   122.477   -1.3    3.5    0.0
    -9.774   122.477   -1.3    3.6   -0.0
    -9.711   122.477   -1.3    3.7   -0.1
    -9.648   122.477   -1.3    3.7   -0.1
    -9.585   122.477   -1.4    3.8   -0.2
    -9.522   122.477   -1.4    3.9   -0.2
    -9.459   122.477   -1.4    3.9   -0.3
    -9.396   122.477   -1.4    4.0   -0.4
    -9.334   122.477   -1.4    4.0   -0.5
    -9.271   122.477   -1.4    4.0   -0.5
    -9.208   122.477   -1.3    4.0   -0.6
    -9.145   122.477   -1.3    4.1   -0.8
    -9.082   122.477   -1.2    4.1   -0.9
    -9.019   122.477   -1.1    4.1   -1.0
    -8.956   122.477   -1.0    4.1   -1.2
    -8.894   122.477   -0.8    4.1   -1.3
    -8.831   122.477   -0.6    4.1   -1.5
    -8.768   122.477   -0.4    4.1   -1.7
    -8.705   122.477   -0.2    4.1   -1.9
    -8.642   122.477    0.1    4.2   -2.1
    -8.579   122.477    0.4    4.3   -2.3
    -8.517   122.477    0.7    4.5   -2.6
    -8.454   122.477    1.0    4.8   -2.9
    -8.391   122.477    1.3    5.1   -3.2
    -8.328   122.477    1.7    5.3   -3.4
    -8.265   122.477    2.0    5.3   -3.1
    -8.202   122.477    2.4    5.3   -1.9
    -8.139   122.477    2.6    5.9    0.5
    -8.077   122.477    2.7    7.4    2.9
    -8.014   122.477    3.4    9.2    5.4
    -7.951   122.477    5.6   13.3    8.5
    -7.888   122.477    9.7   21.9    5.5
    -7.825   122.477   14.9   28.0   16.7
    -7.762   122.477    2.6  -13.4   -2.3
    -7.699   122.477    1.6  -13.6   -0.8
    -7.637   122.477    0.7  -10.2   -0.4
    -7.574   122.477    0.1   -8.2   -0.3
    -7.511   122.477   -0.2   -6.9   -0.3
    -7.448   122.477   -0.4   -6.1   -0.2
    -7.385   122.477   -0.5   -5.5   -0.2
    -7.322   122.477   -0.6   -5.0   -0.1
    -7.259   122.477   -0.6   -4.7   -0.1
    -7.197   122.477   -0.7   -4.5   -0.0
    -7.134   122.477   -0.7   -4.2    0.0
    -7.071   122.477   -0.7   -4.1    0.1
    -7.008   122.477   -0.8   -3.9    0.1
    -6.945   122.477   -0.8   -3.8    0.1
    -6.882   122.477   -0.8   -3.6    0.2
    -6.820   122.477   -0.7   -3.5    0.2
    -6.757   122.477   -0.7   -3.4    0.2
    -6.694   122.477   -0.7   -3.3    0.2
    -6.631   122.477   -0.7   -3.2    0.2
    -6.568   122.477   -0.7   -3.1    0.2
    -6.505   122.477   -0.7   -3.0    0.2
    -6.442   122.477   -0.6   -2.9    0.3
    -6.380   122.477   -0.6   -2.8    0.3
    -6.317   122.477   -0.6   -2.7    0.3
    -6.254   122.477   -0.6   -2.6    0.3
    -6.191   122.477   -0.6   -2.6    0.3
    -6.128   122.477   -0.5   -2.5    0.3
    -6.065   122.477   -0.5   -2.4    0.3
    -6.002   122.477   -0.5   -2.3    0.3
    -5.940   122.477   -0.5   -2.3    0.3
    -5.877   122.477   -0.4   -2.2    0.3
    -5.814   122.477   -0.4   -2.1    0.3
    -5.751   122.477   -0.4   -2.1    0.3
    -5.688   122.477   -0.4   -2.0    0.3
    -5.625   122.477   -0.4   -2.0    0.3
    -5.562   122.477   -0.4   -1.9    0.3
    -5.500   122.477   -0.4   -1.8    0.3
    -5.437   122.477   -0.3   -1.8    0.3
    -5.374   122.477   -0.3   -1.7    0.2
    -5.311   122.477   -0.3   -1.7    0.2
    -5.248   122.477   -0.3   -1.6    0.2
    -5.185   122.477   -0.3   -1.6    0.2
    -5.123   122.477   -0.3   -1.6    0.2
   -11.408   122.541   -0.5    1.8    0.2
   -11.345   122.541   -0.5    1.8    0.2
   -11.282   122.541   -0.5    1.9    0.2
   -11.219   122.541   -0.5    1.9    0.2
   -11.156   122.541   -0.5    2.0    0.2
   -11.093   122.541   -0.6    2.0    0.2
   -11.031   122.541   -0.6    2.1    0.2
   -10.968   122.541   -0.6    2.1    0.2
   -10.905   122.541   -0.6    2.2    0.2
   -10.842   122.541   -0.7    2.3    0.2
   -10.779   122.541   -0.7    2.3    0.2
   -10.716   122.541   -0.7    2.4    0.2
   -10.653   122.541   -0.8    2.4    0.2
   -10.591   122.541   -0.8    2.5    0.2
   -10.528   122.541   -0.8    2.6    0.2
   -10.465   122.541   -0.8    2.6    0.2
   -10.402   122.541   -0.9    2.7    0.2
   -10.339   122.541   -0.9    2.8    0.2
   -10.276   122.541   -1.0    2.8    0.2
   -10.214   122.541   -1.0    2.9    0.1
   -10.151   122.541   -1.0    3.0    0.1
   -10.088   122.541   -1.1    3.0    0.1
   -10.025   122.541   -1.1    3.1    0.1
    -9.962   122.541   -1.1    3.2    0.1
    -9.899   122.541   -1.2    3.2    0.0
    -9.836   122.541   -1.2    3.3   -0.0
    -9.774   122.541   -1.2    3.4   -0.0
    -9.711   122.541   -1.2    3.4   -0.1
    -9.648   122.541   -1.3    3.5   -0.1
    -9.585   122.541   -1.3    3.5   -0.2
    -9.522   122.541   -1.3    3.5   -0.2
    -9.459   122.541   -1.3    3.6   -0.3
    -9.396   122.541   -1.3    3.6   -0.4
    -9.334   122.541   -1.3    3.6   -0.5
    -9.271   122.541   -1.2    3.6   -0.6
    -9.208   122.541   -1.2    3.7   -0.6
    -9.145   122.541   -1.1    3.7   -0.8
    -9.082   122.541   -1.0    3.7   -0.9
    -9.019   122.541   -1.0    3.7   -1.0
    -8.956   122.541   -0.8    3.6   -1.1
    -8.894   122.541   -0.7    3.6   -1.3
    -8.831   122.541   -0.5    3.7   -1.4
    -8.768   122.541   -0.4    3.7   -1.6
    -8.705   122.541   -0.2    3.7   -1.8
    -8.642   122.541    0.0    3.8   -2.0
    -8.579   122.541    0.3    4.0   -2.2
    -8.517   122.541    0.5    4.2   -2.4
    -8.454   122.541    0.7    4.5   -2.7
    -8.391   122.541    0.9    4.8   -3.1
    -8.328   122.541    1.1    5.0   -3.4
    -8.265   122.541    1.3    5.1   -3.3
    -8.202   122.541    1.7    5.1   -2.5
    -8.139   122.541    2.0    5.5   -0.6
    -8.077   122.541    2.2    6.6    1.7
    -8.014   122.541    2.8    8.1    4.0
    -7.951   122.541    3.8   11.3    7.2
    -7.888   122.541    4.9   18.8    5.6
    -7.825   122.541   10.8   23.0    8.1
    -7.762   122.541   13.5   36.0   27.7
    -7.699   122.541    1.7  -13.2   -0.9
    -7.637   122.541    0.3   -9.1   -0.6
    -7.574   122.541   -0.1   -7.2   -0.5
    -7.511   122.541   -0.3   -6.1   -0.4
    -7.448   122.541   -0.4   -5.4   -0.3
    -7.385   122.541   -0.5   -4.9   -0.3
    -7.322   122.541   -0.6   -4.6   -0.2
    -7.259   122.541   -0.6   -4.3   -0.1
    -7.197   122.541   -0.7   -4.1   -0.1
    -7.134   122.541   -0.7   -3.9   -0.0
    -7.071   122.541   -0.7   -3.7   -0.0
    -7.008   122.541   -0.7   -3.6    0.0
    -6.945   122.541   -0.7   -3.5    0.1
    -6.882   122.541   -0.7   -3.4    0.1
    -6.820   122.541   -0.7   -3.3    0.1
    -6.757   122.541   -0.7   -3.2    0.1
    -6.694   122.541   -0.7   -3.1    0.2
    -6.631   122.541   -0.7   -3.0    0.2
    -6.568   122.541   -0.7   -2.9    0.2
    -6.505   122.541   -0.6   -2.8    0.2
    -6.442   122.541   -0.6   -2.7    0.2
    -6.380   122.541   -0.6   -2.7    0.2
    -6.317   122.541   -0.6   -2.6    0.2
    -6.254   122.541   -0.6   -2.5    0.2
    -6.191   122.541   -0.5   -2.4    0.2
    -6.128   122.541   -0.5   -2.4    0.2
    -6.065   122.541   -0.5   -2.3    0.3
    -6.002   122.541   -0.5   -2.2    0.3
    -5.940   122.541   -0.5   -2.2    0.3
    -5.877   122.541   -0.4   -2.1    0.3
    -5.814   122.541   -0.4   -2.1    0.3
    -5.751   122.541   -0.4   -2.0    0.2
    -5.688   122.541   -0.4   -1.9    0.2
    -5.625   122.541   -0.4   -1.9    0.2
    -5.562   122.541   -0.4   -1.8    0.2
    -5.500   122.541   -0.4   -1.8    0.2
    -5.437   122.541   -0.3   -1.7    0.2
    -5.374   122.541   -0.3   -1.7    0.2
    -5.311   122.541   -0.3   -1.6    0.2
    -5.248   122.541   -0.3   -1.6    0.2
    -5.185   122.541   -0.3   -1.6    0.2
    -5.123   122.541   -0.3   -1.5    0.2
   -11.408   122.604   -0.5    1.7    0.2
   -11.345   122.604   -0.5    1.8    0.2
   -11.282   122.604   -0.5    1.8    0.2
   -11.219   122.604   -0.5    1.9    0.2
   -11.156   122.604   -0.5    1.9    0.2
   -11.093   122.604   -0.6    2.0    0.2
   -11.031   122.604   -0.6    2.0    0.2
   -10.968   122.604   -0.6    2.1    0.2
   -10.905   122.604   -0.6    2.1    0.2
   -10.842   122.604   -0.7    2.2    0.2
   -10.779   122.604   -0.7    2.2    0.2
   -10.716   122.604   -0.7    2.3    0.2
   -10.653   122.604   -0.7    2.3    0.2
   -10.591   122.604   -0.8    2.4    0.2
   -10.528   122.604   -0.8    2.5    0.2
   -10.465   122.604   -0.8    2.5    0.2
   -10.402   122.604   -0.9    2.6    0.2
   -10.339   122.604   -0.9    2.6    0.1
   -10.276   122.604   -0.9    2.7    0.1
   -10.214   122.604   -1.0    2.7    0.1
   -10.151   122.604   -1.0    2.8    0.1
   -10.088   122.604   -1.0    2.9    0.1
   -10.025   122.604   -1.0    2.9    0.1
    -9.962   122.604   -1.1    3.0    0.0
    -9.899   122.604   -1.1    3.0   -0.0
    -9.836   122.604   -1.1    3.1   -0.0
    -9.774   122.604   -1.1    3.1   -0.1
    -9.711   122.604   -1.2    3.2   -0.1
    -9.648   122.604   -1.2    3.2   -0.2
    -9.585   122.604   -1.2    3.2   -0.2
    -9.522   122.604   -1.2    3.2   -0.3
    -9.459   122.604   -1.2    3.3   -0.3
    -9.396   122.604   -1.2    3.3   -0.4
    -9.334   122.604   -1.1    3.3   -0.5
    -9.271   122.604   -1.1    3.3   -0.6
    -9.208   122.604   -1.1    3.3   -0.6
    -9.145   122.604   -1.0    3.3   -0.7
    -9.082   122.604   -0.9    3.3   -0.8
    -9.019   122.604   -0.8    3.3   -1.0
    -8.956   122.604   -0.7    3.3   -1.1
    -8.894   122.604   -0.6    3.3   -1.2
    -8.831   122.604   -0.5    3.3   -1.3
    -8.768   122.604   -0.3    3.3   -1.5
    -8.705   122.604   -0.2    3.4   -1.7
    -8.642   122.604    0.0    3.5   -1.8
    -8.579   122.604    0.2    3.6   -2.0
    -8.517   122.604    0.3    3.8   -2.3
    -8.454   122.604    0.4    4.1   -2.6
    -8.391   122.604    0.5    4.4   -2.9
    -8.328   122.604    0.6    4.6   -3.2
    -8.265   122.604    0.7    4.8   -3.4
    -8.202   122.604    1.0    4.7   -2.9
    -8.139   122.604    1.3    4.9   -1.6
    -8.077   122.604    1.7    5.6    0.2
    -8.014   122.604    2.3    6.5    1.9
    -7.951   122.604    3.3    7.9    4.5
    -7.888   122.604    3.8   11.5    5.0
    -7.825   122.604    5.9   12.3    3.6
    -7.762   122.604   16.6   13.2   15.6
    -7.699   122.604    1.0   -6.9   -1.5
    -7.637   122.604    0.1   -6.4   -1.0
    -7.574   122.604   -0.2   -5.6   -0.7
    -7.511   122.604   -0.3   -5.0   -0.6
    -7.448   122.604   -0.4   -4.6   -0.5
    -7.385   122.604   -0.5   -4.3   -0.4
    -7.322   122.604   -0.5   -4.0   -0.3
    -7.259   122.604   -0.6   -3.8   -0.2
    -7.197   122.604   -0.6   -3.7   -0.2
    -7.134   122.604   -0.7   -3.5   -0.1
    -7.071   122.604   -0.7   -3.4   -0.1
    -7.008   122.604   -0.7   -3.3   -0.0
    -6.945   122.604   -0.7   -3.2    0.0
    -6.882   122.604   -0.7   -3.1    0.1
    -6.820   122.604   -0.7   -3.0    0.1
    -6.757   122.604   -0.7   -2.9    0.1
    -6.694   122.604   -0.7   -2.9    0.1
    -6.631   122.604   -0.7   -2.8    0.1
    -6.568   122.604   -0.6   -2.7    0.2
    -6.505   122.604   -0.6   -2.6    0.2
    -6.442   122.604   -0.6   -2.6    0.2
    -6.380   122.604   -0.6   -2.5    0.2
    -6.317   122.604   -0.6   -2.4    0.2
    -6.254   122.604   -0.6   -2.4    0.2
    -6.191   122.604   -0.5   -2.3    0.2
    -6.128   122.604   -0.5   -2.3    0.2
    -6.065   122.604   -0.5   -2.2    0.2
    -6.002   122.604   -0.5   -2.1    0.2
    -5.940   122.604   -0.5   -2.1    0.2
    -5.877   122.604   -0.4   -2.0    0.2
    -5.814   122.604   -0.4   -2.0    0.2
    -5.751   122.604   -0.4   -1.9    0.2
    -5.688   122.604   -0.4   -1.9    0.2
    -5.625   122.604   -0.4   -1.8    0.2
    -5.562   122.604   -0.4   -1.8    0.2
    -5.500   122.604   -0.4   -1.7    0.2
    -5.437   122.604   -0.3   -1.7    0.2
    -5.374   122.604   -0.3   -1.6    0.2
    -5.311   122.604   -0.3   -1.6    0.2
    -5.248   122.604   -0.3   -1.6    0.2
    -5.185   122.604   -0.3   -1.5    0.2
    -5.123   122.604   -0.3   -1.5    0.2
   -11.408   122.668   -0.5    1.7    0.2
   -11.345   122.668   -0.5    1.7    0.2
   -11.282   122.668   -0.5    1.8    0.2
   -11.219   122.668   -0.5    1.8    0.2
   -11.156   122.668   -0.5    1.8    0.2
   -11.093   122.668   -0.6    1.9    0.2
   -11.031   122.668   -0.6    1.9    0.2
   -10.968   122.668   -0.6    2.0    0.2
   -10.905   122.668   -0.6    2.0    0.2
   -10.842   122.668   -0.6    2.1    0.2
   -10.779   122.668   -0.7    2.1    0.2
   -10.716   122.668   -0.7    2.2    0.2
   -10.653   122.668   -0.7    2.2    0.2
   -10.591   122.668   -0.8    2.3    0.2
   -10.528   122.668   -0.8    2.3    0.2
   -10.465   122.668   -0.8    2.4    0.2
   -10.402   122.668   -0.8    2.4    0.1
   -10.339   122.668   -0.9    2.5    0.1
   -10.276   122.668   -0.9    2.5    0.1
   -10.214   122.668   -0.9    2.6    0.1
   -10.151   122.668   -0.9    2.6    0.1
   -10.088   122.668   -1.0    2.7    0.1
   -10.025   122.668   -1.0    2.7    0.0
    -9.962   122.668   -1.0    2.8    0.0
    -9.899   122.668   -1.0    2.8   -0.0
    -9.836   122.668   -1.1    2.8   -0.1
    -9.774   122.668   -1.1    2.9   -0.1
    -9.711   122.668   -1.1    2.9   -0.1
    -9.648   122.668   -1.1    2.9   -0.2
    -9.585   122.668   -1.1    3.0   -0.2
    -9.522   122.668   -1.1    3.0   -0.3
    -9.459   122.668   -1.1    3.0   -0.3
    -9.396   122.668   -1.1    3.0   -0.4
    -9.334   122.668   -1.0    3.0   -0.5
    -9.271   122.668   -1.0    3.0   -0.6
    -9.208   122.668   -0.9    3.0   -0.6
    -9.145   122.668   -0.9    3.0   -0.7
    -9.082   122.668   -0.8    3.0   -0.8
    -9.019   122.668   -0.7    3.0   -0.9
    -8.956   122.668   -0.6    2.9   -1.0
    -8.894   122.668   -0.5    2.9   -1.2
    -8.831   122.668   -0.4    3.0   -1.3
    -8.768   122.668   -0.3    3.0   -1.4
    -8.705   122.668   -0.1    3.0   -1.6
    -8.642   122.668   -0.0    3.1   -1.7
    -8.579   122.668    0.1    3.2   -1.9
    -8.517   122.668    0.2    3.4   -2.1
    -8.454   122.668    0.2    3.6   -2.4
    -8.391   122.668    0.2    3.9   -2.7
    -8.328   122.668    0.2    4.1   -3.0
    -8.265   122.668    0.2    4.2   -3.2
    -8.202   122.668    0.4    4.1   -3.1
    -8.139   122.668    0.7    4.0   -2.4
    -8.077   122.668    1.2    4.2   -1.2
    -8.014   122.668    1.9    4.5   -0.2
    -7.951   122.668    3.2    4.4    1.0
    -7.888   122.668    4.4    4.5    1.5
    -7.825   122.668    5.7    2.8    0.1
    -7.762   122.668    6.0    0.7   -1.4
    -7.699   122.668    2.0   -2.2   -1.8
    -7.637   122.668    0.4   -3.7   -1.3
    -7.574   122.668   -0.0   -4.0   -1.0
    -7.511   122.668   -0.2   -3.9   -0.7
    -7.448   122.668   -0.4   -3.8   -0.6
    -7.385   122.668   -0.4   -3.6   -0.5
    -7.322   122.668   -0.5   -3.5   -0.4
    -7.259   122.668   -0.5   -3.4   -0.3
    -7.197   122.668   -0.6   -3.3   -0.2
    -7.134   122.668   -0.6   -3.2   -0.2
    -7.071   122.668   -0.6   -3.1   -0.1
    -7.008   122.668   -0.6   -3.0   -0.1
    -6.945   122.668   -0.7   -2.9   -0.0
    -6.882   122.668   -0.7   -2.9    0.0
    -6.820   122.668   -0.7   -2.8    0.0
    -6.757   122.668   -0.6   -2.7    0.1
    -6.694   122.668   -0.6   -2.7    0.1
    -6.631   122.668   -0.6   -2.6    0.1
    -6.568   122.668   -0.6   -2.5    0.1
    -6.505   122.668   -0.6   -2.5    0.1
    -6.442   122.668   -0.6   -2.4    0.2
    -6.380   122.668   -0.6   -2.4    0.2
    -6.317   122.668   -0.6   -2.3    0.2
    -6.254   122.668   -0.5   -2.3    0.2
    -6.191   122.668   -0.5   -2.2    0.2
    -6.128   122.668   -0.5   -2.1    0.2
    -6.065   122.668   -0.5   -2.1    0.2
    -6.002   122.668   -0.5   -2.0    0.2
    -5.940   122.668   -0.5   -2.0    0.2
    -5.877   122.668   -0.4   -1.9    0.2
    -5.814   122.668   -0.4   -1.9    0.2
    -5.751   122.668   -0.4   -1.8    0.2
    -5.688   122.668   -0.4   -1.8    0.2
    -5.625   122.668   -0.4   -1.8    0.2
    -5.562   122.668   -0.4   -1.7    0.2
    -5.500   122.668   -0.4   -1.7    0.2
    -5.437   122.668   -0.3   -1.6    0.2
    -5.374   122.668   -0.3   -1.6    0.2
    -5.311   122.668   -0.3   -1.5    0.2
    -5.248   122.668   -0.3   -1.5    0.2
    -5.185   122.668   -0.3   -1.5    0.2
    -5.123   122.668   -0.3   -1.4    0.2
   -11.408   122.731   -0.5    1.6    0.2
   -11.345   122.731   -0.5    1.7    0.2
   -11.282   122.731   -0.5    1.7    0.2
   -11.219   122.731   -0.5    1.7    0.2
   -11.156   122.731   -0.5    1.8    0.2
   -11.093   122.731   -0.6    1.8    0.2
   -11.031   122.731   -0.6    1.9    0.2
   -10.968   122.731   -0.6    1.9    0.2
   -10.905   122.731   -0.6    1.9    0.2
   -10.842   122.731   -0.6    2.0    0.2
   -10.779   122.731   -0.7    2.0    0.2
   -10.716   122.731   -0.7    2.1    0.2
   -10.653   122.731   -0.7    2.1    0.2
   -10.591   122.731   -0.7    2.2    0.1
   -10.528   122.731   -0.8    2.2    0.1
   -10.465   122.731   -0.8    2.3    0.1
   -10.402   122.731   -0.8    2.3    0.1
   -10.339   122.731   -0.8    2.3    0.1
   -10.276   122.731   -0.9    2.4    0.1
   -10.214   122.731   -0.9    2.4    0.1
   -10.151   122.731   -0.9    2.5    0.1
   -10.088   122.731   -0.9    2.5    0.0
   -10.025   122.731   -0.9    2.6    0.0
    -9.962   122.731   -1.0    2.6   -0.0
    -9.899   122.731   -1.0    2.6   -0.0
    -9.836   122.731   -1.0    2.6   -0.1
    -9.774   122.731   -1.0    2.7   -0.1
    -9.711   122.731   -1.0    2.7   -0.2
    -9.648   122.731   -1.0    2.7   -0.2
    -9.585   122.731   -1.0    2.7   -0.3
    -9.522   122.731   -1.0    2.7   -0.3
    -9.459   122.731   -1.0    2.7   -0.4
    -9.396   122.731   -1.0    2.7   -0.4
    -9.334   122.731   -0.9    2.7   -0.5
    -9.271   122.731   -0.9    2.7   -0.6
    -9.208   122.731   -0.9    2.7   -0.6
    -9.145   122.731   -0.8    2.7   -0.7
    -9.082   122.731   -0.7    2.7   -0.8
    -9.019   122.731   -0.6    2.7   -0.9
    -8.956   122.731   -0.6    2.7   -1.0
    -8.894   122.731   -0.5    2.6   -1.1
    -8.831   122.731   -0.4    2.6   -1.2
    -8.768   122.731   -0.2    2.7   -1.3
    -8.705   122.731   -0.1    2.7   -1.5
    -8.642   122.731   -0.1    2.8   -1.6
    -8.579   122.731    0.0    2.8   -1.8
    -8.517   122.731    0.1    3.0   -2.0
    -8.454   122.731    0.1    3.1   -2.2
    -8.391   122.731    0.0    3.3   -2.4
    -8.328   122.731   -0.0    3.4   -2.7
    -8.265   122.731   -0.1    3.4   -2.9
    -8.202   122.731    0.0    3.3   -3.0
    -8.139   122.731    0.3    3.0   -2.6
    -8.077   122.731    0.9    2.8   -2.0
    -8.014   122.731    1.6    2.6   -1.4
    -7.951   122.731    2.6    2.1   -1.1
    -7.888   122.731    3.6    1.5   -1.0
    -7.825   122.731    4.0    0.7   -1.5
    -7.762   122.731    3.4   -0.2   -1.9
    -7.699   122.731    2.0   -1.3   -1.8
    -7.637   122.731    0.8   -2.2   -1.4
    -7.574   122.731    0.2   -2.8   -1.1
    -7.511   122.731   -0.1   -3.0   -0.9
    -7.448   122.731   -0.2   -3.0   -0.7
    -7.385   122.731   -0.3   -3.0   -0.6
    -7.322   122.731   -0.4   -3.0   -0.5
    -7.259   122.731   -0.5   -2.9   -0.4
    -7.197   122.731   -0.5   -2.9   -0.3
    -7.134   122.731   -0.6   -2.8   -0.2
    -7.071   122.731   -0.6   -2.8   -0.2
    -7.008   122.731   -0.6   -2.7   -0.1
    -6.945   122.731   -0.6   -2.7   -0.1
    -6.882   122.731   -0.6   -2.6   -0.0
    -6.820   122.731   -0.6   -2.6   -0.0
    -6.757   122.731   -0.6   -2.5    0.0
    -6.694   122.731   -0.6   -2.5    0.0
    -6.631   122.731   -0.6   -2.4    0.1
    -6.568   122.731   -0.6   -2.4    0.1
    -6.505   122.731   -0.6   -2.3    0.1
    -6.442   122.731   -0.6   -2.3    0.1
    -6.380   122.731   -0.6   -2.2    0.1
    -6.317   122.731   -0.5   -2.2    0.1
    -6.254   122.731   -0.5   -2.1    0.2
    -6.191   122.731   -0.5   -2.1    0.2
    -6.128   122.731   -0.5   -2.0    0.2
    -6.065   122.731   -0.5   -2.0    0.2
    -6.002   122.731   -0.5   -1.9    0.2
    -5.940   122.731   -0.5   -1.9    0.2
    -5.877   122.731   -0.4   -1.9    0.2
    -5.814   122.731   -0.4   -1.8    0.2
    -5.751   122.731   -0.4   -1.8    0.2
    -5.688   122.731   -0.4   -1.7    0.2
    -5.625   122.731   -0.4   -1.7    0.2
    -5.562   122.731   -0.4   -1.6    0.2
    -5.500   122.731   -0.4   -1.6    0.2
    -5.437   122.731   -0.3   -1.6    0.2
    -5.374   122.731   -0.3   -1.5    0.2
    -5.311   122.731   -0.3   -1.5    0.2
    -5.248   122.731   -0.3   -1.5    0.2
    -5.185   122.731   -0.3   -1.4    0.2
    -5.123   122.731   -0.3   -1.4    0.2
   -11.408   122.795   -0.5    1.6    0.2
   -11.345   122.795   -0.5    1.6    0.2
   -11.282   122.795   -0.5    1.6    0.2
   -11.219   122.795   -0.5    1.7    0.2
   -11.156   122.795   -0.5    1.7    0.2
   -11.093   122.795   -0.5    1.7    0.2
   -11.031   122.795   -0.6    1.8    0.2
   -10.968   122.795   -0.6    1.8    0.2
   -10.905   122.795   -0.6    1.9    0.2
   -10.842   122.795   -0.6    1.9    0.2
   -10.779   122.795   -0.6    1.9    0.2
   -10.716   122.795   -0.7    2.0    0.1
   -10.653   122.795   -0.7    2.0    0.1
   -10.591   122.795   -0.7    2.1    0.1
   -10.528   122.795   -0.7    2.1    0.1
   -10.465   122.795   -0.8    2.1    0.1
   -10.402   122.795   -0.8    2.2    0.1
   -10.339   122.795   -0.8    2.2    0.1
   -10.276   122.795   -0.8    2.3    0.1
   -10.214   122.795   -0.8    2.3    0.1
   -10.151   122.795   -0.9    2.3    0.0
   -10.088   122.795   -0.9    2.4    0.0
   -10.025   122.795   -0.9    2.4   -0.0
    -9.962   122.795   -0.9    2.4   -0.0
    -9.899   122.795   -0.9    2.4   -0.1
    -9.836   122.795   -0.9    2.5   -0.1
    -9.774   122.795   -0.9    2.5   -0.1
    -9.711   122.795   -0.9    2.5   -0.2
    -9.648   122.795   -0.9    2.5   -0.2
    -9.585   122.795   -0.9    2.5   -0.3
    -9.522   122.795   -0.9    2.5   -0.3
    -9.459   122.795   -0.9    2.5   -0.4
    -9.396   122.795   -0.9    2.5   -0.4
    -9.334   122.795   -0.9    2.5   -0.5
    -9.271   122.795   -0.8    2.5   -0.6
    -9.208   122.795   -0.8    2.5   -0.6
    -9.145   122.795   -0.7    2.4   -0.7
    -9.082   122.795   -0.6    2.4   -0.8
    -9.019   122.795   -0.6    2.4   -0.9
    -8.956   122.795   -0.5    2.4   -1.0
    -8.894   122.795   -0.4    2.4   -1.1
    -8.831   122.795   -0.3    2.4   -1.2
    -8.768   122.795   -0.2    2.4   -1.3
    -8.705   122.795   -0.1    2.4   -1.4
    -8.642   122.795   -0.1    2.4   -1.5
    -8.579   122.795   -0.0    2.5   -1.6
    -8.517   122.795    0.0    2.6   -1.8
    -8.454   122.795    0.0    2.6   -2.0
    -8.391   122.795   -0.0    2.7   -2.2
    -8.328   122.795   -0.1    2.7   -2.4
    -8.265   122.795   -0.1    2.7   -2.6
    -8.202   122.795   -0.1    2.4   -2.6
    -8.139   122.795    0.2    2.1   -2.5
    -8.077   122.795    0.7    1.7   -2.2
    -8.014   122.795    1.4    1.3   -1.9
    -7.951   122.795    2.1    0.9   -1.7
    -7.888   122.795    2.7    0.5   -1.7
    -7.825   122.795    2.8    0.0   -1.8
    -7.762   122.795    2.4   -0.4   -1.8
    -7.699   122.795    1.7   -1.0   -1.7
    -7.637   122.795    0.9   -1.6   -1.4
    -7.574   122.795    0.4   -2.0   -1.2
    -7.511   122.795    0.1   -2.3   -0.9
    -7.448   122.795   -0.1   -2.4   -0.8
    -7.385   122.795   -0.2   -2.5   -0.6
    -7.322   122.795   -0.3   -2.5   -0.5
    -7.259   122.795   -0.4   -2.6   -0.4
    -7.197   122.795   -0.5   -2.5   -0.3
    -7.134   122.795   -0.5   -2.5   -0.3
    -7.071   122.795   -0.5   -2.5   -0.2
    -7.008   122.795   -0.5   -2.5   -0.2
    -6.945   122.795   -0.6   -2.4   -0.1
    -6.882   122.795   -0.6   -2.4   -0.1
    -6.820   122.795   -0.6   -2.4   -0.0
    -6.757   122.795   -0.6   -2.3   -0.0
    -6.694   122.795   -0.6   -2.3    0.0
    -6.631   122.795   -0.6   -2.3    0.0
    -6.568   122.795   -0.6   -2.2    0.1
    -6.505   122.795   -0.6   -2.2    0.1
    -6.442   122.795   -0.5   -2.1    0.1
    -6.380   122.795   -0.5   -2.1    0.1
    -6.317   122.795   -0.5   -2.1    0.1
    -6.254   122.795   -0.5   -2.0    0.1
    -6.191   122.795   -0.5   -2.0    0.1
    -6.128   122.795   -0.5   -1.9    0.1
    -6.065   122.795   -0.5   -1.9    0.2
    -6.002   122.795   -0.5   -1.9    0.2
    -5.940   122.795   -0.4   -1.8    0.2
    -5.877   122.795   -0.4   -1.8    0.2
    -5.814   122.795   -0.4   -1.7    0.2
    -5.751   122.795   -0.4   -1.7    0.2
    -5.688   122.795   -0.4   -1.7    0.2
    -5.625   122.795   -0.4   -1.6    0.2
    -5.562   122.795   -0.4   -1.6    0.2
    -5.500   122.795   -0.4   -1.5    0.2
    -5.437   122.795   -0.3   -1.5    0.2
    -5.374   122.795   -0.3   -1.5    0.2
    -5.311   122.795   -0.3   -1.4    0.2
    -5.248   122.795   -0.3   -1.4    0.2
    -5.185   122.795   -0.3   -1.4    0.2
    -5.123   122.795   -0.3   -1.3    0.2
   -11.408   122.858   -0.5    1.5    0.2
   -11.345   122.858   -0.5    1.5    0.2
   -11.282   122.858   -0.5    1.6    0.2
   -11.219   122.858   -0.5    1.6    0.2
   -11.156   122.858   -0.5    1.6    0.2
   -11.093   122.858   -0.5    1.7    0.2
   -11.031   122.858   -0.6    1.7    0.2
   -10.968   122.858   -0.6    1.8    0.2
   -10.905   122.858   -0.6    1.8    0.1
   -10.842   122.858   -0.6    1.8    0.1
   -10.779   122.858   -0.6    1.9    0.1
   -10.716   122.858   -0.7    1.9    0.1
   -10.653   122.858   -0.7    1.9    0.1
   -10.591   122.858   -0.7    2.0    0.1
   -10.528   122.858   -0.7    2.0    0.1
   -10.465   122.858   -0.7    2.0    0.1
   -10.402   122.858   -0.8    2.1    0.1
   -10.339   122.858   -0.8    2.1    0.1
   -10.276   122.858   -0.8    2.1    0.0
   -10.214   122.858   -0.8    2.2    0.0
   -10.151   122.858   -0.8    2.2    0.0
   -10.088   122.858   -0.8    2.2   -0.0
   -10.025   122.858   -0.9    2.2   -0.0
    -9.962   122.858   -0.9    2.3   -0.1
    -9.899   122.858   -0.9    2.3   -0.1
    -9.836   122.858   -0.9    2.3   -0.1
    -9.774   122.858   -0.9    2.3   -0.2
    -9.711   122.858   -0.9    2.3   -0.2
    -9.648   122.858   -0.9    2.3   -0.2
    -9.585   122.858   -0.9    2.3   -0.3
    -9.522   122.858   -0.9    2.3   -0.3
    -9.459   122.858   -0.8    2.3   -0.4
    -9.396   122.858   -0.8    2.3   -0.4
    -9.334   122.858   -0.8    2.3   -0.5
    -9.271   122.858   -0.7    2.3   -0.6
    -9.208   122.858   -0.7    2.2   -0.6
    -9.145   122.858   -0.6    2.2   -0.7
    -9.082   122.858   -0.6    2.2   -0.8
    -9.019   122.858   -0.5    2.2   -0.9
    -8.956   122.858   -0.4    2.1   -0.9
    -8.894   122.858   -0.3    2.1   -1.0
    -8.831   122.858   -0.3    2.1   -1.1
    -8.768   122.858   -0.2    2.1   -1.2
    -8.705   122.858   -0.1    2.1   -1.3
    -8.642   122.858   -0.1    2.1   -1.4
    -8.579   122.858   -0.0    2.1   -1.5
    -8.517   122.858   -0.0    2.2   -1.7
    -8.454   122.858   -0.0    2.2   -1.8
    -8.391   122.858   -0.0    2.2   -1.9
    -8.328   122.858   -0.1    2.1   -2.1
    -8.265   122.858   -0.1    2.0   -2.2
    -8.202   122.858    0.0    1.7   -2.3
    -8.139   122.858    0.3    1.4   -2.2
    -8.077   122.858    0.7    1.0   -2.1
    -8.014   122.858    1.2    0.7   -2.0
    -7.951   122.858    1.7    0.3   -1.8
    -7.888   122.858    2.1    0.1   -1.8
    -7.825   122.858    2.1   -0.2   -1.8
    -7.762   122.858    1.9   -0.5   -1.7
    -7.699   122.858    1.4   -0.8   -1.6
    -7.637   122.858    0.9   -1.2   -1.4
    -7.574   122.858    0.5   -1.5   -1.2
    -7.511   122.858    0.2   -1.8   -1.0
    -7.448   122.858    0.0   -2.0   -0.8
    -7.385   122.858   -0.1   -2.1   -0.7
    -7.322   122.858   -0.2   -2.2   -0.6
    -7.259   122.858   -0.3   -2.2   -0.5
    -7.197   122.858   -0.4   -2.2   -0.4
    -7.134   122.858   -0.4   -2.2   -0.3
    -7.071   122.858   -0.5   -2.2   -0.3
    -7.008   122.858   -0.5   -2.2   -0.2
    -6.945   122.858   -0.5   -2.2   -0.2
    -6.882   122.858   -0.5   -2.2   -0.1
    -6.820   122.858   -0.5   -2.2   -0.1
    -6.757   122.858   -0.5   -2.2   -0.1
    -6.694   122.858   -0.5   -2.1   -0.0
    -6.631   122.858   -0.5   -2.1    0.0
    -6.568   122.858   -0.5   -2.1    0.0
    -6.505   122.858   -0.5   -2.0    0.0
    -6.442   122.858   -0.5   -2.0    0.1
    -6.380   122.858   -0.5   -2.0    0.1
    -6.317   122.858   -0.5   -1.9    0.1
    -6.254   122.858   -0.5   -1.9    0.1
    -6.191   122.858   -0.5   -1.9    0.1
    -6.128   122.858   -0.5   -1.8    0.1
    -6.065   122.858   -0.5   -1.8    0.1
    -6.002   122.858   -0.4   -1.8    0.1
    -5.940   122.858   -0.4   -1.7    0.1
    -5.877   122.858   -0.4   -1.7    0.2
    -5.814   122.858   -0.4   -1.7    0.2
    -5.751   122.858   -0.4   -1.6    0.2
    -5.688   122.858   -0.4   -1.6    0.2
    -5.625   122.858   -0.4   -1.6    0.2
    -5.562   122.858   -0.4   -1.5    0.2
    -5.500   122.858   -0.4   -1.5    0.2
    -5.437   122.858   -0.3   -1.5    0.2
    -5.374   122.858   -0.3   -1.4    0.2
    -5.311   122.858   -0.3   -1.4    0.2
    -5.248   122.858   -0.3   -1.4    0.2
    -5.185   122.858   -0.3   -1.3    0.2
    -5.123   122.858   -0.3   -1.3    0.2
   -11.408   122.922   -0.4    1.5    0.2
   -11.345   122.922   -0.5    1.5    0.2
   -11.282   122.922   -0.5    1.5    0.2
   -11.219   122.922   -0.5    1.6    0.2
   -11.156   122.922   -0.5    1.6    0.2
   -11.093   122.922   -0.5    1.6    0.1
   -11.031   122.922   -0.5    1.6    0.1
   -10.968   122.922   -0.6    1.7    0.1
   -10.905   122.922   -0.6    1.7    0.1
   -10.842   122.922   -0.6    1.7    0.1
   -10.779   122.922   -0.6    1.8    0.1
   -10.716   122.922   -0.6    1.8    0.1
   -10.653   122.922   -0.7    1.8    0.1
   -10.591   122.922   -0.7    1.9    0.1
   -10.528   122.922   -0.7    1.9    0.1
   -10.465   122.922   -0.7    1.9    0.1
   -10.402   122.922   -0.7    2.0    0.1
   -10.339   122.922   -0.7    2.0    0.0
   -10.276   122.922   -0.8    2.0    0.0
   -10.214   122.922   -0.8    2.0    0.0
   -10.151   122.922   -0.8    2.1   -0.0
   -10.088   122.922   -0.8    2.1   -0.0
   -10.025   122.922   -0.8    2.1   -0.1
    -9.962   122.922   -0.8    2.1   -0.1
    -9.899   122.922   -0.8    2.1   -0.1
    -9.836   122.922   -0.8    2.1   -0.1
    -9.774   122.922   -0.8    2.1   -0.2
    -9.711   122.922   -0.8    2.1   -0.2
    -9.648   122.922   -0.8    2.1   -0.3
    -9.585   122.922   -0.8    2.1   -0.3
    -9.522   122.922   -0.8    2.1   -0.3
    -9.459   122.922   -0.8    2.1   -0.4
    -9.396   122.922   -0.7    2.1   -0.4
    -9.334   122.922   -0.7    2.1   -0.5
    -9.271   122.922   -0.7    2.1   -0.6
    -9.208   122.922   -0.6    2.0   -0.6
    -9.145   122.922   -0.6    2.0   -0.7
    -9.082   122.922   -0.5    2.0   -0.8
    -9.019   122.922   -0.4    2.0   -0.8
    -8.956   122.922   -0.4    1.9   -0.9
    -8.894   122.922   -0.3    1.9   -1.0
    -8.831   122.922   -0.2    1.9   -1.1
    -8.768   122.922   -0.2    1.9   -1.1
    -8.705   122.922   -0.1    1.8   -1.2
    -8.642   122.922   -0.1    1.8   -1.3
    -8.579   122.922   -0.0    1.8   -1.4
    -8.517   122.922    0.0    1.8   -1.5
    -8.454   122.922    0.0    1.8   -1.6
    -8.391   122.922    0.0    1.7   -1.8
    -8.328   122.922    0.0    1.6   -1.9
    -8.265   122.922    0.1    1.5   -1.9
    -8.202   122.922    0.2    1.2   -2.0
    -8.139   122.922    0.4    0.9   -2.0
    -8.077   122.922    0.8    0.6   -1.9
    -8.014   122.922    1.1    0.3   -1.9
    -7.951   122.922    1.5    0.1   -1.8
    -7.888   122.922    1.7   -0.1   -1.7
    -7.825   122.922    1.7   -0.3   -1.7
    -7.762   122.922    1.5   -0.5   -1.6
    -7.699   122.922    1.2   -0.7   -1.5
    -7.637   122.922    0.9   -1.0   -1.3
    -7.574   122.922    0.6   -1.2   -1.1
    -7.511   122.922    0.3   -1.4   -1.0
    -7.448   122.922    0.1   -1.6   -0.8
    -7.385   122.922   -0.0   -1.7   -0.7
    -7.322   122.922   -0.2   -1.8   -0.6
    -7.259   122.922   -0.2   -1.9   -0.5
    -7.197   122.922   -0.3   -2.0   -0.4
    -7.134   122.922   -0.4   -2.0   -0.4
    -7.071   122.922   -0.4   -2.0   -0.3
    -7.008   122.922   -0.4   -2.0   -0.3
    -6.945   122.922   -0.5   -2.0   -0.2
    -6.882   122.922   -0.5   -2.0   -0.2
    -6.820   122.922   -0.5   -2.0   -0.1
    -6.757   122.922   -0.5   -2.0   -0.1
    -6.694   122.922   -0.5   -2.0   -0.1
    -6.631   122.922   -0.5   -1.9   -0.0
    -6.568   122.922   -0.5   -1.9   -0.0
    -6.505   122.922   -0.5   -1.9    0.0
    -6.442   122.922   -0.5   -1.9    0.0
    -6.380   122.922   -0.5   -1.8    0.1
    -6.317   122.922   -0.5   -1.8    0.1
    -6.254   122.922   -0.5   -1.8    0.1
    -6.191   122.922   -0.5   -1.8    0.1
    -6.128   122.922   -0.5   -1.7    0.1
    -6.065   122.922   -0.4   -1.7    0.1
    -6.002   122.922   -0.4   -1.7    0.1
    -5.940   122.922   -0.4   -1.6    0.1
    -5.877   122.922   -0.4   -1.6    0.1
    -5.814   122.922   -0.4   -1.6    0.1
    -5.751   122.922   -0.4   -1.6    0.1
    -5.688   122.922   -0.4   -1.5    0.1
    -5.625   122.922   -0.4   -1.5    0.1
    -5.562   122.922   -0.4   -1.5    0.2
    -5.500   122.922   -0.3   -1.4    0.2
    -5.437   122.922   -0.3   -1.4    0.2
    -5.374   122.922   -0.3   -1.4    0.2
    -5.311   122.922   -0.3   -1.3    0.2
    -5.248   122.922   -0.3   -1.3    0.2
    -5.185   122.922   -0.3   -1.3    0.2
    -5.123   122.922   -0.3   -1.3    0.2
   -11.408   122.985   -0.4    1.4    0.1
   -11.345   122.985   -0.5    1.4    0.1
   -11.282   122.985   -0.5    1.5    0.1
   -11.219   122.985   -0.5    1.5    0.1
   -11.156   122.985   -0.5    1.5    0.1
   -11.093   122.985   -0.5    1.6    0.1
   -11.031   122.985   -0.5    1.6    0.1
   -10.968   122.985   -0.5    1.6    0.1
   -10.905   122.985   -0.6    1.6    0.1
   -10.842   122.985   -0.6    1.7    0.1
   -10.779   122.985   -0.6    1.7    0.1
   -10.716   122.985   -0.6    1.7    0.1
   -10.653   122.985   -0.6    1.7    0.1
   -10.591   122.985   -0.6    1.8    0.1
   -10.528   122.985   -0.7    1.8    0.1
   -10.465   122.985   -0.7    1.8    0.1
   -10.402   122.985   -0.7    1.8    0.0
   -10.339   122.985   -0.7    1.9    0.0
   -10.276   122.985   -0.7    1.9    0.0
   -10.214   122.985   -0.7    1.9   -0.0
   -10.151   122.985   -0.7    1.9   -0.0
   -10.088   122.985   -0.8    1.9   -0.0
   -10.025   122.985   -0.8    2.0   -0.1
    -9.962   122.985   -0.8    2.0   -0.1
    -9.899   122.985   -0.8    2.0   -0.1
    -9.836   122.985   -0.8    2.0   -0.2
    -9.774   122.985   -0.8    2.0   -0.2
    -9.711   122.985   -0.8    2.0   -0.2
    -9.648   122.985   -0.8    2.0   -0.3
    -9.585   122.985   -0.7    2.0   -0.3
    -9.522   122.985   -0.7    2.0   -0.3
    -9.459   122.985   -0.7    1.9   -0.4
    -9.396   122.985   -0.7    1.9   -0.4
    -9.334   122.985   -0.6    1.9   -0.5
    -9.271   122.985   -0.6    1.9   -0.6
    -9.208   122.985   -0.5    1.9   -0.6
    -9.145   122.985   -0.5    1.8   -0.7
    -9.082   122.985   -0.4    1.8   -0.7
    -9.019   122.985   -0.4    1.8   -0.8
    -8.956   122.985   -0.3    1.7   -0.9
    -8.894   122.985   -0.3    1.7   -0.9
    -8.831   122.985   -0.2    1.7   -1.0
    -8.768   122.985   -0.1    1.6   -1.1
    -8.705   122.985   -0.1    1.6   -1.2
    -8.642   122.985   -0.0    1.6   -1.2
    -8.579   122.985    0.0    1.5   -1.3
    -8.517   122.985    0.0    1.5   -1.4
    -8.454   122.985    0.1    1.4   -1.5
    -8.391   122.985    0.1    1.4   -1.6
    -8.328   122.985    0.1    1.2   -1.7
    -8.265   122.985    0.2    1.1   -1.7
    -8.202   122.985    0.3    0.9   -1.8
    -8.139   122.985    0.5    0.6   -1.8
    -8.077   122.985    0.8    0.4   -1.8
    -8.014   122.985    1.0    0.2   -1.7
    -7.951   122.985    1.3   -0.0   -1.7
    -7.888   122.985    1.4   -0.2   -1.6
    -7.825   122.985    1.4   -0.3   -1.6
    -7.762   122.985    1.3   -0.5   -1.5
    -7.699   122.985    1.1   -0.7   -1.4
    -7.637   122.985    0.8   -0.8   -1.2
    -7.574   122.985    0.6   -1.0   -1.1
    -7.511   122.985    0.4   -1.2   -1.0
    -7.448   122.985    0.2   -1.3   -0.9
    -7.385   122.985    0.0   -1.5   -0.7
    -7.322   122.985   -0.1   -1.6   -0.6
    -7.259   122.985   -0.2   -1.6   -0.5
    -7.197   122.985   -0.2   -1.7   -0.5
    -7.134   122.985   -0.3   -1.8   -0.4
    -7.071   122.985   -0.3   -1.8   -0.3
    -7.008   122.985   -0.4   -1.8   -0.3
    -6.945   122.985   -0.4   -1.8   -0.2
    -6.882   122.985   -0.4   -1.8   -0.2
    -6.820   122.985   -0.4   -1.8   -0.2
    -6.757   122.985   -0.5   -1.8   -0.1
    -6.694   122.985   -0.5   -1.8   -0.1
    -6.631   122.985   -0.5   -1.8   -0.1
    -6.568   122.985   -0.5   -1.8   -0.0
    -6.505   122.985   -0.5   -1.8   -0.0
    -6.442   122.985   -0.5   -1.8    0.0
    -6.380   122.985   -0.5   -1.7    0.0
    -6.317   122.985   -0.5   -1.7    0.0
    -6.254   122.985   -0.5   -1.7    0.1
    -6.191   122.985   -0.4   -1.7    0.1
    -6.128   122.985   -0.4   -1.6    0.1
    -6.065   122.985   -0.4   -1.6    0.1
    -6.002   122.985   -0.4   -1.6    0.1
    -5.940   122.985   -0.4   -1.6    0.1
    -5.877   122.985   -0.4   -1.5    0.1
    -5.814   122.985   -0.4   -1.5    0.1
    -5.751   122.985   -0.4   -1.5    0.1
    -5.688   122.985   -0.4   -1.5    0.1
    -5.625   122.985   -0.4   -1.4    0.1
    -5.562   122.985   -0.4   -1.4    0.1
    -5.500   122.985   -0.3   -1.4    0.1
    -5.437   122.985   -0.3   -1.3    0.1
    -5.374   122.985   -0.3   -1.3    0.1
    -5.311   122.985   -0.3   -1.3    0.1
    -5.248   122.985   -0.3   -1.3    0.1
    -5.185   122.985   -0.3   -1.2    0.1
    -5.123   122.985   -0.3   -1.2    0.1
   -11.408   123.049   -0.4    1.4    0.1
   -11.345   123.049   -0.4    1.4    0.1
   -11.282   123.049   -0.5    1.4    0.1
   -11.219   123.049   -0.5    1.4    0.1
   -11.156   123.049   -0.5    1.5    0.1
   -11.093   123.049   -0.5    1.5    0.1
   -11.031   123.049   -0.5    1.5    0.1
   -10.968   123.049   -0.5    1.5    0.1
   -10.905   123.049   -0.6    1.6    0.1
   -10.842   123.049   -0.6    1.6    0.1
   -10.779   123.049   -0.6    1.6    0.1
   -10.716   123.049   -0.6    1.6    0.1
   -10.653   123.049   -0.6    1.7    0.1
   -10.591   123.049   -0.6    1.7    0.1
   -10.528   123.049   -0.6    1.7    0.1
   -10.465   123.049   -0.7    1.7    0.0
   -10.402   123.049   -0.7    1.7    0.0
   -10.339   123.049   -0.7    1.8    0.0
   -10.276   123.049   -0.7    1.8   -0.0
   -10.214   123.049   -0.7    1.8   -0.0
   -10.151   123.049   -0.7    1.8   -0.0
   -10.088   123.049   -0.7    1.8   -0.1
   -10.025   123.049   -0.7    1.8   -0.1
    -9.962   123.049   -0.7    1.8   -0.1
    -9.899   123.049   -0.7    1.8   -0.1
    -9.836   123.049   -0.7    1.8   -0.2
    -9.774   123.049   -0.7    1.8   -0.2
    -9.711   123.049   -0.7    1.8   -0.2
    -9.648   123.049   -0.7    1.8   -0.3
    -9.585   123.049   -0.7    1.8   -0.3
    -9.522   123.049   -0.7    1.8   -0.4
    -9.459   123.049   -0.6    1.8   -0.4
    -9.396   123.049   -0.6    1.8   -0.4
    -9.334   123.049   -0.6    1.7   -0.5
    -9.271   123.049   -0.5    1.7   -0.5
    -9.208   123.049   -0.5    1.7   -0.6
    -9.145   123.049   -0.4    1.7   -0.7
    -9.082   123.049   -0.4    1.6   -0.7
    -9.019   123.049   -0.3    1.6   -0.8
    -8.956   123.049   -0.3    1.6   -0.8
    -8.894   123.049   -0.2    1.5   -0.9
    -8.831   123.049   -0.2    1.5   -1.0
    -8.768   123.049   -0.1    1.4   -1.0
    -8.705   123.049   -0.0    1.4   -1.1
    -8.642   123.049    0.0    1.4   -1.2
    -8.579   123.049    0.0    1.3   -1.2
    -8.517   123.049    0.1    1.3   -1.3
    -8.454   123.049    0.1    1.2   -1.4
    -8.391   123.049    0.2    1.1   -1.5
    -8.328   123.049    0.2    1.0   -1.5
    -8.265   123.049    0.3    0.8   -1.6
    -8.202   123.049    0.4    0.6   -1.6
    -8.139   123.049    0.6    0.4   -1.6
    -8.077   123.049    0.8    0.2   -1.6
    -8.014   123.049    1.0    0.1   -1.6
    -7.951   123.049    1.1   -0.1   -1.6
    -7.888   123.049    1.2   -0.2   -1.5
    -7.825   123.049    1.2   -0.3   -1.5
    -7.762   123.049    1.1   -0.4   -1.4
    -7.699   123.049    1.0   -0.6   -1.3
    -7.637   123.049    0.8   -0.7   -1.2
    -7.574   123.049    0.6   -0.9   -1.1
    -7.511   123.049    0.4   -1.0   -1.0
    -7.448   123.049    0.2   -1.1   -0.8
    -7.385   123.049    0.1   -1.3   -0.7
    -7.322   123.049   -0.0   -1.4   -0.7
    -7.259   123.049   -0.1   -1.4   -0.6
    -7.197   123.049   -0.2   -1.5   -0.5
    -7.134   123.049   -0.2   -1.6   -0.4
    -7.071   123.049   -0.3   -1.6   -0.4
    -7.008   123.049   -0.3   -1.6   -0.3
    -6.945   123.049   -0.4   -1.6   -0.3
    -6.882   123.049   -0.4   -1.7   -0.2
    -6.820   123.049   -0.4   -1.7   -0.2
    -6.757   123.049   -0.4   -1.7   -0.1
    -6.694   123.049   -0.4   -1.7   -0.1
    -6.631   123.049   -0.4   -1.7   -0.1
    -6.568   123.049   -0.4   -1.7   -0.1
    -6.505   123.049   -0.4   -1.6   -0.0
    -6.442   123.049   -0.4   -1.6   -0.0
    -6.380   123.049   -0.4   -1.6    0.0
    -6.317   123.049   -0.4   -1.6    0.0
    -6.254   123.049   -0.4   -1.6    0.0
    -6.191   123.049   -0.4   -1.6    0.0
    -6.128   123.049   -0.4   -1.5    0.1
    -6.065   123.049   -0.4   -1.5    0.1
    -6.002   123.049   -0.4   -1.5    0.1
    -5.940   123.049   -0.4   -1.5    0.1
    -5.877   123.049   -0.4   -1.5    0.1
    -5.814   123.049   -0.4   -1.4    0.1
    -5.751   123.049   -0.4   -1.4    0.1
    -5.688   123.049   -0.4   -1.4    0.1
    -5.625   123.049   -0.4   -1.4    0.1
    -5.562   123.049   -0.3   -1.3    0.1
    -5.500   123.049   -0.3   -1.3    0.1
    -5.437   123.049   -0.3   -1.3    0.1
    -5.374   123.049   -0.3   -1.3    0.1
    -5.311   123.049   -0.3   -1.2    0.1
    -5.248   123.049   -0.3   -1.2    0.1
    -5.185   123.049   -0.3   -1.2    0.1
    -5.123   123.049   -0.3   -1.2    0.1
   -11.408   123.112   -0.4    1.3    0.1
   -11.345   123.112   -0.4    1.3    0.1
   -11.282   123.112   -0.5    1.4    0.1
   -11.219   123.112   -0.5    1.4    0.1
   -11.156   123.112   -0.5    1.4    0.1
   -11.093   123.112   -0.5    1.4    0.1
   -11.031   123.112   -0.5    1.5    0.1
   -10.968   123.112   -0.5    1.5    0.1
   -10.905   123.112   -0.5    1.5    0.1
   -10.842   123.112   -0.5    1.5    0.1
   -10.779   123.112   -0.6    1.5    0.1
   -10.716   123.112   -0.6    1.6    0.1
   -10.653   123.112   -0.6    1.6    0.1
   -10.591   123.112   -0.6    1.6    0.1
   -10.528   123.112   -0.6    1.6    0.0
   -10.465   123.112   -0.6    1.6    0.0
   -10.402   123.112   -0.6    1.7    0.0
   -10.339   123.112   -0.6    1.7   -0.0
   -10.276   123.112   -0.7    1.7   -0.0
   -10.214   123.112   -0.7    1.7   -0.0
   -10.151   123.112   -0.7    1.7   -0.1
   -10.088   123.112   -0.7    1.7   -0.1
   -10.025   123.112   -0.7    1.7   -0.1
    -9.962   123.112   -0.7    1.7   -0.1
    -9.899   123.112   -0.7    1.7   -0.2
    -9.836   123.112   -0.7    1.7   -0.2
    -9.774   123.112   -0.7    1.7   -0.2
    -9.711   123.112   -0.7    1.7   -0.2
    -9.648   123.112   -0.6    1.7   -0.3
    -9.585   123.112   -0.6    1.7   -0.3
    -9.522   123.112   -0.6    1.7   -0.4
    -9.459   123.112   -0.6    1.6   -0.4
    -9.396   123.112   -0.5    1.6   -0.4
    -9.334   123.112   -0.5    1.6   -0.5
    -9.271   123.112   -0.5    1.6   -0.5
    -9.208   123.112   -0.4    1.5   -0.6
    -9.145   123.112   -0.4    1.5   -0.6
    -9.082   123.112   -0.3    1.5   -0.7
    -9.019   123.112   -0.3    1.4   -0.8
    -8.956   123.112   -0.2    1.4   -0.8
    -8.894   123.112   -0.2    1.4   -0.9
    -8.831   123.112   -0.1    1.3   -0.9
    -8.768   123.112   -0.1    1.3   -1.0
    -8.705   123.112   -0.0    1.2   -1.0
    -8.642   123.112    0.0    1.2   -1.1
    -8.579   123.112    0.1    1.1   -1.2
    -8.517   123.112    0.1    1.0   -1.2
    -8.454   123.112    0.2    1.0   -1.3
    -8.391   123.112    0.2    0.9   -1.3
    -8.328   123.112    0.3    0.8   -1.4
    -8.265   123.112    0.4    0.6   -1.4
    -8.202   123.112    0.5    0.5   -1.5
    -8.139   123.112    0.6    0.3   -1.5
    -8.077   123.112    0.8    0.2   -1.5
    -8.014   123.112    0.9    0.0   -1.5
    -7.951   123.112    1.0   -0.1   -1.4
    -7.888   123.112    1.0   -0.2   -1.4
    -7.825   123.112    1.0   -0.3   -1.4
    -7.762   123.112    1.0   -0.4   -1.3
    -7.699   123.112    0.9   -0.5   -1.2
    -7.637   123.112    0.7   -0.6   -1.1
    -7.574   123.112    0.6   -0.8   -1.0
    -7.511   123.112    0.4   -0.9   -0.9
    -7.448   123.112    0.3   -1.0   -0.8
    -7.385   123.112    0.1   -1.1   -0.7
    -7.322   123.112    0.0   -1.2   -0.7
    -7.259   123.112   -0.0   -1.3   -0.6
    -7.197   123.112   -0.1   -1.3   -0.5
    -7.134   123.112   -0.2   -1.4   -0.4
    -7.071   123.112   -0.2   -1.4   -0.4
    -7.008   123.112   -0.3   -1.5   -0.3
    -6.945   123.112   -0.3   -1.5   -0.3
    -6.882   123.112   -0.3   -1.5   -0.2
    -6.820   123.112   -0.4   -1.5   -0.2
    -6.757   123.112   -0.4   -1.5   -0.2
    -6.694   123.112   -0.4   -1.5   -0.1
    -6.631   123.112   -0.4   -1.5   -0.1
    -6.568   123.112   -0.4   -1.5   -0.1
    -6.505   123.112   -0.4   -1.5   -0.1
    -6.442   123.112   -0.4   -1.5   -0.0
    -6.380   123.112   -0.4   -1.5   -0.0
    -6.317   123.112   -0.4   -1.5    0.0
    -6.254   123.112   -0.4   -1.5    0.0
    -6.191   123.112   -0.4   -1.5    0.0
    -6.128   123.112   -0.4   -1.5    0.0
    -6.065   123.112   -0.4   -1.4    0.1
    -6.002   123.112   -0.4   -1.4    0.1
    -5.940   123.112   -0.4   -1.4    0.1
    -5.877   123.112   -0.4   -1.4    0.1
    -5.814   123.112   -0.4   -1.4    0.1
    -5.751   123.112   -0.4   -1.3    0.1
    -5.688   123.112   -0.4   -1.3    0.1
    -5.625   123.112   -0.3   -1.3    0.1
    -5.562   123.112   -0.3   -1.3    0.1
    -5.500   123.112   -0.3   -1.3    0.1
    -5.437   123.112   -0.3   -1.2    0.1
    -5.374   123.112   -0.3   -1.2    0.1
    -5.311   123.112   -0.3   -1.2    0.1
    -5.248   123.112   -0.3   -1.2    0.1
    -5.185   123.112   -0.3   -1.2    0.1
    -5.123   123.112   -0.3   -1.1    0.1
   -11.408   123.176   -0.4    1.3    0.1
   -11.345   123.176   -0.4    1.3    0.1
   -11.282   123.176   -0.4    1.3    0.1
   -11.219   123.176   -0.5    1.3    0.1
   -11.156   123.176   -0.5    1.3    0.1
   -11.093   123.176   -0.5    1.4    0.1
   -11.031   123.176   -0.5    1.4    0.1
   -10.968   123.176   -0.5    1.4    0.1
   -10.905   123.176   -0.5    1.4    0.1
   -10.842   123.176   -0.5    1.4    0.1
   -10.779   123.176   -0.5    1.5    0.1
   -10.716   123.176   -0.6    1.5    0.1
   -10.653   123.176   -0.6    1.5    0.0
   -10.591   123.176   -0.6    1.5    0.0
   -10.528   123.176   -0.6    1.5    0.0
   -10.465   123.176   -0.6    1.5    0.0
   -10.402   123.176   -0.6    1.6    0.0
   -10.339   123.176   -0.6    1.6   -0.0
   -10.276   123.176   -0.6    1.6   -0.0
   -10.214   123.176   -0.6    1.6   -0.0
   -10.151   123.176   -0.6    1.6   -0.1
   -10.088   123.176   -0.6    1.6   -0.1
   -10.025   123.176   -0.6    1.6   -0.1
    -9.962   123.176   -0.6    1.6   -0.1
    -9.899   123.176   -0.6    1.6   -0.2
    -9.836   123.176   -0.6    1.6   -0.2
    -9.774   123.176   -0.6    1.6   -0.2
    -9.711   123.176   -0.6    1.6   -0.3
    -9.648   123.176   -0.6    1.6   -0.3
    -9.585   123.176   -0.6    1.5   -0.3
    -9.522   123.176   -0.5    1.5   -0.4
    -9.459   123.176   -0.5    1.5   -0.4
    -9.396   123.176   -0.5    1.5   -0.4
    -9.334   123.176   -0.5    1.5   -0.5
    -9.271   123.176   -0.4    1.4   -0.5
    -9.208   123.176   -0.4    1.4   -0.6
    -9.145   123.176   -0.3    1.4   -0.6
    -9.082   123.176   -0.3    1.3   -0.7
    -9.019   123.176   -0.2    1.3   -0.7
    -8.956   123.176   -0.2    1.2   -0.8
    -8.894   123.176   -0.1    1.2   -0.8
    -8.831   123.176   -0.1    1.2   -0.9
    -8.768   123.176   -0.0    1.1   -0.9
    -8.705   123.176    0.0    1.1   -1.0
    -8.642   123.176    0.1    1.0   -1.1
    -8.579   123.176    0.1    0.9   -1.1
    -8.517   123.176    0.2    0.9   -1.2
    -8.454   123.176    0.2    0.8   -1.2
    -8.391   123.176    0.3    0.7   -1.3
    -8.328   123.176    0.3    0.6   -1.3
    -8.265   123.176    0.4    0.5   -1.3
    -8.202   123.176    0.5    0.4   -1.3
    -8.139   123.176    0.6    0.2   -1.4
    -8.077   123.176    0.7    0.1   -1.4
    -8.014   123.176    0.8   -0.0   -1.4
    -7.951   123.176    0.9   -0.1   -1.3
    -7.888   123.176    0.9   -0.2   -1.3
    -7.825   123.176    0.9   -0.3   -1.3
    -7.762   123.176    0.9   -0.4   -1.2
    -7.699   123.176    0.8   -0.5   -1.1
    -7.637   123.176    0.7   -0.6   -1.1
    -7.574   123.176    0.5   -0.7   -1.0
    -7.511   123.176    0.4   -0.8   -0.9
    -7.448   123.176    0.3   -0.9   -0.8
    -7.385   123.176    0.2   -1.0   -0.7
    -7.322   123.176    0.1   -1.0   -0.7
    -7.259   123.176   -0.0   -1.1   -0.6
    -7.197   123.176   -0.1   -1.2   -0.5
    -7.134   123.176   -0.1   -1.2   -0.5
    -7.071   123.176   -0.2   -1.3   -0.4
    -7.008   123.176   -0.2   -1.3   -0.4
    -6.945   123.176   -0.3   -1.3   -0.3
    -6.882   123.176   -0.3   -1.4   -0.3
    -6.820   123.176   -0.3   -1.4   -0.2
    -6.757   123.176   -0.3   -1.4   -0.2
    -6.694   123.176   -0.4   -1.4   -0.2
    -6.631   123.176   -0.4   -1.4   -0.1
    -6.568   123.176   -0.4   -1.4   -0.1
    -6.505   123.176   -0.4   -1.4   -0.1
    -6.442   123.176   -0.4   -1.4   -0.1
    -6.380   123.176   -0.4   -1.4   -0.0
    -6.317   123.176   -0.4   -1.4   -0.0
    -6.254   123.176   -0.4   -1.4   -0.0
    -6.191   123.176   -0.4   -1.4    0.0
    -6.128   123.176   -0.4   -1.4    0.0
    -6.065   123.176   -0.4   -1.4    0.0
    -6.002   123.176   -0.4   -1.4    0.0
    -5.940   123.176   -0.4   -1.3    0.1
    -5.877   123.176   -0.4   -1.3    0.1
    -5.814   123.176   -0.4   -1.3    0.1
    -5.751   123.176   -0.4   -1.3    0.1
    -5.688   123.176   -0.3   -1.3    0.1
    -5.625   123.176   -0.3   -1.3    0.1
    -5.562   123.176   -0.3   -1.2    0.1
    -5.500   123.176   -0.3   -1.2    0.1
    -5.437   123.176   -0.3   -1.2    0.1
    -5.374   123.176   -0.3   -1.2    0.1
    -5.311   123.176   -0.3   -1.2    0.1
    -5.248   123.176   -0.3   -1.1    0.1
    -5.185   123.176   -0.3   -1.1    0.1
    -5.123   123.176   -0.3   -1.1    0.1
   -11.408   123.239   -0.4    1.2    0.1
   -11.345   123.239   -0.4    1.2    0.1
   -11.282   123.239   -0.4    1.3    0.1
   -11.219   123.239   -0.4    1.3    0.1
   -11.156   123.239   -0.5    1.3    0.1
   -11.093   123.239   -0.5    1.3    0.1
   -11.031   123.239   -0.5    1.3    0.1
   -10.968   123.239   -0.5    1.3    0.1
   -10.905   123.239   -0.5    1.4    0.1
   -10.842   123.239   -0.5    1.4    0.1
   -10.779   123.239   -0.5    1.4    0.1
   -10.716   123.239   -0.5    1.4    0.0
   -10.653   123.239   -0.5    1.4    0.0
   -10.591   123.239   -0.6    1.4    0.0
   -10.528   123.239   -0.6    1.5    0.0
   -10.465   123.239   -0.6    1.5    0.0
   -10.402   123.239   -0.6    1.5   -0.0
   -10.339   123.239   -0.6    1.5   -0.0
   -10.276   123.239   -0.6    1.5   -0.0
   -10.214   123.239   -0.6    1.5   -0.1
   -10.151   123.239   -0.6    1.5   -0.1
   -10.088   123.239   -0.6    1.5   -0.1
   -10.025   123.239   -0.6    1.5   -0.1
    -9.962   123.239   -0.6    1.5   -0.1
    -9.899   123.239   -0.6    1.5   -0.2
    -9.836   123.239   -0.6    1.5   -0.2
    -9.774   123.239   -0.6    1.5   -0.2
    -9.711   123.239   -0.6    1.5   -0.3
    -9.648   123.239   -0.5    1.4   -0.3
    -9.585   123.239   -0.5    1.4   -0.3
    -9.522   123.239   -0.5    1.4   -0.4
    -9.459   123.239   -0.5    1.4   -0.4
    -9.396   123.239   -0.4    1.4   -0.4
    -9.334   123.239   -0.4    1.3   -0.5
    -9.271   123.239   -0.4    1.3   -0.5
    -9.208   123.239   -0.3    1.3   -0.6
    -9.145   123.239   -0.3    1.2   -0.6
    -9.082   123.239   -0.2    1.2   -0.7
    -9.019   123.239   -0.2    1.2   -0.7
    -8.956   123.239   -0.2    1.1   -0.8
    -8.894   123.239   -0.1    1.1   -0.8
    -8.831   123.239   -0.1    1.0   -0.9
    -8.768   123.239   -0.0    1.0   -0.9
    -8.705   123.239    0.0    0.9   -0.9
    -8.642   123.239    0.1    0.9   -1.0
    -8.579   123.239    0.1    0.8   -1.0
    -8.517   123.239    0.2    0.7   -1.1
    -8.454   123.239    0.3    0.7   -1.1
    -8.391   123.239    0.3    0.6   -1.2
    -8.328   123.239    0.4    0.5   -1.2
    -8.265   123.239    0.5    0.4   -1.2
    -8.202   123.239    0.5    0.3   -1.3
    -8.139   123.239    0.6    0.2   -1.3
    -8.077   123.239    0.7    0.1   -1.3
    -8.014   123.239    0.8   -0.0   -1.3
    -7.951   123.239    0.8   -0.1   -1.2
    -7.888   123.239    0.8   -0.2   -1.2
    -7.825   123.239    0.8   -0.3   -1.2
    -7.762   123.239    0.8   -0.3   -1.1
    -7.699   123.239    0.7   -0.4   -1.1
    -7.637   123.239    0.6   -0.5   -1.0
    -7.574   123.239    0.5   -0.6   -0.9
    -7.511   123.239    0.4   -0.7   -0.9
    -7.448   123.239    0.3   -0.8   -0.8
    -7.385   123.239    0.2   -0.8   -0.7
    -7.322   123.239    0.1   -0.9   -0.6
    -7.259   123.239    0.0   -1.0   -0.6
    -7.197   123.239   -0.0   -1.0   -0.5
    -7.134   123.239   -0.1   -1.1   -0.5
    -7.071   123.239   -0.1   -1.1   -0.4
    -7.008   123.239   -0.2   -1.2   -0.4
    -6.945   123.239   -0.2   -1.2   -0.3
    -6.882   123.239   -0.3   -1.3   -0.3
    -6.820   123.239   -0.3   -1.3   -0.2
    -6.757   123.239   -0.3   -1.3   -0.2
    -6.694   123.239   -0.3   -1.3   -0.2
    -6.631   123.239   -0.3   -1.3   -0.1
    -6.568   123.239   -0.4   -1.3   -0.1
    -6.505   123.239   -0.4   -1.3   -0.1
    -6.442   123.239   -0.4   -1.3   -0.1
    -6.380   123.239   -0.4   -1.3   -0.1
    -6.317   123.239   -0.4   -1.3   -0.0
    -6.254   123.239   -0.4   -1.3   -0.0
    -6.191   123.239   -0.4   -1.3   -0.0
    -6.128   123.239   -0.4   -1.3    0.0
    -6.065   123.239   -0.4   -1.3    0.0
    -6.002   123.239   -0.4   -1.3    0.0
    -5.940   123.239   -0.4   -1.3    0.0
    -5.877   123.239   -0.4   -1.3    0.1
    -5.814   123.239   -0.3   -1.2    0.1
    -5.751   123.239   -0.3   -1.2    0.1
    -5.688   123.239   -0.3   -1.2    0.1
    -5.625   123.239   -0.3   -1.2    0.1
    -5.562   123.239   -0.3   -1.2    0.1
    -5.500   123.239   -0.3   -1.2    0.1
    -5.437   123.239   -0.3   -1.1    0.1
    -5.374   123.239   -0.3   -1.1    0.1
    -5.311   123.239   -0.3   -1.1    0.1
    -5.248   123.239   -0.3   -1.1    0.1
    -5.185   123.239   -0.3   -1.1    0.1
    -5.123   123.239   -0.3   -1.1    0.1
   -11.408   123.303   -0.4    1.2    0.1
   -11.345   123.303   -0.4    1.2    0.1
   -11.282   123.303   -0.4    1.2    0.1
   -11.219   123.303   -0.4    1.2    0.1
   -11.156   123.303   -0.4    1.2    0.1
   -11.093   123.303   -0.5    1.3    0.1
   -11.031   123.303   -0.5    1.3    0.1
   -10.968   123.303   -0.5    1.3    0.1
   -10.905   123.303   -0.5    1.3    0.1
   -10.842   123.303   -0.5    1.3    0.1
   -10.779   123.303   -0.5    1.3    0.0
   -10.716   123.303   -0.5    1.3    0.0
   -10.653   123.303   -0.5    1.4    0.0
   -10.591   123.303   -0.5    1.4    0.0
   -10.528   123.303   -0.5    1.4    0.0
   -10.465   123.303   -0.5    1.4   -0.0
   -10.402   123.303   -0.6    1.4   -0.0
   -10.339   123.303   -0.6    1.4   -0.0
   -10.276   123.303   -0.6    1.4   -0.1
   -10.214   123.303   -0.6    1.4   -0.1
   -10.151   123.303   -0.6    1.4   -0.1
   -10.088   123.303   -0.6    1.4   -0.1
   -10.025   123.303   -0.6    1.4   -0.1
    -9.962   123.303   -0.6    1.4   -0.2
    -9.899   123.303   -0.6    1.4   -0.2
    -9.836   123.303   -0.5    1.4   -0.2
    -9.774   123.303   -0.5    1.4   -0.2
    -9.711   123.303   -0.5    1.4   -0.3
    -9.648   123.303   -0.5    1.3   -0.3
    -9.585   123.303   -0.5    1.3   -0.3
    -9.522   123.303   -0.5    1.3   -0.4
    -9.459   123.303   -0.4    1.3   -0.4
    -9.396   123.303   -0.4    1.3   -0.4
    -9.334   123.303   -0.4    1.2   -0.5
    -9.271   123.303   -0.3    1.2   -0.5
    -9.208   123.303   -0.3    1.2   -0.6
    -9.145   123.303   -0.3    1.1   -0.6
    -9.082   123.303   -0.2    1.1   -0.6
    -9.019   123.303   -0.2    1.1   -0.7
    -8.956   123.303   -0.1    1.0   -0.7
    -8.894   123.303   -0.1    1.0   -0.8
    -8.831   123.303   -0.0    0.9   -0.8
    -8.768   123.303    0.0    0.9   -0.9
    -8.705   123.303    0.1    0.8   -0.9
    -8.642   123.303    0.1    0.8   -0.9
    -8.579   123.303    0.2    0.7   -1.0
    -8.517   123.303    0.2    0.6   -1.0
    -8.454   123.303    0.3    0.6   -1.1
    -8.391   123.303    0.3    0.5   -1.1
    -8.328   123.303    0.4    0.4   -1.1
    -8.265   123.303    0.5    0.3   -1.1
    -8.202   123.303    0.5    0.2   -1.2
    -8.139   123.303    0.6    0.1   -1.2
    -8.077   123.303    0.7    0.0   -1.2
    -8.014   123.303    0.7   -0.0   -1.2
    -7.951   123.303    0.7   -0.1   -1.2
    -7.888   123.303    0.7   -0.2   -1.1
    -7.825   123.303    0.7   -0.3   -1.1
    -7.762   123.303    0.7   -0.3   -1.1
    -7.699   123.303    0.6   -0.4   -1.0
    -7.637   123.303    0.6   -0.5   -0.9
    -7.574   123.303    0.5   -0.5   -0.9
    -7.511   123.303    0.4   -0.6   -0.8
    -7.448   123.303    0.3   -0.7   -0.8
    -7.385   123.303    0.2   -0.7   -0.7
    -7.322   123.303    0.1   -0.8   -0.6
    -7.259   123.303    0.1   -0.9   -0.6
    -7.197   123.303    0.0   -0.9   -0.5
    -7.134   123.303   -0.1   -1.0   -0.5
    -7.071   123.303   -0.1   -1.0   -0.4
    -7.008   123.303   -0.2   -1.1   -0.4
    -6.945   123.303   -0.2   -1.1   -0.3
    -6.882   123.303   -0.2   -1.1   -0.3
    -6.820   123.303   -0.3   -1.2   -0.3
    -6.757   123.303   -0.3   -1.2   -0.2
    -6.694   123.303   -0.3   -1.2   -0.2
    -6.631   123.303   -0.3   -1.2   -0.2
    -6.568   123.303   -0.3   -1.2   -0.1
    -6.505   123.303   -0.3   -1.2   -0.1
    -6.442   123.303   -0.3   -1.2   -0.1
    -6.380   123.303   -0.3   -1.2   -0.1
    -6.317   123.303   -0.3   -1.2   -0.1
    -6.254   123.303   -0.4   -1.2   -0.0
    -6.191   123.303   -0.4   -1.2   -0.0
    -6.128   123.303   -0.4   -1.2   -0.0
    -6.065   123.303   -0.3   -1.2    0.0
    -6.002   123.303   -0.3   -1.2    0.0
    -5.940   123.303   -0.3   -1.2    0.0
    -5.877   123.303   -0.3   -1.2    0.0
    -5.814   123.303   -0.3   -1.2    0.0
    -5.751   123.303   -0.3   -1.2    0.1
    -5.688   123.303   -0.3   -1.2    0.1
    -5.625   123.303   -0.3   -1.1    0.1
    -5.562   123.303   -0.3   -1.1    0.1
    -5.500   123.303   -0.3   -1.1    0.1
    -5.437   123.303   -0.3   -1.1    0.1
    -5.374   123.303   -0.3   -1.1    0.1
    -5.311   123.303   -0.3   -1.1    0.1
    -5.248   123.303   -0.3   -1.1    0.1
    -5.185   123.303   -0.3   -1.0    0.1
    -5.123   123.303   -0.3   -1.0    0.1
   -11.408   123.366   -0.4    1.1    0.1
   -11.345   123.366   -0.4    1.1    0.1
   -11.282   123.366   -0.4    1.2    0.1
   -11.219   123.366   -0.4    1.2    0.1
   -11.156   123.366   -0.4    1.2    0.1
   -11.093   123.366   -0.4    1.2    0.1
   -11.031   123.366   -0.5    1.2    0.1
   -10.968   123.366   -0.5    1.2    0.1
   -10.905   123.366   -0.5    1.2    0.0
   -10.842   123.366   -0.5    1.3    0.0
   -10.779   123.366   -0.5    1.3    0.0
   -10.716   123.366   -0.5    1.3    0.0
   -10.653   123.366   -0.5    1.3    0.0
   -10.591   123.366   -0.5    1.3    0.0
   -10.528   123.366   -0.5    1.3   -0.0
   -10.465   123.366   -0.5    1.3   -0.0
   -10.402   123.366   -0.5    1.3   -0.0
   -10.339   123.366   -0.5    1.3   -0.1
   -10.276   123.366   -0.5    1.3   -0.1
   -10.214   123.366   -0.5    1.3   -0.1
   -10.151   123.366   -0.5    1.3   -0.1
   -10.088   123.366   -0.5    1.3   -0.1
   -10.025   123.366   -0.5    1.3   -0.1
    -9.962   123.366   -0.5    1.3   -0.2
    -9.899   123.366   -0.5    1.3   -0.2
    -9.836   123.366   -0.5    1.3   -0.2
    -9.774   123.366   -0.5    1.3   -0.2
    -9.711   123.366   -0.5    1.3   -0.3
    -9.648   123.366   -0.5    1.2   -0.3
    -9.585   123.366   -0.4    1.2   -0.3
    -9.522   123.366   -0.4    1.2   -0.4
    -9.459   123.366   -0.4    1.2   -0.4
    -9.396   123.366   -0.4    1.2   -0.4
    -9.334   123.366   -0.3    1.1   -0.5
    -9.271   123.366   -0.3    1.1   -0.5
    -9.208   123.366   -0.3    1.1   -0.5
    -9.145   123.366   -0.2    1.0   -0.6
    -9.082   123.366   -0.2    1.0   -0.6
    -9.019   123.366   -0.1    0.9   -0.7
    -8.956   123.366   -0.1    0.9   -0.7
    -8.894   123.366   -0.0    0.9   -0.7
    -8.831   123.366    0.0    0.8   -0.8
    -8.768   123.366    0.0    0.8   -0.8
    -8.705   123.366    0.1    0.7   -0.9
    -8.642   123.366    0.1    0.7   -0.9
    -8.579   123.366    0.2    0.6   -0.9
    -8.517   123.366    0.2    0.5   -1.0
    -8.454   123.366    0.3    0.5   -1.0
    -8.391   123.366    0.4    0.4   -1.0
    -8.328   123.366    0.4    0.3   -1.1
    -8.265   123.366    0.5    0.3   -1.1
    -8.202   123.366    0.5    0.2   -1.1
    -8.139   123.366    0.6    0.1   -1.1
    -8.077   123.366    0.6    0.0   -1.1
    -8.014   123.366    0.7   -0.0   -1.1
    -7.951   123.366    0.7   -0.1   -1.1
    -7.888   123.366    0.7   -0.2   -1.1
    -7.825   123.366    0.7   -0.2   -1.0
    -7.762   123.366    0.6   -0.3   -1.0
    -7.699   123.366    0.6   -0.4   -0.9
    -7.637   123.366    0.5   -0.4   -0.9
    -7.574   123.366    0.5   -0.5   -0.8
    -7.511   123.366    0.4   -0.5   -0.8
    -7.448   123.366    0.3   -0.6   -0.7
    -7.385   123.366    0.2   -0.7   -0.7
    -7.322   123.366    0.2   -0.7   -0.6
    -7.259   123.366    0.1   -0.8   -0.6
    -7.197   123.366    0.0   -0.8   -0.5
    -7.134   123.366   -0.0   -0.9   -0.5
    -7.071   123.366   -0.1   -0.9   -0.4
    -7.008   123.366   -0.1   -1.0   -0.4
    -6.945   123.366   -0.2   -1.0   -0.3
    -6.882   123.366   -0.2   -1.0   -0.3
    -6.820   123.366   -0.2   -1.1   -0.3
    -6.757   123.366   -0.2   -1.1   -0.2
    -6.694   123.366   -0.3   -1.1   -0.2
    -6.631   123.366   -0.3   -1.1   -0.2
    -6.568   123.366   -0.3   -1.1   -0.2
    -6.505   123.366   -0.3   -1.1   -0.1
    -6.442   123.366   -0.3   -1.2   -0.1
    -6.380   123.366   -0.3   -1.2   -0.1
    -6.317   123.366   -0.3   -1.2   -0.1
    -6.254   123.366   -0.3   -1.2   -0.1
    -6.191   123.366   -0.3   -1.2   -0.0
    -6.128   123.366   -0.3   -1.2   -0.0
    -6.065   123.366   -0.3   -1.2   -0.0
    -6.002   123.366   -0.3   -1.1    0.0
    -5.940   123.366   -0.3   -1.1    0.0
    -5.877   123.366   -0.3   -1.1    0.0
    -5.814   123.366   -0.3   -1.1    0.0
    -5.751   123.366   -0.3   -1.1    0.0
    -5.688   123.366   -0.3   -1.1    0.0
    -5.625   123.366   -0.3   -1.1    0.1
    -5.562   123.366   -0.3   -1.1    0.1
    -5.500   123.366   -0.3   -1.1    0.1
    -5.437   123.366   -0.3   -1.1    0.1
    -5.374   123.366   -0.3   -1.0    0.1
    -5.311   123.366   -0.3   -1.0    0.1
    -5.248   123.366   -0.3   -1.0    0.1
    -5.185   123.366   -0.3   -1.0    0.1
    -5.123   123.366   -0.3   -1.0    0.1
   -11.408   123.430   -0.4    1.1    0.1
   -11.345   123.430   -0.4    1.1    0.1
   -11.282   123.430   -0.4    1.1    0.1
   -11.219   123.430   -0.4    1.1    0.1
   -11.156   123.430   -0.4    1.1    0.1
   -11.093   123.430   -0.4    1.2    0.1
   -11.031   123.430   -0.4    1.2    0.1
   -10.968   123.430   -0.4    1.2    0.0
   -10.905   123.430   -0.5    1.2    0.0
   -10.842   123.430   -0.5    1.2    0.0
   -10.779   123.430   -0.5    1.2    0.0
   -10.716   123.430   -0.5    1.2    0.0
   -10.653   123.430   -0.5    1.2    0.0
   -10.591   123.430   -0.5    1.2   -0.0
   -10.528   123.430   -0.5    1.2   -0.0
   -10.465   123.430   -0.5    1.2   -0.0
   -10.402   123.430   -0.5    1.2   -0.0
   -10.339   123.430   -0.5    1.2   -0.1
   -10.276   123.430   -0.5    1.2   -0.1
   -10.214   123.430   -0.5    1.2   -0.1
   -10.151   123.430   -0.5    1.2   -0.1
   -10.088   123.430   -0.5    1.2   -0.1
   -10.025   123.430   -0.5    1.2   -0.2
    -9.962   123.430   -0.5    1.2   -0.2
    -9.899   123.430   -0.5    1.2   -0.2
    -9.836   123.430   -0.5    1.2   -0.2
    -9.774   123.430   -0.5    1.2   -0.2
    -9.711   123.430   -0.4    1.2   -0.3
    -9.648   123.430   -0.4    1.2   -0.3
    -9.585   123.430   -0.4    1.1   -0.3
    -9.522   123.430   -0.4    1.1   -0.4
    -9.459   123.430   -0.4    1.1   -0.4
    -9.396   123.430   -0.3    1.1   -0.4
    -9.334   123.430   -0.3    1.0   -0.5
    -9.271   123.430   -0.3    1.0   -0.5
    -9.208   123.430   -0.2    1.0   -0.5
    -9.145   123.430   -0.2    0.9   -0.6
    -9.082   123.430   -0.1    0.9   -0.6
    -9.019   123.430   -0.1    0.9   -0.6
    -8.956   123.430   -0.1    0.8   -0.7
    -8.894   123.430   -0.0    0.8   -0.7
    -8.831   123.430    0.0    0.7   -0.8
    -8.768   123.430    0.1    0.7   -0.8
    -8.705   123.430    0.1    0.6   -0.8
    -8.642   123.430    0.2    0.6   -0.9
    -8.579   123.430    0.2    0.5   -0.9
    -8.517   123.430    0.3    0.5   -0.9
    -8.454   123.430    0.3    0.4   -0.9
    -8.391   123.430    0.4    0.3   -1.0
    -8.328   123.430    0.4    0.3   -1.0
    -8.265   123.430    0.5    0.2   -1.0
    -8.202   123.430    0.5    0.1   -1.0
    -8.139   123.430    0.5    0.1   -1.0
    -8.077   123.430    0.6    0.0   -1.0
    -8.014   123.430    0.6   -0.0   -1.0
    -7.951   123.430    0.6   -0.1   -1.0
    -7.888   123.430    0.6   -0.2   -1.0
    -7.825   123.430    0.6   -0.2   -1.0
    -7.762   123.430    0.6   -0.3   -0.9
    -7.699   123.430    0.5   -0.3   -0.9
    -7.637   123.430    0.5   -0.4   -0.9
    -7.574   123.430    0.4   -0.4   -0.8
    -7.511   123.430    0.4   -0.5   -0.8
    -7.448   123.430    0.3   -0.5   -0.7
    -7.385   123.430    0.2   -0.6   -0.7
    -7.322   123.430    0.2   -0.7   -0.6
    -7.259   123.430    0.1   -0.7   -0.6
    -7.197   123.430    0.1   -0.8   -0.5
    -7.134   123.430   -0.0   -0.8   -0.5
    -7.071   123.430   -0.0   -0.8   -0.4
    -7.008   123.430   -0.1   -0.9   -0.4
    -6.945   123.430   -0.1   -0.9   -0.3
    -6.882   123.430   -0.2   -1.0   -0.3
    -6.820   123.430   -0.2   -1.0   -0.3
    -6.757   123.430   -0.2   -1.0   -0.2
    -6.694   123.430   -0.2   -1.0   -0.2
    -6.631   123.430   -0.3   -1.0   -0.2
    -6.568   123.430   -0.3   -1.1   -0.2
    -6.505   123.430   -0.3   -1.1   -0.1
    -6.442   123.430   -0.3   -1.1   -0.1
    -6.380   123.430   -0.3   -1.1   -0.1
    -6.317   123.430   -0.3   -1.1   -0.1
    -6.254   123.430   -0.3   -1.1   -0.1
    -6.191   123.430   -0.3   -1.1   -0.0
    -6.128   123.430   -0.3   -1.1   -0.0
    -6.065   123.430   -0.3   -1.1   -0.0
    -6.002   123.430   -0.3   -1.1   -0.0
    -5.940   123.430   -0.3   -1.1    0.0
    -5.877   123.430   -0.3   -1.1    0.0
    -5.814   123.430   -0.3   -1.1    0.0
    -5.751   123.430   -0.3   -1.1    0.0
    -5.688   123.430   -0.3   -1.0    0.0
    -5.625   123.430   -0.3   -1.0    0.0
    -5.562   123.430   -0.3   -1.0    0.1
    -5.500   123.430   -0.3   -1.0    0.1
    -5.437   123.430   -0.3   -1.0    0.1
    -5.374   123.430   -0.3   -1.0    0.1
    -5.311   123.430   -0.3   -1.0    0.1
    -5.248   123.430   -0.3   -1.0    0.1
    -5.185   123.430   -0.3   -1.0    0.1
    -5.123   123.430   -0.3   -0.9    0.1
   -11.408   123.493   -0.4    1.0    0.1
   -11.345   123.493   -0.4    1.1    0.1
   -11.282   123.493   -0.4    1.1    0.1
   -11.219   123.493   -0.4    1.1    0.1
   -11.156   123.493   -0.4    1.1    0.1
   -11.093   123.493   -0.4    1.1    0.1
   -11.031   123.493   -0.4    1.1    0.0
   -10.968   123.493   -0.4    1.1    0.0
   -10.905   123.493   -0.4    1.1    0.0
   -10.842   123.493   -0.4    1.1    0.0
   -10.779   123.493   -0.5    1.2    0.0
   -10.716   123.493   -0.5    1.2    0.0
   -10.653   123.493   -0.5    1.2   -0.0
   -10.591   123.493   -0.5    1.2   -0.0
   -10.528   123.493   -0.5    1.2   -0.0
   -10.465   123.493   -0.5    1.2   -0.0
   -10.402   123.493   -0.5    1.2   -0.1
   -10.339   123.493   -0.5    1.2   -0.1
   -10.276   123.493   -0.5    1.2   -0.1
   -10.214   123.493   -0.5    1.2   -0.1
   -10.151   123.493   -0.5    1.2   -0.1
   -10.088   123.493   -0.5    1.2   -0.1
   -10.025   123.493   -0.5    1.2   -0.2
    -9.962   123.493   -0.5    1.1   -0.2
    -9.899   123.493   -0.4    1.1   -0.2
    -9.836   123.493   -0.4    1.1   -0.2
    -9.774   123.493   -0.4    1.1   -0.2
    -9.711   123.493   -0.4    1.1   -0.3
    -9.648   123.493   -0.4    1.1   -0.3
    -9.585   123.493   -0.4    1.1   -0.3
    -9.522   123.493   -0.3    1.0   -0.4
    -9.459   123.493   -0.3    1.0   -0.4
    -9.396   123.493   -0.3    1.0   -0.4
    -9.334   123.493   -0.3    0.9   -0.5
    -9.271   123.493   -0.2    0.9   -0.5
    -9.208   123.493   -0.2    0.9   -0.5
    -9.145   123.493   -0.2    0.9   -0.6
    -9.082   123.493   -0.1    0.8   -0.6
    -9.019   123.493   -0.1    0.8   -0.6
    -8.956   123.493   -0.0    0.7   -0.7
    -8.894   123.493    0.0    0.7   -0.7
    -8.831   123.493    0.0    0.7   -0.7
    -8.768   123.493    0.1    0.6   -0.8
    -8.705   123.493    0.1    0.6   -0.8
    -8.642   123.493    0.2    0.5   -0.8
    -8.579   123.493    0.2    0.5   -0.8
    -8.517   123.493    0.3    0.4   -0.9
    -8.454   123.493    0.3    0.4   -0.9
    -8.391   123.493    0.4    0.3   -0.9
    -8.328   123.493    0.4    0.2   -0.9
    -8.265   123.493    0.4    0.2   -1.0
    -8.202   123.493    0.5    0.1   -1.0
    -8.139   123.493    0.5    0.1   -1.0
    -8.077   123.493    0.6    0.0   -1.0
    -8.014   123.493    0.6   -0.0   -1.0
    -7.951   123.493    0.6   -0.1   -1.0
    -7.888   123.493    0.6   -0.1   -0.9
    -7.825   123.493    0.6   -0.2   -0.9
    -7.762   123.493    0.5   -0.2   -0.9
    -7.699   123.493    0.5   -0.3   -0.9
    -7.637   123.493    0.5   -0.3   -0.8
    -7.574   123.493    0.4   -0.4   -0.8
    -7.511   123.493    0.4   -0.4   -0.7
    -7.448   123.493    0.3   -0.5   -0.7
    -7.385   123.493    0.2   -0.5   -0.6
    -7.322   123.493    0.2   -0.6   -0.6
    -7.259   123.493    0.1   -0.6   -0.6
    -7.197   123.493    0.1   -0.7   -0.5
    -7.134   123.493    0.0   -0.7   -0.5
    -7.071   123.493   -0.0   -0.8   -0.4
    -7.008   123.493   -0.1   -0.8   -0.4
    -6.945   123.493   -0.1   -0.8   -0.4
    -6.882   123.493   -0.1   -0.9   -0.3
    -6.820   123.493   -0.2   -0.9   -0.3
    -6.757   123.493   -0.2   -0.9   -0.3
    -6.694   123.493   -0.2   -0.9   -0.2
    -6.631   123.493   -0.2   -1.0   -0.2
    -6.568   123.493   -0.2   -1.0   -0.2
    -6.505   123.493   -0.3   -1.0   -0.2
    -6.442   123.493   -0.3   -1.0   -0.1
    -6.380   123.493   -0.3   -1.0   -0.1
    -6.317   123.493   -0.3   -1.0   -0.1
    -6.254   123.493   -0.3   -1.0   -0.1
    -6.191   123.493   -0.3   -1.0   -0.1
    -6.128   123.493   -0.3   -1.0   -0.0
    -6.065   123.493   -0.3   -1.0   -0.0
    -6.002   123.493   -0.3   -1.0   -0.0
    -5.940   123.493   -0.3   -1.0   -0.0
    -5.877   123.493   -0.3   -1.0   -0.0
    -5.814   123.493   -0.3   -1.0    0.0
    -5.751   123.493   -0.3   -1.0    0.0
    -5.688   123.493   -0.3   -1.0    0.0
    -5.625   123.493   -0.3   -1.0    0.0
    -5.562   123.493   -0.3   -1.0    0.0
    -5.500   123.493   -0.3   -1.0    0.0
    -5.437   123.493   -0.3   -1.0    0.1
    -5.374   123.493   -0.3   -1.0    0.1
    -5.311   123.493   -0.3   -0.9    0.1
    -5.248   123.493   -0.3   -0.9    0.1
    -5.185   123.493   -0.3   -0.9    0.1
    -5.123   123.493   -0.3   -0.9    0.1
   -11.408   123.557   -0.4    1.0    0.1
   -11.345   123.557   -0.4    1.0    0.1
   -11.282   123.557   -0.4    1.0    0.1
   -11.219   123.557   -0.4    1.0    0.1
   -11.156   123.557   -0.4    1.1    0.0
   -11.093   123.557   -0.4    1.1    0.0
   -11.031   123.557   -0.4    1.1    0.0
   -10.968   123.557   -0.4    1.1    0.0
   -10.905   123.557   -0.4    1.1    0.0
   -10.842   123.557   -0.4    1.1    0.0
   -10.779   123.557   -0.4    1.1    0.0
   -10.716   123.557   -0.4    1.1   -0.0
   -10.653   123.557   -0.4    1.1   -0.0
   -10.591   123.557   -0.4    1.1   -0.0
   -10.528   123.557   -0.5    1.1   -0.0
   -10.465   123.557   -0.5    1.1   -0.1
   -10.402   123.557   -0.5    1.1   -0.1
   -10.339   123.557   -0.5    1.1   -0.1
   -10.276   123.557   -0.5    1.1   -0.1
   -10.214   123.557   -0.5    1.1   -0.1
   -10.151   123.557   -0.4    1.1   -0.1
   -10.088   123.557   -0.4    1.1   -0.1
   -10.025   123.557   -0.4    1.1   -0.2
    -9.962   123.557   -0.4    1.1   -0.2
    -9.899   123.557   -0.4    1.1   -0.2
    -9.836   123.557   -0.4    1.0   -0.2
    -9.774   123.557   -0.4    1.0   -0.3
    -9.711   123.557   -0.4    1.0   -0.3
    -9.648   123.557   -0.4    1.0   -0.3
    -9.585   123.557   -0.3    1.0   -0.3
    -9.522   123.557   -0.3    1.0   -0.4
    -9.459   123.557   -0.3    0.9   -0.4
    -9.396   123.557   -0.3    0.9   -0.4
    -9.334   123.557   -0.2    0.9   -0.4
    -9.271   123.557   -0.2    0.8   -0.5
    -9.208   123.557   -0.2    0.8   -0.5
    -9.145   123.557   -0.1    0.8   -0.5
    -9.082   123.557   -0.1    0.7   -0.6
    -9.019   123.557   -0.1    0.7   -0.6
    -8.956   123.557   -0.0    0.7   -0.6
    -8.894   123.557    0.0    0.6   -0.7
    -8.831   123.557    0.1    0.6   -0.7
    -8.768   123.557    0.1    0.5   -0.7
    -8.705   123.557    0.1    0.5   -0.8
    -8.642   123.557    0.2    0.5   -0.8
    -8.579   123.557    0.2    0.4   -0.8
    -8.517   123.557    0.3    0.4   -0.8
    -8.454   123.557    0.3    0.3   -0.9
    -8.391   123.557    0.4    0.3   -0.9
    -8.328   123.557    0.4    0.2   -0.9
    -8.265   123.557    0.4    0.2   -0.9
    -8.202   123.557    0.5    0.1   -0.9
    -8.139   123.557    0.5    0.0   -0.9
    -8.077   123.557    0.5   -0.0   -0.9
    -8.014   123.557    0.5   -0.0   -0.9
    -7.951   123.557    0.5   -0.1   -0.9
    -7.888   123.557    0.5   -0.1   -0.9
    -7.825   123.557    0.5   -0.2   -0.9
    -7.762   123.557    0.5   -0.2   -0.8
    -7.699   123.557    0.5   -0.3   -0.8
    -7.637   123.557    0.4   -0.3   -0.8
    -7.574   123.557    0.4   -0.4   -0.7
    -7.511   123.557    0.3   -0.4   -0.7
    -7.448   123.557    0.3   -0.4   -0.7
    -7.385   123.557    0.2   -0.5   -0.6
    -7.322   123.557    0.2   -0.5   -0.6
    -7.259   123.557    0.1   -0.6   -0.5
    -7.197   123.557    0.1   -0.6   -0.5
    -7.134   123.557    0.0   -0.7   -0.5
    -7.071   123.557   -0.0   -0.7   -0.4
    -7.008   123.557   -0.0   -0.7   -0.4
    -6.945   123.557   -0.1   -0.8   -0.4
    -6.882   123.557   -0.1   -0.8   -0.3
    -6.820   123.557   -0.1   -0.8   -0.3
    -6.757   123.557   -0.2   -0.9   -0.3
    -6.694   123.557   -0.2   -0.9   -0.2
    -6.631   123.557   -0.2   -0.9   -0.2
    -6.568   123.557   -0.2   -0.9   -0.2
    -6.505   123.557   -0.2   -0.9   -0.2
    -6.442   123.557   -0.2   -0.9   -0.1
    -6.380   123.557   -0.3   -0.9   -0.1
    -6.317   123.557   -0.3   -1.0   -0.1
    -6.254   123.557   -0.3   -1.0   -0.1
    -6.191   123.557   -0.3   -1.0   -0.1
    -6.128   123.557   -0.3   -1.0   -0.1
    -6.065   123.557   -0.3   -1.0   -0.0
    -6.002   123.557   -0.3   -1.0   -0.0
    -5.940   123.557   -0.3   -1.0   -0.0
    -5.877   123.557   -0.3   -1.0   -0.0
    -5.814   123.557   -0.3   -1.0   -0.0
    -5.751   123.557   -0.3   -1.0    0.0
    -5.688   123.557   -0.3   -1.0    0.0
    -5.625   123.557   -0.3   -0.9    0.0
    -5.562   123.557   -0.3   -0.9    0.0
    -5.500   123.557   -0.3   -0.9    0.0
    -5.437   123.557   -0.3   -0.9    0.0
    -5.374   123.557   -0.3   -0.9    0.0
    -5.311   123.557   -0.3   -0.9    0.1
    -5.248   123.557   -0.3   -0.9    0.1
    -5.185   123.557   -0.3   -0.9    0.1
    -5.123   123.557   -0.2   -0.9    0.1
   -11.408   123.621   -0.4    1.0    0.1
   -11.345   123.621   -0.4    1.0    0.1
   -11.282   123.621   -0.4    1.0    0.1
   -11.219   123.621   -0.4    1.0    0.0
   -11.156   123.621   -0.4    1.0    0.0
   -11.093   123.621   -0.4    1.0    0.0
   -11.031   123.621   -0.4    1.0    0.0
   -10.968   123.621   -0.4    1.0    0.0
   -10.905   123.621   -0.4    1.0    0.0
   -10.842   123.621   -0.4    1.0    0.0
   -10.779   123.621   -0.4    1.0   -0.0
   -10.716   123.621   -0.4    1.0   -0.0
   -10.653   123.621   -0.4    1.1   -0.0
   -10.591   123.621   -0.4    1.1   -0.0
   -10.528   123.621   -0.4    1.1   -0.0
   -10.465   123.621   -0.4    1.1   -0.1
   -10.402   123.621   -0.4    1.1   -0.1
   -10.339   123.621   -0.4    1.1   -0.1
   -10.276   123.621   -0.4    1.0   -0.1
   -10.214   123.621   -0.4    1.0   -0.1
   -10.151   123.621   -0.4    1.0   -0.1
   -10.088   123.621   -0.4    1.0   -0.2
   -10.025   123.621   -0.4    1.0   -0.2
    -9.962   123.621   -0.4    1.0   -0.2
    -9.899   123.621   -0.4    1.0   -0.2
    -9.836   123.621   -0.4    1.0   -0.2
    -9.774   123.621   -0.4    1.0   -0.3
    -9.711   123.621   -0.3    0.9   -0.3
    -9.648   123.621   -0.3    0.9   -0.3
    -9.585   123.621   -0.3    0.9   -0.3
    -9.522   123.621   -0.3    0.9   -0.4
    -9.459   123.621   -0.3    0.9   -0.4
    -9.396   123.621   -0.2    0.8   -0.4
    -9.334   123.621   -0.2    0.8   -0.4
    -9.271   123.621   -0.2    0.8   -0.5
    -9.208   123.621   -0.1    0.7   -0.5
    -9.145   123.621   -0.1    0.7   -0.5
    -9.082   123.621   -0.1    0.7   -0.6
    -9.019   123.621   -0.0    0.6   -0.6
    -8.956   123.621    0.0    0.6   -0.6
    -8.894   123.621    0.0    0.6   -0.6
    -8.831   123.621    0.1    0.5   -0.7
    -8.768   123.621    0.1    0.5   -0.7
    -8.705   123.621    0.2    0.5   -0.7
    -8.642   123.621    0.2    0.4   -0.7
    -8.579   123.621    0.2    0.4   -0.8
    -8.517   123.621    0.3    0.3   -0.8
    -8.454   123.621    0.3    0.3   -0.8
    -8.391   123.621    0.3    0.2   -0.8
    -8.328   123.621    0.4    0.2   -0.8
    -8.265   123.621    0.4    0.1   -0.9
    -8.202   123.621    0.4    0.1   -0.9
    -8.139   123.621    0.5    0.0   -0.9
    -8.077   123.621    0.5   -0.0   -0.9
    -8.014   123.621    0.5   -0.0   -0.9
    -7.951   123.621    0.5   -0.1   -0.8
    -7.888   123.621    0.5   -0.1   -0.8
    -7.825   123.621    0.5   -0.2   -0.8
    -7.762   123.621    0.5   -0.2   -0.8
    -7.699   123.621    0.4   -0.2   -0.8
    -7.637   123.621    0.4   -0.3   -0.7
    -7.574   123.621    0.4   -0.3   -0.7
    -7.511   123.621    0.3   -0.4   -0.7
    -7.448   123.621    0.3   -0.4   -0.6
    -7.385   123.621    0.2   -0.5   -0.6
    -7.322   123.621    0.2   -0.5   -0.6
    -7.259   123.621    0.1   -0.5   -0.5
    -7.197   123.621    0.1   -0.6   -0.5
    -7.134   123.621    0.1   -0.6   -0.5
    -7.071   123.621    0.0   -0.6   -0.4
    -7.008   123.621   -0.0   -0.7   -0.4
    -6.945   123.621   -0.1   -0.7   -0.4
    -6.882   123.621   -0.1   -0.7   -0.3
    -6.820   123.621   -0.1   -0.8   -0.3
    -6.757   123.621   -0.1   -0.8   -0.3
    -6.694   123.621   -0.2   -0.8   -0.2
    -6.631   123.621   -0.2   -0.8   -0.2
    -6.568   123.621   -0.2   -0.8   -0.2
    -6.505   123.621   -0.2   -0.9   -0.2
    -6.442   123.621   -0.2   -0.9   -0.2
    -6.380   123.621   -0.2   -0.9   -0.1
    -6.317   123.621   -0.2   -0.9   -0.1
    -6.254   123.621   -0.3   -0.9   -0.1
    -6.191   123.621   -0.3   -0.9   -0.1
    -6.128   123.621   -0.3   -0.9   -0.1
    -6.065   123.621   -0.3   -0.9   -0.1
    -6.002   123.621   -0.3   -0.9   -0.0
    -5.940   123.621   -0.3   -0.9   -0.0
    -5.877   123.621   -0.3   -0.9   -0.0
    -5.814   123.621   -0.3   -0.9   -0.0
    -5.751   123.621   -0.3   -0.9   -0.0
    -5.688   123.621   -0.3   -0.9    0.0
    -5.625   123.621   -0.3   -0.9    0.0
    -5.562   123.621   -0.3   -0.9    0.0
    -5.500   123.621   -0.3   -0.9    0.0
    -5.437   123.621   -0.3   -0.9    0.0
    -5.374   123.621   -0.3   -0.9    0.0
    -5.311   123.621   -0.3   -0.9    0.0
    -5.248   123.621   -0.2   -0.9    0.0
    -5.185   123.621   -0.2   -0.9    0.1
    -5.123   123.621   -0.2   -0.8    0.1
   -11.408   123.684   -0.4    0.9    0.1
   -11.345   123.684   -0.4    0.9    0.0
   -11.282   123.684   -0.4    1.0    0.0
   -11.219   123.684   -0.4    1.0    0.0
   -11.156   123.684   -0.4    1.0    0.0
   -11.093   123.684   -0.4    1.0    0.0
   -11.031   123.684   -0.4    1.0    0.0
   -10.968   123.684   -0.4    1.0    0.0
   -10.905   123.684   -0.4    1.0    0.0
   -10.842   123.684   -0.4    1.0   -0.0
   -10.779   123.684   -0.4    1.0   -0.0
   -10.716   123.684   -0.4    1.0   -0.0
   -10.653   123.684   -0.4    1.0   -0.0
   -10.591   123.684   -0.4    1.0   -0.0
   -10.528   123.684   -0.4    1.0   -0.1
   -10.465   123.684   -0.4    1.0   -0.1
   -10.402   123.684   -0.4    1.0   -0.1
   -10.339   123.684   -0.4    1.0   -0.1
   -10.276   123.684   -0.4    1.0   -0.1
   -10.214   123.684   -0.4    1.0   -0.1
   -10.151   123.684   -0.4    1.0   -0.1
   -10.088   123.684   -0.4    1.0   -0.2
   -10.025   123.684   -0.4    1.0   -0.2
    -9.962   123.684   -0.4    0.9   -0.2
    -9.899   123.684   -0.4    0.9   -0.2
    -9.836   123.684   -0.3    0.9   -0.2
    -9.774   123.684   -0.3    0.9   -0.3
    -9.711   123.684   -0.3    0.9   -0.3
    -9.648   123.684   -0.3    0.9   -0.3
    -9.585   123.684   -0.3    0.8   -0.3
    -9.522   123.684   -0.3    0.8   -0.3
    -9.459   123.684   -0.2    0.8   -0.4
    -9.396   123.684   -0.2    0.8   -0.4
    -9.334   123.684   -0.2    0.7   -0.4
    -9.271   123.684   -0.1    0.7   -0.5
    -9.208   123.684   -0.1    0.7   -0.5
    -9.145   123.684   -0.1    0.7   -0.5
    -9.082   123.684   -0.1    0.6   -0.5
    -9.019   123.684   -0.0    0.6   -0.6
    -8.956   123.684    0.0    0.6   -0.6
    -8.894   123.684    0.1    0.5   -0.6
    -8.831   123.684    0.1    0.5   -0.6
    -8.768   123.684    0.1    0.4   -0.7
    -8.705   123.684    0.2    0.4   -0.7
    -8.642   123.684    0.2    0.4   -0.7
    -8.579   123.684    0.2    0.3   -0.7
    -8.517   123.684    0.3    0.3   -0.8
    -8.454   123.684    0.3    0.2   -0.8
    -8.391   123.684    0.3    0.2   -0.8
    -8.328   123.684    0.4    0.2   -0.8
    -8.265   123.684    0.4    0.1   -0.8
    -8.202   123.684    0.4    0.1   -0.8
    -8.139   123.684    0.4    0.0   -0.8
    -8.077   123.684    0.5   -0.0   -0.8
    -8.014   123.684    0.5   -0.0   -0.8
    -7.951   123.684    0.5   -0.1   -0.8
    -7.888   123.684    0.5   -0.1   -0.8
    -7.825   123.684    0.5   -0.2   -0.8
    -7.762   123.684    0.4   -0.2   -0.8
    -7.699   123.684    0.4   -0.2   -0.7
    -7.637   123.684    0.4   -0.3   -0.7
    -7.574   123.684    0.4   -0.3   -0.7
    -7.511   123.684    0.3   -0.3   -0.6
    -7.448   123.684    0.3   -0.4   -0.6
    -7.385   123.684    0.2   -0.4   -0.6
    -7.322   123.684    0.2   -0.5   -0.5
    -7.259   123.684    0.1   -0.5   -0.5
    -7.197   123.684    0.1   -0.5   -0.5
    -7.134   123.684    0.1   -0.6   -0.4
    -7.071   123.684    0.0   -0.6   -0.4
    -7.008   123.684   -0.0   -0.6   -0.4
    -6.945   123.684   -0.0   -0.7   -0.4
    -6.882   123.684   -0.1   -0.7   -0.3
    -6.820   123.684   -0.1   -0.7   -0.3
    -6.757   123.684   -0.1   -0.7   -0.3
    -6.694   123.684   -0.1   -0.8   -0.2
    -6.631   123.684   -0.2   -0.8   -0.2
    -6.568   123.684   -0.2   -0.8   -0.2
    -6.505   123.684   -0.2   -0.8   -0.2
    -6.442   123.684   -0.2   -0.8   -0.2
    -6.380   123.684   -0.2   -0.8   -0.1
    -6.317   123.684   -0.2   -0.8   -0.1
    -6.254   123.684   -0.2   -0.8   -0.1
    -6.191   123.684   -0.2   -0.9   -0.1
    -6.128   123.684   -0.2   -0.9   -0.1
    -6.065   123.684   -0.2   -0.9   -0.1
    -6.002   123.684   -0.3   -0.9   -0.1
    -5.940   123.684   -0.3   -0.9   -0.0
    -5.877   123.684   -0.3   -0.9   -0.0
    -5.814   123.684   -0.3   -0.9   -0.0
    -5.751   123.684   -0.3   -0.9   -0.0
    -5.688   123.684   -0.3   -0.9   -0.0
    -5.625   123.684   -0.3   -0.9    0.0
    -5.562   123.684   -0.3   -0.9    0.0
    -5.500   123.684   -0.3   -0.9    0.0
    -5.437   123.684   -0.2   -0.8    0.0
    -5.374   123.684   -0.2   -0.8    0.0
    -5.311   123.684   -0.2   -0.8    0.0
    -5.248   123.684   -0.2   -0.8    0.0
    -5.185   123.684   -0.2   -0.8    0.0
    -5.123   123.684   -0.2   -0.8    0.0
   -11.408   123.748   -0.3    0.9    0.0
   -11.345   123.748   -0.3    0.9    0.0
   -11.282   123.748   -0.4    0.9    0.0
   -11.219   123.748   -0.4    0.9    0.0
   -11.156   123.748   -0.4    0.9    0.0
   -11.093   123.748   -0.4    0.9    0.0
   -11.031   123.748   -0.4    0.9    0.0
   -10.968   123.748   -0.4    0.9    0.0
   -10.905   123.748   -0.4    0.9   -0.0
   -10.842   123.748   -0.4    0.9   -0.0
   -10.779   123.748   -0.4    0.9   -0.0
   -10.716   123.748   -0.4    1.0   -0.0
   -10.653   123.748   -0.4    1.0   -0.0
   -10.591   123.748   -0.4    1.0   -0.0
   -10.528   123.748   -0.4    0.9   -0.1
   -10.465   123.748   -0.4    0.9   -0.1
   -10.402   123.748   -0.4    0.9   -0.1
   -10.339   123.748   -0.4    0.9   -0.1
   -10.276   123.748   -0.4    0.9   -0.1
   -10.214   123.748   -0.4    0.9   -0.1
   -10.151   123.748   -0.4    0.9   -0.1
   -10.088   123.748   -0.4    0.9   -0.2
   -10.025   123.748   -0.4    0.9   -0.2
    -9.962   123.748   -0.3    0.9   -0.2
    -9.899   123.748   -0.3    0.9   -0.2
    -9.836   123.748   -0.3    0.9   -0.2
    -9.774   123.748   -0.3    0.8   -0.3
    -9.711   123.748   -0.3    0.8   -0.3
    -9.648   123.748   -0.3    0.8   -0.3
    -9.585   123.748   -0.2    0.8   -0.3
    -9.522   123.748   -0.2    0.8   -0.3
    -9.459   123.748   -0.2    0.7   -0.4
    -9.396   123.748   -0.2    0.7   -0.4
    -9.334   123.748   -0.2    0.7   -0.4
    -9.271   123.748   -0.1    0.7   -0.4
    -9.208   123.748   -0.1    0.6   -0.5
    -9.145   123.748   -0.1    0.6   -0.5
    -9.082   123.748   -0.0    0.6   -0.5
    -9.019   123.748   -0.0    0.5   -0.5
    -8.956   123.748    0.0    0.5   -0.6
    -8.894   123.748    0.1    0.5   -0.6
    -8.831   123.748    0.1    0.4   -0.6
    -8.768   123.748    0.1    0.4   -0.6
    -8.705   123.748    0.2    0.4   -0.7
    -8.642   123.748    0.2    0.3   -0.7
    -8.579   123.748    0.2    0.3   -0.7
    -8.517   123.748    0.3    0.3   -0.7
    -8.454   123.748    0.3    0.2   -0.7
    -8.391   123.748    0.3    0.2   -0.7
    -8.328   123.748    0.4    0.1   -0.8
    -8.265   123.748    0.4    0.1   -0.8
    -8.202   123.748    0.4    0.1   -0.8
    -8.139   123.748    0.4    0.0   -0.8
    -8.077   123.748    0.4   -0.0   -0.8
    -8.014   123.748    0.4   -0.0   -0.8
    -7.951   123.748    0.4   -0.1   -0.8
    -7.888   123.748    0.4   -0.1   -0.7
    -7.825   123.748    0.4   -0.1   -0.7
    -7.762   123.748    0.4   -0.2   -0.7
    -7.699   123.748    0.4   -0.2   -0.7
    -7.637   123.748    0.4   -0.2   -0.7
    -7.574   123.748    0.3   -0.3   -0.6
    -7.511   123.748    0.3   -0.3   -0.6
    -7.448   123.748    0.3   -0.3   -0.6
    -7.385   123.748    0.2   -0.4   -0.6
    -7.322   123.748    0.2   -0.4   -0.5
    -7.259   123.748    0.2   -0.4   -0.5
    -7.197   123.748    0.1   -0.5   -0.5
    -7.134   123.748    0.1   -0.5   -0.4
    -7.071   123.748    0.0   -0.5   -0.4
    -7.008   123.748    0.0   -0.6   -0.4
    -6.945   123.748   -0.0   -0.6   -0.4
    -6.882   123.748   -0.0   -0.6   -0.3
    -6.820   123.748   -0.1   -0.7   -0.3
    -6.757   123.748   -0.1   -0.7   -0.3
    -6.694   123.748   -0.1   -0.7   -0.3
    -6.631   123.748   -0.1   -0.7   -0.2
    -6.568   123.748   -0.2   -0.7   -0.2
    -6.505   123.748   -0.2   -0.8   -0.2
    -6.442   123.748   -0.2   -0.8   -0.2
    -6.380   123.748   -0.2   -0.8   -0.1
    -6.317   123.748   -0.2   -0.8   -0.1
    -6.254   123.748   -0.2   -0.8   -0.1
    -6.191   123.748   -0.2   -0.8   -0.1
    -6.128   123.748   -0.2   -0.8   -0.1
    -6.065   123.748   -0.2   -0.8   -0.1
    -6.002   123.748   -0.2   -0.8   -0.1
    -5.940   123.748   -0.2   -0.8   -0.1
    -5.877   123.748   -0.2   -0.8   -0.0
    -5.814   123.748   -0.2   -0.8   -0.0
    -5.751   123.748   -0.2   -0.8   -0.0
    -5.688   123.748   -0.2   -0.8   -0.0
    -5.625   123.748   -0.2   -0.8   -0.0
    -5.562   123.748   -0.2   -0.8    0.0
    -5.500   123.748   -0.2   -0.8    0.0
    -5.437   123.748   -0.2   -0.8    0.0
    -5.374   123.748   -0.2   -0.8    0.0
    -5.311   123.748   -0.2   -0.8    0.0
    -5.248   123.748   -0.2   -0.8    0.0
    -5.185   123.748   -0.2   -0.8    0.0
    -5.123   123.748   -0.2   -0.8    0.0
   -11.408   123.811   -0.3    0.9    0.0
   -11.345   123.811   -0.3    0.9    0.0
   -11.282   123.811   -0.3    0.9    0.0
   -11.219   123.811   -0.3    0.9    0.0
   -11.156   123.811   -0.4    0.9    0.0
   -11.093   123.811   -0.4    0.9    0.0
   -11.031   123.811   -0.4    0.9    0.0
   -10.968   123.811   -0.4    0.9   -0.0
   -10.905   123.811   -0.4    0.9   -0.0
   -10.842   123.811   -0.4    0.9   -0.0
   -10.779   123.811   -0.4    0.9   -0.0
   -10.716   123.811   -0.4    0.9   -0.0
   -10.653   123.811   -0.4    0.9   -0.0
   -10.591   123.811   -0.4    0.9   -0.1
   -10.528   123.811   -0.4    0.9   -0.1
   -10.465   123.811   -0.4    0.9   -0.1
   -10.402   123.811   -0.4    0.9   -0.1
   -10.339   123.811   -0.4    0.9   -0.1
   -10.276   123.811   -0.4    0.9   -0.1
   -10.214   123.811   -0.4    0.9   -0.1
   -10.151   123.811   -0.3    0.9   -0.1
   -10.088   123.811   -0.3    0.9   -0.2
   -10.025   123.811   -0.3    0.8   -0.2
    -9.962   123.811   -0.3    0.8   -0.2
    -9.899   123.811   -0.3    0.8   -0.2
    -9.836   123.811   -0.3    0.8   -0.2
    -9.774   123.811   -0.3    0.8   -0.3
    -9.711   123.811   -0.3    0.8   -0.3
    -9.648   123.811   -0.2    0.7   -0.3
    -9.585   123.811   -0.2    0.7   -0.3
    -9.522   123.811   -0.2    0.7   -0.3
    -9.459   123.811   -0.2    0.7   -0.4
    -9.396   123.811   -0.2    0.7   -0.4
    -9.334   123.811   -0.1    0.6   -0.4
    -9.271   123.811   -0.1    0.6   -0.4
    -9.208   123.811   -0.1    0.6   -0.5
    -9.145   123.811   -0.0    0.6   -0.5
    -9.082   123.811   -0.0    0.5   -0.5
    -9.019   123.811    0.0    0.5   -0.5
    -8.956   123.811    0.0    0.5   -0.6
    -8.894   123.811    0.1    0.4   -0.6
    -8.831   123.811    0.1    0.4   -0.6
    -8.768   123.811    0.1    0.4   -0.6
    -8.705   123.811    0.2    0.3   -0.6
    -8.642   123.811    0.2    0.3   -0.7
    -8.579   123.811    0.2    0.3   -0.7
    -8.517   123.811    0.3    0.2   -0.7
    -8.454   123.811    0.3    0.2   -0.7
    -8.391   123.811    0.3    0.2   -0.7
    -8.328   123.811    0.3    0.1   -0.7
    -8.265   123.811    0.4    0.1   -0.7
    -8.202   123.811    0.4    0.1   -0.7
    -8.139   123.811    0.4    0.0   -0.7
    -8.077   123.811    0.4   -0.0   -0.7
    -8.014   123.811    0.4   -0.0   -0.7
    -7.951   123.811    0.4   -0.1   -0.7
    -7.888   123.811    0.4   -0.1   -0.7
    -7.825   123.811    0.4   -0.1   -0.7
    -7.762   123.811    0.4   -0.2   -0.7
    -7.699   123.811    0.4   -0.2   -0.7
    -7.637   123.811    0.3   -0.2   -0.6
    -7.574   123.811    0.3   -0.3   -0.6
    -7.511   123.811    0.3   -0.3   -0.6
    -7.448   123.811    0.3   -0.3   -0.6
    -7.385   123.811    0.2   -0.4   -0.5
    -7.322   123.811    0.2   -0.4   -0.5
    -7.259   123.811    0.2   -0.4   -0.5
    -7.197   123.811    0.1   -0.4   -0.5
    -7.134   123.811    0.1   -0.5   -0.4
    -7.071   123.811    0.1   -0.5   -0.4
    -7.008   123.811    0.0   -0.5   -0.4
    -6.945   123.811   -0.0   -0.6   -0.4
    -6.882   123.811   -0.0   -0.6   -0.3
    -6.820   123.811   -0.1   -0.6   -0.3
    -6.757   123.811   -0.1   -0.6   -0.3
    -6.694   123.811   -0.1   -0.6   -0.3
    -6.631   123.811   -0.1   -0.7   -0.2
    -6.568   123.811   -0.1   -0.7   -0.2
    -6.505   123.811   -0.2   -0.7   -0.2
    -6.442   123.811   -0.2   -0.7   -0.2
    -6.380   123.811   -0.2   -0.7   -0.2
    -6.317   123.811   -0.2   -0.7   -0.1
    -6.254   123.811   -0.2   -0.7   -0.1
    -6.191   123.811   -0.2   -0.8   -0.1
    -6.128   123.811   -0.2   -0.8   -0.1
    -6.065   123.811   -0.2   -0.8   -0.1
    -6.002   123.811   -0.2   -0.8   -0.1
    -5.940   123.811   -0.2   -0.8   -0.1
    -5.877   123.811   -0.2   -0.8   -0.0
    -5.814   123.811   -0.2   -0.8   -0.0
    -5.751   123.811   -0.2   -0.8   -0.0
    -5.688   123.811   -0.2   -0.8   -0.0
    -5.625   123.811   -0.2   -0.8   -0.0
    -5.562   123.811   -0.2   -0.8   -0.0
    -5.500   123.811   -0.2   -0.8    0.0
    -5.437   123.811   -0.2   -0.8    0.0
    -5.374   123.811   -0.2   -0.8    0.0
    -5.311   123.811   -0.2   -0.8    0.0
    -5.248   123.811   -0.2   -0.8    0.0
    -5.185   123.811   -0.2   -0.8    0.0
    -5.123   123.811   -0.2   -0.8    0.0
   -11.408   123.875   -0.3    0.8    0.0
   -11.345   123.875   -0.3    0.8    0.0
   -11.282   123.875   -0.3    0.8    0.0
   -11.219   123.875   -0.3    0.8    0.0
   -11.156   123.875   -0.3    0.8    0.0
   -11.093   123.875   -0.3    0.9    0.0
   -11.031   123.875   -0.3    0.9   -0.0
   -10.968   123.875   -0.3    0.9   -0.0
   -10.905   123.875   -0.4    0.9   -0.0
   -10.842   123.875   -0.4    0.9   -0.0
   -10.779   123.875   -0.4    0.9   -0.0
   -10.716   123.875   -0.4    0.9   -0.0
   -10.653   123.875   -0.4    0.9   -0.1
   -10.591   123.875   -0.4    0.9   -0.1
   -10.528   123.875   -0.4    0.9   -0.1
   -10.465   123.875   -0.4    0.9   -0.1
   -10.402   123.875   -0.3    0.8   -0.1
   -10.339   123.875   -0.3    0.8   -0.1
   -10.276   123.875   -0.3    0.8   -0.1
   -10.214   123.875   -0.3    0.8   -0.1
   -10.151   123.875   -0.3    0.8   -0.2
   -10.088   123.875   -0.3    0.8   -0.2
   -10.025   123.875   -0.3    0.8   -0.2
    -9.962   123.875   -0.3    0.8   -0.2
    -9.899   123.875   -0.3    0.8   -0.2
    -9.836   123.875   -0.3    0.8   -0.2
    -9.774   123.875   -0.3    0.7   -0.3
    -9.711   123.875   -0.2    0.7   -0.3
    -9.648   123.875   -0.2    0.7   -0.3
    -9.585   123.875   -0.2    0.7   -0.3
    -9.522   123.875   -0.2    0.7   -0.3
    -9.459   123.875   -0.2    0.6   -0.4
    -9.396   123.875   -0.1    0.6   -0.4
    -9.334   123.875   -0.1    0.6   -0.4
    -9.271   123.875   -0.1    0.6   -0.4
    -9.208   123.875   -0.1    0.5   -0.4
    -9.145   123.875   -0.0    0.5   -0.5
    -9.082   123.875   -0.0    0.5   -0.5
    -9.019   123.875    0.0    0.5   -0.5
    -8.956   123.875    0.1    0.4   -0.5
    -8.894   123.875    0.1    0.4   -0.6
    -8.831   123.875    0.1    0.4   -0.6
    -8.768   123.875    0.1    0.3   -0.6
    -8.705   123.875    0.2    0.3   -0.6
    -8.642   123.875    0.2    0.3   -0.6
    -8.579   123.875    0.2    0.2   -0.6
    -8.517   123.875    0.3    0.2   -0.7
    -8.454   123.875    0.3    0.2   -0.7
    -8.391   123.875    0.3    0.1   -0.7
    -8.328   123.875    0.3    0.1   -0.7
    -8.265   123.875    0.4    0.1   -0.7
    -8.202   123.875    0.4    0.0   -0.7
    -8.139   123.875    0.4    0.0   -0.7
    -8.077   123.875    0.4   -0.0   -0.7
    -8.014   123.875    0.4   -0.0   -0.7
    -7.951   123.875    0.4   -0.1   -0.7
    -7.888   123.875    0.4   -0.1   -0.7
    -7.825   123.875    0.4   -0.1   -0.7
    -7.762   123.875    0.4   -0.2   -0.7
    -7.699   123.875    0.4   -0.2   -0.6
    -7.637   123.875    0.3   -0.2   -0.6
    -7.574   123.875    0.3   -0.2   -0.6
    -7.511   123.875    0.3   -0.3   -0.6
    -7.448   123.875    0.2   -0.3   -0.5
    -7.385   123.875    0.2   -0.3   -0.5
    -7.322   123.875    0.2   -0.4   -0.5
    -7.259   123.875    0.2   -0.4   -0.5
    -7.197   123.875    0.1   -0.4   -0.4
    -7.134   123.875    0.1   -0.4   -0.4
    -7.071   123.875    0.1   -0.5   -0.4
    -7.008   123.875    0.0   -0.5   -0.4
    -6.945   123.875    0.0   -0.5   -0.3
    -6.882   123.875   -0.0   -0.5   -0.3
    -6.820   123.875   -0.0   -0.6   -0.3
    -6.757   123.875   -0.1   -0.6   -0.3
    -6.694   123.875   -0.1   -0.6   -0.3
    -6.631   123.875   -0.1   -0.6   -0.2
    -6.568   123.875   -0.1   -0.6   -0.2
    -6.505   123.875   -0.1   -0.7   -0.2
    -6.442   123.875   -0.2   -0.7   -0.2
    -6.380   123.875   -0.2   -0.7   -0.2
    -6.317   123.875   -0.2   -0.7   -0.1
    -6.254   123.875   -0.2   -0.7   -0.1
    -6.191   123.875   -0.2   -0.7   -0.1
    -6.128   123.875   -0.2   -0.7   -0.1
    -6.065   123.875   -0.2   -0.7   -0.1
    -6.002   123.875   -0.2   -0.7   -0.1
    -5.940   123.875   -0.2   -0.7   -0.1
    -5.877   123.875   -0.2   -0.7   -0.1
    -5.814   123.875   -0.2   -0.7   -0.0
    -5.751   123.875   -0.2   -0.7   -0.0
    -5.688   123.875   -0.2   -0.7   -0.0
    -5.625   123.875   -0.2   -0.7   -0.0
    -5.562   123.875   -0.2   -0.7   -0.0
    -5.500   123.875   -0.2   -0.7   -0.0
    -5.437   123.875   -0.2   -0.7    0.0
    -5.374   123.875   -0.2   -0.7    0.0
    -5.311   123.875   -0.2   -0.7    0.0
    -5.248   123.875   -0.2   -0.7    0.0
    -5.185   123.875   -0.2   -0.7    0.0
    -5.123   123.875   -0.2   -0.7    0.0
   -11.408   123.938   -0.3    0.8    0.0
   -11.345   123.938   -0.3    0.8    0.0
   -11.282   123.938   -0.3    0.8    0.0
   -11.219   123.938   -0.3    0.8    0.0
   -11.156   123.938   -0.3    0.8    0.0
   -11.093   123.938   -0.3    0.8   -0.0
   -11.031   123.938   -0.3    0.8   -0.0
   -10.968   123.938   -0.3    0.8   -0.0
   -10.905   123.938   -0.3    0.8   -0.0
   -10.842   123.938   -0.3    0.8   -0.0
   -10.779   123.938   -0.3    0.8   -0.0
   -10.716   123.938   -0.3    0.8   -0.0
   -10.653   123.938   -0.3    0.8   -0.1
   -10.591   123.938   -0.3    0.8   -0.1
   -10.528   123.938   -0.3    0.8   -0.1
   -10.465   123.938   -0.3    0.8   -0.1
   -10.402   123.938   -0.3    0.8   -0.1
   -10.339   123.938   -0.3    0.8   -0.1
   -10.276   123.938   -0.3    0.8   -0.1
   -10.214   123.938   -0.3    0.8   -0.1
   -10.151   123.938   -0.3    0.8   -0.2
   -10.088   123.938   -0.3    0.8   -0.2
   -10.025   123.938   -0.3    0.7   -0.2
    -9.962   123.938   -0.3    0.7   -0.2
    -9.899   123.938   -0.3    0.7   -0.2
    -9.836   123.938   -0.2    0.7   -0.2
    -9.774   123.938   -0.2    0.7   -0.3
    -9.711   123.938   -0.2    0.7   -0.3
    -9.648   123.938   -0.2    0.7   -0.3
    -9.585   123.938   -0.2    0.6   -0.3
    -9.522   123.938   -0.2    0.6   -0.3
    -9.459   123.938   -0.1    0.6   -0.4
    -9.396   123.938   -0.1    0.6   -0.4
    -9.334   123.938   -0.1    0.5   -0.4
    -9.271   123.938   -0.1    0.5   -0.4
    -9.208   123.938   -0.0    0.5   -0.4
    -9.145   123.938   -0.0    0.5   -0.5
    -9.082   123.938    0.0    0.4   -0.5
    -9.019   123.938    0.0    0.4   -0.5
    -8.956   123.938    0.1    0.4   -0.5
    -8.894   123.938    0.1    0.4   -0.5
    -8.831   123.938    0.1    0.3   -0.6
    -8.768   123.938    0.1    0.3   -0.6
    -8.705   123.938    0.2    0.3   -0.6
    -8.642   123.938    0.2    0.2   -0.6
    -8.579   123.938    0.2    0.2   -0.6
    -8.517   123.938    0.3    0.2   -0.6
    -8.454   123.938    0.3    0.2   -0.6
    -8.391   123.938    0.3    0.1   -0.6
    -8.328   123.938    0.3    0.1   -0.7
    -8.265   123.938    0.3    0.1   -0.7
    -8.202   123.938    0.4    0.0   -0.7
    -8.139   123.938    0.4    0.0   -0.7
    -8.077   123.938    0.4   -0.0   -0.7
    -8.014   123.938    0.4   -0.0   -0.7
    -7.951   123.938    0.4   -0.1   -0.7
    -7.888   123.938    0.4   -0.1   -0.6
    -7.825   123.938    0.4   -0.1   -0.6
    -7.762   123.938    0.3   -0.1   -0.6
    -7.699   123.938    0.3   -0.2   -0.6
    -7.637   123.938    0.3   -0.2   -0.6
    -7.574   123.938    0.3   -0.2   -0.6
    -7.511   123.938    0.3   -0.2   -0.6
    -7.448   123.938    0.2   -0.3   -0.5
    -7.385   123.938    0.2   -0.3   -0.5
    -7.322   123.938    0.2   -0.3   -0.5
    -7.259   123.938    0.2   -0.4   -0.5
    -7.197   123.938    0.1   -0.4   -0.4
    -7.134   123.938    0.1   -0.4   -0.4
    -7.071   123.938    0.1   -0.4   -0.4
    -7.008   123.938    0.0   -0.5   -0.4
    -6.945   123.938    0.0   -0.5   -0.3
    -6.882   123.938   -0.0   -0.5   -0.3
    -6.820   123.938   -0.0   -0.5   -0.3
    -6.757   123.938   -0.1   -0.5   -0.3
    -6.694   123.938   -0.1   -0.6   -0.3
    -6.631   123.938   -0.1   -0.6   -0.2
    -6.568   123.938   -0.1   -0.6   -0.2
    -6.505   123.938   -0.1   -0.6   -0.2
    -6.442   123.938   -0.1   -0.6   -0.2
    -6.380   123.938   -0.1   -0.6   -0.2
    -6.317   123.938   -0.2   -0.7   -0.2
    -6.254   123.938   -0.2   -0.7   -0.1
    -6.191   123.938   -0.2   -0.7   -0.1
    -6.128   123.938   -0.2   -0.7   -0.1
    -6.065   123.938   -0.2   -0.7   -0.1
    -6.002   123.938   -0.2   -0.7   -0.1
    -5.940   123.938   -0.2   -0.7   -0.1
    -5.877   123.938   -0.2   -0.7   -0.1
    -5.814   123.938   -0.2   -0.7   -0.1
    -5.751   123.938   -0.2   -0.7   -0.0
    -5.688   123.938   -0.2   -0.7   -0.0
    -5.625   123.938   -0.2   -0.7   -0.0
    -5.562   123.938   -0.2   -0.7   -0.0
    -5.500   123.938   -0.2   -0.7   -0.0
    -5.437   123.938   -0.2   -0.7   -0.0
    -5.374   123.938   -0.2   -0.7   -0.0
    -5.311   123.938   -0.2   -0.7    0.0
    -5.248   123.938   -0.2   -0.7    0.0
    -5.185   123.938   -0.2   -0.7    0.0
    -5.123   123.938   -0.2   -0.7    0.0
   -11.408   124.002   -0.3    0.8    0.0
   -11.345   124.002   -0.3    0.8    0.0
   -11.282   124.002   -0.3    0.8    0.0
   -11.219   124.002   -0.3    0.8    0.0
   -11.156   124.002   -0.3    0.8   -0.0
   -11.093   124.002   -0.3    0.8   -0.0
   -11.031   124.002   -0.3    0.8   -0.0
   -10.968   124.002   -0.3    0.8   -0.0
   -10.905   124.002   -0.3    0.8   -0.0
   -10.842   124.002   -0.3    0.8   -0.0
   -10.779   124.002   -0.3    0.8   -0.0
   -10.716   124.002   -0.3    0.8   -0.1
   -10.653   124.002   -0.3    0.8   -0.1
   -10.591   124.002   -0.3    0.8   -0.1
   -10.528   124.002   -0.3    0.8   -0.1
   -10.465   124.002   -0.3    0.8   -0.1
   -10.402   124.002   -0.3    0.8   -0.1
   -10.339   124.002   -0.3    0.8   -0.1
   -10.276   124.002   -0.3    0.7   -0.1
   -10.214   124.002   -0.3    0.7   -0.1
   -10.151   124.002   -0.3    0.7   -0.2
   -10.088   124.002   -0.3    0.7   -0.2
   -10.025   124.002   -0.3    0.7   -0.2
    -9.962   124.002   -0.3    0.7   -0.2
    -9.899   124.002   -0.2    0.7   -0.2
    -9.836   124.002   -0.2    0.7   -0.2
    -9.774   124.002   -0.2    0.6   -0.3
    -9.711   124.002   -0.2    0.6   -0.3
    -9.648   124.002   -0.2    0.6   -0.3
    -9.585   124.002   -0.2    0.6   -0.3
    -9.522   124.002   -0.1    0.6   -0.3
    -9.459   124.002   -0.1    0.6   -0.3
    -9.396   124.002   -0.1    0.5   -0.4
    -9.334   124.002   -0.1    0.5   -0.4
    -9.271   124.002   -0.1    0.5   -0.4
    -9.208   124.002   -0.0    0.5   -0.4
    -9.145   124.002   -0.0    0.4   -0.4
    -9.082   124.002    0.0    0.4   -0.5
    -9.019   124.002    0.0    0.4   -0.5
    -8.956   124.002    0.1    0.4   -0.5
    -8.894   124.002    0.1    0.3   -0.5
    -8.831   124.002    0.1    0.3   -0.5
    -8.768   124.002    0.1    0.3   -0.5
    -8.705   124.002    0.2    0.3   -0.6
    -8.642   124.002    0.2    0.2   -0.6
    -8.579   124.002    0.2    0.2   -0.6
    -8.517   124.002    0.2    0.2   -0.6
    -8.454   124.002    0.3    0.1   -0.6
    -8.391   124.002    0.3    0.1   -0.6
    -8.328   124.002    0.3    0.1   -0.6
    -8.265   124.002    0.3    0.1   -0.6
    -8.202   124.002    0.3    0.0   -0.6
    -8.139   124.002    0.3    0.0   -0.6
    -8.077   124.002    0.4   -0.0   -0.6
    -8.014   124.002    0.4   -0.0   -0.6
    -7.951   124.002    0.4   -0.1   -0.6
    -7.888   124.002    0.4   -0.1   -0.6
    -7.825   124.002    0.3   -0.1   -0.6
    -7.762   124.002    0.3   -0.1   -0.6
    -7.699   124.002    0.3   -0.2   -0.6
    -7.637   124.002    0.3   -0.2   -0.6
    -7.574   124.002    0.3   -0.2   -0.5
    -7.511   124.002    0.3   -0.2   -0.5
    -7.448   124.002    0.2   -0.3   -0.5
    -7.385   124.002    0.2   -0.3   -0.5
    -7.322   124.002    0.2   -0.3   -0.5
    -7.259   124.002    0.2   -0.3   -0.4
    -7.197   124.002    0.1   -0.4   -0.4
    -7.134   124.002    0.1   -0.4   -0.4
    -7.071   124.002    0.1   -0.4   -0.4
    -7.008   124.002    0.1   -0.4   -0.4
    -6.945   124.002    0.0   -0.4   -0.3
    -6.882   124.002    0.0   -0.5   -0.3
    -6.820   124.002   -0.0   -0.5   -0.3
    -6.757   124.002   -0.0   -0.5   -0.3
    -6.694   124.002   -0.1   -0.5   -0.3
    -6.631   124.002   -0.1   -0.5   -0.2
    -6.568   124.002   -0.1   -0.6   -0.2
    -6.505   124.002   -0.1   -0.6   -0.2
    -6.442   124.002   -0.1   -0.6   -0.2
    -6.380   124.002   -0.1   -0.6   -0.2
    -6.317   124.002   -0.1   -0.6   -0.2
    -6.254   124.002   -0.2   -0.6   -0.1
    -6.191   124.002   -0.2   -0.6   -0.1
    -6.128   124.002   -0.2   -0.6   -0.1
    -6.065   124.002   -0.2   -0.6   -0.1
    -6.002   124.002   -0.2   -0.7   -0.1
    -5.940   124.002   -0.2   -0.7   -0.1
    -5.877   124.002   -0.2   -0.7   -0.1
    -5.814   124.002   -0.2   -0.7   -0.1
    -5.751   124.002   -0.2   -0.7   -0.1
    -5.688   124.002   -0.2   -0.7   -0.0
    -5.625   124.002   -0.2   -0.7   -0.0
    -5.562   124.002   -0.2   -0.7   -0.0
    -5.500   124.002   -0.2   -0.7   -0.0
    -5.437   124.002   -0.2   -0.7   -0.0
    -5.374   124.002   -0.2   -0.7   -0.0
    -5.311   124.002   -0.2   -0.7   -0.0
    -5.248   124.002   -0.2   -0.7    0.0
    -5.185   124.002   -0.2   -0.7    0.0
    -5.123   124.002   -0.2   -0.7    0.0
   -11.408   124.065   -0.3    0.7    0.0
   -11.345   124.065   -0.3    0.7    0.0
   -11.282   124.065   -0.3    0.7    0.0
   -11.219   124.065   -0.3    0.7   -0.0
   -11.156   124.065   -0.3    0.7   -0.0
   -11.093   124.065   -0.3    0.7   -0.0
   -11.031   124.065   -0.3    0.7   -0.0
   -10.968   124.065   -0.3    0.7   -0.0
   -10.905   124.065   -0.3    0.7   -0.0
   -10.842   124.065   -0.3    0.7   -0.0
   -10.779   124.065   -0.3    0.7   -0.1
   -10.716   124.065   -0.3    0.7   -0.1
   -10.653   124.065   -0.3    0.7   -0.1
   -10.591   124.065   -0.3    0.7   -0.1
   -10.528   124.065   -0.3    0.7   -0.1
   -10.465   124.065   -0.3    0.7   -0.1
   -10.402   124.065   -0.3    0.7   -0.1
   -10.339   124.065   -0.3    0.7   -0.1
   -10.276   124.065   -0.3    0.7   -0.1
   -10.214   124.065   -0.3    0.7   -0.1
   -10.151   124.065   -0.3    0.7   -0.2
   -10.088   124.065   -0.3    0.7   -0.2
   -10.025   124.065   -0.2    0.7   -0.2
    -9.962   124.065   -0.2    0.6   -0.2
    -9.899   124.065   -0.2    0.6   -0.2
    -9.836   124.065   -0.2    0.6   -0.2
    -9.774   124.065   -0.2    0.6   -0.3
    -9.711   124.065   -0.2    0.6   -0.3
    -9.648   124.065   -0.2    0.6   -0.3
    -9.585   124.065   -0.1    0.6   -0.3
    -9.522   124.065   -0.1    0.5   -0.3
    -9.459   124.065   -0.1    0.5   -0.3
    -9.396   124.065   -0.1    0.5   -0.4
    -9.334   124.065   -0.1    0.5   -0.4
    -9.271   124.065   -0.0    0.5   -0.4
    -9.208   124.065   -0.0    0.4   -0.4
    -9.145   124.065    0.0    0.4   -0.4
    -9.082   124.065    0.0    0.4   -0.4
    -9.019   124.065    0.1    0.4   -0.5
    -8.956   124.065    0.1    0.3   -0.5
    -8.894   124.065    0.1    0.3   -0.5
    -8.831   124.065    0.1    0.3   -0.5
    -8.768   124.065    0.1    0.3   -0.5
    -8.705   124.065    0.2    0.2   -0.5
    -8.642   124.065    0.2    0.2   -0.6
    -8.579   124.065    0.2    0.2   -0.6
    -8.517   124.065    0.2    0.2   -0.6
    -8.454   124.065    0.3    0.1   -0.6
    -8.391   124.065    0.3    0.1   -0.6
    -8.328   124.065    0.3    0.1   -0.6
    -8.265   124.065    0.3    0.1   -0.6
    -8.202   124.065    0.3    0.0   -0.6
    -8.139   124.065    0.3    0.0   -0.6
    -8.077   124.065    0.3   -0.0   -0.6
    -8.014   124.065    0.3   -0.0   -0.6
    -7.951   124.065    0.3   -0.1   -0.6
    -7.888   124.065    0.3   -0.1   -0.6
    -7.825   124.065    0.3   -0.1   -0.6
    -7.762   124.065    0.3   -0.1   -0.6
    -7.699   124.065    0.3   -0.1   -0.6
    -7.637   124.065    0.3   -0.2   -0.5
    -7.574   124.065    0.3   -0.2   -0.5
    -7.511   124.065    0.2   -0.2   -0.5
    -7.448   124.065    0.2   -0.2   -0.5
    -7.385   124.065    0.2   -0.3   -0.5
    -7.322   124.065    0.2   -0.3   -0.5
    -7.259   124.065    0.2   -0.3   -0.4
    -7.197   124.065    0.1   -0.3   -0.4
    -7.134   124.065    0.1   -0.4   -0.4
    -7.071   124.065    0.1   -0.4   -0.4
    -7.008   124.065    0.1   -0.4   -0.4
    -6.945   124.065    0.0   -0.4   -0.3
    -6.882   124.065    0.0   -0.4   -0.3
    -6.820   124.065   -0.0   -0.5   -0.3
    -6.757   124.065   -0.0   -0.5   -0.3
    -6.694   124.065   -0.0   -0.5   -0.3
    -6.631   124.065   -0.1   -0.5   -0.2
    -6.568   124.065   -0.1   -0.5   -0.2
    -6.505   124.065   -0.1   -0.5   -0.2
    -6.442   124.065   -0.1   -0.6   -0.2
    -6.380   124.065   -0.1   -0.6   -0.2
    -6.317   124.065   -0.1   -0.6   -0.2
    -6.254   124.065   -0.1   -0.6   -0.1
    -6.191   124.065   -0.2   -0.6   -0.1
    -6.128   124.065   -0.2   -0.6   -0.1
    -6.065   124.065   -0.2   -0.6   -0.1
    -6.002   124.065   -0.2   -0.6   -0.1
    -5.940   124.065   -0.2   -0.6   -0.1
    -5.877   124.065   -0.2   -0.6   -0.1
    -5.814   124.065   -0.2   -0.6   -0.1
    -5.751   124.065   -0.2   -0.6   -0.1
    -5.688   124.065   -0.2   -0.6   -0.0
    -5.625   124.065   -0.2   -0.6   -0.0
    -5.562   124.065   -0.2   -0.6   -0.0
    -5.500   124.065   -0.2   -0.6   -0.0
    -5.437   124.065   -0.2   -0.6   -0.0
    -5.374   124.065   -0.2   -0.6   -0.0
    -5.311   124.065   -0.2   -0.6   -0.0
    -5.248   124.065   -0.2   -0.6   -0.0
    -5.185   124.065   -0.2   -0.6    0.0
    -5.123   124.065   -0.2   -0.6    0.0
   -11.408   124.129   -0.3    0.7    0.0
   -11.345   124.129   -0.3    0.7    0.0
   -11.282   124.129   -0.3    0.7   -0.0
   -11.219   124.129   -0.3    0.7   -0.0
   -11.156   124.129   -0.3    0.7   -0.0
   -11.093   124.129   -0.3    0.7   -0.0
   -11.031   124.129   -0.3    0.7   -0.0
   -10.968   124.129   -0.3    0.7   -0.0
   -10.905   124.129   -0.3    0.7   -0.0
   -10.842   124.129   -0.3    0.7   -0.0
   -10.779   124.129   -0.3    0.7   -0.1
   -10.716   124.129   -0.3    0.7   -0.1
   -10.653   124.129   -0.3    0.7   -0.1
   -10.591   124.129   -0.3    0.7   -0.1
   -10.528   124.129   -0.3    0.7   -0.1
   -10.465   124.129   -0.3    0.7   -0.1
   -10.402   124.129   -0.3    0.7   -0.1
   -10.339   124.129   -0.3    0.7   -0.1
   -10.276   124.129   -0.3    0.7   -0.1
   -10.214   124.129   -0.3    0.7   -0.1
   -10.151   124.129   -0.2    0.6   -0.2
   -10.088   124.129   -0.2    0.6   -0.2
   -10.025   124.129   -0.2    0.6   -0.2
    -9.962   124.129   -0.2    0.6   -0.2
    -9.899   124.129   -0.2    0.6   -0.2
    -9.836   124.129   -0.2    0.6   -0.2
    -9.774   124.129   -0.2    0.6   -0.2
    -9.711   124.129   -0.2    0.6   -0.3
    -9.648   124.129   -0.1    0.5   -0.3
    -9.585   124.129   -0.1    0.5   -0.3
    -9.522   124.129   -0.1    0.5   -0.3
    -9.459   124.129   -0.1    0.5   -0.3
    -9.396   124.129   -0.1    0.5   -0.3
    -9.334   124.129   -0.1    0.4   -0.4
    -9.271   124.129   -0.0    0.4   -0.4
    -9.208   124.129   -0.0    0.4   -0.4
    -9.145   124.129    0.0    0.4   -0.4
    -9.082   124.129    0.0    0.4   -0.4
    -9.019   124.129    0.1    0.3   -0.4
    -8.956   124.129    0.1    0.3   -0.5
    -8.894   124.129    0.1    0.3   -0.5
    -8.831   124.129    0.1    0.3   -0.5
    -8.768   124.129    0.1    0.2   -0.5
    -8.705   124.129    0.2    0.2   -0.5
    -8.642   124.129    0.2    0.2   -0.5
    -8.579   124.129    0.2    0.2   -0.5
    -8.517   124.129    0.2    0.1   -0.6
    -8.454   124.129    0.3    0.1   -0.6
    -8.391   124.129    0.3    0.1   -0.6
    -8.328   124.129    0.3    0.1   -0.6
    -8.265   124.129    0.3    0.1   -0.6
    -8.202   124.129    0.3    0.0   -0.6
    -8.139   124.129    0.3    0.0   -0.6
    -8.077   124.129    0.3   -0.0   -0.6
    -8.014   124.129    0.3   -0.0   -0.6
    -7.951   124.129    0.3   -0.1   -0.6
    -7.888   124.129    0.3   -0.1   -0.6
    -7.825   124.129    0.3   -0.1   -0.6
    -7.762   124.129    0.3   -0.1   -0.5
    -7.699   124.129    0.3   -0.1   -0.5
    -7.637   124.129    0.3   -0.2   -0.5
    -7.574   124.129    0.3   -0.2   -0.5
    -7.511   124.129    0.2   -0.2   -0.5
    -7.448   124.129    0.2   -0.2   -0.5
    -7.385   124.129    0.2   -0.2   -0.5
    -7.322   124.129    0.2   -0.3   -0.4
    -7.259   124.129    0.2   -0.3   -0.4
    -7.197   124.129    0.1   -0.3   -0.4
    -7.134   124.129    0.1   -0.3   -0.4
    -7.071   124.129    0.1   -0.3   -0.4
    -7.008   124.129    0.1   -0.4   -0.3
    -6.945   124.129    0.0   -0.4   -0.3
    -6.882   124.129    0.0   -0.4   -0.3
    -6.820   124.129    0.0   -0.4   -0.3
    -6.757   124.129   -0.0   -0.4   -0.3
    -6.694   124.129   -0.0   -0.5   -0.3
    -6.631   124.129   -0.1   -0.5   -0.2
    -6.568   124.129   -0.1   -0.5   -0.2
    -6.505   124.129   -0.1   -0.5   -0.2
    -6.442   124.129   -0.1   -0.5   -0.2
    -6.380   124.129   -0.1   -0.5   -0.2
    -6.317   124.129   -0.1   -0.5   -0.2
    -6.254   124.129   -0.1   -0.6   -0.1
    -6.191   124.129   -0.1   -0.6   -0.1
    -6.128   124.129   -0.1   -0.6   -0.1
    -6.065   124.129   -0.2   -0.6   -0.1
    -6.002   124.129   -0.2   -0.6   -0.1
    -5.940   124.129   -0.2   -0.6   -0.1
    -5.877   124.129   -0.2   -0.6   -0.1
    -5.814   124.129   -0.2   -0.6   -0.1
    -5.751   124.129   -0.2   -0.6   -0.1
    -5.688   124.129   -0.2   -0.6   -0.1
    -5.625   124.129   -0.2   -0.6   -0.0
    -5.562   124.129   -0.2   -0.6   -0.0
    -5.500   124.129   -0.2   -0.6   -0.0
    -5.437   124.129   -0.2   -0.6   -0.0
    -5.374   124.129   -0.2   -0.6   -0.0
    -5.311   124.129   -0.2   -0.6   -0.0
    -5.248   124.129   -0.2   -0.6   -0.0
    -5.185   124.129   -0.2   -0.6   -0.0
    -5.123   124.129   -0.2   -0.6    0.0
   -11.408   124.192   -0.3    0.7    0.0
   -11.345   124.192   -0.3    0.7    0.0
   -11.282   124.192   -0.3    0.7   -0.0
   -11.219   124.192   -0.3    0.7   -0.0
   -11.156   124.192   -0.3    0.7   -0.0
   -11.093   124.192   -0.3    0.7   -0.0
   -11.031   124.192   -0.3    0.7   -0.0
   -10.968   124.192   -0.3    0.7   -0.0
   -10.905   124.192   -0.3    0.7   -0.0
   -10.842   124.192   -0.3    0.7   -0.1
   -10.779   124.192   -0.3    0.7   -0.1
   -10.716   124.192   -0.3    0.7   -0.1
   -10.653   124.192   -0.3    0.7   -0.1
   -10.591   124.192   -0.3    0.7   -0.1
   -10.528   124.192   -0.3    0.7   -0.1
   -10.465   124.192   -0.3    0.7   -0.1
   -10.402   124.192   -0.3    0.6   -0.1
   -10.339   124.192   -0.3    0.6   -0.1
   -10.276   124.192   -0.2    0.6   -0.1
   -10.214   124.192   -0.2    0.6   -0.2
   -10.151   124.192   -0.2    0.6   -0.2
   -10.088   124.192   -0.2    0.6   -0.2
   -10.025   124.192   -0.2    0.6   -0.2
    -9.962   124.192   -0.2    0.6   -0.2
    -9.899   124.192   -0.2    0.6   -0.2
    -9.836   124.192   -0.2    0.5   -0.2
    -9.774   124.192   -0.2    0.5   -0.2
    -9.711   124.192   -0.1    0.5   -0.3
    -9.648   124.192   -0.1    0.5   -0.3
    -9.585   124.192   -0.1    0.5   -0.3
    -9.522   124.192   -0.1    0.5   -0.3
    -9.459   124.192   -0.1    0.5   -0.3
    -9.396   124.192   -0.1    0.4   -0.3
    -9.334   124.192   -0.0    0.4   -0.4
    -9.271   124.192   -0.0    0.4   -0.4
    -9.208   124.192   -0.0    0.4   -0.4
    -9.145   124.192    0.0    0.4   -0.4
    -9.082   124.192    0.0    0.3   -0.4
    -9.019   124.192    0.1    0.3   -0.4
    -8.956   124.192    0.1    0.3   -0.5
    -8.894   124.192    0.1    0.3   -0.5
    -8.831   124.192    0.1    0.2   -0.5
    -8.768   124.192    0.1    0.2   -0.5
    -8.705   124.192    0.2    0.2   -0.5
    -8.642   124.192    0.2    0.2   -0.5
    -8.579   124.192    0.2    0.2   -0.5
    -8.517   124.192    0.2    0.1   -0.5
    -8.454   124.192    0.2    0.1   -0.5
    -8.391   124.192    0.3    0.1   -0.5
    -8.328   124.192    0.3    0.1   -0.6
    -8.265   124.192    0.3    0.0   -0.6
    -8.202   124.192    0.3    0.0   -0.6
    -8.139   124.192    0.3    0.0   -0.6
    -8.077   124.192    0.3   -0.0   -0.6
    -8.014   124.192    0.3   -0.0   -0.6
    -7.951   124.192    0.3   -0.1   -0.5
    -7.888   124.192    0.3   -0.1   -0.5
    -7.825   124.192    0.3   -0.1   -0.5
    -7.762   124.192    0.3   -0.1   -0.5
    -7.699   124.192    0.3   -0.1   -0.5
    -7.637   124.192    0.3   -0.1   -0.5
    -7.574   124.192    0.2   -0.2   -0.5
    -7.511   124.192    0.2   -0.2   -0.5
    -7.448   124.192    0.2   -0.2   -0.5
    -7.385   124.192    0.2   -0.2   -0.4
    -7.322   124.192    0.2   -0.2   -0.4
    -7.259   124.192    0.2   -0.3   -0.4
    -7.197   124.192    0.1   -0.3   -0.4
    -7.134   124.192    0.1   -0.3   -0.4
    -7.071   124.192    0.1   -0.3   -0.4
    -7.008   124.192    0.1   -0.3   -0.3
    -6.945   124.192    0.0   -0.4   -0.3
    -6.882   124.192    0.0   -0.4   -0.3
    -6.820   124.192    0.0   -0.4   -0.3
    -6.757   124.192   -0.0   -0.4   -0.3
    -6.694   124.192   -0.0   -0.4   -0.3
    -6.631   124.192   -0.0   -0.4   -0.2
    -6.568   124.192   -0.1   -0.5   -0.2
    -6.505   124.192   -0.1   -0.5   -0.2
    -6.442   124.192   -0.1   -0.5   -0.2
    -6.380   124.192   -0.1   -0.5   -0.2
    -6.317   124.192   -0.1   -0.5   -0.2
    -6.254   124.192   -0.1   -0.5   -0.2
    -6.191   124.192   -0.1   -0.5   -0.1
    -6.128   124.192   -0.1   -0.5   -0.1
    -6.065   124.192   -0.1   -0.6   -0.1
    -6.002   124.192   -0.1   -0.6   -0.1
    -5.940   124.192   -0.2   -0.6   -0.1
    -5.877   124.192   -0.2   -0.6   -0.1
    -5.814   124.192   -0.2   -0.6   -0.1
    -5.751   124.192   -0.2   -0.6   -0.1
    -5.688   124.192   -0.2   -0.6   -0.1
    -5.625   124.192   -0.2   -0.6   -0.1
    -5.562   124.192   -0.2   -0.6   -0.0
    -5.500   124.192   -0.2   -0.6   -0.0
    -5.437   124.192   -0.2   -0.6   -0.0
    -5.374   124.192   -0.2   -0.6   -0.0
    -5.311   124.192   -0.2   -0.6   -0.0
    -5.248   124.192   -0.2   -0.6   -0.0
    -5.185   124.192   -0.2   -0.6   -0.0
    -5.123   124.192   -0.2   -0.6   -0.0
   -11.408   124.256   -0.3    0.7    0.0
   -11.345   124.256   -0.3    0.7   -0.0
   -11.282   124.256   -0.3    0.7   -0.0
   -11.219   124.256   -0.3    0.7   -0.0
   -11.156   124.256   -0.3    0.7   -0.0
   -11.093   124.256   -0.3    0.7   -0.0
   -11.031   124.256   -0.3    0.7   -0.0
   -10.968   124.256   -0.3    0.7   -0.0
   -10.905   124.256   -0.3    0.7   -0.0
   -10.842   124.256   -0.3    0.7   -0.1
   -10.779   124.256   -0.3    0.6   -0.1
   -10.716   124.256   -0.3    0.6   -0.1
   -10.653   124.256   -0.3    0.6   -0.1
   -10.591   124.256   -0.3    0.6   -0.1
   -10.528   124.256   -0.3    0.6   -0.1
   -10.465   124.256   -0.3    0.6   -0.1
   -10.402   124.256   -0.2    0.6   -0.1
   -10.339   124.256   -0.2    0.6   -0.1
   -10.276   124.256   -0.2    0.6   -0.1
   -10.214   124.256   -0.2    0.6   -0.2
   -10.151   124.256   -0.2    0.6   -0.2
   -10.088   124.256   -0.2    0.6   -0.2
   -10.025   124.256   -0.2    0.6   -0.2
    -9.962   124.256   -0.2    0.5   -0.2
    -9.899   124.256   -0.2    0.5   -0.2
    -9.836   124.256   -0.2    0.5   -0.2
    -9.774   124.256   -0.1    0.5   -0.2
    -9.711   124.256   -0.1    0.5   -0.3
    -9.648   124.256   -0.1    0.5   -0.3
    -9.585   124.256   -0.1    0.5   -0.3
    -9.522   124.256   -0.1    0.4   -0.3
    -9.459   124.256   -0.1    0.4   -0.3
    -9.396   124.256   -0.1    0.4   -0.3
    -9.334   124.256   -0.0    0.4   -0.3
    -9.271   124.256   -0.0    0.4   -0.4
    -9.208   124.256    0.0    0.3   -0.4
    -9.145   124.256    0.0    0.3   -0.4
    -9.082   124.256    0.0    0.3   -0.4
    -9.019   124.256    0.1    0.3   -0.4
    -8.956   124.256    0.1    0.3   -0.4
    -8.894   124.256    0.1    0.2   -0.4
    -8.831   124.256    0.1    0.2   -0.5
    -8.768   124.256    0.1    0.2   -0.5
    -8.705   124.256    0.2    0.2   -0.5
    -8.642   124.256    0.2    0.2   -0.5
    -8.579   124.256    0.2    0.1   -0.5
    -8.517   124.256    0.2    0.1   -0.5
    -8.454   124.256    0.2    0.1   -0.5
    -8.391   124.256    0.2    0.1   -0.5
    -8.328   124.256    0.3    0.1   -0.5
    -8.265   124.256    0.3    0.0   -0.5
    -8.202   124.256    0.3    0.0   -0.5
    -8.139   124.256    0.3    0.0   -0.5
    -8.077   124.256    0.3   -0.0   -0.5
    -8.014   124.256    0.3   -0.0   -0.5
    -7.951   124.256    0.3   -0.0   -0.5
    -7.888   124.256    0.3   -0.1   -0.5
    -7.825   124.256    0.3   -0.1   -0.5
    -7.762   124.256    0.3   -0.1   -0.5
    -7.699   124.256    0.3   -0.1   -0.5
    -7.637   124.256    0.2   -0.1   -0.5
    -7.574   124.256    0.2   -0.2   -0.5
    -7.511   124.256    0.2   -0.2   -0.5
    -7.448   124.256    0.2   -0.2   -0.4
    -7.385   124.256    0.2   -0.2   -0.4
    -7.322   124.256    0.2   -0.2   -0.4
    -7.259   124.256    0.1   -0.2   -0.4
    -7.197   124.256    0.1   -0.3   -0.4
    -7.134   124.256    0.1   -0.3   -0.4
    -7.071   124.256    0.1   -0.3   -0.3
    -7.008   124.256    0.1   -0.3   -0.3
    -6.945   124.256    0.1   -0.3   -0.3
    -6.882   124.256    0.0   -0.4   -0.3
    -6.820   124.256    0.0   -0.4   -0.3
    -6.757   124.256   -0.0   -0.4   -0.3
    -6.694   124.256   -0.0   -0.4   -0.3
    -6.631   124.256   -0.0   -0.4   -0.2
    -6.568   124.256   -0.0   -0.4   -0.2
    -6.505   124.256   -0.1   -0.4   -0.2
    -6.442   124.256   -0.1   -0.5   -0.2
    -6.380   124.256   -0.1   -0.5   -0.2
    -6.317   124.256   -0.1   -0.5   -0.2
    -6.254   124.256   -0.1   -0.5   -0.2
    -6.191   124.256   -0.1   -0.5   -0.1
    -6.128   124.256   -0.1   -0.5   -0.1
    -6.065   124.256   -0.1   -0.5   -0.1
    -6.002   124.256   -0.1   -0.5   -0.1
    -5.940   124.256   -0.1   -0.5   -0.1
    -5.877   124.256   -0.1   -0.5   -0.1
    -5.814   124.256   -0.2   -0.5   -0.1
    -5.751   124.256   -0.2   -0.6   -0.1
    -5.688   124.256   -0.2   -0.6   -0.1
    -5.625   124.256   -0.2   -0.6   -0.1
    -5.562   124.256   -0.2   -0.6   -0.0
    -5.500   124.256   -0.2   -0.6   -0.0
    -5.437   124.256   -0.2   -0.6   -0.0
    -5.374   124.256   -0.2   -0.6   -0.0
    -5.311   124.256   -0.2   -0.6   -0.0
    -5.248   124.256   -0.2   -0.6   -0.0
    -5.185   124.256   -0.2   -0.6   -0.0
    -5.123   124.256   -0.2   -0.6   -0.0
   -11.408   124.319   -0.3    0.6   -0.0
   -11.345   124.319   -0.3    0.6   -0.0
   -11.282   124.319   -0.3    0.6   -0.0
   -11.219   124.319   -0.3    0.6   -0.0
   -11.156   124.319   -0.3    0.6   -0.0
   -11.093   124.319   -0.3    0.6   -0.0
   -11.031   124.319   -0.3    0.6   -0.0
   -10.968   124.319   -0.3    0.6   -0.0
   -10.905   124.319   -0.3    0.6   -0.1
   -10.842   124.319   -0.3    0.6   -0.1
   -10.779   124.319   -0.3    0.6   -0.1
   -10.716   124.319   -0.3    0.6   -0.1
   -10.653   124.319   -0.3    0.6   -0.1
   -10.591   124.319   -0.2    0.6   -0.1
   -10.528   124.319   -0.2    0.6   -0.1
   -10.465   124.319   -0.2    0.6   -0.1
   -10.402   124.319   -0.2    0.6   -0.1
   -10.339   124.319   -0.2    0.6   -0.1
   -10.276   124.319   -0.2    0.6   -0.1
   -10.214   124.319   -0.2    0.6   -0.2
   -10.151   124.319   -0.2    0.5   -0.2
   -10.088   124.319   -0.2    0.5   -0.2
   -10.025   124.319   -0.2    0.5   -0.2
    -9.962   124.319   -0.2    0.5   -0.2
    -9.899   124.319   -0.2    0.5   -0.2
    -9.836   124.319   -0.1    0.5   -0.2
    -9.774   124.319   -0.1    0.5   -0.2
    -9.711   124.319   -0.1    0.5   -0.3
    -9.648   124.319   -0.1    0.4   -0.3
    -9.585   124.319   -0.1    0.4   -0.3
    -9.522   124.319   -0.1    0.4   -0.3
    -9.459   124.319   -0.1    0.4   -0.3
    -9.396   124.319   -0.0    0.4   -0.3
    -9.334   124.319   -0.0    0.4   -0.3
    -9.271   124.319   -0.0    0.3   -0.4
    -9.208   124.319    0.0    0.3   -0.4
    -9.145   124.319    0.0    0.3   -0.4
    -9.082   124.319    0.1    0.3   -0.4
    -9.019   124.319    0.1    0.3   -0.4
    -8.956   124.319    0.1    0.2   -0.4
    -8.894   124.319    0.1    0.2   -0.4
    -8.831   124.319    0.1    0.2   -0.4
    -8.768   124.319    0.1    0.2   -0.5
    -8.705   124.319    0.2    0.2   -0.5
    -8.642   124.319    0.2    0.2   -0.5
    -8.579   124.319    0.2    0.1   -0.5
    -8.517   124.319    0.2    0.1   -0.5
    -8.454   124.319    0.2    0.1   -0.5
    -8.391   124.319    0.2    0.1   -0.5
    -8.328   124.319    0.2    0.1   -0.5
    -8.265   124.319    0.3    0.0   -0.5
    -8.202   124.319    0.3    0.0   -0.5
    -8.139   124.319    0.3    0.0   -0.5
    -8.077   124.319    0.3   -0.0   -0.5
    -8.014   124.319    0.3   -0.0   -0.5
    -7.951   124.319    0.3   -0.0   -0.5
    -7.888   124.319    0.3   -0.1   -0.5
    -7.825   124.319    0.3   -0.1   -0.5
    -7.762   124.319    0.3   -0.1   -0.5
    -7.699   124.319    0.3   -0.1   -0.5
    -7.637   124.319    0.2   -0.1   -0.5
    -7.574   124.319    0.2   -0.1   -0.5
    -7.511   124.319    0.2   -0.2   -0.4
    -7.448   124.319    0.2   -0.2   -0.4
    -7.385   124.319    0.2   -0.2   -0.4
    -7.322   124.319    0.2   -0.2   -0.4
    -7.259   124.319    0.1   -0.2   -0.4
    -7.197   124.319    0.1   -0.3   -0.4
    -7.134   124.319    0.1   -0.3   -0.4
    -7.071   124.319    0.1   -0.3   -0.3
    -7.008   124.319    0.1   -0.3   -0.3
    -6.945   124.319    0.1   -0.3   -0.3
    -6.882   124.319    0.0   -0.3   -0.3
    -6.820   124.319    0.0   -0.4   -0.3
    -6.757   124.319    0.0   -0.4   -0.3
    -6.694   124.319   -0.0   -0.4   -0.3
    -6.631   124.319   -0.0   -0.4   -0.2
    -6.568   124.319   -0.0   -0.4   -0.2
    -6.505   124.319   -0.1   -0.4   -0.2
    -6.442   124.319   -0.1   -0.4   -0.2
    -6.380   124.319   -0.1   -0.4   -0.2
    -6.317   124.319   -0.1   -0.5   -0.2
    -6.254   124.319   -0.1   -0.5   -0.2
    -6.191   124.319   -0.1   -0.5   -0.1
    -6.128   124.319   -0.1   -0.5   -0.1
    -6.065   124.319   -0.1   -0.5   -0.1
    -6.002   124.319   -0.1   -0.5   -0.1
    -5.940   124.319   -0.1   -0.5   -0.1
    -5.877   124.319   -0.1   -0.5   -0.1
    -5.814   124.319   -0.1   -0.5   -0.1
    -5.751   124.319   -0.1   -0.5   -0.1
    -5.688   124.319   -0.2   -0.5   -0.1
    -5.625   124.319   -0.2   -0.5   -0.1
    -5.562   124.319   -0.2   -0.5   -0.1
    -5.500   124.319   -0.2   -0.5   -0.0
    -5.437   124.319   -0.2   -0.5   -0.0
    -5.374   124.319   -0.2   -0.5   -0.0
    -5.311   124.319   -0.2   -0.5   -0.0
    -5.248   124.319   -0.2   -0.5   -0.0
    -5.185   124.319   -0.2   -0.5   -0.0
    -5.123   124.319   -0.2   -0.5   -0.0
   -11.408   124.383   -0.2    0.6   -0.0
   -11.345   124.383   -0.3    0.6   -0.0
   -11.282   124.383   -0.3    0.6   -0.0
   -11.219   124.383   -0.3    0.6   -0.0
   -11.156   124.383   -0.3    0.6   -0.0
   -11.093   124.383   -0.3    0.6   -0.0
   -11.031   124.383   -0.3    0.6   -0.0
   -10.968   124.383   -0.3    0.6   -0.0
   -10.905   124.383   -0.2    0.6   -0.1
   -10.842   124.383   -0.2    0.6   -0.1
   -10.779   124.383   -0.2    0.6   -0.1
   -10.716   124.383   -0.2    0.6   -0.1
   -10.653   124.383   -0.2    0.6   -0.1
   -10.591   124.383   -0.2    0.6   -0.1
   -10.528   124.383   -0.2    0.6   -0.1
   -10.465   124.383   -0.2    0.6   -0.1
   -10.402   124.383   -0.2    0.6   -0.1
   -10.339   124.383   -0.2    0.5   -0.1
   -10.276   124.383   -0.2    0.5   -0.1
   -10.214   124.383   -0.2    0.5   -0.2
   -10.151   124.383   -0.2    0.5   -0.2
   -10.088   124.383   -0.2    0.5   -0.2
   -10.025   124.383   -0.2    0.5   -0.2
    -9.962   124.383   -0.2    0.5   -0.2
    -9.899   124.383   -0.1    0.5   -0.2
    -9.836   124.383   -0.1    0.5   -0.2
    -9.774   124.383   -0.1    0.4   -0.2
    -9.711   124.383   -0.1    0.4   -0.3
    -9.648   124.383   -0.1    0.4   -0.3
    -9.585   124.383   -0.1    0.4   -0.3
    -9.522   124.383   -0.1    0.4   -0.3
    -9.459   124.383   -0.0    0.4   -0.3
    -9.396   124.383   -0.0    0.4   -0.3
    -9.334   124.383   -0.0    0.3   -0.3
    -9.271   124.383    0.0    0.3   -0.3
    -9.208   124.383    0.0    0.3   -0.4
    -9.145   124.383    0.0    0.3   -0.4
    -9.082   124.383    0.1    0.3   -0.4
    -9.019   124.383    0.1    0.3   -0.4
    -8.956   124.383    0.1    0.2   -0.4
    -8.894   124.383    0.1    0.2   -0.4
    -8.831   124.383    0.1    0.2   -0.4
    -8.768   124.383    0.1    0.2   -0.4
    -8.705   124.383    0.2    0.2   -0.5
    -8.642   124.383    0.2    0.1   -0.5
    -8.579   124.383    0.2    0.1   -0.5
    -8.517   124.383    0.2    0.1   -0.5
    -8.454   124.383    0.2    0.1   -0.5
    -8.391   124.383    0.2    0.1   -0.5
    -8.328   124.383    0.2    0.1   -0.5
    -8.265   124.383    0.2    0.0   -0.5
    -8.202   124.383    0.3    0.0   -0.5
    -8.139   124.383    0.3    0.0   -0.5
    -8.077   124.383    0.3   -0.0   -0.5
    -8.014   124.383    0.3   -0.0   -0.5
    -7.951   124.383    0.3   -0.0   -0.5
    -7.888   124.383    0.3   -0.1   -0.5
    -7.825   124.383    0.3   -0.1   -0.5
    -7.762   124.383    0.2   -0.1   -0.5
    -7.699   124.383    0.2   -0.1   -0.5
    -7.637   124.383    0.2   -0.1   -0.4
    -7.574   124.383    0.2   -0.1   -0.4
    -7.511   124.383    0.2   -0.2   -0.4
    -7.448   124.383    0.2   -0.2   -0.4
    -7.385   124.383    0.2   -0.2   -0.4
    -7.322   124.383    0.2   -0.2   -0.4
    -7.259   124.383    0.1   -0.2   -0.4
    -7.197   124.383    0.1   -0.2   -0.4
    -7.134   124.383    0.1   -0.3   -0.3
    -7.071   124.383    0.1   -0.3   -0.3
    -7.008   124.383    0.1   -0.3   -0.3
    -6.945   124.383    0.1   -0.3   -0.3
    -6.882   124.383    0.0   -0.3   -0.3
    -6.820   124.383    0.0   -0.3   -0.3
    -6.757   124.383    0.0   -0.3   -0.3
    -6.694   124.383   -0.0   -0.4   -0.2
    -6.631   124.383   -0.0   -0.4   -0.2
    -6.568   124.383   -0.0   -0.4   -0.2
    -6.505   124.383   -0.0   -0.4   -0.2
    -6.442   124.383   -0.1   -0.4   -0.2
    -6.380   124.383   -0.1   -0.4   -0.2
    -6.317   124.383   -0.1   -0.4   -0.2
    -6.254   124.383   -0.1   -0.4   -0.2
    -6.191   124.383   -0.1   -0.5   -0.1
    -6.128   124.383   -0.1   -0.5   -0.1
    -6.065   124.383   -0.1   -0.5   -0.1
    -6.002   124.383   -0.1   -0.5   -0.1
    -5.940   124.383   -0.1   -0.5   -0.1
    -5.877   124.383   -0.1   -0.5   -0.1
    -5.814   124.383   -0.1   -0.5   -0.1
    -5.751   124.383   -0.1   -0.5   -0.1
    -5.688   124.383   -0.1   -0.5   -0.1
    -5.625   124.383   -0.1   -0.5   -0.1
    -5.562   124.383   -0.2   -0.5   -0.1
    -5.500   124.383   -0.2   -0.5   -0.1
    -5.437   124.383   -0.2   -0.5   -0.0
    -5.374   124.383   -0.2   -0.5   -0.0
    -5.311   124.383   -0.2   -0.5   -0.0
    -5.248   124.383   -0.2   -0.5   -0.0
    -5.185   124.383   -0.2   -0.5   -0.0
    -5.123   124.383   -0.2   -0.5   -0.0
   -11.408   124.446   -0.2    0.6   -0.0
   -11.345   124.446   -0.2    0.6   -0.0
   -11.282   124.446   -0.2    0.6   -0.0
   -11.219   124.446   -0.2    0.6   -0.0
   -11.156   124.446   -0.2    0.6   -0.0
   -11.093   124.446   -0.2    0.6   -0.0
   -11.031   124.446   -0.2    0.6   -0.0
   -10.968   124.446   -0.2    0.6   -0.1
   -10.905   124.446   -0.2    0.6   -0.1
   -10.842   124.446   -0.2    0.6   -0.1
   -10.779   124.446   -0.2    0.6   -0.1
   -10.716   124.446   -0.2    0.6   -0.1
   -10.653   124.446   -0.2    0.6   -0.1
   -10.591   124.446   -0.2    0.5   -0.1
   -10.528   124.446   -0.2    0.5   -0.1
   -10.465   124.446   -0.2    0.5   -0.1
   -10.402   124.446   -0.2    0.5   -0.1
   -10.339   124.446   -0.2    0.5   -0.1
   -10.276   124.446   -0.2    0.5   -0.1
   -10.214   124.446   -0.2    0.5   -0.2
   -10.151   124.446   -0.2    0.5   -0.2
   -10.088   124.446   -0.2    0.5   -0.2
   -10.025   124.446   -0.2    0.5   -0.2
    -9.962   124.446   -0.1    0.5   -0.2
    -9.899   124.446   -0.1    0.4   -0.2
    -9.836   124.446   -0.1    0.4   -0.2
    -9.774   124.446   -0.1    0.4   -0.2
    -9.711   124.446   -0.1    0.4   -0.2
    -9.648   124.446   -0.1    0.4   -0.3
    -9.585   124.446   -0.1    0.4   -0.3
    -9.522   124.446   -0.1    0.4   -0.3
    -9.459   124.446   -0.0    0.3   -0.3
    -9.396   124.446   -0.0    0.3   -0.3
    -9.334   124.446   -0.0    0.3   -0.3
    -9.271   124.446    0.0    0.3   -0.3
    -9.208   124.446    0.0    0.3   -0.3
    -9.145   124.446    0.0    0.3   -0.4
    -9.082   124.446    0.1    0.3   -0.4
    -9.019   124.446    0.1    0.2   -0.4
    -8.956   124.446    0.1    0.2   -0.4
    -8.894   124.446    0.1    0.2   -0.4
    -8.831   124.446    0.1    0.2   -0.4
    -8.768   124.446    0.1    0.2   -0.4
    -8.705   124.446    0.2    0.2   -0.4
    -8.642   124.446    0.2    0.1   -0.4
    -8.579   124.446    0.2    0.1   -0.4
    -8.517   124.446    0.2    0.1   -0.5
    -8.454   124.446    0.2    0.1   -0.5
    -8.391   124.446    0.2    0.1   -0.5
    -8.328   124.446    0.2    0.1   -0.5
    -8.265   124.446    0.2    0.0   -0.5
    -8.202   124.446    0.2    0.0   -0.5
    -8.139   124.446    0.2    0.0   -0.5
    -8.077   124.446    0.3   -0.0   -0.5
    -8.014   124.446    0.3   -0.0   -0.5
    -7.951   124.446    0.3   -0.0   -0.5
    -7.888   124.446    0.2   -0.1   -0.5
    -7.825   124.446    0.2   -0.1   -0.5
    -7.762   124.446    0.2   -0.1   -0.4
    -7.699   124.446    0.2   -0.1   -0.4
    -7.637   124.446    0.2   -0.1   -0.4
    -7.574   124.446    0.2   -0.1   -0.4
    -7.511   124.446    0.2   -0.1   -0.4
    -7.448   124.446    0.2   -0.2   -0.4
    -7.385   124.446    0.2   -0.2   -0.4
    -7.322   124.446    0.2   -0.2   -0.4
    -7.259   124.446    0.1   -0.2   -0.4
    -7.197   124.446    0.1   -0.2   -0.4
    -7.134   124.446    0.1   -0.2   -0.3
    -7.071   124.446    0.1   -0.3   -0.3
    -7.008   124.446    0.1   -0.3   -0.3
    -6.945   124.446    0.1   -0.3   -0.3
    -6.882   124.446    0.0   -0.3   -0.3
    -6.820   124.446    0.0   -0.3   -0.3
    -6.757   124.446    0.0   -0.3   -0.3
    -6.694   124.446    0.0   -0.3   -0.2
    -6.631   124.446   -0.0   -0.4   -0.2
    -6.568   124.446   -0.0   -0.4   -0.2
    -6.505   124.446   -0.0   -0.4   -0.2
    -6.442   124.446   -0.0   -0.4   -0.2
    -6.380   124.446   -0.1   -0.4   -0.2
    -6.317   124.446   -0.1   -0.4   -0.2
    -6.254   124.446   -0.1   -0.4   -0.2
    -6.191   124.446   -0.1   -0.4   -0.1
    -6.128   124.446   -0.1   -0.4   -0.1
    -6.065   124.446   -0.1   -0.4   -0.1
    -6.002   124.446   -0.1   -0.5   -0.1
    -5.940   124.446   -0.1   -0.5   -0.1
    -5.877   124.446   -0.1   -0.5   -0.1
    -5.814   124.446   -0.1   -0.5   -0.1
    -5.751   124.446   -0.1   -0.5   -0.1
    -5.688   124.446   -0.1   -0.5   -0.1
    -5.625   124.446   -0.1   -0.5   -0.1
    -5.562   124.446   -0.1   -0.5   -0.1
    -5.500   124.446   -0.1   -0.5   -0.1
    -5.437   124.446   -0.1   -0.5   -0.0
    -5.374   124.446   -0.1   -0.5   -0.0
    -5.311   124.446   -0.2   -0.5   -0.0
    -5.248   124.446   -0.2   -0.5   -0.0
    -5.185   124.446   -0.2   -0.5   -0.0
    -5.123   124.446   -0.2   -0.5   -0.0
   -11.408   124.510   -0.2    0.6   -0.0
   -11.345   124.510   -0.2    0.6   -0.0
   -11.282   124.510   -0.2    0.6   -0.0
   -11.219   124.510   -0.2    0.6   -0.0
   -11.156   124.510   -0.2    0.6   -0.0
   -11.093   124.510   -0.2    0.6   -0.0
   -11.031   124.510   -0.2    0.6   -0.0
   -10.968   124.510   -0.2    0.5   -0.1
   -10.905   124.510   -0.2    0.5   -0.1
   -10.842   124.510   -0.2    0.5   -0.1
   -10.779   124.510   -0.2    0.5   -0.1
   -10.716   124.510   -0.2    0.5   -0.1
   -10.653   124.510   -0.2    0.5   -0.1
   -10.591   124.510   -0.2    0.5   -0.1
   -10.528   124.510   -0.2    0.5   -0.1
   -10.465   124.510   -0.2    0.5   -0.1
   -10.402   124.510   -0.2    0.5   -0.1
   -10.339   124.510   -0.2    0.5   -0.1
   -10.276   124.510   -0.2    0.5   -0.1
   -10.214   124.510   -0.2    0.5   -0.2
   -10.151   124.510   -0.2    0.5   -0.2
   -10.088   124.510   -0.2    0.5   -0.2
   -10.025   124.510   -0.1    0.4   -0.2
    -9.962   124.510   -0.1    0.4   -0.2
    -9.899   124.510   -0.1    0.4   -0.2
    -9.836   124.510   -0.1    0.4   -0.2
    -9.774   124.510   -0.1    0.4   -0.2
    -9.711   124.510   -0.1    0.4   -0.2
    -9.648   124.510   -0.1    0.4   -0.3
    -9.585   124.510   -0.1    0.4   -0.3
    -9.522   124.510   -0.0    0.3   -0.3
    -9.459   124.510   -0.0    0.3   -0.3
    -9.396   124.510   -0.0    0.3   -0.3
    -9.334   124.510   -0.0    0.3   -0.3
    -9.271   124.510    0.0    0.3   -0.3
    -9.208   124.510    0.0    0.3   -0.3
    -9.145   124.510    0.0    0.3   -0.4
    -9.082   124.510    0.1    0.2   -0.4
    -9.019   124.510    0.1    0.2   -0.4
    -8.956   124.510    0.1    0.2   -0.4
    -8.894   124.510    0.1    0.2   -0.4
    -8.831   124.510    0.1    0.2   -0.4
    -8.768   124.510    0.1    0.2   -0.4
    -8.705   124.510    0.2    0.1   -0.4
    -8.642   124.510    0.2    0.1   -0.4
    -8.579   124.510    0.2    0.1   -0.4
    -8.517   124.510    0.2    0.1   -0.4
    -8.454   124.510    0.2    0.1   -0.4
    -8.391   124.510    0.2    0.1   -0.4
    -8.328   124.510    0.2    0.0   -0.5
    -8.265   124.510    0.2    0.0   -0.5
    -8.202   124.510    0.2    0.0   -0.5
    -8.139   124.510    0.2    0.0   -0.5
    -8.077   124.510    0.2   -0.0   -0.5
    -8.014   124.510    0.2   -0.0   -0.5
    -7.951   124.510    0.2   -0.0   -0.4
    -7.888   124.510    0.2   -0.1   -0.4
    -7.825   124.510    0.2   -0.1   -0.4
    -7.762   124.510    0.2   -0.1   -0.4
    -7.699   124.510    0.2   -0.1   -0.4
    -7.637   124.510    0.2   -0.1   -0.4
    -7.574   124.510    0.2   -0.1   -0.4
    -7.511   124.510    0.2   -0.1   -0.4
    -7.448   124.510    0.2   -0.2   -0.4
    -7.385   124.510    0.2   -0.2   -0.4
    -7.322   124.510    0.2   -0.2   -0.4
    -7.259   124.510    0.1   -0.2   -0.4
    -7.197   124.510    0.1   -0.2   -0.3
    -7.134   124.510    0.1   -0.2   -0.3
    -7.071   124.510    0.1   -0.2   -0.3
    -7.008   124.510    0.1   -0.3   -0.3
    -6.945   124.510    0.1   -0.3   -0.3
    -6.882   124.510    0.1   -0.3   -0.3
    -6.820   124.510    0.0   -0.3   -0.3
    -6.757   124.510    0.0   -0.3   -0.3
    -6.694   124.510    0.0   -0.3   -0.2
    -6.631   124.510   -0.0   -0.3   -0.2
    -6.568   124.510   -0.0   -0.3   -0.2
    -6.505   124.510   -0.0   -0.4   -0.2
    -6.442   124.510   -0.0   -0.4   -0.2
    -6.380   124.510   -0.1   -0.4   -0.2
    -6.317   124.510   -0.1   -0.4   -0.2
    -6.254   124.510   -0.1   -0.4   -0.2
    -6.191   124.510   -0.1   -0.4   -0.2
    -6.128   124.510   -0.1   -0.4   -0.1
    -6.065   124.510   -0.1   -0.4   -0.1
    -6.002   124.510   -0.1   -0.4   -0.1
    -5.940   124.510   -0.1   -0.4   -0.1
    -5.877   124.510   -0.1   -0.4   -0.1
    -5.814   124.510   -0.1   -0.4   -0.1
    -5.751   124.510   -0.1   -0.5   -0.1
    -5.688   124.510   -0.1   -0.5   -0.1
    -5.625   124.510   -0.1   -0.5   -0.1
    -5.562   124.510   -0.1   -0.5   -0.1
    -5.500   124.510   -0.1   -0.5   -0.1
    -5.437   124.510   -0.1   -0.5   -0.1
    -5.374   124.510   -0.1   -0.5   -0.0
    -5.311   124.510   -0.1   -0.5   -0.0
    -5.248   124.510   -0.1   -0.5   -0.0
    -5.185   124.510   -0.1   -0.5   -0.0
    -5.123   124.510   -0.1   -0.5   -0.0
   -11.408   124.573   -0.2    0.5   -0.0
   -11.345   124.573   -0.2    0.5   -0.0
   -11.282   124.573   -0.2    0.5   -0.0
   -11.219   124.573   -0.2    0.5   -0.0
   -11.156   124.573   -0.2    0.5   -0.0
   -11.093   124.573   -0.2    0.5   -0.0
   -11.031   124.573   -0.2    0.5   -0.1
   -10.968   124.573   -0.2    0.5   -0.1
   -10.905   124.573   -0.2    0.5   -0.1
   -10.842   124.573   -0.2    0.5   -0.1
   -10.779   124.573   -0.2    0.5   -0.1
   -10.716   124.573   -0.2    0.5   -0.1
   -10.653   124.573   -0.2    0.5   -0.1
   -10.591   124.573   -0.2    0.5   -0.1
   -10.528   124.573   -0.2    0.5   -0.1
   -10.465   124.573   -0.2    0.5   -0.1
   -10.402   124.573   -0.2    0.5   -0.1
   -10.339   124.573   -0.2    0.5   -0.1
   -10.276   124.573   -0.2    0.5   -0.1
   -10.214   124.573   -0.2    0.5   -0.2
   -10.151   124.573   -0.2    0.4   -0.2
   -10.088   124.573   -0.1    0.4   -0.2
   -10.025   124.573   -0.1    0.4   -0.2
    -9.962   124.573   -0.1    0.4   -0.2
    -9.899   124.573   -0.1    0.4   -0.2
    -9.836   124.573   -0.1    0.4   -0.2
    -9.774   124.573   -0.1    0.4   -0.2
    -9.711   124.573   -0.1    0.4   -0.2
    -9.648   124.573   -0.1    0.4   -0.3
    -9.585   124.573   -0.1    0.3   -0.3
    -9.522   124.573   -0.0    0.3   -0.3
    -9.459   124.573   -0.0    0.3   -0.3
    -9.396   124.573   -0.0    0.3   -0.3
    -9.334   124.573    0.0    0.3   -0.3
    -9.271   124.573    0.0    0.3   -0.3
    -9.208   124.573    0.0    0.3   -0.3
    -9.145   124.573    0.0    0.2   -0.3
    -9.082   124.573    0.1    0.2   -0.4
    -9.019   124.573    0.1    0.2   -0.4
    -8.956   124.573    0.1    0.2   -0.4
    -8.894   124.573    0.1    0.2   -0.4
    -8.831   124.573    0.1    0.2   -0.4
    -8.768   124.573    0.1    0.1   -0.4
    -8.705   124.573    0.2    0.1   -0.4
    -8.642   124.573    0.2    0.1   -0.4
    -8.579   124.573    0.2    0.1   -0.4
    -8.517   124.573    0.2    0.1   -0.4
    -8.454   124.573    0.2    0.1   -0.4
    -8.391   124.573    0.2    0.1   -0.4
    -8.328   124.573    0.2    0.0   -0.4
    -8.265   124.573    0.2    0.0   -0.4
    -8.202   124.573    0.2    0.0   -0.4
    -8.139   124.573    0.2    0.0   -0.4
    -8.077   124.573    0.2   -0.0   -0.4
    -8.014   124.573    0.2   -0.0   -0.4
    -7.951   124.573    0.2   -0.0   -0.4
    -7.888   124.573    0.2   -0.0   -0.4
    -7.825   124.573    0.2   -0.1   -0.4
    -7.762   124.573    0.2   -0.1   -0.4
    -7.699   124.573    0.2   -0.1   -0.4
    -7.637   124.573    0.2   -0.1   -0.4
    -7.574   124.573    0.2   -0.1   -0.4
    -7.511   124.573    0.2   -0.1   -0.4
    -7.448   124.573    0.2   -0.1   -0.4
    -7.385   124.573    0.2   -0.2   -0.4
    -7.322   124.573    0.1   -0.2   -0.4
    -7.259   124.573    0.1   -0.2   -0.3
    -7.197   124.573    0.1   -0.2   -0.3
    -7.134   124.573    0.1   -0.2   -0.3
    -7.071   124.573    0.1   -0.2   -0.3
    -7.008   124.573    0.1   -0.2   -0.3
    -6.945   124.573    0.1   -0.2   -0.3
    -6.882   124.573    0.1   -0.3   -0.3
    -6.820   124.573    0.0   -0.3   -0.3
    -6.757   124.573    0.0   -0.3   -0.3
    -6.694   124.573    0.0   -0.3   -0.2
    -6.631   124.573    0.0   -0.3   -0.2
    -6.568   124.573   -0.0   -0.3   -0.2
    -6.505   124.573   -0.0   -0.3   -0.2
    -6.442   124.573   -0.0   -0.3   -0.2
    -6.380   124.573   -0.0   -0.4   -0.2
    -6.317   124.573   -0.1   -0.4   -0.2
    -6.254   124.573   -0.1   -0.4   -0.2
    -6.191   124.573   -0.1   -0.4   -0.2
    -6.128   124.573   -0.1   -0.4   -0.1
    -6.065   124.573   -0.1   -0.4   -0.1
    -6.002   124.573   -0.1   -0.4   -0.1
    -5.940   124.573   -0.1   -0.4   -0.1
    -5.877   124.573   -0.1   -0.4   -0.1
    -5.814   124.573   -0.1   -0.4   -0.1
    -5.751   124.573   -0.1   -0.4   -0.1
    -5.688   124.573   -0.1   -0.4   -0.1
    -5.625   124.573   -0.1   -0.4   -0.1
    -5.562   124.573   -0.1   -0.4   -0.1
    -5.500   124.573   -0.1   -0.5   -0.1
    -5.437   124.573   -0.1   -0.5   -0.1
    -5.374   124.573   -0.1   -0.5   -0.0
    -5.311   124.573   -0.1   -0.5   -0.0
    -5.248   124.573   -0.1   -0.5   -0.0
    -5.185   124.573   -0.1   -0.5   -0.0
    -5.123   124.573   -0.1   -0.5   -0.0
