 Lat    Lon    Disp_x_East(cm)   Disp_y_North(cm)   DispUp(cm)
   -15.333   -74.317    0.1    0.1   -0.1
   -15.315   -74.317    0.1    0.1   -0.1
   -15.297   -74.317    0.1    0.1   -0.1
   -15.279   -74.317    0.1    0.1   -0.1
   -15.261   -74.317    0.1    0.1   -0.1
   -15.243   -74.317    0.1    0.1   -0.1
   -15.225   -74.317    0.1    0.1   -0.1
   -15.207   -74.317    0.1    0.1   -0.1
   -15.189   -74.317    0.1    0.1   -0.1
   -15.171   -74.317    0.1    0.1   -0.1
   -15.153   -74.317    0.1    0.1   -0.1
   -15.135   -74.317    0.1    0.1   -0.1
   -15.118   -74.317    0.1    0.1   -0.2
   -15.100   -74.317    0.1    0.1   -0.2
   -15.082   -74.317    0.1    0.1   -0.2
   -15.064   -74.317    0.1    0.1   -0.2
   -15.046   -74.317    0.1    0.1   -0.2
   -15.028   -74.317    0.1    0.1   -0.2
   -15.010   -74.317    0.1    0.1   -0.2
   -14.992   -74.317    0.1    0.1   -0.2
   -14.974   -74.317    0.1    0.1   -0.2
   -14.956   -74.317    0.1    0.1   -0.2
   -14.938   -74.317    0.1    0.1   -0.2
   -14.920   -74.317    0.1    0.1   -0.2
   -14.902   -74.317    0.1    0.1   -0.2
   -14.884   -74.317    0.1    0.0   -0.2
   -14.866   -74.317    0.1    0.0   -0.2
   -14.848   -74.317    0.1    0.0   -0.2
   -14.830   -74.317    0.1    0.0   -0.2
   -14.812   -74.317    0.1    0.0   -0.2
   -14.794   -74.317    0.1    0.0   -0.2
   -14.776   -74.317    0.1    0.0   -0.2
   -14.758   -74.317    0.1    0.0   -0.2
   -14.741   -74.317    0.1    0.0   -0.2
   -14.723   -74.317    0.1    0.0   -0.2
   -14.705   -74.317    0.1    0.0   -0.2
   -14.687   -74.317    0.1    0.0   -0.2
   -14.669   -74.317    0.1   -0.0   -0.2
   -14.651   -74.317    0.1   -0.0   -0.2
   -14.633   -74.317    0.1   -0.0   -0.2
   -14.615   -74.317    0.1   -0.0   -0.2
   -14.597   -74.317    0.1   -0.0   -0.2
   -14.579   -74.317    0.1   -0.0   -0.2
   -14.561   -74.317    0.1   -0.0   -0.2
   -14.543   -74.317    0.1   -0.0   -0.2
   -14.525   -74.317    0.1   -0.0   -0.2
   -14.507   -74.317    0.1   -0.0   -0.2
   -14.489   -74.317    0.1   -0.0   -0.2
   -14.471   -74.317    0.1   -0.0   -0.2
   -14.453   -74.317    0.1   -0.0   -0.2
   -14.435   -74.317    0.1   -0.0   -0.2
   -14.417   -74.317    0.1   -0.0   -0.2
   -14.399   -74.317    0.1   -0.1   -0.2
   -14.382   -74.317    0.1   -0.1   -0.2
   -14.364   -74.317    0.1   -0.1   -0.2
   -14.346   -74.317    0.1   -0.1   -0.1
   -14.328   -74.317    0.1   -0.1   -0.1
   -14.310   -74.317    0.1   -0.1   -0.1
   -14.292   -74.317    0.1   -0.1   -0.1
   -14.274   -74.317    0.1   -0.1   -0.1
   -14.256   -74.317    0.1   -0.1   -0.1
   -14.238   -74.317    0.1   -0.1   -0.1
   -14.220   -74.317    0.1   -0.1   -0.1
   -14.202   -74.317    0.1   -0.1   -0.1
   -14.184   -74.317    0.1   -0.1   -0.1
   -14.166   -74.317    0.1   -0.1   -0.1
   -14.148   -74.317    0.1   -0.1   -0.1
   -14.130   -74.317    0.1   -0.1   -0.1
   -14.112   -74.317    0.1   -0.1   -0.1
   -14.094   -74.317    0.1   -0.1   -0.1
   -14.076   -74.317    0.1   -0.1   -0.1
   -14.058   -74.317    0.0   -0.1   -0.1
   -14.040   -74.317    0.0   -0.1   -0.1
   -14.022   -74.317    0.0   -0.1   -0.1
   -14.005   -74.317    0.0   -0.1   -0.1
   -13.987   -74.317    0.0   -0.1   -0.1
   -13.969   -74.317    0.0   -0.1   -0.1
   -13.951   -74.317    0.0   -0.1   -0.1
   -13.933   -74.317    0.0   -0.1   -0.1
   -13.915   -74.317    0.0   -0.1   -0.1
   -13.897   -74.317    0.0   -0.1   -0.1
   -13.879   -74.317    0.0   -0.1   -0.1
   -13.861   -74.317    0.0   -0.1   -0.0
   -13.843   -74.317    0.0   -0.1   -0.0
   -13.825   -74.317    0.0   -0.1   -0.0
   -13.807   -74.317    0.0   -0.1   -0.0
   -13.789   -74.317    0.0   -0.0   -0.0
   -13.771   -74.317    0.0   -0.0   -0.0
   -13.753   -74.317    0.0   -0.0   -0.0
   -13.735   -74.317    0.0   -0.0   -0.0
   -13.717   -74.317    0.0   -0.0   -0.0
   -13.699   -74.317    0.0   -0.0   -0.0
   -13.681   -74.317    0.0   -0.0   -0.0
   -13.663   -74.317    0.0   -0.0   -0.0
   -13.646   -74.317    0.0   -0.0   -0.0
   -13.628   -74.317    0.0   -0.0   -0.0
   -13.610   -74.317    0.0   -0.0   -0.0
   -13.592   -74.317    0.0   -0.0   -0.0
   -13.574   -74.317    0.0   -0.0   -0.0
   -13.556   -74.317    0.0   -0.0   -0.0
   -13.538   -74.317    0.0   -0.0   -0.0
   -15.333   -74.299    0.1    0.1   -0.1
   -15.315   -74.299    0.1    0.1   -0.1
   -15.297   -74.299    0.1    0.1   -0.1
   -15.279   -74.299    0.1    0.1   -0.1
   -15.261   -74.299    0.1    0.1   -0.1
   -15.243   -74.299    0.1    0.1   -0.1
   -15.225   -74.299    0.1    0.1   -0.1
   -15.207   -74.299    0.1    0.1   -0.1
   -15.189   -74.299    0.1    0.1   -0.1
   -15.171   -74.299    0.1    0.1   -0.1
   -15.153   -74.299    0.1    0.1   -0.2
   -15.135   -74.299    0.1    0.1   -0.2
   -15.118   -74.299    0.1    0.1   -0.2
   -15.100   -74.299    0.1    0.1   -0.2
   -15.082   -74.299    0.1    0.1   -0.2
   -15.064   -74.299    0.1    0.1   -0.2
   -15.046   -74.299    0.1    0.1   -0.2
   -15.028   -74.299    0.1    0.1   -0.2
   -15.010   -74.299    0.1    0.1   -0.2
   -14.992   -74.299    0.1    0.1   -0.2
   -14.974   -74.299    0.1    0.1   -0.2
   -14.956   -74.299    0.1    0.1   -0.2
   -14.938   -74.299    0.1    0.1   -0.2
   -14.920   -74.299    0.1    0.1   -0.2
   -14.902   -74.299    0.1    0.1   -0.2
   -14.884   -74.299    0.1    0.1   -0.2
   -14.866   -74.299    0.1    0.0   -0.2
   -14.848   -74.299    0.1    0.0   -0.2
   -14.830   -74.299    0.1    0.0   -0.2
   -14.812   -74.299    0.1    0.0   -0.2
   -14.794   -74.299    0.1    0.0   -0.2
   -14.776   -74.299    0.1    0.0   -0.2
   -14.758   -74.299    0.1    0.0   -0.2
   -14.741   -74.299    0.1    0.0   -0.2
   -14.723   -74.299    0.1    0.0   -0.2
   -14.705   -74.299    0.1    0.0   -0.2
   -14.687   -74.299    0.1    0.0   -0.2
   -14.669   -74.299    0.1   -0.0   -0.2
   -14.651   -74.299    0.1   -0.0   -0.2
   -14.633   -74.299    0.1   -0.0   -0.2
   -14.615   -74.299    0.1   -0.0   -0.2
   -14.597   -74.299    0.1   -0.0   -0.2
   -14.579   -74.299    0.1   -0.0   -0.2
   -14.561   -74.299    0.1   -0.0   -0.2
   -14.543   -74.299    0.1   -0.0   -0.2
   -14.525   -74.299    0.1   -0.0   -0.2
   -14.507   -74.299    0.1   -0.0   -0.2
   -14.489   -74.299    0.1   -0.0   -0.2
   -14.471   -74.299    0.1   -0.0   -0.2
   -14.453   -74.299    0.1   -0.0   -0.2
   -14.435   -74.299    0.1   -0.1   -0.2
   -14.417   -74.299    0.1   -0.1   -0.2
   -14.399   -74.299    0.1   -0.1   -0.2
   -14.382   -74.299    0.1   -0.1   -0.2
   -14.364   -74.299    0.1   -0.1   -0.2
   -14.346   -74.299    0.1   -0.1   -0.2
   -14.328   -74.299    0.1   -0.1   -0.2
   -14.310   -74.299    0.1   -0.1   -0.1
   -14.292   -74.299    0.1   -0.1   -0.1
   -14.274   -74.299    0.1   -0.1   -0.1
   -14.256   -74.299    0.1   -0.1   -0.1
   -14.238   -74.299    0.1   -0.1   -0.1
   -14.220   -74.299    0.1   -0.1   -0.1
   -14.202   -74.299    0.1   -0.1   -0.1
   -14.184   -74.299    0.1   -0.1   -0.1
   -14.166   -74.299    0.1   -0.1   -0.1
   -14.148   -74.299    0.1   -0.1   -0.1
   -14.130   -74.299    0.1   -0.1   -0.1
   -14.112   -74.299    0.1   -0.1   -0.1
   -14.094   -74.299    0.1   -0.1   -0.1
   -14.076   -74.299    0.1   -0.1   -0.1
   -14.058   -74.299    0.1   -0.1   -0.1
   -14.040   -74.299    0.0   -0.1   -0.1
   -14.022   -74.299    0.0   -0.1   -0.1
   -14.005   -74.299    0.0   -0.1   -0.1
   -13.987   -74.299    0.0   -0.1   -0.1
   -13.969   -74.299    0.0   -0.1   -0.1
   -13.951   -74.299    0.0   -0.1   -0.1
   -13.933   -74.299    0.0   -0.1   -0.1
   -13.915   -74.299    0.0   -0.1   -0.1
   -13.897   -74.299    0.0   -0.1   -0.1
   -13.879   -74.299    0.0   -0.1   -0.1
   -13.861   -74.299    0.0   -0.1   -0.1
   -13.843   -74.299    0.0   -0.1   -0.0
   -13.825   -74.299    0.0   -0.1   -0.0
   -13.807   -74.299    0.0   -0.1   -0.0
   -13.789   -74.299    0.0   -0.1   -0.0
   -13.771   -74.299    0.0   -0.1   -0.0
   -13.753   -74.299    0.0   -0.0   -0.0
   -13.735   -74.299    0.0   -0.0   -0.0
   -13.717   -74.299    0.0   -0.0   -0.0
   -13.699   -74.299    0.0   -0.0   -0.0
   -13.681   -74.299    0.0   -0.0   -0.0
   -13.663   -74.299    0.0   -0.0   -0.0
   -13.646   -74.299    0.0   -0.0   -0.0
   -13.628   -74.299    0.0   -0.0   -0.0
   -13.610   -74.299    0.0   -0.0   -0.0
   -13.592   -74.299    0.0   -0.0   -0.0
   -13.574   -74.299    0.0   -0.0   -0.0
   -13.556   -74.299    0.0   -0.0   -0.0
   -13.538   -74.299    0.0   -0.0   -0.0
   -15.333   -74.280    0.1    0.1   -0.1
   -15.315   -74.280    0.1    0.1   -0.1
   -15.297   -74.280    0.1    0.1   -0.1
   -15.279   -74.280    0.1    0.1   -0.1
   -15.261   -74.280    0.1    0.1   -0.1
   -15.243   -74.280    0.1    0.1   -0.1
   -15.225   -74.280    0.1    0.1   -0.1
   -15.207   -74.280    0.1    0.1   -0.1
   -15.189   -74.280    0.1    0.1   -0.1
   -15.171   -74.280    0.1    0.1   -0.2
   -15.153   -74.280    0.1    0.1   -0.2
   -15.135   -74.280    0.1    0.1   -0.2
   -15.118   -74.280    0.1    0.1   -0.2
   -15.100   -74.280    0.1    0.1   -0.2
   -15.082   -74.280    0.1    0.1   -0.2
   -15.064   -74.280    0.1    0.1   -0.2
   -15.046   -74.280    0.1    0.1   -0.2
   -15.028   -74.280    0.1    0.1   -0.2
   -15.010   -74.280    0.1    0.1   -0.2
   -14.992   -74.280    0.1    0.1   -0.2
   -14.974   -74.280    0.1    0.1   -0.2
   -14.956   -74.280    0.1    0.1   -0.2
   -14.938   -74.280    0.1    0.1   -0.2
   -14.920   -74.280    0.1    0.1   -0.2
   -14.902   -74.280    0.1    0.1   -0.2
   -14.884   -74.280    0.1    0.1   -0.2
   -14.866   -74.280    0.1    0.1   -0.2
   -14.848   -74.280    0.1    0.0   -0.2
   -14.830   -74.280    0.1    0.0   -0.2
   -14.812   -74.280    0.1    0.0   -0.2
   -14.794   -74.280    0.1    0.0   -0.2
   -14.776   -74.280    0.1    0.0   -0.2
   -14.758   -74.280    0.1    0.0   -0.2
   -14.741   -74.280    0.1    0.0   -0.2
   -14.723   -74.280    0.1    0.0   -0.2
   -14.705   -74.280    0.1    0.0   -0.2
   -14.687   -74.280    0.1    0.0   -0.2
   -14.669   -74.280    0.1   -0.0   -0.2
   -14.651   -74.280    0.1   -0.0   -0.2
   -14.633   -74.280    0.1   -0.0   -0.2
   -14.615   -74.280    0.1   -0.0   -0.2
   -14.597   -74.280    0.1   -0.0   -0.2
   -14.579   -74.280    0.1   -0.0   -0.2
   -14.561   -74.280    0.1   -0.0   -0.2
   -14.543   -74.280    0.1   -0.0   -0.2
   -14.525   -74.280    0.1   -0.0   -0.2
   -14.507   -74.280    0.1   -0.0   -0.2
   -14.489   -74.280    0.1   -0.0   -0.2
   -14.471   -74.280    0.1   -0.0   -0.2
   -14.453   -74.280    0.1   -0.1   -0.2
   -14.435   -74.280    0.1   -0.1   -0.2
   -14.417   -74.280    0.1   -0.1   -0.2
   -14.399   -74.280    0.1   -0.1   -0.2
   -14.382   -74.280    0.1   -0.1   -0.2
   -14.364   -74.280    0.1   -0.1   -0.2
   -14.346   -74.280    0.1   -0.1   -0.2
   -14.328   -74.280    0.1   -0.1   -0.2
   -14.310   -74.280    0.1   -0.1   -0.2
   -14.292   -74.280    0.1   -0.1   -0.2
   -14.274   -74.280    0.1   -0.1   -0.1
   -14.256   -74.280    0.1   -0.1   -0.1
   -14.238   -74.280    0.1   -0.1   -0.1
   -14.220   -74.280    0.1   -0.1   -0.1
   -14.202   -74.280    0.1   -0.1   -0.1
   -14.184   -74.280    0.1   -0.1   -0.1
   -14.166   -74.280    0.1   -0.1   -0.1
   -14.148   -74.280    0.1   -0.1   -0.1
   -14.130   -74.280    0.1   -0.1   -0.1
   -14.112   -74.280    0.1   -0.1   -0.1
   -14.094   -74.280    0.1   -0.1   -0.1
   -14.076   -74.280    0.1   -0.1   -0.1
   -14.058   -74.280    0.1   -0.1   -0.1
   -14.040   -74.280    0.0   -0.1   -0.1
   -14.022   -74.280    0.0   -0.1   -0.1
   -14.005   -74.280    0.0   -0.1   -0.1
   -13.987   -74.280    0.0   -0.1   -0.1
   -13.969   -74.280    0.0   -0.1   -0.1
   -13.951   -74.280    0.0   -0.1   -0.1
   -13.933   -74.280    0.0   -0.1   -0.1
   -13.915   -74.280    0.0   -0.1   -0.1
   -13.897   -74.280    0.0   -0.1   -0.1
   -13.879   -74.280    0.0   -0.1   -0.1
   -13.861   -74.280    0.0   -0.1   -0.1
   -13.843   -74.280    0.0   -0.1   -0.1
   -13.825   -74.280    0.0   -0.1   -0.0
   -13.807   -74.280    0.0   -0.1   -0.0
   -13.789   -74.280    0.0   -0.1   -0.0
   -13.771   -74.280    0.0   -0.1   -0.0
   -13.753   -74.280    0.0   -0.1   -0.0
   -13.735   -74.280    0.0   -0.1   -0.0
   -13.717   -74.280    0.0   -0.0   -0.0
   -13.699   -74.280    0.0   -0.0   -0.0
   -13.681   -74.280    0.0   -0.0   -0.0
   -13.663   -74.280    0.0   -0.0   -0.0
   -13.646   -74.280    0.0   -0.0   -0.0
   -13.628   -74.280    0.0   -0.0   -0.0
   -13.610   -74.280    0.0   -0.0   -0.0
   -13.592   -74.280    0.0   -0.0   -0.0
   -13.574   -74.280    0.0   -0.0   -0.0
   -13.556   -74.280    0.0   -0.0   -0.0
   -13.538   -74.280    0.0   -0.0   -0.0
   -15.333   -74.261    0.1    0.1   -0.1
   -15.315   -74.261    0.1    0.1   -0.1
   -15.297   -74.261    0.1    0.1   -0.1
   -15.279   -74.261    0.1    0.1   -0.1
   -15.261   -74.261    0.1    0.1   -0.1
   -15.243   -74.261    0.1    0.1   -0.1
   -15.225   -74.261    0.1    0.1   -0.1
   -15.207   -74.261    0.1    0.1   -0.2
   -15.189   -74.261    0.1    0.1   -0.2
   -15.171   -74.261    0.1    0.1   -0.2
   -15.153   -74.261    0.1    0.1   -0.2
   -15.135   -74.261    0.1    0.1   -0.2
   -15.118   -74.261    0.1    0.1   -0.2
   -15.100   -74.261    0.1    0.1   -0.2
   -15.082   -74.261    0.1    0.1   -0.2
   -15.064   -74.261    0.1    0.1   -0.2
   -15.046   -74.261    0.1    0.1   -0.2
   -15.028   -74.261    0.1    0.1   -0.2
   -15.010   -74.261    0.1    0.1   -0.2
   -14.992   -74.261    0.1    0.1   -0.2
   -14.974   -74.261    0.1    0.1   -0.2
   -14.956   -74.261    0.1    0.1   -0.2
   -14.938   -74.261    0.1    0.1   -0.2
   -14.920   -74.261    0.1    0.1   -0.2
   -14.902   -74.261    0.1    0.1   -0.2
   -14.884   -74.261    0.1    0.1   -0.2
   -14.866   -74.261    0.1    0.1   -0.2
   -14.848   -74.261    0.1    0.0   -0.2
   -14.830   -74.261    0.1    0.0   -0.2
   -14.812   -74.261    0.1    0.0   -0.2
   -14.794   -74.261    0.1    0.0   -0.2
   -14.776   -74.261    0.1    0.0   -0.2
   -14.758   -74.261    0.1    0.0   -0.2
   -14.741   -74.261    0.1    0.0   -0.2
   -14.723   -74.261    0.1    0.0   -0.2
   -14.705   -74.261    0.1    0.0   -0.2
   -14.687   -74.261    0.1    0.0   -0.2
   -14.669   -74.261    0.1   -0.0   -0.2
   -14.651   -74.261    0.1   -0.0   -0.2
   -14.633   -74.261    0.1   -0.0   -0.2
   -14.615   -74.261    0.1   -0.0   -0.2
   -14.597   -74.261    0.1   -0.0   -0.2
   -14.579   -74.261    0.1   -0.0   -0.2
   -14.561   -74.261    0.1   -0.0   -0.2
   -14.543   -74.261    0.1   -0.0   -0.2
   -14.525   -74.261    0.1   -0.0   -0.2
   -14.507   -74.261    0.1   -0.0   -0.2
   -14.489   -74.261    0.1   -0.0   -0.2
   -14.471   -74.261    0.1   -0.0   -0.2
   -14.453   -74.261    0.1   -0.1   -0.2
   -14.435   -74.261    0.1   -0.1   -0.2
   -14.417   -74.261    0.1   -0.1   -0.2
   -14.399   -74.261    0.1   -0.1   -0.2
   -14.382   -74.261    0.1   -0.1   -0.2
   -14.364   -74.261    0.1   -0.1   -0.2
   -14.346   -74.261    0.1   -0.1   -0.2
   -14.328   -74.261    0.1   -0.1   -0.2
   -14.310   -74.261    0.1   -0.1   -0.2
   -14.292   -74.261    0.1   -0.1   -0.2
   -14.274   -74.261    0.1   -0.1   -0.2
   -14.256   -74.261    0.1   -0.1   -0.1
   -14.238   -74.261    0.1   -0.1   -0.1
   -14.220   -74.261    0.1   -0.1   -0.1
   -14.202   -74.261    0.1   -0.1   -0.1
   -14.184   -74.261    0.1   -0.1   -0.1
   -14.166   -74.261    0.1   -0.1   -0.1
   -14.148   -74.261    0.1   -0.1   -0.1
   -14.130   -74.261    0.1   -0.1   -0.1
   -14.112   -74.261    0.1   -0.1   -0.1
   -14.094   -74.261    0.1   -0.1   -0.1
   -14.076   -74.261    0.1   -0.1   -0.1
   -14.058   -74.261    0.1   -0.1   -0.1
   -14.040   -74.261    0.1   -0.1   -0.1
   -14.022   -74.261    0.0   -0.1   -0.1
   -14.005   -74.261    0.0   -0.1   -0.1
   -13.987   -74.261    0.0   -0.1   -0.1
   -13.969   -74.261    0.0   -0.1   -0.1
   -13.951   -74.261    0.0   -0.1   -0.1
   -13.933   -74.261    0.0   -0.1   -0.1
   -13.915   -74.261    0.0   -0.1   -0.1
   -13.897   -74.261    0.0   -0.1   -0.1
   -13.879   -74.261    0.0   -0.1   -0.1
   -13.861   -74.261    0.0   -0.1   -0.1
   -13.843   -74.261    0.0   -0.1   -0.1
   -13.825   -74.261    0.0   -0.1   -0.1
   -13.807   -74.261    0.0   -0.1   -0.0
   -13.789   -74.261    0.0   -0.1   -0.0
   -13.771   -74.261    0.0   -0.1   -0.0
   -13.753   -74.261    0.0   -0.1   -0.0
   -13.735   -74.261    0.0   -0.1   -0.0
   -13.717   -74.261    0.0   -0.1   -0.0
   -13.699   -74.261    0.0   -0.1   -0.0
   -13.681   -74.261    0.0   -0.0   -0.0
   -13.663   -74.261    0.0   -0.0   -0.0
   -13.646   -74.261    0.0   -0.0   -0.0
   -13.628   -74.261    0.0   -0.0   -0.0
   -13.610   -74.261    0.0   -0.0   -0.0
   -13.592   -74.261    0.0   -0.0   -0.0
   -13.574   -74.261    0.0   -0.0   -0.0
   -13.556   -74.261    0.0   -0.0   -0.0
   -13.538   -74.261    0.0   -0.0   -0.0
   -15.333   -74.243    0.1    0.1   -0.1
   -15.315   -74.243    0.1    0.1   -0.1
   -15.297   -74.243    0.1    0.1   -0.1
   -15.279   -74.243    0.1    0.1   -0.1
   -15.261   -74.243    0.1    0.1   -0.1
   -15.243   -74.243    0.1    0.1   -0.1
   -15.225   -74.243    0.1    0.1   -0.2
   -15.207   -74.243    0.1    0.1   -0.2
   -15.189   -74.243    0.1    0.1   -0.2
   -15.171   -74.243    0.1    0.1   -0.2
   -15.153   -74.243    0.1    0.1   -0.2
   -15.135   -74.243    0.1    0.1   -0.2
   -15.118   -74.243    0.1    0.1   -0.2
   -15.100   -74.243    0.1    0.1   -0.2
   -15.082   -74.243    0.1    0.1   -0.2
   -15.064   -74.243    0.1    0.1   -0.2
   -15.046   -74.243    0.1    0.1   -0.2
   -15.028   -74.243    0.1    0.1   -0.2
   -15.010   -74.243    0.1    0.1   -0.2
   -14.992   -74.243    0.1    0.1   -0.2
   -14.974   -74.243    0.1    0.1   -0.2
   -14.956   -74.243    0.1    0.1   -0.2
   -14.938   -74.243    0.1    0.1   -0.2
   -14.920   -74.243    0.1    0.1   -0.2
   -14.902   -74.243    0.1    0.1   -0.2
   -14.884   -74.243    0.1    0.1   -0.2
   -14.866   -74.243    0.1    0.1   -0.2
   -14.848   -74.243    0.1    0.1   -0.2
   -14.830   -74.243    0.1    0.0   -0.2
   -14.812   -74.243    0.1    0.0   -0.3
   -14.794   -74.243    0.1    0.0   -0.3
   -14.776   -74.243    0.1    0.0   -0.3
   -14.758   -74.243    0.1    0.0   -0.3
   -14.741   -74.243    0.1    0.0   -0.3
   -14.723   -74.243    0.1    0.0   -0.3
   -14.705   -74.243    0.1    0.0   -0.3
   -14.687   -74.243    0.1    0.0   -0.3
   -14.669   -74.243    0.1   -0.0   -0.3
   -14.651   -74.243    0.1   -0.0   -0.3
   -14.633   -74.243    0.1   -0.0   -0.3
   -14.615   -74.243    0.1   -0.0   -0.2
   -14.597   -74.243    0.1   -0.0   -0.2
   -14.579   -74.243    0.1   -0.0   -0.2
   -14.561   -74.243    0.1   -0.0   -0.2
   -14.543   -74.243    0.1   -0.0   -0.2
   -14.525   -74.243    0.1   -0.0   -0.2
   -14.507   -74.243    0.1   -0.0   -0.2
   -14.489   -74.243    0.1   -0.0   -0.2
   -14.471   -74.243    0.1   -0.1   -0.2
   -14.453   -74.243    0.1   -0.1   -0.2
   -14.435   -74.243    0.1   -0.1   -0.2
   -14.417   -74.243    0.1   -0.1   -0.2
   -14.399   -74.243    0.1   -0.1   -0.2
   -14.382   -74.243    0.1   -0.1   -0.2
   -14.364   -74.243    0.1   -0.1   -0.2
   -14.346   -74.243    0.1   -0.1   -0.2
   -14.328   -74.243    0.1   -0.1   -0.2
   -14.310   -74.243    0.1   -0.1   -0.2
   -14.292   -74.243    0.1   -0.1   -0.2
   -14.274   -74.243    0.1   -0.1   -0.2
   -14.256   -74.243    0.1   -0.1   -0.2
   -14.238   -74.243    0.1   -0.1   -0.2
   -14.220   -74.243    0.1   -0.1   -0.1
   -14.202   -74.243    0.1   -0.1   -0.1
   -14.184   -74.243    0.1   -0.1   -0.1
   -14.166   -74.243    0.1   -0.1   -0.1
   -14.148   -74.243    0.1   -0.1   -0.1
   -14.130   -74.243    0.1   -0.1   -0.1
   -14.112   -74.243    0.1   -0.1   -0.1
   -14.094   -74.243    0.1   -0.1   -0.1
   -14.076   -74.243    0.1   -0.1   -0.1
   -14.058   -74.243    0.1   -0.1   -0.1
   -14.040   -74.243    0.1   -0.1   -0.1
   -14.022   -74.243    0.0   -0.1   -0.1
   -14.005   -74.243    0.0   -0.1   -0.1
   -13.987   -74.243    0.0   -0.1   -0.1
   -13.969   -74.243    0.0   -0.1   -0.1
   -13.951   -74.243    0.0   -0.1   -0.1
   -13.933   -74.243    0.0   -0.1   -0.1
   -13.915   -74.243    0.0   -0.1   -0.1
   -13.897   -74.243    0.0   -0.1   -0.1
   -13.879   -74.243    0.0   -0.1   -0.1
   -13.861   -74.243    0.0   -0.1   -0.1
   -13.843   -74.243    0.0   -0.1   -0.1
   -13.825   -74.243    0.0   -0.1   -0.1
   -13.807   -74.243    0.0   -0.1   -0.1
   -13.789   -74.243    0.0   -0.1   -0.0
   -13.771   -74.243    0.0   -0.1   -0.0
   -13.753   -74.243    0.0   -0.1   -0.0
   -13.735   -74.243    0.0   -0.1   -0.0
   -13.717   -74.243    0.0   -0.1   -0.0
   -13.699   -74.243    0.0   -0.1   -0.0
   -13.681   -74.243    0.0   -0.1   -0.0
   -13.663   -74.243    0.0   -0.0   -0.0
   -13.646   -74.243    0.0   -0.0   -0.0
   -13.628   -74.243    0.0   -0.0   -0.0
   -13.610   -74.243    0.0   -0.0   -0.0
   -13.592   -74.243    0.0   -0.0   -0.0
   -13.574   -74.243    0.0   -0.0   -0.0
   -13.556   -74.243    0.0   -0.0   -0.0
   -13.538   -74.243    0.0   -0.0   -0.0
   -15.333   -74.224    0.1    0.1   -0.1
   -15.315   -74.224    0.1    0.1   -0.1
   -15.297   -74.224    0.1    0.1   -0.1
   -15.279   -74.224    0.1    0.1   -0.1
   -15.261   -74.224    0.1    0.1   -0.2
   -15.243   -74.224    0.1    0.1   -0.2
   -15.225   -74.224    0.1    0.1   -0.2
   -15.207   -74.224    0.1    0.1   -0.2
   -15.189   -74.224    0.1    0.1   -0.2
   -15.171   -74.224    0.1    0.1   -0.2
   -15.153   -74.224    0.1    0.1   -0.2
   -15.135   -74.224    0.1    0.1   -0.2
   -15.118   -74.224    0.1    0.1   -0.2
   -15.100   -74.224    0.1    0.1   -0.2
   -15.082   -74.224    0.1    0.1   -0.2
   -15.064   -74.224    0.1    0.1   -0.2
   -15.046   -74.224    0.1    0.1   -0.2
   -15.028   -74.224    0.1    0.1   -0.2
   -15.010   -74.224    0.1    0.1   -0.2
   -14.992   -74.224    0.1    0.1   -0.2
   -14.974   -74.224    0.1    0.1   -0.2
   -14.956   -74.224    0.1    0.1   -0.2
   -14.938   -74.224    0.1    0.1   -0.2
   -14.920   -74.224    0.1    0.1   -0.2
   -14.902   -74.224    0.1    0.1   -0.3
   -14.884   -74.224    0.1    0.1   -0.3
   -14.866   -74.224    0.1    0.1   -0.3
   -14.848   -74.224    0.1    0.1   -0.3
   -14.830   -74.224    0.1    0.0   -0.3
   -14.812   -74.224    0.1    0.0   -0.3
   -14.794   -74.224    0.1    0.0   -0.3
   -14.776   -74.224    0.1    0.0   -0.3
   -14.758   -74.224    0.1    0.0   -0.3
   -14.741   -74.224    0.1    0.0   -0.3
   -14.723   -74.224    0.1    0.0   -0.3
   -14.705   -74.224    0.1    0.0   -0.3
   -14.687   -74.224    0.1    0.0   -0.3
   -14.669   -74.224    0.1   -0.0   -0.3
   -14.651   -74.224    0.1   -0.0   -0.3
   -14.633   -74.224    0.1   -0.0   -0.3
   -14.615   -74.224    0.1   -0.0   -0.3
   -14.597   -74.224    0.1   -0.0   -0.3
   -14.579   -74.224    0.1   -0.0   -0.3
   -14.561   -74.224    0.1   -0.0   -0.3
   -14.543   -74.224    0.1   -0.0   -0.3
   -14.525   -74.224    0.1   -0.0   -0.2
   -14.507   -74.224    0.1   -0.0   -0.2
   -14.489   -74.224    0.1   -0.1   -0.2
   -14.471   -74.224    0.1   -0.1   -0.2
   -14.453   -74.224    0.1   -0.1   -0.2
   -14.435   -74.224    0.1   -0.1   -0.2
   -14.417   -74.224    0.1   -0.1   -0.2
   -14.399   -74.224    0.1   -0.1   -0.2
   -14.382   -74.224    0.1   -0.1   -0.2
   -14.364   -74.224    0.1   -0.1   -0.2
   -14.346   -74.224    0.1   -0.1   -0.2
   -14.328   -74.224    0.1   -0.1   -0.2
   -14.310   -74.224    0.1   -0.1   -0.2
   -14.292   -74.224    0.1   -0.1   -0.2
   -14.274   -74.224    0.1   -0.1   -0.2
   -14.256   -74.224    0.1   -0.1   -0.2
   -14.238   -74.224    0.1   -0.1   -0.2
   -14.220   -74.224    0.1   -0.1   -0.2
   -14.202   -74.224    0.1   -0.1   -0.1
   -14.184   -74.224    0.1   -0.1   -0.1
   -14.166   -74.224    0.1   -0.1   -0.1
   -14.148   -74.224    0.1   -0.1   -0.1
   -14.130   -74.224    0.1   -0.1   -0.1
   -14.112   -74.224    0.1   -0.1   -0.1
   -14.094   -74.224    0.1   -0.1   -0.1
   -14.076   -74.224    0.1   -0.1   -0.1
   -14.058   -74.224    0.1   -0.1   -0.1
   -14.040   -74.224    0.1   -0.1   -0.1
   -14.022   -74.224    0.1   -0.1   -0.1
   -14.005   -74.224    0.0   -0.1   -0.1
   -13.987   -74.224    0.0   -0.1   -0.1
   -13.969   -74.224    0.0   -0.1   -0.1
   -13.951   -74.224    0.0   -0.1   -0.1
   -13.933   -74.224    0.0   -0.1   -0.1
   -13.915   -74.224    0.0   -0.1   -0.1
   -13.897   -74.224    0.0   -0.1   -0.1
   -13.879   -74.224    0.0   -0.1   -0.1
   -13.861   -74.224    0.0   -0.1   -0.1
   -13.843   -74.224    0.0   -0.1   -0.1
   -13.825   -74.224    0.0   -0.1   -0.1
   -13.807   -74.224    0.0   -0.1   -0.1
   -13.789   -74.224    0.0   -0.1   -0.1
   -13.771   -74.224    0.0   -0.1   -0.0
   -13.753   -74.224    0.0   -0.1   -0.0
   -13.735   -74.224    0.0   -0.1   -0.0
   -13.717   -74.224    0.0   -0.1   -0.0
   -13.699   -74.224    0.0   -0.1   -0.0
   -13.681   -74.224    0.0   -0.1   -0.0
   -13.663   -74.224    0.0   -0.1   -0.0
   -13.646   -74.224    0.0   -0.0   -0.0
   -13.628   -74.224    0.0   -0.0   -0.0
   -13.610   -74.224    0.0   -0.0   -0.0
   -13.592   -74.224    0.0   -0.0   -0.0
   -13.574   -74.224    0.0   -0.0   -0.0
   -13.556   -74.224    0.0   -0.0   -0.0
   -13.538   -74.224    0.0   -0.0   -0.0
   -15.333   -74.206    0.1    0.1   -0.1
   -15.315   -74.206    0.1    0.1   -0.1
   -15.297   -74.206    0.1    0.1   -0.1
   -15.279   -74.206    0.1    0.1   -0.2
   -15.261   -74.206    0.1    0.1   -0.2
   -15.243   -74.206    0.1    0.1   -0.2
   -15.225   -74.206    0.1    0.1   -0.2
   -15.207   -74.206    0.1    0.1   -0.2
   -15.189   -74.206    0.1    0.1   -0.2
   -15.171   -74.206    0.1    0.1   -0.2
   -15.153   -74.206    0.1    0.1   -0.2
   -15.135   -74.206    0.1    0.1   -0.2
   -15.118   -74.206    0.1    0.1   -0.2
   -15.100   -74.206    0.1    0.1   -0.2
   -15.082   -74.206    0.1    0.1   -0.2
   -15.064   -74.206    0.1    0.1   -0.2
   -15.046   -74.206    0.1    0.1   -0.2
   -15.028   -74.206    0.1    0.1   -0.2
   -15.010   -74.206    0.1    0.1   -0.2
   -14.992   -74.206    0.1    0.1   -0.2
   -14.974   -74.206    0.1    0.1   -0.2
   -14.956   -74.206    0.1    0.1   -0.3
   -14.938   -74.206    0.1    0.1   -0.3
   -14.920   -74.206    0.1    0.1   -0.3
   -14.902   -74.206    0.1    0.1   -0.3
   -14.884   -74.206    0.1    0.1   -0.3
   -14.866   -74.206    0.1    0.1   -0.3
   -14.848   -74.206    0.1    0.1   -0.3
   -14.830   -74.206    0.1    0.1   -0.3
   -14.812   -74.206    0.2    0.0   -0.3
   -14.794   -74.206    0.2    0.0   -0.3
   -14.776   -74.206    0.2    0.0   -0.3
   -14.758   -74.206    0.2    0.0   -0.3
   -14.741   -74.206    0.2    0.0   -0.3
   -14.723   -74.206    0.2    0.0   -0.3
   -14.705   -74.206    0.2    0.0   -0.3
   -14.687   -74.206    0.2    0.0   -0.3
   -14.669   -74.206    0.2   -0.0   -0.3
   -14.651   -74.206    0.2   -0.0   -0.3
   -14.633   -74.206    0.1   -0.0   -0.3
   -14.615   -74.206    0.1   -0.0   -0.3
   -14.597   -74.206    0.1   -0.0   -0.3
   -14.579   -74.206    0.1   -0.0   -0.3
   -14.561   -74.206    0.1   -0.0   -0.3
   -14.543   -74.206    0.1   -0.0   -0.3
   -14.525   -74.206    0.1   -0.0   -0.3
   -14.507   -74.206    0.1   -0.1   -0.3
   -14.489   -74.206    0.1   -0.1   -0.3
   -14.471   -74.206    0.1   -0.1   -0.2
   -14.453   -74.206    0.1   -0.1   -0.2
   -14.435   -74.206    0.1   -0.1   -0.2
   -14.417   -74.206    0.1   -0.1   -0.2
   -14.399   -74.206    0.1   -0.1   -0.2
   -14.382   -74.206    0.1   -0.1   -0.2
   -14.364   -74.206    0.1   -0.1   -0.2
   -14.346   -74.206    0.1   -0.1   -0.2
   -14.328   -74.206    0.1   -0.1   -0.2
   -14.310   -74.206    0.1   -0.1   -0.2
   -14.292   -74.206    0.1   -0.1   -0.2
   -14.274   -74.206    0.1   -0.1   -0.2
   -14.256   -74.206    0.1   -0.1   -0.2
   -14.238   -74.206    0.1   -0.1   -0.2
   -14.220   -74.206    0.1   -0.1   -0.2
   -14.202   -74.206    0.1   -0.1   -0.2
   -14.184   -74.206    0.1   -0.1   -0.1
   -14.166   -74.206    0.1   -0.1   -0.1
   -14.148   -74.206    0.1   -0.1   -0.1
   -14.130   -74.206    0.1   -0.1   -0.1
   -14.112   -74.206    0.1   -0.1   -0.1
   -14.094   -74.206    0.1   -0.1   -0.1
   -14.076   -74.206    0.1   -0.1   -0.1
   -14.058   -74.206    0.1   -0.1   -0.1
   -14.040   -74.206    0.1   -0.1   -0.1
   -14.022   -74.206    0.1   -0.1   -0.1
   -14.005   -74.206    0.0   -0.1   -0.1
   -13.987   -74.206    0.0   -0.1   -0.1
   -13.969   -74.206    0.0   -0.1   -0.1
   -13.951   -74.206    0.0   -0.1   -0.1
   -13.933   -74.206    0.0   -0.1   -0.1
   -13.915   -74.206    0.0   -0.1   -0.1
   -13.897   -74.206    0.0   -0.1   -0.1
   -13.879   -74.206    0.0   -0.1   -0.1
   -13.861   -74.206    0.0   -0.1   -0.1
   -13.843   -74.206    0.0   -0.1   -0.1
   -13.825   -74.206    0.0   -0.1   -0.1
   -13.807   -74.206    0.0   -0.1   -0.1
   -13.789   -74.206    0.0   -0.1   -0.1
   -13.771   -74.206    0.0   -0.1   -0.0
   -13.753   -74.206    0.0   -0.1   -0.0
   -13.735   -74.206    0.0   -0.1   -0.0
   -13.717   -74.206    0.0   -0.1   -0.0
   -13.699   -74.206    0.0   -0.1   -0.0
   -13.681   -74.206    0.0   -0.1   -0.0
   -13.663   -74.206    0.0   -0.1   -0.0
   -13.646   -74.206    0.0   -0.1   -0.0
   -13.628   -74.206    0.0   -0.1   -0.0
   -13.610   -74.206    0.0   -0.0   -0.0
   -13.592   -74.206    0.0   -0.0   -0.0
   -13.574   -74.206    0.0   -0.0   -0.0
   -13.556   -74.206    0.0   -0.0   -0.0
   -13.538   -74.206    0.0   -0.0   -0.0
   -15.333   -74.187    0.1    0.1   -0.1
   -15.315   -74.187    0.1    0.1   -0.1
   -15.297   -74.187    0.1    0.1   -0.2
   -15.279   -74.187    0.1    0.1   -0.2
   -15.261   -74.187    0.1    0.1   -0.2
   -15.243   -74.187    0.1    0.1   -0.2
   -15.225   -74.187    0.1    0.1   -0.2
   -15.207   -74.187    0.1    0.1   -0.2
   -15.189   -74.187    0.1    0.1   -0.2
   -15.171   -74.187    0.1    0.1   -0.2
   -15.153   -74.187    0.1    0.1   -0.2
   -15.135   -74.187    0.1    0.1   -0.2
   -15.118   -74.187    0.1    0.1   -0.2
   -15.100   -74.187    0.1    0.1   -0.2
   -15.082   -74.187    0.1    0.1   -0.2
   -15.064   -74.187    0.1    0.1   -0.2
   -15.046   -74.187    0.1    0.1   -0.2
   -15.028   -74.187    0.1    0.1   -0.2
   -15.010   -74.187    0.1    0.1   -0.2
   -14.992   -74.187    0.1    0.1   -0.3
   -14.974   -74.187    0.1    0.1   -0.3
   -14.956   -74.187    0.1    0.1   -0.3
   -14.938   -74.187    0.1    0.1   -0.3
   -14.920   -74.187    0.1    0.1   -0.3
   -14.902   -74.187    0.1    0.1   -0.3
   -14.884   -74.187    0.1    0.1   -0.3
   -14.866   -74.187    0.1    0.1   -0.3
   -14.848   -74.187    0.2    0.1   -0.3
   -14.830   -74.187    0.2    0.1   -0.3
   -14.812   -74.187    0.2    0.0   -0.3
   -14.794   -74.187    0.2    0.0   -0.3
   -14.776   -74.187    0.2    0.0   -0.3
   -14.758   -74.187    0.2    0.0   -0.3
   -14.741   -74.187    0.2    0.0   -0.3
   -14.723   -74.187    0.2    0.0   -0.3
   -14.705   -74.187    0.2    0.0   -0.3
   -14.687   -74.187    0.2    0.0   -0.3
   -14.669   -74.187    0.2   -0.0   -0.3
   -14.651   -74.187    0.2   -0.0   -0.3
   -14.633   -74.187    0.2   -0.0   -0.3
   -14.615   -74.187    0.2   -0.0   -0.3
   -14.597   -74.187    0.1   -0.0   -0.3
   -14.579   -74.187    0.1   -0.0   -0.3
   -14.561   -74.187    0.1   -0.0   -0.3
   -14.543   -74.187    0.1   -0.0   -0.3
   -14.525   -74.187    0.1   -0.0   -0.3
   -14.507   -74.187    0.1   -0.1   -0.3
   -14.489   -74.187    0.1   -0.1   -0.3
   -14.471   -74.187    0.1   -0.1   -0.3
   -14.453   -74.187    0.1   -0.1   -0.3
   -14.435   -74.187    0.1   -0.1   -0.2
   -14.417   -74.187    0.1   -0.1   -0.2
   -14.399   -74.187    0.1   -0.1   -0.2
   -14.382   -74.187    0.1   -0.1   -0.2
   -14.364   -74.187    0.1   -0.1   -0.2
   -14.346   -74.187    0.1   -0.1   -0.2
   -14.328   -74.187    0.1   -0.1   -0.2
   -14.310   -74.187    0.1   -0.1   -0.2
   -14.292   -74.187    0.1   -0.1   -0.2
   -14.274   -74.187    0.1   -0.1   -0.2
   -14.256   -74.187    0.1   -0.1   -0.2
   -14.238   -74.187    0.1   -0.1   -0.2
   -14.220   -74.187    0.1   -0.1   -0.2
   -14.202   -74.187    0.1   -0.1   -0.2
   -14.184   -74.187    0.1   -0.1   -0.2
   -14.166   -74.187    0.1   -0.1   -0.1
   -14.148   -74.187    0.1   -0.1   -0.1
   -14.130   -74.187    0.1   -0.1   -0.1
   -14.112   -74.187    0.1   -0.1   -0.1
   -14.094   -74.187    0.1   -0.1   -0.1
   -14.076   -74.187    0.1   -0.1   -0.1
   -14.058   -74.187    0.1   -0.1   -0.1
   -14.040   -74.187    0.1   -0.1   -0.1
   -14.022   -74.187    0.1   -0.1   -0.1
   -14.005   -74.187    0.0   -0.1   -0.1
   -13.987   -74.187    0.0   -0.1   -0.1
   -13.969   -74.187    0.0   -0.1   -0.1
   -13.951   -74.187    0.0   -0.1   -0.1
   -13.933   -74.187    0.0   -0.1   -0.1
   -13.915   -74.187    0.0   -0.1   -0.1
   -13.897   -74.187    0.0   -0.1   -0.1
   -13.879   -74.187    0.0   -0.1   -0.1
   -13.861   -74.187    0.0   -0.1   -0.1
   -13.843   -74.187    0.0   -0.1   -0.1
   -13.825   -74.187    0.0   -0.1   -0.1
   -13.807   -74.187    0.0   -0.1   -0.1
   -13.789   -74.187    0.0   -0.1   -0.1
   -13.771   -74.187    0.0   -0.1   -0.1
   -13.753   -74.187    0.0   -0.1   -0.0
   -13.735   -74.187    0.0   -0.1   -0.0
   -13.717   -74.187    0.0   -0.1   -0.0
   -13.699   -74.187    0.0   -0.1   -0.0
   -13.681   -74.187    0.0   -0.1   -0.0
   -13.663   -74.187    0.0   -0.1   -0.0
   -13.646   -74.187    0.0   -0.1   -0.0
   -13.628   -74.187    0.0   -0.1   -0.0
   -13.610   -74.187    0.0   -0.1   -0.0
   -13.592   -74.187    0.0   -0.0   -0.0
   -13.574   -74.187    0.0   -0.0   -0.0
   -13.556   -74.187    0.0   -0.0   -0.0
   -13.538   -74.187    0.0   -0.0   -0.0
   -15.333   -74.169    0.1    0.1   -0.1
   -15.315   -74.169    0.1    0.1   -0.2
   -15.297   -74.169    0.1    0.1   -0.2
   -15.279   -74.169    0.1    0.1   -0.2
   -15.261   -74.169    0.1    0.1   -0.2
   -15.243   -74.169    0.1    0.1   -0.2
   -15.225   -74.169    0.1    0.1   -0.2
   -15.207   -74.169    0.1    0.1   -0.2
   -15.189   -74.169    0.1    0.1   -0.2
   -15.171   -74.169    0.1    0.1   -0.2
   -15.153   -74.169    0.1    0.1   -0.2
   -15.135   -74.169    0.1    0.1   -0.2
   -15.118   -74.169    0.1    0.1   -0.2
   -15.100   -74.169    0.1    0.1   -0.2
   -15.082   -74.169    0.1    0.1   -0.2
   -15.064   -74.169    0.1    0.1   -0.2
   -15.046   -74.169    0.1    0.1   -0.2
   -15.028   -74.169    0.1    0.1   -0.3
   -15.010   -74.169    0.1    0.1   -0.3
   -14.992   -74.169    0.1    0.1   -0.3
   -14.974   -74.169    0.1    0.1   -0.3
   -14.956   -74.169    0.1    0.1   -0.3
   -14.938   -74.169    0.1    0.1   -0.3
   -14.920   -74.169    0.1    0.1   -0.3
   -14.902   -74.169    0.1    0.1   -0.3
   -14.884   -74.169    0.1    0.1   -0.3
   -14.866   -74.169    0.2    0.1   -0.3
   -14.848   -74.169    0.2    0.1   -0.3
   -14.830   -74.169    0.2    0.1   -0.3
   -14.812   -74.169    0.2    0.1   -0.3
   -14.794   -74.169    0.2    0.0   -0.3
   -14.776   -74.169    0.2    0.0   -0.3
   -14.758   -74.169    0.2    0.0   -0.3
   -14.741   -74.169    0.2    0.0   -0.3
   -14.723   -74.169    0.2    0.0   -0.3
   -14.705   -74.169    0.2    0.0   -0.3
   -14.687   -74.169    0.2    0.0   -0.3
   -14.669   -74.169    0.2   -0.0   -0.3
   -14.651   -74.169    0.2   -0.0   -0.3
   -14.633   -74.169    0.2   -0.0   -0.3
   -14.615   -74.169    0.2   -0.0   -0.3
   -14.597   -74.169    0.2   -0.0   -0.3
   -14.579   -74.169    0.1   -0.0   -0.3
   -14.561   -74.169    0.1   -0.0   -0.3
   -14.543   -74.169    0.1   -0.0   -0.3
   -14.525   -74.169    0.1   -0.1   -0.3
   -14.507   -74.169    0.1   -0.1   -0.3
   -14.489   -74.169    0.1   -0.1   -0.3
   -14.471   -74.169    0.1   -0.1   -0.3
   -14.453   -74.169    0.1   -0.1   -0.3
   -14.435   -74.169    0.1   -0.1   -0.3
   -14.417   -74.169    0.1   -0.1   -0.3
   -14.399   -74.169    0.1   -0.1   -0.2
   -14.382   -74.169    0.1   -0.1   -0.2
   -14.364   -74.169    0.1   -0.1   -0.2
   -14.346   -74.169    0.1   -0.1   -0.2
   -14.328   -74.169    0.1   -0.1   -0.2
   -14.310   -74.169    0.1   -0.1   -0.2
   -14.292   -74.169    0.1   -0.1   -0.2
   -14.274   -74.169    0.1   -0.1   -0.2
   -14.256   -74.169    0.1   -0.1   -0.2
   -14.238   -74.169    0.1   -0.1   -0.2
   -14.220   -74.169    0.1   -0.1   -0.2
   -14.202   -74.169    0.1   -0.1   -0.2
   -14.184   -74.169    0.1   -0.1   -0.2
   -14.166   -74.169    0.1   -0.1   -0.2
   -14.148   -74.169    0.1   -0.1   -0.1
   -14.130   -74.169    0.1   -0.1   -0.1
   -14.112   -74.169    0.1   -0.1   -0.1
   -14.094   -74.169    0.1   -0.1   -0.1
   -14.076   -74.169    0.1   -0.1   -0.1
   -14.058   -74.169    0.1   -0.1   -0.1
   -14.040   -74.169    0.1   -0.1   -0.1
   -14.022   -74.169    0.1   -0.1   -0.1
   -14.005   -74.169    0.0   -0.1   -0.1
   -13.987   -74.169    0.0   -0.1   -0.1
   -13.969   -74.169    0.0   -0.1   -0.1
   -13.951   -74.169    0.0   -0.1   -0.1
   -13.933   -74.169    0.0   -0.1   -0.1
   -13.915   -74.169    0.0   -0.1   -0.1
   -13.897   -74.169    0.0   -0.1   -0.1
   -13.879   -74.169    0.0   -0.1   -0.1
   -13.861   -74.169    0.0   -0.1   -0.1
   -13.843   -74.169    0.0   -0.1   -0.1
   -13.825   -74.169    0.0   -0.1   -0.1
   -13.807   -74.169    0.0   -0.1   -0.1
   -13.789   -74.169    0.0   -0.1   -0.1
   -13.771   -74.169    0.0   -0.1   -0.1
   -13.753   -74.169    0.0   -0.1   -0.1
   -13.735   -74.169    0.0   -0.1   -0.0
   -13.717   -74.169    0.0   -0.1   -0.0
   -13.699   -74.169    0.0   -0.1   -0.0
   -13.681   -74.169    0.0   -0.1   -0.0
   -13.663   -74.169    0.0   -0.1   -0.0
   -13.646   -74.169    0.0   -0.1   -0.0
   -13.628   -74.169    0.0   -0.1   -0.0
   -13.610   -74.169    0.0   -0.1   -0.0
   -13.592   -74.169    0.0   -0.1   -0.0
   -13.574   -74.169    0.0   -0.0   -0.0
   -13.556   -74.169    0.0   -0.0   -0.0
   -13.538   -74.169    0.0   -0.0   -0.0
   -15.333   -74.150    0.1    0.1   -0.2
   -15.315   -74.150    0.1    0.1   -0.2
   -15.297   -74.150    0.1    0.1   -0.2
   -15.279   -74.150    0.1    0.1   -0.2
   -15.261   -74.150    0.1    0.1   -0.2
   -15.243   -74.150    0.1    0.1   -0.2
   -15.225   -74.150    0.1    0.1   -0.2
   -15.207   -74.150    0.1    0.1   -0.2
   -15.189   -74.150    0.1    0.1   -0.2
   -15.171   -74.150    0.1    0.1   -0.2
   -15.153   -74.150    0.1    0.1   -0.2
   -15.135   -74.150    0.1    0.1   -0.2
   -15.118   -74.150    0.1    0.1   -0.2
   -15.100   -74.150    0.1    0.1   -0.2
   -15.082   -74.150    0.1    0.1   -0.2
   -15.064   -74.150    0.1    0.1   -0.2
   -15.046   -74.150    0.1    0.1   -0.3
   -15.028   -74.150    0.1    0.1   -0.3
   -15.010   -74.150    0.1    0.1   -0.3
   -14.992   -74.150    0.1    0.1   -0.3
   -14.974   -74.150    0.1    0.1   -0.3
   -14.956   -74.150    0.1    0.1   -0.3
   -14.938   -74.150    0.1    0.1   -0.3
   -14.920   -74.150    0.1    0.1   -0.3
   -14.902   -74.150    0.1    0.1   -0.3
   -14.884   -74.150    0.1    0.1   -0.3
   -14.866   -74.150    0.2    0.1   -0.3
   -14.848   -74.150    0.2    0.1   -0.3
   -14.830   -74.150    0.2    0.1   -0.3
   -14.812   -74.150    0.2    0.1   -0.3
   -14.794   -74.150    0.2    0.0   -0.3
   -14.776   -74.150    0.2    0.0   -0.3
   -14.758   -74.150    0.2    0.0   -0.3
   -14.741   -74.150    0.2    0.0   -0.3
   -14.723   -74.150    0.2    0.0   -0.3
   -14.705   -74.150    0.2    0.0   -0.3
   -14.687   -74.150    0.2    0.0   -0.3
   -14.669   -74.150    0.2   -0.0   -0.3
   -14.651   -74.150    0.2   -0.0   -0.3
   -14.633   -74.150    0.2   -0.0   -0.3
   -14.615   -74.150    0.2   -0.0   -0.3
   -14.597   -74.150    0.2   -0.0   -0.3
   -14.579   -74.150    0.2   -0.0   -0.3
   -14.561   -74.150    0.1   -0.0   -0.3
   -14.543   -74.150    0.1   -0.0   -0.3
   -14.525   -74.150    0.1   -0.1   -0.3
   -14.507   -74.150    0.1   -0.1   -0.3
   -14.489   -74.150    0.1   -0.1   -0.3
   -14.471   -74.150    0.1   -0.1   -0.3
   -14.453   -74.150    0.1   -0.1   -0.3
   -14.435   -74.150    0.1   -0.1   -0.3
   -14.417   -74.150    0.1   -0.1   -0.3
   -14.399   -74.150    0.1   -0.1   -0.3
   -14.382   -74.150    0.1   -0.1   -0.3
   -14.364   -74.150    0.1   -0.1   -0.2
   -14.346   -74.150    0.1   -0.1   -0.2
   -14.328   -74.150    0.1   -0.1   -0.2
   -14.310   -74.150    0.1   -0.1   -0.2
   -14.292   -74.150    0.1   -0.1   -0.2
   -14.274   -74.150    0.1   -0.1   -0.2
   -14.256   -74.150    0.1   -0.1   -0.2
   -14.238   -74.150    0.1   -0.1   -0.2
   -14.220   -74.150    0.1   -0.1   -0.2
   -14.202   -74.150    0.1   -0.1   -0.2
   -14.184   -74.150    0.1   -0.1   -0.2
   -14.166   -74.150    0.1   -0.1   -0.2
   -14.148   -74.150    0.1   -0.1   -0.2
   -14.130   -74.150    0.1   -0.1   -0.1
   -14.112   -74.150    0.1   -0.1   -0.1
   -14.094   -74.150    0.1   -0.1   -0.1
   -14.076   -74.150    0.1   -0.1   -0.1
   -14.058   -74.150    0.1   -0.1   -0.1
   -14.040   -74.150    0.1   -0.1   -0.1
   -14.022   -74.150    0.1   -0.1   -0.1
   -14.005   -74.150    0.0   -0.1   -0.1
   -13.987   -74.150    0.0   -0.1   -0.1
   -13.969   -74.150    0.0   -0.1   -0.1
   -13.951   -74.150    0.0   -0.1   -0.1
   -13.933   -74.150    0.0   -0.1   -0.1
   -13.915   -74.150    0.0   -0.1   -0.1
   -13.897   -74.150    0.0   -0.1   -0.1
   -13.879   -74.150    0.0   -0.1   -0.1
   -13.861   -74.150    0.0   -0.1   -0.1
   -13.843   -74.150    0.0   -0.1   -0.1
   -13.825   -74.150    0.0   -0.1   -0.1
   -13.807   -74.150    0.0   -0.1   -0.1
   -13.789   -74.150    0.0   -0.1   -0.1
   -13.771   -74.150    0.0   -0.1   -0.1
   -13.753   -74.150    0.0   -0.1   -0.1
   -13.735   -74.150    0.0   -0.1   -0.0
   -13.717   -74.150    0.0   -0.1   -0.0
   -13.699   -74.150    0.0   -0.1   -0.0
   -13.681   -74.150    0.0   -0.1   -0.0
   -13.663   -74.150    0.0   -0.1   -0.0
   -13.646   -74.150    0.0   -0.1   -0.0
   -13.628   -74.150    0.0   -0.1   -0.0
   -13.610   -74.150    0.0   -0.1   -0.0
   -13.592   -74.150    0.0   -0.1   -0.0
   -13.574   -74.150    0.0   -0.1   -0.0
   -13.556   -74.150    0.0   -0.0   -0.0
   -13.538   -74.150    0.0   -0.0   -0.0
   -15.333   -74.132    0.1    0.1   -0.2
   -15.315   -74.132    0.1    0.1   -0.2
   -15.297   -74.132    0.1    0.1   -0.2
   -15.279   -74.132    0.1    0.1   -0.2
   -15.261   -74.132    0.1    0.1   -0.2
   -15.243   -74.132    0.1    0.1   -0.2
   -15.225   -74.132    0.1    0.1   -0.2
   -15.207   -74.132    0.1    0.1   -0.2
   -15.189   -74.132    0.1    0.1   -0.2
   -15.171   -74.132    0.1    0.1   -0.2
   -15.153   -74.132    0.1    0.1   -0.2
   -15.135   -74.132    0.1    0.1   -0.2
   -15.118   -74.132    0.1    0.1   -0.2
   -15.100   -74.132    0.1    0.1   -0.2
   -15.082   -74.132    0.1    0.1   -0.3
   -15.064   -74.132    0.1    0.1   -0.3
   -15.046   -74.132    0.1    0.1   -0.3
   -15.028   -74.132    0.1    0.1   -0.3
   -15.010   -74.132    0.1    0.1   -0.3
   -14.992   -74.132    0.1    0.1   -0.3
   -14.974   -74.132    0.1    0.1   -0.3
   -14.956   -74.132    0.1    0.1   -0.3
   -14.938   -74.132    0.1    0.1   -0.3
   -14.920   -74.132    0.1    0.1   -0.3
   -14.902   -74.132    0.1    0.1   -0.3
   -14.884   -74.132    0.2    0.1   -0.3
   -14.866   -74.132    0.2    0.1   -0.3
   -14.848   -74.132    0.2    0.1   -0.3
   -14.830   -74.132    0.2    0.1   -0.3
   -14.812   -74.132    0.2    0.1   -0.3
   -14.794   -74.132    0.2    0.0   -0.3
   -14.776   -74.132    0.2    0.0   -0.3
   -14.758   -74.132    0.2    0.0   -0.3
   -14.741   -74.132    0.2    0.0   -0.3
   -14.723   -74.132    0.2    0.0   -0.3
   -14.705   -74.132    0.2    0.0   -0.3
   -14.687   -74.132    0.2    0.0   -0.3
   -14.669   -74.132    0.2   -0.0   -0.3
   -14.651   -74.132    0.2   -0.0   -0.3
   -14.633   -74.132    0.2   -0.0   -0.3
   -14.615   -74.132    0.2   -0.0   -0.3
   -14.597   -74.132    0.2   -0.0   -0.3
   -14.579   -74.132    0.2   -0.0   -0.3
   -14.561   -74.132    0.2   -0.0   -0.3
   -14.543   -74.132    0.1   -0.0   -0.3
   -14.525   -74.132    0.1   -0.1   -0.3
   -14.507   -74.132    0.1   -0.1   -0.3
   -14.489   -74.132    0.1   -0.1   -0.3
   -14.471   -74.132    0.1   -0.1   -0.3
   -14.453   -74.132    0.1   -0.1   -0.3
   -14.435   -74.132    0.1   -0.1   -0.3
   -14.417   -74.132    0.1   -0.1   -0.3
   -14.399   -74.132    0.1   -0.1   -0.3
   -14.382   -74.132    0.1   -0.1   -0.3
   -14.364   -74.132    0.1   -0.1   -0.3
   -14.346   -74.132    0.1   -0.1   -0.2
   -14.328   -74.132    0.1   -0.1   -0.2
   -14.310   -74.132    0.1   -0.1   -0.2
   -14.292   -74.132    0.1   -0.1   -0.2
   -14.274   -74.132    0.1   -0.1   -0.2
   -14.256   -74.132    0.1   -0.1   -0.2
   -14.238   -74.132    0.1   -0.1   -0.2
   -14.220   -74.132    0.1   -0.1   -0.2
   -14.202   -74.132    0.1   -0.1   -0.2
   -14.184   -74.132    0.1   -0.1   -0.2
   -14.166   -74.132    0.1   -0.1   -0.2
   -14.148   -74.132    0.1   -0.1   -0.2
   -14.130   -74.132    0.1   -0.1   -0.2
   -14.112   -74.132    0.1   -0.1   -0.1
   -14.094   -74.132    0.1   -0.1   -0.1
   -14.076   -74.132    0.1   -0.1   -0.1
   -14.058   -74.132    0.1   -0.1   -0.1
   -14.040   -74.132    0.1   -0.1   -0.1
   -14.022   -74.132    0.1   -0.1   -0.1
   -14.005   -74.132    0.0   -0.1   -0.1
   -13.987   -74.132    0.0   -0.1   -0.1
   -13.969   -74.132    0.0   -0.1   -0.1
   -13.951   -74.132    0.0   -0.1   -0.1
   -13.933   -74.132    0.0   -0.1   -0.1
   -13.915   -74.132    0.0   -0.1   -0.1
   -13.897   -74.132    0.0   -0.1   -0.1
   -13.879   -74.132    0.0   -0.1   -0.1
   -13.861   -74.132    0.0   -0.1   -0.1
   -13.843   -74.132    0.0   -0.1   -0.1
   -13.825   -74.132    0.0   -0.1   -0.1
   -13.807   -74.132    0.0   -0.1   -0.1
   -13.789   -74.132    0.0   -0.1   -0.1
   -13.771   -74.132    0.0   -0.1   -0.1
   -13.753   -74.132    0.0   -0.1   -0.1
   -13.735   -74.132    0.0   -0.1   -0.1
   -13.717   -74.132    0.0   -0.1   -0.0
   -13.699   -74.132    0.0   -0.1   -0.0
   -13.681   -74.132    0.0   -0.1   -0.0
   -13.663   -74.132    0.0   -0.1   -0.0
   -13.646   -74.132    0.0   -0.1   -0.0
   -13.628   -74.132    0.0   -0.1   -0.0
   -13.610   -74.132    0.0   -0.1   -0.0
   -13.592   -74.132    0.0   -0.1   -0.0
   -13.574   -74.132    0.0   -0.1   -0.0
   -13.556   -74.132    0.0   -0.1   -0.0
   -13.538   -74.132    0.0   -0.0   -0.0
   -15.333   -74.113    0.1    0.1   -0.2
   -15.315   -74.113    0.1    0.1   -0.2
   -15.297   -74.113    0.1    0.1   -0.2
   -15.279   -74.113    0.1    0.1   -0.2
   -15.261   -74.113    0.1    0.1   -0.2
   -15.243   -74.113    0.1    0.1   -0.2
   -15.225   -74.113    0.1    0.1   -0.2
   -15.207   -74.113    0.1    0.1   -0.2
   -15.189   -74.113    0.1    0.1   -0.2
   -15.171   -74.113    0.1    0.1   -0.2
   -15.153   -74.113    0.1    0.1   -0.2
   -15.135   -74.113    0.1    0.1   -0.2
   -15.118   -74.113    0.1    0.1   -0.2
   -15.100   -74.113    0.1    0.1   -0.3
   -15.082   -74.113    0.1    0.1   -0.3
   -15.064   -74.113    0.1    0.1   -0.3
   -15.046   -74.113    0.1    0.1   -0.3
   -15.028   -74.113    0.1    0.1   -0.3
   -15.010   -74.113    0.1    0.1   -0.3
   -14.992   -74.113    0.1    0.1   -0.3
   -14.974   -74.113    0.1    0.1   -0.3
   -14.956   -74.113    0.1    0.1   -0.3
   -14.938   -74.113    0.1    0.1   -0.3
   -14.920   -74.113    0.1    0.1   -0.3
   -14.902   -74.113    0.1    0.1   -0.3
   -14.884   -74.113    0.2    0.1   -0.3
   -14.866   -74.113    0.2    0.1   -0.3
   -14.848   -74.113    0.2    0.1   -0.3
   -14.830   -74.113    0.2    0.1   -0.4
   -14.812   -74.113    0.2    0.1   -0.4
   -14.794   -74.113    0.2    0.1   -0.4
   -14.776   -74.113    0.2    0.0   -0.4
   -14.758   -74.113    0.2    0.0   -0.4
   -14.741   -74.113    0.2    0.0   -0.4
   -14.723   -74.113    0.2    0.0   -0.4
   -14.705   -74.113    0.2    0.0   -0.4
   -14.687   -74.113    0.2    0.0   -0.4
   -14.669   -74.113    0.2   -0.0   -0.4
   -14.651   -74.113    0.2   -0.0   -0.4
   -14.633   -74.113    0.2   -0.0   -0.4
   -14.615   -74.113    0.2   -0.0   -0.4
   -14.597   -74.113    0.2   -0.0   -0.4
   -14.579   -74.113    0.2   -0.0   -0.3
   -14.561   -74.113    0.2   -0.0   -0.3
   -14.543   -74.113    0.1   -0.1   -0.3
   -14.525   -74.113    0.1   -0.1   -0.3
   -14.507   -74.113    0.1   -0.1   -0.3
   -14.489   -74.113    0.1   -0.1   -0.3
   -14.471   -74.113    0.1   -0.1   -0.3
   -14.453   -74.113    0.1   -0.1   -0.3
   -14.435   -74.113    0.1   -0.1   -0.3
   -14.417   -74.113    0.1   -0.1   -0.3
   -14.399   -74.113    0.1   -0.1   -0.3
   -14.382   -74.113    0.1   -0.1   -0.3
   -14.364   -74.113    0.1   -0.1   -0.3
   -14.346   -74.113    0.1   -0.1   -0.3
   -14.328   -74.113    0.1   -0.1   -0.2
   -14.310   -74.113    0.1   -0.1   -0.2
   -14.292   -74.113    0.1   -0.1   -0.2
   -14.274   -74.113    0.1   -0.1   -0.2
   -14.256   -74.113    0.1   -0.1   -0.2
   -14.238   -74.113    0.1   -0.1   -0.2
   -14.220   -74.113    0.1   -0.1   -0.2
   -14.202   -74.113    0.1   -0.1   -0.2
   -14.184   -74.113    0.1   -0.1   -0.2
   -14.166   -74.113    0.1   -0.1   -0.2
   -14.148   -74.113    0.1   -0.1   -0.2
   -14.130   -74.113    0.1   -0.1   -0.2
   -14.112   -74.113    0.1   -0.1   -0.2
   -14.094   -74.113    0.1   -0.1   -0.1
   -14.076   -74.113    0.1   -0.1   -0.1
   -14.058   -74.113    0.1   -0.1   -0.1
   -14.040   -74.113    0.1   -0.1   -0.1
   -14.022   -74.113    0.1   -0.1   -0.1
   -14.005   -74.113    0.0   -0.1   -0.1
   -13.987   -74.113    0.0   -0.1   -0.1
   -13.969   -74.113    0.0   -0.1   -0.1
   -13.951   -74.113    0.0   -0.1   -0.1
   -13.933   -74.113    0.0   -0.1   -0.1
   -13.915   -74.113    0.0   -0.1   -0.1
   -13.897   -74.113    0.0   -0.1   -0.1
   -13.879   -74.113    0.0   -0.1   -0.1
   -13.861   -74.113    0.0   -0.1   -0.1
   -13.843   -74.113    0.0   -0.1   -0.1
   -13.825   -74.113    0.0   -0.1   -0.1
   -13.807   -74.113    0.0   -0.1   -0.1
   -13.789   -74.113    0.0   -0.1   -0.1
   -13.771   -74.113    0.0   -0.1   -0.1
   -13.753   -74.113    0.0   -0.1   -0.1
   -13.735   -74.113    0.0   -0.1   -0.1
   -13.717   -74.113    0.0   -0.1   -0.1
   -13.699   -74.113    0.0   -0.1   -0.0
   -13.681   -74.113    0.0   -0.1   -0.0
   -13.663   -74.113    0.0   -0.1   -0.0
   -13.646   -74.113    0.0   -0.1   -0.0
   -13.628   -74.113    0.0   -0.1   -0.0
   -13.610   -74.113    0.0   -0.1   -0.0
   -13.592   -74.113    0.0   -0.1   -0.0
   -13.574   -74.113    0.0   -0.1   -0.0
   -13.556   -74.113    0.0   -0.1   -0.0
   -13.538   -74.113    0.0   -0.1   -0.0
   -15.333   -74.094    0.1    0.1   -0.2
   -15.315   -74.094    0.1    0.1   -0.2
   -15.297   -74.094    0.1    0.1   -0.2
   -15.279   -74.094    0.1    0.1   -0.2
   -15.261   -74.094    0.1    0.1   -0.2
   -15.243   -74.094    0.1    0.1   -0.2
   -15.225   -74.094    0.1    0.1   -0.2
   -15.207   -74.094    0.1    0.1   -0.2
   -15.189   -74.094    0.1    0.1   -0.2
   -15.171   -74.094    0.1    0.1   -0.2
   -15.153   -74.094    0.1    0.1   -0.2
   -15.135   -74.094    0.1    0.1   -0.2
   -15.118   -74.094    0.1    0.1   -0.3
   -15.100   -74.094    0.1    0.1   -0.3
   -15.082   -74.094    0.1    0.1   -0.3
   -15.064   -74.094    0.1    0.1   -0.3
   -15.046   -74.094    0.1    0.1   -0.3
   -15.028   -74.094    0.1    0.1   -0.3
   -15.010   -74.094    0.1    0.1   -0.3
   -14.992   -74.094    0.1    0.1   -0.3
   -14.974   -74.094    0.1    0.1   -0.3
   -14.956   -74.094    0.1    0.1   -0.3
   -14.938   -74.094    0.1    0.1   -0.3
   -14.920   -74.094    0.1    0.1   -0.3
   -14.902   -74.094    0.1    0.1   -0.3
   -14.884   -74.094    0.2    0.1   -0.4
   -14.866   -74.094    0.2    0.1   -0.4
   -14.848   -74.094    0.2    0.1   -0.4
   -14.830   -74.094    0.2    0.1   -0.4
   -14.812   -74.094    0.2    0.1   -0.4
   -14.794   -74.094    0.2    0.1   -0.4
   -14.776   -74.094    0.2    0.0   -0.4
   -14.758   -74.094    0.2    0.0   -0.4
   -14.741   -74.094    0.2    0.0   -0.4
   -14.723   -74.094    0.2    0.0   -0.4
   -14.705   -74.094    0.2    0.0   -0.4
   -14.687   -74.094    0.2    0.0   -0.4
   -14.669   -74.094    0.2   -0.0   -0.4
   -14.651   -74.094    0.2   -0.0   -0.4
   -14.633   -74.094    0.2   -0.0   -0.4
   -14.615   -74.094    0.2   -0.0   -0.4
   -14.597   -74.094    0.2   -0.0   -0.4
   -14.579   -74.094    0.2   -0.0   -0.4
   -14.561   -74.094    0.2   -0.0   -0.4
   -14.543   -74.094    0.1   -0.1   -0.4
   -14.525   -74.094    0.1   -0.1   -0.3
   -14.507   -74.094    0.1   -0.1   -0.3
   -14.489   -74.094    0.1   -0.1   -0.3
   -14.471   -74.094    0.1   -0.1   -0.3
   -14.453   -74.094    0.1   -0.1   -0.3
   -14.435   -74.094    0.1   -0.1   -0.3
   -14.417   -74.094    0.1   -0.1   -0.3
   -14.399   -74.094    0.1   -0.1   -0.3
   -14.382   -74.094    0.1   -0.1   -0.3
   -14.364   -74.094    0.1   -0.1   -0.3
   -14.346   -74.094    0.1   -0.1   -0.3
   -14.328   -74.094    0.1   -0.1   -0.3
   -14.310   -74.094    0.1   -0.1   -0.3
   -14.292   -74.094    0.1   -0.1   -0.2
   -14.274   -74.094    0.1   -0.1   -0.2
   -14.256   -74.094    0.1   -0.1   -0.2
   -14.238   -74.094    0.1   -0.1   -0.2
   -14.220   -74.094    0.1   -0.1   -0.2
   -14.202   -74.094    0.1   -0.1   -0.2
   -14.184   -74.094    0.1   -0.1   -0.2
   -14.166   -74.094    0.1   -0.1   -0.2
   -14.148   -74.094    0.1   -0.1   -0.2
   -14.130   -74.094    0.1   -0.1   -0.2
   -14.112   -74.094    0.1   -0.1   -0.2
   -14.094   -74.094    0.1   -0.1   -0.2
   -14.076   -74.094    0.1   -0.1   -0.1
   -14.058   -74.094    0.1   -0.1   -0.1
   -14.040   -74.094    0.1   -0.1   -0.1
   -14.022   -74.094    0.1   -0.1   -0.1
   -14.005   -74.094    0.0   -0.1   -0.1
   -13.987   -74.094    0.0   -0.1   -0.1
   -13.969   -74.094    0.0   -0.1   -0.1
   -13.951   -74.094    0.0   -0.1   -0.1
   -13.933   -74.094    0.0   -0.1   -0.1
   -13.915   -74.094    0.0   -0.1   -0.1
   -13.897   -74.094    0.0   -0.1   -0.1
   -13.879   -74.094    0.0   -0.1   -0.1
   -13.861   -74.094    0.0   -0.1   -0.1
   -13.843   -74.094    0.0   -0.1   -0.1
   -13.825   -74.094    0.0   -0.1   -0.1
   -13.807   -74.094    0.0   -0.1   -0.1
   -13.789   -74.094    0.0   -0.1   -0.1
   -13.771   -74.094    0.0   -0.1   -0.1
   -13.753   -74.094    0.0   -0.1   -0.1
   -13.735   -74.094    0.0   -0.1   -0.1
   -13.717   -74.094    0.0   -0.1   -0.1
   -13.699   -74.094    0.0   -0.1   -0.0
   -13.681   -74.094    0.0   -0.1   -0.0
   -13.663   -74.094    0.0   -0.1   -0.0
   -13.646   -74.094    0.0   -0.1   -0.0
   -13.628   -74.094    0.0   -0.1   -0.0
   -13.610   -74.094    0.0   -0.1   -0.0
   -13.592   -74.094    0.0   -0.1   -0.0
   -13.574   -74.094    0.0   -0.1   -0.0
   -13.556   -74.094    0.0   -0.1   -0.0
   -13.538   -74.094    0.0   -0.1   -0.0
   -15.333   -74.076    0.1    0.1   -0.2
   -15.315   -74.076    0.1    0.1   -0.2
   -15.297   -74.076    0.1    0.1   -0.2
   -15.279   -74.076    0.1    0.1   -0.2
   -15.261   -74.076    0.1    0.1   -0.2
   -15.243   -74.076    0.1    0.1   -0.2
   -15.225   -74.076    0.1    0.1   -0.2
   -15.207   -74.076    0.1    0.1   -0.2
   -15.189   -74.076    0.1    0.1   -0.2
   -15.171   -74.076    0.1    0.1   -0.2
   -15.153   -74.076    0.1    0.1   -0.2
   -15.135   -74.076    0.1    0.1   -0.3
   -15.118   -74.076    0.1    0.1   -0.3
   -15.100   -74.076    0.1    0.1   -0.3
   -15.082   -74.076    0.1    0.1   -0.3
   -15.064   -74.076    0.1    0.1   -0.3
   -15.046   -74.076    0.1    0.1   -0.3
   -15.028   -74.076    0.1    0.1   -0.3
   -15.010   -74.076    0.1    0.1   -0.3
   -14.992   -74.076    0.1    0.1   -0.3
   -14.974   -74.076    0.1    0.1   -0.3
   -14.956   -74.076    0.1    0.1   -0.3
   -14.938   -74.076    0.1    0.1   -0.3
   -14.920   -74.076    0.1    0.1   -0.4
   -14.902   -74.076    0.1    0.1   -0.4
   -14.884   -74.076    0.2    0.1   -0.4
   -14.866   -74.076    0.2    0.1   -0.4
   -14.848   -74.076    0.2    0.1   -0.4
   -14.830   -74.076    0.2    0.1   -0.4
   -14.812   -74.076    0.2    0.1   -0.4
   -14.794   -74.076    0.2    0.1   -0.4
   -14.776   -74.076    0.2    0.0   -0.4
   -14.758   -74.076    0.2    0.0   -0.4
   -14.741   -74.076    0.2    0.0   -0.4
   -14.723   -74.076    0.2    0.0   -0.4
   -14.705   -74.076    0.2    0.0   -0.4
   -14.687   -74.076    0.2    0.0   -0.4
   -14.669   -74.076    0.2   -0.0   -0.4
   -14.651   -74.076    0.2   -0.0   -0.4
   -14.633   -74.076    0.2   -0.0   -0.4
   -14.615   -74.076    0.2   -0.0   -0.4
   -14.597   -74.076    0.2   -0.0   -0.4
   -14.579   -74.076    0.2   -0.0   -0.4
   -14.561   -74.076    0.2   -0.0   -0.4
   -14.543   -74.076    0.1   -0.1   -0.4
   -14.525   -74.076    0.1   -0.1   -0.4
   -14.507   -74.076    0.1   -0.1   -0.4
   -14.489   -74.076    0.1   -0.1   -0.3
   -14.471   -74.076    0.1   -0.1   -0.3
   -14.453   -74.076    0.1   -0.1   -0.3
   -14.435   -74.076    0.1   -0.1   -0.3
   -14.417   -74.076    0.1   -0.1   -0.3
   -14.399   -74.076    0.1   -0.1   -0.3
   -14.382   -74.076    0.1   -0.1   -0.3
   -14.364   -74.076    0.1   -0.1   -0.3
   -14.346   -74.076    0.1   -0.1   -0.3
   -14.328   -74.076    0.1   -0.1   -0.3
   -14.310   -74.076    0.1   -0.1   -0.3
   -14.292   -74.076    0.1   -0.1   -0.3
   -14.274   -74.076    0.1   -0.1   -0.2
   -14.256   -74.076    0.1   -0.1   -0.2
   -14.238   -74.076    0.1   -0.1   -0.2
   -14.220   -74.076    0.1   -0.1   -0.2
   -14.202   -74.076    0.1   -0.1   -0.2
   -14.184   -74.076    0.1   -0.1   -0.2
   -14.166   -74.076    0.1   -0.1   -0.2
   -14.148   -74.076    0.1   -0.1   -0.2
   -14.130   -74.076    0.1   -0.1   -0.2
   -14.112   -74.076    0.1   -0.1   -0.2
   -14.094   -74.076    0.1   -0.1   -0.2
   -14.076   -74.076    0.1   -0.1   -0.2
   -14.058   -74.076    0.1   -0.1   -0.1
   -14.040   -74.076    0.1   -0.1   -0.1
   -14.022   -74.076    0.1   -0.1   -0.1
   -14.005   -74.076    0.0   -0.1   -0.1
   -13.987   -74.076    0.0   -0.1   -0.1
   -13.969   -74.076    0.0   -0.1   -0.1
   -13.951   -74.076    0.0   -0.1   -0.1
   -13.933   -74.076    0.0   -0.1   -0.1
   -13.915   -74.076    0.0   -0.1   -0.1
   -13.897   -74.076    0.0   -0.1   -0.1
   -13.879   -74.076    0.0   -0.1   -0.1
   -13.861   -74.076    0.0   -0.1   -0.1
   -13.843   -74.076    0.0   -0.1   -0.1
   -13.825   -74.076    0.0   -0.1   -0.1
   -13.807   -74.076    0.0   -0.1   -0.1
   -13.789   -74.076    0.0   -0.1   -0.1
   -13.771   -74.076    0.0   -0.1   -0.1
   -13.753   -74.076    0.0   -0.1   -0.1
   -13.735   -74.076    0.0   -0.1   -0.1
   -13.717   -74.076    0.0   -0.1   -0.1
   -13.699   -74.076    0.0   -0.1   -0.1
   -13.681   -74.076    0.0   -0.1   -0.0
   -13.663   -74.076    0.0   -0.1   -0.0
   -13.646   -74.076    0.0   -0.1   -0.0
   -13.628   -74.076    0.0   -0.1   -0.0
   -13.610   -74.076    0.0   -0.1   -0.0
   -13.592   -74.076    0.0   -0.1   -0.0
   -13.574   -74.076    0.0   -0.1   -0.0
   -13.556   -74.076    0.0   -0.1   -0.0
   -13.538   -74.076    0.0   -0.1   -0.0
   -15.333   -74.057    0.1    0.1   -0.2
   -15.315   -74.057    0.1    0.1   -0.2
   -15.297   -74.057    0.1    0.1   -0.2
   -15.279   -74.057    0.1    0.1   -0.2
   -15.261   -74.057    0.1    0.1   -0.2
   -15.243   -74.057    0.1    0.1   -0.2
   -15.225   -74.057    0.1    0.1   -0.2
   -15.207   -74.057    0.1    0.1   -0.2
   -15.189   -74.057    0.1    0.1   -0.2
   -15.171   -74.057    0.1    0.1   -0.2
   -15.153   -74.057    0.1    0.1   -0.3
   -15.135   -74.057    0.1    0.1   -0.3
   -15.118   -74.057    0.1    0.1   -0.3
   -15.100   -74.057    0.1    0.1   -0.3
   -15.082   -74.057    0.1    0.1   -0.3
   -15.064   -74.057    0.1    0.1   -0.3
   -15.046   -74.057    0.1    0.1   -0.3
   -15.028   -74.057    0.1    0.1   -0.3
   -15.010   -74.057    0.1    0.1   -0.3
   -14.992   -74.057    0.1    0.1   -0.3
   -14.974   -74.057    0.1    0.1   -0.3
   -14.956   -74.057    0.1    0.1   -0.4
   -14.938   -74.057    0.1    0.1   -0.4
   -14.920   -74.057    0.1    0.1   -0.4
   -14.902   -74.057    0.1    0.1   -0.4
   -14.884   -74.057    0.1    0.1   -0.4
   -14.866   -74.057    0.2    0.1   -0.4
   -14.848   -74.057    0.2    0.1   -0.4
   -14.830   -74.057    0.2    0.1   -0.4
   -14.812   -74.057    0.2    0.1   -0.4
   -14.794   -74.057    0.2    0.1   -0.4
   -14.776   -74.057    0.2    0.0   -0.4
   -14.758   -74.057    0.2    0.0   -0.4
   -14.741   -74.057    0.2    0.0   -0.4
   -14.723   -74.057    0.2    0.0   -0.4
   -14.705   -74.057    0.2    0.0   -0.4
   -14.687   -74.057    0.2    0.0   -0.4
   -14.669   -74.057    0.2   -0.0   -0.4
   -14.651   -74.057    0.2   -0.0   -0.4
   -14.633   -74.057    0.2   -0.0   -0.4
   -14.615   -74.057    0.2   -0.0   -0.4
   -14.597   -74.057    0.2   -0.0   -0.4
   -14.579   -74.057    0.2   -0.0   -0.4
   -14.561   -74.057    0.2   -0.1   -0.4
   -14.543   -74.057    0.1   -0.1   -0.4
   -14.525   -74.057    0.1   -0.1   -0.4
   -14.507   -74.057    0.1   -0.1   -0.4
   -14.489   -74.057    0.1   -0.1   -0.4
   -14.471   -74.057    0.1   -0.1   -0.4
   -14.453   -74.057    0.1   -0.1   -0.3
   -14.435   -74.057    0.1   -0.1   -0.3
   -14.417   -74.057    0.1   -0.1   -0.3
   -14.399   -74.057    0.1   -0.1   -0.3
   -14.382   -74.057    0.1   -0.1   -0.3
   -14.364   -74.057    0.1   -0.1   -0.3
   -14.346   -74.057    0.1   -0.1   -0.3
   -14.328   -74.057    0.1   -0.1   -0.3
   -14.310   -74.057    0.1   -0.1   -0.3
   -14.292   -74.057    0.1   -0.1   -0.3
   -14.274   -74.057    0.1   -0.1   -0.3
   -14.256   -74.057    0.1   -0.1   -0.2
   -14.238   -74.057    0.1   -0.1   -0.2
   -14.220   -74.057    0.1   -0.1   -0.2
   -14.202   -74.057    0.1   -0.1   -0.2
   -14.184   -74.057    0.1   -0.1   -0.2
   -14.166   -74.057    0.1   -0.1   -0.2
   -14.148   -74.057    0.1   -0.1   -0.2
   -14.130   -74.057    0.1   -0.1   -0.2
   -14.112   -74.057    0.1   -0.1   -0.2
   -14.094   -74.057    0.1   -0.1   -0.2
   -14.076   -74.057    0.1   -0.1   -0.2
   -14.058   -74.057    0.1   -0.1   -0.1
   -14.040   -74.057    0.1   -0.1   -0.1
   -14.022   -74.057    0.1   -0.1   -0.1
   -14.005   -74.057    0.0   -0.1   -0.1
   -13.987   -74.057    0.0   -0.1   -0.1
   -13.969   -74.057    0.0   -0.1   -0.1
   -13.951   -74.057    0.0   -0.1   -0.1
   -13.933   -74.057    0.0   -0.1   -0.1
   -13.915   -74.057    0.0   -0.1   -0.1
   -13.897   -74.057    0.0   -0.1   -0.1
   -13.879   -74.057    0.0   -0.1   -0.1
   -13.861   -74.057    0.0   -0.1   -0.1
   -13.843   -74.057    0.0   -0.1   -0.1
   -13.825   -74.057    0.0   -0.1   -0.1
   -13.807   -74.057    0.0   -0.1   -0.1
   -13.789   -74.057    0.0   -0.1   -0.1
   -13.771   -74.057    0.0   -0.1   -0.1
   -13.753   -74.057    0.0   -0.1   -0.1
   -13.735   -74.057    0.0   -0.1   -0.1
   -13.717   -74.057    0.0   -0.1   -0.1
   -13.699   -74.057    0.0   -0.1   -0.1
   -13.681   -74.057    0.0   -0.1   -0.0
   -13.663   -74.057    0.0   -0.1   -0.0
   -13.646   -74.057    0.0   -0.1   -0.0
   -13.628   -74.057    0.0   -0.1   -0.0
   -13.610   -74.057    0.0   -0.1   -0.0
   -13.592   -74.057    0.0   -0.1   -0.0
   -13.574   -74.057    0.0   -0.1   -0.0
   -13.556   -74.057    0.0   -0.1   -0.0
   -13.538   -74.057    0.0   -0.1   -0.0
   -15.333   -74.039    0.1    0.1   -0.2
   -15.315   -74.039    0.1    0.1   -0.2
   -15.297   -74.039    0.1    0.1   -0.2
   -15.279   -74.039    0.1    0.1   -0.2
   -15.261   -74.039    0.1    0.1   -0.2
   -15.243   -74.039    0.1    0.1   -0.2
   -15.225   -74.039    0.1    0.1   -0.2
   -15.207   -74.039    0.1    0.1   -0.2
   -15.189   -74.039    0.1    0.1   -0.2
   -15.171   -74.039    0.1    0.1   -0.3
   -15.153   -74.039    0.1    0.1   -0.3
   -15.135   -74.039    0.1    0.1   -0.3
   -15.118   -74.039    0.1    0.1   -0.3
   -15.100   -74.039    0.1    0.1   -0.3
   -15.082   -74.039    0.1    0.1   -0.3
   -15.064   -74.039    0.1    0.1   -0.3
   -15.046   -74.039    0.1    0.1   -0.3
   -15.028   -74.039    0.1    0.1   -0.3
   -15.010   -74.039    0.1    0.1   -0.3
   -14.992   -74.039    0.1    0.1   -0.3
   -14.974   -74.039    0.1    0.1   -0.4
   -14.956   -74.039    0.1    0.1   -0.4
   -14.938   -74.039    0.1    0.1   -0.4
   -14.920   -74.039    0.1    0.1   -0.4
   -14.902   -74.039    0.1    0.1   -0.4
   -14.884   -74.039    0.1    0.1   -0.4
   -14.866   -74.039    0.1    0.1   -0.4
   -14.848   -74.039    0.2    0.1   -0.4
   -14.830   -74.039    0.2    0.1   -0.4
   -14.812   -74.039    0.2    0.1   -0.4
   -14.794   -74.039    0.2    0.1   -0.4
   -14.776   -74.039    0.2    0.1   -0.4
   -14.758   -74.039    0.2    0.0   -0.4
   -14.741   -74.039    0.2    0.0   -0.4
   -14.723   -74.039    0.2    0.0   -0.4
   -14.705   -74.039    0.2    0.0   -0.4
   -14.687   -74.039    0.2    0.0   -0.4
   -14.669   -74.039    0.2   -0.0   -0.4
   -14.651   -74.039    0.2   -0.0   -0.4
   -14.633   -74.039    0.2   -0.0   -0.4
   -14.615   -74.039    0.2   -0.0   -0.4
   -14.597   -74.039    0.2   -0.0   -0.4
   -14.579   -74.039    0.2   -0.0   -0.4
   -14.561   -74.039    0.1   -0.1   -0.4
   -14.543   -74.039    0.1   -0.1   -0.4
   -14.525   -74.039    0.1   -0.1   -0.4
   -14.507   -74.039    0.1   -0.1   -0.4
   -14.489   -74.039    0.1   -0.1   -0.4
   -14.471   -74.039    0.1   -0.1   -0.4
   -14.453   -74.039    0.1   -0.1   -0.4
   -14.435   -74.039    0.1   -0.1   -0.3
   -14.417   -74.039    0.1   -0.1   -0.3
   -14.399   -74.039    0.1   -0.1   -0.3
   -14.382   -74.039    0.1   -0.1   -0.3
   -14.364   -74.039    0.1   -0.1   -0.3
   -14.346   -74.039    0.1   -0.1   -0.3
   -14.328   -74.039    0.1   -0.1   -0.3
   -14.310   -74.039    0.1   -0.1   -0.3
   -14.292   -74.039    0.1   -0.1   -0.3
   -14.274   -74.039    0.1   -0.1   -0.3
   -14.256   -74.039    0.1   -0.1   -0.2
   -14.238   -74.039    0.1   -0.1   -0.2
   -14.220   -74.039    0.1   -0.1   -0.2
   -14.202   -74.039    0.1   -0.1   -0.2
   -14.184   -74.039    0.1   -0.1   -0.2
   -14.166   -74.039    0.1   -0.1   -0.2
   -14.148   -74.039    0.1   -0.1   -0.2
   -14.130   -74.039    0.1   -0.1   -0.2
   -14.112   -74.039    0.1   -0.1   -0.2
   -14.094   -74.039    0.1   -0.1   -0.2
   -14.076   -74.039    0.1   -0.1   -0.2
   -14.058   -74.039    0.1   -0.1   -0.2
   -14.040   -74.039    0.1   -0.1   -0.1
   -14.022   -74.039    0.1   -0.1   -0.1
   -14.005   -74.039    0.0   -0.1   -0.1
   -13.987   -74.039    0.0   -0.1   -0.1
   -13.969   -74.039    0.0   -0.1   -0.1
   -13.951   -74.039    0.0   -0.1   -0.1
   -13.933   -74.039    0.0   -0.1   -0.1
   -13.915   -74.039    0.0   -0.1   -0.1
   -13.897   -74.039    0.0   -0.1   -0.1
   -13.879   -74.039    0.0   -0.1   -0.1
   -13.861   -74.039    0.0   -0.1   -0.1
   -13.843   -74.039    0.0   -0.1   -0.1
   -13.825   -74.039    0.0   -0.1   -0.1
   -13.807   -74.039    0.0   -0.1   -0.1
   -13.789   -74.039    0.0   -0.1   -0.1
   -13.771   -74.039    0.0   -0.1   -0.1
   -13.753   -74.039    0.0   -0.1   -0.1
   -13.735   -74.039    0.0   -0.1   -0.1
   -13.717   -74.039    0.0   -0.1   -0.1
   -13.699   -74.039    0.0   -0.1   -0.1
   -13.681   -74.039    0.0   -0.1   -0.0
   -13.663   -74.039    0.0   -0.1   -0.0
   -13.646   -74.039    0.0   -0.1   -0.0
   -13.628   -74.039    0.0   -0.1   -0.0
   -13.610   -74.039    0.0   -0.1   -0.0
   -13.592   -74.039    0.0   -0.1   -0.0
   -13.574   -74.039    0.0   -0.1   -0.0
   -13.556   -74.039    0.0   -0.1   -0.0
   -13.538   -74.039    0.0   -0.1   -0.0
   -15.333   -74.020    0.1    0.1   -0.2
   -15.315   -74.020    0.1    0.1   -0.2
   -15.297   -74.020    0.1    0.1   -0.2
   -15.279   -74.020    0.1    0.1   -0.2
   -15.261   -74.020    0.1    0.1   -0.2
   -15.243   -74.020    0.1    0.2   -0.2
   -15.225   -74.020    0.1    0.2   -0.2
   -15.207   -74.020    0.1    0.2   -0.2
   -15.189   -74.020    0.1    0.2   -0.3
   -15.171   -74.020    0.1    0.2   -0.3
   -15.153   -74.020    0.1    0.2   -0.3
   -15.135   -74.020    0.1    0.2   -0.3
   -15.118   -74.020    0.1    0.2   -0.3
   -15.100   -74.020    0.1    0.1   -0.3
   -15.082   -74.020    0.1    0.1   -0.3
   -15.064   -74.020    0.1    0.1   -0.3
   -15.046   -74.020    0.1    0.1   -0.3
   -15.028   -74.020    0.1    0.1   -0.3
   -15.010   -74.020    0.1    0.1   -0.3
   -14.992   -74.020    0.1    0.1   -0.4
   -14.974   -74.020    0.1    0.1   -0.4
   -14.956   -74.020    0.1    0.1   -0.4
   -14.938   -74.020    0.1    0.1   -0.4
   -14.920   -74.020    0.1    0.1   -0.4
   -14.902   -74.020    0.1    0.1   -0.4
   -14.884   -74.020    0.1    0.1   -0.4
   -14.866   -74.020    0.1    0.1   -0.4
   -14.848   -74.020    0.1    0.1   -0.4
   -14.830   -74.020    0.2    0.1   -0.4
   -14.812   -74.020    0.2    0.1   -0.4
   -14.794   -74.020    0.2    0.1   -0.4
   -14.776   -74.020    0.2    0.1   -0.4
   -14.758   -74.020    0.2    0.0   -0.4
   -14.741   -74.020    0.2    0.0   -0.4
   -14.723   -74.020    0.2    0.0   -0.4
   -14.705   -74.020    0.2    0.0   -0.4
   -14.687   -74.020    0.2    0.0   -0.4
   -14.669   -74.020    0.2   -0.0   -0.4
   -14.651   -74.020    0.2   -0.0   -0.4
   -14.633   -74.020    0.2   -0.0   -0.4
   -14.615   -74.020    0.2   -0.0   -0.4
   -14.597   -74.020    0.1   -0.0   -0.4
   -14.579   -74.020    0.1   -0.0   -0.4
   -14.561   -74.020    0.1   -0.1   -0.4
   -14.543   -74.020    0.1   -0.1   -0.4
   -14.525   -74.020    0.1   -0.1   -0.4
   -14.507   -74.020    0.1   -0.1   -0.4
   -14.489   -74.020    0.1   -0.1   -0.4
   -14.471   -74.020    0.1   -0.1   -0.4
   -14.453   -74.020    0.1   -0.1   -0.4
   -14.435   -74.020    0.1   -0.1   -0.4
   -14.417   -74.020    0.1   -0.1   -0.4
   -14.399   -74.020    0.1   -0.1   -0.3
   -14.382   -74.020    0.1   -0.1   -0.3
   -14.364   -74.020    0.1   -0.1   -0.3
   -14.346   -74.020    0.1   -0.1   -0.3
   -14.328   -74.020    0.1   -0.1   -0.3
   -14.310   -74.020    0.1   -0.1   -0.3
   -14.292   -74.020    0.1   -0.1   -0.3
   -14.274   -74.020    0.1   -0.1   -0.3
   -14.256   -74.020    0.1   -0.1   -0.3
   -14.238   -74.020    0.1   -0.1   -0.2
   -14.220   -74.020    0.1   -0.1   -0.2
   -14.202   -74.020    0.1   -0.1   -0.2
   -14.184   -74.020    0.1   -0.1   -0.2
   -14.166   -74.020    0.1   -0.1   -0.2
   -14.148   -74.020    0.1   -0.1   -0.2
   -14.130   -74.020    0.1   -0.1   -0.2
   -14.112   -74.020    0.1   -0.1   -0.2
   -14.094   -74.020    0.1   -0.1   -0.2
   -14.076   -74.020    0.1   -0.1   -0.2
   -14.058   -74.020    0.1   -0.1   -0.2
   -14.040   -74.020    0.1   -0.1   -0.1
   -14.022   -74.020    0.0   -0.1   -0.1
   -14.005   -74.020    0.0   -0.1   -0.1
   -13.987   -74.020    0.0   -0.1   -0.1
   -13.969   -74.020    0.0   -0.1   -0.1
   -13.951   -74.020    0.0   -0.1   -0.1
   -13.933   -74.020    0.0   -0.1   -0.1
   -13.915   -74.020    0.0   -0.1   -0.1
   -13.897   -74.020    0.0   -0.1   -0.1
   -13.879   -74.020    0.0   -0.1   -0.1
   -13.861   -74.020    0.0   -0.1   -0.1
   -13.843   -74.020    0.0   -0.1   -0.1
   -13.825   -74.020    0.0   -0.1   -0.1
   -13.807   -74.020    0.0   -0.1   -0.1
   -13.789   -74.020    0.0   -0.1   -0.1
   -13.771   -74.020    0.0   -0.1   -0.1
   -13.753   -74.020    0.0   -0.1   -0.1
   -13.735   -74.020    0.0   -0.1   -0.1
   -13.717   -74.020    0.0   -0.1   -0.1
   -13.699   -74.020    0.0   -0.1   -0.1
   -13.681   -74.020    0.0   -0.1   -0.1
   -13.663   -74.020    0.0   -0.1   -0.0
   -13.646   -74.020    0.0   -0.1   -0.0
   -13.628   -74.020    0.0   -0.1   -0.0
   -13.610   -74.020    0.0   -0.1   -0.0
   -13.592   -74.020    0.0   -0.1   -0.0
   -13.574   -74.020    0.0   -0.1   -0.0
   -13.556   -74.020    0.0   -0.1   -0.0
   -13.538   -74.020    0.0   -0.1   -0.0
   -15.333   -74.002    0.1    0.1   -0.2
   -15.315   -74.002    0.1    0.1   -0.2
   -15.297   -74.002    0.1    0.2   -0.2
   -15.279   -74.002    0.1    0.2   -0.2
   -15.261   -74.002    0.1    0.2   -0.2
   -15.243   -74.002    0.1    0.2   -0.2
   -15.225   -74.002    0.1    0.2   -0.2
   -15.207   -74.002    0.1    0.2   -0.2
   -15.189   -74.002    0.1    0.2   -0.3
   -15.171   -74.002    0.1    0.2   -0.3
   -15.153   -74.002    0.1    0.2   -0.3
   -15.135   -74.002    0.1    0.2   -0.3
   -15.118   -74.002    0.1    0.2   -0.3
   -15.100   -74.002    0.1    0.2   -0.3
   -15.082   -74.002    0.1    0.2   -0.3
   -15.064   -74.002    0.1    0.1   -0.3
   -15.046   -74.002    0.1    0.1   -0.3
   -15.028   -74.002    0.1    0.1   -0.3
   -15.010   -74.002    0.1    0.1   -0.4
   -14.992   -74.002    0.1    0.1   -0.4
   -14.974   -74.002    0.1    0.1   -0.4
   -14.956   -74.002    0.1    0.1   -0.4
   -14.938   -74.002    0.1    0.1   -0.4
   -14.920   -74.002    0.1    0.1   -0.4
   -14.902   -74.002    0.1    0.1   -0.4
   -14.884   -74.002    0.1    0.1   -0.4
   -14.866   -74.002    0.1    0.1   -0.4
   -14.848   -74.002    0.1    0.1   -0.4
   -14.830   -74.002    0.1    0.1   -0.4
   -14.812   -74.002    0.1    0.1   -0.4
   -14.794   -74.002    0.1    0.1   -0.4
   -14.776   -74.002    0.2    0.1   -0.5
   -14.758   -74.002    0.2    0.0   -0.5
   -14.741   -74.002    0.2    0.0   -0.5
   -14.723   -74.002    0.2    0.0   -0.5
   -14.705   -74.002    0.2    0.0   -0.5
   -14.687   -74.002    0.2    0.0   -0.5
   -14.669   -74.002    0.2   -0.0   -0.5
   -14.651   -74.002    0.2   -0.0   -0.5
   -14.633   -74.002    0.1   -0.0   -0.5
   -14.615   -74.002    0.1   -0.0   -0.4
   -14.597   -74.002    0.1   -0.0   -0.4
   -14.579   -74.002    0.1   -0.0   -0.4
   -14.561   -74.002    0.1   -0.1   -0.4
   -14.543   -74.002    0.1   -0.1   -0.4
   -14.525   -74.002    0.1   -0.1   -0.4
   -14.507   -74.002    0.1   -0.1   -0.4
   -14.489   -74.002    0.1   -0.1   -0.4
   -14.471   -74.002    0.1   -0.1   -0.4
   -14.453   -74.002    0.1   -0.1   -0.4
   -14.435   -74.002    0.1   -0.1   -0.4
   -14.417   -74.002    0.1   -0.1   -0.4
   -14.399   -74.002    0.1   -0.1   -0.4
   -14.382   -74.002    0.1   -0.1   -0.3
   -14.364   -74.002    0.1   -0.1   -0.3
   -14.346   -74.002    0.1   -0.1   -0.3
   -14.328   -74.002    0.1   -0.1   -0.3
   -14.310   -74.002    0.1   -0.1   -0.3
   -14.292   -74.002    0.1   -0.1   -0.3
   -14.274   -74.002    0.1   -0.1   -0.3
   -14.256   -74.002    0.1   -0.1   -0.3
   -14.238   -74.002    0.1   -0.1   -0.3
   -14.220   -74.002    0.1   -0.1   -0.2
   -14.202   -74.002    0.1   -0.1   -0.2
   -14.184   -74.002    0.1   -0.1   -0.2
   -14.166   -74.002    0.1   -0.1   -0.2
   -14.148   -74.002    0.1   -0.1   -0.2
   -14.130   -74.002    0.1   -0.1   -0.2
   -14.112   -74.002    0.1   -0.1   -0.2
   -14.094   -74.002    0.1   -0.1   -0.2
   -14.076   -74.002    0.1   -0.1   -0.2
   -14.058   -74.002    0.1   -0.1   -0.2
   -14.040   -74.002    0.1   -0.1   -0.2
   -14.022   -74.002    0.0   -0.1   -0.1
   -14.005   -74.002    0.0   -0.1   -0.1
   -13.987   -74.002    0.0   -0.1   -0.1
   -13.969   -74.002    0.0   -0.1   -0.1
   -13.951   -74.002    0.0   -0.1   -0.1
   -13.933   -74.002    0.0   -0.1   -0.1
   -13.915   -74.002    0.0   -0.1   -0.1
   -13.897   -74.002    0.0   -0.1   -0.1
   -13.879   -74.002    0.0   -0.1   -0.1
   -13.861   -74.002    0.0   -0.1   -0.1
   -13.843   -74.002    0.0   -0.1   -0.1
   -13.825   -74.002    0.0   -0.1   -0.1
   -13.807   -74.002    0.0   -0.1   -0.1
   -13.789   -74.002    0.0   -0.1   -0.1
   -13.771   -74.002    0.0   -0.1   -0.1
   -13.753   -74.002    0.0   -0.1   -0.1
   -13.735   -74.002    0.0   -0.1   -0.1
   -13.717   -74.002    0.0   -0.1   -0.1
   -13.699   -74.002    0.0   -0.1   -0.1
   -13.681   -74.002    0.0   -0.1   -0.1
   -13.663   -74.002    0.0   -0.1   -0.0
   -13.646   -74.002    0.0   -0.1   -0.0
   -13.628   -74.002    0.0   -0.1   -0.0
   -13.610   -74.002    0.0   -0.1   -0.0
   -13.592   -74.002    0.0   -0.1   -0.0
   -13.574   -74.002    0.0   -0.1   -0.0
   -13.556   -74.002    0.0   -0.1   -0.0
   -13.538   -74.002    0.0   -0.1   -0.0
   -15.333   -73.983    0.1    0.2   -0.2
   -15.315   -73.983    0.1    0.2   -0.2
   -15.297   -73.983    0.1    0.2   -0.2
   -15.279   -73.983    0.1    0.2   -0.2
   -15.261   -73.983    0.1    0.2   -0.2
   -15.243   -73.983    0.1    0.2   -0.2
   -15.225   -73.983    0.1    0.2   -0.2
   -15.207   -73.983    0.1    0.2   -0.3
   -15.189   -73.983    0.1    0.2   -0.3
   -15.171   -73.983    0.1    0.2   -0.3
   -15.153   -73.983    0.1    0.2   -0.3
   -15.135   -73.983    0.1    0.2   -0.3
   -15.118   -73.983    0.1    0.2   -0.3
   -15.100   -73.983    0.1    0.2   -0.3
   -15.082   -73.983    0.1    0.2   -0.3
   -15.064   -73.983    0.1    0.2   -0.3
   -15.046   -73.983    0.1    0.2   -0.3
   -15.028   -73.983    0.1    0.1   -0.4
   -15.010   -73.983    0.1    0.1   -0.4
   -14.992   -73.983    0.1    0.1   -0.4
   -14.974   -73.983    0.1    0.1   -0.4
   -14.956   -73.983    0.1    0.1   -0.4
   -14.938   -73.983    0.1    0.1   -0.4
   -14.920   -73.983    0.1    0.1   -0.4
   -14.902   -73.983    0.1    0.1   -0.4
   -14.884   -73.983    0.1    0.1   -0.4
   -14.866   -73.983    0.1    0.1   -0.4
   -14.848   -73.983    0.1    0.1   -0.4
   -14.830   -73.983    0.1    0.1   -0.5
   -14.812   -73.983    0.1    0.1   -0.5
   -14.794   -73.983    0.1    0.1   -0.5
   -14.776   -73.983    0.1    0.1   -0.5
   -14.758   -73.983    0.1    0.0   -0.5
   -14.741   -73.983    0.1    0.0   -0.5
   -14.723   -73.983    0.1    0.0   -0.5
   -14.705   -73.983    0.1    0.0   -0.5
   -14.687   -73.983    0.1    0.0   -0.5
   -14.669   -73.983    0.1   -0.0   -0.5
   -14.651   -73.983    0.1   -0.0   -0.5
   -14.633   -73.983    0.1   -0.0   -0.5
   -14.615   -73.983    0.1   -0.0   -0.5
   -14.597   -73.983    0.1   -0.0   -0.5
   -14.579   -73.983    0.1   -0.0   -0.5
   -14.561   -73.983    0.1   -0.1   -0.4
   -14.543   -73.983    0.1   -0.1   -0.4
   -14.525   -73.983    0.1   -0.1   -0.4
   -14.507   -73.983    0.1   -0.1   -0.4
   -14.489   -73.983    0.1   -0.1   -0.4
   -14.471   -73.983    0.1   -0.1   -0.4
   -14.453   -73.983    0.1   -0.1   -0.4
   -14.435   -73.983    0.1   -0.1   -0.4
   -14.417   -73.983    0.1   -0.1   -0.4
   -14.399   -73.983    0.1   -0.1   -0.4
   -14.382   -73.983    0.1   -0.1   -0.4
   -14.364   -73.983    0.1   -0.1   -0.3
   -14.346   -73.983    0.1   -0.1   -0.3
   -14.328   -73.983    0.1   -0.1   -0.3
   -14.310   -73.983    0.1   -0.1   -0.3
   -14.292   -73.983    0.1   -0.1   -0.3
   -14.274   -73.983    0.1   -0.1   -0.3
   -14.256   -73.983    0.1   -0.1   -0.3
   -14.238   -73.983    0.1   -0.1   -0.3
   -14.220   -73.983    0.1   -0.1   -0.3
   -14.202   -73.983    0.1   -0.1   -0.2
   -14.184   -73.983    0.1   -0.1   -0.2
   -14.166   -73.983    0.1   -0.1   -0.2
   -14.148   -73.983    0.1   -0.1   -0.2
   -14.130   -73.983    0.1   -0.1   -0.2
   -14.112   -73.983    0.1   -0.1   -0.2
   -14.094   -73.983    0.1   -0.1   -0.2
   -14.076   -73.983    0.1   -0.1   -0.2
   -14.058   -73.983    0.1   -0.1   -0.2
   -14.040   -73.983    0.0   -0.1   -0.2
   -14.022   -73.983    0.0   -0.1   -0.1
   -14.005   -73.983    0.0   -0.1   -0.1
   -13.987   -73.983    0.0   -0.1   -0.1
   -13.969   -73.983    0.0   -0.1   -0.1
   -13.951   -73.983    0.0   -0.1   -0.1
   -13.933   -73.983    0.0   -0.1   -0.1
   -13.915   -73.983    0.0   -0.1   -0.1
   -13.897   -73.983    0.0   -0.1   -0.1
   -13.879   -73.983    0.0   -0.1   -0.1
   -13.861   -73.983    0.0   -0.1   -0.1
   -13.843   -73.983    0.0   -0.1   -0.1
   -13.825   -73.983    0.0   -0.1   -0.1
   -13.807   -73.983    0.0   -0.1   -0.1
   -13.789   -73.983    0.0   -0.1   -0.1
   -13.771   -73.983    0.0   -0.1   -0.1
   -13.753   -73.983    0.0   -0.1   -0.1
   -13.735   -73.983    0.0   -0.1   -0.1
   -13.717   -73.983    0.0   -0.1   -0.1
   -13.699   -73.983    0.0   -0.1   -0.1
   -13.681   -73.983    0.0   -0.1   -0.1
   -13.663   -73.983    0.0   -0.1   -0.1
   -13.646   -73.983    0.0   -0.1   -0.0
   -13.628   -73.983    0.0   -0.1   -0.0
   -13.610   -73.983    0.0   -0.1   -0.0
   -13.592   -73.983    0.0   -0.1   -0.0
   -13.574   -73.983    0.0   -0.1   -0.0
   -13.556   -73.983    0.0   -0.1   -0.0
   -13.538   -73.983    0.0   -0.1   -0.0
   -15.333   -73.965    0.1    0.2   -0.2
   -15.315   -73.965    0.1    0.2   -0.2
   -15.297   -73.965    0.1    0.2   -0.2
   -15.279   -73.965    0.1    0.2   -0.2
   -15.261   -73.965    0.1    0.2   -0.2
   -15.243   -73.965    0.1    0.2   -0.2
   -15.225   -73.965    0.1    0.2   -0.3
   -15.207   -73.965    0.1    0.2   -0.3
   -15.189   -73.965    0.1    0.2   -0.3
   -15.171   -73.965    0.1    0.2   -0.3
   -15.153   -73.965    0.1    0.2   -0.3
   -15.135   -73.965    0.1    0.2   -0.3
   -15.118   -73.965    0.1    0.2   -0.3
   -15.100   -73.965    0.1    0.2   -0.3
   -15.082   -73.965    0.1    0.2   -0.3
   -15.064   -73.965    0.1    0.2   -0.3
   -15.046   -73.965    0.1    0.2   -0.4
   -15.028   -73.965    0.1    0.2   -0.4
   -15.010   -73.965    0.1    0.1   -0.4
   -14.992   -73.965    0.1    0.1   -0.4
   -14.974   -73.965    0.1    0.1   -0.4
   -14.956   -73.965    0.1    0.1   -0.4
   -14.938   -73.965    0.1    0.1   -0.4
   -14.920   -73.965    0.1    0.1   -0.4
   -14.902   -73.965    0.1    0.1   -0.4
   -14.884   -73.965    0.1    0.1   -0.4
   -14.866   -73.965    0.1    0.1   -0.5
   -14.848   -73.965    0.1    0.1   -0.5
   -14.830   -73.965    0.1    0.1   -0.5
   -14.812   -73.965    0.1    0.1   -0.5
   -14.794   -73.965    0.1    0.1   -0.5
   -14.776   -73.965    0.1    0.1   -0.5
   -14.758   -73.965    0.1    0.0   -0.5
   -14.741   -73.965    0.1    0.0   -0.5
   -14.723   -73.965    0.1    0.0   -0.5
   -14.705   -73.965    0.1    0.0   -0.5
   -14.687   -73.965    0.1    0.0   -0.5
   -14.669   -73.965    0.1   -0.0   -0.5
   -14.651   -73.965    0.1   -0.0   -0.5
   -14.633   -73.965    0.1   -0.0   -0.5
   -14.615   -73.965    0.1   -0.0   -0.5
   -14.597   -73.965    0.1   -0.0   -0.5
   -14.579   -73.965    0.1   -0.1   -0.5
   -14.561   -73.965    0.1   -0.1   -0.5
   -14.543   -73.965    0.1   -0.1   -0.5
   -14.525   -73.965    0.1   -0.1   -0.4
   -14.507   -73.965    0.1   -0.1   -0.4
   -14.489   -73.965    0.1   -0.1   -0.4
   -14.471   -73.965    0.1   -0.1   -0.4
   -14.453   -73.965    0.1   -0.1   -0.4
   -14.435   -73.965    0.1   -0.1   -0.4
   -14.417   -73.965    0.1   -0.1   -0.4
   -14.399   -73.965    0.1   -0.1   -0.4
   -14.382   -73.965    0.1   -0.1   -0.4
   -14.364   -73.965    0.1   -0.1   -0.4
   -14.346   -73.965    0.1   -0.1   -0.3
   -14.328   -73.965    0.1   -0.1   -0.3
   -14.310   -73.965    0.1   -0.1   -0.3
   -14.292   -73.965    0.1   -0.1   -0.3
   -14.274   -73.965    0.1   -0.1   -0.3
   -14.256   -73.965    0.1   -0.1   -0.3
   -14.238   -73.965    0.1   -0.1   -0.3
   -14.220   -73.965    0.1   -0.1   -0.3
   -14.202   -73.965    0.1   -0.1   -0.2
   -14.184   -73.965    0.1   -0.1   -0.2
   -14.166   -73.965    0.1   -0.1   -0.2
   -14.148   -73.965    0.1   -0.1   -0.2
   -14.130   -73.965    0.1   -0.1   -0.2
   -14.112   -73.965    0.1   -0.1   -0.2
   -14.094   -73.965    0.1   -0.1   -0.2
   -14.076   -73.965    0.1   -0.1   -0.2
   -14.058   -73.965    0.0   -0.1   -0.2
   -14.040   -73.965    0.0   -0.1   -0.2
   -14.022   -73.965    0.0   -0.1   -0.2
   -14.005   -73.965    0.0   -0.1   -0.1
   -13.987   -73.965    0.0   -0.1   -0.1
   -13.969   -73.965    0.0   -0.1   -0.1
   -13.951   -73.965    0.0   -0.1   -0.1
   -13.933   -73.965    0.0   -0.1   -0.1
   -13.915   -73.965    0.0   -0.1   -0.1
   -13.897   -73.965    0.0   -0.1   -0.1
   -13.879   -73.965    0.0   -0.1   -0.1
   -13.861   -73.965    0.0   -0.1   -0.1
   -13.843   -73.965    0.0   -0.1   -0.1
   -13.825   -73.965    0.0   -0.1   -0.1
   -13.807   -73.965    0.0   -0.1   -0.1
   -13.789   -73.965    0.0   -0.1   -0.1
   -13.771   -73.965    0.0   -0.1   -0.1
   -13.753   -73.965    0.0   -0.1   -0.1
   -13.735   -73.965    0.0   -0.1   -0.1
   -13.717   -73.965    0.0   -0.1   -0.1
   -13.699   -73.965    0.0   -0.1   -0.1
   -13.681   -73.965    0.0   -0.1   -0.1
   -13.663   -73.965    0.0   -0.1   -0.1
   -13.646   -73.965    0.0   -0.1   -0.0
   -13.628   -73.965    0.0   -0.1   -0.0
   -13.610   -73.965    0.0   -0.1   -0.0
   -13.592   -73.965    0.0   -0.1   -0.0
   -13.574   -73.965    0.0   -0.1   -0.0
   -13.556   -73.965    0.0   -0.1   -0.0
   -13.538   -73.965    0.0   -0.1   -0.0
   -15.333   -73.946    0.1    0.2   -0.2
   -15.315   -73.946    0.1    0.2   -0.2
   -15.297   -73.946    0.1    0.2   -0.2
   -15.279   -73.946    0.1    0.2   -0.2
   -15.261   -73.946    0.1    0.2   -0.2
   -15.243   -73.946    0.1    0.2   -0.2
   -15.225   -73.946    0.1    0.2   -0.3
   -15.207   -73.946    0.1    0.2   -0.3
   -15.189   -73.946    0.1    0.2   -0.3
   -15.171   -73.946    0.1    0.2   -0.3
   -15.153   -73.946    0.1    0.2   -0.3
   -15.135   -73.946    0.1    0.2   -0.3
   -15.118   -73.946    0.1    0.2   -0.3
   -15.100   -73.946    0.1    0.2   -0.3
   -15.082   -73.946    0.1    0.2   -0.3
   -15.064   -73.946    0.1    0.2   -0.4
   -15.046   -73.946    0.1    0.2   -0.4
   -15.028   -73.946    0.1    0.2   -0.4
   -15.010   -73.946    0.1    0.2   -0.4
   -14.992   -73.946    0.1    0.1   -0.4
   -14.974   -73.946    0.1    0.1   -0.4
   -14.956   -73.946    0.1    0.1   -0.4
   -14.938   -73.946    0.1    0.1   -0.4
   -14.920   -73.946    0.1    0.1   -0.4
   -14.902   -73.946    0.1    0.1   -0.4
   -14.884   -73.946    0.1    0.1   -0.5
   -14.866   -73.946    0.1    0.1   -0.5
   -14.848   -73.946    0.1    0.1   -0.5
   -14.830   -73.946    0.1    0.1   -0.5
   -14.812   -73.946    0.1    0.1   -0.5
   -14.794   -73.946    0.1    0.1   -0.5
   -14.776   -73.946    0.1    0.1   -0.5
   -14.758   -73.946    0.1    0.0   -0.5
   -14.741   -73.946    0.1    0.0   -0.5
   -14.723   -73.946    0.1    0.0   -0.5
   -14.705   -73.946    0.1    0.0   -0.5
   -14.687   -73.946    0.1    0.0   -0.5
   -14.669   -73.946    0.1   -0.0   -0.5
   -14.651   -73.946    0.1   -0.0   -0.5
   -14.633   -73.946    0.1   -0.0   -0.5
   -14.615   -73.946    0.1   -0.0   -0.5
   -14.597   -73.946    0.1   -0.0   -0.5
   -14.579   -73.946    0.1   -0.1   -0.5
   -14.561   -73.946    0.1   -0.1   -0.5
   -14.543   -73.946    0.1   -0.1   -0.5
   -14.525   -73.946    0.1   -0.1   -0.5
   -14.507   -73.946    0.1   -0.1   -0.4
   -14.489   -73.946    0.1   -0.1   -0.4
   -14.471   -73.946    0.1   -0.1   -0.4
   -14.453   -73.946    0.1   -0.1   -0.4
   -14.435   -73.946    0.1   -0.1   -0.4
   -14.417   -73.946    0.1   -0.1   -0.4
   -14.399   -73.946    0.1   -0.1   -0.4
   -14.382   -73.946    0.1   -0.1   -0.4
   -14.364   -73.946    0.1   -0.1   -0.4
   -14.346   -73.946    0.1   -0.1   -0.3
   -14.328   -73.946    0.1   -0.1   -0.3
   -14.310   -73.946    0.1   -0.1   -0.3
   -14.292   -73.946    0.1   -0.1   -0.3
   -14.274   -73.946    0.1   -0.1   -0.3
   -14.256   -73.946    0.1   -0.1   -0.3
   -14.238   -73.946    0.1   -0.1   -0.3
   -14.220   -73.946    0.1   -0.1   -0.3
   -14.202   -73.946    0.1   -0.1   -0.3
   -14.184   -73.946    0.1   -0.1   -0.2
   -14.166   -73.946    0.1   -0.1   -0.2
   -14.148   -73.946    0.1   -0.1   -0.2
   -14.130   -73.946    0.1   -0.1   -0.2
   -14.112   -73.946    0.1   -0.1   -0.2
   -14.094   -73.946    0.1   -0.1   -0.2
   -14.076   -73.946    0.1   -0.1   -0.2
   -14.058   -73.946    0.0   -0.1   -0.2
   -14.040   -73.946    0.0   -0.1   -0.2
   -14.022   -73.946    0.0   -0.1   -0.2
   -14.005   -73.946    0.0   -0.1   -0.1
   -13.987   -73.946    0.0   -0.1   -0.1
   -13.969   -73.946    0.0   -0.1   -0.1
   -13.951   -73.946    0.0   -0.1   -0.1
   -13.933   -73.946    0.0   -0.1   -0.1
   -13.915   -73.946    0.0   -0.1   -0.1
   -13.897   -73.946    0.0   -0.1   -0.1
   -13.879   -73.946    0.0   -0.1   -0.1
   -13.861   -73.946    0.0   -0.1   -0.1
   -13.843   -73.946    0.0   -0.1   -0.1
   -13.825   -73.946    0.0   -0.1   -0.1
   -13.807   -73.946    0.0   -0.1   -0.1
   -13.789   -73.946    0.0   -0.1   -0.1
   -13.771   -73.946    0.0   -0.1   -0.1
   -13.753   -73.946    0.0   -0.1   -0.1
   -13.735   -73.946    0.0   -0.1   -0.1
   -13.717   -73.946    0.0   -0.1   -0.1
   -13.699   -73.946    0.0   -0.1   -0.1
   -13.681   -73.946    0.0   -0.1   -0.1
   -13.663   -73.946    0.0   -0.1   -0.1
   -13.646   -73.946    0.0   -0.1   -0.0
   -13.628   -73.946    0.0   -0.1   -0.0
   -13.610   -73.946    0.0   -0.1   -0.0
   -13.592   -73.946    0.0   -0.1   -0.0
   -13.574   -73.946    0.0   -0.1   -0.0
   -13.556   -73.946    0.0   -0.1   -0.0
   -13.538   -73.946    0.0   -0.1   -0.0
   -15.333   -73.927    0.1    0.2   -0.2
   -15.315   -73.927    0.1    0.2   -0.2
   -15.297   -73.927    0.1    0.2   -0.2
   -15.279   -73.927    0.1    0.2   -0.2
   -15.261   -73.927    0.1    0.2   -0.2
   -15.243   -73.927    0.1    0.2   -0.3
   -15.225   -73.927    0.1    0.2   -0.3
   -15.207   -73.927    0.1    0.2   -0.3
   -15.189   -73.927    0.1    0.2   -0.3
   -15.171   -73.927    0.1    0.2   -0.3
   -15.153   -73.927    0.1    0.2   -0.3
   -15.135   -73.927    0.1    0.2   -0.3
   -15.118   -73.927    0.1    0.2   -0.3
   -15.100   -73.927    0.1    0.2   -0.3
   -15.082   -73.927    0.1    0.2   -0.3
   -15.064   -73.927    0.1    0.2   -0.4
   -15.046   -73.927    0.1    0.2   -0.4
   -15.028   -73.927    0.1    0.2   -0.4
   -15.010   -73.927    0.1    0.2   -0.4
   -14.992   -73.927    0.1    0.1   -0.4
   -14.974   -73.927    0.1    0.1   -0.4
   -14.956   -73.927    0.1    0.1   -0.4
   -14.938   -73.927    0.1    0.1   -0.4
   -14.920   -73.927    0.1    0.1   -0.4
   -14.902   -73.927    0.1    0.1   -0.5
   -14.884   -73.927    0.1    0.1   -0.5
   -14.866   -73.927    0.1    0.1   -0.5
   -14.848   -73.927    0.1    0.1   -0.5
   -14.830   -73.927    0.1    0.1   -0.5
   -14.812   -73.927    0.1    0.1   -0.5
   -14.794   -73.927    0.1    0.1   -0.5
   -14.776   -73.927    0.1    0.1   -0.5
   -14.758   -73.927    0.1    0.1   -0.5
   -14.741   -73.927    0.1    0.0   -0.5
   -14.723   -73.927    0.1    0.0   -0.5
   -14.705   -73.927    0.1    0.0   -0.5
   -14.687   -73.927    0.1    0.0   -0.5
   -14.669   -73.927    0.1   -0.0   -0.5
   -14.651   -73.927    0.1   -0.0   -0.5
   -14.633   -73.927    0.1   -0.0   -0.5
   -14.615   -73.927    0.1   -0.0   -0.5
   -14.597   -73.927    0.1   -0.0   -0.5
   -14.579   -73.927    0.1   -0.1   -0.5
   -14.561   -73.927    0.1   -0.1   -0.5
   -14.543   -73.927    0.1   -0.1   -0.5
   -14.525   -73.927    0.1   -0.1   -0.5
   -14.507   -73.927    0.1   -0.1   -0.5
   -14.489   -73.927    0.1   -0.1   -0.4
   -14.471   -73.927    0.1   -0.1   -0.4
   -14.453   -73.927    0.1   -0.1   -0.4
   -14.435   -73.927    0.1   -0.1   -0.4
   -14.417   -73.927    0.1   -0.1   -0.4
   -14.399   -73.927    0.1   -0.1   -0.4
   -14.382   -73.927    0.1   -0.1   -0.4
   -14.364   -73.927    0.1   -0.1   -0.4
   -14.346   -73.927    0.1   -0.1   -0.4
   -14.328   -73.927    0.1   -0.1   -0.3
   -14.310   -73.927    0.1   -0.1   -0.3
   -14.292   -73.927    0.1   -0.1   -0.3
   -14.274   -73.927    0.1   -0.1   -0.3
   -14.256   -73.927    0.1   -0.1   -0.3
   -14.238   -73.927    0.1   -0.1   -0.3
   -14.220   -73.927    0.1   -0.1   -0.3
   -14.202   -73.927    0.1   -0.1   -0.3
   -14.184   -73.927    0.1   -0.1   -0.2
   -14.166   -73.927    0.1   -0.1   -0.2
   -14.148   -73.927    0.1   -0.1   -0.2
   -14.130   -73.927    0.1   -0.1   -0.2
   -14.112   -73.927    0.1   -0.1   -0.2
   -14.094   -73.927    0.1   -0.1   -0.2
   -14.076   -73.927    0.0   -0.1   -0.2
   -14.058   -73.927    0.0   -0.1   -0.2
   -14.040   -73.927    0.0   -0.1   -0.2
   -14.022   -73.927    0.0   -0.1   -0.2
   -14.005   -73.927    0.0   -0.1   -0.2
   -13.987   -73.927    0.0   -0.1   -0.1
   -13.969   -73.927    0.0   -0.1   -0.1
   -13.951   -73.927    0.0   -0.1   -0.1
   -13.933   -73.927    0.0   -0.1   -0.1
   -13.915   -73.927    0.0   -0.1   -0.1
   -13.897   -73.927    0.0   -0.1   -0.1
   -13.879   -73.927    0.0   -0.1   -0.1
   -13.861   -73.927    0.0   -0.1   -0.1
   -13.843   -73.927    0.0   -0.1   -0.1
   -13.825   -73.927    0.0   -0.1   -0.1
   -13.807   -73.927    0.0   -0.1   -0.1
   -13.789   -73.927    0.0   -0.1   -0.1
   -13.771   -73.927    0.0   -0.1   -0.1
   -13.753   -73.927    0.0   -0.1   -0.1
   -13.735   -73.927    0.0   -0.1   -0.1
   -13.717   -73.927    0.0   -0.1   -0.1
   -13.699   -73.927    0.0   -0.1   -0.1
   -13.681   -73.927    0.0   -0.1   -0.1
   -13.663   -73.927    0.0   -0.1   -0.1
   -13.646   -73.927    0.0   -0.1   -0.0
   -13.628   -73.927    0.0   -0.1   -0.0
   -13.610   -73.927    0.0   -0.1   -0.0
   -13.592   -73.927    0.0   -0.1   -0.0
   -13.574   -73.927    0.0   -0.1   -0.0
   -13.556   -73.927    0.0   -0.1   -0.0
   -13.538   -73.927    0.0   -0.1   -0.0
   -15.333   -73.909    0.1    0.2   -0.2
   -15.315   -73.909    0.1    0.2   -0.2
   -15.297   -73.909    0.1    0.2   -0.2
   -15.279   -73.909    0.1    0.2   -0.2
   -15.261   -73.909    0.1    0.2   -0.2
   -15.243   -73.909    0.1    0.2   -0.3
   -15.225   -73.909    0.1    0.2   -0.3
   -15.207   -73.909    0.1    0.2   -0.3
   -15.189   -73.909    0.1    0.2   -0.3
   -15.171   -73.909    0.1    0.2   -0.3
   -15.153   -73.909    0.1    0.2   -0.3
   -15.135   -73.909    0.1    0.2   -0.3
   -15.118   -73.909    0.1    0.2   -0.3
   -15.100   -73.909    0.1    0.2   -0.3
   -15.082   -73.909    0.1    0.2   -0.4
   -15.064   -73.909    0.1    0.2   -0.4
   -15.046   -73.909    0.1    0.2   -0.4
   -15.028   -73.909    0.1    0.2   -0.4
   -15.010   -73.909    0.1    0.2   -0.4
   -14.992   -73.909    0.1    0.2   -0.4
   -14.974   -73.909    0.1    0.1   -0.4
   -14.956   -73.909    0.1    0.1   -0.4
   -14.938   -73.909    0.1    0.1   -0.4
   -14.920   -73.909    0.1    0.1   -0.5
   -14.902   -73.909    0.1    0.1   -0.5
   -14.884   -73.909    0.1    0.1   -0.5
   -14.866   -73.909    0.1    0.1   -0.5
   -14.848   -73.909    0.1    0.1   -0.5
   -14.830   -73.909    0.1    0.1   -0.5
   -14.812   -73.909    0.1    0.1   -0.5
   -14.794   -73.909    0.1    0.1   -0.5
   -14.776   -73.909    0.1    0.1   -0.5
   -14.758   -73.909    0.1    0.1   -0.5
   -14.741   -73.909    0.1    0.0   -0.5
   -14.723   -73.909    0.1    0.0   -0.5
   -14.705   -73.909    0.1    0.0   -0.5
   -14.687   -73.909    0.1    0.0   -0.5
   -14.669   -73.909    0.1   -0.0   -0.5
   -14.651   -73.909    0.1   -0.0   -0.5
   -14.633   -73.909    0.1   -0.0   -0.5
   -14.615   -73.909    0.1   -0.0   -0.5
   -14.597   -73.909    0.1   -0.0   -0.5
   -14.579   -73.909    0.1   -0.1   -0.5
   -14.561   -73.909    0.1   -0.1   -0.5
   -14.543   -73.909    0.1   -0.1   -0.5
   -14.525   -73.909    0.1   -0.1   -0.5
   -14.507   -73.909    0.1   -0.1   -0.5
   -14.489   -73.909    0.1   -0.1   -0.5
   -14.471   -73.909    0.1   -0.1   -0.4
   -14.453   -73.909    0.1   -0.1   -0.4
   -14.435   -73.909    0.1   -0.1   -0.4
   -14.417   -73.909    0.1   -0.1   -0.4
   -14.399   -73.909    0.1   -0.1   -0.4
   -14.382   -73.909    0.1   -0.1   -0.4
   -14.364   -73.909    0.1   -0.1   -0.4
   -14.346   -73.909    0.1   -0.1   -0.4
   -14.328   -73.909    0.1   -0.1   -0.4
   -14.310   -73.909    0.1   -0.1   -0.3
   -14.292   -73.909    0.1   -0.1   -0.3
   -14.274   -73.909    0.1   -0.1   -0.3
   -14.256   -73.909    0.1   -0.1   -0.3
   -14.238   -73.909    0.1   -0.1   -0.3
   -14.220   -73.909    0.1   -0.1   -0.3
   -14.202   -73.909    0.1   -0.1   -0.3
   -14.184   -73.909    0.1   -0.1   -0.3
   -14.166   -73.909    0.1   -0.1   -0.2
   -14.148   -73.909    0.1   -0.1   -0.2
   -14.130   -73.909    0.1   -0.1   -0.2
   -14.112   -73.909    0.0   -0.1   -0.2
   -14.094   -73.909    0.0   -0.1   -0.2
   -14.076   -73.909    0.0   -0.1   -0.2
   -14.058   -73.909    0.0   -0.1   -0.2
   -14.040   -73.909    0.0   -0.1   -0.2
   -14.022   -73.909    0.0   -0.1   -0.2
   -14.005   -73.909    0.0   -0.1   -0.2
   -13.987   -73.909    0.0   -0.1   -0.1
   -13.969   -73.909    0.0   -0.1   -0.1
   -13.951   -73.909    0.0   -0.1   -0.1
   -13.933   -73.909    0.0   -0.1   -0.1
   -13.915   -73.909    0.0   -0.1   -0.1
   -13.897   -73.909    0.0   -0.1   -0.1
   -13.879   -73.909    0.0   -0.1   -0.1
   -13.861   -73.909    0.0   -0.1   -0.1
   -13.843   -73.909    0.0   -0.1   -0.1
   -13.825   -73.909    0.0   -0.1   -0.1
   -13.807   -73.909    0.0   -0.1   -0.1
   -13.789   -73.909    0.0   -0.1   -0.1
   -13.771   -73.909    0.0   -0.1   -0.1
   -13.753   -73.909    0.0   -0.1   -0.1
   -13.735   -73.909    0.0   -0.1   -0.1
   -13.717   -73.909    0.0   -0.1   -0.1
   -13.699   -73.909    0.0   -0.1   -0.1
   -13.681   -73.909    0.0   -0.1   -0.1
   -13.663   -73.909    0.0   -0.1   -0.1
   -13.646   -73.909    0.0   -0.1   -0.1
   -13.628   -73.909    0.0   -0.1   -0.0
   -13.610   -73.909    0.0   -0.1   -0.0
   -13.592   -73.909    0.0   -0.1   -0.0
   -13.574   -73.909    0.0   -0.1   -0.0
   -13.556   -73.909    0.0   -0.1   -0.0
   -13.538   -73.909    0.0   -0.1   -0.0
   -15.333   -73.890    0.1    0.2   -0.2
   -15.315   -73.890    0.1    0.2   -0.2
   -15.297   -73.890    0.1    0.2   -0.2
   -15.279   -73.890    0.1    0.2   -0.2
   -15.261   -73.890    0.1    0.2   -0.2
   -15.243   -73.890    0.1    0.2   -0.3
   -15.225   -73.890    0.1    0.2   -0.3
   -15.207   -73.890    0.1    0.2   -0.3
   -15.189   -73.890    0.1    0.2   -0.3
   -15.171   -73.890    0.1    0.2   -0.3
   -15.153   -73.890    0.1    0.2   -0.3
   -15.135   -73.890    0.1    0.2   -0.3
   -15.118   -73.890    0.1    0.2   -0.3
   -15.100   -73.890    0.1    0.2   -0.4
   -15.082   -73.890    0.1    0.2   -0.4
   -15.064   -73.890    0.1    0.2   -0.4
   -15.046   -73.890    0.1    0.2   -0.4
   -15.028   -73.890    0.1    0.2   -0.4
   -15.010   -73.890    0.1    0.2   -0.4
   -14.992   -73.890    0.1    0.2   -0.4
   -14.974   -73.890    0.1    0.2   -0.4
   -14.956   -73.890    0.1    0.1   -0.4
   -14.938   -73.890    0.1    0.1   -0.5
   -14.920   -73.890    0.1    0.1   -0.5
   -14.902   -73.890    0.1    0.1   -0.5
   -14.884   -73.890    0.1    0.1   -0.5
   -14.866   -73.890    0.1    0.1   -0.5
   -14.848   -73.890    0.1    0.1   -0.5
   -14.830   -73.890    0.1    0.1   -0.5
   -14.812   -73.890    0.1    0.1   -0.5
   -14.794   -73.890    0.1    0.1   -0.5
   -14.776   -73.890    0.1    0.1   -0.5
   -14.758   -73.890    0.1    0.1   -0.5
   -14.741   -73.890    0.1    0.0   -0.5
   -14.723   -73.890    0.1    0.0   -0.5
   -14.705   -73.890    0.1    0.0   -0.5
   -14.687   -73.890    0.1    0.0   -0.5
   -14.669   -73.890    0.1   -0.0   -0.5
   -14.651   -73.890    0.1   -0.0   -0.5
   -14.633   -73.890    0.1   -0.0   -0.5
   -14.615   -73.890    0.1   -0.0   -0.5
   -14.597   -73.890    0.1   -0.0   -0.5
   -14.579   -73.890    0.1   -0.1   -0.5
   -14.561   -73.890    0.1   -0.1   -0.5
   -14.543   -73.890    0.1   -0.1   -0.5
   -14.525   -73.890    0.1   -0.1   -0.5
   -14.507   -73.890    0.1   -0.1   -0.5
   -14.489   -73.890    0.1   -0.1   -0.5
   -14.471   -73.890    0.1   -0.1   -0.5
   -14.453   -73.890    0.1   -0.1   -0.4
   -14.435   -73.890    0.1   -0.1   -0.4
   -14.417   -73.890    0.1   -0.1   -0.4
   -14.399   -73.890    0.1   -0.1   -0.4
   -14.382   -73.890    0.1   -0.1   -0.4
   -14.364   -73.890    0.1   -0.1   -0.4
   -14.346   -73.890    0.1   -0.1   -0.4
   -14.328   -73.890    0.1   -0.1   -0.4
   -14.310   -73.890    0.1   -0.1   -0.3
   -14.292   -73.890    0.1   -0.1   -0.3
   -14.274   -73.890    0.1   -0.2   -0.3
   -14.256   -73.890    0.1   -0.2   -0.3
   -14.238   -73.890    0.1   -0.2   -0.3
   -14.220   -73.890    0.1   -0.2   -0.3
   -14.202   -73.890    0.1   -0.2   -0.3
   -14.184   -73.890    0.1   -0.2   -0.3
   -14.166   -73.890    0.1   -0.1   -0.2
   -14.148   -73.890    0.1   -0.1   -0.2
   -14.130   -73.890    0.0   -0.1   -0.2
   -14.112   -73.890    0.0   -0.1   -0.2
   -14.094   -73.890    0.0   -0.1   -0.2
   -14.076   -73.890    0.0   -0.1   -0.2
   -14.058   -73.890    0.0   -0.1   -0.2
   -14.040   -73.890    0.0   -0.1   -0.2
   -14.022   -73.890    0.0   -0.1   -0.2
   -14.005   -73.890    0.0   -0.1   -0.2
   -13.987   -73.890    0.0   -0.1   -0.1
   -13.969   -73.890    0.0   -0.1   -0.1
   -13.951   -73.890    0.0   -0.1   -0.1
   -13.933   -73.890    0.0   -0.1   -0.1
   -13.915   -73.890    0.0   -0.1   -0.1
   -13.897   -73.890    0.0   -0.1   -0.1
   -13.879   -73.890    0.0   -0.1   -0.1
   -13.861   -73.890    0.0   -0.1   -0.1
   -13.843   -73.890    0.0   -0.1   -0.1
   -13.825   -73.890    0.0   -0.1   -0.1
   -13.807   -73.890    0.0   -0.1   -0.1
   -13.789   -73.890    0.0   -0.1   -0.1
   -13.771   -73.890    0.0   -0.1   -0.1
   -13.753   -73.890    0.0   -0.1   -0.1
   -13.735   -73.890    0.0   -0.1   -0.1
   -13.717   -73.890    0.0   -0.1   -0.1
   -13.699   -73.890    0.0   -0.1   -0.1
   -13.681   -73.890    0.0   -0.1   -0.1
   -13.663   -73.890    0.0   -0.1   -0.1
   -13.646   -73.890    0.0   -0.1   -0.1
   -13.628   -73.890    0.0   -0.1   -0.0
   -13.610   -73.890    0.0   -0.1   -0.0
   -13.592   -73.890    0.0   -0.1   -0.0
   -13.574   -73.890    0.0   -0.1   -0.0
   -13.556   -73.890    0.0   -0.1   -0.0
   -13.538   -73.890    0.0   -0.1   -0.0
   -15.333   -73.872    0.1    0.2   -0.2
   -15.315   -73.872    0.1    0.2   -0.2
   -15.297   -73.872    0.1    0.2   -0.2
   -15.279   -73.872    0.1    0.2   -0.2
   -15.261   -73.872    0.1    0.2   -0.3
   -15.243   -73.872    0.1    0.2   -0.3
   -15.225   -73.872    0.1    0.2   -0.3
   -15.207   -73.872    0.1    0.2   -0.3
   -15.189   -73.872    0.1    0.2   -0.3
   -15.171   -73.872    0.1    0.2   -0.3
   -15.153   -73.872    0.1    0.2   -0.3
   -15.135   -73.872    0.1    0.2   -0.3
   -15.118   -73.872    0.1    0.2   -0.3
   -15.100   -73.872    0.1    0.2   -0.4
   -15.082   -73.872    0.1    0.2   -0.4
   -15.064   -73.872    0.1    0.2   -0.4
   -15.046   -73.872    0.1    0.2   -0.4
   -15.028   -73.872    0.1    0.2   -0.4
   -15.010   -73.872    0.1    0.2   -0.4
   -14.992   -73.872    0.1    0.2   -0.4
   -14.974   -73.872    0.1    0.2   -0.4
   -14.956   -73.872    0.1    0.1   -0.5
   -14.938   -73.872    0.1    0.1   -0.5
   -14.920   -73.872    0.1    0.1   -0.5
   -14.902   -73.872    0.1    0.1   -0.5
   -14.884   -73.872    0.1    0.1   -0.5
   -14.866   -73.872    0.1    0.1   -0.5
   -14.848   -73.872    0.1    0.1   -0.5
   -14.830   -73.872    0.1    0.1   -0.5
   -14.812   -73.872    0.1    0.1   -0.5
   -14.794   -73.872    0.1    0.1   -0.5
   -14.776   -73.872    0.1    0.1   -0.5
   -14.758   -73.872    0.1    0.1   -0.5
   -14.741   -73.872    0.1    0.0   -0.5
   -14.723   -73.872    0.1    0.0   -0.5
   -14.705   -73.872    0.1    0.0   -0.5
   -14.687   -73.872    0.1    0.0   -0.5
   -14.669   -73.872    0.1   -0.0   -0.5
   -14.651   -73.872    0.1   -0.0   -0.5
   -14.633   -73.872    0.1   -0.0   -0.5
   -14.615   -73.872    0.1   -0.0   -0.5
   -14.597   -73.872    0.1   -0.0   -0.5
   -14.579   -73.872    0.1   -0.1   -0.5
   -14.561   -73.872    0.1   -0.1   -0.5
   -14.543   -73.872    0.1   -0.1   -0.5
   -14.525   -73.872    0.1   -0.1   -0.5
   -14.507   -73.872    0.1   -0.1   -0.5
   -14.489   -73.872    0.1   -0.1   -0.5
   -14.471   -73.872    0.1   -0.1   -0.5
   -14.453   -73.872    0.1   -0.1   -0.5
   -14.435   -73.872    0.1   -0.1   -0.4
   -14.417   -73.872    0.1   -0.1   -0.4
   -14.399   -73.872    0.1   -0.1   -0.4
   -14.382   -73.872    0.1   -0.1   -0.4
   -14.364   -73.872    0.1   -0.1   -0.4
   -14.346   -73.872    0.1   -0.1   -0.4
   -14.328   -73.872    0.1   -0.1   -0.4
   -14.310   -73.872    0.1   -0.2   -0.4
   -14.292   -73.872    0.1   -0.2   -0.3
   -14.274   -73.872    0.1   -0.2   -0.3
   -14.256   -73.872    0.1   -0.2   -0.3
   -14.238   -73.872    0.1   -0.2   -0.3
   -14.220   -73.872    0.1   -0.2   -0.3
   -14.202   -73.872    0.1   -0.2   -0.3
   -14.184   -73.872    0.1   -0.2   -0.3
   -14.166   -73.872    0.1   -0.2   -0.2
   -14.148   -73.872    0.0   -0.2   -0.2
   -14.130   -73.872    0.0   -0.1   -0.2
   -14.112   -73.872    0.0   -0.1   -0.2
   -14.094   -73.872    0.0   -0.1   -0.2
   -14.076   -73.872    0.0   -0.1   -0.2
   -14.058   -73.872    0.0   -0.1   -0.2
   -14.040   -73.872    0.0   -0.1   -0.2
   -14.022   -73.872    0.0   -0.1   -0.2
   -14.005   -73.872    0.0   -0.1   -0.2
   -13.987   -73.872    0.0   -0.1   -0.2
   -13.969   -73.872    0.0   -0.1   -0.1
   -13.951   -73.872    0.0   -0.1   -0.1
   -13.933   -73.872    0.0   -0.1   -0.1
   -13.915   -73.872    0.0   -0.1   -0.1
   -13.897   -73.872    0.0   -0.1   -0.1
   -13.879   -73.872    0.0   -0.1   -0.1
   -13.861   -73.872    0.0   -0.1   -0.1
   -13.843   -73.872    0.0   -0.1   -0.1
   -13.825   -73.872    0.0   -0.1   -0.1
   -13.807   -73.872    0.0   -0.1   -0.1
   -13.789   -73.872    0.0   -0.1   -0.1
   -13.771   -73.872    0.0   -0.1   -0.1
   -13.753   -73.872    0.0   -0.1   -0.1
   -13.735   -73.872    0.0   -0.1   -0.1
   -13.717   -73.872    0.0   -0.1   -0.1
   -13.699   -73.872    0.0   -0.1   -0.1
   -13.681   -73.872    0.0   -0.1   -0.1
   -13.663   -73.872    0.0   -0.1   -0.1
   -13.646   -73.872    0.0   -0.1   -0.1
   -13.628   -73.872    0.0   -0.1   -0.0
   -13.610   -73.872    0.0   -0.1   -0.0
   -13.592   -73.872    0.0   -0.1   -0.0
   -13.574   -73.872    0.0   -0.1   -0.0
   -13.556   -73.872    0.0   -0.1   -0.0
   -13.538   -73.872    0.0   -0.1   -0.0
   -15.333   -73.853    0.0    0.2   -0.2
   -15.315   -73.853    0.0    0.2   -0.2
   -15.297   -73.853    0.1    0.2   -0.2
   -15.279   -73.853    0.1    0.2   -0.2
   -15.261   -73.853    0.1    0.2   -0.3
   -15.243   -73.853    0.1    0.2   -0.3
   -15.225   -73.853    0.1    0.2   -0.3
   -15.207   -73.853    0.1    0.2   -0.3
   -15.189   -73.853    0.1    0.2   -0.3
   -15.171   -73.853    0.1    0.2   -0.3
   -15.153   -73.853    0.1    0.2   -0.3
   -15.135   -73.853    0.1    0.2   -0.3
   -15.118   -73.853    0.1    0.2   -0.3
   -15.100   -73.853    0.1    0.2   -0.4
   -15.082   -73.853    0.1    0.2   -0.4
   -15.064   -73.853    0.1    0.2   -0.4
   -15.046   -73.853    0.1    0.2   -0.4
   -15.028   -73.853    0.1    0.2   -0.4
   -15.010   -73.853    0.1    0.2   -0.4
   -14.992   -73.853    0.1    0.2   -0.4
   -14.974   -73.853    0.1    0.2   -0.4
   -14.956   -73.853    0.1    0.1   -0.5
   -14.938   -73.853    0.1    0.1   -0.5
   -14.920   -73.853    0.1    0.1   -0.5
   -14.902   -73.853    0.1    0.1   -0.5
   -14.884   -73.853    0.1    0.1   -0.5
   -14.866   -73.853    0.1    0.1   -0.5
   -14.848   -73.853    0.1    0.1   -0.5
   -14.830   -73.853    0.1    0.1   -0.5
   -14.812   -73.853    0.1    0.1   -0.5
   -14.794   -73.853    0.1    0.1   -0.5
   -14.776   -73.853    0.1    0.1   -0.5
   -14.758   -73.853    0.1    0.1   -0.5
   -14.741   -73.853    0.1    0.0   -0.6
   -14.723   -73.853    0.1    0.0   -0.6
   -14.705   -73.853    0.1    0.0   -0.6
   -14.687   -73.853    0.1    0.0   -0.6
   -14.669   -73.853    0.1   -0.0   -0.6
   -14.651   -73.853    0.1   -0.0   -0.6
   -14.633   -73.853    0.1   -0.0   -0.5
   -14.615   -73.853    0.1   -0.0   -0.5
   -14.597   -73.853    0.1   -0.0   -0.5
   -14.579   -73.853    0.1   -0.1   -0.5
   -14.561   -73.853    0.1   -0.1   -0.5
   -14.543   -73.853    0.1   -0.1   -0.5
   -14.525   -73.853    0.1   -0.1   -0.5
   -14.507   -73.853    0.1   -0.1   -0.5
   -14.489   -73.853    0.1   -0.1   -0.5
   -14.471   -73.853    0.1   -0.1   -0.5
   -14.453   -73.853    0.1   -0.1   -0.5
   -14.435   -73.853    0.1   -0.1   -0.4
   -14.417   -73.853    0.1   -0.1   -0.4
   -14.399   -73.853    0.1   -0.1   -0.4
   -14.382   -73.853    0.1   -0.1   -0.4
   -14.364   -73.853    0.1   -0.1   -0.4
   -14.346   -73.853    0.1   -0.1   -0.4
   -14.328   -73.853    0.1   -0.2   -0.4
   -14.310   -73.853    0.1   -0.2   -0.4
   -14.292   -73.853    0.1   -0.2   -0.3
   -14.274   -73.853    0.1   -0.2   -0.3
   -14.256   -73.853    0.1   -0.2   -0.3
   -14.238   -73.853    0.1   -0.2   -0.3
   -14.220   -73.853    0.1   -0.2   -0.3
   -14.202   -73.853    0.1   -0.2   -0.3
   -14.184   -73.853    0.0   -0.2   -0.3
   -14.166   -73.853    0.0   -0.2   -0.3
   -14.148   -73.853    0.0   -0.2   -0.2
   -14.130   -73.853    0.0   -0.2   -0.2
   -14.112   -73.853    0.0   -0.1   -0.2
   -14.094   -73.853    0.0   -0.1   -0.2
   -14.076   -73.853    0.0   -0.1   -0.2
   -14.058   -73.853    0.0   -0.1   -0.2
   -14.040   -73.853    0.0   -0.1   -0.2
   -14.022   -73.853    0.0   -0.1   -0.2
   -14.005   -73.853    0.0   -0.1   -0.2
   -13.987   -73.853    0.0   -0.1   -0.2
   -13.969   -73.853    0.0   -0.1   -0.1
   -13.951   -73.853    0.0   -0.1   -0.1
   -13.933   -73.853    0.0   -0.1   -0.1
   -13.915   -73.853    0.0   -0.1   -0.1
   -13.897   -73.853    0.0   -0.1   -0.1
   -13.879   -73.853    0.0   -0.1   -0.1
   -13.861   -73.853    0.0   -0.1   -0.1
   -13.843   -73.853    0.0   -0.1   -0.1
   -13.825   -73.853    0.0   -0.1   -0.1
   -13.807   -73.853    0.0   -0.1   -0.1
   -13.789   -73.853    0.0   -0.1   -0.1
   -13.771   -73.853    0.0   -0.1   -0.1
   -13.753   -73.853    0.0   -0.1   -0.1
   -13.735   -73.853    0.0   -0.1   -0.1
   -13.717   -73.853    0.0   -0.1   -0.1
   -13.699   -73.853    0.0   -0.1   -0.1
   -13.681   -73.853    0.0   -0.1   -0.1
   -13.663   -73.853    0.0   -0.1   -0.1
   -13.646   -73.853    0.0   -0.1   -0.1
   -13.628   -73.853    0.0   -0.1   -0.0
   -13.610   -73.853    0.0   -0.1   -0.0
   -13.592   -73.853    0.0   -0.1   -0.0
   -13.574   -73.853    0.0   -0.1   -0.0
   -13.556   -73.853    0.0   -0.1   -0.0
   -13.538   -73.853    0.0   -0.1   -0.0
   -15.333   -73.835    0.0    0.2   -0.2
   -15.315   -73.835    0.0    0.2   -0.2
   -15.297   -73.835    0.0    0.2   -0.2
   -15.279   -73.835    0.0    0.2   -0.2
   -15.261   -73.835    0.1    0.2   -0.3
   -15.243   -73.835    0.1    0.2   -0.3
   -15.225   -73.835    0.1    0.2   -0.3
   -15.207   -73.835    0.1    0.2   -0.3
   -15.189   -73.835    0.1    0.2   -0.3
   -15.171   -73.835    0.1    0.2   -0.3
   -15.153   -73.835    0.1    0.2   -0.3
   -15.135   -73.835    0.1    0.2   -0.3
   -15.118   -73.835    0.1    0.2   -0.4
   -15.100   -73.835    0.1    0.2   -0.4
   -15.082   -73.835    0.1    0.2   -0.4
   -15.064   -73.835    0.1    0.2   -0.4
   -15.046   -73.835    0.1    0.2   -0.4
   -15.028   -73.835    0.1    0.2   -0.4
   -15.010   -73.835    0.1    0.2   -0.4
   -14.992   -73.835    0.1    0.2   -0.4
   -14.974   -73.835    0.1    0.2   -0.5
   -14.956   -73.835    0.1    0.2   -0.5
   -14.938   -73.835    0.1    0.1   -0.5
   -14.920   -73.835    0.1    0.1   -0.5
   -14.902   -73.835    0.1    0.1   -0.5
   -14.884   -73.835    0.1    0.1   -0.5
   -14.866   -73.835    0.1    0.1   -0.5
   -14.848   -73.835    0.1    0.1   -0.5
   -14.830   -73.835    0.1    0.1   -0.5
   -14.812   -73.835    0.1    0.1   -0.5
   -14.794   -73.835    0.1    0.1   -0.5
   -14.776   -73.835    0.1    0.1   -0.6
   -14.758   -73.835    0.1    0.1   -0.6
   -14.741   -73.835    0.1    0.0   -0.6
   -14.723   -73.835    0.1    0.0   -0.6
   -14.705   -73.835    0.1    0.0   -0.6
   -14.687   -73.835    0.1    0.0   -0.6
   -14.669   -73.835    0.1   -0.0   -0.6
   -14.651   -73.835    0.1   -0.0   -0.6
   -14.633   -73.835    0.1   -0.0   -0.6
   -14.615   -73.835    0.1   -0.0   -0.5
   -14.597   -73.835    0.1   -0.0   -0.5
   -14.579   -73.835    0.1   -0.1   -0.5
   -14.561   -73.835    0.1   -0.1   -0.5
   -14.543   -73.835    0.1   -0.1   -0.5
   -14.525   -73.835    0.1   -0.1   -0.5
   -14.507   -73.835    0.1   -0.1   -0.5
   -14.489   -73.835    0.1   -0.1   -0.5
   -14.471   -73.835    0.1   -0.1   -0.5
   -14.453   -73.835    0.1   -0.1   -0.5
   -14.435   -73.835    0.1   -0.1   -0.5
   -14.417   -73.835    0.1   -0.1   -0.4
   -14.399   -73.835    0.1   -0.1   -0.4
   -14.382   -73.835    0.1   -0.1   -0.4
   -14.364   -73.835    0.1   -0.1   -0.4
   -14.346   -73.835    0.1   -0.1   -0.4
   -14.328   -73.835    0.1   -0.2   -0.4
   -14.310   -73.835    0.1   -0.2   -0.4
   -14.292   -73.835    0.1   -0.2   -0.3
   -14.274   -73.835    0.1   -0.2   -0.3
   -14.256   -73.835    0.1   -0.2   -0.3
   -14.238   -73.835    0.1   -0.2   -0.3
   -14.220   -73.835    0.0   -0.2   -0.3
   -14.202   -73.835    0.0   -0.2   -0.3
   -14.184   -73.835    0.0   -0.2   -0.3
   -14.166   -73.835    0.0   -0.2   -0.3
   -14.148   -73.835    0.0   -0.2   -0.2
   -14.130   -73.835    0.0   -0.2   -0.2
   -14.112   -73.835    0.0   -0.1   -0.2
   -14.094   -73.835    0.0   -0.1   -0.2
   -14.076   -73.835    0.0   -0.1   -0.2
   -14.058   -73.835    0.0   -0.1   -0.2
   -14.040   -73.835    0.0   -0.1   -0.2
   -14.022   -73.835    0.0   -0.1   -0.2
   -14.005   -73.835    0.0   -0.1   -0.2
   -13.987   -73.835    0.0   -0.1   -0.2
   -13.969   -73.835    0.0   -0.1   -0.1
   -13.951   -73.835    0.0   -0.1   -0.1
   -13.933   -73.835    0.0   -0.1   -0.1
   -13.915   -73.835    0.0   -0.1   -0.1
   -13.897   -73.835    0.0   -0.1   -0.1
   -13.879   -73.835    0.0   -0.1   -0.1
   -13.861   -73.835    0.0   -0.1   -0.1
   -13.843   -73.835    0.0   -0.1   -0.1
   -13.825   -73.835    0.0   -0.1   -0.1
   -13.807   -73.835    0.0   -0.1   -0.1
   -13.789   -73.835    0.0   -0.1   -0.1
   -13.771   -73.835    0.0   -0.1   -0.1
   -13.753   -73.835    0.0   -0.1   -0.1
   -13.735   -73.835    0.0   -0.1   -0.1
   -13.717   -73.835    0.0   -0.1   -0.1
   -13.699   -73.835    0.0   -0.1   -0.1
   -13.681   -73.835    0.0   -0.1   -0.1
   -13.663   -73.835    0.0   -0.1   -0.1
   -13.646   -73.835    0.0   -0.1   -0.1
   -13.628   -73.835    0.0   -0.1   -0.0
   -13.610   -73.835    0.0   -0.1   -0.0
   -13.592   -73.835    0.0   -0.1   -0.0
   -13.574   -73.835    0.0   -0.1   -0.0
   -13.556   -73.835    0.0   -0.1   -0.0
   -13.538   -73.835    0.0   -0.1   -0.0
   -15.333   -73.816    0.0    0.2   -0.2
   -15.315   -73.816    0.0    0.2   -0.2
   -15.297   -73.816    0.0    0.2   -0.2
   -15.279   -73.816    0.0    0.2   -0.2
   -15.261   -73.816    0.0    0.2   -0.3
   -15.243   -73.816    0.0    0.2   -0.3
   -15.225   -73.816    0.0    0.2   -0.3
   -15.207   -73.816    0.1    0.2   -0.3
   -15.189   -73.816    0.1    0.2   -0.3
   -15.171   -73.816    0.1    0.2   -0.3
   -15.153   -73.816    0.1    0.2   -0.3
   -15.135   -73.816    0.1    0.2   -0.3
   -15.118   -73.816    0.1    0.2   -0.4
   -15.100   -73.816    0.1    0.2   -0.4
   -15.082   -73.816    0.1    0.2   -0.4
   -15.064   -73.816    0.1    0.2   -0.4
   -15.046   -73.816    0.1    0.2   -0.4
   -15.028   -73.816    0.1    0.2   -0.4
   -15.010   -73.816    0.1    0.2   -0.4
   -14.992   -73.816    0.1    0.2   -0.4
   -14.974   -73.816    0.1    0.2   -0.5
   -14.956   -73.816    0.1    0.2   -0.5
   -14.938   -73.816    0.1    0.1   -0.5
   -14.920   -73.816    0.1    0.1   -0.5
   -14.902   -73.816    0.1    0.1   -0.5
   -14.884   -73.816    0.1    0.1   -0.5
   -14.866   -73.816    0.1    0.1   -0.5
   -14.848   -73.816    0.1    0.1   -0.5
   -14.830   -73.816    0.1    0.1   -0.5
   -14.812   -73.816    0.1    0.1   -0.5
   -14.794   -73.816    0.1    0.1   -0.6
   -14.776   -73.816    0.1    0.1   -0.6
   -14.758   -73.816    0.1    0.1   -0.6
   -14.741   -73.816    0.1    0.0   -0.6
   -14.723   -73.816    0.1    0.0   -0.6
   -14.705   -73.816    0.1    0.0   -0.6
   -14.687   -73.816    0.1    0.0   -0.6
   -14.669   -73.816    0.1   -0.0   -0.6
   -14.651   -73.816    0.1   -0.0   -0.6
   -14.633   -73.816    0.1   -0.0   -0.6
   -14.615   -73.816    0.1   -0.0   -0.6
   -14.597   -73.816    0.1   -0.0   -0.6
   -14.579   -73.816    0.1   -0.1   -0.5
   -14.561   -73.816    0.1   -0.1   -0.5
   -14.543   -73.816    0.1   -0.1   -0.5
   -14.525   -73.816    0.1   -0.1   -0.5
   -14.507   -73.816    0.1   -0.1   -0.5
   -14.489   -73.816    0.1   -0.1   -0.5
   -14.471   -73.816    0.1   -0.1   -0.5
   -14.453   -73.816    0.1   -0.1   -0.5
   -14.435   -73.816    0.1   -0.1   -0.5
   -14.417   -73.816    0.1   -0.1   -0.4
   -14.399   -73.816    0.1   -0.1   -0.4
   -14.382   -73.816    0.1   -0.1   -0.4
   -14.364   -73.816    0.1   -0.1   -0.4
   -14.346   -73.816    0.1   -0.2   -0.4
   -14.328   -73.816    0.1   -0.2   -0.4
   -14.310   -73.816    0.1   -0.2   -0.4
   -14.292   -73.816    0.1   -0.2   -0.3
   -14.274   -73.816    0.0   -0.2   -0.3
   -14.256   -73.816    0.0   -0.2   -0.3
   -14.238   -73.816    0.0   -0.2   -0.3
   -14.220   -73.816    0.0   -0.2   -0.3
   -14.202   -73.816    0.0   -0.2   -0.3
   -14.184   -73.816    0.0   -0.2   -0.3
   -14.166   -73.816    0.0   -0.2   -0.3
   -14.148   -73.816    0.0   -0.2   -0.2
   -14.130   -73.816    0.0   -0.2   -0.2
   -14.112   -73.816    0.0   -0.2   -0.2
   -14.094   -73.816    0.0   -0.1   -0.2
   -14.076   -73.816    0.0   -0.1   -0.2
   -14.058   -73.816    0.0   -0.1   -0.2
   -14.040   -73.816    0.0   -0.1   -0.2
   -14.022   -73.816    0.0   -0.1   -0.2
   -14.005   -73.816    0.0   -0.1   -0.2
   -13.987   -73.816    0.0   -0.1   -0.2
   -13.969   -73.816    0.0   -0.1   -0.1
   -13.951   -73.816    0.0   -0.1   -0.1
   -13.933   -73.816    0.0   -0.1   -0.1
   -13.915   -73.816    0.0   -0.1   -0.1
   -13.897   -73.816    0.0   -0.1   -0.1
   -13.879   -73.816    0.0   -0.1   -0.1
   -13.861   -73.816    0.0   -0.1   -0.1
   -13.843   -73.816    0.0   -0.1   -0.1
   -13.825   -73.816    0.0   -0.1   -0.1
   -13.807   -73.816    0.0   -0.1   -0.1
   -13.789   -73.816    0.0   -0.1   -0.1
   -13.771   -73.816    0.0   -0.1   -0.1
   -13.753   -73.816    0.0   -0.1   -0.1
   -13.735   -73.816    0.0   -0.1   -0.1
   -13.717   -73.816    0.0   -0.1   -0.1
   -13.699   -73.816    0.0   -0.1   -0.1
   -13.681   -73.816    0.0   -0.1   -0.1
   -13.663   -73.816    0.0   -0.1   -0.1
   -13.646   -73.816    0.0   -0.1   -0.1
   -13.628   -73.816    0.0   -0.1   -0.0
   -13.610   -73.816    0.0   -0.1   -0.0
   -13.592   -73.816    0.0   -0.1   -0.0
   -13.574   -73.816    0.0   -0.1   -0.0
   -13.556   -73.816    0.0   -0.1   -0.0
   -13.538   -73.816    0.0   -0.1   -0.0
   -15.333   -73.798    0.0    0.2   -0.2
   -15.315   -73.798    0.0    0.2   -0.2
   -15.297   -73.798    0.0    0.2   -0.2
   -15.279   -73.798    0.0    0.2   -0.3
   -15.261   -73.798    0.0    0.2   -0.3
   -15.243   -73.798    0.0    0.2   -0.3
   -15.225   -73.798    0.0    0.2   -0.3
   -15.207   -73.798    0.0    0.2   -0.3
   -15.189   -73.798    0.0    0.2   -0.3
   -15.171   -73.798    0.0    0.2   -0.3
   -15.153   -73.798    0.1    0.2   -0.3
   -15.135   -73.798    0.1    0.2   -0.3
   -15.118   -73.798    0.1    0.2   -0.4
   -15.100   -73.798    0.1    0.2   -0.4
   -15.082   -73.798    0.1    0.2   -0.4
   -15.064   -73.798    0.1    0.2   -0.4
   -15.046   -73.798    0.1    0.2   -0.4
   -15.028   -73.798    0.1    0.2   -0.4
   -15.010   -73.798    0.1    0.2   -0.4
   -14.992   -73.798    0.1    0.2   -0.4
   -14.974   -73.798    0.1    0.2   -0.5
   -14.956   -73.798    0.1    0.2   -0.5
   -14.938   -73.798    0.1    0.1   -0.5
   -14.920   -73.798    0.1    0.1   -0.5
   -14.902   -73.798    0.1    0.1   -0.5
   -14.884   -73.798    0.1    0.1   -0.5
   -14.866   -73.798    0.1    0.1   -0.5
   -14.848   -73.798    0.1    0.1   -0.5
   -14.830   -73.798    0.1    0.1   -0.5
   -14.812   -73.798    0.1    0.1   -0.6
   -14.794   -73.798    0.1    0.1   -0.6
   -14.776   -73.798    0.1    0.1   -0.6
   -14.758   -73.798    0.1    0.1   -0.6
   -14.741   -73.798    0.1    0.0   -0.6
   -14.723   -73.798    0.1    0.0   -0.6
   -14.705   -73.798    0.1    0.0   -0.6
   -14.687   -73.798    0.1    0.0   -0.6
   -14.669   -73.798    0.1   -0.0   -0.6
   -14.651   -73.798    0.1   -0.0   -0.6
   -14.633   -73.798    0.1   -0.0   -0.6
   -14.615   -73.798    0.1   -0.0   -0.6
   -14.597   -73.798    0.1   -0.0   -0.6
   -14.579   -73.798    0.1   -0.1   -0.5
   -14.561   -73.798    0.1   -0.1   -0.5
   -14.543   -73.798    0.1   -0.1   -0.5
   -14.525   -73.798    0.1   -0.1   -0.5
   -14.507   -73.798    0.1   -0.1   -0.5
   -14.489   -73.798    0.1   -0.1   -0.5
   -14.471   -73.798    0.1   -0.1   -0.5
   -14.453   -73.798    0.1   -0.1   -0.5
   -14.435   -73.798    0.1   -0.1   -0.5
   -14.417   -73.798    0.1   -0.1   -0.4
   -14.399   -73.798    0.1   -0.1   -0.4
   -14.382   -73.798    0.1   -0.1   -0.4
   -14.364   -73.798    0.1   -0.1   -0.4
   -14.346   -73.798    0.0   -0.2   -0.4
   -14.328   -73.798    0.0   -0.2   -0.4
   -14.310   -73.798    0.0   -0.2   -0.4
   -14.292   -73.798    0.0   -0.2   -0.4
   -14.274   -73.798    0.0   -0.2   -0.3
   -14.256   -73.798    0.0   -0.2   -0.3
   -14.238   -73.798    0.0   -0.2   -0.3
   -14.220   -73.798    0.0   -0.2   -0.3
   -14.202   -73.798    0.0   -0.2   -0.3
   -14.184   -73.798    0.0   -0.2   -0.3
   -14.166   -73.798    0.0   -0.2   -0.3
   -14.148   -73.798    0.0   -0.2   -0.2
   -14.130   -73.798    0.0   -0.2   -0.2
   -14.112   -73.798    0.0   -0.2   -0.2
   -14.094   -73.798    0.0   -0.1   -0.2
   -14.076   -73.798    0.0   -0.1   -0.2
   -14.058   -73.798    0.0   -0.1   -0.2
   -14.040   -73.798    0.0   -0.1   -0.2
   -14.022   -73.798    0.0   -0.1   -0.2
   -14.005   -73.798    0.0   -0.1   -0.2
   -13.987   -73.798    0.0   -0.1   -0.2
   -13.969   -73.798    0.0   -0.1   -0.1
   -13.951   -73.798    0.0   -0.1   -0.1
   -13.933   -73.798    0.0   -0.1   -0.1
   -13.915   -73.798    0.0   -0.1   -0.1
   -13.897   -73.798    0.0   -0.1   -0.1
   -13.879   -73.798    0.0   -0.1   -0.1
   -13.861   -73.798    0.0   -0.1   -0.1
   -13.843   -73.798    0.0   -0.1   -0.1
   -13.825   -73.798    0.0   -0.1   -0.1
   -13.807   -73.798    0.0   -0.1   -0.1
   -13.789   -73.798    0.0   -0.1   -0.1
   -13.771   -73.798    0.0   -0.1   -0.1
   -13.753   -73.798    0.0   -0.1   -0.1
   -13.735   -73.798    0.0   -0.1   -0.1
   -13.717   -73.798    0.0   -0.1   -0.1
   -13.699   -73.798    0.0   -0.1   -0.1
   -13.681   -73.798    0.0   -0.1   -0.1
   -13.663   -73.798    0.0   -0.1   -0.1
   -13.646   -73.798    0.0   -0.1   -0.1
   -13.628   -73.798    0.0   -0.1   -0.0
   -13.610   -73.798    0.0   -0.1   -0.0
   -13.592   -73.798    0.0   -0.1   -0.0
   -13.574   -73.798    0.0   -0.1   -0.0
   -13.556   -73.798    0.0   -0.1   -0.0
   -13.538   -73.798    0.0   -0.1   -0.0
   -15.333   -73.779    0.0    0.2   -0.2
   -15.315   -73.779    0.0    0.2   -0.2
   -15.297   -73.779    0.0    0.2   -0.2
   -15.279   -73.779    0.0    0.2   -0.3
   -15.261   -73.779    0.0    0.2   -0.3
   -15.243   -73.779    0.0    0.2   -0.3
   -15.225   -73.779    0.0    0.2   -0.3
   -15.207   -73.779    0.0    0.2   -0.3
   -15.189   -73.779    0.0    0.2   -0.3
   -15.171   -73.779    0.0    0.2   -0.3
   -15.153   -73.779    0.0    0.2   -0.3
   -15.135   -73.779    0.0    0.2   -0.3
   -15.118   -73.779    0.0    0.2   -0.4
   -15.100   -73.779    0.0    0.2   -0.4
   -15.082   -73.779    0.0    0.2   -0.4
   -15.064   -73.779    0.1    0.2   -0.4
   -15.046   -73.779    0.1    0.2   -0.4
   -15.028   -73.779    0.1    0.2   -0.4
   -15.010   -73.779    0.1    0.2   -0.4
   -14.992   -73.779    0.1    0.2   -0.4
   -14.974   -73.779    0.1    0.2   -0.5
   -14.956   -73.779    0.1    0.2   -0.5
   -14.938   -73.779    0.1    0.1   -0.5
   -14.920   -73.779    0.1    0.1   -0.5
   -14.902   -73.779    0.1    0.1   -0.5
   -14.884   -73.779    0.1    0.1   -0.5
   -14.866   -73.779    0.1    0.1   -0.5
   -14.848   -73.779    0.1    0.1   -0.5
   -14.830   -73.779    0.1    0.1   -0.5
   -14.812   -73.779    0.1    0.1   -0.6
   -14.794   -73.779    0.1    0.1   -0.6
   -14.776   -73.779    0.1    0.1   -0.6
   -14.758   -73.779    0.1    0.1   -0.6
   -14.741   -73.779    0.1    0.0   -0.6
   -14.723   -73.779    0.1    0.0   -0.6
   -14.705   -73.779    0.1    0.0   -0.6
   -14.687   -73.779    0.1    0.0   -0.6
   -14.669   -73.779    0.1   -0.0   -0.6
   -14.651   -73.779    0.1   -0.0   -0.6
   -14.633   -73.779    0.1   -0.0   -0.6
   -14.615   -73.779    0.1   -0.0   -0.6
   -14.597   -73.779    0.1   -0.0   -0.6
   -14.579   -73.779    0.1   -0.1   -0.6
   -14.561   -73.779    0.1   -0.1   -0.5
   -14.543   -73.779    0.1   -0.1   -0.5
   -14.525   -73.779    0.1   -0.1   -0.5
   -14.507   -73.779    0.1   -0.1   -0.5
   -14.489   -73.779    0.1   -0.1   -0.5
   -14.471   -73.779    0.1   -0.1   -0.5
   -14.453   -73.779    0.1   -0.1   -0.5
   -14.435   -73.779    0.0   -0.1   -0.5
   -14.417   -73.779    0.0   -0.1   -0.5
   -14.399   -73.779    0.0   -0.1   -0.4
   -14.382   -73.779    0.0   -0.1   -0.4
   -14.364   -73.779    0.0   -0.1   -0.4
   -14.346   -73.779    0.0   -0.2   -0.4
   -14.328   -73.779    0.0   -0.2   -0.4
   -14.310   -73.779    0.0   -0.2   -0.4
   -14.292   -73.779    0.0   -0.2   -0.4
   -14.274   -73.779    0.0   -0.2   -0.3
   -14.256   -73.779    0.0   -0.2   -0.3
   -14.238   -73.779    0.0   -0.2   -0.3
   -14.220   -73.779    0.0   -0.2   -0.3
   -14.202   -73.779    0.0   -0.2   -0.3
   -14.184   -73.779    0.0   -0.2   -0.3
   -14.166   -73.779    0.0   -0.2   -0.3
   -14.148   -73.779    0.0   -0.2   -0.2
   -14.130   -73.779    0.0   -0.2   -0.2
   -14.112   -73.779    0.0   -0.2   -0.2
   -14.094   -73.779    0.0   -0.2   -0.2
   -14.076   -73.779    0.0   -0.1   -0.2
   -14.058   -73.779    0.0   -0.1   -0.2
   -14.040   -73.779    0.0   -0.1   -0.2
   -14.022   -73.779    0.0   -0.1   -0.2
   -14.005   -73.779    0.0   -0.1   -0.2
   -13.987   -73.779    0.0   -0.1   -0.2
   -13.969   -73.779    0.0   -0.1   -0.1
   -13.951   -73.779    0.0   -0.1   -0.1
   -13.933   -73.779    0.0   -0.1   -0.1
   -13.915   -73.779    0.0   -0.1   -0.1
   -13.897   -73.779    0.0   -0.1   -0.1
   -13.879   -73.779    0.0   -0.1   -0.1
   -13.861   -73.779    0.0   -0.1   -0.1
   -13.843   -73.779    0.0   -0.1   -0.1
   -13.825   -73.779    0.0   -0.1   -0.1
   -13.807   -73.779    0.0   -0.1   -0.1
   -13.789   -73.779    0.0   -0.1   -0.1
   -13.771   -73.779    0.0   -0.1   -0.1
   -13.753   -73.779    0.0   -0.1   -0.1
   -13.735   -73.779    0.0   -0.1   -0.1
   -13.717   -73.779    0.0   -0.1   -0.1
   -13.699   -73.779    0.0   -0.1   -0.1
   -13.681   -73.779    0.0   -0.1   -0.1
   -13.663   -73.779    0.0   -0.1   -0.1
   -13.646   -73.779    0.0   -0.1   -0.1
   -13.628   -73.779    0.0   -0.1   -0.0
   -13.610   -73.779    0.0   -0.1   -0.0
   -13.592   -73.779    0.0   -0.1   -0.0
   -13.574   -73.779    0.0   -0.1   -0.0
   -13.556   -73.779    0.0   -0.1   -0.0
   -13.538   -73.779    0.0   -0.1   -0.0
   -15.333   -73.761    0.0    0.2   -0.2
   -15.315   -73.761    0.0    0.2   -0.2
   -15.297   -73.761    0.0    0.2   -0.2
   -15.279   -73.761    0.0    0.2   -0.3
   -15.261   -73.761    0.0    0.2   -0.3
   -15.243   -73.761    0.0    0.2   -0.3
   -15.225   -73.761    0.0    0.2   -0.3
   -15.207   -73.761    0.0    0.2   -0.3
   -15.189   -73.761    0.0    0.2   -0.3
   -15.171   -73.761    0.0    0.2   -0.3
   -15.153   -73.761    0.0    0.2   -0.3
   -15.135   -73.761    0.0    0.2   -0.3
   -15.118   -73.761    0.0    0.2   -0.4
   -15.100   -73.761    0.0    0.2   -0.4
   -15.082   -73.761    0.0    0.2   -0.4
   -15.064   -73.761    0.0    0.2   -0.4
   -15.046   -73.761    0.0    0.2   -0.4
   -15.028   -73.761    0.0    0.2   -0.4
   -15.010   -73.761    0.0    0.2   -0.4
   -14.992   -73.761    0.0    0.2   -0.5
   -14.974   -73.761    0.0    0.2   -0.5
   -14.956   -73.761    0.0    0.2   -0.5
   -14.938   -73.761    0.0    0.1   -0.5
   -14.920   -73.761    0.0    0.1   -0.5
   -14.902   -73.761    0.0    0.1   -0.5
   -14.884   -73.761    0.0    0.1   -0.5
   -14.866   -73.761    0.1    0.1   -0.5
   -14.848   -73.761    0.1    0.1   -0.5
   -14.830   -73.761    0.1    0.1   -0.5
   -14.812   -73.761    0.1    0.1   -0.6
   -14.794   -73.761    0.1    0.1   -0.6
   -14.776   -73.761    0.1    0.1   -0.6
   -14.758   -73.761    0.1    0.1   -0.6
   -14.741   -73.761    0.1    0.0   -0.6
   -14.723   -73.761    0.1    0.0   -0.6
   -14.705   -73.761    0.1    0.0   -0.6
   -14.687   -73.761    0.1    0.0   -0.6
   -14.669   -73.761    0.1   -0.0   -0.6
   -14.651   -73.761    0.1   -0.0   -0.6
   -14.633   -73.761    0.0   -0.0   -0.6
   -14.615   -73.761    0.0   -0.0   -0.6
   -14.597   -73.761    0.0   -0.0   -0.6
   -14.579   -73.761    0.0   -0.1   -0.6
   -14.561   -73.761    0.0   -0.1   -0.5
   -14.543   -73.761    0.0   -0.1   -0.5
   -14.525   -73.761    0.0   -0.1   -0.5
   -14.507   -73.761    0.0   -0.1   -0.5
   -14.489   -73.761    0.0   -0.1   -0.5
   -14.471   -73.761    0.0   -0.1   -0.5
   -14.453   -73.761    0.0   -0.1   -0.5
   -14.435   -73.761    0.0   -0.1   -0.5
   -14.417   -73.761    0.0   -0.1   -0.5
   -14.399   -73.761    0.0   -0.1   -0.4
   -14.382   -73.761    0.0   -0.1   -0.4
   -14.364   -73.761    0.0   -0.1   -0.4
   -14.346   -73.761    0.0   -0.2   -0.4
   -14.328   -73.761    0.0   -0.2   -0.4
   -14.310   -73.761    0.0   -0.2   -0.4
   -14.292   -73.761    0.0   -0.2   -0.4
   -14.274   -73.761    0.0   -0.2   -0.3
   -14.256   -73.761    0.0   -0.2   -0.3
   -14.238   -73.761    0.0   -0.2   -0.3
   -14.220   -73.761    0.0   -0.2   -0.3
   -14.202   -73.761    0.0   -0.2   -0.3
   -14.184   -73.761    0.0   -0.2   -0.3
   -14.166   -73.761    0.0   -0.2   -0.3
   -14.148   -73.761    0.0   -0.2   -0.2
   -14.130   -73.761    0.0   -0.2   -0.2
   -14.112   -73.761    0.0   -0.2   -0.2
   -14.094   -73.761    0.0   -0.2   -0.2
   -14.076   -73.761    0.0   -0.1   -0.2
   -14.058   -73.761    0.0   -0.1   -0.2
   -14.040   -73.761    0.0   -0.1   -0.2
   -14.022   -73.761    0.0   -0.1   -0.2
   -14.005   -73.761    0.0   -0.1   -0.2
   -13.987   -73.761    0.0   -0.1   -0.2
   -13.969   -73.761    0.0   -0.1   -0.1
   -13.951   -73.761    0.0   -0.1   -0.1
   -13.933   -73.761    0.0   -0.1   -0.1
   -13.915   -73.761    0.0   -0.1   -0.1
   -13.897   -73.761    0.0   -0.1   -0.1
   -13.879   -73.761    0.0   -0.1   -0.1
   -13.861   -73.761    0.0   -0.1   -0.1
   -13.843   -73.761    0.0   -0.1   -0.1
   -13.825   -73.761    0.0   -0.1   -0.1
   -13.807   -73.761    0.0   -0.1   -0.1
   -13.789   -73.761    0.0   -0.1   -0.1
   -13.771   -73.761    0.0   -0.1   -0.1
   -13.753   -73.761    0.0   -0.1   -0.1
   -13.735   -73.761    0.0   -0.1   -0.1
   -13.717   -73.761    0.0   -0.1   -0.1
   -13.699   -73.761    0.0   -0.1   -0.1
   -13.681   -73.761    0.0   -0.1   -0.1
   -13.663   -73.761    0.0   -0.1   -0.1
   -13.646   -73.761    0.0   -0.1   -0.1
   -13.628   -73.761    0.0   -0.1   -0.0
   -13.610   -73.761    0.0   -0.1   -0.0
   -13.592   -73.761    0.0   -0.1   -0.0
   -13.574   -73.761    0.0   -0.1   -0.0
   -13.556   -73.761    0.0   -0.1   -0.0
   -13.538   -73.761    0.0   -0.1   -0.0
   -15.333   -73.742    0.0    0.2   -0.2
   -15.315   -73.742    0.0    0.2   -0.2
   -15.297   -73.742    0.0    0.2   -0.2
   -15.279   -73.742    0.0    0.2   -0.3
   -15.261   -73.742    0.0    0.2   -0.3
   -15.243   -73.742    0.0    0.2   -0.3
   -15.225   -73.742    0.0    0.2   -0.3
   -15.207   -73.742    0.0    0.2   -0.3
   -15.189   -73.742    0.0    0.2   -0.3
   -15.171   -73.742    0.0    0.2   -0.3
   -15.153   -73.742    0.0    0.2   -0.3
   -15.135   -73.742    0.0    0.2   -0.3
   -15.118   -73.742    0.0    0.2   -0.4
   -15.100   -73.742    0.0    0.2   -0.4
   -15.082   -73.742    0.0    0.2   -0.4
   -15.064   -73.742    0.0    0.2   -0.4
   -15.046   -73.742    0.0    0.2   -0.4
   -15.028   -73.742    0.0    0.2   -0.4
   -15.010   -73.742    0.0    0.2   -0.4
   -14.992   -73.742    0.0    0.2   -0.5
   -14.974   -73.742    0.0    0.2   -0.5
   -14.956   -73.742    0.0    0.2   -0.5
   -14.938   -73.742    0.0    0.1   -0.5
   -14.920   -73.742    0.0    0.1   -0.5
   -14.902   -73.742    0.0    0.1   -0.5
   -14.884   -73.742    0.0    0.1   -0.5
   -14.866   -73.742    0.0    0.1   -0.5
   -14.848   -73.742    0.0    0.1   -0.5
   -14.830   -73.742    0.0    0.1   -0.5
   -14.812   -73.742    0.0    0.1   -0.6
   -14.794   -73.742    0.0    0.1   -0.6
   -14.776   -73.742    0.0    0.1   -0.6
   -14.758   -73.742    0.0    0.1   -0.6
   -14.741   -73.742    0.0    0.0   -0.6
   -14.723   -73.742    0.0    0.0   -0.6
   -14.705   -73.742    0.0    0.0   -0.6
   -14.687   -73.742    0.0    0.0   -0.6
   -14.669   -73.742    0.0   -0.0   -0.6
   -14.651   -73.742    0.0   -0.0   -0.6
   -14.633   -73.742    0.0   -0.0   -0.6
   -14.615   -73.742    0.0   -0.0   -0.6
   -14.597   -73.742    0.0   -0.0   -0.6
   -14.579   -73.742    0.0   -0.1   -0.6
   -14.561   -73.742    0.0   -0.1   -0.5
   -14.543   -73.742    0.0   -0.1   -0.5
   -14.525   -73.742    0.0   -0.1   -0.5
   -14.507   -73.742    0.0   -0.1   -0.5
   -14.489   -73.742    0.0   -0.1   -0.5
   -14.471   -73.742    0.0   -0.1   -0.5
   -14.453   -73.742    0.0   -0.1   -0.5
   -14.435   -73.742    0.0   -0.1   -0.5
   -14.417   -73.742    0.0   -0.1   -0.5
   -14.399   -73.742    0.0   -0.1   -0.4
   -14.382   -73.742    0.0   -0.1   -0.4
   -14.364   -73.742    0.0   -0.1   -0.4
   -14.346   -73.742    0.0   -0.2   -0.4
   -14.328   -73.742    0.0   -0.2   -0.4
   -14.310   -73.742    0.0   -0.2   -0.4
   -14.292   -73.742    0.0   -0.2   -0.4
   -14.274   -73.742    0.0   -0.2   -0.3
   -14.256   -73.742    0.0   -0.2   -0.3
   -14.238   -73.742    0.0   -0.2   -0.3
   -14.220   -73.742    0.0   -0.2   -0.3
   -14.202   -73.742    0.0   -0.2   -0.3
   -14.184   -73.742    0.0   -0.2   -0.3
   -14.166   -73.742    0.0   -0.2   -0.3
   -14.148   -73.742    0.0   -0.2   -0.2
   -14.130   -73.742    0.0   -0.2   -0.2
   -14.112   -73.742    0.0   -0.2   -0.2
   -14.094   -73.742    0.0   -0.2   -0.2
   -14.076   -73.742    0.0   -0.1   -0.2
   -14.058   -73.742    0.0   -0.1   -0.2
   -14.040   -73.742    0.0   -0.1   -0.2
   -14.022   -73.742    0.0   -0.1   -0.2
   -14.005   -73.742    0.0   -0.1   -0.2
   -13.987   -73.742    0.0   -0.1   -0.2
   -13.969   -73.742    0.0   -0.1   -0.1
   -13.951   -73.742    0.0   -0.1   -0.1
   -13.933   -73.742    0.0   -0.1   -0.1
   -13.915   -73.742    0.0   -0.1   -0.1
   -13.897   -73.742    0.0   -0.1   -0.1
   -13.879   -73.742    0.0   -0.1   -0.1
   -13.861   -73.742    0.0   -0.1   -0.1
   -13.843   -73.742    0.0   -0.1   -0.1
   -13.825   -73.742    0.0   -0.1   -0.1
   -13.807   -73.742    0.0   -0.1   -0.1
   -13.789   -73.742    0.0   -0.1   -0.1
   -13.771   -73.742    0.0   -0.1   -0.1
   -13.753   -73.742    0.0   -0.1   -0.1
   -13.735   -73.742    0.0   -0.1   -0.1
   -13.717   -73.742    0.0   -0.1   -0.1
   -13.699   -73.742    0.0   -0.1   -0.1
   -13.681   -73.742    0.0   -0.1   -0.1
   -13.663   -73.742    0.0   -0.1   -0.1
   -13.646   -73.742    0.0   -0.1   -0.1
   -13.628   -73.742    0.0   -0.1   -0.0
   -13.610   -73.742    0.0   -0.1   -0.0
   -13.592   -73.742    0.0   -0.1   -0.0
   -13.574   -73.742    0.0   -0.1   -0.0
   -13.556   -73.742    0.0   -0.1   -0.0
   -13.538   -73.742    0.0   -0.1   -0.0
   -15.333   -73.723    0.0    0.2   -0.2
   -15.315   -73.723    0.0    0.2   -0.2
   -15.297   -73.723    0.0    0.2   -0.2
   -15.279   -73.723    0.0    0.2   -0.3
   -15.261   -73.723    0.0    0.2   -0.3
   -15.243   -73.723    0.0    0.2   -0.3
   -15.225   -73.723    0.0    0.2   -0.3
   -15.207   -73.723    0.0    0.2   -0.3
   -15.189   -73.723    0.0    0.2   -0.3
   -15.171   -73.723    0.0    0.2   -0.3
   -15.153   -73.723    0.0    0.2   -0.3
   -15.135   -73.723    0.0    0.2   -0.3
   -15.118   -73.723    0.0    0.2   -0.4
   -15.100   -73.723    0.0    0.2   -0.4
   -15.082   -73.723    0.0    0.2   -0.4
   -15.064   -73.723    0.0    0.2   -0.4
   -15.046   -73.723    0.0    0.2   -0.4
   -15.028   -73.723    0.0    0.2   -0.4
   -15.010   -73.723    0.0    0.2   -0.4
   -14.992   -73.723    0.0    0.2   -0.5
   -14.974   -73.723    0.0    0.2   -0.5
   -14.956   -73.723    0.0    0.2   -0.5
   -14.938   -73.723    0.0    0.1   -0.5
   -14.920   -73.723    0.0    0.1   -0.5
   -14.902   -73.723    0.0    0.1   -0.5
   -14.884   -73.723    0.0    0.1   -0.5
   -14.866   -73.723    0.0    0.1   -0.5
   -14.848   -73.723    0.0    0.1   -0.5
   -14.830   -73.723    0.0    0.1   -0.5
   -14.812   -73.723    0.0    0.1   -0.6
   -14.794   -73.723    0.0    0.1   -0.6
   -14.776   -73.723    0.0    0.1   -0.6
   -14.758   -73.723    0.0    0.1   -0.6
   -14.741   -73.723    0.0    0.0   -0.6
   -14.723   -73.723    0.0    0.0   -0.6
   -14.705   -73.723    0.0    0.0   -0.6
   -14.687   -73.723    0.0    0.0   -0.6
   -14.669   -73.723    0.0   -0.0   -0.6
   -14.651   -73.723    0.0   -0.0   -0.6
   -14.633   -73.723    0.0   -0.0   -0.6
   -14.615   -73.723    0.0   -0.0   -0.6
   -14.597   -73.723    0.0   -0.0   -0.6
   -14.579   -73.723    0.0   -0.1   -0.6
   -14.561   -73.723    0.0   -0.1   -0.5
   -14.543   -73.723    0.0   -0.1   -0.5
   -14.525   -73.723    0.0   -0.1   -0.5
   -14.507   -73.723    0.0   -0.1   -0.5
   -14.489   -73.723    0.0   -0.1   -0.5
   -14.471   -73.723    0.0   -0.1   -0.5
   -14.453   -73.723    0.0   -0.1   -0.5
   -14.435   -73.723    0.0   -0.1   -0.5
   -14.417   -73.723    0.0   -0.1   -0.5
   -14.399   -73.723    0.0   -0.1   -0.4
   -14.382   -73.723    0.0   -0.1   -0.4
   -14.364   -73.723    0.0   -0.1   -0.4
   -14.346   -73.723    0.0   -0.2   -0.4
   -14.328   -73.723    0.0   -0.2   -0.4
   -14.310   -73.723    0.0   -0.2   -0.4
   -14.292   -73.723    0.0   -0.2   -0.4
   -14.274   -73.723    0.0   -0.2   -0.3
   -14.256   -73.723    0.0   -0.2   -0.3
   -14.238   -73.723    0.0   -0.2   -0.3
   -14.220   -73.723    0.0   -0.2   -0.3
   -14.202   -73.723    0.0   -0.2   -0.3
   -14.184   -73.723    0.0   -0.2   -0.3
   -14.166   -73.723    0.0   -0.2   -0.3
   -14.148   -73.723    0.0   -0.2   -0.2
   -14.130   -73.723    0.0   -0.2   -0.2
   -14.112   -73.723    0.0   -0.2   -0.2
   -14.094   -73.723    0.0   -0.2   -0.2
   -14.076   -73.723    0.0   -0.1   -0.2
   -14.058   -73.723    0.0   -0.1   -0.2
   -14.040   -73.723    0.0   -0.1   -0.2
   -14.022   -73.723    0.0   -0.1   -0.2
   -14.005   -73.723    0.0   -0.1   -0.2
   -13.987   -73.723    0.0   -0.1   -0.2
   -13.969   -73.723    0.0   -0.1   -0.1
   -13.951   -73.723    0.0   -0.1   -0.1
   -13.933   -73.723    0.0   -0.1   -0.1
   -13.915   -73.723    0.0   -0.1   -0.1
   -13.897   -73.723    0.0   -0.1   -0.1
   -13.879   -73.723    0.0   -0.1   -0.1
   -13.861   -73.723    0.0   -0.1   -0.1
   -13.843   -73.723    0.0   -0.1   -0.1
   -13.825   -73.723    0.0   -0.1   -0.1
   -13.807   -73.723    0.0   -0.1   -0.1
   -13.789   -73.723    0.0   -0.1   -0.1
   -13.771   -73.723    0.0   -0.1   -0.1
   -13.753   -73.723    0.0   -0.1   -0.1
   -13.735   -73.723    0.0   -0.1   -0.1
   -13.717   -73.723    0.0   -0.1   -0.1
   -13.699   -73.723    0.0   -0.1   -0.1
   -13.681   -73.723    0.0   -0.1   -0.1
   -13.663   -73.723    0.0   -0.1   -0.1
   -13.646   -73.723    0.0   -0.1   -0.1
   -13.628   -73.723    0.0   -0.1   -0.0
   -13.610   -73.723    0.0   -0.1   -0.0
   -13.592   -73.723    0.0   -0.1   -0.0
   -13.574   -73.723    0.0   -0.1   -0.0
   -13.556   -73.723    0.0   -0.1   -0.0
   -13.538   -73.723    0.0   -0.1   -0.0
   -15.333   -73.705    0.0    0.2   -0.2
   -15.315   -73.705    0.0    0.2   -0.2
   -15.297   -73.705    0.0    0.2   -0.2
   -15.279   -73.705    0.0    0.2   -0.3
   -15.261   -73.705    0.0    0.2   -0.3
   -15.243   -73.705    0.0    0.2   -0.3
   -15.225   -73.705    0.0    0.2   -0.3
   -15.207   -73.705    0.0    0.2   -0.3
   -15.189   -73.705    0.0    0.2   -0.3
   -15.171   -73.705    0.0    0.2   -0.3
   -15.153   -73.705    0.0    0.2   -0.3
   -15.135   -73.705    0.0    0.2   -0.3
   -15.118   -73.705    0.0    0.2   -0.4
   -15.100   -73.705    0.0    0.2   -0.4
   -15.082   -73.705    0.0    0.2   -0.4
   -15.064   -73.705    0.0    0.2   -0.4
   -15.046   -73.705    0.0    0.2   -0.4
   -15.028   -73.705    0.0    0.2   -0.4
   -15.010   -73.705    0.0    0.2   -0.4
   -14.992   -73.705    0.0    0.2   -0.4
   -14.974   -73.705    0.0    0.2   -0.5
   -14.956   -73.705    0.0    0.2   -0.5
   -14.938   -73.705    0.0    0.1   -0.5
   -14.920   -73.705    0.0    0.1   -0.5
   -14.902   -73.705    0.0    0.1   -0.5
   -14.884   -73.705    0.0    0.1   -0.5
   -14.866   -73.705    0.0    0.1   -0.5
   -14.848   -73.705    0.0    0.1   -0.5
   -14.830   -73.705    0.0    0.1   -0.5
   -14.812   -73.705    0.0    0.1   -0.6
   -14.794   -73.705    0.0    0.1   -0.6
   -14.776   -73.705    0.0    0.1   -0.6
   -14.758   -73.705    0.0    0.1   -0.6
   -14.741   -73.705    0.0    0.0   -0.6
   -14.723   -73.705    0.0    0.0   -0.6
   -14.705   -73.705    0.0    0.0   -0.6
   -14.687   -73.705    0.0    0.0   -0.6
   -14.669   -73.705    0.0   -0.0   -0.6
   -14.651   -73.705    0.0   -0.0   -0.6
   -14.633   -73.705    0.0   -0.0   -0.6
   -14.615   -73.705    0.0   -0.0   -0.6
   -14.597   -73.705    0.0   -0.0   -0.6
   -14.579   -73.705    0.0   -0.1   -0.5
   -14.561   -73.705    0.0   -0.1   -0.5
   -14.543   -73.705    0.0   -0.1   -0.5
   -14.525   -73.705    0.0   -0.1   -0.5
   -14.507   -73.705    0.0   -0.1   -0.5
   -14.489   -73.705    0.0   -0.1   -0.5
   -14.471   -73.705    0.0   -0.1   -0.5
   -14.453   -73.705    0.0   -0.1   -0.5
   -14.435   -73.705    0.0   -0.1   -0.5
   -14.417   -73.705    0.0   -0.1   -0.5
   -14.399   -73.705    0.0   -0.1   -0.4
   -14.382   -73.705    0.0   -0.1   -0.4
   -14.364   -73.705    0.0   -0.1   -0.4
   -14.346   -73.705    0.0   -0.2   -0.4
   -14.328   -73.705    0.0   -0.2   -0.4
   -14.310   -73.705    0.0   -0.2   -0.4
   -14.292   -73.705    0.0   -0.2   -0.4
   -14.274   -73.705    0.0   -0.2   -0.3
   -14.256   -73.705    0.0   -0.2   -0.3
   -14.238   -73.705    0.0   -0.2   -0.3
   -14.220   -73.705    0.0   -0.2   -0.3
   -14.202   -73.705    0.0   -0.2   -0.3
   -14.184   -73.705    0.0   -0.2   -0.3
   -14.166   -73.705    0.0   -0.2   -0.3
   -14.148   -73.705    0.0   -0.2   -0.2
   -14.130   -73.705    0.0   -0.2   -0.2
   -14.112   -73.705    0.0   -0.2   -0.2
   -14.094   -73.705    0.0   -0.1   -0.2
   -14.076   -73.705    0.0   -0.1   -0.2
   -14.058   -73.705    0.0   -0.1   -0.2
   -14.040   -73.705    0.0   -0.1   -0.2
   -14.022   -73.705    0.0   -0.1   -0.2
   -14.005   -73.705    0.0   -0.1   -0.2
   -13.987   -73.705    0.0   -0.1   -0.2
   -13.969   -73.705    0.0   -0.1   -0.1
   -13.951   -73.705    0.0   -0.1   -0.1
   -13.933   -73.705    0.0   -0.1   -0.1
   -13.915   -73.705    0.0   -0.1   -0.1
   -13.897   -73.705    0.0   -0.1   -0.1
   -13.879   -73.705    0.0   -0.1   -0.1
   -13.861   -73.705    0.0   -0.1   -0.1
   -13.843   -73.705    0.0   -0.1   -0.1
   -13.825   -73.705    0.0   -0.1   -0.1
   -13.807   -73.705    0.0   -0.1   -0.1
   -13.789   -73.705    0.0   -0.1   -0.1
   -13.771   -73.705    0.0   -0.1   -0.1
   -13.753   -73.705    0.0   -0.1   -0.1
   -13.735   -73.705    0.0   -0.1   -0.1
   -13.717   -73.705    0.0   -0.1   -0.1
   -13.699   -73.705    0.0   -0.1   -0.1
   -13.681   -73.705    0.0   -0.1   -0.1
   -13.663   -73.705    0.0   -0.1   -0.1
   -13.646   -73.705    0.0   -0.1   -0.1
   -13.628   -73.705    0.0   -0.1   -0.0
   -13.610   -73.705    0.0   -0.1   -0.0
   -13.592   -73.705    0.0   -0.1   -0.0
   -13.574   -73.705    0.0   -0.1   -0.0
   -13.556   -73.705    0.0   -0.1   -0.0
   -13.538   -73.705    0.0   -0.1   -0.0
   -15.333   -73.686    0.0    0.2   -0.2
   -15.315   -73.686    0.0    0.2   -0.2
   -15.297   -73.686    0.0    0.2   -0.2
   -15.279   -73.686    0.0    0.2   -0.3
   -15.261   -73.686    0.0    0.2   -0.3
   -15.243   -73.686    0.0    0.2   -0.3
   -15.225   -73.686    0.0    0.2   -0.3
   -15.207   -73.686    0.0    0.2   -0.3
   -15.189   -73.686    0.0    0.2   -0.3
   -15.171   -73.686    0.0    0.2   -0.3
   -15.153   -73.686    0.0    0.2   -0.3
   -15.135   -73.686    0.0    0.2   -0.3
   -15.118   -73.686    0.0    0.2   -0.4
   -15.100   -73.686    0.0    0.2   -0.4
   -15.082   -73.686    0.0    0.2   -0.4
   -15.064   -73.686    0.0    0.2   -0.4
   -15.046   -73.686    0.0    0.2   -0.4
   -15.028   -73.686    0.0    0.2   -0.4
   -15.010   -73.686    0.0    0.2   -0.4
   -14.992   -73.686    0.0    0.2   -0.4
   -14.974   -73.686    0.0    0.2   -0.5
   -14.956   -73.686    0.0    0.1   -0.5
   -14.938   -73.686    0.0    0.1   -0.5
   -14.920   -73.686    0.0    0.1   -0.5
   -14.902   -73.686    0.0    0.1   -0.5
   -14.884   -73.686    0.0    0.1   -0.5
   -14.866   -73.686    0.0    0.1   -0.5
   -14.848   -73.686    0.0    0.1   -0.5
   -14.830   -73.686    0.0    0.1   -0.5
   -14.812   -73.686    0.0    0.1   -0.5
   -14.794   -73.686    0.0    0.1   -0.6
   -14.776   -73.686    0.0    0.1   -0.6
   -14.758   -73.686    0.0    0.1   -0.6
   -14.741   -73.686    0.0    0.0   -0.6
   -14.723   -73.686    0.0    0.0   -0.6
   -14.705   -73.686    0.0    0.0   -0.6
   -14.687   -73.686    0.0    0.0   -0.6
   -14.669   -73.686    0.0   -0.0   -0.6
   -14.651   -73.686    0.0   -0.0   -0.6
   -14.633   -73.686    0.0   -0.0   -0.6
   -14.615   -73.686    0.0   -0.0   -0.6
   -14.597   -73.686    0.0   -0.0   -0.6
   -14.579   -73.686    0.0   -0.1   -0.5
   -14.561   -73.686    0.0   -0.1   -0.5
   -14.543   -73.686    0.0   -0.1   -0.5
   -14.525   -73.686    0.0   -0.1   -0.5
   -14.507   -73.686    0.0   -0.1   -0.5
   -14.489   -73.686    0.0   -0.1   -0.5
   -14.471   -73.686    0.0   -0.1   -0.5
   -14.453   -73.686    0.0   -0.1   -0.5
   -14.435   -73.686    0.0   -0.1   -0.5
   -14.417   -73.686    0.0   -0.1   -0.4
   -14.399   -73.686    0.0   -0.1   -0.4
   -14.382   -73.686    0.0   -0.1   -0.4
   -14.364   -73.686    0.0   -0.1   -0.4
   -14.346   -73.686    0.0   -0.2   -0.4
   -14.328   -73.686    0.0   -0.2   -0.4
   -14.310   -73.686    0.0   -0.2   -0.4
   -14.292   -73.686    0.0   -0.2   -0.4
   -14.274   -73.686    0.0   -0.2   -0.3
   -14.256   -73.686    0.0   -0.2   -0.3
   -14.238   -73.686    0.0   -0.2   -0.3
   -14.220   -73.686    0.0   -0.2   -0.3
   -14.202   -73.686    0.0   -0.2   -0.3
   -14.184   -73.686    0.0   -0.2   -0.3
   -14.166   -73.686    0.0   -0.2   -0.3
   -14.148   -73.686    0.0   -0.2   -0.2
   -14.130   -73.686    0.0   -0.2   -0.2
   -14.112   -73.686    0.0   -0.2   -0.2
   -14.094   -73.686    0.0   -0.1   -0.2
   -14.076   -73.686    0.0   -0.1   -0.2
   -14.058   -73.686    0.0   -0.1   -0.2
   -14.040   -73.686    0.0   -0.1   -0.2
   -14.022   -73.686    0.0   -0.1   -0.2
   -14.005   -73.686    0.0   -0.1   -0.2
   -13.987   -73.686    0.0   -0.1   -0.2
   -13.969   -73.686    0.0   -0.1   -0.1
   -13.951   -73.686    0.0   -0.1   -0.1
   -13.933   -73.686    0.0   -0.1   -0.1
   -13.915   -73.686    0.0   -0.1   -0.1
   -13.897   -73.686    0.0   -0.1   -0.1
   -13.879   -73.686    0.0   -0.1   -0.1
   -13.861   -73.686    0.0   -0.1   -0.1
   -13.843   -73.686    0.0   -0.1   -0.1
   -13.825   -73.686    0.0   -0.1   -0.1
   -13.807   -73.686    0.0   -0.1   -0.1
   -13.789   -73.686    0.0   -0.1   -0.1
   -13.771   -73.686    0.0   -0.1   -0.1
   -13.753   -73.686    0.0   -0.1   -0.1
   -13.735   -73.686    0.0   -0.1   -0.1
   -13.717   -73.686    0.0   -0.1   -0.1
   -13.699   -73.686    0.0   -0.1   -0.1
   -13.681   -73.686    0.0   -0.1   -0.1
   -13.663   -73.686    0.0   -0.1   -0.1
   -13.646   -73.686    0.0   -0.1   -0.1
   -13.628   -73.686    0.0   -0.1   -0.0
   -13.610   -73.686    0.0   -0.1   -0.0
   -13.592   -73.686    0.0   -0.1   -0.0
   -13.574   -73.686    0.0   -0.1   -0.0
   -13.556   -73.686    0.0   -0.1   -0.0
   -13.538   -73.686    0.0   -0.1   -0.0
   -15.333   -73.668    0.0    0.2   -0.2
   -15.315   -73.668    0.0    0.2   -0.2
   -15.297   -73.668    0.0    0.2   -0.2
   -15.279   -73.668    0.0    0.2   -0.3
   -15.261   -73.668    0.0    0.2   -0.3
   -15.243   -73.668    0.0    0.2   -0.3
   -15.225   -73.668    0.0    0.2   -0.3
   -15.207   -73.668    0.0    0.2   -0.3
   -15.189   -73.668    0.0    0.2   -0.3
   -15.171   -73.668    0.0    0.2   -0.3
   -15.153   -73.668    0.0    0.2   -0.3
   -15.135   -73.668    0.0    0.2   -0.3
   -15.118   -73.668    0.0    0.2   -0.4
   -15.100   -73.668    0.0    0.2   -0.4
   -15.082   -73.668    0.0    0.2   -0.4
   -15.064   -73.668    0.0    0.2   -0.4
   -15.046   -73.668    0.0    0.2   -0.4
   -15.028   -73.668    0.0    0.2   -0.4
   -15.010   -73.668    0.0    0.2   -0.4
   -14.992   -73.668    0.0    0.2   -0.4
   -14.974   -73.668    0.0    0.2   -0.5
   -14.956   -73.668    0.0    0.1   -0.5
   -14.938   -73.668    0.0    0.1   -0.5
   -14.920   -73.668    0.0    0.1   -0.5
   -14.902   -73.668    0.0    0.1   -0.5
   -14.884   -73.668    0.0    0.1   -0.5
   -14.866   -73.668    0.0    0.1   -0.5
   -14.848   -73.668    0.0    0.1   -0.5
   -14.830   -73.668    0.0    0.1   -0.5
   -14.812   -73.668    0.0    0.1   -0.5
   -14.794   -73.668    0.0    0.1   -0.5
   -14.776   -73.668    0.0    0.1   -0.6
   -14.758   -73.668    0.0    0.1   -0.6
   -14.741   -73.668    0.0    0.0   -0.6
   -14.723   -73.668   -0.0    0.0   -0.6
   -14.705   -73.668   -0.0    0.0   -0.6
   -14.687   -73.668   -0.0    0.0   -0.6
   -14.669   -73.668   -0.0   -0.0   -0.6
   -14.651   -73.668   -0.0   -0.0   -0.6
   -14.633   -73.668   -0.0   -0.0   -0.6
   -14.615   -73.668   -0.0   -0.0   -0.6
   -14.597   -73.668   -0.0   -0.0   -0.5
   -14.579   -73.668   -0.0   -0.1   -0.5
   -14.561   -73.668   -0.0   -0.1   -0.5
   -14.543   -73.668   -0.0   -0.1   -0.5
   -14.525   -73.668   -0.0   -0.1   -0.5
   -14.507   -73.668   -0.0   -0.1   -0.5
   -14.489   -73.668   -0.0   -0.1   -0.5
   -14.471   -73.668   -0.0   -0.1   -0.5
   -14.453   -73.668   -0.0   -0.1   -0.5
   -14.435   -73.668   -0.0   -0.1   -0.5
   -14.417   -73.668   -0.0   -0.1   -0.4
   -14.399   -73.668   -0.0   -0.1   -0.4
   -14.382   -73.668    0.0   -0.1   -0.4
   -14.364   -73.668    0.0   -0.1   -0.4
   -14.346   -73.668    0.0   -0.1   -0.4
   -14.328   -73.668    0.0   -0.2   -0.4
   -14.310   -73.668    0.0   -0.2   -0.4
   -14.292   -73.668    0.0   -0.2   -0.3
   -14.274   -73.668    0.0   -0.2   -0.3
   -14.256   -73.668    0.0   -0.2   -0.3
   -14.238   -73.668    0.0   -0.2   -0.3
   -14.220   -73.668    0.0   -0.2   -0.3
   -14.202   -73.668    0.0   -0.2   -0.3
   -14.184   -73.668    0.0   -0.2   -0.3
   -14.166   -73.668    0.0   -0.2   -0.3
   -14.148   -73.668    0.0   -0.2   -0.2
   -14.130   -73.668    0.0   -0.2   -0.2
   -14.112   -73.668    0.0   -0.2   -0.2
   -14.094   -73.668    0.0   -0.1   -0.2
   -14.076   -73.668    0.0   -0.1   -0.2
   -14.058   -73.668    0.0   -0.1   -0.2
   -14.040   -73.668    0.0   -0.1   -0.2
   -14.022   -73.668    0.0   -0.1   -0.2
   -14.005   -73.668    0.0   -0.1   -0.2
   -13.987   -73.668    0.0   -0.1   -0.2
   -13.969   -73.668    0.0   -0.1   -0.1
   -13.951   -73.668    0.0   -0.1   -0.1
   -13.933   -73.668    0.0   -0.1   -0.1
   -13.915   -73.668    0.0   -0.1   -0.1
   -13.897   -73.668    0.0   -0.1   -0.1
   -13.879   -73.668    0.0   -0.1   -0.1
   -13.861   -73.668    0.0   -0.1   -0.1
   -13.843   -73.668    0.0   -0.1   -0.1
   -13.825   -73.668    0.0   -0.1   -0.1
   -13.807   -73.668    0.0   -0.1   -0.1
   -13.789   -73.668    0.0   -0.1   -0.1
   -13.771   -73.668    0.0   -0.1   -0.1
   -13.753   -73.668    0.0   -0.1   -0.1
   -13.735   -73.668    0.0   -0.1   -0.1
   -13.717   -73.668    0.0   -0.1   -0.1
   -13.699   -73.668    0.0   -0.1   -0.1
   -13.681   -73.668    0.0   -0.1   -0.1
   -13.663   -73.668    0.0   -0.1   -0.1
   -13.646   -73.668    0.0   -0.1   -0.1
   -13.628   -73.668    0.0   -0.1   -0.0
   -13.610   -73.668    0.0   -0.1   -0.0
   -13.592   -73.668    0.0   -0.1   -0.0
   -13.574   -73.668    0.0   -0.1   -0.0
   -13.556   -73.668   -0.0   -0.1   -0.0
   -13.538   -73.668   -0.0   -0.1   -0.0
   -15.333   -73.649    0.0    0.2   -0.2
   -15.315   -73.649    0.0    0.2   -0.2
   -15.297   -73.649    0.0    0.2   -0.2
   -15.279   -73.649    0.0    0.2   -0.2
   -15.261   -73.649    0.0    0.2   -0.3
   -15.243   -73.649    0.0    0.2   -0.3
   -15.225   -73.649    0.0    0.2   -0.3
   -15.207   -73.649    0.0    0.2   -0.3
   -15.189   -73.649    0.0    0.2   -0.3
   -15.171   -73.649    0.0    0.2   -0.3
   -15.153   -73.649    0.0    0.2   -0.3
   -15.135   -73.649    0.0    0.2   -0.3
   -15.118   -73.649    0.0    0.2   -0.4
   -15.100   -73.649    0.0    0.2   -0.4
   -15.082   -73.649    0.0    0.2   -0.4
   -15.064   -73.649    0.0    0.2   -0.4
   -15.046   -73.649    0.0    0.2   -0.4
   -15.028   -73.649    0.0    0.2   -0.4
   -15.010   -73.649    0.0    0.2   -0.4
   -14.992   -73.649   -0.0    0.2   -0.4
   -14.974   -73.649   -0.0    0.2   -0.5
   -14.956   -73.649   -0.0    0.1   -0.5
   -14.938   -73.649   -0.0    0.1   -0.5
   -14.920   -73.649   -0.0    0.1   -0.5
   -14.902   -73.649   -0.0    0.1   -0.5
   -14.884   -73.649   -0.0    0.1   -0.5
   -14.866   -73.649   -0.0    0.1   -0.5
   -14.848   -73.649   -0.0    0.1   -0.5
   -14.830   -73.649   -0.0    0.1   -0.5
   -14.812   -73.649   -0.0    0.1   -0.5
   -14.794   -73.649   -0.0    0.1   -0.5
   -14.776   -73.649   -0.0    0.1   -0.5
   -14.758   -73.649   -0.0    0.1   -0.6
   -14.741   -73.649   -0.0    0.0   -0.6
   -14.723   -73.649   -0.0    0.0   -0.6
   -14.705   -73.649   -0.0    0.0   -0.6
   -14.687   -73.649   -0.0    0.0   -0.6
   -14.669   -73.649   -0.0   -0.0   -0.6
   -14.651   -73.649   -0.0   -0.0   -0.6
   -14.633   -73.649   -0.0   -0.0   -0.6
   -14.615   -73.649   -0.0   -0.0   -0.5
   -14.597   -73.649   -0.0   -0.0   -0.5
   -14.579   -73.649   -0.0   -0.1   -0.5
   -14.561   -73.649   -0.0   -0.1   -0.5
   -14.543   -73.649   -0.0   -0.1   -0.5
   -14.525   -73.649   -0.0   -0.1   -0.5
   -14.507   -73.649   -0.0   -0.1   -0.5
   -14.489   -73.649   -0.0   -0.1   -0.5
   -14.471   -73.649   -0.0   -0.1   -0.5
   -14.453   -73.649   -0.0   -0.1   -0.5
   -14.435   -73.649   -0.0   -0.1   -0.5
   -14.417   -73.649   -0.0   -0.1   -0.4
   -14.399   -73.649   -0.0   -0.1   -0.4
   -14.382   -73.649   -0.0   -0.1   -0.4
   -14.364   -73.649   -0.0   -0.1   -0.4
   -14.346   -73.649   -0.0   -0.1   -0.4
   -14.328   -73.649   -0.0   -0.2   -0.4
   -14.310   -73.649   -0.0   -0.2   -0.4
   -14.292   -73.649   -0.0   -0.2   -0.3
   -14.274   -73.649   -0.0   -0.2   -0.3
   -14.256   -73.649   -0.0   -0.2   -0.3
   -14.238   -73.649   -0.0   -0.2   -0.3
   -14.220   -73.649   -0.0   -0.2   -0.3
   -14.202   -73.649   -0.0   -0.2   -0.3
   -14.184   -73.649   -0.0   -0.2   -0.3
   -14.166   -73.649   -0.0   -0.2   -0.3
   -14.148   -73.649   -0.0   -0.2   -0.2
   -14.130   -73.649   -0.0   -0.2   -0.2
   -14.112   -73.649   -0.0   -0.1   -0.2
   -14.094   -73.649   -0.0   -0.1   -0.2
   -14.076   -73.649   -0.0   -0.1   -0.2
   -14.058   -73.649   -0.0   -0.1   -0.2
   -14.040   -73.649   -0.0   -0.1   -0.2
   -14.022   -73.649   -0.0   -0.1   -0.2
   -14.005   -73.649   -0.0   -0.1   -0.2
   -13.987   -73.649   -0.0   -0.1   -0.2
   -13.969   -73.649   -0.0   -0.1   -0.1
   -13.951   -73.649   -0.0   -0.1   -0.1
   -13.933   -73.649   -0.0   -0.1   -0.1
   -13.915   -73.649   -0.0   -0.1   -0.1
   -13.897   -73.649   -0.0   -0.1   -0.1
   -13.879   -73.649   -0.0   -0.1   -0.1
   -13.861   -73.649   -0.0   -0.1   -0.1
   -13.843   -73.649   -0.0   -0.1   -0.1
   -13.825   -73.649   -0.0   -0.1   -0.1
   -13.807   -73.649   -0.0   -0.1   -0.1
   -13.789   -73.649   -0.0   -0.1   -0.1
   -13.771   -73.649   -0.0   -0.1   -0.1
   -13.753   -73.649   -0.0   -0.1   -0.1
   -13.735   -73.649   -0.0   -0.1   -0.1
   -13.717   -73.649   -0.0   -0.1   -0.1
   -13.699   -73.649   -0.0   -0.1   -0.1
   -13.681   -73.649   -0.0   -0.1   -0.1
   -13.663   -73.649   -0.0   -0.1   -0.1
   -13.646   -73.649   -0.0   -0.1   -0.1
   -13.628   -73.649   -0.0   -0.1   -0.0
   -13.610   -73.649   -0.0   -0.1   -0.0
   -13.592   -73.649   -0.0   -0.1   -0.0
   -13.574   -73.649   -0.0   -0.1   -0.0
   -13.556   -73.649   -0.0   -0.1   -0.0
   -13.538   -73.649   -0.0   -0.1   -0.0
   -15.333   -73.631    0.0    0.2   -0.2
   -15.315   -73.631    0.0    0.2   -0.2
   -15.297   -73.631    0.0    0.2   -0.2
   -15.279   -73.631    0.0    0.2   -0.2
   -15.261   -73.631    0.0    0.2   -0.3
   -15.243   -73.631    0.0    0.2   -0.3
   -15.225   -73.631    0.0    0.2   -0.3
   -15.207   -73.631    0.0    0.2   -0.3
   -15.189   -73.631    0.0    0.2   -0.3
   -15.171   -73.631   -0.0    0.2   -0.3
   -15.153   -73.631   -0.0    0.2   -0.3
   -15.135   -73.631   -0.0    0.2   -0.3
   -15.118   -73.631   -0.0    0.2   -0.3
   -15.100   -73.631   -0.0    0.2   -0.4
   -15.082   -73.631   -0.0    0.2   -0.4
   -15.064   -73.631   -0.0    0.2   -0.4
   -15.046   -73.631   -0.0    0.2   -0.4
   -15.028   -73.631   -0.0    0.2   -0.4
   -15.010   -73.631   -0.0    0.2   -0.4
   -14.992   -73.631   -0.0    0.2   -0.4
   -14.974   -73.631   -0.0    0.1   -0.4
   -14.956   -73.631   -0.0    0.1   -0.5
   -14.938   -73.631   -0.0    0.1   -0.5
   -14.920   -73.631   -0.0    0.1   -0.5
   -14.902   -73.631   -0.0    0.1   -0.5
   -14.884   -73.631   -0.0    0.1   -0.5
   -14.866   -73.631   -0.0    0.1   -0.5
   -14.848   -73.631   -0.0    0.1   -0.5
   -14.830   -73.631   -0.0    0.1   -0.5
   -14.812   -73.631   -0.0    0.1   -0.5
   -14.794   -73.631   -0.0    0.1   -0.5
   -14.776   -73.631   -0.0    0.1   -0.5
   -14.758   -73.631   -0.0    0.1   -0.5
   -14.741   -73.631   -0.0    0.0   -0.5
   -14.723   -73.631   -0.0    0.0   -0.5
   -14.705   -73.631   -0.0    0.0   -0.6
   -14.687   -73.631   -0.0    0.0   -0.6
   -14.669   -73.631   -0.0   -0.0   -0.5
   -14.651   -73.631   -0.0   -0.0   -0.5
   -14.633   -73.631   -0.0   -0.0   -0.5
   -14.615   -73.631   -0.0   -0.0   -0.5
   -14.597   -73.631   -0.0   -0.0   -0.5
   -14.579   -73.631   -0.0   -0.1   -0.5
   -14.561   -73.631   -0.0   -0.1   -0.5
   -14.543   -73.631   -0.0   -0.1   -0.5
   -14.525   -73.631   -0.0   -0.1   -0.5
   -14.507   -73.631   -0.0   -0.1   -0.5
   -14.489   -73.631   -0.0   -0.1   -0.5
   -14.471   -73.631   -0.0   -0.1   -0.5
   -14.453   -73.631   -0.0   -0.1   -0.5
   -14.435   -73.631   -0.0   -0.1   -0.4
   -14.417   -73.631   -0.0   -0.1   -0.4
   -14.399   -73.631   -0.0   -0.1   -0.4
   -14.382   -73.631   -0.0   -0.1   -0.4
   -14.364   -73.631   -0.0   -0.1   -0.4
   -14.346   -73.631   -0.0   -0.1   -0.4
   -14.328   -73.631   -0.0   -0.1   -0.4
   -14.310   -73.631   -0.0   -0.2   -0.4
   -14.292   -73.631   -0.0   -0.2   -0.3
   -14.274   -73.631   -0.0   -0.2   -0.3
   -14.256   -73.631   -0.0   -0.2   -0.3
   -14.238   -73.631   -0.0   -0.2   -0.3
   -14.220   -73.631   -0.0   -0.2   -0.3
   -14.202   -73.631   -0.0   -0.2   -0.3
   -14.184   -73.631   -0.0   -0.2   -0.3
   -14.166   -73.631   -0.0   -0.2   -0.2
   -14.148   -73.631   -0.0   -0.2   -0.2
   -14.130   -73.631   -0.0   -0.1   -0.2
   -14.112   -73.631   -0.0   -0.1   -0.2
   -14.094   -73.631   -0.0   -0.1   -0.2
   -14.076   -73.631   -0.0   -0.1   -0.2
   -14.058   -73.631   -0.0   -0.1   -0.2
   -14.040   -73.631   -0.0   -0.1   -0.2
   -14.022   -73.631   -0.0   -0.1   -0.2
   -14.005   -73.631   -0.0   -0.1   -0.2
   -13.987   -73.631   -0.0   -0.1   -0.1
   -13.969   -73.631   -0.0   -0.1   -0.1
   -13.951   -73.631   -0.0   -0.1   -0.1
   -13.933   -73.631   -0.0   -0.1   -0.1
   -13.915   -73.631   -0.0   -0.1   -0.1
   -13.897   -73.631   -0.0   -0.1   -0.1
   -13.879   -73.631   -0.0   -0.1   -0.1
   -13.861   -73.631   -0.0   -0.1   -0.1
   -13.843   -73.631   -0.0   -0.1   -0.1
   -13.825   -73.631   -0.0   -0.1   -0.1
   -13.807   -73.631   -0.0   -0.1   -0.1
   -13.789   -73.631   -0.0   -0.1   -0.1
   -13.771   -73.631   -0.0   -0.1   -0.1
   -13.753   -73.631   -0.0   -0.1   -0.1
   -13.735   -73.631   -0.0   -0.1   -0.1
   -13.717   -73.631   -0.0   -0.1   -0.1
   -13.699   -73.631   -0.0   -0.1   -0.1
   -13.681   -73.631   -0.0   -0.1   -0.1
   -13.663   -73.631   -0.0   -0.1   -0.1
   -13.646   -73.631   -0.0   -0.1   -0.0
   -13.628   -73.631   -0.0   -0.1   -0.0
   -13.610   -73.631   -0.0   -0.1   -0.0
   -13.592   -73.631   -0.0   -0.1   -0.0
   -13.574   -73.631   -0.0   -0.1   -0.0
   -13.556   -73.631   -0.0   -0.1   -0.0
   -13.538   -73.631   -0.0   -0.1   -0.0
   -15.333   -73.612   -0.0    0.2   -0.2
   -15.315   -73.612   -0.0    0.2   -0.2
   -15.297   -73.612   -0.0    0.2   -0.2
   -15.279   -73.612   -0.0    0.2   -0.2
   -15.261   -73.612   -0.0    0.2   -0.3
   -15.243   -73.612   -0.0    0.2   -0.3
   -15.225   -73.612   -0.0    0.2   -0.3
   -15.207   -73.612   -0.0    0.2   -0.3
   -15.189   -73.612   -0.0    0.2   -0.3
   -15.171   -73.612   -0.0    0.2   -0.3
   -15.153   -73.612   -0.0    0.2   -0.3
   -15.135   -73.612   -0.0    0.2   -0.3
   -15.118   -73.612   -0.0    0.2   -0.3
   -15.100   -73.612   -0.0    0.2   -0.4
   -15.082   -73.612   -0.0    0.2   -0.4
   -15.064   -73.612   -0.0    0.2   -0.4
   -15.046   -73.612   -0.0    0.2   -0.4
   -15.028   -73.612   -0.0    0.2   -0.4
   -15.010   -73.612   -0.0    0.2   -0.4
   -14.992   -73.612   -0.0    0.2   -0.4
   -14.974   -73.612   -0.0    0.1   -0.4
   -14.956   -73.612   -0.0    0.1   -0.5
   -14.938   -73.612   -0.0    0.1   -0.5
   -14.920   -73.612   -0.0    0.1   -0.5
   -14.902   -73.612   -0.0    0.1   -0.5
   -14.884   -73.612   -0.0    0.1   -0.5
   -14.866   -73.612   -0.0    0.1   -0.5
   -14.848   -73.612   -0.0    0.1   -0.5
   -14.830   -73.612   -0.0    0.1   -0.5
   -14.812   -73.612   -0.0    0.1   -0.5
   -14.794   -73.612   -0.0    0.1   -0.5
   -14.776   -73.612   -0.0    0.1   -0.5
   -14.758   -73.612   -0.0    0.1   -0.5
   -14.741   -73.612   -0.0    0.0   -0.5
   -14.723   -73.612   -0.0    0.0   -0.5
   -14.705   -73.612   -0.0    0.0   -0.5
   -14.687   -73.612   -0.0    0.0   -0.5
   -14.669   -73.612   -0.0   -0.0   -0.5
   -14.651   -73.612   -0.0   -0.0   -0.5
   -14.633   -73.612   -0.0   -0.0   -0.5
   -14.615   -73.612   -0.0   -0.0   -0.5
   -14.597   -73.612   -0.0   -0.0   -0.5
   -14.579   -73.612   -0.0   -0.1   -0.5
   -14.561   -73.612   -0.0   -0.1   -0.5
   -14.543   -73.612   -0.0   -0.1   -0.5
   -14.525   -73.612   -0.0   -0.1   -0.5
   -14.507   -73.612   -0.0   -0.1   -0.5
   -14.489   -73.612   -0.0   -0.1   -0.5
   -14.471   -73.612   -0.0   -0.1   -0.5
   -14.453   -73.612   -0.0   -0.1   -0.5
   -14.435   -73.612   -0.0   -0.1   -0.4
   -14.417   -73.612   -0.0   -0.1   -0.4
   -14.399   -73.612   -0.0   -0.1   -0.4
   -14.382   -73.612   -0.0   -0.1   -0.4
   -14.364   -73.612   -0.0   -0.1   -0.4
   -14.346   -73.612   -0.0   -0.1   -0.4
   -14.328   -73.612   -0.0   -0.1   -0.4
   -14.310   -73.612   -0.0   -0.1   -0.3
   -14.292   -73.612   -0.0   -0.2   -0.3
   -14.274   -73.612   -0.0   -0.2   -0.3
   -14.256   -73.612   -0.0   -0.2   -0.3
   -14.238   -73.612   -0.0   -0.2   -0.3
   -14.220   -73.612   -0.0   -0.2   -0.3
   -14.202   -73.612   -0.0   -0.2   -0.3
   -14.184   -73.612   -0.0   -0.2   -0.3
   -14.166   -73.612   -0.0   -0.2   -0.2
   -14.148   -73.612   -0.0   -0.1   -0.2
   -14.130   -73.612   -0.0   -0.1   -0.2
   -14.112   -73.612   -0.0   -0.1   -0.2
   -14.094   -73.612   -0.0   -0.1   -0.2
   -14.076   -73.612   -0.0   -0.1   -0.2
   -14.058   -73.612   -0.0   -0.1   -0.2
   -14.040   -73.612   -0.0   -0.1   -0.2
   -14.022   -73.612   -0.0   -0.1   -0.2
   -14.005   -73.612   -0.0   -0.1   -0.2
   -13.987   -73.612   -0.0   -0.1   -0.1
   -13.969   -73.612   -0.0   -0.1   -0.1
   -13.951   -73.612   -0.0   -0.1   -0.1
   -13.933   -73.612   -0.0   -0.1   -0.1
   -13.915   -73.612   -0.0   -0.1   -0.1
   -13.897   -73.612   -0.0   -0.1   -0.1
   -13.879   -73.612   -0.0   -0.1   -0.1
   -13.861   -73.612   -0.0   -0.1   -0.1
   -13.843   -73.612   -0.0   -0.1   -0.1
   -13.825   -73.612   -0.0   -0.1   -0.1
   -13.807   -73.612   -0.0   -0.1   -0.1
   -13.789   -73.612   -0.0   -0.1   -0.1
   -13.771   -73.612   -0.0   -0.1   -0.1
   -13.753   -73.612   -0.0   -0.1   -0.1
   -13.735   -73.612   -0.0   -0.1   -0.1
   -13.717   -73.612   -0.0   -0.1   -0.1
   -13.699   -73.612   -0.0   -0.1   -0.1
   -13.681   -73.612   -0.0   -0.1   -0.1
   -13.663   -73.612   -0.0   -0.1   -0.1
   -13.646   -73.612   -0.0   -0.1   -0.0
   -13.628   -73.612   -0.0   -0.1   -0.0
   -13.610   -73.612   -0.0   -0.1   -0.0
   -13.592   -73.612   -0.0   -0.1   -0.0
   -13.574   -73.612   -0.0   -0.1   -0.0
   -13.556   -73.612   -0.0   -0.1   -0.0
   -13.538   -73.612   -0.0   -0.1   -0.0
   -15.333   -73.594   -0.0    0.2   -0.2
   -15.315   -73.594   -0.0    0.2   -0.2
   -15.297   -73.594   -0.0    0.2   -0.2
   -15.279   -73.594   -0.0    0.2   -0.2
   -15.261   -73.594   -0.0    0.2   -0.3
   -15.243   -73.594   -0.0    0.2   -0.3
   -15.225   -73.594   -0.0    0.2   -0.3
   -15.207   -73.594   -0.0    0.2   -0.3
   -15.189   -73.594   -0.0    0.2   -0.3
   -15.171   -73.594   -0.0    0.2   -0.3
   -15.153   -73.594   -0.0    0.2   -0.3
   -15.135   -73.594   -0.0    0.2   -0.3
   -15.118   -73.594   -0.0    0.2   -0.3
   -15.100   -73.594   -0.0    0.2   -0.4
   -15.082   -73.594   -0.0    0.2   -0.4
   -15.064   -73.594   -0.0    0.2   -0.4
   -15.046   -73.594   -0.0    0.2   -0.4
   -15.028   -73.594   -0.0    0.2   -0.4
   -15.010   -73.594   -0.0    0.2   -0.4
   -14.992   -73.594   -0.0    0.1   -0.4
   -14.974   -73.594   -0.0    0.1   -0.4
   -14.956   -73.594   -0.0    0.1   -0.4
   -14.938   -73.594   -0.0    0.1   -0.5
   -14.920   -73.594   -0.0    0.1   -0.5
   -14.902   -73.594   -0.0    0.1   -0.5
   -14.884   -73.594   -0.0    0.1   -0.5
   -14.866   -73.594   -0.0    0.1   -0.5
   -14.848   -73.594   -0.0    0.1   -0.5
   -14.830   -73.594   -0.0    0.1   -0.5
   -14.812   -73.594   -0.0    0.1   -0.5
   -14.794   -73.594   -0.0    0.1   -0.5
   -14.776   -73.594   -0.0    0.1   -0.5
   -14.758   -73.594   -0.0    0.0   -0.5
   -14.741   -73.594   -0.0    0.0   -0.5
   -14.723   -73.594   -0.0    0.0   -0.5
   -14.705   -73.594   -0.0    0.0   -0.5
   -14.687   -73.594   -0.0    0.0   -0.5
   -14.669   -73.594   -0.0   -0.0   -0.5
   -14.651   -73.594   -0.0   -0.0   -0.5
   -14.633   -73.594   -0.0   -0.0   -0.5
   -14.615   -73.594   -0.0   -0.0   -0.5
   -14.597   -73.594   -0.0   -0.0   -0.5
   -14.579   -73.594   -0.0   -0.1   -0.5
   -14.561   -73.594   -0.0   -0.1   -0.5
   -14.543   -73.594   -0.0   -0.1   -0.5
   -14.525   -73.594   -0.0   -0.1   -0.5
   -14.507   -73.594   -0.0   -0.1   -0.5
   -14.489   -73.594   -0.0   -0.1   -0.5
   -14.471   -73.594   -0.0   -0.1   -0.5
   -14.453   -73.594   -0.0   -0.1   -0.4
   -14.435   -73.594   -0.0   -0.1   -0.4
   -14.417   -73.594   -0.0   -0.1   -0.4
   -14.399   -73.594   -0.0   -0.1   -0.4
   -14.382   -73.594   -0.0   -0.1   -0.4
   -14.364   -73.594   -0.0   -0.1   -0.4
   -14.346   -73.594   -0.0   -0.1   -0.4
   -14.328   -73.594   -0.0   -0.1   -0.4
   -14.310   -73.594   -0.0   -0.1   -0.3
   -14.292   -73.594   -0.0   -0.1   -0.3
   -14.274   -73.594   -0.0   -0.1   -0.3
   -14.256   -73.594   -0.0   -0.2   -0.3
   -14.238   -73.594   -0.0   -0.2   -0.3
   -14.220   -73.594   -0.0   -0.2   -0.3
   -14.202   -73.594   -0.0   -0.1   -0.3
   -14.184   -73.594   -0.0   -0.1   -0.3
   -14.166   -73.594   -0.0   -0.1   -0.2
   -14.148   -73.594   -0.0   -0.1   -0.2
   -14.130   -73.594   -0.0   -0.1   -0.2
   -14.112   -73.594   -0.0   -0.1   -0.2
   -14.094   -73.594   -0.0   -0.1   -0.2
   -14.076   -73.594   -0.0   -0.1   -0.2
   -14.058   -73.594   -0.0   -0.1   -0.2
   -14.040   -73.594   -0.0   -0.1   -0.2
   -14.022   -73.594   -0.0   -0.1   -0.2
   -14.005   -73.594   -0.0   -0.1   -0.2
   -13.987   -73.594   -0.0   -0.1   -0.1
   -13.969   -73.594   -0.0   -0.1   -0.1
   -13.951   -73.594   -0.0   -0.1   -0.1
   -13.933   -73.594   -0.0   -0.1   -0.1
   -13.915   -73.594   -0.0   -0.1   -0.1
   -13.897   -73.594   -0.0   -0.1   -0.1
   -13.879   -73.594   -0.0   -0.1   -0.1
   -13.861   -73.594   -0.0   -0.1   -0.1
   -13.843   -73.594   -0.0   -0.1   -0.1
   -13.825   -73.594   -0.0   -0.1   -0.1
   -13.807   -73.594   -0.0   -0.1   -0.1
   -13.789   -73.594   -0.0   -0.1   -0.1
   -13.771   -73.594   -0.0   -0.1   -0.1
   -13.753   -73.594   -0.0   -0.1   -0.1
   -13.735   -73.594   -0.0   -0.1   -0.1
   -13.717   -73.594   -0.0   -0.1   -0.1
   -13.699   -73.594   -0.0   -0.1   -0.1
   -13.681   -73.594   -0.0   -0.1   -0.1
   -13.663   -73.594   -0.0   -0.1   -0.1
   -13.646   -73.594   -0.0   -0.1   -0.0
   -13.628   -73.594   -0.0   -0.1   -0.0
   -13.610   -73.594   -0.0   -0.1   -0.0
   -13.592   -73.594   -0.0   -0.1   -0.0
   -13.574   -73.594   -0.0   -0.1   -0.0
   -13.556   -73.594   -0.0   -0.1   -0.0
   -13.538   -73.594   -0.0   -0.1   -0.0
   -15.333   -73.575   -0.0    0.2   -0.2
   -15.315   -73.575   -0.0    0.2   -0.2
   -15.297   -73.575   -0.0    0.2   -0.2
   -15.279   -73.575   -0.0    0.2   -0.2
   -15.261   -73.575   -0.0    0.2   -0.2
   -15.243   -73.575   -0.0    0.2   -0.3
   -15.225   -73.575   -0.0    0.2   -0.3
   -15.207   -73.575   -0.0    0.2   -0.3
   -15.189   -73.575   -0.0    0.2   -0.3
   -15.171   -73.575   -0.0    0.2   -0.3
   -15.153   -73.575   -0.0    0.2   -0.3
   -15.135   -73.575   -0.0    0.2   -0.3
   -15.118   -73.575   -0.0    0.2   -0.3
   -15.100   -73.575   -0.0    0.2   -0.3
   -15.082   -73.575   -0.0    0.2   -0.4
   -15.064   -73.575   -0.0    0.2   -0.4
   -15.046   -73.575   -0.0    0.2   -0.4
   -15.028   -73.575   -0.0    0.2   -0.4
   -15.010   -73.575   -0.0    0.1   -0.4
   -14.992   -73.575   -0.0    0.1   -0.4
   -14.974   -73.575   -0.0    0.1   -0.4
   -14.956   -73.575   -0.0    0.1   -0.4
   -14.938   -73.575   -0.0    0.1   -0.4
   -14.920   -73.575   -0.0    0.1   -0.5
   -14.902   -73.575   -0.0    0.1   -0.5
   -14.884   -73.575   -0.0    0.1   -0.5
   -14.866   -73.575   -0.0    0.1   -0.5
   -14.848   -73.575   -0.0    0.1   -0.5
   -14.830   -73.575   -0.0    0.1   -0.5
   -14.812   -73.575   -0.0    0.1   -0.5
   -14.794   -73.575   -0.0    0.1   -0.5
   -14.776   -73.575   -0.0    0.1   -0.5
   -14.758   -73.575   -0.0    0.0   -0.5
   -14.741   -73.575   -0.0    0.0   -0.5
   -14.723   -73.575   -0.0    0.0   -0.5
   -14.705   -73.575   -0.0    0.0   -0.5
   -14.687   -73.575   -0.0    0.0   -0.5
   -14.669   -73.575   -0.0   -0.0   -0.5
   -14.651   -73.575   -0.0   -0.0   -0.5
   -14.633   -73.575   -0.0   -0.0   -0.5
   -14.615   -73.575   -0.0   -0.0   -0.5
   -14.597   -73.575   -0.0   -0.0   -0.5
   -14.579   -73.575   -0.0   -0.1   -0.5
   -14.561   -73.575   -0.0   -0.1   -0.5
   -14.543   -73.575   -0.0   -0.1   -0.5
   -14.525   -73.575   -0.0   -0.1   -0.5
   -14.507   -73.575   -0.0   -0.1   -0.5
   -14.489   -73.575   -0.0   -0.1   -0.5
   -14.471   -73.575   -0.0   -0.1   -0.4
   -14.453   -73.575   -0.0   -0.1   -0.4
   -14.435   -73.575   -0.0   -0.1   -0.4
   -14.417   -73.575   -0.0   -0.1   -0.4
   -14.399   -73.575   -0.0   -0.1   -0.4
   -14.382   -73.575   -0.0   -0.1   -0.4
   -14.364   -73.575   -0.0   -0.1   -0.4
   -14.346   -73.575   -0.0   -0.1   -0.4
   -14.328   -73.575   -0.0   -0.1   -0.3
   -14.310   -73.575   -0.0   -0.1   -0.3
   -14.292   -73.575   -0.0   -0.1   -0.3
   -14.274   -73.575   -0.0   -0.1   -0.3
   -14.256   -73.575   -0.0   -0.1   -0.3
   -14.238   -73.575   -0.0   -0.1   -0.3
   -14.220   -73.575   -0.0   -0.1   -0.3
   -14.202   -73.575   -0.0   -0.1   -0.3
   -14.184   -73.575   -0.0   -0.1   -0.2
   -14.166   -73.575   -0.0   -0.1   -0.2
   -14.148   -73.575   -0.0   -0.1   -0.2
   -14.130   -73.575   -0.0   -0.1   -0.2
   -14.112   -73.575   -0.0   -0.1   -0.2
   -14.094   -73.575   -0.0   -0.1   -0.2
   -14.076   -73.575   -0.0   -0.1   -0.2
   -14.058   -73.575   -0.0   -0.1   -0.2
   -14.040   -73.575   -0.0   -0.1   -0.2
   -14.022   -73.575   -0.0   -0.1   -0.2
   -14.005   -73.575   -0.0   -0.1   -0.1
   -13.987   -73.575   -0.0   -0.1   -0.1
   -13.969   -73.575   -0.0   -0.1   -0.1
   -13.951   -73.575   -0.0   -0.1   -0.1
   -13.933   -73.575   -0.0   -0.1   -0.1
   -13.915   -73.575   -0.0   -0.1   -0.1
   -13.897   -73.575   -0.0   -0.1   -0.1
   -13.879   -73.575   -0.0   -0.1   -0.1
   -13.861   -73.575   -0.0   -0.1   -0.1
   -13.843   -73.575   -0.0   -0.1   -0.1
   -13.825   -73.575   -0.0   -0.1   -0.1
   -13.807   -73.575   -0.0   -0.1   -0.1
   -13.789   -73.575   -0.0   -0.1   -0.1
   -13.771   -73.575   -0.0   -0.1   -0.1
   -13.753   -73.575   -0.0   -0.1   -0.1
   -13.735   -73.575   -0.0   -0.1   -0.1
   -13.717   -73.575   -0.0   -0.1   -0.1
   -13.699   -73.575   -0.0   -0.1   -0.1
   -13.681   -73.575   -0.0   -0.1   -0.1
   -13.663   -73.575   -0.0   -0.1   -0.0
   -13.646   -73.575   -0.0   -0.1   -0.0
   -13.628   -73.575   -0.0   -0.1   -0.0
   -13.610   -73.575   -0.0   -0.1   -0.0
   -13.592   -73.575   -0.0   -0.1   -0.0
   -13.574   -73.575   -0.0   -0.1   -0.0
   -13.556   -73.575   -0.0   -0.1   -0.0
   -13.538   -73.575   -0.0   -0.1   -0.0
   -15.333   -73.556   -0.0    0.2   -0.2
   -15.315   -73.556   -0.0    0.2   -0.2
   -15.297   -73.556   -0.0    0.2   -0.2
   -15.279   -73.556   -0.0    0.2   -0.2
   -15.261   -73.556   -0.0    0.2   -0.2
   -15.243   -73.556   -0.0    0.2   -0.3
   -15.225   -73.556   -0.0    0.2   -0.3
   -15.207   -73.556   -0.0    0.2   -0.3
   -15.189   -73.556   -0.0    0.2   -0.3
   -15.171   -73.556   -0.0    0.2   -0.3
   -15.153   -73.556   -0.0    0.2   -0.3
   -15.135   -73.556   -0.0    0.2   -0.3
   -15.118   -73.556   -0.0    0.2   -0.3
   -15.100   -73.556   -0.0    0.2   -0.3
   -15.082   -73.556   -0.0    0.2   -0.3
   -15.064   -73.556   -0.0    0.2   -0.4
   -15.046   -73.556   -0.0    0.2   -0.4
   -15.028   -73.556   -0.0    0.1   -0.4
   -15.010   -73.556   -0.0    0.1   -0.4
   -14.992   -73.556   -0.0    0.1   -0.4
   -14.974   -73.556   -0.0    0.1   -0.4
   -14.956   -73.556   -0.0    0.1   -0.4
   -14.938   -73.556   -0.0    0.1   -0.4
   -14.920   -73.556   -0.0    0.1   -0.4
   -14.902   -73.556   -0.0    0.1   -0.5
   -14.884   -73.556   -0.0    0.1   -0.5
   -14.866   -73.556   -0.0    0.1   -0.5
   -14.848   -73.556   -0.0    0.1   -0.5
   -14.830   -73.556   -0.0    0.1   -0.5
   -14.812   -73.556   -0.0    0.1   -0.5
   -14.794   -73.556   -0.0    0.1   -0.5
   -14.776   -73.556   -0.0    0.1   -0.5
   -14.758   -73.556   -0.1    0.0   -0.5
   -14.741   -73.556   -0.1    0.0   -0.5
   -14.723   -73.556   -0.1    0.0   -0.5
   -14.705   -73.556   -0.1    0.0   -0.5
   -14.687   -73.556   -0.1    0.0   -0.5
   -14.669   -73.556   -0.1   -0.0   -0.5
   -14.651   -73.556   -0.1   -0.0   -0.5
   -14.633   -73.556   -0.1   -0.0   -0.5
   -14.615   -73.556   -0.1   -0.0   -0.5
   -14.597   -73.556   -0.1   -0.0   -0.5
   -14.579   -73.556   -0.1   -0.1   -0.5
   -14.561   -73.556   -0.1   -0.1   -0.5
   -14.543   -73.556   -0.0   -0.1   -0.5
   -14.525   -73.556   -0.0   -0.1   -0.5
   -14.507   -73.556   -0.0   -0.1   -0.5
   -14.489   -73.556   -0.0   -0.1   -0.4
   -14.471   -73.556   -0.0   -0.1   -0.4
   -14.453   -73.556   -0.0   -0.1   -0.4
   -14.435   -73.556   -0.0   -0.1   -0.4
   -14.417   -73.556   -0.0   -0.1   -0.4
   -14.399   -73.556   -0.0   -0.1   -0.4
   -14.382   -73.556   -0.0   -0.1   -0.4
   -14.364   -73.556   -0.0   -0.1   -0.4
   -14.346   -73.556   -0.0   -0.1   -0.4
   -14.328   -73.556   -0.0   -0.1   -0.3
   -14.310   -73.556   -0.0   -0.1   -0.3
   -14.292   -73.556   -0.0   -0.1   -0.3
   -14.274   -73.556   -0.0   -0.1   -0.3
   -14.256   -73.556   -0.0   -0.1   -0.3
   -14.238   -73.556   -0.0   -0.1   -0.3
   -14.220   -73.556   -0.0   -0.1   -0.3
   -14.202   -73.556   -0.0   -0.1   -0.3
   -14.184   -73.556   -0.0   -0.1   -0.2
   -14.166   -73.556   -0.0   -0.1   -0.2
   -14.148   -73.556   -0.0   -0.1   -0.2
   -14.130   -73.556   -0.0   -0.1   -0.2
   -14.112   -73.556   -0.0   -0.1   -0.2
   -14.094   -73.556   -0.0   -0.1   -0.2
   -14.076   -73.556   -0.0   -0.1   -0.2
   -14.058   -73.556   -0.0   -0.1   -0.2
   -14.040   -73.556   -0.0   -0.1   -0.2
   -14.022   -73.556   -0.0   -0.1   -0.2
   -14.005   -73.556   -0.0   -0.1   -0.1
   -13.987   -73.556   -0.0   -0.1   -0.1
   -13.969   -73.556   -0.0   -0.1   -0.1
   -13.951   -73.556   -0.0   -0.1   -0.1
   -13.933   -73.556   -0.0   -0.1   -0.1
   -13.915   -73.556   -0.0   -0.1   -0.1
   -13.897   -73.556   -0.0   -0.1   -0.1
   -13.879   -73.556   -0.0   -0.1   -0.1
   -13.861   -73.556   -0.0   -0.1   -0.1
   -13.843   -73.556   -0.0   -0.1   -0.1
   -13.825   -73.556   -0.0   -0.1   -0.1
   -13.807   -73.556   -0.0   -0.1   -0.1
   -13.789   -73.556   -0.0   -0.1   -0.1
   -13.771   -73.556   -0.0   -0.1   -0.1
   -13.753   -73.556   -0.0   -0.1   -0.1
   -13.735   -73.556   -0.0   -0.1   -0.1
   -13.717   -73.556   -0.0   -0.1   -0.1
   -13.699   -73.556   -0.0   -0.1   -0.1
   -13.681   -73.556   -0.0   -0.1   -0.1
   -13.663   -73.556   -0.0   -0.1   -0.0
   -13.646   -73.556   -0.0   -0.1   -0.0
   -13.628   -73.556   -0.0   -0.1   -0.0
   -13.610   -73.556   -0.0   -0.1   -0.0
   -13.592   -73.556   -0.0   -0.1   -0.0
   -13.574   -73.556   -0.0   -0.1   -0.0
   -13.556   -73.556   -0.0   -0.1   -0.0
   -13.538   -73.556   -0.0   -0.1   -0.0
   -15.333   -73.538   -0.0    0.1   -0.2
   -15.315   -73.538   -0.0    0.2   -0.2
   -15.297   -73.538   -0.0    0.2   -0.2
   -15.279   -73.538   -0.0    0.2   -0.2
   -15.261   -73.538   -0.0    0.2   -0.2
   -15.243   -73.538   -0.0    0.2   -0.2
   -15.225   -73.538   -0.0    0.2   -0.3
   -15.207   -73.538   -0.0    0.2   -0.3
   -15.189   -73.538   -0.0    0.2   -0.3
   -15.171   -73.538   -0.0    0.2   -0.3
   -15.153   -73.538   -0.0    0.2   -0.3
   -15.135   -73.538   -0.0    0.2   -0.3
   -15.118   -73.538   -0.0    0.2   -0.3
   -15.100   -73.538   -0.0    0.2   -0.3
   -15.082   -73.538   -0.0    0.2   -0.3
   -15.064   -73.538   -0.0    0.2   -0.4
   -15.046   -73.538   -0.0    0.1   -0.4
   -15.028   -73.538   -0.0    0.1   -0.4
   -15.010   -73.538   -0.0    0.1   -0.4
   -14.992   -73.538   -0.0    0.1   -0.4
   -14.974   -73.538   -0.0    0.1   -0.4
   -14.956   -73.538   -0.0    0.1   -0.4
   -14.938   -73.538   -0.0    0.1   -0.4
   -14.920   -73.538   -0.0    0.1   -0.4
   -14.902   -73.538   -0.0    0.1   -0.4
   -14.884   -73.538   -0.0    0.1   -0.5
   -14.866   -73.538   -0.1    0.1   -0.5
   -14.848   -73.538   -0.1    0.1   -0.5
   -14.830   -73.538   -0.1    0.1   -0.5
   -14.812   -73.538   -0.1    0.1   -0.5
   -14.794   -73.538   -0.1    0.1   -0.5
   -14.776   -73.538   -0.1    0.1   -0.5
   -14.758   -73.538   -0.1    0.0   -0.5
   -14.741   -73.538   -0.1    0.0   -0.5
   -14.723   -73.538   -0.1    0.0   -0.5
   -14.705   -73.538   -0.1    0.0   -0.5
   -14.687   -73.538   -0.1    0.0   -0.5
   -14.669   -73.538   -0.1   -0.0   -0.5
   -14.651   -73.538   -0.1   -0.0   -0.5
   -14.633   -73.538   -0.1   -0.0   -0.5
   -14.615   -73.538   -0.1   -0.0   -0.5
   -14.597   -73.538   -0.1   -0.0   -0.5
   -14.579   -73.538   -0.1   -0.1   -0.5
   -14.561   -73.538   -0.1   -0.1   -0.5
   -14.543   -73.538   -0.1   -0.1   -0.5
   -14.525   -73.538   -0.1   -0.1   -0.5
   -14.507   -73.538   -0.1   -0.1   -0.4
   -14.489   -73.538   -0.1   -0.1   -0.4
   -14.471   -73.538   -0.1   -0.1   -0.4
   -14.453   -73.538   -0.0   -0.1   -0.4
   -14.435   -73.538   -0.0   -0.1   -0.4
   -14.417   -73.538   -0.0   -0.1   -0.4
   -14.399   -73.538   -0.0   -0.1   -0.4
   -14.382   -73.538   -0.0   -0.1   -0.4
   -14.364   -73.538   -0.0   -0.1   -0.4
   -14.346   -73.538   -0.0   -0.1   -0.3
   -14.328   -73.538   -0.0   -0.1   -0.3
   -14.310   -73.538   -0.0   -0.1   -0.3
   -14.292   -73.538   -0.0   -0.1   -0.3
   -14.274   -73.538   -0.0   -0.1   -0.3
   -14.256   -73.538   -0.0   -0.1   -0.3
   -14.238   -73.538   -0.0   -0.1   -0.3
   -14.220   -73.538   -0.0   -0.1   -0.3
   -14.202   -73.538   -0.0   -0.1   -0.2
   -14.184   -73.538   -0.0   -0.1   -0.2
   -14.166   -73.538   -0.0   -0.1   -0.2
   -14.148   -73.538   -0.0   -0.1   -0.2
   -14.130   -73.538   -0.0   -0.1   -0.2
   -14.112   -73.538   -0.0   -0.1   -0.2
   -14.094   -73.538   -0.0   -0.1   -0.2
   -14.076   -73.538   -0.0   -0.1   -0.2
   -14.058   -73.538   -0.0   -0.1   -0.2
   -14.040   -73.538   -0.0   -0.1   -0.2
   -14.022   -73.538   -0.0   -0.1   -0.2
   -14.005   -73.538   -0.0   -0.1   -0.1
   -13.987   -73.538   -0.0   -0.1   -0.1
   -13.969   -73.538   -0.0   -0.1   -0.1
   -13.951   -73.538   -0.0   -0.1   -0.1
   -13.933   -73.538   -0.0   -0.1   -0.1
   -13.915   -73.538   -0.0   -0.1   -0.1
   -13.897   -73.538   -0.0   -0.1   -0.1
   -13.879   -73.538   -0.0   -0.1   -0.1
   -13.861   -73.538   -0.0   -0.1   -0.1
   -13.843   -73.538   -0.0   -0.1   -0.1
   -13.825   -73.538   -0.0   -0.1   -0.1
   -13.807   -73.538   -0.0   -0.1   -0.1
   -13.789   -73.538   -0.0   -0.1   -0.1
   -13.771   -73.538   -0.0   -0.1   -0.1
   -13.753   -73.538   -0.0   -0.1   -0.1
   -13.735   -73.538   -0.0   -0.1   -0.1
   -13.717   -73.538   -0.0   -0.1   -0.1
   -13.699   -73.538   -0.0   -0.1   -0.1
   -13.681   -73.538   -0.0   -0.1   -0.1
   -13.663   -73.538   -0.0   -0.1   -0.0
   -13.646   -73.538   -0.0   -0.1   -0.0
   -13.628   -73.538   -0.0   -0.1   -0.0
   -13.610   -73.538   -0.0   -0.1   -0.0
   -13.592   -73.538   -0.0   -0.1   -0.0
   -13.574   -73.538   -0.0   -0.1   -0.0
   -13.556   -73.538   -0.0   -0.1   -0.0
   -13.538   -73.538   -0.0   -0.1   -0.0
   -15.333   -73.519   -0.0    0.1   -0.2
   -15.315   -73.519   -0.0    0.1   -0.2
   -15.297   -73.519   -0.0    0.1   -0.2
   -15.279   -73.519   -0.0    0.2   -0.2
   -15.261   -73.519   -0.0    0.2   -0.2
   -15.243   -73.519   -0.0    0.2   -0.2
   -15.225   -73.519   -0.0    0.2   -0.3
   -15.207   -73.519   -0.0    0.2   -0.3
   -15.189   -73.519   -0.0    0.2   -0.3
   -15.171   -73.519   -0.0    0.2   -0.3
   -15.153   -73.519   -0.0    0.2   -0.3
   -15.135   -73.519   -0.0    0.2   -0.3
   -15.118   -73.519   -0.0    0.2   -0.3
   -15.100   -73.519   -0.0    0.2   -0.3
   -15.082   -73.519   -0.0    0.1   -0.3
   -15.064   -73.519   -0.0    0.1   -0.3
   -15.046   -73.519   -0.0    0.1   -0.4
   -15.028   -73.519   -0.0    0.1   -0.4
   -15.010   -73.519   -0.0    0.1   -0.4
   -14.992   -73.519   -0.0    0.1   -0.4
   -14.974   -73.519   -0.0    0.1   -0.4
   -14.956   -73.519   -0.0    0.1   -0.4
   -14.938   -73.519   -0.0    0.1   -0.4
   -14.920   -73.519   -0.1    0.1   -0.4
   -14.902   -73.519   -0.1    0.1   -0.4
   -14.884   -73.519   -0.1    0.1   -0.4
   -14.866   -73.519   -0.1    0.1   -0.4
   -14.848   -73.519   -0.1    0.1   -0.5
   -14.830   -73.519   -0.1    0.1   -0.5
   -14.812   -73.519   -0.1    0.1   -0.5
   -14.794   -73.519   -0.1    0.1   -0.5
   -14.776   -73.519   -0.1    0.1   -0.5
   -14.758   -73.519   -0.1    0.0   -0.5
   -14.741   -73.519   -0.1    0.0   -0.5
   -14.723   -73.519   -0.1    0.0   -0.5
   -14.705   -73.519   -0.1    0.0   -0.5
   -14.687   -73.519   -0.1    0.0   -0.5
   -14.669   -73.519   -0.1   -0.0   -0.5
   -14.651   -73.519   -0.1   -0.0   -0.5
   -14.633   -73.519   -0.1   -0.0   -0.5
   -14.615   -73.519   -0.1   -0.0   -0.5
   -14.597   -73.519   -0.1   -0.0   -0.5
   -14.579   -73.519   -0.1   -0.1   -0.5
   -14.561   -73.519   -0.1   -0.1   -0.5
   -14.543   -73.519   -0.1   -0.1   -0.4
   -14.525   -73.519   -0.1   -0.1   -0.4
   -14.507   -73.519   -0.1   -0.1   -0.4
   -14.489   -73.519   -0.1   -0.1   -0.4
   -14.471   -73.519   -0.1   -0.1   -0.4
   -14.453   -73.519   -0.1   -0.1   -0.4
   -14.435   -73.519   -0.1   -0.1   -0.4
   -14.417   -73.519   -0.1   -0.1   -0.4
   -14.399   -73.519   -0.0   -0.1   -0.4
   -14.382   -73.519   -0.0   -0.1   -0.4
   -14.364   -73.519   -0.0   -0.1   -0.3
   -14.346   -73.519   -0.0   -0.1   -0.3
   -14.328   -73.519   -0.0   -0.1   -0.3
   -14.310   -73.519   -0.0   -0.1   -0.3
   -14.292   -73.519   -0.0   -0.1   -0.3
   -14.274   -73.519   -0.0   -0.1   -0.3
   -14.256   -73.519   -0.0   -0.1   -0.3
   -14.238   -73.519   -0.0   -0.1   -0.3
   -14.220   -73.519   -0.0   -0.1   -0.3
   -14.202   -73.519   -0.0   -0.1   -0.2
   -14.184   -73.519   -0.0   -0.1   -0.2
   -14.166   -73.519   -0.0   -0.1   -0.2
   -14.148   -73.519   -0.0   -0.1   -0.2
   -14.130   -73.519   -0.0   -0.1   -0.2
   -14.112   -73.519   -0.0   -0.1   -0.2
   -14.094   -73.519   -0.0   -0.1   -0.2
   -14.076   -73.519   -0.0   -0.1   -0.2
   -14.058   -73.519   -0.0   -0.1   -0.2
   -14.040   -73.519   -0.0   -0.1   -0.2
   -14.022   -73.519   -0.0   -0.1   -0.1
   -14.005   -73.519   -0.0   -0.1   -0.1
   -13.987   -73.519   -0.0   -0.1   -0.1
   -13.969   -73.519   -0.0   -0.1   -0.1
   -13.951   -73.519   -0.0   -0.1   -0.1
   -13.933   -73.519   -0.0   -0.1   -0.1
   -13.915   -73.519   -0.0   -0.1   -0.1
   -13.897   -73.519   -0.0   -0.1   -0.1
   -13.879   -73.519   -0.0   -0.1   -0.1
   -13.861   -73.519   -0.0   -0.1   -0.1
   -13.843   -73.519   -0.0   -0.1   -0.1
   -13.825   -73.519   -0.0   -0.1   -0.1
   -13.807   -73.519   -0.0   -0.1   -0.1
   -13.789   -73.519   -0.0   -0.1   -0.1
   -13.771   -73.519   -0.0   -0.1   -0.1
   -13.753   -73.519   -0.0   -0.1   -0.1
   -13.735   -73.519   -0.0   -0.1   -0.1
   -13.717   -73.519   -0.0   -0.1   -0.1
   -13.699   -73.519   -0.0   -0.1   -0.1
   -13.681   -73.519   -0.0   -0.1   -0.0
   -13.663   -73.519   -0.0   -0.1   -0.0
   -13.646   -73.519   -0.0   -0.1   -0.0
   -13.628   -73.519   -0.0   -0.1   -0.0
   -13.610   -73.519   -0.0   -0.1   -0.0
   -13.592   -73.519   -0.0   -0.1   -0.0
   -13.574   -73.519   -0.0   -0.1   -0.0
   -13.556   -73.519   -0.0   -0.1   -0.0
   -13.538   -73.519   -0.0   -0.1   -0.0
   -15.333   -73.501   -0.0    0.1   -0.2
   -15.315   -73.501   -0.0    0.1   -0.2
   -15.297   -73.501   -0.0    0.1   -0.2
   -15.279   -73.501   -0.0    0.1   -0.2
   -15.261   -73.501   -0.0    0.1   -0.2
   -15.243   -73.501   -0.0    0.1   -0.2
   -15.225   -73.501   -0.0    0.2   -0.2
   -15.207   -73.501   -0.0    0.2   -0.3
   -15.189   -73.501   -0.0    0.2   -0.3
   -15.171   -73.501   -0.0    0.2   -0.3
   -15.153   -73.501   -0.0    0.2   -0.3
   -15.135   -73.501   -0.0    0.1   -0.3
   -15.118   -73.501   -0.0    0.1   -0.3
   -15.100   -73.501   -0.0    0.1   -0.3
   -15.082   -73.501   -0.0    0.1   -0.3
   -15.064   -73.501   -0.0    0.1   -0.3
   -15.046   -73.501   -0.0    0.1   -0.3
   -15.028   -73.501   -0.0    0.1   -0.4
   -15.010   -73.501   -0.0    0.1   -0.4
   -14.992   -73.501   -0.0    0.1   -0.4
   -14.974   -73.501   -0.1    0.1   -0.4
   -14.956   -73.501   -0.1    0.1   -0.4
   -14.938   -73.501   -0.1    0.1   -0.4
   -14.920   -73.501   -0.1    0.1   -0.4
   -14.902   -73.501   -0.1    0.1   -0.4
   -14.884   -73.501   -0.1    0.1   -0.4
   -14.866   -73.501   -0.1    0.1   -0.4
   -14.848   -73.501   -0.1    0.1   -0.4
   -14.830   -73.501   -0.1    0.1   -0.4
   -14.812   -73.501   -0.1    0.1   -0.5
   -14.794   -73.501   -0.1    0.1   -0.5
   -14.776   -73.501   -0.1    0.1   -0.5
   -14.758   -73.501   -0.1    0.0   -0.5
   -14.741   -73.501   -0.1    0.0   -0.5
   -14.723   -73.501   -0.1    0.0   -0.5
   -14.705   -73.501   -0.1    0.0   -0.5
   -14.687   -73.501   -0.1    0.0   -0.5
   -14.669   -73.501   -0.1   -0.0   -0.5
   -14.651   -73.501   -0.1   -0.0   -0.5
   -14.633   -73.501   -0.1   -0.0   -0.5
   -14.615   -73.501   -0.1   -0.0   -0.5
   -14.597   -73.501   -0.1   -0.0   -0.5
   -14.579   -73.501   -0.1   -0.1   -0.4
   -14.561   -73.501   -0.1   -0.1   -0.4
   -14.543   -73.501   -0.1   -0.1   -0.4
   -14.525   -73.501   -0.1   -0.1   -0.4
   -14.507   -73.501   -0.1   -0.1   -0.4
   -14.489   -73.501   -0.1   -0.1   -0.4
   -14.471   -73.501   -0.1   -0.1   -0.4
   -14.453   -73.501   -0.1   -0.1   -0.4
   -14.435   -73.501   -0.1   -0.1   -0.4
   -14.417   -73.501   -0.1   -0.1   -0.4
   -14.399   -73.501   -0.1   -0.1   -0.4
   -14.382   -73.501   -0.1   -0.1   -0.3
   -14.364   -73.501   -0.1   -0.1   -0.3
   -14.346   -73.501   -0.0   -0.1   -0.3
   -14.328   -73.501   -0.0   -0.1   -0.3
   -14.310   -73.501   -0.0   -0.1   -0.3
   -14.292   -73.501   -0.0   -0.1   -0.3
   -14.274   -73.501   -0.0   -0.1   -0.3
   -14.256   -73.501   -0.0   -0.1   -0.3
   -14.238   -73.501   -0.0   -0.1   -0.3
   -14.220   -73.501   -0.0   -0.1   -0.2
   -14.202   -73.501   -0.0   -0.1   -0.2
   -14.184   -73.501   -0.0   -0.1   -0.2
   -14.166   -73.501   -0.0   -0.1   -0.2
   -14.148   -73.501   -0.0   -0.1   -0.2
   -14.130   -73.501   -0.0   -0.1   -0.2
   -14.112   -73.501   -0.0   -0.1   -0.2
   -14.094   -73.501   -0.0   -0.1   -0.2
   -14.076   -73.501   -0.0   -0.1   -0.2
   -14.058   -73.501   -0.0   -0.1   -0.2
   -14.040   -73.501   -0.0   -0.1   -0.2
   -14.022   -73.501   -0.0   -0.1   -0.1
   -14.005   -73.501   -0.0   -0.1   -0.1
   -13.987   -73.501   -0.0   -0.1   -0.1
   -13.969   -73.501   -0.0   -0.1   -0.1
   -13.951   -73.501   -0.0   -0.1   -0.1
   -13.933   -73.501   -0.0   -0.1   -0.1
   -13.915   -73.501   -0.0   -0.1   -0.1
   -13.897   -73.501   -0.0   -0.1   -0.1
   -13.879   -73.501   -0.0   -0.1   -0.1
   -13.861   -73.501   -0.0   -0.1   -0.1
   -13.843   -73.501   -0.0   -0.1   -0.1
   -13.825   -73.501   -0.0   -0.1   -0.1
   -13.807   -73.501   -0.0   -0.1   -0.1
   -13.789   -73.501   -0.0   -0.1   -0.1
   -13.771   -73.501   -0.0   -0.1   -0.1
   -13.753   -73.501   -0.0   -0.1   -0.1
   -13.735   -73.501   -0.0   -0.1   -0.1
   -13.717   -73.501   -0.0   -0.1   -0.1
   -13.699   -73.501   -0.0   -0.1   -0.1
   -13.681   -73.501   -0.0   -0.1   -0.0
   -13.663   -73.501   -0.0   -0.1   -0.0
   -13.646   -73.501   -0.0   -0.1   -0.0
   -13.628   -73.501   -0.0   -0.1   -0.0
   -13.610   -73.501   -0.0   -0.1   -0.0
   -13.592   -73.501   -0.0   -0.1   -0.0
   -13.574   -73.501   -0.0   -0.1   -0.0
   -13.556   -73.501   -0.0   -0.1   -0.0
   -13.538   -73.501   -0.0   -0.1   -0.0
   -15.333   -73.482   -0.0    0.1   -0.2
   -15.315   -73.482   -0.0    0.1   -0.2
   -15.297   -73.482   -0.0    0.1   -0.2
   -15.279   -73.482   -0.0    0.1   -0.2
   -15.261   -73.482   -0.0    0.1   -0.2
   -15.243   -73.482   -0.0    0.1   -0.2
   -15.225   -73.482   -0.0    0.1   -0.2
   -15.207   -73.482   -0.0    0.1   -0.3
   -15.189   -73.482   -0.0    0.1   -0.3
   -15.171   -73.482   -0.0    0.1   -0.3
   -15.153   -73.482   -0.0    0.1   -0.3
   -15.135   -73.482   -0.0    0.1   -0.3
   -15.118   -73.482   -0.0    0.1   -0.3
   -15.100   -73.482   -0.0    0.1   -0.3
   -15.082   -73.482   -0.0    0.1   -0.3
   -15.064   -73.482   -0.0    0.1   -0.3
   -15.046   -73.482   -0.0    0.1   -0.3
   -15.028   -73.482   -0.0    0.1   -0.3
   -15.010   -73.482   -0.1    0.1   -0.4
   -14.992   -73.482   -0.1    0.1   -0.4
   -14.974   -73.482   -0.1    0.1   -0.4
   -14.956   -73.482   -0.1    0.1   -0.4
   -14.938   -73.482   -0.1    0.1   -0.4
   -14.920   -73.482   -0.1    0.1   -0.4
   -14.902   -73.482   -0.1    0.1   -0.4
   -14.884   -73.482   -0.1    0.1   -0.4
   -14.866   -73.482   -0.1    0.1   -0.4
   -14.848   -73.482   -0.1    0.1   -0.4
   -14.830   -73.482   -0.1    0.1   -0.4
   -14.812   -73.482   -0.1    0.1   -0.4
   -14.794   -73.482   -0.1    0.1   -0.4
   -14.776   -73.482   -0.1    0.0   -0.4
   -14.758   -73.482   -0.1    0.0   -0.4
   -14.741   -73.482   -0.1    0.0   -0.5
   -14.723   -73.482   -0.1    0.0   -0.5
   -14.705   -73.482   -0.1    0.0   -0.5
   -14.687   -73.482   -0.1    0.0   -0.5
   -14.669   -73.482   -0.1   -0.0   -0.5
   -14.651   -73.482   -0.1   -0.0   -0.4
   -14.633   -73.482   -0.1   -0.0   -0.4
   -14.615   -73.482   -0.1   -0.0   -0.4
   -14.597   -73.482   -0.1   -0.0   -0.4
   -14.579   -73.482   -0.1   -0.0   -0.4
   -14.561   -73.482   -0.1   -0.1   -0.4
   -14.543   -73.482   -0.1   -0.1   -0.4
   -14.525   -73.482   -0.1   -0.1   -0.4
   -14.507   -73.482   -0.1   -0.1   -0.4
   -14.489   -73.482   -0.1   -0.1   -0.4
   -14.471   -73.482   -0.1   -0.1   -0.4
   -14.453   -73.482   -0.1   -0.1   -0.4
   -14.435   -73.482   -0.1   -0.1   -0.4
   -14.417   -73.482   -0.1   -0.1   -0.4
   -14.399   -73.482   -0.1   -0.1   -0.3
   -14.382   -73.482   -0.1   -0.1   -0.3
   -14.364   -73.482   -0.1   -0.1   -0.3
   -14.346   -73.482   -0.1   -0.1   -0.3
   -14.328   -73.482   -0.1   -0.1   -0.3
   -14.310   -73.482   -0.0   -0.1   -0.3
   -14.292   -73.482   -0.0   -0.1   -0.3
   -14.274   -73.482   -0.0   -0.1   -0.3
   -14.256   -73.482   -0.0   -0.1   -0.3
   -14.238   -73.482   -0.0   -0.1   -0.2
   -14.220   -73.482   -0.0   -0.1   -0.2
   -14.202   -73.482   -0.0   -0.1   -0.2
   -14.184   -73.482   -0.0   -0.1   -0.2
   -14.166   -73.482   -0.0   -0.1   -0.2
   -14.148   -73.482   -0.0   -0.1   -0.2
   -14.130   -73.482   -0.0   -0.1   -0.2
   -14.112   -73.482   -0.0   -0.1   -0.2
   -14.094   -73.482   -0.0   -0.1   -0.2
   -14.076   -73.482   -0.0   -0.1   -0.2
   -14.058   -73.482   -0.0   -0.1   -0.2
   -14.040   -73.482   -0.0   -0.1   -0.1
   -14.022   -73.482   -0.0   -0.1   -0.1
   -14.005   -73.482   -0.0   -0.1   -0.1
   -13.987   -73.482   -0.0   -0.1   -0.1
   -13.969   -73.482   -0.0   -0.1   -0.1
   -13.951   -73.482   -0.0   -0.1   -0.1
   -13.933   -73.482   -0.0   -0.1   -0.1
   -13.915   -73.482   -0.0   -0.1   -0.1
   -13.897   -73.482   -0.0   -0.1   -0.1
   -13.879   -73.482   -0.0   -0.1   -0.1
   -13.861   -73.482   -0.0   -0.1   -0.1
   -13.843   -73.482   -0.0   -0.1   -0.1
   -13.825   -73.482   -0.0   -0.1   -0.1
   -13.807   -73.482   -0.0   -0.1   -0.1
   -13.789   -73.482   -0.0   -0.1   -0.1
   -13.771   -73.482   -0.0   -0.1   -0.1
   -13.753   -73.482   -0.0   -0.1   -0.1
   -13.735   -73.482   -0.0   -0.1   -0.1
   -13.717   -73.482   -0.0   -0.1   -0.1
   -13.699   -73.482   -0.0   -0.1   -0.0
   -13.681   -73.482   -0.0   -0.1   -0.0
   -13.663   -73.482   -0.0   -0.1   -0.0
   -13.646   -73.482   -0.0   -0.1   -0.0
   -13.628   -73.482   -0.0   -0.1   -0.0
   -13.610   -73.482   -0.0   -0.1   -0.0
   -13.592   -73.482   -0.0   -0.1   -0.0
   -13.574   -73.482   -0.0   -0.1   -0.0
   -13.556   -73.482   -0.0   -0.1   -0.0
   -13.538   -73.482   -0.0   -0.1   -0.0
   -15.333   -73.464   -0.0    0.1   -0.2
   -15.315   -73.464   -0.0    0.1   -0.2
   -15.297   -73.464   -0.0    0.1   -0.2
   -15.279   -73.464   -0.0    0.1   -0.2
   -15.261   -73.464   -0.0    0.1   -0.2
   -15.243   -73.464   -0.0    0.1   -0.2
   -15.225   -73.464   -0.0    0.1   -0.2
   -15.207   -73.464   -0.0    0.1   -0.2
   -15.189   -73.464   -0.0    0.1   -0.3
   -15.171   -73.464   -0.0    0.1   -0.3
   -15.153   -73.464   -0.0    0.1   -0.3
   -15.135   -73.464   -0.0    0.1   -0.3
   -15.118   -73.464   -0.0    0.1   -0.3
   -15.100   -73.464   -0.0    0.1   -0.3
   -15.082   -73.464   -0.0    0.1   -0.3
   -15.064   -73.464   -0.0    0.1   -0.3
   -15.046   -73.464   -0.1    0.1   -0.3
   -15.028   -73.464   -0.1    0.1   -0.3
   -15.010   -73.464   -0.1    0.1   -0.3
   -14.992   -73.464   -0.1    0.1   -0.4
   -14.974   -73.464   -0.1    0.1   -0.4
   -14.956   -73.464   -0.1    0.1   -0.4
   -14.938   -73.464   -0.1    0.1   -0.4
   -14.920   -73.464   -0.1    0.1   -0.4
   -14.902   -73.464   -0.1    0.1   -0.4
   -14.884   -73.464   -0.1    0.1   -0.4
   -14.866   -73.464   -0.1    0.1   -0.4
   -14.848   -73.464   -0.1    0.1   -0.4
   -14.830   -73.464   -0.1    0.1   -0.4
   -14.812   -73.464   -0.1    0.1   -0.4
   -14.794   -73.464   -0.1    0.1   -0.4
   -14.776   -73.464   -0.1    0.0   -0.4
   -14.758   -73.464   -0.1    0.0   -0.4
   -14.741   -73.464   -0.1    0.0   -0.4
   -14.723   -73.464   -0.1    0.0   -0.4
   -14.705   -73.464   -0.1    0.0   -0.4
   -14.687   -73.464   -0.1    0.0   -0.4
   -14.669   -73.464   -0.1   -0.0   -0.4
   -14.651   -73.464   -0.1   -0.0   -0.4
   -14.633   -73.464   -0.1   -0.0   -0.4
   -14.615   -73.464   -0.1   -0.0   -0.4
   -14.597   -73.464   -0.1   -0.0   -0.4
   -14.579   -73.464   -0.1   -0.0   -0.4
   -14.561   -73.464   -0.1   -0.1   -0.4
   -14.543   -73.464   -0.1   -0.1   -0.4
   -14.525   -73.464   -0.1   -0.1   -0.4
   -14.507   -73.464   -0.1   -0.1   -0.4
   -14.489   -73.464   -0.1   -0.1   -0.4
   -14.471   -73.464   -0.1   -0.1   -0.4
   -14.453   -73.464   -0.1   -0.1   -0.4
   -14.435   -73.464   -0.1   -0.1   -0.4
   -14.417   -73.464   -0.1   -0.1   -0.3
   -14.399   -73.464   -0.1   -0.1   -0.3
   -14.382   -73.464   -0.1   -0.1   -0.3
   -14.364   -73.464   -0.1   -0.1   -0.3
   -14.346   -73.464   -0.1   -0.1   -0.3
   -14.328   -73.464   -0.1   -0.1   -0.3
   -14.310   -73.464   -0.1   -0.1   -0.3
   -14.292   -73.464   -0.0   -0.1   -0.3
   -14.274   -73.464   -0.0   -0.1   -0.3
   -14.256   -73.464   -0.0   -0.1   -0.3
   -14.238   -73.464   -0.0   -0.1   -0.2
   -14.220   -73.464   -0.0   -0.1   -0.2
   -14.202   -73.464   -0.0   -0.1   -0.2
   -14.184   -73.464   -0.0   -0.1   -0.2
   -14.166   -73.464   -0.0   -0.1   -0.2
   -14.148   -73.464   -0.0   -0.1   -0.2
   -14.130   -73.464   -0.0   -0.1   -0.2
   -14.112   -73.464   -0.0   -0.1   -0.2
   -14.094   -73.464   -0.0   -0.1   -0.2
   -14.076   -73.464   -0.0   -0.1   -0.2
   -14.058   -73.464   -0.0   -0.1   -0.2
   -14.040   -73.464   -0.0   -0.1   -0.1
   -14.022   -73.464   -0.0   -0.1   -0.1
   -14.005   -73.464   -0.0   -0.1   -0.1
   -13.987   -73.464   -0.0   -0.1   -0.1
   -13.969   -73.464   -0.0   -0.1   -0.1
   -13.951   -73.464   -0.0   -0.1   -0.1
   -13.933   -73.464   -0.0   -0.1   -0.1
   -13.915   -73.464   -0.0   -0.1   -0.1
   -13.897   -73.464   -0.0   -0.1   -0.1
   -13.879   -73.464   -0.0   -0.1   -0.1
   -13.861   -73.464   -0.0   -0.1   -0.1
   -13.843   -73.464   -0.0   -0.1   -0.1
   -13.825   -73.464   -0.0   -0.1   -0.1
   -13.807   -73.464   -0.0   -0.1   -0.1
   -13.789   -73.464   -0.0   -0.1   -0.1
   -13.771   -73.464   -0.0   -0.1   -0.1
   -13.753   -73.464   -0.0   -0.1   -0.1
   -13.735   -73.464   -0.0   -0.1   -0.1
   -13.717   -73.464   -0.0   -0.1   -0.1
   -13.699   -73.464   -0.0   -0.1   -0.0
   -13.681   -73.464   -0.0   -0.1   -0.0
   -13.663   -73.464   -0.0   -0.1   -0.0
   -13.646   -73.464   -0.0   -0.1   -0.0
   -13.628   -73.464   -0.0   -0.1   -0.0
   -13.610   -73.464   -0.0   -0.1   -0.0
   -13.592   -73.464   -0.0   -0.1   -0.0
   -13.574   -73.464   -0.0   -0.1   -0.0
   -13.556   -73.464   -0.0   -0.1   -0.0
   -13.538   -73.464   -0.0   -0.1   -0.0
   -15.333   -73.445   -0.0    0.1   -0.2
   -15.315   -73.445   -0.0    0.1   -0.2
   -15.297   -73.445   -0.0    0.1   -0.2
   -15.279   -73.445   -0.0    0.1   -0.2
   -15.261   -73.445   -0.0    0.1   -0.2
   -15.243   -73.445   -0.0    0.1   -0.2
   -15.225   -73.445   -0.0    0.1   -0.2
   -15.207   -73.445   -0.0    0.1   -0.2
   -15.189   -73.445   -0.0    0.1   -0.2
   -15.171   -73.445   -0.0    0.1   -0.3
   -15.153   -73.445   -0.0    0.1   -0.3
   -15.135   -73.445   -0.0    0.1   -0.3
   -15.118   -73.445   -0.0    0.1   -0.3
   -15.100   -73.445   -0.0    0.1   -0.3
   -15.082   -73.445   -0.1    0.1   -0.3
   -15.064   -73.445   -0.1    0.1   -0.3
   -15.046   -73.445   -0.1    0.1   -0.3
   -15.028   -73.445   -0.1    0.1   -0.3
   -15.010   -73.445   -0.1    0.1   -0.3
   -14.992   -73.445   -0.1    0.1   -0.3
   -14.974   -73.445   -0.1    0.1   -0.4
   -14.956   -73.445   -0.1    0.1   -0.4
   -14.938   -73.445   -0.1    0.1   -0.4
   -14.920   -73.445   -0.1    0.1   -0.4
   -14.902   -73.445   -0.1    0.1   -0.4
   -14.884   -73.445   -0.1    0.1   -0.4
   -14.866   -73.445   -0.1    0.1   -0.4
   -14.848   -73.445   -0.1    0.1   -0.4
   -14.830   -73.445   -0.1    0.1   -0.4
   -14.812   -73.445   -0.1    0.1   -0.4
   -14.794   -73.445   -0.1    0.1   -0.4
   -14.776   -73.445   -0.1    0.0   -0.4
   -14.758   -73.445   -0.1    0.0   -0.4
   -14.741   -73.445   -0.1    0.0   -0.4
   -14.723   -73.445   -0.1    0.0   -0.4
   -14.705   -73.445   -0.1    0.0   -0.4
   -14.687   -73.445   -0.1    0.0   -0.4
   -14.669   -73.445   -0.1   -0.0   -0.4
   -14.651   -73.445   -0.1   -0.0   -0.4
   -14.633   -73.445   -0.1   -0.0   -0.4
   -14.615   -73.445   -0.1   -0.0   -0.4
   -14.597   -73.445   -0.1   -0.0   -0.4
   -14.579   -73.445   -0.1   -0.0   -0.4
   -14.561   -73.445   -0.1   -0.1   -0.4
   -14.543   -73.445   -0.1   -0.1   -0.4
   -14.525   -73.445   -0.1   -0.1   -0.4
   -14.507   -73.445   -0.1   -0.1   -0.4
   -14.489   -73.445   -0.1   -0.1   -0.4
   -14.471   -73.445   -0.1   -0.1   -0.4
   -14.453   -73.445   -0.1   -0.1   -0.4
   -14.435   -73.445   -0.1   -0.1   -0.3
   -14.417   -73.445   -0.1   -0.1   -0.3
   -14.399   -73.445   -0.1   -0.1   -0.3
   -14.382   -73.445   -0.1   -0.1   -0.3
   -14.364   -73.445   -0.1   -0.1   -0.3
   -14.346   -73.445   -0.1   -0.1   -0.3
   -14.328   -73.445   -0.1   -0.1   -0.3
   -14.310   -73.445   -0.1   -0.1   -0.3
   -14.292   -73.445   -0.1   -0.1   -0.3
   -14.274   -73.445   -0.0   -0.1   -0.3
   -14.256   -73.445   -0.0   -0.1   -0.2
   -14.238   -73.445   -0.0   -0.1   -0.2
   -14.220   -73.445   -0.0   -0.1   -0.2
   -14.202   -73.445   -0.0   -0.1   -0.2
   -14.184   -73.445   -0.0   -0.1   -0.2
   -14.166   -73.445   -0.0   -0.1   -0.2
   -14.148   -73.445   -0.0   -0.1   -0.2
   -14.130   -73.445   -0.0   -0.1   -0.2
   -14.112   -73.445   -0.0   -0.1   -0.2
   -14.094   -73.445   -0.0   -0.1   -0.2
   -14.076   -73.445   -0.0   -0.1   -0.2
   -14.058   -73.445   -0.0   -0.1   -0.1
   -14.040   -73.445   -0.0   -0.1   -0.1
   -14.022   -73.445   -0.0   -0.1   -0.1
   -14.005   -73.445   -0.0   -0.1   -0.1
   -13.987   -73.445   -0.0   -0.1   -0.1
   -13.969   -73.445   -0.0   -0.1   -0.1
   -13.951   -73.445   -0.0   -0.1   -0.1
   -13.933   -73.445   -0.0   -0.1   -0.1
   -13.915   -73.445   -0.0   -0.1   -0.1
   -13.897   -73.445   -0.0   -0.1   -0.1
   -13.879   -73.445   -0.0   -0.1   -0.1
   -13.861   -73.445   -0.0   -0.1   -0.1
   -13.843   -73.445   -0.0   -0.1   -0.1
   -13.825   -73.445   -0.0   -0.1   -0.1
   -13.807   -73.445   -0.0   -0.1   -0.1
   -13.789   -73.445   -0.0   -0.1   -0.1
   -13.771   -73.445   -0.0   -0.1   -0.1
   -13.753   -73.445   -0.0   -0.1   -0.1
   -13.735   -73.445   -0.0   -0.1   -0.1
   -13.717   -73.445   -0.0   -0.1   -0.0
   -13.699   -73.445   -0.0   -0.1   -0.0
   -13.681   -73.445   -0.0   -0.1   -0.0
   -13.663   -73.445   -0.0   -0.1   -0.0
   -13.646   -73.445   -0.0   -0.1   -0.0
   -13.628   -73.445   -0.0   -0.1   -0.0
   -13.610   -73.445   -0.0   -0.1   -0.0
   -13.592   -73.445   -0.0   -0.1   -0.0
   -13.574   -73.445   -0.0   -0.1   -0.0
   -13.556   -73.445   -0.0   -0.1   -0.0
   -13.538   -73.445   -0.0   -0.1   -0.0
   -15.333   -73.427   -0.0    0.1   -0.2
   -15.315   -73.427   -0.0    0.1   -0.2
   -15.297   -73.427   -0.0    0.1   -0.2
   -15.279   -73.427   -0.0    0.1   -0.2
   -15.261   -73.427   -0.0    0.1   -0.2
   -15.243   -73.427   -0.0    0.1   -0.2
   -15.225   -73.427   -0.0    0.1   -0.2
   -15.207   -73.427   -0.0    0.1   -0.2
   -15.189   -73.427   -0.0    0.1   -0.2
   -15.171   -73.427   -0.0    0.1   -0.2
   -15.153   -73.427   -0.0    0.1   -0.3
   -15.135   -73.427   -0.0    0.1   -0.3
   -15.118   -73.427   -0.0    0.1   -0.3
   -15.100   -73.427   -0.1    0.1   -0.3
   -15.082   -73.427   -0.1    0.1   -0.3
   -15.064   -73.427   -0.1    0.1   -0.3
   -15.046   -73.427   -0.1    0.1   -0.3
   -15.028   -73.427   -0.1    0.1   -0.3
   -15.010   -73.427   -0.1    0.1   -0.3
   -14.992   -73.427   -0.1    0.1   -0.3
   -14.974   -73.427   -0.1    0.1   -0.3
   -14.956   -73.427   -0.1    0.1   -0.3
   -14.938   -73.427   -0.1    0.1   -0.4
   -14.920   -73.427   -0.1    0.1   -0.4
   -14.902   -73.427   -0.1    0.1   -0.4
   -14.884   -73.427   -0.1    0.1   -0.4
   -14.866   -73.427   -0.1    0.1   -0.4
   -14.848   -73.427   -0.1    0.1   -0.4
   -14.830   -73.427   -0.1    0.1   -0.4
   -14.812   -73.427   -0.1    0.1   -0.4
   -14.794   -73.427   -0.1    0.0   -0.4
   -14.776   -73.427   -0.1    0.0   -0.4
   -14.758   -73.427   -0.1    0.0   -0.4
   -14.741   -73.427   -0.1    0.0   -0.4
   -14.723   -73.427   -0.1    0.0   -0.4
   -14.705   -73.427   -0.1    0.0   -0.4
   -14.687   -73.427   -0.1    0.0   -0.4
   -14.669   -73.427   -0.1   -0.0   -0.4
   -14.651   -73.427   -0.1   -0.0   -0.4
   -14.633   -73.427   -0.1   -0.0   -0.4
   -14.615   -73.427   -0.1   -0.0   -0.4
   -14.597   -73.427   -0.1   -0.0   -0.4
   -14.579   -73.427   -0.1   -0.0   -0.4
   -14.561   -73.427   -0.1   -0.1   -0.4
   -14.543   -73.427   -0.1   -0.1   -0.4
   -14.525   -73.427   -0.1   -0.1   -0.4
   -14.507   -73.427   -0.1   -0.1   -0.4
   -14.489   -73.427   -0.1   -0.1   -0.4
   -14.471   -73.427   -0.1   -0.1   -0.3
   -14.453   -73.427   -0.1   -0.1   -0.3
   -14.435   -73.427   -0.1   -0.1   -0.3
   -14.417   -73.427   -0.1   -0.1   -0.3
   -14.399   -73.427   -0.1   -0.1   -0.3
   -14.382   -73.427   -0.1   -0.1   -0.3
   -14.364   -73.427   -0.1   -0.1   -0.3
   -14.346   -73.427   -0.1   -0.1   -0.3
   -14.328   -73.427   -0.1   -0.1   -0.3
   -14.310   -73.427   -0.1   -0.1   -0.3
   -14.292   -73.427   -0.1   -0.1   -0.3
   -14.274   -73.427   -0.1   -0.1   -0.2
   -14.256   -73.427   -0.0   -0.1   -0.2
   -14.238   -73.427   -0.0   -0.1   -0.2
   -14.220   -73.427   -0.0   -0.1   -0.2
   -14.202   -73.427   -0.0   -0.1   -0.2
   -14.184   -73.427   -0.0   -0.1   -0.2
   -14.166   -73.427   -0.0   -0.1   -0.2
   -14.148   -73.427   -0.0   -0.1   -0.2
   -14.130   -73.427   -0.0   -0.1   -0.2
   -14.112   -73.427   -0.0   -0.1   -0.2
   -14.094   -73.427   -0.0   -0.1   -0.2
   -14.076   -73.427   -0.0   -0.1   -0.1
   -14.058   -73.427   -0.0   -0.1   -0.1
   -14.040   -73.427   -0.0   -0.1   -0.1
   -14.022   -73.427   -0.0   -0.1   -0.1
   -14.005   -73.427   -0.0   -0.1   -0.1
   -13.987   -73.427   -0.0   -0.1   -0.1
   -13.969   -73.427   -0.0   -0.1   -0.1
   -13.951   -73.427   -0.0   -0.1   -0.1
   -13.933   -73.427   -0.0   -0.1   -0.1
   -13.915   -73.427   -0.0   -0.1   -0.1
   -13.897   -73.427   -0.0   -0.1   -0.1
   -13.879   -73.427   -0.0   -0.1   -0.1
   -13.861   -73.427   -0.0   -0.1   -0.1
   -13.843   -73.427   -0.0   -0.1   -0.1
   -13.825   -73.427   -0.0   -0.1   -0.1
   -13.807   -73.427   -0.0   -0.1   -0.1
   -13.789   -73.427   -0.0   -0.1   -0.1
   -13.771   -73.427   -0.0   -0.1   -0.1
   -13.753   -73.427   -0.0   -0.1   -0.1
   -13.735   -73.427   -0.0   -0.1   -0.1
   -13.717   -73.427   -0.0   -0.1   -0.0
   -13.699   -73.427   -0.0   -0.1   -0.0
   -13.681   -73.427   -0.0   -0.1   -0.0
   -13.663   -73.427   -0.0   -0.1   -0.0
   -13.646   -73.427   -0.0   -0.1   -0.0
   -13.628   -73.427   -0.0   -0.1   -0.0
   -13.610   -73.427   -0.0   -0.1   -0.0
   -13.592   -73.427   -0.0   -0.1   -0.0
   -13.574   -73.427   -0.0   -0.1   -0.0
   -13.556   -73.427   -0.0   -0.1   -0.0
   -13.538   -73.427   -0.0   -0.0   -0.0
   -15.333   -73.408   -0.0    0.1   -0.2
   -15.315   -73.408   -0.0    0.1   -0.2
   -15.297   -73.408   -0.0    0.1   -0.2
   -15.279   -73.408   -0.0    0.1   -0.2
   -15.261   -73.408   -0.0    0.1   -0.2
   -15.243   -73.408   -0.0    0.1   -0.2
   -15.225   -73.408   -0.0    0.1   -0.2
   -15.207   -73.408   -0.0    0.1   -0.2
   -15.189   -73.408   -0.0    0.1   -0.2
   -15.171   -73.408   -0.0    0.1   -0.2
   -15.153   -73.408   -0.0    0.1   -0.2
   -15.135   -73.408   -0.0    0.1   -0.3
   -15.118   -73.408   -0.1    0.1   -0.3
   -15.100   -73.408   -0.1    0.1   -0.3
   -15.082   -73.408   -0.1    0.1   -0.3
   -15.064   -73.408   -0.1    0.1   -0.3
   -15.046   -73.408   -0.1    0.1   -0.3
   -15.028   -73.408   -0.1    0.1   -0.3
   -15.010   -73.408   -0.1    0.1   -0.3
   -14.992   -73.408   -0.1    0.1   -0.3
   -14.974   -73.408   -0.1    0.1   -0.3
   -14.956   -73.408   -0.1    0.1   -0.3
   -14.938   -73.408   -0.1    0.1   -0.3
   -14.920   -73.408   -0.1    0.1   -0.3
   -14.902   -73.408   -0.1    0.1   -0.4
   -14.884   -73.408   -0.1    0.1   -0.4
   -14.866   -73.408   -0.1    0.1   -0.4
   -14.848   -73.408   -0.1    0.1   -0.4
   -14.830   -73.408   -0.1    0.1   -0.4
   -14.812   -73.408   -0.1    0.1   -0.4
   -14.794   -73.408   -0.1    0.0   -0.4
   -14.776   -73.408   -0.1    0.0   -0.4
   -14.758   -73.408   -0.1    0.0   -0.4
   -14.741   -73.408   -0.1    0.0   -0.4
   -14.723   -73.408   -0.1    0.0   -0.4
   -14.705   -73.408   -0.1    0.0   -0.4
   -14.687   -73.408   -0.1    0.0   -0.4
   -14.669   -73.408   -0.1   -0.0   -0.4
   -14.651   -73.408   -0.1   -0.0   -0.4
   -14.633   -73.408   -0.1   -0.0   -0.4
   -14.615   -73.408   -0.1   -0.0   -0.4
   -14.597   -73.408   -0.1   -0.0   -0.4
   -14.579   -73.408   -0.1   -0.0   -0.4
   -14.561   -73.408   -0.1   -0.1   -0.4
   -14.543   -73.408   -0.1   -0.1   -0.4
   -14.525   -73.408   -0.1   -0.1   -0.4
   -14.507   -73.408   -0.1   -0.1   -0.3
   -14.489   -73.408   -0.1   -0.1   -0.3
   -14.471   -73.408   -0.1   -0.1   -0.3
   -14.453   -73.408   -0.1   -0.1   -0.3
   -14.435   -73.408   -0.1   -0.1   -0.3
   -14.417   -73.408   -0.1   -0.1   -0.3
   -14.399   -73.408   -0.1   -0.1   -0.3
   -14.382   -73.408   -0.1   -0.1   -0.3
   -14.364   -73.408   -0.1   -0.1   -0.3
   -14.346   -73.408   -0.1   -0.1   -0.3
   -14.328   -73.408   -0.1   -0.1   -0.3
   -14.310   -73.408   -0.1   -0.1   -0.3
   -14.292   -73.408   -0.1   -0.1   -0.2
   -14.274   -73.408   -0.1   -0.1   -0.2
   -14.256   -73.408   -0.1   -0.1   -0.2
   -14.238   -73.408   -0.0   -0.1   -0.2
   -14.220   -73.408   -0.0   -0.1   -0.2
   -14.202   -73.408   -0.0   -0.1   -0.2
   -14.184   -73.408   -0.0   -0.1   -0.2
   -14.166   -73.408   -0.0   -0.1   -0.2
   -14.148   -73.408   -0.0   -0.1   -0.2
   -14.130   -73.408   -0.0   -0.1   -0.2
   -14.112   -73.408   -0.0   -0.1   -0.2
   -14.094   -73.408   -0.0   -0.1   -0.1
   -14.076   -73.408   -0.0   -0.1   -0.1
   -14.058   -73.408   -0.0   -0.1   -0.1
   -14.040   -73.408   -0.0   -0.1   -0.1
   -14.022   -73.408   -0.0   -0.1   -0.1
   -14.005   -73.408   -0.0   -0.1   -0.1
   -13.987   -73.408   -0.0   -0.1   -0.1
   -13.969   -73.408   -0.0   -0.1   -0.1
   -13.951   -73.408   -0.0   -0.1   -0.1
   -13.933   -73.408   -0.0   -0.1   -0.1
   -13.915   -73.408   -0.0   -0.1   -0.1
   -13.897   -73.408   -0.0   -0.1   -0.1
   -13.879   -73.408   -0.0   -0.1   -0.1
   -13.861   -73.408   -0.0   -0.1   -0.1
   -13.843   -73.408   -0.0   -0.1   -0.1
   -13.825   -73.408   -0.0   -0.1   -0.1
   -13.807   -73.408   -0.0   -0.1   -0.1
   -13.789   -73.408   -0.0   -0.1   -0.1
   -13.771   -73.408   -0.0   -0.1   -0.1
   -13.753   -73.408   -0.0   -0.1   -0.1
   -13.735   -73.408   -0.0   -0.1   -0.0
   -13.717   -73.408   -0.0   -0.1   -0.0
   -13.699   -73.408   -0.0   -0.1   -0.0
   -13.681   -73.408   -0.0   -0.1   -0.0
   -13.663   -73.408   -0.0   -0.1   -0.0
   -13.646   -73.408   -0.0   -0.1   -0.0
   -13.628   -73.408   -0.0   -0.1   -0.0
   -13.610   -73.408   -0.0   -0.1   -0.0
   -13.592   -73.408   -0.0   -0.1   -0.0
   -13.574   -73.408   -0.0   -0.1   -0.0
   -13.556   -73.408   -0.0   -0.1   -0.0
   -13.538   -73.408   -0.0   -0.0   -0.0
   -15.333   -73.389   -0.0    0.1   -0.2
   -15.315   -73.389   -0.0    0.1   -0.2
   -15.297   -73.389   -0.0    0.1   -0.2
   -15.279   -73.389   -0.0    0.1   -0.2
   -15.261   -73.389   -0.0    0.1   -0.2
   -15.243   -73.389   -0.0    0.1   -0.2
   -15.225   -73.389   -0.0    0.1   -0.2
   -15.207   -73.389   -0.0    0.1   -0.2
   -15.189   -73.389   -0.0    0.1   -0.2
   -15.171   -73.389   -0.0    0.1   -0.2
   -15.153   -73.389   -0.0    0.1   -0.2
   -15.135   -73.389   -0.1    0.1   -0.2
   -15.118   -73.389   -0.1    0.1   -0.3
   -15.100   -73.389   -0.1    0.1   -0.3
   -15.082   -73.389   -0.1    0.1   -0.3
   -15.064   -73.389   -0.1    0.1   -0.3
   -15.046   -73.389   -0.1    0.1   -0.3
   -15.028   -73.389   -0.1    0.1   -0.3
   -15.010   -73.389   -0.1    0.1   -0.3
   -14.992   -73.389   -0.1    0.1   -0.3
   -14.974   -73.389   -0.1    0.1   -0.3
   -14.956   -73.389   -0.1    0.1   -0.3
   -14.938   -73.389   -0.1    0.1   -0.3
   -14.920   -73.389   -0.1    0.1   -0.3
   -14.902   -73.389   -0.1    0.1   -0.3
   -14.884   -73.389   -0.1    0.1   -0.3
   -14.866   -73.389   -0.1    0.1   -0.4
   -14.848   -73.389   -0.1    0.1   -0.4
   -14.830   -73.389   -0.1    0.1   -0.4
   -14.812   -73.389   -0.1    0.1   -0.4
   -14.794   -73.389   -0.1    0.0   -0.4
   -14.776   -73.389   -0.1    0.0   -0.4
   -14.758   -73.389   -0.1    0.0   -0.4
   -14.741   -73.389   -0.1    0.0   -0.4
   -14.723   -73.389   -0.1    0.0   -0.4
   -14.705   -73.389   -0.1    0.0   -0.4
   -14.687   -73.389   -0.1    0.0   -0.4
   -14.669   -73.389   -0.1   -0.0   -0.4
   -14.651   -73.389   -0.1   -0.0   -0.4
   -14.633   -73.389   -0.1   -0.0   -0.4
   -14.615   -73.389   -0.1   -0.0   -0.4
   -14.597   -73.389   -0.1   -0.0   -0.4
   -14.579   -73.389   -0.1   -0.0   -0.4
   -14.561   -73.389   -0.1   -0.0   -0.3
   -14.543   -73.389   -0.1   -0.1   -0.3
   -14.525   -73.389   -0.1   -0.1   -0.3
   -14.507   -73.389   -0.1   -0.1   -0.3
   -14.489   -73.389   -0.1   -0.1   -0.3
   -14.471   -73.389   -0.1   -0.1   -0.3
   -14.453   -73.389   -0.1   -0.1   -0.3
   -14.435   -73.389   -0.1   -0.1   -0.3
   -14.417   -73.389   -0.1   -0.1   -0.3
   -14.399   -73.389   -0.1   -0.1   -0.3
   -14.382   -73.389   -0.1   -0.1   -0.3
   -14.364   -73.389   -0.1   -0.1   -0.3
   -14.346   -73.389   -0.1   -0.1   -0.3
   -14.328   -73.389   -0.1   -0.1   -0.2
   -14.310   -73.389   -0.1   -0.1   -0.2
   -14.292   -73.389   -0.1   -0.1   -0.2
   -14.274   -73.389   -0.1   -0.1   -0.2
   -14.256   -73.389   -0.1   -0.1   -0.2
   -14.238   -73.389   -0.0   -0.1   -0.2
   -14.220   -73.389   -0.0   -0.1   -0.2
   -14.202   -73.389   -0.0   -0.1   -0.2
   -14.184   -73.389   -0.0   -0.1   -0.2
   -14.166   -73.389   -0.0   -0.1   -0.2
   -14.148   -73.389   -0.0   -0.1   -0.2
   -14.130   -73.389   -0.0   -0.1   -0.2
   -14.112   -73.389   -0.0   -0.1   -0.1
   -14.094   -73.389   -0.0   -0.1   -0.1
   -14.076   -73.389   -0.0   -0.1   -0.1
   -14.058   -73.389   -0.0   -0.1   -0.1
   -14.040   -73.389   -0.0   -0.1   -0.1
   -14.022   -73.389   -0.0   -0.1   -0.1
   -14.005   -73.389   -0.0   -0.1   -0.1
   -13.987   -73.389   -0.0   -0.1   -0.1
   -13.969   -73.389   -0.0   -0.1   -0.1
   -13.951   -73.389   -0.0   -0.1   -0.1
   -13.933   -73.389   -0.0   -0.1   -0.1
   -13.915   -73.389   -0.0   -0.1   -0.1
   -13.897   -73.389   -0.0   -0.1   -0.1
   -13.879   -73.389   -0.0   -0.1   -0.1
   -13.861   -73.389   -0.0   -0.1   -0.1
   -13.843   -73.389   -0.0   -0.1   -0.1
   -13.825   -73.389   -0.0   -0.1   -0.1
   -13.807   -73.389   -0.0   -0.1   -0.1
   -13.789   -73.389   -0.0   -0.1   -0.1
   -13.771   -73.389   -0.0   -0.1   -0.1
   -13.753   -73.389   -0.0   -0.1   -0.0
   -13.735   -73.389   -0.0   -0.1   -0.0
   -13.717   -73.389   -0.0   -0.1   -0.0
   -13.699   -73.389   -0.0   -0.1   -0.0
   -13.681   -73.389   -0.0   -0.1   -0.0
   -13.663   -73.389   -0.0   -0.1   -0.0
   -13.646   -73.389   -0.0   -0.1   -0.0
   -13.628   -73.389   -0.0   -0.1   -0.0
   -13.610   -73.389   -0.0   -0.1   -0.0
   -13.592   -73.389   -0.0   -0.1   -0.0
   -13.574   -73.389   -0.0   -0.1   -0.0
   -13.556   -73.389   -0.0   -0.0   -0.0
   -13.538   -73.389   -0.0   -0.0   -0.0
   -15.333   -73.371   -0.0    0.1   -0.2
   -15.315   -73.371   -0.0    0.1   -0.2
   -15.297   -73.371   -0.0    0.1   -0.2
   -15.279   -73.371   -0.0    0.1   -0.2
   -15.261   -73.371   -0.0    0.1   -0.2
   -15.243   -73.371   -0.0    0.1   -0.2
   -15.225   -73.371   -0.0    0.1   -0.2
   -15.207   -73.371   -0.0    0.1   -0.2
   -15.189   -73.371   -0.0    0.1   -0.2
   -15.171   -73.371   -0.0    0.1   -0.2
   -15.153   -73.371   -0.0    0.1   -0.2
   -15.135   -73.371   -0.1    0.1   -0.2
   -15.118   -73.371   -0.1    0.1   -0.2
   -15.100   -73.371   -0.1    0.1   -0.3
   -15.082   -73.371   -0.1    0.1   -0.3
   -15.064   -73.371   -0.1    0.1   -0.3
   -15.046   -73.371   -0.1    0.1   -0.3
   -15.028   -73.371   -0.1    0.1   -0.3
   -15.010   -73.371   -0.1    0.1   -0.3
   -14.992   -73.371   -0.1    0.1   -0.3
   -14.974   -73.371   -0.1    0.1   -0.3
   -14.956   -73.371   -0.1    0.1   -0.3
   -14.938   -73.371   -0.1    0.1   -0.3
   -14.920   -73.371   -0.1    0.1   -0.3
   -14.902   -73.371   -0.1    0.1   -0.3
   -14.884   -73.371   -0.1    0.1   -0.3
   -14.866   -73.371   -0.1    0.1   -0.3
   -14.848   -73.371   -0.1    0.1   -0.3
   -14.830   -73.371   -0.1    0.1   -0.3
   -14.812   -73.371   -0.1    0.0   -0.3
   -14.794   -73.371   -0.1    0.0   -0.4
   -14.776   -73.371   -0.1    0.0   -0.4
   -14.758   -73.371   -0.1    0.0   -0.4
   -14.741   -73.371   -0.1    0.0   -0.4
   -14.723   -73.371   -0.1    0.0   -0.4
   -14.705   -73.371   -0.1    0.0   -0.4
   -14.687   -73.371   -0.1    0.0   -0.4
   -14.669   -73.371   -0.1   -0.0   -0.4
   -14.651   -73.371   -0.1   -0.0   -0.4
   -14.633   -73.371   -0.1   -0.0   -0.3
   -14.615   -73.371   -0.1   -0.0   -0.3
   -14.597   -73.371   -0.1   -0.0   -0.3
   -14.579   -73.371   -0.1   -0.0   -0.3
   -14.561   -73.371   -0.1   -0.0   -0.3
   -14.543   -73.371   -0.1   -0.1   -0.3
   -14.525   -73.371   -0.1   -0.1   -0.3
   -14.507   -73.371   -0.1   -0.1   -0.3
   -14.489   -73.371   -0.1   -0.1   -0.3
   -14.471   -73.371   -0.1   -0.1   -0.3
   -14.453   -73.371   -0.1   -0.1   -0.3
   -14.435   -73.371   -0.1   -0.1   -0.3
   -14.417   -73.371   -0.1   -0.1   -0.3
   -14.399   -73.371   -0.1   -0.1   -0.3
   -14.382   -73.371   -0.1   -0.1   -0.3
   -14.364   -73.371   -0.1   -0.1   -0.3
   -14.346   -73.371   -0.1   -0.1   -0.2
   -14.328   -73.371   -0.1   -0.1   -0.2
   -14.310   -73.371   -0.1   -0.1   -0.2
   -14.292   -73.371   -0.1   -0.1   -0.2
   -14.274   -73.371   -0.1   -0.1   -0.2
   -14.256   -73.371   -0.1   -0.1   -0.2
   -14.238   -73.371   -0.0   -0.1   -0.2
   -14.220   -73.371   -0.0   -0.1   -0.2
   -14.202   -73.371   -0.0   -0.1   -0.2
   -14.184   -73.371   -0.0   -0.1   -0.2
   -14.166   -73.371   -0.0   -0.1   -0.2
   -14.148   -73.371   -0.0   -0.1   -0.2
   -14.130   -73.371   -0.0   -0.1   -0.2
   -14.112   -73.371   -0.0   -0.1   -0.1
   -14.094   -73.371   -0.0   -0.1   -0.1
   -14.076   -73.371   -0.0   -0.1   -0.1
   -14.058   -73.371   -0.0   -0.1   -0.1
   -14.040   -73.371   -0.0   -0.1   -0.1
   -14.022   -73.371   -0.0   -0.1   -0.1
   -14.005   -73.371   -0.0   -0.1   -0.1
   -13.987   -73.371   -0.0   -0.1   -0.1
   -13.969   -73.371   -0.0   -0.1   -0.1
   -13.951   -73.371   -0.0   -0.1   -0.1
   -13.933   -73.371   -0.0   -0.1   -0.1
   -13.915   -73.371   -0.0   -0.1   -0.1
   -13.897   -73.371   -0.0   -0.1   -0.1
   -13.879   -73.371   -0.0   -0.1   -0.1
   -13.861   -73.371   -0.0   -0.1   -0.1
   -13.843   -73.371   -0.0   -0.1   -0.1
   -13.825   -73.371   -0.0   -0.1   -0.1
   -13.807   -73.371   -0.0   -0.1   -0.1
   -13.789   -73.371   -0.0   -0.1   -0.1
   -13.771   -73.371   -0.0   -0.1   -0.1
   -13.753   -73.371   -0.0   -0.1   -0.0
   -13.735   -73.371   -0.0   -0.1   -0.0
   -13.717   -73.371   -0.0   -0.1   -0.0
   -13.699   -73.371   -0.0   -0.1   -0.0
   -13.681   -73.371   -0.0   -0.1   -0.0
   -13.663   -73.371   -0.0   -0.1   -0.0
   -13.646   -73.371   -0.0   -0.1   -0.0
   -13.628   -73.371   -0.0   -0.1   -0.0
   -13.610   -73.371   -0.0   -0.1   -0.0
   -13.592   -73.371   -0.0   -0.1   -0.0
   -13.574   -73.371   -0.0   -0.0   -0.0
   -13.556   -73.371   -0.0   -0.0   -0.0
   -13.538   -73.371   -0.0   -0.0   -0.0
   -15.333   -73.352   -0.0    0.1   -0.2
   -15.315   -73.352   -0.0    0.1   -0.2
   -15.297   -73.352   -0.0    0.1   -0.2
   -15.279   -73.352   -0.0    0.1   -0.2
   -15.261   -73.352   -0.0    0.1   -0.2
   -15.243   -73.352   -0.0    0.1   -0.2
   -15.225   -73.352   -0.0    0.1   -0.2
   -15.207   -73.352   -0.0    0.1   -0.2
   -15.189   -73.352   -0.0    0.1   -0.2
   -15.171   -73.352   -0.0    0.1   -0.2
   -15.153   -73.352   -0.1    0.1   -0.2
   -15.135   -73.352   -0.1    0.1   -0.2
   -15.118   -73.352   -0.1    0.1   -0.2
   -15.100   -73.352   -0.1    0.1   -0.2
   -15.082   -73.352   -0.1    0.1   -0.2
   -15.064   -73.352   -0.1    0.1   -0.3
   -15.046   -73.352   -0.1    0.1   -0.3
   -15.028   -73.352   -0.1    0.1   -0.3
   -15.010   -73.352   -0.1    0.1   -0.3
   -14.992   -73.352   -0.1    0.1   -0.3
   -14.974   -73.352   -0.1    0.1   -0.3
   -14.956   -73.352   -0.1    0.1   -0.3
   -14.938   -73.352   -0.1    0.1   -0.3
   -14.920   -73.352   -0.1    0.1   -0.3
   -14.902   -73.352   -0.1    0.1   -0.3
   -14.884   -73.352   -0.1    0.1   -0.3
   -14.866   -73.352   -0.1    0.1   -0.3
   -14.848   -73.352   -0.1    0.1   -0.3
   -14.830   -73.352   -0.1    0.1   -0.3
   -14.812   -73.352   -0.1    0.0   -0.3
   -14.794   -73.352   -0.1    0.0   -0.3
   -14.776   -73.352   -0.1    0.0   -0.3
   -14.758   -73.352   -0.1    0.0   -0.3
   -14.741   -73.352   -0.1    0.0   -0.3
   -14.723   -73.352   -0.1    0.0   -0.3
   -14.705   -73.352   -0.1    0.0   -0.3
   -14.687   -73.352   -0.1    0.0   -0.3
   -14.669   -73.352   -0.1   -0.0   -0.3
   -14.651   -73.352   -0.1   -0.0   -0.3
   -14.633   -73.352   -0.1   -0.0   -0.3
   -14.615   -73.352   -0.1   -0.0   -0.3
   -14.597   -73.352   -0.1   -0.0   -0.3
   -14.579   -73.352   -0.1   -0.0   -0.3
   -14.561   -73.352   -0.1   -0.0   -0.3
   -14.543   -73.352   -0.1   -0.1   -0.3
   -14.525   -73.352   -0.1   -0.1   -0.3
   -14.507   -73.352   -0.1   -0.1   -0.3
   -14.489   -73.352   -0.1   -0.1   -0.3
   -14.471   -73.352   -0.1   -0.1   -0.3
   -14.453   -73.352   -0.1   -0.1   -0.3
   -14.435   -73.352   -0.1   -0.1   -0.3
   -14.417   -73.352   -0.1   -0.1   -0.3
   -14.399   -73.352   -0.1   -0.1   -0.3
   -14.382   -73.352   -0.1   -0.1   -0.3
   -14.364   -73.352   -0.1   -0.1   -0.2
   -14.346   -73.352   -0.1   -0.1   -0.2
   -14.328   -73.352   -0.1   -0.1   -0.2
   -14.310   -73.352   -0.1   -0.1   -0.2
   -14.292   -73.352   -0.1   -0.1   -0.2
   -14.274   -73.352   -0.1   -0.1   -0.2
   -14.256   -73.352   -0.1   -0.1   -0.2
   -14.238   -73.352   -0.1   -0.1   -0.2
   -14.220   -73.352   -0.0   -0.1   -0.2
   -14.202   -73.352   -0.0   -0.1   -0.2
   -14.184   -73.352   -0.0   -0.1   -0.2
   -14.166   -73.352   -0.0   -0.1   -0.2
   -14.148   -73.352   -0.0   -0.1   -0.2
   -14.130   -73.352   -0.0   -0.1   -0.1
   -14.112   -73.352   -0.0   -0.1   -0.1
   -14.094   -73.352   -0.0   -0.1   -0.1
   -14.076   -73.352   -0.0   -0.1   -0.1
   -14.058   -73.352   -0.0   -0.1   -0.1
   -14.040   -73.352   -0.0   -0.1   -0.1
   -14.022   -73.352   -0.0   -0.1   -0.1
   -14.005   -73.352   -0.0   -0.1   -0.1
   -13.987   -73.352   -0.0   -0.1   -0.1
   -13.969   -73.352   -0.0   -0.1   -0.1
   -13.951   -73.352   -0.0   -0.1   -0.1
   -13.933   -73.352   -0.0   -0.1   -0.1
   -13.915   -73.352   -0.0   -0.1   -0.1
   -13.897   -73.352   -0.0   -0.1   -0.1
   -13.879   -73.352   -0.0   -0.1   -0.1
   -13.861   -73.352   -0.0   -0.1   -0.1
   -13.843   -73.352   -0.0   -0.1   -0.1
   -13.825   -73.352   -0.0   -0.1   -0.1
   -13.807   -73.352   -0.0   -0.1   -0.1
   -13.789   -73.352   -0.0   -0.1   -0.1
   -13.771   -73.352   -0.0   -0.1   -0.0
   -13.753   -73.352   -0.0   -0.1   -0.0
   -13.735   -73.352   -0.0   -0.1   -0.0
   -13.717   -73.352   -0.0   -0.1   -0.0
   -13.699   -73.352   -0.0   -0.1   -0.0
   -13.681   -73.352   -0.0   -0.1   -0.0
   -13.663   -73.352   -0.0   -0.1   -0.0
   -13.646   -73.352   -0.0   -0.1   -0.0
   -13.628   -73.352   -0.0   -0.1   -0.0
   -13.610   -73.352   -0.0   -0.1   -0.0
   -13.592   -73.352   -0.0   -0.0   -0.0
   -13.574   -73.352   -0.0   -0.0   -0.0
   -13.556   -73.352   -0.0   -0.0   -0.0
   -13.538   -73.352   -0.0   -0.0   -0.0
   -15.333   -73.334   -0.0    0.1   -0.1
   -15.315   -73.334   -0.0    0.1   -0.2
   -15.297   -73.334   -0.0    0.1   -0.2
   -15.279   -73.334   -0.0    0.1   -0.2
   -15.261   -73.334   -0.0    0.1   -0.2
   -15.243   -73.334   -0.0    0.1   -0.2
   -15.225   -73.334   -0.0    0.1   -0.2
   -15.207   -73.334   -0.0    0.1   -0.2
   -15.189   -73.334   -0.0    0.1   -0.2
   -15.171   -73.334   -0.0    0.1   -0.2
   -15.153   -73.334   -0.1    0.1   -0.2
   -15.135   -73.334   -0.1    0.1   -0.2
   -15.118   -73.334   -0.1    0.1   -0.2
   -15.100   -73.334   -0.1    0.1   -0.2
   -15.082   -73.334   -0.1    0.1   -0.2
   -15.064   -73.334   -0.1    0.1   -0.2
   -15.046   -73.334   -0.1    0.1   -0.3
   -15.028   -73.334   -0.1    0.1   -0.3
   -15.010   -73.334   -0.1    0.1   -0.3
   -14.992   -73.334   -0.1    0.1   -0.3
   -14.974   -73.334   -0.1    0.1   -0.3
   -14.956   -73.334   -0.1    0.1   -0.3
   -14.938   -73.334   -0.1    0.1   -0.3
   -14.920   -73.334   -0.1    0.1   -0.3
   -14.902   -73.334   -0.1    0.1   -0.3
   -14.884   -73.334   -0.1    0.1   -0.3
   -14.866   -73.334   -0.1    0.1   -0.3
   -14.848   -73.334   -0.1    0.1   -0.3
   -14.830   -73.334   -0.1    0.0   -0.3
   -14.812   -73.334   -0.1    0.0   -0.3
   -14.794   -73.334   -0.1    0.0   -0.3
   -14.776   -73.334   -0.1    0.0   -0.3
   -14.758   -73.334   -0.1    0.0   -0.3
   -14.741   -73.334   -0.1    0.0   -0.3
   -14.723   -73.334   -0.1    0.0   -0.3
   -14.705   -73.334   -0.1    0.0   -0.3
   -14.687   -73.334   -0.1   -0.0   -0.3
   -14.669   -73.334   -0.1   -0.0   -0.3
   -14.651   -73.334   -0.1   -0.0   -0.3
   -14.633   -73.334   -0.1   -0.0   -0.3
   -14.615   -73.334   -0.1   -0.0   -0.3
   -14.597   -73.334   -0.1   -0.0   -0.3
   -14.579   -73.334   -0.1   -0.0   -0.3
   -14.561   -73.334   -0.1   -0.0   -0.3
   -14.543   -73.334   -0.1   -0.0   -0.3
   -14.525   -73.334   -0.1   -0.1   -0.3
   -14.507   -73.334   -0.1   -0.1   -0.3
   -14.489   -73.334   -0.1   -0.1   -0.3
   -14.471   -73.334   -0.1   -0.1   -0.3
   -14.453   -73.334   -0.1   -0.1   -0.3
   -14.435   -73.334   -0.1   -0.1   -0.3
   -14.417   -73.334   -0.1   -0.1   -0.3
   -14.399   -73.334   -0.1   -0.1   -0.2
   -14.382   -73.334   -0.1   -0.1   -0.2
   -14.364   -73.334   -0.1   -0.1   -0.2
   -14.346   -73.334   -0.1   -0.1   -0.2
   -14.328   -73.334   -0.1   -0.1   -0.2
   -14.310   -73.334   -0.1   -0.1   -0.2
   -14.292   -73.334   -0.1   -0.1   -0.2
   -14.274   -73.334   -0.1   -0.1   -0.2
   -14.256   -73.334   -0.1   -0.1   -0.2
   -14.238   -73.334   -0.1   -0.1   -0.2
   -14.220   -73.334   -0.0   -0.1   -0.2
   -14.202   -73.334   -0.0   -0.1   -0.2
   -14.184   -73.334   -0.0   -0.1   -0.2
   -14.166   -73.334   -0.0   -0.1   -0.2
   -14.148   -73.334   -0.0   -0.1   -0.1
   -14.130   -73.334   -0.0   -0.1   -0.1
   -14.112   -73.334   -0.0   -0.1   -0.1
   -14.094   -73.334   -0.0   -0.1   -0.1
   -14.076   -73.334   -0.0   -0.1   -0.1
   -14.058   -73.334   -0.0   -0.1   -0.1
   -14.040   -73.334   -0.0   -0.1   -0.1
   -14.022   -73.334   -0.0   -0.1   -0.1
   -14.005   -73.334   -0.0   -0.1   -0.1
   -13.987   -73.334   -0.0   -0.1   -0.1
   -13.969   -73.334   -0.0   -0.1   -0.1
   -13.951   -73.334   -0.0   -0.1   -0.1
   -13.933   -73.334   -0.0   -0.1   -0.1
   -13.915   -73.334   -0.0   -0.1   -0.1
   -13.897   -73.334   -0.0   -0.1   -0.1
   -13.879   -73.334   -0.0   -0.1   -0.1
   -13.861   -73.334   -0.0   -0.1   -0.1
   -13.843   -73.334   -0.0   -0.1   -0.1
   -13.825   -73.334   -0.0   -0.1   -0.1
   -13.807   -73.334   -0.0   -0.1   -0.1
   -13.789   -73.334   -0.0   -0.1   -0.0
   -13.771   -73.334   -0.0   -0.1   -0.0
   -13.753   -73.334   -0.0   -0.1   -0.0
   -13.735   -73.334   -0.0   -0.1   -0.0
   -13.717   -73.334   -0.0   -0.1   -0.0
   -13.699   -73.334   -0.0   -0.1   -0.0
   -13.681   -73.334   -0.0   -0.1   -0.0
   -13.663   -73.334   -0.0   -0.1   -0.0
   -13.646   -73.334   -0.0   -0.1   -0.0
   -13.628   -73.334   -0.0   -0.0   -0.0
   -13.610   -73.334   -0.0   -0.0   -0.0
   -13.592   -73.334   -0.0   -0.0   -0.0
   -13.574   -73.334   -0.0   -0.0   -0.0
   -13.556   -73.334   -0.0   -0.0   -0.0
   -13.538   -73.334   -0.0   -0.0   -0.0
   -15.333   -73.315   -0.0    0.1   -0.1
   -15.315   -73.315   -0.0    0.1   -0.1
   -15.297   -73.315   -0.0    0.1   -0.2
   -15.279   -73.315   -0.0    0.1   -0.2
   -15.261   -73.315   -0.0    0.1   -0.2
   -15.243   -73.315   -0.0    0.1   -0.2
   -15.225   -73.315   -0.0    0.1   -0.2
   -15.207   -73.315   -0.0    0.1   -0.2
   -15.189   -73.315   -0.0    0.1   -0.2
   -15.171   -73.315   -0.0    0.1   -0.2
   -15.153   -73.315   -0.1    0.1   -0.2
   -15.135   -73.315   -0.1    0.1   -0.2
   -15.118   -73.315   -0.1    0.1   -0.2
   -15.100   -73.315   -0.1    0.1   -0.2
   -15.082   -73.315   -0.1    0.1   -0.2
   -15.064   -73.315   -0.1    0.1   -0.2
   -15.046   -73.315   -0.1    0.1   -0.2
   -15.028   -73.315   -0.1    0.1   -0.2
   -15.010   -73.315   -0.1    0.1   -0.3
   -14.992   -73.315   -0.1    0.1   -0.3
   -14.974   -73.315   -0.1    0.1   -0.3
   -14.956   -73.315   -0.1    0.1   -0.3
   -14.938   -73.315   -0.1    0.1   -0.3
   -14.920   -73.315   -0.1    0.1   -0.3
   -14.902   -73.315   -0.1    0.1   -0.3
   -14.884   -73.315   -0.1    0.1   -0.3
   -14.866   -73.315   -0.1    0.1   -0.3
   -14.848   -73.315   -0.1    0.1   -0.3
   -14.830   -73.315   -0.1    0.0   -0.3
   -14.812   -73.315   -0.1    0.0   -0.3
   -14.794   -73.315   -0.1    0.0   -0.3
   -14.776   -73.315   -0.1    0.0   -0.3
   -14.758   -73.315   -0.1    0.0   -0.3
   -14.741   -73.315   -0.1    0.0   -0.3
   -14.723   -73.315   -0.1    0.0   -0.3
   -14.705   -73.315   -0.1    0.0   -0.3
   -14.687   -73.315   -0.1   -0.0   -0.3
   -14.669   -73.315   -0.1   -0.0   -0.3
   -14.651   -73.315   -0.1   -0.0   -0.3
   -14.633   -73.315   -0.1   -0.0   -0.3
   -14.615   -73.315   -0.1   -0.0   -0.3
   -14.597   -73.315   -0.1   -0.0   -0.3
   -14.579   -73.315   -0.1   -0.0   -0.3
   -14.561   -73.315   -0.1   -0.0   -0.3
   -14.543   -73.315   -0.1   -0.0   -0.3
   -14.525   -73.315   -0.1   -0.1   -0.3
   -14.507   -73.315   -0.1   -0.1   -0.3
   -14.489   -73.315   -0.1   -0.1   -0.3
   -14.471   -73.315   -0.1   -0.1   -0.3
   -14.453   -73.315   -0.1   -0.1   -0.3
   -14.435   -73.315   -0.1   -0.1   -0.2
   -14.417   -73.315   -0.1   -0.1   -0.2
   -14.399   -73.315   -0.1   -0.1   -0.2
   -14.382   -73.315   -0.1   -0.1   -0.2
   -14.364   -73.315   -0.1   -0.1   -0.2
   -14.346   -73.315   -0.1   -0.1   -0.2
   -14.328   -73.315   -0.1   -0.1   -0.2
   -14.310   -73.315   -0.1   -0.1   -0.2
   -14.292   -73.315   -0.1   -0.1   -0.2
   -14.274   -73.315   -0.1   -0.1   -0.2
   -14.256   -73.315   -0.1   -0.1   -0.2
   -14.238   -73.315   -0.0   -0.1   -0.2
   -14.220   -73.315   -0.0   -0.1   -0.2
   -14.202   -73.315   -0.0   -0.1   -0.2
   -14.184   -73.315   -0.0   -0.1   -0.1
   -14.166   -73.315   -0.0   -0.1   -0.1
   -14.148   -73.315   -0.0   -0.1   -0.1
   -14.130   -73.315   -0.0   -0.1   -0.1
   -14.112   -73.315   -0.0   -0.1   -0.1
   -14.094   -73.315   -0.0   -0.1   -0.1
   -14.076   -73.315   -0.0   -0.1   -0.1
   -14.058   -73.315   -0.0   -0.1   -0.1
   -14.040   -73.315   -0.0   -0.1   -0.1
   -14.022   -73.315   -0.0   -0.1   -0.1
   -14.005   -73.315   -0.0   -0.1   -0.1
   -13.987   -73.315   -0.0   -0.1   -0.1
   -13.969   -73.315   -0.0   -0.1   -0.1
   -13.951   -73.315   -0.0   -0.1   -0.1
   -13.933   -73.315   -0.0   -0.1   -0.1
   -13.915   -73.315   -0.0   -0.1   -0.1
   -13.897   -73.315   -0.0   -0.1   -0.1
   -13.879   -73.315   -0.0   -0.1   -0.1
   -13.861   -73.315   -0.0   -0.1   -0.1
   -13.843   -73.315   -0.0   -0.1   -0.1
   -13.825   -73.315   -0.0   -0.1   -0.1
   -13.807   -73.315   -0.0   -0.1   -0.0
   -13.789   -73.315   -0.0   -0.1   -0.0
   -13.771   -73.315   -0.0   -0.1   -0.0
   -13.753   -73.315   -0.0   -0.1   -0.0
   -13.735   -73.315   -0.0   -0.1   -0.0
   -13.717   -73.315   -0.0   -0.1   -0.0
   -13.699   -73.315   -0.0   -0.1   -0.0
   -13.681   -73.315   -0.0   -0.1   -0.0
   -13.663   -73.315   -0.0   -0.1   -0.0
   -13.646   -73.315   -0.0   -0.0   -0.0
   -13.628   -73.315   -0.0   -0.0   -0.0
   -13.610   -73.315   -0.0   -0.0   -0.0
   -13.592   -73.315   -0.0   -0.0   -0.0
   -13.574   -73.315   -0.0   -0.0   -0.0
   -13.556   -73.315   -0.0   -0.0   -0.0
   -13.538   -73.315   -0.0   -0.0   -0.0
   -15.333   -73.297   -0.0    0.1   -0.1
   -15.315   -73.297   -0.0    0.1   -0.1
   -15.297   -73.297   -0.0    0.1   -0.1
   -15.279   -73.297   -0.0    0.1   -0.2
   -15.261   -73.297   -0.0    0.1   -0.2
   -15.243   -73.297   -0.0    0.1   -0.2
   -15.225   -73.297   -0.0    0.1   -0.2
   -15.207   -73.297   -0.0    0.1   -0.2
   -15.189   -73.297   -0.0    0.1   -0.2
   -15.171   -73.297   -0.0    0.1   -0.2
   -15.153   -73.297   -0.1    0.1   -0.2
   -15.135   -73.297   -0.1    0.1   -0.2
   -15.118   -73.297   -0.1    0.1   -0.2
   -15.100   -73.297   -0.1    0.1   -0.2
   -15.082   -73.297   -0.1    0.1   -0.2
   -15.064   -73.297   -0.1    0.1   -0.2
   -15.046   -73.297   -0.1    0.1   -0.2
   -15.028   -73.297   -0.1    0.1   -0.2
   -15.010   -73.297   -0.1    0.1   -0.2
   -14.992   -73.297   -0.1    0.1   -0.2
   -14.974   -73.297   -0.1    0.1   -0.3
   -14.956   -73.297   -0.1    0.1   -0.3
   -14.938   -73.297   -0.1    0.1   -0.3
   -14.920   -73.297   -0.1    0.1   -0.3
   -14.902   -73.297   -0.1    0.1   -0.3
   -14.884   -73.297   -0.1    0.1   -0.3
   -14.866   -73.297   -0.1    0.1   -0.3
   -14.848   -73.297   -0.1    0.0   -0.3
   -14.830   -73.297   -0.1    0.0   -0.3
   -14.812   -73.297   -0.1    0.0   -0.3
   -14.794   -73.297   -0.1    0.0   -0.3
   -14.776   -73.297   -0.1    0.0   -0.3
   -14.758   -73.297   -0.1    0.0   -0.3
   -14.741   -73.297   -0.1    0.0   -0.3
   -14.723   -73.297   -0.1    0.0   -0.3
   -14.705   -73.297   -0.1    0.0   -0.3
   -14.687   -73.297   -0.1   -0.0   -0.3
   -14.669   -73.297   -0.1   -0.0   -0.3
   -14.651   -73.297   -0.1   -0.0   -0.3
   -14.633   -73.297   -0.1   -0.0   -0.3
   -14.615   -73.297   -0.1   -0.0   -0.3
   -14.597   -73.297   -0.1   -0.0   -0.3
   -14.579   -73.297   -0.1   -0.0   -0.3
   -14.561   -73.297   -0.1   -0.0   -0.3
   -14.543   -73.297   -0.1   -0.0   -0.3
   -14.525   -73.297   -0.1   -0.0   -0.3
   -14.507   -73.297   -0.1   -0.1   -0.3
   -14.489   -73.297   -0.1   -0.1   -0.3
   -14.471   -73.297   -0.1   -0.1   -0.2
   -14.453   -73.297   -0.1   -0.1   -0.2
   -14.435   -73.297   -0.1   -0.1   -0.2
   -14.417   -73.297   -0.1   -0.1   -0.2
   -14.399   -73.297   -0.1   -0.1   -0.2
   -14.382   -73.297   -0.1   -0.1   -0.2
   -14.364   -73.297   -0.1   -0.1   -0.2
   -14.346   -73.297   -0.1   -0.1   -0.2
   -14.328   -73.297   -0.1   -0.1   -0.2
   -14.310   -73.297   -0.1   -0.1   -0.2
   -14.292   -73.297   -0.1   -0.1   -0.2
   -14.274   -73.297   -0.1   -0.1   -0.2
   -14.256   -73.297   -0.1   -0.1   -0.2
   -14.238   -73.297   -0.0   -0.1   -0.2
   -14.220   -73.297   -0.0   -0.1   -0.2
   -14.202   -73.297   -0.0   -0.1   -0.1
   -14.184   -73.297   -0.0   -0.1   -0.1
   -14.166   -73.297   -0.0   -0.1   -0.1
   -14.148   -73.297   -0.0   -0.1   -0.1
   -14.130   -73.297   -0.0   -0.1   -0.1
   -14.112   -73.297   -0.0   -0.1   -0.1
   -14.094   -73.297   -0.0   -0.1   -0.1
   -14.076   -73.297   -0.0   -0.1   -0.1
   -14.058   -73.297   -0.0   -0.1   -0.1
   -14.040   -73.297   -0.0   -0.1   -0.1
   -14.022   -73.297   -0.0   -0.1   -0.1
   -14.005   -73.297   -0.0   -0.1   -0.1
   -13.987   -73.297   -0.0   -0.1   -0.1
   -13.969   -73.297   -0.0   -0.1   -0.1
   -13.951   -73.297   -0.0   -0.1   -0.1
   -13.933   -73.297   -0.0   -0.1   -0.1
   -13.915   -73.297   -0.0   -0.1   -0.1
   -13.897   -73.297   -0.0   -0.1   -0.1
   -13.879   -73.297   -0.0   -0.1   -0.1
   -13.861   -73.297   -0.0   -0.1   -0.1
   -13.843   -73.297   -0.0   -0.1   -0.1
   -13.825   -73.297   -0.0   -0.1   -0.0
   -13.807   -73.297   -0.0   -0.1   -0.0
   -13.789   -73.297   -0.0   -0.1   -0.0
   -13.771   -73.297   -0.0   -0.1   -0.0
   -13.753   -73.297   -0.0   -0.1   -0.0
   -13.735   -73.297   -0.0   -0.1   -0.0
   -13.717   -73.297   -0.0   -0.1   -0.0
   -13.699   -73.297   -0.0   -0.1   -0.0
   -13.681   -73.297   -0.0   -0.1   -0.0
   -13.663   -73.297   -0.0   -0.0   -0.0
   -13.646   -73.297   -0.0   -0.0   -0.0
   -13.628   -73.297   -0.0   -0.0   -0.0
   -13.610   -73.297   -0.0   -0.0   -0.0
   -13.592   -73.297   -0.0   -0.0   -0.0
   -13.574   -73.297   -0.0   -0.0   -0.0
   -13.556   -73.297   -0.0   -0.0   -0.0
   -13.538   -73.297   -0.0   -0.0   -0.0
   -15.333   -73.278   -0.0    0.1   -0.1
   -15.315   -73.278   -0.0    0.1   -0.1
   -15.297   -73.278   -0.0    0.1   -0.1
   -15.279   -73.278   -0.0    0.1   -0.1
   -15.261   -73.278   -0.0    0.1   -0.2
   -15.243   -73.278   -0.0    0.1   -0.2
   -15.225   -73.278   -0.0    0.1   -0.2
   -15.207   -73.278   -0.0    0.1   -0.2
   -15.189   -73.278   -0.0    0.1   -0.2
   -15.171   -73.278   -0.0    0.1   -0.2
   -15.153   -73.278   -0.1    0.1   -0.2
   -15.135   -73.278   -0.1    0.1   -0.2
   -15.118   -73.278   -0.1    0.1   -0.2
   -15.100   -73.278   -0.1    0.1   -0.2
   -15.082   -73.278   -0.1    0.1   -0.2
   -15.064   -73.278   -0.1    0.1   -0.2
   -15.046   -73.278   -0.1    0.1   -0.2
   -15.028   -73.278   -0.1    0.1   -0.2
   -15.010   -73.278   -0.1    0.1   -0.2
   -14.992   -73.278   -0.1    0.1   -0.2
   -14.974   -73.278   -0.1    0.1   -0.2
   -14.956   -73.278   -0.1    0.1   -0.2
   -14.938   -73.278   -0.1    0.1   -0.2
   -14.920   -73.278   -0.1    0.1   -0.3
   -14.902   -73.278   -0.1    0.1   -0.3
   -14.884   -73.278   -0.1    0.1   -0.3
   -14.866   -73.278   -0.1    0.1   -0.3
   -14.848   -73.278   -0.1    0.0   -0.3
   -14.830   -73.278   -0.1    0.0   -0.3
   -14.812   -73.278   -0.1    0.0   -0.3
   -14.794   -73.278   -0.1    0.0   -0.3
   -14.776   -73.278   -0.1    0.0   -0.3
   -14.758   -73.278   -0.1    0.0   -0.3
   -14.741   -73.278   -0.1    0.0   -0.3
   -14.723   -73.278   -0.1    0.0   -0.3
   -14.705   -73.278   -0.1    0.0   -0.3
   -14.687   -73.278   -0.1   -0.0   -0.3
   -14.669   -73.278   -0.1   -0.0   -0.3
   -14.651   -73.278   -0.1   -0.0   -0.3
   -14.633   -73.278   -0.1   -0.0   -0.3
   -14.615   -73.278   -0.1   -0.0   -0.3
   -14.597   -73.278   -0.1   -0.0   -0.3
   -14.579   -73.278   -0.1   -0.0   -0.3
   -14.561   -73.278   -0.1   -0.0   -0.3
   -14.543   -73.278   -0.1   -0.0   -0.3
   -14.525   -73.278   -0.1   -0.0   -0.2
   -14.507   -73.278   -0.1   -0.1   -0.2
   -14.489   -73.278   -0.1   -0.1   -0.2
   -14.471   -73.278   -0.1   -0.1   -0.2
   -14.453   -73.278   -0.1   -0.1   -0.2
   -14.435   -73.278   -0.1   -0.1   -0.2
   -14.417   -73.278   -0.1   -0.1   -0.2
   -14.399   -73.278   -0.1   -0.1   -0.2
   -14.382   -73.278   -0.1   -0.1   -0.2
   -14.364   -73.278   -0.1   -0.1   -0.2
   -14.346   -73.278   -0.1   -0.1   -0.2
   -14.328   -73.278   -0.1   -0.1   -0.2
   -14.310   -73.278   -0.1   -0.1   -0.2
   -14.292   -73.278   -0.1   -0.1   -0.2
   -14.274   -73.278   -0.1   -0.1   -0.2
   -14.256   -73.278   -0.1   -0.1   -0.2
   -14.238   -73.278   -0.0   -0.1   -0.2
   -14.220   -73.278   -0.0   -0.1   -0.1
   -14.202   -73.278   -0.0   -0.1   -0.1
   -14.184   -73.278   -0.0   -0.1   -0.1
   -14.166   -73.278   -0.0   -0.1   -0.1
   -14.148   -73.278   -0.0   -0.1   -0.1
   -14.130   -73.278   -0.0   -0.1   -0.1
   -14.112   -73.278   -0.0   -0.1   -0.1
   -14.094   -73.278   -0.0   -0.1   -0.1
   -14.076   -73.278   -0.0   -0.1   -0.1
   -14.058   -73.278   -0.0   -0.1   -0.1
   -14.040   -73.278   -0.0   -0.1   -0.1
   -14.022   -73.278   -0.0   -0.1   -0.1
   -14.005   -73.278   -0.0   -0.1   -0.1
   -13.987   -73.278   -0.0   -0.1   -0.1
   -13.969   -73.278   -0.0   -0.1   -0.1
   -13.951   -73.278   -0.0   -0.1   -0.1
   -13.933   -73.278   -0.0   -0.1   -0.1
   -13.915   -73.278   -0.0   -0.1   -0.1
   -13.897   -73.278   -0.0   -0.1   -0.1
   -13.879   -73.278   -0.0   -0.1   -0.1
   -13.861   -73.278   -0.0   -0.1   -0.1
   -13.843   -73.278   -0.0   -0.1   -0.0
   -13.825   -73.278   -0.0   -0.1   -0.0
   -13.807   -73.278   -0.0   -0.1   -0.0
   -13.789   -73.278   -0.0   -0.1   -0.0
   -13.771   -73.278   -0.0   -0.1   -0.0
   -13.753   -73.278   -0.0   -0.1   -0.0
   -13.735   -73.278   -0.0   -0.1   -0.0
   -13.717   -73.278   -0.0   -0.1   -0.0
   -13.699   -73.278   -0.0   -0.0   -0.0
   -13.681   -73.278   -0.0   -0.0   -0.0
   -13.663   -73.278   -0.0   -0.0   -0.0
   -13.646   -73.278   -0.0   -0.0   -0.0
   -13.628   -73.278   -0.0   -0.0   -0.0
   -13.610   -73.278   -0.0   -0.0   -0.0
   -13.592   -73.278   -0.0   -0.0   -0.0
   -13.574   -73.278   -0.0   -0.0   -0.0
   -13.556   -73.278   -0.0   -0.0   -0.0
   -13.538   -73.278   -0.0   -0.0   -0.0
   -15.333   -73.260   -0.0    0.1   -0.1
   -15.315   -73.260   -0.0    0.1   -0.1
   -15.297   -73.260   -0.0    0.1   -0.1
   -15.279   -73.260   -0.0    0.1   -0.1
   -15.261   -73.260   -0.0    0.1   -0.1
   -15.243   -73.260   -0.0    0.1   -0.2
   -15.225   -73.260   -0.0    0.1   -0.2
   -15.207   -73.260   -0.0    0.1   -0.2
   -15.189   -73.260   -0.0    0.1   -0.2
   -15.171   -73.260   -0.0    0.1   -0.2
   -15.153   -73.260   -0.1    0.1   -0.2
   -15.135   -73.260   -0.1    0.1   -0.2
   -15.118   -73.260   -0.1    0.1   -0.2
   -15.100   -73.260   -0.1    0.1   -0.2
   -15.082   -73.260   -0.1    0.1   -0.2
   -15.064   -73.260   -0.1    0.1   -0.2
   -15.046   -73.260   -0.1    0.1   -0.2
   -15.028   -73.260   -0.1    0.1   -0.2
   -15.010   -73.260   -0.1    0.1   -0.2
   -14.992   -73.260   -0.1    0.1   -0.2
   -14.974   -73.260   -0.1    0.1   -0.2
   -14.956   -73.260   -0.1    0.1   -0.2
   -14.938   -73.260   -0.1    0.1   -0.2
   -14.920   -73.260   -0.1    0.1   -0.2
   -14.902   -73.260   -0.1    0.1   -0.2
   -14.884   -73.260   -0.1    0.1   -0.2
   -14.866   -73.260   -0.1    0.0   -0.2
   -14.848   -73.260   -0.1    0.0   -0.3
   -14.830   -73.260   -0.1    0.0   -0.3
   -14.812   -73.260   -0.1    0.0   -0.3
   -14.794   -73.260   -0.1    0.0   -0.3
   -14.776   -73.260   -0.1    0.0   -0.3
   -14.758   -73.260   -0.1    0.0   -0.3
   -14.741   -73.260   -0.1    0.0   -0.3
   -14.723   -73.260   -0.1    0.0   -0.3
   -14.705   -73.260   -0.1    0.0   -0.3
   -14.687   -73.260   -0.1   -0.0   -0.3
   -14.669   -73.260   -0.1   -0.0   -0.3
   -14.651   -73.260   -0.1   -0.0   -0.3
   -14.633   -73.260   -0.1   -0.0   -0.3
   -14.615   -73.260   -0.1   -0.0   -0.3
   -14.597   -73.260   -0.1   -0.0   -0.2
   -14.579   -73.260   -0.1   -0.0   -0.2
   -14.561   -73.260   -0.1   -0.0   -0.2
   -14.543   -73.260   -0.1   -0.0   -0.2
   -14.525   -73.260   -0.1   -0.0   -0.2
   -14.507   -73.260   -0.1   -0.0   -0.2
   -14.489   -73.260   -0.1   -0.1   -0.2
   -14.471   -73.260   -0.1   -0.1   -0.2
   -14.453   -73.260   -0.1   -0.1   -0.2
   -14.435   -73.260   -0.1   -0.1   -0.2
   -14.417   -73.260   -0.1   -0.1   -0.2
   -14.399   -73.260   -0.1   -0.1   -0.2
   -14.382   -73.260   -0.1   -0.1   -0.2
   -14.364   -73.260   -0.1   -0.1   -0.2
   -14.346   -73.260   -0.1   -0.1   -0.2
   -14.328   -73.260   -0.1   -0.1   -0.2
   -14.310   -73.260   -0.1   -0.1   -0.2
   -14.292   -73.260   -0.1   -0.1   -0.2
   -14.274   -73.260   -0.1   -0.1   -0.2
   -14.256   -73.260   -0.0   -0.1   -0.1
   -14.238   -73.260   -0.0   -0.1   -0.1
   -14.220   -73.260   -0.0   -0.1   -0.1
   -14.202   -73.260   -0.0   -0.1   -0.1
   -14.184   -73.260   -0.0   -0.1   -0.1
   -14.166   -73.260   -0.0   -0.1   -0.1
   -14.148   -73.260   -0.0   -0.1   -0.1
   -14.130   -73.260   -0.0   -0.1   -0.1
   -14.112   -73.260   -0.0   -0.1   -0.1
   -14.094   -73.260   -0.0   -0.1   -0.1
   -14.076   -73.260   -0.0   -0.1   -0.1
   -14.058   -73.260   -0.0   -0.1   -0.1
   -14.040   -73.260   -0.0   -0.1   -0.1
   -14.022   -73.260   -0.0   -0.1   -0.1
   -14.005   -73.260   -0.0   -0.1   -0.1
   -13.987   -73.260   -0.0   -0.1   -0.1
   -13.969   -73.260   -0.0   -0.1   -0.1
   -13.951   -73.260   -0.0   -0.1   -0.1
   -13.933   -73.260   -0.0   -0.1   -0.1
   -13.915   -73.260   -0.0   -0.1   -0.1
   -13.897   -73.260   -0.0   -0.1   -0.1
   -13.879   -73.260   -0.0   -0.1   -0.1
   -13.861   -73.260   -0.0   -0.1   -0.0
   -13.843   -73.260   -0.0   -0.1   -0.0
   -13.825   -73.260   -0.0   -0.1   -0.0
   -13.807   -73.260   -0.0   -0.1   -0.0
   -13.789   -73.260   -0.0   -0.1   -0.0
   -13.771   -73.260   -0.0   -0.1   -0.0
   -13.753   -73.260   -0.0   -0.1   -0.0
   -13.735   -73.260   -0.0   -0.1   -0.0
   -13.717   -73.260   -0.0   -0.0   -0.0
   -13.699   -73.260   -0.0   -0.0   -0.0
   -13.681   -73.260   -0.0   -0.0   -0.0
   -13.663   -73.260   -0.0   -0.0   -0.0
   -13.646   -73.260   -0.0   -0.0   -0.0
   -13.628   -73.260   -0.0   -0.0   -0.0
   -13.610   -73.260   -0.0   -0.0   -0.0
   -13.592   -73.260   -0.0   -0.0   -0.0
   -13.574   -73.260   -0.0   -0.0   -0.0
   -13.556   -73.260   -0.0   -0.0   -0.0
   -13.538   -73.260   -0.0   -0.0   -0.0
   -15.333   -73.241   -0.0    0.1   -0.1
   -15.315   -73.241   -0.0    0.1   -0.1
   -15.297   -73.241   -0.0    0.1   -0.1
   -15.279   -73.241   -0.0    0.1   -0.1
   -15.261   -73.241   -0.0    0.1   -0.1
   -15.243   -73.241   -0.0    0.1   -0.1
   -15.225   -73.241   -0.0    0.1   -0.1
   -15.207   -73.241   -0.0    0.1   -0.2
   -15.189   -73.241   -0.0    0.1   -0.2
   -15.171   -73.241   -0.0    0.1   -0.2
   -15.153   -73.241   -0.1    0.1   -0.2
   -15.135   -73.241   -0.1    0.1   -0.2
   -15.118   -73.241   -0.1    0.1   -0.2
   -15.100   -73.241   -0.1    0.1   -0.2
   -15.082   -73.241   -0.1    0.1   -0.2
   -15.064   -73.241   -0.1    0.1   -0.2
   -15.046   -73.241   -0.1    0.1   -0.2
   -15.028   -73.241   -0.1    0.1   -0.2
   -15.010   -73.241   -0.1    0.1   -0.2
   -14.992   -73.241   -0.1    0.1   -0.2
   -14.974   -73.241   -0.1    0.1   -0.2
   -14.956   -73.241   -0.1    0.1   -0.2
   -14.938   -73.241   -0.1    0.1   -0.2
   -14.920   -73.241   -0.1    0.1   -0.2
   -14.902   -73.241   -0.1    0.1   -0.2
   -14.884   -73.241   -0.1    0.0   -0.2
   -14.866   -73.241   -0.1    0.0   -0.2
   -14.848   -73.241   -0.1    0.0   -0.2
   -14.830   -73.241   -0.1    0.0   -0.2
   -14.812   -73.241   -0.1    0.0   -0.2
   -14.794   -73.241   -0.1    0.0   -0.2
   -14.776   -73.241   -0.1    0.0   -0.2
   -14.758   -73.241   -0.1    0.0   -0.2
   -14.741   -73.241   -0.1    0.0   -0.2
   -14.723   -73.241   -0.1    0.0   -0.2
   -14.705   -73.241   -0.1    0.0   -0.2
   -14.687   -73.241   -0.1   -0.0   -0.2
   -14.669   -73.241   -0.1   -0.0   -0.2
   -14.651   -73.241   -0.1   -0.0   -0.2
   -14.633   -73.241   -0.1   -0.0   -0.2
   -14.615   -73.241   -0.1   -0.0   -0.2
   -14.597   -73.241   -0.1   -0.0   -0.2
   -14.579   -73.241   -0.1   -0.0   -0.2
   -14.561   -73.241   -0.1   -0.0   -0.2
   -14.543   -73.241   -0.1   -0.0   -0.2
   -14.525   -73.241   -0.1   -0.0   -0.2
   -14.507   -73.241   -0.1   -0.0   -0.2
   -14.489   -73.241   -0.1   -0.1   -0.2
   -14.471   -73.241   -0.1   -0.1   -0.2
   -14.453   -73.241   -0.1   -0.1   -0.2
   -14.435   -73.241   -0.1   -0.1   -0.2
   -14.417   -73.241   -0.1   -0.1   -0.2
   -14.399   -73.241   -0.1   -0.1   -0.2
   -14.382   -73.241   -0.1   -0.1   -0.2
   -14.364   -73.241   -0.1   -0.1   -0.2
   -14.346   -73.241   -0.1   -0.1   -0.2
   -14.328   -73.241   -0.1   -0.1   -0.2
   -14.310   -73.241   -0.1   -0.1   -0.2
   -14.292   -73.241   -0.1   -0.1   -0.2
   -14.274   -73.241   -0.0   -0.1   -0.1
   -14.256   -73.241   -0.0   -0.1   -0.1
   -14.238   -73.241   -0.0   -0.1   -0.1
   -14.220   -73.241   -0.0   -0.1   -0.1
   -14.202   -73.241   -0.0   -0.1   -0.1
   -14.184   -73.241   -0.0   -0.1   -0.1
   -14.166   -73.241   -0.0   -0.1   -0.1
   -14.148   -73.241   -0.0   -0.1   -0.1
   -14.130   -73.241   -0.0   -0.1   -0.1
   -14.112   -73.241   -0.0   -0.1   -0.1
   -14.094   -73.241   -0.0   -0.1   -0.1
   -14.076   -73.241   -0.0   -0.1   -0.1
   -14.058   -73.241   -0.0   -0.1   -0.1
   -14.040   -73.241   -0.0   -0.1   -0.1
   -14.022   -73.241   -0.0   -0.1   -0.1
   -14.005   -73.241   -0.0   -0.1   -0.1
   -13.987   -73.241   -0.0   -0.1   -0.1
   -13.969   -73.241   -0.0   -0.1   -0.1
   -13.951   -73.241   -0.0   -0.1   -0.1
   -13.933   -73.241   -0.0   -0.1   -0.1
   -13.915   -73.241   -0.0   -0.1   -0.1
   -13.897   -73.241   -0.0   -0.1   -0.1
   -13.879   -73.241   -0.0   -0.1   -0.0
   -13.861   -73.241   -0.0   -0.1   -0.0
   -13.843   -73.241   -0.0   -0.1   -0.0
   -13.825   -73.241   -0.0   -0.1   -0.0
   -13.807   -73.241   -0.0   -0.1   -0.0
   -13.789   -73.241   -0.0   -0.1   -0.0
   -13.771   -73.241   -0.0   -0.1   -0.0
   -13.753   -73.241   -0.0   -0.0   -0.0
   -13.735   -73.241   -0.0   -0.0   -0.0
   -13.717   -73.241   -0.0   -0.0   -0.0
   -13.699   -73.241   -0.0   -0.0   -0.0
   -13.681   -73.241   -0.0   -0.0   -0.0
   -13.663   -73.241   -0.0   -0.0   -0.0
   -13.646   -73.241   -0.0   -0.0   -0.0
   -13.628   -73.241   -0.0   -0.0   -0.0
   -13.610   -73.241   -0.0   -0.0   -0.0
   -13.592   -73.241   -0.0   -0.0   -0.0
   -13.574   -73.241   -0.0   -0.0   -0.0
   -13.556   -73.241   -0.0   -0.0   -0.0
   -13.538   -73.241   -0.0   -0.0   -0.0
   -15.333   -73.222   -0.0    0.1   -0.1
   -15.315   -73.222   -0.0    0.1   -0.1
   -15.297   -73.222   -0.0    0.1   -0.1
   -15.279   -73.222   -0.0    0.1   -0.1
   -15.261   -73.222   -0.0    0.1   -0.1
   -15.243   -73.222   -0.0    0.1   -0.1
   -15.225   -73.222   -0.0    0.1   -0.1
   -15.207   -73.222   -0.0    0.1   -0.1
   -15.189   -73.222   -0.0    0.1   -0.1
   -15.171   -73.222   -0.0    0.1   -0.2
   -15.153   -73.222   -0.0    0.1   -0.2
   -15.135   -73.222   -0.1    0.1   -0.2
   -15.118   -73.222   -0.1    0.1   -0.2
   -15.100   -73.222   -0.1    0.1   -0.2
   -15.082   -73.222   -0.1    0.1   -0.2
   -15.064   -73.222   -0.1    0.1   -0.2
   -15.046   -73.222   -0.1    0.1   -0.2
   -15.028   -73.222   -0.1    0.1   -0.2
   -15.010   -73.222   -0.1    0.1   -0.2
   -14.992   -73.222   -0.1    0.1   -0.2
   -14.974   -73.222   -0.1    0.1   -0.2
   -14.956   -73.222   -0.1    0.1   -0.2
   -14.938   -73.222   -0.1    0.1   -0.2
   -14.920   -73.222   -0.1    0.1   -0.2
   -14.902   -73.222   -0.1    0.0   -0.2
   -14.884   -73.222   -0.1    0.0   -0.2
   -14.866   -73.222   -0.1    0.0   -0.2
   -14.848   -73.222   -0.1    0.0   -0.2
   -14.830   -73.222   -0.1    0.0   -0.2
   -14.812   -73.222   -0.1    0.0   -0.2
   -14.794   -73.222   -0.1    0.0   -0.2
   -14.776   -73.222   -0.1    0.0   -0.2
   -14.758   -73.222   -0.1    0.0   -0.2
   -14.741   -73.222   -0.1    0.0   -0.2
   -14.723   -73.222   -0.1    0.0   -0.2
   -14.705   -73.222   -0.1    0.0   -0.2
   -14.687   -73.222   -0.1   -0.0   -0.2
   -14.669   -73.222   -0.1   -0.0   -0.2
   -14.651   -73.222   -0.1   -0.0   -0.2
   -14.633   -73.222   -0.1   -0.0   -0.2
   -14.615   -73.222   -0.1   -0.0   -0.2
   -14.597   -73.222   -0.1   -0.0   -0.2
   -14.579   -73.222   -0.1   -0.0   -0.2
   -14.561   -73.222   -0.1   -0.0   -0.2
   -14.543   -73.222   -0.1   -0.0   -0.2
   -14.525   -73.222   -0.1   -0.0   -0.2
   -14.507   -73.222   -0.1   -0.0   -0.2
   -14.489   -73.222   -0.1   -0.0   -0.2
   -14.471   -73.222   -0.1   -0.1   -0.2
   -14.453   -73.222   -0.1   -0.1   -0.2
   -14.435   -73.222   -0.1   -0.1   -0.2
   -14.417   -73.222   -0.1   -0.1   -0.2
   -14.399   -73.222   -0.1   -0.1   -0.2
   -14.382   -73.222   -0.1   -0.1   -0.2
   -14.364   -73.222   -0.1   -0.1   -0.2
   -14.346   -73.222   -0.1   -0.1   -0.2
   -14.328   -73.222   -0.1   -0.1   -0.2
   -14.310   -73.222   -0.1   -0.1   -0.1
   -14.292   -73.222   -0.0   -0.1   -0.1
   -14.274   -73.222   -0.0   -0.1   -0.1
   -14.256   -73.222   -0.0   -0.1   -0.1
   -14.238   -73.222   -0.0   -0.1   -0.1
   -14.220   -73.222   -0.0   -0.1   -0.1
   -14.202   -73.222   -0.0   -0.1   -0.1
   -14.184   -73.222   -0.0   -0.1   -0.1
   -14.166   -73.222   -0.0   -0.1   -0.1
   -14.148   -73.222   -0.0   -0.1   -0.1
   -14.130   -73.222   -0.0   -0.1   -0.1
   -14.112   -73.222   -0.0   -0.1   -0.1
   -14.094   -73.222   -0.0   -0.1   -0.1
   -14.076   -73.222   -0.0   -0.1   -0.1
   -14.058   -73.222   -0.0   -0.1   -0.1
   -14.040   -73.222   -0.0   -0.1   -0.1
   -14.022   -73.222   -0.0   -0.1   -0.1
   -14.005   -73.222   -0.0   -0.1   -0.1
   -13.987   -73.222   -0.0   -0.1   -0.1
   -13.969   -73.222   -0.0   -0.1   -0.1
   -13.951   -73.222   -0.0   -0.1   -0.1
   -13.933   -73.222   -0.0   -0.1   -0.1
   -13.915   -73.222   -0.0   -0.1   -0.1
   -13.897   -73.222   -0.0   -0.1   -0.0
   -13.879   -73.222   -0.0   -0.1   -0.0
   -13.861   -73.222   -0.0   -0.1   -0.0
   -13.843   -73.222   -0.0   -0.1   -0.0
   -13.825   -73.222   -0.0   -0.1   -0.0
   -13.807   -73.222   -0.0   -0.1   -0.0
   -13.789   -73.222   -0.0   -0.0   -0.0
   -13.771   -73.222   -0.0   -0.0   -0.0
   -13.753   -73.222   -0.0   -0.0   -0.0
   -13.735   -73.222   -0.0   -0.0   -0.0
   -13.717   -73.222   -0.0   -0.0   -0.0
   -13.699   -73.222   -0.0   -0.0   -0.0
   -13.681   -73.222   -0.0   -0.0   -0.0
   -13.663   -73.222   -0.0   -0.0   -0.0
   -13.646   -73.222   -0.0   -0.0   -0.0
   -13.628   -73.222   -0.0   -0.0   -0.0
   -13.610   -73.222   -0.0   -0.0   -0.0
   -13.592   -73.222   -0.0   -0.0   -0.0
   -13.574   -73.222   -0.0   -0.0   -0.0
   -13.556   -73.222   -0.0   -0.0   -0.0
   -13.538   -73.222   -0.0   -0.0   -0.0
   -15.333   -73.204   -0.0    0.1   -0.1
   -15.315   -73.204   -0.0    0.1   -0.1
   -15.297   -73.204   -0.0    0.1   -0.1
   -15.279   -73.204   -0.0    0.1   -0.1
   -15.261   -73.204   -0.0    0.1   -0.1
   -15.243   -73.204   -0.0    0.1   -0.1
   -15.225   -73.204   -0.0    0.1   -0.1
   -15.207   -73.204   -0.0    0.1   -0.1
   -15.189   -73.204   -0.0    0.1   -0.1
   -15.171   -73.204   -0.0    0.1   -0.1
   -15.153   -73.204   -0.0    0.1   -0.2
   -15.135   -73.204   -0.1    0.1   -0.2
   -15.118   -73.204   -0.1    0.1   -0.2
   -15.100   -73.204   -0.1    0.1   -0.2
   -15.082   -73.204   -0.1    0.1   -0.2
   -15.064   -73.204   -0.1    0.1   -0.2
   -15.046   -73.204   -0.1    0.1   -0.2
   -15.028   -73.204   -0.1    0.1   -0.2
   -15.010   -73.204   -0.1    0.1   -0.2
   -14.992   -73.204   -0.1    0.1   -0.2
   -14.974   -73.204   -0.1    0.1   -0.2
   -14.956   -73.204   -0.1    0.1   -0.2
   -14.938   -73.204   -0.1    0.1   -0.2
   -14.920   -73.204   -0.1    0.0   -0.2
   -14.902   -73.204   -0.1    0.0   -0.2
   -14.884   -73.204   -0.1    0.0   -0.2
   -14.866   -73.204   -0.1    0.0   -0.2
   -14.848   -73.204   -0.1    0.0   -0.2
   -14.830   -73.204   -0.1    0.0   -0.2
   -14.812   -73.204   -0.1    0.0   -0.2
   -14.794   -73.204   -0.1    0.0   -0.2
   -14.776   -73.204   -0.1    0.0   -0.2
   -14.758   -73.204   -0.1    0.0   -0.2
   -14.741   -73.204   -0.1    0.0   -0.2
   -14.723   -73.204   -0.1    0.0   -0.2
   -14.705   -73.204   -0.1    0.0   -0.2
   -14.687   -73.204   -0.1   -0.0   -0.2
   -14.669   -73.204   -0.1   -0.0   -0.2
   -14.651   -73.204   -0.1   -0.0   -0.2
   -14.633   -73.204   -0.1   -0.0   -0.2
   -14.615   -73.204   -0.1   -0.0   -0.2
   -14.597   -73.204   -0.1   -0.0   -0.2
   -14.579   -73.204   -0.1   -0.0   -0.2
   -14.561   -73.204   -0.1   -0.0   -0.2
   -14.543   -73.204   -0.1   -0.0   -0.2
   -14.525   -73.204   -0.1   -0.0   -0.2
   -14.507   -73.204   -0.1   -0.0   -0.2
   -14.489   -73.204   -0.1   -0.0   -0.2
   -14.471   -73.204   -0.1   -0.0   -0.2
   -14.453   -73.204   -0.1   -0.1   -0.2
   -14.435   -73.204   -0.1   -0.1   -0.2
   -14.417   -73.204   -0.1   -0.1   -0.2
   -14.399   -73.204   -0.1   -0.1   -0.2
   -14.382   -73.204   -0.1   -0.1   -0.2
   -14.364   -73.204   -0.1   -0.1   -0.2
   -14.346   -73.204   -0.1   -0.1   -0.1
   -14.328   -73.204   -0.1   -0.1   -0.1
   -14.310   -73.204   -0.0   -0.1   -0.1
   -14.292   -73.204   -0.0   -0.1   -0.1
   -14.274   -73.204   -0.0   -0.1   -0.1
   -14.256   -73.204   -0.0   -0.1   -0.1
   -14.238   -73.204   -0.0   -0.1   -0.1
   -14.220   -73.204   -0.0   -0.1   -0.1
   -14.202   -73.204   -0.0   -0.1   -0.1
   -14.184   -73.204   -0.0   -0.1   -0.1
   -14.166   -73.204   -0.0   -0.1   -0.1
   -14.148   -73.204   -0.0   -0.1   -0.1
   -14.130   -73.204   -0.0   -0.1   -0.1
   -14.112   -73.204   -0.0   -0.1   -0.1
   -14.094   -73.204   -0.0   -0.1   -0.1
   -14.076   -73.204   -0.0   -0.1   -0.1
   -14.058   -73.204   -0.0   -0.1   -0.1
   -14.040   -73.204   -0.0   -0.1   -0.1
   -14.022   -73.204   -0.0   -0.1   -0.1
   -14.005   -73.204   -0.0   -0.1   -0.1
   -13.987   -73.204   -0.0   -0.1   -0.1
   -13.969   -73.204   -0.0   -0.1   -0.1
   -13.951   -73.204   -0.0   -0.1   -0.1
   -13.933   -73.204   -0.0   -0.1   -0.1
   -13.915   -73.204   -0.0   -0.1   -0.0
   -13.897   -73.204   -0.0   -0.1   -0.0
   -13.879   -73.204   -0.0   -0.1   -0.0
   -13.861   -73.204   -0.0   -0.1   -0.0
   -13.843   -73.204   -0.0   -0.1   -0.0
   -13.825   -73.204   -0.0   -0.0   -0.0
   -13.807   -73.204   -0.0   -0.0   -0.0
   -13.789   -73.204   -0.0   -0.0   -0.0
   -13.771   -73.204   -0.0   -0.0   -0.0
   -13.753   -73.204   -0.0   -0.0   -0.0
   -13.735   -73.204   -0.0   -0.0   -0.0
   -13.717   -73.204   -0.0   -0.0   -0.0
   -13.699   -73.204   -0.0   -0.0   -0.0
   -13.681   -73.204   -0.0   -0.0   -0.0
   -13.663   -73.204   -0.0   -0.0   -0.0
   -13.646   -73.204   -0.0   -0.0   -0.0
   -13.628   -73.204   -0.0   -0.0   -0.0
   -13.610   -73.204   -0.0   -0.0   -0.0
   -13.592   -73.204   -0.0   -0.0   -0.0
   -13.574   -73.204   -0.0   -0.0   -0.0
   -13.556   -73.204   -0.0   -0.0   -0.0
   -13.538   -73.204   -0.0   -0.0   -0.0
   -15.333   -73.185   -0.0    0.1   -0.1
   -15.315   -73.185   -0.0    0.1   -0.1
   -15.297   -73.185   -0.0    0.1   -0.1
   -15.279   -73.185   -0.0    0.1   -0.1
   -15.261   -73.185   -0.0    0.1   -0.1
   -15.243   -73.185   -0.0    0.1   -0.1
   -15.225   -73.185   -0.0    0.1   -0.1
   -15.207   -73.185   -0.0    0.1   -0.1
   -15.189   -73.185   -0.0    0.1   -0.1
   -15.171   -73.185   -0.0    0.1   -0.1
   -15.153   -73.185   -0.0    0.1   -0.1
   -15.135   -73.185   -0.0    0.1   -0.1
   -15.118   -73.185   -0.1    0.1   -0.2
   -15.100   -73.185   -0.1    0.1   -0.2
   -15.082   -73.185   -0.1    0.1   -0.2
   -15.064   -73.185   -0.1    0.1   -0.2
   -15.046   -73.185   -0.1    0.1   -0.2
   -15.028   -73.185   -0.1    0.1   -0.2
   -15.010   -73.185   -0.1    0.1   -0.2
   -14.992   -73.185   -0.1    0.1   -0.2
   -14.974   -73.185   -0.1    0.1   -0.2
   -14.956   -73.185   -0.1    0.1   -0.2
   -14.938   -73.185   -0.1    0.0   -0.2
   -14.920   -73.185   -0.1    0.0   -0.2
   -14.902   -73.185   -0.1    0.0   -0.2
   -14.884   -73.185   -0.1    0.0   -0.2
   -14.866   -73.185   -0.1    0.0   -0.2
   -14.848   -73.185   -0.1    0.0   -0.2
   -14.830   -73.185   -0.1    0.0   -0.2
   -14.812   -73.185   -0.1    0.0   -0.2
   -14.794   -73.185   -0.1    0.0   -0.2
   -14.776   -73.185   -0.1    0.0   -0.2
   -14.758   -73.185   -0.1    0.0   -0.2
   -14.741   -73.185   -0.1    0.0   -0.2
   -14.723   -73.185   -0.1    0.0   -0.2
   -14.705   -73.185   -0.1    0.0   -0.2
   -14.687   -73.185   -0.1   -0.0   -0.2
   -14.669   -73.185   -0.1   -0.0   -0.2
   -14.651   -73.185   -0.1   -0.0   -0.2
   -14.633   -73.185   -0.1   -0.0   -0.2
   -14.615   -73.185   -0.1   -0.0   -0.2
   -14.597   -73.185   -0.1   -0.0   -0.2
   -14.579   -73.185   -0.1   -0.0   -0.2
   -14.561   -73.185   -0.1   -0.0   -0.2
   -14.543   -73.185   -0.1   -0.0   -0.2
   -14.525   -73.185   -0.1   -0.0   -0.2
   -14.507   -73.185   -0.1   -0.0   -0.2
   -14.489   -73.185   -0.1   -0.0   -0.2
   -14.471   -73.185   -0.1   -0.0   -0.2
   -14.453   -73.185   -0.1   -0.0   -0.2
   -14.435   -73.185   -0.1   -0.1   -0.2
   -14.417   -73.185   -0.1   -0.1   -0.2
   -14.399   -73.185   -0.1   -0.1   -0.2
   -14.382   -73.185   -0.1   -0.1   -0.1
   -14.364   -73.185   -0.1   -0.1   -0.1
   -14.346   -73.185   -0.1   -0.1   -0.1
   -14.328   -73.185   -0.0   -0.1   -0.1
   -14.310   -73.185   -0.0   -0.1   -0.1
   -14.292   -73.185   -0.0   -0.1   -0.1
   -14.274   -73.185   -0.0   -0.1   -0.1
   -14.256   -73.185   -0.0   -0.1   -0.1
   -14.238   -73.185   -0.0   -0.1   -0.1
   -14.220   -73.185   -0.0   -0.1   -0.1
   -14.202   -73.185   -0.0   -0.1   -0.1
   -14.184   -73.185   -0.0   -0.1   -0.1
   -14.166   -73.185   -0.0   -0.1   -0.1
   -14.148   -73.185   -0.0   -0.1   -0.1
   -14.130   -73.185   -0.0   -0.1   -0.1
   -14.112   -73.185   -0.0   -0.1   -0.1
   -14.094   -73.185   -0.0   -0.1   -0.1
   -14.076   -73.185   -0.0   -0.1   -0.1
   -14.058   -73.185   -0.0   -0.1   -0.1
   -14.040   -73.185   -0.0   -0.1   -0.1
   -14.022   -73.185   -0.0   -0.1   -0.1
   -14.005   -73.185   -0.0   -0.1   -0.1
   -13.987   -73.185   -0.0   -0.1   -0.1
   -13.969   -73.185   -0.0   -0.1   -0.1
   -13.951   -73.185   -0.0   -0.1   -0.1
   -13.933   -73.185   -0.0   -0.1   -0.0
   -13.915   -73.185   -0.0   -0.1   -0.0
   -13.897   -73.185   -0.0   -0.1   -0.0
   -13.879   -73.185   -0.0   -0.0   -0.0
   -13.861   -73.185   -0.0   -0.0   -0.0
   -13.843   -73.185   -0.0   -0.0   -0.0
   -13.825   -73.185   -0.0   -0.0   -0.0
   -13.807   -73.185   -0.0   -0.0   -0.0
   -13.789   -73.185   -0.0   -0.0   -0.0
   -13.771   -73.185   -0.0   -0.0   -0.0
   -13.753   -73.185   -0.0   -0.0   -0.0
   -13.735   -73.185   -0.0   -0.0   -0.0
   -13.717   -73.185   -0.0   -0.0   -0.0
   -13.699   -73.185   -0.0   -0.0   -0.0
   -13.681   -73.185   -0.0   -0.0   -0.0
   -13.663   -73.185   -0.0   -0.0   -0.0
   -13.646   -73.185   -0.0   -0.0   -0.0
   -13.628   -73.185   -0.0   -0.0   -0.0
   -13.610   -73.185   -0.0   -0.0   -0.0
   -13.592   -73.185   -0.0   -0.0   -0.0
   -13.574   -73.185   -0.0   -0.0   -0.0
   -13.556   -73.185   -0.0   -0.0   -0.0
   -13.538   -73.185   -0.0   -0.0   -0.0
   -15.333   -73.167   -0.0    0.1   -0.1
   -15.315   -73.167   -0.0    0.1   -0.1
   -15.297   -73.167   -0.0    0.1   -0.1
   -15.279   -73.167   -0.0    0.1   -0.1
   -15.261   -73.167   -0.0    0.1   -0.1
   -15.243   -73.167   -0.0    0.1   -0.1
   -15.225   -73.167   -0.0    0.1   -0.1
   -15.207   -73.167   -0.0    0.1   -0.1
   -15.189   -73.167   -0.0    0.1   -0.1
   -15.171   -73.167   -0.0    0.1   -0.1
   -15.153   -73.167   -0.0    0.1   -0.1
   -15.135   -73.167   -0.0    0.1   -0.1
   -15.118   -73.167   -0.0    0.1   -0.1
   -15.100   -73.167   -0.0    0.1   -0.1
   -15.082   -73.167   -0.1    0.1   -0.1
   -15.064   -73.167   -0.1    0.1   -0.2
   -15.046   -73.167   -0.1    0.1   -0.2
   -15.028   -73.167   -0.1    0.1   -0.2
   -15.010   -73.167   -0.1    0.1   -0.2
   -14.992   -73.167   -0.1    0.1   -0.2
   -14.974   -73.167   -0.1    0.1   -0.2
   -14.956   -73.167   -0.1    0.0   -0.2
   -14.938   -73.167   -0.1    0.0   -0.2
   -14.920   -73.167   -0.1    0.0   -0.2
   -14.902   -73.167   -0.1    0.0   -0.2
   -14.884   -73.167   -0.1    0.0   -0.2
   -14.866   -73.167   -0.1    0.0   -0.2
   -14.848   -73.167   -0.1    0.0   -0.2
   -14.830   -73.167   -0.1    0.0   -0.2
   -14.812   -73.167   -0.1    0.0   -0.2
   -14.794   -73.167   -0.1    0.0   -0.2
   -14.776   -73.167   -0.1    0.0   -0.2
   -14.758   -73.167   -0.1    0.0   -0.2
   -14.741   -73.167   -0.1    0.0   -0.2
   -14.723   -73.167   -0.1    0.0   -0.2
   -14.705   -73.167   -0.1    0.0   -0.2
   -14.687   -73.167   -0.1   -0.0   -0.2
   -14.669   -73.167   -0.1   -0.0   -0.2
   -14.651   -73.167   -0.1   -0.0   -0.2
   -14.633   -73.167   -0.1   -0.0   -0.2
   -14.615   -73.167   -0.1   -0.0   -0.2
   -14.597   -73.167   -0.1   -0.0   -0.2
   -14.579   -73.167   -0.1   -0.0   -0.2
   -14.561   -73.167   -0.1   -0.0   -0.2
   -14.543   -73.167   -0.1   -0.0   -0.2
   -14.525   -73.167   -0.1   -0.0   -0.2
   -14.507   -73.167   -0.1   -0.0   -0.2
   -14.489   -73.167   -0.1   -0.0   -0.2
   -14.471   -73.167   -0.1   -0.0   -0.2
   -14.453   -73.167   -0.1   -0.0   -0.2
   -14.435   -73.167   -0.1   -0.0   -0.1
   -14.417   -73.167   -0.1   -0.0   -0.1
   -14.399   -73.167   -0.1   -0.1   -0.1
   -14.382   -73.167   -0.1   -0.1   -0.1
   -14.364   -73.167   -0.0   -0.1   -0.1
   -14.346   -73.167   -0.0   -0.1   -0.1
   -14.328   -73.167   -0.0   -0.1   -0.1
   -14.310   -73.167   -0.0   -0.1   -0.1
   -14.292   -73.167   -0.0   -0.1   -0.1
   -14.274   -73.167   -0.0   -0.1   -0.1
   -14.256   -73.167   -0.0   -0.1   -0.1
   -14.238   -73.167   -0.0   -0.1   -0.1
   -14.220   -73.167   -0.0   -0.1   -0.1
   -14.202   -73.167   -0.0   -0.1   -0.1
   -14.184   -73.167   -0.0   -0.1   -0.1
   -14.166   -73.167   -0.0   -0.1   -0.1
   -14.148   -73.167   -0.0   -0.1   -0.1
   -14.130   -73.167   -0.0   -0.1   -0.1
   -14.112   -73.167   -0.0   -0.1   -0.1
   -14.094   -73.167   -0.0   -0.1   -0.1
   -14.076   -73.167   -0.0   -0.1   -0.1
   -14.058   -73.167   -0.0   -0.1   -0.1
   -14.040   -73.167   -0.0   -0.1   -0.1
   -14.022   -73.167   -0.0   -0.1   -0.1
   -14.005   -73.167   -0.0   -0.1   -0.1
   -13.987   -73.167   -0.0   -0.1   -0.1
   -13.969   -73.167   -0.0   -0.1   -0.0
   -13.951   -73.167   -0.0   -0.1   -0.0
   -13.933   -73.167   -0.0   -0.1   -0.0
   -13.915   -73.167   -0.0   -0.0   -0.0
   -13.897   -73.167   -0.0   -0.0   -0.0
   -13.879   -73.167   -0.0   -0.0   -0.0
   -13.861   -73.167   -0.0   -0.0   -0.0
   -13.843   -73.167   -0.0   -0.0   -0.0
   -13.825   -73.167   -0.0   -0.0   -0.0
   -13.807   -73.167   -0.0   -0.0   -0.0
   -13.789   -73.167   -0.0   -0.0   -0.0
   -13.771   -73.167   -0.0   -0.0   -0.0
   -13.753   -73.167   -0.0   -0.0   -0.0
   -13.735   -73.167   -0.0   -0.0   -0.0
   -13.717   -73.167   -0.0   -0.0   -0.0
   -13.699   -73.167   -0.0   -0.0   -0.0
   -13.681   -73.167   -0.0   -0.0   -0.0
   -13.663   -73.167   -0.0   -0.0   -0.0
   -13.646   -73.167   -0.0   -0.0   -0.0
   -13.628   -73.167   -0.0   -0.0   -0.0
   -13.610   -73.167   -0.0   -0.0   -0.0
   -13.592   -73.167   -0.0   -0.0   -0.0
   -13.574   -73.167   -0.0   -0.0   -0.0
   -13.556   -73.167   -0.0   -0.0   -0.0
   -13.538   -73.167   -0.0   -0.0   -0.0
   -15.333   -73.148   -0.0    0.1   -0.1
   -15.315   -73.148   -0.0    0.1   -0.1
   -15.297   -73.148   -0.0    0.1   -0.1
   -15.279   -73.148   -0.0    0.1   -0.1
   -15.261   -73.148   -0.0    0.1   -0.1
   -15.243   -73.148   -0.0    0.1   -0.1
   -15.225   -73.148   -0.0    0.1   -0.1
   -15.207   -73.148   -0.0    0.1   -0.1
   -15.189   -73.148   -0.0    0.1   -0.1
   -15.171   -73.148   -0.0    0.1   -0.1
   -15.153   -73.148   -0.0    0.1   -0.1
   -15.135   -73.148   -0.0    0.1   -0.1
   -15.118   -73.148   -0.0    0.1   -0.1
   -15.100   -73.148   -0.0    0.1   -0.1
   -15.082   -73.148   -0.0    0.1   -0.1
   -15.064   -73.148   -0.1    0.1   -0.1
   -15.046   -73.148   -0.1    0.1   -0.1
   -15.028   -73.148   -0.1    0.1   -0.1
   -15.010   -73.148   -0.1    0.1   -0.2
   -14.992   -73.148   -0.1    0.0   -0.2
   -14.974   -73.148   -0.1    0.0   -0.2
   -14.956   -73.148   -0.1    0.0   -0.2
   -14.938   -73.148   -0.1    0.0   -0.2
   -14.920   -73.148   -0.1    0.0   -0.2
   -14.902   -73.148   -0.1    0.0   -0.2
   -14.884   -73.148   -0.1    0.0   -0.2
   -14.866   -73.148   -0.1    0.0   -0.2
   -14.848   -73.148   -0.1    0.0   -0.2
   -14.830   -73.148   -0.1    0.0   -0.2
   -14.812   -73.148   -0.1    0.0   -0.2
   -14.794   -73.148   -0.1    0.0   -0.2
   -14.776   -73.148   -0.1    0.0   -0.2
   -14.758   -73.148   -0.1    0.0   -0.2
   -14.741   -73.148   -0.1    0.0   -0.2
   -14.723   -73.148   -0.1    0.0   -0.2
   -14.705   -73.148   -0.1   -0.0   -0.2
   -14.687   -73.148   -0.1   -0.0   -0.2
   -14.669   -73.148   -0.1   -0.0   -0.2
   -14.651   -73.148   -0.1   -0.0   -0.2
   -14.633   -73.148   -0.1   -0.0   -0.2
   -14.615   -73.148   -0.1   -0.0   -0.2
   -14.597   -73.148   -0.1   -0.0   -0.2
   -14.579   -73.148   -0.1   -0.0   -0.2
   -14.561   -73.148   -0.1   -0.0   -0.2
   -14.543   -73.148   -0.1   -0.0   -0.2
   -14.525   -73.148   -0.1   -0.0   -0.2
   -14.507   -73.148   -0.1   -0.0   -0.2
   -14.489   -73.148   -0.1   -0.0   -0.1
   -14.471   -73.148   -0.1   -0.0   -0.1
   -14.453   -73.148   -0.1   -0.0   -0.1
   -14.435   -73.148   -0.1   -0.0   -0.1
   -14.417   -73.148   -0.1   -0.0   -0.1
   -14.399   -73.148   -0.0   -0.0   -0.1
   -14.382   -73.148   -0.0   -0.0   -0.1
   -14.364   -73.148   -0.0   -0.1   -0.1
   -14.346   -73.148   -0.0   -0.1   -0.1
   -14.328   -73.148   -0.0   -0.1   -0.1
   -14.310   -73.148   -0.0   -0.1   -0.1
   -14.292   -73.148   -0.0   -0.1   -0.1
   -14.274   -73.148   -0.0   -0.1   -0.1
   -14.256   -73.148   -0.0   -0.1   -0.1
   -14.238   -73.148   -0.0   -0.1   -0.1
   -14.220   -73.148   -0.0   -0.1   -0.1
   -14.202   -73.148   -0.0   -0.1   -0.1
   -14.184   -73.148   -0.0   -0.1   -0.1
   -14.166   -73.148   -0.0   -0.1   -0.1
   -14.148   -73.148   -0.0   -0.1   -0.1
   -14.130   -73.148   -0.0   -0.1   -0.1
   -14.112   -73.148   -0.0   -0.1   -0.1
   -14.094   -73.148   -0.0   -0.1   -0.1
   -14.076   -73.148   -0.0   -0.1   -0.1
   -14.058   -73.148   -0.0   -0.1   -0.1
   -14.040   -73.148   -0.0   -0.1   -0.1
   -14.022   -73.148   -0.0   -0.1   -0.1
   -14.005   -73.148   -0.0   -0.1   -0.1
   -13.987   -73.148   -0.0   -0.1   -0.0
   -13.969   -73.148   -0.0   -0.0   -0.0
   -13.951   -73.148   -0.0   -0.0   -0.0
   -13.933   -73.148   -0.0   -0.0   -0.0
   -13.915   -73.148   -0.0   -0.0   -0.0
   -13.897   -73.148   -0.0   -0.0   -0.0
   -13.879   -73.148   -0.0   -0.0   -0.0
   -13.861   -73.148   -0.0   -0.0   -0.0
   -13.843   -73.148   -0.0   -0.0   -0.0
   -13.825   -73.148   -0.0   -0.0   -0.0
   -13.807   -73.148   -0.0   -0.0   -0.0
   -13.789   -73.148   -0.0   -0.0   -0.0
   -13.771   -73.148   -0.0   -0.0   -0.0
   -13.753   -73.148   -0.0   -0.0   -0.0
   -13.735   -73.148   -0.0   -0.0   -0.0
   -13.717   -73.148   -0.0   -0.0   -0.0
   -13.699   -73.148   -0.0   -0.0   -0.0
   -13.681   -73.148   -0.0   -0.0   -0.0
   -13.663   -73.148   -0.0   -0.0   -0.0
   -13.646   -73.148   -0.0   -0.0   -0.0
   -13.628   -73.148   -0.0   -0.0   -0.0
   -13.610   -73.148   -0.0   -0.0   -0.0
   -13.592   -73.148   -0.0   -0.0   -0.0
   -13.574   -73.148   -0.0   -0.0   -0.0
   -13.556   -73.148   -0.0   -0.0   -0.0
   -13.538   -73.148   -0.0   -0.0   -0.0
   -15.333   -73.130   -0.0    0.1   -0.1
   -15.315   -73.130   -0.0    0.1   -0.1
   -15.297   -73.130   -0.0    0.1   -0.1
   -15.279   -73.130   -0.0    0.1   -0.1
   -15.261   -73.130   -0.0    0.1   -0.1
   -15.243   -73.130   -0.0    0.1   -0.1
   -15.225   -73.130   -0.0    0.1   -0.1
   -15.207   -73.130   -0.0    0.1   -0.1
   -15.189   -73.130   -0.0    0.1   -0.1
   -15.171   -73.130   -0.0    0.1   -0.1
   -15.153   -73.130   -0.0    0.1   -0.1
   -15.135   -73.130   -0.0    0.1   -0.1
   -15.118   -73.130   -0.0    0.1   -0.1
   -15.100   -73.130   -0.0    0.1   -0.1
   -15.082   -73.130   -0.0    0.1   -0.1
   -15.064   -73.130   -0.0    0.1   -0.1
   -15.046   -73.130   -0.0    0.1   -0.1
   -15.028   -73.130   -0.1    0.1   -0.1
   -15.010   -73.130   -0.1    0.0   -0.1
   -14.992   -73.130   -0.1    0.0   -0.1
   -14.974   -73.130   -0.1    0.0   -0.1
   -14.956   -73.130   -0.1    0.0   -0.1
   -14.938   -73.130   -0.1    0.0   -0.2
   -14.920   -73.130   -0.1    0.0   -0.2
   -14.902   -73.130   -0.1    0.0   -0.2
   -14.884   -73.130   -0.1    0.0   -0.2
   -14.866   -73.130   -0.1    0.0   -0.2
   -14.848   -73.130   -0.1    0.0   -0.2
   -14.830   -73.130   -0.1    0.0   -0.2
   -14.812   -73.130   -0.1    0.0   -0.2
   -14.794   -73.130   -0.1    0.0   -0.2
   -14.776   -73.130   -0.1    0.0   -0.2
   -14.758   -73.130   -0.1    0.0   -0.2
   -14.741   -73.130   -0.1    0.0   -0.2
   -14.723   -73.130   -0.1    0.0   -0.2
   -14.705   -73.130   -0.1   -0.0   -0.2
   -14.687   -73.130   -0.1   -0.0   -0.2
   -14.669   -73.130   -0.1   -0.0   -0.2
   -14.651   -73.130   -0.1   -0.0   -0.2
   -14.633   -73.130   -0.1   -0.0   -0.2
   -14.615   -73.130   -0.1   -0.0   -0.2
   -14.597   -73.130   -0.1   -0.0   -0.2
   -14.579   -73.130   -0.1   -0.0   -0.2
   -14.561   -73.130   -0.1   -0.0   -0.1
   -14.543   -73.130   -0.1   -0.0   -0.1
   -14.525   -73.130   -0.1   -0.0   -0.1
   -14.507   -73.130   -0.1   -0.0   -0.1
   -14.489   -73.130   -0.1   -0.0   -0.1
   -14.471   -73.130   -0.1   -0.0   -0.1
   -14.453   -73.130   -0.1   -0.0   -0.1
   -14.435   -73.130   -0.0   -0.0   -0.1
   -14.417   -73.130   -0.0   -0.0   -0.1
   -14.399   -73.130   -0.0   -0.0   -0.1
   -14.382   -73.130   -0.0   -0.0   -0.1
   -14.364   -73.130   -0.0   -0.0   -0.1
   -14.346   -73.130   -0.0   -0.0   -0.1
   -14.328   -73.130   -0.0   -0.1   -0.1
   -14.310   -73.130   -0.0   -0.1   -0.1
   -14.292   -73.130   -0.0   -0.1   -0.1
   -14.274   -73.130   -0.0   -0.1   -0.1
   -14.256   -73.130   -0.0   -0.1   -0.1
   -14.238   -73.130   -0.0   -0.1   -0.1
   -14.220   -73.130   -0.0   -0.1   -0.1
   -14.202   -73.130   -0.0   -0.1   -0.1
   -14.184   -73.130   -0.0   -0.1   -0.1
   -14.166   -73.130   -0.0   -0.1   -0.1
   -14.148   -73.130   -0.0   -0.1   -0.1
   -14.130   -73.130   -0.0   -0.1   -0.1
   -14.112   -73.130   -0.0   -0.1   -0.1
   -14.094   -73.130   -0.0   -0.1   -0.1
   -14.076   -73.130   -0.0   -0.1   -0.1
   -14.058   -73.130   -0.0   -0.0   -0.1
   -14.040   -73.130   -0.0   -0.0   -0.1
   -14.022   -73.130   -0.0   -0.0   -0.0
   -14.005   -73.130   -0.0   -0.0   -0.0
   -13.987   -73.130   -0.0   -0.0   -0.0
   -13.969   -73.130   -0.0   -0.0   -0.0
   -13.951   -73.130   -0.0   -0.0   -0.0
   -13.933   -73.130   -0.0   -0.0   -0.0
   -13.915   -73.130   -0.0   -0.0   -0.0
   -13.897   -73.130   -0.0   -0.0   -0.0
   -13.879   -73.130   -0.0   -0.0   -0.0
   -13.861   -73.130   -0.0   -0.0   -0.0
   -13.843   -73.130   -0.0   -0.0   -0.0
   -13.825   -73.130   -0.0   -0.0   -0.0
   -13.807   -73.130   -0.0   -0.0   -0.0
   -13.789   -73.130   -0.0   -0.0   -0.0
   -13.771   -73.130   -0.0   -0.0   -0.0
   -13.753   -73.130   -0.0   -0.0   -0.0
   -13.735   -73.130   -0.0   -0.0   -0.0
   -13.717   -73.130   -0.0   -0.0   -0.0
   -13.699   -73.130   -0.0   -0.0   -0.0
   -13.681   -73.130   -0.0   -0.0   -0.0
   -13.663   -73.130   -0.0   -0.0   -0.0
   -13.646   -73.130   -0.0   -0.0   -0.0
   -13.628   -73.130   -0.0   -0.0   -0.0
   -13.610   -73.130   -0.0   -0.0   -0.0
   -13.592   -73.130   -0.0   -0.0   -0.0
   -13.574   -73.130   -0.0   -0.0   -0.0
   -13.556   -73.130   -0.0   -0.0   -0.0
   -13.538   -73.130   -0.0   -0.0   -0.0
   -15.333   -73.111   -0.0    0.1   -0.1
   -15.315   -73.111   -0.0    0.1   -0.1
   -15.297   -73.111   -0.0    0.1   -0.1
   -15.279   -73.111   -0.0    0.1   -0.1
   -15.261   -73.111   -0.0    0.1   -0.1
   -15.243   -73.111   -0.0    0.1   -0.1
   -15.225   -73.111   -0.0    0.1   -0.1
   -15.207   -73.111   -0.0    0.1   -0.1
   -15.189   -73.111   -0.0    0.1   -0.1
   -15.171   -73.111   -0.0    0.1   -0.1
   -15.153   -73.111   -0.0    0.1   -0.1
   -15.135   -73.111   -0.0    0.1   -0.1
   -15.118   -73.111   -0.0    0.1   -0.1
   -15.100   -73.111   -0.0    0.1   -0.1
   -15.082   -73.111   -0.0    0.1   -0.1
   -15.064   -73.111   -0.0    0.0   -0.1
   -15.046   -73.111   -0.0    0.0   -0.1
   -15.028   -73.111   -0.0    0.0   -0.1
   -15.010   -73.111   -0.0    0.0   -0.1
   -14.992   -73.111   -0.1    0.0   -0.1
   -14.974   -73.111   -0.1    0.0   -0.1
   -14.956   -73.111   -0.1    0.0   -0.1
   -14.938   -73.111   -0.1    0.0   -0.1
   -14.920   -73.111   -0.1    0.0   -0.1
   -14.902   -73.111   -0.1    0.0   -0.1
   -14.884   -73.111   -0.1    0.0   -0.1
   -14.866   -73.111   -0.1    0.0   -0.1
   -14.848   -73.111   -0.1    0.0   -0.1
   -14.830   -73.111   -0.1    0.0   -0.1
   -14.812   -73.111   -0.1    0.0   -0.1
   -14.794   -73.111   -0.1    0.0   -0.2
   -14.776   -73.111   -0.1    0.0   -0.2
   -14.758   -73.111   -0.1    0.0   -0.2
   -14.741   -73.111   -0.1    0.0   -0.2
   -14.723   -73.111   -0.1    0.0   -0.2
   -14.705   -73.111   -0.1   -0.0   -0.1
   -14.687   -73.111   -0.1   -0.0   -0.1
   -14.669   -73.111   -0.1   -0.0   -0.1
   -14.651   -73.111   -0.1   -0.0   -0.1
   -14.633   -73.111   -0.1   -0.0   -0.1
   -14.615   -73.111   -0.1   -0.0   -0.1
   -14.597   -73.111   -0.1   -0.0   -0.1
   -14.579   -73.111   -0.1   -0.0   -0.1
   -14.561   -73.111   -0.1   -0.0   -0.1
   -14.543   -73.111   -0.1   -0.0   -0.1
   -14.525   -73.111   -0.1   -0.0   -0.1
   -14.507   -73.111   -0.1   -0.0   -0.1
   -14.489   -73.111   -0.0   -0.0   -0.1
   -14.471   -73.111   -0.0   -0.0   -0.1
   -14.453   -73.111   -0.0   -0.0   -0.1
   -14.435   -73.111   -0.0   -0.0   -0.1
   -14.417   -73.111   -0.0   -0.0   -0.1
   -14.399   -73.111   -0.0   -0.0   -0.1
   -14.382   -73.111   -0.0   -0.0   -0.1
   -14.364   -73.111   -0.0   -0.0   -0.1
   -14.346   -73.111   -0.0   -0.0   -0.1
   -14.328   -73.111   -0.0   -0.0   -0.1
   -14.310   -73.111   -0.0   -0.0   -0.1
   -14.292   -73.111   -0.0   -0.0   -0.1
   -14.274   -73.111   -0.0   -0.0   -0.1
   -14.256   -73.111   -0.0   -0.0   -0.1
   -14.238   -73.111   -0.0   -0.0   -0.1
   -14.220   -73.111   -0.0   -0.0   -0.1
   -14.202   -73.111   -0.0   -0.0   -0.1
   -14.184   -73.111   -0.0   -0.0   -0.1
   -14.166   -73.111   -0.0   -0.0   -0.1
   -14.148   -73.111   -0.0   -0.0   -0.1
   -14.130   -73.111   -0.0   -0.0   -0.1
   -14.112   -73.111   -0.0   -0.0   -0.1
   -14.094   -73.111   -0.0   -0.0   -0.1
   -14.076   -73.111   -0.0   -0.0   -0.1
   -14.058   -73.111   -0.0   -0.0   -0.0
   -14.040   -73.111   -0.0   -0.0   -0.0
   -14.022   -73.111   -0.0   -0.0   -0.0
   -14.005   -73.111   -0.0   -0.0   -0.0
   -13.987   -73.111   -0.0   -0.0   -0.0
   -13.969   -73.111   -0.0   -0.0   -0.0
   -13.951   -73.111   -0.0   -0.0   -0.0
   -13.933   -73.111   -0.0   -0.0   -0.0
   -13.915   -73.111   -0.0   -0.0   -0.0
   -13.897   -73.111   -0.0   -0.0   -0.0
   -13.879   -73.111   -0.0   -0.0   -0.0
   -13.861   -73.111   -0.0   -0.0   -0.0
   -13.843   -73.111   -0.0   -0.0   -0.0
   -13.825   -73.111   -0.0   -0.0   -0.0
   -13.807   -73.111   -0.0   -0.0   -0.0
   -13.789   -73.111   -0.0   -0.0   -0.0
   -13.771   -73.111   -0.0   -0.0   -0.0
   -13.753   -73.111   -0.0   -0.0   -0.0
   -13.735   -73.111   -0.0   -0.0   -0.0
   -13.717   -73.111   -0.0   -0.0   -0.0
   -13.699   -73.111   -0.0   -0.0   -0.0
   -13.681   -73.111   -0.0   -0.0   -0.0
   -13.663   -73.111   -0.0   -0.0   -0.0
   -13.646   -73.111   -0.0   -0.0   -0.0
   -13.628   -73.111   -0.0   -0.0   -0.0
   -13.610   -73.111   -0.0   -0.0   -0.0
   -13.592   -73.111   -0.0   -0.0   -0.0
   -13.574   -73.111   -0.0   -0.0   -0.0
   -13.556   -73.111   -0.0   -0.0   -0.0
   -13.538   -73.111   -0.0   -0.0   -0.0
   -15.333   -73.093   -0.0    0.1   -0.1
   -15.315   -73.093   -0.0    0.1   -0.1
   -15.297   -73.093   -0.0    0.1   -0.1
   -15.279   -73.093   -0.0    0.1   -0.1
   -15.261   -73.093   -0.0    0.1   -0.1
   -15.243   -73.093   -0.0    0.1   -0.1
   -15.225   -73.093   -0.0    0.1   -0.1
   -15.207   -73.093   -0.0    0.1   -0.1
   -15.189   -73.093   -0.0    0.1   -0.1
   -15.171   -73.093   -0.0    0.1   -0.1
   -15.153   -73.093   -0.0    0.1   -0.1
   -15.135   -73.093   -0.0    0.1   -0.1
   -15.118   -73.093   -0.0    0.1   -0.1
   -15.100   -73.093   -0.0    0.0   -0.1
   -15.082   -73.093   -0.0    0.0   -0.1
   -15.064   -73.093   -0.0    0.0   -0.1
   -15.046   -73.093   -0.0    0.0   -0.1
   -15.028   -73.093   -0.0    0.0   -0.1
   -15.010   -73.093   -0.0    0.0   -0.1
   -14.992   -73.093   -0.0    0.0   -0.1
   -14.974   -73.093   -0.0    0.0   -0.1
   -14.956   -73.093   -0.0    0.0   -0.1
   -14.938   -73.093   -0.0    0.0   -0.1
   -14.920   -73.093   -0.1    0.0   -0.1
   -14.902   -73.093   -0.1    0.0   -0.1
   -14.884   -73.093   -0.1    0.0   -0.1
   -14.866   -73.093   -0.1    0.0   -0.1
   -14.848   -73.093   -0.1    0.0   -0.1
   -14.830   -73.093   -0.1    0.0   -0.1
   -14.812   -73.093   -0.1    0.0   -0.1
   -14.794   -73.093   -0.1    0.0   -0.1
   -14.776   -73.093   -0.1    0.0   -0.1
   -14.758   -73.093   -0.1    0.0   -0.1
   -14.741   -73.093   -0.1    0.0   -0.1
   -14.723   -73.093   -0.1    0.0   -0.1
   -14.705   -73.093   -0.1   -0.0   -0.1
   -14.687   -73.093   -0.1   -0.0   -0.1
   -14.669   -73.093   -0.1   -0.0   -0.1
   -14.651   -73.093   -0.1   -0.0   -0.1
   -14.633   -73.093   -0.1   -0.0   -0.1
   -14.615   -73.093   -0.1   -0.0   -0.1
   -14.597   -73.093   -0.1   -0.0   -0.1
   -14.579   -73.093   -0.1   -0.0   -0.1
   -14.561   -73.093   -0.0   -0.0   -0.1
   -14.543   -73.093   -0.0   -0.0   -0.1
   -14.525   -73.093   -0.0   -0.0   -0.1
   -14.507   -73.093   -0.0   -0.0   -0.1
   -14.489   -73.093   -0.0   -0.0   -0.1
   -14.471   -73.093   -0.0   -0.0   -0.1
   -14.453   -73.093   -0.0   -0.0   -0.1
   -14.435   -73.093   -0.0   -0.0   -0.1
   -14.417   -73.093   -0.0   -0.0   -0.1
   -14.399   -73.093   -0.0   -0.0   -0.1
   -14.382   -73.093   -0.0   -0.0   -0.1
   -14.364   -73.093   -0.0   -0.0   -0.1
   -14.346   -73.093   -0.0   -0.0   -0.1
   -14.328   -73.093   -0.0   -0.0   -0.1
   -14.310   -73.093   -0.0   -0.0   -0.1
   -14.292   -73.093   -0.0   -0.0   -0.1
   -14.274   -73.093   -0.0   -0.0   -0.1
   -14.256   -73.093   -0.0   -0.0   -0.1
   -14.238   -73.093   -0.0   -0.0   -0.1
   -14.220   -73.093   -0.0   -0.0   -0.1
   -14.202   -73.093   -0.0   -0.0   -0.1
   -14.184   -73.093   -0.0   -0.0   -0.1
   -14.166   -73.093   -0.0   -0.0   -0.1
   -14.148   -73.093   -0.0   -0.0   -0.1
   -14.130   -73.093   -0.0   -0.0   -0.1
   -14.112   -73.093   -0.0   -0.0   -0.1
   -14.094   -73.093   -0.0   -0.0   -0.1
   -14.076   -73.093   -0.0   -0.0   -0.0
   -14.058   -73.093   -0.0   -0.0   -0.0
   -14.040   -73.093   -0.0   -0.0   -0.0
   -14.022   -73.093   -0.0   -0.0   -0.0
   -14.005   -73.093   -0.0   -0.0   -0.0
   -13.987   -73.093   -0.0   -0.0   -0.0
   -13.969   -73.093   -0.0   -0.0   -0.0
   -13.951   -73.093   -0.0   -0.0   -0.0
   -13.933   -73.093   -0.0   -0.0   -0.0
   -13.915   -73.093   -0.0   -0.0   -0.0
   -13.897   -73.093   -0.0   -0.0   -0.0
   -13.879   -73.093   -0.0   -0.0   -0.0
   -13.861   -73.093   -0.0   -0.0   -0.0
   -13.843   -73.093   -0.0   -0.0   -0.0
   -13.825   -73.093   -0.0   -0.0   -0.0
   -13.807   -73.093   -0.0   -0.0   -0.0
   -13.789   -73.093   -0.0   -0.0   -0.0
   -13.771   -73.093   -0.0   -0.0   -0.0
   -13.753   -73.093   -0.0   -0.0   -0.0
   -13.735   -73.093   -0.0   -0.0   -0.0
   -13.717   -73.093   -0.0   -0.0   -0.0
   -13.699   -73.093   -0.0   -0.0   -0.0
   -13.681   -73.093   -0.0   -0.0   -0.0
   -13.663   -73.093   -0.0   -0.0   -0.0
   -13.646   -73.093   -0.0   -0.0   -0.0
   -13.628   -73.093   -0.0   -0.0   -0.0
   -13.610   -73.093   -0.0   -0.0   -0.0
   -13.592   -73.093   -0.0   -0.0   -0.0
   -13.574   -73.093   -0.0   -0.0   -0.0
   -13.556   -73.093   -0.0   -0.0   -0.0
   -13.538   -73.093   -0.0   -0.0   -0.0
   -15.333   -73.074   -0.0    0.1   -0.1
   -15.315   -73.074   -0.0    0.1   -0.1
   -15.297   -73.074   -0.0    0.1   -0.1
   -15.279   -73.074   -0.0    0.1   -0.1
   -15.261   -73.074   -0.0    0.1   -0.1
   -15.243   -73.074   -0.0    0.1   -0.1
   -15.225   -73.074   -0.0    0.1   -0.1
   -15.207   -73.074   -0.0    0.1   -0.1
   -15.189   -73.074   -0.0    0.0   -0.1
   -15.171   -73.074   -0.0    0.0   -0.1
   -15.153   -73.074   -0.0    0.0   -0.1
   -15.135   -73.074   -0.0    0.0   -0.1
   -15.118   -73.074   -0.0    0.0   -0.1
   -15.100   -73.074   -0.0    0.0   -0.1
   -15.082   -73.074   -0.0    0.0   -0.1
   -15.064   -73.074   -0.0    0.0   -0.1
   -15.046   -73.074   -0.0    0.0   -0.1
   -15.028   -73.074   -0.0    0.0   -0.1
   -15.010   -73.074   -0.0    0.0   -0.1
   -14.992   -73.074   -0.0    0.0   -0.1
   -14.974   -73.074   -0.0    0.0   -0.1
   -14.956   -73.074   -0.0    0.0   -0.1
   -14.938   -73.074   -0.0    0.0   -0.1
   -14.920   -73.074   -0.0    0.0   -0.1
   -14.902   -73.074   -0.0    0.0   -0.1
   -14.884   -73.074   -0.0    0.0   -0.1
   -14.866   -73.074   -0.0    0.0   -0.1
   -14.848   -73.074   -0.0    0.0   -0.1
   -14.830   -73.074   -0.0    0.0   -0.1
   -14.812   -73.074   -0.1    0.0   -0.1
   -14.794   -73.074   -0.1    0.0   -0.1
   -14.776   -73.074   -0.1    0.0   -0.1
   -14.758   -73.074   -0.1    0.0   -0.1
   -14.741   -73.074   -0.1    0.0   -0.1
   -14.723   -73.074   -0.1    0.0   -0.1
   -14.705   -73.074   -0.1   -0.0   -0.1
   -14.687   -73.074   -0.1   -0.0   -0.1
   -14.669   -73.074   -0.0   -0.0   -0.1
   -14.651   -73.074   -0.0   -0.0   -0.1
   -14.633   -73.074   -0.0   -0.0   -0.1
   -14.615   -73.074   -0.0   -0.0   -0.1
   -14.597   -73.074   -0.0   -0.0   -0.1
   -14.579   -73.074   -0.0   -0.0   -0.1
   -14.561   -73.074   -0.0   -0.0   -0.1
   -14.543   -73.074   -0.0   -0.0   -0.1
   -14.525   -73.074   -0.0   -0.0   -0.1
   -14.507   -73.074   -0.0   -0.0   -0.1
   -14.489   -73.074   -0.0   -0.0   -0.1
   -14.471   -73.074   -0.0   -0.0   -0.1
   -14.453   -73.074   -0.0   -0.0   -0.1
   -14.435   -73.074   -0.0   -0.0   -0.1
   -14.417   -73.074   -0.0   -0.0   -0.1
   -14.399   -73.074   -0.0   -0.0   -0.1
   -14.382   -73.074   -0.0   -0.0   -0.1
   -14.364   -73.074   -0.0   -0.0   -0.1
   -14.346   -73.074   -0.0   -0.0   -0.1
   -14.328   -73.074   -0.0   -0.0   -0.1
   -14.310   -73.074   -0.0   -0.0   -0.1
   -14.292   -73.074   -0.0   -0.0   -0.1
   -14.274   -73.074   -0.0   -0.0   -0.1
   -14.256   -73.074   -0.0   -0.0   -0.1
   -14.238   -73.074   -0.0   -0.0   -0.1
   -14.220   -73.074   -0.0   -0.0   -0.1
   -14.202   -73.074   -0.0   -0.0   -0.1
   -14.184   -73.074   -0.0   -0.0   -0.1
   -14.166   -73.074   -0.0   -0.0   -0.1
   -14.148   -73.074   -0.0   -0.0   -0.1
   -14.130   -73.074   -0.0   -0.0   -0.1
   -14.112   -73.074   -0.0   -0.0   -0.0
   -14.094   -73.074   -0.0   -0.0   -0.0
   -14.076   -73.074   -0.0   -0.0   -0.0
   -14.058   -73.074   -0.0   -0.0   -0.0
   -14.040   -73.074   -0.0   -0.0   -0.0
   -14.022   -73.074   -0.0   -0.0   -0.0
   -14.005   -73.074   -0.0   -0.0   -0.0
   -13.987   -73.074   -0.0   -0.0   -0.0
   -13.969   -73.074   -0.0   -0.0   -0.0
   -13.951   -73.074   -0.0   -0.0   -0.0
   -13.933   -73.074   -0.0   -0.0   -0.0
   -13.915   -73.074   -0.0   -0.0   -0.0
   -13.897   -73.074   -0.0   -0.0   -0.0
   -13.879   -73.074   -0.0   -0.0   -0.0
   -13.861   -73.074   -0.0   -0.0   -0.0
   -13.843   -73.074   -0.0   -0.0   -0.0
   -13.825   -73.074   -0.0   -0.0   -0.0
   -13.807   -73.074   -0.0   -0.0   -0.0
   -13.789   -73.074   -0.0   -0.0   -0.0
   -13.771   -73.074   -0.0   -0.0   -0.0
   -13.753   -73.074   -0.0   -0.0   -0.0
   -13.735   -73.074   -0.0   -0.0   -0.0
   -13.717   -73.074   -0.0   -0.0   -0.0
   -13.699   -73.074   -0.0   -0.0   -0.0
   -13.681   -73.074   -0.0   -0.0   -0.0
   -13.663   -73.074   -0.0   -0.0   -0.0
   -13.646   -73.074   -0.0   -0.0   -0.0
   -13.628   -73.074   -0.0   -0.0   -0.0
   -13.610   -73.074   -0.0   -0.0   -0.0
   -13.592   -73.074   -0.0   -0.0   -0.0
   -13.574   -73.074   -0.0   -0.0   -0.0
   -13.556   -73.074   -0.0   -0.0   -0.0
   -13.538   -73.074    0.0   -0.0   -0.0
   -15.333   -73.055   -0.0    0.0   -0.1
   -15.315   -73.055   -0.0    0.0   -0.1
   -15.297   -73.055   -0.0    0.0   -0.1
   -15.279   -73.055   -0.0    0.0   -0.1
   -15.261   -73.055   -0.0    0.0   -0.1
   -15.243   -73.055   -0.0    0.0   -0.1
   -15.225   -73.055   -0.0    0.0   -0.1
   -15.207   -73.055   -0.0    0.0   -0.1
   -15.189   -73.055   -0.0    0.0   -0.1
   -15.171   -73.055   -0.0    0.0   -0.1
   -15.153   -73.055   -0.0    0.0   -0.1
   -15.135   -73.055   -0.0    0.0   -0.1
   -15.118   -73.055   -0.0    0.0   -0.1
   -15.100   -73.055   -0.0    0.0   -0.1
   -15.082   -73.055   -0.0    0.0   -0.1
   -15.064   -73.055   -0.0    0.0   -0.1
   -15.046   -73.055   -0.0    0.0   -0.1
   -15.028   -73.055   -0.0    0.0   -0.1
   -15.010   -73.055   -0.0    0.0   -0.1
   -14.992   -73.055   -0.0    0.0   -0.1
   -14.974   -73.055   -0.0    0.0   -0.1
   -14.956   -73.055   -0.0    0.0   -0.1
   -14.938   -73.055   -0.0    0.0   -0.1
   -14.920   -73.055   -0.0    0.0   -0.1
   -14.902   -73.055   -0.0    0.0   -0.1
   -14.884   -73.055   -0.0    0.0   -0.1
   -14.866   -73.055   -0.0    0.0   -0.1
   -14.848   -73.055   -0.0    0.0   -0.1
   -14.830   -73.055   -0.0    0.0   -0.1
   -14.812   -73.055   -0.0    0.0   -0.1
   -14.794   -73.055   -0.0    0.0   -0.1
   -14.776   -73.055   -0.0    0.0   -0.1
   -14.758   -73.055   -0.0    0.0   -0.1
   -14.741   -73.055   -0.0    0.0   -0.1
   -14.723   -73.055   -0.0    0.0   -0.1
   -14.705   -73.055   -0.0   -0.0   -0.1
   -14.687   -73.055   -0.0   -0.0   -0.1
   -14.669   -73.055   -0.0   -0.0   -0.1
   -14.651   -73.055   -0.0   -0.0   -0.1
   -14.633   -73.055   -0.0   -0.0   -0.1
   -14.615   -73.055   -0.0   -0.0   -0.1
   -14.597   -73.055   -0.0   -0.0   -0.1
   -14.579   -73.055   -0.0   -0.0   -0.1
   -14.561   -73.055   -0.0   -0.0   -0.1
   -14.543   -73.055   -0.0   -0.0   -0.1
   -14.525   -73.055   -0.0   -0.0   -0.1
   -14.507   -73.055   -0.0   -0.0   -0.1
   -14.489   -73.055   -0.0   -0.0   -0.1
   -14.471   -73.055   -0.0   -0.0   -0.1
   -14.453   -73.055   -0.0   -0.0   -0.1
   -14.435   -73.055   -0.0   -0.0   -0.1
   -14.417   -73.055   -0.0   -0.0   -0.1
   -14.399   -73.055   -0.0   -0.0   -0.1
   -14.382   -73.055   -0.0   -0.0   -0.1
   -14.364   -73.055   -0.0   -0.0   -0.1
   -14.346   -73.055   -0.0   -0.0   -0.1
   -14.328   -73.055   -0.0   -0.0   -0.1
   -14.310   -73.055   -0.0   -0.0   -0.1
   -14.292   -73.055   -0.0   -0.0   -0.1
   -14.274   -73.055   -0.0   -0.0   -0.1
   -14.256   -73.055   -0.0   -0.0   -0.1
   -14.238   -73.055   -0.0   -0.0   -0.1
   -14.220   -73.055   -0.0   -0.0   -0.1
   -14.202   -73.055   -0.0   -0.0   -0.1
   -14.184   -73.055   -0.0   -0.0   -0.1
   -14.166   -73.055   -0.0   -0.0   -0.0
   -14.148   -73.055   -0.0   -0.0   -0.0
   -14.130   -73.055   -0.0   -0.0   -0.0
   -14.112   -73.055   -0.0   -0.0   -0.0
   -14.094   -73.055   -0.0   -0.0   -0.0
   -14.076   -73.055   -0.0   -0.0   -0.0
   -14.058   -73.055   -0.0   -0.0   -0.0
   -14.040   -73.055   -0.0   -0.0   -0.0
   -14.022   -73.055   -0.0   -0.0   -0.0
   -14.005   -73.055   -0.0   -0.0   -0.0
   -13.987   -73.055   -0.0   -0.0   -0.0
   -13.969   -73.055   -0.0   -0.0   -0.0
   -13.951   -73.055   -0.0   -0.0   -0.0
   -13.933   -73.055   -0.0   -0.0   -0.0
   -13.915   -73.055   -0.0   -0.0   -0.0
   -13.897   -73.055   -0.0   -0.0   -0.0
   -13.879   -73.055   -0.0   -0.0   -0.0
   -13.861   -73.055   -0.0   -0.0   -0.0
   -13.843   -73.055   -0.0   -0.0   -0.0
   -13.825   -73.055   -0.0   -0.0   -0.0
   -13.807   -73.055   -0.0   -0.0   -0.0
   -13.789   -73.055   -0.0   -0.0   -0.0
   -13.771   -73.055   -0.0   -0.0   -0.0
   -13.753   -73.055   -0.0   -0.0   -0.0
   -13.735   -73.055   -0.0   -0.0   -0.0
   -13.717   -73.055   -0.0   -0.0   -0.0
   -13.699   -73.055   -0.0   -0.0   -0.0
   -13.681   -73.055   -0.0   -0.0   -0.0
   -13.663   -73.055   -0.0   -0.0   -0.0
   -13.646   -73.055   -0.0   -0.0   -0.0
   -13.628   -73.055   -0.0   -0.0   -0.0
   -13.610   -73.055    0.0   -0.0   -0.0
   -13.592   -73.055    0.0   -0.0   -0.0
   -13.574   -73.055    0.0   -0.0   -0.0
   -13.556   -73.055    0.0   -0.0   -0.0
   -13.538   -73.055    0.0   -0.0   -0.0
   -15.333   -73.037   -0.0    0.0   -0.1
   -15.315   -73.037   -0.0    0.0   -0.1
   -15.297   -73.037   -0.0    0.0   -0.1
   -15.279   -73.037   -0.0    0.0   -0.1
   -15.261   -73.037   -0.0    0.0   -0.1
   -15.243   -73.037   -0.0    0.0   -0.1
   -15.225   -73.037   -0.0    0.0   -0.1
   -15.207   -73.037   -0.0    0.0   -0.1
   -15.189   -73.037   -0.0    0.0   -0.1
   -15.171   -73.037   -0.0    0.0   -0.1
   -15.153   -73.037   -0.0    0.0   -0.1
   -15.135   -73.037   -0.0    0.0   -0.1
   -15.118   -73.037   -0.0    0.0   -0.1
   -15.100   -73.037   -0.0    0.0   -0.1
   -15.082   -73.037   -0.0    0.0   -0.1
   -15.064   -73.037   -0.0    0.0   -0.1
   -15.046   -73.037   -0.0    0.0   -0.1
   -15.028   -73.037   -0.0    0.0   -0.1
   -15.010   -73.037   -0.0    0.0   -0.1
   -14.992   -73.037   -0.0    0.0   -0.1
   -14.974   -73.037   -0.0    0.0   -0.1
   -14.956   -73.037   -0.0    0.0   -0.1
   -14.938   -73.037   -0.0    0.0   -0.1
   -14.920   -73.037   -0.0    0.0   -0.1
   -14.902   -73.037   -0.0    0.0   -0.1
   -14.884   -73.037   -0.0    0.0   -0.1
   -14.866   -73.037   -0.0    0.0   -0.1
   -14.848   -73.037   -0.0    0.0   -0.1
   -14.830   -73.037   -0.0    0.0   -0.1
   -14.812   -73.037   -0.0    0.0   -0.1
   -14.794   -73.037   -0.0    0.0   -0.1
   -14.776   -73.037   -0.0    0.0   -0.1
   -14.758   -73.037   -0.0    0.0   -0.1
   -14.741   -73.037   -0.0    0.0   -0.1
   -14.723   -73.037   -0.0   -0.0   -0.1
   -14.705   -73.037   -0.0   -0.0   -0.1
   -14.687   -73.037   -0.0   -0.0   -0.1
   -14.669   -73.037   -0.0   -0.0   -0.1
   -14.651   -73.037   -0.0   -0.0   -0.1
   -14.633   -73.037   -0.0   -0.0   -0.1
   -14.615   -73.037   -0.0   -0.0   -0.1
   -14.597   -73.037   -0.0   -0.0   -0.1
   -14.579   -73.037   -0.0   -0.0   -0.1
   -14.561   -73.037   -0.0   -0.0   -0.1
   -14.543   -73.037   -0.0   -0.0   -0.1
   -14.525   -73.037   -0.0   -0.0   -0.1
   -14.507   -73.037   -0.0   -0.0   -0.1
   -14.489   -73.037   -0.0   -0.0   -0.1
   -14.471   -73.037   -0.0   -0.0   -0.1
   -14.453   -73.037   -0.0   -0.0   -0.1
   -14.435   -73.037   -0.0   -0.0   -0.1
   -14.417   -73.037   -0.0   -0.0   -0.1
   -14.399   -73.037   -0.0   -0.0   -0.1
   -14.382   -73.037   -0.0   -0.0   -0.1
   -14.364   -73.037   -0.0   -0.0   -0.1
   -14.346   -73.037   -0.0   -0.0   -0.1
   -14.328   -73.037   -0.0   -0.0   -0.1
   -14.310   -73.037   -0.0   -0.0   -0.1
   -14.292   -73.037   -0.0   -0.0   -0.1
   -14.274   -73.037   -0.0   -0.0   -0.1
   -14.256   -73.037   -0.0   -0.0   -0.1
   -14.238   -73.037   -0.0   -0.0   -0.1
   -14.220   -73.037   -0.0   -0.0   -0.1
   -14.202   -73.037   -0.0   -0.0   -0.0
   -14.184   -73.037   -0.0   -0.0   -0.0
   -14.166   -73.037   -0.0   -0.0   -0.0
   -14.148   -73.037   -0.0   -0.0   -0.0
   -14.130   -73.037   -0.0   -0.0   -0.0
   -14.112   -73.037   -0.0   -0.0   -0.0
   -14.094   -73.037   -0.0   -0.0   -0.0
   -14.076   -73.037   -0.0   -0.0   -0.0
   -14.058   -73.037   -0.0   -0.0   -0.0
   -14.040   -73.037   -0.0   -0.0   -0.0
   -14.022   -73.037   -0.0   -0.0   -0.0
   -14.005   -73.037   -0.0   -0.0   -0.0
   -13.987   -73.037   -0.0   -0.0   -0.0
   -13.969   -73.037   -0.0   -0.0   -0.0
   -13.951   -73.037   -0.0   -0.0   -0.0
   -13.933   -73.037   -0.0   -0.0   -0.0
   -13.915   -73.037   -0.0   -0.0   -0.0
   -13.897   -73.037   -0.0   -0.0   -0.0
   -13.879   -73.037   -0.0   -0.0   -0.0
   -13.861   -73.037   -0.0   -0.0   -0.0
   -13.843   -73.037   -0.0   -0.0   -0.0
   -13.825   -73.037   -0.0   -0.0   -0.0
   -13.807   -73.037   -0.0   -0.0   -0.0
   -13.789   -73.037   -0.0   -0.0   -0.0
   -13.771   -73.037   -0.0   -0.0   -0.0
   -13.753   -73.037   -0.0   -0.0   -0.0
   -13.735   -73.037   -0.0   -0.0   -0.0
   -13.717   -73.037   -0.0   -0.0   -0.0
   -13.699   -73.037    0.0   -0.0   -0.0
   -13.681   -73.037    0.0   -0.0   -0.0
   -13.663   -73.037    0.0   -0.0   -0.0
   -13.646   -73.037    0.0   -0.0   -0.0
   -13.628   -73.037    0.0   -0.0   -0.0
   -13.610   -73.037    0.0   -0.0   -0.0
   -13.592   -73.037    0.0   -0.0   -0.0
   -13.574   -73.037    0.0   -0.0   -0.0
   -13.556   -73.037    0.0   -0.0   -0.0
   -13.538   -73.037    0.0   -0.0   -0.0
   -15.333   -73.018   -0.0    0.0   -0.1
   -15.315   -73.018   -0.0    0.0   -0.1
   -15.297   -73.018   -0.0    0.0   -0.1
   -15.279   -73.018   -0.0    0.0   -0.1
   -15.261   -73.018   -0.0    0.0   -0.1
   -15.243   -73.018   -0.0    0.0   -0.1
   -15.225   -73.018   -0.0    0.0   -0.1
   -15.207   -73.018   -0.0    0.0   -0.1
   -15.189   -73.018   -0.0    0.0   -0.1
   -15.171   -73.018   -0.0    0.0   -0.1
   -15.153   -73.018   -0.0    0.0   -0.1
   -15.135   -73.018   -0.0    0.0   -0.1
   -15.118   -73.018   -0.0    0.0   -0.1
   -15.100   -73.018   -0.0    0.0   -0.1
   -15.082   -73.018   -0.0    0.0   -0.1
   -15.064   -73.018   -0.0    0.0   -0.1
   -15.046   -73.018   -0.0    0.0   -0.1
   -15.028   -73.018   -0.0    0.0   -0.1
   -15.010   -73.018   -0.0    0.0   -0.1
   -14.992   -73.018   -0.0    0.0   -0.1
   -14.974   -73.018   -0.0    0.0   -0.1
   -14.956   -73.018   -0.0    0.0   -0.1
   -14.938   -73.018   -0.0    0.0   -0.1
   -14.920   -73.018   -0.0    0.0   -0.1
   -14.902   -73.018   -0.0    0.0   -0.1
   -14.884   -73.018   -0.0    0.0   -0.1
   -14.866   -73.018   -0.0    0.0   -0.1
   -14.848   -73.018   -0.0    0.0   -0.1
   -14.830   -73.018   -0.0    0.0   -0.1
   -14.812   -73.018   -0.0    0.0   -0.1
   -14.794   -73.018   -0.0    0.0   -0.1
   -14.776   -73.018   -0.0    0.0   -0.1
   -14.758   -73.018   -0.0    0.0   -0.1
   -14.741   -73.018   -0.0    0.0   -0.1
   -14.723   -73.018   -0.0   -0.0   -0.1
   -14.705   -73.018   -0.0   -0.0   -0.1
   -14.687   -73.018   -0.0   -0.0   -0.1
   -14.669   -73.018   -0.0   -0.0   -0.1
   -14.651   -73.018   -0.0   -0.0   -0.1
   -14.633   -73.018   -0.0   -0.0   -0.1
   -14.615   -73.018   -0.0   -0.0   -0.1
   -14.597   -73.018   -0.0   -0.0   -0.1
   -14.579   -73.018   -0.0   -0.0   -0.1
   -14.561   -73.018   -0.0   -0.0   -0.1
   -14.543   -73.018   -0.0   -0.0   -0.1
   -14.525   -73.018   -0.0   -0.0   -0.1
   -14.507   -73.018   -0.0   -0.0   -0.1
   -14.489   -73.018   -0.0   -0.0   -0.1
   -14.471   -73.018   -0.0   -0.0   -0.1
   -14.453   -73.018   -0.0   -0.0   -0.1
   -14.435   -73.018   -0.0   -0.0   -0.1
   -14.417   -73.018   -0.0   -0.0   -0.1
   -14.399   -73.018   -0.0   -0.0   -0.1
   -14.382   -73.018   -0.0   -0.0   -0.1
   -14.364   -73.018   -0.0   -0.0   -0.1
   -14.346   -73.018   -0.0   -0.0   -0.1
   -14.328   -73.018   -0.0   -0.0   -0.1
   -14.310   -73.018   -0.0   -0.0   -0.1
   -14.292   -73.018   -0.0   -0.0   -0.1
   -14.274   -73.018   -0.0   -0.0   -0.1
   -14.256   -73.018   -0.0   -0.0   -0.1
   -14.238   -73.018   -0.0   -0.0   -0.0
   -14.220   -73.018   -0.0   -0.0   -0.0
   -14.202   -73.018   -0.0   -0.0   -0.0
   -14.184   -73.018   -0.0   -0.0   -0.0
   -14.166   -73.018   -0.0   -0.0   -0.0
   -14.148   -73.018   -0.0   -0.0   -0.0
   -14.130   -73.018   -0.0   -0.0   -0.0
   -14.112   -73.018   -0.0   -0.0   -0.0
   -14.094   -73.018   -0.0   -0.0   -0.0
   -14.076   -73.018   -0.0   -0.0   -0.0
   -14.058   -73.018   -0.0   -0.0   -0.0
   -14.040   -73.018   -0.0   -0.0   -0.0
   -14.022   -73.018   -0.0   -0.0   -0.0
   -14.005   -73.018   -0.0   -0.0   -0.0
   -13.987   -73.018   -0.0   -0.0   -0.0
   -13.969   -73.018   -0.0   -0.0   -0.0
   -13.951   -73.018   -0.0   -0.0   -0.0
   -13.933   -73.018   -0.0   -0.0   -0.0
   -13.915   -73.018   -0.0   -0.0   -0.0
   -13.897   -73.018   -0.0   -0.0   -0.0
   -13.879   -73.018   -0.0   -0.0   -0.0
   -13.861   -73.018   -0.0   -0.0   -0.0
   -13.843   -73.018   -0.0   -0.0   -0.0
   -13.825   -73.018   -0.0   -0.0   -0.0
   -13.807   -73.018   -0.0   -0.0   -0.0
   -13.789   -73.018   -0.0   -0.0   -0.0
   -13.771   -73.018    0.0   -0.0   -0.0
   -13.753   -73.018    0.0   -0.0   -0.0
   -13.735   -73.018    0.0   -0.0   -0.0
   -13.717   -73.018    0.0   -0.0   -0.0
   -13.699   -73.018    0.0   -0.0   -0.0
   -13.681   -73.018    0.0   -0.0   -0.0
   -13.663   -73.018    0.0   -0.0   -0.0
   -13.646   -73.018    0.0   -0.0   -0.0
   -13.628   -73.018    0.0   -0.0   -0.0
   -13.610   -73.018    0.0   -0.0   -0.0
   -13.592   -73.018    0.0   -0.0   -0.0
   -13.574   -73.018    0.0   -0.0   -0.0
   -13.556   -73.018    0.0   -0.0   -0.0
   -13.538   -73.018    0.0   -0.0   -0.0
   -15.333   -73.000   -0.0    0.0   -0.1
   -15.315   -73.000   -0.0    0.0   -0.1
   -15.297   -73.000   -0.0    0.0   -0.1
   -15.279   -73.000   -0.0    0.0   -0.1
   -15.261   -73.000   -0.0    0.0   -0.1
   -15.243   -73.000   -0.0    0.0   -0.1
   -15.225   -73.000   -0.0    0.0   -0.1
   -15.207   -73.000   -0.0    0.0   -0.1
   -15.189   -73.000   -0.0    0.0   -0.1
   -15.171   -73.000   -0.0    0.0   -0.1
   -15.153   -73.000   -0.0    0.0   -0.1
   -15.135   -73.000   -0.0    0.0   -0.1
   -15.118   -73.000   -0.0    0.0   -0.1
   -15.100   -73.000   -0.0    0.0   -0.1
   -15.082   -73.000   -0.0    0.0   -0.1
   -15.064   -73.000   -0.0    0.0   -0.1
   -15.046   -73.000   -0.0    0.0   -0.1
   -15.028   -73.000   -0.0    0.0   -0.1
   -15.010   -73.000   -0.0    0.0   -0.1
   -14.992   -73.000   -0.0    0.0   -0.1
   -14.974   -73.000   -0.0    0.0   -0.1
   -14.956   -73.000   -0.0    0.0   -0.1
   -14.938   -73.000   -0.0    0.0   -0.1
   -14.920   -73.000   -0.0    0.0   -0.1
   -14.902   -73.000   -0.0    0.0   -0.1
   -14.884   -73.000   -0.0    0.0   -0.1
   -14.866   -73.000   -0.0    0.0   -0.1
   -14.848   -73.000   -0.0    0.0   -0.1
   -14.830   -73.000   -0.0    0.0   -0.1
   -14.812   -73.000   -0.0    0.0   -0.1
   -14.794   -73.000   -0.0    0.0   -0.1
   -14.776   -73.000   -0.0    0.0   -0.1
   -14.758   -73.000   -0.0    0.0   -0.1
   -14.741   -73.000   -0.0    0.0   -0.1
   -14.723   -73.000   -0.0   -0.0   -0.1
   -14.705   -73.000   -0.0   -0.0   -0.1
   -14.687   -73.000   -0.0   -0.0   -0.1
   -14.669   -73.000   -0.0   -0.0   -0.1
   -14.651   -73.000   -0.0   -0.0   -0.1
   -14.633   -73.000   -0.0   -0.0   -0.1
   -14.615   -73.000   -0.0   -0.0   -0.1
   -14.597   -73.000   -0.0   -0.0   -0.1
   -14.579   -73.000   -0.0   -0.0   -0.1
   -14.561   -73.000   -0.0   -0.0   -0.1
   -14.543   -73.000   -0.0   -0.0   -0.1
   -14.525   -73.000   -0.0   -0.0   -0.1
   -14.507   -73.000   -0.0   -0.0   -0.1
   -14.489   -73.000   -0.0   -0.0   -0.1
   -14.471   -73.000   -0.0   -0.0   -0.1
   -14.453   -73.000   -0.0   -0.0   -0.1
   -14.435   -73.000   -0.0   -0.0   -0.1
   -14.417   -73.000   -0.0   -0.0   -0.1
   -14.399   -73.000   -0.0   -0.0   -0.1
   -14.382   -73.000   -0.0   -0.0   -0.1
   -14.364   -73.000   -0.0   -0.0   -0.1
   -14.346   -73.000   -0.0   -0.0   -0.1
   -14.328   -73.000   -0.0   -0.0   -0.1
   -14.310   -73.000   -0.0   -0.0   -0.1
   -14.292   -73.000   -0.0   -0.0   -0.0
   -14.274   -73.000   -0.0   -0.0   -0.0
   -14.256   -73.000   -0.0   -0.0   -0.0
   -14.238   -73.000   -0.0   -0.0   -0.0
   -14.220   -73.000   -0.0   -0.0   -0.0
   -14.202   -73.000   -0.0   -0.0   -0.0
   -14.184   -73.000   -0.0   -0.0   -0.0
   -14.166   -73.000   -0.0   -0.0   -0.0
   -14.148   -73.000   -0.0   -0.0   -0.0
   -14.130   -73.000   -0.0   -0.0   -0.0
   -14.112   -73.000   -0.0   -0.0   -0.0
   -14.094   -73.000   -0.0   -0.0   -0.0
   -14.076   -73.000   -0.0   -0.0   -0.0
   -14.058   -73.000   -0.0   -0.0   -0.0
   -14.040   -73.000   -0.0   -0.0   -0.0
   -14.022   -73.000   -0.0   -0.0   -0.0
   -14.005   -73.000   -0.0   -0.0   -0.0
   -13.987   -73.000   -0.0   -0.0   -0.0
   -13.969   -73.000   -0.0   -0.0   -0.0
   -13.951   -73.000   -0.0   -0.0   -0.0
   -13.933   -73.000   -0.0   -0.0   -0.0
   -13.915   -73.000   -0.0   -0.0   -0.0
   -13.897   -73.000   -0.0   -0.0   -0.0
   -13.879   -73.000   -0.0   -0.0   -0.0
   -13.861   -73.000    0.0   -0.0   -0.0
   -13.843   -73.000    0.0   -0.0   -0.0
   -13.825   -73.000    0.0   -0.0   -0.0
   -13.807   -73.000    0.0   -0.0   -0.0
   -13.789   -73.000    0.0   -0.0   -0.0
   -13.771   -73.000    0.0   -0.0   -0.0
   -13.753   -73.000    0.0   -0.0   -0.0
   -13.735   -73.000    0.0   -0.0   -0.0
   -13.717   -73.000    0.0   -0.0   -0.0
   -13.699   -73.000    0.0   -0.0   -0.0
   -13.681   -73.000    0.0   -0.0   -0.0
   -13.663   -73.000    0.0   -0.0   -0.0
   -13.646   -73.000    0.0   -0.0   -0.0
   -13.628   -73.000    0.0   -0.0   -0.0
   -13.610   -73.000    0.0   -0.0   -0.0
   -13.592   -73.000    0.0   -0.0   -0.0
   -13.574   -73.000    0.0   -0.0   -0.0
   -13.556   -73.000    0.0   -0.0   -0.0
   -13.538   -73.000    0.0   -0.0   -0.0
   -15.333   -72.981   -0.0    0.0   -0.0
   -15.315   -72.981   -0.0    0.0   -0.0
   -15.297   -72.981   -0.0    0.0   -0.1
   -15.279   -72.981   -0.0    0.0   -0.1
   -15.261   -72.981   -0.0    0.0   -0.1
   -15.243   -72.981   -0.0    0.0   -0.1
   -15.225   -72.981   -0.0    0.0   -0.1
   -15.207   -72.981   -0.0    0.0   -0.1
   -15.189   -72.981   -0.0    0.0   -0.1
   -15.171   -72.981   -0.0    0.0   -0.1
   -15.153   -72.981   -0.0    0.0   -0.1
   -15.135   -72.981   -0.0    0.0   -0.1
   -15.118   -72.981   -0.0    0.0   -0.1
   -15.100   -72.981   -0.0    0.0   -0.1
   -15.082   -72.981   -0.0    0.0   -0.1
   -15.064   -72.981   -0.0    0.0   -0.1
   -15.046   -72.981   -0.0    0.0   -0.1
   -15.028   -72.981   -0.0    0.0   -0.1
   -15.010   -72.981   -0.0    0.0   -0.1
   -14.992   -72.981   -0.0    0.0   -0.1
   -14.974   -72.981   -0.0    0.0   -0.1
   -14.956   -72.981   -0.0    0.0   -0.1
   -14.938   -72.981   -0.0    0.0   -0.1
   -14.920   -72.981   -0.0    0.0   -0.1
   -14.902   -72.981   -0.0    0.0   -0.1
   -14.884   -72.981   -0.0    0.0   -0.1
   -14.866   -72.981   -0.0    0.0   -0.1
   -14.848   -72.981   -0.0    0.0   -0.1
   -14.830   -72.981   -0.0    0.0   -0.1
   -14.812   -72.981   -0.0    0.0   -0.1
   -14.794   -72.981   -0.0    0.0   -0.1
   -14.776   -72.981   -0.0    0.0   -0.1
   -14.758   -72.981   -0.0    0.0   -0.1
   -14.741   -72.981   -0.0    0.0   -0.1
   -14.723   -72.981   -0.0   -0.0   -0.1
   -14.705   -72.981   -0.0   -0.0   -0.1
   -14.687   -72.981   -0.0   -0.0   -0.1
   -14.669   -72.981   -0.0   -0.0   -0.1
   -14.651   -72.981   -0.0   -0.0   -0.1
   -14.633   -72.981   -0.0   -0.0   -0.1
   -14.615   -72.981   -0.0   -0.0   -0.1
   -14.597   -72.981   -0.0   -0.0   -0.1
   -14.579   -72.981   -0.0   -0.0   -0.1
   -14.561   -72.981   -0.0   -0.0   -0.1
   -14.543   -72.981   -0.0   -0.0   -0.1
   -14.525   -72.981   -0.0   -0.0   -0.1
   -14.507   -72.981   -0.0   -0.0   -0.1
   -14.489   -72.981   -0.0   -0.0   -0.1
   -14.471   -72.981   -0.0   -0.0   -0.1
   -14.453   -72.981   -0.0   -0.0   -0.1
   -14.435   -72.981   -0.0   -0.0   -0.1
   -14.417   -72.981   -0.0   -0.0   -0.1
   -14.399   -72.981   -0.0   -0.0   -0.1
   -14.382   -72.981   -0.0   -0.0   -0.1
   -14.364   -72.981   -0.0   -0.0   -0.1
   -14.346   -72.981   -0.0   -0.0   -0.0
   -14.328   -72.981   -0.0   -0.0   -0.0
   -14.310   -72.981   -0.0   -0.0   -0.0
   -14.292   -72.981   -0.0   -0.0   -0.0
   -14.274   -72.981   -0.0   -0.0   -0.0
   -14.256   -72.981   -0.0   -0.0   -0.0
   -14.238   -72.981   -0.0   -0.0   -0.0
   -14.220   -72.981   -0.0   -0.0   -0.0
   -14.202   -72.981   -0.0   -0.0   -0.0
   -14.184   -72.981   -0.0   -0.0   -0.0
   -14.166   -72.981   -0.0   -0.0   -0.0
   -14.148   -72.981   -0.0   -0.0   -0.0
   -14.130   -72.981   -0.0   -0.0   -0.0
   -14.112   -72.981   -0.0   -0.0   -0.0
   -14.094   -72.981   -0.0   -0.0   -0.0
   -14.076   -72.981   -0.0   -0.0   -0.0
   -14.058   -72.981   -0.0   -0.0   -0.0
   -14.040   -72.981   -0.0   -0.0   -0.0
   -14.022   -72.981   -0.0   -0.0   -0.0
   -14.005   -72.981   -0.0   -0.0   -0.0
   -13.987   -72.981   -0.0   -0.0   -0.0
   -13.969   -72.981   -0.0   -0.0   -0.0
   -13.951   -72.981    0.0   -0.0   -0.0
   -13.933   -72.981    0.0   -0.0   -0.0
   -13.915   -72.981    0.0   -0.0   -0.0
   -13.897   -72.981    0.0   -0.0   -0.0
   -13.879   -72.981    0.0   -0.0   -0.0
   -13.861   -72.981    0.0   -0.0   -0.0
   -13.843   -72.981    0.0   -0.0   -0.0
   -13.825   -72.981    0.0   -0.0   -0.0
   -13.807   -72.981    0.0   -0.0   -0.0
   -13.789   -72.981    0.0   -0.0   -0.0
   -13.771   -72.981    0.0   -0.0   -0.0
   -13.753   -72.981    0.0   -0.0   -0.0
   -13.735   -72.981    0.0   -0.0   -0.0
   -13.717   -72.981    0.0   -0.0   -0.0
   -13.699   -72.981    0.0   -0.0   -0.0
   -13.681   -72.981    0.0   -0.0   -0.0
   -13.663   -72.981    0.0   -0.0   -0.0
   -13.646   -72.981    0.0   -0.0   -0.0
   -13.628   -72.981    0.0   -0.0   -0.0
   -13.610   -72.981    0.0   -0.0   -0.0
   -13.592   -72.981    0.0   -0.0   -0.0
   -13.574   -72.981    0.0   -0.0   -0.0
   -13.556   -72.981    0.0   -0.0    0.0
   -13.538   -72.981    0.0   -0.0    0.0
   -15.333   -72.963   -0.0    0.0   -0.0
   -15.315   -72.963   -0.0    0.0   -0.0
   -15.297   -72.963   -0.0    0.0   -0.0
   -15.279   -72.963   -0.0    0.0   -0.0
   -15.261   -72.963   -0.0    0.0   -0.0
   -15.243   -72.963   -0.0    0.0   -0.1
   -15.225   -72.963   -0.0    0.0   -0.1
   -15.207   -72.963   -0.0    0.0   -0.1
   -15.189   -72.963   -0.0    0.0   -0.1
   -15.171   -72.963   -0.0    0.0   -0.1
   -15.153   -72.963   -0.0    0.0   -0.1
   -15.135   -72.963   -0.0    0.0   -0.1
   -15.118   -72.963   -0.0    0.0   -0.1
   -15.100   -72.963   -0.0    0.0   -0.1
   -15.082   -72.963   -0.0    0.0   -0.1
   -15.064   -72.963   -0.0    0.0   -0.1
   -15.046   -72.963   -0.0    0.0   -0.1
   -15.028   -72.963   -0.0    0.0   -0.1
   -15.010   -72.963   -0.0    0.0   -0.1
   -14.992   -72.963   -0.0    0.0   -0.1
   -14.974   -72.963   -0.0    0.0   -0.1
   -14.956   -72.963   -0.0    0.0   -0.1
   -14.938   -72.963   -0.0    0.0   -0.1
   -14.920   -72.963   -0.0    0.0   -0.1
   -14.902   -72.963   -0.0    0.0   -0.1
   -14.884   -72.963   -0.0    0.0   -0.1
   -14.866   -72.963   -0.0    0.0   -0.1
   -14.848   -72.963   -0.0    0.0   -0.1
   -14.830   -72.963   -0.0    0.0   -0.1
   -14.812   -72.963   -0.0    0.0   -0.1
   -14.794   -72.963   -0.0    0.0   -0.1
   -14.776   -72.963   -0.0    0.0   -0.1
   -14.758   -72.963   -0.0    0.0   -0.1
   -14.741   -72.963   -0.0   -0.0   -0.1
   -14.723   -72.963   -0.0   -0.0   -0.1
   -14.705   -72.963   -0.0   -0.0   -0.1
   -14.687   -72.963   -0.0   -0.0   -0.1
   -14.669   -72.963   -0.0   -0.0   -0.1
   -14.651   -72.963   -0.0   -0.0   -0.1
   -14.633   -72.963   -0.0   -0.0   -0.1
   -14.615   -72.963   -0.0   -0.0   -0.1
   -14.597   -72.963   -0.0   -0.0   -0.1
   -14.579   -72.963   -0.0   -0.0   -0.1
   -14.561   -72.963   -0.0   -0.0   -0.1
   -14.543   -72.963   -0.0   -0.0   -0.1
   -14.525   -72.963   -0.0   -0.0   -0.1
   -14.507   -72.963   -0.0   -0.0   -0.1
   -14.489   -72.963   -0.0   -0.0   -0.1
   -14.471   -72.963   -0.0   -0.0   -0.1
   -14.453   -72.963   -0.0   -0.0   -0.1
   -14.435   -72.963   -0.0   -0.0   -0.1
   -14.417   -72.963   -0.0   -0.0   -0.0
   -14.399   -72.963   -0.0   -0.0   -0.0
   -14.382   -72.963   -0.0   -0.0   -0.0
   -14.364   -72.963   -0.0   -0.0   -0.0
   -14.346   -72.963   -0.0   -0.0   -0.0
   -14.328   -72.963   -0.0   -0.0   -0.0
   -14.310   -72.963   -0.0   -0.0   -0.0
   -14.292   -72.963   -0.0   -0.0   -0.0
   -14.274   -72.963   -0.0   -0.0   -0.0
   -14.256   -72.963   -0.0   -0.0   -0.0
   -14.238   -72.963   -0.0   -0.0   -0.0
   -14.220   -72.963   -0.0   -0.0   -0.0
   -14.202   -72.963   -0.0   -0.0   -0.0
   -14.184   -72.963   -0.0   -0.0   -0.0
   -14.166   -72.963   -0.0   -0.0   -0.0
   -14.148   -72.963   -0.0   -0.0   -0.0
   -14.130   -72.963   -0.0   -0.0   -0.0
   -14.112   -72.963   -0.0   -0.0   -0.0
   -14.094   -72.963   -0.0   -0.0   -0.0
   -14.076   -72.963   -0.0   -0.0   -0.0
   -14.058   -72.963   -0.0   -0.0   -0.0
   -14.040   -72.963   -0.0   -0.0   -0.0
   -14.022   -72.963    0.0   -0.0   -0.0
   -14.005   -72.963    0.0   -0.0   -0.0
   -13.987   -72.963    0.0   -0.0   -0.0
   -13.969   -72.963    0.0   -0.0   -0.0
   -13.951   -72.963    0.0   -0.0   -0.0
   -13.933   -72.963    0.0   -0.0   -0.0
   -13.915   -72.963    0.0   -0.0   -0.0
   -13.897   -72.963    0.0   -0.0   -0.0
   -13.879   -72.963    0.0   -0.0   -0.0
   -13.861   -72.963    0.0   -0.0   -0.0
   -13.843   -72.963    0.0   -0.0   -0.0
   -13.825   -72.963    0.0   -0.0   -0.0
   -13.807   -72.963    0.0   -0.0   -0.0
   -13.789   -72.963    0.0   -0.0   -0.0
   -13.771   -72.963    0.0   -0.0   -0.0
   -13.753   -72.963    0.0   -0.0   -0.0
   -13.735   -72.963    0.0   -0.0   -0.0
   -13.717   -72.963    0.0   -0.0   -0.0
   -13.699   -72.963    0.0   -0.0   -0.0
   -13.681   -72.963    0.0   -0.0   -0.0
   -13.663   -72.963    0.0   -0.0   -0.0
   -13.646   -72.963    0.0   -0.0   -0.0
   -13.628   -72.963    0.0   -0.0   -0.0
   -13.610   -72.963    0.0   -0.0    0.0
   -13.592   -72.963    0.0   -0.0    0.0
   -13.574   -72.963    0.0   -0.0    0.0
   -13.556   -72.963    0.0   -0.0    0.0
   -13.538   -72.963    0.0   -0.0    0.0
   -15.333   -72.944   -0.0    0.0   -0.0
   -15.315   -72.944   -0.0    0.0   -0.0
   -15.297   -72.944   -0.0    0.0   -0.0
   -15.279   -72.944   -0.0    0.0   -0.0
   -15.261   -72.944   -0.0    0.0   -0.0
   -15.243   -72.944   -0.0    0.0   -0.0
   -15.225   -72.944   -0.0    0.0   -0.0
   -15.207   -72.944   -0.0    0.0   -0.0
   -15.189   -72.944   -0.0    0.0   -0.0
   -15.171   -72.944   -0.0    0.0   -0.1
   -15.153   -72.944   -0.0    0.0   -0.1
   -15.135   -72.944   -0.0    0.0   -0.1
   -15.118   -72.944   -0.0    0.0   -0.1
   -15.100   -72.944   -0.0    0.0   -0.1
   -15.082   -72.944   -0.0    0.0   -0.1
   -15.064   -72.944   -0.0    0.0   -0.1
   -15.046   -72.944   -0.0    0.0   -0.1
   -15.028   -72.944   -0.0    0.0   -0.1
   -15.010   -72.944   -0.0    0.0   -0.1
   -14.992   -72.944   -0.0    0.0   -0.1
   -14.974   -72.944   -0.0    0.0   -0.1
   -14.956   -72.944   -0.0    0.0   -0.1
   -14.938   -72.944   -0.0    0.0   -0.1
   -14.920   -72.944   -0.0    0.0   -0.1
   -14.902   -72.944   -0.0    0.0   -0.1
   -14.884   -72.944   -0.0    0.0   -0.1
   -14.866   -72.944   -0.0    0.0   -0.1
   -14.848   -72.944   -0.0    0.0   -0.1
   -14.830   -72.944   -0.0    0.0   -0.1
   -14.812   -72.944   -0.0    0.0   -0.1
   -14.794   -72.944   -0.0    0.0   -0.1
   -14.776   -72.944   -0.0    0.0   -0.1
   -14.758   -72.944   -0.0    0.0   -0.1
   -14.741   -72.944   -0.0   -0.0   -0.1
   -14.723   -72.944   -0.0   -0.0   -0.1
   -14.705   -72.944   -0.0   -0.0   -0.1
   -14.687   -72.944   -0.0   -0.0   -0.1
   -14.669   -72.944   -0.0   -0.0   -0.1
   -14.651   -72.944   -0.0   -0.0   -0.1
   -14.633   -72.944   -0.0   -0.0   -0.1
   -14.615   -72.944   -0.0   -0.0   -0.1
   -14.597   -72.944   -0.0   -0.0   -0.1
   -14.579   -72.944   -0.0   -0.0   -0.1
   -14.561   -72.944   -0.0   -0.0   -0.1
   -14.543   -72.944   -0.0   -0.0   -0.1
   -14.525   -72.944   -0.0   -0.0   -0.1
   -14.507   -72.944   -0.0   -0.0   -0.1
   -14.489   -72.944   -0.0   -0.0   -0.0
   -14.471   -72.944   -0.0   -0.0   -0.0
   -14.453   -72.944   -0.0   -0.0   -0.0
   -14.435   -72.944   -0.0   -0.0   -0.0
   -14.417   -72.944   -0.0   -0.0   -0.0
   -14.399   -72.944   -0.0   -0.0   -0.0
   -14.382   -72.944   -0.0   -0.0   -0.0
   -14.364   -72.944   -0.0   -0.0   -0.0
   -14.346   -72.944   -0.0   -0.0   -0.0
   -14.328   -72.944   -0.0   -0.0   -0.0
   -14.310   -72.944   -0.0   -0.0   -0.0
   -14.292   -72.944   -0.0   -0.0   -0.0
   -14.274   -72.944   -0.0   -0.0   -0.0
   -14.256   -72.944   -0.0   -0.0   -0.0
   -14.238   -72.944   -0.0   -0.0   -0.0
   -14.220   -72.944   -0.0   -0.0   -0.0
   -14.202   -72.944   -0.0   -0.0   -0.0
   -14.184   -72.944   -0.0   -0.0   -0.0
   -14.166   -72.944   -0.0   -0.0   -0.0
   -14.148   -72.944   -0.0   -0.0   -0.0
   -14.130   -72.944   -0.0   -0.0   -0.0
   -14.112   -72.944    0.0   -0.0   -0.0
   -14.094   -72.944    0.0   -0.0   -0.0
   -14.076   -72.944    0.0   -0.0   -0.0
   -14.058   -72.944    0.0   -0.0   -0.0
   -14.040   -72.944    0.0   -0.0   -0.0
   -14.022   -72.944    0.0   -0.0   -0.0
   -14.005   -72.944    0.0   -0.0   -0.0
   -13.987   -72.944    0.0   -0.0   -0.0
   -13.969   -72.944    0.0   -0.0   -0.0
   -13.951   -72.944    0.0   -0.0   -0.0
   -13.933   -72.944    0.0   -0.0   -0.0
   -13.915   -72.944    0.0   -0.0   -0.0
   -13.897   -72.944    0.0   -0.0   -0.0
   -13.879   -72.944    0.0   -0.0   -0.0
   -13.861   -72.944    0.0   -0.0   -0.0
   -13.843   -72.944    0.0   -0.0   -0.0
   -13.825   -72.944    0.0   -0.0   -0.0
   -13.807   -72.944    0.0   -0.0   -0.0
   -13.789   -72.944    0.0   -0.0   -0.0
   -13.771   -72.944    0.0   -0.0   -0.0
   -13.753   -72.944    0.0   -0.0   -0.0
   -13.735   -72.944    0.0   -0.0   -0.0
   -13.717   -72.944    0.0   -0.0   -0.0
   -13.699   -72.944    0.0   -0.0   -0.0
   -13.681   -72.944    0.0   -0.0   -0.0
   -13.663   -72.944    0.0   -0.0    0.0
   -13.646   -72.944    0.0   -0.0    0.0
   -13.628   -72.944    0.0   -0.0    0.0
   -13.610   -72.944    0.0   -0.0    0.0
   -13.592   -72.944    0.0   -0.0    0.0
   -13.574   -72.944    0.0   -0.0    0.0
   -13.556   -72.944    0.0   -0.0    0.0
   -13.538   -72.944    0.0   -0.0    0.0
   -15.333   -72.926   -0.0    0.0   -0.0
   -15.315   -72.926   -0.0    0.0   -0.0
   -15.297   -72.926   -0.0    0.0   -0.0
   -15.279   -72.926   -0.0    0.0   -0.0
   -15.261   -72.926   -0.0    0.0   -0.0
   -15.243   -72.926   -0.0    0.0   -0.0
   -15.225   -72.926   -0.0    0.0   -0.0
   -15.207   -72.926   -0.0    0.0   -0.0
   -15.189   -72.926   -0.0    0.0   -0.0
   -15.171   -72.926   -0.0    0.0   -0.0
   -15.153   -72.926   -0.0    0.0   -0.0
   -15.135   -72.926   -0.0    0.0   -0.0
   -15.118   -72.926   -0.0    0.0   -0.0
   -15.100   -72.926   -0.0    0.0   -0.0
   -15.082   -72.926   -0.0    0.0   -0.1
   -15.064   -72.926   -0.0    0.0   -0.1
   -15.046   -72.926   -0.0    0.0   -0.1
   -15.028   -72.926   -0.0    0.0   -0.1
   -15.010   -72.926   -0.0    0.0   -0.1
   -14.992   -72.926   -0.0    0.0   -0.1
   -14.974   -72.926   -0.0    0.0   -0.1
   -14.956   -72.926   -0.0    0.0   -0.1
   -14.938   -72.926   -0.0    0.0   -0.1
   -14.920   -72.926   -0.0    0.0   -0.1
   -14.902   -72.926   -0.0    0.0   -0.1
   -14.884   -72.926   -0.0    0.0   -0.1
   -14.866   -72.926   -0.0    0.0   -0.1
   -14.848   -72.926   -0.0    0.0   -0.1
   -14.830   -72.926   -0.0    0.0   -0.1
   -14.812   -72.926   -0.0    0.0   -0.1
   -14.794   -72.926   -0.0    0.0   -0.1
   -14.776   -72.926   -0.0    0.0   -0.1
   -14.758   -72.926   -0.0   -0.0   -0.1
   -14.741   -72.926   -0.0   -0.0   -0.1
   -14.723   -72.926   -0.0   -0.0   -0.1
   -14.705   -72.926   -0.0   -0.0   -0.1
   -14.687   -72.926   -0.0   -0.0   -0.1
   -14.669   -72.926   -0.0   -0.0   -0.1
   -14.651   -72.926   -0.0   -0.0   -0.1
   -14.633   -72.926   -0.0   -0.0   -0.1
   -14.615   -72.926   -0.0   -0.0   -0.1
   -14.597   -72.926   -0.0   -0.0   -0.0
   -14.579   -72.926   -0.0   -0.0   -0.0
   -14.561   -72.926   -0.0   -0.0   -0.0
   -14.543   -72.926   -0.0   -0.0   -0.0
   -14.525   -72.926   -0.0   -0.0   -0.0
   -14.507   -72.926   -0.0   -0.0   -0.0
   -14.489   -72.926   -0.0   -0.0   -0.0
   -14.471   -72.926   -0.0   -0.0   -0.0
   -14.453   -72.926   -0.0   -0.0   -0.0
   -14.435   -72.926   -0.0   -0.0   -0.0
   -14.417   -72.926   -0.0   -0.0   -0.0
   -14.399   -72.926   -0.0   -0.0   -0.0
   -14.382   -72.926   -0.0   -0.0   -0.0
   -14.364   -72.926   -0.0   -0.0   -0.0
   -14.346   -72.926   -0.0   -0.0   -0.0
   -14.328   -72.926   -0.0   -0.0   -0.0
   -14.310   -72.926   -0.0   -0.0   -0.0
   -14.292   -72.926   -0.0   -0.0   -0.0
   -14.274   -72.926   -0.0   -0.0   -0.0
   -14.256   -72.926   -0.0   -0.0   -0.0
   -14.238   -72.926   -0.0   -0.0   -0.0
   -14.220   -72.926    0.0   -0.0   -0.0
   -14.202   -72.926    0.0   -0.0   -0.0
   -14.184   -72.926    0.0   -0.0   -0.0
   -14.166   -72.926    0.0   -0.0   -0.0
   -14.148   -72.926    0.0   -0.0   -0.0
   -14.130   -72.926    0.0   -0.0   -0.0
   -14.112   -72.926    0.0   -0.0   -0.0
   -14.094   -72.926    0.0   -0.0   -0.0
   -14.076   -72.926    0.0   -0.0   -0.0
   -14.058   -72.926    0.0   -0.0   -0.0
   -14.040   -72.926    0.0   -0.0   -0.0
   -14.022   -72.926    0.0   -0.0   -0.0
   -14.005   -72.926    0.0   -0.0   -0.0
   -13.987   -72.926    0.0   -0.0   -0.0
   -13.969   -72.926    0.0   -0.0   -0.0
   -13.951   -72.926    0.0   -0.0   -0.0
   -13.933   -72.926    0.0   -0.0   -0.0
   -13.915   -72.926    0.0   -0.0   -0.0
   -13.897   -72.926    0.0   -0.0   -0.0
   -13.879   -72.926    0.0   -0.0   -0.0
   -13.861   -72.926    0.0   -0.0   -0.0
   -13.843   -72.926    0.0   -0.0   -0.0
   -13.825   -72.926    0.0   -0.0   -0.0
   -13.807   -72.926    0.0   -0.0   -0.0
   -13.789   -72.926    0.0   -0.0   -0.0
   -13.771   -72.926    0.0   -0.0   -0.0
   -13.753   -72.926    0.0   -0.0   -0.0
   -13.735   -72.926    0.0   -0.0    0.0
   -13.717   -72.926    0.0   -0.0    0.0
   -13.699   -72.926    0.0   -0.0    0.0
   -13.681   -72.926    0.0   -0.0    0.0
   -13.663   -72.926    0.0   -0.0    0.0
   -13.646   -72.926    0.0   -0.0    0.0
   -13.628   -72.926    0.0   -0.0    0.0
   -13.610   -72.926    0.0   -0.0    0.0
   -13.592   -72.926    0.0   -0.0    0.0
   -13.574   -72.926    0.0   -0.0    0.0
   -13.556   -72.926    0.0   -0.0    0.0
   -13.538   -72.926    0.0   -0.0    0.0
   -15.333   -72.907   -0.0    0.0   -0.0
   -15.315   -72.907   -0.0    0.0   -0.0
   -15.297   -72.907   -0.0    0.0   -0.0
   -15.279   -72.907   -0.0    0.0   -0.0
   -15.261   -72.907   -0.0    0.0   -0.0
   -15.243   -72.907   -0.0    0.0   -0.0
   -15.225   -72.907   -0.0    0.0   -0.0
   -15.207   -72.907   -0.0    0.0   -0.0
   -15.189   -72.907   -0.0    0.0   -0.0
   -15.171   -72.907   -0.0    0.0   -0.0
   -15.153   -72.907   -0.0    0.0   -0.0
   -15.135   -72.907   -0.0    0.0   -0.0
   -15.118   -72.907   -0.0    0.0   -0.0
   -15.100   -72.907   -0.0    0.0   -0.0
   -15.082   -72.907   -0.0    0.0   -0.0
   -15.064   -72.907   -0.0    0.0   -0.0
   -15.046   -72.907   -0.0    0.0   -0.0
   -15.028   -72.907   -0.0    0.0   -0.0
   -15.010   -72.907   -0.0    0.0   -0.0
   -14.992   -72.907   -0.0    0.0   -0.0
   -14.974   -72.907   -0.0    0.0   -0.0
   -14.956   -72.907   -0.0    0.0   -0.0
   -14.938   -72.907   -0.0    0.0   -0.0
   -14.920   -72.907   -0.0    0.0   -0.0
   -14.902   -72.907   -0.0    0.0   -0.1
   -14.884   -72.907   -0.0    0.0   -0.1
   -14.866   -72.907   -0.0    0.0   -0.1
   -14.848   -72.907   -0.0    0.0   -0.1
   -14.830   -72.907   -0.0    0.0   -0.1
   -14.812   -72.907   -0.0    0.0   -0.1
   -14.794   -72.907   -0.0    0.0   -0.1
   -14.776   -72.907   -0.0    0.0   -0.0
   -14.758   -72.907   -0.0   -0.0   -0.0
   -14.741   -72.907   -0.0   -0.0   -0.0
   -14.723   -72.907   -0.0   -0.0   -0.0
   -14.705   -72.907   -0.0   -0.0   -0.0
   -14.687   -72.907   -0.0   -0.0   -0.0
   -14.669   -72.907   -0.0   -0.0   -0.0
   -14.651   -72.907   -0.0   -0.0   -0.0
   -14.633   -72.907   -0.0   -0.0   -0.0
   -14.615   -72.907   -0.0   -0.0   -0.0
   -14.597   -72.907   -0.0   -0.0   -0.0
   -14.579   -72.907   -0.0   -0.0   -0.0
   -14.561   -72.907   -0.0   -0.0   -0.0
   -14.543   -72.907   -0.0   -0.0   -0.0
   -14.525   -72.907   -0.0   -0.0   -0.0
   -14.507   -72.907   -0.0   -0.0   -0.0
   -14.489   -72.907   -0.0   -0.0   -0.0
   -14.471   -72.907   -0.0   -0.0   -0.0
   -14.453   -72.907   -0.0   -0.0   -0.0
   -14.435   -72.907   -0.0   -0.0   -0.0
   -14.417   -72.907   -0.0   -0.0   -0.0
   -14.399   -72.907   -0.0   -0.0   -0.0
   -14.382   -72.907   -0.0   -0.0   -0.0
   -14.364   -72.907   -0.0   -0.0   -0.0
   -14.346   -72.907   -0.0   -0.0   -0.0
   -14.328   -72.907    0.0   -0.0   -0.0
   -14.310   -72.907    0.0   -0.0   -0.0
   -14.292   -72.907    0.0   -0.0   -0.0
   -14.274   -72.907    0.0   -0.0   -0.0
   -14.256   -72.907    0.0   -0.0   -0.0
   -14.238   -72.907    0.0   -0.0   -0.0
   -14.220   -72.907    0.0   -0.0   -0.0
   -14.202   -72.907    0.0   -0.0   -0.0
   -14.184   -72.907    0.0   -0.0   -0.0
   -14.166   -72.907    0.0   -0.0   -0.0
   -14.148   -72.907    0.0   -0.0   -0.0
   -14.130   -72.907    0.0   -0.0   -0.0
   -14.112   -72.907    0.0   -0.0   -0.0
   -14.094   -72.907    0.0   -0.0   -0.0
   -14.076   -72.907    0.0   -0.0   -0.0
   -14.058   -72.907    0.0   -0.0   -0.0
   -14.040   -72.907    0.0   -0.0   -0.0
   -14.022   -72.907    0.0   -0.0   -0.0
   -14.005   -72.907    0.0   -0.0   -0.0
   -13.987   -72.907    0.0   -0.0   -0.0
   -13.969   -72.907    0.0   -0.0   -0.0
   -13.951   -72.907    0.0   -0.0   -0.0
   -13.933   -72.907    0.0   -0.0   -0.0
   -13.915   -72.907    0.0   -0.0   -0.0
   -13.897   -72.907    0.0   -0.0   -0.0
   -13.879   -72.907    0.0   -0.0   -0.0
   -13.861   -72.907    0.0   -0.0   -0.0
   -13.843   -72.907    0.0   -0.0   -0.0
   -13.825   -72.907    0.0   -0.0   -0.0
   -13.807   -72.907    0.0   -0.0    0.0
   -13.789   -72.907    0.0   -0.0    0.0
   -13.771   -72.907    0.0   -0.0    0.0
   -13.753   -72.907    0.0   -0.0    0.0
   -13.735   -72.907    0.0   -0.0    0.0
   -13.717   -72.907    0.0   -0.0    0.0
   -13.699   -72.907    0.0   -0.0    0.0
   -13.681   -72.907    0.0   -0.0    0.0
   -13.663   -72.907    0.0   -0.0    0.0
   -13.646   -72.907    0.0   -0.0    0.0
   -13.628   -72.907    0.0   -0.0    0.0
   -13.610   -72.907    0.0   -0.0    0.0
   -13.592   -72.907    0.0   -0.0    0.0
   -13.574   -72.907    0.0   -0.0    0.0
   -13.556   -72.907    0.0   -0.0    0.0
   -13.538   -72.907    0.0   -0.0    0.0
   -15.333   -72.888   -0.0    0.0   -0.0
   -15.315   -72.888   -0.0    0.0   -0.0
   -15.297   -72.888   -0.0    0.0   -0.0
   -15.279   -72.888   -0.0    0.0   -0.0
   -15.261   -72.888   -0.0    0.0   -0.0
   -15.243   -72.888   -0.0    0.0   -0.0
   -15.225   -72.888   -0.0    0.0   -0.0
   -15.207   -72.888   -0.0    0.0   -0.0
   -15.189   -72.888   -0.0    0.0   -0.0
   -15.171   -72.888   -0.0    0.0   -0.0
   -15.153   -72.888   -0.0    0.0   -0.0
   -15.135   -72.888   -0.0    0.0   -0.0
   -15.118   -72.888   -0.0    0.0   -0.0
   -15.100   -72.888   -0.0    0.0   -0.0
   -15.082   -72.888   -0.0    0.0   -0.0
   -15.064   -72.888   -0.0    0.0   -0.0
   -15.046   -72.888   -0.0    0.0   -0.0
   -15.028   -72.888   -0.0    0.0   -0.0
   -15.010   -72.888   -0.0    0.0   -0.0
   -14.992   -72.888   -0.0    0.0   -0.0
   -14.974   -72.888   -0.0    0.0   -0.0
   -14.956   -72.888   -0.0    0.0   -0.0
   -14.938   -72.888   -0.0    0.0   -0.0
   -14.920   -72.888   -0.0    0.0   -0.0
   -14.902   -72.888   -0.0    0.0   -0.0
   -14.884   -72.888   -0.0    0.0   -0.0
   -14.866   -72.888   -0.0    0.0   -0.0
   -14.848   -72.888   -0.0    0.0   -0.0
   -14.830   -72.888   -0.0    0.0   -0.0
   -14.812   -72.888   -0.0    0.0   -0.0
   -14.794   -72.888   -0.0    0.0   -0.0
   -14.776   -72.888   -0.0   -0.0   -0.0
   -14.758   -72.888   -0.0   -0.0   -0.0
   -14.741   -72.888   -0.0   -0.0   -0.0
   -14.723   -72.888   -0.0   -0.0   -0.0
   -14.705   -72.888   -0.0   -0.0   -0.0
   -14.687   -72.888   -0.0   -0.0   -0.0
   -14.669   -72.888   -0.0   -0.0   -0.0
   -14.651   -72.888   -0.0   -0.0   -0.0
   -14.633   -72.888   -0.0   -0.0   -0.0
   -14.615   -72.888   -0.0   -0.0   -0.0
   -14.597   -72.888   -0.0   -0.0   -0.0
   -14.579   -72.888   -0.0   -0.0   -0.0
   -14.561   -72.888   -0.0   -0.0   -0.0
   -14.543   -72.888   -0.0   -0.0   -0.0
   -14.525   -72.888   -0.0   -0.0   -0.0
   -14.507   -72.888   -0.0   -0.0   -0.0
   -14.489   -72.888   -0.0   -0.0   -0.0
   -14.471   -72.888   -0.0   -0.0   -0.0
   -14.453   -72.888   -0.0   -0.0   -0.0
   -14.435   -72.888    0.0   -0.0   -0.0
   -14.417   -72.888    0.0   -0.0   -0.0
   -14.399   -72.888    0.0   -0.0   -0.0
   -14.382   -72.888    0.0   -0.0   -0.0
   -14.364   -72.888    0.0   -0.0   -0.0
   -14.346   -72.888    0.0   -0.0   -0.0
   -14.328   -72.888    0.0   -0.0   -0.0
   -14.310   -72.888    0.0   -0.0   -0.0
   -14.292   -72.888    0.0   -0.0   -0.0
   -14.274   -72.888    0.0   -0.0   -0.0
   -14.256   -72.888    0.0   -0.0   -0.0
   -14.238   -72.888    0.0   -0.0   -0.0
   -14.220   -72.888    0.0   -0.0   -0.0
   -14.202   -72.888    0.0   -0.0   -0.0
   -14.184   -72.888    0.0   -0.0   -0.0
   -14.166   -72.888    0.0   -0.0   -0.0
   -14.148   -72.888    0.0   -0.0   -0.0
   -14.130   -72.888    0.0   -0.0   -0.0
   -14.112   -72.888    0.0   -0.0   -0.0
   -14.094   -72.888    0.0   -0.0   -0.0
   -14.076   -72.888    0.0   -0.0   -0.0
   -14.058   -72.888    0.0   -0.0   -0.0
   -14.040   -72.888    0.0   -0.0   -0.0
   -14.022   -72.888    0.0   -0.0   -0.0
   -14.005   -72.888    0.0   -0.0   -0.0
   -13.987   -72.888    0.0   -0.0   -0.0
   -13.969   -72.888    0.0   -0.0   -0.0
   -13.951   -72.888    0.0   -0.0   -0.0
   -13.933   -72.888    0.0   -0.0   -0.0
   -13.915   -72.888    0.0   -0.0   -0.0
   -13.897   -72.888    0.0   -0.0   -0.0
   -13.879   -72.888    0.0   -0.0    0.0
   -13.861   -72.888    0.0   -0.0    0.0
   -13.843   -72.888    0.0   -0.0    0.0
   -13.825   -72.888    0.0   -0.0    0.0
   -13.807   -72.888    0.0   -0.0    0.0
   -13.789   -72.888    0.0   -0.0    0.0
   -13.771   -72.888    0.0   -0.0    0.0
   -13.753   -72.888    0.0   -0.0    0.0
   -13.735   -72.888    0.0   -0.0    0.0
   -13.717   -72.888    0.0   -0.0    0.0
   -13.699   -72.888    0.0   -0.0    0.0
   -13.681   -72.888    0.0   -0.0    0.0
   -13.663   -72.888    0.0   -0.0    0.0
   -13.646   -72.888    0.0   -0.0    0.0
   -13.628   -72.888    0.0   -0.0    0.0
   -13.610   -72.888    0.0   -0.0    0.0
   -13.592   -72.888    0.0   -0.0    0.0
   -13.574   -72.888    0.0   -0.0    0.0
   -13.556   -72.888    0.0   -0.0    0.0
   -13.538   -72.888    0.0   -0.0    0.0
   -15.333   -72.870   -0.0    0.0   -0.0
   -15.315   -72.870   -0.0    0.0   -0.0
   -15.297   -72.870   -0.0    0.0   -0.0
   -15.279   -72.870   -0.0    0.0   -0.0
   -15.261   -72.870   -0.0    0.0   -0.0
   -15.243   -72.870   -0.0    0.0   -0.0
   -15.225   -72.870   -0.0    0.0   -0.0
   -15.207   -72.870   -0.0    0.0   -0.0
   -15.189   -72.870   -0.0    0.0   -0.0
   -15.171   -72.870   -0.0    0.0   -0.0
   -15.153   -72.870   -0.0    0.0   -0.0
   -15.135   -72.870   -0.0    0.0   -0.0
   -15.118   -72.870   -0.0    0.0   -0.0
   -15.100   -72.870   -0.0    0.0   -0.0
   -15.082   -72.870   -0.0    0.0   -0.0
   -15.064   -72.870   -0.0    0.0   -0.0
   -15.046   -72.870   -0.0    0.0   -0.0
   -15.028   -72.870   -0.0    0.0   -0.0
   -15.010   -72.870   -0.0    0.0   -0.0
   -14.992   -72.870   -0.0    0.0   -0.0
   -14.974   -72.870   -0.0    0.0   -0.0
   -14.956   -72.870   -0.0    0.0   -0.0
   -14.938   -72.870   -0.0    0.0   -0.0
   -14.920   -72.870   -0.0    0.0   -0.0
   -14.902   -72.870   -0.0    0.0   -0.0
   -14.884   -72.870   -0.0    0.0   -0.0
   -14.866   -72.870   -0.0    0.0   -0.0
   -14.848   -72.870   -0.0    0.0   -0.0
   -14.830   -72.870   -0.0    0.0   -0.0
   -14.812   -72.870   -0.0    0.0   -0.0
   -14.794   -72.870   -0.0    0.0   -0.0
   -14.776   -72.870   -0.0   -0.0   -0.0
   -14.758   -72.870   -0.0   -0.0   -0.0
   -14.741   -72.870   -0.0   -0.0   -0.0
   -14.723   -72.870   -0.0   -0.0   -0.0
   -14.705   -72.870   -0.0   -0.0   -0.0
   -14.687   -72.870   -0.0   -0.0   -0.0
   -14.669   -72.870   -0.0   -0.0   -0.0
   -14.651   -72.870   -0.0   -0.0   -0.0
   -14.633   -72.870   -0.0   -0.0   -0.0
   -14.615   -72.870   -0.0   -0.0   -0.0
   -14.597   -72.870   -0.0   -0.0   -0.0
   -14.579   -72.870   -0.0   -0.0   -0.0
   -14.561   -72.870    0.0   -0.0   -0.0
   -14.543   -72.870    0.0   -0.0   -0.0
   -14.525   -72.870    0.0   -0.0   -0.0
   -14.507   -72.870    0.0   -0.0   -0.0
   -14.489   -72.870    0.0   -0.0   -0.0
   -14.471   -72.870    0.0   -0.0   -0.0
   -14.453   -72.870    0.0   -0.0   -0.0
   -14.435   -72.870    0.0   -0.0   -0.0
   -14.417   -72.870    0.0   -0.0   -0.0
   -14.399   -72.870    0.0   -0.0   -0.0
   -14.382   -72.870    0.0   -0.0   -0.0
   -14.364   -72.870    0.0   -0.0   -0.0
   -14.346   -72.870    0.0   -0.0   -0.0
   -14.328   -72.870    0.0   -0.0   -0.0
   -14.310   -72.870    0.0   -0.0   -0.0
   -14.292   -72.870    0.0   -0.0   -0.0
   -14.274   -72.870    0.0   -0.0   -0.0
   -14.256   -72.870    0.0   -0.0   -0.0
   -14.238   -72.870    0.0   -0.0   -0.0
   -14.220   -72.870    0.0   -0.0   -0.0
   -14.202   -72.870    0.0   -0.0   -0.0
   -14.184   -72.870    0.0   -0.0   -0.0
   -14.166   -72.870    0.0   -0.0   -0.0
   -14.148   -72.870    0.0   -0.0   -0.0
   -14.130   -72.870    0.0   -0.0   -0.0
   -14.112   -72.870    0.0   -0.0   -0.0
   -14.094   -72.870    0.0   -0.0   -0.0
   -14.076   -72.870    0.0   -0.0   -0.0
   -14.058   -72.870    0.0   -0.0   -0.0
   -14.040   -72.870    0.0   -0.0   -0.0
   -14.022   -72.870    0.0   -0.0   -0.0
   -14.005   -72.870    0.0   -0.0   -0.0
   -13.987   -72.870    0.0   -0.0   -0.0
   -13.969   -72.870    0.0   -0.0   -0.0
   -13.951   -72.870    0.0   -0.0    0.0
   -13.933   -72.870    0.0   -0.0    0.0
   -13.915   -72.870    0.0   -0.0    0.0
   -13.897   -72.870    0.0   -0.0    0.0
   -13.879   -72.870    0.0   -0.0    0.0
   -13.861   -72.870    0.0   -0.0    0.0
   -13.843   -72.870    0.0   -0.0    0.0
   -13.825   -72.870    0.0   -0.0    0.0
   -13.807   -72.870    0.0   -0.0    0.0
   -13.789   -72.870    0.0   -0.0    0.0
   -13.771   -72.870    0.0   -0.0    0.0
   -13.753   -72.870    0.0   -0.0    0.0
   -13.735   -72.870    0.0   -0.0    0.0
   -13.717   -72.870    0.0   -0.0    0.0
   -13.699   -72.870    0.0   -0.0    0.0
   -13.681   -72.870    0.0   -0.0    0.0
   -13.663   -72.870    0.0   -0.0    0.0
   -13.646   -72.870    0.0   -0.0    0.0
   -13.628   -72.870    0.0   -0.0    0.0
   -13.610   -72.870    0.0   -0.0    0.0
   -13.592   -72.870    0.0   -0.0    0.0
   -13.574   -72.870    0.0   -0.0    0.0
   -13.556   -72.870    0.0   -0.0    0.0
   -13.538   -72.870    0.0   -0.0    0.0
   -15.333   -72.851    0.0    0.0   -0.0
   -15.315   -72.851    0.0    0.0   -0.0
   -15.297   -72.851    0.0    0.0   -0.0
   -15.279   -72.851    0.0    0.0   -0.0
   -15.261   -72.851    0.0    0.0   -0.0
   -15.243   -72.851   -0.0    0.0   -0.0
   -15.225   -72.851   -0.0    0.0   -0.0
   -15.207   -72.851   -0.0    0.0   -0.0
   -15.189   -72.851   -0.0    0.0   -0.0
   -15.171   -72.851   -0.0    0.0   -0.0
   -15.153   -72.851   -0.0    0.0   -0.0
   -15.135   -72.851   -0.0    0.0   -0.0
   -15.118   -72.851   -0.0    0.0   -0.0
   -15.100   -72.851   -0.0    0.0   -0.0
   -15.082   -72.851   -0.0    0.0   -0.0
   -15.064   -72.851   -0.0    0.0   -0.0
   -15.046   -72.851   -0.0    0.0   -0.0
   -15.028   -72.851   -0.0    0.0   -0.0
   -15.010   -72.851   -0.0    0.0   -0.0
   -14.992   -72.851   -0.0    0.0   -0.0
   -14.974   -72.851   -0.0    0.0   -0.0
   -14.956   -72.851   -0.0    0.0   -0.0
   -14.938   -72.851   -0.0    0.0   -0.0
   -14.920   -72.851   -0.0    0.0   -0.0
   -14.902   -72.851   -0.0    0.0   -0.0
   -14.884   -72.851   -0.0    0.0   -0.0
   -14.866   -72.851   -0.0    0.0   -0.0
   -14.848   -72.851   -0.0    0.0   -0.0
   -14.830   -72.851   -0.0    0.0   -0.0
   -14.812   -72.851   -0.0    0.0   -0.0
   -14.794   -72.851   -0.0   -0.0   -0.0
   -14.776   -72.851   -0.0   -0.0   -0.0
   -14.758   -72.851    0.0   -0.0   -0.0
   -14.741   -72.851    0.0   -0.0   -0.0
   -14.723   -72.851    0.0   -0.0   -0.0
   -14.705   -72.851    0.0   -0.0   -0.0
   -14.687   -72.851    0.0   -0.0   -0.0
   -14.669   -72.851    0.0   -0.0   -0.0
   -14.651   -72.851    0.0   -0.0   -0.0
   -14.633   -72.851    0.0   -0.0   -0.0
   -14.615   -72.851    0.0   -0.0   -0.0
   -14.597   -72.851    0.0   -0.0   -0.0
   -14.579   -72.851    0.0   -0.0   -0.0
   -14.561   -72.851    0.0   -0.0   -0.0
   -14.543   -72.851    0.0   -0.0   -0.0
   -14.525   -72.851    0.0   -0.0   -0.0
   -14.507   -72.851    0.0   -0.0   -0.0
   -14.489   -72.851    0.0   -0.0   -0.0
   -14.471   -72.851    0.0   -0.0   -0.0
   -14.453   -72.851    0.0   -0.0   -0.0
   -14.435   -72.851    0.0   -0.0   -0.0
   -14.417   -72.851    0.0   -0.0   -0.0
   -14.399   -72.851    0.0   -0.0   -0.0
   -14.382   -72.851    0.0   -0.0   -0.0
   -14.364   -72.851    0.0   -0.0   -0.0
   -14.346   -72.851    0.0   -0.0   -0.0
   -14.328   -72.851    0.0   -0.0   -0.0
   -14.310   -72.851    0.0   -0.0   -0.0
   -14.292   -72.851    0.0   -0.0   -0.0
   -14.274   -72.851    0.0   -0.0   -0.0
   -14.256   -72.851    0.0   -0.0   -0.0
   -14.238   -72.851    0.0   -0.0   -0.0
   -14.220   -72.851    0.0   -0.0   -0.0
   -14.202   -72.851    0.0   -0.0   -0.0
   -14.184   -72.851    0.0   -0.0   -0.0
   -14.166   -72.851    0.0   -0.0   -0.0
   -14.148   -72.851    0.0   -0.0   -0.0
   -14.130   -72.851    0.0   -0.0   -0.0
   -14.112   -72.851    0.0   -0.0   -0.0
   -14.094   -72.851    0.0   -0.0   -0.0
   -14.076   -72.851    0.0   -0.0   -0.0
   -14.058   -72.851    0.0   -0.0   -0.0
   -14.040   -72.851    0.0   -0.0   -0.0
   -14.022   -72.851    0.0   -0.0    0.0
   -14.005   -72.851    0.0   -0.0    0.0
   -13.987   -72.851    0.0   -0.0    0.0
   -13.969   -72.851    0.0   -0.0    0.0
   -13.951   -72.851    0.0   -0.0    0.0
   -13.933   -72.851    0.0   -0.0    0.0
   -13.915   -72.851    0.0   -0.0    0.0
   -13.897   -72.851    0.0   -0.0    0.0
   -13.879   -72.851    0.0   -0.0    0.0
   -13.861   -72.851    0.0   -0.0    0.0
   -13.843   -72.851    0.0   -0.0    0.0
   -13.825   -72.851    0.0   -0.0    0.0
   -13.807   -72.851    0.0   -0.0    0.0
   -13.789   -72.851    0.0   -0.0    0.0
   -13.771   -72.851    0.0   -0.0    0.0
   -13.753   -72.851    0.0   -0.0    0.0
   -13.735   -72.851    0.0   -0.0    0.0
   -13.717   -72.851    0.0   -0.0    0.0
   -13.699   -72.851    0.0   -0.0    0.0
   -13.681   -72.851    0.0   -0.0    0.0
   -13.663   -72.851    0.0   -0.0    0.0
   -13.646   -72.851    0.0   -0.0    0.0
   -13.628   -72.851    0.0   -0.0    0.0
   -13.610   -72.851    0.0   -0.0    0.0
   -13.592   -72.851    0.0   -0.0    0.0
   -13.574   -72.851    0.0   -0.0    0.0
   -13.556   -72.851    0.0   -0.0    0.0
   -13.538   -72.851    0.0   -0.0    0.0
   -15.333   -72.833    0.0    0.0   -0.0
   -15.315   -72.833    0.0    0.0   -0.0
   -15.297   -72.833    0.0    0.0   -0.0
   -15.279   -72.833    0.0    0.0   -0.0
   -15.261   -72.833    0.0    0.0   -0.0
   -15.243   -72.833    0.0    0.0   -0.0
   -15.225   -72.833    0.0    0.0   -0.0
   -15.207   -72.833    0.0    0.0   -0.0
   -15.189   -72.833    0.0    0.0   -0.0
   -15.171   -72.833    0.0    0.0   -0.0
   -15.153   -72.833    0.0    0.0   -0.0
   -15.135   -72.833    0.0    0.0   -0.0
   -15.118   -72.833    0.0    0.0   -0.0
   -15.100   -72.833    0.0    0.0   -0.0
   -15.082   -72.833    0.0    0.0   -0.0
   -15.064   -72.833    0.0    0.0   -0.0
   -15.046   -72.833    0.0    0.0   -0.0
   -15.028   -72.833    0.0    0.0   -0.0
   -15.010   -72.833    0.0    0.0   -0.0
   -14.992   -72.833    0.0    0.0   -0.0
   -14.974   -72.833    0.0    0.0   -0.0
   -14.956   -72.833    0.0    0.0   -0.0
   -14.938   -72.833    0.0    0.0   -0.0
   -14.920   -72.833    0.0    0.0   -0.0
   -14.902   -72.833    0.0    0.0   -0.0
   -14.884   -72.833    0.0    0.0   -0.0
   -14.866   -72.833    0.0    0.0   -0.0
   -14.848   -72.833    0.0    0.0   -0.0
   -14.830   -72.833    0.0    0.0   -0.0
   -14.812   -72.833    0.0   -0.0   -0.0
   -14.794   -72.833    0.0   -0.0   -0.0
   -14.776   -72.833    0.0   -0.0   -0.0
   -14.758   -72.833    0.0   -0.0   -0.0
   -14.741   -72.833    0.0   -0.0   -0.0
   -14.723   -72.833    0.0   -0.0   -0.0
   -14.705   -72.833    0.0   -0.0   -0.0
   -14.687   -72.833    0.0   -0.0   -0.0
   -14.669   -72.833    0.0   -0.0   -0.0
   -14.651   -72.833    0.0   -0.0   -0.0
   -14.633   -72.833    0.0   -0.0   -0.0
   -14.615   -72.833    0.0   -0.0   -0.0
   -14.597   -72.833    0.0   -0.0   -0.0
   -14.579   -72.833    0.0   -0.0   -0.0
   -14.561   -72.833    0.0   -0.0   -0.0
   -14.543   -72.833    0.0   -0.0   -0.0
   -14.525   -72.833    0.0   -0.0   -0.0
   -14.507   -72.833    0.0   -0.0   -0.0
   -14.489   -72.833    0.0   -0.0   -0.0
   -14.471   -72.833    0.0   -0.0   -0.0
   -14.453   -72.833    0.0   -0.0   -0.0
   -14.435   -72.833    0.0   -0.0   -0.0
   -14.417   -72.833    0.0   -0.0   -0.0
   -14.399   -72.833    0.0   -0.0   -0.0
   -14.382   -72.833    0.0   -0.0   -0.0
   -14.364   -72.833    0.0   -0.0   -0.0
   -14.346   -72.833    0.0   -0.0   -0.0
   -14.328   -72.833    0.0   -0.0   -0.0
   -14.310   -72.833    0.0   -0.0   -0.0
   -14.292   -72.833    0.0   -0.0   -0.0
   -14.274   -72.833    0.0   -0.0   -0.0
   -14.256   -72.833    0.0   -0.0   -0.0
   -14.238   -72.833    0.0   -0.0   -0.0
   -14.220   -72.833    0.0   -0.0   -0.0
   -14.202   -72.833    0.0   -0.0   -0.0
   -14.184   -72.833    0.0   -0.0   -0.0
   -14.166   -72.833    0.0   -0.0   -0.0
   -14.148   -72.833    0.0   -0.0   -0.0
   -14.130   -72.833    0.0   -0.0   -0.0
   -14.112   -72.833    0.0   -0.0    0.0
   -14.094   -72.833    0.0   -0.0    0.0
   -14.076   -72.833    0.0   -0.0    0.0
   -14.058   -72.833    0.0   -0.0    0.0
   -14.040   -72.833    0.0   -0.0    0.0
   -14.022   -72.833    0.0   -0.0    0.0
   -14.005   -72.833    0.0   -0.0    0.0
   -13.987   -72.833    0.0   -0.0    0.0
   -13.969   -72.833    0.0   -0.0    0.0
   -13.951   -72.833    0.0   -0.0    0.0
   -13.933   -72.833    0.0   -0.0    0.0
   -13.915   -72.833    0.0   -0.0    0.0
   -13.897   -72.833    0.0   -0.0    0.0
   -13.879   -72.833    0.0   -0.0    0.0
   -13.861   -72.833    0.0   -0.0    0.0
   -13.843   -72.833    0.0   -0.0    0.0
   -13.825   -72.833    0.0   -0.0    0.0
   -13.807   -72.833    0.0   -0.0    0.0
   -13.789   -72.833    0.0   -0.0    0.0
   -13.771   -72.833    0.0   -0.0    0.0
   -13.753   -72.833    0.0   -0.0    0.0
   -13.735   -72.833    0.0   -0.0    0.0
   -13.717   -72.833    0.0   -0.0    0.0
   -13.699   -72.833    0.0   -0.0    0.0
   -13.681   -72.833    0.0   -0.0    0.0
   -13.663   -72.833    0.0   -0.0    0.0
   -13.646   -72.833    0.0   -0.0    0.0
   -13.628   -72.833    0.0   -0.0    0.0
   -13.610   -72.833    0.0   -0.0    0.0
   -13.592   -72.833    0.0   -0.0    0.0
   -13.574   -72.833    0.0   -0.0    0.0
   -13.556   -72.833    0.0   -0.0    0.0
   -13.538   -72.833    0.0   -0.0    0.0
   -15.333   -72.814    0.0    0.0   -0.0
   -15.315   -72.814    0.0    0.0   -0.0
   -15.297   -72.814    0.0    0.0   -0.0
   -15.279   -72.814    0.0    0.0   -0.0
   -15.261   -72.814    0.0    0.0   -0.0
   -15.243   -72.814    0.0    0.0   -0.0
   -15.225   -72.814    0.0    0.0   -0.0
   -15.207   -72.814    0.0    0.0   -0.0
   -15.189   -72.814    0.0    0.0   -0.0
   -15.171   -72.814    0.0    0.0   -0.0
   -15.153   -72.814    0.0    0.0   -0.0
   -15.135   -72.814    0.0    0.0   -0.0
   -15.118   -72.814    0.0    0.0   -0.0
   -15.100   -72.814    0.0    0.0   -0.0
   -15.082   -72.814    0.0    0.0   -0.0
   -15.064   -72.814    0.0    0.0   -0.0
   -15.046   -72.814    0.0    0.0   -0.0
   -15.028   -72.814    0.0    0.0   -0.0
   -15.010   -72.814    0.0    0.0   -0.0
   -14.992   -72.814    0.0    0.0   -0.0
   -14.974   -72.814    0.0    0.0   -0.0
   -14.956   -72.814    0.0    0.0   -0.0
   -14.938   -72.814    0.0    0.0   -0.0
   -14.920   -72.814    0.0    0.0   -0.0
   -14.902   -72.814    0.0    0.0   -0.0
   -14.884   -72.814    0.0    0.0   -0.0
   -14.866   -72.814    0.0    0.0   -0.0
   -14.848   -72.814    0.0    0.0   -0.0
   -14.830   -72.814    0.0   -0.0   -0.0
   -14.812   -72.814    0.0   -0.0   -0.0
   -14.794   -72.814    0.0   -0.0   -0.0
   -14.776   -72.814    0.0   -0.0   -0.0
   -14.758   -72.814    0.0   -0.0   -0.0
   -14.741   -72.814    0.0   -0.0   -0.0
   -14.723   -72.814    0.0   -0.0   -0.0
   -14.705   -72.814    0.0   -0.0   -0.0
   -14.687   -72.814    0.0   -0.0   -0.0
   -14.669   -72.814    0.0   -0.0   -0.0
   -14.651   -72.814    0.0   -0.0   -0.0
   -14.633   -72.814    0.0   -0.0   -0.0
   -14.615   -72.814    0.0   -0.0   -0.0
   -14.597   -72.814    0.0   -0.0   -0.0
   -14.579   -72.814    0.0   -0.0   -0.0
   -14.561   -72.814    0.0   -0.0   -0.0
   -14.543   -72.814    0.0   -0.0   -0.0
   -14.525   -72.814    0.0   -0.0   -0.0
   -14.507   -72.814    0.0   -0.0   -0.0
   -14.489   -72.814    0.0   -0.0   -0.0
   -14.471   -72.814    0.0   -0.0   -0.0
   -14.453   -72.814    0.0   -0.0   -0.0
   -14.435   -72.814    0.0   -0.0   -0.0
   -14.417   -72.814    0.0   -0.0   -0.0
   -14.399   -72.814    0.0   -0.0   -0.0
   -14.382   -72.814    0.0   -0.0   -0.0
   -14.364   -72.814    0.0   -0.0   -0.0
   -14.346   -72.814    0.0   -0.0   -0.0
   -14.328   -72.814    0.0   -0.0   -0.0
   -14.310   -72.814    0.0   -0.0   -0.0
   -14.292   -72.814    0.0   -0.0   -0.0
   -14.274   -72.814    0.0   -0.0   -0.0
   -14.256   -72.814    0.0   -0.0   -0.0
   -14.238   -72.814    0.0   -0.0   -0.0
   -14.220   -72.814    0.0   -0.0   -0.0
   -14.202   -72.814    0.0   -0.0    0.0
   -14.184   -72.814    0.0   -0.0    0.0
   -14.166   -72.814    0.0   -0.0    0.0
   -14.148   -72.814    0.0   -0.0    0.0
   -14.130   -72.814    0.0   -0.0    0.0
   -14.112   -72.814    0.0   -0.0    0.0
   -14.094   -72.814    0.0   -0.0    0.0
   -14.076   -72.814    0.0   -0.0    0.0
   -14.058   -72.814    0.0   -0.0    0.0
   -14.040   -72.814    0.0   -0.0    0.0
   -14.022   -72.814    0.0   -0.0    0.0
   -14.005   -72.814    0.0   -0.0    0.0
   -13.987   -72.814    0.0   -0.0    0.0
   -13.969   -72.814    0.0   -0.0    0.0
   -13.951   -72.814    0.0   -0.0    0.0
   -13.933   -72.814    0.0   -0.0    0.0
   -13.915   -72.814    0.0   -0.0    0.0
   -13.897   -72.814    0.0   -0.0    0.0
   -13.879   -72.814    0.0   -0.0    0.0
   -13.861   -72.814    0.0   -0.0    0.0
   -13.843   -72.814    0.0   -0.0    0.0
   -13.825   -72.814    0.0   -0.0    0.0
   -13.807   -72.814    0.0   -0.0    0.0
   -13.789   -72.814    0.0   -0.0    0.0
   -13.771   -72.814    0.0   -0.0    0.0
   -13.753   -72.814    0.0   -0.0    0.0
   -13.735   -72.814    0.0   -0.0    0.0
   -13.717   -72.814    0.0   -0.0    0.0
   -13.699   -72.814    0.0   -0.0    0.0
   -13.681   -72.814    0.0   -0.0    0.0
   -13.663   -72.814    0.0   -0.0    0.0
   -13.646   -72.814    0.0   -0.0    0.0
   -13.628   -72.814    0.0   -0.0    0.0
   -13.610   -72.814    0.0   -0.0    0.0
   -13.592   -72.814    0.0   -0.0    0.0
   -13.574   -72.814    0.0   -0.0    0.0
   -13.556   -72.814    0.0   -0.0    0.0
   -13.538   -72.814    0.0   -0.0    0.0
   -15.333   -72.796    0.0    0.0   -0.0
   -15.315   -72.796    0.0    0.0   -0.0
   -15.297   -72.796    0.0    0.0   -0.0
   -15.279   -72.796    0.0    0.0   -0.0
   -15.261   -72.796    0.0    0.0   -0.0
   -15.243   -72.796    0.0    0.0   -0.0
   -15.225   -72.796    0.0    0.0   -0.0
   -15.207   -72.796    0.0    0.0   -0.0
   -15.189   -72.796    0.0    0.0   -0.0
   -15.171   -72.796    0.0    0.0   -0.0
   -15.153   -72.796    0.0    0.0   -0.0
   -15.135   -72.796    0.0    0.0   -0.0
   -15.118   -72.796    0.0    0.0   -0.0
   -15.100   -72.796    0.0    0.0   -0.0
   -15.082   -72.796    0.0    0.0   -0.0
   -15.064   -72.796    0.0    0.0   -0.0
   -15.046   -72.796    0.0    0.0   -0.0
   -15.028   -72.796    0.0    0.0   -0.0
   -15.010   -72.796    0.0    0.0   -0.0
   -14.992   -72.796    0.0    0.0   -0.0
   -14.974   -72.796    0.0    0.0   -0.0
   -14.956   -72.796    0.0    0.0   -0.0
   -14.938   -72.796    0.0    0.0   -0.0
   -14.920   -72.796    0.0    0.0   -0.0
   -14.902   -72.796    0.0    0.0   -0.0
   -14.884   -72.796    0.0    0.0   -0.0
   -14.866   -72.796    0.0    0.0   -0.0
   -14.848   -72.796    0.0   -0.0   -0.0
   -14.830   -72.796    0.0   -0.0   -0.0
   -14.812   -72.796    0.0   -0.0   -0.0
   -14.794   -72.796    0.0   -0.0   -0.0
   -14.776   -72.796    0.0   -0.0   -0.0
   -14.758   -72.796    0.0   -0.0   -0.0
   -14.741   -72.796    0.0   -0.0   -0.0
   -14.723   -72.796    0.0   -0.0   -0.0
   -14.705   -72.796    0.0   -0.0   -0.0
   -14.687   -72.796    0.0   -0.0   -0.0
   -14.669   -72.796    0.0   -0.0   -0.0
   -14.651   -72.796    0.0   -0.0   -0.0
   -14.633   -72.796    0.0   -0.0   -0.0
   -14.615   -72.796    0.0   -0.0   -0.0
   -14.597   -72.796    0.0   -0.0   -0.0
   -14.579   -72.796    0.0   -0.0   -0.0
   -14.561   -72.796    0.0   -0.0   -0.0
   -14.543   -72.796    0.0   -0.0   -0.0
   -14.525   -72.796    0.0   -0.0   -0.0
   -14.507   -72.796    0.0   -0.0   -0.0
   -14.489   -72.796    0.0   -0.0   -0.0
   -14.471   -72.796    0.0   -0.0   -0.0
   -14.453   -72.796    0.0   -0.0   -0.0
   -14.435   -72.796    0.0   -0.0   -0.0
   -14.417   -72.796    0.0   -0.0   -0.0
   -14.399   -72.796    0.0   -0.0   -0.0
   -14.382   -72.796    0.0   -0.0   -0.0
   -14.364   -72.796    0.0   -0.0   -0.0
   -14.346   -72.796    0.0   -0.0   -0.0
   -14.328   -72.796    0.0   -0.0   -0.0
   -14.310   -72.796    0.0   -0.0   -0.0
   -14.292   -72.796    0.0   -0.0    0.0
   -14.274   -72.796    0.0   -0.0    0.0
   -14.256   -72.796    0.0   -0.0    0.0
   -14.238   -72.796    0.0   -0.0    0.0
   -14.220   -72.796    0.0   -0.0    0.0
   -14.202   -72.796    0.0   -0.0    0.0
   -14.184   -72.796    0.0   -0.0    0.0
   -14.166   -72.796    0.0   -0.0    0.0
   -14.148   -72.796    0.0   -0.0    0.0
   -14.130   -72.796    0.0   -0.0    0.0
   -14.112   -72.796    0.0   -0.0    0.0
   -14.094   -72.796    0.0   -0.0    0.0
   -14.076   -72.796    0.0   -0.0    0.0
   -14.058   -72.796    0.0   -0.0    0.0
   -14.040   -72.796    0.0   -0.0    0.0
   -14.022   -72.796    0.0   -0.0    0.0
   -14.005   -72.796    0.0   -0.0    0.0
   -13.987   -72.796    0.0   -0.0    0.0
   -13.969   -72.796    0.0   -0.0    0.0
   -13.951   -72.796    0.0   -0.0    0.0
   -13.933   -72.796    0.0   -0.0    0.0
   -13.915   -72.796    0.0   -0.0    0.0
   -13.897   -72.796    0.0   -0.0    0.0
   -13.879   -72.796    0.0   -0.0    0.0
   -13.861   -72.796    0.0   -0.0    0.0
   -13.843   -72.796    0.0   -0.0    0.0
   -13.825   -72.796    0.0   -0.0    0.0
   -13.807   -72.796    0.0   -0.0    0.0
   -13.789   -72.796    0.0   -0.0    0.0
   -13.771   -72.796    0.0   -0.0    0.0
   -13.753   -72.796    0.0   -0.0    0.0
   -13.735   -72.796    0.0   -0.0    0.0
   -13.717   -72.796    0.0   -0.0    0.0
   -13.699   -72.796    0.0   -0.0    0.0
   -13.681   -72.796    0.0   -0.0    0.0
   -13.663   -72.796    0.0   -0.0    0.0
   -13.646   -72.796    0.0   -0.0    0.0
   -13.628   -72.796    0.0   -0.0    0.0
   -13.610   -72.796    0.0   -0.0    0.0
   -13.592   -72.796    0.0   -0.0    0.0
   -13.574   -72.796    0.0   -0.0    0.0
   -13.556   -72.796    0.0   -0.0    0.0
   -13.538   -72.796    0.0   -0.0    0.0
   -15.333   -72.777    0.0    0.0   -0.0
   -15.315   -72.777    0.0    0.0   -0.0
   -15.297   -72.777    0.0    0.0   -0.0
   -15.279   -72.777    0.0    0.0   -0.0
   -15.261   -72.777    0.0    0.0   -0.0
   -15.243   -72.777    0.0    0.0   -0.0
   -15.225   -72.777    0.0    0.0   -0.0
   -15.207   -72.777    0.0    0.0   -0.0
   -15.189   -72.777    0.0    0.0   -0.0
   -15.171   -72.777    0.0    0.0   -0.0
   -15.153   -72.777    0.0    0.0   -0.0
   -15.135   -72.777    0.0    0.0   -0.0
   -15.118   -72.777    0.0    0.0   -0.0
   -15.100   -72.777    0.0    0.0   -0.0
   -15.082   -72.777    0.0    0.0   -0.0
   -15.064   -72.777    0.0    0.0   -0.0
   -15.046   -72.777    0.0    0.0   -0.0
   -15.028   -72.777    0.0    0.0   -0.0
   -15.010   -72.777    0.0    0.0   -0.0
   -14.992   -72.777    0.0    0.0   -0.0
   -14.974   -72.777    0.0    0.0   -0.0
   -14.956   -72.777    0.0    0.0   -0.0
   -14.938   -72.777    0.0    0.0   -0.0
   -14.920   -72.777    0.0    0.0   -0.0
   -14.902   -72.777    0.0    0.0   -0.0
   -14.884   -72.777    0.0    0.0   -0.0
   -14.866   -72.777    0.0   -0.0   -0.0
   -14.848   -72.777    0.0   -0.0   -0.0
   -14.830   -72.777    0.0   -0.0   -0.0
   -14.812   -72.777    0.0   -0.0   -0.0
   -14.794   -72.777    0.0   -0.0   -0.0
   -14.776   -72.777    0.0   -0.0   -0.0
   -14.758   -72.777    0.0   -0.0   -0.0
   -14.741   -72.777    0.0   -0.0   -0.0
   -14.723   -72.777    0.0   -0.0   -0.0
   -14.705   -72.777    0.0   -0.0   -0.0
   -14.687   -72.777    0.0   -0.0   -0.0
   -14.669   -72.777    0.0   -0.0   -0.0
   -14.651   -72.777    0.0   -0.0   -0.0
   -14.633   -72.777    0.0   -0.0   -0.0
   -14.615   -72.777    0.0   -0.0   -0.0
   -14.597   -72.777    0.0   -0.0   -0.0
   -14.579   -72.777    0.0   -0.0   -0.0
   -14.561   -72.777    0.0   -0.0   -0.0
   -14.543   -72.777    0.0   -0.0   -0.0
   -14.525   -72.777    0.0   -0.0   -0.0
   -14.507   -72.777    0.0   -0.0   -0.0
   -14.489   -72.777    0.0   -0.0   -0.0
   -14.471   -72.777    0.0   -0.0   -0.0
   -14.453   -72.777    0.0   -0.0   -0.0
   -14.435   -72.777    0.0   -0.0   -0.0
   -14.417   -72.777    0.0   -0.0   -0.0
   -14.399   -72.777    0.0   -0.0   -0.0
   -14.382   -72.777    0.0   -0.0    0.0
   -14.364   -72.777    0.0   -0.0    0.0
   -14.346   -72.777    0.0   -0.0    0.0
   -14.328   -72.777    0.0   -0.0    0.0
   -14.310   -72.777    0.0   -0.0    0.0
   -14.292   -72.777    0.0   -0.0    0.0
   -14.274   -72.777    0.0   -0.0    0.0
   -14.256   -72.777    0.0   -0.0    0.0
   -14.238   -72.777    0.0   -0.0    0.0
   -14.220   -72.777    0.0   -0.0    0.0
   -14.202   -72.777    0.0   -0.0    0.0
   -14.184   -72.777    0.0   -0.0    0.0
   -14.166   -72.777    0.0   -0.0    0.0
   -14.148   -72.777    0.0   -0.0    0.0
   -14.130   -72.777    0.0   -0.0    0.0
   -14.112   -72.777    0.0   -0.0    0.0
   -14.094   -72.777    0.0   -0.0    0.0
   -14.076   -72.777    0.0   -0.0    0.0
   -14.058   -72.777    0.0   -0.0    0.0
   -14.040   -72.777    0.0   -0.0    0.0
   -14.022   -72.777    0.0   -0.0    0.0
   -14.005   -72.777    0.0   -0.0    0.0
   -13.987   -72.777    0.0   -0.0    0.0
   -13.969   -72.777    0.0   -0.0    0.0
   -13.951   -72.777    0.0   -0.0    0.0
   -13.933   -72.777    0.0   -0.0    0.0
   -13.915   -72.777    0.0   -0.0    0.0
   -13.897   -72.777    0.0   -0.0    0.0
   -13.879   -72.777    0.0   -0.0    0.0
   -13.861   -72.777    0.0   -0.0    0.0
   -13.843   -72.777    0.0   -0.0    0.0
   -13.825   -72.777    0.0   -0.0    0.0
   -13.807   -72.777    0.0   -0.0    0.0
   -13.789   -72.777    0.0   -0.0    0.0
   -13.771   -72.777    0.0   -0.0    0.0
   -13.753   -72.777    0.0   -0.0    0.0
   -13.735   -72.777    0.0   -0.0    0.0
   -13.717   -72.777    0.0   -0.0    0.0
   -13.699   -72.777    0.0   -0.0    0.0
   -13.681   -72.777    0.0   -0.0    0.0
   -13.663   -72.777    0.0   -0.0    0.0
   -13.646   -72.777    0.0   -0.0    0.0
   -13.628   -72.777    0.0   -0.0    0.0
   -13.610   -72.777    0.0   -0.0    0.0
   -13.592   -72.777    0.0   -0.0    0.0
   -13.574   -72.777    0.0   -0.0    0.0
   -13.556   -72.777    0.0   -0.0    0.0
   -13.538   -72.777    0.0   -0.0    0.0
   -15.333   -72.759    0.0    0.0   -0.0
   -15.315   -72.759    0.0    0.0   -0.0
   -15.297   -72.759    0.0    0.0   -0.0
   -15.279   -72.759    0.0    0.0   -0.0
   -15.261   -72.759    0.0    0.0   -0.0
   -15.243   -72.759    0.0    0.0   -0.0
   -15.225   -72.759    0.0    0.0   -0.0
   -15.207   -72.759    0.0    0.0   -0.0
   -15.189   -72.759    0.0    0.0   -0.0
   -15.171   -72.759    0.0    0.0   -0.0
   -15.153   -72.759    0.0    0.0   -0.0
   -15.135   -72.759    0.0    0.0   -0.0
   -15.118   -72.759    0.0    0.0   -0.0
   -15.100   -72.759    0.0    0.0   -0.0
   -15.082   -72.759    0.0    0.0   -0.0
   -15.064   -72.759    0.0    0.0   -0.0
   -15.046   -72.759    0.0    0.0   -0.0
   -15.028   -72.759    0.0    0.0   -0.0
   -15.010   -72.759    0.0    0.0   -0.0
   -14.992   -72.759    0.0    0.0   -0.0
   -14.974   -72.759    0.0    0.0   -0.0
   -14.956   -72.759    0.0    0.0   -0.0
   -14.938   -72.759    0.0    0.0   -0.0
   -14.920   -72.759    0.0    0.0   -0.0
   -14.902   -72.759    0.0   -0.0   -0.0
   -14.884   -72.759    0.0   -0.0   -0.0
   -14.866   -72.759    0.0   -0.0   -0.0
   -14.848   -72.759    0.0   -0.0   -0.0
   -14.830   -72.759    0.0   -0.0   -0.0
   -14.812   -72.759    0.0   -0.0   -0.0
   -14.794   -72.759    0.0   -0.0   -0.0
   -14.776   -72.759    0.0   -0.0   -0.0
   -14.758   -72.759    0.0   -0.0   -0.0
   -14.741   -72.759    0.0   -0.0   -0.0
   -14.723   -72.759    0.0   -0.0   -0.0
   -14.705   -72.759    0.0   -0.0   -0.0
   -14.687   -72.759    0.0   -0.0   -0.0
   -14.669   -72.759    0.0   -0.0   -0.0
   -14.651   -72.759    0.0   -0.0   -0.0
   -14.633   -72.759    0.0   -0.0   -0.0
   -14.615   -72.759    0.0   -0.0   -0.0
   -14.597   -72.759    0.0   -0.0   -0.0
   -14.579   -72.759    0.0   -0.0   -0.0
   -14.561   -72.759    0.0   -0.0   -0.0
   -14.543   -72.759    0.0   -0.0   -0.0
   -14.525   -72.759    0.0   -0.0   -0.0
   -14.507   -72.759    0.0   -0.0   -0.0
   -14.489   -72.759    0.0   -0.0    0.0
   -14.471   -72.759    0.0   -0.0    0.0
   -14.453   -72.759    0.0   -0.0    0.0
   -14.435   -72.759    0.0   -0.0    0.0
   -14.417   -72.759    0.0   -0.0    0.0
   -14.399   -72.759    0.0   -0.0    0.0
   -14.382   -72.759    0.0   -0.0    0.0
   -14.364   -72.759    0.0   -0.0    0.0
   -14.346   -72.759    0.0   -0.0    0.0
   -14.328   -72.759    0.0   -0.0    0.0
   -14.310   -72.759    0.0   -0.0    0.0
   -14.292   -72.759    0.0   -0.0    0.0
   -14.274   -72.759    0.0   -0.0    0.0
   -14.256   -72.759    0.0   -0.0    0.0
   -14.238   -72.759    0.0   -0.0    0.0
   -14.220   -72.759    0.0   -0.0    0.0
   -14.202   -72.759    0.0   -0.0    0.0
   -14.184   -72.759    0.0   -0.0    0.0
   -14.166   -72.759    0.0   -0.0    0.0
   -14.148   -72.759    0.0   -0.0    0.0
   -14.130   -72.759    0.0   -0.0    0.0
   -14.112   -72.759    0.0   -0.0    0.0
   -14.094   -72.759    0.0   -0.0    0.0
   -14.076   -72.759    0.0   -0.0    0.0
   -14.058   -72.759    0.0   -0.0    0.0
   -14.040   -72.759    0.0   -0.0    0.0
   -14.022   -72.759    0.0   -0.0    0.0
   -14.005   -72.759    0.0   -0.0    0.0
   -13.987   -72.759    0.0   -0.0    0.0
   -13.969   -72.759    0.0   -0.0    0.0
   -13.951   -72.759    0.0   -0.0    0.0
   -13.933   -72.759    0.0   -0.0    0.0
   -13.915   -72.759    0.0   -0.0    0.0
   -13.897   -72.759    0.0   -0.0    0.0
   -13.879   -72.759    0.0   -0.0    0.0
   -13.861   -72.759    0.0   -0.0    0.0
   -13.843   -72.759    0.0   -0.0    0.0
   -13.825   -72.759    0.0   -0.0    0.0
   -13.807   -72.759    0.0   -0.0    0.0
   -13.789   -72.759    0.0   -0.0    0.0
   -13.771   -72.759    0.0   -0.0    0.0
   -13.753   -72.759    0.0   -0.0    0.0
   -13.735   -72.759    0.0   -0.0    0.0
   -13.717   -72.759    0.0   -0.0    0.0
   -13.699   -72.759    0.0   -0.0    0.0
   -13.681   -72.759    0.0   -0.0    0.0
   -13.663   -72.759    0.0   -0.0    0.0
   -13.646   -72.759    0.0   -0.0    0.0
   -13.628   -72.759    0.0   -0.0    0.0
   -13.610   -72.759    0.0   -0.0    0.0
   -13.592   -72.759    0.0   -0.0    0.0
   -13.574   -72.759    0.0   -0.0    0.0
   -13.556   -72.759    0.0   -0.0    0.0
   -13.538   -72.759    0.0    0.0    0.0
   -15.333   -72.740    0.0    0.0   -0.0
   -15.315   -72.740    0.0    0.0   -0.0
   -15.297   -72.740    0.0    0.0   -0.0
   -15.279   -72.740    0.0    0.0   -0.0
   -15.261   -72.740    0.0    0.0   -0.0
   -15.243   -72.740    0.0    0.0   -0.0
   -15.225   -72.740    0.0    0.0   -0.0
   -15.207   -72.740    0.0    0.0   -0.0
   -15.189   -72.740    0.0    0.0   -0.0
   -15.171   -72.740    0.0    0.0   -0.0
   -15.153   -72.740    0.0    0.0   -0.0
   -15.135   -72.740    0.0    0.0   -0.0
   -15.118   -72.740    0.0    0.0   -0.0
   -15.100   -72.740    0.0    0.0   -0.0
   -15.082   -72.740    0.0    0.0   -0.0
   -15.064   -72.740    0.0    0.0   -0.0
   -15.046   -72.740    0.0    0.0   -0.0
   -15.028   -72.740    0.0    0.0   -0.0
   -15.010   -72.740    0.0    0.0   -0.0
   -14.992   -72.740    0.0    0.0   -0.0
   -14.974   -72.740    0.0    0.0   -0.0
   -14.956   -72.740    0.0   -0.0   -0.0
   -14.938   -72.740    0.0   -0.0   -0.0
   -14.920   -72.740    0.0   -0.0   -0.0
   -14.902   -72.740    0.0   -0.0   -0.0
   -14.884   -72.740    0.0   -0.0   -0.0
   -14.866   -72.740    0.0   -0.0   -0.0
   -14.848   -72.740    0.0   -0.0   -0.0
   -14.830   -72.740    0.0   -0.0   -0.0
   -14.812   -72.740    0.0   -0.0   -0.0
   -14.794   -72.740    0.0   -0.0   -0.0
   -14.776   -72.740    0.0   -0.0   -0.0
   -14.758   -72.740    0.0   -0.0   -0.0
   -14.741   -72.740    0.0   -0.0   -0.0
   -14.723   -72.740    0.0   -0.0   -0.0
   -14.705   -72.740    0.0   -0.0   -0.0
   -14.687   -72.740    0.0   -0.0   -0.0
   -14.669   -72.740    0.0   -0.0   -0.0
   -14.651   -72.740    0.0   -0.0   -0.0
   -14.633   -72.740    0.0   -0.0   -0.0
   -14.615   -72.740    0.0   -0.0   -0.0
   -14.597   -72.740    0.0   -0.0    0.0
   -14.579   -72.740    0.0   -0.0    0.0
   -14.561   -72.740    0.0   -0.0    0.0
   -14.543   -72.740    0.0   -0.0    0.0
   -14.525   -72.740    0.0   -0.0    0.0
   -14.507   -72.740    0.0   -0.0    0.0
   -14.489   -72.740    0.0   -0.0    0.0
   -14.471   -72.740    0.0   -0.0    0.0
   -14.453   -72.740    0.0   -0.0    0.0
   -14.435   -72.740    0.0   -0.0    0.0
   -14.417   -72.740    0.0   -0.0    0.0
   -14.399   -72.740    0.0   -0.0    0.0
   -14.382   -72.740    0.0   -0.0    0.0
   -14.364   -72.740    0.0   -0.0    0.0
   -14.346   -72.740    0.0   -0.0    0.0
   -14.328   -72.740    0.0   -0.0    0.0
   -14.310   -72.740    0.0   -0.0    0.0
   -14.292   -72.740    0.0   -0.0    0.0
   -14.274   -72.740    0.0   -0.0    0.0
   -14.256   -72.740    0.0   -0.0    0.0
   -14.238   -72.740    0.0   -0.0    0.0
   -14.220   -72.740    0.0   -0.0    0.0
   -14.202   -72.740    0.0   -0.0    0.0
   -14.184   -72.740    0.0   -0.0    0.0
   -14.166   -72.740    0.0   -0.0    0.0
   -14.148   -72.740    0.0   -0.0    0.0
   -14.130   -72.740    0.0   -0.0    0.0
   -14.112   -72.740    0.0   -0.0    0.0
   -14.094   -72.740    0.0   -0.0    0.0
   -14.076   -72.740    0.0   -0.0    0.0
   -14.058   -72.740    0.0   -0.0    0.0
   -14.040   -72.740    0.0   -0.0    0.0
   -14.022   -72.740    0.0   -0.0    0.0
   -14.005   -72.740    0.0   -0.0    0.0
   -13.987   -72.740    0.0   -0.0    0.0
   -13.969   -72.740    0.0   -0.0    0.0
   -13.951   -72.740    0.0   -0.0    0.0
   -13.933   -72.740    0.0   -0.0    0.0
   -13.915   -72.740    0.0   -0.0    0.0
   -13.897   -72.740    0.0   -0.0    0.0
   -13.879   -72.740    0.0   -0.0    0.0
   -13.861   -72.740    0.0    0.0    0.0
   -13.843   -72.740    0.0    0.0    0.0
   -13.825   -72.740    0.0    0.0    0.0
   -13.807   -72.740    0.0    0.0    0.0
   -13.789   -72.740    0.0    0.0    0.0
   -13.771   -72.740    0.0    0.0    0.0
   -13.753   -72.740    0.0    0.0    0.0
   -13.735   -72.740    0.0    0.0    0.0
   -13.717   -72.740    0.0    0.0    0.0
   -13.699   -72.740    0.0    0.0    0.0
   -13.681   -72.740    0.0    0.0    0.0
   -13.663   -72.740    0.0    0.0    0.0
   -13.646   -72.740    0.0    0.0    0.0
   -13.628   -72.740    0.0    0.0    0.0
   -13.610   -72.740    0.0    0.0    0.0
   -13.592   -72.740    0.0    0.0    0.0
   -13.574   -72.740    0.0    0.0    0.0
   -13.556   -72.740    0.0    0.0    0.0
   -13.538   -72.740    0.0    0.0    0.0
   -15.333   -72.722    0.0    0.0   -0.0
   -15.315   -72.722    0.0    0.0   -0.0
   -15.297   -72.722    0.0    0.0   -0.0
   -15.279   -72.722    0.0    0.0   -0.0
   -15.261   -72.722    0.0    0.0   -0.0
   -15.243   -72.722    0.0    0.0   -0.0
   -15.225   -72.722    0.0    0.0   -0.0
   -15.207   -72.722    0.0    0.0   -0.0
   -15.189   -72.722    0.0    0.0   -0.0
   -15.171   -72.722    0.0    0.0   -0.0
   -15.153   -72.722    0.0    0.0   -0.0
   -15.135   -72.722    0.0    0.0   -0.0
   -15.118   -72.722    0.0    0.0   -0.0
   -15.100   -72.722    0.0    0.0   -0.0
   -15.082   -72.722    0.0    0.0   -0.0
   -15.064   -72.722    0.0    0.0   -0.0
   -15.046   -72.722    0.0    0.0   -0.0
   -15.028   -72.722    0.0    0.0   -0.0
   -15.010   -72.722    0.0   -0.0   -0.0
   -14.992   -72.722    0.0   -0.0   -0.0
   -14.974   -72.722    0.0   -0.0   -0.0
   -14.956   -72.722    0.0   -0.0   -0.0
   -14.938   -72.722    0.0   -0.0   -0.0
   -14.920   -72.722    0.0   -0.0   -0.0
   -14.902   -72.722    0.0   -0.0   -0.0
   -14.884   -72.722    0.0   -0.0   -0.0
   -14.866   -72.722    0.0   -0.0   -0.0
   -14.848   -72.722    0.0   -0.0   -0.0
   -14.830   -72.722    0.0   -0.0   -0.0
   -14.812   -72.722    0.0   -0.0   -0.0
   -14.794   -72.722    0.0   -0.0   -0.0
   -14.776   -72.722    0.0   -0.0   -0.0
   -14.758   -72.722    0.0   -0.0   -0.0
   -14.741   -72.722    0.0   -0.0    0.0
   -14.723   -72.722    0.0   -0.0    0.0
   -14.705   -72.722    0.0   -0.0    0.0
   -14.687   -72.722    0.0   -0.0    0.0
   -14.669   -72.722    0.0   -0.0    0.0
   -14.651   -72.722    0.0   -0.0    0.0
   -14.633   -72.722    0.0   -0.0    0.0
   -14.615   -72.722    0.0   -0.0    0.0
   -14.597   -72.722    0.0   -0.0    0.0
   -14.579   -72.722    0.0   -0.0    0.0
   -14.561   -72.722    0.0   -0.0    0.0
   -14.543   -72.722    0.0   -0.0    0.0
   -14.525   -72.722    0.0   -0.0    0.0
   -14.507   -72.722    0.0   -0.0    0.0
   -14.489   -72.722    0.0   -0.0    0.0
   -14.471   -72.722    0.0   -0.0    0.0
   -14.453   -72.722    0.0   -0.0    0.0
   -14.435   -72.722    0.0   -0.0    0.0
   -14.417   -72.722    0.0   -0.0    0.0
   -14.399   -72.722    0.0   -0.0    0.0
   -14.382   -72.722    0.0   -0.0    0.0
   -14.364   -72.722    0.0   -0.0    0.0
   -14.346   -72.722    0.0   -0.0    0.0
   -14.328   -72.722    0.0   -0.0    0.0
   -14.310   -72.722    0.0   -0.0    0.0
   -14.292   -72.722    0.0   -0.0    0.0
   -14.274   -72.722    0.0   -0.0    0.0
   -14.256   -72.722    0.0   -0.0    0.0
   -14.238   -72.722    0.0   -0.0    0.0
   -14.220   -72.722    0.0   -0.0    0.0
   -14.202   -72.722    0.0   -0.0    0.0
   -14.184   -72.722    0.0   -0.0    0.0
   -14.166   -72.722    0.0   -0.0    0.0
   -14.148   -72.722    0.0   -0.0    0.0
   -14.130   -72.722    0.0   -0.0    0.0
   -14.112   -72.722    0.0   -0.0    0.0
   -14.094   -72.722    0.0   -0.0    0.0
   -14.076   -72.722    0.0   -0.0    0.0
   -14.058   -72.722    0.0   -0.0    0.0
   -14.040   -72.722    0.0   -0.0    0.0
   -14.022   -72.722    0.0    0.0    0.0
   -14.005   -72.722    0.0    0.0    0.0
   -13.987   -72.722    0.0    0.0    0.0
   -13.969   -72.722    0.0    0.0    0.0
   -13.951   -72.722    0.0    0.0    0.0
   -13.933   -72.722    0.0    0.0    0.0
   -13.915   -72.722    0.0    0.0    0.0
   -13.897   -72.722    0.0    0.0    0.0
   -13.879   -72.722    0.0    0.0    0.0
   -13.861   -72.722    0.0    0.0    0.0
   -13.843   -72.722    0.0    0.0    0.0
   -13.825   -72.722    0.0    0.0    0.0
   -13.807   -72.722    0.0    0.0    0.0
   -13.789   -72.722    0.0    0.0    0.0
   -13.771   -72.722    0.0    0.0    0.0
   -13.753   -72.722    0.0    0.0    0.0
   -13.735   -72.722    0.0    0.0    0.0
   -13.717   -72.722    0.0    0.0    0.0
   -13.699   -72.722    0.0    0.0    0.0
   -13.681   -72.722    0.0    0.0    0.0
   -13.663   -72.722    0.0    0.0    0.0
   -13.646   -72.722    0.0    0.0    0.0
   -13.628   -72.722    0.0    0.0    0.0
   -13.610   -72.722    0.0    0.0    0.0
   -13.592   -72.722    0.0    0.0    0.0
   -13.574   -72.722    0.0    0.0    0.0
   -13.556   -72.722    0.0    0.0    0.0
   -13.538   -72.722    0.0    0.0    0.0
   -15.333   -72.703    0.0    0.0   -0.0
   -15.315   -72.703    0.0    0.0   -0.0
   -15.297   -72.703    0.0    0.0   -0.0
   -15.279   -72.703    0.0    0.0   -0.0
   -15.261   -72.703    0.0    0.0   -0.0
   -15.243   -72.703    0.0    0.0   -0.0
   -15.225   -72.703    0.0    0.0   -0.0
   -15.207   -72.703    0.0    0.0   -0.0
   -15.189   -72.703    0.0    0.0   -0.0
   -15.171   -72.703    0.0    0.0   -0.0
   -15.153   -72.703    0.0    0.0   -0.0
   -15.135   -72.703    0.0    0.0   -0.0
   -15.118   -72.703    0.0    0.0   -0.0
   -15.100   -72.703    0.0   -0.0   -0.0
   -15.082   -72.703    0.0   -0.0   -0.0
   -15.064   -72.703    0.0   -0.0   -0.0
   -15.046   -72.703    0.0   -0.0   -0.0
   -15.028   -72.703    0.0   -0.0   -0.0
   -15.010   -72.703    0.0   -0.0   -0.0
   -14.992   -72.703    0.0   -0.0   -0.0
   -14.974   -72.703    0.0   -0.0   -0.0
   -14.956   -72.703    0.0   -0.0    0.0
   -14.938   -72.703    0.0   -0.0    0.0
   -14.920   -72.703    0.0   -0.0    0.0
   -14.902   -72.703    0.0   -0.0    0.0
   -14.884   -72.703    0.0   -0.0    0.0
   -14.866   -72.703    0.0   -0.0    0.0
   -14.848   -72.703    0.0   -0.0    0.0
   -14.830   -72.703    0.0   -0.0    0.0
   -14.812   -72.703    0.0   -0.0    0.0
   -14.794   -72.703    0.0   -0.0    0.0
   -14.776   -72.703    0.0   -0.0    0.0
   -14.758   -72.703    0.0   -0.0    0.0
   -14.741   -72.703    0.0   -0.0    0.0
   -14.723   -72.703    0.0   -0.0    0.0
   -14.705   -72.703    0.0   -0.0    0.0
   -14.687   -72.703    0.0   -0.0    0.0
   -14.669   -72.703    0.0   -0.0    0.0
   -14.651   -72.703    0.0   -0.0    0.0
   -14.633   -72.703    0.0   -0.0    0.0
   -14.615   -72.703    0.0   -0.0    0.0
   -14.597   -72.703    0.0   -0.0    0.0
   -14.579   -72.703    0.0   -0.0    0.0
   -14.561   -72.703    0.0   -0.0    0.0
   -14.543   -72.703    0.0   -0.0    0.0
   -14.525   -72.703    0.0   -0.0    0.0
   -14.507   -72.703    0.0   -0.0    0.0
   -14.489   -72.703    0.0   -0.0    0.0
   -14.471   -72.703    0.0   -0.0    0.0
   -14.453   -72.703    0.0   -0.0    0.0
   -14.435   -72.703    0.0   -0.0    0.0
   -14.417   -72.703    0.0   -0.0    0.0
   -14.399   -72.703    0.0   -0.0    0.0
   -14.382   -72.703    0.0   -0.0    0.0
   -14.364   -72.703    0.0   -0.0    0.0
   -14.346   -72.703    0.0   -0.0    0.0
   -14.328   -72.703    0.0   -0.0    0.0
   -14.310   -72.703    0.0   -0.0    0.0
   -14.292   -72.703    0.0   -0.0    0.0
   -14.274   -72.703    0.0   -0.0    0.0
   -14.256   -72.703    0.0   -0.0    0.0
   -14.238   -72.703    0.0   -0.0    0.0
   -14.220   -72.703    0.0   -0.0    0.0
   -14.202   -72.703    0.0   -0.0    0.0
   -14.184   -72.703    0.0   -0.0    0.0
   -14.166   -72.703    0.0   -0.0    0.0
   -14.148   -72.703    0.0   -0.0    0.0
   -14.130   -72.703    0.0   -0.0    0.0
   -14.112   -72.703    0.0    0.0    0.0
   -14.094   -72.703    0.0    0.0    0.0
   -14.076   -72.703    0.0    0.0    0.0
   -14.058   -72.703    0.0    0.0    0.0
   -14.040   -72.703    0.0    0.0    0.0
   -14.022   -72.703    0.0    0.0    0.0
   -14.005   -72.703    0.0    0.0    0.0
   -13.987   -72.703    0.0    0.0    0.0
   -13.969   -72.703    0.0    0.0    0.0
   -13.951   -72.703    0.0    0.0    0.0
   -13.933   -72.703    0.0    0.0    0.0
   -13.915   -72.703    0.0    0.0    0.0
   -13.897   -72.703    0.0    0.0    0.0
   -13.879   -72.703    0.0    0.0    0.0
   -13.861   -72.703    0.0    0.0    0.0
   -13.843   -72.703    0.0    0.0    0.0
   -13.825   -72.703    0.0    0.0    0.0
   -13.807   -72.703    0.0    0.0    0.0
   -13.789   -72.703    0.0    0.0    0.0
   -13.771   -72.703    0.0    0.0    0.0
   -13.753   -72.703    0.0    0.0    0.0
   -13.735   -72.703    0.0    0.0    0.0
   -13.717   -72.703    0.0    0.0    0.0
   -13.699   -72.703    0.0    0.0    0.0
   -13.681   -72.703    0.0    0.0    0.0
   -13.663   -72.703    0.0    0.0    0.0
   -13.646   -72.703    0.0    0.0    0.0
   -13.628   -72.703    0.0    0.0    0.0
   -13.610   -72.703    0.0    0.0    0.0
   -13.592   -72.703    0.0    0.0    0.0
   -13.574   -72.703    0.0    0.0    0.0
   -13.556   -72.703    0.0    0.0    0.0
   -13.538   -72.703    0.0    0.0    0.0
   -15.333   -72.684    0.0    0.0    0.0
   -15.315   -72.684    0.0    0.0    0.0
   -15.297   -72.684    0.0    0.0    0.0
   -15.279   -72.684    0.0    0.0    0.0
   -15.261   -72.684    0.0    0.0    0.0
   -15.243   -72.684    0.0    0.0    0.0
   -15.225   -72.684    0.0    0.0    0.0
   -15.207   -72.684    0.0   -0.0    0.0
   -15.189   -72.684    0.0   -0.0    0.0
   -15.171   -72.684    0.0   -0.0    0.0
   -15.153   -72.684    0.0   -0.0    0.0
   -15.135   -72.684    0.0   -0.0    0.0
   -15.118   -72.684    0.0   -0.0    0.0
   -15.100   -72.684    0.0   -0.0    0.0
   -15.082   -72.684    0.0   -0.0    0.0
   -15.064   -72.684    0.0   -0.0    0.0
   -15.046   -72.684    0.0   -0.0    0.0
   -15.028   -72.684    0.0   -0.0    0.0
   -15.010   -72.684    0.0   -0.0    0.0
   -14.992   -72.684    0.0   -0.0    0.0
   -14.974   -72.684    0.0   -0.0    0.0
   -14.956   -72.684    0.0   -0.0    0.0
   -14.938   -72.684    0.0   -0.0    0.0
   -14.920   -72.684    0.0   -0.0    0.0
   -14.902   -72.684    0.0   -0.0    0.0
   -14.884   -72.684    0.0   -0.0    0.0
   -14.866   -72.684    0.0   -0.0    0.0
   -14.848   -72.684    0.0   -0.0    0.0
   -14.830   -72.684    0.0   -0.0    0.0
   -14.812   -72.684    0.0   -0.0    0.0
   -14.794   -72.684    0.0   -0.0    0.0
   -14.776   -72.684    0.0   -0.0    0.0
   -14.758   -72.684    0.0   -0.0    0.0
   -14.741   -72.684    0.0   -0.0    0.0
   -14.723   -72.684    0.0   -0.0    0.0
   -14.705   -72.684    0.0   -0.0    0.0
   -14.687   -72.684    0.0   -0.0    0.0
   -14.669   -72.684    0.0   -0.0    0.0
   -14.651   -72.684    0.0   -0.0    0.0
   -14.633   -72.684    0.0   -0.0    0.0
   -14.615   -72.684    0.0   -0.0    0.0
   -14.597   -72.684    0.0   -0.0    0.0
   -14.579   -72.684    0.0   -0.0    0.0
   -14.561   -72.684    0.0   -0.0    0.0
   -14.543   -72.684    0.0   -0.0    0.0
   -14.525   -72.684    0.0   -0.0    0.0
   -14.507   -72.684    0.0   -0.0    0.0
   -14.489   -72.684    0.0   -0.0    0.0
   -14.471   -72.684    0.0   -0.0    0.0
   -14.453   -72.684    0.0   -0.0    0.0
   -14.435   -72.684    0.0   -0.0    0.0
   -14.417   -72.684    0.0   -0.0    0.0
   -14.399   -72.684    0.0   -0.0    0.0
   -14.382   -72.684    0.0   -0.0    0.0
   -14.364   -72.684    0.0   -0.0    0.0
   -14.346   -72.684    0.0   -0.0    0.0
   -14.328   -72.684    0.0   -0.0    0.0
   -14.310   -72.684    0.0   -0.0    0.0
   -14.292   -72.684    0.0   -0.0    0.0
   -14.274   -72.684    0.0   -0.0    0.0
   -14.256   -72.684    0.0   -0.0    0.0
   -14.238   -72.684    0.0   -0.0    0.0
   -14.220   -72.684    0.0   -0.0    0.0
   -14.202   -72.684    0.0    0.0    0.0
   -14.184   -72.684    0.0    0.0    0.0
   -14.166   -72.684    0.0    0.0    0.0
   -14.148   -72.684    0.0    0.0    0.0
   -14.130   -72.684    0.0    0.0    0.0
   -14.112   -72.684    0.0    0.0    0.0
   -14.094   -72.684    0.0    0.0    0.0
   -14.076   -72.684    0.0    0.0    0.0
   -14.058   -72.684    0.0    0.0    0.0
   -14.040   -72.684    0.0    0.0    0.0
   -14.022   -72.684    0.0    0.0    0.0
   -14.005   -72.684    0.0    0.0    0.0
   -13.987   -72.684    0.0    0.0    0.0
   -13.969   -72.684    0.0    0.0    0.0
   -13.951   -72.684    0.0    0.0    0.0
   -13.933   -72.684    0.0    0.0    0.0
   -13.915   -72.684    0.0    0.0    0.0
   -13.897   -72.684    0.0    0.0    0.0
   -13.879   -72.684    0.0    0.0    0.0
   -13.861   -72.684    0.0    0.0    0.0
   -13.843   -72.684    0.0    0.0    0.0
   -13.825   -72.684    0.0    0.0    0.0
   -13.807   -72.684    0.0    0.0    0.0
   -13.789   -72.684    0.0    0.0    0.0
   -13.771   -72.684    0.0    0.0    0.0
   -13.753   -72.684    0.0    0.0    0.0
   -13.735   -72.684    0.0    0.0    0.0
   -13.717   -72.684    0.0    0.0    0.0
   -13.699   -72.684    0.0    0.0    0.0
   -13.681   -72.684    0.0    0.0    0.0
   -13.663   -72.684    0.0    0.0    0.0
   -13.646   -72.684    0.0    0.0    0.0
   -13.628   -72.684    0.0    0.0    0.0
   -13.610   -72.684    0.0    0.0    0.0
   -13.592   -72.684    0.0    0.0    0.0
   -13.574   -72.684    0.0    0.0    0.0
   -13.556   -72.684    0.0    0.0    0.0
   -13.538   -72.684    0.0    0.0    0.0
   -15.333   -72.666    0.0   -0.0    0.0
   -15.315   -72.666    0.0   -0.0    0.0
   -15.297   -72.666    0.0   -0.0    0.0
   -15.279   -72.666    0.0   -0.0    0.0
   -15.261   -72.666    0.0   -0.0    0.0
   -15.243   -72.666    0.0   -0.0    0.0
   -15.225   -72.666    0.0   -0.0    0.0
   -15.207   -72.666    0.0   -0.0    0.0
   -15.189   -72.666    0.0   -0.0    0.0
   -15.171   -72.666    0.0   -0.0    0.0
   -15.153   -72.666    0.0   -0.0    0.0
   -15.135   -72.666    0.0   -0.0    0.0
   -15.118   -72.666    0.0   -0.0    0.0
   -15.100   -72.666    0.0   -0.0    0.0
   -15.082   -72.666    0.0   -0.0    0.0
   -15.064   -72.666    0.0   -0.0    0.0
   -15.046   -72.666    0.0   -0.0    0.0
   -15.028   -72.666    0.0   -0.0    0.0
   -15.010   -72.666    0.0   -0.0    0.0
   -14.992   -72.666    0.0   -0.0    0.0
   -14.974   -72.666    0.0   -0.0    0.0
   -14.956   -72.666    0.0   -0.0    0.0
   -14.938   -72.666    0.0   -0.0    0.0
   -14.920   -72.666    0.0   -0.0    0.0
   -14.902   -72.666    0.0   -0.0    0.0
   -14.884   -72.666    0.0   -0.0    0.0
   -14.866   -72.666    0.0   -0.0    0.0
   -14.848   -72.666    0.0   -0.0    0.0
   -14.830   -72.666    0.0   -0.0    0.0
   -14.812   -72.666    0.0   -0.0    0.0
   -14.794   -72.666    0.0   -0.0    0.0
   -14.776   -72.666    0.0   -0.0    0.0
   -14.758   -72.666    0.0   -0.0    0.0
   -14.741   -72.666    0.0   -0.0    0.0
   -14.723   -72.666    0.0   -0.0    0.0
   -14.705   -72.666    0.0   -0.0    0.0
   -14.687   -72.666    0.0   -0.0    0.0
   -14.669   -72.666    0.0   -0.0    0.0
   -14.651   -72.666    0.0   -0.0    0.0
   -14.633   -72.666    0.0   -0.0    0.0
   -14.615   -72.666    0.0   -0.0    0.0
   -14.597   -72.666    0.0   -0.0    0.0
   -14.579   -72.666    0.0   -0.0    0.0
   -14.561   -72.666    0.0   -0.0    0.0
   -14.543   -72.666    0.0   -0.0    0.0
   -14.525   -72.666    0.0   -0.0    0.0
   -14.507   -72.666    0.0   -0.0    0.0
   -14.489   -72.666    0.0   -0.0    0.0
   -14.471   -72.666    0.0   -0.0    0.0
   -14.453   -72.666    0.0   -0.0    0.0
   -14.435   -72.666    0.0   -0.0    0.0
   -14.417   -72.666    0.0   -0.0    0.0
   -14.399   -72.666    0.0   -0.0    0.0
   -14.382   -72.666    0.0   -0.0    0.0
   -14.364   -72.666    0.0   -0.0    0.0
   -14.346   -72.666    0.0   -0.0    0.0
   -14.328   -72.666    0.0   -0.0    0.0
   -14.310   -72.666    0.0   -0.0    0.0
   -14.292   -72.666    0.0   -0.0    0.0
   -14.274   -72.666    0.0    0.0    0.0
   -14.256   -72.666    0.0    0.0    0.0
   -14.238   -72.666    0.0    0.0    0.0
   -14.220   -72.666    0.0    0.0    0.0
   -14.202   -72.666    0.0    0.0    0.0
   -14.184   -72.666    0.0    0.0    0.0
   -14.166   -72.666    0.0    0.0    0.0
   -14.148   -72.666    0.0    0.0    0.0
   -14.130   -72.666    0.0    0.0    0.0
   -14.112   -72.666    0.0    0.0    0.0
   -14.094   -72.666    0.0    0.0    0.0
   -14.076   -72.666    0.0    0.0    0.0
   -14.058   -72.666    0.0    0.0    0.0
   -14.040   -72.666    0.0    0.0    0.0
   -14.022   -72.666    0.0    0.0    0.0
   -14.005   -72.666    0.0    0.0    0.0
   -13.987   -72.666    0.0    0.0    0.0
   -13.969   -72.666    0.0    0.0    0.0
   -13.951   -72.666    0.0    0.0    0.0
   -13.933   -72.666    0.0    0.0    0.0
   -13.915   -72.666    0.0    0.0    0.0
   -13.897   -72.666    0.0    0.0    0.0
   -13.879   -72.666    0.0    0.0    0.0
   -13.861   -72.666    0.0    0.0    0.0
   -13.843   -72.666    0.0    0.0    0.0
   -13.825   -72.666    0.0    0.0    0.0
   -13.807   -72.666    0.0    0.0    0.0
   -13.789   -72.666    0.0    0.0    0.0
   -13.771   -72.666    0.0    0.0    0.0
   -13.753   -72.666    0.0    0.0    0.0
   -13.735   -72.666    0.0    0.0    0.0
   -13.717   -72.666    0.0    0.0    0.0
   -13.699   -72.666    0.0    0.0    0.0
   -13.681   -72.666    0.0    0.0    0.0
   -13.663   -72.666    0.0    0.0    0.0
   -13.646   -72.666    0.0    0.0    0.0
   -13.628   -72.666    0.0    0.0    0.0
   -13.610   -72.666    0.0    0.0    0.0
   -13.592   -72.666    0.0    0.0    0.0
   -13.574   -72.666    0.0    0.0    0.0
   -13.556   -72.666    0.0    0.0    0.0
   -13.538   -72.666    0.0    0.0    0.0
   -15.333   -72.647    0.0   -0.0    0.0
   -15.315   -72.647    0.0   -0.0    0.0
   -15.297   -72.647    0.0   -0.0    0.0
   -15.279   -72.647    0.0   -0.0    0.0
   -15.261   -72.647    0.0   -0.0    0.0
   -15.243   -72.647    0.0   -0.0    0.0
   -15.225   -72.647    0.0   -0.0    0.0
   -15.207   -72.647    0.0   -0.0    0.0
   -15.189   -72.647    0.0   -0.0    0.0
   -15.171   -72.647    0.0   -0.0    0.0
   -15.153   -72.647    0.0   -0.0    0.0
   -15.135   -72.647    0.0   -0.0    0.0
   -15.118   -72.647    0.0   -0.0    0.0
   -15.100   -72.647    0.0   -0.0    0.0
   -15.082   -72.647    0.0   -0.0    0.0
   -15.064   -72.647    0.0   -0.0    0.0
   -15.046   -72.647    0.0   -0.0    0.0
   -15.028   -72.647    0.0   -0.0    0.0
   -15.010   -72.647    0.0   -0.0    0.0
   -14.992   -72.647    0.0   -0.0    0.0
   -14.974   -72.647    0.0   -0.0    0.0
   -14.956   -72.647    0.0   -0.0    0.0
   -14.938   -72.647    0.0   -0.0    0.0
   -14.920   -72.647    0.0   -0.0    0.0
   -14.902   -72.647    0.0   -0.0    0.0
   -14.884   -72.647    0.0   -0.0    0.0
   -14.866   -72.647    0.0   -0.0    0.0
   -14.848   -72.647    0.0   -0.0    0.0
   -14.830   -72.647    0.0   -0.0    0.0
   -14.812   -72.647    0.0   -0.0    0.0
   -14.794   -72.647    0.0   -0.0    0.0
   -14.776   -72.647    0.0   -0.0    0.0
   -14.758   -72.647    0.0   -0.0    0.0
   -14.741   -72.647    0.0   -0.0    0.0
   -14.723   -72.647    0.0   -0.0    0.0
   -14.705   -72.647    0.0   -0.0    0.0
   -14.687   -72.647    0.0   -0.0    0.0
   -14.669   -72.647    0.0   -0.0    0.0
   -14.651   -72.647    0.0   -0.0    0.0
   -14.633   -72.647    0.0   -0.0    0.0
   -14.615   -72.647    0.0   -0.0    0.0
   -14.597   -72.647    0.0   -0.0    0.0
   -14.579   -72.647    0.0   -0.0    0.0
   -14.561   -72.647    0.0   -0.0    0.0
   -14.543   -72.647    0.0   -0.0    0.0
   -14.525   -72.647    0.0   -0.0    0.0
   -14.507   -72.647    0.0   -0.0    0.0
   -14.489   -72.647    0.0   -0.0    0.0
   -14.471   -72.647    0.0   -0.0    0.0
   -14.453   -72.647    0.0   -0.0    0.0
   -14.435   -72.647    0.0   -0.0    0.0
   -14.417   -72.647    0.0   -0.0    0.0
   -14.399   -72.647    0.0   -0.0    0.0
   -14.382   -72.647    0.0   -0.0    0.0
   -14.364   -72.647    0.0   -0.0    0.0
   -14.346   -72.647    0.0   -0.0    0.0
   -14.328   -72.647    0.0    0.0    0.0
   -14.310   -72.647    0.0    0.0    0.0
   -14.292   -72.647    0.0    0.0    0.0
   -14.274   -72.647    0.0    0.0    0.0
   -14.256   -72.647    0.0    0.0    0.0
   -14.238   -72.647    0.0    0.0    0.0
   -14.220   -72.647    0.0    0.0    0.0
   -14.202   -72.647    0.0    0.0    0.0
   -14.184   -72.647    0.0    0.0    0.0
   -14.166   -72.647    0.0    0.0    0.0
   -14.148   -72.647    0.0    0.0    0.0
   -14.130   -72.647    0.0    0.0    0.0
   -14.112   -72.647    0.0    0.0    0.0
   -14.094   -72.647    0.0    0.0    0.0
   -14.076   -72.647    0.0    0.0    0.0
   -14.058   -72.647    0.0    0.0    0.0
   -14.040   -72.647    0.0    0.0    0.0
   -14.022   -72.647    0.0    0.0    0.0
   -14.005   -72.647    0.0    0.0    0.0
   -13.987   -72.647    0.0    0.0    0.0
   -13.969   -72.647    0.0    0.0    0.0
   -13.951   -72.647    0.0    0.0    0.0
   -13.933   -72.647    0.0    0.0    0.0
   -13.915   -72.647    0.0    0.0    0.0
   -13.897   -72.647    0.0    0.0    0.0
   -13.879   -72.647    0.0    0.0    0.0
   -13.861   -72.647    0.0    0.0    0.0
   -13.843   -72.647    0.0    0.0    0.0
   -13.825   -72.647    0.0    0.0    0.0
   -13.807   -72.647    0.0    0.0    0.0
   -13.789   -72.647    0.0    0.0    0.0
   -13.771   -72.647    0.0    0.0    0.0
   -13.753   -72.647    0.0    0.0    0.0
   -13.735   -72.647    0.0    0.0    0.0
   -13.717   -72.647    0.0    0.0    0.0
   -13.699   -72.647    0.0    0.0    0.0
   -13.681   -72.647    0.0    0.0    0.0
   -13.663   -72.647    0.0    0.0    0.0
   -13.646   -72.647    0.0    0.0    0.0
   -13.628   -72.647    0.0    0.0    0.0
   -13.610   -72.647    0.0    0.0    0.0
   -13.592   -72.647    0.0    0.0    0.0
   -13.574   -72.647    0.0    0.0    0.0
   -13.556   -72.647    0.0    0.0    0.0
   -13.538   -72.647    0.0    0.0    0.0
   -15.333   -72.629    0.0   -0.0    0.0
   -15.315   -72.629    0.0   -0.0    0.0
   -15.297   -72.629    0.0   -0.0    0.0
   -15.279   -72.629    0.0   -0.0    0.0
   -15.261   -72.629    0.0   -0.0    0.0
   -15.243   -72.629    0.0   -0.0    0.0
   -15.225   -72.629    0.0   -0.0    0.0
   -15.207   -72.629    0.0   -0.0    0.0
   -15.189   -72.629    0.0   -0.0    0.0
   -15.171   -72.629    0.0   -0.0    0.0
   -15.153   -72.629    0.0   -0.0    0.0
   -15.135   -72.629    0.0   -0.0    0.0
   -15.118   -72.629    0.0   -0.0    0.0
   -15.100   -72.629    0.0   -0.0    0.0
   -15.082   -72.629    0.0   -0.0    0.0
   -15.064   -72.629    0.0   -0.0    0.0
   -15.046   -72.629    0.0   -0.0    0.0
   -15.028   -72.629    0.0   -0.0    0.0
   -15.010   -72.629    0.0   -0.0    0.0
   -14.992   -72.629    0.0   -0.0    0.0
   -14.974   -72.629    0.0   -0.0    0.0
   -14.956   -72.629    0.0   -0.0    0.0
   -14.938   -72.629    0.0   -0.0    0.0
   -14.920   -72.629    0.0   -0.0    0.0
   -14.902   -72.629    0.0   -0.0    0.0
   -14.884   -72.629    0.0   -0.0    0.0
   -14.866   -72.629    0.0   -0.0    0.0
   -14.848   -72.629    0.0   -0.0    0.0
   -14.830   -72.629    0.0   -0.0    0.0
   -14.812   -72.629    0.0   -0.0    0.0
   -14.794   -72.629    0.0   -0.0    0.0
   -14.776   -72.629    0.0   -0.0    0.0
   -14.758   -72.629    0.0   -0.0    0.0
   -14.741   -72.629    0.0   -0.0    0.0
   -14.723   -72.629    0.0   -0.0    0.0
   -14.705   -72.629    0.0   -0.0    0.0
   -14.687   -72.629    0.0   -0.0    0.0
   -14.669   -72.629    0.0   -0.0    0.0
   -14.651   -72.629    0.0   -0.0    0.0
   -14.633   -72.629    0.0   -0.0    0.0
   -14.615   -72.629    0.0   -0.0    0.0
   -14.597   -72.629    0.0   -0.0    0.0
   -14.579   -72.629    0.0   -0.0    0.0
   -14.561   -72.629    0.0   -0.0    0.0
   -14.543   -72.629    0.0   -0.0    0.0
   -14.525   -72.629    0.0   -0.0    0.0
   -14.507   -72.629    0.0   -0.0    0.0
   -14.489   -72.629    0.0   -0.0    0.0
   -14.471   -72.629    0.0   -0.0    0.0
   -14.453   -72.629    0.0   -0.0    0.0
   -14.435   -72.629    0.0   -0.0    0.0
   -14.417   -72.629    0.0   -0.0    0.0
   -14.399   -72.629    0.0   -0.0    0.0
   -14.382   -72.629    0.0    0.0    0.0
   -14.364   -72.629    0.0    0.0    0.0
   -14.346   -72.629    0.0    0.0    0.0
   -14.328   -72.629    0.0    0.0    0.0
   -14.310   -72.629    0.0    0.0    0.0
   -14.292   -72.629    0.0    0.0    0.0
   -14.274   -72.629    0.0    0.0    0.0
   -14.256   -72.629    0.0    0.0    0.0
   -14.238   -72.629    0.0    0.0    0.0
   -14.220   -72.629    0.0    0.0    0.0
   -14.202   -72.629    0.0    0.0    0.0
   -14.184   -72.629    0.0    0.0    0.0
   -14.166   -72.629    0.0    0.0    0.0
   -14.148   -72.629    0.0    0.0    0.0
   -14.130   -72.629    0.0    0.0    0.0
   -14.112   -72.629    0.0    0.0    0.0
   -14.094   -72.629    0.0    0.0    0.0
   -14.076   -72.629    0.0    0.0    0.0
   -14.058   -72.629    0.0    0.0    0.0
   -14.040   -72.629    0.0    0.0    0.0
   -14.022   -72.629    0.0    0.0    0.0
   -14.005   -72.629    0.0    0.0    0.0
   -13.987   -72.629    0.0    0.0    0.0
   -13.969   -72.629    0.0    0.0    0.0
   -13.951   -72.629    0.0    0.0    0.0
   -13.933   -72.629    0.0    0.0    0.0
   -13.915   -72.629    0.0    0.0    0.0
   -13.897   -72.629    0.0    0.0    0.0
   -13.879   -72.629    0.0    0.0    0.0
   -13.861   -72.629    0.0    0.0    0.0
   -13.843   -72.629    0.0    0.0    0.0
   -13.825   -72.629    0.0    0.0    0.0
   -13.807   -72.629    0.0    0.0    0.0
   -13.789   -72.629    0.0    0.0    0.0
   -13.771   -72.629    0.0    0.0    0.0
   -13.753   -72.629    0.0    0.0    0.0
   -13.735   -72.629    0.0    0.0    0.0
   -13.717   -72.629    0.0    0.0    0.0
   -13.699   -72.629    0.0    0.0    0.0
   -13.681   -72.629    0.0    0.0    0.0
   -13.663   -72.629    0.0    0.0    0.0
   -13.646   -72.629    0.0    0.0    0.0
   -13.628   -72.629    0.0    0.0    0.0
   -13.610   -72.629    0.0    0.0    0.0
   -13.592   -72.629    0.0    0.0    0.0
   -13.574   -72.629    0.0    0.0    0.0
   -13.556   -72.629    0.0    0.0    0.0
   -13.538   -72.629    0.0    0.0    0.0
   -15.333   -72.610    0.0   -0.0    0.0
   -15.315   -72.610    0.0   -0.0    0.0
   -15.297   -72.610    0.0   -0.0    0.0
   -15.279   -72.610    0.0   -0.0    0.0
   -15.261   -72.610    0.0   -0.0    0.0
   -15.243   -72.610    0.0   -0.0    0.0
   -15.225   -72.610    0.0   -0.0    0.0
   -15.207   -72.610    0.0   -0.0    0.0
   -15.189   -72.610    0.0   -0.0    0.0
   -15.171   -72.610    0.0   -0.0    0.0
   -15.153   -72.610    0.0   -0.0    0.0
   -15.135   -72.610    0.0   -0.0    0.0
   -15.118   -72.610    0.0   -0.0    0.0
   -15.100   -72.610    0.0   -0.0    0.0
   -15.082   -72.610    0.0   -0.0    0.0
   -15.064   -72.610    0.0   -0.0    0.0
   -15.046   -72.610    0.0   -0.0    0.0
   -15.028   -72.610    0.0   -0.0    0.0
   -15.010   -72.610    0.0   -0.0    0.0
   -14.992   -72.610    0.0   -0.0    0.0
   -14.974   -72.610    0.0   -0.0    0.0
   -14.956   -72.610    0.0   -0.0    0.0
   -14.938   -72.610    0.0   -0.0    0.0
   -14.920   -72.610    0.0   -0.0    0.0
   -14.902   -72.610    0.0   -0.0    0.0
   -14.884   -72.610    0.0   -0.0    0.0
   -14.866   -72.610    0.0   -0.0    0.0
   -14.848   -72.610    0.0   -0.0    0.0
   -14.830   -72.610    0.0   -0.0    0.0
   -14.812   -72.610    0.0   -0.0    0.0
   -14.794   -72.610    0.0   -0.0    0.0
   -14.776   -72.610    0.0   -0.0    0.0
   -14.758   -72.610    0.0   -0.0    0.0
   -14.741   -72.610    0.0   -0.0    0.0
   -14.723   -72.610    0.0   -0.0    0.0
   -14.705   -72.610    0.0   -0.0    0.0
   -14.687   -72.610    0.0   -0.0    0.0
   -14.669   -72.610    0.0   -0.0    0.0
   -14.651   -72.610    0.0   -0.0    0.0
   -14.633   -72.610    0.0   -0.0    0.0
   -14.615   -72.610    0.0   -0.0    0.0
   -14.597   -72.610    0.0   -0.0    0.0
   -14.579   -72.610    0.0   -0.0    0.0
   -14.561   -72.610    0.0   -0.0    0.0
   -14.543   -72.610    0.0   -0.0    0.0
   -14.525   -72.610    0.0   -0.0    0.0
   -14.507   -72.610    0.0   -0.0    0.0
   -14.489   -72.610    0.0   -0.0    0.0
   -14.471   -72.610    0.0   -0.0    0.0
   -14.453   -72.610    0.0   -0.0    0.0
   -14.435   -72.610    0.0   -0.0    0.0
   -14.417   -72.610    0.0    0.0    0.0
   -14.399   -72.610    0.0    0.0    0.0
   -14.382   -72.610    0.0    0.0    0.0
   -14.364   -72.610    0.0    0.0    0.0
   -14.346   -72.610    0.0    0.0    0.0
   -14.328   -72.610    0.0    0.0    0.0
   -14.310   -72.610    0.0    0.0    0.0
   -14.292   -72.610    0.0    0.0    0.0
   -14.274   -72.610    0.0    0.0    0.0
   -14.256   -72.610    0.0    0.0    0.0
   -14.238   -72.610    0.0    0.0    0.0
   -14.220   -72.610    0.0    0.0    0.0
   -14.202   -72.610    0.0    0.0    0.0
   -14.184   -72.610    0.0    0.0    0.0
   -14.166   -72.610    0.0    0.0    0.0
   -14.148   -72.610    0.0    0.0    0.0
   -14.130   -72.610    0.0    0.0    0.0
   -14.112   -72.610    0.0    0.0    0.0
   -14.094   -72.610    0.0    0.0    0.0
   -14.076   -72.610    0.0    0.0    0.0
   -14.058   -72.610    0.0    0.0    0.0
   -14.040   -72.610    0.0    0.0    0.0
   -14.022   -72.610    0.0    0.0    0.0
   -14.005   -72.610    0.0    0.0    0.0
   -13.987   -72.610    0.0    0.0    0.0
   -13.969   -72.610    0.0    0.0    0.0
   -13.951   -72.610    0.0    0.0    0.0
   -13.933   -72.610    0.0    0.0    0.0
   -13.915   -72.610    0.0    0.0    0.0
   -13.897   -72.610    0.0    0.0    0.0
   -13.879   -72.610    0.0    0.0    0.0
   -13.861   -72.610    0.0    0.0    0.0
   -13.843   -72.610    0.0    0.0    0.0
   -13.825   -72.610    0.0    0.0    0.0
   -13.807   -72.610    0.0    0.0    0.0
   -13.789   -72.610    0.0    0.0    0.0
   -13.771   -72.610    0.0    0.0    0.0
   -13.753   -72.610    0.0    0.0    0.0
   -13.735   -72.610    0.0    0.0    0.0
   -13.717   -72.610    0.0    0.0    0.0
   -13.699   -72.610    0.0    0.0    0.0
   -13.681   -72.610    0.0    0.0    0.0
   -13.663   -72.610    0.0    0.0    0.0
   -13.646   -72.610    0.0    0.0    0.0
   -13.628   -72.610    0.0    0.0    0.0
   -13.610   -72.610    0.0    0.0    0.0
   -13.592   -72.610    0.0    0.0    0.0
   -13.574   -72.610    0.0    0.0    0.0
   -13.556   -72.610    0.0    0.0    0.0
   -13.538   -72.610    0.0    0.0    0.0
   -15.333   -72.592    0.0   -0.0    0.0
   -15.315   -72.592    0.0   -0.0    0.0
   -15.297   -72.592    0.0   -0.0    0.0
   -15.279   -72.592    0.0   -0.0    0.0
   -15.261   -72.592    0.0   -0.0    0.0
   -15.243   -72.592    0.0   -0.0    0.0
   -15.225   -72.592    0.0   -0.0    0.0
   -15.207   -72.592    0.0   -0.0    0.0
   -15.189   -72.592    0.0   -0.0    0.0
   -15.171   -72.592    0.0   -0.0    0.0
   -15.153   -72.592    0.0   -0.0    0.0
   -15.135   -72.592    0.0   -0.0    0.0
   -15.118   -72.592    0.0   -0.0    0.0
   -15.100   -72.592    0.0   -0.0    0.0
   -15.082   -72.592    0.0   -0.0    0.0
   -15.064   -72.592    0.0   -0.0    0.0
   -15.046   -72.592    0.0   -0.0    0.0
   -15.028   -72.592    0.0   -0.0    0.0
   -15.010   -72.592    0.0   -0.0    0.0
   -14.992   -72.592    0.0   -0.0    0.0
   -14.974   -72.592    0.0   -0.0    0.0
   -14.956   -72.592    0.0   -0.0    0.0
   -14.938   -72.592    0.0   -0.0    0.0
   -14.920   -72.592    0.0   -0.0    0.0
   -14.902   -72.592    0.0   -0.0    0.0
   -14.884   -72.592    0.0   -0.0    0.0
   -14.866   -72.592    0.0   -0.0    0.0
   -14.848   -72.592    0.0   -0.0    0.0
   -14.830   -72.592    0.0   -0.0    0.0
   -14.812   -72.592    0.0   -0.0    0.0
   -14.794   -72.592    0.0   -0.0    0.0
   -14.776   -72.592    0.0   -0.0    0.0
   -14.758   -72.592    0.0   -0.0    0.0
   -14.741   -72.592    0.0   -0.0    0.0
   -14.723   -72.592    0.0   -0.0    0.0
   -14.705   -72.592    0.0   -0.0    0.0
   -14.687   -72.592    0.0   -0.0    0.0
   -14.669   -72.592    0.0   -0.0    0.0
   -14.651   -72.592    0.0   -0.0    0.0
   -14.633   -72.592    0.0   -0.0    0.0
   -14.615   -72.592    0.0   -0.0    0.0
   -14.597   -72.592    0.0   -0.0    0.0
   -14.579   -72.592    0.0   -0.0    0.0
   -14.561   -72.592    0.0   -0.0    0.0
   -14.543   -72.592    0.0   -0.0    0.0
   -14.525   -72.592    0.0   -0.0    0.0
   -14.507   -72.592    0.0   -0.0    0.0
   -14.489   -72.592    0.0   -0.0    0.0
   -14.471   -72.592    0.0   -0.0    0.0
   -14.453   -72.592    0.0   -0.0    0.0
   -14.435   -72.592    0.0    0.0    0.0
   -14.417   -72.592    0.0    0.0    0.0
   -14.399   -72.592    0.0    0.0    0.0
   -14.382   -72.592    0.0    0.0    0.0
   -14.364   -72.592    0.0    0.0    0.0
   -14.346   -72.592    0.0    0.0    0.0
   -14.328   -72.592    0.0    0.0    0.0
   -14.310   -72.592    0.0    0.0    0.0
   -14.292   -72.592    0.0    0.0    0.0
   -14.274   -72.592    0.0    0.0    0.0
   -14.256   -72.592    0.0    0.0    0.0
   -14.238   -72.592    0.0    0.0    0.0
   -14.220   -72.592    0.0    0.0    0.0
   -14.202   -72.592    0.0    0.0    0.0
   -14.184   -72.592    0.0    0.0    0.0
   -14.166   -72.592    0.0    0.0    0.0
   -14.148   -72.592    0.0    0.0    0.0
   -14.130   -72.592    0.0    0.0    0.0
   -14.112   -72.592    0.0    0.0    0.0
   -14.094   -72.592    0.0    0.0    0.0
   -14.076   -72.592    0.0    0.0    0.0
   -14.058   -72.592    0.0    0.0    0.0
   -14.040   -72.592    0.0    0.0    0.0
   -14.022   -72.592    0.0    0.0    0.0
   -14.005   -72.592    0.0    0.0    0.0
   -13.987   -72.592    0.0    0.0    0.0
   -13.969   -72.592    0.0    0.0    0.0
   -13.951   -72.592    0.0    0.0    0.0
   -13.933   -72.592    0.0    0.0    0.0
   -13.915   -72.592    0.0    0.0    0.0
   -13.897   -72.592    0.0    0.0    0.0
   -13.879   -72.592    0.0    0.0    0.0
   -13.861   -72.592    0.0    0.0    0.0
   -13.843   -72.592    0.0    0.0    0.0
   -13.825   -72.592    0.0    0.0    0.0
   -13.807   -72.592    0.0    0.0    0.0
   -13.789   -72.592    0.0    0.0    0.0
   -13.771   -72.592    0.0    0.0    0.0
   -13.753   -72.592    0.0    0.0    0.0
   -13.735   -72.592    0.0    0.0    0.0
   -13.717   -72.592    0.0    0.0    0.0
   -13.699   -72.592    0.0    0.0    0.0
   -13.681   -72.592    0.0    0.0    0.0
   -13.663   -72.592    0.0    0.0    0.0
   -13.646   -72.592    0.0    0.0    0.0
   -13.628   -72.592    0.0    0.0    0.0
   -13.610   -72.592    0.0    0.0    0.0
   -13.592   -72.592    0.0    0.0    0.0
   -13.574   -72.592    0.0    0.0    0.0
   -13.556   -72.592    0.0    0.0    0.0
   -13.538   -72.592    0.0    0.0    0.0
   -15.333   -72.573    0.0   -0.0    0.0
   -15.315   -72.573    0.0   -0.0    0.0
   -15.297   -72.573    0.0   -0.0    0.0
   -15.279   -72.573    0.0   -0.0    0.0
   -15.261   -72.573    0.0   -0.0    0.0
   -15.243   -72.573    0.0   -0.0    0.0
   -15.225   -72.573    0.0   -0.0    0.0
   -15.207   -72.573    0.0   -0.0    0.0
   -15.189   -72.573    0.0   -0.0    0.0
   -15.171   -72.573    0.0   -0.0    0.0
   -15.153   -72.573    0.0   -0.0    0.0
   -15.135   -72.573    0.0   -0.0    0.0
   -15.118   -72.573    0.0   -0.0    0.0
   -15.100   -72.573    0.0   -0.0    0.0
   -15.082   -72.573    0.0   -0.0    0.0
   -15.064   -72.573    0.0   -0.0    0.0
   -15.046   -72.573    0.0   -0.0    0.0
   -15.028   -72.573    0.0   -0.0    0.0
   -15.010   -72.573    0.0   -0.0    0.0
   -14.992   -72.573    0.0   -0.0    0.0
   -14.974   -72.573    0.0   -0.0    0.0
   -14.956   -72.573    0.0   -0.0    0.0
   -14.938   -72.573    0.0   -0.0    0.0
   -14.920   -72.573    0.0   -0.0    0.0
   -14.902   -72.573    0.0   -0.0    0.0
   -14.884   -72.573    0.0   -0.0    0.0
   -14.866   -72.573    0.0   -0.0    0.0
   -14.848   -72.573    0.0   -0.0    0.0
   -14.830   -72.573    0.0   -0.0    0.0
   -14.812   -72.573    0.0   -0.0    0.0
   -14.794   -72.573    0.0   -0.0    0.0
   -14.776   -72.573    0.0   -0.0    0.0
   -14.758   -72.573    0.0   -0.0    0.0
   -14.741   -72.573    0.0   -0.0    0.0
   -14.723   -72.573    0.0   -0.0    0.0
   -14.705   -72.573    0.0   -0.0    0.0
   -14.687   -72.573    0.0   -0.0    0.0
   -14.669   -72.573    0.0   -0.0    0.0
   -14.651   -72.573    0.0   -0.0    0.0
   -14.633   -72.573    0.0   -0.0    0.0
   -14.615   -72.573    0.0   -0.0    0.0
   -14.597   -72.573    0.0   -0.0    0.0
   -14.579   -72.573    0.0   -0.0    0.0
   -14.561   -72.573    0.0   -0.0    0.0
   -14.543   -72.573    0.0   -0.0    0.0
   -14.525   -72.573    0.0   -0.0    0.0
   -14.507   -72.573    0.0   -0.0    0.0
   -14.489   -72.573    0.0   -0.0    0.0
   -14.471   -72.573    0.0    0.0    0.0
   -14.453   -72.573    0.0    0.0    0.0
   -14.435   -72.573    0.0    0.0    0.0
   -14.417   -72.573    0.0    0.0    0.0
   -14.399   -72.573    0.0    0.0    0.0
   -14.382   -72.573    0.0    0.0    0.0
   -14.364   -72.573    0.0    0.0    0.0
   -14.346   -72.573    0.0    0.0    0.0
   -14.328   -72.573    0.0    0.0    0.0
   -14.310   -72.573    0.0    0.0    0.0
   -14.292   -72.573    0.0    0.0    0.0
   -14.274   -72.573    0.0    0.0    0.0
   -14.256   -72.573    0.0    0.0    0.0
   -14.238   -72.573    0.0    0.0    0.0
   -14.220   -72.573    0.0    0.0    0.0
   -14.202   -72.573    0.0    0.0    0.0
   -14.184   -72.573    0.0    0.0    0.0
   -14.166   -72.573    0.0    0.0    0.0
   -14.148   -72.573    0.0    0.0    0.0
   -14.130   -72.573    0.0    0.0    0.0
   -14.112   -72.573    0.0    0.0    0.0
   -14.094   -72.573    0.0    0.0    0.0
   -14.076   -72.573    0.0    0.0    0.0
   -14.058   -72.573    0.0    0.0    0.0
   -14.040   -72.573    0.0    0.0    0.0
   -14.022   -72.573    0.0    0.0    0.0
   -14.005   -72.573    0.0    0.0    0.0
   -13.987   -72.573    0.0    0.0    0.0
   -13.969   -72.573    0.0    0.0    0.0
   -13.951   -72.573    0.0    0.0    0.0
   -13.933   -72.573    0.0    0.0    0.0
   -13.915   -72.573    0.0    0.0    0.0
   -13.897   -72.573    0.0    0.0    0.0
   -13.879   -72.573    0.0    0.0    0.0
   -13.861   -72.573    0.0    0.0    0.0
   -13.843   -72.573    0.0    0.0    0.0
   -13.825   -72.573    0.0    0.0    0.0
   -13.807   -72.573    0.0    0.0    0.0
   -13.789   -72.573    0.0    0.0    0.0
   -13.771   -72.573    0.0    0.0    0.0
   -13.753   -72.573    0.0    0.0    0.0
   -13.735   -72.573    0.0    0.0    0.0
   -13.717   -72.573    0.0    0.0    0.0
   -13.699   -72.573    0.0    0.0    0.0
   -13.681   -72.573    0.0    0.0    0.0
   -13.663   -72.573    0.0    0.0    0.0
   -13.646   -72.573    0.0    0.0    0.0
   -13.628   -72.573    0.0    0.0    0.0
   -13.610   -72.573    0.0    0.0    0.0
   -13.592   -72.573    0.0    0.0    0.0
   -13.574   -72.573    0.0    0.0    0.0
   -13.556   -72.573    0.0    0.0    0.0
   -13.538   -72.573    0.0    0.0    0.0
   -15.333   -72.555    0.0   -0.0    0.0
   -15.315   -72.555    0.0   -0.0    0.0
   -15.297   -72.555    0.0   -0.0    0.0
   -15.279   -72.555    0.0   -0.0    0.0
   -15.261   -72.555    0.0   -0.0    0.0
   -15.243   -72.555    0.0   -0.0    0.0
   -15.225   -72.555    0.0   -0.0    0.0
   -15.207   -72.555    0.0   -0.0    0.0
   -15.189   -72.555    0.0   -0.0    0.0
   -15.171   -72.555    0.0   -0.0    0.0
   -15.153   -72.555    0.0   -0.0    0.0
   -15.135   -72.555    0.0   -0.0    0.0
   -15.118   -72.555    0.0   -0.0    0.0
   -15.100   -72.555    0.0   -0.0    0.0
   -15.082   -72.555    0.0   -0.0    0.0
   -15.064   -72.555    0.0   -0.0    0.0
   -15.046   -72.555    0.0   -0.0    0.0
   -15.028   -72.555    0.0   -0.0    0.0
   -15.010   -72.555    0.0   -0.0    0.0
   -14.992   -72.555    0.0   -0.0    0.0
   -14.974   -72.555    0.0   -0.0    0.0
   -14.956   -72.555    0.0   -0.0    0.0
   -14.938   -72.555    0.0   -0.0    0.0
   -14.920   -72.555    0.0   -0.0    0.0
   -14.902   -72.555    0.0   -0.0    0.0
   -14.884   -72.555    0.0   -0.0    0.0
   -14.866   -72.555    0.0   -0.0    0.0
   -14.848   -72.555    0.0   -0.0    0.0
   -14.830   -72.555    0.0   -0.0    0.0
   -14.812   -72.555    0.0   -0.0    0.0
   -14.794   -72.555    0.0   -0.0    0.0
   -14.776   -72.555    0.0   -0.0    0.0
   -14.758   -72.555    0.0   -0.0    0.0
   -14.741   -72.555    0.0   -0.0    0.0
   -14.723   -72.555    0.0   -0.0    0.0
   -14.705   -72.555    0.0   -0.0    0.0
   -14.687   -72.555    0.0   -0.0    0.0
   -14.669   -72.555    0.0   -0.0    0.0
   -14.651   -72.555    0.0   -0.0    0.0
   -14.633   -72.555    0.0   -0.0    0.0
   -14.615   -72.555    0.0   -0.0    0.0
   -14.597   -72.555    0.0   -0.0    0.0
   -14.579   -72.555    0.0   -0.0    0.0
   -14.561   -72.555    0.0   -0.0    0.0
   -14.543   -72.555    0.0   -0.0    0.0
   -14.525   -72.555    0.0   -0.0    0.0
   -14.507   -72.555    0.0   -0.0    0.0
   -14.489   -72.555    0.0    0.0    0.0
   -14.471   -72.555    0.0    0.0    0.0
   -14.453   -72.555    0.0    0.0    0.0
   -14.435   -72.555    0.0    0.0    0.0
   -14.417   -72.555    0.0    0.0    0.0
   -14.399   -72.555    0.0    0.0    0.0
   -14.382   -72.555    0.0    0.0    0.0
   -14.364   -72.555    0.0    0.0    0.0
   -14.346   -72.555    0.0    0.0    0.0
   -14.328   -72.555    0.0    0.0    0.0
   -14.310   -72.555    0.0    0.0    0.0
   -14.292   -72.555    0.0    0.0    0.0
   -14.274   -72.555    0.0    0.0    0.0
   -14.256   -72.555    0.0    0.0    0.0
   -14.238   -72.555    0.0    0.0    0.0
   -14.220   -72.555    0.0    0.0    0.0
   -14.202   -72.555    0.0    0.0    0.0
   -14.184   -72.555    0.0    0.0    0.0
   -14.166   -72.555    0.0    0.0    0.0
   -14.148   -72.555    0.0    0.0    0.0
   -14.130   -72.555    0.0    0.0    0.0
   -14.112   -72.555    0.0    0.0    0.0
   -14.094   -72.555    0.0    0.0    0.0
   -14.076   -72.555    0.0    0.0    0.0
   -14.058   -72.555    0.0    0.0    0.0
   -14.040   -72.555    0.0    0.0    0.0
   -14.022   -72.555    0.0    0.0    0.0
   -14.005   -72.555    0.0    0.0    0.0
   -13.987   -72.555    0.0    0.0    0.0
   -13.969   -72.555    0.0    0.0    0.0
   -13.951   -72.555    0.0    0.0    0.0
   -13.933   -72.555    0.0    0.0    0.0
   -13.915   -72.555    0.0    0.0    0.0
   -13.897   -72.555    0.0    0.0    0.0
   -13.879   -72.555    0.0    0.0    0.0
   -13.861   -72.555    0.0    0.0    0.0
   -13.843   -72.555    0.0    0.0    0.0
   -13.825   -72.555    0.0    0.0    0.0
   -13.807   -72.555    0.0    0.0    0.0
   -13.789   -72.555    0.0    0.0    0.0
   -13.771   -72.555    0.0    0.0    0.0
   -13.753   -72.555    0.0    0.0    0.0
   -13.735   -72.555    0.0    0.0    0.0
   -13.717   -72.555    0.0    0.0    0.0
   -13.699   -72.555    0.0    0.0    0.0
   -13.681   -72.555    0.0    0.0    0.0
   -13.663   -72.555    0.0    0.0    0.0
   -13.646   -72.555    0.0    0.0    0.0
   -13.628   -72.555    0.0    0.0    0.0
   -13.610   -72.555    0.0    0.0    0.0
   -13.592   -72.555    0.0    0.0    0.0
   -13.574   -72.555    0.0    0.0    0.0
   -13.556   -72.555    0.0    0.0    0.0
   -13.538   -72.555    0.0    0.0    0.0
   -15.333   -72.536    0.0   -0.0    0.0
   -15.315   -72.536    0.0   -0.0    0.0
   -15.297   -72.536    0.0   -0.0    0.0
   -15.279   -72.536    0.0   -0.0    0.0
   -15.261   -72.536    0.0   -0.0    0.0
   -15.243   -72.536    0.0   -0.0    0.0
   -15.225   -72.536    0.0   -0.0    0.0
   -15.207   -72.536    0.0   -0.0    0.0
   -15.189   -72.536    0.0   -0.0    0.0
   -15.171   -72.536    0.0   -0.0    0.0
   -15.153   -72.536    0.0   -0.0    0.0
   -15.135   -72.536    0.0   -0.0    0.0
   -15.118   -72.536    0.0   -0.0    0.0
   -15.100   -72.536    0.0   -0.0    0.0
   -15.082   -72.536    0.0   -0.0    0.0
   -15.064   -72.536    0.0   -0.0    0.0
   -15.046   -72.536    0.0   -0.0    0.0
   -15.028   -72.536    0.0   -0.0    0.0
   -15.010   -72.536    0.0   -0.0    0.0
   -14.992   -72.536    0.0   -0.0    0.0
   -14.974   -72.536    0.0   -0.0    0.0
   -14.956   -72.536    0.0   -0.0    0.0
   -14.938   -72.536    0.0   -0.0    0.0
   -14.920   -72.536    0.0   -0.0    0.0
   -14.902   -72.536    0.0   -0.0    0.0
   -14.884   -72.536    0.0   -0.0    0.0
   -14.866   -72.536    0.0   -0.0    0.0
   -14.848   -72.536    0.0   -0.0    0.0
   -14.830   -72.536    0.0   -0.0    0.0
   -14.812   -72.536    0.0   -0.0    0.0
   -14.794   -72.536    0.0   -0.0    0.0
   -14.776   -72.536    0.0   -0.0    0.0
   -14.758   -72.536    0.0   -0.0    0.0
   -14.741   -72.536    0.0   -0.0    0.0
   -14.723   -72.536    0.0   -0.0    0.0
   -14.705   -72.536    0.0   -0.0    0.0
   -14.687   -72.536    0.0   -0.0    0.0
   -14.669   -72.536    0.0   -0.0    0.0
   -14.651   -72.536    0.1   -0.0    0.0
   -14.633   -72.536    0.1   -0.0    0.0
   -14.615   -72.536    0.1   -0.0    0.0
   -14.597   -72.536    0.1   -0.0    0.0
   -14.579   -72.536    0.1   -0.0    0.0
   -14.561   -72.536    0.1   -0.0    0.0
   -14.543   -72.536    0.1   -0.0    0.0
   -14.525   -72.536    0.1   -0.0    0.0
   -14.507   -72.536    0.1    0.0    0.0
   -14.489   -72.536    0.1    0.0    0.0
   -14.471   -72.536    0.1    0.0    0.0
   -14.453   -72.536    0.1    0.0    0.0
   -14.435   -72.536    0.1    0.0    0.0
   -14.417   -72.536    0.0    0.0    0.0
   -14.399   -72.536    0.0    0.0    0.0
   -14.382   -72.536    0.0    0.0    0.0
   -14.364   -72.536    0.0    0.0    0.0
   -14.346   -72.536    0.0    0.0    0.0
   -14.328   -72.536    0.0    0.0    0.0
   -14.310   -72.536    0.0    0.0    0.0
   -14.292   -72.536    0.0    0.0    0.0
   -14.274   -72.536    0.0    0.0    0.0
   -14.256   -72.536    0.0    0.0    0.0
   -14.238   -72.536    0.0    0.0    0.0
   -14.220   -72.536    0.0    0.0    0.0
   -14.202   -72.536    0.0    0.0    0.0
   -14.184   -72.536    0.0    0.0    0.0
   -14.166   -72.536    0.0    0.0    0.0
   -14.148   -72.536    0.0    0.0    0.0
   -14.130   -72.536    0.0    0.0    0.0
   -14.112   -72.536    0.0    0.0    0.0
   -14.094   -72.536    0.0    0.0    0.0
   -14.076   -72.536    0.0    0.0    0.0
   -14.058   -72.536    0.0    0.0    0.0
   -14.040   -72.536    0.0    0.0    0.0
   -14.022   -72.536    0.0    0.0    0.0
   -14.005   -72.536    0.0    0.0    0.0
   -13.987   -72.536    0.0    0.0    0.0
   -13.969   -72.536    0.0    0.0    0.0
   -13.951   -72.536    0.0    0.0    0.0
   -13.933   -72.536    0.0    0.0    0.0
   -13.915   -72.536    0.0    0.0    0.0
   -13.897   -72.536    0.0    0.0    0.0
   -13.879   -72.536    0.0    0.0    0.0
   -13.861   -72.536    0.0    0.0    0.0
   -13.843   -72.536    0.0    0.0    0.0
   -13.825   -72.536    0.0    0.0    0.0
   -13.807   -72.536    0.0    0.0    0.0
   -13.789   -72.536    0.0    0.0    0.0
   -13.771   -72.536    0.0    0.0    0.0
   -13.753   -72.536    0.0    0.0    0.0
   -13.735   -72.536    0.0    0.0    0.0
   -13.717   -72.536    0.0    0.0    0.0
   -13.699   -72.536    0.0    0.0    0.0
   -13.681   -72.536    0.0    0.0    0.0
   -13.663   -72.536    0.0    0.0    0.0
   -13.646   -72.536    0.0    0.0    0.0
   -13.628   -72.536    0.0    0.0    0.0
   -13.610   -72.536    0.0    0.0    0.0
   -13.592   -72.536    0.0    0.0    0.0
   -13.574   -72.536    0.0    0.0    0.0
   -13.556   -72.536    0.0    0.0    0.0
   -13.538   -72.536    0.0    0.0    0.0
   -15.333   -72.517    0.0   -0.0    0.0
   -15.315   -72.517    0.0   -0.0    0.0
   -15.297   -72.517    0.0   -0.0    0.0
   -15.279   -72.517    0.0   -0.0    0.0
   -15.261   -72.517    0.0   -0.0    0.0
   -15.243   -72.517    0.0   -0.0    0.0
   -15.225   -72.517    0.0   -0.0    0.0
   -15.207   -72.517    0.0   -0.0    0.0
   -15.189   -72.517    0.0   -0.0    0.0
   -15.171   -72.517    0.0   -0.0    0.0
   -15.153   -72.517    0.0   -0.0    0.0
   -15.135   -72.517    0.0   -0.0    0.0
   -15.118   -72.517    0.0   -0.0    0.0
   -15.100   -72.517    0.0   -0.0    0.0
   -15.082   -72.517    0.0   -0.0    0.0
   -15.064   -72.517    0.0   -0.0    0.0
   -15.046   -72.517    0.0   -0.0    0.0
   -15.028   -72.517    0.0   -0.0    0.0
   -15.010   -72.517    0.0   -0.0    0.0
   -14.992   -72.517    0.0   -0.0    0.0
   -14.974   -72.517    0.0   -0.0    0.0
   -14.956   -72.517    0.0   -0.0    0.0
   -14.938   -72.517    0.0   -0.0    0.0
   -14.920   -72.517    0.0   -0.0    0.0
   -14.902   -72.517    0.0   -0.0    0.0
   -14.884   -72.517    0.0   -0.0    0.0
   -14.866   -72.517    0.0   -0.0    0.0
   -14.848   -72.517    0.0   -0.0    0.0
   -14.830   -72.517    0.0   -0.0    0.0
   -14.812   -72.517    0.0   -0.0    0.0
   -14.794   -72.517    0.0   -0.0    0.0
   -14.776   -72.517    0.1   -0.0    0.0
   -14.758   -72.517    0.1   -0.0    0.0
   -14.741   -72.517    0.1   -0.0    0.0
   -14.723   -72.517    0.1   -0.0    0.0
   -14.705   -72.517    0.1   -0.0    0.0
   -14.687   -72.517    0.1   -0.0    0.0
   -14.669   -72.517    0.1   -0.0    0.0
   -14.651   -72.517    0.1   -0.0    0.0
   -14.633   -72.517    0.1   -0.0    0.0
   -14.615   -72.517    0.1   -0.0    0.0
   -14.597   -72.517    0.1   -0.0    0.0
   -14.579   -72.517    0.1   -0.0    0.0
   -14.561   -72.517    0.1   -0.0    0.0
   -14.543   -72.517    0.1   -0.0    0.0
   -14.525   -72.517    0.1    0.0    0.0
   -14.507   -72.517    0.1    0.0    0.0
   -14.489   -72.517    0.1    0.0    0.0
   -14.471   -72.517    0.1    0.0    0.0
   -14.453   -72.517    0.1    0.0    0.0
   -14.435   -72.517    0.1    0.0    0.0
   -14.417   -72.517    0.1    0.0    0.0
   -14.399   -72.517    0.1    0.0    0.0
   -14.382   -72.517    0.1    0.0    0.0
   -14.364   -72.517    0.1    0.0    0.0
   -14.346   -72.517    0.1    0.0    0.0
   -14.328   -72.517    0.0    0.0    0.0
   -14.310   -72.517    0.0    0.0    0.0
   -14.292   -72.517    0.0    0.0    0.0
   -14.274   -72.517    0.0    0.0    0.0
   -14.256   -72.517    0.0    0.0    0.0
   -14.238   -72.517    0.0    0.0    0.0
   -14.220   -72.517    0.0    0.0    0.0
   -14.202   -72.517    0.0    0.0    0.0
   -14.184   -72.517    0.0    0.0    0.0
   -14.166   -72.517    0.0    0.0    0.0
   -14.148   -72.517    0.0    0.0    0.0
   -14.130   -72.517    0.0    0.0    0.0
   -14.112   -72.517    0.0    0.0    0.0
   -14.094   -72.517    0.0    0.0    0.0
   -14.076   -72.517    0.0    0.0    0.0
   -14.058   -72.517    0.0    0.0    0.0
   -14.040   -72.517    0.0    0.0    0.0
   -14.022   -72.517    0.0    0.0    0.0
   -14.005   -72.517    0.0    0.0    0.0
   -13.987   -72.517    0.0    0.0    0.0
   -13.969   -72.517    0.0    0.0    0.0
   -13.951   -72.517    0.0    0.0    0.0
   -13.933   -72.517    0.0    0.0    0.0
   -13.915   -72.517    0.0    0.0    0.0
   -13.897   -72.517    0.0    0.0    0.0
   -13.879   -72.517    0.0    0.0    0.0
   -13.861   -72.517    0.0    0.0    0.0
   -13.843   -72.517    0.0    0.0    0.0
   -13.825   -72.517    0.0    0.0    0.0
   -13.807   -72.517    0.0    0.0    0.0
   -13.789   -72.517    0.0    0.0    0.0
   -13.771   -72.517    0.0    0.0    0.0
   -13.753   -72.517    0.0    0.0    0.0
   -13.735   -72.517    0.0    0.0    0.0
   -13.717   -72.517    0.0    0.0    0.0
   -13.699   -72.517    0.0    0.0    0.0
   -13.681   -72.517    0.0    0.0    0.0
   -13.663   -72.517    0.0    0.0    0.0
   -13.646   -72.517    0.0    0.0    0.0
   -13.628   -72.517    0.0    0.0    0.0
   -13.610   -72.517    0.0    0.0    0.0
   -13.592   -72.517    0.0    0.0    0.0
   -13.574   -72.517    0.0    0.0    0.0
   -13.556   -72.517    0.0    0.0    0.0
   -13.538   -72.517    0.0    0.0    0.0
   -15.333   -72.499    0.0   -0.0    0.0
   -15.315   -72.499    0.0   -0.0    0.0
   -15.297   -72.499    0.0   -0.0    0.0
   -15.279   -72.499    0.0   -0.0    0.0
   -15.261   -72.499    0.0   -0.0    0.0
   -15.243   -72.499    0.0   -0.0    0.0
   -15.225   -72.499    0.0   -0.0    0.0
   -15.207   -72.499    0.0   -0.0    0.0
   -15.189   -72.499    0.0   -0.0    0.0
   -15.171   -72.499    0.0   -0.0    0.0
   -15.153   -72.499    0.0   -0.0    0.0
   -15.135   -72.499    0.0   -0.0    0.0
   -15.118   -72.499    0.0   -0.0    0.0
   -15.100   -72.499    0.0   -0.0    0.0
   -15.082   -72.499    0.0   -0.0    0.0
   -15.064   -72.499    0.0   -0.0    0.0
   -15.046   -72.499    0.0   -0.0    0.0
   -15.028   -72.499    0.0   -0.0    0.0
   -15.010   -72.499    0.0   -0.0    0.0
   -14.992   -72.499    0.0   -0.0    0.0
   -14.974   -72.499    0.0   -0.0    0.0
   -14.956   -72.499    0.0   -0.0    0.0
   -14.938   -72.499    0.0   -0.0    0.0
   -14.920   -72.499    0.0   -0.0    0.0
   -14.902   -72.499    0.0   -0.0    0.0
   -14.884   -72.499    0.0   -0.0    0.0
   -14.866   -72.499    0.0   -0.0    0.0
   -14.848   -72.499    0.1   -0.0    0.0
   -14.830   -72.499    0.1   -0.0    0.0
   -14.812   -72.499    0.1   -0.0    0.0
   -14.794   -72.499    0.1   -0.0    0.0
   -14.776   -72.499    0.1   -0.0    0.0
   -14.758   -72.499    0.1   -0.0    0.0
   -14.741   -72.499    0.1   -0.0    0.0
   -14.723   -72.499    0.1   -0.0    0.0
   -14.705   -72.499    0.1   -0.0    0.0
   -14.687   -72.499    0.1   -0.0    0.0
   -14.669   -72.499    0.1   -0.0    0.0
   -14.651   -72.499    0.1   -0.0    0.0
   -14.633   -72.499    0.1   -0.0    0.0
   -14.615   -72.499    0.1   -0.0    0.0
   -14.597   -72.499    0.1   -0.0    0.0
   -14.579   -72.499    0.1   -0.0    0.0
   -14.561   -72.499    0.1   -0.0    0.0
   -14.543   -72.499    0.1   -0.0    0.0
   -14.525   -72.499    0.1    0.0    0.0
   -14.507   -72.499    0.1    0.0    0.0
   -14.489   -72.499    0.1    0.0    0.0
   -14.471   -72.499    0.1    0.0    0.0
   -14.453   -72.499    0.1    0.0    0.0
   -14.435   -72.499    0.1    0.0    0.0
   -14.417   -72.499    0.1    0.0    0.0
   -14.399   -72.499    0.1    0.0    0.0
   -14.382   -72.499    0.1    0.0    0.0
   -14.364   -72.499    0.1    0.0    0.0
   -14.346   -72.499    0.1    0.0    0.0
   -14.328   -72.499    0.1    0.0    0.0
   -14.310   -72.499    0.1    0.0    0.0
   -14.292   -72.499    0.1    0.0    0.0
   -14.274   -72.499    0.0    0.0    0.0
   -14.256   -72.499    0.0    0.0    0.0
   -14.238   -72.499    0.0    0.0    0.0
   -14.220   -72.499    0.0    0.0    0.0
   -14.202   -72.499    0.0    0.0    0.0
   -14.184   -72.499    0.0    0.0    0.0
   -14.166   -72.499    0.0    0.0    0.0
   -14.148   -72.499    0.0    0.0    0.0
   -14.130   -72.499    0.0    0.0    0.0
   -14.112   -72.499    0.0    0.0    0.0
   -14.094   -72.499    0.0    0.0    0.0
   -14.076   -72.499    0.0    0.0    0.0
   -14.058   -72.499    0.0    0.0    0.0
   -14.040   -72.499    0.0    0.0    0.0
   -14.022   -72.499    0.0    0.0    0.0
   -14.005   -72.499    0.0    0.0    0.0
   -13.987   -72.499    0.0    0.0    0.0
   -13.969   -72.499    0.0    0.0    0.0
   -13.951   -72.499    0.0    0.0    0.0
   -13.933   -72.499    0.0    0.0    0.0
   -13.915   -72.499    0.0    0.0    0.0
   -13.897   -72.499    0.0    0.0    0.0
   -13.879   -72.499    0.0    0.0    0.0
   -13.861   -72.499    0.0    0.0    0.0
   -13.843   -72.499    0.0    0.0    0.0
   -13.825   -72.499    0.0    0.0    0.0
   -13.807   -72.499    0.0    0.0    0.0
   -13.789   -72.499    0.0    0.0    0.0
   -13.771   -72.499    0.0    0.0    0.0
   -13.753   -72.499    0.0    0.0    0.0
   -13.735   -72.499    0.0    0.0    0.0
   -13.717   -72.499    0.0    0.0    0.0
   -13.699   -72.499    0.0    0.0    0.0
   -13.681   -72.499    0.0    0.0    0.0
   -13.663   -72.499    0.0    0.0    0.0
   -13.646   -72.499    0.0    0.0    0.0
   -13.628   -72.499    0.0    0.0    0.0
   -13.610   -72.499    0.0    0.0    0.0
   -13.592   -72.499    0.0    0.0    0.0
   -13.574   -72.499    0.0    0.0    0.0
   -13.556   -72.499    0.0    0.0    0.0
   -13.538   -72.499    0.0    0.0    0.0
   -15.333   -72.480    0.0   -0.0    0.0
   -15.315   -72.480    0.0   -0.0    0.0
   -15.297   -72.480    0.0   -0.0    0.0
   -15.279   -72.480    0.0   -0.0    0.0
   -15.261   -72.480    0.0   -0.0    0.0
   -15.243   -72.480    0.0   -0.0    0.0
   -15.225   -72.480    0.0   -0.0    0.0
   -15.207   -72.480    0.0   -0.0    0.0
   -15.189   -72.480    0.0   -0.0    0.0
   -15.171   -72.480    0.0   -0.0    0.0
   -15.153   -72.480    0.0   -0.0    0.0
   -15.135   -72.480    0.0   -0.0    0.0
   -15.118   -72.480    0.0   -0.0    0.0
   -15.100   -72.480    0.0   -0.0    0.0
   -15.082   -72.480    0.0   -0.0    0.0
   -15.064   -72.480    0.0   -0.0    0.0
   -15.046   -72.480    0.0   -0.0    0.0
   -15.028   -72.480    0.0   -0.0    0.0
   -15.010   -72.480    0.0   -0.0    0.0
   -14.992   -72.480    0.0   -0.0    0.0
   -14.974   -72.480    0.0   -0.0    0.0
   -14.956   -72.480    0.0   -0.0    0.0
   -14.938   -72.480    0.0   -0.0    0.0
   -14.920   -72.480    0.1   -0.0    0.0
   -14.902   -72.480    0.1   -0.0    0.0
   -14.884   -72.480    0.1   -0.0    0.0
   -14.866   -72.480    0.1   -0.0    0.0
   -14.848   -72.480    0.1   -0.0    0.0
   -14.830   -72.480    0.1   -0.0    0.0
   -14.812   -72.480    0.1   -0.0    0.0
   -14.794   -72.480    0.1   -0.0    0.0
   -14.776   -72.480    0.1   -0.0    0.0
   -14.758   -72.480    0.1   -0.0    0.0
   -14.741   -72.480    0.1   -0.0    0.0
   -14.723   -72.480    0.1   -0.0    0.0
   -14.705   -72.480    0.1   -0.0    0.0
   -14.687   -72.480    0.1   -0.0    0.0
   -14.669   -72.480    0.1   -0.0    0.0
   -14.651   -72.480    0.1   -0.0    0.0
   -14.633   -72.480    0.1   -0.0    0.0
   -14.615   -72.480    0.1   -0.0    0.0
   -14.597   -72.480    0.1   -0.0    0.0
   -14.579   -72.480    0.1   -0.0    0.0
   -14.561   -72.480    0.1   -0.0    0.0
   -14.543   -72.480    0.1    0.0    0.0
   -14.525   -72.480    0.1    0.0    0.0
   -14.507   -72.480    0.1    0.0    0.0
   -14.489   -72.480    0.1    0.0    0.0
   -14.471   -72.480    0.1    0.0    0.0
   -14.453   -72.480    0.1    0.0    0.0
   -14.435   -72.480    0.1    0.0    0.0
   -14.417   -72.480    0.1    0.0    0.0
   -14.399   -72.480    0.1    0.0    0.0
   -14.382   -72.480    0.1    0.0    0.0
   -14.364   -72.480    0.1    0.0    0.0
   -14.346   -72.480    0.1    0.0    0.0
   -14.328   -72.480    0.1    0.0    0.0
   -14.310   -72.480    0.1    0.0    0.0
   -14.292   -72.480    0.1    0.0    0.0
   -14.274   -72.480    0.1    0.0    0.0
   -14.256   -72.480    0.1    0.0    0.0
   -14.238   -72.480    0.1    0.0    0.0
   -14.220   -72.480    0.0    0.0    0.0
   -14.202   -72.480    0.0    0.0    0.0
   -14.184   -72.480    0.0    0.0    0.0
   -14.166   -72.480    0.0    0.0    0.0
   -14.148   -72.480    0.0    0.0    0.0
   -14.130   -72.480    0.0    0.0    0.0
   -14.112   -72.480    0.0    0.0    0.0
   -14.094   -72.480    0.0    0.0    0.0
   -14.076   -72.480    0.0    0.0    0.0
   -14.058   -72.480    0.0    0.0    0.0
   -14.040   -72.480    0.0    0.0    0.0
   -14.022   -72.480    0.0    0.0    0.0
   -14.005   -72.480    0.0    0.0    0.0
   -13.987   -72.480    0.0    0.0    0.0
   -13.969   -72.480    0.0    0.0    0.0
   -13.951   -72.480    0.0    0.0    0.0
   -13.933   -72.480    0.0    0.0    0.0
   -13.915   -72.480    0.0    0.0    0.0
   -13.897   -72.480    0.0    0.0    0.0
   -13.879   -72.480    0.0    0.0    0.0
   -13.861   -72.480    0.0    0.0    0.0
   -13.843   -72.480    0.0    0.0    0.0
   -13.825   -72.480    0.0    0.0    0.0
   -13.807   -72.480    0.0    0.0    0.0
   -13.789   -72.480    0.0    0.0    0.0
   -13.771   -72.480    0.0    0.0    0.0
   -13.753   -72.480    0.0    0.0    0.0
   -13.735   -72.480    0.0    0.0    0.0
   -13.717   -72.480    0.0    0.0    0.0
   -13.699   -72.480    0.0    0.0    0.0
   -13.681   -72.480    0.0    0.0    0.0
   -13.663   -72.480    0.0    0.0    0.0
   -13.646   -72.480    0.0    0.0    0.0
   -13.628   -72.480    0.0    0.0    0.0
   -13.610   -72.480    0.0    0.0    0.0
   -13.592   -72.480    0.0    0.0    0.0
   -13.574   -72.480    0.0    0.0    0.0
   -13.556   -72.480    0.0    0.0    0.0
   -13.538   -72.480    0.0    0.0    0.0
   -15.333   -72.462    0.0   -0.0    0.0
   -15.315   -72.462    0.0   -0.0    0.0
   -15.297   -72.462    0.0   -0.0    0.0
   -15.279   -72.462    0.0   -0.0    0.0
   -15.261   -72.462    0.0   -0.0    0.0
   -15.243   -72.462    0.0   -0.0    0.0
   -15.225   -72.462    0.0   -0.0    0.0
   -15.207   -72.462    0.0   -0.0    0.0
   -15.189   -72.462    0.0   -0.0    0.0
   -15.171   -72.462    0.0   -0.0    0.0
   -15.153   -72.462    0.0   -0.0    0.0
   -15.135   -72.462    0.0   -0.0    0.0
   -15.118   -72.462    0.0   -0.0    0.0
   -15.100   -72.462    0.0   -0.0    0.0
   -15.082   -72.462    0.0   -0.0    0.0
   -15.064   -72.462    0.0   -0.0    0.0
   -15.046   -72.462    0.0   -0.0    0.0
   -15.028   -72.462    0.0   -0.0    0.0
   -15.010   -72.462    0.0   -0.0    0.0
   -14.992   -72.462    0.0   -0.0    0.0
   -14.974   -72.462    0.0   -0.0    0.0
   -14.956   -72.462    0.1   -0.0    0.0
   -14.938   -72.462    0.1   -0.0    0.0
   -14.920   -72.462    0.1   -0.0    0.0
   -14.902   -72.462    0.1   -0.0    0.0
   -14.884   -72.462    0.1   -0.0    0.0
   -14.866   -72.462    0.1   -0.0    0.0
   -14.848   -72.462    0.1   -0.0    0.0
   -14.830   -72.462    0.1   -0.0    0.0
   -14.812   -72.462    0.1   -0.0    0.0
   -14.794   -72.462    0.1   -0.0    0.0
   -14.776   -72.462    0.1   -0.0    0.0
   -14.758   -72.462    0.1   -0.0    0.0
   -14.741   -72.462    0.1   -0.0    0.0
   -14.723   -72.462    0.1   -0.0    0.0
   -14.705   -72.462    0.1   -0.0    0.0
   -14.687   -72.462    0.1   -0.0    0.0
   -14.669   -72.462    0.1   -0.0    0.0
   -14.651   -72.462    0.1   -0.0    0.0
   -14.633   -72.462    0.1   -0.0    0.0
   -14.615   -72.462    0.1   -0.0    0.0
   -14.597   -72.462    0.1   -0.0    0.0
   -14.579   -72.462    0.1   -0.0    0.0
   -14.561   -72.462    0.1   -0.0    0.0
   -14.543   -72.462    0.1    0.0    0.0
   -14.525   -72.462    0.1    0.0    0.0
   -14.507   -72.462    0.1    0.0    0.0
   -14.489   -72.462    0.1    0.0    0.0
   -14.471   -72.462    0.1    0.0    0.0
   -14.453   -72.462    0.1    0.0    0.0
   -14.435   -72.462    0.1    0.0    0.0
   -14.417   -72.462    0.1    0.0    0.0
   -14.399   -72.462    0.1    0.0    0.0
   -14.382   -72.462    0.1    0.0    0.0
   -14.364   -72.462    0.1    0.0    0.0
   -14.346   -72.462    0.1    0.0    0.0
   -14.328   -72.462    0.1    0.0    0.0
   -14.310   -72.462    0.1    0.0    0.0
   -14.292   -72.462    0.1    0.0    0.0
   -14.274   -72.462    0.1    0.0    0.0
   -14.256   -72.462    0.1    0.0    0.0
   -14.238   -72.462    0.1    0.0    0.0
   -14.220   -72.462    0.1    0.0    0.0
   -14.202   -72.462    0.1    0.0    0.0
   -14.184   -72.462    0.0    0.0    0.0
   -14.166   -72.462    0.0    0.0    0.0
   -14.148   -72.462    0.0    0.0    0.0
   -14.130   -72.462    0.0    0.0    0.0
   -14.112   -72.462    0.0    0.0    0.0
   -14.094   -72.462    0.0    0.0    0.0
   -14.076   -72.462    0.0    0.0    0.0
   -14.058   -72.462    0.0    0.0    0.0
   -14.040   -72.462    0.0    0.0    0.0
   -14.022   -72.462    0.0    0.0    0.0
   -14.005   -72.462    0.0    0.0    0.0
   -13.987   -72.462    0.0    0.0    0.0
   -13.969   -72.462    0.0    0.0    0.0
   -13.951   -72.462    0.0    0.0    0.0
   -13.933   -72.462    0.0    0.0    0.0
   -13.915   -72.462    0.0    0.0    0.0
   -13.897   -72.462    0.0    0.0    0.0
   -13.879   -72.462    0.0    0.0    0.0
   -13.861   -72.462    0.0    0.0    0.0
   -13.843   -72.462    0.0    0.0    0.0
   -13.825   -72.462    0.0    0.0    0.0
   -13.807   -72.462    0.0    0.0    0.0
   -13.789   -72.462    0.0    0.0    0.0
   -13.771   -72.462    0.0    0.0    0.0
   -13.753   -72.462    0.0    0.0    0.0
   -13.735   -72.462    0.0    0.0    0.0
   -13.717   -72.462    0.0    0.0    0.0
   -13.699   -72.462    0.0    0.0    0.0
   -13.681   -72.462    0.0    0.0    0.0
   -13.663   -72.462    0.0    0.0    0.0
   -13.646   -72.462    0.0    0.0    0.0
   -13.628   -72.462    0.0    0.0    0.0
   -13.610   -72.462    0.0    0.0    0.0
   -13.592   -72.462    0.0    0.0    0.0
   -13.574   -72.462    0.0    0.0    0.0
   -13.556   -72.462    0.0    0.0    0.0
   -13.538   -72.462    0.0    0.0    0.0
