 Lat    Lon    Disp_x_East(cm)   Disp_y_North(cm)   DispUp(cm)
    52.234  -172.300    0.0    0.0   -0.1
    52.243  -172.300    0.0    0.0   -0.1
    52.252  -172.300    0.0    0.0   -0.1
    52.261  -172.300    0.0    0.0   -0.1
    52.270  -172.300    0.0    0.0   -0.1
    52.279  -172.300    0.0    0.0   -0.1
    52.288  -172.300    0.0    0.0   -0.1
    52.297  -172.300    0.0    0.0   -0.1
    52.306  -172.300    0.0    0.0   -0.1
    52.315  -172.300    0.0    0.0   -0.1
    52.324  -172.300    0.0    0.0   -0.1
    52.333  -172.300    0.0    0.0   -0.1
    52.342  -172.300    0.0    0.0   -0.1
    52.351  -172.300    0.0    0.0   -0.1
    52.360  -172.300    0.0    0.0   -0.1
    52.369  -172.300    0.0    0.0   -0.1
    52.378  -172.300    0.0    0.0   -0.1
    52.387  -172.300    0.0    0.0   -0.1
    52.396  -172.300    0.0    0.0   -0.1
    52.405  -172.300    0.0    0.0   -0.1
    52.414  -172.300    0.0    0.0   -0.1
    52.423  -172.300    0.0    0.0   -0.1
    52.432  -172.300    0.0    0.0   -0.1
    52.441  -172.300    0.0    0.0   -0.1
    52.450  -172.300    0.0    0.0   -0.1
    52.459  -172.300    0.0    0.0   -0.1
    52.468  -172.300    0.0    0.0   -0.1
    52.477  -172.300    0.0    0.0   -0.1
    52.486  -172.300    0.0    0.0   -0.1
    52.495  -172.300    0.0    0.0   -0.1
    52.504  -172.300    0.0    0.0   -0.1
    52.513  -172.300    0.0    0.0   -0.1
    52.522  -172.300    0.0    0.0   -0.1
    52.531  -172.300    0.0    0.0   -0.1
    52.540  -172.300    0.0    0.0   -0.1
    52.549  -172.300    0.0    0.0   -0.1
    52.558  -172.300    0.0    0.0   -0.1
    52.567  -172.300    0.0    0.0   -0.1
    52.576  -172.300    0.0    0.0   -0.1
    52.586  -172.300    0.0    0.0   -0.1
    52.595  -172.300    0.0    0.0   -0.1
    52.604  -172.300    0.0    0.0   -0.1
    52.613  -172.300    0.0    0.0   -0.1
    52.622  -172.300    0.0    0.0   -0.1
    52.631  -172.300    0.0    0.0   -0.1
    52.640  -172.300    0.0    0.0   -0.1
    52.649  -172.300    0.0    0.0   -0.1
    52.658  -172.300    0.0    0.0   -0.1
    52.667  -172.300    0.0    0.0   -0.1
    52.676  -172.300    0.0    0.0   -0.1
    52.685  -172.300    0.0   -0.0   -0.1
    52.694  -172.300    0.0   -0.0   -0.1
    52.703  -172.300    0.0   -0.0   -0.0
    52.712  -172.300    0.0   -0.0   -0.0
    52.721  -172.300    0.0   -0.0   -0.0
    52.730  -172.300    0.0   -0.0   -0.0
    52.739  -172.300    0.0   -0.0   -0.0
    52.748  -172.300    0.0   -0.0   -0.0
    52.757  -172.300    0.0   -0.0   -0.0
    52.766  -172.300    0.0   -0.0   -0.0
    52.775  -172.300    0.0   -0.0   -0.0
    52.784  -172.300    0.0   -0.0   -0.0
    52.793  -172.300    0.0   -0.0   -0.0
    52.802  -172.300    0.0   -0.0   -0.0
    52.811  -172.300    0.0   -0.0   -0.0
    52.820  -172.300    0.0   -0.0   -0.0
    52.829  -172.300    0.0   -0.0   -0.0
    52.838  -172.300    0.0   -0.0   -0.0
    52.847  -172.300    0.0   -0.0   -0.0
    52.856  -172.300    0.0   -0.0   -0.0
    52.865  -172.300    0.0   -0.0   -0.0
    52.874  -172.300    0.0   -0.0   -0.0
    52.883  -172.300    0.0   -0.0   -0.0
    52.892  -172.300    0.0   -0.0   -0.0
    52.901  -172.300    0.0   -0.0   -0.0
    52.910  -172.300    0.0   -0.0   -0.0
    52.919  -172.300    0.0   -0.0   -0.0
    52.928  -172.300    0.0   -0.0   -0.0
    52.937  -172.300    0.0   -0.0   -0.0
    52.946  -172.300    0.0   -0.0   -0.0
    52.955  -172.300    0.0   -0.0   -0.0
    52.964  -172.300    0.0   -0.0   -0.0
    52.973  -172.300    0.0   -0.0   -0.0
    52.982  -172.300    0.0   -0.0   -0.0
    52.991  -172.300    0.0   -0.0   -0.0
    53.000  -172.300    0.0   -0.0   -0.0
    53.009  -172.300    0.0   -0.0   -0.0
    53.018  -172.300    0.0   -0.0   -0.0
    53.027  -172.300    0.0   -0.0   -0.0
    53.036  -172.300    0.0   -0.0   -0.0
    53.045  -172.300    0.0   -0.0   -0.0
    53.054  -172.300    0.0   -0.0   -0.0
    53.063  -172.300    0.0   -0.0   -0.0
    53.072  -172.300    0.0   -0.0   -0.0
    53.081  -172.300    0.0   -0.0   -0.0
    53.090  -172.300    0.0   -0.0   -0.0
    53.099  -172.300    0.0   -0.0   -0.0
    53.108  -172.300    0.0   -0.0   -0.0
    53.117  -172.300    0.0   -0.0   -0.0
    53.126  -172.300    0.0   -0.0   -0.0
    53.135  -172.300    0.0   -0.0   -0.0
    52.234  -172.285    0.0    0.0   -0.1
    52.243  -172.285    0.0    0.0   -0.1
    52.252  -172.285    0.0    0.0   -0.1
    52.261  -172.285    0.0    0.0   -0.1
    52.270  -172.285    0.0    0.0   -0.1
    52.279  -172.285    0.0    0.0   -0.1
    52.288  -172.285    0.0    0.0   -0.1
    52.297  -172.285    0.0    0.0   -0.1
    52.306  -172.285    0.0    0.0   -0.1
    52.315  -172.285    0.0    0.0   -0.1
    52.324  -172.285    0.0    0.0   -0.1
    52.333  -172.285    0.0    0.0   -0.1
    52.342  -172.285    0.0    0.0   -0.1
    52.351  -172.285    0.0    0.0   -0.1
    52.360  -172.285    0.0    0.0   -0.1
    52.369  -172.285    0.0    0.0   -0.1
    52.378  -172.285    0.0    0.0   -0.1
    52.387  -172.285    0.0    0.0   -0.1
    52.396  -172.285    0.0    0.0   -0.1
    52.405  -172.285    0.0    0.0   -0.1
    52.414  -172.285    0.0    0.0   -0.1
    52.423  -172.285    0.0    0.0   -0.1
    52.432  -172.285    0.0    0.0   -0.1
    52.441  -172.285    0.0    0.0   -0.1
    52.450  -172.285    0.0    0.0   -0.1
    52.459  -172.285    0.0    0.0   -0.1
    52.468  -172.285    0.0    0.0   -0.1
    52.477  -172.285    0.0    0.0   -0.1
    52.486  -172.285    0.0    0.0   -0.1
    52.495  -172.285    0.0    0.0   -0.1
    52.504  -172.285    0.0    0.0   -0.1
    52.513  -172.285    0.0    0.0   -0.1
    52.522  -172.285    0.0    0.0   -0.1
    52.531  -172.285    0.0    0.0   -0.1
    52.540  -172.285    0.0    0.0   -0.1
    52.549  -172.285    0.0    0.0   -0.1
    52.558  -172.285    0.0    0.0   -0.1
    52.567  -172.285    0.0    0.0   -0.1
    52.576  -172.285    0.0    0.0   -0.1
    52.586  -172.285    0.0    0.0   -0.1
    52.595  -172.285    0.0    0.0   -0.1
    52.604  -172.285    0.0    0.0   -0.1
    52.613  -172.285    0.0    0.0   -0.1
    52.622  -172.285    0.0    0.0   -0.1
    52.631  -172.285    0.0    0.0   -0.1
    52.640  -172.285    0.0    0.0   -0.1
    52.649  -172.285    0.0    0.0   -0.1
    52.658  -172.285    0.0    0.0   -0.1
    52.667  -172.285    0.0    0.0   -0.1
    52.676  -172.285    0.0    0.0   -0.1
    52.685  -172.285    0.0    0.0   -0.1
    52.694  -172.285    0.0   -0.0   -0.1
    52.703  -172.285    0.0   -0.0   -0.1
    52.712  -172.285    0.0   -0.0   -0.1
    52.721  -172.285    0.0   -0.0   -0.0
    52.730  -172.285    0.0   -0.0   -0.0
    52.739  -172.285    0.0   -0.0   -0.0
    52.748  -172.285    0.0   -0.0   -0.0
    52.757  -172.285    0.0   -0.0   -0.0
    52.766  -172.285    0.0   -0.0   -0.0
    52.775  -172.285    0.0   -0.0   -0.0
    52.784  -172.285    0.0   -0.0   -0.0
    52.793  -172.285    0.0   -0.0   -0.0
    52.802  -172.285    0.0   -0.0   -0.0
    52.811  -172.285    0.0   -0.0   -0.0
    52.820  -172.285    0.0   -0.0   -0.0
    52.829  -172.285    0.0   -0.0   -0.0
    52.838  -172.285    0.0   -0.0   -0.0
    52.847  -172.285    0.0   -0.0   -0.0
    52.856  -172.285    0.0   -0.0   -0.0
    52.865  -172.285    0.0   -0.0   -0.0
    52.874  -172.285    0.0   -0.0   -0.0
    52.883  -172.285    0.0   -0.0   -0.0
    52.892  -172.285    0.0   -0.0   -0.0
    52.901  -172.285    0.0   -0.0   -0.0
    52.910  -172.285    0.0   -0.0   -0.0
    52.919  -172.285    0.0   -0.0   -0.0
    52.928  -172.285    0.0   -0.0   -0.0
    52.937  -172.285    0.0   -0.0   -0.0
    52.946  -172.285    0.0   -0.0   -0.0
    52.955  -172.285    0.0   -0.0   -0.0
    52.964  -172.285    0.0   -0.0   -0.0
    52.973  -172.285    0.0   -0.0   -0.0
    52.982  -172.285    0.0   -0.0   -0.0
    52.991  -172.285    0.0   -0.0   -0.0
    53.000  -172.285    0.0   -0.0   -0.0
    53.009  -172.285    0.0   -0.0   -0.0
    53.018  -172.285    0.0   -0.0   -0.0
    53.027  -172.285    0.0   -0.0   -0.0
    53.036  -172.285    0.0   -0.0   -0.0
    53.045  -172.285    0.0   -0.0   -0.0
    53.054  -172.285    0.0   -0.0   -0.0
    53.063  -172.285    0.0   -0.0   -0.0
    53.072  -172.285    0.0   -0.0   -0.0
    53.081  -172.285    0.0   -0.0   -0.0
    53.090  -172.285    0.0   -0.0   -0.0
    53.099  -172.285    0.0   -0.0   -0.0
    53.108  -172.285    0.0   -0.0   -0.0
    53.117  -172.285    0.0   -0.0   -0.0
    53.126  -172.285    0.0   -0.0   -0.0
    53.135  -172.285    0.0   -0.0   -0.0
    52.234  -172.270    0.0    0.0   -0.1
    52.243  -172.270    0.0    0.0   -0.1
    52.252  -172.270    0.0    0.0   -0.1
    52.261  -172.270    0.0    0.0   -0.1
    52.270  -172.270    0.0    0.0   -0.1
    52.279  -172.270    0.0    0.0   -0.1
    52.288  -172.270    0.0    0.0   -0.1
    52.297  -172.270    0.0    0.0   -0.1
    52.306  -172.270    0.0    0.0   -0.1
    52.315  -172.270    0.0    0.0   -0.1
    52.324  -172.270    0.0    0.0   -0.1
    52.333  -172.270    0.0    0.0   -0.1
    52.342  -172.270    0.0    0.0   -0.1
    52.351  -172.270    0.0    0.0   -0.1
    52.360  -172.270    0.0    0.0   -0.1
    52.369  -172.270    0.0    0.0   -0.1
    52.378  -172.270    0.0    0.0   -0.1
    52.387  -172.270    0.0    0.0   -0.1
    52.396  -172.270    0.0    0.0   -0.1
    52.405  -172.270    0.0    0.0   -0.1
    52.414  -172.270    0.0    0.0   -0.1
    52.423  -172.270    0.0    0.0   -0.1
    52.432  -172.270    0.0    0.0   -0.1
    52.441  -172.270    0.0    0.0   -0.1
    52.450  -172.270    0.0    0.0   -0.1
    52.459  -172.270    0.0    0.0   -0.1
    52.468  -172.270    0.0    0.0   -0.1
    52.477  -172.270    0.0    0.0   -0.1
    52.486  -172.270    0.0    0.0   -0.1
    52.495  -172.270    0.0    0.0   -0.1
    52.504  -172.270    0.0    0.0   -0.1
    52.513  -172.270    0.0    0.0   -0.1
    52.522  -172.270    0.0    0.0   -0.1
    52.531  -172.270    0.0    0.0   -0.1
    52.540  -172.270    0.0    0.0   -0.1
    52.549  -172.270    0.0    0.0   -0.1
    52.558  -172.270    0.0    0.0   -0.1
    52.567  -172.270    0.0    0.0   -0.1
    52.576  -172.270    0.0    0.0   -0.1
    52.586  -172.270    0.0    0.0   -0.1
    52.595  -172.270    0.0    0.0   -0.1
    52.604  -172.270    0.0    0.0   -0.1
    52.613  -172.270    0.0    0.0   -0.1
    52.622  -172.270    0.0    0.0   -0.1
    52.631  -172.270    0.0    0.0   -0.1
    52.640  -172.270    0.0    0.0   -0.1
    52.649  -172.270    0.0    0.0   -0.1
    52.658  -172.270    0.0    0.0   -0.1
    52.667  -172.270    0.0    0.0   -0.1
    52.676  -172.270    0.0    0.0   -0.1
    52.685  -172.270    0.0    0.0   -0.1
    52.694  -172.270    0.0   -0.0   -0.1
    52.703  -172.270    0.0   -0.0   -0.1
    52.712  -172.270    0.0   -0.0   -0.1
    52.721  -172.270    0.0   -0.0   -0.1
    52.730  -172.270    0.0   -0.0   -0.1
    52.739  -172.270    0.0   -0.0   -0.0
    52.748  -172.270    0.0   -0.0   -0.0
    52.757  -172.270    0.0   -0.0   -0.0
    52.766  -172.270    0.0   -0.0   -0.0
    52.775  -172.270    0.0   -0.0   -0.0
    52.784  -172.270    0.0   -0.0   -0.0
    52.793  -172.270    0.0   -0.0   -0.0
    52.802  -172.270    0.0   -0.0   -0.0
    52.811  -172.270    0.0   -0.0   -0.0
    52.820  -172.270    0.0   -0.0   -0.0
    52.829  -172.270    0.0   -0.0   -0.0
    52.838  -172.270    0.0   -0.0   -0.0
    52.847  -172.270    0.0   -0.0   -0.0
    52.856  -172.270    0.0   -0.0   -0.0
    52.865  -172.270    0.0   -0.0   -0.0
    52.874  -172.270    0.0   -0.0   -0.0
    52.883  -172.270    0.0   -0.0   -0.0
    52.892  -172.270    0.0   -0.0   -0.0
    52.901  -172.270    0.0   -0.0   -0.0
    52.910  -172.270    0.0   -0.0   -0.0
    52.919  -172.270    0.0   -0.0   -0.0
    52.928  -172.270    0.0   -0.0   -0.0
    52.937  -172.270    0.0   -0.0   -0.0
    52.946  -172.270    0.0   -0.0   -0.0
    52.955  -172.270    0.0   -0.0   -0.0
    52.964  -172.270    0.0   -0.0   -0.0
    52.973  -172.270    0.0   -0.0   -0.0
    52.982  -172.270    0.0   -0.0   -0.0
    52.991  -172.270    0.0   -0.0   -0.0
    53.000  -172.270    0.0   -0.0   -0.0
    53.009  -172.270    0.0   -0.0   -0.0
    53.018  -172.270    0.0   -0.0   -0.0
    53.027  -172.270    0.0   -0.0   -0.0
    53.036  -172.270    0.0   -0.0   -0.0
    53.045  -172.270    0.0   -0.0   -0.0
    53.054  -172.270    0.0   -0.0   -0.0
    53.063  -172.270    0.0   -0.0   -0.0
    53.072  -172.270    0.0   -0.0   -0.0
    53.081  -172.270    0.0   -0.0   -0.0
    53.090  -172.270    0.0   -0.0   -0.0
    53.099  -172.270    0.0   -0.0   -0.0
    53.108  -172.270    0.0   -0.0   -0.0
    53.117  -172.270    0.0   -0.0   -0.0
    53.126  -172.270    0.0   -0.0   -0.0
    53.135  -172.270    0.0   -0.0   -0.0
    52.234  -172.255    0.0    0.0   -0.1
    52.243  -172.255    0.0    0.0   -0.1
    52.252  -172.255    0.0    0.0   -0.1
    52.261  -172.255    0.0    0.0   -0.1
    52.270  -172.255    0.0    0.0   -0.1
    52.279  -172.255    0.0    0.0   -0.1
    52.288  -172.255    0.0    0.0   -0.1
    52.297  -172.255    0.0    0.0   -0.1
    52.306  -172.255    0.0    0.0   -0.1
    52.315  -172.255    0.0    0.0   -0.1
    52.324  -172.255    0.0    0.0   -0.1
    52.333  -172.255    0.0    0.0   -0.1
    52.342  -172.255    0.0    0.0   -0.1
    52.351  -172.255    0.0    0.0   -0.1
    52.360  -172.255    0.0    0.0   -0.1
    52.369  -172.255    0.0    0.0   -0.1
    52.378  -172.255    0.0    0.0   -0.1
    52.387  -172.255    0.0    0.0   -0.1
    52.396  -172.255    0.0    0.0   -0.1
    52.405  -172.255    0.0    0.0   -0.1
    52.414  -172.255    0.0    0.0   -0.1
    52.423  -172.255    0.0    0.0   -0.1
    52.432  -172.255    0.0    0.0   -0.1
    52.441  -172.255    0.0    0.0   -0.1
    52.450  -172.255    0.0    0.0   -0.1
    52.459  -172.255    0.0    0.0   -0.1
    52.468  -172.255    0.0    0.0   -0.1
    52.477  -172.255    0.0    0.0   -0.1
    52.486  -172.255    0.0    0.0   -0.1
    52.495  -172.255    0.0    0.0   -0.1
    52.504  -172.255    0.0    0.0   -0.1
    52.513  -172.255    0.0    0.0   -0.1
    52.522  -172.255    0.0    0.0   -0.1
    52.531  -172.255    0.0    0.0   -0.1
    52.540  -172.255    0.0    0.0   -0.1
    52.549  -172.255    0.0    0.0   -0.1
    52.558  -172.255    0.0    0.0   -0.1
    52.567  -172.255    0.0    0.0   -0.1
    52.576  -172.255    0.0    0.0   -0.1
    52.586  -172.255    0.0    0.0   -0.1
    52.595  -172.255    0.0    0.0   -0.1
    52.604  -172.255    0.0    0.0   -0.1
    52.613  -172.255    0.0    0.0   -0.1
    52.622  -172.255    0.0    0.0   -0.1
    52.631  -172.255    0.0    0.0   -0.1
    52.640  -172.255    0.0    0.0   -0.1
    52.649  -172.255    0.0    0.0   -0.1
    52.658  -172.255    0.0    0.0   -0.1
    52.667  -172.255    0.0    0.0   -0.1
    52.676  -172.255    0.0    0.0   -0.1
    52.685  -172.255    0.0    0.0   -0.1
    52.694  -172.255    0.0   -0.0   -0.1
    52.703  -172.255    0.0   -0.0   -0.1
    52.712  -172.255    0.0   -0.0   -0.1
    52.721  -172.255    0.0   -0.0   -0.1
    52.730  -172.255    0.0   -0.0   -0.1
    52.739  -172.255    0.0   -0.0   -0.1
    52.748  -172.255    0.0   -0.0   -0.1
    52.757  -172.255    0.0   -0.0   -0.0
    52.766  -172.255    0.0   -0.0   -0.0
    52.775  -172.255    0.0   -0.0   -0.0
    52.784  -172.255    0.0   -0.0   -0.0
    52.793  -172.255    0.0   -0.0   -0.0
    52.802  -172.255    0.0   -0.0   -0.0
    52.811  -172.255    0.0   -0.0   -0.0
    52.820  -172.255    0.0   -0.0   -0.0
    52.829  -172.255    0.0   -0.0   -0.0
    52.838  -172.255    0.0   -0.0   -0.0
    52.847  -172.255    0.0   -0.0   -0.0
    52.856  -172.255    0.0   -0.0   -0.0
    52.865  -172.255    0.0   -0.0   -0.0
    52.874  -172.255    0.0   -0.0   -0.0
    52.883  -172.255    0.0   -0.0   -0.0
    52.892  -172.255    0.0   -0.0   -0.0
    52.901  -172.255    0.0   -0.0   -0.0
    52.910  -172.255    0.0   -0.0   -0.0
    52.919  -172.255    0.0   -0.0   -0.0
    52.928  -172.255    0.0   -0.0   -0.0
    52.937  -172.255    0.0   -0.0   -0.0
    52.946  -172.255    0.0   -0.0   -0.0
    52.955  -172.255    0.0   -0.0   -0.0
    52.964  -172.255    0.0   -0.0   -0.0
    52.973  -172.255    0.0   -0.0   -0.0
    52.982  -172.255    0.0   -0.0   -0.0
    52.991  -172.255    0.0   -0.0   -0.0
    53.000  -172.255    0.0   -0.0   -0.0
    53.009  -172.255    0.0   -0.0   -0.0
    53.018  -172.255    0.0   -0.0   -0.0
    53.027  -172.255    0.0   -0.0   -0.0
    53.036  -172.255    0.0   -0.0   -0.0
    53.045  -172.255    0.0   -0.0   -0.0
    53.054  -172.255    0.0   -0.0   -0.0
    53.063  -172.255    0.0   -0.0   -0.0
    53.072  -172.255    0.0   -0.0   -0.0
    53.081  -172.255    0.0   -0.0   -0.0
    53.090  -172.255    0.0   -0.0   -0.0
    53.099  -172.255    0.0   -0.0   -0.0
    53.108  -172.255    0.0   -0.0   -0.0
    53.117  -172.255    0.0   -0.0   -0.0
    53.126  -172.255    0.0   -0.0   -0.0
    53.135  -172.255    0.0   -0.0   -0.0
    52.234  -172.240    0.0    0.0   -0.1
    52.243  -172.240    0.0    0.0   -0.1
    52.252  -172.240    0.0    0.0   -0.1
    52.261  -172.240    0.0    0.0   -0.1
    52.270  -172.240    0.0    0.0   -0.1
    52.279  -172.240    0.0    0.0   -0.1
    52.288  -172.240    0.0    0.0   -0.1
    52.297  -172.240    0.0    0.0   -0.1
    52.306  -172.240    0.0    0.0   -0.1
    52.315  -172.240    0.0    0.0   -0.1
    52.324  -172.240    0.0    0.0   -0.1
    52.333  -172.240    0.0    0.0   -0.1
    52.342  -172.240    0.0    0.0   -0.1
    52.351  -172.240    0.0    0.0   -0.1
    52.360  -172.240    0.0    0.0   -0.1
    52.369  -172.240    0.0    0.0   -0.1
    52.378  -172.240    0.0    0.0   -0.1
    52.387  -172.240    0.0    0.0   -0.1
    52.396  -172.240    0.0    0.0   -0.1
    52.405  -172.240    0.0    0.0   -0.1
    52.414  -172.240    0.0    0.0   -0.1
    52.423  -172.240    0.0    0.0   -0.1
    52.432  -172.240    0.0    0.0   -0.1
    52.441  -172.240    0.0    0.0   -0.1
    52.450  -172.240    0.0    0.0   -0.1
    52.459  -172.240    0.0    0.0   -0.1
    52.468  -172.240    0.0    0.0   -0.1
    52.477  -172.240    0.0    0.0   -0.1
    52.486  -172.240    0.0    0.0   -0.1
    52.495  -172.240    0.0    0.0   -0.1
    52.504  -172.240    0.0    0.0   -0.1
    52.513  -172.240    0.0    0.0   -0.1
    52.522  -172.240    0.0    0.0   -0.1
    52.531  -172.240    0.0    0.0   -0.1
    52.540  -172.240    0.0    0.0   -0.1
    52.549  -172.240    0.0    0.0   -0.1
    52.558  -172.240    0.0    0.0   -0.1
    52.567  -172.240    0.0    0.0   -0.1
    52.576  -172.240    0.0    0.0   -0.1
    52.586  -172.240    0.0    0.0   -0.1
    52.595  -172.240    0.0    0.0   -0.1
    52.604  -172.240    0.0    0.0   -0.1
    52.613  -172.240    0.0    0.0   -0.1
    52.622  -172.240    0.0    0.0   -0.1
    52.631  -172.240    0.0    0.0   -0.1
    52.640  -172.240    0.0    0.0   -0.1
    52.649  -172.240    0.0    0.0   -0.1
    52.658  -172.240    0.0    0.0   -0.1
    52.667  -172.240    0.0    0.0   -0.1
    52.676  -172.240    0.0    0.0   -0.1
    52.685  -172.240    0.0    0.0   -0.1
    52.694  -172.240    0.0    0.0   -0.1
    52.703  -172.240    0.0   -0.0   -0.1
    52.712  -172.240    0.0   -0.0   -0.1
    52.721  -172.240    0.0   -0.0   -0.1
    52.730  -172.240    0.0   -0.0   -0.1
    52.739  -172.240    0.0   -0.0   -0.1
    52.748  -172.240    0.0   -0.0   -0.1
    52.757  -172.240    0.0   -0.0   -0.1
    52.766  -172.240    0.0   -0.0   -0.0
    52.775  -172.240    0.0   -0.0   -0.0
    52.784  -172.240    0.0   -0.0   -0.0
    52.793  -172.240    0.0   -0.0   -0.0
    52.802  -172.240    0.0   -0.0   -0.0
    52.811  -172.240    0.0   -0.0   -0.0
    52.820  -172.240    0.0   -0.0   -0.0
    52.829  -172.240    0.0   -0.0   -0.0
    52.838  -172.240    0.0   -0.0   -0.0
    52.847  -172.240    0.0   -0.0   -0.0
    52.856  -172.240    0.0   -0.0   -0.0
    52.865  -172.240    0.0   -0.0   -0.0
    52.874  -172.240    0.0   -0.0   -0.0
    52.883  -172.240    0.0   -0.0   -0.0
    52.892  -172.240    0.0   -0.0   -0.0
    52.901  -172.240    0.0   -0.0   -0.0
    52.910  -172.240    0.0   -0.0   -0.0
    52.919  -172.240    0.0   -0.0   -0.0
    52.928  -172.240    0.0   -0.0   -0.0
    52.937  -172.240    0.0   -0.0   -0.0
    52.946  -172.240    0.0   -0.0   -0.0
    52.955  -172.240    0.0   -0.0   -0.0
    52.964  -172.240    0.0   -0.0   -0.0
    52.973  -172.240    0.0   -0.0   -0.0
    52.982  -172.240    0.0   -0.0   -0.0
    52.991  -172.240    0.0   -0.0   -0.0
    53.000  -172.240    0.0   -0.0   -0.0
    53.009  -172.240    0.0   -0.0   -0.0
    53.018  -172.240    0.0   -0.0   -0.0
    53.027  -172.240    0.0   -0.0   -0.0
    53.036  -172.240    0.0   -0.0   -0.0
    53.045  -172.240    0.0   -0.0   -0.0
    53.054  -172.240    0.0   -0.0   -0.0
    53.063  -172.240    0.0   -0.0   -0.0
    53.072  -172.240    0.0   -0.0   -0.0
    53.081  -172.240    0.0   -0.0   -0.0
    53.090  -172.240    0.0   -0.0   -0.0
    53.099  -172.240    0.0   -0.0   -0.0
    53.108  -172.240    0.0   -0.0   -0.0
    53.117  -172.240    0.0   -0.0   -0.0
    53.126  -172.240    0.0   -0.0   -0.0
    53.135  -172.240    0.0   -0.0   -0.0
    52.234  -172.226    0.0    0.0   -0.1
    52.243  -172.226    0.0    0.0   -0.1
    52.252  -172.226    0.0    0.0   -0.1
    52.261  -172.226    0.0    0.0   -0.1
    52.270  -172.226    0.0    0.0   -0.1
    52.279  -172.226    0.0    0.0   -0.1
    52.288  -172.226    0.0    0.0   -0.1
    52.297  -172.226    0.0    0.0   -0.1
    52.306  -172.226    0.0    0.0   -0.1
    52.315  -172.226    0.0    0.0   -0.1
    52.324  -172.226    0.0    0.0   -0.1
    52.333  -172.226    0.0    0.0   -0.1
    52.342  -172.226    0.0    0.0   -0.1
    52.351  -172.226    0.0    0.0   -0.1
    52.360  -172.226    0.0    0.0   -0.1
    52.369  -172.226    0.0    0.0   -0.1
    52.378  -172.226    0.0    0.0   -0.1
    52.387  -172.226    0.0    0.0   -0.1
    52.396  -172.226    0.0    0.0   -0.1
    52.405  -172.226    0.0    0.0   -0.1
    52.414  -172.226    0.0    0.0   -0.1
    52.423  -172.226    0.0    0.0   -0.1
    52.432  -172.226    0.0    0.0   -0.1
    52.441  -172.226    0.0    0.0   -0.1
    52.450  -172.226    0.0    0.0   -0.1
    52.459  -172.226    0.0    0.0   -0.1
    52.468  -172.226    0.0    0.0   -0.1
    52.477  -172.226    0.0    0.0   -0.1
    52.486  -172.226    0.0    0.0   -0.1
    52.495  -172.226    0.0    0.0   -0.1
    52.504  -172.226    0.0    0.0   -0.1
    52.513  -172.226    0.0    0.0   -0.1
    52.522  -172.226    0.0    0.0   -0.1
    52.531  -172.226    0.0    0.0   -0.1
    52.540  -172.226    0.0    0.0   -0.1
    52.549  -172.226    0.0    0.0   -0.1
    52.558  -172.226    0.0    0.0   -0.1
    52.567  -172.226    0.0    0.0   -0.1
    52.576  -172.226    0.0    0.0   -0.1
    52.586  -172.226    0.0    0.0   -0.1
    52.595  -172.226    0.0    0.0   -0.1
    52.604  -172.226    0.0    0.0   -0.1
    52.613  -172.226    0.0    0.0   -0.1
    52.622  -172.226    0.0    0.0   -0.1
    52.631  -172.226    0.0    0.0   -0.1
    52.640  -172.226    0.0    0.0   -0.1
    52.649  -172.226    0.0    0.0   -0.1
    52.658  -172.226    0.0    0.0   -0.1
    52.667  -172.226    0.0    0.0   -0.1
    52.676  -172.226    0.0    0.0   -0.1
    52.685  -172.226    0.0    0.0   -0.1
    52.694  -172.226    0.0    0.0   -0.1
    52.703  -172.226    0.0   -0.0   -0.1
    52.712  -172.226    0.0   -0.0   -0.1
    52.721  -172.226    0.0   -0.0   -0.1
    52.730  -172.226    0.0   -0.0   -0.1
    52.739  -172.226    0.0   -0.0   -0.1
    52.748  -172.226    0.0   -0.0   -0.1
    52.757  -172.226    0.0   -0.0   -0.1
    52.766  -172.226    0.0   -0.0   -0.1
    52.775  -172.226    0.0   -0.0   -0.0
    52.784  -172.226    0.0   -0.0   -0.0
    52.793  -172.226    0.0   -0.0   -0.0
    52.802  -172.226    0.0   -0.0   -0.0
    52.811  -172.226    0.0   -0.0   -0.0
    52.820  -172.226    0.0   -0.0   -0.0
    52.829  -172.226    0.0   -0.0   -0.0
    52.838  -172.226    0.0   -0.0   -0.0
    52.847  -172.226    0.0   -0.0   -0.0
    52.856  -172.226    0.0   -0.0   -0.0
    52.865  -172.226    0.0   -0.0   -0.0
    52.874  -172.226    0.0   -0.0   -0.0
    52.883  -172.226    0.0   -0.0   -0.0
    52.892  -172.226    0.0   -0.0   -0.0
    52.901  -172.226    0.0   -0.0   -0.0
    52.910  -172.226    0.0   -0.0   -0.0
    52.919  -172.226    0.0   -0.0   -0.0
    52.928  -172.226    0.0   -0.0   -0.0
    52.937  -172.226    0.0   -0.0   -0.0
    52.946  -172.226    0.0   -0.0   -0.0
    52.955  -172.226    0.0   -0.0   -0.0
    52.964  -172.226    0.0   -0.0   -0.0
    52.973  -172.226    0.0   -0.0   -0.0
    52.982  -172.226    0.0   -0.0   -0.0
    52.991  -172.226    0.0   -0.0   -0.0
    53.000  -172.226    0.0   -0.0   -0.0
    53.009  -172.226    0.0   -0.0   -0.0
    53.018  -172.226    0.0   -0.0   -0.0
    53.027  -172.226    0.0   -0.0   -0.0
    53.036  -172.226    0.0   -0.0   -0.0
    53.045  -172.226    0.0   -0.0   -0.0
    53.054  -172.226    0.0   -0.0   -0.0
    53.063  -172.226    0.0   -0.0   -0.0
    53.072  -172.226    0.0   -0.0   -0.0
    53.081  -172.226    0.0   -0.0   -0.0
    53.090  -172.226    0.0   -0.0   -0.0
    53.099  -172.226    0.0   -0.0   -0.0
    53.108  -172.226    0.0   -0.0   -0.0
    53.117  -172.226    0.0   -0.0   -0.0
    53.126  -172.226    0.0   -0.0   -0.0
    53.135  -172.226    0.0   -0.0   -0.0
    52.234  -172.211    0.0    0.0   -0.1
    52.243  -172.211    0.0    0.0   -0.1
    52.252  -172.211    0.0    0.0   -0.1
    52.261  -172.211    0.0    0.0   -0.1
    52.270  -172.211    0.0    0.0   -0.1
    52.279  -172.211    0.0    0.0   -0.1
    52.288  -172.211    0.0    0.0   -0.1
    52.297  -172.211    0.0    0.0   -0.1
    52.306  -172.211    0.0    0.0   -0.1
    52.315  -172.211    0.0    0.0   -0.1
    52.324  -172.211    0.0    0.0   -0.1
    52.333  -172.211    0.0    0.0   -0.1
    52.342  -172.211    0.0    0.0   -0.1
    52.351  -172.211    0.0    0.0   -0.1
    52.360  -172.211    0.0    0.0   -0.1
    52.369  -172.211    0.0    0.0   -0.1
    52.378  -172.211    0.0    0.0   -0.1
    52.387  -172.211    0.0    0.0   -0.1
    52.396  -172.211    0.0    0.0   -0.1
    52.405  -172.211    0.0    0.0   -0.1
    52.414  -172.211    0.0    0.0   -0.1
    52.423  -172.211    0.0    0.0   -0.1
    52.432  -172.211    0.0    0.0   -0.1
    52.441  -172.211    0.0    0.0   -0.1
    52.450  -172.211    0.0    0.0   -0.1
    52.459  -172.211    0.0    0.0   -0.1
    52.468  -172.211    0.0    0.0   -0.1
    52.477  -172.211    0.0    0.0   -0.1
    52.486  -172.211    0.0    0.0   -0.1
    52.495  -172.211    0.0    0.0   -0.1
    52.504  -172.211    0.0    0.0   -0.1
    52.513  -172.211    0.0    0.0   -0.1
    52.522  -172.211    0.0    0.0   -0.1
    52.531  -172.211    0.0    0.0   -0.1
    52.540  -172.211    0.0    0.0   -0.1
    52.549  -172.211    0.0    0.0   -0.1
    52.558  -172.211    0.0    0.0   -0.1
    52.567  -172.211    0.0    0.0   -0.1
    52.576  -172.211    0.0    0.0   -0.1
    52.586  -172.211    0.0    0.0   -0.1
    52.595  -172.211    0.0    0.0   -0.1
    52.604  -172.211    0.0    0.0   -0.1
    52.613  -172.211    0.0    0.0   -0.1
    52.622  -172.211    0.0    0.0   -0.1
    52.631  -172.211    0.0    0.0   -0.1
    52.640  -172.211    0.0    0.0   -0.1
    52.649  -172.211    0.0    0.0   -0.1
    52.658  -172.211    0.0    0.0   -0.1
    52.667  -172.211    0.0    0.0   -0.1
    52.676  -172.211    0.0    0.0   -0.1
    52.685  -172.211    0.0    0.0   -0.1
    52.694  -172.211    0.0    0.0   -0.1
    52.703  -172.211    0.0   -0.0   -0.1
    52.712  -172.211    0.0   -0.0   -0.1
    52.721  -172.211    0.0   -0.0   -0.1
    52.730  -172.211    0.0   -0.0   -0.1
    52.739  -172.211    0.0   -0.0   -0.1
    52.748  -172.211    0.0   -0.0   -0.1
    52.757  -172.211    0.0   -0.0   -0.1
    52.766  -172.211    0.0   -0.0   -0.1
    52.775  -172.211    0.0   -0.0   -0.1
    52.784  -172.211    0.0   -0.0   -0.1
    52.793  -172.211    0.0   -0.0   -0.0
    52.802  -172.211    0.0   -0.0   -0.0
    52.811  -172.211    0.0   -0.0   -0.0
    52.820  -172.211    0.0   -0.0   -0.0
    52.829  -172.211    0.0   -0.0   -0.0
    52.838  -172.211    0.0   -0.0   -0.0
    52.847  -172.211    0.0   -0.0   -0.0
    52.856  -172.211    0.0   -0.0   -0.0
    52.865  -172.211    0.0   -0.0   -0.0
    52.874  -172.211    0.0   -0.0   -0.0
    52.883  -172.211    0.0   -0.0   -0.0
    52.892  -172.211    0.0   -0.0   -0.0
    52.901  -172.211    0.0   -0.0   -0.0
    52.910  -172.211    0.0   -0.0   -0.0
    52.919  -172.211    0.0   -0.0   -0.0
    52.928  -172.211    0.0   -0.0   -0.0
    52.937  -172.211    0.0   -0.0   -0.0
    52.946  -172.211    0.0   -0.0   -0.0
    52.955  -172.211    0.0   -0.0   -0.0
    52.964  -172.211    0.0   -0.0   -0.0
    52.973  -172.211    0.0   -0.0   -0.0
    52.982  -172.211    0.0   -0.0   -0.0
    52.991  -172.211    0.0   -0.0   -0.0
    53.000  -172.211    0.0   -0.0   -0.0
    53.009  -172.211    0.0   -0.0   -0.0
    53.018  -172.211    0.0   -0.0   -0.0
    53.027  -172.211    0.0   -0.0   -0.0
    53.036  -172.211    0.0   -0.0   -0.0
    53.045  -172.211    0.0   -0.0   -0.0
    53.054  -172.211    0.0   -0.0   -0.0
    53.063  -172.211    0.0   -0.0   -0.0
    53.072  -172.211    0.0   -0.0   -0.0
    53.081  -172.211    0.0   -0.0   -0.0
    53.090  -172.211    0.0   -0.0   -0.0
    53.099  -172.211    0.0   -0.0   -0.0
    53.108  -172.211    0.0   -0.0   -0.0
    53.117  -172.211    0.0   -0.0   -0.0
    53.126  -172.211    0.0   -0.0   -0.0
    53.135  -172.211    0.0   -0.0   -0.0
    52.234  -172.196    0.0    0.0   -0.1
    52.243  -172.196    0.0    0.0   -0.1
    52.252  -172.196    0.0    0.0   -0.1
    52.261  -172.196    0.0    0.0   -0.1
    52.270  -172.196    0.0    0.0   -0.1
    52.279  -172.196    0.0    0.0   -0.1
    52.288  -172.196    0.0    0.0   -0.1
    52.297  -172.196    0.0    0.0   -0.1
    52.306  -172.196    0.0    0.0   -0.1
    52.315  -172.196    0.0    0.0   -0.1
    52.324  -172.196    0.0    0.0   -0.1
    52.333  -172.196    0.0    0.0   -0.1
    52.342  -172.196    0.0    0.0   -0.1
    52.351  -172.196    0.0    0.0   -0.1
    52.360  -172.196    0.0    0.0   -0.1
    52.369  -172.196    0.0    0.0   -0.1
    52.378  -172.196    0.0    0.0   -0.1
    52.387  -172.196    0.0    0.0   -0.1
    52.396  -172.196    0.0    0.0   -0.1
    52.405  -172.196    0.0    0.0   -0.1
    52.414  -172.196    0.0    0.0   -0.1
    52.423  -172.196    0.0    0.0   -0.1
    52.432  -172.196    0.0    0.0   -0.1
    52.441  -172.196    0.0    0.0   -0.1
    52.450  -172.196    0.0    0.0   -0.1
    52.459  -172.196    0.0    0.0   -0.1
    52.468  -172.196    0.0    0.0   -0.1
    52.477  -172.196    0.0    0.0   -0.1
    52.486  -172.196    0.0    0.0   -0.1
    52.495  -172.196    0.0    0.0   -0.1
    52.504  -172.196    0.0    0.0   -0.1
    52.513  -172.196    0.0    0.0   -0.1
    52.522  -172.196    0.0    0.0   -0.1
    52.531  -172.196    0.0    0.0   -0.1
    52.540  -172.196    0.0    0.0   -0.1
    52.549  -172.196    0.0    0.0   -0.1
    52.558  -172.196    0.0    0.0   -0.1
    52.567  -172.196    0.0    0.0   -0.1
    52.576  -172.196    0.0    0.0   -0.1
    52.586  -172.196    0.0    0.0   -0.1
    52.595  -172.196    0.0    0.0   -0.1
    52.604  -172.196    0.0    0.0   -0.1
    52.613  -172.196    0.0    0.0   -0.1
    52.622  -172.196    0.0    0.0   -0.1
    52.631  -172.196    0.0    0.0   -0.1
    52.640  -172.196    0.0    0.0   -0.1
    52.649  -172.196    0.0    0.0   -0.1
    52.658  -172.196    0.0    0.0   -0.1
    52.667  -172.196    0.0    0.0   -0.1
    52.676  -172.196    0.0    0.0   -0.1
    52.685  -172.196    0.0    0.0   -0.1
    52.694  -172.196    0.0    0.0   -0.1
    52.703  -172.196    0.0    0.0   -0.1
    52.712  -172.196    0.0   -0.0   -0.1
    52.721  -172.196    0.0   -0.0   -0.1
    52.730  -172.196    0.0   -0.0   -0.1
    52.739  -172.196    0.0   -0.0   -0.1
    52.748  -172.196    0.0   -0.0   -0.1
    52.757  -172.196    0.0   -0.0   -0.1
    52.766  -172.196    0.0   -0.0   -0.1
    52.775  -172.196    0.0   -0.0   -0.1
    52.784  -172.196    0.0   -0.0   -0.1
    52.793  -172.196    0.0   -0.0   -0.1
    52.802  -172.196    0.0   -0.0   -0.0
    52.811  -172.196    0.0   -0.0   -0.0
    52.820  -172.196    0.0   -0.0   -0.0
    52.829  -172.196    0.0   -0.0   -0.0
    52.838  -172.196    0.0   -0.0   -0.0
    52.847  -172.196    0.0   -0.0   -0.0
    52.856  -172.196    0.0   -0.0   -0.0
    52.865  -172.196    0.0   -0.0   -0.0
    52.874  -172.196    0.0   -0.0   -0.0
    52.883  -172.196    0.0   -0.0   -0.0
    52.892  -172.196    0.0   -0.0   -0.0
    52.901  -172.196    0.0   -0.0   -0.0
    52.910  -172.196    0.0   -0.0   -0.0
    52.919  -172.196    0.0   -0.0   -0.0
    52.928  -172.196    0.0   -0.0   -0.0
    52.937  -172.196    0.0   -0.0   -0.0
    52.946  -172.196    0.0   -0.0   -0.0
    52.955  -172.196    0.0   -0.0   -0.0
    52.964  -172.196    0.0   -0.0   -0.0
    52.973  -172.196    0.0   -0.0   -0.0
    52.982  -172.196    0.0   -0.0   -0.0
    52.991  -172.196    0.0   -0.0   -0.0
    53.000  -172.196    0.0   -0.0   -0.0
    53.009  -172.196    0.0   -0.0   -0.0
    53.018  -172.196    0.0   -0.0   -0.0
    53.027  -172.196    0.0   -0.0   -0.0
    53.036  -172.196    0.0   -0.0   -0.0
    53.045  -172.196    0.0   -0.0   -0.0
    53.054  -172.196    0.0   -0.0   -0.0
    53.063  -172.196    0.0   -0.0   -0.0
    53.072  -172.196    0.0   -0.0   -0.0
    53.081  -172.196    0.0   -0.0   -0.0
    53.090  -172.196    0.0   -0.0   -0.0
    53.099  -172.196    0.0   -0.0   -0.0
    53.108  -172.196    0.0   -0.0   -0.0
    53.117  -172.196    0.0   -0.0   -0.0
    53.126  -172.196    0.0   -0.0   -0.0
    53.135  -172.196    0.0   -0.0   -0.0
    52.234  -172.181    0.0    0.0   -0.1
    52.243  -172.181    0.0    0.0   -0.1
    52.252  -172.181    0.0    0.0   -0.1
    52.261  -172.181    0.0    0.0   -0.1
    52.270  -172.181    0.0    0.0   -0.1
    52.279  -172.181    0.0    0.0   -0.1
    52.288  -172.181    0.0    0.0   -0.1
    52.297  -172.181    0.0    0.0   -0.1
    52.306  -172.181    0.0    0.0   -0.1
    52.315  -172.181    0.0    0.0   -0.1
    52.324  -172.181    0.0    0.0   -0.1
    52.333  -172.181    0.0    0.0   -0.1
    52.342  -172.181    0.0    0.0   -0.1
    52.351  -172.181    0.0    0.0   -0.1
    52.360  -172.181    0.0    0.0   -0.1
    52.369  -172.181    0.0    0.0   -0.1
    52.378  -172.181    0.0    0.0   -0.1
    52.387  -172.181    0.0    0.0   -0.1
    52.396  -172.181    0.0    0.0   -0.1
    52.405  -172.181    0.0    0.0   -0.1
    52.414  -172.181    0.0    0.0   -0.1
    52.423  -172.181    0.0    0.0   -0.1
    52.432  -172.181    0.0    0.0   -0.1
    52.441  -172.181    0.0    0.0   -0.1
    52.450  -172.181    0.0    0.0   -0.1
    52.459  -172.181    0.0    0.0   -0.1
    52.468  -172.181    0.0    0.0   -0.1
    52.477  -172.181    0.0    0.0   -0.1
    52.486  -172.181    0.0    0.0   -0.1
    52.495  -172.181    0.0    0.0   -0.1
    52.504  -172.181    0.0    0.0   -0.1
    52.513  -172.181    0.0    0.0   -0.1
    52.522  -172.181    0.0    0.0   -0.1
    52.531  -172.181    0.0    0.0   -0.1
    52.540  -172.181    0.0    0.0   -0.1
    52.549  -172.181    0.0    0.0   -0.1
    52.558  -172.181    0.0    0.0   -0.1
    52.567  -172.181    0.0    0.0   -0.1
    52.576  -172.181    0.0    0.0   -0.1
    52.586  -172.181    0.0    0.0   -0.1
    52.595  -172.181    0.0    0.0   -0.1
    52.604  -172.181    0.0    0.0   -0.1
    52.613  -172.181    0.0    0.0   -0.1
    52.622  -172.181    0.0    0.0   -0.1
    52.631  -172.181    0.0    0.0   -0.1
    52.640  -172.181    0.0    0.0   -0.1
    52.649  -172.181    0.0    0.0   -0.1
    52.658  -172.181    0.0    0.0   -0.1
    52.667  -172.181    0.0    0.0   -0.1
    52.676  -172.181    0.0    0.0   -0.1
    52.685  -172.181    0.0    0.0   -0.1
    52.694  -172.181    0.0    0.0   -0.1
    52.703  -172.181    0.0    0.0   -0.1
    52.712  -172.181    0.0   -0.0   -0.1
    52.721  -172.181    0.0   -0.0   -0.1
    52.730  -172.181    0.0   -0.0   -0.1
    52.739  -172.181    0.0   -0.0   -0.1
    52.748  -172.181    0.0   -0.0   -0.1
    52.757  -172.181    0.0   -0.0   -0.1
    52.766  -172.181    0.0   -0.0   -0.1
    52.775  -172.181    0.0   -0.0   -0.1
    52.784  -172.181    0.0   -0.0   -0.1
    52.793  -172.181    0.0   -0.0   -0.1
    52.802  -172.181    0.0   -0.0   -0.1
    52.811  -172.181    0.0   -0.0   -0.0
    52.820  -172.181    0.0   -0.0   -0.0
    52.829  -172.181    0.0   -0.0   -0.0
    52.838  -172.181    0.0   -0.0   -0.0
    52.847  -172.181    0.0   -0.0   -0.0
    52.856  -172.181    0.0   -0.0   -0.0
    52.865  -172.181    0.0   -0.0   -0.0
    52.874  -172.181    0.0   -0.0   -0.0
    52.883  -172.181    0.0   -0.0   -0.0
    52.892  -172.181    0.0   -0.0   -0.0
    52.901  -172.181    0.0   -0.0   -0.0
    52.910  -172.181    0.0   -0.0   -0.0
    52.919  -172.181    0.0   -0.0   -0.0
    52.928  -172.181    0.0   -0.0   -0.0
    52.937  -172.181    0.0   -0.0   -0.0
    52.946  -172.181    0.0   -0.0   -0.0
    52.955  -172.181    0.0   -0.0   -0.0
    52.964  -172.181    0.0   -0.0   -0.0
    52.973  -172.181    0.0   -0.0   -0.0
    52.982  -172.181    0.0   -0.0   -0.0
    52.991  -172.181    0.0   -0.0   -0.0
    53.000  -172.181    0.0   -0.0   -0.0
    53.009  -172.181    0.0   -0.0   -0.0
    53.018  -172.181    0.0   -0.0   -0.0
    53.027  -172.181    0.0   -0.0   -0.0
    53.036  -172.181    0.0   -0.0   -0.0
    53.045  -172.181    0.0   -0.0   -0.0
    53.054  -172.181    0.0   -0.0   -0.0
    53.063  -172.181    0.0   -0.0   -0.0
    53.072  -172.181    0.0   -0.0   -0.0
    53.081  -172.181    0.0   -0.0   -0.0
    53.090  -172.181    0.0   -0.0   -0.0
    53.099  -172.181    0.0   -0.0   -0.0
    53.108  -172.181    0.0   -0.0   -0.0
    53.117  -172.181    0.0   -0.0   -0.0
    53.126  -172.181    0.0   -0.0   -0.0
    53.135  -172.181    0.0   -0.0   -0.0
    52.234  -172.166    0.0    0.0   -0.1
    52.243  -172.166    0.0    0.0   -0.1
    52.252  -172.166    0.0    0.0   -0.1
    52.261  -172.166    0.0    0.0   -0.1
    52.270  -172.166    0.0    0.0   -0.1
    52.279  -172.166    0.0    0.0   -0.1
    52.288  -172.166    0.0    0.0   -0.1
    52.297  -172.166    0.0    0.0   -0.1
    52.306  -172.166    0.0    0.0   -0.1
    52.315  -172.166    0.0    0.0   -0.1
    52.324  -172.166    0.0    0.0   -0.1
    52.333  -172.166    0.0    0.0   -0.1
    52.342  -172.166    0.0    0.0   -0.1
    52.351  -172.166    0.0    0.0   -0.1
    52.360  -172.166    0.0    0.0   -0.1
    52.369  -172.166    0.0    0.0   -0.1
    52.378  -172.166    0.0    0.0   -0.1
    52.387  -172.166    0.0    0.0   -0.1
    52.396  -172.166    0.0    0.0   -0.1
    52.405  -172.166    0.0    0.0   -0.1
    52.414  -172.166    0.0    0.0   -0.1
    52.423  -172.166    0.0    0.0   -0.1
    52.432  -172.166    0.0    0.0   -0.1
    52.441  -172.166    0.0    0.0   -0.1
    52.450  -172.166    0.0    0.0   -0.1
    52.459  -172.166    0.0    0.0   -0.1
    52.468  -172.166    0.0    0.0   -0.1
    52.477  -172.166    0.0    0.0   -0.1
    52.486  -172.166    0.0    0.0   -0.1
    52.495  -172.166    0.0    0.0   -0.1
    52.504  -172.166    0.0    0.0   -0.1
    52.513  -172.166    0.0    0.0   -0.1
    52.522  -172.166    0.0    0.0   -0.1
    52.531  -172.166    0.0    0.0   -0.1
    52.540  -172.166    0.0    0.0   -0.1
    52.549  -172.166    0.0    0.0   -0.1
    52.558  -172.166    0.0    0.0   -0.1
    52.567  -172.166    0.0    0.0   -0.1
    52.576  -172.166    0.0    0.0   -0.1
    52.586  -172.166    0.0    0.0   -0.1
    52.595  -172.166    0.0    0.0   -0.1
    52.604  -172.166    0.0    0.0   -0.1
    52.613  -172.166    0.0    0.0   -0.1
    52.622  -172.166    0.0    0.0   -0.1
    52.631  -172.166    0.0    0.0   -0.1
    52.640  -172.166    0.0    0.0   -0.1
    52.649  -172.166    0.0    0.0   -0.1
    52.658  -172.166    0.0    0.0   -0.1
    52.667  -172.166    0.0    0.0   -0.1
    52.676  -172.166    0.0    0.0   -0.1
    52.685  -172.166    0.0    0.0   -0.1
    52.694  -172.166    0.0    0.0   -0.1
    52.703  -172.166    0.0    0.0   -0.1
    52.712  -172.166    0.0   -0.0   -0.1
    52.721  -172.166    0.0   -0.0   -0.1
    52.730  -172.166    0.0   -0.0   -0.1
    52.739  -172.166    0.0   -0.0   -0.1
    52.748  -172.166    0.0   -0.0   -0.1
    52.757  -172.166    0.0   -0.0   -0.1
    52.766  -172.166    0.0   -0.0   -0.1
    52.775  -172.166    0.0   -0.0   -0.1
    52.784  -172.166    0.0   -0.0   -0.1
    52.793  -172.166    0.0   -0.0   -0.1
    52.802  -172.166    0.0   -0.0   -0.1
    52.811  -172.166    0.0   -0.0   -0.1
    52.820  -172.166    0.0   -0.0   -0.0
    52.829  -172.166    0.0   -0.0   -0.0
    52.838  -172.166    0.0   -0.0   -0.0
    52.847  -172.166    0.0   -0.0   -0.0
    52.856  -172.166    0.0   -0.0   -0.0
    52.865  -172.166    0.0   -0.0   -0.0
    52.874  -172.166    0.0   -0.0   -0.0
    52.883  -172.166    0.0   -0.0   -0.0
    52.892  -172.166    0.0   -0.0   -0.0
    52.901  -172.166    0.0   -0.0   -0.0
    52.910  -172.166    0.0   -0.0   -0.0
    52.919  -172.166    0.0   -0.0   -0.0
    52.928  -172.166    0.0   -0.0   -0.0
    52.937  -172.166    0.0   -0.0   -0.0
    52.946  -172.166    0.0   -0.0   -0.0
    52.955  -172.166    0.0   -0.0   -0.0
    52.964  -172.166    0.0   -0.0   -0.0
    52.973  -172.166    0.0   -0.0   -0.0
    52.982  -172.166    0.0   -0.0   -0.0
    52.991  -172.166    0.0   -0.0   -0.0
    53.000  -172.166    0.0   -0.0   -0.0
    53.009  -172.166    0.0   -0.0   -0.0
    53.018  -172.166    0.0   -0.0   -0.0
    53.027  -172.166    0.0   -0.0   -0.0
    53.036  -172.166    0.0   -0.0   -0.0
    53.045  -172.166    0.0   -0.0   -0.0
    53.054  -172.166    0.0   -0.0   -0.0
    53.063  -172.166    0.0   -0.0   -0.0
    53.072  -172.166    0.0   -0.0   -0.0
    53.081  -172.166    0.0   -0.0   -0.0
    53.090  -172.166    0.0   -0.0   -0.0
    53.099  -172.166    0.0   -0.0   -0.0
    53.108  -172.166    0.0   -0.0   -0.0
    53.117  -172.166    0.0   -0.0   -0.0
    53.126  -172.166    0.0   -0.0   -0.0
    53.135  -172.166    0.0   -0.0   -0.0
    52.234  -172.151    0.0    0.0   -0.1
    52.243  -172.151    0.0    0.0   -0.1
    52.252  -172.151    0.0    0.0   -0.1
    52.261  -172.151    0.0    0.0   -0.1
    52.270  -172.151    0.0    0.0   -0.1
    52.279  -172.151    0.0    0.0   -0.1
    52.288  -172.151    0.0    0.0   -0.1
    52.297  -172.151    0.0    0.0   -0.1
    52.306  -172.151    0.0    0.0   -0.1
    52.315  -172.151    0.0    0.0   -0.1
    52.324  -172.151    0.0    0.0   -0.1
    52.333  -172.151    0.0    0.0   -0.1
    52.342  -172.151    0.0    0.0   -0.1
    52.351  -172.151    0.0    0.0   -0.1
    52.360  -172.151    0.0    0.0   -0.1
    52.369  -172.151    0.0    0.0   -0.1
    52.378  -172.151    0.0    0.0   -0.1
    52.387  -172.151    0.0    0.0   -0.1
    52.396  -172.151    0.0    0.0   -0.1
    52.405  -172.151    0.0    0.0   -0.1
    52.414  -172.151    0.0    0.0   -0.1
    52.423  -172.151    0.0    0.0   -0.1
    52.432  -172.151    0.0    0.0   -0.1
    52.441  -172.151    0.0    0.0   -0.1
    52.450  -172.151    0.0    0.0   -0.1
    52.459  -172.151    0.0    0.0   -0.1
    52.468  -172.151    0.0    0.0   -0.1
    52.477  -172.151    0.0    0.0   -0.1
    52.486  -172.151    0.0    0.0   -0.1
    52.495  -172.151    0.0    0.0   -0.1
    52.504  -172.151    0.0    0.0   -0.1
    52.513  -172.151    0.0    0.0   -0.1
    52.522  -172.151    0.0    0.0   -0.1
    52.531  -172.151    0.0    0.0   -0.1
    52.540  -172.151    0.0    0.0   -0.1
    52.549  -172.151    0.0    0.0   -0.1
    52.558  -172.151    0.0    0.0   -0.1
    52.567  -172.151    0.0    0.0   -0.1
    52.576  -172.151    0.0    0.0   -0.1
    52.586  -172.151    0.0    0.0   -0.1
    52.595  -172.151    0.0    0.0   -0.1
    52.604  -172.151    0.0    0.0   -0.1
    52.613  -172.151    0.0    0.0   -0.1
    52.622  -172.151    0.0    0.0   -0.1
    52.631  -172.151    0.0    0.0   -0.1
    52.640  -172.151    0.0    0.0   -0.1
    52.649  -172.151    0.0    0.0   -0.1
    52.658  -172.151    0.0    0.0   -0.1
    52.667  -172.151    0.0    0.0   -0.1
    52.676  -172.151    0.0    0.0   -0.1
    52.685  -172.151    0.0    0.0   -0.1
    52.694  -172.151    0.0    0.0   -0.1
    52.703  -172.151    0.0    0.0   -0.1
    52.712  -172.151    0.0   -0.0   -0.1
    52.721  -172.151    0.0   -0.0   -0.1
    52.730  -172.151    0.0   -0.0   -0.1
    52.739  -172.151    0.0   -0.0   -0.1
    52.748  -172.151    0.0   -0.0   -0.1
    52.757  -172.151    0.0   -0.0   -0.1
    52.766  -172.151    0.0   -0.0   -0.1
    52.775  -172.151    0.0   -0.0   -0.1
    52.784  -172.151    0.0   -0.0   -0.1
    52.793  -172.151    0.0   -0.0   -0.1
    52.802  -172.151    0.0   -0.0   -0.1
    52.811  -172.151    0.0   -0.0   -0.1
    52.820  -172.151    0.0   -0.0   -0.1
    52.829  -172.151    0.0   -0.0   -0.0
    52.838  -172.151    0.0   -0.0   -0.0
    52.847  -172.151    0.0   -0.0   -0.0
    52.856  -172.151    0.0   -0.0   -0.0
    52.865  -172.151    0.0   -0.0   -0.0
    52.874  -172.151    0.0   -0.0   -0.0
    52.883  -172.151    0.0   -0.0   -0.0
    52.892  -172.151    0.0   -0.0   -0.0
    52.901  -172.151    0.0   -0.0   -0.0
    52.910  -172.151    0.0   -0.0   -0.0
    52.919  -172.151    0.0   -0.0   -0.0
    52.928  -172.151    0.0   -0.0   -0.0
    52.937  -172.151    0.0   -0.0   -0.0
    52.946  -172.151    0.0   -0.0   -0.0
    52.955  -172.151    0.0   -0.0   -0.0
    52.964  -172.151    0.0   -0.0   -0.0
    52.973  -172.151    0.0   -0.0   -0.0
    52.982  -172.151    0.0   -0.0   -0.0
    52.991  -172.151    0.0   -0.0   -0.0
    53.000  -172.151    0.0   -0.0   -0.0
    53.009  -172.151    0.0   -0.0   -0.0
    53.018  -172.151    0.0   -0.0   -0.0
    53.027  -172.151    0.0   -0.0   -0.0
    53.036  -172.151    0.0   -0.0   -0.0
    53.045  -172.151    0.0   -0.0   -0.0
    53.054  -172.151    0.0   -0.0   -0.0
    53.063  -172.151    0.0   -0.0   -0.0
    53.072  -172.151    0.0   -0.0   -0.0
    53.081  -172.151    0.0   -0.0   -0.0
    53.090  -172.151    0.0   -0.0   -0.0
    53.099  -172.151    0.0   -0.0   -0.0
    53.108  -172.151    0.0   -0.0   -0.0
    53.117  -172.151    0.0   -0.0   -0.0
    53.126  -172.151    0.0   -0.0   -0.0
    53.135  -172.151    0.0   -0.0   -0.0
    52.234  -172.136    0.0    0.0   -0.1
    52.243  -172.136    0.0    0.0   -0.1
    52.252  -172.136    0.0    0.0   -0.1
    52.261  -172.136    0.0    0.0   -0.1
    52.270  -172.136    0.0    0.0   -0.1
    52.279  -172.136    0.0    0.0   -0.1
    52.288  -172.136    0.0    0.0   -0.1
    52.297  -172.136    0.0    0.0   -0.1
    52.306  -172.136    0.0    0.0   -0.1
    52.315  -172.136    0.0    0.0   -0.1
    52.324  -172.136    0.0    0.0   -0.1
    52.333  -172.136    0.0    0.0   -0.1
    52.342  -172.136    0.0    0.0   -0.1
    52.351  -172.136    0.0    0.0   -0.1
    52.360  -172.136    0.0    0.0   -0.1
    52.369  -172.136    0.0    0.0   -0.1
    52.378  -172.136    0.0    0.0   -0.1
    52.387  -172.136    0.0    0.0   -0.1
    52.396  -172.136    0.0    0.0   -0.1
    52.405  -172.136    0.0    0.0   -0.1
    52.414  -172.136    0.0    0.0   -0.1
    52.423  -172.136    0.0    0.0   -0.1
    52.432  -172.136    0.0    0.0   -0.1
    52.441  -172.136    0.0    0.0   -0.1
    52.450  -172.136    0.0    0.0   -0.1
    52.459  -172.136    0.0    0.0   -0.1
    52.468  -172.136    0.0    0.0   -0.1
    52.477  -172.136    0.0    0.0   -0.1
    52.486  -172.136    0.0    0.0   -0.1
    52.495  -172.136    0.0    0.0   -0.1
    52.504  -172.136    0.0    0.0   -0.1
    52.513  -172.136    0.0    0.0   -0.1
    52.522  -172.136    0.0    0.0   -0.1
    52.531  -172.136    0.0    0.0   -0.1
    52.540  -172.136    0.0    0.0   -0.1
    52.549  -172.136    0.0    0.0   -0.1
    52.558  -172.136    0.0    0.0   -0.1
    52.567  -172.136    0.0    0.0   -0.1
    52.576  -172.136    0.0    0.0   -0.1
    52.586  -172.136    0.0    0.0   -0.1
    52.595  -172.136    0.0    0.0   -0.1
    52.604  -172.136    0.0    0.0   -0.1
    52.613  -172.136    0.0    0.0   -0.1
    52.622  -172.136    0.0    0.0   -0.1
    52.631  -172.136    0.0    0.0   -0.1
    52.640  -172.136    0.0    0.0   -0.1
    52.649  -172.136    0.0    0.0   -0.1
    52.658  -172.136    0.0    0.0   -0.1
    52.667  -172.136    0.0    0.0   -0.1
    52.676  -172.136    0.0    0.0   -0.1
    52.685  -172.136    0.0    0.0   -0.1
    52.694  -172.136    0.0    0.0   -0.1
    52.703  -172.136    0.0    0.0   -0.1
    52.712  -172.136    0.0    0.0   -0.1
    52.721  -172.136    0.0   -0.0   -0.1
    52.730  -172.136    0.0   -0.0   -0.1
    52.739  -172.136    0.0   -0.0   -0.1
    52.748  -172.136    0.0   -0.0   -0.1
    52.757  -172.136    0.0   -0.0   -0.1
    52.766  -172.136    0.0   -0.0   -0.1
    52.775  -172.136    0.0   -0.0   -0.1
    52.784  -172.136    0.0   -0.0   -0.1
    52.793  -172.136    0.0   -0.0   -0.1
    52.802  -172.136    0.0   -0.0   -0.1
    52.811  -172.136    0.0   -0.0   -0.1
    52.820  -172.136    0.0   -0.0   -0.1
    52.829  -172.136    0.0   -0.0   -0.1
    52.838  -172.136    0.0   -0.0   -0.0
    52.847  -172.136    0.0   -0.0   -0.0
    52.856  -172.136    0.0   -0.0   -0.0
    52.865  -172.136    0.0   -0.0   -0.0
    52.874  -172.136    0.0   -0.0   -0.0
    52.883  -172.136    0.0   -0.0   -0.0
    52.892  -172.136    0.0   -0.0   -0.0
    52.901  -172.136    0.0   -0.0   -0.0
    52.910  -172.136    0.0   -0.0   -0.0
    52.919  -172.136    0.0   -0.0   -0.0
    52.928  -172.136    0.0   -0.0   -0.0
    52.937  -172.136    0.0   -0.0   -0.0
    52.946  -172.136    0.0   -0.0   -0.0
    52.955  -172.136    0.0   -0.0   -0.0
    52.964  -172.136    0.0   -0.0   -0.0
    52.973  -172.136    0.0   -0.0   -0.0
    52.982  -172.136    0.0   -0.0   -0.0
    52.991  -172.136    0.0   -0.0   -0.0
    53.000  -172.136    0.0   -0.0   -0.0
    53.009  -172.136    0.0   -0.0   -0.0
    53.018  -172.136    0.0   -0.0   -0.0
    53.027  -172.136    0.0   -0.0   -0.0
    53.036  -172.136    0.0   -0.0   -0.0
    53.045  -172.136    0.0   -0.0   -0.0
    53.054  -172.136    0.0   -0.0   -0.0
    53.063  -172.136    0.0   -0.0   -0.0
    53.072  -172.136    0.0   -0.0   -0.0
    53.081  -172.136    0.0   -0.0   -0.0
    53.090  -172.136    0.0   -0.0   -0.0
    53.099  -172.136    0.0   -0.0   -0.0
    53.108  -172.136    0.0   -0.0   -0.0
    53.117  -172.136    0.0   -0.0   -0.0
    53.126  -172.136    0.0   -0.0   -0.0
    53.135  -172.136    0.0   -0.0   -0.0
    52.234  -172.121    0.0    0.0   -0.1
    52.243  -172.121    0.0    0.0   -0.1
    52.252  -172.121    0.0    0.0   -0.1
    52.261  -172.121    0.0    0.0   -0.1
    52.270  -172.121    0.0    0.0   -0.1
    52.279  -172.121    0.0    0.0   -0.1
    52.288  -172.121    0.0    0.0   -0.1
    52.297  -172.121    0.0    0.0   -0.1
    52.306  -172.121    0.0    0.0   -0.1
    52.315  -172.121    0.0    0.0   -0.1
    52.324  -172.121    0.0    0.0   -0.1
    52.333  -172.121    0.0    0.0   -0.1
    52.342  -172.121    0.0    0.0   -0.1
    52.351  -172.121    0.0    0.0   -0.1
    52.360  -172.121    0.0    0.0   -0.1
    52.369  -172.121    0.0    0.0   -0.1
    52.378  -172.121    0.0    0.0   -0.1
    52.387  -172.121    0.0    0.0   -0.1
    52.396  -172.121    0.0    0.0   -0.1
    52.405  -172.121    0.0    0.0   -0.1
    52.414  -172.121    0.0    0.0   -0.1
    52.423  -172.121    0.0    0.0   -0.1
    52.432  -172.121    0.0    0.0   -0.1
    52.441  -172.121    0.0    0.0   -0.1
    52.450  -172.121    0.0    0.0   -0.1
    52.459  -172.121    0.0    0.0   -0.1
    52.468  -172.121    0.0    0.0   -0.1
    52.477  -172.121    0.0    0.0   -0.1
    52.486  -172.121    0.0    0.0   -0.1
    52.495  -172.121    0.0    0.0   -0.1
    52.504  -172.121    0.0    0.0   -0.1
    52.513  -172.121    0.0    0.0   -0.1
    52.522  -172.121    0.0    0.0   -0.1
    52.531  -172.121    0.0    0.0   -0.1
    52.540  -172.121    0.0    0.0   -0.1
    52.549  -172.121    0.0    0.0   -0.1
    52.558  -172.121    0.0    0.0   -0.1
    52.567  -172.121    0.0    0.0   -0.1
    52.576  -172.121    0.0    0.0   -0.1
    52.586  -172.121    0.0    0.0   -0.1
    52.595  -172.121    0.0    0.0   -0.1
    52.604  -172.121    0.0    0.0   -0.1
    52.613  -172.121    0.0    0.0   -0.1
    52.622  -172.121    0.0    0.0   -0.1
    52.631  -172.121    0.0    0.0   -0.1
    52.640  -172.121    0.0    0.0   -0.1
    52.649  -172.121    0.0    0.0   -0.1
    52.658  -172.121    0.0    0.0   -0.1
    52.667  -172.121    0.0    0.0   -0.1
    52.676  -172.121    0.0    0.0   -0.1
    52.685  -172.121    0.0    0.0   -0.1
    52.694  -172.121    0.0    0.0   -0.1
    52.703  -172.121    0.0    0.0   -0.1
    52.712  -172.121    0.0    0.0   -0.1
    52.721  -172.121    0.0   -0.0   -0.1
    52.730  -172.121    0.0   -0.0   -0.1
    52.739  -172.121    0.0   -0.0   -0.1
    52.748  -172.121    0.0   -0.0   -0.1
    52.757  -172.121    0.0   -0.0   -0.1
    52.766  -172.121    0.0   -0.0   -0.1
    52.775  -172.121    0.0   -0.0   -0.1
    52.784  -172.121    0.0   -0.0   -0.1
    52.793  -172.121    0.0   -0.0   -0.1
    52.802  -172.121    0.0   -0.0   -0.1
    52.811  -172.121    0.0   -0.0   -0.1
    52.820  -172.121    0.0   -0.0   -0.1
    52.829  -172.121    0.0   -0.0   -0.1
    52.838  -172.121    0.0   -0.0   -0.0
    52.847  -172.121    0.0   -0.0   -0.0
    52.856  -172.121    0.0   -0.0   -0.0
    52.865  -172.121    0.0   -0.0   -0.0
    52.874  -172.121    0.0   -0.0   -0.0
    52.883  -172.121    0.0   -0.0   -0.0
    52.892  -172.121    0.0   -0.0   -0.0
    52.901  -172.121    0.0   -0.0   -0.0
    52.910  -172.121    0.0   -0.0   -0.0
    52.919  -172.121    0.0   -0.0   -0.0
    52.928  -172.121    0.0   -0.0   -0.0
    52.937  -172.121    0.0   -0.0   -0.0
    52.946  -172.121    0.0   -0.0   -0.0
    52.955  -172.121    0.0   -0.0   -0.0
    52.964  -172.121    0.0   -0.0   -0.0
    52.973  -172.121    0.0   -0.0   -0.0
    52.982  -172.121    0.0   -0.0   -0.0
    52.991  -172.121    0.0   -0.0   -0.0
    53.000  -172.121    0.0   -0.0   -0.0
    53.009  -172.121    0.0   -0.0   -0.0
    53.018  -172.121    0.0   -0.0   -0.0
    53.027  -172.121    0.0   -0.0   -0.0
    53.036  -172.121    0.0   -0.0   -0.0
    53.045  -172.121    0.0   -0.0   -0.0
    53.054  -172.121    0.0   -0.0   -0.0
    53.063  -172.121    0.0   -0.0   -0.0
    53.072  -172.121    0.0   -0.0   -0.0
    53.081  -172.121    0.0   -0.0   -0.0
    53.090  -172.121    0.0   -0.0   -0.0
    53.099  -172.121    0.0   -0.0   -0.0
    53.108  -172.121    0.0   -0.0   -0.0
    53.117  -172.121    0.0   -0.0   -0.0
    53.126  -172.121    0.0   -0.0   -0.0
    53.135  -172.121    0.0   -0.0   -0.0
    52.234  -172.106    0.0    0.0   -0.1
    52.243  -172.106    0.0    0.0   -0.1
    52.252  -172.106    0.0    0.0   -0.1
    52.261  -172.106    0.0    0.0   -0.1
    52.270  -172.106    0.0    0.0   -0.1
    52.279  -172.106    0.0    0.0   -0.1
    52.288  -172.106    0.0    0.0   -0.1
    52.297  -172.106    0.0    0.0   -0.1
    52.306  -172.106    0.0    0.0   -0.1
    52.315  -172.106    0.0    0.0   -0.1
    52.324  -172.106    0.0    0.0   -0.1
    52.333  -172.106    0.0    0.0   -0.1
    52.342  -172.106    0.0    0.0   -0.1
    52.351  -172.106    0.0    0.0   -0.1
    52.360  -172.106    0.0    0.0   -0.1
    52.369  -172.106    0.0    0.0   -0.1
    52.378  -172.106    0.0    0.0   -0.1
    52.387  -172.106    0.0    0.0   -0.1
    52.396  -172.106    0.0    0.0   -0.1
    52.405  -172.106    0.0    0.0   -0.1
    52.414  -172.106    0.0    0.0   -0.1
    52.423  -172.106    0.0    0.0   -0.1
    52.432  -172.106    0.0    0.0   -0.1
    52.441  -172.106    0.0    0.0   -0.1
    52.450  -172.106    0.0    0.0   -0.1
    52.459  -172.106    0.0    0.0   -0.1
    52.468  -172.106    0.0    0.0   -0.1
    52.477  -172.106    0.0    0.0   -0.1
    52.486  -172.106    0.0    0.0   -0.1
    52.495  -172.106    0.0    0.0   -0.1
    52.504  -172.106    0.0    0.0   -0.1
    52.513  -172.106    0.0    0.0   -0.1
    52.522  -172.106    0.0    0.0   -0.1
    52.531  -172.106    0.0    0.0   -0.1
    52.540  -172.106    0.0    0.0   -0.1
    52.549  -172.106    0.0    0.0   -0.1
    52.558  -172.106    0.0    0.0   -0.1
    52.567  -172.106    0.0    0.0   -0.1
    52.576  -172.106    0.0    0.0   -0.1
    52.586  -172.106    0.0    0.0   -0.1
    52.595  -172.106    0.0    0.0   -0.1
    52.604  -172.106    0.0    0.0   -0.1
    52.613  -172.106    0.0    0.0   -0.1
    52.622  -172.106    0.0    0.0   -0.1
    52.631  -172.106    0.0    0.0   -0.1
    52.640  -172.106    0.0    0.0   -0.1
    52.649  -172.106    0.0    0.0   -0.1
    52.658  -172.106    0.0    0.0   -0.1
    52.667  -172.106    0.0    0.0   -0.1
    52.676  -172.106    0.0    0.0   -0.1
    52.685  -172.106    0.0    0.0   -0.1
    52.694  -172.106    0.0    0.0   -0.1
    52.703  -172.106    0.0    0.0   -0.1
    52.712  -172.106    0.0    0.0   -0.1
    52.721  -172.106    0.0   -0.0   -0.1
    52.730  -172.106    0.0   -0.0   -0.1
    52.739  -172.106    0.0   -0.0   -0.1
    52.748  -172.106    0.0   -0.0   -0.1
    52.757  -172.106    0.0   -0.0   -0.1
    52.766  -172.106    0.0   -0.0   -0.1
    52.775  -172.106    0.0   -0.0   -0.1
    52.784  -172.106    0.0   -0.0   -0.1
    52.793  -172.106    0.0   -0.0   -0.1
    52.802  -172.106    0.0   -0.0   -0.1
    52.811  -172.106    0.0   -0.0   -0.1
    52.820  -172.106    0.0   -0.0   -0.1
    52.829  -172.106    0.0   -0.0   -0.1
    52.838  -172.106    0.0   -0.0   -0.1
    52.847  -172.106    0.0   -0.0   -0.0
    52.856  -172.106    0.0   -0.0   -0.0
    52.865  -172.106    0.0   -0.0   -0.0
    52.874  -172.106    0.0   -0.0   -0.0
    52.883  -172.106    0.0   -0.0   -0.0
    52.892  -172.106    0.0   -0.0   -0.0
    52.901  -172.106    0.0   -0.0   -0.0
    52.910  -172.106    0.0   -0.0   -0.0
    52.919  -172.106    0.0   -0.0   -0.0
    52.928  -172.106    0.0   -0.0   -0.0
    52.937  -172.106    0.0   -0.0   -0.0
    52.946  -172.106    0.0   -0.0   -0.0
    52.955  -172.106    0.0   -0.0   -0.0
    52.964  -172.106    0.0   -0.0   -0.0
    52.973  -172.106    0.0   -0.0   -0.0
    52.982  -172.106    0.0   -0.0   -0.0
    52.991  -172.106    0.0   -0.0   -0.0
    53.000  -172.106    0.0   -0.0   -0.0
    53.009  -172.106    0.0   -0.0   -0.0
    53.018  -172.106    0.0   -0.0   -0.0
    53.027  -172.106    0.0   -0.0   -0.0
    53.036  -172.106    0.0   -0.0   -0.0
    53.045  -172.106    0.0   -0.0   -0.0
    53.054  -172.106    0.0   -0.0   -0.0
    53.063  -172.106    0.0   -0.0   -0.0
    53.072  -172.106    0.0   -0.0   -0.0
    53.081  -172.106    0.0   -0.0   -0.0
    53.090  -172.106    0.0   -0.0   -0.0
    53.099  -172.106    0.0   -0.0   -0.0
    53.108  -172.106    0.0   -0.0   -0.0
    53.117  -172.106    0.0   -0.0   -0.0
    53.126  -172.106    0.0   -0.0   -0.0
    53.135  -172.106    0.0   -0.0   -0.0
    52.234  -172.091    0.0    0.0   -0.1
    52.243  -172.091    0.0    0.0   -0.1
    52.252  -172.091    0.0    0.0   -0.1
    52.261  -172.091    0.0    0.0   -0.1
    52.270  -172.091    0.0    0.0   -0.1
    52.279  -172.091    0.0    0.0   -0.1
    52.288  -172.091    0.0    0.0   -0.1
    52.297  -172.091    0.0    0.0   -0.1
    52.306  -172.091    0.0    0.0   -0.1
    52.315  -172.091    0.0    0.0   -0.1
    52.324  -172.091    0.0    0.0   -0.1
    52.333  -172.091    0.0    0.0   -0.1
    52.342  -172.091    0.0    0.0   -0.1
    52.351  -172.091    0.0    0.0   -0.1
    52.360  -172.091    0.0    0.0   -0.1
    52.369  -172.091    0.0    0.0   -0.1
    52.378  -172.091    0.0    0.0   -0.1
    52.387  -172.091    0.0    0.0   -0.1
    52.396  -172.091    0.0    0.0   -0.1
    52.405  -172.091    0.0    0.0   -0.1
    52.414  -172.091    0.0    0.0   -0.1
    52.423  -172.091    0.0    0.0   -0.1
    52.432  -172.091    0.0    0.0   -0.1
    52.441  -172.091    0.0    0.0   -0.1
    52.450  -172.091    0.0    0.0   -0.1
    52.459  -172.091    0.0    0.0   -0.1
    52.468  -172.091    0.0    0.0   -0.1
    52.477  -172.091    0.0    0.0   -0.1
    52.486  -172.091    0.0    0.0   -0.1
    52.495  -172.091    0.0    0.0   -0.1
    52.504  -172.091    0.0    0.0   -0.1
    52.513  -172.091    0.0    0.0   -0.1
    52.522  -172.091    0.0    0.0   -0.1
    52.531  -172.091    0.0    0.0   -0.1
    52.540  -172.091    0.0    0.0   -0.1
    52.549  -172.091    0.0    0.0   -0.1
    52.558  -172.091    0.0    0.0   -0.1
    52.567  -172.091    0.0    0.0   -0.1
    52.576  -172.091    0.0    0.0   -0.1
    52.586  -172.091    0.0    0.0   -0.1
    52.595  -172.091    0.0    0.0   -0.1
    52.604  -172.091    0.0    0.0   -0.1
    52.613  -172.091    0.0    0.0   -0.1
    52.622  -172.091    0.0    0.0   -0.1
    52.631  -172.091    0.0    0.0   -0.1
    52.640  -172.091    0.0    0.0   -0.1
    52.649  -172.091    0.0    0.0   -0.1
    52.658  -172.091    0.0    0.0   -0.1
    52.667  -172.091    0.0    0.0   -0.1
    52.676  -172.091    0.0    0.0   -0.1
    52.685  -172.091    0.0    0.0   -0.1
    52.694  -172.091    0.0    0.0   -0.1
    52.703  -172.091    0.0    0.0   -0.1
    52.712  -172.091    0.0    0.0   -0.1
    52.721  -172.091    0.0   -0.0   -0.1
    52.730  -172.091    0.0   -0.0   -0.1
    52.739  -172.091    0.0   -0.0   -0.1
    52.748  -172.091    0.0   -0.0   -0.1
    52.757  -172.091    0.0   -0.0   -0.1
    52.766  -172.091    0.0   -0.0   -0.1
    52.775  -172.091    0.0   -0.0   -0.1
    52.784  -172.091    0.0   -0.0   -0.1
    52.793  -172.091    0.0   -0.0   -0.1
    52.802  -172.091    0.0   -0.0   -0.1
    52.811  -172.091    0.0   -0.0   -0.1
    52.820  -172.091    0.0   -0.0   -0.1
    52.829  -172.091    0.0   -0.0   -0.1
    52.838  -172.091    0.0   -0.0   -0.1
    52.847  -172.091    0.0   -0.0   -0.1
    52.856  -172.091    0.0   -0.0   -0.0
    52.865  -172.091    0.0   -0.0   -0.0
    52.874  -172.091    0.0   -0.0   -0.0
    52.883  -172.091    0.0   -0.0   -0.0
    52.892  -172.091    0.0   -0.0   -0.0
    52.901  -172.091    0.0   -0.0   -0.0
    52.910  -172.091    0.0   -0.0   -0.0
    52.919  -172.091    0.0   -0.0   -0.0
    52.928  -172.091    0.0   -0.0   -0.0
    52.937  -172.091    0.0   -0.0   -0.0
    52.946  -172.091    0.0   -0.0   -0.0
    52.955  -172.091    0.0   -0.0   -0.0
    52.964  -172.091    0.0   -0.0   -0.0
    52.973  -172.091    0.0   -0.0   -0.0
    52.982  -172.091    0.0   -0.0   -0.0
    52.991  -172.091    0.0   -0.0   -0.0
    53.000  -172.091    0.0   -0.0   -0.0
    53.009  -172.091    0.0   -0.0   -0.0
    53.018  -172.091    0.0   -0.0   -0.0
    53.027  -172.091    0.0   -0.0   -0.0
    53.036  -172.091    0.0   -0.0   -0.0
    53.045  -172.091    0.0   -0.0   -0.0
    53.054  -172.091    0.0   -0.0   -0.0
    53.063  -172.091    0.0   -0.0   -0.0
    53.072  -172.091    0.0   -0.0   -0.0
    53.081  -172.091    0.0   -0.0   -0.0
    53.090  -172.091    0.0   -0.0   -0.0
    53.099  -172.091    0.0   -0.0   -0.0
    53.108  -172.091    0.0   -0.0   -0.0
    53.117  -172.091    0.0   -0.0   -0.0
    53.126  -172.091    0.0   -0.0   -0.0
    53.135  -172.091    0.0   -0.0   -0.0
    52.234  -172.077    0.0    0.0   -0.1
    52.243  -172.077    0.0    0.0   -0.1
    52.252  -172.077    0.0    0.0   -0.1
    52.261  -172.077    0.0    0.0   -0.1
    52.270  -172.077    0.0    0.0   -0.1
    52.279  -172.077    0.0    0.0   -0.1
    52.288  -172.077    0.0    0.0   -0.1
    52.297  -172.077    0.0    0.0   -0.1
    52.306  -172.077    0.0    0.0   -0.1
    52.315  -172.077    0.0    0.0   -0.1
    52.324  -172.077    0.0    0.0   -0.1
    52.333  -172.077    0.0    0.0   -0.1
    52.342  -172.077    0.0    0.0   -0.1
    52.351  -172.077    0.0    0.0   -0.1
    52.360  -172.077    0.0    0.0   -0.1
    52.369  -172.077    0.0    0.0   -0.1
    52.378  -172.077    0.0    0.0   -0.1
    52.387  -172.077    0.0    0.0   -0.1
    52.396  -172.077    0.0    0.0   -0.1
    52.405  -172.077    0.0    0.0   -0.1
    52.414  -172.077    0.0    0.0   -0.1
    52.423  -172.077    0.0    0.0   -0.1
    52.432  -172.077    0.0    0.0   -0.1
    52.441  -172.077    0.0    0.0   -0.1
    52.450  -172.077    0.0    0.0   -0.1
    52.459  -172.077    0.0    0.0   -0.1
    52.468  -172.077    0.0    0.0   -0.1
    52.477  -172.077    0.0    0.0   -0.1
    52.486  -172.077    0.0    0.0   -0.1
    52.495  -172.077    0.0    0.0   -0.1
    52.504  -172.077    0.0    0.0   -0.1
    52.513  -172.077    0.0    0.0   -0.1
    52.522  -172.077    0.0    0.0   -0.1
    52.531  -172.077    0.0    0.0   -0.1
    52.540  -172.077    0.0    0.0   -0.1
    52.549  -172.077    0.0    0.0   -0.1
    52.558  -172.077    0.0    0.0   -0.1
    52.567  -172.077    0.0    0.0   -0.1
    52.576  -172.077    0.0    0.0   -0.1
    52.586  -172.077    0.0    0.0   -0.1
    52.595  -172.077    0.0    0.0   -0.1
    52.604  -172.077    0.0    0.0   -0.1
    52.613  -172.077    0.0    0.0   -0.1
    52.622  -172.077    0.0    0.0   -0.1
    52.631  -172.077    0.0    0.0   -0.1
    52.640  -172.077    0.0    0.0   -0.1
    52.649  -172.077    0.0    0.0   -0.1
    52.658  -172.077    0.0    0.0   -0.1
    52.667  -172.077    0.0    0.0   -0.1
    52.676  -172.077    0.0    0.0   -0.1
    52.685  -172.077    0.0    0.0   -0.1
    52.694  -172.077    0.0    0.0   -0.1
    52.703  -172.077    0.0    0.0   -0.1
    52.712  -172.077    0.0    0.0   -0.1
    52.721  -172.077    0.0    0.0   -0.1
    52.730  -172.077    0.0   -0.0   -0.1
    52.739  -172.077    0.0   -0.0   -0.1
    52.748  -172.077    0.0   -0.0   -0.1
    52.757  -172.077    0.0   -0.0   -0.1
    52.766  -172.077    0.0   -0.0   -0.1
    52.775  -172.077    0.0   -0.0   -0.1
    52.784  -172.077    0.0   -0.0   -0.1
    52.793  -172.077    0.0   -0.0   -0.1
    52.802  -172.077    0.0   -0.0   -0.1
    52.811  -172.077    0.0   -0.0   -0.1
    52.820  -172.077    0.0   -0.0   -0.1
    52.829  -172.077    0.0   -0.0   -0.1
    52.838  -172.077    0.0   -0.0   -0.1
    52.847  -172.077    0.0   -0.0   -0.1
    52.856  -172.077    0.0   -0.0   -0.1
    52.865  -172.077    0.0   -0.0   -0.0
    52.874  -172.077    0.0   -0.0   -0.0
    52.883  -172.077    0.0   -0.0   -0.0
    52.892  -172.077    0.0   -0.0   -0.0
    52.901  -172.077    0.0   -0.0   -0.0
    52.910  -172.077    0.0   -0.0   -0.0
    52.919  -172.077    0.0   -0.0   -0.0
    52.928  -172.077    0.0   -0.0   -0.0
    52.937  -172.077    0.0   -0.0   -0.0
    52.946  -172.077    0.0   -0.0   -0.0
    52.955  -172.077    0.0   -0.0   -0.0
    52.964  -172.077    0.0   -0.0   -0.0
    52.973  -172.077    0.0   -0.0   -0.0
    52.982  -172.077    0.0   -0.0   -0.0
    52.991  -172.077    0.0   -0.0   -0.0
    53.000  -172.077    0.0   -0.0   -0.0
    53.009  -172.077    0.0   -0.0   -0.0
    53.018  -172.077    0.0   -0.0   -0.0
    53.027  -172.077    0.0   -0.0   -0.0
    53.036  -172.077    0.0   -0.0   -0.0
    53.045  -172.077    0.0   -0.0   -0.0
    53.054  -172.077    0.0   -0.0   -0.0
    53.063  -172.077    0.0   -0.0   -0.0
    53.072  -172.077    0.0   -0.0   -0.0
    53.081  -172.077    0.0   -0.0   -0.0
    53.090  -172.077    0.0   -0.0   -0.0
    53.099  -172.077    0.0   -0.0   -0.0
    53.108  -172.077    0.0   -0.0   -0.0
    53.117  -172.077    0.0   -0.0   -0.0
    53.126  -172.077    0.0   -0.0   -0.0
    53.135  -172.077    0.0   -0.0   -0.0
    52.234  -172.062    0.0    0.0   -0.1
    52.243  -172.062    0.0    0.0   -0.1
    52.252  -172.062    0.0    0.0   -0.1
    52.261  -172.062    0.0    0.0   -0.1
    52.270  -172.062    0.0    0.0   -0.1
    52.279  -172.062    0.0    0.0   -0.1
    52.288  -172.062    0.0    0.0   -0.1
    52.297  -172.062    0.0    0.0   -0.1
    52.306  -172.062    0.0    0.0   -0.1
    52.315  -172.062    0.0    0.0   -0.1
    52.324  -172.062    0.0    0.0   -0.1
    52.333  -172.062    0.0    0.0   -0.1
    52.342  -172.062    0.0    0.0   -0.1
    52.351  -172.062    0.0    0.0   -0.1
    52.360  -172.062    0.0    0.0   -0.1
    52.369  -172.062    0.0    0.0   -0.1
    52.378  -172.062    0.0    0.0   -0.1
    52.387  -172.062    0.0    0.0   -0.1
    52.396  -172.062    0.0    0.0   -0.1
    52.405  -172.062    0.0    0.0   -0.1
    52.414  -172.062    0.0    0.0   -0.1
    52.423  -172.062    0.0    0.0   -0.1
    52.432  -172.062    0.0    0.0   -0.1
    52.441  -172.062    0.0    0.0   -0.1
    52.450  -172.062    0.0    0.0   -0.1
    52.459  -172.062    0.0    0.0   -0.1
    52.468  -172.062    0.0    0.0   -0.1
    52.477  -172.062    0.0    0.0   -0.1
    52.486  -172.062    0.0    0.0   -0.1
    52.495  -172.062    0.0    0.0   -0.1
    52.504  -172.062    0.0    0.0   -0.1
    52.513  -172.062    0.0    0.0   -0.1
    52.522  -172.062    0.0    0.0   -0.1
    52.531  -172.062    0.0    0.0   -0.1
    52.540  -172.062    0.0    0.0   -0.1
    52.549  -172.062    0.0    0.0   -0.1
    52.558  -172.062    0.0    0.0   -0.1
    52.567  -172.062    0.0    0.0   -0.1
    52.576  -172.062    0.0    0.0   -0.1
    52.586  -172.062    0.0    0.0   -0.1
    52.595  -172.062    0.0    0.0   -0.1
    52.604  -172.062    0.0    0.0   -0.1
    52.613  -172.062    0.0    0.0   -0.1
    52.622  -172.062    0.0    0.0   -0.1
    52.631  -172.062    0.0    0.0   -0.1
    52.640  -172.062    0.0    0.0   -0.1
    52.649  -172.062    0.0    0.0   -0.1
    52.658  -172.062    0.0    0.0   -0.1
    52.667  -172.062    0.0    0.0   -0.1
    52.676  -172.062    0.0    0.0   -0.1
    52.685  -172.062    0.0    0.0   -0.1
    52.694  -172.062    0.0    0.0   -0.1
    52.703  -172.062    0.0    0.0   -0.1
    52.712  -172.062    0.0    0.0   -0.1
    52.721  -172.062    0.0    0.0   -0.1
    52.730  -172.062    0.0   -0.0   -0.1
    52.739  -172.062    0.0   -0.0   -0.1
    52.748  -172.062    0.0   -0.0   -0.1
    52.757  -172.062    0.0   -0.0   -0.1
    52.766  -172.062    0.0   -0.0   -0.1
    52.775  -172.062    0.0   -0.0   -0.1
    52.784  -172.062    0.0   -0.0   -0.1
    52.793  -172.062    0.0   -0.0   -0.1
    52.802  -172.062    0.0   -0.0   -0.1
    52.811  -172.062    0.0   -0.0   -0.1
    52.820  -172.062    0.0   -0.0   -0.1
    52.829  -172.062    0.0   -0.0   -0.1
    52.838  -172.062    0.0   -0.0   -0.1
    52.847  -172.062    0.0   -0.0   -0.1
    52.856  -172.062    0.0   -0.0   -0.1
    52.865  -172.062    0.0   -0.0   -0.0
    52.874  -172.062    0.0   -0.0   -0.0
    52.883  -172.062    0.0   -0.0   -0.0
    52.892  -172.062    0.0   -0.0   -0.0
    52.901  -172.062    0.0   -0.0   -0.0
    52.910  -172.062    0.0   -0.0   -0.0
    52.919  -172.062    0.0   -0.0   -0.0
    52.928  -172.062    0.0   -0.0   -0.0
    52.937  -172.062    0.0   -0.0   -0.0
    52.946  -172.062    0.0   -0.0   -0.0
    52.955  -172.062    0.0   -0.0   -0.0
    52.964  -172.062    0.0   -0.0   -0.0
    52.973  -172.062    0.0   -0.0   -0.0
    52.982  -172.062    0.0   -0.0   -0.0
    52.991  -172.062    0.0   -0.0   -0.0
    53.000  -172.062    0.0   -0.0   -0.0
    53.009  -172.062    0.0   -0.0   -0.0
    53.018  -172.062    0.0   -0.0   -0.0
    53.027  -172.062    0.0   -0.0   -0.0
    53.036  -172.062    0.0   -0.0   -0.0
    53.045  -172.062    0.0   -0.0   -0.0
    53.054  -172.062    0.0   -0.0   -0.0
    53.063  -172.062    0.0   -0.0   -0.0
    53.072  -172.062    0.0   -0.0   -0.0
    53.081  -172.062    0.0   -0.0   -0.0
    53.090  -172.062    0.0   -0.0   -0.0
    53.099  -172.062    0.0   -0.0   -0.0
    53.108  -172.062    0.0   -0.0   -0.0
    53.117  -172.062    0.0   -0.0   -0.0
    53.126  -172.062    0.0   -0.0   -0.0
    53.135  -172.062    0.0   -0.0   -0.0
    52.234  -172.047    0.0    0.0   -0.1
    52.243  -172.047    0.0    0.0   -0.1
    52.252  -172.047    0.0    0.0   -0.1
    52.261  -172.047    0.0    0.0   -0.1
    52.270  -172.047    0.0    0.0   -0.1
    52.279  -172.047    0.0    0.0   -0.1
    52.288  -172.047    0.0    0.0   -0.1
    52.297  -172.047    0.0    0.0   -0.1
    52.306  -172.047    0.0    0.0   -0.1
    52.315  -172.047    0.0    0.0   -0.1
    52.324  -172.047    0.0    0.0   -0.1
    52.333  -172.047    0.0    0.0   -0.1
    52.342  -172.047    0.0    0.0   -0.1
    52.351  -172.047    0.0    0.0   -0.1
    52.360  -172.047    0.0    0.0   -0.1
    52.369  -172.047    0.0    0.0   -0.1
    52.378  -172.047    0.0    0.0   -0.1
    52.387  -172.047    0.0    0.0   -0.1
    52.396  -172.047    0.0    0.0   -0.1
    52.405  -172.047    0.0    0.0   -0.1
    52.414  -172.047    0.0    0.0   -0.1
    52.423  -172.047    0.0    0.0   -0.1
    52.432  -172.047    0.0    0.0   -0.1
    52.441  -172.047    0.0    0.0   -0.1
    52.450  -172.047    0.0    0.0   -0.1
    52.459  -172.047    0.0    0.0   -0.1
    52.468  -172.047    0.0    0.0   -0.1
    52.477  -172.047    0.0    0.0   -0.1
    52.486  -172.047    0.0    0.0   -0.1
    52.495  -172.047    0.0    0.0   -0.1
    52.504  -172.047    0.0    0.0   -0.1
    52.513  -172.047    0.0    0.0   -0.1
    52.522  -172.047    0.0    0.0   -0.1
    52.531  -172.047    0.0    0.0   -0.1
    52.540  -172.047    0.0    0.0   -0.1
    52.549  -172.047    0.0    0.0   -0.1
    52.558  -172.047    0.0    0.0   -0.1
    52.567  -172.047    0.0    0.0   -0.1
    52.576  -172.047    0.0    0.0   -0.1
    52.586  -172.047    0.0    0.0   -0.1
    52.595  -172.047    0.0    0.0   -0.1
    52.604  -172.047    0.0    0.0   -0.1
    52.613  -172.047    0.0    0.0   -0.1
    52.622  -172.047    0.0    0.0   -0.1
    52.631  -172.047    0.0    0.0   -0.1
    52.640  -172.047    0.0    0.0   -0.1
    52.649  -172.047    0.0    0.0   -0.1
    52.658  -172.047    0.0    0.0   -0.1
    52.667  -172.047    0.0    0.0   -0.1
    52.676  -172.047    0.0    0.0   -0.1
    52.685  -172.047    0.0    0.0   -0.1
    52.694  -172.047    0.0    0.0   -0.1
    52.703  -172.047    0.0    0.0   -0.1
    52.712  -172.047    0.0    0.0   -0.1
    52.721  -172.047    0.0    0.0   -0.1
    52.730  -172.047    0.0   -0.0   -0.1
    52.739  -172.047    0.0   -0.0   -0.1
    52.748  -172.047    0.0   -0.0   -0.1
    52.757  -172.047    0.0   -0.0   -0.1
    52.766  -172.047    0.0   -0.0   -0.1
    52.775  -172.047    0.0   -0.0   -0.1
    52.784  -172.047    0.0   -0.0   -0.1
    52.793  -172.047    0.0   -0.0   -0.1
    52.802  -172.047    0.0   -0.0   -0.1
    52.811  -172.047    0.0   -0.0   -0.1
    52.820  -172.047    0.0   -0.0   -0.1
    52.829  -172.047    0.0   -0.0   -0.1
    52.838  -172.047    0.0   -0.0   -0.1
    52.847  -172.047    0.0   -0.0   -0.1
    52.856  -172.047    0.0   -0.0   -0.1
    52.865  -172.047    0.0   -0.0   -0.1
    52.874  -172.047    0.0   -0.0   -0.0
    52.883  -172.047    0.0   -0.0   -0.0
    52.892  -172.047    0.0   -0.0   -0.0
    52.901  -172.047    0.0   -0.0   -0.0
    52.910  -172.047    0.0   -0.0   -0.0
    52.919  -172.047    0.0   -0.0   -0.0
    52.928  -172.047    0.0   -0.0   -0.0
    52.937  -172.047    0.0   -0.0   -0.0
    52.946  -172.047    0.0   -0.0   -0.0
    52.955  -172.047    0.0   -0.0   -0.0
    52.964  -172.047    0.0   -0.0   -0.0
    52.973  -172.047    0.0   -0.0   -0.0
    52.982  -172.047    0.0   -0.0   -0.0
    52.991  -172.047    0.0   -0.0   -0.0
    53.000  -172.047    0.0   -0.0   -0.0
    53.009  -172.047    0.0   -0.0   -0.0
    53.018  -172.047    0.0   -0.0   -0.0
    53.027  -172.047    0.0   -0.0   -0.0
    53.036  -172.047    0.0   -0.0   -0.0
    53.045  -172.047    0.0   -0.0   -0.0
    53.054  -172.047    0.0   -0.0   -0.0
    53.063  -172.047    0.0   -0.0   -0.0
    53.072  -172.047    0.0   -0.0   -0.0
    53.081  -172.047    0.0   -0.0   -0.0
    53.090  -172.047    0.0   -0.0   -0.0
    53.099  -172.047    0.0   -0.0   -0.0
    53.108  -172.047    0.0   -0.0   -0.0
    53.117  -172.047    0.0   -0.0   -0.0
    53.126  -172.047    0.0   -0.0   -0.0
    53.135  -172.047    0.0   -0.0   -0.0
    52.234  -172.032    0.0    0.0   -0.1
    52.243  -172.032    0.0    0.0   -0.1
    52.252  -172.032    0.0    0.0   -0.1
    52.261  -172.032    0.0    0.0   -0.1
    52.270  -172.032    0.0    0.0   -0.1
    52.279  -172.032    0.0    0.0   -0.1
    52.288  -172.032    0.0    0.0   -0.1
    52.297  -172.032    0.0    0.0   -0.1
    52.306  -172.032    0.0    0.0   -0.1
    52.315  -172.032    0.0    0.0   -0.1
    52.324  -172.032    0.0    0.0   -0.1
    52.333  -172.032    0.0    0.0   -0.1
    52.342  -172.032    0.0    0.0   -0.1
    52.351  -172.032    0.0    0.0   -0.1
    52.360  -172.032    0.0    0.0   -0.1
    52.369  -172.032    0.0    0.0   -0.1
    52.378  -172.032    0.0    0.0   -0.1
    52.387  -172.032    0.0    0.0   -0.1
    52.396  -172.032    0.0    0.0   -0.1
    52.405  -172.032    0.0    0.0   -0.1
    52.414  -172.032    0.0    0.0   -0.1
    52.423  -172.032    0.0    0.0   -0.1
    52.432  -172.032    0.0    0.0   -0.1
    52.441  -172.032    0.0    0.0   -0.1
    52.450  -172.032    0.0    0.0   -0.1
    52.459  -172.032    0.0    0.0   -0.1
    52.468  -172.032    0.0    0.0   -0.1
    52.477  -172.032    0.0    0.0   -0.1
    52.486  -172.032    0.0    0.0   -0.1
    52.495  -172.032    0.0    0.0   -0.1
    52.504  -172.032    0.0    0.0   -0.1
    52.513  -172.032    0.0    0.0   -0.1
    52.522  -172.032    0.0    0.0   -0.1
    52.531  -172.032    0.0    0.0   -0.1
    52.540  -172.032    0.0    0.0   -0.1
    52.549  -172.032    0.0    0.0   -0.1
    52.558  -172.032    0.0    0.0   -0.1
    52.567  -172.032    0.0    0.0   -0.1
    52.576  -172.032    0.0    0.0   -0.1
    52.586  -172.032    0.0    0.0   -0.1
    52.595  -172.032    0.0    0.0   -0.1
    52.604  -172.032    0.0    0.0   -0.1
    52.613  -172.032    0.0    0.0   -0.1
    52.622  -172.032    0.0    0.0   -0.1
    52.631  -172.032    0.0    0.0   -0.1
    52.640  -172.032    0.0    0.0   -0.1
    52.649  -172.032    0.0    0.0   -0.1
    52.658  -172.032    0.0    0.0   -0.1
    52.667  -172.032    0.0    0.0   -0.1
    52.676  -172.032    0.0    0.0   -0.1
    52.685  -172.032    0.0    0.0   -0.1
    52.694  -172.032    0.0    0.0   -0.1
    52.703  -172.032    0.0    0.0   -0.1
    52.712  -172.032    0.0    0.0   -0.1
    52.721  -172.032    0.0    0.0   -0.1
    52.730  -172.032    0.0   -0.0   -0.1
    52.739  -172.032    0.0   -0.0   -0.1
    52.748  -172.032    0.0   -0.0   -0.1
    52.757  -172.032    0.0   -0.0   -0.1
    52.766  -172.032    0.0   -0.0   -0.1
    52.775  -172.032    0.0   -0.0   -0.1
    52.784  -172.032    0.0   -0.0   -0.1
    52.793  -172.032    0.0   -0.0   -0.1
    52.802  -172.032    0.0   -0.0   -0.1
    52.811  -172.032    0.0   -0.0   -0.1
    52.820  -172.032    0.0   -0.0   -0.1
    52.829  -172.032    0.0   -0.0   -0.1
    52.838  -172.032    0.0   -0.0   -0.1
    52.847  -172.032    0.0   -0.0   -0.1
    52.856  -172.032    0.0   -0.0   -0.1
    52.865  -172.032    0.0   -0.0   -0.1
    52.874  -172.032    0.0   -0.0   -0.0
    52.883  -172.032    0.0   -0.0   -0.0
    52.892  -172.032    0.0   -0.0   -0.0
    52.901  -172.032    0.0   -0.0   -0.0
    52.910  -172.032    0.0   -0.0   -0.0
    52.919  -172.032    0.0   -0.0   -0.0
    52.928  -172.032    0.0   -0.0   -0.0
    52.937  -172.032    0.0   -0.0   -0.0
    52.946  -172.032    0.0   -0.0   -0.0
    52.955  -172.032    0.0   -0.0   -0.0
    52.964  -172.032    0.0   -0.0   -0.0
    52.973  -172.032    0.0   -0.0   -0.0
    52.982  -172.032    0.0   -0.0   -0.0
    52.991  -172.032    0.0   -0.0   -0.0
    53.000  -172.032    0.0   -0.0   -0.0
    53.009  -172.032    0.0   -0.0   -0.0
    53.018  -172.032    0.0   -0.0   -0.0
    53.027  -172.032    0.0   -0.0   -0.0
    53.036  -172.032    0.0   -0.0   -0.0
    53.045  -172.032    0.0   -0.0   -0.0
    53.054  -172.032    0.0   -0.0   -0.0
    53.063  -172.032    0.0   -0.0   -0.0
    53.072  -172.032    0.0   -0.0   -0.0
    53.081  -172.032    0.0   -0.0   -0.0
    53.090  -172.032    0.0   -0.0   -0.0
    53.099  -172.032    0.0   -0.0   -0.0
    53.108  -172.032    0.0   -0.0   -0.0
    53.117  -172.032    0.0   -0.0   -0.0
    53.126  -172.032    0.0   -0.0   -0.0
    53.135  -172.032    0.0   -0.0   -0.0
    52.234  -172.017    0.0    0.0   -0.1
    52.243  -172.017    0.0    0.0   -0.1
    52.252  -172.017    0.0    0.0   -0.1
    52.261  -172.017    0.0    0.0   -0.1
    52.270  -172.017    0.0    0.0   -0.1
    52.279  -172.017    0.0    0.0   -0.1
    52.288  -172.017    0.0    0.0   -0.1
    52.297  -172.017    0.0    0.0   -0.1
    52.306  -172.017    0.0    0.0   -0.1
    52.315  -172.017    0.0    0.0   -0.1
    52.324  -172.017    0.0    0.0   -0.1
    52.333  -172.017    0.0    0.0   -0.1
    52.342  -172.017    0.0    0.0   -0.1
    52.351  -172.017    0.0    0.0   -0.1
    52.360  -172.017    0.0    0.0   -0.1
    52.369  -172.017    0.0    0.0   -0.1
    52.378  -172.017    0.0    0.0   -0.1
    52.387  -172.017    0.0    0.0   -0.1
    52.396  -172.017    0.0    0.0   -0.1
    52.405  -172.017    0.0    0.0   -0.1
    52.414  -172.017    0.0    0.0   -0.1
    52.423  -172.017    0.0    0.0   -0.1
    52.432  -172.017    0.0    0.0   -0.1
    52.441  -172.017    0.0    0.0   -0.1
    52.450  -172.017    0.0    0.0   -0.1
    52.459  -172.017    0.0    0.0   -0.1
    52.468  -172.017    0.0    0.0   -0.1
    52.477  -172.017    0.0    0.0   -0.1
    52.486  -172.017    0.0    0.0   -0.1
    52.495  -172.017    0.0    0.0   -0.1
    52.504  -172.017    0.0    0.0   -0.1
    52.513  -172.017    0.0    0.0   -0.1
    52.522  -172.017    0.0    0.0   -0.1
    52.531  -172.017    0.0    0.0   -0.1
    52.540  -172.017    0.0    0.0   -0.1
    52.549  -172.017    0.0    0.0   -0.1
    52.558  -172.017    0.0    0.0   -0.1
    52.567  -172.017    0.0    0.0   -0.1
    52.576  -172.017    0.0    0.0   -0.1
    52.586  -172.017    0.0    0.0   -0.1
    52.595  -172.017    0.0    0.0   -0.1
    52.604  -172.017    0.0    0.0   -0.1
    52.613  -172.017    0.0    0.0   -0.1
    52.622  -172.017    0.0    0.0   -0.1
    52.631  -172.017    0.0    0.0   -0.1
    52.640  -172.017    0.0    0.0   -0.1
    52.649  -172.017    0.0    0.0   -0.1
    52.658  -172.017    0.0    0.0   -0.1
    52.667  -172.017    0.0    0.0   -0.1
    52.676  -172.017    0.0    0.0   -0.1
    52.685  -172.017    0.0    0.0   -0.1
    52.694  -172.017    0.0    0.0   -0.1
    52.703  -172.017    0.0    0.0   -0.1
    52.712  -172.017    0.0    0.0   -0.1
    52.721  -172.017    0.0    0.0   -0.1
    52.730  -172.017    0.0   -0.0   -0.1
    52.739  -172.017    0.0   -0.0   -0.1
    52.748  -172.017    0.0   -0.0   -0.1
    52.757  -172.017    0.0   -0.0   -0.1
    52.766  -172.017    0.0   -0.0   -0.1
    52.775  -172.017    0.0   -0.0   -0.1
    52.784  -172.017    0.0   -0.0   -0.1
    52.793  -172.017    0.0   -0.0   -0.1
    52.802  -172.017    0.0   -0.0   -0.1
    52.811  -172.017    0.0   -0.0   -0.1
    52.820  -172.017    0.0   -0.0   -0.1
    52.829  -172.017    0.0   -0.0   -0.1
    52.838  -172.017    0.0   -0.0   -0.1
    52.847  -172.017    0.0   -0.0   -0.1
    52.856  -172.017    0.0   -0.0   -0.1
    52.865  -172.017    0.0   -0.0   -0.1
    52.874  -172.017    0.0   -0.0   -0.1
    52.883  -172.017    0.0   -0.0   -0.0
    52.892  -172.017    0.0   -0.0   -0.0
    52.901  -172.017    0.0   -0.0   -0.0
    52.910  -172.017    0.0   -0.0   -0.0
    52.919  -172.017    0.0   -0.0   -0.0
    52.928  -172.017    0.0   -0.0   -0.0
    52.937  -172.017    0.0   -0.0   -0.0
    52.946  -172.017    0.0   -0.0   -0.0
    52.955  -172.017    0.0   -0.0   -0.0
    52.964  -172.017    0.0   -0.0   -0.0
    52.973  -172.017    0.0   -0.0   -0.0
    52.982  -172.017    0.0   -0.0   -0.0
    52.991  -172.017    0.0   -0.0   -0.0
    53.000  -172.017    0.0   -0.0   -0.0
    53.009  -172.017    0.0   -0.0   -0.0
    53.018  -172.017    0.0   -0.0   -0.0
    53.027  -172.017    0.0   -0.0   -0.0
    53.036  -172.017    0.0   -0.0   -0.0
    53.045  -172.017    0.0   -0.0   -0.0
    53.054  -172.017    0.0   -0.0   -0.0
    53.063  -172.017    0.0   -0.0   -0.0
    53.072  -172.017    0.0   -0.0   -0.0
    53.081  -172.017    0.0   -0.0   -0.0
    53.090  -172.017    0.0   -0.0   -0.0
    53.099  -172.017    0.0   -0.0   -0.0
    53.108  -172.017    0.0   -0.0   -0.0
    53.117  -172.017    0.0   -0.0   -0.0
    53.126  -172.017    0.0   -0.0   -0.0
    53.135  -172.017    0.0   -0.0   -0.0
    52.234  -172.002    0.0    0.0   -0.1
    52.243  -172.002    0.0    0.0   -0.1
    52.252  -172.002    0.0    0.0   -0.1
    52.261  -172.002    0.0    0.0   -0.1
    52.270  -172.002    0.0    0.0   -0.1
    52.279  -172.002    0.0    0.0   -0.1
    52.288  -172.002    0.0    0.0   -0.1
    52.297  -172.002    0.0    0.0   -0.1
    52.306  -172.002    0.0    0.0   -0.1
    52.315  -172.002    0.0    0.0   -0.1
    52.324  -172.002    0.0    0.0   -0.1
    52.333  -172.002    0.0    0.0   -0.1
    52.342  -172.002    0.0    0.0   -0.1
    52.351  -172.002    0.0    0.0   -0.1
    52.360  -172.002    0.0    0.0   -0.1
    52.369  -172.002    0.0    0.0   -0.1
    52.378  -172.002    0.0    0.0   -0.1
    52.387  -172.002    0.0    0.0   -0.1
    52.396  -172.002    0.0    0.0   -0.1
    52.405  -172.002    0.0    0.0   -0.1
    52.414  -172.002    0.0    0.0   -0.1
    52.423  -172.002    0.0    0.0   -0.1
    52.432  -172.002    0.0    0.0   -0.1
    52.441  -172.002    0.0    0.0   -0.1
    52.450  -172.002    0.0    0.0   -0.1
    52.459  -172.002    0.0    0.0   -0.1
    52.468  -172.002    0.0    0.0   -0.1
    52.477  -172.002    0.0    0.0   -0.1
    52.486  -172.002    0.0    0.0   -0.1
    52.495  -172.002    0.0    0.0   -0.1
    52.504  -172.002    0.0    0.0   -0.1
    52.513  -172.002    0.0    0.0   -0.1
    52.522  -172.002    0.0    0.0   -0.1
    52.531  -172.002    0.0    0.0   -0.1
    52.540  -172.002    0.0    0.0   -0.1
    52.549  -172.002    0.0    0.0   -0.1
    52.558  -172.002    0.0    0.0   -0.1
    52.567  -172.002    0.0    0.0   -0.1
    52.576  -172.002    0.0    0.0   -0.1
    52.586  -172.002    0.0    0.0   -0.1
    52.595  -172.002    0.0    0.0   -0.1
    52.604  -172.002    0.0    0.0   -0.1
    52.613  -172.002    0.0    0.0   -0.1
    52.622  -172.002    0.0    0.0   -0.1
    52.631  -172.002    0.0    0.0   -0.1
    52.640  -172.002    0.0    0.0   -0.1
    52.649  -172.002    0.0    0.0   -0.1
    52.658  -172.002    0.0    0.0   -0.1
    52.667  -172.002    0.0    0.0   -0.1
    52.676  -172.002    0.0    0.0   -0.1
    52.685  -172.002    0.0    0.0   -0.1
    52.694  -172.002    0.0    0.0   -0.1
    52.703  -172.002    0.0    0.0   -0.1
    52.712  -172.002    0.0    0.0   -0.1
    52.721  -172.002    0.0    0.0   -0.1
    52.730  -172.002    0.0    0.0   -0.1
    52.739  -172.002    0.0   -0.0   -0.1
    52.748  -172.002    0.0   -0.0   -0.1
    52.757  -172.002    0.0   -0.0   -0.1
    52.766  -172.002    0.0   -0.0   -0.1
    52.775  -172.002    0.0   -0.0   -0.1
    52.784  -172.002    0.0   -0.0   -0.1
    52.793  -172.002    0.0   -0.0   -0.1
    52.802  -172.002    0.0   -0.0   -0.1
    52.811  -172.002    0.0   -0.0   -0.1
    52.820  -172.002    0.0   -0.0   -0.1
    52.829  -172.002    0.0   -0.0   -0.1
    52.838  -172.002    0.0   -0.0   -0.1
    52.847  -172.002    0.0   -0.0   -0.1
    52.856  -172.002    0.0   -0.0   -0.1
    52.865  -172.002    0.0   -0.0   -0.1
    52.874  -172.002    0.0   -0.0   -0.1
    52.883  -172.002    0.0   -0.0   -0.1
    52.892  -172.002    0.0   -0.0   -0.0
    52.901  -172.002    0.0   -0.0   -0.0
    52.910  -172.002    0.0   -0.0   -0.0
    52.919  -172.002    0.0   -0.0   -0.0
    52.928  -172.002    0.0   -0.0   -0.0
    52.937  -172.002    0.0   -0.0   -0.0
    52.946  -172.002    0.0   -0.0   -0.0
    52.955  -172.002    0.0   -0.0   -0.0
    52.964  -172.002    0.0   -0.0   -0.0
    52.973  -172.002    0.0   -0.0   -0.0
    52.982  -172.002    0.0   -0.0   -0.0
    52.991  -172.002    0.0   -0.0   -0.0
    53.000  -172.002    0.0   -0.0   -0.0
    53.009  -172.002    0.0   -0.0   -0.0
    53.018  -172.002    0.0   -0.0   -0.0
    53.027  -172.002    0.0   -0.0   -0.0
    53.036  -172.002    0.0   -0.0   -0.0
    53.045  -172.002    0.0   -0.0   -0.0
    53.054  -172.002    0.0   -0.0   -0.0
    53.063  -172.002    0.0   -0.0   -0.0
    53.072  -172.002    0.0   -0.0   -0.0
    53.081  -172.002    0.0   -0.0   -0.0
    53.090  -172.002    0.0   -0.0   -0.0
    53.099  -172.002    0.0   -0.0   -0.0
    53.108  -172.002    0.0   -0.0   -0.0
    53.117  -172.002    0.0   -0.0   -0.0
    53.126  -172.002    0.0   -0.0   -0.0
    53.135  -172.002    0.0   -0.0   -0.0
    52.234  -171.987    0.0    0.0   -0.1
    52.243  -171.987    0.0    0.0   -0.1
    52.252  -171.987    0.0    0.0   -0.1
    52.261  -171.987    0.0    0.0   -0.1
    52.270  -171.987    0.0    0.0   -0.1
    52.279  -171.987    0.0    0.0   -0.1
    52.288  -171.987    0.0    0.0   -0.1
    52.297  -171.987    0.0    0.0   -0.1
    52.306  -171.987    0.0    0.0   -0.1
    52.315  -171.987    0.0    0.0   -0.1
    52.324  -171.987    0.0    0.0   -0.1
    52.333  -171.987    0.0    0.0   -0.1
    52.342  -171.987    0.0    0.0   -0.1
    52.351  -171.987    0.0    0.0   -0.1
    52.360  -171.987    0.0    0.0   -0.1
    52.369  -171.987    0.0    0.0   -0.1
    52.378  -171.987    0.0    0.0   -0.1
    52.387  -171.987    0.0    0.0   -0.1
    52.396  -171.987    0.0    0.0   -0.1
    52.405  -171.987    0.0    0.0   -0.1
    52.414  -171.987    0.0    0.0   -0.1
    52.423  -171.987    0.0    0.0   -0.1
    52.432  -171.987    0.0    0.0   -0.1
    52.441  -171.987    0.0    0.0   -0.1
    52.450  -171.987    0.0    0.0   -0.1
    52.459  -171.987    0.0    0.0   -0.1
    52.468  -171.987    0.0    0.0   -0.1
    52.477  -171.987    0.0    0.0   -0.1
    52.486  -171.987    0.0    0.0   -0.1
    52.495  -171.987    0.0    0.0   -0.1
    52.504  -171.987    0.0    0.0   -0.1
    52.513  -171.987    0.0    0.0   -0.1
    52.522  -171.987    0.0    0.0   -0.1
    52.531  -171.987    0.0    0.0   -0.1
    52.540  -171.987    0.0    0.0   -0.1
    52.549  -171.987    0.0    0.0   -0.1
    52.558  -171.987    0.0    0.0   -0.1
    52.567  -171.987    0.0    0.0   -0.1
    52.576  -171.987    0.0    0.0   -0.1
    52.586  -171.987    0.0    0.0   -0.1
    52.595  -171.987    0.0    0.0   -0.1
    52.604  -171.987    0.0    0.0   -0.1
    52.613  -171.987    0.0    0.0   -0.1
    52.622  -171.987    0.0    0.0   -0.1
    52.631  -171.987    0.0    0.0   -0.1
    52.640  -171.987    0.0    0.0   -0.1
    52.649  -171.987    0.0    0.0   -0.1
    52.658  -171.987    0.0    0.0   -0.1
    52.667  -171.987    0.0    0.0   -0.1
    52.676  -171.987    0.0    0.0   -0.1
    52.685  -171.987    0.0    0.0   -0.1
    52.694  -171.987    0.0    0.0   -0.1
    52.703  -171.987    0.0    0.0   -0.1
    52.712  -171.987    0.0    0.0   -0.1
    52.721  -171.987    0.0    0.0   -0.1
    52.730  -171.987    0.0    0.0   -0.1
    52.739  -171.987    0.0   -0.0   -0.1
    52.748  -171.987    0.0   -0.0   -0.1
    52.757  -171.987    0.0   -0.0   -0.1
    52.766  -171.987    0.0   -0.0   -0.1
    52.775  -171.987    0.0   -0.0   -0.1
    52.784  -171.987    0.0   -0.0   -0.1
    52.793  -171.987    0.0   -0.0   -0.1
    52.802  -171.987    0.0   -0.0   -0.1
    52.811  -171.987    0.0   -0.0   -0.1
    52.820  -171.987    0.0   -0.0   -0.1
    52.829  -171.987    0.0   -0.0   -0.1
    52.838  -171.987    0.0   -0.0   -0.1
    52.847  -171.987    0.0   -0.0   -0.1
    52.856  -171.987    0.0   -0.0   -0.1
    52.865  -171.987    0.0   -0.0   -0.1
    52.874  -171.987    0.0   -0.0   -0.1
    52.883  -171.987    0.0   -0.0   -0.1
    52.892  -171.987    0.0   -0.0   -0.0
    52.901  -171.987    0.0   -0.0   -0.0
    52.910  -171.987    0.0   -0.0   -0.0
    52.919  -171.987    0.0   -0.0   -0.0
    52.928  -171.987    0.0   -0.0   -0.0
    52.937  -171.987    0.0   -0.0   -0.0
    52.946  -171.987    0.0   -0.0   -0.0
    52.955  -171.987    0.0   -0.0   -0.0
    52.964  -171.987    0.0   -0.0   -0.0
    52.973  -171.987    0.0   -0.0   -0.0
    52.982  -171.987    0.0   -0.0   -0.0
    52.991  -171.987    0.0   -0.0   -0.0
    53.000  -171.987    0.0   -0.0   -0.0
    53.009  -171.987    0.0   -0.0   -0.0
    53.018  -171.987    0.0   -0.0   -0.0
    53.027  -171.987    0.0   -0.0   -0.0
    53.036  -171.987    0.0   -0.0   -0.0
    53.045  -171.987    0.0   -0.0   -0.0
    53.054  -171.987    0.0   -0.0   -0.0
    53.063  -171.987    0.0   -0.0   -0.0
    53.072  -171.987    0.0   -0.0   -0.0
    53.081  -171.987    0.0   -0.0   -0.0
    53.090  -171.987    0.0   -0.0   -0.0
    53.099  -171.987    0.0   -0.0   -0.0
    53.108  -171.987    0.0   -0.0   -0.0
    53.117  -171.987    0.0   -0.0   -0.0
    53.126  -171.987    0.0   -0.0   -0.0
    53.135  -171.987    0.0   -0.0   -0.0
    52.234  -171.972    0.0    0.0   -0.1
    52.243  -171.972    0.0    0.0   -0.1
    52.252  -171.972    0.0    0.0   -0.1
    52.261  -171.972    0.0    0.0   -0.1
    52.270  -171.972    0.0    0.0   -0.1
    52.279  -171.972    0.0    0.0   -0.1
    52.288  -171.972    0.0    0.0   -0.1
    52.297  -171.972    0.0    0.0   -0.1
    52.306  -171.972    0.0    0.0   -0.1
    52.315  -171.972    0.0    0.0   -0.1
    52.324  -171.972    0.0    0.0   -0.1
    52.333  -171.972    0.0    0.0   -0.1
    52.342  -171.972    0.0    0.0   -0.1
    52.351  -171.972    0.0    0.0   -0.1
    52.360  -171.972    0.0    0.0   -0.1
    52.369  -171.972    0.0    0.0   -0.1
    52.378  -171.972    0.0    0.0   -0.1
    52.387  -171.972    0.0    0.0   -0.1
    52.396  -171.972    0.0    0.0   -0.1
    52.405  -171.972    0.0    0.0   -0.1
    52.414  -171.972    0.0    0.0   -0.1
    52.423  -171.972    0.0    0.0   -0.1
    52.432  -171.972    0.0    0.0   -0.1
    52.441  -171.972    0.0    0.0   -0.1
    52.450  -171.972    0.0    0.0   -0.1
    52.459  -171.972    0.0    0.0   -0.1
    52.468  -171.972    0.0    0.0   -0.1
    52.477  -171.972    0.0    0.0   -0.1
    52.486  -171.972    0.0    0.0   -0.1
    52.495  -171.972    0.0    0.0   -0.1
    52.504  -171.972    0.0    0.0   -0.1
    52.513  -171.972    0.0    0.0   -0.1
    52.522  -171.972    0.0    0.0   -0.1
    52.531  -171.972    0.0    0.0   -0.1
    52.540  -171.972    0.0    0.0   -0.1
    52.549  -171.972    0.0    0.0   -0.1
    52.558  -171.972    0.0    0.0   -0.1
    52.567  -171.972    0.0    0.0   -0.1
    52.576  -171.972    0.0    0.0   -0.1
    52.586  -171.972    0.0    0.0   -0.1
    52.595  -171.972    0.0    0.0   -0.1
    52.604  -171.972    0.0    0.0   -0.1
    52.613  -171.972    0.0    0.0   -0.1
    52.622  -171.972    0.0    0.0   -0.1
    52.631  -171.972    0.0    0.0   -0.1
    52.640  -171.972    0.0    0.0   -0.1
    52.649  -171.972    0.0    0.0   -0.1
    52.658  -171.972    0.0    0.0   -0.1
    52.667  -171.972    0.0    0.0   -0.1
    52.676  -171.972    0.0    0.0   -0.1
    52.685  -171.972    0.0    0.0   -0.1
    52.694  -171.972    0.0    0.0   -0.1
    52.703  -171.972    0.0    0.0   -0.1
    52.712  -171.972    0.0    0.0   -0.1
    52.721  -171.972    0.0    0.0   -0.1
    52.730  -171.972    0.0    0.0   -0.1
    52.739  -171.972    0.0   -0.0   -0.1
    52.748  -171.972    0.0   -0.0   -0.1
    52.757  -171.972    0.0   -0.0   -0.1
    52.766  -171.972    0.0   -0.0   -0.1
    52.775  -171.972    0.0   -0.0   -0.1
    52.784  -171.972    0.0   -0.0   -0.1
    52.793  -171.972    0.0   -0.0   -0.1
    52.802  -171.972    0.0   -0.0   -0.1
    52.811  -171.972    0.0   -0.0   -0.1
    52.820  -171.972    0.0   -0.0   -0.1
    52.829  -171.972    0.0   -0.0   -0.1
    52.838  -171.972    0.0   -0.0   -0.1
    52.847  -171.972    0.0   -0.0   -0.1
    52.856  -171.972    0.0   -0.0   -0.1
    52.865  -171.972    0.0   -0.0   -0.1
    52.874  -171.972    0.0   -0.0   -0.1
    52.883  -171.972    0.0   -0.0   -0.1
    52.892  -171.972    0.0   -0.0   -0.0
    52.901  -171.972    0.0   -0.0   -0.0
    52.910  -171.972    0.0   -0.0   -0.0
    52.919  -171.972    0.0   -0.0   -0.0
    52.928  -171.972    0.0   -0.0   -0.0
    52.937  -171.972    0.0   -0.0   -0.0
    52.946  -171.972    0.0   -0.0   -0.0
    52.955  -171.972    0.0   -0.0   -0.0
    52.964  -171.972    0.0   -0.0   -0.0
    52.973  -171.972    0.0   -0.0   -0.0
    52.982  -171.972    0.0   -0.0   -0.0
    52.991  -171.972    0.0   -0.0   -0.0
    53.000  -171.972    0.0   -0.0   -0.0
    53.009  -171.972    0.0   -0.0   -0.0
    53.018  -171.972    0.0   -0.0   -0.0
    53.027  -171.972    0.0   -0.0   -0.0
    53.036  -171.972    0.0   -0.0   -0.0
    53.045  -171.972    0.0   -0.0   -0.0
    53.054  -171.972    0.0   -0.0   -0.0
    53.063  -171.972    0.0   -0.0   -0.0
    53.072  -171.972    0.0   -0.0   -0.0
    53.081  -171.972    0.0   -0.0   -0.0
    53.090  -171.972    0.0   -0.0   -0.0
    53.099  -171.972    0.0   -0.0   -0.0
    53.108  -171.972    0.0   -0.0   -0.0
    53.117  -171.972    0.0   -0.0   -0.0
    53.126  -171.972    0.0   -0.0   -0.0
    53.135  -171.972    0.0   -0.0   -0.0
    52.234  -171.957    0.0    0.0   -0.1
    52.243  -171.957    0.0    0.0   -0.1
    52.252  -171.957    0.0    0.0   -0.1
    52.261  -171.957    0.0    0.0   -0.1
    52.270  -171.957    0.0    0.0   -0.1
    52.279  -171.957    0.0    0.0   -0.1
    52.288  -171.957    0.0    0.0   -0.1
    52.297  -171.957    0.0    0.0   -0.1
    52.306  -171.957    0.0    0.0   -0.1
    52.315  -171.957    0.0    0.0   -0.1
    52.324  -171.957    0.0    0.0   -0.1
    52.333  -171.957    0.0    0.0   -0.1
    52.342  -171.957    0.0    0.0   -0.1
    52.351  -171.957    0.0    0.0   -0.1
    52.360  -171.957    0.0    0.0   -0.1
    52.369  -171.957    0.0    0.0   -0.1
    52.378  -171.957    0.0    0.0   -0.1
    52.387  -171.957    0.0    0.0   -0.1
    52.396  -171.957    0.0    0.0   -0.1
    52.405  -171.957    0.0    0.0   -0.1
    52.414  -171.957    0.0    0.0   -0.1
    52.423  -171.957    0.0    0.0   -0.1
    52.432  -171.957    0.0    0.0   -0.1
    52.441  -171.957    0.0    0.0   -0.1
    52.450  -171.957    0.0    0.0   -0.1
    52.459  -171.957    0.0    0.0   -0.1
    52.468  -171.957    0.0    0.0   -0.1
    52.477  -171.957    0.0    0.0   -0.1
    52.486  -171.957    0.0    0.0   -0.1
    52.495  -171.957    0.0    0.0   -0.1
    52.504  -171.957    0.0    0.0   -0.1
    52.513  -171.957    0.0    0.0   -0.1
    52.522  -171.957    0.0    0.0   -0.1
    52.531  -171.957    0.0    0.0   -0.1
    52.540  -171.957    0.0    0.0   -0.1
    52.549  -171.957    0.0    0.0   -0.1
    52.558  -171.957    0.0    0.0   -0.1
    52.567  -171.957    0.0    0.0   -0.1
    52.576  -171.957    0.0    0.0   -0.1
    52.586  -171.957    0.0    0.0   -0.1
    52.595  -171.957    0.0    0.0   -0.1
    52.604  -171.957    0.0    0.0   -0.1
    52.613  -171.957    0.0    0.0   -0.1
    52.622  -171.957    0.0    0.0   -0.1
    52.631  -171.957    0.0    0.0   -0.1
    52.640  -171.957    0.0    0.0   -0.1
    52.649  -171.957    0.0    0.0   -0.1
    52.658  -171.957    0.0    0.0   -0.1
    52.667  -171.957    0.0    0.0   -0.1
    52.676  -171.957    0.0    0.0   -0.1
    52.685  -171.957    0.0    0.0   -0.1
    52.694  -171.957    0.0    0.0   -0.1
    52.703  -171.957    0.0    0.0   -0.1
    52.712  -171.957    0.0    0.0   -0.1
    52.721  -171.957    0.0    0.0   -0.1
    52.730  -171.957    0.0    0.0   -0.1
    52.739  -171.957    0.0   -0.0   -0.1
    52.748  -171.957    0.0   -0.0   -0.1
    52.757  -171.957    0.0   -0.0   -0.1
    52.766  -171.957    0.0   -0.0   -0.1
    52.775  -171.957    0.0   -0.0   -0.1
    52.784  -171.957    0.0   -0.0   -0.1
    52.793  -171.957    0.0   -0.0   -0.1
    52.802  -171.957    0.0   -0.0   -0.1
    52.811  -171.957    0.0   -0.0   -0.1
    52.820  -171.957    0.0   -0.0   -0.1
    52.829  -171.957    0.0   -0.0   -0.1
    52.838  -171.957    0.0   -0.0   -0.1
    52.847  -171.957    0.0   -0.0   -0.1
    52.856  -171.957    0.0   -0.0   -0.1
    52.865  -171.957    0.0   -0.0   -0.1
    52.874  -171.957    0.0   -0.0   -0.1
    52.883  -171.957    0.0   -0.0   -0.1
    52.892  -171.957    0.0   -0.0   -0.1
    52.901  -171.957    0.0   -0.0   -0.0
    52.910  -171.957    0.0   -0.0   -0.0
    52.919  -171.957    0.0   -0.0   -0.0
    52.928  -171.957    0.0   -0.0   -0.0
    52.937  -171.957    0.0   -0.0   -0.0
    52.946  -171.957    0.0   -0.0   -0.0
    52.955  -171.957    0.0   -0.0   -0.0
    52.964  -171.957    0.0   -0.0   -0.0
    52.973  -171.957    0.0   -0.0   -0.0
    52.982  -171.957    0.0   -0.0   -0.0
    52.991  -171.957    0.0   -0.0   -0.0
    53.000  -171.957    0.0   -0.0   -0.0
    53.009  -171.957    0.0   -0.0   -0.0
    53.018  -171.957    0.0   -0.0   -0.0
    53.027  -171.957    0.0   -0.0   -0.0
    53.036  -171.957    0.0   -0.0   -0.0
    53.045  -171.957    0.0   -0.0   -0.0
    53.054  -171.957    0.0   -0.0   -0.0
    53.063  -171.957    0.0   -0.0   -0.0
    53.072  -171.957    0.0   -0.0   -0.0
    53.081  -171.957    0.0   -0.0   -0.0
    53.090  -171.957    0.0   -0.0   -0.0
    53.099  -171.957    0.0   -0.0   -0.0
    53.108  -171.957    0.0   -0.0   -0.0
    53.117  -171.957    0.0   -0.0   -0.0
    53.126  -171.957    0.0   -0.0   -0.0
    53.135  -171.957    0.0   -0.0   -0.0
    52.234  -171.943    0.0    0.0   -0.1
    52.243  -171.943    0.0    0.0   -0.1
    52.252  -171.943    0.0    0.0   -0.1
    52.261  -171.943    0.0    0.0   -0.1
    52.270  -171.943    0.0    0.0   -0.1
    52.279  -171.943    0.0    0.0   -0.1
    52.288  -171.943    0.0    0.0   -0.1
    52.297  -171.943    0.0    0.0   -0.1
    52.306  -171.943    0.0    0.0   -0.1
    52.315  -171.943    0.0    0.0   -0.1
    52.324  -171.943    0.0    0.0   -0.1
    52.333  -171.943    0.0    0.0   -0.1
    52.342  -171.943    0.0    0.0   -0.1
    52.351  -171.943    0.0    0.0   -0.1
    52.360  -171.943    0.0    0.0   -0.1
    52.369  -171.943    0.0    0.0   -0.1
    52.378  -171.943    0.0    0.0   -0.1
    52.387  -171.943    0.0    0.0   -0.1
    52.396  -171.943    0.0    0.0   -0.1
    52.405  -171.943    0.0    0.0   -0.1
    52.414  -171.943    0.0    0.0   -0.1
    52.423  -171.943    0.0    0.0   -0.1
    52.432  -171.943    0.0    0.0   -0.1
    52.441  -171.943    0.0    0.0   -0.1
    52.450  -171.943    0.0    0.0   -0.1
    52.459  -171.943    0.0    0.0   -0.1
    52.468  -171.943    0.0    0.0   -0.1
    52.477  -171.943    0.0    0.0   -0.1
    52.486  -171.943    0.0    0.0   -0.1
    52.495  -171.943    0.0    0.0   -0.1
    52.504  -171.943    0.0    0.0   -0.1
    52.513  -171.943    0.0    0.0   -0.1
    52.522  -171.943    0.0    0.0   -0.1
    52.531  -171.943    0.0    0.0   -0.1
    52.540  -171.943    0.0    0.0   -0.1
    52.549  -171.943    0.0    0.0   -0.1
    52.558  -171.943    0.0    0.0   -0.1
    52.567  -171.943    0.0    0.0   -0.1
    52.576  -171.943    0.0    0.0   -0.1
    52.586  -171.943    0.0    0.0   -0.1
    52.595  -171.943    0.0    0.0   -0.1
    52.604  -171.943    0.0    0.0   -0.1
    52.613  -171.943    0.0    0.0   -0.1
    52.622  -171.943    0.0    0.0   -0.1
    52.631  -171.943    0.0    0.0   -0.1
    52.640  -171.943    0.0    0.0   -0.1
    52.649  -171.943    0.0    0.0   -0.1
    52.658  -171.943    0.0    0.0   -0.1
    52.667  -171.943    0.0    0.0   -0.1
    52.676  -171.943    0.0    0.0   -0.1
    52.685  -171.943    0.0    0.0   -0.1
    52.694  -171.943    0.0    0.0   -0.1
    52.703  -171.943    0.0    0.0   -0.1
    52.712  -171.943    0.0    0.0   -0.1
    52.721  -171.943    0.0    0.0   -0.1
    52.730  -171.943    0.0    0.0   -0.1
    52.739  -171.943    0.0   -0.0   -0.1
    52.748  -171.943    0.0   -0.0   -0.1
    52.757  -171.943    0.0   -0.0   -0.1
    52.766  -171.943    0.0   -0.0   -0.1
    52.775  -171.943    0.0   -0.0   -0.1
    52.784  -171.943    0.0   -0.0   -0.1
    52.793  -171.943    0.0   -0.0   -0.1
    52.802  -171.943    0.0   -0.0   -0.1
    52.811  -171.943    0.0   -0.0   -0.1
    52.820  -171.943    0.0   -0.0   -0.1
    52.829  -171.943    0.0   -0.0   -0.1
    52.838  -171.943    0.0   -0.0   -0.1
    52.847  -171.943    0.0   -0.0   -0.1
    52.856  -171.943    0.0   -0.0   -0.1
    52.865  -171.943    0.0   -0.0   -0.1
    52.874  -171.943    0.0   -0.0   -0.1
    52.883  -171.943    0.0   -0.0   -0.1
    52.892  -171.943    0.0   -0.0   -0.1
    52.901  -171.943    0.0   -0.0   -0.0
    52.910  -171.943    0.0   -0.0   -0.0
    52.919  -171.943    0.0   -0.0   -0.0
    52.928  -171.943    0.0   -0.0   -0.0
    52.937  -171.943    0.0   -0.0   -0.0
    52.946  -171.943    0.0   -0.0   -0.0
    52.955  -171.943    0.0   -0.0   -0.0
    52.964  -171.943    0.0   -0.0   -0.0
    52.973  -171.943    0.0   -0.0   -0.0
    52.982  -171.943    0.0   -0.0   -0.0
    52.991  -171.943    0.0   -0.0   -0.0
    53.000  -171.943    0.0   -0.0   -0.0
    53.009  -171.943    0.0   -0.0   -0.0
    53.018  -171.943    0.0   -0.0   -0.0
    53.027  -171.943    0.0   -0.0   -0.0
    53.036  -171.943    0.0   -0.0   -0.0
    53.045  -171.943    0.0   -0.0   -0.0
    53.054  -171.943    0.0   -0.0   -0.0
    53.063  -171.943    0.0   -0.0   -0.0
    53.072  -171.943    0.0   -0.0   -0.0
    53.081  -171.943    0.0   -0.0   -0.0
    53.090  -171.943    0.0   -0.0   -0.0
    53.099  -171.943    0.0   -0.0   -0.0
    53.108  -171.943    0.0   -0.0   -0.0
    53.117  -171.943    0.0   -0.0   -0.0
    53.126  -171.943    0.0   -0.0   -0.0
    53.135  -171.943    0.0   -0.0   -0.0
    52.234  -171.928    0.0    0.0   -0.1
    52.243  -171.928    0.0    0.0   -0.1
    52.252  -171.928    0.0    0.0   -0.1
    52.261  -171.928    0.0    0.0   -0.1
    52.270  -171.928    0.0    0.0   -0.1
    52.279  -171.928    0.0    0.0   -0.1
    52.288  -171.928    0.0    0.0   -0.1
    52.297  -171.928    0.0    0.0   -0.1
    52.306  -171.928    0.0    0.0   -0.1
    52.315  -171.928    0.0    0.0   -0.1
    52.324  -171.928    0.0    0.0   -0.1
    52.333  -171.928    0.0    0.0   -0.1
    52.342  -171.928    0.0    0.0   -0.1
    52.351  -171.928    0.0    0.0   -0.1
    52.360  -171.928    0.0    0.0   -0.1
    52.369  -171.928    0.0    0.0   -0.1
    52.378  -171.928    0.0    0.0   -0.1
    52.387  -171.928    0.0    0.0   -0.1
    52.396  -171.928    0.0    0.0   -0.1
    52.405  -171.928    0.0    0.0   -0.1
    52.414  -171.928    0.0    0.0   -0.1
    52.423  -171.928    0.0    0.0   -0.1
    52.432  -171.928    0.0    0.0   -0.1
    52.441  -171.928    0.0    0.0   -0.1
    52.450  -171.928    0.0    0.0   -0.1
    52.459  -171.928    0.0    0.0   -0.1
    52.468  -171.928    0.0    0.0   -0.1
    52.477  -171.928    0.0    0.0   -0.1
    52.486  -171.928    0.0    0.0   -0.1
    52.495  -171.928    0.0    0.0   -0.1
    52.504  -171.928    0.0    0.0   -0.1
    52.513  -171.928    0.0    0.0   -0.1
    52.522  -171.928    0.0    0.0   -0.1
    52.531  -171.928    0.0    0.0   -0.1
    52.540  -171.928    0.0    0.0   -0.1
    52.549  -171.928    0.0    0.0   -0.1
    52.558  -171.928    0.0    0.0   -0.1
    52.567  -171.928    0.0    0.0   -0.1
    52.576  -171.928    0.0    0.0   -0.1
    52.586  -171.928    0.0    0.0   -0.1
    52.595  -171.928    0.0    0.0   -0.1
    52.604  -171.928    0.0    0.0   -0.1
    52.613  -171.928    0.0    0.0   -0.1
    52.622  -171.928    0.0    0.0   -0.1
    52.631  -171.928    0.0    0.0   -0.1
    52.640  -171.928    0.0    0.0   -0.1
    52.649  -171.928    0.0    0.0   -0.1
    52.658  -171.928    0.0    0.0   -0.1
    52.667  -171.928    0.0    0.0   -0.1
    52.676  -171.928    0.0    0.0   -0.1
    52.685  -171.928    0.0    0.0   -0.1
    52.694  -171.928    0.0    0.0   -0.1
    52.703  -171.928    0.0    0.0   -0.1
    52.712  -171.928    0.0    0.0   -0.1
    52.721  -171.928    0.0    0.0   -0.1
    52.730  -171.928    0.0    0.0   -0.1
    52.739  -171.928    0.0   -0.0   -0.1
    52.748  -171.928    0.0   -0.0   -0.1
    52.757  -171.928    0.0   -0.0   -0.1
    52.766  -171.928    0.0   -0.0   -0.1
    52.775  -171.928    0.0   -0.0   -0.1
    52.784  -171.928    0.0   -0.0   -0.1
    52.793  -171.928    0.0   -0.0   -0.1
    52.802  -171.928    0.0   -0.0   -0.1
    52.811  -171.928    0.0   -0.0   -0.1
    52.820  -171.928    0.0   -0.0   -0.1
    52.829  -171.928    0.0   -0.0   -0.1
    52.838  -171.928    0.0   -0.0   -0.1
    52.847  -171.928    0.0   -0.0   -0.1
    52.856  -171.928    0.0   -0.0   -0.1
    52.865  -171.928    0.0   -0.0   -0.1
    52.874  -171.928    0.0   -0.0   -0.1
    52.883  -171.928    0.0   -0.0   -0.1
    52.892  -171.928    0.0   -0.0   -0.1
    52.901  -171.928    0.0   -0.0   -0.1
    52.910  -171.928    0.0   -0.0   -0.0
    52.919  -171.928    0.0   -0.0   -0.0
    52.928  -171.928    0.0   -0.0   -0.0
    52.937  -171.928    0.0   -0.0   -0.0
    52.946  -171.928    0.0   -0.0   -0.0
    52.955  -171.928    0.0   -0.0   -0.0
    52.964  -171.928    0.0   -0.0   -0.0
    52.973  -171.928    0.0   -0.0   -0.0
    52.982  -171.928    0.0   -0.0   -0.0
    52.991  -171.928    0.0   -0.0   -0.0
    53.000  -171.928    0.0   -0.0   -0.0
    53.009  -171.928    0.0   -0.0   -0.0
    53.018  -171.928    0.0   -0.0   -0.0
    53.027  -171.928    0.0   -0.0   -0.0
    53.036  -171.928    0.0   -0.0   -0.0
    53.045  -171.928    0.0   -0.0   -0.0
    53.054  -171.928    0.0   -0.0   -0.0
    53.063  -171.928    0.0   -0.0   -0.0
    53.072  -171.928    0.0   -0.0   -0.0
    53.081  -171.928    0.0   -0.0   -0.0
    53.090  -171.928    0.0   -0.0   -0.0
    53.099  -171.928    0.0   -0.0   -0.0
    53.108  -171.928    0.0   -0.0   -0.0
    53.117  -171.928    0.0   -0.0   -0.0
    53.126  -171.928    0.0   -0.0   -0.0
    53.135  -171.928    0.0   -0.0   -0.0
    52.234  -171.913    0.0    0.0   -0.1
    52.243  -171.913    0.0    0.0   -0.1
    52.252  -171.913    0.0    0.0   -0.1
    52.261  -171.913    0.0    0.0   -0.1
    52.270  -171.913    0.0    0.0   -0.1
    52.279  -171.913    0.0    0.0   -0.1
    52.288  -171.913    0.0    0.0   -0.1
    52.297  -171.913    0.0    0.0   -0.1
    52.306  -171.913    0.0    0.0   -0.1
    52.315  -171.913    0.0    0.0   -0.1
    52.324  -171.913    0.0    0.0   -0.1
    52.333  -171.913    0.0    0.0   -0.1
    52.342  -171.913    0.0    0.0   -0.1
    52.351  -171.913    0.0    0.0   -0.1
    52.360  -171.913    0.0    0.0   -0.1
    52.369  -171.913    0.0    0.0   -0.1
    52.378  -171.913    0.0    0.0   -0.1
    52.387  -171.913    0.0    0.0   -0.1
    52.396  -171.913    0.0    0.0   -0.1
    52.405  -171.913    0.0    0.0   -0.1
    52.414  -171.913    0.0    0.0   -0.1
    52.423  -171.913    0.0    0.0   -0.1
    52.432  -171.913    0.0    0.0   -0.1
    52.441  -171.913    0.0    0.0   -0.1
    52.450  -171.913    0.0    0.0   -0.1
    52.459  -171.913    0.0    0.0   -0.1
    52.468  -171.913    0.0    0.0   -0.1
    52.477  -171.913    0.0    0.0   -0.1
    52.486  -171.913    0.0    0.0   -0.1
    52.495  -171.913    0.0    0.0   -0.1
    52.504  -171.913    0.0    0.0   -0.1
    52.513  -171.913    0.0    0.0   -0.1
    52.522  -171.913    0.0    0.0   -0.1
    52.531  -171.913    0.0    0.0   -0.1
    52.540  -171.913    0.0    0.0   -0.1
    52.549  -171.913    0.0    0.0   -0.1
    52.558  -171.913    0.0    0.0   -0.1
    52.567  -171.913    0.0    0.0   -0.1
    52.576  -171.913    0.0    0.0   -0.1
    52.586  -171.913    0.0    0.0   -0.1
    52.595  -171.913    0.0    0.0   -0.1
    52.604  -171.913    0.0    0.0   -0.1
    52.613  -171.913    0.0    0.0   -0.1
    52.622  -171.913    0.0    0.0   -0.1
    52.631  -171.913    0.0    0.0   -0.1
    52.640  -171.913    0.0    0.0   -0.1
    52.649  -171.913    0.0    0.0   -0.1
    52.658  -171.913    0.0    0.0   -0.1
    52.667  -171.913    0.0    0.0   -0.1
    52.676  -171.913    0.0    0.0   -0.1
    52.685  -171.913    0.0    0.0   -0.1
    52.694  -171.913    0.0    0.0   -0.1
    52.703  -171.913    0.0    0.0   -0.1
    52.712  -171.913    0.0    0.0   -0.1
    52.721  -171.913    0.0    0.0   -0.1
    52.730  -171.913    0.0    0.0   -0.1
    52.739  -171.913    0.0   -0.0   -0.1
    52.748  -171.913    0.0   -0.0   -0.1
    52.757  -171.913    0.0   -0.0   -0.1
    52.766  -171.913    0.0   -0.0   -0.1
    52.775  -171.913    0.0   -0.0   -0.1
    52.784  -171.913    0.0   -0.0   -0.1
    52.793  -171.913    0.0   -0.0   -0.1
    52.802  -171.913    0.0   -0.0   -0.1
    52.811  -171.913    0.0   -0.0   -0.1
    52.820  -171.913    0.0   -0.0   -0.1
    52.829  -171.913    0.0   -0.0   -0.1
    52.838  -171.913    0.0   -0.0   -0.1
    52.847  -171.913    0.0   -0.0   -0.1
    52.856  -171.913    0.0   -0.0   -0.1
    52.865  -171.913    0.0   -0.0   -0.1
    52.874  -171.913    0.0   -0.0   -0.1
    52.883  -171.913    0.0   -0.0   -0.1
    52.892  -171.913    0.0   -0.0   -0.1
    52.901  -171.913    0.0   -0.0   -0.1
    52.910  -171.913    0.0   -0.0   -0.0
    52.919  -171.913    0.0   -0.0   -0.0
    52.928  -171.913    0.0   -0.0   -0.0
    52.937  -171.913    0.0   -0.0   -0.0
    52.946  -171.913    0.0   -0.0   -0.0
    52.955  -171.913    0.0   -0.0   -0.0
    52.964  -171.913    0.0   -0.0   -0.0
    52.973  -171.913    0.0   -0.0   -0.0
    52.982  -171.913    0.0   -0.0   -0.0
    52.991  -171.913    0.0   -0.0   -0.0
    53.000  -171.913    0.0   -0.0   -0.0
    53.009  -171.913    0.0   -0.0   -0.0
    53.018  -171.913    0.0   -0.0   -0.0
    53.027  -171.913    0.0   -0.0   -0.0
    53.036  -171.913    0.0   -0.0   -0.0
    53.045  -171.913    0.0   -0.0   -0.0
    53.054  -171.913    0.0   -0.0   -0.0
    53.063  -171.913    0.0   -0.0   -0.0
    53.072  -171.913    0.0   -0.0   -0.0
    53.081  -171.913    0.0   -0.0   -0.0
    53.090  -171.913    0.0   -0.0   -0.0
    53.099  -171.913    0.0   -0.0   -0.0
    53.108  -171.913    0.0   -0.0   -0.0
    53.117  -171.913    0.0   -0.0   -0.0
    53.126  -171.913    0.0   -0.0   -0.0
    53.135  -171.913    0.0   -0.0   -0.0
    52.234  -171.898    0.0    0.0   -0.1
    52.243  -171.898    0.0    0.0   -0.1
    52.252  -171.898    0.0    0.0   -0.1
    52.261  -171.898    0.0    0.0   -0.1
    52.270  -171.898    0.0    0.0   -0.1
    52.279  -171.898    0.0    0.0   -0.1
    52.288  -171.898    0.0    0.0   -0.1
    52.297  -171.898    0.0    0.0   -0.1
    52.306  -171.898    0.0    0.0   -0.1
    52.315  -171.898    0.0    0.0   -0.1
    52.324  -171.898    0.0    0.0   -0.1
    52.333  -171.898    0.0    0.0   -0.1
    52.342  -171.898    0.0    0.0   -0.1
    52.351  -171.898    0.0    0.0   -0.1
    52.360  -171.898    0.0    0.0   -0.1
    52.369  -171.898    0.0    0.0   -0.1
    52.378  -171.898    0.0    0.0   -0.1
    52.387  -171.898    0.0    0.0   -0.1
    52.396  -171.898    0.0    0.0   -0.1
    52.405  -171.898    0.0    0.0   -0.1
    52.414  -171.898    0.0    0.0   -0.1
    52.423  -171.898    0.0    0.0   -0.1
    52.432  -171.898    0.0    0.0   -0.1
    52.441  -171.898    0.0    0.0   -0.1
    52.450  -171.898    0.0    0.0   -0.1
    52.459  -171.898    0.0    0.0   -0.1
    52.468  -171.898    0.0    0.0   -0.1
    52.477  -171.898    0.0    0.0   -0.1
    52.486  -171.898    0.0    0.0   -0.1
    52.495  -171.898    0.0    0.0   -0.1
    52.504  -171.898    0.0    0.0   -0.1
    52.513  -171.898    0.0    0.0   -0.1
    52.522  -171.898    0.0    0.0   -0.1
    52.531  -171.898    0.0    0.0   -0.1
    52.540  -171.898    0.0    0.0   -0.1
    52.549  -171.898    0.0    0.0   -0.1
    52.558  -171.898    0.0    0.0   -0.1
    52.567  -171.898    0.0    0.0   -0.1
    52.576  -171.898    0.0    0.0   -0.1
    52.586  -171.898    0.0    0.0   -0.1
    52.595  -171.898    0.0    0.0   -0.1
    52.604  -171.898    0.0    0.0   -0.1
    52.613  -171.898    0.0    0.0   -0.1
    52.622  -171.898    0.0    0.0   -0.1
    52.631  -171.898    0.0    0.0   -0.1
    52.640  -171.898    0.0    0.0   -0.1
    52.649  -171.898    0.0    0.0   -0.1
    52.658  -171.898    0.0    0.0   -0.1
    52.667  -171.898    0.0    0.0   -0.1
    52.676  -171.898    0.0    0.0   -0.1
    52.685  -171.898    0.0    0.0   -0.1
    52.694  -171.898    0.0    0.0   -0.1
    52.703  -171.898    0.0    0.0   -0.1
    52.712  -171.898    0.0    0.0   -0.1
    52.721  -171.898    0.0    0.0   -0.1
    52.730  -171.898    0.0    0.0   -0.1
    52.739  -171.898    0.0    0.0   -0.1
    52.748  -171.898    0.0   -0.0   -0.1
    52.757  -171.898    0.0   -0.0   -0.1
    52.766  -171.898    0.0   -0.0   -0.1
    52.775  -171.898    0.0   -0.0   -0.1
    52.784  -171.898    0.0   -0.0   -0.1
    52.793  -171.898    0.0   -0.0   -0.1
    52.802  -171.898    0.0   -0.0   -0.1
    52.811  -171.898    0.0   -0.0   -0.1
    52.820  -171.898    0.0   -0.0   -0.1
    52.829  -171.898    0.0   -0.0   -0.1
    52.838  -171.898    0.0   -0.0   -0.1
    52.847  -171.898    0.0   -0.0   -0.1
    52.856  -171.898    0.0   -0.0   -0.1
    52.865  -171.898    0.0   -0.0   -0.1
    52.874  -171.898    0.0   -0.0   -0.1
    52.883  -171.898    0.0   -0.0   -0.1
    52.892  -171.898    0.0   -0.0   -0.1
    52.901  -171.898    0.0   -0.0   -0.1
    52.910  -171.898    0.0   -0.0   -0.0
    52.919  -171.898    0.0   -0.0   -0.0
    52.928  -171.898    0.0   -0.0   -0.0
    52.937  -171.898    0.0   -0.0   -0.0
    52.946  -171.898    0.0   -0.0   -0.0
    52.955  -171.898    0.0   -0.0   -0.0
    52.964  -171.898    0.0   -0.0   -0.0
    52.973  -171.898    0.0   -0.0   -0.0
    52.982  -171.898    0.0   -0.0   -0.0
    52.991  -171.898    0.0   -0.0   -0.0
    53.000  -171.898    0.0   -0.0   -0.0
    53.009  -171.898    0.0   -0.0   -0.0
    53.018  -171.898    0.0   -0.0   -0.0
    53.027  -171.898    0.0   -0.0   -0.0
    53.036  -171.898    0.0   -0.0   -0.0
    53.045  -171.898    0.0   -0.0   -0.0
    53.054  -171.898    0.0   -0.0   -0.0
    53.063  -171.898    0.0   -0.0   -0.0
    53.072  -171.898    0.0   -0.0   -0.0
    53.081  -171.898    0.0   -0.0   -0.0
    53.090  -171.898    0.0   -0.0   -0.0
    53.099  -171.898    0.0   -0.0   -0.0
    53.108  -171.898    0.0   -0.0   -0.0
    53.117  -171.898    0.0   -0.0   -0.0
    53.126  -171.898    0.0   -0.0   -0.0
    53.135  -171.898    0.0   -0.0   -0.0
    52.234  -171.883    0.0    0.0   -0.1
    52.243  -171.883    0.0    0.0   -0.1
    52.252  -171.883    0.0    0.0   -0.1
    52.261  -171.883    0.0    0.0   -0.1
    52.270  -171.883    0.0    0.0   -0.1
    52.279  -171.883    0.0    0.0   -0.1
    52.288  -171.883    0.0    0.0   -0.1
    52.297  -171.883    0.0    0.0   -0.1
    52.306  -171.883    0.0    0.0   -0.1
    52.315  -171.883    0.0    0.0   -0.1
    52.324  -171.883    0.0    0.0   -0.1
    52.333  -171.883    0.0    0.0   -0.1
    52.342  -171.883    0.0    0.0   -0.1
    52.351  -171.883    0.0    0.0   -0.1
    52.360  -171.883    0.0    0.0   -0.1
    52.369  -171.883    0.0    0.0   -0.1
    52.378  -171.883    0.0    0.0   -0.1
    52.387  -171.883    0.0    0.0   -0.1
    52.396  -171.883    0.0    0.0   -0.1
    52.405  -171.883    0.0    0.0   -0.1
    52.414  -171.883    0.0    0.0   -0.1
    52.423  -171.883    0.0    0.0   -0.1
    52.432  -171.883    0.0    0.0   -0.1
    52.441  -171.883    0.0    0.0   -0.1
    52.450  -171.883    0.0    0.0   -0.1
    52.459  -171.883    0.0    0.0   -0.1
    52.468  -171.883    0.0    0.0   -0.1
    52.477  -171.883    0.0    0.0   -0.1
    52.486  -171.883    0.0    0.0   -0.1
    52.495  -171.883    0.0    0.0   -0.1
    52.504  -171.883    0.0    0.0   -0.1
    52.513  -171.883    0.0    0.0   -0.1
    52.522  -171.883    0.0    0.0   -0.1
    52.531  -171.883    0.0    0.0   -0.1
    52.540  -171.883    0.0    0.0   -0.1
    52.549  -171.883    0.0    0.0   -0.1
    52.558  -171.883    0.0    0.0   -0.1
    52.567  -171.883    0.0    0.0   -0.1
    52.576  -171.883    0.0    0.0   -0.1
    52.586  -171.883    0.0    0.0   -0.1
    52.595  -171.883    0.0    0.0   -0.1
    52.604  -171.883    0.0    0.0   -0.1
    52.613  -171.883    0.0    0.0   -0.1
    52.622  -171.883    0.0    0.0   -0.1
    52.631  -171.883    0.0    0.0   -0.1
    52.640  -171.883    0.0    0.0   -0.1
    52.649  -171.883    0.0    0.0   -0.1
    52.658  -171.883    0.0    0.0   -0.1
    52.667  -171.883    0.0    0.0   -0.1
    52.676  -171.883    0.0    0.0   -0.1
    52.685  -171.883    0.0    0.0   -0.1
    52.694  -171.883    0.0    0.0   -0.1
    52.703  -171.883    0.0    0.0   -0.1
    52.712  -171.883    0.0    0.0   -0.1
    52.721  -171.883    0.0    0.0   -0.1
    52.730  -171.883    0.0    0.0   -0.1
    52.739  -171.883    0.0    0.0   -0.1
    52.748  -171.883    0.0   -0.0   -0.1
    52.757  -171.883    0.0   -0.0   -0.1
    52.766  -171.883    0.0   -0.0   -0.1
    52.775  -171.883    0.0   -0.0   -0.1
    52.784  -171.883    0.0   -0.0   -0.1
    52.793  -171.883    0.0   -0.0   -0.1
    52.802  -171.883    0.0   -0.0   -0.1
    52.811  -171.883    0.0   -0.0   -0.1
    52.820  -171.883    0.0   -0.0   -0.1
    52.829  -171.883    0.0   -0.0   -0.1
    52.838  -171.883    0.0   -0.0   -0.1
    52.847  -171.883    0.0   -0.0   -0.1
    52.856  -171.883    0.0   -0.0   -0.1
    52.865  -171.883    0.0   -0.0   -0.1
    52.874  -171.883    0.0   -0.0   -0.1
    52.883  -171.883    0.0   -0.0   -0.1
    52.892  -171.883    0.0   -0.0   -0.1
    52.901  -171.883    0.0   -0.0   -0.1
    52.910  -171.883    0.0   -0.0   -0.1
    52.919  -171.883    0.0   -0.0   -0.0
    52.928  -171.883    0.0   -0.0   -0.0
    52.937  -171.883    0.0   -0.0   -0.0
    52.946  -171.883    0.0   -0.0   -0.0
    52.955  -171.883    0.0   -0.0   -0.0
    52.964  -171.883    0.0   -0.0   -0.0
    52.973  -171.883    0.0   -0.0   -0.0
    52.982  -171.883    0.0   -0.0   -0.0
    52.991  -171.883    0.0   -0.0   -0.0
    53.000  -171.883    0.0   -0.0   -0.0
    53.009  -171.883    0.0   -0.0   -0.0
    53.018  -171.883    0.0   -0.0   -0.0
    53.027  -171.883    0.0   -0.0   -0.0
    53.036  -171.883    0.0   -0.0   -0.0
    53.045  -171.883    0.0   -0.0   -0.0
    53.054  -171.883    0.0   -0.0   -0.0
    53.063  -171.883    0.0   -0.0   -0.0
    53.072  -171.883    0.0   -0.0   -0.0
    53.081  -171.883    0.0   -0.0   -0.0
    53.090  -171.883    0.0   -0.0   -0.0
    53.099  -171.883    0.0   -0.0   -0.0
    53.108  -171.883    0.0   -0.0   -0.0
    53.117  -171.883    0.0   -0.0   -0.0
    53.126  -171.883    0.0   -0.0   -0.0
    53.135  -171.883    0.0   -0.0   -0.0
    52.234  -171.868    0.0    0.0   -0.1
    52.243  -171.868    0.0    0.0   -0.1
    52.252  -171.868    0.0    0.0   -0.1
    52.261  -171.868    0.0    0.0   -0.1
    52.270  -171.868    0.0    0.0   -0.1
    52.279  -171.868    0.0    0.0   -0.1
    52.288  -171.868    0.0    0.0   -0.1
    52.297  -171.868    0.0    0.0   -0.1
    52.306  -171.868    0.0    0.0   -0.1
    52.315  -171.868    0.0    0.0   -0.1
    52.324  -171.868    0.0    0.0   -0.1
    52.333  -171.868    0.0    0.0   -0.1
    52.342  -171.868    0.0    0.0   -0.1
    52.351  -171.868    0.0    0.0   -0.1
    52.360  -171.868    0.0    0.0   -0.1
    52.369  -171.868    0.0    0.0   -0.1
    52.378  -171.868    0.0    0.0   -0.1
    52.387  -171.868    0.0    0.0   -0.1
    52.396  -171.868    0.0    0.0   -0.1
    52.405  -171.868    0.0    0.0   -0.1
    52.414  -171.868    0.0    0.0   -0.1
    52.423  -171.868    0.0    0.0   -0.1
    52.432  -171.868    0.0    0.0   -0.1
    52.441  -171.868    0.0    0.0   -0.1
    52.450  -171.868    0.0    0.0   -0.1
    52.459  -171.868    0.0    0.0   -0.1
    52.468  -171.868    0.0    0.0   -0.1
    52.477  -171.868    0.0    0.0   -0.1
    52.486  -171.868    0.0    0.0   -0.1
    52.495  -171.868    0.0    0.0   -0.1
    52.504  -171.868    0.0    0.0   -0.1
    52.513  -171.868    0.0    0.0   -0.1
    52.522  -171.868    0.0    0.0   -0.1
    52.531  -171.868    0.0    0.0   -0.1
    52.540  -171.868    0.0    0.0   -0.1
    52.549  -171.868    0.0    0.0   -0.1
    52.558  -171.868    0.0    0.0   -0.1
    52.567  -171.868    0.0    0.0   -0.1
    52.576  -171.868    0.0    0.0   -0.1
    52.586  -171.868    0.0    0.0   -0.1
    52.595  -171.868    0.0    0.0   -0.1
    52.604  -171.868    0.0    0.0   -0.1
    52.613  -171.868    0.0    0.0   -0.1
    52.622  -171.868    0.0    0.0   -0.1
    52.631  -171.868    0.0    0.0   -0.1
    52.640  -171.868    0.0    0.0   -0.1
    52.649  -171.868    0.0    0.0   -0.1
    52.658  -171.868    0.0    0.0   -0.1
    52.667  -171.868    0.0    0.0   -0.1
    52.676  -171.868    0.0    0.0   -0.1
    52.685  -171.868    0.0    0.0   -0.1
    52.694  -171.868    0.0    0.0   -0.1
    52.703  -171.868    0.0    0.0   -0.1
    52.712  -171.868    0.0    0.0   -0.1
    52.721  -171.868    0.0    0.0   -0.1
    52.730  -171.868    0.0    0.0   -0.1
    52.739  -171.868    0.0    0.0   -0.1
    52.748  -171.868    0.0   -0.0   -0.1
    52.757  -171.868    0.0   -0.0   -0.1
    52.766  -171.868    0.0   -0.0   -0.1
    52.775  -171.868    0.0   -0.0   -0.1
    52.784  -171.868    0.0   -0.0   -0.1
    52.793  -171.868    0.0   -0.0   -0.1
    52.802  -171.868    0.0   -0.0   -0.1
    52.811  -171.868    0.0   -0.0   -0.1
    52.820  -171.868    0.0   -0.0   -0.1
    52.829  -171.868    0.0   -0.0   -0.1
    52.838  -171.868    0.0   -0.0   -0.1
    52.847  -171.868    0.0   -0.0   -0.1
    52.856  -171.868    0.0   -0.0   -0.1
    52.865  -171.868    0.0   -0.0   -0.1
    52.874  -171.868    0.0   -0.0   -0.1
    52.883  -171.868    0.0   -0.0   -0.1
    52.892  -171.868    0.0   -0.0   -0.1
    52.901  -171.868    0.0   -0.0   -0.1
    52.910  -171.868    0.0   -0.0   -0.1
    52.919  -171.868    0.0   -0.0   -0.0
    52.928  -171.868    0.0   -0.0   -0.0
    52.937  -171.868    0.0   -0.0   -0.0
    52.946  -171.868    0.0   -0.0   -0.0
    52.955  -171.868    0.0   -0.0   -0.0
    52.964  -171.868    0.0   -0.0   -0.0
    52.973  -171.868    0.0   -0.0   -0.0
    52.982  -171.868    0.0   -0.0   -0.0
    52.991  -171.868    0.0   -0.0   -0.0
    53.000  -171.868    0.0   -0.0   -0.0
    53.009  -171.868    0.0   -0.0   -0.0
    53.018  -171.868    0.0   -0.0   -0.0
    53.027  -171.868    0.0   -0.0   -0.0
    53.036  -171.868    0.0   -0.0   -0.0
    53.045  -171.868    0.0   -0.0   -0.0
    53.054  -171.868    0.0   -0.0   -0.0
    53.063  -171.868    0.0   -0.0   -0.0
    53.072  -171.868    0.0   -0.0   -0.0
    53.081  -171.868    0.0   -0.0   -0.0
    53.090  -171.868    0.0   -0.0   -0.0
    53.099  -171.868    0.0   -0.0   -0.0
    53.108  -171.868    0.0   -0.0   -0.0
    53.117  -171.868    0.0   -0.0   -0.0
    53.126  -171.868    0.0   -0.0   -0.0
    53.135  -171.868    0.0   -0.0   -0.0
    52.234  -171.853    0.0    0.0   -0.1
    52.243  -171.853    0.0    0.0   -0.1
    52.252  -171.853    0.0    0.0   -0.1
    52.261  -171.853    0.0    0.0   -0.1
    52.270  -171.853    0.0    0.0   -0.1
    52.279  -171.853    0.0    0.0   -0.1
    52.288  -171.853    0.0    0.0   -0.1
    52.297  -171.853    0.0    0.0   -0.1
    52.306  -171.853    0.0    0.0   -0.1
    52.315  -171.853    0.0    0.0   -0.1
    52.324  -171.853    0.0    0.0   -0.1
    52.333  -171.853    0.0    0.0   -0.1
    52.342  -171.853    0.0    0.0   -0.1
    52.351  -171.853    0.0    0.0   -0.1
    52.360  -171.853    0.0    0.0   -0.1
    52.369  -171.853    0.0    0.0   -0.1
    52.378  -171.853    0.0    0.0   -0.1
    52.387  -171.853    0.0    0.0   -0.1
    52.396  -171.853    0.0    0.0   -0.1
    52.405  -171.853    0.0    0.0   -0.1
    52.414  -171.853    0.0    0.0   -0.1
    52.423  -171.853    0.0    0.0   -0.1
    52.432  -171.853    0.0    0.0   -0.1
    52.441  -171.853    0.0    0.0   -0.1
    52.450  -171.853    0.0    0.0   -0.1
    52.459  -171.853    0.0    0.0   -0.1
    52.468  -171.853    0.0    0.0   -0.1
    52.477  -171.853    0.0    0.0   -0.1
    52.486  -171.853    0.0    0.0   -0.1
    52.495  -171.853    0.0    0.0   -0.1
    52.504  -171.853    0.0    0.0   -0.1
    52.513  -171.853    0.0    0.0   -0.1
    52.522  -171.853    0.0    0.0   -0.1
    52.531  -171.853    0.0    0.0   -0.1
    52.540  -171.853    0.0    0.0   -0.1
    52.549  -171.853    0.0    0.0   -0.1
    52.558  -171.853    0.0    0.0   -0.1
    52.567  -171.853    0.0    0.0   -0.1
    52.576  -171.853    0.0    0.0   -0.1
    52.586  -171.853    0.0    0.0   -0.1
    52.595  -171.853    0.0    0.0   -0.1
    52.604  -171.853    0.0    0.0   -0.1
    52.613  -171.853    0.0    0.0   -0.1
    52.622  -171.853    0.0    0.0   -0.1
    52.631  -171.853    0.0    0.0   -0.1
    52.640  -171.853    0.0    0.0   -0.1
    52.649  -171.853    0.0    0.0   -0.1
    52.658  -171.853    0.0    0.0   -0.1
    52.667  -171.853    0.0    0.0   -0.1
    52.676  -171.853    0.0    0.0   -0.1
    52.685  -171.853    0.0    0.0   -0.1
    52.694  -171.853    0.0    0.0   -0.1
    52.703  -171.853    0.0    0.0   -0.1
    52.712  -171.853    0.0    0.0   -0.1
    52.721  -171.853    0.0    0.0   -0.1
    52.730  -171.853    0.0    0.0   -0.1
    52.739  -171.853    0.0    0.0   -0.1
    52.748  -171.853    0.0   -0.0   -0.1
    52.757  -171.853    0.0   -0.0   -0.1
    52.766  -171.853    0.0   -0.0   -0.1
    52.775  -171.853    0.0   -0.0   -0.1
    52.784  -171.853    0.0   -0.0   -0.1
    52.793  -171.853    0.0   -0.0   -0.1
    52.802  -171.853    0.0   -0.0   -0.1
    52.811  -171.853    0.0   -0.0   -0.1
    52.820  -171.853    0.0   -0.0   -0.1
    52.829  -171.853    0.0   -0.0   -0.1
    52.838  -171.853    0.0   -0.0   -0.1
    52.847  -171.853    0.0   -0.0   -0.1
    52.856  -171.853    0.0   -0.0   -0.1
    52.865  -171.853    0.0   -0.0   -0.1
    52.874  -171.853    0.0   -0.0   -0.1
    52.883  -171.853    0.0   -0.0   -0.1
    52.892  -171.853    0.0   -0.0   -0.1
    52.901  -171.853    0.0   -0.0   -0.1
    52.910  -171.853    0.0   -0.0   -0.1
    52.919  -171.853    0.0   -0.0   -0.0
    52.928  -171.853    0.0   -0.0   -0.0
    52.937  -171.853    0.0   -0.0   -0.0
    52.946  -171.853    0.0   -0.0   -0.0
    52.955  -171.853    0.0   -0.0   -0.0
    52.964  -171.853    0.0   -0.0   -0.0
    52.973  -171.853    0.0   -0.0   -0.0
    52.982  -171.853    0.0   -0.0   -0.0
    52.991  -171.853    0.0   -0.0   -0.0
    53.000  -171.853    0.0   -0.0   -0.0
    53.009  -171.853    0.0   -0.0   -0.0
    53.018  -171.853    0.0   -0.0   -0.0
    53.027  -171.853    0.0   -0.0   -0.0
    53.036  -171.853    0.0   -0.0   -0.0
    53.045  -171.853    0.0   -0.0   -0.0
    53.054  -171.853    0.0   -0.0   -0.0
    53.063  -171.853    0.0   -0.0   -0.0
    53.072  -171.853    0.0   -0.0   -0.0
    53.081  -171.853    0.0   -0.0   -0.0
    53.090  -171.853    0.0   -0.0   -0.0
    53.099  -171.853    0.0   -0.0   -0.0
    53.108  -171.853    0.0   -0.0   -0.0
    53.117  -171.853    0.0   -0.0   -0.0
    53.126  -171.853    0.0   -0.0   -0.0
    53.135  -171.853    0.0   -0.0   -0.0
    52.234  -171.838    0.0    0.0   -0.1
    52.243  -171.838    0.0    0.0   -0.1
    52.252  -171.838    0.0    0.0   -0.1
    52.261  -171.838    0.0    0.0   -0.1
    52.270  -171.838    0.0    0.0   -0.1
    52.279  -171.838    0.0    0.0   -0.1
    52.288  -171.838    0.0    0.0   -0.1
    52.297  -171.838    0.0    0.0   -0.1
    52.306  -171.838    0.0    0.0   -0.1
    52.315  -171.838    0.0    0.0   -0.1
    52.324  -171.838    0.0    0.0   -0.1
    52.333  -171.838    0.0    0.0   -0.1
    52.342  -171.838    0.0    0.0   -0.1
    52.351  -171.838    0.0    0.0   -0.1
    52.360  -171.838    0.0    0.0   -0.1
    52.369  -171.838    0.0    0.0   -0.1
    52.378  -171.838    0.0    0.0   -0.1
    52.387  -171.838    0.0    0.0   -0.1
    52.396  -171.838    0.0    0.0   -0.1
    52.405  -171.838    0.0    0.0   -0.1
    52.414  -171.838    0.0    0.0   -0.1
    52.423  -171.838    0.0    0.0   -0.1
    52.432  -171.838    0.0    0.0   -0.1
    52.441  -171.838    0.0    0.0   -0.1
    52.450  -171.838    0.0    0.0   -0.1
    52.459  -171.838    0.0    0.0   -0.1
    52.468  -171.838    0.0    0.0   -0.1
    52.477  -171.838    0.0    0.0   -0.1
    52.486  -171.838    0.0    0.0   -0.1
    52.495  -171.838    0.0    0.0   -0.1
    52.504  -171.838    0.0    0.0   -0.1
    52.513  -171.838    0.0    0.0   -0.1
    52.522  -171.838    0.0    0.0   -0.1
    52.531  -171.838    0.0    0.0   -0.1
    52.540  -171.838    0.0    0.0   -0.1
    52.549  -171.838    0.0    0.0   -0.1
    52.558  -171.838    0.0    0.0   -0.1
    52.567  -171.838    0.0    0.0   -0.1
    52.576  -171.838    0.0    0.0   -0.1
    52.586  -171.838    0.0    0.0   -0.1
    52.595  -171.838    0.0    0.0   -0.1
    52.604  -171.838    0.0    0.0   -0.1
    52.613  -171.838    0.0    0.0   -0.1
    52.622  -171.838    0.0    0.0   -0.1
    52.631  -171.838    0.0    0.0   -0.1
    52.640  -171.838    0.0    0.0   -0.1
    52.649  -171.838    0.0    0.0   -0.1
    52.658  -171.838    0.0    0.0   -0.1
    52.667  -171.838    0.0    0.0   -0.1
    52.676  -171.838    0.0    0.0   -0.1
    52.685  -171.838    0.0    0.0   -0.1
    52.694  -171.838    0.0    0.0   -0.1
    52.703  -171.838    0.0    0.0   -0.1
    52.712  -171.838    0.0    0.0   -0.1
    52.721  -171.838    0.0    0.0   -0.1
    52.730  -171.838    0.0    0.0   -0.1
    52.739  -171.838    0.0    0.0   -0.1
    52.748  -171.838    0.0   -0.0   -0.1
    52.757  -171.838    0.0   -0.0   -0.1
    52.766  -171.838    0.0   -0.0   -0.1
    52.775  -171.838    0.0   -0.0   -0.1
    52.784  -171.838    0.0   -0.0   -0.1
    52.793  -171.838    0.0   -0.0   -0.1
    52.802  -171.838    0.0   -0.0   -0.1
    52.811  -171.838    0.0   -0.0   -0.1
    52.820  -171.838    0.0   -0.0   -0.1
    52.829  -171.838    0.0   -0.0   -0.1
    52.838  -171.838    0.0   -0.0   -0.1
    52.847  -171.838    0.0   -0.0   -0.1
    52.856  -171.838    0.0   -0.0   -0.1
    52.865  -171.838    0.0   -0.0   -0.1
    52.874  -171.838    0.0   -0.0   -0.1
    52.883  -171.838    0.0   -0.0   -0.1
    52.892  -171.838    0.0   -0.0   -0.1
    52.901  -171.838    0.0   -0.0   -0.1
    52.910  -171.838    0.0   -0.0   -0.1
    52.919  -171.838    0.0   -0.0   -0.0
    52.928  -171.838    0.0   -0.0   -0.0
    52.937  -171.838    0.0   -0.0   -0.0
    52.946  -171.838    0.0   -0.0   -0.0
    52.955  -171.838    0.0   -0.0   -0.0
    52.964  -171.838    0.0   -0.0   -0.0
    52.973  -171.838    0.0   -0.0   -0.0
    52.982  -171.838    0.0   -0.0   -0.0
    52.991  -171.838    0.0   -0.0   -0.0
    53.000  -171.838    0.0   -0.0   -0.0
    53.009  -171.838    0.0   -0.0   -0.0
    53.018  -171.838    0.0   -0.0   -0.0
    53.027  -171.838    0.0   -0.0   -0.0
    53.036  -171.838    0.0   -0.0   -0.0
    53.045  -171.838    0.0   -0.0   -0.0
    53.054  -171.838    0.0   -0.0   -0.0
    53.063  -171.838    0.0   -0.0   -0.0
    53.072  -171.838    0.0   -0.0   -0.0
    53.081  -171.838    0.0   -0.0   -0.0
    53.090  -171.838    0.0   -0.0   -0.0
    53.099  -171.838    0.0   -0.0   -0.0
    53.108  -171.838    0.0   -0.0   -0.0
    53.117  -171.838    0.0   -0.0   -0.0
    53.126  -171.838    0.0   -0.0   -0.0
    53.135  -171.838    0.0   -0.0   -0.0
    52.234  -171.823    0.0    0.0   -0.1
    52.243  -171.823    0.0    0.0   -0.1
    52.252  -171.823    0.0    0.0   -0.1
    52.261  -171.823    0.0    0.0   -0.1
    52.270  -171.823    0.0    0.0   -0.1
    52.279  -171.823    0.0    0.0   -0.1
    52.288  -171.823    0.0    0.0   -0.1
    52.297  -171.823    0.0    0.0   -0.1
    52.306  -171.823    0.0    0.0   -0.1
    52.315  -171.823    0.0    0.0   -0.1
    52.324  -171.823    0.0    0.0   -0.1
    52.333  -171.823    0.0    0.0   -0.1
    52.342  -171.823    0.0    0.0   -0.1
    52.351  -171.823    0.0    0.0   -0.1
    52.360  -171.823    0.0    0.0   -0.1
    52.369  -171.823    0.0    0.0   -0.1
    52.378  -171.823    0.0    0.0   -0.1
    52.387  -171.823    0.0    0.0   -0.1
    52.396  -171.823    0.0    0.0   -0.1
    52.405  -171.823    0.0    0.0   -0.1
    52.414  -171.823    0.0    0.0   -0.1
    52.423  -171.823    0.0    0.0   -0.1
    52.432  -171.823    0.0    0.0   -0.1
    52.441  -171.823    0.0    0.0   -0.1
    52.450  -171.823    0.0    0.0   -0.1
    52.459  -171.823    0.0    0.0   -0.1
    52.468  -171.823    0.0    0.0   -0.1
    52.477  -171.823    0.0    0.0   -0.1
    52.486  -171.823    0.0    0.0   -0.1
    52.495  -171.823    0.0    0.0   -0.1
    52.504  -171.823    0.0    0.0   -0.1
    52.513  -171.823    0.0    0.0   -0.1
    52.522  -171.823    0.0    0.0   -0.1
    52.531  -171.823    0.0    0.0   -0.1
    52.540  -171.823    0.0    0.0   -0.1
    52.549  -171.823    0.0    0.0   -0.1
    52.558  -171.823    0.0    0.0   -0.1
    52.567  -171.823    0.0    0.0   -0.1
    52.576  -171.823    0.0    0.0   -0.1
    52.586  -171.823    0.0    0.0   -0.1
    52.595  -171.823    0.0    0.0   -0.1
    52.604  -171.823    0.0    0.0   -0.1
    52.613  -171.823    0.0    0.0   -0.1
    52.622  -171.823    0.0    0.0   -0.1
    52.631  -171.823    0.0    0.0   -0.1
    52.640  -171.823    0.0    0.0   -0.1
    52.649  -171.823    0.0    0.0   -0.1
    52.658  -171.823    0.0    0.0   -0.1
    52.667  -171.823    0.0    0.0   -0.1
    52.676  -171.823    0.0    0.0   -0.1
    52.685  -171.823    0.0    0.0   -0.1
    52.694  -171.823    0.0    0.0   -0.1
    52.703  -171.823    0.0    0.0   -0.1
    52.712  -171.823    0.0    0.0   -0.1
    52.721  -171.823    0.0    0.0   -0.1
    52.730  -171.823    0.0    0.0   -0.1
    52.739  -171.823    0.0    0.0   -0.1
    52.748  -171.823    0.0   -0.0   -0.1
    52.757  -171.823    0.0   -0.0   -0.1
    52.766  -171.823    0.0   -0.0   -0.1
    52.775  -171.823    0.0   -0.0   -0.1
    52.784  -171.823    0.0   -0.0   -0.1
    52.793  -171.823    0.0   -0.0   -0.1
    52.802  -171.823    0.0   -0.0   -0.1
    52.811  -171.823    0.0   -0.0   -0.1
    52.820  -171.823    0.0   -0.0   -0.1
    52.829  -171.823    0.0   -0.0   -0.1
    52.838  -171.823    0.0   -0.0   -0.1
    52.847  -171.823    0.0   -0.0   -0.1
    52.856  -171.823    0.0   -0.0   -0.1
    52.865  -171.823    0.0   -0.0   -0.1
    52.874  -171.823    0.0   -0.0   -0.1
    52.883  -171.823    0.0   -0.0   -0.1
    52.892  -171.823    0.0   -0.0   -0.1
    52.901  -171.823    0.0   -0.0   -0.1
    52.910  -171.823    0.0   -0.0   -0.1
    52.919  -171.823    0.0   -0.0   -0.1
    52.928  -171.823    0.0   -0.0   -0.0
    52.937  -171.823    0.0   -0.0   -0.0
    52.946  -171.823    0.0   -0.0   -0.0
    52.955  -171.823    0.0   -0.0   -0.0
    52.964  -171.823    0.0   -0.0   -0.0
    52.973  -171.823    0.0   -0.0   -0.0
    52.982  -171.823    0.0   -0.0   -0.0
    52.991  -171.823    0.0   -0.0   -0.0
    53.000  -171.823    0.0   -0.0   -0.0
    53.009  -171.823    0.0   -0.0   -0.0
    53.018  -171.823    0.0   -0.0   -0.0
    53.027  -171.823    0.0   -0.0   -0.0
    53.036  -171.823    0.0   -0.0   -0.0
    53.045  -171.823    0.0   -0.0   -0.0
    53.054  -171.823    0.0   -0.0   -0.0
    53.063  -171.823    0.0   -0.0   -0.0
    53.072  -171.823    0.0   -0.0   -0.0
    53.081  -171.823    0.0   -0.0   -0.0
    53.090  -171.823    0.0   -0.0   -0.0
    53.099  -171.823    0.0   -0.0   -0.0
    53.108  -171.823    0.0   -0.0   -0.0
    53.117  -171.823    0.0   -0.0   -0.0
    53.126  -171.823    0.0   -0.0   -0.0
    53.135  -171.823    0.0   -0.0   -0.0
    52.234  -171.808    0.0    0.0   -0.1
    52.243  -171.808    0.0    0.0   -0.1
    52.252  -171.808    0.0    0.0   -0.1
    52.261  -171.808    0.0    0.0   -0.1
    52.270  -171.808    0.0    0.0   -0.1
    52.279  -171.808    0.0    0.0   -0.1
    52.288  -171.808    0.0    0.0   -0.1
    52.297  -171.808    0.0    0.0   -0.1
    52.306  -171.808    0.0    0.0   -0.1
    52.315  -171.808    0.0    0.0   -0.1
    52.324  -171.808    0.0    0.0   -0.1
    52.333  -171.808    0.0    0.0   -0.1
    52.342  -171.808    0.0    0.0   -0.1
    52.351  -171.808    0.0    0.0   -0.1
    52.360  -171.808    0.0    0.0   -0.1
    52.369  -171.808    0.0    0.0   -0.1
    52.378  -171.808    0.0    0.0   -0.1
    52.387  -171.808    0.0    0.0   -0.1
    52.396  -171.808    0.0    0.0   -0.1
    52.405  -171.808    0.0    0.0   -0.1
    52.414  -171.808    0.0    0.0   -0.1
    52.423  -171.808    0.0    0.0   -0.1
    52.432  -171.808    0.0    0.0   -0.1
    52.441  -171.808    0.0    0.0   -0.1
    52.450  -171.808    0.0    0.0   -0.1
    52.459  -171.808    0.0    0.0   -0.1
    52.468  -171.808    0.0    0.0   -0.1
    52.477  -171.808    0.0    0.0   -0.1
    52.486  -171.808    0.0    0.0   -0.1
    52.495  -171.808    0.0    0.0   -0.1
    52.504  -171.808    0.0    0.0   -0.1
    52.513  -171.808    0.0    0.0   -0.1
    52.522  -171.808    0.0    0.0   -0.1
    52.531  -171.808    0.0    0.0   -0.1
    52.540  -171.808    0.0    0.0   -0.1
    52.549  -171.808    0.0    0.0   -0.1
    52.558  -171.808    0.0    0.0   -0.1
    52.567  -171.808    0.0    0.0   -0.1
    52.576  -171.808    0.0    0.0   -0.1
    52.586  -171.808    0.0    0.0   -0.1
    52.595  -171.808    0.0    0.0   -0.1
    52.604  -171.808    0.0    0.0   -0.1
    52.613  -171.808    0.0    0.0   -0.1
    52.622  -171.808    0.0    0.0   -0.1
    52.631  -171.808    0.0    0.0   -0.1
    52.640  -171.808    0.0    0.0   -0.1
    52.649  -171.808    0.0    0.0   -0.1
    52.658  -171.808    0.0    0.0   -0.1
    52.667  -171.808    0.0    0.0   -0.1
    52.676  -171.808    0.0    0.0   -0.1
    52.685  -171.808    0.0    0.0   -0.1
    52.694  -171.808    0.0    0.0   -0.1
    52.703  -171.808    0.0    0.0   -0.1
    52.712  -171.808    0.0    0.0   -0.1
    52.721  -171.808    0.0    0.0   -0.1
    52.730  -171.808    0.0    0.0   -0.1
    52.739  -171.808    0.0    0.0   -0.1
    52.748  -171.808    0.0   -0.0   -0.1
    52.757  -171.808    0.0   -0.0   -0.1
    52.766  -171.808    0.0   -0.0   -0.1
    52.775  -171.808    0.0   -0.0   -0.1
    52.784  -171.808    0.0   -0.0   -0.1
    52.793  -171.808    0.0   -0.0   -0.1
    52.802  -171.808    0.0   -0.0   -0.1
    52.811  -171.808    0.0   -0.0   -0.1
    52.820  -171.808    0.0   -0.0   -0.1
    52.829  -171.808    0.0   -0.0   -0.1
    52.838  -171.808    0.0   -0.0   -0.1
    52.847  -171.808    0.0   -0.0   -0.1
    52.856  -171.808    0.0   -0.0   -0.1
    52.865  -171.808    0.0   -0.0   -0.1
    52.874  -171.808    0.0   -0.0   -0.1
    52.883  -171.808    0.0   -0.0   -0.1
    52.892  -171.808    0.0   -0.0   -0.1
    52.901  -171.808    0.0   -0.0   -0.1
    52.910  -171.808    0.0   -0.0   -0.1
    52.919  -171.808    0.0   -0.0   -0.1
    52.928  -171.808    0.0   -0.0   -0.0
    52.937  -171.808    0.0   -0.0   -0.0
    52.946  -171.808    0.0   -0.0   -0.0
    52.955  -171.808    0.0   -0.0   -0.0
    52.964  -171.808    0.0   -0.0   -0.0
    52.973  -171.808    0.0   -0.0   -0.0
    52.982  -171.808    0.0   -0.0   -0.0
    52.991  -171.808    0.0   -0.0   -0.0
    53.000  -171.808    0.0   -0.0   -0.0
    53.009  -171.808    0.0   -0.0   -0.0
    53.018  -171.808    0.0   -0.0   -0.0
    53.027  -171.808    0.0   -0.0   -0.0
    53.036  -171.808    0.0   -0.0   -0.0
    53.045  -171.808    0.0   -0.0   -0.0
    53.054  -171.808    0.0   -0.0   -0.0
    53.063  -171.808    0.0   -0.0   -0.0
    53.072  -171.808    0.0   -0.0   -0.0
    53.081  -171.808    0.0   -0.0   -0.0
    53.090  -171.808    0.0   -0.0   -0.0
    53.099  -171.808    0.0   -0.0   -0.0
    53.108  -171.808    0.0   -0.0   -0.0
    53.117  -171.808    0.0   -0.0   -0.0
    53.126  -171.808    0.0   -0.0   -0.0
    53.135  -171.808    0.0   -0.0   -0.0
    52.234  -171.794    0.0    0.0   -0.1
    52.243  -171.794    0.0    0.0   -0.1
    52.252  -171.794    0.0    0.0   -0.1
    52.261  -171.794    0.0    0.0   -0.1
    52.270  -171.794    0.0    0.0   -0.1
    52.279  -171.794    0.0    0.0   -0.1
    52.288  -171.794    0.0    0.0   -0.1
    52.297  -171.794    0.0    0.0   -0.1
    52.306  -171.794    0.0    0.0   -0.1
    52.315  -171.794    0.0    0.0   -0.1
    52.324  -171.794    0.0    0.0   -0.1
    52.333  -171.794    0.0    0.0   -0.1
    52.342  -171.794    0.0    0.0   -0.1
    52.351  -171.794    0.0    0.0   -0.1
    52.360  -171.794    0.0    0.0   -0.1
    52.369  -171.794    0.0    0.0   -0.1
    52.378  -171.794    0.0    0.0   -0.1
    52.387  -171.794    0.0    0.0   -0.1
    52.396  -171.794    0.0    0.0   -0.1
    52.405  -171.794    0.0    0.0   -0.1
    52.414  -171.794    0.0    0.0   -0.1
    52.423  -171.794    0.0    0.0   -0.1
    52.432  -171.794    0.0    0.0   -0.1
    52.441  -171.794    0.0    0.0   -0.1
    52.450  -171.794    0.0    0.0   -0.1
    52.459  -171.794    0.0    0.0   -0.1
    52.468  -171.794    0.0    0.0   -0.1
    52.477  -171.794    0.0    0.0   -0.1
    52.486  -171.794    0.0    0.0   -0.1
    52.495  -171.794    0.0    0.0   -0.1
    52.504  -171.794    0.0    0.0   -0.1
    52.513  -171.794    0.0    0.0   -0.1
    52.522  -171.794    0.0    0.0   -0.1
    52.531  -171.794    0.0    0.0   -0.1
    52.540  -171.794    0.0    0.0   -0.1
    52.549  -171.794    0.0    0.0   -0.1
    52.558  -171.794    0.0    0.0   -0.1
    52.567  -171.794    0.0    0.0   -0.1
    52.576  -171.794    0.0    0.0   -0.1
    52.586  -171.794    0.0    0.0   -0.1
    52.595  -171.794    0.0    0.0   -0.1
    52.604  -171.794    0.0    0.0   -0.1
    52.613  -171.794    0.0    0.0   -0.1
    52.622  -171.794    0.0    0.0   -0.1
    52.631  -171.794    0.0    0.0   -0.1
    52.640  -171.794    0.0    0.0   -0.1
    52.649  -171.794    0.0    0.0   -0.1
    52.658  -171.794    0.0    0.0   -0.1
    52.667  -171.794    0.0    0.0   -0.1
    52.676  -171.794    0.0    0.0   -0.1
    52.685  -171.794    0.0    0.0   -0.1
    52.694  -171.794    0.0    0.0   -0.1
    52.703  -171.794    0.0    0.0   -0.1
    52.712  -171.794    0.0    0.0   -0.1
    52.721  -171.794    0.0    0.0   -0.1
    52.730  -171.794    0.0    0.0   -0.1
    52.739  -171.794    0.0    0.0   -0.1
    52.748  -171.794    0.0   -0.0   -0.1
    52.757  -171.794    0.0   -0.0   -0.1
    52.766  -171.794    0.0   -0.0   -0.1
    52.775  -171.794    0.0   -0.0   -0.1
    52.784  -171.794    0.0   -0.0   -0.1
    52.793  -171.794    0.0   -0.0   -0.1
    52.802  -171.794    0.0   -0.0   -0.1
    52.811  -171.794    0.0   -0.0   -0.1
    52.820  -171.794    0.0   -0.0   -0.1
    52.829  -171.794    0.0   -0.0   -0.1
    52.838  -171.794    0.0   -0.0   -0.1
    52.847  -171.794    0.0   -0.0   -0.1
    52.856  -171.794    0.0   -0.0   -0.1
    52.865  -171.794    0.0   -0.0   -0.1
    52.874  -171.794    0.0   -0.0   -0.1
    52.883  -171.794    0.0   -0.0   -0.1
    52.892  -171.794    0.0   -0.0   -0.1
    52.901  -171.794    0.0   -0.0   -0.1
    52.910  -171.794    0.0   -0.0   -0.1
    52.919  -171.794    0.0   -0.0   -0.1
    52.928  -171.794    0.0   -0.0   -0.0
    52.937  -171.794    0.0   -0.0   -0.0
    52.946  -171.794    0.0   -0.0   -0.0
    52.955  -171.794    0.0   -0.0   -0.0
    52.964  -171.794    0.0   -0.0   -0.0
    52.973  -171.794    0.0   -0.0   -0.0
    52.982  -171.794    0.0   -0.0   -0.0
    52.991  -171.794    0.0   -0.0   -0.0
    53.000  -171.794    0.0   -0.0   -0.0
    53.009  -171.794    0.0   -0.0   -0.0
    53.018  -171.794    0.0   -0.0   -0.0
    53.027  -171.794    0.0   -0.0   -0.0
    53.036  -171.794    0.0   -0.0   -0.0
    53.045  -171.794    0.0   -0.0   -0.0
    53.054  -171.794    0.0   -0.0   -0.0
    53.063  -171.794    0.0   -0.0   -0.0
    53.072  -171.794    0.0   -0.0   -0.0
    53.081  -171.794    0.0   -0.0   -0.0
    53.090  -171.794    0.0   -0.0   -0.0
    53.099  -171.794    0.0   -0.0   -0.0
    53.108  -171.794    0.0   -0.0   -0.0
    53.117  -171.794    0.0   -0.0   -0.0
    53.126  -171.794    0.0   -0.0   -0.0
    53.135  -171.794    0.0   -0.0   -0.0
    52.234  -171.779    0.0    0.0   -0.1
    52.243  -171.779    0.0    0.0   -0.1
    52.252  -171.779    0.0    0.0   -0.1
    52.261  -171.779    0.0    0.0   -0.1
    52.270  -171.779    0.0    0.0   -0.1
    52.279  -171.779    0.0    0.0   -0.1
    52.288  -171.779    0.0    0.0   -0.1
    52.297  -171.779    0.0    0.0   -0.1
    52.306  -171.779    0.0    0.0   -0.1
    52.315  -171.779    0.0    0.0   -0.1
    52.324  -171.779    0.0    0.0   -0.1
    52.333  -171.779    0.0    0.0   -0.1
    52.342  -171.779    0.0    0.0   -0.1
    52.351  -171.779    0.0    0.0   -0.1
    52.360  -171.779    0.0    0.0   -0.1
    52.369  -171.779    0.0    0.0   -0.1
    52.378  -171.779    0.0    0.0   -0.1
    52.387  -171.779    0.0    0.0   -0.1
    52.396  -171.779    0.0    0.0   -0.1
    52.405  -171.779    0.0    0.0   -0.1
    52.414  -171.779    0.0    0.0   -0.1
    52.423  -171.779    0.0    0.0   -0.1
    52.432  -171.779    0.0    0.0   -0.1
    52.441  -171.779    0.0    0.0   -0.1
    52.450  -171.779    0.0    0.0   -0.1
    52.459  -171.779    0.0    0.0   -0.1
    52.468  -171.779    0.0    0.0   -0.1
    52.477  -171.779    0.0    0.0   -0.1
    52.486  -171.779    0.0    0.0   -0.1
    52.495  -171.779    0.0    0.0   -0.1
    52.504  -171.779    0.0    0.0   -0.1
    52.513  -171.779    0.0    0.0   -0.1
    52.522  -171.779    0.0    0.0   -0.1
    52.531  -171.779    0.0    0.0   -0.1
    52.540  -171.779    0.0    0.0   -0.1
    52.549  -171.779    0.0    0.0   -0.1
    52.558  -171.779    0.0    0.0   -0.1
    52.567  -171.779    0.0    0.0   -0.1
    52.576  -171.779    0.0    0.0   -0.1
    52.586  -171.779    0.0    0.0   -0.1
    52.595  -171.779    0.0    0.0   -0.1
    52.604  -171.779    0.0    0.0   -0.1
    52.613  -171.779    0.0    0.0   -0.1
    52.622  -171.779    0.0    0.0   -0.1
    52.631  -171.779    0.0    0.0   -0.1
    52.640  -171.779    0.0    0.0   -0.1
    52.649  -171.779    0.0    0.0   -0.1
    52.658  -171.779    0.0    0.0   -0.1
    52.667  -171.779    0.0    0.0   -0.1
    52.676  -171.779    0.0    0.0   -0.1
    52.685  -171.779    0.0    0.0   -0.1
    52.694  -171.779    0.0    0.0   -0.1
    52.703  -171.779    0.0    0.0   -0.1
    52.712  -171.779    0.0    0.0   -0.1
    52.721  -171.779    0.0    0.0   -0.1
    52.730  -171.779    0.0    0.0   -0.1
    52.739  -171.779    0.0    0.0   -0.1
    52.748  -171.779    0.0   -0.0   -0.1
    52.757  -171.779    0.0   -0.0   -0.1
    52.766  -171.779    0.0   -0.0   -0.1
    52.775  -171.779    0.0   -0.0   -0.1
    52.784  -171.779    0.0   -0.0   -0.1
    52.793  -171.779    0.0   -0.0   -0.1
    52.802  -171.779    0.0   -0.0   -0.1
    52.811  -171.779    0.0   -0.0   -0.1
    52.820  -171.779    0.0   -0.0   -0.1
    52.829  -171.779    0.0   -0.0   -0.1
    52.838  -171.779    0.0   -0.0   -0.1
    52.847  -171.779    0.0   -0.0   -0.1
    52.856  -171.779    0.0   -0.0   -0.1
    52.865  -171.779    0.0   -0.0   -0.1
    52.874  -171.779    0.0   -0.0   -0.1
    52.883  -171.779    0.0   -0.0   -0.1
    52.892  -171.779    0.0   -0.0   -0.1
    52.901  -171.779    0.0   -0.0   -0.1
    52.910  -171.779    0.0   -0.0   -0.1
    52.919  -171.779    0.0   -0.0   -0.1
    52.928  -171.779    0.0   -0.0   -0.0
    52.937  -171.779    0.0   -0.0   -0.0
    52.946  -171.779    0.0   -0.0   -0.0
    52.955  -171.779    0.0   -0.0   -0.0
    52.964  -171.779    0.0   -0.0   -0.0
    52.973  -171.779    0.0   -0.0   -0.0
    52.982  -171.779    0.0   -0.0   -0.0
    52.991  -171.779    0.0   -0.0   -0.0
    53.000  -171.779    0.0   -0.0   -0.0
    53.009  -171.779    0.0   -0.0   -0.0
    53.018  -171.779    0.0   -0.0   -0.0
    53.027  -171.779    0.0   -0.0   -0.0
    53.036  -171.779    0.0   -0.0   -0.0
    53.045  -171.779    0.0   -0.0   -0.0
    53.054  -171.779    0.0   -0.0   -0.0
    53.063  -171.779    0.0   -0.0   -0.0
    53.072  -171.779    0.0   -0.0   -0.0
    53.081  -171.779    0.0   -0.0   -0.0
    53.090  -171.779    0.0   -0.0   -0.0
    53.099  -171.779    0.0   -0.0   -0.0
    53.108  -171.779    0.0   -0.0   -0.0
    53.117  -171.779    0.0   -0.0   -0.0
    53.126  -171.779    0.0   -0.0   -0.0
    53.135  -171.779    0.0   -0.0   -0.0
    52.234  -171.764    0.0    0.1   -0.1
    52.243  -171.764    0.0    0.0   -0.1
    52.252  -171.764    0.0    0.0   -0.1
    52.261  -171.764    0.0    0.0   -0.1
    52.270  -171.764    0.0    0.0   -0.1
    52.279  -171.764    0.0    0.0   -0.1
    52.288  -171.764    0.0    0.0   -0.1
    52.297  -171.764    0.0    0.0   -0.1
    52.306  -171.764    0.0    0.0   -0.1
    52.315  -171.764    0.0    0.0   -0.1
    52.324  -171.764    0.0    0.0   -0.1
    52.333  -171.764    0.0    0.0   -0.1
    52.342  -171.764    0.0    0.0   -0.1
    52.351  -171.764    0.0    0.0   -0.1
    52.360  -171.764    0.0    0.0   -0.1
    52.369  -171.764    0.0    0.0   -0.1
    52.378  -171.764    0.0    0.0   -0.1
    52.387  -171.764    0.0    0.0   -0.1
    52.396  -171.764    0.0    0.0   -0.1
    52.405  -171.764    0.0    0.0   -0.1
    52.414  -171.764    0.0    0.0   -0.1
    52.423  -171.764    0.0    0.0   -0.1
    52.432  -171.764    0.0    0.0   -0.1
    52.441  -171.764    0.0    0.0   -0.1
    52.450  -171.764    0.0    0.0   -0.1
    52.459  -171.764    0.0    0.0   -0.1
    52.468  -171.764    0.0    0.0   -0.1
    52.477  -171.764    0.0    0.0   -0.1
    52.486  -171.764    0.0    0.0   -0.1
    52.495  -171.764    0.0    0.0   -0.1
    52.504  -171.764    0.0    0.0   -0.1
    52.513  -171.764    0.0    0.0   -0.1
    52.522  -171.764    0.0    0.0   -0.1
    52.531  -171.764    0.0    0.0   -0.1
    52.540  -171.764    0.0    0.0   -0.1
    52.549  -171.764    0.0    0.0   -0.1
    52.558  -171.764    0.0    0.0   -0.1
    52.567  -171.764    0.0    0.0   -0.1
    52.576  -171.764    0.0    0.0   -0.1
    52.586  -171.764    0.0    0.0   -0.1
    52.595  -171.764    0.0    0.0   -0.1
    52.604  -171.764    0.0    0.0   -0.1
    52.613  -171.764    0.0    0.0   -0.1
    52.622  -171.764    0.0    0.0   -0.1
    52.631  -171.764    0.0    0.0   -0.1
    52.640  -171.764    0.0    0.0   -0.1
    52.649  -171.764    0.0    0.0   -0.1
    52.658  -171.764    0.0    0.0   -0.1
    52.667  -171.764    0.0    0.0   -0.1
    52.676  -171.764    0.0    0.0   -0.1
    52.685  -171.764    0.0    0.0   -0.1
    52.694  -171.764    0.0    0.0   -0.1
    52.703  -171.764    0.0    0.0   -0.1
    52.712  -171.764    0.0    0.0   -0.1
    52.721  -171.764    0.0    0.0   -0.1
    52.730  -171.764    0.0    0.0   -0.1
    52.739  -171.764    0.0    0.0   -0.1
    52.748  -171.764    0.0   -0.0   -0.1
    52.757  -171.764    0.0   -0.0   -0.1
    52.766  -171.764    0.0   -0.0   -0.1
    52.775  -171.764    0.0   -0.0   -0.1
    52.784  -171.764    0.0   -0.0   -0.1
    52.793  -171.764    0.0   -0.0   -0.1
    52.802  -171.764    0.0   -0.0   -0.1
    52.811  -171.764    0.0   -0.0   -0.1
    52.820  -171.764    0.0   -0.0   -0.1
    52.829  -171.764    0.0   -0.0   -0.1
    52.838  -171.764    0.0   -0.0   -0.1
    52.847  -171.764    0.0   -0.0   -0.1
    52.856  -171.764    0.0   -0.0   -0.1
    52.865  -171.764    0.0   -0.0   -0.1
    52.874  -171.764    0.0   -0.0   -0.1
    52.883  -171.764    0.0   -0.0   -0.1
    52.892  -171.764    0.0   -0.0   -0.1
    52.901  -171.764    0.0   -0.0   -0.1
    52.910  -171.764    0.0   -0.0   -0.1
    52.919  -171.764    0.0   -0.0   -0.1
    52.928  -171.764    0.0   -0.0   -0.0
    52.937  -171.764    0.0   -0.0   -0.0
    52.946  -171.764    0.0   -0.0   -0.0
    52.955  -171.764    0.0   -0.0   -0.0
    52.964  -171.764    0.0   -0.0   -0.0
    52.973  -171.764    0.0   -0.0   -0.0
    52.982  -171.764    0.0   -0.0   -0.0
    52.991  -171.764    0.0   -0.0   -0.0
    53.000  -171.764    0.0   -0.0   -0.0
    53.009  -171.764    0.0   -0.0   -0.0
    53.018  -171.764    0.0   -0.0   -0.0
    53.027  -171.764    0.0   -0.0   -0.0
    53.036  -171.764    0.0   -0.0   -0.0
    53.045  -171.764    0.0   -0.0   -0.0
    53.054  -171.764    0.0   -0.0   -0.0
    53.063  -171.764    0.0   -0.0   -0.0
    53.072  -171.764    0.0   -0.0   -0.0
    53.081  -171.764    0.0   -0.0   -0.0
    53.090  -171.764    0.0   -0.0   -0.0
    53.099  -171.764    0.0   -0.0   -0.0
    53.108  -171.764    0.0   -0.0   -0.0
    53.117  -171.764    0.0   -0.0   -0.0
    53.126  -171.764    0.0   -0.0   -0.0
    53.135  -171.764    0.0   -0.0   -0.0
    52.234  -171.749    0.0    0.1   -0.1
    52.243  -171.749    0.0    0.1   -0.1
    52.252  -171.749    0.0    0.1   -0.1
    52.261  -171.749    0.0    0.0   -0.1
    52.270  -171.749    0.0    0.0   -0.1
    52.279  -171.749    0.0    0.0   -0.1
    52.288  -171.749    0.0    0.0   -0.1
    52.297  -171.749    0.0    0.0   -0.1
    52.306  -171.749    0.0    0.0   -0.1
    52.315  -171.749    0.0    0.0   -0.1
    52.324  -171.749    0.0    0.0   -0.1
    52.333  -171.749    0.0    0.0   -0.1
    52.342  -171.749    0.0    0.0   -0.1
    52.351  -171.749    0.0    0.0   -0.1
    52.360  -171.749    0.0    0.0   -0.1
    52.369  -171.749    0.0    0.0   -0.1
    52.378  -171.749    0.0    0.0   -0.1
    52.387  -171.749    0.0    0.0   -0.1
    52.396  -171.749    0.0    0.0   -0.1
    52.405  -171.749    0.0    0.0   -0.1
    52.414  -171.749    0.0    0.0   -0.1
    52.423  -171.749    0.0    0.0   -0.1
    52.432  -171.749    0.0    0.0   -0.1
    52.441  -171.749    0.0    0.0   -0.1
    52.450  -171.749    0.0    0.0   -0.1
    52.459  -171.749    0.0    0.0   -0.1
    52.468  -171.749    0.0    0.0   -0.1
    52.477  -171.749    0.0    0.0   -0.1
    52.486  -171.749    0.0    0.0   -0.1
    52.495  -171.749    0.0    0.0   -0.1
    52.504  -171.749    0.0    0.0   -0.1
    52.513  -171.749    0.0    0.0   -0.1
    52.522  -171.749    0.0    0.0   -0.1
    52.531  -171.749    0.0    0.0   -0.1
    52.540  -171.749    0.0    0.0   -0.1
    52.549  -171.749    0.0    0.0   -0.1
    52.558  -171.749    0.0    0.0   -0.1
    52.567  -171.749    0.0    0.0   -0.1
    52.576  -171.749    0.0    0.0   -0.1
    52.586  -171.749    0.0    0.0   -0.1
    52.595  -171.749    0.0    0.0   -0.1
    52.604  -171.749    0.0    0.0   -0.1
    52.613  -171.749    0.0    0.0   -0.1
    52.622  -171.749    0.0    0.0   -0.1
    52.631  -171.749    0.0    0.0   -0.1
    52.640  -171.749    0.0    0.0   -0.1
    52.649  -171.749    0.0    0.0   -0.1
    52.658  -171.749    0.0    0.0   -0.1
    52.667  -171.749    0.0    0.0   -0.1
    52.676  -171.749    0.0    0.0   -0.1
    52.685  -171.749    0.0    0.0   -0.1
    52.694  -171.749    0.0    0.0   -0.1
    52.703  -171.749    0.0    0.0   -0.1
    52.712  -171.749    0.0    0.0   -0.1
    52.721  -171.749    0.0    0.0   -0.1
    52.730  -171.749    0.0    0.0   -0.1
    52.739  -171.749    0.0    0.0   -0.1
    52.748  -171.749    0.0    0.0   -0.1
    52.757  -171.749    0.0   -0.0   -0.1
    52.766  -171.749    0.0   -0.0   -0.1
    52.775  -171.749    0.0   -0.0   -0.1
    52.784  -171.749    0.0   -0.0   -0.1
    52.793  -171.749    0.0   -0.0   -0.1
    52.802  -171.749    0.0   -0.0   -0.1
    52.811  -171.749    0.0   -0.0   -0.1
    52.820  -171.749    0.0   -0.0   -0.1
    52.829  -171.749    0.0   -0.0   -0.1
    52.838  -171.749    0.0   -0.0   -0.1
    52.847  -171.749    0.0   -0.0   -0.1
    52.856  -171.749    0.0   -0.0   -0.1
    52.865  -171.749    0.0   -0.0   -0.1
    52.874  -171.749    0.0   -0.0   -0.1
    52.883  -171.749    0.0   -0.0   -0.1
    52.892  -171.749    0.0   -0.0   -0.1
    52.901  -171.749    0.0   -0.0   -0.1
    52.910  -171.749    0.0   -0.0   -0.1
    52.919  -171.749    0.0   -0.0   -0.1
    52.928  -171.749    0.0   -0.0   -0.1
    52.937  -171.749    0.0   -0.0   -0.0
    52.946  -171.749    0.0   -0.0   -0.0
    52.955  -171.749    0.0   -0.0   -0.0
    52.964  -171.749    0.0   -0.0   -0.0
    52.973  -171.749    0.0   -0.0   -0.0
    52.982  -171.749    0.0   -0.0   -0.0
    52.991  -171.749    0.0   -0.0   -0.0
    53.000  -171.749    0.0   -0.0   -0.0
    53.009  -171.749    0.0   -0.0   -0.0
    53.018  -171.749    0.0   -0.0   -0.0
    53.027  -171.749    0.0   -0.0   -0.0
    53.036  -171.749    0.0   -0.0   -0.0
    53.045  -171.749    0.0   -0.0   -0.0
    53.054  -171.749    0.0   -0.0   -0.0
    53.063  -171.749    0.0   -0.0   -0.0
    53.072  -171.749    0.0   -0.0   -0.0
    53.081  -171.749    0.0   -0.0   -0.0
    53.090  -171.749    0.0   -0.0   -0.0
    53.099  -171.749    0.0   -0.0   -0.0
    53.108  -171.749    0.0   -0.0   -0.0
    53.117  -171.749    0.0   -0.0   -0.0
    53.126  -171.749    0.0   -0.0   -0.0
    53.135  -171.749    0.0   -0.0   -0.0
    52.234  -171.734    0.0    0.1   -0.1
    52.243  -171.734    0.0    0.1   -0.1
    52.252  -171.734    0.0    0.1   -0.1
    52.261  -171.734    0.0    0.1   -0.1
    52.270  -171.734    0.0    0.0   -0.1
    52.279  -171.734    0.0    0.0   -0.1
    52.288  -171.734    0.0    0.0   -0.1
    52.297  -171.734    0.0    0.0   -0.1
    52.306  -171.734    0.0    0.0   -0.1
    52.315  -171.734    0.0    0.0   -0.1
    52.324  -171.734    0.0    0.0   -0.1
    52.333  -171.734    0.0    0.0   -0.1
    52.342  -171.734    0.0    0.0   -0.1
    52.351  -171.734    0.0    0.0   -0.1
    52.360  -171.734    0.0    0.0   -0.1
    52.369  -171.734    0.0    0.0   -0.1
    52.378  -171.734    0.0    0.0   -0.1
    52.387  -171.734    0.0    0.0   -0.1
    52.396  -171.734    0.0    0.0   -0.1
    52.405  -171.734    0.0    0.0   -0.1
    52.414  -171.734    0.0    0.0   -0.1
    52.423  -171.734    0.0    0.0   -0.1
    52.432  -171.734    0.0    0.0   -0.1
    52.441  -171.734    0.0    0.0   -0.1
    52.450  -171.734    0.0    0.0   -0.1
    52.459  -171.734    0.0    0.0   -0.1
    52.468  -171.734    0.0    0.0   -0.1
    52.477  -171.734    0.0    0.0   -0.1
    52.486  -171.734    0.0    0.0   -0.1
    52.495  -171.734    0.0    0.0   -0.1
    52.504  -171.734    0.0    0.0   -0.1
    52.513  -171.734    0.0    0.0   -0.1
    52.522  -171.734    0.0    0.0   -0.1
    52.531  -171.734    0.0    0.0   -0.1
    52.540  -171.734    0.0    0.0   -0.1
    52.549  -171.734    0.0    0.0   -0.1
    52.558  -171.734    0.0    0.0   -0.1
    52.567  -171.734    0.0    0.0   -0.1
    52.576  -171.734    0.0    0.0   -0.1
    52.586  -171.734    0.0    0.0   -0.1
    52.595  -171.734    0.0    0.0   -0.1
    52.604  -171.734    0.0    0.0   -0.1
    52.613  -171.734    0.0    0.0   -0.1
    52.622  -171.734    0.0    0.0   -0.1
    52.631  -171.734    0.0    0.0   -0.1
    52.640  -171.734    0.0    0.0   -0.1
    52.649  -171.734    0.0    0.0   -0.1
    52.658  -171.734    0.0    0.0   -0.1
    52.667  -171.734    0.0    0.0   -0.1
    52.676  -171.734    0.0    0.0   -0.1
    52.685  -171.734    0.0    0.0   -0.1
    52.694  -171.734    0.0    0.0   -0.1
    52.703  -171.734    0.0    0.0   -0.1
    52.712  -171.734    0.0    0.0   -0.1
    52.721  -171.734    0.0    0.0   -0.1
    52.730  -171.734    0.0    0.0   -0.1
    52.739  -171.734    0.0    0.0   -0.1
    52.748  -171.734    0.0    0.0   -0.1
    52.757  -171.734    0.0   -0.0   -0.1
    52.766  -171.734    0.0   -0.0   -0.1
    52.775  -171.734    0.0   -0.0   -0.1
    52.784  -171.734    0.0   -0.0   -0.1
    52.793  -171.734    0.0   -0.0   -0.1
    52.802  -171.734    0.0   -0.0   -0.1
    52.811  -171.734    0.0   -0.0   -0.1
    52.820  -171.734    0.0   -0.0   -0.1
    52.829  -171.734    0.0   -0.0   -0.1
    52.838  -171.734    0.0   -0.0   -0.1
    52.847  -171.734    0.0   -0.0   -0.1
    52.856  -171.734    0.0   -0.0   -0.1
    52.865  -171.734    0.0   -0.0   -0.1
    52.874  -171.734    0.0   -0.0   -0.1
    52.883  -171.734    0.0   -0.0   -0.1
    52.892  -171.734    0.0   -0.0   -0.1
    52.901  -171.734    0.0   -0.0   -0.1
    52.910  -171.734    0.0   -0.0   -0.1
    52.919  -171.734    0.0   -0.0   -0.1
    52.928  -171.734    0.0   -0.0   -0.1
    52.937  -171.734    0.0   -0.0   -0.0
    52.946  -171.734    0.0   -0.0   -0.0
    52.955  -171.734    0.0   -0.0   -0.0
    52.964  -171.734    0.0   -0.0   -0.0
    52.973  -171.734    0.0   -0.0   -0.0
    52.982  -171.734    0.0   -0.0   -0.0
    52.991  -171.734    0.0   -0.0   -0.0
    53.000  -171.734    0.0   -0.0   -0.0
    53.009  -171.734    0.0   -0.0   -0.0
    53.018  -171.734    0.0   -0.0   -0.0
    53.027  -171.734    0.0   -0.0   -0.0
    53.036  -171.734    0.0   -0.0   -0.0
    53.045  -171.734    0.0   -0.0   -0.0
    53.054  -171.734    0.0   -0.0   -0.0
    53.063  -171.734    0.0   -0.0   -0.0
    53.072  -171.734    0.0   -0.0   -0.0
    53.081  -171.734    0.0   -0.0   -0.0
    53.090  -171.734    0.0   -0.0   -0.0
    53.099  -171.734    0.0   -0.0   -0.0
    53.108  -171.734    0.0   -0.0   -0.0
    53.117  -171.734    0.0   -0.0   -0.0
    53.126  -171.734    0.0   -0.0   -0.0
    53.135  -171.734    0.0   -0.0   -0.0
    52.234  -171.719    0.0    0.1   -0.1
    52.243  -171.719    0.0    0.1   -0.1
    52.252  -171.719    0.0    0.1   -0.1
    52.261  -171.719    0.0    0.1   -0.1
    52.270  -171.719    0.0    0.1   -0.1
    52.279  -171.719    0.0    0.0   -0.1
    52.288  -171.719    0.0    0.0   -0.1
    52.297  -171.719    0.0    0.0   -0.1
    52.306  -171.719    0.0    0.0   -0.1
    52.315  -171.719    0.0    0.0   -0.1
    52.324  -171.719    0.0    0.0   -0.1
    52.333  -171.719    0.0    0.0   -0.1
    52.342  -171.719    0.0    0.0   -0.1
    52.351  -171.719    0.0    0.0   -0.1
    52.360  -171.719    0.0    0.0   -0.1
    52.369  -171.719    0.0    0.0   -0.1
    52.378  -171.719    0.0    0.0   -0.1
    52.387  -171.719    0.0    0.0   -0.1
    52.396  -171.719    0.0    0.0   -0.1
    52.405  -171.719    0.0    0.0   -0.1
    52.414  -171.719    0.0    0.0   -0.1
    52.423  -171.719    0.0    0.0   -0.1
    52.432  -171.719    0.0    0.0   -0.1
    52.441  -171.719    0.0    0.0   -0.1
    52.450  -171.719    0.0    0.0   -0.1
    52.459  -171.719    0.0    0.0   -0.1
    52.468  -171.719    0.0    0.0   -0.1
    52.477  -171.719    0.0    0.0   -0.1
    52.486  -171.719    0.0    0.0   -0.1
    52.495  -171.719    0.0    0.0   -0.1
    52.504  -171.719    0.0    0.0   -0.1
    52.513  -171.719    0.0    0.0   -0.1
    52.522  -171.719    0.0    0.0   -0.1
    52.531  -171.719    0.0    0.0   -0.1
    52.540  -171.719    0.0    0.0   -0.1
    52.549  -171.719    0.0    0.0   -0.1
    52.558  -171.719    0.0    0.0   -0.1
    52.567  -171.719    0.0    0.0   -0.1
    52.576  -171.719    0.0    0.0   -0.1
    52.586  -171.719    0.0    0.0   -0.1
    52.595  -171.719    0.0    0.0   -0.1
    52.604  -171.719    0.0    0.0   -0.1
    52.613  -171.719    0.0    0.0   -0.1
    52.622  -171.719    0.0    0.0   -0.1
    52.631  -171.719    0.0    0.0   -0.1
    52.640  -171.719    0.0    0.0   -0.1
    52.649  -171.719    0.0    0.0   -0.1
    52.658  -171.719    0.0    0.0   -0.1
    52.667  -171.719    0.0    0.0   -0.1
    52.676  -171.719    0.0    0.0   -0.1
    52.685  -171.719    0.0    0.0   -0.1
    52.694  -171.719    0.0    0.0   -0.1
    52.703  -171.719    0.0    0.0   -0.1
    52.712  -171.719    0.0    0.0   -0.1
    52.721  -171.719    0.0    0.0   -0.1
    52.730  -171.719    0.0    0.0   -0.1
    52.739  -171.719    0.0    0.0   -0.1
    52.748  -171.719    0.0    0.0   -0.1
    52.757  -171.719    0.0   -0.0   -0.1
    52.766  -171.719    0.0   -0.0   -0.1
    52.775  -171.719    0.0   -0.0   -0.1
    52.784  -171.719    0.0   -0.0   -0.1
    52.793  -171.719    0.0   -0.0   -0.1
    52.802  -171.719    0.0   -0.0   -0.1
    52.811  -171.719    0.0   -0.0   -0.1
    52.820  -171.719    0.0   -0.0   -0.1
    52.829  -171.719    0.0   -0.0   -0.1
    52.838  -171.719    0.0   -0.0   -0.1
    52.847  -171.719    0.0   -0.0   -0.1
    52.856  -171.719    0.0   -0.0   -0.1
    52.865  -171.719    0.0   -0.0   -0.1
    52.874  -171.719    0.0   -0.0   -0.1
    52.883  -171.719    0.0   -0.0   -0.1
    52.892  -171.719    0.0   -0.0   -0.1
    52.901  -171.719    0.0   -0.0   -0.1
    52.910  -171.719    0.0   -0.0   -0.1
    52.919  -171.719    0.0   -0.0   -0.1
    52.928  -171.719    0.0   -0.0   -0.1
    52.937  -171.719    0.0   -0.0   -0.0
    52.946  -171.719    0.0   -0.0   -0.0
    52.955  -171.719    0.0   -0.0   -0.0
    52.964  -171.719    0.0   -0.0   -0.0
    52.973  -171.719    0.0   -0.0   -0.0
    52.982  -171.719    0.0   -0.0   -0.0
    52.991  -171.719    0.0   -0.0   -0.0
    53.000  -171.719    0.0   -0.0   -0.0
    53.009  -171.719    0.0   -0.0   -0.0
    53.018  -171.719    0.0   -0.0   -0.0
    53.027  -171.719    0.0   -0.0   -0.0
    53.036  -171.719    0.0   -0.0   -0.0
    53.045  -171.719    0.0   -0.0   -0.0
    53.054  -171.719    0.0   -0.0   -0.0
    53.063  -171.719    0.0   -0.0   -0.0
    53.072  -171.719    0.0   -0.0   -0.0
    53.081  -171.719    0.0   -0.0   -0.0
    53.090  -171.719    0.0   -0.0   -0.0
    53.099  -171.719    0.0   -0.0   -0.0
    53.108  -171.719    0.0   -0.0   -0.0
    53.117  -171.719    0.0   -0.0   -0.0
    53.126  -171.719    0.0   -0.0   -0.0
    53.135  -171.719    0.0   -0.0   -0.0
    52.234  -171.704    0.0    0.1   -0.1
    52.243  -171.704    0.0    0.1   -0.1
    52.252  -171.704    0.0    0.1   -0.1
    52.261  -171.704    0.0    0.1   -0.1
    52.270  -171.704    0.0    0.1   -0.1
    52.279  -171.704    0.0    0.1   -0.1
    52.288  -171.704    0.0    0.0   -0.1
    52.297  -171.704    0.0    0.0   -0.1
    52.306  -171.704    0.0    0.0   -0.1
    52.315  -171.704    0.0    0.0   -0.1
    52.324  -171.704    0.0    0.0   -0.1
    52.333  -171.704    0.0    0.0   -0.1
    52.342  -171.704    0.0    0.0   -0.1
    52.351  -171.704    0.0    0.0   -0.1
    52.360  -171.704    0.0    0.0   -0.1
    52.369  -171.704    0.0    0.0   -0.1
    52.378  -171.704    0.0    0.0   -0.1
    52.387  -171.704    0.0    0.0   -0.1
    52.396  -171.704    0.0    0.0   -0.1
    52.405  -171.704    0.0    0.0   -0.1
    52.414  -171.704    0.0    0.0   -0.1
    52.423  -171.704    0.0    0.0   -0.1
    52.432  -171.704    0.0    0.0   -0.1
    52.441  -171.704    0.0    0.0   -0.1
    52.450  -171.704    0.0    0.0   -0.1
    52.459  -171.704    0.0    0.0   -0.1
    52.468  -171.704    0.0    0.0   -0.1
    52.477  -171.704    0.0    0.0   -0.1
    52.486  -171.704    0.0    0.0   -0.1
    52.495  -171.704    0.0    0.0   -0.1
    52.504  -171.704    0.0    0.0   -0.1
    52.513  -171.704    0.0    0.0   -0.1
    52.522  -171.704    0.0    0.0   -0.1
    52.531  -171.704    0.0    0.0   -0.1
    52.540  -171.704    0.0    0.0   -0.1
    52.549  -171.704    0.0    0.0   -0.1
    52.558  -171.704    0.0    0.0   -0.1
    52.567  -171.704    0.0    0.0   -0.1
    52.576  -171.704    0.0    0.0   -0.1
    52.586  -171.704    0.0    0.0   -0.1
    52.595  -171.704    0.0    0.0   -0.1
    52.604  -171.704    0.0    0.0   -0.1
    52.613  -171.704    0.0    0.0   -0.1
    52.622  -171.704    0.0    0.0   -0.1
    52.631  -171.704    0.0    0.0   -0.1
    52.640  -171.704    0.0    0.0   -0.1
    52.649  -171.704    0.0    0.0   -0.1
    52.658  -171.704    0.0    0.0   -0.1
    52.667  -171.704    0.0    0.0   -0.1
    52.676  -171.704    0.0    0.0   -0.1
    52.685  -171.704    0.0    0.0   -0.1
    52.694  -171.704    0.0    0.0   -0.1
    52.703  -171.704    0.0    0.0   -0.1
    52.712  -171.704    0.0    0.0   -0.1
    52.721  -171.704    0.0    0.0   -0.1
    52.730  -171.704    0.0    0.0   -0.1
    52.739  -171.704    0.0    0.0   -0.1
    52.748  -171.704    0.0    0.0   -0.1
    52.757  -171.704    0.0   -0.0   -0.1
    52.766  -171.704    0.0   -0.0   -0.1
    52.775  -171.704    0.0   -0.0   -0.1
    52.784  -171.704    0.0   -0.0   -0.1
    52.793  -171.704    0.0   -0.0   -0.1
    52.802  -171.704    0.0   -0.0   -0.1
    52.811  -171.704    0.0   -0.0   -0.1
    52.820  -171.704    0.0   -0.0   -0.1
    52.829  -171.704    0.0   -0.0   -0.1
    52.838  -171.704    0.0   -0.0   -0.1
    52.847  -171.704    0.0   -0.0   -0.1
    52.856  -171.704    0.0   -0.0   -0.1
    52.865  -171.704    0.0   -0.0   -0.1
    52.874  -171.704    0.0   -0.0   -0.1
    52.883  -171.704    0.0   -0.0   -0.1
    52.892  -171.704    0.0   -0.0   -0.1
    52.901  -171.704    0.0   -0.0   -0.1
    52.910  -171.704    0.0   -0.0   -0.1
    52.919  -171.704    0.0   -0.0   -0.1
    52.928  -171.704    0.0   -0.0   -0.1
    52.937  -171.704    0.0   -0.0   -0.0
    52.946  -171.704    0.0   -0.0   -0.0
    52.955  -171.704    0.0   -0.0   -0.0
    52.964  -171.704    0.0   -0.0   -0.0
    52.973  -171.704    0.0   -0.0   -0.0
    52.982  -171.704    0.0   -0.0   -0.0
    52.991  -171.704    0.0   -0.0   -0.0
    53.000  -171.704    0.0   -0.0   -0.0
    53.009  -171.704    0.0   -0.0   -0.0
    53.018  -171.704    0.0   -0.0   -0.0
    53.027  -171.704    0.0   -0.0   -0.0
    53.036  -171.704    0.0   -0.0   -0.0
    53.045  -171.704    0.0   -0.0   -0.0
    53.054  -171.704    0.0   -0.0   -0.0
    53.063  -171.704    0.0   -0.0   -0.0
    53.072  -171.704    0.0   -0.0   -0.0
    53.081  -171.704    0.0   -0.0   -0.0
    53.090  -171.704    0.0   -0.0   -0.0
    53.099  -171.704    0.0   -0.0   -0.0
    53.108  -171.704    0.0   -0.0   -0.0
    53.117  -171.704    0.0   -0.0   -0.0
    53.126  -171.704    0.0   -0.0   -0.0
    53.135  -171.704    0.0   -0.0   -0.0
    52.234  -171.689    0.0    0.1   -0.1
    52.243  -171.689    0.0    0.1   -0.1
    52.252  -171.689    0.0    0.1   -0.1
    52.261  -171.689    0.0    0.1   -0.1
    52.270  -171.689    0.0    0.1   -0.1
    52.279  -171.689    0.0    0.1   -0.1
    52.288  -171.689    0.0    0.1   -0.1
    52.297  -171.689    0.0    0.0   -0.1
    52.306  -171.689    0.0    0.0   -0.1
    52.315  -171.689    0.0    0.0   -0.1
    52.324  -171.689    0.0    0.0   -0.1
    52.333  -171.689    0.0    0.0   -0.1
    52.342  -171.689    0.0    0.0   -0.1
    52.351  -171.689    0.0    0.0   -0.1
    52.360  -171.689    0.0    0.0   -0.1
    52.369  -171.689    0.0    0.0   -0.1
    52.378  -171.689    0.0    0.0   -0.1
    52.387  -171.689    0.0    0.0   -0.1
    52.396  -171.689    0.0    0.0   -0.1
    52.405  -171.689    0.0    0.0   -0.1
    52.414  -171.689    0.0    0.0   -0.1
    52.423  -171.689    0.0    0.0   -0.1
    52.432  -171.689    0.0    0.0   -0.1
    52.441  -171.689    0.0    0.0   -0.1
    52.450  -171.689    0.0    0.0   -0.1
    52.459  -171.689    0.0    0.0   -0.1
    52.468  -171.689    0.0    0.0   -0.1
    52.477  -171.689    0.0    0.0   -0.1
    52.486  -171.689    0.0    0.0   -0.1
    52.495  -171.689    0.0    0.0   -0.1
    52.504  -171.689    0.0    0.0   -0.1
    52.513  -171.689    0.0    0.0   -0.1
    52.522  -171.689    0.0    0.0   -0.1
    52.531  -171.689    0.0    0.0   -0.1
    52.540  -171.689    0.0    0.0   -0.1
    52.549  -171.689    0.0    0.0   -0.1
    52.558  -171.689    0.0    0.0   -0.1
    52.567  -171.689    0.0    0.0   -0.1
    52.576  -171.689    0.0    0.0   -0.1
    52.586  -171.689    0.0    0.0   -0.1
    52.595  -171.689    0.0    0.0   -0.1
    52.604  -171.689    0.0    0.0   -0.1
    52.613  -171.689    0.0    0.0   -0.1
    52.622  -171.689    0.0    0.0   -0.1
    52.631  -171.689    0.0    0.0   -0.1
    52.640  -171.689    0.0    0.0   -0.1
    52.649  -171.689    0.0    0.0   -0.1
    52.658  -171.689    0.0    0.0   -0.1
    52.667  -171.689    0.0    0.0   -0.1
    52.676  -171.689    0.0    0.0   -0.1
    52.685  -171.689    0.0    0.0   -0.1
    52.694  -171.689    0.0    0.0   -0.1
    52.703  -171.689    0.0    0.0   -0.1
    52.712  -171.689    0.0    0.0   -0.1
    52.721  -171.689    0.0    0.0   -0.1
    52.730  -171.689    0.0    0.0   -0.1
    52.739  -171.689    0.0    0.0   -0.1
    52.748  -171.689    0.0    0.0   -0.1
    52.757  -171.689    0.0   -0.0   -0.1
    52.766  -171.689    0.0   -0.0   -0.1
    52.775  -171.689    0.0   -0.0   -0.1
    52.784  -171.689    0.0   -0.0   -0.1
    52.793  -171.689    0.0   -0.0   -0.1
    52.802  -171.689    0.0   -0.0   -0.1
    52.811  -171.689    0.0   -0.0   -0.1
    52.820  -171.689    0.0   -0.0   -0.1
    52.829  -171.689    0.0   -0.0   -0.1
    52.838  -171.689    0.0   -0.0   -0.1
    52.847  -171.689    0.0   -0.0   -0.1
    52.856  -171.689    0.0   -0.0   -0.1
    52.865  -171.689    0.0   -0.0   -0.1
    52.874  -171.689    0.0   -0.0   -0.1
    52.883  -171.689    0.0   -0.0   -0.1
    52.892  -171.689    0.0   -0.0   -0.1
    52.901  -171.689    0.0   -0.0   -0.1
    52.910  -171.689    0.0   -0.0   -0.1
    52.919  -171.689    0.0   -0.0   -0.1
    52.928  -171.689    0.0   -0.0   -0.1
    52.937  -171.689    0.0   -0.0   -0.0
    52.946  -171.689    0.0   -0.0   -0.0
    52.955  -171.689    0.0   -0.0   -0.0
    52.964  -171.689    0.0   -0.0   -0.0
    52.973  -171.689    0.0   -0.0   -0.0
    52.982  -171.689    0.0   -0.0   -0.0
    52.991  -171.689    0.0   -0.0   -0.0
    53.000  -171.689    0.0   -0.0   -0.0
    53.009  -171.689    0.0   -0.0   -0.0
    53.018  -171.689    0.0   -0.0   -0.0
    53.027  -171.689    0.0   -0.0   -0.0
    53.036  -171.689    0.0   -0.0   -0.0
    53.045  -171.689    0.0   -0.0   -0.0
    53.054  -171.689    0.0   -0.0   -0.0
    53.063  -171.689    0.0   -0.0   -0.0
    53.072  -171.689    0.0   -0.0   -0.0
    53.081  -171.689    0.0   -0.0   -0.0
    53.090  -171.689    0.0   -0.0   -0.0
    53.099  -171.689    0.0   -0.0   -0.0
    53.108  -171.689    0.0   -0.0   -0.0
    53.117  -171.689    0.0   -0.0   -0.0
    53.126  -171.689    0.0   -0.0   -0.0
    53.135  -171.689    0.0   -0.0   -0.0
    52.234  -171.674    0.0    0.1   -0.1
    52.243  -171.674    0.0    0.1   -0.1
    52.252  -171.674    0.0    0.1   -0.1
    52.261  -171.674    0.0    0.1   -0.1
    52.270  -171.674    0.0    0.1   -0.1
    52.279  -171.674    0.0    0.1   -0.1
    52.288  -171.674    0.0    0.1   -0.1
    52.297  -171.674    0.0    0.1   -0.1
    52.306  -171.674    0.0    0.0   -0.1
    52.315  -171.674    0.0    0.0   -0.1
    52.324  -171.674    0.0    0.0   -0.1
    52.333  -171.674    0.0    0.0   -0.1
    52.342  -171.674    0.0    0.0   -0.1
    52.351  -171.674    0.0    0.0   -0.1
    52.360  -171.674    0.0    0.0   -0.1
    52.369  -171.674    0.0    0.0   -0.1
    52.378  -171.674    0.0    0.0   -0.1
    52.387  -171.674    0.0    0.0   -0.1
    52.396  -171.674    0.0    0.0   -0.1
    52.405  -171.674    0.0    0.0   -0.1
    52.414  -171.674    0.0    0.0   -0.1
    52.423  -171.674    0.0    0.0   -0.1
    52.432  -171.674    0.0    0.0   -0.1
    52.441  -171.674    0.0    0.0   -0.1
    52.450  -171.674    0.0    0.0   -0.1
    52.459  -171.674    0.0    0.0   -0.1
    52.468  -171.674    0.0    0.0   -0.1
    52.477  -171.674    0.0    0.0   -0.1
    52.486  -171.674    0.0    0.0   -0.1
    52.495  -171.674    0.0    0.0   -0.1
    52.504  -171.674    0.0    0.0   -0.1
    52.513  -171.674    0.0    0.0   -0.1
    52.522  -171.674    0.0    0.0   -0.1
    52.531  -171.674    0.0    0.0   -0.1
    52.540  -171.674    0.0    0.0   -0.1
    52.549  -171.674    0.0    0.0   -0.1
    52.558  -171.674    0.0    0.0   -0.1
    52.567  -171.674    0.0    0.0   -0.1
    52.576  -171.674    0.0    0.0   -0.1
    52.586  -171.674    0.0    0.0   -0.1
    52.595  -171.674    0.0    0.0   -0.1
    52.604  -171.674    0.0    0.0   -0.1
    52.613  -171.674    0.0    0.0   -0.1
    52.622  -171.674    0.0    0.0   -0.1
    52.631  -171.674    0.0    0.0   -0.1
    52.640  -171.674    0.0    0.0   -0.1
    52.649  -171.674    0.0    0.0   -0.1
    52.658  -171.674    0.0    0.0   -0.1
    52.667  -171.674    0.0    0.0   -0.1
    52.676  -171.674    0.0    0.0   -0.1
    52.685  -171.674    0.0    0.0   -0.1
    52.694  -171.674    0.0    0.0   -0.1
    52.703  -171.674    0.0    0.0   -0.1
    52.712  -171.674    0.0    0.0   -0.1
    52.721  -171.674    0.0    0.0   -0.1
    52.730  -171.674    0.0    0.0   -0.1
    52.739  -171.674    0.0    0.0   -0.1
    52.748  -171.674    0.0    0.0   -0.1
    52.757  -171.674    0.0   -0.0   -0.1
    52.766  -171.674    0.0   -0.0   -0.1
    52.775  -171.674    0.0   -0.0   -0.1
    52.784  -171.674    0.0   -0.0   -0.1
    52.793  -171.674    0.0   -0.0   -0.1
    52.802  -171.674    0.0   -0.0   -0.1
    52.811  -171.674    0.0   -0.0   -0.1
    52.820  -171.674    0.0   -0.0   -0.1
    52.829  -171.674    0.0   -0.0   -0.1
    52.838  -171.674    0.0   -0.0   -0.1
    52.847  -171.674    0.0   -0.0   -0.1
    52.856  -171.674    0.0   -0.0   -0.1
    52.865  -171.674    0.0   -0.0   -0.1
    52.874  -171.674    0.0   -0.0   -0.1
    52.883  -171.674    0.0   -0.0   -0.1
    52.892  -171.674    0.0   -0.0   -0.1
    52.901  -171.674    0.0   -0.0   -0.1
    52.910  -171.674    0.0   -0.0   -0.1
    52.919  -171.674    0.0   -0.0   -0.1
    52.928  -171.674    0.0   -0.0   -0.1
    52.937  -171.674    0.0   -0.0   -0.0
    52.946  -171.674    0.0   -0.0   -0.0
    52.955  -171.674    0.0   -0.0   -0.0
    52.964  -171.674    0.0   -0.0   -0.0
    52.973  -171.674    0.0   -0.0   -0.0
    52.982  -171.674    0.0   -0.0   -0.0
    52.991  -171.674    0.0   -0.0   -0.0
    53.000  -171.674    0.0   -0.0   -0.0
    53.009  -171.674    0.0   -0.0   -0.0
    53.018  -171.674    0.0   -0.0   -0.0
    53.027  -171.674    0.0   -0.0   -0.0
    53.036  -171.674    0.0   -0.0   -0.0
    53.045  -171.674    0.0   -0.0   -0.0
    53.054  -171.674    0.0   -0.0   -0.0
    53.063  -171.674    0.0   -0.0   -0.0
    53.072  -171.674    0.0   -0.0   -0.0
    53.081  -171.674    0.0   -0.0   -0.0
    53.090  -171.674    0.0   -0.0   -0.0
    53.099  -171.674    0.0   -0.0   -0.0
    53.108  -171.674    0.0   -0.0   -0.0
    53.117  -171.674    0.0   -0.0   -0.0
    53.126  -171.674    0.0   -0.0   -0.0
    53.135  -171.674    0.0   -0.0   -0.0
    52.234  -171.659    0.0    0.1   -0.1
    52.243  -171.659    0.0    0.1   -0.1
    52.252  -171.659    0.0    0.1   -0.1
    52.261  -171.659    0.0    0.1   -0.1
    52.270  -171.659    0.0    0.1   -0.1
    52.279  -171.659    0.0    0.1   -0.1
    52.288  -171.659    0.0    0.1   -0.1
    52.297  -171.659    0.0    0.1   -0.1
    52.306  -171.659    0.0    0.0   -0.1
    52.315  -171.659    0.0    0.0   -0.1
    52.324  -171.659    0.0    0.0   -0.1
    52.333  -171.659    0.0    0.0   -0.1
    52.342  -171.659    0.0    0.0   -0.1
    52.351  -171.659    0.0    0.0   -0.1
    52.360  -171.659    0.0    0.0   -0.1
    52.369  -171.659    0.0    0.0   -0.1
    52.378  -171.659    0.0    0.0   -0.1
    52.387  -171.659    0.0    0.0   -0.1
    52.396  -171.659    0.0    0.0   -0.1
    52.405  -171.659    0.0    0.0   -0.1
    52.414  -171.659    0.0    0.0   -0.1
    52.423  -171.659    0.0    0.0   -0.1
    52.432  -171.659    0.0    0.0   -0.1
    52.441  -171.659    0.0    0.0   -0.1
    52.450  -171.659    0.0    0.0   -0.1
    52.459  -171.659    0.0    0.0   -0.1
    52.468  -171.659    0.0    0.0   -0.1
    52.477  -171.659    0.0    0.0   -0.1
    52.486  -171.659    0.0    0.0   -0.1
    52.495  -171.659    0.0    0.0   -0.1
    52.504  -171.659    0.0    0.0   -0.1
    52.513  -171.659    0.0    0.0   -0.1
    52.522  -171.659    0.0    0.0   -0.1
    52.531  -171.659    0.0    0.0   -0.1
    52.540  -171.659    0.0    0.0   -0.1
    52.549  -171.659    0.0    0.0   -0.1
    52.558  -171.659    0.0    0.0   -0.1
    52.567  -171.659    0.0    0.0   -0.1
    52.576  -171.659    0.0    0.0   -0.1
    52.586  -171.659    0.0    0.0   -0.1
    52.595  -171.659    0.0    0.0   -0.1
    52.604  -171.659    0.0    0.0   -0.1
    52.613  -171.659    0.0    0.0   -0.1
    52.622  -171.659    0.0    0.0   -0.1
    52.631  -171.659    0.0    0.0   -0.1
    52.640  -171.659    0.0    0.0   -0.1
    52.649  -171.659    0.0    0.0   -0.1
    52.658  -171.659    0.0    0.0   -0.1
    52.667  -171.659    0.0    0.0   -0.1
    52.676  -171.659    0.0    0.0   -0.1
    52.685  -171.659    0.0    0.0   -0.1
    52.694  -171.659    0.0    0.0   -0.1
    52.703  -171.659    0.0    0.0   -0.1
    52.712  -171.659    0.0    0.0   -0.1
    52.721  -171.659    0.0    0.0   -0.1
    52.730  -171.659    0.0    0.0   -0.1
    52.739  -171.659    0.0    0.0   -0.1
    52.748  -171.659    0.0    0.0   -0.1
    52.757  -171.659    0.0   -0.0   -0.1
    52.766  -171.659    0.0   -0.0   -0.1
    52.775  -171.659    0.0   -0.0   -0.1
    52.784  -171.659    0.0   -0.0   -0.1
    52.793  -171.659    0.0   -0.0   -0.1
    52.802  -171.659    0.0   -0.0   -0.1
    52.811  -171.659    0.0   -0.0   -0.1
    52.820  -171.659    0.0   -0.0   -0.1
    52.829  -171.659    0.0   -0.0   -0.1
    52.838  -171.659    0.0   -0.0   -0.1
    52.847  -171.659    0.0   -0.0   -0.1
    52.856  -171.659    0.0   -0.0   -0.1
    52.865  -171.659    0.0   -0.0   -0.1
    52.874  -171.659    0.0   -0.0   -0.1
    52.883  -171.659    0.0   -0.0   -0.1
    52.892  -171.659    0.0   -0.0   -0.1
    52.901  -171.659    0.0   -0.0   -0.1
    52.910  -171.659    0.0   -0.0   -0.1
    52.919  -171.659    0.0   -0.0   -0.1
    52.928  -171.659    0.0   -0.0   -0.1
    52.937  -171.659    0.0   -0.0   -0.0
    52.946  -171.659    0.0   -0.0   -0.0
    52.955  -171.659    0.0   -0.0   -0.0
    52.964  -171.659    0.0   -0.0   -0.0
    52.973  -171.659    0.0   -0.0   -0.0
    52.982  -171.659    0.0   -0.0   -0.0
    52.991  -171.659    0.0   -0.0   -0.0
    53.000  -171.659    0.0   -0.0   -0.0
    53.009  -171.659    0.0   -0.0   -0.0
    53.018  -171.659    0.0   -0.0   -0.0
    53.027  -171.659    0.0   -0.0   -0.0
    53.036  -171.659    0.0   -0.0   -0.0
    53.045  -171.659    0.0   -0.0   -0.0
    53.054  -171.659    0.0   -0.0   -0.0
    53.063  -171.659    0.0   -0.0   -0.0
    53.072  -171.659    0.0   -0.0   -0.0
    53.081  -171.659    0.0   -0.0   -0.0
    53.090  -171.659    0.0   -0.0   -0.0
    53.099  -171.659    0.0   -0.0   -0.0
    53.108  -171.659    0.0   -0.0   -0.0
    53.117  -171.659    0.0   -0.0   -0.0
    53.126  -171.659    0.0   -0.0   -0.0
    53.135  -171.659    0.0   -0.0   -0.0
    52.234  -171.645    0.0    0.1   -0.1
    52.243  -171.645    0.0    0.1   -0.1
    52.252  -171.645    0.0    0.1   -0.1
    52.261  -171.645    0.0    0.1   -0.1
    52.270  -171.645    0.0    0.1   -0.1
    52.279  -171.645    0.0    0.1   -0.1
    52.288  -171.645    0.0    0.1   -0.1
    52.297  -171.645    0.0    0.1   -0.1
    52.306  -171.645    0.0    0.1   -0.1
    52.315  -171.645    0.0    0.0   -0.1
    52.324  -171.645    0.0    0.0   -0.1
    52.333  -171.645    0.0    0.0   -0.1
    52.342  -171.645    0.0    0.0   -0.1
    52.351  -171.645    0.0    0.0   -0.1
    52.360  -171.645    0.0    0.0   -0.1
    52.369  -171.645    0.0    0.0   -0.1
    52.378  -171.645    0.0    0.0   -0.1
    52.387  -171.645    0.0    0.0   -0.1
    52.396  -171.645    0.0    0.0   -0.1
    52.405  -171.645    0.0    0.0   -0.1
    52.414  -171.645    0.0    0.0   -0.1
    52.423  -171.645    0.0    0.0   -0.1
    52.432  -171.645    0.0    0.0   -0.1
    52.441  -171.645    0.0    0.0   -0.1
    52.450  -171.645    0.0    0.0   -0.1
    52.459  -171.645    0.0    0.0   -0.1
    52.468  -171.645    0.0    0.0   -0.1
    52.477  -171.645    0.0    0.0   -0.1
    52.486  -171.645    0.0    0.0   -0.1
    52.495  -171.645    0.0    0.0   -0.1
    52.504  -171.645    0.0    0.0   -0.1
    52.513  -171.645    0.0    0.0   -0.1
    52.522  -171.645    0.0    0.0   -0.1
    52.531  -171.645    0.0    0.0   -0.1
    52.540  -171.645    0.0    0.0   -0.1
    52.549  -171.645    0.0    0.0   -0.1
    52.558  -171.645    0.0    0.0   -0.1
    52.567  -171.645    0.0    0.0   -0.1
    52.576  -171.645    0.0    0.0   -0.1
    52.586  -171.645    0.0    0.0   -0.1
    52.595  -171.645    0.0    0.0   -0.1
    52.604  -171.645    0.0    0.0   -0.1
    52.613  -171.645    0.0    0.0   -0.1
    52.622  -171.645    0.0    0.0   -0.1
    52.631  -171.645    0.0    0.0   -0.1
    52.640  -171.645    0.0    0.0   -0.1
    52.649  -171.645    0.0    0.0   -0.1
    52.658  -171.645    0.0    0.0   -0.1
    52.667  -171.645    0.0    0.0   -0.1
    52.676  -171.645    0.0    0.0   -0.1
    52.685  -171.645    0.0    0.0   -0.1
    52.694  -171.645    0.0    0.0   -0.1
    52.703  -171.645    0.0    0.0   -0.1
    52.712  -171.645    0.0    0.0   -0.1
    52.721  -171.645    0.0    0.0   -0.1
    52.730  -171.645    0.0    0.0   -0.1
    52.739  -171.645    0.0    0.0   -0.1
    52.748  -171.645    0.0    0.0   -0.1
    52.757  -171.645    0.0   -0.0   -0.1
    52.766  -171.645    0.0   -0.0   -0.1
    52.775  -171.645    0.0   -0.0   -0.1
    52.784  -171.645    0.0   -0.0   -0.1
    52.793  -171.645    0.0   -0.0   -0.1
    52.802  -171.645    0.0   -0.0   -0.1
    52.811  -171.645    0.0   -0.0   -0.1
    52.820  -171.645    0.0   -0.0   -0.1
    52.829  -171.645    0.0   -0.0   -0.1
    52.838  -171.645    0.0   -0.0   -0.1
    52.847  -171.645    0.0   -0.0   -0.1
    52.856  -171.645    0.0   -0.0   -0.1
    52.865  -171.645    0.0   -0.0   -0.1
    52.874  -171.645    0.0   -0.0   -0.1
    52.883  -171.645    0.0   -0.0   -0.1
    52.892  -171.645    0.0   -0.0   -0.1
    52.901  -171.645    0.0   -0.0   -0.1
    52.910  -171.645    0.0   -0.0   -0.1
    52.919  -171.645    0.0   -0.0   -0.1
    52.928  -171.645    0.0   -0.0   -0.1
    52.937  -171.645    0.0   -0.0   -0.0
    52.946  -171.645    0.0   -0.0   -0.0
    52.955  -171.645    0.0   -0.0   -0.0
    52.964  -171.645    0.0   -0.0   -0.0
    52.973  -171.645    0.0   -0.0   -0.0
    52.982  -171.645    0.0   -0.0   -0.0
    52.991  -171.645    0.0   -0.0   -0.0
    53.000  -171.645    0.0   -0.0   -0.0
    53.009  -171.645    0.0   -0.0   -0.0
    53.018  -171.645    0.0   -0.0   -0.0
    53.027  -171.645    0.0   -0.0   -0.0
    53.036  -171.645    0.0   -0.0   -0.0
    53.045  -171.645    0.0   -0.0   -0.0
    53.054  -171.645    0.0   -0.0   -0.0
    53.063  -171.645    0.0   -0.0   -0.0
    53.072  -171.645    0.0   -0.0   -0.0
    53.081  -171.645    0.0   -0.0   -0.0
    53.090  -171.645    0.0   -0.0   -0.0
    53.099  -171.645    0.0   -0.0   -0.0
    53.108  -171.645    0.0   -0.0   -0.0
    53.117  -171.645    0.0   -0.0   -0.0
    53.126  -171.645    0.0   -0.0   -0.0
    53.135  -171.645    0.0   -0.0   -0.0
    52.234  -171.630    0.0    0.1   -0.1
    52.243  -171.630    0.0    0.1   -0.1
    52.252  -171.630    0.0    0.1   -0.1
    52.261  -171.630    0.0    0.1   -0.1
    52.270  -171.630    0.0    0.1   -0.1
    52.279  -171.630    0.0    0.1   -0.1
    52.288  -171.630    0.0    0.1   -0.1
    52.297  -171.630    0.0    0.1   -0.1
    52.306  -171.630    0.0    0.1   -0.1
    52.315  -171.630    0.0    0.1   -0.1
    52.324  -171.630    0.0    0.0   -0.1
    52.333  -171.630    0.0    0.0   -0.1
    52.342  -171.630    0.0    0.0   -0.1
    52.351  -171.630    0.0    0.0   -0.1
    52.360  -171.630    0.0    0.0   -0.1
    52.369  -171.630    0.0    0.0   -0.1
    52.378  -171.630    0.0    0.0   -0.1
    52.387  -171.630    0.0    0.0   -0.1
    52.396  -171.630    0.0    0.0   -0.1
    52.405  -171.630    0.0    0.0   -0.1
    52.414  -171.630    0.0    0.0   -0.1
    52.423  -171.630    0.0    0.0   -0.1
    52.432  -171.630    0.0    0.0   -0.1
    52.441  -171.630    0.0    0.0   -0.1
    52.450  -171.630    0.0    0.0   -0.1
    52.459  -171.630    0.0    0.0   -0.1
    52.468  -171.630    0.0    0.0   -0.1
    52.477  -171.630    0.0    0.0   -0.1
    52.486  -171.630    0.0    0.0   -0.1
    52.495  -171.630    0.0    0.0   -0.1
    52.504  -171.630    0.0    0.0   -0.1
    52.513  -171.630    0.0    0.0   -0.1
    52.522  -171.630    0.0    0.0   -0.1
    52.531  -171.630    0.0    0.0   -0.1
    52.540  -171.630    0.0    0.0   -0.1
    52.549  -171.630    0.0    0.0   -0.1
    52.558  -171.630    0.0    0.0   -0.1
    52.567  -171.630    0.0    0.0   -0.1
    52.576  -171.630    0.0    0.0   -0.1
    52.586  -171.630    0.0    0.0   -0.1
    52.595  -171.630    0.0    0.0   -0.1
    52.604  -171.630    0.0    0.0   -0.1
    52.613  -171.630    0.0    0.0   -0.1
    52.622  -171.630    0.0    0.0   -0.1
    52.631  -171.630    0.0    0.0   -0.1
    52.640  -171.630    0.0    0.0   -0.1
    52.649  -171.630    0.0    0.0   -0.1
    52.658  -171.630    0.0    0.0   -0.1
    52.667  -171.630    0.0    0.0   -0.1
    52.676  -171.630    0.0    0.0   -0.1
    52.685  -171.630    0.0    0.0   -0.1
    52.694  -171.630    0.0    0.0   -0.1
    52.703  -171.630    0.0    0.0   -0.1
    52.712  -171.630    0.0    0.0   -0.1
    52.721  -171.630    0.0    0.0   -0.1
    52.730  -171.630    0.0    0.0   -0.1
    52.739  -171.630    0.0    0.0   -0.1
    52.748  -171.630    0.0    0.0   -0.1
    52.757  -171.630    0.0   -0.0   -0.1
    52.766  -171.630    0.0   -0.0   -0.1
    52.775  -171.630    0.0   -0.0   -0.1
    52.784  -171.630    0.0   -0.0   -0.1
    52.793  -171.630    0.0   -0.0   -0.1
    52.802  -171.630    0.0   -0.0   -0.1
    52.811  -171.630    0.0   -0.0   -0.1
    52.820  -171.630    0.0   -0.0   -0.1
    52.829  -171.630    0.0   -0.0   -0.1
    52.838  -171.630    0.0   -0.0   -0.1
    52.847  -171.630    0.0   -0.0   -0.1
    52.856  -171.630    0.0   -0.0   -0.1
    52.865  -171.630    0.0   -0.0   -0.1
    52.874  -171.630    0.0   -0.0   -0.1
    52.883  -171.630    0.0   -0.0   -0.1
    52.892  -171.630    0.0   -0.0   -0.1
    52.901  -171.630    0.0   -0.0   -0.1
    52.910  -171.630    0.0   -0.0   -0.1
    52.919  -171.630    0.0   -0.0   -0.1
    52.928  -171.630    0.0   -0.0   -0.1
    52.937  -171.630    0.0   -0.0   -0.0
    52.946  -171.630    0.0   -0.0   -0.0
    52.955  -171.630    0.0   -0.0   -0.0
    52.964  -171.630    0.0   -0.0   -0.0
    52.973  -171.630    0.0   -0.0   -0.0
    52.982  -171.630    0.0   -0.0   -0.0
    52.991  -171.630    0.0   -0.0   -0.0
    53.000  -171.630    0.0   -0.0   -0.0
    53.009  -171.630    0.0   -0.0   -0.0
    53.018  -171.630    0.0   -0.0   -0.0
    53.027  -171.630    0.0   -0.0   -0.0
    53.036  -171.630    0.0   -0.0   -0.0
    53.045  -171.630    0.0   -0.0   -0.0
    53.054  -171.630    0.0   -0.0   -0.0
    53.063  -171.630    0.0   -0.0   -0.0
    53.072  -171.630    0.0   -0.0   -0.0
    53.081  -171.630    0.0   -0.0   -0.0
    53.090  -171.630    0.0   -0.0   -0.0
    53.099  -171.630    0.0   -0.0   -0.0
    53.108  -171.630    0.0   -0.0   -0.0
    53.117  -171.630    0.0   -0.0   -0.0
    53.126  -171.630    0.0   -0.0   -0.0
    53.135  -171.630    0.0   -0.0   -0.0
    52.234  -171.615    0.0    0.1   -0.1
    52.243  -171.615    0.0    0.1   -0.1
    52.252  -171.615    0.0    0.1   -0.1
    52.261  -171.615    0.0    0.1   -0.1
    52.270  -171.615    0.0    0.1   -0.1
    52.279  -171.615    0.0    0.1   -0.1
    52.288  -171.615    0.0    0.1   -0.1
    52.297  -171.615    0.0    0.1   -0.1
    52.306  -171.615    0.0    0.1   -0.1
    52.315  -171.615    0.0    0.1   -0.1
    52.324  -171.615    0.0    0.1   -0.1
    52.333  -171.615    0.0    0.0   -0.1
    52.342  -171.615    0.0    0.0   -0.1
    52.351  -171.615    0.0    0.0   -0.1
    52.360  -171.615    0.0    0.0   -0.1
    52.369  -171.615    0.0    0.0   -0.1
    52.378  -171.615    0.0    0.0   -0.1
    52.387  -171.615    0.0    0.0   -0.1
    52.396  -171.615    0.0    0.0   -0.1
    52.405  -171.615    0.0    0.0   -0.1
    52.414  -171.615    0.0    0.0   -0.1
    52.423  -171.615    0.0    0.0   -0.1
    52.432  -171.615    0.0    0.0   -0.1
    52.441  -171.615    0.0    0.0   -0.1
    52.450  -171.615    0.0    0.0   -0.1
    52.459  -171.615    0.0    0.0   -0.1
    52.468  -171.615    0.0    0.0   -0.1
    52.477  -171.615    0.0    0.0   -0.1
    52.486  -171.615    0.0    0.0   -0.1
    52.495  -171.615    0.0    0.0   -0.1
    52.504  -171.615    0.0    0.0   -0.1
    52.513  -171.615    0.0    0.0   -0.1
    52.522  -171.615    0.0    0.0   -0.1
    52.531  -171.615    0.0    0.0   -0.1
    52.540  -171.615    0.0    0.0   -0.1
    52.549  -171.615    0.0    0.0   -0.1
    52.558  -171.615    0.0    0.0   -0.1
    52.567  -171.615    0.0    0.0   -0.1
    52.576  -171.615    0.0    0.0   -0.1
    52.586  -171.615    0.0    0.0   -0.1
    52.595  -171.615    0.0    0.0   -0.1
    52.604  -171.615    0.0    0.0   -0.1
    52.613  -171.615    0.0    0.0   -0.1
    52.622  -171.615    0.0    0.0   -0.1
    52.631  -171.615    0.0    0.0   -0.1
    52.640  -171.615    0.0    0.0   -0.1
    52.649  -171.615    0.0    0.0   -0.1
    52.658  -171.615    0.0    0.0   -0.1
    52.667  -171.615    0.0    0.0   -0.1
    52.676  -171.615    0.0    0.0   -0.1
    52.685  -171.615    0.0    0.0   -0.1
    52.694  -171.615    0.0    0.0   -0.1
    52.703  -171.615    0.0    0.0   -0.1
    52.712  -171.615    0.0    0.0   -0.1
    52.721  -171.615    0.0    0.0   -0.1
    52.730  -171.615    0.0    0.0   -0.1
    52.739  -171.615    0.0    0.0   -0.1
    52.748  -171.615    0.0    0.0   -0.1
    52.757  -171.615    0.0   -0.0   -0.1
    52.766  -171.615    0.0   -0.0   -0.1
    52.775  -171.615    0.0   -0.0   -0.1
    52.784  -171.615    0.0   -0.0   -0.1
    52.793  -171.615    0.0   -0.0   -0.1
    52.802  -171.615    0.0   -0.0   -0.1
    52.811  -171.615    0.0   -0.0   -0.1
    52.820  -171.615    0.0   -0.0   -0.1
    52.829  -171.615    0.0   -0.0   -0.1
    52.838  -171.615    0.0   -0.0   -0.1
    52.847  -171.615    0.0   -0.0   -0.1
    52.856  -171.615    0.0   -0.0   -0.1
    52.865  -171.615    0.0   -0.0   -0.1
    52.874  -171.615    0.0   -0.0   -0.1
    52.883  -171.615    0.0   -0.0   -0.1
    52.892  -171.615    0.0   -0.0   -0.1
    52.901  -171.615    0.0   -0.0   -0.1
    52.910  -171.615    0.0   -0.0   -0.1
    52.919  -171.615    0.0   -0.0   -0.1
    52.928  -171.615    0.0   -0.0   -0.1
    52.937  -171.615    0.0   -0.0   -0.0
    52.946  -171.615    0.0   -0.0   -0.0
    52.955  -171.615    0.0   -0.0   -0.0
    52.964  -171.615    0.0   -0.0   -0.0
    52.973  -171.615    0.0   -0.0   -0.0
    52.982  -171.615    0.0   -0.0   -0.0
    52.991  -171.615    0.0   -0.0   -0.0
    53.000  -171.615    0.0   -0.0   -0.0
    53.009  -171.615    0.0   -0.0   -0.0
    53.018  -171.615    0.0   -0.0   -0.0
    53.027  -171.615    0.0   -0.0   -0.0
    53.036  -171.615    0.0   -0.0   -0.0
    53.045  -171.615    0.0   -0.0   -0.0
    53.054  -171.615    0.0   -0.0   -0.0
    53.063  -171.615    0.0   -0.0   -0.0
    53.072  -171.615    0.0   -0.0   -0.0
    53.081  -171.615    0.0   -0.0   -0.0
    53.090  -171.615    0.0   -0.0   -0.0
    53.099  -171.615    0.0   -0.0   -0.0
    53.108  -171.615    0.0   -0.0   -0.0
    53.117  -171.615    0.0   -0.0   -0.0
    53.126  -171.615    0.0   -0.0   -0.0
    53.135  -171.615    0.0   -0.0   -0.0
    52.234  -171.600    0.0    0.1   -0.1
    52.243  -171.600    0.0    0.1   -0.1
    52.252  -171.600    0.0    0.1   -0.1
    52.261  -171.600    0.0    0.1   -0.1
    52.270  -171.600    0.0    0.1   -0.1
    52.279  -171.600    0.0    0.1   -0.1
    52.288  -171.600    0.0    0.1   -0.1
    52.297  -171.600    0.0    0.1   -0.1
    52.306  -171.600    0.0    0.1   -0.1
    52.315  -171.600    0.0    0.1   -0.1
    52.324  -171.600    0.0    0.1   -0.1
    52.333  -171.600    0.0    0.0   -0.1
    52.342  -171.600    0.0    0.0   -0.1
    52.351  -171.600    0.0    0.0   -0.1
    52.360  -171.600    0.0    0.0   -0.1
    52.369  -171.600    0.0    0.0   -0.1
    52.378  -171.600    0.0    0.0   -0.1
    52.387  -171.600    0.0    0.0   -0.1
    52.396  -171.600    0.0    0.0   -0.1
    52.405  -171.600    0.0    0.0   -0.1
    52.414  -171.600    0.0    0.0   -0.1
    52.423  -171.600    0.0    0.0   -0.1
    52.432  -171.600    0.0    0.0   -0.1
    52.441  -171.600    0.0    0.0   -0.1
    52.450  -171.600    0.0    0.0   -0.1
    52.459  -171.600    0.0    0.0   -0.1
    52.468  -171.600    0.0    0.0   -0.1
    52.477  -171.600    0.0    0.0   -0.1
    52.486  -171.600    0.0    0.0   -0.1
    52.495  -171.600    0.0    0.0   -0.1
    52.504  -171.600    0.0    0.0   -0.1
    52.513  -171.600    0.0    0.0   -0.1
    52.522  -171.600    0.0    0.0   -0.1
    52.531  -171.600    0.0    0.0   -0.1
    52.540  -171.600    0.0    0.0   -0.1
    52.549  -171.600    0.0    0.0   -0.1
    52.558  -171.600    0.0    0.0   -0.1
    52.567  -171.600    0.0    0.0   -0.1
    52.576  -171.600    0.0    0.0   -0.1
    52.586  -171.600    0.0    0.0   -0.1
    52.595  -171.600    0.0    0.0   -0.1
    52.604  -171.600    0.0    0.0   -0.1
    52.613  -171.600    0.0    0.0   -0.1
    52.622  -171.600    0.0    0.0   -0.1
    52.631  -171.600    0.0    0.0   -0.1
    52.640  -171.600    0.0    0.0   -0.1
    52.649  -171.600    0.0    0.0   -0.1
    52.658  -171.600    0.0    0.0   -0.1
    52.667  -171.600    0.0    0.0   -0.1
    52.676  -171.600    0.0    0.0   -0.1
    52.685  -171.600    0.0    0.0   -0.1
    52.694  -171.600    0.0    0.0   -0.1
    52.703  -171.600    0.0    0.0   -0.1
    52.712  -171.600    0.0    0.0   -0.1
    52.721  -171.600    0.0    0.0   -0.1
    52.730  -171.600    0.0    0.0   -0.1
    52.739  -171.600    0.0    0.0   -0.1
    52.748  -171.600    0.0    0.0   -0.1
    52.757  -171.600    0.0   -0.0   -0.1
    52.766  -171.600    0.0   -0.0   -0.1
    52.775  -171.600    0.0   -0.0   -0.1
    52.784  -171.600    0.0   -0.0   -0.1
    52.793  -171.600    0.0   -0.0   -0.1
    52.802  -171.600    0.0   -0.0   -0.1
    52.811  -171.600    0.0   -0.0   -0.1
    52.820  -171.600    0.0   -0.0   -0.1
    52.829  -171.600    0.0   -0.0   -0.1
    52.838  -171.600    0.0   -0.0   -0.1
    52.847  -171.600    0.0   -0.0   -0.1
    52.856  -171.600    0.0   -0.0   -0.1
    52.865  -171.600    0.0   -0.0   -0.1
    52.874  -171.600    0.0   -0.0   -0.1
    52.883  -171.600    0.0   -0.0   -0.1
    52.892  -171.600    0.0   -0.0   -0.1
    52.901  -171.600    0.0   -0.0   -0.1
    52.910  -171.600    0.0   -0.0   -0.1
    52.919  -171.600    0.0   -0.0   -0.1
    52.928  -171.600    0.0   -0.0   -0.1
    52.937  -171.600    0.0   -0.0   -0.0
    52.946  -171.600    0.0   -0.0   -0.0
    52.955  -171.600    0.0   -0.0   -0.0
    52.964  -171.600    0.0   -0.0   -0.0
    52.973  -171.600    0.0   -0.0   -0.0
    52.982  -171.600    0.0   -0.0   -0.0
    52.991  -171.600    0.0   -0.0   -0.0
    53.000  -171.600    0.0   -0.0   -0.0
    53.009  -171.600    0.0   -0.0   -0.0
    53.018  -171.600    0.0   -0.0   -0.0
    53.027  -171.600    0.0   -0.0   -0.0
    53.036  -171.600    0.0   -0.0   -0.0
    53.045  -171.600    0.0   -0.0   -0.0
    53.054  -171.600    0.0   -0.0   -0.0
    53.063  -171.600    0.0   -0.0   -0.0
    53.072  -171.600    0.0   -0.0   -0.0
    53.081  -171.600    0.0   -0.0   -0.0
    53.090  -171.600    0.0   -0.0   -0.0
    53.099  -171.600    0.0   -0.0   -0.0
    53.108  -171.600    0.0   -0.0   -0.0
    53.117  -171.600    0.0   -0.0   -0.0
    53.126  -171.600    0.0   -0.0   -0.0
    53.135  -171.600    0.0   -0.0   -0.0
    52.234  -171.585    0.0    0.1   -0.1
    52.243  -171.585    0.0    0.1   -0.1
    52.252  -171.585    0.0    0.1   -0.1
    52.261  -171.585    0.0    0.1   -0.1
    52.270  -171.585    0.0    0.1   -0.1
    52.279  -171.585    0.0    0.1   -0.1
    52.288  -171.585    0.0    0.1   -0.1
    52.297  -171.585    0.0    0.1   -0.1
    52.306  -171.585    0.0    0.1   -0.1
    52.315  -171.585    0.0    0.1   -0.1
    52.324  -171.585    0.0    0.1   -0.1
    52.333  -171.585    0.0    0.1   -0.1
    52.342  -171.585    0.0    0.0   -0.1
    52.351  -171.585    0.0    0.0   -0.1
    52.360  -171.585    0.0    0.0   -0.1
    52.369  -171.585    0.0    0.0   -0.1
    52.378  -171.585    0.0    0.0   -0.1
    52.387  -171.585    0.0    0.0   -0.1
    52.396  -171.585    0.0    0.0   -0.1
    52.405  -171.585    0.0    0.0   -0.1
    52.414  -171.585    0.0    0.0   -0.1
    52.423  -171.585    0.0    0.0   -0.1
    52.432  -171.585    0.0    0.0   -0.1
    52.441  -171.585    0.0    0.0   -0.1
    52.450  -171.585    0.0    0.0   -0.1
    52.459  -171.585    0.0    0.0   -0.1
    52.468  -171.585    0.0    0.0   -0.1
    52.477  -171.585    0.0    0.0   -0.1
    52.486  -171.585    0.0    0.0   -0.1
    52.495  -171.585    0.0    0.0   -0.1
    52.504  -171.585    0.0    0.0   -0.1
    52.513  -171.585    0.0    0.0   -0.1
    52.522  -171.585    0.0    0.0   -0.1
    52.531  -171.585    0.0    0.0   -0.1
    52.540  -171.585    0.0    0.0   -0.1
    52.549  -171.585    0.0    0.0   -0.1
    52.558  -171.585    0.0    0.0   -0.1
    52.567  -171.585    0.0    0.0   -0.1
    52.576  -171.585    0.0    0.0   -0.1
    52.586  -171.585    0.0    0.0   -0.1
    52.595  -171.585    0.0    0.0   -0.1
    52.604  -171.585    0.0    0.0   -0.1
    52.613  -171.585    0.0    0.0   -0.1
    52.622  -171.585    0.0    0.0   -0.1
    52.631  -171.585    0.0    0.0   -0.1
    52.640  -171.585    0.0    0.0   -0.1
    52.649  -171.585    0.0    0.0   -0.1
    52.658  -171.585    0.0    0.0   -0.1
    52.667  -171.585    0.0    0.0   -0.1
    52.676  -171.585    0.0    0.0   -0.1
    52.685  -171.585    0.0    0.0   -0.1
    52.694  -171.585    0.0    0.0   -0.1
    52.703  -171.585    0.0    0.0   -0.1
    52.712  -171.585    0.0    0.0   -0.1
    52.721  -171.585    0.0    0.0   -0.1
    52.730  -171.585    0.0    0.0   -0.1
    52.739  -171.585    0.0    0.0   -0.1
    52.748  -171.585    0.0    0.0   -0.1
    52.757  -171.585    0.0   -0.0   -0.1
    52.766  -171.585    0.0   -0.0   -0.1
    52.775  -171.585    0.0   -0.0   -0.1
    52.784  -171.585    0.0   -0.0   -0.1
    52.793  -171.585    0.0   -0.0   -0.1
    52.802  -171.585    0.0   -0.0   -0.1
    52.811  -171.585    0.0   -0.0   -0.1
    52.820  -171.585    0.0   -0.0   -0.1
    52.829  -171.585    0.0   -0.0   -0.1
    52.838  -171.585    0.0   -0.0   -0.1
    52.847  -171.585    0.0   -0.0   -0.1
    52.856  -171.585    0.0   -0.0   -0.1
    52.865  -171.585    0.0   -0.0   -0.1
    52.874  -171.585    0.0   -0.0   -0.1
    52.883  -171.585    0.0   -0.0   -0.1
    52.892  -171.585    0.0   -0.0   -0.1
    52.901  -171.585    0.0   -0.0   -0.1
    52.910  -171.585    0.0   -0.0   -0.1
    52.919  -171.585    0.0   -0.0   -0.1
    52.928  -171.585    0.0   -0.0   -0.1
    52.937  -171.585    0.0   -0.0   -0.0
    52.946  -171.585    0.0   -0.0   -0.0
    52.955  -171.585    0.0   -0.0   -0.0
    52.964  -171.585    0.0   -0.0   -0.0
    52.973  -171.585    0.0   -0.0   -0.0
    52.982  -171.585    0.0   -0.0   -0.0
    52.991  -171.585    0.0   -0.0   -0.0
    53.000  -171.585    0.0   -0.0   -0.0
    53.009  -171.585    0.0   -0.0   -0.0
    53.018  -171.585    0.0   -0.0   -0.0
    53.027  -171.585    0.0   -0.0   -0.0
    53.036  -171.585    0.0   -0.0   -0.0
    53.045  -171.585    0.0   -0.0   -0.0
    53.054  -171.585    0.0   -0.0   -0.0
    53.063  -171.585    0.0   -0.0   -0.0
    53.072  -171.585    0.0   -0.0   -0.0
    53.081  -171.585    0.0   -0.0   -0.0
    53.090  -171.585    0.0   -0.0   -0.0
    53.099  -171.585    0.0   -0.0   -0.0
    53.108  -171.585    0.0   -0.0   -0.0
    53.117  -171.585    0.0   -0.0   -0.0
    53.126  -171.585    0.0   -0.0   -0.0
    53.135  -171.585    0.0   -0.0    0.0
    52.234  -171.570    0.0    0.1   -0.1
    52.243  -171.570    0.0    0.1   -0.1
    52.252  -171.570    0.0    0.1   -0.1
    52.261  -171.570    0.0    0.1   -0.1
    52.270  -171.570    0.0    0.1   -0.1
    52.279  -171.570    0.0    0.1   -0.1
    52.288  -171.570    0.0    0.1   -0.1
    52.297  -171.570    0.0    0.1   -0.1
    52.306  -171.570    0.0    0.1   -0.1
    52.315  -171.570    0.0    0.1   -0.1
    52.324  -171.570    0.0    0.1   -0.1
    52.333  -171.570    0.0    0.1   -0.1
    52.342  -171.570    0.0    0.0   -0.1
    52.351  -171.570    0.0    0.0   -0.1
    52.360  -171.570    0.0    0.0   -0.1
    52.369  -171.570    0.0    0.0   -0.1
    52.378  -171.570    0.0    0.0   -0.1
    52.387  -171.570    0.0    0.0   -0.1
    52.396  -171.570    0.0    0.0   -0.1
    52.405  -171.570    0.0    0.0   -0.1
    52.414  -171.570    0.0    0.0   -0.1
    52.423  -171.570    0.0    0.0   -0.1
    52.432  -171.570    0.0    0.0   -0.1
    52.441  -171.570    0.0    0.0   -0.1
    52.450  -171.570    0.0    0.0   -0.1
    52.459  -171.570    0.0    0.0   -0.1
    52.468  -171.570    0.0    0.0   -0.1
    52.477  -171.570    0.0    0.0   -0.1
    52.486  -171.570    0.0    0.0   -0.1
    52.495  -171.570    0.0    0.0   -0.1
    52.504  -171.570    0.0    0.0   -0.1
    52.513  -171.570    0.0    0.0   -0.1
    52.522  -171.570    0.0    0.0   -0.1
    52.531  -171.570    0.0    0.0   -0.1
    52.540  -171.570    0.0    0.0   -0.1
    52.549  -171.570    0.0    0.0   -0.1
    52.558  -171.570    0.0    0.0   -0.1
    52.567  -171.570    0.0    0.0   -0.1
    52.576  -171.570    0.0    0.0   -0.1
    52.586  -171.570    0.0    0.0   -0.1
    52.595  -171.570    0.0    0.0   -0.1
    52.604  -171.570    0.0    0.0   -0.1
    52.613  -171.570    0.0    0.0   -0.1
    52.622  -171.570    0.0    0.0   -0.1
    52.631  -171.570    0.0    0.0   -0.1
    52.640  -171.570    0.0    0.0   -0.1
    52.649  -171.570    0.0    0.0   -0.1
    52.658  -171.570    0.0    0.0   -0.1
    52.667  -171.570    0.0    0.0   -0.1
    52.676  -171.570    0.0    0.0   -0.1
    52.685  -171.570    0.0    0.0   -0.1
    52.694  -171.570    0.0    0.0   -0.1
    52.703  -171.570    0.0    0.0   -0.1
    52.712  -171.570    0.0    0.0   -0.1
    52.721  -171.570    0.0    0.0   -0.1
    52.730  -171.570    0.0    0.0   -0.1
    52.739  -171.570    0.0    0.0   -0.1
    52.748  -171.570    0.0    0.0   -0.1
    52.757  -171.570    0.0   -0.0   -0.1
    52.766  -171.570    0.0   -0.0   -0.1
    52.775  -171.570    0.0   -0.0   -0.1
    52.784  -171.570    0.0   -0.0   -0.1
    52.793  -171.570    0.0   -0.0   -0.1
    52.802  -171.570    0.0   -0.0   -0.1
    52.811  -171.570    0.0   -0.0   -0.1
    52.820  -171.570    0.0   -0.0   -0.1
    52.829  -171.570    0.0   -0.0   -0.1
    52.838  -171.570    0.0   -0.0   -0.1
    52.847  -171.570    0.0   -0.0   -0.1
    52.856  -171.570    0.0   -0.0   -0.1
    52.865  -171.570    0.0   -0.0   -0.1
    52.874  -171.570    0.0   -0.0   -0.1
    52.883  -171.570    0.0   -0.0   -0.1
    52.892  -171.570    0.0   -0.0   -0.1
    52.901  -171.570    0.0   -0.0   -0.1
    52.910  -171.570    0.0   -0.0   -0.1
    52.919  -171.570    0.0   -0.0   -0.1
    52.928  -171.570    0.0   -0.0   -0.1
    52.937  -171.570    0.0   -0.0   -0.0
    52.946  -171.570    0.0   -0.0   -0.0
    52.955  -171.570    0.0   -0.0   -0.0
    52.964  -171.570    0.0   -0.0   -0.0
    52.973  -171.570    0.0   -0.0   -0.0
    52.982  -171.570    0.0   -0.0   -0.0
    52.991  -171.570    0.0   -0.0   -0.0
    53.000  -171.570    0.0   -0.0   -0.0
    53.009  -171.570    0.0   -0.0   -0.0
    53.018  -171.570    0.0   -0.0   -0.0
    53.027  -171.570    0.0   -0.0   -0.0
    53.036  -171.570    0.0   -0.0   -0.0
    53.045  -171.570    0.0   -0.0   -0.0
    53.054  -171.570    0.0   -0.0   -0.0
    53.063  -171.570    0.0   -0.0   -0.0
    53.072  -171.570    0.0   -0.0   -0.0
    53.081  -171.570    0.0   -0.0   -0.0
    53.090  -171.570    0.0   -0.0   -0.0
    53.099  -171.570    0.0   -0.0   -0.0
    53.108  -171.570    0.0   -0.0   -0.0
    53.117  -171.570    0.0   -0.0   -0.0
    53.126  -171.570    0.0   -0.0   -0.0
    53.135  -171.570    0.0   -0.0    0.0
    52.234  -171.555    0.0    0.1   -0.1
    52.243  -171.555    0.0    0.1   -0.1
    52.252  -171.555    0.0    0.1   -0.1
    52.261  -171.555    0.0    0.1   -0.1
    52.270  -171.555    0.0    0.1   -0.1
    52.279  -171.555    0.0    0.1   -0.1
    52.288  -171.555    0.0    0.1   -0.1
    52.297  -171.555    0.0    0.1   -0.1
    52.306  -171.555    0.0    0.1   -0.1
    52.315  -171.555    0.0    0.1   -0.1
    52.324  -171.555    0.0    0.1   -0.1
    52.333  -171.555    0.0    0.1   -0.1
    52.342  -171.555    0.0    0.1   -0.1
    52.351  -171.555    0.0    0.0   -0.1
    52.360  -171.555    0.0    0.0   -0.1
    52.369  -171.555    0.0    0.0   -0.1
    52.378  -171.555    0.0    0.0   -0.1
    52.387  -171.555    0.0    0.0   -0.1
    52.396  -171.555    0.0    0.0   -0.1
    52.405  -171.555    0.0    0.0   -0.1
    52.414  -171.555    0.0    0.0   -0.1
    52.423  -171.555    0.0    0.0   -0.1
    52.432  -171.555    0.0    0.0   -0.1
    52.441  -171.555    0.0    0.0   -0.1
    52.450  -171.555    0.0    0.0   -0.1
    52.459  -171.555    0.0    0.0   -0.1
    52.468  -171.555    0.0    0.0   -0.1
    52.477  -171.555    0.0    0.0   -0.1
    52.486  -171.555    0.0    0.0   -0.1
    52.495  -171.555    0.0    0.0   -0.1
    52.504  -171.555    0.0    0.0   -0.1
    52.513  -171.555    0.0    0.0   -0.1
    52.522  -171.555    0.0    0.0   -0.1
    52.531  -171.555    0.0    0.0   -0.1
    52.540  -171.555    0.0    0.0   -0.1
    52.549  -171.555    0.0    0.0   -0.1
    52.558  -171.555    0.0    0.0   -0.1
    52.567  -171.555    0.0    0.0   -0.1
    52.576  -171.555    0.0    0.0   -0.1
    52.586  -171.555    0.0    0.0   -0.1
    52.595  -171.555    0.0    0.0   -0.1
    52.604  -171.555    0.0    0.0   -0.1
    52.613  -171.555    0.0    0.0   -0.1
    52.622  -171.555    0.0    0.0   -0.1
    52.631  -171.555    0.0    0.0   -0.1
    52.640  -171.555    0.0    0.0   -0.1
    52.649  -171.555    0.0    0.0   -0.1
    52.658  -171.555    0.0    0.0   -0.1
    52.667  -171.555    0.0    0.0   -0.1
    52.676  -171.555    0.0    0.0   -0.1
    52.685  -171.555    0.0    0.0   -0.1
    52.694  -171.555    0.0    0.0   -0.1
    52.703  -171.555    0.0    0.0   -0.1
    52.712  -171.555    0.0    0.0   -0.1
    52.721  -171.555    0.0    0.0   -0.1
    52.730  -171.555    0.0    0.0   -0.1
    52.739  -171.555    0.0    0.0   -0.1
    52.748  -171.555    0.0    0.0   -0.1
    52.757  -171.555    0.0   -0.0   -0.1
    52.766  -171.555    0.0   -0.0   -0.1
    52.775  -171.555    0.0   -0.0   -0.1
    52.784  -171.555    0.0   -0.0   -0.1
    52.793  -171.555    0.0   -0.0   -0.1
    52.802  -171.555    0.0   -0.0   -0.1
    52.811  -171.555    0.0   -0.0   -0.1
    52.820  -171.555    0.0   -0.0   -0.1
    52.829  -171.555    0.0   -0.0   -0.1
    52.838  -171.555    0.0   -0.0   -0.1
    52.847  -171.555    0.0   -0.0   -0.1
    52.856  -171.555    0.0   -0.0   -0.1
    52.865  -171.555    0.0   -0.0   -0.1
    52.874  -171.555    0.0   -0.0   -0.1
    52.883  -171.555    0.0   -0.0   -0.1
    52.892  -171.555    0.0   -0.0   -0.1
    52.901  -171.555    0.0   -0.0   -0.1
    52.910  -171.555    0.0   -0.0   -0.1
    52.919  -171.555    0.0   -0.0   -0.1
    52.928  -171.555    0.0   -0.0   -0.1
    52.937  -171.555    0.0   -0.0   -0.0
    52.946  -171.555    0.0   -0.0   -0.0
    52.955  -171.555    0.0   -0.0   -0.0
    52.964  -171.555    0.0   -0.0   -0.0
    52.973  -171.555    0.0   -0.0   -0.0
    52.982  -171.555    0.0   -0.0   -0.0
    52.991  -171.555    0.0   -0.0   -0.0
    53.000  -171.555    0.0   -0.0   -0.0
    53.009  -171.555    0.0   -0.0   -0.0
    53.018  -171.555    0.0   -0.0   -0.0
    53.027  -171.555    0.0   -0.0   -0.0
    53.036  -171.555    0.0   -0.0   -0.0
    53.045  -171.555    0.0   -0.0   -0.0
    53.054  -171.555    0.0   -0.0   -0.0
    53.063  -171.555    0.0   -0.0   -0.0
    53.072  -171.555    0.0   -0.0   -0.0
    53.081  -171.555    0.0   -0.0   -0.0
    53.090  -171.555    0.0   -0.0   -0.0
    53.099  -171.555    0.0   -0.0   -0.0
    53.108  -171.555    0.0   -0.0   -0.0
    53.117  -171.555    0.0   -0.0   -0.0
    53.126  -171.555    0.0   -0.0   -0.0
    53.135  -171.555    0.0    0.0    0.0
    52.234  -171.540    0.0    0.1   -0.1
    52.243  -171.540    0.0    0.1   -0.1
    52.252  -171.540    0.0    0.1   -0.1
    52.261  -171.540    0.0    0.1   -0.1
    52.270  -171.540    0.0    0.1   -0.1
    52.279  -171.540    0.0    0.1   -0.1
    52.288  -171.540    0.0    0.1   -0.1
    52.297  -171.540    0.0    0.1   -0.1
    52.306  -171.540    0.0    0.1   -0.1
    52.315  -171.540    0.0    0.1   -0.1
    52.324  -171.540    0.0    0.1   -0.1
    52.333  -171.540    0.0    0.1   -0.1
    52.342  -171.540    0.0    0.1   -0.1
    52.351  -171.540    0.0    0.0   -0.1
    52.360  -171.540    0.0    0.0   -0.1
    52.369  -171.540    0.0    0.0   -0.1
    52.378  -171.540    0.0    0.0   -0.1
    52.387  -171.540    0.0    0.0   -0.1
    52.396  -171.540    0.0    0.0   -0.1
    52.405  -171.540    0.0    0.0   -0.1
    52.414  -171.540    0.0    0.0   -0.1
    52.423  -171.540    0.0    0.0   -0.1
    52.432  -171.540    0.0    0.0   -0.1
    52.441  -171.540    0.0    0.0   -0.1
    52.450  -171.540    0.0    0.0   -0.1
    52.459  -171.540    0.0    0.0   -0.1
    52.468  -171.540    0.0    0.0   -0.1
    52.477  -171.540    0.0    0.0   -0.1
    52.486  -171.540    0.0    0.0   -0.1
    52.495  -171.540    0.0    0.0   -0.1
    52.504  -171.540    0.0    0.0   -0.1
    52.513  -171.540    0.0    0.0   -0.1
    52.522  -171.540    0.0    0.0   -0.1
    52.531  -171.540    0.0    0.0   -0.1
    52.540  -171.540    0.0    0.0   -0.1
    52.549  -171.540    0.0    0.0   -0.1
    52.558  -171.540    0.0    0.0   -0.1
    52.567  -171.540    0.0    0.0   -0.1
    52.576  -171.540    0.0    0.0   -0.1
    52.586  -171.540    0.0    0.0   -0.1
    52.595  -171.540    0.0    0.0   -0.1
    52.604  -171.540    0.0    0.0   -0.1
    52.613  -171.540    0.0    0.0   -0.1
    52.622  -171.540    0.0    0.0   -0.1
    52.631  -171.540    0.0    0.0   -0.1
    52.640  -171.540    0.0    0.0   -0.1
    52.649  -171.540    0.0    0.0   -0.1
    52.658  -171.540    0.0    0.0   -0.1
    52.667  -171.540    0.0    0.0   -0.1
    52.676  -171.540    0.0    0.0   -0.1
    52.685  -171.540    0.0    0.0   -0.1
    52.694  -171.540    0.0    0.0   -0.1
    52.703  -171.540    0.0    0.0   -0.1
    52.712  -171.540    0.0    0.0   -0.1
    52.721  -171.540    0.0    0.0   -0.1
    52.730  -171.540    0.0    0.0   -0.1
    52.739  -171.540    0.0    0.0   -0.1
    52.748  -171.540    0.0    0.0   -0.1
    52.757  -171.540    0.0   -0.0   -0.1
    52.766  -171.540    0.0   -0.0   -0.1
    52.775  -171.540    0.0   -0.0   -0.1
    52.784  -171.540    0.0   -0.0   -0.1
    52.793  -171.540    0.0   -0.0   -0.1
    52.802  -171.540    0.0   -0.0   -0.1
    52.811  -171.540    0.0   -0.0   -0.1
    52.820  -171.540    0.0   -0.0   -0.1
    52.829  -171.540    0.0   -0.0   -0.1
    52.838  -171.540    0.0   -0.0   -0.1
    52.847  -171.540    0.0   -0.0   -0.1
    52.856  -171.540    0.0   -0.0   -0.1
    52.865  -171.540    0.0   -0.0   -0.1
    52.874  -171.540    0.0   -0.0   -0.1
    52.883  -171.540    0.0   -0.0   -0.1
    52.892  -171.540    0.0   -0.0   -0.1
    52.901  -171.540    0.0   -0.0   -0.1
    52.910  -171.540    0.0   -0.0   -0.1
    52.919  -171.540    0.0   -0.0   -0.1
    52.928  -171.540    0.0   -0.0   -0.1
    52.937  -171.540    0.0   -0.0   -0.0
    52.946  -171.540    0.0   -0.0   -0.0
    52.955  -171.540    0.0   -0.0   -0.0
    52.964  -171.540    0.0   -0.0   -0.0
    52.973  -171.540    0.0   -0.0   -0.0
    52.982  -171.540    0.0   -0.0   -0.0
    52.991  -171.540    0.0   -0.0   -0.0
    53.000  -171.540    0.0   -0.0   -0.0
    53.009  -171.540    0.0   -0.0   -0.0
    53.018  -171.540    0.0   -0.0   -0.0
    53.027  -171.540    0.0   -0.0   -0.0
    53.036  -171.540    0.0   -0.0   -0.0
    53.045  -171.540    0.0   -0.0   -0.0
    53.054  -171.540    0.0   -0.0   -0.0
    53.063  -171.540    0.0   -0.0   -0.0
    53.072  -171.540    0.0   -0.0   -0.0
    53.081  -171.540    0.0   -0.0   -0.0
    53.090  -171.540    0.0   -0.0   -0.0
    53.099  -171.540    0.0   -0.0   -0.0
    53.108  -171.540    0.0   -0.0   -0.0
    53.117  -171.540    0.0   -0.0   -0.0
    53.126  -171.540    0.0   -0.0   -0.0
    53.135  -171.540    0.0    0.0    0.0
    52.234  -171.525    0.0    0.1   -0.1
    52.243  -171.525    0.0    0.1   -0.1
    52.252  -171.525    0.0    0.1   -0.1
    52.261  -171.525    0.0    0.1   -0.1
    52.270  -171.525    0.0    0.1   -0.1
    52.279  -171.525    0.0    0.1   -0.1
    52.288  -171.525    0.0    0.1   -0.1
    52.297  -171.525    0.0    0.1   -0.1
    52.306  -171.525    0.0    0.1   -0.1
    52.315  -171.525    0.0    0.1   -0.1
    52.324  -171.525    0.0    0.1   -0.1
    52.333  -171.525    0.0    0.1   -0.1
    52.342  -171.525    0.0    0.1   -0.1
    52.351  -171.525    0.0    0.1   -0.1
    52.360  -171.525    0.0    0.0   -0.1
    52.369  -171.525    0.0    0.0   -0.1
    52.378  -171.525    0.0    0.0   -0.1
    52.387  -171.525    0.0    0.0   -0.1
    52.396  -171.525    0.0    0.0   -0.1
    52.405  -171.525    0.0    0.0   -0.1
    52.414  -171.525    0.0    0.0   -0.1
    52.423  -171.525    0.0    0.0   -0.1
    52.432  -171.525    0.0    0.0   -0.1
    52.441  -171.525    0.0    0.0   -0.1
    52.450  -171.525    0.0    0.0   -0.1
    52.459  -171.525    0.0    0.0   -0.1
    52.468  -171.525    0.0    0.0   -0.1
    52.477  -171.525    0.0    0.0   -0.1
    52.486  -171.525    0.0    0.0   -0.1
    52.495  -171.525    0.0    0.0   -0.1
    52.504  -171.525    0.0    0.0   -0.1
    52.513  -171.525    0.0    0.0   -0.1
    52.522  -171.525    0.0    0.0   -0.1
    52.531  -171.525    0.0    0.0   -0.1
    52.540  -171.525    0.0    0.0   -0.1
    52.549  -171.525    0.0    0.0   -0.1
    52.558  -171.525    0.0    0.0   -0.1
    52.567  -171.525    0.0    0.0   -0.1
    52.576  -171.525    0.0    0.0   -0.1
    52.586  -171.525    0.0    0.0   -0.1
    52.595  -171.525    0.0    0.0   -0.1
    52.604  -171.525    0.0    0.0   -0.1
    52.613  -171.525    0.0    0.0   -0.1
    52.622  -171.525    0.0    0.0   -0.1
    52.631  -171.525    0.0    0.0   -0.1
    52.640  -171.525    0.0    0.0   -0.1
    52.649  -171.525    0.0    0.0   -0.1
    52.658  -171.525    0.0    0.0   -0.1
    52.667  -171.525    0.0    0.0   -0.1
    52.676  -171.525    0.0    0.0   -0.1
    52.685  -171.525    0.0    0.0   -0.1
    52.694  -171.525    0.0    0.0   -0.1
    52.703  -171.525    0.0    0.0   -0.1
    52.712  -171.525    0.0    0.0   -0.1
    52.721  -171.525    0.0    0.0   -0.1
    52.730  -171.525    0.0    0.0   -0.1
    52.739  -171.525    0.0    0.0   -0.1
    52.748  -171.525    0.0    0.0   -0.1
    52.757  -171.525    0.0   -0.0   -0.1
    52.766  -171.525    0.0   -0.0   -0.1
    52.775  -171.525    0.0   -0.0   -0.1
    52.784  -171.525    0.0   -0.0   -0.1
    52.793  -171.525    0.0   -0.0   -0.1
    52.802  -171.525    0.0   -0.0   -0.1
    52.811  -171.525    0.0   -0.0   -0.1
    52.820  -171.525    0.0   -0.0   -0.1
    52.829  -171.525    0.0   -0.0   -0.1
    52.838  -171.525    0.0   -0.0   -0.1
    52.847  -171.525    0.0   -0.0   -0.1
    52.856  -171.525    0.0   -0.0   -0.1
    52.865  -171.525    0.0   -0.0   -0.1
    52.874  -171.525    0.0   -0.0   -0.1
    52.883  -171.525    0.0   -0.0   -0.1
    52.892  -171.525    0.0   -0.0   -0.1
    52.901  -171.525    0.0   -0.0   -0.1
    52.910  -171.525    0.0   -0.0   -0.1
    52.919  -171.525    0.0   -0.0   -0.1
    52.928  -171.525    0.0   -0.0   -0.1
    52.937  -171.525    0.0   -0.0   -0.0
    52.946  -171.525    0.0   -0.0   -0.0
    52.955  -171.525    0.0   -0.0   -0.0
    52.964  -171.525    0.0   -0.0   -0.0
    52.973  -171.525    0.0   -0.0   -0.0
    52.982  -171.525    0.0   -0.0   -0.0
    52.991  -171.525    0.0   -0.0   -0.0
    53.000  -171.525    0.0   -0.0   -0.0
    53.009  -171.525    0.0   -0.0   -0.0
    53.018  -171.525    0.0   -0.0   -0.0
    53.027  -171.525    0.0   -0.0   -0.0
    53.036  -171.525    0.0   -0.0   -0.0
    53.045  -171.525    0.0   -0.0   -0.0
    53.054  -171.525    0.0   -0.0   -0.0
    53.063  -171.525    0.0   -0.0   -0.0
    53.072  -171.525    0.0   -0.0   -0.0
    53.081  -171.525    0.0   -0.0   -0.0
    53.090  -171.525    0.0   -0.0   -0.0
    53.099  -171.525    0.0   -0.0   -0.0
    53.108  -171.525    0.0   -0.0   -0.0
    53.117  -171.525    0.0   -0.0   -0.0
    53.126  -171.525    0.0   -0.0   -0.0
    53.135  -171.525    0.0    0.0    0.0
    52.234  -171.510    0.0    0.1   -0.1
    52.243  -171.510    0.0    0.1   -0.1
    52.252  -171.510    0.0    0.1   -0.1
    52.261  -171.510    0.0    0.1   -0.1
    52.270  -171.510    0.0    0.1   -0.1
    52.279  -171.510    0.0    0.1   -0.1
    52.288  -171.510    0.0    0.1   -0.1
    52.297  -171.510    0.0    0.1   -0.1
    52.306  -171.510    0.0    0.1   -0.1
    52.315  -171.510    0.0    0.1   -0.1
    52.324  -171.510    0.0    0.1   -0.1
    52.333  -171.510    0.0    0.1   -0.1
    52.342  -171.510    0.0    0.1   -0.1
    52.351  -171.510    0.0    0.1   -0.1
    52.360  -171.510    0.0    0.0   -0.1
    52.369  -171.510    0.0    0.0   -0.1
    52.378  -171.510    0.0    0.0   -0.1
    52.387  -171.510    0.0    0.0   -0.1
    52.396  -171.510    0.0    0.0   -0.1
    52.405  -171.510    0.0    0.0   -0.1
    52.414  -171.510    0.0    0.0   -0.1
    52.423  -171.510    0.0    0.0   -0.1
    52.432  -171.510    0.0    0.0   -0.1
    52.441  -171.510    0.0    0.0   -0.1
    52.450  -171.510    0.0    0.0   -0.1
    52.459  -171.510    0.0    0.0   -0.1
    52.468  -171.510    0.0    0.0   -0.1
    52.477  -171.510    0.0    0.0   -0.1
    52.486  -171.510    0.0    0.0   -0.1
    52.495  -171.510    0.0    0.0   -0.1
    52.504  -171.510    0.0    0.0   -0.1
    52.513  -171.510    0.0    0.0   -0.1
    52.522  -171.510    0.0    0.0   -0.1
    52.531  -171.510    0.0    0.0   -0.1
    52.540  -171.510    0.0    0.0   -0.1
    52.549  -171.510    0.0    0.0   -0.1
    52.558  -171.510    0.0    0.0   -0.1
    52.567  -171.510    0.0    0.0   -0.1
    52.576  -171.510    0.0    0.0   -0.1
    52.586  -171.510    0.0    0.0   -0.1
    52.595  -171.510    0.0    0.0   -0.1
    52.604  -171.510    0.0    0.0   -0.1
    52.613  -171.510    0.0    0.0   -0.1
    52.622  -171.510    0.0    0.0   -0.1
    52.631  -171.510    0.0    0.0   -0.1
    52.640  -171.510    0.0    0.0   -0.1
    52.649  -171.510    0.0    0.0   -0.1
    52.658  -171.510    0.0    0.0   -0.1
    52.667  -171.510    0.0    0.0   -0.1
    52.676  -171.510    0.0    0.0   -0.1
    52.685  -171.510    0.0    0.0   -0.1
    52.694  -171.510    0.0    0.0   -0.1
    52.703  -171.510    0.0    0.0   -0.1
    52.712  -171.510    0.0    0.0   -0.1
    52.721  -171.510    0.0    0.0   -0.1
    52.730  -171.510    0.0    0.0   -0.1
    52.739  -171.510    0.0    0.0   -0.1
    52.748  -171.510    0.0    0.0   -0.1
    52.757  -171.510    0.0   -0.0   -0.1
    52.766  -171.510    0.0   -0.0   -0.1
    52.775  -171.510    0.0   -0.0   -0.1
    52.784  -171.510    0.0   -0.0   -0.1
    52.793  -171.510    0.0   -0.0   -0.1
    52.802  -171.510    0.0   -0.0   -0.1
    52.811  -171.510    0.0   -0.0   -0.1
    52.820  -171.510    0.0   -0.0   -0.1
    52.829  -171.510    0.0   -0.0   -0.1
    52.838  -171.510    0.0   -0.0   -0.1
    52.847  -171.510    0.0   -0.0   -0.1
    52.856  -171.510    0.0   -0.0   -0.1
    52.865  -171.510    0.0   -0.0   -0.1
    52.874  -171.510    0.0   -0.0   -0.1
    52.883  -171.510    0.0   -0.0   -0.1
    52.892  -171.510    0.0   -0.0   -0.1
    52.901  -171.510    0.0   -0.0   -0.1
    52.910  -171.510    0.0   -0.0   -0.1
    52.919  -171.510    0.0   -0.0   -0.1
    52.928  -171.510    0.0   -0.0   -0.1
    52.937  -171.510    0.0   -0.0   -0.0
    52.946  -171.510    0.0   -0.0   -0.0
    52.955  -171.510    0.0   -0.0   -0.0
    52.964  -171.510    0.0   -0.0   -0.0
    52.973  -171.510    0.0   -0.0   -0.0
    52.982  -171.510    0.0   -0.0   -0.0
    52.991  -171.510    0.0   -0.0   -0.0
    53.000  -171.510    0.0   -0.0   -0.0
    53.009  -171.510    0.0   -0.0   -0.0
    53.018  -171.510    0.0   -0.0   -0.0
    53.027  -171.510    0.0   -0.0   -0.0
    53.036  -171.510    0.0   -0.0   -0.0
    53.045  -171.510    0.0   -0.0   -0.0
    53.054  -171.510    0.0   -0.0   -0.0
    53.063  -171.510    0.0   -0.0   -0.0
    53.072  -171.510    0.0   -0.0   -0.0
    53.081  -171.510    0.0   -0.0   -0.0
    53.090  -171.510    0.0   -0.0   -0.0
    53.099  -171.510    0.0   -0.0   -0.0
    53.108  -171.510    0.0   -0.0   -0.0
    53.117  -171.510    0.0   -0.0   -0.0
    53.126  -171.510    0.0    0.0   -0.0
    53.135  -171.510    0.0    0.0    0.0
    52.234  -171.495    0.0    0.1   -0.1
    52.243  -171.495    0.0    0.1   -0.1
    52.252  -171.495    0.0    0.1   -0.1
    52.261  -171.495    0.0    0.1   -0.1
    52.270  -171.495    0.0    0.1   -0.1
    52.279  -171.495    0.0    0.1   -0.1
    52.288  -171.495    0.0    0.1   -0.1
    52.297  -171.495    0.0    0.1   -0.1
    52.306  -171.495    0.0    0.1   -0.1
    52.315  -171.495    0.0    0.1   -0.1
    52.324  -171.495    0.0    0.1   -0.1
    52.333  -171.495    0.0    0.1   -0.1
    52.342  -171.495    0.0    0.1   -0.1
    52.351  -171.495    0.0    0.1   -0.1
    52.360  -171.495    0.0    0.0   -0.1
    52.369  -171.495    0.0    0.0   -0.1
    52.378  -171.495    0.0    0.0   -0.1
    52.387  -171.495    0.0    0.0   -0.1
    52.396  -171.495    0.0    0.0   -0.1
    52.405  -171.495    0.0    0.0   -0.1
    52.414  -171.495    0.0    0.0   -0.1
    52.423  -171.495    0.0    0.0   -0.1
    52.432  -171.495    0.0    0.0   -0.1
    52.441  -171.495    0.0    0.0   -0.1
    52.450  -171.495    0.0    0.0   -0.1
    52.459  -171.495    0.0    0.0   -0.1
    52.468  -171.495    0.0    0.0   -0.1
    52.477  -171.495    0.0    0.0   -0.1
    52.486  -171.495    0.0    0.0   -0.1
    52.495  -171.495    0.0    0.0   -0.1
    52.504  -171.495    0.0    0.0   -0.1
    52.513  -171.495    0.0    0.0   -0.1
    52.522  -171.495    0.0    0.0   -0.1
    52.531  -171.495    0.0    0.0   -0.1
    52.540  -171.495    0.0    0.0   -0.1
    52.549  -171.495    0.0    0.0   -0.1
    52.558  -171.495    0.0    0.0   -0.1
    52.567  -171.495    0.0    0.0   -0.1
    52.576  -171.495    0.0    0.0   -0.1
    52.586  -171.495    0.0    0.0   -0.1
    52.595  -171.495    0.0    0.0   -0.1
    52.604  -171.495    0.0    0.0   -0.1
    52.613  -171.495    0.0    0.0   -0.1
    52.622  -171.495    0.0    0.0   -0.1
    52.631  -171.495    0.0    0.0   -0.1
    52.640  -171.495    0.0    0.0   -0.1
    52.649  -171.495    0.0    0.0   -0.1
    52.658  -171.495    0.0    0.0   -0.1
    52.667  -171.495    0.0    0.0   -0.1
    52.676  -171.495    0.0    0.0   -0.1
    52.685  -171.495    0.0    0.0   -0.1
    52.694  -171.495    0.0    0.0   -0.1
    52.703  -171.495    0.0    0.0   -0.1
    52.712  -171.495    0.0    0.0   -0.1
    52.721  -171.495    0.0    0.0   -0.1
    52.730  -171.495    0.0    0.0   -0.1
    52.739  -171.495    0.0    0.0   -0.1
    52.748  -171.495    0.0    0.0   -0.1
    52.757  -171.495    0.0   -0.0   -0.1
    52.766  -171.495    0.0   -0.0   -0.1
    52.775  -171.495    0.0   -0.0   -0.1
    52.784  -171.495    0.0   -0.0   -0.1
    52.793  -171.495    0.0   -0.0   -0.1
    52.802  -171.495    0.0   -0.0   -0.1
    52.811  -171.495    0.0   -0.0   -0.1
    52.820  -171.495    0.0   -0.0   -0.1
    52.829  -171.495    0.0   -0.0   -0.1
    52.838  -171.495    0.0   -0.0   -0.1
    52.847  -171.495    0.0   -0.0   -0.1
    52.856  -171.495    0.0   -0.0   -0.1
    52.865  -171.495    0.0   -0.0   -0.1
    52.874  -171.495    0.0   -0.0   -0.1
    52.883  -171.495    0.0   -0.0   -0.1
    52.892  -171.495    0.0   -0.0   -0.1
    52.901  -171.495    0.0   -0.0   -0.1
    52.910  -171.495    0.0   -0.0   -0.1
    52.919  -171.495    0.0   -0.0   -0.1
    52.928  -171.495    0.0   -0.0   -0.1
    52.937  -171.495    0.0   -0.0   -0.0
    52.946  -171.495    0.0   -0.0   -0.0
    52.955  -171.495    0.0   -0.0   -0.0
    52.964  -171.495    0.0   -0.0   -0.0
    52.973  -171.495    0.0   -0.0   -0.0
    52.982  -171.495    0.0   -0.0   -0.0
    52.991  -171.495    0.0   -0.0   -0.0
    53.000  -171.495    0.0   -0.0   -0.0
    53.009  -171.495    0.0   -0.0   -0.0
    53.018  -171.495    0.0   -0.0   -0.0
    53.027  -171.495    0.0   -0.0   -0.0
    53.036  -171.495    0.0   -0.0   -0.0
    53.045  -171.495    0.0   -0.0   -0.0
    53.054  -171.495    0.0   -0.0   -0.0
    53.063  -171.495    0.0   -0.0   -0.0
    53.072  -171.495    0.0   -0.0   -0.0
    53.081  -171.495    0.0   -0.0   -0.0
    53.090  -171.495    0.0   -0.0   -0.0
    53.099  -171.495    0.0   -0.0   -0.0
    53.108  -171.495    0.0   -0.0   -0.0
    53.117  -171.495    0.0   -0.0   -0.0
    53.126  -171.495    0.0    0.0    0.0
    53.135  -171.495    0.0    0.0    0.0
    52.234  -171.481    0.0    0.1   -0.1
    52.243  -171.481    0.0    0.1   -0.1
    52.252  -171.481    0.0    0.1   -0.1
    52.261  -171.481    0.0    0.1   -0.1
    52.270  -171.481    0.0    0.1   -0.1
    52.279  -171.481    0.0    0.1   -0.1
    52.288  -171.481    0.0    0.1   -0.1
    52.297  -171.481    0.0    0.1   -0.1
    52.306  -171.481    0.0    0.1   -0.1
    52.315  -171.481    0.0    0.1   -0.1
    52.324  -171.481    0.0    0.1   -0.1
    52.333  -171.481    0.0    0.1   -0.1
    52.342  -171.481    0.0    0.1   -0.1
    52.351  -171.481    0.0    0.1   -0.1
    52.360  -171.481    0.0    0.1   -0.1
    52.369  -171.481    0.0    0.0   -0.1
    52.378  -171.481    0.0    0.0   -0.1
    52.387  -171.481    0.0    0.0   -0.1
    52.396  -171.481    0.0    0.0   -0.1
    52.405  -171.481    0.0    0.0   -0.1
    52.414  -171.481    0.0    0.0   -0.1
    52.423  -171.481    0.0    0.0   -0.1
    52.432  -171.481    0.0    0.0   -0.1
    52.441  -171.481    0.0    0.0   -0.1
    52.450  -171.481    0.0    0.0   -0.1
    52.459  -171.481    0.0    0.0   -0.1
    52.468  -171.481    0.0    0.0   -0.1
    52.477  -171.481    0.0    0.0   -0.1
    52.486  -171.481    0.0    0.0   -0.1
    52.495  -171.481    0.0    0.0   -0.1
    52.504  -171.481    0.0    0.0   -0.1
    52.513  -171.481    0.0    0.0   -0.1
    52.522  -171.481    0.0    0.0   -0.1
    52.531  -171.481    0.0    0.0   -0.1
    52.540  -171.481    0.0    0.0   -0.1
    52.549  -171.481    0.0    0.0   -0.1
    52.558  -171.481    0.0    0.0   -0.1
    52.567  -171.481    0.0    0.0   -0.1
    52.576  -171.481    0.0    0.0   -0.1
    52.586  -171.481    0.0    0.0   -0.1
    52.595  -171.481    0.0    0.0   -0.1
    52.604  -171.481    0.0    0.0   -0.1
    52.613  -171.481    0.0    0.0   -0.1
    52.622  -171.481    0.0    0.0   -0.1
    52.631  -171.481    0.0    0.0   -0.1
    52.640  -171.481    0.0    0.0   -0.1
    52.649  -171.481    0.0    0.0   -0.1
    52.658  -171.481    0.0    0.0   -0.1
    52.667  -171.481    0.0    0.0   -0.1
    52.676  -171.481    0.0    0.0   -0.1
    52.685  -171.481    0.0    0.0   -0.1
    52.694  -171.481    0.0    0.0   -0.1
    52.703  -171.481    0.0    0.0   -0.1
    52.712  -171.481    0.0    0.0   -0.1
    52.721  -171.481    0.0    0.0   -0.1
    52.730  -171.481    0.0    0.0   -0.1
    52.739  -171.481    0.0    0.0   -0.1
    52.748  -171.481    0.0    0.0   -0.1
    52.757  -171.481    0.0   -0.0   -0.1
    52.766  -171.481    0.0   -0.0   -0.1
    52.775  -171.481    0.0   -0.0   -0.1
    52.784  -171.481    0.0   -0.0   -0.1
    52.793  -171.481    0.0   -0.0   -0.1
    52.802  -171.481    0.0   -0.0   -0.1
    52.811  -171.481    0.0   -0.0   -0.1
    52.820  -171.481    0.0   -0.0   -0.1
    52.829  -171.481    0.0   -0.0   -0.1
    52.838  -171.481    0.0   -0.0   -0.1
    52.847  -171.481    0.0   -0.0   -0.1
    52.856  -171.481    0.0   -0.0   -0.1
    52.865  -171.481    0.0   -0.0   -0.1
    52.874  -171.481    0.0   -0.0   -0.1
    52.883  -171.481    0.0   -0.0   -0.1
    52.892  -171.481    0.0   -0.0   -0.1
    52.901  -171.481    0.0   -0.0   -0.1
    52.910  -171.481    0.0   -0.0   -0.1
    52.919  -171.481    0.0   -0.0   -0.1
    52.928  -171.481    0.0   -0.0   -0.1
    52.937  -171.481    0.0   -0.0   -0.0
    52.946  -171.481    0.0   -0.0   -0.0
    52.955  -171.481    0.0   -0.0   -0.0
    52.964  -171.481    0.0   -0.0   -0.0
    52.973  -171.481    0.0   -0.0   -0.0
    52.982  -171.481    0.0   -0.0   -0.0
    52.991  -171.481    0.0   -0.0   -0.0
    53.000  -171.481    0.0   -0.0   -0.0
    53.009  -171.481    0.0   -0.0   -0.0
    53.018  -171.481    0.0   -0.0   -0.0
    53.027  -171.481    0.0   -0.0   -0.0
    53.036  -171.481    0.0   -0.0   -0.0
    53.045  -171.481    0.0   -0.0   -0.0
    53.054  -171.481    0.0   -0.0   -0.0
    53.063  -171.481    0.0   -0.0   -0.0
    53.072  -171.481    0.0   -0.0   -0.0
    53.081  -171.481    0.0   -0.0   -0.0
    53.090  -171.481    0.0   -0.0   -0.0
    53.099  -171.481    0.0   -0.0   -0.0
    53.108  -171.481    0.0   -0.0   -0.0
    53.117  -171.481    0.0   -0.0   -0.0
    53.126  -171.481    0.0    0.0    0.0
    53.135  -171.481    0.0    0.0    0.0
    52.234  -171.466    0.0    0.1   -0.1
    52.243  -171.466    0.0    0.1   -0.1
    52.252  -171.466    0.0    0.1   -0.1
    52.261  -171.466    0.0    0.1   -0.1
    52.270  -171.466    0.0    0.1   -0.1
    52.279  -171.466    0.0    0.1   -0.1
    52.288  -171.466    0.0    0.1   -0.1
    52.297  -171.466    0.0    0.1   -0.1
    52.306  -171.466    0.0    0.1   -0.1
    52.315  -171.466    0.0    0.1   -0.1
    52.324  -171.466    0.0    0.1   -0.1
    52.333  -171.466    0.0    0.1   -0.1
    52.342  -171.466    0.0    0.1   -0.1
    52.351  -171.466    0.0    0.1   -0.1
    52.360  -171.466    0.0    0.1   -0.1
    52.369  -171.466    0.0    0.0   -0.1
    52.378  -171.466    0.0    0.0   -0.1
    52.387  -171.466    0.0    0.0   -0.1
    52.396  -171.466    0.0    0.0   -0.1
    52.405  -171.466    0.0    0.0   -0.1
    52.414  -171.466    0.0    0.0   -0.1
    52.423  -171.466    0.0    0.0   -0.1
    52.432  -171.466    0.0    0.0   -0.1
    52.441  -171.466    0.0    0.0   -0.1
    52.450  -171.466    0.0    0.0   -0.1
    52.459  -171.466    0.0    0.0   -0.1
    52.468  -171.466    0.0    0.0   -0.1
    52.477  -171.466    0.0    0.0   -0.1
    52.486  -171.466    0.0    0.0   -0.1
    52.495  -171.466    0.0    0.0   -0.1
    52.504  -171.466    0.0    0.0   -0.1
    52.513  -171.466    0.0    0.0   -0.1
    52.522  -171.466    0.0    0.0   -0.1
    52.531  -171.466    0.0    0.0   -0.1
    52.540  -171.466    0.0    0.0   -0.1
    52.549  -171.466    0.0    0.0   -0.1
    52.558  -171.466    0.0    0.0   -0.1
    52.567  -171.466    0.0    0.0   -0.1
    52.576  -171.466    0.0    0.0   -0.1
    52.586  -171.466    0.0    0.0   -0.1
    52.595  -171.466    0.0    0.0   -0.1
    52.604  -171.466    0.0    0.0   -0.1
    52.613  -171.466    0.0    0.0   -0.1
    52.622  -171.466    0.0    0.0   -0.1
    52.631  -171.466    0.0    0.0   -0.1
    52.640  -171.466    0.0    0.0   -0.1
    52.649  -171.466    0.0    0.0   -0.1
    52.658  -171.466    0.0    0.0   -0.1
    52.667  -171.466    0.0    0.0   -0.1
    52.676  -171.466    0.0    0.0   -0.1
    52.685  -171.466    0.0    0.0   -0.1
    52.694  -171.466    0.0    0.0   -0.1
    52.703  -171.466    0.0    0.0   -0.1
    52.712  -171.466    0.0    0.0   -0.1
    52.721  -171.466    0.0    0.0   -0.1
    52.730  -171.466    0.0    0.0   -0.1
    52.739  -171.466    0.0    0.0   -0.1
    52.748  -171.466    0.0    0.0   -0.1
    52.757  -171.466    0.0   -0.0   -0.1
    52.766  -171.466    0.0   -0.0   -0.1
    52.775  -171.466    0.0   -0.0   -0.1
    52.784  -171.466    0.0   -0.0   -0.1
    52.793  -171.466    0.0   -0.0   -0.1
    52.802  -171.466    0.0   -0.0   -0.1
    52.811  -171.466    0.0   -0.0   -0.1
    52.820  -171.466    0.0   -0.0   -0.1
    52.829  -171.466    0.0   -0.0   -0.1
    52.838  -171.466    0.0   -0.0   -0.1
    52.847  -171.466    0.0   -0.0   -0.1
    52.856  -171.466    0.0   -0.0   -0.1
    52.865  -171.466    0.0   -0.0   -0.1
    52.874  -171.466    0.0   -0.0   -0.1
    52.883  -171.466    0.0   -0.0   -0.1
    52.892  -171.466    0.0   -0.0   -0.1
    52.901  -171.466    0.0   -0.0   -0.1
    52.910  -171.466    0.0   -0.0   -0.1
    52.919  -171.466    0.0   -0.0   -0.1
    52.928  -171.466    0.0   -0.0   -0.1
    52.937  -171.466    0.0   -0.0   -0.0
    52.946  -171.466    0.0   -0.0   -0.0
    52.955  -171.466    0.0   -0.0   -0.0
    52.964  -171.466    0.0   -0.0   -0.0
    52.973  -171.466    0.0   -0.0   -0.0
    52.982  -171.466    0.0   -0.0   -0.0
    52.991  -171.466    0.0   -0.0   -0.0
    53.000  -171.466    0.0   -0.0   -0.0
    53.009  -171.466    0.0   -0.0   -0.0
    53.018  -171.466    0.0   -0.0   -0.0
    53.027  -171.466    0.0   -0.0   -0.0
    53.036  -171.466    0.0   -0.0   -0.0
    53.045  -171.466    0.0   -0.0   -0.0
    53.054  -171.466    0.0   -0.0   -0.0
    53.063  -171.466    0.0   -0.0   -0.0
    53.072  -171.466    0.0   -0.0   -0.0
    53.081  -171.466    0.0   -0.0   -0.0
    53.090  -171.466    0.0   -0.0   -0.0
    53.099  -171.466    0.0   -0.0   -0.0
    53.108  -171.466    0.0   -0.0   -0.0
    53.117  -171.466    0.0    0.0   -0.0
    53.126  -171.466    0.0    0.0    0.0
    53.135  -171.466    0.0    0.0    0.0
    52.234  -171.451    0.0    0.1   -0.1
    52.243  -171.451    0.0    0.1   -0.1
    52.252  -171.451    0.0    0.1   -0.1
    52.261  -171.451    0.0    0.1   -0.1
    52.270  -171.451    0.0    0.1   -0.1
    52.279  -171.451    0.0    0.1   -0.1
    52.288  -171.451    0.0    0.1   -0.1
    52.297  -171.451    0.0    0.1   -0.1
    52.306  -171.451    0.0    0.1   -0.1
    52.315  -171.451    0.0    0.1   -0.1
    52.324  -171.451    0.0    0.1   -0.1
    52.333  -171.451    0.0    0.1   -0.1
    52.342  -171.451    0.0    0.1   -0.1
    52.351  -171.451    0.0    0.1   -0.1
    52.360  -171.451    0.0    0.1   -0.2
    52.369  -171.451    0.0    0.0   -0.2
    52.378  -171.451    0.0    0.0   -0.2
    52.387  -171.451    0.0    0.0   -0.2
    52.396  -171.451    0.0    0.0   -0.2
    52.405  -171.451    0.0    0.0   -0.2
    52.414  -171.451    0.0    0.0   -0.2
    52.423  -171.451    0.0    0.0   -0.2
    52.432  -171.451    0.0    0.0   -0.2
    52.441  -171.451    0.0    0.0   -0.2
    52.450  -171.451    0.0    0.0   -0.1
    52.459  -171.451    0.0    0.0   -0.1
    52.468  -171.451    0.0    0.0   -0.1
    52.477  -171.451    0.0    0.0   -0.1
    52.486  -171.451    0.0    0.0   -0.1
    52.495  -171.451    0.0    0.0   -0.1
    52.504  -171.451    0.0    0.0   -0.1
    52.513  -171.451    0.0    0.0   -0.1
    52.522  -171.451    0.0    0.0   -0.1
    52.531  -171.451    0.0    0.0   -0.1
    52.540  -171.451    0.0    0.0   -0.1
    52.549  -171.451    0.0    0.0   -0.1
    52.558  -171.451    0.0    0.0   -0.1
    52.567  -171.451    0.0    0.0   -0.1
    52.576  -171.451    0.0    0.0   -0.1
    52.586  -171.451    0.0    0.0   -0.1
    52.595  -171.451    0.0    0.0   -0.1
    52.604  -171.451    0.0    0.0   -0.1
    52.613  -171.451    0.0    0.0   -0.1
    52.622  -171.451    0.0    0.0   -0.1
    52.631  -171.451    0.0    0.0   -0.1
    52.640  -171.451    0.0    0.0   -0.1
    52.649  -171.451    0.0    0.0   -0.1
    52.658  -171.451    0.0    0.0   -0.1
    52.667  -171.451    0.0    0.0   -0.1
    52.676  -171.451    0.0    0.0   -0.1
    52.685  -171.451    0.0    0.0   -0.1
    52.694  -171.451    0.0    0.0   -0.1
    52.703  -171.451    0.0    0.0   -0.1
    52.712  -171.451    0.0    0.0   -0.1
    52.721  -171.451    0.0    0.0   -0.1
    52.730  -171.451    0.0    0.0   -0.1
    52.739  -171.451    0.0    0.0   -0.1
    52.748  -171.451    0.0    0.0   -0.1
    52.757  -171.451    0.0   -0.0   -0.1
    52.766  -171.451    0.0   -0.0   -0.1
    52.775  -171.451    0.0   -0.0   -0.1
    52.784  -171.451    0.0   -0.0   -0.1
    52.793  -171.451    0.0   -0.0   -0.1
    52.802  -171.451    0.0   -0.0   -0.1
    52.811  -171.451    0.0   -0.0   -0.1
    52.820  -171.451    0.0   -0.0   -0.1
    52.829  -171.451    0.0   -0.0   -0.1
    52.838  -171.451    0.0   -0.0   -0.1
    52.847  -171.451    0.0   -0.0   -0.1
    52.856  -171.451    0.0   -0.0   -0.1
    52.865  -171.451    0.0   -0.0   -0.1
    52.874  -171.451    0.0   -0.0   -0.1
    52.883  -171.451    0.0   -0.0   -0.1
    52.892  -171.451    0.0   -0.0   -0.1
    52.901  -171.451    0.0   -0.0   -0.1
    52.910  -171.451    0.0   -0.0   -0.1
    52.919  -171.451    0.0   -0.0   -0.1
    52.928  -171.451    0.0   -0.0   -0.1
    52.937  -171.451    0.0   -0.0   -0.0
    52.946  -171.451    0.0   -0.0   -0.0
    52.955  -171.451    0.0   -0.0   -0.0
    52.964  -171.451    0.0   -0.0   -0.0
    52.973  -171.451    0.0   -0.0   -0.0
    52.982  -171.451    0.0   -0.0   -0.0
    52.991  -171.451    0.0   -0.0   -0.0
    53.000  -171.451    0.0   -0.0   -0.0
    53.009  -171.451    0.0   -0.0   -0.0
    53.018  -171.451    0.0   -0.0   -0.0
    53.027  -171.451    0.0   -0.0   -0.0
    53.036  -171.451    0.0   -0.0   -0.0
    53.045  -171.451    0.0   -0.0   -0.0
    53.054  -171.451    0.0   -0.0   -0.0
    53.063  -171.451    0.0   -0.0   -0.0
    53.072  -171.451    0.0   -0.0   -0.0
    53.081  -171.451    0.0   -0.0   -0.0
    53.090  -171.451    0.0   -0.0   -0.0
    53.099  -171.451    0.0   -0.0   -0.0
    53.108  -171.451    0.0   -0.0   -0.0
    53.117  -171.451    0.0    0.0   -0.0
    53.126  -171.451    0.0    0.0    0.0
    53.135  -171.451    0.0    0.0    0.0
    52.234  -171.436    0.0    0.1   -0.1
    52.243  -171.436    0.0    0.1   -0.1
    52.252  -171.436    0.0    0.1   -0.1
    52.261  -171.436    0.0    0.1   -0.1
    52.270  -171.436    0.0    0.1   -0.1
    52.279  -171.436    0.0    0.1   -0.1
    52.288  -171.436    0.0    0.1   -0.1
    52.297  -171.436    0.0    0.1   -0.1
    52.306  -171.436    0.0    0.1   -0.1
    52.315  -171.436    0.0    0.1   -0.1
    52.324  -171.436    0.0    0.1   -0.1
    52.333  -171.436    0.0    0.1   -0.2
    52.342  -171.436    0.0    0.1   -0.2
    52.351  -171.436    0.0    0.1   -0.2
    52.360  -171.436    0.0    0.1   -0.2
    52.369  -171.436    0.0    0.1   -0.2
    52.378  -171.436    0.0    0.0   -0.2
    52.387  -171.436    0.0    0.0   -0.2
    52.396  -171.436    0.0    0.0   -0.2
    52.405  -171.436    0.0    0.0   -0.2
    52.414  -171.436    0.0    0.0   -0.2
    52.423  -171.436    0.0    0.0   -0.2
    52.432  -171.436    0.0    0.0   -0.2
    52.441  -171.436    0.0    0.0   -0.2
    52.450  -171.436    0.0    0.0   -0.2
    52.459  -171.436    0.0    0.0   -0.2
    52.468  -171.436    0.0    0.0   -0.1
    52.477  -171.436    0.0    0.0   -0.1
    52.486  -171.436    0.0    0.0   -0.1
    52.495  -171.436    0.0    0.0   -0.1
    52.504  -171.436    0.0    0.0   -0.1
    52.513  -171.436    0.0    0.0   -0.1
    52.522  -171.436    0.0    0.0   -0.1
    52.531  -171.436    0.0    0.0   -0.1
    52.540  -171.436    0.0    0.0   -0.1
    52.549  -171.436    0.0    0.0   -0.1
    52.558  -171.436    0.0    0.0   -0.1
    52.567  -171.436    0.0    0.0   -0.1
    52.576  -171.436    0.0    0.0   -0.1
    52.586  -171.436    0.0    0.0   -0.1
    52.595  -171.436    0.0    0.0   -0.1
    52.604  -171.436    0.0    0.0   -0.1
    52.613  -171.436    0.0    0.0   -0.1
    52.622  -171.436    0.0    0.0   -0.1
    52.631  -171.436    0.0    0.0   -0.1
    52.640  -171.436    0.0    0.0   -0.1
    52.649  -171.436    0.0    0.0   -0.1
    52.658  -171.436    0.0    0.0   -0.1
    52.667  -171.436    0.0    0.0   -0.1
    52.676  -171.436    0.0    0.0   -0.1
    52.685  -171.436    0.0    0.0   -0.1
    52.694  -171.436    0.0    0.0   -0.1
    52.703  -171.436    0.0    0.0   -0.1
    52.712  -171.436    0.0    0.0   -0.1
    52.721  -171.436    0.0    0.0   -0.1
    52.730  -171.436    0.0    0.0   -0.1
    52.739  -171.436    0.0    0.0   -0.1
    52.748  -171.436    0.0    0.0   -0.1
    52.757  -171.436    0.0   -0.0   -0.1
    52.766  -171.436    0.0   -0.0   -0.1
    52.775  -171.436    0.0   -0.0   -0.1
    52.784  -171.436    0.0   -0.0   -0.1
    52.793  -171.436    0.0   -0.0   -0.1
    52.802  -171.436    0.0   -0.0   -0.1
    52.811  -171.436    0.0   -0.0   -0.1
    52.820  -171.436    0.0   -0.0   -0.1
    52.829  -171.436    0.0   -0.0   -0.1
    52.838  -171.436    0.0   -0.0   -0.1
    52.847  -171.436    0.0   -0.0   -0.1
    52.856  -171.436    0.0   -0.0   -0.1
    52.865  -171.436    0.0   -0.0   -0.1
    52.874  -171.436    0.0   -0.0   -0.1
    52.883  -171.436    0.0   -0.0   -0.1
    52.892  -171.436    0.0   -0.0   -0.1
    52.901  -171.436    0.0   -0.0   -0.1
    52.910  -171.436    0.0   -0.0   -0.1
    52.919  -171.436    0.0   -0.0   -0.1
    52.928  -171.436    0.0   -0.0   -0.1
    52.937  -171.436    0.0   -0.0   -0.0
    52.946  -171.436    0.0   -0.0   -0.0
    52.955  -171.436    0.0   -0.0   -0.0
    52.964  -171.436    0.0   -0.0   -0.0
    52.973  -171.436    0.0   -0.0   -0.0
    52.982  -171.436    0.0   -0.0   -0.0
    52.991  -171.436    0.0   -0.0   -0.0
    53.000  -171.436    0.0   -0.0   -0.0
    53.009  -171.436    0.0   -0.0   -0.0
    53.018  -171.436    0.0   -0.0   -0.0
    53.027  -171.436    0.0   -0.0   -0.0
    53.036  -171.436    0.0   -0.0   -0.0
    53.045  -171.436    0.0   -0.0   -0.0
    53.054  -171.436    0.0   -0.0   -0.0
    53.063  -171.436    0.0   -0.0   -0.0
    53.072  -171.436    0.0   -0.0   -0.0
    53.081  -171.436    0.0   -0.0   -0.0
    53.090  -171.436    0.0   -0.0   -0.0
    53.099  -171.436    0.0   -0.0   -0.0
    53.108  -171.436    0.0    0.0   -0.0
    53.117  -171.436    0.0    0.0   -0.0
    53.126  -171.436    0.0    0.0    0.0
    53.135  -171.436    0.0    0.0    0.0
    52.234  -171.421    0.0    0.1   -0.1
    52.243  -171.421    0.0    0.1   -0.1
    52.252  -171.421    0.0    0.1   -0.1
    52.261  -171.421    0.0    0.1   -0.1
    52.270  -171.421    0.0    0.1   -0.1
    52.279  -171.421    0.0    0.1   -0.1
    52.288  -171.421    0.0    0.1   -0.1
    52.297  -171.421    0.0    0.1   -0.1
    52.306  -171.421    0.0    0.1   -0.1
    52.315  -171.421    0.0    0.1   -0.2
    52.324  -171.421    0.0    0.1   -0.2
    52.333  -171.421    0.0    0.1   -0.2
    52.342  -171.421    0.0    0.1   -0.2
    52.351  -171.421    0.0    0.1   -0.2
    52.360  -171.421    0.0    0.1   -0.2
    52.369  -171.421    0.0    0.1   -0.2
    52.378  -171.421    0.0    0.0   -0.2
    52.387  -171.421    0.0    0.0   -0.2
    52.396  -171.421    0.0    0.0   -0.2
    52.405  -171.421    0.0    0.0   -0.2
    52.414  -171.421    0.0    0.0   -0.2
    52.423  -171.421    0.0    0.0   -0.2
    52.432  -171.421    0.0    0.0   -0.2
    52.441  -171.421    0.0    0.0   -0.2
    52.450  -171.421    0.0    0.0   -0.2
    52.459  -171.421    0.0    0.0   -0.2
    52.468  -171.421    0.0    0.0   -0.2
    52.477  -171.421    0.0    0.0   -0.1
    52.486  -171.421    0.0    0.0   -0.1
    52.495  -171.421    0.0    0.0   -0.1
    52.504  -171.421    0.0    0.0   -0.1
    52.513  -171.421    0.0    0.0   -0.1
    52.522  -171.421    0.0    0.0   -0.1
    52.531  -171.421    0.0    0.0   -0.1
    52.540  -171.421    0.0    0.0   -0.1
    52.549  -171.421    0.0    0.0   -0.1
    52.558  -171.421    0.0    0.0   -0.1
    52.567  -171.421    0.0    0.0   -0.1
    52.576  -171.421    0.0    0.0   -0.1
    52.586  -171.421    0.0    0.0   -0.1
    52.595  -171.421    0.0    0.0   -0.1
    52.604  -171.421    0.0    0.0   -0.1
    52.613  -171.421    0.0    0.0   -0.1
    52.622  -171.421    0.0    0.0   -0.1
    52.631  -171.421    0.0    0.0   -0.1
    52.640  -171.421    0.0    0.0   -0.1
    52.649  -171.421    0.0    0.0   -0.1
    52.658  -171.421    0.0    0.0   -0.1
    52.667  -171.421    0.0    0.0   -0.1
    52.676  -171.421    0.0    0.0   -0.1
    52.685  -171.421    0.0    0.0   -0.1
    52.694  -171.421    0.0    0.0   -0.1
    52.703  -171.421    0.0    0.0   -0.1
    52.712  -171.421    0.0    0.0   -0.1
    52.721  -171.421    0.0    0.0   -0.1
    52.730  -171.421    0.0    0.0   -0.1
    52.739  -171.421    0.0    0.0   -0.1
    52.748  -171.421    0.0    0.0   -0.1
    52.757  -171.421    0.0   -0.0   -0.1
    52.766  -171.421    0.0   -0.0   -0.1
    52.775  -171.421    0.0   -0.0   -0.1
    52.784  -171.421    0.0   -0.0   -0.1
    52.793  -171.421    0.0   -0.0   -0.1
    52.802  -171.421    0.0   -0.0   -0.1
    52.811  -171.421    0.0   -0.0   -0.1
    52.820  -171.421    0.0   -0.0   -0.1
    52.829  -171.421    0.0   -0.0   -0.1
    52.838  -171.421    0.0   -0.0   -0.1
    52.847  -171.421    0.0   -0.0   -0.1
    52.856  -171.421    0.0   -0.0   -0.1
    52.865  -171.421    0.0   -0.0   -0.1
    52.874  -171.421    0.0   -0.0   -0.1
    52.883  -171.421    0.0   -0.0   -0.1
    52.892  -171.421    0.0   -0.0   -0.1
    52.901  -171.421    0.0   -0.0   -0.1
    52.910  -171.421    0.0   -0.0   -0.1
    52.919  -171.421    0.0   -0.0   -0.1
    52.928  -171.421    0.0   -0.0   -0.1
    52.937  -171.421    0.0   -0.0   -0.0
    52.946  -171.421    0.0   -0.0   -0.0
    52.955  -171.421    0.0   -0.0   -0.0
    52.964  -171.421    0.0   -0.0   -0.0
    52.973  -171.421    0.0   -0.0   -0.0
    52.982  -171.421    0.0   -0.0   -0.0
    52.991  -171.421    0.0   -0.0   -0.0
    53.000  -171.421    0.0   -0.0   -0.0
    53.009  -171.421    0.0   -0.0   -0.0
    53.018  -171.421    0.0   -0.0   -0.0
    53.027  -171.421    0.0   -0.0   -0.0
    53.036  -171.421    0.0   -0.0   -0.0
    53.045  -171.421    0.0   -0.0   -0.0
    53.054  -171.421    0.0   -0.0   -0.0
    53.063  -171.421    0.0   -0.0   -0.0
    53.072  -171.421    0.0   -0.0   -0.0
    53.081  -171.421    0.0   -0.0   -0.0
    53.090  -171.421    0.0   -0.0   -0.0
    53.099  -171.421    0.0   -0.0   -0.0
    53.108  -171.421    0.0    0.0   -0.0
    53.117  -171.421    0.0    0.0    0.0
    53.126  -171.421    0.0    0.0    0.0
    53.135  -171.421    0.0    0.0    0.0
    52.234  -171.406    0.0    0.1   -0.1
    52.243  -171.406    0.0    0.1   -0.1
    52.252  -171.406    0.0    0.1   -0.1
    52.261  -171.406    0.0    0.1   -0.1
    52.270  -171.406    0.0    0.1   -0.1
    52.279  -171.406    0.0    0.1   -0.1
    52.288  -171.406    0.0    0.1   -0.1
    52.297  -171.406    0.0    0.1   -0.1
    52.306  -171.406    0.0    0.1   -0.2
    52.315  -171.406    0.0    0.1   -0.2
    52.324  -171.406    0.0    0.1   -0.2
    52.333  -171.406    0.0    0.1   -0.2
    52.342  -171.406    0.0    0.1   -0.2
    52.351  -171.406    0.0    0.1   -0.2
    52.360  -171.406    0.0    0.1   -0.2
    52.369  -171.406    0.0    0.1   -0.2
    52.378  -171.406    0.0    0.0   -0.2
    52.387  -171.406    0.0    0.0   -0.2
    52.396  -171.406    0.0    0.0   -0.2
    52.405  -171.406    0.0    0.0   -0.2
    52.414  -171.406    0.0    0.0   -0.2
    52.423  -171.406    0.0    0.0   -0.2
    52.432  -171.406    0.0    0.0   -0.2
    52.441  -171.406    0.0    0.0   -0.2
    52.450  -171.406    0.0    0.0   -0.2
    52.459  -171.406    0.0    0.0   -0.2
    52.468  -171.406    0.0    0.0   -0.2
    52.477  -171.406    0.0    0.0   -0.2
    52.486  -171.406    0.0    0.0   -0.2
    52.495  -171.406    0.0    0.0   -0.1
    52.504  -171.406    0.0    0.0   -0.1
    52.513  -171.406    0.0    0.0   -0.1
    52.522  -171.406    0.0    0.0   -0.1
    52.531  -171.406    0.0    0.0   -0.1
    52.540  -171.406    0.0    0.0   -0.1
    52.549  -171.406    0.0    0.0   -0.1
    52.558  -171.406    0.0    0.0   -0.1
    52.567  -171.406    0.0    0.0   -0.1
    52.576  -171.406    0.0    0.0   -0.1
    52.586  -171.406    0.0    0.0   -0.1
    52.595  -171.406    0.0    0.0   -0.1
    52.604  -171.406    0.0    0.0   -0.1
    52.613  -171.406    0.0    0.0   -0.1
    52.622  -171.406    0.0    0.0   -0.1
    52.631  -171.406    0.0    0.0   -0.1
    52.640  -171.406    0.0    0.0   -0.1
    52.649  -171.406    0.0    0.0   -0.1
    52.658  -171.406    0.0    0.0   -0.1
    52.667  -171.406    0.0    0.0   -0.1
    52.676  -171.406    0.0    0.0   -0.1
    52.685  -171.406    0.0    0.0   -0.1
    52.694  -171.406    0.0    0.0   -0.1
    52.703  -171.406    0.0    0.0   -0.1
    52.712  -171.406    0.0    0.0   -0.1
    52.721  -171.406    0.0    0.0   -0.1
    52.730  -171.406    0.0    0.0   -0.1
    52.739  -171.406    0.0    0.0   -0.1
    52.748  -171.406    0.0    0.0   -0.1
    52.757  -171.406    0.0   -0.0   -0.1
    52.766  -171.406    0.0   -0.0   -0.1
    52.775  -171.406    0.0   -0.0   -0.1
    52.784  -171.406    0.0   -0.0   -0.1
    52.793  -171.406    0.0   -0.0   -0.1
    52.802  -171.406    0.0   -0.0   -0.1
    52.811  -171.406    0.0   -0.0   -0.1
    52.820  -171.406    0.0   -0.0   -0.1
    52.829  -171.406    0.0   -0.0   -0.1
    52.838  -171.406    0.0   -0.0   -0.1
    52.847  -171.406    0.0   -0.0   -0.1
    52.856  -171.406    0.0   -0.0   -0.1
    52.865  -171.406    0.0   -0.0   -0.1
    52.874  -171.406    0.0   -0.0   -0.1
    52.883  -171.406    0.0   -0.0   -0.1
    52.892  -171.406    0.0   -0.0   -0.1
    52.901  -171.406    0.0   -0.0   -0.1
    52.910  -171.406    0.0   -0.0   -0.1
    52.919  -171.406    0.0   -0.0   -0.1
    52.928  -171.406    0.0   -0.0   -0.0
    52.937  -171.406    0.0   -0.0   -0.0
    52.946  -171.406    0.0   -0.0   -0.0
    52.955  -171.406    0.0   -0.0   -0.0
    52.964  -171.406    0.0   -0.0   -0.0
    52.973  -171.406    0.0   -0.0   -0.0
    52.982  -171.406    0.0   -0.0   -0.0
    52.991  -171.406    0.0   -0.0   -0.0
    53.000  -171.406    0.0   -0.0   -0.0
    53.009  -171.406    0.0   -0.0   -0.0
    53.018  -171.406    0.0   -0.0   -0.0
    53.027  -171.406    0.0   -0.0   -0.0
    53.036  -171.406    0.0   -0.0   -0.0
    53.045  -171.406    0.0   -0.0   -0.0
    53.054  -171.406    0.0   -0.0   -0.0
    53.063  -171.406    0.0   -0.0   -0.0
    53.072  -171.406    0.0   -0.0   -0.0
    53.081  -171.406    0.0   -0.0   -0.0
    53.090  -171.406    0.0   -0.0   -0.0
    53.099  -171.406    0.0   -0.0   -0.0
    53.108  -171.406    0.0    0.0   -0.0
    53.117  -171.406    0.0    0.0    0.0
    53.126  -171.406    0.0    0.0    0.0
    53.135  -171.406    0.0    0.0    0.0
    52.234  -171.391    0.0    0.1   -0.1
    52.243  -171.391    0.0    0.1   -0.1
    52.252  -171.391    0.0    0.1   -0.1
    52.261  -171.391    0.0    0.1   -0.1
    52.270  -171.391    0.0    0.1   -0.1
    52.279  -171.391    0.0    0.1   -0.1
    52.288  -171.391    0.0    0.1   -0.1
    52.297  -171.391    0.0    0.1   -0.2
    52.306  -171.391    0.0    0.1   -0.2
    52.315  -171.391    0.0    0.1   -0.2
    52.324  -171.391    0.0    0.1   -0.2
    52.333  -171.391    0.0    0.1   -0.2
    52.342  -171.391    0.0    0.1   -0.2
    52.351  -171.391    0.0    0.1   -0.2
    52.360  -171.391    0.0    0.1   -0.2
    52.369  -171.391    0.0    0.1   -0.2
    52.378  -171.391    0.0    0.0   -0.2
    52.387  -171.391    0.0    0.0   -0.2
    52.396  -171.391    0.0    0.0   -0.2
    52.405  -171.391    0.0    0.0   -0.2
    52.414  -171.391    0.0    0.0   -0.2
    52.423  -171.391    0.0    0.0   -0.2
    52.432  -171.391    0.0    0.0   -0.2
    52.441  -171.391    0.0    0.0   -0.2
    52.450  -171.391    0.0    0.0   -0.2
    52.459  -171.391    0.0    0.0   -0.2
    52.468  -171.391    0.0    0.0   -0.2
    52.477  -171.391    0.0    0.0   -0.2
    52.486  -171.391    0.0    0.0   -0.2
    52.495  -171.391    0.0    0.0   -0.1
    52.504  -171.391    0.0    0.0   -0.1
    52.513  -171.391    0.0    0.0   -0.1
    52.522  -171.391    0.0    0.0   -0.1
    52.531  -171.391    0.0    0.0   -0.1
    52.540  -171.391    0.0    0.0   -0.1
    52.549  -171.391    0.0    0.0   -0.1
    52.558  -171.391    0.0    0.0   -0.1
    52.567  -171.391    0.0    0.0   -0.1
    52.576  -171.391    0.0    0.0   -0.1
    52.586  -171.391    0.0    0.0   -0.1
    52.595  -171.391    0.0    0.0   -0.1
    52.604  -171.391    0.0    0.0   -0.1
    52.613  -171.391    0.0    0.0   -0.1
    52.622  -171.391    0.0    0.0   -0.1
    52.631  -171.391    0.0    0.0   -0.1
    52.640  -171.391    0.0    0.0   -0.1
    52.649  -171.391   -0.0    0.0   -0.1
    52.658  -171.391   -0.0    0.0   -0.1
    52.667  -171.391   -0.0    0.0   -0.1
    52.676  -171.391   -0.0    0.0   -0.1
    52.685  -171.391   -0.0    0.0   -0.1
    52.694  -171.391   -0.0    0.0   -0.1
    52.703  -171.391   -0.0    0.0   -0.1
    52.712  -171.391   -0.0    0.0   -0.1
    52.721  -171.391   -0.0    0.0   -0.1
    52.730  -171.391   -0.0    0.0   -0.1
    52.739  -171.391   -0.0    0.0   -0.1
    52.748  -171.391   -0.0    0.0   -0.1
    52.757  -171.391   -0.0   -0.0   -0.1
    52.766  -171.391   -0.0   -0.0   -0.1
    52.775  -171.391   -0.0   -0.0   -0.1
    52.784  -171.391   -0.0   -0.0   -0.1
    52.793  -171.391   -0.0   -0.0   -0.1
    52.802  -171.391   -0.0   -0.0   -0.1
    52.811  -171.391   -0.0   -0.0   -0.1
    52.820  -171.391   -0.0   -0.0   -0.1
    52.829  -171.391   -0.0   -0.0   -0.1
    52.838  -171.391   -0.0   -0.0   -0.1
    52.847  -171.391   -0.0   -0.0   -0.1
    52.856  -171.391    0.0   -0.0   -0.1
    52.865  -171.391    0.0   -0.0   -0.1
    52.874  -171.391    0.0   -0.0   -0.1
    52.883  -171.391    0.0   -0.0   -0.1
    52.892  -171.391    0.0   -0.0   -0.1
    52.901  -171.391    0.0   -0.0   -0.1
    52.910  -171.391    0.0   -0.0   -0.1
    52.919  -171.391    0.0   -0.0   -0.1
    52.928  -171.391    0.0   -0.0   -0.0
    52.937  -171.391    0.0   -0.0   -0.0
    52.946  -171.391    0.0   -0.0   -0.0
    52.955  -171.391    0.0   -0.0   -0.0
    52.964  -171.391    0.0   -0.0   -0.0
    52.973  -171.391    0.0   -0.0   -0.0
    52.982  -171.391    0.0   -0.0   -0.0
    52.991  -171.391    0.0   -0.0   -0.0
    53.000  -171.391    0.0   -0.0   -0.0
    53.009  -171.391    0.0   -0.0   -0.0
    53.018  -171.391    0.0   -0.0   -0.0
    53.027  -171.391    0.0   -0.0   -0.0
    53.036  -171.391    0.0   -0.0   -0.0
    53.045  -171.391    0.0   -0.0   -0.0
    53.054  -171.391    0.0   -0.0   -0.0
    53.063  -171.391    0.0   -0.0   -0.0
    53.072  -171.391    0.0   -0.0   -0.0
    53.081  -171.391    0.0   -0.0   -0.0
    53.090  -171.391    0.0   -0.0   -0.0
    53.099  -171.391    0.0    0.0   -0.0
    53.108  -171.391    0.0    0.0   -0.0
    53.117  -171.391    0.0    0.0    0.0
    53.126  -171.391    0.0    0.0    0.0
    53.135  -171.391    0.0    0.0    0.0
    52.234  -171.376    0.0    0.1   -0.1
    52.243  -171.376    0.0    0.1   -0.1
    52.252  -171.376    0.0    0.1   -0.1
    52.261  -171.376    0.0    0.1   -0.1
    52.270  -171.376    0.0    0.1   -0.1
    52.279  -171.376    0.0    0.1   -0.2
    52.288  -171.376    0.0    0.1   -0.2
    52.297  -171.376    0.0    0.1   -0.2
    52.306  -171.376    0.0    0.1   -0.2
    52.315  -171.376    0.0    0.1   -0.2
    52.324  -171.376    0.0    0.1   -0.2
    52.333  -171.376    0.0    0.1   -0.2
    52.342  -171.376    0.0    0.1   -0.2
    52.351  -171.376    0.0    0.1   -0.2
    52.360  -171.376    0.0    0.1   -0.2
    52.369  -171.376    0.0    0.1   -0.2
    52.378  -171.376    0.0    0.1   -0.2
    52.387  -171.376    0.0    0.0   -0.2
    52.396  -171.376    0.0    0.0   -0.2
    52.405  -171.376    0.0    0.0   -0.2
    52.414  -171.376    0.0    0.0   -0.2
    52.423  -171.376    0.0    0.0   -0.2
    52.432  -171.376    0.0    0.0   -0.2
    52.441  -171.376    0.0    0.0   -0.2
    52.450  -171.376    0.0    0.0   -0.2
    52.459  -171.376    0.0    0.0   -0.2
    52.468  -171.376    0.0    0.0   -0.2
    52.477  -171.376    0.0    0.0   -0.2
    52.486  -171.376    0.0    0.0   -0.2
    52.495  -171.376    0.0    0.0   -0.2
    52.504  -171.376   -0.0    0.0   -0.1
    52.513  -171.376   -0.0    0.0   -0.1
    52.522  -171.376   -0.0    0.0   -0.1
    52.531  -171.376   -0.0    0.0   -0.1
    52.540  -171.376   -0.0    0.0   -0.1
    52.549  -171.376   -0.0    0.0   -0.1
    52.558  -171.376   -0.0    0.0   -0.1
    52.567  -171.376   -0.0    0.0   -0.1
    52.576  -171.376   -0.0    0.0   -0.1
    52.586  -171.376   -0.0    0.0   -0.1
    52.595  -171.376   -0.0    0.0   -0.1
    52.604  -171.376   -0.0    0.0   -0.1
    52.613  -171.376   -0.0    0.0   -0.1
    52.622  -171.376   -0.0    0.0   -0.1
    52.631  -171.376   -0.0    0.0   -0.1
    52.640  -171.376   -0.0    0.0   -0.1
    52.649  -171.376   -0.0    0.0   -0.1
    52.658  -171.376   -0.0    0.0   -0.1
    52.667  -171.376   -0.0    0.0   -0.1
    52.676  -171.376   -0.0    0.0   -0.1
    52.685  -171.376   -0.0    0.0   -0.1
    52.694  -171.376   -0.0    0.0   -0.1
    52.703  -171.376   -0.0    0.0   -0.1
    52.712  -171.376   -0.0    0.0   -0.1
    52.721  -171.376   -0.0    0.0   -0.1
    52.730  -171.376   -0.0    0.0   -0.1
    52.739  -171.376   -0.0    0.0   -0.1
    52.748  -171.376   -0.0    0.0   -0.1
    52.757  -171.376   -0.0   -0.0   -0.1
    52.766  -171.376   -0.0   -0.0   -0.1
    52.775  -171.376   -0.0   -0.0   -0.1
    52.784  -171.376   -0.0   -0.0   -0.1
    52.793  -171.376   -0.0   -0.0   -0.1
    52.802  -171.376   -0.0   -0.0   -0.1
    52.811  -171.376   -0.0   -0.0   -0.1
    52.820  -171.376   -0.0   -0.0   -0.1
    52.829  -171.376   -0.0   -0.0   -0.1
    52.838  -171.376   -0.0   -0.0   -0.1
    52.847  -171.376   -0.0   -0.0   -0.1
    52.856  -171.376   -0.0   -0.0   -0.1
    52.865  -171.376   -0.0   -0.0   -0.1
    52.874  -171.376   -0.0   -0.0   -0.1
    52.883  -171.376   -0.0   -0.0   -0.1
    52.892  -171.376   -0.0   -0.0   -0.1
    52.901  -171.376   -0.0   -0.0   -0.1
    52.910  -171.376    0.0   -0.0   -0.1
    52.919  -171.376    0.0   -0.0   -0.1
    52.928  -171.376    0.0   -0.0   -0.0
    52.937  -171.376    0.0   -0.0   -0.0
    52.946  -171.376    0.0   -0.0   -0.0
    52.955  -171.376    0.0   -0.0   -0.0
    52.964  -171.376    0.0   -0.0   -0.0
    52.973  -171.376    0.0   -0.0   -0.0
    52.982  -171.376    0.0   -0.0   -0.0
    52.991  -171.376    0.0   -0.0   -0.0
    53.000  -171.376    0.0   -0.0   -0.0
    53.009  -171.376    0.0   -0.0   -0.0
    53.018  -171.376    0.0   -0.0   -0.0
    53.027  -171.376    0.0   -0.0   -0.0
    53.036  -171.376    0.0   -0.0   -0.0
    53.045  -171.376    0.0   -0.0   -0.0
    53.054  -171.376    0.0   -0.0   -0.0
    53.063  -171.376    0.0   -0.0   -0.0
    53.072  -171.376    0.0   -0.0   -0.0
    53.081  -171.376    0.0   -0.0   -0.0
    53.090  -171.376    0.0   -0.0   -0.0
    53.099  -171.376    0.0    0.0   -0.0
    53.108  -171.376    0.0    0.0   -0.0
    53.117  -171.376    0.0    0.0    0.0
    53.126  -171.376    0.0    0.0    0.0
    53.135  -171.376    0.0    0.0    0.0
    52.234  -171.361    0.0    0.1   -0.1
    52.243  -171.361    0.0    0.1   -0.1
    52.252  -171.361    0.0    0.1   -0.1
    52.261  -171.361    0.0    0.1   -0.1
    52.270  -171.361    0.0    0.1   -0.2
    52.279  -171.361    0.0    0.1   -0.2
    52.288  -171.361    0.0    0.1   -0.2
    52.297  -171.361    0.0    0.1   -0.2
    52.306  -171.361   -0.0    0.1   -0.2
    52.315  -171.361   -0.0    0.1   -0.2
    52.324  -171.361   -0.0    0.1   -0.2
    52.333  -171.361   -0.0    0.1   -0.2
    52.342  -171.361   -0.0    0.1   -0.2
    52.351  -171.361   -0.0    0.1   -0.2
    52.360  -171.361   -0.0    0.1   -0.2
    52.369  -171.361   -0.0    0.1   -0.2
    52.378  -171.361   -0.0    0.1   -0.2
    52.387  -171.361   -0.0    0.0   -0.2
    52.396  -171.361   -0.0    0.0   -0.2
    52.405  -171.361   -0.0    0.0   -0.2
    52.414  -171.361   -0.0    0.0   -0.2
    52.423  -171.361   -0.0    0.0   -0.2
    52.432  -171.361   -0.0    0.0   -0.2
    52.441  -171.361   -0.0    0.0   -0.2
    52.450  -171.361   -0.0    0.0   -0.2
    52.459  -171.361   -0.0    0.0   -0.2
    52.468  -171.361   -0.0    0.0   -0.2
    52.477  -171.361   -0.0    0.0   -0.2
    52.486  -171.361   -0.0    0.0   -0.2
    52.495  -171.361   -0.0    0.0   -0.2
    52.504  -171.361   -0.0    0.0   -0.2
    52.513  -171.361   -0.0    0.0   -0.1
    52.522  -171.361   -0.0    0.0   -0.1
    52.531  -171.361   -0.0    0.0   -0.1
    52.540  -171.361   -0.0    0.0   -0.1
    52.549  -171.361   -0.0    0.0   -0.1
    52.558  -171.361   -0.0    0.0   -0.1
    52.567  -171.361   -0.0    0.0   -0.1
    52.576  -171.361   -0.0    0.0   -0.1
    52.586  -171.361   -0.0    0.0   -0.1
    52.595  -171.361   -0.0    0.0   -0.1
    52.604  -171.361   -0.0    0.0   -0.1
    52.613  -171.361   -0.0    0.0   -0.1
    52.622  -171.361   -0.0    0.0   -0.1
    52.631  -171.361   -0.0    0.0   -0.1
    52.640  -171.361   -0.0    0.0   -0.1
    52.649  -171.361   -0.0    0.0   -0.1
    52.658  -171.361   -0.0    0.0   -0.1
    52.667  -171.361   -0.0    0.0   -0.1
    52.676  -171.361   -0.0    0.0   -0.1
    52.685  -171.361   -0.0    0.0   -0.1
    52.694  -171.361   -0.0    0.0   -0.1
    52.703  -171.361   -0.0    0.0   -0.1
    52.712  -171.361   -0.0    0.0   -0.1
    52.721  -171.361   -0.0    0.0   -0.1
    52.730  -171.361   -0.0    0.0   -0.1
    52.739  -171.361   -0.0    0.0   -0.1
    52.748  -171.361   -0.0    0.0   -0.1
    52.757  -171.361   -0.0   -0.0   -0.1
    52.766  -171.361   -0.0   -0.0   -0.1
    52.775  -171.361   -0.0   -0.0   -0.1
    52.784  -171.361   -0.0   -0.0   -0.1
    52.793  -171.361   -0.0   -0.0   -0.1
    52.802  -171.361   -0.0   -0.0   -0.1
    52.811  -171.361   -0.0   -0.0   -0.1
    52.820  -171.361   -0.0   -0.0   -0.1
    52.829  -171.361   -0.0   -0.0   -0.1
    52.838  -171.361   -0.0   -0.0   -0.1
    52.847  -171.361   -0.0   -0.0   -0.1
    52.856  -171.361   -0.0   -0.0   -0.1
    52.865  -171.361   -0.0   -0.0   -0.1
    52.874  -171.361   -0.0   -0.0   -0.1
    52.883  -171.361   -0.0   -0.0   -0.1
    52.892  -171.361   -0.0   -0.0   -0.1
    52.901  -171.361   -0.0   -0.0   -0.1
    52.910  -171.361   -0.0   -0.0   -0.1
    52.919  -171.361   -0.0   -0.0   -0.1
    52.928  -171.361   -0.0   -0.0   -0.0
    52.937  -171.361    0.0   -0.0   -0.0
    52.946  -171.361    0.0   -0.0   -0.0
    52.955  -171.361    0.0   -0.0   -0.0
    52.964  -171.361    0.0   -0.0   -0.0
    52.973  -171.361    0.0   -0.0   -0.0
    52.982  -171.361    0.0   -0.0   -0.0
    52.991  -171.361    0.0   -0.0   -0.0
    53.000  -171.361    0.0   -0.0   -0.0
    53.009  -171.361    0.0   -0.0   -0.0
    53.018  -171.361    0.0   -0.0   -0.0
    53.027  -171.361    0.0   -0.0   -0.0
    53.036  -171.361    0.0   -0.0   -0.0
    53.045  -171.361    0.0   -0.0   -0.0
    53.054  -171.361    0.0   -0.0   -0.0
    53.063  -171.361    0.0   -0.0   -0.0
    53.072  -171.361    0.0   -0.0   -0.0
    53.081  -171.361    0.0   -0.0   -0.0
    53.090  -171.361    0.0    0.0   -0.0
    53.099  -171.361    0.0    0.0   -0.0
    53.108  -171.361    0.0    0.0    0.0
    53.117  -171.361    0.0    0.0    0.0
    53.126  -171.361    0.0    0.0    0.0
    53.135  -171.361    0.0    0.0    0.0
    52.234  -171.347   -0.0    0.1   -0.1
    52.243  -171.347   -0.0    0.1   -0.1
    52.252  -171.347   -0.0    0.1   -0.1
    52.261  -171.347   -0.0    0.1   -0.2
    52.270  -171.347   -0.0    0.1   -0.2
    52.279  -171.347   -0.0    0.1   -0.2
    52.288  -171.347   -0.0    0.1   -0.2
    52.297  -171.347   -0.0    0.1   -0.2
    52.306  -171.347   -0.0    0.1   -0.2
    52.315  -171.347   -0.0    0.1   -0.2
    52.324  -171.347   -0.0    0.1   -0.2
    52.333  -171.347   -0.0    0.1   -0.2
    52.342  -171.347   -0.0    0.1   -0.2
    52.351  -171.347   -0.0    0.1   -0.2
    52.360  -171.347   -0.0    0.1   -0.2
    52.369  -171.347   -0.0    0.1   -0.2
    52.378  -171.347   -0.0    0.1   -0.2
    52.387  -171.347   -0.0    0.0   -0.2
    52.396  -171.347   -0.0    0.0   -0.2
    52.405  -171.347   -0.0    0.0   -0.2
    52.414  -171.347   -0.0    0.0   -0.2
    52.423  -171.347   -0.0    0.0   -0.2
    52.432  -171.347   -0.0    0.0   -0.2
    52.441  -171.347   -0.0    0.0   -0.2
    52.450  -171.347   -0.0    0.0   -0.2
    52.459  -171.347   -0.0    0.0   -0.2
    52.468  -171.347   -0.0    0.0   -0.2
    52.477  -171.347   -0.0    0.0   -0.2
    52.486  -171.347   -0.0    0.0   -0.2
    52.495  -171.347   -0.0    0.0   -0.2
    52.504  -171.347   -0.0    0.0   -0.2
    52.513  -171.347   -0.0    0.0   -0.1
    52.522  -171.347   -0.0    0.0   -0.1
    52.531  -171.347   -0.0    0.0   -0.1
    52.540  -171.347   -0.0    0.0   -0.1
    52.549  -171.347   -0.0    0.0   -0.1
    52.558  -171.347   -0.0    0.0   -0.1
    52.567  -171.347   -0.0    0.0   -0.1
    52.576  -171.347   -0.0    0.0   -0.1
    52.586  -171.347   -0.0    0.0   -0.1
    52.595  -171.347   -0.0    0.0   -0.1
    52.604  -171.347   -0.0    0.0   -0.1
    52.613  -171.347   -0.0    0.0   -0.1
    52.622  -171.347   -0.0    0.0   -0.1
    52.631  -171.347   -0.0    0.0   -0.1
    52.640  -171.347   -0.0    0.0   -0.1
    52.649  -171.347   -0.0    0.0   -0.1
    52.658  -171.347   -0.0    0.0   -0.1
    52.667  -171.347   -0.0    0.0   -0.1
    52.676  -171.347   -0.0    0.0   -0.1
    52.685  -171.347   -0.0    0.0   -0.1
    52.694  -171.347   -0.0    0.0   -0.1
    52.703  -171.347   -0.0    0.0   -0.1
    52.712  -171.347   -0.0    0.0   -0.1
    52.721  -171.347   -0.0    0.0   -0.1
    52.730  -171.347   -0.0    0.0   -0.1
    52.739  -171.347   -0.0    0.0   -0.1
    52.748  -171.347   -0.0    0.0   -0.1
    52.757  -171.347   -0.0   -0.0   -0.1
    52.766  -171.347   -0.0   -0.0   -0.1
    52.775  -171.347   -0.0   -0.0   -0.1
    52.784  -171.347   -0.0   -0.0   -0.1
    52.793  -171.347   -0.0   -0.0   -0.1
    52.802  -171.347   -0.0   -0.0   -0.1
    52.811  -171.347   -0.0   -0.0   -0.1
    52.820  -171.347   -0.0   -0.0   -0.1
    52.829  -171.347   -0.0   -0.0   -0.1
    52.838  -171.347   -0.0   -0.0   -0.1
    52.847  -171.347   -0.0   -0.0   -0.1
    52.856  -171.347   -0.0   -0.0   -0.1
    52.865  -171.347   -0.0   -0.0   -0.1
    52.874  -171.347   -0.0   -0.0   -0.1
    52.883  -171.347   -0.0   -0.0   -0.1
    52.892  -171.347   -0.0   -0.0   -0.1
    52.901  -171.347   -0.0   -0.0   -0.1
    52.910  -171.347   -0.0   -0.0   -0.1
    52.919  -171.347   -0.0   -0.0   -0.1
    52.928  -171.347   -0.0   -0.0   -0.0
    52.937  -171.347   -0.0   -0.0   -0.0
    52.946  -171.347   -0.0   -0.0   -0.0
    52.955  -171.347    0.0   -0.0   -0.0
    52.964  -171.347    0.0   -0.0   -0.0
    52.973  -171.347    0.0   -0.0   -0.0
    52.982  -171.347    0.0   -0.0   -0.0
    52.991  -171.347    0.0   -0.0   -0.0
    53.000  -171.347    0.0   -0.0   -0.0
    53.009  -171.347    0.0   -0.0   -0.0
    53.018  -171.347    0.0   -0.0   -0.0
    53.027  -171.347    0.0   -0.0   -0.0
    53.036  -171.347    0.0   -0.0   -0.0
    53.045  -171.347    0.0   -0.0   -0.0
    53.054  -171.347    0.0   -0.0   -0.0
    53.063  -171.347    0.0   -0.0   -0.0
    53.072  -171.347    0.0   -0.0   -0.0
    53.081  -171.347    0.0   -0.0   -0.0
    53.090  -171.347    0.0    0.0   -0.0
    53.099  -171.347    0.0    0.0   -0.0
    53.108  -171.347    0.0    0.0    0.0
    53.117  -171.347    0.0    0.0    0.0
    53.126  -171.347    0.0    0.0    0.0
    53.135  -171.347    0.0    0.0    0.0
    52.234  -171.332   -0.0    0.1   -0.1
    52.243  -171.332   -0.0    0.1   -0.1
    52.252  -171.332   -0.0    0.1   -0.1
    52.261  -171.332   -0.0    0.1   -0.2
    52.270  -171.332   -0.0    0.1   -0.2
    52.279  -171.332   -0.0    0.1   -0.2
    52.288  -171.332   -0.0    0.1   -0.2
    52.297  -171.332   -0.0    0.1   -0.2
    52.306  -171.332   -0.0    0.1   -0.2
    52.315  -171.332   -0.0    0.1   -0.2
    52.324  -171.332   -0.0    0.1   -0.2
    52.333  -171.332   -0.0    0.1   -0.2
    52.342  -171.332   -0.0    0.1   -0.2
    52.351  -171.332   -0.0    0.1   -0.2
    52.360  -171.332   -0.0    0.1   -0.2
    52.369  -171.332   -0.0    0.1   -0.2
    52.378  -171.332   -0.0    0.1   -0.2
    52.387  -171.332   -0.0    0.0   -0.2
    52.396  -171.332   -0.0    0.0   -0.2
    52.405  -171.332   -0.0    0.0   -0.2
    52.414  -171.332   -0.0    0.0   -0.2
    52.423  -171.332   -0.0    0.0   -0.2
    52.432  -171.332   -0.0    0.0   -0.2
    52.441  -171.332   -0.0    0.0   -0.2
    52.450  -171.332   -0.0    0.0   -0.2
    52.459  -171.332   -0.0    0.0   -0.2
    52.468  -171.332   -0.0    0.0   -0.2
    52.477  -171.332   -0.0    0.0   -0.2
    52.486  -171.332   -0.0    0.0   -0.2
    52.495  -171.332   -0.0    0.0   -0.2
    52.504  -171.332   -0.0    0.0   -0.2
    52.513  -171.332   -0.0    0.0   -0.1
    52.522  -171.332   -0.0    0.0   -0.1
    52.531  -171.332   -0.0    0.0   -0.1
    52.540  -171.332   -0.0    0.0   -0.1
    52.549  -171.332   -0.0    0.0   -0.1
    52.558  -171.332   -0.0    0.0   -0.1
    52.567  -171.332   -0.0    0.0   -0.1
    52.576  -171.332   -0.0    0.0   -0.1
    52.586  -171.332   -0.0    0.0   -0.1
    52.595  -171.332   -0.0    0.0   -0.1
    52.604  -171.332   -0.0    0.0   -0.1
    52.613  -171.332   -0.0    0.0   -0.1
    52.622  -171.332   -0.0    0.0   -0.1
    52.631  -171.332   -0.0    0.0   -0.1
    52.640  -171.332   -0.0    0.0   -0.1
    52.649  -171.332   -0.0    0.0   -0.1
    52.658  -171.332   -0.0    0.0   -0.1
    52.667  -171.332   -0.0    0.0   -0.1
    52.676  -171.332   -0.0    0.0   -0.1
    52.685  -171.332   -0.0    0.0   -0.1
    52.694  -171.332   -0.0    0.0   -0.1
    52.703  -171.332   -0.0    0.0   -0.1
    52.712  -171.332   -0.0    0.0   -0.1
    52.721  -171.332   -0.0    0.0   -0.1
    52.730  -171.332   -0.0    0.0   -0.1
    52.739  -171.332   -0.0    0.0   -0.1
    52.748  -171.332   -0.0    0.0   -0.1
    52.757  -171.332   -0.0   -0.0   -0.1
    52.766  -171.332   -0.0   -0.0   -0.1
    52.775  -171.332   -0.0   -0.0   -0.1
    52.784  -171.332   -0.0   -0.0   -0.1
    52.793  -171.332   -0.0   -0.0   -0.1
    52.802  -171.332   -0.0   -0.0   -0.1
    52.811  -171.332   -0.0   -0.0   -0.1
    52.820  -171.332   -0.0   -0.0   -0.1
    52.829  -171.332   -0.0   -0.0   -0.1
    52.838  -171.332   -0.0   -0.0   -0.1
    52.847  -171.332   -0.0   -0.0   -0.1
    52.856  -171.332   -0.0   -0.0   -0.1
    52.865  -171.332   -0.0   -0.0   -0.1
    52.874  -171.332   -0.0   -0.0   -0.1
    52.883  -171.332   -0.0   -0.0   -0.1
    52.892  -171.332   -0.0   -0.0   -0.1
    52.901  -171.332   -0.0   -0.0   -0.1
    52.910  -171.332   -0.0   -0.0   -0.1
    52.919  -171.332   -0.0   -0.0   -0.1
    52.928  -171.332   -0.0   -0.0   -0.0
    52.937  -171.332   -0.0   -0.0   -0.0
    52.946  -171.332   -0.0   -0.0   -0.0
    52.955  -171.332   -0.0   -0.0   -0.0
    52.964  -171.332    0.0   -0.0   -0.0
    52.973  -171.332    0.0   -0.0   -0.0
    52.982  -171.332    0.0   -0.0   -0.0
    52.991  -171.332    0.0   -0.0   -0.0
    53.000  -171.332    0.0   -0.0   -0.0
    53.009  -171.332    0.0   -0.0   -0.0
    53.018  -171.332    0.0   -0.0   -0.0
    53.027  -171.332    0.0   -0.0   -0.0
    53.036  -171.332    0.0   -0.0   -0.0
    53.045  -171.332    0.0   -0.0   -0.0
    53.054  -171.332    0.0   -0.0   -0.0
    53.063  -171.332    0.0   -0.0   -0.0
    53.072  -171.332    0.0   -0.0   -0.0
    53.081  -171.332    0.0   -0.0   -0.0
    53.090  -171.332    0.0    0.0   -0.0
    53.099  -171.332    0.0    0.0   -0.0
    53.108  -171.332    0.0    0.0    0.0
    53.117  -171.332    0.0    0.0    0.0
    53.126  -171.332    0.0    0.0    0.0
    53.135  -171.332    0.0    0.0    0.0
    52.234  -171.317   -0.0    0.1   -0.1
    52.243  -171.317   -0.0    0.1   -0.1
    52.252  -171.317   -0.0    0.1   -0.2
    52.261  -171.317   -0.0    0.1   -0.2
    52.270  -171.317   -0.0    0.1   -0.2
    52.279  -171.317   -0.0    0.1   -0.2
    52.288  -171.317   -0.0    0.1   -0.2
    52.297  -171.317   -0.0    0.1   -0.2
    52.306  -171.317   -0.0    0.1   -0.2
    52.315  -171.317   -0.0    0.1   -0.2
    52.324  -171.317   -0.0    0.1   -0.2
    52.333  -171.317   -0.0    0.1   -0.2
    52.342  -171.317   -0.0    0.1   -0.2
    52.351  -171.317   -0.0    0.1   -0.2
    52.360  -171.317   -0.0    0.1   -0.2
    52.369  -171.317   -0.0    0.1   -0.2
    52.378  -171.317   -0.0    0.1   -0.2
    52.387  -171.317   -0.0    0.0   -0.2
    52.396  -171.317   -0.0    0.0   -0.2
    52.405  -171.317   -0.0    0.0   -0.2
    52.414  -171.317   -0.0    0.0   -0.2
    52.423  -171.317   -0.0    0.0   -0.2
    52.432  -171.317   -0.0    0.0   -0.2
    52.441  -171.317   -0.0    0.0   -0.2
    52.450  -171.317   -0.0    0.0   -0.2
    52.459  -171.317   -0.0    0.0   -0.2
    52.468  -171.317   -0.0    0.0   -0.2
    52.477  -171.317   -0.0    0.0   -0.2
    52.486  -171.317   -0.0    0.0   -0.2
    52.495  -171.317   -0.0    0.0   -0.2
    52.504  -171.317   -0.0    0.0   -0.2
    52.513  -171.317   -0.0    0.0   -0.2
    52.522  -171.317   -0.0    0.0   -0.1
    52.531  -171.317   -0.0    0.0   -0.1
    52.540  -171.317   -0.0    0.0   -0.1
    52.549  -171.317   -0.0    0.0   -0.1
    52.558  -171.317   -0.0    0.0   -0.1
    52.567  -171.317   -0.0    0.0   -0.1
    52.576  -171.317   -0.0    0.0   -0.1
    52.586  -171.317   -0.0    0.0   -0.1
    52.595  -171.317   -0.0    0.0   -0.1
    52.604  -171.317   -0.0    0.0   -0.1
    52.613  -171.317   -0.0    0.0   -0.1
    52.622  -171.317   -0.0    0.0   -0.1
    52.631  -171.317   -0.0    0.0   -0.1
    52.640  -171.317   -0.0    0.0   -0.1
    52.649  -171.317   -0.0    0.0   -0.1
    52.658  -171.317   -0.0    0.0   -0.1
    52.667  -171.317   -0.0    0.0   -0.1
    52.676  -171.317   -0.0    0.0   -0.1
    52.685  -171.317   -0.0    0.0   -0.1
    52.694  -171.317   -0.0    0.0   -0.1
    52.703  -171.317   -0.0    0.0   -0.1
    52.712  -171.317   -0.0    0.0   -0.1
    52.721  -171.317   -0.0    0.0   -0.1
    52.730  -171.317   -0.0    0.0   -0.1
    52.739  -171.317   -0.0    0.0   -0.1
    52.748  -171.317   -0.0    0.0   -0.1
    52.757  -171.317   -0.0   -0.0   -0.1
    52.766  -171.317   -0.0   -0.0   -0.1
    52.775  -171.317   -0.0   -0.0   -0.1
    52.784  -171.317   -0.0   -0.0   -0.1
    52.793  -171.317   -0.0   -0.0   -0.1
    52.802  -171.317   -0.0   -0.0   -0.1
    52.811  -171.317   -0.0   -0.0   -0.1
    52.820  -171.317   -0.0   -0.0   -0.1
    52.829  -171.317   -0.0   -0.0   -0.1
    52.838  -171.317   -0.0   -0.0   -0.1
    52.847  -171.317   -0.0   -0.0   -0.1
    52.856  -171.317   -0.0   -0.0   -0.1
    52.865  -171.317   -0.0   -0.0   -0.1
    52.874  -171.317   -0.0   -0.0   -0.1
    52.883  -171.317   -0.0   -0.0   -0.1
    52.892  -171.317   -0.0   -0.0   -0.1
    52.901  -171.317   -0.0   -0.0   -0.1
    52.910  -171.317   -0.0   -0.0   -0.1
    52.919  -171.317   -0.0   -0.0   -0.1
    52.928  -171.317   -0.0   -0.0   -0.0
    52.937  -171.317   -0.0   -0.0   -0.0
    52.946  -171.317   -0.0   -0.0   -0.0
    52.955  -171.317   -0.0   -0.0   -0.0
    52.964  -171.317   -0.0   -0.0   -0.0
    52.973  -171.317    0.0   -0.0   -0.0
    52.982  -171.317    0.0   -0.0   -0.0
    52.991  -171.317    0.0   -0.0   -0.0
    53.000  -171.317    0.0   -0.0   -0.0
    53.009  -171.317    0.0   -0.0   -0.0
    53.018  -171.317    0.0   -0.0   -0.0
    53.027  -171.317    0.0   -0.0   -0.0
    53.036  -171.317    0.0   -0.0   -0.0
    53.045  -171.317    0.0   -0.0   -0.0
    53.054  -171.317    0.0   -0.0   -0.0
    53.063  -171.317    0.0   -0.0   -0.0
    53.072  -171.317    0.0   -0.0   -0.0
    53.081  -171.317    0.0    0.0   -0.0
    53.090  -171.317    0.0    0.0   -0.0
    53.099  -171.317    0.0    0.0   -0.0
    53.108  -171.317    0.0    0.0    0.0
    53.117  -171.317    0.0    0.0    0.0
    53.126  -171.317    0.0    0.0    0.0
    53.135  -171.317    0.0    0.0    0.0
    52.234  -171.302   -0.0    0.1   -0.1
    52.243  -171.302   -0.0    0.1   -0.2
    52.252  -171.302   -0.0    0.1   -0.2
    52.261  -171.302   -0.0    0.1   -0.2
    52.270  -171.302   -0.0    0.1   -0.2
    52.279  -171.302   -0.0    0.1   -0.2
    52.288  -171.302   -0.0    0.1   -0.2
    52.297  -171.302   -0.0    0.1   -0.2
    52.306  -171.302   -0.0    0.1   -0.2
    52.315  -171.302   -0.0    0.1   -0.2
    52.324  -171.302   -0.0    0.1   -0.2
    52.333  -171.302   -0.0    0.1   -0.2
    52.342  -171.302   -0.0    0.1   -0.2
    52.351  -171.302   -0.0    0.1   -0.2
    52.360  -171.302   -0.0    0.1   -0.2
    52.369  -171.302   -0.0    0.1   -0.2
    52.378  -171.302   -0.0    0.1   -0.2
    52.387  -171.302   -0.0    0.0   -0.2
    52.396  -171.302   -0.0    0.0   -0.2
    52.405  -171.302   -0.0    0.0   -0.2
    52.414  -171.302   -0.0    0.0   -0.2
    52.423  -171.302   -0.0    0.0   -0.2
    52.432  -171.302   -0.0    0.0   -0.2
    52.441  -171.302   -0.0    0.0   -0.2
    52.450  -171.302   -0.0    0.0   -0.2
    52.459  -171.302   -0.0    0.0   -0.2
    52.468  -171.302   -0.0    0.0   -0.2
    52.477  -171.302   -0.0    0.0   -0.2
    52.486  -171.302   -0.0    0.0   -0.2
    52.495  -171.302   -0.0    0.0   -0.2
    52.504  -171.302   -0.0    0.0   -0.2
    52.513  -171.302   -0.0    0.0   -0.2
    52.522  -171.302   -0.0    0.0   -0.1
    52.531  -171.302   -0.0    0.0   -0.1
    52.540  -171.302   -0.0    0.0   -0.1
    52.549  -171.302   -0.0    0.0   -0.1
    52.558  -171.302   -0.0    0.0   -0.1
    52.567  -171.302   -0.0    0.0   -0.1
    52.576  -171.302   -0.0    0.0   -0.1
    52.586  -171.302   -0.0    0.0   -0.1
    52.595  -171.302   -0.0    0.0   -0.1
    52.604  -171.302   -0.0    0.0   -0.1
    52.613  -171.302   -0.0    0.0   -0.1
    52.622  -171.302   -0.0    0.0   -0.1
    52.631  -171.302   -0.0    0.0   -0.1
    52.640  -171.302   -0.0    0.0   -0.1
    52.649  -171.302   -0.0    0.0   -0.1
    52.658  -171.302   -0.0    0.0   -0.1
    52.667  -171.302   -0.0    0.0   -0.1
    52.676  -171.302   -0.0    0.0   -0.1
    52.685  -171.302   -0.0    0.0   -0.1
    52.694  -171.302   -0.0    0.0   -0.1
    52.703  -171.302   -0.0    0.0   -0.1
    52.712  -171.302   -0.0    0.0   -0.1
    52.721  -171.302   -0.0    0.0   -0.1
    52.730  -171.302   -0.0    0.0   -0.1
    52.739  -171.302   -0.0    0.0   -0.1
    52.748  -171.302   -0.0    0.0   -0.1
    52.757  -171.302   -0.0    0.0   -0.1
    52.766  -171.302   -0.0   -0.0   -0.1
    52.775  -171.302   -0.0   -0.0   -0.1
    52.784  -171.302   -0.0   -0.0   -0.1
    52.793  -171.302   -0.0   -0.0   -0.1
    52.802  -171.302   -0.0   -0.0   -0.1
    52.811  -171.302   -0.0   -0.0   -0.1
    52.820  -171.302   -0.0   -0.0   -0.1
    52.829  -171.302   -0.0   -0.0   -0.1
    52.838  -171.302   -0.0   -0.0   -0.1
    52.847  -171.302   -0.0   -0.0   -0.1
    52.856  -171.302   -0.0   -0.0   -0.1
    52.865  -171.302   -0.0   -0.0   -0.1
    52.874  -171.302   -0.0   -0.0   -0.1
    52.883  -171.302   -0.0   -0.0   -0.1
    52.892  -171.302   -0.0   -0.0   -0.1
    52.901  -171.302   -0.0   -0.0   -0.1
    52.910  -171.302   -0.0   -0.0   -0.1
    52.919  -171.302   -0.0   -0.0   -0.0
    52.928  -171.302   -0.0   -0.0   -0.0
    52.937  -171.302   -0.0   -0.0   -0.0
    52.946  -171.302   -0.0   -0.0   -0.0
    52.955  -171.302   -0.0   -0.0   -0.0
    52.964  -171.302   -0.0   -0.0   -0.0
    52.973  -171.302   -0.0   -0.0   -0.0
    52.982  -171.302    0.0   -0.0   -0.0
    52.991  -171.302    0.0   -0.0   -0.0
    53.000  -171.302    0.0   -0.0   -0.0
    53.009  -171.302    0.0   -0.0   -0.0
    53.018  -171.302    0.0   -0.0   -0.0
    53.027  -171.302    0.0   -0.0   -0.0
    53.036  -171.302    0.0   -0.0   -0.0
    53.045  -171.302    0.0   -0.0   -0.0
    53.054  -171.302    0.0   -0.0   -0.0
    53.063  -171.302    0.0   -0.0   -0.0
    53.072  -171.302    0.0   -0.0   -0.0
    53.081  -171.302    0.0    0.0   -0.0
    53.090  -171.302    0.0    0.0   -0.0
    53.099  -171.302    0.0    0.0   -0.0
    53.108  -171.302    0.0    0.0    0.0
    53.117  -171.302    0.0    0.0    0.0
    53.126  -171.302    0.0    0.0    0.0
    53.135  -171.302    0.0    0.0    0.0
    52.234  -171.287   -0.0    0.1   -0.1
    52.243  -171.287   -0.0    0.1   -0.2
    52.252  -171.287   -0.0    0.1   -0.2
    52.261  -171.287   -0.0    0.1   -0.2
    52.270  -171.287   -0.0    0.1   -0.2
    52.279  -171.287   -0.0    0.1   -0.2
    52.288  -171.287   -0.0    0.1   -0.2
    52.297  -171.287   -0.0    0.1   -0.2
    52.306  -171.287   -0.0    0.1   -0.2
    52.315  -171.287   -0.0    0.1   -0.2
    52.324  -171.287   -0.0    0.1   -0.2
    52.333  -171.287   -0.0    0.1   -0.2
    52.342  -171.287   -0.0    0.1   -0.2
    52.351  -171.287   -0.0    0.1   -0.2
    52.360  -171.287   -0.0    0.1   -0.2
    52.369  -171.287   -0.0    0.1   -0.2
    52.378  -171.287   -0.0    0.1   -0.2
    52.387  -171.287   -0.0    0.0   -0.2
    52.396  -171.287   -0.0    0.0   -0.2
    52.405  -171.287   -0.0    0.0   -0.2
    52.414  -171.287   -0.0    0.0   -0.2
    52.423  -171.287   -0.0    0.0   -0.2
    52.432  -171.287   -0.0    0.0   -0.2
    52.441  -171.287   -0.0    0.0   -0.2
    52.450  -171.287   -0.0    0.0   -0.2
    52.459  -171.287   -0.0    0.0   -0.2
    52.468  -171.287   -0.0    0.0   -0.2
    52.477  -171.287   -0.0    0.0   -0.2
    52.486  -171.287   -0.0    0.0   -0.2
    52.495  -171.287   -0.0    0.0   -0.2
    52.504  -171.287   -0.0    0.0   -0.2
    52.513  -171.287   -0.0    0.0   -0.2
    52.522  -171.287   -0.0    0.0   -0.1
    52.531  -171.287   -0.0    0.0   -0.1
    52.540  -171.287   -0.0    0.0   -0.1
    52.549  -171.287   -0.0    0.0   -0.1
    52.558  -171.287   -0.0    0.0   -0.1
    52.567  -171.287   -0.0    0.0   -0.1
    52.576  -171.287   -0.0    0.0   -0.1
    52.586  -171.287   -0.0    0.0   -0.1
    52.595  -171.287   -0.0    0.0   -0.1
    52.604  -171.287   -0.0    0.0   -0.1
    52.613  -171.287   -0.0    0.0   -0.1
    52.622  -171.287   -0.0    0.0   -0.1
    52.631  -171.287   -0.0    0.0   -0.1
    52.640  -171.287   -0.0    0.0   -0.1
    52.649  -171.287   -0.0    0.0   -0.1
    52.658  -171.287   -0.0    0.0   -0.1
    52.667  -171.287   -0.0    0.0   -0.1
    52.676  -171.287   -0.0    0.0   -0.1
    52.685  -171.287   -0.0    0.0   -0.1
    52.694  -171.287   -0.0    0.0   -0.1
    52.703  -171.287   -0.0    0.0   -0.1
    52.712  -171.287   -0.0    0.0   -0.1
    52.721  -171.287   -0.0    0.0   -0.1
    52.730  -171.287   -0.0    0.0   -0.1
    52.739  -171.287   -0.0    0.0   -0.1
    52.748  -171.287   -0.0    0.0   -0.1
    52.757  -171.287   -0.0    0.0   -0.1
    52.766  -171.287   -0.0   -0.0   -0.1
    52.775  -171.287   -0.0   -0.0   -0.1
    52.784  -171.287   -0.0   -0.0   -0.1
    52.793  -171.287   -0.0   -0.0   -0.1
    52.802  -171.287   -0.0   -0.0   -0.1
    52.811  -171.287   -0.0   -0.0   -0.1
    52.820  -171.287   -0.0   -0.0   -0.1
    52.829  -171.287   -0.0   -0.0   -0.1
    52.838  -171.287   -0.0   -0.0   -0.1
    52.847  -171.287   -0.0   -0.0   -0.1
    52.856  -171.287   -0.0   -0.0   -0.1
    52.865  -171.287   -0.0   -0.0   -0.1
    52.874  -171.287   -0.0   -0.0   -0.1
    52.883  -171.287   -0.0   -0.0   -0.1
    52.892  -171.287   -0.0   -0.0   -0.1
    52.901  -171.287   -0.0   -0.0   -0.1
    52.910  -171.287   -0.0   -0.0   -0.1
    52.919  -171.287   -0.0   -0.0   -0.0
    52.928  -171.287   -0.0   -0.0   -0.0
    52.937  -171.287   -0.0   -0.0   -0.0
    52.946  -171.287   -0.0   -0.0   -0.0
    52.955  -171.287   -0.0   -0.0   -0.0
    52.964  -171.287   -0.0   -0.0   -0.0
    52.973  -171.287   -0.0   -0.0   -0.0
    52.982  -171.287   -0.0   -0.0   -0.0
    52.991  -171.287    0.0   -0.0   -0.0
    53.000  -171.287    0.0   -0.0   -0.0
    53.009  -171.287    0.0   -0.0   -0.0
    53.018  -171.287    0.0   -0.0   -0.0
    53.027  -171.287    0.0   -0.0   -0.0
    53.036  -171.287    0.0   -0.0   -0.0
    53.045  -171.287    0.0   -0.0   -0.0
    53.054  -171.287    0.0   -0.0   -0.0
    53.063  -171.287    0.0   -0.0   -0.0
    53.072  -171.287    0.0    0.0   -0.0
    53.081  -171.287    0.0    0.0   -0.0
    53.090  -171.287    0.0    0.0   -0.0
    53.099  -171.287    0.0    0.0    0.0
    53.108  -171.287    0.0    0.0    0.0
    53.117  -171.287    0.0    0.0    0.0
    53.126  -171.287    0.0    0.0    0.0
    53.135  -171.287    0.0    0.0    0.0
    52.234  -171.272   -0.0    0.1   -0.2
    52.243  -171.272   -0.0    0.1   -0.2
    52.252  -171.272   -0.0    0.1   -0.2
    52.261  -171.272   -0.0    0.1   -0.2
    52.270  -171.272   -0.0    0.1   -0.2
    52.279  -171.272   -0.0    0.1   -0.2
    52.288  -171.272   -0.0    0.1   -0.2
    52.297  -171.272   -0.0    0.1   -0.2
    52.306  -171.272   -0.0    0.1   -0.2
    52.315  -171.272   -0.0    0.1   -0.2
    52.324  -171.272   -0.0    0.1   -0.2
    52.333  -171.272   -0.0    0.1   -0.2
    52.342  -171.272   -0.0    0.1   -0.2
    52.351  -171.272   -0.0    0.1   -0.2
    52.360  -171.272   -0.0    0.1   -0.2
    52.369  -171.272   -0.0    0.1   -0.2
    52.378  -171.272   -0.0    0.1   -0.2
    52.387  -171.272   -0.0    0.0   -0.2
    52.396  -171.272   -0.0    0.0   -0.2
    52.405  -171.272   -0.0    0.0   -0.2
    52.414  -171.272   -0.0    0.0   -0.2
    52.423  -171.272   -0.0    0.0   -0.2
    52.432  -171.272   -0.0    0.0   -0.2
    52.441  -171.272   -0.0    0.0   -0.2
    52.450  -171.272   -0.0    0.0   -0.2
    52.459  -171.272   -0.0    0.0   -0.2
    52.468  -171.272   -0.0    0.0   -0.2
    52.477  -171.272   -0.0    0.0   -0.2
    52.486  -171.272   -0.0    0.0   -0.2
    52.495  -171.272   -0.0    0.0   -0.2
    52.504  -171.272   -0.0    0.0   -0.2
    52.513  -171.272   -0.0    0.0   -0.2
    52.522  -171.272   -0.0    0.0   -0.1
    52.531  -171.272   -0.0    0.0   -0.1
    52.540  -171.272   -0.0    0.0   -0.1
    52.549  -171.272   -0.0    0.0   -0.1
    52.558  -171.272   -0.0    0.0   -0.1
    52.567  -171.272   -0.0    0.0   -0.1
    52.576  -171.272   -0.0    0.0   -0.1
    52.586  -171.272   -0.0    0.0   -0.1
    52.595  -171.272   -0.0    0.0   -0.1
    52.604  -171.272   -0.0    0.0   -0.1
    52.613  -171.272   -0.0    0.0   -0.1
    52.622  -171.272   -0.0    0.0   -0.1
    52.631  -171.272   -0.0    0.0   -0.1
    52.640  -171.272   -0.0    0.0   -0.1
    52.649  -171.272   -0.0    0.0   -0.1
    52.658  -171.272   -0.0    0.0   -0.1
    52.667  -171.272   -0.0    0.0   -0.1
    52.676  -171.272   -0.0    0.0   -0.1
    52.685  -171.272   -0.0    0.0   -0.1
    52.694  -171.272   -0.0    0.0   -0.1
    52.703  -171.272   -0.0    0.0   -0.1
    52.712  -171.272   -0.0    0.0   -0.1
    52.721  -171.272   -0.0    0.0   -0.1
    52.730  -171.272   -0.0    0.0   -0.1
    52.739  -171.272   -0.0    0.0   -0.1
    52.748  -171.272   -0.0    0.0   -0.1
    52.757  -171.272   -0.0    0.0   -0.1
    52.766  -171.272   -0.0   -0.0   -0.1
    52.775  -171.272   -0.0   -0.0   -0.1
    52.784  -171.272   -0.0   -0.0   -0.1
    52.793  -171.272   -0.0   -0.0   -0.1
    52.802  -171.272   -0.0   -0.0   -0.1
    52.811  -171.272   -0.0   -0.0   -0.1
    52.820  -171.272   -0.0   -0.0   -0.1
    52.829  -171.272   -0.0   -0.0   -0.1
    52.838  -171.272   -0.0   -0.0   -0.1
    52.847  -171.272   -0.0   -0.0   -0.1
    52.856  -171.272   -0.0   -0.0   -0.1
    52.865  -171.272   -0.0   -0.0   -0.1
    52.874  -171.272   -0.0   -0.0   -0.1
    52.883  -171.272   -0.0   -0.0   -0.1
    52.892  -171.272   -0.0   -0.0   -0.1
    52.901  -171.272   -0.0   -0.0   -0.1
    52.910  -171.272   -0.0   -0.0   -0.1
    52.919  -171.272   -0.0   -0.0   -0.0
    52.928  -171.272   -0.0   -0.0   -0.0
    52.937  -171.272   -0.0   -0.0   -0.0
    52.946  -171.272   -0.0   -0.0   -0.0
    52.955  -171.272   -0.0   -0.0   -0.0
    52.964  -171.272   -0.0   -0.0   -0.0
    52.973  -171.272   -0.0   -0.0   -0.0
    52.982  -171.272   -0.0   -0.0   -0.0
    52.991  -171.272   -0.0   -0.0   -0.0
    53.000  -171.272    0.0   -0.0   -0.0
    53.009  -171.272    0.0   -0.0   -0.0
    53.018  -171.272    0.0   -0.0   -0.0
    53.027  -171.272    0.0   -0.0   -0.0
    53.036  -171.272    0.0   -0.0   -0.0
    53.045  -171.272    0.0   -0.0   -0.0
    53.054  -171.272    0.0   -0.0   -0.0
    53.063  -171.272    0.0   -0.0   -0.0
    53.072  -171.272    0.0    0.0   -0.0
    53.081  -171.272    0.0    0.0   -0.0
    53.090  -171.272    0.0    0.0   -0.0
    53.099  -171.272    0.0    0.0    0.0
    53.108  -171.272    0.0    0.0    0.0
    53.117  -171.272    0.0    0.0    0.0
    53.126  -171.272    0.0    0.0    0.0
    53.135  -171.272    0.0    0.0    0.0
    52.234  -171.257   -0.0    0.1   -0.2
    52.243  -171.257   -0.0    0.1   -0.2
    52.252  -171.257   -0.0    0.1   -0.2
    52.261  -171.257   -0.0    0.1   -0.2
    52.270  -171.257   -0.0    0.1   -0.2
    52.279  -171.257   -0.0    0.1   -0.2
    52.288  -171.257   -0.0    0.1   -0.2
    52.297  -171.257   -0.0    0.1   -0.2
    52.306  -171.257   -0.0    0.1   -0.2
    52.315  -171.257   -0.0    0.1   -0.2
    52.324  -171.257   -0.0    0.1   -0.2
    52.333  -171.257   -0.0    0.1   -0.2
    52.342  -171.257   -0.0    0.1   -0.2
    52.351  -171.257   -0.0    0.1   -0.2
    52.360  -171.257   -0.0    0.1   -0.2
    52.369  -171.257   -0.0    0.1   -0.2
    52.378  -171.257   -0.0    0.1   -0.2
    52.387  -171.257   -0.0    0.0   -0.2
    52.396  -171.257   -0.0    0.0   -0.2
    52.405  -171.257   -0.0    0.0   -0.2
    52.414  -171.257   -0.0    0.0   -0.2
    52.423  -171.257   -0.0    0.0   -0.2
    52.432  -171.257   -0.0    0.0   -0.2
    52.441  -171.257   -0.0    0.0   -0.2
    52.450  -171.257   -0.0    0.0   -0.2
    52.459  -171.257   -0.0    0.0   -0.2
    52.468  -171.257   -0.0    0.0   -0.2
    52.477  -171.257   -0.0    0.0   -0.2
    52.486  -171.257   -0.0    0.0   -0.2
    52.495  -171.257   -0.0    0.0   -0.2
    52.504  -171.257   -0.0    0.0   -0.2
    52.513  -171.257   -0.0    0.0   -0.2
    52.522  -171.257   -0.0    0.0   -0.1
    52.531  -171.257   -0.0    0.0   -0.1
    52.540  -171.257   -0.0    0.0   -0.1
    52.549  -171.257   -0.0    0.0   -0.1
    52.558  -171.257   -0.0    0.0   -0.1
    52.567  -171.257   -0.0    0.0   -0.1
    52.576  -171.257   -0.0    0.0   -0.1
    52.586  -171.257   -0.0    0.0   -0.1
    52.595  -171.257   -0.0    0.0   -0.1
    52.604  -171.257   -0.0    0.0   -0.1
    52.613  -171.257   -0.0    0.0   -0.1
    52.622  -171.257   -0.0    0.0   -0.1
    52.631  -171.257   -0.0    0.0   -0.1
    52.640  -171.257   -0.0    0.0   -0.1
    52.649  -171.257   -0.0    0.0   -0.1
    52.658  -171.257   -0.0    0.0   -0.1
    52.667  -171.257   -0.0    0.0   -0.1
    52.676  -171.257   -0.0    0.0   -0.1
    52.685  -171.257   -0.0    0.0   -0.1
    52.694  -171.257   -0.0    0.0   -0.1
    52.703  -171.257   -0.0    0.0   -0.1
    52.712  -171.257   -0.0    0.0   -0.1
    52.721  -171.257   -0.0    0.0   -0.1
    52.730  -171.257   -0.0    0.0   -0.1
    52.739  -171.257   -0.0    0.0   -0.1
    52.748  -171.257   -0.0    0.0   -0.1
    52.757  -171.257   -0.0    0.0   -0.1
    52.766  -171.257   -0.0   -0.0   -0.1
    52.775  -171.257   -0.0   -0.0   -0.1
    52.784  -171.257   -0.0   -0.0   -0.1
    52.793  -171.257   -0.0   -0.0   -0.1
    52.802  -171.257   -0.0   -0.0   -0.1
    52.811  -171.257   -0.0   -0.0   -0.1
    52.820  -171.257   -0.0   -0.0   -0.1
    52.829  -171.257   -0.0   -0.0   -0.1
    52.838  -171.257   -0.0   -0.0   -0.1
    52.847  -171.257   -0.0   -0.0   -0.1
    52.856  -171.257   -0.0   -0.0   -0.1
    52.865  -171.257   -0.0   -0.0   -0.1
    52.874  -171.257   -0.0   -0.0   -0.1
    52.883  -171.257   -0.0   -0.0   -0.1
    52.892  -171.257   -0.0   -0.0   -0.1
    52.901  -171.257   -0.0   -0.0   -0.1
    52.910  -171.257   -0.0   -0.0   -0.1
    52.919  -171.257   -0.0   -0.0   -0.0
    52.928  -171.257   -0.0   -0.0   -0.0
    52.937  -171.257   -0.0   -0.0   -0.0
    52.946  -171.257   -0.0   -0.0   -0.0
    52.955  -171.257   -0.0   -0.0   -0.0
    52.964  -171.257   -0.0   -0.0   -0.0
    52.973  -171.257   -0.0   -0.0   -0.0
    52.982  -171.257   -0.0   -0.0   -0.0
    52.991  -171.257   -0.0   -0.0   -0.0
    53.000  -171.257    0.0   -0.0   -0.0
    53.009  -171.257    0.0   -0.0   -0.0
    53.018  -171.257    0.0   -0.0   -0.0
    53.027  -171.257    0.0   -0.0   -0.0
    53.036  -171.257    0.0   -0.0   -0.0
    53.045  -171.257    0.0   -0.0   -0.0
    53.054  -171.257    0.0   -0.0   -0.0
    53.063  -171.257    0.0    0.0   -0.0
    53.072  -171.257    0.0    0.0   -0.0
    53.081  -171.257    0.0    0.0   -0.0
    53.090  -171.257    0.0    0.0   -0.0
    53.099  -171.257    0.0    0.0    0.0
    53.108  -171.257    0.0    0.0    0.0
    53.117  -171.257    0.0    0.0    0.0
    53.126  -171.257    0.0    0.0    0.0
    53.135  -171.257    0.0    0.0    0.0
    52.234  -171.242   -0.0    0.1   -0.2
    52.243  -171.242   -0.0    0.1   -0.2
    52.252  -171.242   -0.0    0.1   -0.2
    52.261  -171.242   -0.0    0.1   -0.2
    52.270  -171.242   -0.0    0.1   -0.2
    52.279  -171.242   -0.0    0.1   -0.2
    52.288  -171.242   -0.0    0.1   -0.2
    52.297  -171.242   -0.0    0.1   -0.2
    52.306  -171.242   -0.0    0.1   -0.2
    52.315  -171.242   -0.0    0.1   -0.2
    52.324  -171.242   -0.0    0.1   -0.2
    52.333  -171.242   -0.0    0.1   -0.2
    52.342  -171.242   -0.0    0.1   -0.2
    52.351  -171.242   -0.0    0.1   -0.2
    52.360  -171.242   -0.0    0.1   -0.2
    52.369  -171.242   -0.0    0.1   -0.2
    52.378  -171.242   -0.0    0.1   -0.2
    52.387  -171.242   -0.0    0.0   -0.2
    52.396  -171.242   -0.0    0.0   -0.2
    52.405  -171.242   -0.0    0.0   -0.2
    52.414  -171.242   -0.0    0.0   -0.2
    52.423  -171.242   -0.0    0.0   -0.2
    52.432  -171.242   -0.0    0.0   -0.2
    52.441  -171.242   -0.0    0.0   -0.2
    52.450  -171.242   -0.0    0.0   -0.2
    52.459  -171.242   -0.0    0.0   -0.2
    52.468  -171.242   -0.0    0.0   -0.2
    52.477  -171.242   -0.0    0.0   -0.2
    52.486  -171.242   -0.0    0.0   -0.2
    52.495  -171.242   -0.0    0.0   -0.2
    52.504  -171.242   -0.0    0.0   -0.2
    52.513  -171.242   -0.0    0.0   -0.2
    52.522  -171.242   -0.0    0.0   -0.1
    52.531  -171.242   -0.0    0.0   -0.1
    52.540  -171.242   -0.0    0.0   -0.1
    52.549  -171.242   -0.0    0.0   -0.1
    52.558  -171.242   -0.0    0.0   -0.1
    52.567  -171.242   -0.0    0.0   -0.1
    52.576  -171.242   -0.0    0.0   -0.1
    52.586  -171.242   -0.0    0.0   -0.1
    52.595  -171.242   -0.0    0.0   -0.1
    52.604  -171.242   -0.0    0.0   -0.1
    52.613  -171.242   -0.0    0.0   -0.1
    52.622  -171.242   -0.0    0.0   -0.1
    52.631  -171.242   -0.0    0.0   -0.1
    52.640  -171.242   -0.0    0.0   -0.1
    52.649  -171.242   -0.0    0.0   -0.1
    52.658  -171.242   -0.0    0.0   -0.1
    52.667  -171.242   -0.0    0.0   -0.1
    52.676  -171.242   -0.0    0.0   -0.1
    52.685  -171.242   -0.0    0.0   -0.1
    52.694  -171.242   -0.0    0.0   -0.1
    52.703  -171.242   -0.0    0.0   -0.1
    52.712  -171.242   -0.0    0.0   -0.1
    52.721  -171.242   -0.0    0.0   -0.1
    52.730  -171.242   -0.0    0.0   -0.1
    52.739  -171.242   -0.0    0.0   -0.1
    52.748  -171.242   -0.0    0.0   -0.1
    52.757  -171.242   -0.0    0.0   -0.1
    52.766  -171.242   -0.0   -0.0   -0.1
    52.775  -171.242   -0.0   -0.0   -0.1
    52.784  -171.242   -0.0   -0.0   -0.1
    52.793  -171.242   -0.0   -0.0   -0.1
    52.802  -171.242   -0.0   -0.0   -0.1
    52.811  -171.242   -0.0   -0.0   -0.1
    52.820  -171.242   -0.0   -0.0   -0.1
    52.829  -171.242   -0.0   -0.0   -0.1
    52.838  -171.242   -0.0   -0.0   -0.1
    52.847  -171.242   -0.0   -0.0   -0.1
    52.856  -171.242   -0.0   -0.0   -0.1
    52.865  -171.242   -0.0   -0.0   -0.1
    52.874  -171.242   -0.0   -0.0   -0.1
    52.883  -171.242   -0.0   -0.0   -0.1
    52.892  -171.242   -0.0   -0.0   -0.1
    52.901  -171.242   -0.0   -0.0   -0.1
    52.910  -171.242   -0.0   -0.0   -0.1
    52.919  -171.242   -0.0   -0.0   -0.0
    52.928  -171.242   -0.0   -0.0   -0.0
    52.937  -171.242   -0.0   -0.0   -0.0
    52.946  -171.242   -0.0   -0.0   -0.0
    52.955  -171.242   -0.0   -0.0   -0.0
    52.964  -171.242   -0.0   -0.0   -0.0
    52.973  -171.242   -0.0   -0.0   -0.0
    52.982  -171.242   -0.0   -0.0   -0.0
    52.991  -171.242   -0.0   -0.0   -0.0
    53.000  -171.242   -0.0   -0.0   -0.0
    53.009  -171.242    0.0   -0.0   -0.0
    53.018  -171.242    0.0   -0.0   -0.0
    53.027  -171.242    0.0   -0.0   -0.0
    53.036  -171.242    0.0   -0.0   -0.0
    53.045  -171.242    0.0   -0.0   -0.0
    53.054  -171.242    0.0   -0.0   -0.0
    53.063  -171.242    0.0    0.0   -0.0
    53.072  -171.242    0.0    0.0   -0.0
    53.081  -171.242    0.0    0.0   -0.0
    53.090  -171.242    0.0    0.0   -0.0
    53.099  -171.242    0.0    0.0    0.0
    53.108  -171.242    0.0    0.0    0.0
    53.117  -171.242    0.0    0.0    0.0
    53.126  -171.242    0.0    0.0    0.0
    53.135  -171.242    0.0    0.0    0.0
    52.234  -171.227   -0.0    0.1   -0.2
    52.243  -171.227   -0.0    0.1   -0.2
    52.252  -171.227   -0.0    0.1   -0.2
    52.261  -171.227   -0.0    0.1   -0.2
    52.270  -171.227   -0.0    0.1   -0.2
    52.279  -171.227   -0.0    0.1   -0.2
    52.288  -171.227   -0.0    0.1   -0.2
    52.297  -171.227   -0.0    0.1   -0.2
    52.306  -171.227   -0.0    0.1   -0.2
    52.315  -171.227   -0.0    0.1   -0.2
    52.324  -171.227   -0.0    0.1   -0.2
    52.333  -171.227   -0.0    0.1   -0.2
    52.342  -171.227   -0.0    0.1   -0.2
    52.351  -171.227   -0.0    0.1   -0.2
    52.360  -171.227   -0.0    0.1   -0.2
    52.369  -171.227   -0.0    0.1   -0.2
    52.378  -171.227   -0.0    0.1   -0.2
    52.387  -171.227   -0.0    0.1   -0.2
    52.396  -171.227   -0.0    0.0   -0.2
    52.405  -171.227   -0.0    0.0   -0.2
    52.414  -171.227   -0.0    0.0   -0.2
    52.423  -171.227   -0.0    0.0   -0.2
    52.432  -171.227   -0.0    0.0   -0.2
    52.441  -171.227   -0.0    0.0   -0.2
    52.450  -171.227   -0.0    0.0   -0.2
    52.459  -171.227   -0.0    0.0   -0.2
    52.468  -171.227   -0.0    0.0   -0.2
    52.477  -171.227   -0.0    0.0   -0.2
    52.486  -171.227   -0.0    0.0   -0.2
    52.495  -171.227   -0.0    0.0   -0.2
    52.504  -171.227   -0.0    0.0   -0.2
    52.513  -171.227   -0.0    0.0   -0.2
    52.522  -171.227   -0.0    0.0   -0.1
    52.531  -171.227   -0.0    0.0   -0.1
    52.540  -171.227   -0.0    0.0   -0.1
    52.549  -171.227   -0.0    0.0   -0.1
    52.558  -171.227   -0.0    0.0   -0.1
    52.567  -171.227   -0.0    0.0   -0.1
    52.576  -171.227   -0.0    0.0   -0.1
    52.586  -171.227   -0.0    0.0   -0.1
    52.595  -171.227   -0.0    0.0   -0.1
    52.604  -171.227   -0.0    0.0   -0.1
    52.613  -171.227   -0.0    0.0   -0.1
    52.622  -171.227   -0.0    0.0   -0.1
    52.631  -171.227   -0.0    0.0   -0.1
    52.640  -171.227   -0.0    0.0   -0.1
    52.649  -171.227   -0.0    0.0   -0.1
    52.658  -171.227   -0.0    0.0   -0.1
    52.667  -171.227   -0.0    0.0   -0.1
    52.676  -171.227   -0.0    0.0   -0.1
    52.685  -171.227   -0.0    0.0   -0.1
    52.694  -171.227   -0.0    0.0   -0.1
    52.703  -171.227   -0.0    0.0   -0.1
    52.712  -171.227   -0.0    0.0   -0.1
    52.721  -171.227   -0.0    0.0   -0.1
    52.730  -171.227   -0.0    0.0   -0.1
    52.739  -171.227   -0.0    0.0   -0.1
    52.748  -171.227   -0.0    0.0   -0.1
    52.757  -171.227   -0.0    0.0   -0.1
    52.766  -171.227   -0.0   -0.0   -0.1
    52.775  -171.227   -0.0   -0.0   -0.1
    52.784  -171.227   -0.0   -0.0   -0.1
    52.793  -171.227   -0.0   -0.0   -0.1
    52.802  -171.227   -0.0   -0.0   -0.1
    52.811  -171.227   -0.0   -0.0   -0.1
    52.820  -171.227   -0.0   -0.0   -0.1
    52.829  -171.227   -0.0   -0.0   -0.1
    52.838  -171.227   -0.0   -0.0   -0.1
    52.847  -171.227   -0.0   -0.0   -0.1
    52.856  -171.227   -0.0   -0.0   -0.1
    52.865  -171.227   -0.0   -0.0   -0.1
    52.874  -171.227   -0.0   -0.0   -0.1
    52.883  -171.227   -0.0   -0.0   -0.1
    52.892  -171.227   -0.0   -0.0   -0.1
    52.901  -171.227   -0.0   -0.0   -0.1
    52.910  -171.227   -0.0   -0.0   -0.0
    52.919  -171.227   -0.0   -0.0   -0.0
    52.928  -171.227   -0.0   -0.0   -0.0
    52.937  -171.227   -0.0   -0.0   -0.0
    52.946  -171.227   -0.0   -0.0   -0.0
    52.955  -171.227   -0.0   -0.0   -0.0
    52.964  -171.227   -0.0   -0.0   -0.0
    52.973  -171.227   -0.0   -0.0   -0.0
    52.982  -171.227   -0.0   -0.0   -0.0
    52.991  -171.227   -0.0   -0.0   -0.0
    53.000  -171.227   -0.0   -0.0   -0.0
    53.009  -171.227    0.0   -0.0   -0.0
    53.018  -171.227    0.0   -0.0   -0.0
    53.027  -171.227    0.0   -0.0   -0.0
    53.036  -171.227    0.0   -0.0   -0.0
    53.045  -171.227    0.0   -0.0   -0.0
    53.054  -171.227    0.0   -0.0   -0.0
    53.063  -171.227    0.0    0.0   -0.0
    53.072  -171.227    0.0    0.0   -0.0
    53.081  -171.227    0.0    0.0   -0.0
    53.090  -171.227    0.0    0.0    0.0
    53.099  -171.227    0.0    0.0    0.0
    53.108  -171.227    0.0    0.0    0.0
    53.117  -171.227    0.0    0.0    0.0
    53.126  -171.227    0.0    0.0    0.0
    53.135  -171.227    0.0    0.0    0.0
    52.234  -171.212   -0.0    0.1   -0.2
    52.243  -171.212   -0.0    0.1   -0.2
    52.252  -171.212   -0.0    0.1   -0.2
    52.261  -171.212   -0.0    0.1   -0.2
    52.270  -171.212   -0.0    0.1   -0.2
    52.279  -171.212   -0.0    0.1   -0.2
    52.288  -171.212   -0.0    0.1   -0.2
    52.297  -171.212   -0.0    0.1   -0.2
    52.306  -171.212   -0.0    0.1   -0.2
    52.315  -171.212   -0.0    0.1   -0.2
    52.324  -171.212   -0.0    0.1   -0.2
    52.333  -171.212   -0.0    0.1   -0.2
    52.342  -171.212   -0.0    0.1   -0.2
    52.351  -171.212   -0.0    0.1   -0.2
    52.360  -171.212   -0.0    0.1   -0.2
    52.369  -171.212   -0.0    0.1   -0.2
    52.378  -171.212   -0.0    0.1   -0.2
    52.387  -171.212   -0.0    0.1   -0.2
    52.396  -171.212   -0.0    0.0   -0.2
    52.405  -171.212   -0.0    0.0   -0.2
    52.414  -171.212   -0.0    0.0   -0.2
    52.423  -171.212   -0.0    0.0   -0.2
    52.432  -171.212   -0.0    0.0   -0.2
    52.441  -171.212   -0.0    0.0   -0.2
    52.450  -171.212   -0.0    0.0   -0.2
    52.459  -171.212   -0.0    0.0   -0.2
    52.468  -171.212   -0.0    0.0   -0.2
    52.477  -171.212   -0.0    0.0   -0.2
    52.486  -171.212   -0.0    0.0   -0.2
    52.495  -171.212   -0.0    0.0   -0.2
    52.504  -171.212   -0.0    0.0   -0.2
    52.513  -171.212   -0.0    0.0   -0.2
    52.522  -171.212   -0.0    0.0   -0.1
    52.531  -171.212   -0.0    0.0   -0.1
    52.540  -171.212   -0.0    0.0   -0.1
    52.549  -171.212   -0.0    0.0   -0.1
    52.558  -171.212   -0.0    0.0   -0.1
    52.567  -171.212   -0.0    0.0   -0.1
    52.576  -171.212   -0.0    0.0   -0.1
    52.586  -171.212   -0.0    0.0   -0.1
    52.595  -171.212   -0.0    0.0   -0.1
    52.604  -171.212   -0.0    0.0   -0.1
    52.613  -171.212   -0.0    0.0   -0.1
    52.622  -171.212   -0.0    0.0   -0.1
    52.631  -171.212   -0.0    0.0   -0.1
    52.640  -171.212   -0.0    0.0   -0.1
    52.649  -171.212   -0.0    0.0   -0.1
    52.658  -171.212   -0.0    0.0   -0.1
    52.667  -171.212   -0.0    0.0   -0.1
    52.676  -171.212   -0.0    0.0   -0.1
    52.685  -171.212   -0.0    0.0   -0.1
    52.694  -171.212   -0.0    0.0   -0.1
    52.703  -171.212   -0.0    0.0   -0.1
    52.712  -171.212   -0.0    0.0   -0.1
    52.721  -171.212   -0.0    0.0   -0.1
    52.730  -171.212   -0.0    0.0   -0.1
    52.739  -171.212   -0.0    0.0   -0.1
    52.748  -171.212   -0.0    0.0   -0.1
    52.757  -171.212   -0.0    0.0   -0.1
    52.766  -171.212   -0.0   -0.0   -0.1
    52.775  -171.212   -0.0   -0.0   -0.1
    52.784  -171.212   -0.0   -0.0   -0.1
    52.793  -171.212   -0.0   -0.0   -0.1
    52.802  -171.212   -0.0   -0.0   -0.1
    52.811  -171.212   -0.0   -0.0   -0.1
    52.820  -171.212   -0.0   -0.0   -0.1
    52.829  -171.212   -0.0   -0.0   -0.1
    52.838  -171.212   -0.0   -0.0   -0.1
    52.847  -171.212   -0.0   -0.0   -0.1
    52.856  -171.212   -0.0   -0.0   -0.1
    52.865  -171.212   -0.0   -0.0   -0.1
    52.874  -171.212   -0.0   -0.0   -0.1
    52.883  -171.212   -0.0   -0.0   -0.1
    52.892  -171.212   -0.0   -0.0   -0.1
    52.901  -171.212   -0.0   -0.0   -0.1
    52.910  -171.212   -0.0   -0.0   -0.0
    52.919  -171.212   -0.0   -0.0   -0.0
    52.928  -171.212   -0.0   -0.0   -0.0
    52.937  -171.212   -0.0   -0.0   -0.0
    52.946  -171.212   -0.0   -0.0   -0.0
    52.955  -171.212   -0.0   -0.0   -0.0
    52.964  -171.212   -0.0   -0.0   -0.0
    52.973  -171.212   -0.0   -0.0   -0.0
    52.982  -171.212   -0.0   -0.0   -0.0
    52.991  -171.212   -0.0   -0.0   -0.0
    53.000  -171.212   -0.0   -0.0   -0.0
    53.009  -171.212    0.0   -0.0   -0.0
    53.018  -171.212    0.0   -0.0   -0.0
    53.027  -171.212    0.0   -0.0   -0.0
    53.036  -171.212    0.0   -0.0   -0.0
    53.045  -171.212    0.0   -0.0   -0.0
    53.054  -171.212    0.0    0.0   -0.0
    53.063  -171.212    0.0    0.0   -0.0
    53.072  -171.212    0.0    0.0   -0.0
    53.081  -171.212    0.0    0.0   -0.0
    53.090  -171.212    0.0    0.0    0.0
    53.099  -171.212    0.0    0.0    0.0
    53.108  -171.212    0.0    0.0    0.0
    53.117  -171.212    0.0    0.0    0.0
    53.126  -171.212    0.0    0.0    0.0
    53.135  -171.212    0.0    0.0    0.0
    52.234  -171.198   -0.0    0.1   -0.2
    52.243  -171.198   -0.0    0.1   -0.2
    52.252  -171.198   -0.0    0.1   -0.2
    52.261  -171.198   -0.0    0.1   -0.2
    52.270  -171.198   -0.0    0.1   -0.2
    52.279  -171.198   -0.0    0.1   -0.2
    52.288  -171.198   -0.0    0.1   -0.2
    52.297  -171.198   -0.0    0.1   -0.2
    52.306  -171.198   -0.0    0.1   -0.2
    52.315  -171.198   -0.0    0.1   -0.2
    52.324  -171.198   -0.0    0.1   -0.2
    52.333  -171.198   -0.0    0.1   -0.2
    52.342  -171.198   -0.0    0.1   -0.2
    52.351  -171.198   -0.0    0.1   -0.2
    52.360  -171.198   -0.0    0.1   -0.2
    52.369  -171.198   -0.0    0.1   -0.2
    52.378  -171.198   -0.0    0.1   -0.2
    52.387  -171.198   -0.0    0.1   -0.2
    52.396  -171.198   -0.0    0.0   -0.2
    52.405  -171.198   -0.0    0.0   -0.2
    52.414  -171.198   -0.0    0.0   -0.2
    52.423  -171.198   -0.0    0.0   -0.2
    52.432  -171.198   -0.0    0.0   -0.2
    52.441  -171.198   -0.0    0.0   -0.2
    52.450  -171.198   -0.0    0.0   -0.2
    52.459  -171.198   -0.0    0.0   -0.2
    52.468  -171.198   -0.0    0.0   -0.2
    52.477  -171.198   -0.0    0.0   -0.2
    52.486  -171.198   -0.0    0.0   -0.2
    52.495  -171.198   -0.0    0.0   -0.2
    52.504  -171.198   -0.0    0.0   -0.2
    52.513  -171.198   -0.0    0.0   -0.2
    52.522  -171.198   -0.0    0.0   -0.1
    52.531  -171.198   -0.0    0.0   -0.1
    52.540  -171.198   -0.0    0.0   -0.1
    52.549  -171.198   -0.0    0.0   -0.1
    52.558  -171.198   -0.0    0.0   -0.1
    52.567  -171.198   -0.0    0.0   -0.1
    52.576  -171.198   -0.0    0.0   -0.1
    52.586  -171.198   -0.0    0.0   -0.1
    52.595  -171.198   -0.0    0.0   -0.1
    52.604  -171.198   -0.0    0.0   -0.1
    52.613  -171.198   -0.0    0.0   -0.1
    52.622  -171.198   -0.0    0.0   -0.1
    52.631  -171.198   -0.0    0.0   -0.1
    52.640  -171.198   -0.0    0.0   -0.1
    52.649  -171.198   -0.0    0.0   -0.1
    52.658  -171.198   -0.0    0.0   -0.1
    52.667  -171.198   -0.0    0.0   -0.1
    52.676  -171.198   -0.0    0.0   -0.1
    52.685  -171.198   -0.0    0.0   -0.1
    52.694  -171.198   -0.0    0.0   -0.1
    52.703  -171.198   -0.0    0.0   -0.1
    52.712  -171.198   -0.0    0.0   -0.1
    52.721  -171.198   -0.0    0.0   -0.1
    52.730  -171.198   -0.0    0.0   -0.1
    52.739  -171.198   -0.0    0.0   -0.1
    52.748  -171.198   -0.0    0.0   -0.1
    52.757  -171.198   -0.0    0.0   -0.1
    52.766  -171.198   -0.0   -0.0   -0.1
    52.775  -171.198   -0.0   -0.0   -0.1
    52.784  -171.198   -0.0   -0.0   -0.1
    52.793  -171.198   -0.0   -0.0   -0.1
    52.802  -171.198   -0.0   -0.0   -0.1
    52.811  -171.198   -0.0   -0.0   -0.1
    52.820  -171.198   -0.0   -0.0   -0.1
    52.829  -171.198   -0.0   -0.0   -0.1
    52.838  -171.198   -0.0   -0.0   -0.1
    52.847  -171.198   -0.0   -0.0   -0.1
    52.856  -171.198   -0.0   -0.0   -0.1
    52.865  -171.198   -0.0   -0.0   -0.1
    52.874  -171.198   -0.0   -0.0   -0.1
    52.883  -171.198   -0.0   -0.0   -0.1
    52.892  -171.198   -0.0   -0.0   -0.1
    52.901  -171.198   -0.0   -0.0   -0.1
    52.910  -171.198   -0.0   -0.0   -0.0
    52.919  -171.198   -0.0   -0.0   -0.0
    52.928  -171.198   -0.0   -0.0   -0.0
    52.937  -171.198   -0.0   -0.0   -0.0
    52.946  -171.198   -0.0   -0.0   -0.0
    52.955  -171.198   -0.0   -0.0   -0.0
    52.964  -171.198   -0.0   -0.0   -0.0
    52.973  -171.198   -0.0   -0.0   -0.0
    52.982  -171.198   -0.0   -0.0   -0.0
    52.991  -171.198   -0.0   -0.0   -0.0
    53.000  -171.198   -0.0   -0.0   -0.0
    53.009  -171.198   -0.0   -0.0   -0.0
    53.018  -171.198    0.0   -0.0   -0.0
    53.027  -171.198    0.0   -0.0   -0.0
    53.036  -171.198    0.0   -0.0   -0.0
    53.045  -171.198    0.0   -0.0   -0.0
    53.054  -171.198    0.0    0.0   -0.0
    53.063  -171.198    0.0    0.0   -0.0
    53.072  -171.198    0.0    0.0   -0.0
    53.081  -171.198    0.0    0.0   -0.0
    53.090  -171.198    0.0    0.0    0.0
    53.099  -171.198    0.0    0.0    0.0
    53.108  -171.198    0.0    0.0    0.0
    53.117  -171.198    0.0    0.0    0.0
    53.126  -171.198    0.0    0.0    0.0
    53.135  -171.198    0.0    0.0    0.0
    52.234  -171.183   -0.0    0.1   -0.2
    52.243  -171.183   -0.0    0.1   -0.2
    52.252  -171.183   -0.0    0.1   -0.2
    52.261  -171.183   -0.0    0.1   -0.2
    52.270  -171.183   -0.0    0.1   -0.2
    52.279  -171.183   -0.0    0.1   -0.2
    52.288  -171.183   -0.0    0.1   -0.2
    52.297  -171.183   -0.0    0.1   -0.2
    52.306  -171.183   -0.0    0.1   -0.2
    52.315  -171.183   -0.0    0.1   -0.2
    52.324  -171.183   -0.0    0.1   -0.2
    52.333  -171.183   -0.0    0.1   -0.2
    52.342  -171.183   -0.0    0.1   -0.2
    52.351  -171.183   -0.0    0.1   -0.2
    52.360  -171.183   -0.0    0.1   -0.2
    52.369  -171.183   -0.0    0.1   -0.2
    52.378  -171.183   -0.0    0.1   -0.2
    52.387  -171.183   -0.0    0.1   -0.2
    52.396  -171.183   -0.0    0.0   -0.2
    52.405  -171.183   -0.0    0.0   -0.2
    52.414  -171.183   -0.0    0.0   -0.2
    52.423  -171.183   -0.0    0.0   -0.2
    52.432  -171.183   -0.0    0.0   -0.2
    52.441  -171.183   -0.0    0.0   -0.2
    52.450  -171.183   -0.0    0.0   -0.2
    52.459  -171.183   -0.0    0.0   -0.2
    52.468  -171.183   -0.0    0.0   -0.2
    52.477  -171.183   -0.0    0.0   -0.2
    52.486  -171.183   -0.0    0.0   -0.2
    52.495  -171.183   -0.0    0.0   -0.2
    52.504  -171.183   -0.0    0.0   -0.2
    52.513  -171.183   -0.0    0.0   -0.1
    52.522  -171.183   -0.0    0.0   -0.1
    52.531  -171.183   -0.0    0.0   -0.1
    52.540  -171.183   -0.0    0.0   -0.1
    52.549  -171.183   -0.0    0.0   -0.1
    52.558  -171.183   -0.0    0.0   -0.1
    52.567  -171.183   -0.0    0.0   -0.1
    52.576  -171.183   -0.0    0.0   -0.1
    52.586  -171.183   -0.0    0.0   -0.1
    52.595  -171.183   -0.0    0.0   -0.1
    52.604  -171.183   -0.0    0.0   -0.1
    52.613  -171.183   -0.0    0.0   -0.1
    52.622  -171.183   -0.0    0.0   -0.1
    52.631  -171.183   -0.0    0.0   -0.1
    52.640  -171.183   -0.0    0.0   -0.1
    52.649  -171.183   -0.0    0.0   -0.1
    52.658  -171.183   -0.0    0.0   -0.1
    52.667  -171.183   -0.0    0.0   -0.1
    52.676  -171.183   -0.0    0.0   -0.1
    52.685  -171.183   -0.0    0.0   -0.1
    52.694  -171.183   -0.0    0.0   -0.1
    52.703  -171.183   -0.0    0.0   -0.1
    52.712  -171.183   -0.0    0.0   -0.1
    52.721  -171.183   -0.0    0.0   -0.1
    52.730  -171.183   -0.0    0.0   -0.1
    52.739  -171.183   -0.0    0.0   -0.1
    52.748  -171.183   -0.0    0.0   -0.1
    52.757  -171.183   -0.0    0.0   -0.1
    52.766  -171.183   -0.0   -0.0   -0.1
    52.775  -171.183   -0.0   -0.0   -0.1
    52.784  -171.183   -0.0   -0.0   -0.1
    52.793  -171.183   -0.0   -0.0   -0.1
    52.802  -171.183   -0.0   -0.0   -0.1
    52.811  -171.183   -0.0   -0.0   -0.1
    52.820  -171.183   -0.0   -0.0   -0.1
    52.829  -171.183   -0.0   -0.0   -0.1
    52.838  -171.183   -0.0   -0.0   -0.1
    52.847  -171.183   -0.0   -0.0   -0.1
    52.856  -171.183   -0.0   -0.0   -0.1
    52.865  -171.183   -0.0   -0.0   -0.1
    52.874  -171.183   -0.0   -0.0   -0.1
    52.883  -171.183   -0.0   -0.0   -0.1
    52.892  -171.183   -0.0   -0.0   -0.1
    52.901  -171.183   -0.0   -0.0   -0.1
    52.910  -171.183   -0.0   -0.0   -0.0
    52.919  -171.183   -0.0   -0.0   -0.0
    52.928  -171.183   -0.0   -0.0   -0.0
    52.937  -171.183   -0.0   -0.0   -0.0
    52.946  -171.183   -0.0   -0.0   -0.0
    52.955  -171.183   -0.0   -0.0   -0.0
    52.964  -171.183   -0.0   -0.0   -0.0
    52.973  -171.183   -0.0   -0.0   -0.0
    52.982  -171.183   -0.0   -0.0   -0.0
    52.991  -171.183   -0.0   -0.0   -0.0
    53.000  -171.183   -0.0   -0.0   -0.0
    53.009  -171.183   -0.0   -0.0   -0.0
    53.018  -171.183    0.0   -0.0   -0.0
    53.027  -171.183    0.0   -0.0   -0.0
    53.036  -171.183    0.0   -0.0   -0.0
    53.045  -171.183    0.0    0.0   -0.0
    53.054  -171.183    0.0    0.0   -0.0
    53.063  -171.183    0.0    0.0   -0.0
    53.072  -171.183    0.0    0.0   -0.0
    53.081  -171.183    0.0    0.0   -0.0
    53.090  -171.183    0.0    0.0    0.0
    53.099  -171.183    0.0    0.0    0.0
    53.108  -171.183    0.0    0.0    0.0
    53.117  -171.183    0.0    0.0    0.0
    53.126  -171.183    0.0    0.0    0.0
    53.135  -171.183    0.0    0.0    0.0
    52.234  -171.168   -0.0    0.1   -0.2
    52.243  -171.168   -0.0    0.1   -0.2
    52.252  -171.168   -0.0    0.1   -0.2
    52.261  -171.168   -0.0    0.1   -0.2
    52.270  -171.168   -0.0    0.1   -0.2
    52.279  -171.168   -0.0    0.1   -0.2
    52.288  -171.168   -0.0    0.1   -0.2
    52.297  -171.168   -0.0    0.1   -0.2
    52.306  -171.168   -0.0    0.1   -0.2
    52.315  -171.168   -0.0    0.1   -0.2
    52.324  -171.168   -0.0    0.1   -0.2
    52.333  -171.168   -0.0    0.1   -0.2
    52.342  -171.168   -0.0    0.1   -0.2
    52.351  -171.168   -0.0    0.1   -0.2
    52.360  -171.168   -0.0    0.1   -0.2
    52.369  -171.168   -0.0    0.1   -0.2
    52.378  -171.168   -0.0    0.1   -0.2
    52.387  -171.168   -0.0    0.1   -0.2
    52.396  -171.168   -0.0    0.0   -0.2
    52.405  -171.168   -0.0    0.0   -0.2
    52.414  -171.168   -0.0    0.0   -0.2
    52.423  -171.168   -0.0    0.0   -0.2
    52.432  -171.168   -0.0    0.0   -0.2
    52.441  -171.168   -0.0    0.0   -0.2
    52.450  -171.168   -0.0    0.0   -0.2
    52.459  -171.168   -0.0    0.0   -0.2
    52.468  -171.168   -0.0    0.0   -0.2
    52.477  -171.168   -0.0    0.0   -0.2
    52.486  -171.168   -0.0    0.0   -0.2
    52.495  -171.168   -0.0    0.0   -0.2
    52.504  -171.168   -0.0    0.0   -0.2
    52.513  -171.168   -0.0    0.0   -0.1
    52.522  -171.168   -0.0    0.0   -0.1
    52.531  -171.168   -0.0    0.0   -0.1
    52.540  -171.168   -0.0    0.0   -0.1
    52.549  -171.168   -0.0    0.0   -0.1
    52.558  -171.168   -0.0    0.0   -0.1
    52.567  -171.168   -0.0    0.0   -0.1
    52.576  -171.168   -0.0    0.0   -0.1
    52.586  -171.168   -0.0    0.0   -0.1
    52.595  -171.168   -0.0    0.0   -0.1
    52.604  -171.168   -0.0    0.0   -0.1
    52.613  -171.168   -0.0    0.0   -0.1
    52.622  -171.168   -0.0    0.0   -0.1
    52.631  -171.168   -0.0    0.0   -0.1
    52.640  -171.168   -0.0    0.0   -0.1
    52.649  -171.168   -0.0    0.0   -0.1
    52.658  -171.168   -0.0    0.0   -0.1
    52.667  -171.168   -0.0    0.0   -0.1
    52.676  -171.168   -0.0    0.0   -0.1
    52.685  -171.168   -0.0    0.0   -0.1
    52.694  -171.168   -0.0    0.0   -0.1
    52.703  -171.168   -0.0    0.0   -0.1
    52.712  -171.168   -0.0    0.0   -0.1
    52.721  -171.168   -0.0    0.0   -0.1
    52.730  -171.168   -0.0    0.0   -0.1
    52.739  -171.168   -0.0    0.0   -0.1
    52.748  -171.168   -0.0    0.0   -0.1
    52.757  -171.168   -0.0    0.0   -0.1
    52.766  -171.168   -0.0   -0.0   -0.1
    52.775  -171.168   -0.0   -0.0   -0.1
    52.784  -171.168   -0.0   -0.0   -0.1
    52.793  -171.168   -0.0   -0.0   -0.1
    52.802  -171.168   -0.0   -0.0   -0.1
    52.811  -171.168   -0.0   -0.0   -0.1
    52.820  -171.168   -0.0   -0.0   -0.1
    52.829  -171.168   -0.0   -0.0   -0.1
    52.838  -171.168   -0.0   -0.0   -0.1
    52.847  -171.168   -0.0   -0.0   -0.1
    52.856  -171.168   -0.0   -0.0   -0.1
    52.865  -171.168   -0.0   -0.0   -0.1
    52.874  -171.168   -0.0   -0.0   -0.1
    52.883  -171.168   -0.0   -0.0   -0.1
    52.892  -171.168   -0.0   -0.0   -0.1
    52.901  -171.168   -0.0   -0.0   -0.1
    52.910  -171.168   -0.0   -0.0   -0.0
    52.919  -171.168   -0.0   -0.0   -0.0
    52.928  -171.168   -0.0   -0.0   -0.0
    52.937  -171.168   -0.0   -0.0   -0.0
    52.946  -171.168   -0.0   -0.0   -0.0
    52.955  -171.168   -0.0   -0.0   -0.0
    52.964  -171.168   -0.0   -0.0   -0.0
    52.973  -171.168   -0.0   -0.0   -0.0
    52.982  -171.168   -0.0   -0.0   -0.0
    52.991  -171.168   -0.0   -0.0   -0.0
    53.000  -171.168   -0.0   -0.0   -0.0
    53.009  -171.168   -0.0   -0.0   -0.0
    53.018  -171.168    0.0   -0.0   -0.0
    53.027  -171.168    0.0   -0.0   -0.0
    53.036  -171.168    0.0   -0.0   -0.0
    53.045  -171.168    0.0    0.0   -0.0
    53.054  -171.168    0.0    0.0   -0.0
    53.063  -171.168    0.0    0.0   -0.0
    53.072  -171.168    0.0    0.0   -0.0
    53.081  -171.168    0.0    0.0    0.0
    53.090  -171.168    0.0    0.0    0.0
    53.099  -171.168    0.0    0.0    0.0
    53.108  -171.168    0.0    0.0    0.0
    53.117  -171.168    0.0    0.0    0.0
    53.126  -171.168    0.0    0.0    0.0
    53.135  -171.168    0.0    0.0    0.0
    52.234  -171.153   -0.0    0.1   -0.2
    52.243  -171.153   -0.0    0.1   -0.2
    52.252  -171.153   -0.0    0.1   -0.2
    52.261  -171.153   -0.0    0.1   -0.2
    52.270  -171.153   -0.0    0.1   -0.2
    52.279  -171.153   -0.0    0.1   -0.2
    52.288  -171.153   -0.0    0.1   -0.2
    52.297  -171.153   -0.0    0.1   -0.2
    52.306  -171.153   -0.0    0.1   -0.2
    52.315  -171.153   -0.0    0.1   -0.2
    52.324  -171.153   -0.0    0.1   -0.2
    52.333  -171.153   -0.0    0.1   -0.2
    52.342  -171.153   -0.0    0.1   -0.2
    52.351  -171.153   -0.0    0.1   -0.2
    52.360  -171.153   -0.0    0.1   -0.2
    52.369  -171.153   -0.0    0.1   -0.2
    52.378  -171.153   -0.0    0.1   -0.2
    52.387  -171.153   -0.0    0.0   -0.2
    52.396  -171.153   -0.0    0.0   -0.2
    52.405  -171.153   -0.0    0.0   -0.2
    52.414  -171.153   -0.0    0.0   -0.2
    52.423  -171.153   -0.0    0.0   -0.2
    52.432  -171.153   -0.0    0.0   -0.2
    52.441  -171.153   -0.0    0.0   -0.2
    52.450  -171.153   -0.0    0.0   -0.2
    52.459  -171.153   -0.0    0.0   -0.2
    52.468  -171.153   -0.0    0.0   -0.2
    52.477  -171.153   -0.0    0.0   -0.2
    52.486  -171.153   -0.0    0.0   -0.2
    52.495  -171.153   -0.0    0.0   -0.2
    52.504  -171.153   -0.0    0.0   -0.2
    52.513  -171.153   -0.0    0.0   -0.1
    52.522  -171.153   -0.0    0.0   -0.1
    52.531  -171.153   -0.0    0.0   -0.1
    52.540  -171.153   -0.0    0.0   -0.1
    52.549  -171.153   -0.0    0.0   -0.1
    52.558  -171.153   -0.0    0.0   -0.1
    52.567  -171.153   -0.0    0.0   -0.1
    52.576  -171.153   -0.0    0.0   -0.1
    52.586  -171.153   -0.0    0.0   -0.1
    52.595  -171.153   -0.0    0.0   -0.1
    52.604  -171.153   -0.0    0.0   -0.1
    52.613  -171.153   -0.0    0.0   -0.1
    52.622  -171.153   -0.0    0.0   -0.1
    52.631  -171.153   -0.0    0.0   -0.1
    52.640  -171.153   -0.0    0.0   -0.1
    52.649  -171.153   -0.0    0.0   -0.1
    52.658  -171.153   -0.0    0.0   -0.1
    52.667  -171.153   -0.0    0.0   -0.1
    52.676  -171.153   -0.0    0.0   -0.1
    52.685  -171.153   -0.0    0.0   -0.1
    52.694  -171.153   -0.0    0.0   -0.1
    52.703  -171.153   -0.0    0.0   -0.1
    52.712  -171.153   -0.0    0.0   -0.1
    52.721  -171.153   -0.0    0.0   -0.1
    52.730  -171.153   -0.0    0.0   -0.1
    52.739  -171.153   -0.0    0.0   -0.1
    52.748  -171.153   -0.0    0.0   -0.1
    52.757  -171.153   -0.0    0.0   -0.1
    52.766  -171.153   -0.0   -0.0   -0.1
    52.775  -171.153   -0.0   -0.0   -0.1
    52.784  -171.153   -0.0   -0.0   -0.1
    52.793  -171.153   -0.0   -0.0   -0.1
    52.802  -171.153   -0.0   -0.0   -0.1
    52.811  -171.153   -0.0   -0.0   -0.1
    52.820  -171.153   -0.0   -0.0   -0.1
    52.829  -171.153   -0.0   -0.0   -0.1
    52.838  -171.153   -0.0   -0.0   -0.1
    52.847  -171.153   -0.0   -0.0   -0.1
    52.856  -171.153   -0.0   -0.0   -0.1
    52.865  -171.153   -0.0   -0.0   -0.1
    52.874  -171.153   -0.0   -0.0   -0.1
    52.883  -171.153   -0.0   -0.0   -0.1
    52.892  -171.153   -0.0   -0.0   -0.1
    52.901  -171.153   -0.0   -0.0   -0.0
    52.910  -171.153   -0.0   -0.0   -0.0
    52.919  -171.153   -0.0   -0.0   -0.0
    52.928  -171.153   -0.0   -0.0   -0.0
    52.937  -171.153   -0.0   -0.0   -0.0
    52.946  -171.153   -0.0   -0.0   -0.0
    52.955  -171.153   -0.0   -0.0   -0.0
    52.964  -171.153   -0.0   -0.0   -0.0
    52.973  -171.153   -0.0   -0.0   -0.0
    52.982  -171.153   -0.0   -0.0   -0.0
    52.991  -171.153   -0.0   -0.0   -0.0
    53.000  -171.153   -0.0   -0.0   -0.0
    53.009  -171.153   -0.0   -0.0   -0.0
    53.018  -171.153    0.0   -0.0   -0.0
    53.027  -171.153    0.0   -0.0   -0.0
    53.036  -171.153    0.0    0.0   -0.0
    53.045  -171.153    0.0    0.0   -0.0
    53.054  -171.153    0.0    0.0   -0.0
    53.063  -171.153    0.0    0.0   -0.0
    53.072  -171.153    0.0    0.0   -0.0
    53.081  -171.153    0.0    0.0    0.0
    53.090  -171.153    0.0    0.0    0.0
    53.099  -171.153    0.0    0.0    0.0
    53.108  -171.153    0.0    0.0    0.0
    53.117  -171.153    0.0    0.0    0.0
    53.126  -171.153    0.0    0.0    0.0
    53.135  -171.153    0.0    0.0    0.0
    52.234  -171.138   -0.0    0.1   -0.2
    52.243  -171.138   -0.0    0.1   -0.2
    52.252  -171.138   -0.0    0.1   -0.2
    52.261  -171.138   -0.0    0.1   -0.2
    52.270  -171.138   -0.0    0.1   -0.2
    52.279  -171.138   -0.0    0.1   -0.2
    52.288  -171.138   -0.0    0.1   -0.2
    52.297  -171.138   -0.0    0.1   -0.2
    52.306  -171.138   -0.0    0.1   -0.2
    52.315  -171.138   -0.0    0.1   -0.2
    52.324  -171.138   -0.0    0.1   -0.2
    52.333  -171.138   -0.0    0.1   -0.2
    52.342  -171.138   -0.0    0.1   -0.2
    52.351  -171.138   -0.0    0.1   -0.2
    52.360  -171.138   -0.0    0.1   -0.2
    52.369  -171.138   -0.0    0.1   -0.2
    52.378  -171.138   -0.0    0.1   -0.2
    52.387  -171.138   -0.0    0.0   -0.2
    52.396  -171.138   -0.0    0.0   -0.2
    52.405  -171.138   -0.0    0.0   -0.2
    52.414  -171.138   -0.0    0.0   -0.2
    52.423  -171.138   -0.0    0.0   -0.2
    52.432  -171.138   -0.0    0.0   -0.2
    52.441  -171.138   -0.0    0.0   -0.2
    52.450  -171.138   -0.0    0.0   -0.2
    52.459  -171.138   -0.0    0.0   -0.2
    52.468  -171.138   -0.0    0.0   -0.2
    52.477  -171.138   -0.0    0.0   -0.2
    52.486  -171.138   -0.0    0.0   -0.2
    52.495  -171.138   -0.0    0.0   -0.2
    52.504  -171.138   -0.0    0.0   -0.2
    52.513  -171.138   -0.0    0.0   -0.1
    52.522  -171.138   -0.0    0.0   -0.1
    52.531  -171.138   -0.0    0.0   -0.1
    52.540  -171.138   -0.0    0.0   -0.1
    52.549  -171.138   -0.0    0.0   -0.1
    52.558  -171.138   -0.0    0.0   -0.1
    52.567  -171.138   -0.0    0.0   -0.1
    52.576  -171.138   -0.0    0.0   -0.1
    52.586  -171.138   -0.0    0.0   -0.1
    52.595  -171.138   -0.0    0.0   -0.1
    52.604  -171.138   -0.0    0.0   -0.1
    52.613  -171.138   -0.0    0.0   -0.1
    52.622  -171.138   -0.0    0.0   -0.1
    52.631  -171.138   -0.0    0.0   -0.1
    52.640  -171.138   -0.0    0.0   -0.1
    52.649  -171.138   -0.0    0.0   -0.1
    52.658  -171.138   -0.0    0.0   -0.1
    52.667  -171.138   -0.0    0.0   -0.1
    52.676  -171.138   -0.0    0.0   -0.1
    52.685  -171.138   -0.0    0.0   -0.1
    52.694  -171.138   -0.0    0.0   -0.1
    52.703  -171.138   -0.0    0.0   -0.1
    52.712  -171.138   -0.0    0.0   -0.1
    52.721  -171.138   -0.0    0.0   -0.1
    52.730  -171.138   -0.0    0.0   -0.1
    52.739  -171.138   -0.0    0.0   -0.1
    52.748  -171.138   -0.0    0.0   -0.1
    52.757  -171.138   -0.0    0.0   -0.1
    52.766  -171.138   -0.0   -0.0   -0.1
    52.775  -171.138   -0.0   -0.0   -0.1
    52.784  -171.138   -0.0   -0.0   -0.1
    52.793  -171.138   -0.0   -0.0   -0.1
    52.802  -171.138   -0.0   -0.0   -0.1
    52.811  -171.138   -0.0   -0.0   -0.1
    52.820  -171.138   -0.0   -0.0   -0.1
    52.829  -171.138   -0.0   -0.0   -0.1
    52.838  -171.138   -0.0   -0.0   -0.1
    52.847  -171.138   -0.0   -0.0   -0.1
    52.856  -171.138   -0.0   -0.0   -0.1
    52.865  -171.138   -0.0   -0.0   -0.1
    52.874  -171.138   -0.0   -0.0   -0.1
    52.883  -171.138   -0.0   -0.0   -0.1
    52.892  -171.138   -0.0   -0.0   -0.1
    52.901  -171.138   -0.0   -0.0   -0.0
    52.910  -171.138   -0.0   -0.0   -0.0
    52.919  -171.138   -0.0   -0.0   -0.0
    52.928  -171.138   -0.0   -0.0   -0.0
    52.937  -171.138   -0.0   -0.0   -0.0
    52.946  -171.138   -0.0   -0.0   -0.0
    52.955  -171.138   -0.0   -0.0   -0.0
    52.964  -171.138   -0.0   -0.0   -0.0
    52.973  -171.138   -0.0   -0.0   -0.0
    52.982  -171.138   -0.0   -0.0   -0.0
    52.991  -171.138   -0.0   -0.0   -0.0
    53.000  -171.138   -0.0   -0.0   -0.0
    53.009  -171.138   -0.0   -0.0   -0.0
    53.018  -171.138    0.0   -0.0   -0.0
    53.027  -171.138    0.0   -0.0   -0.0
    53.036  -171.138    0.0    0.0   -0.0
    53.045  -171.138    0.0    0.0   -0.0
    53.054  -171.138    0.0    0.0   -0.0
    53.063  -171.138    0.0    0.0   -0.0
    53.072  -171.138    0.0    0.0   -0.0
    53.081  -171.138    0.0    0.0    0.0
    53.090  -171.138    0.0    0.0    0.0
    53.099  -171.138    0.0    0.0    0.0
    53.108  -171.138    0.0    0.0    0.0
    53.117  -171.138    0.0    0.0    0.0
    53.126  -171.138    0.0    0.0    0.0
    53.135  -171.138    0.0    0.0    0.0
    52.234  -171.123   -0.0    0.1   -0.2
    52.243  -171.123   -0.0    0.1   -0.2
    52.252  -171.123   -0.0    0.1   -0.2
    52.261  -171.123   -0.0    0.1   -0.2
    52.270  -171.123   -0.0    0.1   -0.2
    52.279  -171.123   -0.0    0.1   -0.2
    52.288  -171.123   -0.0    0.1   -0.2
    52.297  -171.123   -0.0    0.1   -0.2
    52.306  -171.123   -0.0    0.1   -0.2
    52.315  -171.123   -0.0    0.1   -0.2
    52.324  -171.123   -0.0    0.1   -0.2
    52.333  -171.123   -0.0    0.1   -0.2
    52.342  -171.123   -0.0    0.1   -0.2
    52.351  -171.123   -0.0    0.1   -0.2
    52.360  -171.123   -0.0    0.1   -0.2
    52.369  -171.123   -0.0    0.1   -0.2
    52.378  -171.123   -0.0    0.1   -0.2
    52.387  -171.123   -0.0    0.0   -0.2
    52.396  -171.123   -0.0    0.0   -0.2
    52.405  -171.123   -0.0    0.0   -0.2
    52.414  -171.123   -0.0    0.0   -0.2
    52.423  -171.123   -0.0    0.0   -0.2
    52.432  -171.123   -0.0    0.0   -0.2
    52.441  -171.123   -0.0    0.0   -0.2
    52.450  -171.123   -0.0    0.0   -0.2
    52.459  -171.123   -0.0    0.0   -0.2
    52.468  -171.123   -0.0    0.0   -0.2
    52.477  -171.123   -0.0    0.0   -0.2
    52.486  -171.123   -0.0    0.0   -0.2
    52.495  -171.123   -0.0    0.0   -0.2
    52.504  -171.123   -0.0    0.0   -0.1
    52.513  -171.123   -0.0    0.0   -0.1
    52.522  -171.123   -0.0    0.0   -0.1
    52.531  -171.123   -0.0    0.0   -0.1
    52.540  -171.123   -0.0    0.0   -0.1
    52.549  -171.123   -0.0    0.0   -0.1
    52.558  -171.123   -0.0    0.0   -0.1
    52.567  -171.123   -0.0    0.0   -0.1
    52.576  -171.123   -0.0    0.0   -0.1
    52.586  -171.123   -0.0    0.0   -0.1
    52.595  -171.123   -0.0    0.0   -0.1
    52.604  -171.123   -0.0    0.0   -0.1
    52.613  -171.123   -0.0    0.0   -0.1
    52.622  -171.123   -0.0    0.0   -0.1
    52.631  -171.123   -0.0    0.0   -0.1
    52.640  -171.123   -0.0    0.0   -0.1
    52.649  -171.123   -0.0    0.0   -0.1
    52.658  -171.123   -0.0    0.0   -0.1
    52.667  -171.123   -0.0    0.0   -0.1
    52.676  -171.123   -0.0    0.0   -0.1
    52.685  -171.123   -0.0    0.0   -0.1
    52.694  -171.123   -0.0    0.0   -0.1
    52.703  -171.123   -0.0    0.0   -0.1
    52.712  -171.123   -0.0    0.0   -0.1
    52.721  -171.123   -0.0    0.0   -0.1
    52.730  -171.123   -0.0    0.0   -0.1
    52.739  -171.123   -0.0    0.0   -0.1
    52.748  -171.123   -0.0    0.0   -0.1
    52.757  -171.123   -0.0    0.0   -0.1
    52.766  -171.123   -0.0   -0.0   -0.1
    52.775  -171.123   -0.0   -0.0   -0.1
    52.784  -171.123   -0.0   -0.0   -0.1
    52.793  -171.123   -0.0   -0.0   -0.1
    52.802  -171.123   -0.0   -0.0   -0.1
    52.811  -171.123   -0.0   -0.0   -0.1
    52.820  -171.123   -0.0   -0.0   -0.1
    52.829  -171.123   -0.0   -0.0   -0.1
    52.838  -171.123   -0.0   -0.0   -0.1
    52.847  -171.123   -0.0   -0.0   -0.1
    52.856  -171.123   -0.0   -0.0   -0.1
    52.865  -171.123   -0.0   -0.0   -0.1
    52.874  -171.123   -0.0   -0.0   -0.1
    52.883  -171.123   -0.0   -0.0   -0.1
    52.892  -171.123   -0.0   -0.0   -0.1
    52.901  -171.123   -0.0   -0.0   -0.0
    52.910  -171.123   -0.0   -0.0   -0.0
    52.919  -171.123   -0.0   -0.0   -0.0
    52.928  -171.123   -0.0   -0.0   -0.0
    52.937  -171.123   -0.0   -0.0   -0.0
    52.946  -171.123   -0.0   -0.0   -0.0
    52.955  -171.123   -0.0   -0.0   -0.0
    52.964  -171.123   -0.0   -0.0   -0.0
    52.973  -171.123   -0.0   -0.0   -0.0
    52.982  -171.123   -0.0   -0.0   -0.0
    52.991  -171.123   -0.0   -0.0   -0.0
    53.000  -171.123   -0.0   -0.0   -0.0
    53.009  -171.123   -0.0   -0.0   -0.0
    53.018  -171.123    0.0   -0.0   -0.0
    53.027  -171.123    0.0    0.0   -0.0
    53.036  -171.123    0.0    0.0   -0.0
    53.045  -171.123    0.0    0.0   -0.0
    53.054  -171.123    0.0    0.0   -0.0
    53.063  -171.123    0.0    0.0   -0.0
    53.072  -171.123    0.0    0.0   -0.0
    53.081  -171.123    0.0    0.0    0.0
    53.090  -171.123    0.0    0.0    0.0
    53.099  -171.123    0.0    0.0    0.0
    53.108  -171.123    0.0    0.0    0.0
    53.117  -171.123    0.0    0.0    0.0
    53.126  -171.123    0.0    0.0    0.0
    53.135  -171.123    0.0    0.0    0.0
    52.234  -171.108   -0.0    0.1   -0.2
    52.243  -171.108   -0.0    0.1   -0.2
    52.252  -171.108   -0.0    0.1   -0.2
    52.261  -171.108   -0.0    0.1   -0.2
    52.270  -171.108   -0.0    0.1   -0.2
    52.279  -171.108   -0.0    0.1   -0.2
    52.288  -171.108   -0.0    0.1   -0.2
    52.297  -171.108   -0.0    0.1   -0.2
    52.306  -171.108   -0.0    0.1   -0.2
    52.315  -171.108   -0.0    0.1   -0.2
    52.324  -171.108   -0.0    0.1   -0.2
    52.333  -171.108   -0.0    0.1   -0.2
    52.342  -171.108   -0.0    0.1   -0.2
    52.351  -171.108   -0.0    0.1   -0.2
    52.360  -171.108   -0.0    0.1   -0.2
    52.369  -171.108   -0.0    0.1   -0.2
    52.378  -171.108   -0.0    0.1   -0.2
    52.387  -171.108   -0.0    0.0   -0.2
    52.396  -171.108   -0.0    0.0   -0.2
    52.405  -171.108   -0.0    0.0   -0.2
    52.414  -171.108   -0.0    0.0   -0.2
    52.423  -171.108   -0.0    0.0   -0.2
    52.432  -171.108   -0.0    0.0   -0.2
    52.441  -171.108   -0.0    0.0   -0.2
    52.450  -171.108   -0.0    0.0   -0.2
    52.459  -171.108   -0.0    0.0   -0.2
    52.468  -171.108   -0.0    0.0   -0.2
    52.477  -171.108   -0.0    0.0   -0.2
    52.486  -171.108   -0.0    0.0   -0.2
    52.495  -171.108   -0.0    0.0   -0.2
    52.504  -171.108   -0.0    0.0   -0.1
    52.513  -171.108   -0.0    0.0   -0.1
    52.522  -171.108   -0.0    0.0   -0.1
    52.531  -171.108   -0.0    0.0   -0.1
    52.540  -171.108   -0.0    0.0   -0.1
    52.549  -171.108   -0.0    0.0   -0.1
    52.558  -171.108   -0.0    0.0   -0.1
    52.567  -171.108   -0.0    0.0   -0.1
    52.576  -171.108   -0.0    0.0   -0.1
    52.586  -171.108   -0.0    0.0   -0.1
    52.595  -171.108   -0.0    0.0   -0.1
    52.604  -171.108   -0.0    0.0   -0.1
    52.613  -171.108   -0.0    0.0   -0.1
    52.622  -171.108   -0.0    0.0   -0.1
    52.631  -171.108   -0.0    0.0   -0.1
    52.640  -171.108   -0.0    0.0   -0.1
    52.649  -171.108   -0.0    0.0   -0.1
    52.658  -171.108   -0.0    0.0   -0.1
    52.667  -171.108   -0.0    0.0   -0.1
    52.676  -171.108   -0.0    0.0   -0.1
    52.685  -171.108   -0.0    0.0   -0.1
    52.694  -171.108   -0.0    0.0   -0.1
    52.703  -171.108   -0.0    0.0   -0.1
    52.712  -171.108   -0.0    0.0   -0.1
    52.721  -171.108   -0.0    0.0   -0.1
    52.730  -171.108   -0.0    0.0   -0.1
    52.739  -171.108   -0.0    0.0   -0.1
    52.748  -171.108   -0.0    0.0   -0.1
    52.757  -171.108   -0.0    0.0   -0.1
    52.766  -171.108   -0.0   -0.0   -0.1
    52.775  -171.108   -0.0   -0.0   -0.1
    52.784  -171.108   -0.0   -0.0   -0.1
    52.793  -171.108   -0.0   -0.0   -0.1
    52.802  -171.108   -0.0   -0.0   -0.1
    52.811  -171.108   -0.0   -0.0   -0.1
    52.820  -171.108   -0.0   -0.0   -0.1
    52.829  -171.108   -0.0   -0.0   -0.1
    52.838  -171.108   -0.0   -0.0   -0.1
    52.847  -171.108   -0.0   -0.0   -0.1
    52.856  -171.108   -0.0   -0.0   -0.1
    52.865  -171.108   -0.0   -0.0   -0.1
    52.874  -171.108   -0.0   -0.0   -0.1
    52.883  -171.108   -0.0   -0.0   -0.1
    52.892  -171.108   -0.0   -0.0   -0.1
    52.901  -171.108   -0.0   -0.0   -0.0
    52.910  -171.108   -0.0   -0.0   -0.0
    52.919  -171.108   -0.0   -0.0   -0.0
    52.928  -171.108   -0.0   -0.0   -0.0
    52.937  -171.108   -0.0   -0.0   -0.0
    52.946  -171.108   -0.0   -0.0   -0.0
    52.955  -171.108   -0.0   -0.0   -0.0
    52.964  -171.108   -0.0   -0.0   -0.0
    52.973  -171.108   -0.0   -0.0   -0.0
    52.982  -171.108   -0.0   -0.0   -0.0
    52.991  -171.108   -0.0   -0.0   -0.0
    53.000  -171.108   -0.0   -0.0   -0.0
    53.009  -171.108   -0.0   -0.0   -0.0
    53.018  -171.108    0.0   -0.0   -0.0
    53.027  -171.108    0.0    0.0   -0.0
    53.036  -171.108    0.0    0.0   -0.0
    53.045  -171.108    0.0    0.0   -0.0
    53.054  -171.108    0.0    0.0   -0.0
    53.063  -171.108    0.0    0.0   -0.0
    53.072  -171.108    0.0    0.0    0.0
    53.081  -171.108    0.0    0.0    0.0
    53.090  -171.108    0.0    0.0    0.0
    53.099  -171.108    0.0    0.0    0.0
    53.108  -171.108    0.0    0.0    0.0
    53.117  -171.108    0.0    0.0    0.0
    53.126  -171.108    0.0    0.0    0.0
    53.135  -171.108    0.0    0.0    0.0
    52.234  -171.093   -0.0    0.1   -0.2
    52.243  -171.093   -0.0    0.1   -0.2
    52.252  -171.093   -0.0    0.1   -0.2
    52.261  -171.093   -0.0    0.1   -0.2
    52.270  -171.093   -0.0    0.1   -0.2
    52.279  -171.093   -0.0    0.1   -0.2
    52.288  -171.093   -0.0    0.1   -0.2
    52.297  -171.093   -0.0    0.1   -0.2
    52.306  -171.093   -0.0    0.1   -0.2
    52.315  -171.093   -0.0    0.1   -0.2
    52.324  -171.093   -0.0    0.1   -0.2
    52.333  -171.093   -0.0    0.1   -0.2
    52.342  -171.093   -0.0    0.1   -0.2
    52.351  -171.093   -0.0    0.1   -0.2
    52.360  -171.093   -0.0    0.1   -0.2
    52.369  -171.093   -0.0    0.1   -0.2
    52.378  -171.093   -0.0    0.1   -0.2
    52.387  -171.093   -0.0    0.0   -0.2
    52.396  -171.093   -0.0    0.0   -0.2
    52.405  -171.093   -0.0    0.0   -0.2
    52.414  -171.093   -0.0    0.0   -0.2
    52.423  -171.093   -0.0    0.0   -0.2
    52.432  -171.093   -0.0    0.0   -0.2
    52.441  -171.093   -0.0    0.0   -0.2
    52.450  -171.093   -0.0    0.0   -0.2
    52.459  -171.093   -0.0    0.0   -0.2
    52.468  -171.093   -0.0    0.0   -0.2
    52.477  -171.093   -0.0    0.0   -0.2
    52.486  -171.093   -0.0    0.0   -0.2
    52.495  -171.093   -0.0    0.0   -0.1
    52.504  -171.093   -0.0    0.0   -0.1
    52.513  -171.093   -0.0    0.0   -0.1
    52.522  -171.093   -0.0    0.0   -0.1
    52.531  -171.093   -0.0    0.0   -0.1
    52.540  -171.093   -0.0    0.0   -0.1
    52.549  -171.093   -0.0    0.0   -0.1
    52.558  -171.093   -0.0    0.0   -0.1
    52.567  -171.093   -0.0    0.0   -0.1
    52.576  -171.093   -0.0    0.0   -0.1
    52.586  -171.093   -0.0    0.0   -0.1
    52.595  -171.093   -0.0    0.0   -0.1
    52.604  -171.093   -0.0    0.0   -0.1
    52.613  -171.093   -0.0    0.0   -0.1
    52.622  -171.093   -0.0    0.0   -0.1
    52.631  -171.093   -0.0    0.0   -0.1
    52.640  -171.093   -0.0    0.0   -0.1
    52.649  -171.093   -0.0    0.0   -0.1
    52.658  -171.093   -0.0    0.0   -0.1
    52.667  -171.093   -0.0    0.0   -0.1
    52.676  -171.093   -0.0    0.0   -0.1
    52.685  -171.093   -0.0    0.0   -0.1
    52.694  -171.093   -0.0    0.0   -0.1
    52.703  -171.093   -0.0    0.0   -0.1
    52.712  -171.093   -0.0    0.0   -0.1
    52.721  -171.093   -0.0    0.0   -0.1
    52.730  -171.093   -0.0    0.0   -0.1
    52.739  -171.093   -0.0    0.0   -0.1
    52.748  -171.093   -0.0    0.0   -0.1
    52.757  -171.093   -0.0    0.0   -0.1
    52.766  -171.093   -0.0   -0.0   -0.1
    52.775  -171.093   -0.0   -0.0   -0.1
    52.784  -171.093   -0.0   -0.0   -0.1
    52.793  -171.093   -0.0   -0.0   -0.1
    52.802  -171.093   -0.0   -0.0   -0.1
    52.811  -171.093   -0.0   -0.0   -0.1
    52.820  -171.093   -0.0   -0.0   -0.1
    52.829  -171.093   -0.0   -0.0   -0.1
    52.838  -171.093   -0.0   -0.0   -0.1
    52.847  -171.093   -0.0   -0.0   -0.1
    52.856  -171.093   -0.0   -0.0   -0.1
    52.865  -171.093   -0.0   -0.0   -0.1
    52.874  -171.093   -0.0   -0.0   -0.1
    52.883  -171.093   -0.0   -0.0   -0.1
    52.892  -171.093   -0.0   -0.0   -0.0
    52.901  -171.093   -0.0   -0.0   -0.0
    52.910  -171.093   -0.0   -0.0   -0.0
    52.919  -171.093   -0.0   -0.0   -0.0
    52.928  -171.093   -0.0   -0.0   -0.0
    52.937  -171.093   -0.0   -0.0   -0.0
    52.946  -171.093   -0.0   -0.0   -0.0
    52.955  -171.093   -0.0   -0.0   -0.0
    52.964  -171.093   -0.0   -0.0   -0.0
    52.973  -171.093   -0.0   -0.0   -0.0
    52.982  -171.093   -0.0   -0.0   -0.0
    52.991  -171.093   -0.0   -0.0   -0.0
    53.000  -171.093   -0.0   -0.0   -0.0
    53.009  -171.093   -0.0   -0.0   -0.0
    53.018  -171.093    0.0    0.0   -0.0
    53.027  -171.093    0.0    0.0   -0.0
    53.036  -171.093    0.0    0.0   -0.0
    53.045  -171.093    0.0    0.0   -0.0
    53.054  -171.093    0.0    0.0   -0.0
    53.063  -171.093    0.0    0.0   -0.0
    53.072  -171.093    0.0    0.0    0.0
    53.081  -171.093    0.0    0.0    0.0
    53.090  -171.093    0.0    0.0    0.0
    53.099  -171.093    0.0    0.0    0.0
    53.108  -171.093    0.0    0.0    0.0
    53.117  -171.093    0.0    0.0    0.0
    53.126  -171.093    0.0    0.0    0.0
    53.135  -171.093    0.0    0.0    0.0
    52.234  -171.078   -0.0    0.1   -0.2
    52.243  -171.078   -0.0    0.1   -0.2
    52.252  -171.078   -0.0    0.1   -0.2
    52.261  -171.078   -0.0    0.1   -0.2
    52.270  -171.078   -0.0    0.1   -0.2
    52.279  -171.078   -0.0    0.1   -0.2
    52.288  -171.078   -0.0    0.1   -0.2
    52.297  -171.078   -0.0    0.1   -0.2
    52.306  -171.078   -0.0    0.1   -0.2
    52.315  -171.078   -0.0    0.1   -0.2
    52.324  -171.078   -0.0    0.1   -0.2
    52.333  -171.078   -0.0    0.1   -0.2
    52.342  -171.078   -0.0    0.1   -0.2
    52.351  -171.078   -0.0    0.1   -0.2
    52.360  -171.078   -0.0    0.1   -0.2
    52.369  -171.078   -0.0    0.1   -0.2
    52.378  -171.078   -0.0    0.1   -0.2
    52.387  -171.078   -0.0    0.0   -0.2
    52.396  -171.078   -0.0    0.0   -0.2
    52.405  -171.078   -0.0    0.0   -0.2
    52.414  -171.078   -0.0    0.0   -0.2
    52.423  -171.078   -0.0    0.0   -0.2
    52.432  -171.078   -0.0    0.0   -0.2
    52.441  -171.078   -0.0    0.0   -0.2
    52.450  -171.078   -0.0    0.0   -0.2
    52.459  -171.078   -0.0    0.0   -0.2
    52.468  -171.078   -0.0    0.0   -0.2
    52.477  -171.078   -0.0    0.0   -0.2
    52.486  -171.078   -0.0    0.0   -0.1
    52.495  -171.078   -0.0    0.0   -0.1
    52.504  -171.078   -0.0    0.0   -0.1
    52.513  -171.078   -0.0    0.0   -0.1
    52.522  -171.078   -0.0    0.0   -0.1
    52.531  -171.078   -0.0    0.0   -0.1
    52.540  -171.078   -0.0    0.0   -0.1
    52.549  -171.078   -0.0    0.0   -0.1
    52.558  -171.078   -0.0    0.0   -0.1
    52.567  -171.078   -0.0    0.0   -0.1
    52.576  -171.078   -0.0    0.0   -0.1
    52.586  -171.078   -0.0    0.0   -0.1
    52.595  -171.078   -0.0    0.0   -0.1
    52.604  -171.078   -0.0    0.0   -0.1
    52.613  -171.078   -0.0    0.0   -0.1
    52.622  -171.078   -0.0    0.0   -0.1
    52.631  -171.078   -0.0    0.0   -0.1
    52.640  -171.078   -0.0    0.0   -0.1
    52.649  -171.078   -0.0    0.0   -0.1
    52.658  -171.078   -0.0    0.0   -0.1
    52.667  -171.078   -0.0    0.0   -0.1
    52.676  -171.078   -0.0    0.0   -0.1
    52.685  -171.078   -0.0    0.0   -0.1
    52.694  -171.078   -0.0    0.0   -0.1
    52.703  -171.078   -0.0    0.0   -0.1
    52.712  -171.078   -0.0    0.0   -0.1
    52.721  -171.078   -0.0    0.0   -0.1
    52.730  -171.078   -0.0    0.0   -0.1
    52.739  -171.078   -0.0    0.0   -0.1
    52.748  -171.078   -0.0    0.0   -0.1
    52.757  -171.078   -0.0    0.0   -0.1
    52.766  -171.078   -0.0    0.0   -0.1
    52.775  -171.078   -0.0   -0.0   -0.1
    52.784  -171.078   -0.0   -0.0   -0.1
    52.793  -171.078   -0.0   -0.0   -0.1
    52.802  -171.078   -0.0   -0.0   -0.1
    52.811  -171.078   -0.0   -0.0   -0.1
    52.820  -171.078   -0.0   -0.0   -0.1
    52.829  -171.078   -0.0   -0.0   -0.1
    52.838  -171.078   -0.0   -0.0   -0.1
    52.847  -171.078   -0.0   -0.0   -0.1
    52.856  -171.078   -0.0   -0.0   -0.1
    52.865  -171.078   -0.0   -0.0   -0.1
    52.874  -171.078   -0.0   -0.0   -0.1
    52.883  -171.078   -0.0   -0.0   -0.1
    52.892  -171.078   -0.0   -0.0   -0.0
    52.901  -171.078   -0.0   -0.0   -0.0
    52.910  -171.078   -0.0   -0.0   -0.0
    52.919  -171.078   -0.0   -0.0   -0.0
    52.928  -171.078   -0.0   -0.0   -0.0
    52.937  -171.078   -0.0   -0.0   -0.0
    52.946  -171.078   -0.0   -0.0   -0.0
    52.955  -171.078   -0.0   -0.0   -0.0
    52.964  -171.078   -0.0   -0.0   -0.0
    52.973  -171.078   -0.0   -0.0   -0.0
    52.982  -171.078   -0.0   -0.0   -0.0
    52.991  -171.078   -0.0   -0.0   -0.0
    53.000  -171.078   -0.0   -0.0   -0.0
    53.009  -171.078   -0.0   -0.0   -0.0
    53.018  -171.078    0.0    0.0   -0.0
    53.027  -171.078    0.0    0.0   -0.0
    53.036  -171.078    0.0    0.0   -0.0
    53.045  -171.078    0.0    0.0   -0.0
    53.054  -171.078    0.0    0.0   -0.0
    53.063  -171.078    0.0    0.0   -0.0
    53.072  -171.078    0.0    0.0    0.0
    53.081  -171.078    0.0    0.0    0.0
    53.090  -171.078    0.0    0.0    0.0
    53.099  -171.078    0.0    0.0    0.0
    53.108  -171.078    0.0    0.0    0.0
    53.117  -171.078    0.0    0.0    0.0
    53.126  -171.078    0.0    0.0    0.0
    53.135  -171.078    0.0    0.0    0.0
    52.234  -171.063   -0.0    0.1   -0.2
    52.243  -171.063   -0.0    0.1   -0.2
    52.252  -171.063   -0.0    0.1   -0.2
    52.261  -171.063   -0.0    0.1   -0.2
    52.270  -171.063   -0.0    0.1   -0.2
    52.279  -171.063   -0.0    0.1   -0.2
    52.288  -171.063   -0.0    0.1   -0.2
    52.297  -171.063   -0.0    0.1   -0.2
    52.306  -171.063   -0.0    0.1   -0.2
    52.315  -171.063   -0.0    0.1   -0.2
    52.324  -171.063   -0.0    0.1   -0.2
    52.333  -171.063   -0.0    0.1   -0.2
    52.342  -171.063   -0.0    0.1   -0.2
    52.351  -171.063   -0.0    0.1   -0.2
    52.360  -171.063   -0.0    0.1   -0.2
    52.369  -171.063   -0.0    0.1   -0.2
    52.378  -171.063   -0.0    0.1   -0.2
    52.387  -171.063   -0.0    0.0   -0.2
    52.396  -171.063   -0.0    0.0   -0.2
    52.405  -171.063   -0.0    0.0   -0.2
    52.414  -171.063   -0.0    0.0   -0.2
    52.423  -171.063   -0.0    0.0   -0.2
    52.432  -171.063   -0.0    0.0   -0.2
    52.441  -171.063   -0.0    0.0   -0.2
    52.450  -171.063   -0.0    0.0   -0.2
    52.459  -171.063   -0.0    0.0   -0.2
    52.468  -171.063   -0.0    0.0   -0.2
    52.477  -171.063   -0.0    0.0   -0.2
    52.486  -171.063   -0.0    0.0   -0.1
    52.495  -171.063   -0.0    0.0   -0.1
    52.504  -171.063   -0.0    0.0   -0.1
    52.513  -171.063   -0.0    0.0   -0.1
    52.522  -171.063   -0.0    0.0   -0.1
    52.531  -171.063   -0.0    0.0   -0.1
    52.540  -171.063   -0.0    0.0   -0.1
    52.549  -171.063   -0.0    0.0   -0.1
    52.558  -171.063   -0.0    0.0   -0.1
    52.567  -171.063   -0.0    0.0   -0.1
    52.576  -171.063   -0.0    0.0   -0.1
    52.586  -171.063   -0.0    0.0   -0.1
    52.595  -171.063   -0.0    0.0   -0.1
    52.604  -171.063   -0.0    0.0   -0.1
    52.613  -171.063   -0.0    0.0   -0.1
    52.622  -171.063   -0.0    0.0   -0.1
    52.631  -171.063   -0.0    0.0   -0.1
    52.640  -171.063   -0.0    0.0   -0.1
    52.649  -171.063   -0.0    0.0   -0.1
    52.658  -171.063   -0.0    0.0   -0.1
    52.667  -171.063   -0.0    0.0   -0.1
    52.676  -171.063   -0.0    0.0   -0.1
    52.685  -171.063   -0.0    0.0   -0.1
    52.694  -171.063   -0.0    0.0   -0.1
    52.703  -171.063   -0.0    0.0   -0.1
    52.712  -171.063   -0.0    0.0   -0.1
    52.721  -171.063   -0.0    0.0   -0.1
    52.730  -171.063   -0.0    0.0   -0.1
    52.739  -171.063   -0.0    0.0   -0.1
    52.748  -171.063   -0.0    0.0   -0.1
    52.757  -171.063   -0.0    0.0   -0.1
    52.766  -171.063   -0.0    0.0   -0.1
    52.775  -171.063   -0.0   -0.0   -0.1
    52.784  -171.063   -0.0   -0.0   -0.1
    52.793  -171.063   -0.0   -0.0   -0.1
    52.802  -171.063   -0.0   -0.0   -0.1
    52.811  -171.063   -0.0   -0.0   -0.1
    52.820  -171.063   -0.0   -0.0   -0.1
    52.829  -171.063   -0.0   -0.0   -0.1
    52.838  -171.063   -0.0   -0.0   -0.1
    52.847  -171.063   -0.0   -0.0   -0.1
    52.856  -171.063   -0.0   -0.0   -0.1
    52.865  -171.063   -0.0   -0.0   -0.1
    52.874  -171.063   -0.0   -0.0   -0.1
    52.883  -171.063   -0.0   -0.0   -0.1
    52.892  -171.063   -0.0   -0.0   -0.0
    52.901  -171.063   -0.0   -0.0   -0.0
    52.910  -171.063   -0.0   -0.0   -0.0
    52.919  -171.063   -0.0   -0.0   -0.0
    52.928  -171.063   -0.0   -0.0   -0.0
    52.937  -171.063   -0.0   -0.0   -0.0
    52.946  -171.063   -0.0   -0.0   -0.0
    52.955  -171.063   -0.0   -0.0   -0.0
    52.964  -171.063   -0.0   -0.0   -0.0
    52.973  -171.063   -0.0   -0.0   -0.0
    52.982  -171.063   -0.0   -0.0   -0.0
    52.991  -171.063   -0.0   -0.0   -0.0
    53.000  -171.063   -0.0   -0.0   -0.0
    53.009  -171.063   -0.0    0.0   -0.0
    53.018  -171.063    0.0    0.0   -0.0
    53.027  -171.063    0.0    0.0   -0.0
    53.036  -171.063    0.0    0.0   -0.0
    53.045  -171.063    0.0    0.0   -0.0
    53.054  -171.063    0.0    0.0   -0.0
    53.063  -171.063    0.0    0.0   -0.0
    53.072  -171.063    0.0    0.0    0.0
    53.081  -171.063    0.0    0.0    0.0
    53.090  -171.063    0.0    0.0    0.0
    53.099  -171.063    0.0    0.0    0.0
    53.108  -171.063    0.0    0.0    0.0
    53.117  -171.063    0.0    0.0    0.0
    53.126  -171.063    0.0    0.0    0.0
    53.135  -171.063    0.0    0.0    0.0
    52.234  -171.049   -0.0    0.1   -0.2
    52.243  -171.049   -0.0    0.1   -0.2
    52.252  -171.049   -0.0    0.1   -0.2
    52.261  -171.049   -0.0    0.1   -0.2
    52.270  -171.049   -0.0    0.1   -0.2
    52.279  -171.049   -0.0    0.1   -0.2
    52.288  -171.049   -0.0    0.1   -0.2
    52.297  -171.049   -0.0    0.1   -0.2
    52.306  -171.049   -0.0    0.1   -0.2
    52.315  -171.049   -0.0    0.1   -0.2
    52.324  -171.049   -0.0    0.1   -0.2
    52.333  -171.049   -0.0    0.1   -0.2
    52.342  -171.049   -0.0    0.1   -0.2
    52.351  -171.049   -0.0    0.1   -0.2
    52.360  -171.049   -0.0    0.1   -0.2
    52.369  -171.049   -0.0    0.1   -0.2
    52.378  -171.049   -0.0    0.1   -0.2
    52.387  -171.049   -0.0    0.0   -0.2
    52.396  -171.049   -0.0    0.0   -0.2
    52.405  -171.049   -0.0    0.0   -0.2
    52.414  -171.049   -0.0    0.0   -0.2
    52.423  -171.049   -0.0    0.0   -0.2
    52.432  -171.049   -0.0    0.0   -0.2
    52.441  -171.049   -0.0    0.0   -0.2
    52.450  -171.049   -0.0    0.0   -0.2
    52.459  -171.049   -0.0    0.0   -0.2
    52.468  -171.049   -0.0    0.0   -0.2
    52.477  -171.049   -0.0    0.0   -0.1
    52.486  -171.049   -0.0    0.0   -0.1
    52.495  -171.049   -0.0    0.0   -0.1
    52.504  -171.049   -0.0    0.0   -0.1
    52.513  -171.049   -0.0    0.0   -0.1
    52.522  -171.049   -0.0    0.0   -0.1
    52.531  -171.049   -0.0    0.0   -0.1
    52.540  -171.049   -0.0    0.0   -0.1
    52.549  -171.049   -0.0    0.0   -0.1
    52.558  -171.049   -0.0    0.0   -0.1
    52.567  -171.049   -0.0    0.0   -0.1
    52.576  -171.049   -0.0    0.0   -0.1
    52.586  -171.049   -0.0    0.0   -0.1
    52.595  -171.049   -0.0    0.0   -0.1
    52.604  -171.049   -0.0    0.0   -0.1
    52.613  -171.049   -0.0    0.0   -0.1
    52.622  -171.049   -0.0    0.0   -0.1
    52.631  -171.049   -0.0    0.0   -0.1
    52.640  -171.049   -0.0    0.0   -0.1
    52.649  -171.049   -0.0    0.0   -0.1
    52.658  -171.049   -0.0    0.0   -0.1
    52.667  -171.049   -0.0    0.0   -0.1
    52.676  -171.049   -0.0    0.0   -0.1
    52.685  -171.049   -0.0    0.0   -0.1
    52.694  -171.049   -0.0    0.0   -0.1
    52.703  -171.049   -0.0    0.0   -0.1
    52.712  -171.049   -0.0    0.0   -0.1
    52.721  -171.049   -0.0    0.0   -0.1
    52.730  -171.049   -0.0    0.0   -0.1
    52.739  -171.049   -0.0    0.0   -0.1
    52.748  -171.049   -0.0    0.0   -0.1
    52.757  -171.049   -0.0    0.0   -0.1
    52.766  -171.049   -0.0    0.0   -0.1
    52.775  -171.049   -0.0   -0.0   -0.1
    52.784  -171.049   -0.0   -0.0   -0.1
    52.793  -171.049   -0.0   -0.0   -0.1
    52.802  -171.049   -0.0   -0.0   -0.1
    52.811  -171.049   -0.0   -0.0   -0.1
    52.820  -171.049   -0.0   -0.0   -0.1
    52.829  -171.049   -0.0   -0.0   -0.1
    52.838  -171.049   -0.0   -0.0   -0.1
    52.847  -171.049   -0.0   -0.0   -0.1
    52.856  -171.049   -0.0   -0.0   -0.1
    52.865  -171.049   -0.0   -0.0   -0.1
    52.874  -171.049   -0.0   -0.0   -0.1
    52.883  -171.049   -0.0   -0.0   -0.0
    52.892  -171.049   -0.0   -0.0   -0.0
    52.901  -171.049   -0.0   -0.0   -0.0
    52.910  -171.049   -0.0   -0.0   -0.0
    52.919  -171.049   -0.0   -0.0   -0.0
    52.928  -171.049   -0.0   -0.0   -0.0
    52.937  -171.049   -0.0   -0.0   -0.0
    52.946  -171.049   -0.0   -0.0   -0.0
    52.955  -171.049   -0.0   -0.0   -0.0
    52.964  -171.049   -0.0   -0.0   -0.0
    52.973  -171.049   -0.0   -0.0   -0.0
    52.982  -171.049   -0.0   -0.0   -0.0
    52.991  -171.049   -0.0   -0.0   -0.0
    53.000  -171.049   -0.0   -0.0   -0.0
    53.009  -171.049   -0.0    0.0   -0.0
    53.018  -171.049    0.0    0.0   -0.0
    53.027  -171.049    0.0    0.0   -0.0
    53.036  -171.049    0.0    0.0   -0.0
    53.045  -171.049    0.0    0.0   -0.0
    53.054  -171.049    0.0    0.0   -0.0
    53.063  -171.049    0.0    0.0    0.0
    53.072  -171.049    0.0    0.0    0.0
    53.081  -171.049    0.0    0.0    0.0
    53.090  -171.049    0.0    0.0    0.0
    53.099  -171.049    0.0    0.0    0.0
    53.108  -171.049    0.0    0.0    0.0
    53.117  -171.049    0.0    0.0    0.0
    53.126  -171.049    0.0    0.0    0.0
    53.135  -171.049    0.0    0.0    0.0
    52.234  -171.034   -0.0    0.1   -0.2
    52.243  -171.034   -0.0    0.1   -0.2
    52.252  -171.034   -0.0    0.1   -0.2
    52.261  -171.034   -0.0    0.1   -0.2
    52.270  -171.034   -0.0    0.1   -0.2
    52.279  -171.034   -0.0    0.1   -0.2
    52.288  -171.034   -0.0    0.1   -0.2
    52.297  -171.034   -0.0    0.1   -0.2
    52.306  -171.034   -0.0    0.1   -0.2
    52.315  -171.034   -0.0    0.1   -0.2
    52.324  -171.034   -0.0    0.1   -0.2
    52.333  -171.034   -0.0    0.1   -0.2
    52.342  -171.034   -0.0    0.1   -0.2
    52.351  -171.034   -0.0    0.1   -0.2
    52.360  -171.034   -0.0    0.1   -0.2
    52.369  -171.034   -0.0    0.1   -0.2
    52.378  -171.034   -0.0    0.1   -0.2
    52.387  -171.034   -0.0    0.0   -0.2
    52.396  -171.034   -0.0    0.0   -0.2
    52.405  -171.034   -0.0    0.0   -0.2
    52.414  -171.034   -0.0    0.0   -0.2
    52.423  -171.034   -0.0    0.0   -0.2
    52.432  -171.034   -0.0    0.0   -0.2
    52.441  -171.034   -0.0    0.0   -0.2
    52.450  -171.034   -0.0    0.0   -0.2
    52.459  -171.034   -0.0    0.0   -0.2
    52.468  -171.034   -0.0    0.0   -0.1
    52.477  -171.034   -0.0    0.0   -0.1
    52.486  -171.034   -0.0    0.0   -0.1
    52.495  -171.034   -0.0    0.0   -0.1
    52.504  -171.034   -0.0    0.0   -0.1
    52.513  -171.034   -0.0    0.0   -0.1
    52.522  -171.034   -0.0    0.0   -0.1
    52.531  -171.034   -0.0    0.0   -0.1
    52.540  -171.034   -0.0    0.0   -0.1
    52.549  -171.034   -0.0    0.0   -0.1
    52.558  -171.034   -0.0    0.0   -0.1
    52.567  -171.034   -0.0    0.0   -0.1
    52.576  -171.034   -0.0    0.0   -0.1
    52.586  -171.034   -0.0    0.0   -0.1
    52.595  -171.034   -0.0    0.0   -0.1
    52.604  -171.034   -0.0    0.0   -0.1
    52.613  -171.034   -0.0    0.0   -0.1
    52.622  -171.034   -0.0    0.0   -0.1
    52.631  -171.034   -0.0    0.0   -0.1
    52.640  -171.034   -0.0    0.0   -0.1
    52.649  -171.034   -0.0    0.0   -0.1
    52.658  -171.034   -0.0    0.0   -0.1
    52.667  -171.034   -0.0    0.0   -0.1
    52.676  -171.034   -0.0    0.0   -0.1
    52.685  -171.034   -0.0    0.0   -0.1
    52.694  -171.034   -0.0    0.0   -0.1
    52.703  -171.034   -0.0    0.0   -0.1
    52.712  -171.034   -0.0    0.0   -0.1
    52.721  -171.034   -0.0    0.0   -0.1
    52.730  -171.034   -0.0    0.0   -0.1
    52.739  -171.034   -0.0    0.0   -0.1
    52.748  -171.034   -0.0    0.0   -0.1
    52.757  -171.034   -0.0    0.0   -0.1
    52.766  -171.034   -0.0    0.0   -0.1
    52.775  -171.034   -0.0   -0.0   -0.1
    52.784  -171.034   -0.0   -0.0   -0.1
    52.793  -171.034   -0.0   -0.0   -0.1
    52.802  -171.034   -0.0   -0.0   -0.1
    52.811  -171.034   -0.0   -0.0   -0.1
    52.820  -171.034   -0.0   -0.0   -0.1
    52.829  -171.034   -0.0   -0.0   -0.1
    52.838  -171.034   -0.0   -0.0   -0.1
    52.847  -171.034   -0.0   -0.0   -0.1
    52.856  -171.034   -0.0   -0.0   -0.1
    52.865  -171.034   -0.0   -0.0   -0.1
    52.874  -171.034   -0.0   -0.0   -0.1
    52.883  -171.034   -0.0   -0.0   -0.0
    52.892  -171.034   -0.0   -0.0   -0.0
    52.901  -171.034   -0.0   -0.0   -0.0
    52.910  -171.034   -0.0   -0.0   -0.0
    52.919  -171.034   -0.0   -0.0   -0.0
    52.928  -171.034   -0.0   -0.0   -0.0
    52.937  -171.034   -0.0   -0.0   -0.0
    52.946  -171.034   -0.0   -0.0   -0.0
    52.955  -171.034   -0.0   -0.0   -0.0
    52.964  -171.034   -0.0   -0.0   -0.0
    52.973  -171.034   -0.0   -0.0   -0.0
    52.982  -171.034   -0.0   -0.0   -0.0
    52.991  -171.034   -0.0   -0.0   -0.0
    53.000  -171.034   -0.0    0.0   -0.0
    53.009  -171.034   -0.0    0.0   -0.0
    53.018  -171.034    0.0    0.0   -0.0
    53.027  -171.034    0.0    0.0   -0.0
    53.036  -171.034    0.0    0.0   -0.0
    53.045  -171.034    0.0    0.0   -0.0
    53.054  -171.034    0.0    0.0   -0.0
    53.063  -171.034    0.0    0.0    0.0
    53.072  -171.034    0.0    0.0    0.0
    53.081  -171.034    0.0    0.0    0.0
    53.090  -171.034    0.0    0.0    0.0
    53.099  -171.034    0.0    0.0    0.0
    53.108  -171.034    0.0    0.0    0.0
    53.117  -171.034    0.0    0.0    0.0
    53.126  -171.034    0.0    0.0    0.0
    53.135  -171.034    0.0    0.0    0.0
    52.234  -171.019   -0.0    0.1   -0.2
    52.243  -171.019   -0.0    0.1   -0.2
    52.252  -171.019   -0.0    0.1   -0.2
    52.261  -171.019   -0.0    0.1   -0.2
    52.270  -171.019   -0.0    0.1   -0.2
    52.279  -171.019   -0.0    0.1   -0.2
    52.288  -171.019   -0.0    0.1   -0.2
    52.297  -171.019   -0.0    0.1   -0.2
    52.306  -171.019   -0.0    0.1   -0.2
    52.315  -171.019   -0.0    0.1   -0.2
    52.324  -171.019   -0.0    0.1   -0.2
    52.333  -171.019   -0.0    0.1   -0.2
    52.342  -171.019   -0.0    0.1   -0.2
    52.351  -171.019   -0.0    0.1   -0.2
    52.360  -171.019   -0.0    0.1   -0.2
    52.369  -171.019   -0.0    0.1   -0.2
    52.378  -171.019   -0.0    0.1   -0.2
    52.387  -171.019   -0.0    0.0   -0.2
    52.396  -171.019   -0.0    0.0   -0.2
    52.405  -171.019   -0.0    0.0   -0.2
    52.414  -171.019   -0.0    0.0   -0.2
    52.423  -171.019   -0.0    0.0   -0.2
    52.432  -171.019   -0.0    0.0   -0.2
    52.441  -171.019   -0.0    0.0   -0.2
    52.450  -171.019   -0.0    0.0   -0.2
    52.459  -171.019   -0.0    0.0   -0.1
    52.468  -171.019   -0.0    0.0   -0.1
    52.477  -171.019   -0.0    0.0   -0.1
    52.486  -171.019   -0.0    0.0   -0.1
    52.495  -171.019   -0.0    0.0   -0.1
    52.504  -171.019   -0.0    0.0   -0.1
    52.513  -171.019   -0.0    0.0   -0.1
    52.522  -171.019   -0.0    0.0   -0.1
    52.531  -171.019   -0.0    0.0   -0.1
    52.540  -171.019   -0.0    0.0   -0.1
    52.549  -171.019   -0.0    0.0   -0.1
    52.558  -171.019   -0.0    0.0   -0.1
    52.567  -171.019   -0.0    0.0   -0.1
    52.576  -171.019   -0.0    0.0   -0.1
    52.586  -171.019   -0.0    0.0   -0.1
    52.595  -171.019   -0.0    0.0   -0.1
    52.604  -171.019   -0.0    0.0   -0.1
    52.613  -171.019   -0.0    0.0   -0.1
    52.622  -171.019   -0.0    0.0   -0.1
    52.631  -171.019   -0.0    0.0   -0.1
    52.640  -171.019   -0.0    0.0   -0.1
    52.649  -171.019   -0.0    0.0   -0.1
    52.658  -171.019   -0.0    0.0   -0.1
    52.667  -171.019   -0.0    0.0   -0.1
    52.676  -171.019   -0.0    0.0   -0.1
    52.685  -171.019   -0.0    0.0   -0.1
    52.694  -171.019   -0.0    0.0   -0.1
    52.703  -171.019   -0.0    0.0   -0.1
    52.712  -171.019   -0.0    0.0   -0.1
    52.721  -171.019   -0.0    0.0   -0.1
    52.730  -171.019   -0.0    0.0   -0.1
    52.739  -171.019   -0.0    0.0   -0.1
    52.748  -171.019   -0.0    0.0   -0.1
    52.757  -171.019   -0.0    0.0   -0.1
    52.766  -171.019   -0.0    0.0   -0.1
    52.775  -171.019   -0.0   -0.0   -0.1
    52.784  -171.019   -0.0   -0.0   -0.1
    52.793  -171.019   -0.0   -0.0   -0.1
    52.802  -171.019   -0.0   -0.0   -0.1
    52.811  -171.019   -0.0   -0.0   -0.1
    52.820  -171.019   -0.0   -0.0   -0.1
    52.829  -171.019   -0.0   -0.0   -0.1
    52.838  -171.019   -0.0   -0.0   -0.1
    52.847  -171.019   -0.0   -0.0   -0.1
    52.856  -171.019   -0.0   -0.0   -0.1
    52.865  -171.019   -0.0   -0.0   -0.1
    52.874  -171.019   -0.0   -0.0   -0.1
    52.883  -171.019   -0.0   -0.0   -0.0
    52.892  -171.019   -0.0   -0.0   -0.0
    52.901  -171.019   -0.0   -0.0   -0.0
    52.910  -171.019   -0.0   -0.0   -0.0
    52.919  -171.019   -0.0   -0.0   -0.0
    52.928  -171.019   -0.0   -0.0   -0.0
    52.937  -171.019   -0.0   -0.0   -0.0
    52.946  -171.019   -0.0   -0.0   -0.0
    52.955  -171.019   -0.0   -0.0   -0.0
    52.964  -171.019   -0.0   -0.0   -0.0
    52.973  -171.019   -0.0   -0.0   -0.0
    52.982  -171.019   -0.0   -0.0   -0.0
    52.991  -171.019   -0.0   -0.0   -0.0
    53.000  -171.019   -0.0    0.0   -0.0
    53.009  -171.019   -0.0    0.0   -0.0
    53.018  -171.019    0.0    0.0   -0.0
    53.027  -171.019    0.0    0.0   -0.0
    53.036  -171.019    0.0    0.0   -0.0
    53.045  -171.019    0.0    0.0   -0.0
    53.054  -171.019    0.0    0.0   -0.0
    53.063  -171.019    0.0    0.0    0.0
    53.072  -171.019    0.0    0.0    0.0
    53.081  -171.019    0.0    0.0    0.0
    53.090  -171.019    0.0    0.0    0.0
    53.099  -171.019    0.0    0.0    0.0
    53.108  -171.019    0.0    0.0    0.0
    53.117  -171.019    0.0    0.0    0.0
    53.126  -171.019    0.0    0.0    0.0
    53.135  -171.019    0.0    0.0    0.0
    52.234  -171.004   -0.0    0.1   -0.2
    52.243  -171.004   -0.0    0.1   -0.2
    52.252  -171.004   -0.0    0.1   -0.2
    52.261  -171.004   -0.0    0.1   -0.2
    52.270  -171.004   -0.0    0.1   -0.2
    52.279  -171.004   -0.0    0.1   -0.2
    52.288  -171.004   -0.0    0.1   -0.2
    52.297  -171.004   -0.0    0.1   -0.2
    52.306  -171.004   -0.0    0.1   -0.2
    52.315  -171.004   -0.0    0.1   -0.2
    52.324  -171.004   -0.0    0.1   -0.2
    52.333  -171.004   -0.0    0.1   -0.2
    52.342  -171.004   -0.0    0.1   -0.2
    52.351  -171.004   -0.0    0.1   -0.2
    52.360  -171.004   -0.0    0.1   -0.2
    52.369  -171.004   -0.0    0.1   -0.2
    52.378  -171.004   -0.0    0.0   -0.2
    52.387  -171.004   -0.0    0.0   -0.2
    52.396  -171.004   -0.0    0.0   -0.2
    52.405  -171.004   -0.0    0.0   -0.2
    52.414  -171.004   -0.0    0.0   -0.2
    52.423  -171.004   -0.0    0.0   -0.2
    52.432  -171.004   -0.0    0.0   -0.2
    52.441  -171.004   -0.0    0.0   -0.2
    52.450  -171.004   -0.0    0.0   -0.1
    52.459  -171.004   -0.0    0.0   -0.1
    52.468  -171.004   -0.0    0.0   -0.1
    52.477  -171.004   -0.0    0.0   -0.1
    52.486  -171.004   -0.0    0.0   -0.1
    52.495  -171.004   -0.0    0.0   -0.1
    52.504  -171.004   -0.0    0.0   -0.1
    52.513  -171.004   -0.0    0.0   -0.1
    52.522  -171.004   -0.0    0.0   -0.1
    52.531  -171.004   -0.0    0.0   -0.1
    52.540  -171.004   -0.0    0.0   -0.1
    52.549  -171.004   -0.0    0.0   -0.1
    52.558  -171.004   -0.0    0.0   -0.1
    52.567  -171.004   -0.0    0.0   -0.1
    52.576  -171.004   -0.0    0.0   -0.1
    52.586  -171.004   -0.0    0.0   -0.1
    52.595  -171.004   -0.0    0.0   -0.1
    52.604  -171.004   -0.0    0.0   -0.1
    52.613  -171.004   -0.0    0.0   -0.1
    52.622  -171.004   -0.0    0.0   -0.1
    52.631  -171.004   -0.0    0.0   -0.1
    52.640  -171.004   -0.0    0.0   -0.1
    52.649  -171.004   -0.0    0.0   -0.1
    52.658  -171.004   -0.0    0.0   -0.1
    52.667  -171.004   -0.0    0.0   -0.1
    52.676  -171.004   -0.0    0.0   -0.1
    52.685  -171.004   -0.0    0.0   -0.1
    52.694  -171.004   -0.0    0.0   -0.1
    52.703  -171.004   -0.0    0.0   -0.1
    52.712  -171.004   -0.0    0.0   -0.1
    52.721  -171.004   -0.0    0.0   -0.1
    52.730  -171.004   -0.0    0.0   -0.1
    52.739  -171.004   -0.0    0.0   -0.1
    52.748  -171.004   -0.0    0.0   -0.1
    52.757  -171.004   -0.0    0.0   -0.1
    52.766  -171.004   -0.0    0.0   -0.1
    52.775  -171.004   -0.0   -0.0   -0.1
    52.784  -171.004   -0.0   -0.0   -0.1
    52.793  -171.004   -0.0   -0.0   -0.1
    52.802  -171.004   -0.0   -0.0   -0.1
    52.811  -171.004   -0.0   -0.0   -0.1
    52.820  -171.004   -0.0   -0.0   -0.1
    52.829  -171.004   -0.0   -0.0   -0.1
    52.838  -171.004   -0.0   -0.0   -0.1
    52.847  -171.004   -0.0   -0.0   -0.1
    52.856  -171.004   -0.0   -0.0   -0.1
    52.865  -171.004   -0.0   -0.0   -0.1
    52.874  -171.004   -0.0   -0.0   -0.0
    52.883  -171.004   -0.0   -0.0   -0.0
    52.892  -171.004   -0.0   -0.0   -0.0
    52.901  -171.004   -0.0   -0.0   -0.0
    52.910  -171.004   -0.0   -0.0   -0.0
    52.919  -171.004   -0.0   -0.0   -0.0
    52.928  -171.004   -0.0   -0.0   -0.0
    52.937  -171.004   -0.0   -0.0   -0.0
    52.946  -171.004   -0.0   -0.0   -0.0
    52.955  -171.004   -0.0   -0.0   -0.0
    52.964  -171.004   -0.0   -0.0   -0.0
    52.973  -171.004   -0.0   -0.0   -0.0
    52.982  -171.004   -0.0   -0.0   -0.0
    52.991  -171.004   -0.0    0.0   -0.0
    53.000  -171.004   -0.0    0.0   -0.0
    53.009  -171.004   -0.0    0.0   -0.0
    53.018  -171.004    0.0    0.0   -0.0
    53.027  -171.004    0.0    0.0   -0.0
    53.036  -171.004    0.0    0.0   -0.0
    53.045  -171.004    0.0    0.0   -0.0
    53.054  -171.004    0.0    0.0   -0.0
    53.063  -171.004    0.0    0.0    0.0
    53.072  -171.004    0.0    0.0    0.0
    53.081  -171.004    0.0    0.0    0.0
    53.090  -171.004    0.0    0.0    0.0
    53.099  -171.004    0.0    0.0    0.0
    53.108  -171.004    0.0    0.0    0.0
    53.117  -171.004    0.0    0.0    0.0
    53.126  -171.004    0.0    0.0    0.0
    53.135  -171.004    0.0    0.0    0.0
    52.234  -170.989   -0.0    0.1   -0.1
    52.243  -170.989   -0.0    0.1   -0.2
    52.252  -170.989   -0.0    0.1   -0.2
    52.261  -170.989   -0.0    0.1   -0.2
    52.270  -170.989   -0.0    0.1   -0.2
    52.279  -170.989   -0.0    0.1   -0.2
    52.288  -170.989   -0.0    0.1   -0.2
    52.297  -170.989   -0.0    0.1   -0.2
    52.306  -170.989   -0.0    0.1   -0.2
    52.315  -170.989   -0.0    0.1   -0.2
    52.324  -170.989   -0.0    0.1   -0.2
    52.333  -170.989   -0.0    0.1   -0.2
    52.342  -170.989   -0.0    0.1   -0.2
    52.351  -170.989   -0.0    0.1   -0.2
    52.360  -170.989   -0.0    0.1   -0.2
    52.369  -170.989   -0.0    0.1   -0.2
    52.378  -170.989   -0.0    0.0   -0.2
    52.387  -170.989   -0.0    0.0   -0.2
    52.396  -170.989   -0.0    0.0   -0.2
    52.405  -170.989   -0.0    0.0   -0.2
    52.414  -170.989   -0.0    0.0   -0.2
    52.423  -170.989   -0.0    0.0   -0.2
    52.432  -170.989   -0.0    0.0   -0.2
    52.441  -170.989   -0.0    0.0   -0.1
    52.450  -170.989   -0.0    0.0   -0.1
    52.459  -170.989   -0.0    0.0   -0.1
    52.468  -170.989   -0.0    0.0   -0.1
    52.477  -170.989   -0.0    0.0   -0.1
    52.486  -170.989   -0.0    0.0   -0.1
    52.495  -170.989   -0.0    0.0   -0.1
    52.504  -170.989   -0.0    0.0   -0.1
    52.513  -170.989   -0.0    0.0   -0.1
    52.522  -170.989   -0.0    0.0   -0.1
    52.531  -170.989   -0.0    0.0   -0.1
    52.540  -170.989   -0.0    0.0   -0.1
    52.549  -170.989   -0.0    0.0   -0.1
    52.558  -170.989   -0.0    0.0   -0.1
    52.567  -170.989   -0.0    0.0   -0.1
    52.576  -170.989   -0.0    0.0   -0.1
    52.586  -170.989   -0.0    0.0   -0.1
    52.595  -170.989   -0.0    0.0   -0.1
    52.604  -170.989   -0.0    0.0   -0.1
    52.613  -170.989   -0.0    0.0   -0.1
    52.622  -170.989   -0.0    0.0   -0.1
    52.631  -170.989   -0.0    0.0   -0.1
    52.640  -170.989   -0.0    0.0   -0.1
    52.649  -170.989   -0.0    0.0   -0.1
    52.658  -170.989   -0.0    0.0   -0.1
    52.667  -170.989   -0.0    0.0   -0.1
    52.676  -170.989   -0.0    0.0   -0.1
    52.685  -170.989   -0.0    0.0   -0.1
    52.694  -170.989   -0.0    0.0   -0.1
    52.703  -170.989   -0.0    0.0   -0.1
    52.712  -170.989   -0.0    0.0   -0.1
    52.721  -170.989   -0.0    0.0   -0.1
    52.730  -170.989   -0.0    0.0   -0.1
    52.739  -170.989   -0.0    0.0   -0.1
    52.748  -170.989   -0.0    0.0   -0.1
    52.757  -170.989   -0.0    0.0   -0.1
    52.766  -170.989   -0.0    0.0   -0.1
    52.775  -170.989   -0.0   -0.0   -0.1
    52.784  -170.989   -0.0   -0.0   -0.1
    52.793  -170.989   -0.0   -0.0   -0.1
    52.802  -170.989   -0.0   -0.0   -0.1
    52.811  -170.989   -0.0   -0.0   -0.1
    52.820  -170.989   -0.0   -0.0   -0.1
    52.829  -170.989   -0.0   -0.0   -0.1
    52.838  -170.989   -0.0   -0.0   -0.1
    52.847  -170.989   -0.0   -0.0   -0.1
    52.856  -170.989   -0.0   -0.0   -0.1
    52.865  -170.989   -0.0   -0.0   -0.1
    52.874  -170.989   -0.0   -0.0   -0.0
    52.883  -170.989   -0.0   -0.0   -0.0
    52.892  -170.989   -0.0   -0.0   -0.0
    52.901  -170.989   -0.0   -0.0   -0.0
    52.910  -170.989   -0.0   -0.0   -0.0
    52.919  -170.989   -0.0   -0.0   -0.0
    52.928  -170.989   -0.0   -0.0   -0.0
    52.937  -170.989   -0.0   -0.0   -0.0
    52.946  -170.989   -0.0   -0.0   -0.0
    52.955  -170.989   -0.0   -0.0   -0.0
    52.964  -170.989   -0.0   -0.0   -0.0
    52.973  -170.989   -0.0   -0.0   -0.0
    52.982  -170.989   -0.0   -0.0   -0.0
    52.991  -170.989   -0.0    0.0   -0.0
    53.000  -170.989   -0.0    0.0   -0.0
    53.009  -170.989   -0.0    0.0   -0.0
    53.018  -170.989    0.0    0.0   -0.0
    53.027  -170.989    0.0    0.0   -0.0
    53.036  -170.989    0.0    0.0   -0.0
    53.045  -170.989    0.0    0.0   -0.0
    53.054  -170.989    0.0    0.0    0.0
    53.063  -170.989    0.0    0.0    0.0
    53.072  -170.989    0.0    0.0    0.0
    53.081  -170.989    0.0    0.0    0.0
    53.090  -170.989    0.0    0.0    0.0
    53.099  -170.989    0.0    0.0    0.0
    53.108  -170.989    0.0    0.0    0.0
    53.117  -170.989    0.0    0.0    0.0
    53.126  -170.989    0.0    0.0    0.0
    53.135  -170.989    0.0    0.0    0.0
    52.234  -170.974   -0.0    0.1   -0.1
    52.243  -170.974   -0.0    0.1   -0.1
    52.252  -170.974   -0.0    0.1   -0.2
    52.261  -170.974   -0.0    0.1   -0.2
    52.270  -170.974   -0.0    0.1   -0.2
    52.279  -170.974   -0.0    0.1   -0.2
    52.288  -170.974   -0.0    0.1   -0.2
    52.297  -170.974   -0.0    0.1   -0.2
    52.306  -170.974   -0.0    0.1   -0.2
    52.315  -170.974   -0.0    0.1   -0.2
    52.324  -170.974   -0.0    0.1   -0.2
    52.333  -170.974   -0.0    0.1   -0.2
    52.342  -170.974   -0.0    0.1   -0.2
    52.351  -170.974   -0.0    0.1   -0.2
    52.360  -170.974   -0.0    0.1   -0.2
    52.369  -170.974   -0.0    0.1   -0.2
    52.378  -170.974   -0.0    0.0   -0.2
    52.387  -170.974   -0.0    0.0   -0.2
    52.396  -170.974   -0.0    0.0   -0.2
    52.405  -170.974   -0.0    0.0   -0.2
    52.414  -170.974   -0.0    0.0   -0.2
    52.423  -170.974   -0.0    0.0   -0.2
    52.432  -170.974   -0.0    0.0   -0.1
    52.441  -170.974   -0.0    0.0   -0.1
    52.450  -170.974   -0.0    0.0   -0.1
    52.459  -170.974   -0.0    0.0   -0.1
    52.468  -170.974   -0.0    0.0   -0.1
    52.477  -170.974   -0.0    0.0   -0.1
    52.486  -170.974   -0.0    0.0   -0.1
    52.495  -170.974   -0.0    0.0   -0.1
    52.504  -170.974   -0.0    0.0   -0.1
    52.513  -170.974   -0.0    0.0   -0.1
    52.522  -170.974   -0.0    0.0   -0.1
    52.531  -170.974   -0.0    0.0   -0.1
    52.540  -170.974   -0.0    0.0   -0.1
    52.549  -170.974   -0.0    0.0   -0.1
    52.558  -170.974   -0.0    0.0   -0.1
    52.567  -170.974   -0.0    0.0   -0.1
    52.576  -170.974   -0.0    0.0   -0.1
    52.586  -170.974   -0.0    0.0   -0.1
    52.595  -170.974   -0.0    0.0   -0.1
    52.604  -170.974   -0.0    0.0   -0.1
    52.613  -170.974   -0.0    0.0   -0.1
    52.622  -170.974   -0.0    0.0   -0.1
    52.631  -170.974   -0.0    0.0   -0.1
    52.640  -170.974   -0.0    0.0   -0.1
    52.649  -170.974   -0.0    0.0   -0.1
    52.658  -170.974   -0.0    0.0   -0.1
    52.667  -170.974   -0.0    0.0   -0.1
    52.676  -170.974   -0.0    0.0   -0.1
    52.685  -170.974   -0.0    0.0   -0.1
    52.694  -170.974   -0.0    0.0   -0.1
    52.703  -170.974   -0.0    0.0   -0.1
    52.712  -170.974   -0.0    0.0   -0.1
    52.721  -170.974   -0.0    0.0   -0.1
    52.730  -170.974   -0.0    0.0   -0.1
    52.739  -170.974   -0.0    0.0   -0.1
    52.748  -170.974   -0.0    0.0   -0.1
    52.757  -170.974   -0.0    0.0   -0.1
    52.766  -170.974   -0.0    0.0   -0.1
    52.775  -170.974   -0.0    0.0   -0.1
    52.784  -170.974   -0.0   -0.0   -0.1
    52.793  -170.974   -0.0   -0.0   -0.1
    52.802  -170.974   -0.0   -0.0   -0.1
    52.811  -170.974   -0.0   -0.0   -0.1
    52.820  -170.974   -0.0   -0.0   -0.1
    52.829  -170.974   -0.0   -0.0   -0.1
    52.838  -170.974   -0.0   -0.0   -0.1
    52.847  -170.974   -0.0   -0.0   -0.1
    52.856  -170.974   -0.0   -0.0   -0.1
    52.865  -170.974   -0.0   -0.0   -0.1
    52.874  -170.974   -0.0   -0.0   -0.0
    52.883  -170.974   -0.0   -0.0   -0.0
    52.892  -170.974   -0.0   -0.0   -0.0
    52.901  -170.974   -0.0   -0.0   -0.0
    52.910  -170.974   -0.0   -0.0   -0.0
    52.919  -170.974   -0.0   -0.0   -0.0
    52.928  -170.974   -0.0   -0.0   -0.0
    52.937  -170.974   -0.0   -0.0   -0.0
    52.946  -170.974   -0.0   -0.0   -0.0
    52.955  -170.974   -0.0   -0.0   -0.0
    52.964  -170.974   -0.0   -0.0   -0.0
    52.973  -170.974   -0.0   -0.0   -0.0
    52.982  -170.974   -0.0    0.0   -0.0
    52.991  -170.974   -0.0    0.0   -0.0
    53.000  -170.974   -0.0    0.0   -0.0
    53.009  -170.974   -0.0    0.0   -0.0
    53.018  -170.974    0.0    0.0   -0.0
    53.027  -170.974    0.0    0.0   -0.0
    53.036  -170.974    0.0    0.0   -0.0
    53.045  -170.974    0.0    0.0   -0.0
    53.054  -170.974    0.0    0.0    0.0
    53.063  -170.974    0.0    0.0    0.0
    53.072  -170.974    0.0    0.0    0.0
    53.081  -170.974    0.0    0.0    0.0
    53.090  -170.974    0.0    0.0    0.0
    53.099  -170.974    0.0    0.0    0.0
    53.108  -170.974    0.0    0.0    0.0
    53.117  -170.974    0.0    0.0    0.0
    53.126  -170.974    0.0    0.0    0.0
    53.135  -170.974    0.0    0.0    0.0
    52.234  -170.959   -0.0    0.1   -0.1
    52.243  -170.959   -0.0    0.1   -0.1
    52.252  -170.959   -0.0    0.1   -0.1
    52.261  -170.959   -0.0    0.1   -0.2
    52.270  -170.959   -0.0    0.1   -0.2
    52.279  -170.959   -0.0    0.1   -0.2
    52.288  -170.959   -0.0    0.1   -0.2
    52.297  -170.959   -0.0    0.1   -0.2
    52.306  -170.959   -0.0    0.1   -0.2
    52.315  -170.959   -0.0    0.1   -0.2
    52.324  -170.959   -0.0    0.1   -0.2
    52.333  -170.959   -0.0    0.1   -0.2
    52.342  -170.959   -0.0    0.1   -0.2
    52.351  -170.959   -0.0    0.1   -0.2
    52.360  -170.959   -0.0    0.1   -0.2
    52.369  -170.959   -0.0    0.1   -0.2
    52.378  -170.959   -0.0    0.0   -0.2
    52.387  -170.959   -0.0    0.0   -0.2
    52.396  -170.959   -0.0    0.0   -0.2
    52.405  -170.959   -0.0    0.0   -0.2
    52.414  -170.959   -0.0    0.0   -0.1
    52.423  -170.959   -0.0    0.0   -0.1
    52.432  -170.959   -0.0    0.0   -0.1
    52.441  -170.959   -0.0    0.0   -0.1
    52.450  -170.959   -0.0    0.0   -0.1
    52.459  -170.959   -0.0    0.0   -0.1
    52.468  -170.959   -0.0    0.0   -0.1
    52.477  -170.959   -0.0    0.0   -0.1
    52.486  -170.959   -0.0    0.0   -0.1
    52.495  -170.959   -0.0    0.0   -0.1
    52.504  -170.959   -0.0    0.0   -0.1
    52.513  -170.959   -0.0    0.0   -0.1
    52.522  -170.959   -0.0    0.0   -0.1
    52.531  -170.959   -0.0    0.0   -0.1
    52.540  -170.959   -0.0    0.0   -0.1
    52.549  -170.959   -0.0    0.0   -0.1
    52.558  -170.959   -0.0    0.0   -0.1
    52.567  -170.959   -0.0    0.0   -0.1
    52.576  -170.959   -0.0    0.0   -0.1
    52.586  -170.959   -0.0    0.0   -0.1
    52.595  -170.959   -0.0    0.0   -0.1
    52.604  -170.959   -0.0    0.0   -0.1
    52.613  -170.959   -0.0    0.0   -0.1
    52.622  -170.959   -0.0    0.0   -0.1
    52.631  -170.959   -0.0    0.0   -0.1
    52.640  -170.959   -0.0    0.0   -0.1
    52.649  -170.959   -0.0    0.0   -0.1
    52.658  -170.959   -0.0    0.0   -0.1
    52.667  -170.959   -0.0    0.0   -0.1
    52.676  -170.959   -0.0    0.0   -0.1
    52.685  -170.959   -0.0    0.0   -0.1
    52.694  -170.959   -0.0    0.0   -0.1
    52.703  -170.959   -0.0    0.0   -0.1
    52.712  -170.959   -0.0    0.0   -0.1
    52.721  -170.959   -0.0    0.0   -0.1
    52.730  -170.959   -0.0    0.0   -0.1
    52.739  -170.959   -0.0    0.0   -0.1
    52.748  -170.959   -0.0    0.0   -0.1
    52.757  -170.959   -0.0    0.0   -0.1
    52.766  -170.959   -0.0    0.0   -0.1
    52.775  -170.959   -0.0    0.0   -0.1
    52.784  -170.959   -0.0   -0.0   -0.1
    52.793  -170.959   -0.0   -0.0   -0.1
    52.802  -170.959   -0.0   -0.0   -0.1
    52.811  -170.959   -0.0   -0.0   -0.1
    52.820  -170.959   -0.0   -0.0   -0.1
    52.829  -170.959   -0.0   -0.0   -0.1
    52.838  -170.959   -0.0   -0.0   -0.1
    52.847  -170.959   -0.0   -0.0   -0.1
    52.856  -170.959   -0.0   -0.0   -0.1
    52.865  -170.959   -0.0   -0.0   -0.0
    52.874  -170.959   -0.0   -0.0   -0.0
    52.883  -170.959   -0.0   -0.0   -0.0
    52.892  -170.959   -0.0   -0.0   -0.0
    52.901  -170.959   -0.0   -0.0   -0.0
    52.910  -170.959   -0.0   -0.0   -0.0
    52.919  -170.959   -0.0   -0.0   -0.0
    52.928  -170.959   -0.0   -0.0   -0.0
    52.937  -170.959   -0.0   -0.0   -0.0
    52.946  -170.959   -0.0   -0.0   -0.0
    52.955  -170.959   -0.0   -0.0   -0.0
    52.964  -170.959   -0.0   -0.0   -0.0
    52.973  -170.959   -0.0    0.0   -0.0
    52.982  -170.959   -0.0    0.0   -0.0
    52.991  -170.959   -0.0    0.0   -0.0
    53.000  -170.959   -0.0    0.0   -0.0
    53.009  -170.959   -0.0    0.0   -0.0
    53.018  -170.959    0.0    0.0   -0.0
    53.027  -170.959    0.0    0.0   -0.0
    53.036  -170.959    0.0    0.0   -0.0
    53.045  -170.959    0.0    0.0   -0.0
    53.054  -170.959    0.0    0.0    0.0
    53.063  -170.959    0.0    0.0    0.0
    53.072  -170.959    0.0    0.0    0.0
    53.081  -170.959    0.0    0.0    0.0
    53.090  -170.959    0.0    0.0    0.0
    53.099  -170.959    0.0    0.0    0.0
    53.108  -170.959    0.0    0.0    0.0
    53.117  -170.959    0.0    0.0    0.0
    53.126  -170.959    0.0    0.0    0.0
    53.135  -170.959    0.0    0.0    0.0
    52.234  -170.944   -0.0    0.1   -0.1
    52.243  -170.944   -0.0    0.1   -0.1
    52.252  -170.944   -0.0    0.1   -0.1
    52.261  -170.944   -0.0    0.1   -0.1
    52.270  -170.944   -0.0    0.1   -0.1
    52.279  -170.944   -0.0    0.1   -0.2
    52.288  -170.944   -0.0    0.1   -0.2
    52.297  -170.944   -0.0    0.1   -0.2
    52.306  -170.944   -0.0    0.1   -0.2
    52.315  -170.944   -0.0    0.1   -0.2
    52.324  -170.944   -0.0    0.1   -0.2
    52.333  -170.944   -0.0    0.1   -0.2
    52.342  -170.944   -0.0    0.1   -0.2
    52.351  -170.944   -0.0    0.1   -0.2
    52.360  -170.944   -0.0    0.1   -0.2
    52.369  -170.944   -0.0    0.1   -0.2
    52.378  -170.944   -0.0    0.0   -0.2
    52.387  -170.944   -0.0    0.0   -0.2
    52.396  -170.944   -0.0    0.0   -0.2
    52.405  -170.944   -0.0    0.0   -0.1
    52.414  -170.944   -0.0    0.0   -0.1
    52.423  -170.944   -0.0    0.0   -0.1
    52.432  -170.944   -0.0    0.0   -0.1
    52.441  -170.944   -0.0    0.0   -0.1
    52.450  -170.944   -0.0    0.0   -0.1
    52.459  -170.944   -0.0    0.0   -0.1
    52.468  -170.944   -0.0    0.0   -0.1
    52.477  -170.944   -0.0    0.0   -0.1
    52.486  -170.944   -0.0    0.0   -0.1
    52.495  -170.944   -0.0    0.0   -0.1
    52.504  -170.944   -0.0    0.0   -0.1
    52.513  -170.944   -0.0    0.0   -0.1
    52.522  -170.944   -0.0    0.0   -0.1
    52.531  -170.944   -0.0    0.0   -0.1
    52.540  -170.944   -0.0    0.0   -0.1
    52.549  -170.944   -0.0    0.0   -0.1
    52.558  -170.944   -0.0    0.0   -0.1
    52.567  -170.944   -0.0    0.0   -0.1
    52.576  -170.944   -0.0    0.0   -0.1
    52.586  -170.944   -0.0    0.0   -0.1
    52.595  -170.944   -0.0    0.0   -0.1
    52.604  -170.944   -0.0    0.0   -0.1
    52.613  -170.944   -0.0    0.0   -0.1
    52.622  -170.944   -0.0    0.0   -0.1
    52.631  -170.944   -0.0    0.0   -0.1
    52.640  -170.944   -0.0    0.0   -0.1
    52.649  -170.944   -0.0    0.0   -0.1
    52.658  -170.944   -0.0    0.0   -0.1
    52.667  -170.944   -0.0    0.0   -0.1
    52.676  -170.944   -0.0    0.0   -0.1
    52.685  -170.944   -0.0    0.0   -0.1
    52.694  -170.944   -0.0    0.0   -0.1
    52.703  -170.944   -0.0    0.0   -0.1
    52.712  -170.944   -0.0    0.0   -0.1
    52.721  -170.944   -0.0    0.0   -0.1
    52.730  -170.944   -0.0    0.0   -0.1
    52.739  -170.944   -0.0    0.0   -0.1
    52.748  -170.944   -0.0    0.0   -0.1
    52.757  -170.944   -0.0    0.0   -0.1
    52.766  -170.944   -0.0    0.0   -0.1
    52.775  -170.944   -0.0    0.0   -0.1
    52.784  -170.944   -0.0   -0.0   -0.1
    52.793  -170.944   -0.0   -0.0   -0.1
    52.802  -170.944   -0.0   -0.0   -0.1
    52.811  -170.944   -0.0   -0.0   -0.1
    52.820  -170.944   -0.0   -0.0   -0.1
    52.829  -170.944   -0.0   -0.0   -0.1
    52.838  -170.944   -0.0   -0.0   -0.1
    52.847  -170.944   -0.0   -0.0   -0.1
    52.856  -170.944   -0.0   -0.0   -0.1
    52.865  -170.944   -0.0   -0.0   -0.0
    52.874  -170.944   -0.0   -0.0   -0.0
    52.883  -170.944   -0.0   -0.0   -0.0
    52.892  -170.944   -0.0   -0.0   -0.0
    52.901  -170.944   -0.0   -0.0   -0.0
    52.910  -170.944   -0.0   -0.0   -0.0
    52.919  -170.944   -0.0   -0.0   -0.0
    52.928  -170.944   -0.0   -0.0   -0.0
    52.937  -170.944   -0.0   -0.0   -0.0
    52.946  -170.944   -0.0   -0.0   -0.0
    52.955  -170.944   -0.0   -0.0   -0.0
    52.964  -170.944   -0.0   -0.0   -0.0
    52.973  -170.944   -0.0    0.0   -0.0
    52.982  -170.944   -0.0    0.0   -0.0
    52.991  -170.944   -0.0    0.0   -0.0
    53.000  -170.944   -0.0    0.0   -0.0
    53.009  -170.944   -0.0    0.0   -0.0
    53.018  -170.944    0.0    0.0   -0.0
    53.027  -170.944    0.0    0.0   -0.0
    53.036  -170.944    0.0    0.0   -0.0
    53.045  -170.944    0.0    0.0   -0.0
    53.054  -170.944    0.0    0.0    0.0
    53.063  -170.944    0.0    0.0    0.0
    53.072  -170.944    0.0    0.0    0.0
    53.081  -170.944    0.0    0.0    0.0
    53.090  -170.944    0.0    0.0    0.0
    53.099  -170.944    0.0    0.0    0.0
    53.108  -170.944    0.0    0.0    0.0
    53.117  -170.944    0.0    0.0    0.0
    53.126  -170.944    0.0    0.0    0.0
    53.135  -170.944    0.0    0.0    0.0
    52.234  -170.929   -0.0    0.1   -0.1
    52.243  -170.929   -0.0    0.1   -0.1
    52.252  -170.929   -0.0    0.1   -0.1
    52.261  -170.929   -0.0    0.1   -0.1
    52.270  -170.929   -0.0    0.1   -0.1
    52.279  -170.929   -0.0    0.1   -0.1
    52.288  -170.929   -0.0    0.1   -0.1
    52.297  -170.929   -0.0    0.1   -0.2
    52.306  -170.929   -0.0    0.1   -0.2
    52.315  -170.929   -0.0    0.1   -0.2
    52.324  -170.929   -0.0    0.1   -0.2
    52.333  -170.929   -0.0    0.1   -0.2
    52.342  -170.929   -0.0    0.1   -0.2
    52.351  -170.929   -0.0    0.1   -0.2
    52.360  -170.929   -0.0    0.1   -0.2
    52.369  -170.929   -0.0    0.0   -0.2
    52.378  -170.929   -0.0    0.0   -0.1
    52.387  -170.929   -0.0    0.0   -0.1
    52.396  -170.929   -0.0    0.0   -0.1
    52.405  -170.929   -0.0    0.0   -0.1
    52.414  -170.929   -0.0    0.0   -0.1
    52.423  -170.929   -0.0    0.0   -0.1
    52.432  -170.929   -0.0    0.0   -0.1
    52.441  -170.929   -0.0    0.0   -0.1
    52.450  -170.929   -0.0    0.0   -0.1
    52.459  -170.929   -0.0    0.0   -0.1
    52.468  -170.929   -0.0    0.0   -0.1
    52.477  -170.929   -0.0    0.0   -0.1
    52.486  -170.929   -0.0    0.0   -0.1
    52.495  -170.929   -0.0    0.0   -0.1
    52.504  -170.929   -0.0    0.0   -0.1
    52.513  -170.929   -0.0    0.0   -0.1
    52.522  -170.929   -0.0    0.0   -0.1
    52.531  -170.929   -0.0    0.0   -0.1
    52.540  -170.929   -0.0    0.0   -0.1
    52.549  -170.929   -0.0    0.0   -0.1
    52.558  -170.929   -0.0    0.0   -0.1
    52.567  -170.929   -0.0    0.0   -0.1
    52.576  -170.929   -0.0    0.0   -0.1
    52.586  -170.929   -0.0    0.0   -0.1
    52.595  -170.929   -0.0    0.0   -0.1
    52.604  -170.929   -0.0    0.0   -0.1
    52.613  -170.929   -0.0    0.0   -0.1
    52.622  -170.929   -0.0    0.0   -0.1
    52.631  -170.929   -0.0    0.0   -0.1
    52.640  -170.929   -0.0    0.0   -0.1
    52.649  -170.929   -0.0    0.0   -0.1
    52.658  -170.929   -0.0    0.0   -0.1
    52.667  -170.929   -0.0    0.0   -0.1
    52.676  -170.929   -0.0    0.0   -0.1
    52.685  -170.929   -0.0    0.0   -0.1
    52.694  -170.929   -0.0    0.0   -0.1
    52.703  -170.929   -0.0    0.0   -0.1
    52.712  -170.929   -0.0    0.0   -0.1
    52.721  -170.929   -0.0    0.0   -0.1
    52.730  -170.929   -0.0    0.0   -0.1
    52.739  -170.929   -0.0    0.0   -0.1
    52.748  -170.929   -0.0    0.0   -0.1
    52.757  -170.929   -0.0    0.0   -0.1
    52.766  -170.929   -0.0    0.0   -0.1
    52.775  -170.929   -0.0    0.0   -0.1
    52.784  -170.929   -0.0   -0.0   -0.1
    52.793  -170.929   -0.0   -0.0   -0.1
    52.802  -170.929   -0.0   -0.0   -0.1
    52.811  -170.929   -0.0   -0.0   -0.1
    52.820  -170.929   -0.0   -0.0   -0.1
    52.829  -170.929   -0.0   -0.0   -0.1
    52.838  -170.929   -0.0   -0.0   -0.1
    52.847  -170.929   -0.0   -0.0   -0.1
    52.856  -170.929   -0.0   -0.0   -0.1
    52.865  -170.929   -0.0   -0.0   -0.0
    52.874  -170.929   -0.0   -0.0   -0.0
    52.883  -170.929   -0.0   -0.0   -0.0
    52.892  -170.929   -0.0   -0.0   -0.0
    52.901  -170.929   -0.0   -0.0   -0.0
    52.910  -170.929   -0.0   -0.0   -0.0
    52.919  -170.929   -0.0   -0.0   -0.0
    52.928  -170.929   -0.0   -0.0   -0.0
    52.937  -170.929   -0.0   -0.0   -0.0
    52.946  -170.929   -0.0   -0.0   -0.0
    52.955  -170.929   -0.0   -0.0   -0.0
    52.964  -170.929   -0.0    0.0   -0.0
    52.973  -170.929   -0.0    0.0   -0.0
    52.982  -170.929   -0.0    0.0   -0.0
    52.991  -170.929   -0.0    0.0   -0.0
    53.000  -170.929   -0.0    0.0   -0.0
    53.009  -170.929   -0.0    0.0   -0.0
    53.018  -170.929    0.0    0.0   -0.0
    53.027  -170.929    0.0    0.0   -0.0
    53.036  -170.929    0.0    0.0   -0.0
    53.045  -170.929    0.0    0.0    0.0
    53.054  -170.929    0.0    0.0    0.0
    53.063  -170.929    0.0    0.0    0.0
    53.072  -170.929    0.0    0.0    0.0
    53.081  -170.929    0.0    0.0    0.0
    53.090  -170.929    0.0    0.0    0.0
    53.099  -170.929    0.0    0.0    0.0
    53.108  -170.929    0.0    0.0    0.0
    53.117  -170.929    0.0    0.0    0.0
    53.126  -170.929    0.0    0.0    0.0
    53.135  -170.929    0.0    0.0    0.0
    52.234  -170.914   -0.0    0.1   -0.1
    52.243  -170.914   -0.0    0.1   -0.1
    52.252  -170.914   -0.0    0.1   -0.1
    52.261  -170.914   -0.0    0.1   -0.1
    52.270  -170.914   -0.0    0.1   -0.1
    52.279  -170.914   -0.0    0.1   -0.1
    52.288  -170.914   -0.0    0.1   -0.1
    52.297  -170.914   -0.0    0.1   -0.1
    52.306  -170.914   -0.0    0.1   -0.1
    52.315  -170.914   -0.0    0.1   -0.1
    52.324  -170.914   -0.0    0.1   -0.1
    52.333  -170.914   -0.0    0.1   -0.1
    52.342  -170.914   -0.0    0.1   -0.1
    52.351  -170.914   -0.0    0.1   -0.1
    52.360  -170.914   -0.0    0.1   -0.1
    52.369  -170.914   -0.0    0.0   -0.1
    52.378  -170.914   -0.0    0.0   -0.1
    52.387  -170.914   -0.0    0.0   -0.1
    52.396  -170.914   -0.0    0.0   -0.1
    52.405  -170.914   -0.0    0.0   -0.1
    52.414  -170.914   -0.0    0.0   -0.1
    52.423  -170.914   -0.0    0.0   -0.1
    52.432  -170.914   -0.0    0.0   -0.1
    52.441  -170.914   -0.0    0.0   -0.1
    52.450  -170.914   -0.0    0.0   -0.1
    52.459  -170.914   -0.0    0.0   -0.1
    52.468  -170.914   -0.0    0.0   -0.1
    52.477  -170.914   -0.0    0.0   -0.1
    52.486  -170.914   -0.0    0.0   -0.1
    52.495  -170.914   -0.0    0.0   -0.1
    52.504  -170.914   -0.0    0.0   -0.1
    52.513  -170.914   -0.0    0.0   -0.1
    52.522  -170.914   -0.0    0.0   -0.1
    52.531  -170.914   -0.0    0.0   -0.1
    52.540  -170.914   -0.0    0.0   -0.1
    52.549  -170.914   -0.0    0.0   -0.1
    52.558  -170.914   -0.0    0.0   -0.1
    52.567  -170.914   -0.0    0.0   -0.1
    52.576  -170.914   -0.0    0.0   -0.1
    52.586  -170.914   -0.0    0.0   -0.1
    52.595  -170.914   -0.0    0.0   -0.1
    52.604  -170.914   -0.0    0.0   -0.1
    52.613  -170.914   -0.0    0.0   -0.1
    52.622  -170.914   -0.0    0.0   -0.1
    52.631  -170.914   -0.0    0.0   -0.1
    52.640  -170.914   -0.0    0.0   -0.1
    52.649  -170.914   -0.0    0.0   -0.1
    52.658  -170.914   -0.0    0.0   -0.1
    52.667  -170.914   -0.0    0.0   -0.1
    52.676  -170.914   -0.0    0.0   -0.1
    52.685  -170.914   -0.0    0.0   -0.1
    52.694  -170.914   -0.0    0.0   -0.1
    52.703  -170.914   -0.0    0.0   -0.1
    52.712  -170.914   -0.0    0.0   -0.1
    52.721  -170.914   -0.0    0.0   -0.1
    52.730  -170.914   -0.0    0.0   -0.1
    52.739  -170.914   -0.0    0.0   -0.1
    52.748  -170.914   -0.0    0.0   -0.1
    52.757  -170.914   -0.0    0.0   -0.1
    52.766  -170.914   -0.0    0.0   -0.1
    52.775  -170.914   -0.0    0.0   -0.1
    52.784  -170.914   -0.0   -0.0   -0.1
    52.793  -170.914   -0.0   -0.0   -0.1
    52.802  -170.914   -0.0   -0.0   -0.1
    52.811  -170.914   -0.0   -0.0   -0.1
    52.820  -170.914   -0.0   -0.0   -0.1
    52.829  -170.914   -0.0   -0.0   -0.1
    52.838  -170.914   -0.0   -0.0   -0.1
    52.847  -170.914   -0.0   -0.0   -0.1
    52.856  -170.914   -0.0   -0.0   -0.0
    52.865  -170.914   -0.0   -0.0   -0.0
    52.874  -170.914   -0.0   -0.0   -0.0
    52.883  -170.914   -0.0   -0.0   -0.0
    52.892  -170.914   -0.0   -0.0   -0.0
    52.901  -170.914   -0.0   -0.0   -0.0
    52.910  -170.914   -0.0   -0.0   -0.0
    52.919  -170.914   -0.0   -0.0   -0.0
    52.928  -170.914   -0.0   -0.0   -0.0
    52.937  -170.914   -0.0   -0.0   -0.0
    52.946  -170.914   -0.0   -0.0   -0.0
    52.955  -170.914   -0.0   -0.0   -0.0
    52.964  -170.914   -0.0    0.0   -0.0
    52.973  -170.914   -0.0    0.0   -0.0
    52.982  -170.914   -0.0    0.0   -0.0
    52.991  -170.914   -0.0    0.0   -0.0
    53.000  -170.914   -0.0    0.0   -0.0
    53.009  -170.914   -0.0    0.0   -0.0
    53.018  -170.914    0.0    0.0   -0.0
    53.027  -170.914    0.0    0.0   -0.0
    53.036  -170.914    0.0    0.0   -0.0
    53.045  -170.914    0.0    0.0    0.0
    53.054  -170.914    0.0    0.0    0.0
    53.063  -170.914    0.0    0.0    0.0
    53.072  -170.914    0.0    0.0    0.0
    53.081  -170.914    0.0    0.0    0.0
    53.090  -170.914    0.0    0.0    0.0
    53.099  -170.914    0.0    0.0    0.0
    53.108  -170.914    0.0    0.0    0.0
    53.117  -170.914    0.0    0.0    0.0
    53.126  -170.914    0.0    0.0    0.0
    53.135  -170.914    0.0    0.0    0.0
    52.234  -170.900   -0.0    0.1   -0.1
    52.243  -170.900   -0.0    0.1   -0.1
    52.252  -170.900   -0.0    0.1   -0.1
    52.261  -170.900   -0.0    0.1   -0.1
    52.270  -170.900   -0.0    0.1   -0.1
    52.279  -170.900   -0.0    0.1   -0.1
    52.288  -170.900   -0.0    0.1   -0.1
    52.297  -170.900   -0.0    0.1   -0.1
    52.306  -170.900   -0.0    0.1   -0.1
    52.315  -170.900   -0.0    0.1   -0.1
    52.324  -170.900   -0.0    0.1   -0.1
    52.333  -170.900   -0.0    0.1   -0.1
    52.342  -170.900   -0.0    0.1   -0.1
    52.351  -170.900   -0.0    0.1   -0.1
    52.360  -170.900   -0.0    0.1   -0.1
    52.369  -170.900   -0.0    0.0   -0.1
    52.378  -170.900   -0.0    0.0   -0.1
    52.387  -170.900   -0.0    0.0   -0.1
    52.396  -170.900   -0.0    0.0   -0.1
    52.405  -170.900   -0.0    0.0   -0.1
    52.414  -170.900   -0.0    0.0   -0.1
    52.423  -170.900   -0.0    0.0   -0.1
    52.432  -170.900   -0.0    0.0   -0.1
    52.441  -170.900   -0.0    0.0   -0.1
    52.450  -170.900   -0.0    0.0   -0.1
    52.459  -170.900   -0.0    0.0   -0.1
    52.468  -170.900   -0.0    0.0   -0.1
    52.477  -170.900   -0.0    0.0   -0.1
    52.486  -170.900   -0.0    0.0   -0.1
    52.495  -170.900   -0.0    0.0   -0.1
    52.504  -170.900   -0.0    0.0   -0.1
    52.513  -170.900   -0.0    0.0   -0.1
    52.522  -170.900   -0.0    0.0   -0.1
    52.531  -170.900   -0.0    0.0   -0.1
    52.540  -170.900   -0.0    0.0   -0.1
    52.549  -170.900   -0.0    0.0   -0.1
    52.558  -170.900   -0.0    0.0   -0.1
    52.567  -170.900   -0.0    0.0   -0.1
    52.576  -170.900   -0.0    0.0   -0.1
    52.586  -170.900   -0.0    0.0   -0.1
    52.595  -170.900   -0.0    0.0   -0.1
    52.604  -170.900   -0.0    0.0   -0.1
    52.613  -170.900   -0.0    0.0   -0.1
    52.622  -170.900   -0.0    0.0   -0.1
    52.631  -170.900   -0.0    0.0   -0.1
    52.640  -170.900   -0.0    0.0   -0.1
    52.649  -170.900   -0.0    0.0   -0.1
    52.658  -170.900   -0.0    0.0   -0.1
    52.667  -170.900   -0.0    0.0   -0.1
    52.676  -170.900   -0.0    0.0   -0.1
    52.685  -170.900   -0.0    0.0   -0.1
    52.694  -170.900   -0.0    0.0   -0.1
    52.703  -170.900   -0.0    0.0   -0.1
    52.712  -170.900   -0.0    0.0   -0.1
    52.721  -170.900   -0.0    0.0   -0.1
    52.730  -170.900   -0.0    0.0   -0.1
    52.739  -170.900   -0.0    0.0   -0.1
    52.748  -170.900   -0.0    0.0   -0.1
    52.757  -170.900   -0.0    0.0   -0.1
    52.766  -170.900   -0.0    0.0   -0.1
    52.775  -170.900   -0.0    0.0   -0.1
    52.784  -170.900   -0.0    0.0   -0.1
    52.793  -170.900   -0.0   -0.0   -0.1
    52.802  -170.900   -0.0   -0.0   -0.1
    52.811  -170.900   -0.0   -0.0   -0.1
    52.820  -170.900   -0.0   -0.0   -0.1
    52.829  -170.900   -0.0   -0.0   -0.1
    52.838  -170.900   -0.0   -0.0   -0.1
    52.847  -170.900   -0.0   -0.0   -0.1
    52.856  -170.900   -0.0   -0.0   -0.0
    52.865  -170.900   -0.0   -0.0   -0.0
    52.874  -170.900   -0.0   -0.0   -0.0
    52.883  -170.900   -0.0   -0.0   -0.0
    52.892  -170.900   -0.0   -0.0   -0.0
    52.901  -170.900   -0.0   -0.0   -0.0
    52.910  -170.900   -0.0   -0.0   -0.0
    52.919  -170.900   -0.0   -0.0   -0.0
    52.928  -170.900   -0.0   -0.0   -0.0
    52.937  -170.900   -0.0   -0.0   -0.0
    52.946  -170.900   -0.0   -0.0   -0.0
    52.955  -170.900   -0.0    0.0   -0.0
    52.964  -170.900   -0.0    0.0   -0.0
    52.973  -170.900   -0.0    0.0   -0.0
    52.982  -170.900   -0.0    0.0   -0.0
    52.991  -170.900   -0.0    0.0   -0.0
    53.000  -170.900   -0.0    0.0   -0.0
    53.009  -170.900    0.0    0.0   -0.0
    53.018  -170.900    0.0    0.0   -0.0
    53.027  -170.900    0.0    0.0   -0.0
    53.036  -170.900    0.0    0.0   -0.0
    53.045  -170.900    0.0    0.0    0.0
    53.054  -170.900    0.0    0.0    0.0
    53.063  -170.900    0.0    0.0    0.0
    53.072  -170.900    0.0    0.0    0.0
    53.081  -170.900    0.0    0.0    0.0
    53.090  -170.900    0.0    0.0    0.0
    53.099  -170.900    0.0    0.0    0.0
    53.108  -170.900    0.0    0.0    0.0
    53.117  -170.900    0.0    0.0    0.0
    53.126  -170.900    0.0    0.0    0.0
    53.135  -170.900    0.0    0.0    0.0
    52.234  -170.885   -0.0    0.1   -0.1
    52.243  -170.885   -0.0    0.1   -0.1
    52.252  -170.885   -0.0    0.1   -0.1
    52.261  -170.885   -0.0    0.1   -0.1
    52.270  -170.885   -0.0    0.1   -0.1
    52.279  -170.885   -0.0    0.1   -0.1
    52.288  -170.885   -0.0    0.1   -0.1
    52.297  -170.885   -0.0    0.1   -0.1
    52.306  -170.885   -0.0    0.1   -0.1
    52.315  -170.885   -0.0    0.1   -0.1
    52.324  -170.885   -0.0    0.1   -0.1
    52.333  -170.885   -0.0    0.1   -0.1
    52.342  -170.885   -0.0    0.1   -0.1
    52.351  -170.885   -0.0    0.1   -0.1
    52.360  -170.885   -0.0    0.1   -0.1
    52.369  -170.885   -0.0    0.0   -0.1
    52.378  -170.885   -0.0    0.0   -0.1
    52.387  -170.885   -0.0    0.0   -0.1
    52.396  -170.885   -0.0    0.0   -0.1
    52.405  -170.885   -0.0    0.0   -0.1
    52.414  -170.885   -0.0    0.0   -0.1
    52.423  -170.885   -0.0    0.0   -0.1
    52.432  -170.885   -0.0    0.0   -0.1
    52.441  -170.885   -0.0    0.0   -0.1
    52.450  -170.885   -0.0    0.0   -0.1
    52.459  -170.885   -0.0    0.0   -0.1
    52.468  -170.885   -0.0    0.0   -0.1
    52.477  -170.885   -0.0    0.0   -0.1
    52.486  -170.885   -0.0    0.0   -0.1
    52.495  -170.885   -0.0    0.0   -0.1
    52.504  -170.885   -0.0    0.0   -0.1
    52.513  -170.885   -0.0    0.0   -0.1
    52.522  -170.885   -0.0    0.0   -0.1
    52.531  -170.885   -0.0    0.0   -0.1
    52.540  -170.885   -0.0    0.0   -0.1
    52.549  -170.885   -0.0    0.0   -0.1
    52.558  -170.885   -0.0    0.0   -0.1
    52.567  -170.885   -0.0    0.0   -0.1
    52.576  -170.885   -0.0    0.0   -0.1
    52.586  -170.885   -0.0    0.0   -0.1
    52.595  -170.885   -0.0    0.0   -0.1
    52.604  -170.885   -0.0    0.0   -0.1
    52.613  -170.885   -0.0    0.0   -0.1
    52.622  -170.885   -0.0    0.0   -0.1
    52.631  -170.885   -0.0    0.0   -0.1
    52.640  -170.885   -0.0    0.0   -0.1
    52.649  -170.885   -0.0    0.0   -0.1
    52.658  -170.885   -0.0    0.0   -0.1
    52.667  -170.885   -0.0    0.0   -0.1
    52.676  -170.885   -0.0    0.0   -0.1
    52.685  -170.885   -0.0    0.0   -0.1
    52.694  -170.885   -0.0    0.0   -0.1
    52.703  -170.885   -0.0    0.0   -0.1
    52.712  -170.885   -0.0    0.0   -0.1
    52.721  -170.885   -0.0    0.0   -0.1
    52.730  -170.885   -0.0    0.0   -0.1
    52.739  -170.885   -0.0    0.0   -0.1
    52.748  -170.885   -0.0    0.0   -0.1
    52.757  -170.885   -0.0    0.0   -0.1
    52.766  -170.885   -0.0    0.0   -0.1
    52.775  -170.885   -0.0    0.0   -0.1
    52.784  -170.885   -0.0    0.0   -0.1
    52.793  -170.885   -0.0   -0.0   -0.1
    52.802  -170.885   -0.0   -0.0   -0.1
    52.811  -170.885   -0.0   -0.0   -0.1
    52.820  -170.885   -0.0   -0.0   -0.1
    52.829  -170.885   -0.0   -0.0   -0.1
    52.838  -170.885   -0.0   -0.0   -0.1
    52.847  -170.885   -0.0   -0.0   -0.1
    52.856  -170.885   -0.0   -0.0   -0.0
    52.865  -170.885   -0.0   -0.0   -0.0
    52.874  -170.885   -0.0   -0.0   -0.0
    52.883  -170.885   -0.0   -0.0   -0.0
    52.892  -170.885   -0.0   -0.0   -0.0
    52.901  -170.885   -0.0   -0.0   -0.0
    52.910  -170.885   -0.0   -0.0   -0.0
    52.919  -170.885   -0.0   -0.0   -0.0
    52.928  -170.885   -0.0   -0.0   -0.0
    52.937  -170.885   -0.0   -0.0   -0.0
    52.946  -170.885   -0.0    0.0   -0.0
    52.955  -170.885   -0.0    0.0   -0.0
    52.964  -170.885   -0.0    0.0   -0.0
    52.973  -170.885   -0.0    0.0   -0.0
    52.982  -170.885   -0.0    0.0   -0.0
    52.991  -170.885   -0.0    0.0   -0.0
    53.000  -170.885   -0.0    0.0   -0.0
    53.009  -170.885    0.0    0.0   -0.0
    53.018  -170.885    0.0    0.0   -0.0
    53.027  -170.885    0.0    0.0   -0.0
    53.036  -170.885    0.0    0.0    0.0
    53.045  -170.885    0.0    0.0    0.0
    53.054  -170.885    0.0    0.0    0.0
    53.063  -170.885    0.0    0.0    0.0
    53.072  -170.885    0.0    0.0    0.0
    53.081  -170.885    0.0    0.0    0.0
    53.090  -170.885    0.0    0.0    0.0
    53.099  -170.885    0.0    0.0    0.0
    53.108  -170.885    0.0    0.0    0.0
    53.117  -170.885    0.0    0.0    0.0
    53.126  -170.885    0.0    0.0    0.0
    53.135  -170.885    0.0    0.0    0.0
    52.234  -170.870   -0.0    0.1   -0.1
    52.243  -170.870   -0.0    0.1   -0.1
    52.252  -170.870   -0.0    0.1   -0.1
    52.261  -170.870   -0.0    0.1   -0.1
    52.270  -170.870   -0.0    0.1   -0.1
    52.279  -170.870   -0.0    0.1   -0.1
    52.288  -170.870   -0.0    0.1   -0.1
    52.297  -170.870   -0.0    0.1   -0.1
    52.306  -170.870   -0.0    0.1   -0.1
    52.315  -170.870   -0.0    0.1   -0.1
    52.324  -170.870   -0.0    0.1   -0.1
    52.333  -170.870   -0.0    0.1   -0.1
    52.342  -170.870   -0.0    0.1   -0.1
    52.351  -170.870   -0.0    0.1   -0.1
    52.360  -170.870   -0.0    0.0   -0.1
    52.369  -170.870   -0.0    0.0   -0.1
    52.378  -170.870   -0.0    0.0   -0.1
    52.387  -170.870   -0.0    0.0   -0.1
    52.396  -170.870   -0.0    0.0   -0.1
    52.405  -170.870   -0.0    0.0   -0.1
    52.414  -170.870   -0.0    0.0   -0.1
    52.423  -170.870   -0.0    0.0   -0.1
    52.432  -170.870   -0.0    0.0   -0.1
    52.441  -170.870   -0.0    0.0   -0.1
    52.450  -170.870   -0.0    0.0   -0.1
    52.459  -170.870   -0.0    0.0   -0.1
    52.468  -170.870   -0.0    0.0   -0.1
    52.477  -170.870   -0.0    0.0   -0.1
    52.486  -170.870   -0.0    0.0   -0.1
    52.495  -170.870   -0.0    0.0   -0.1
    52.504  -170.870   -0.0    0.0   -0.1
    52.513  -170.870   -0.0    0.0   -0.1
    52.522  -170.870   -0.0    0.0   -0.1
    52.531  -170.870   -0.0    0.0   -0.1
    52.540  -170.870   -0.0    0.0   -0.1
    52.549  -170.870   -0.0    0.0   -0.1
    52.558  -170.870   -0.0    0.0   -0.1
    52.567  -170.870   -0.0    0.0   -0.1
    52.576  -170.870   -0.0    0.0   -0.1
    52.586  -170.870   -0.0    0.0   -0.1
    52.595  -170.870   -0.0    0.0   -0.1
    52.604  -170.870   -0.0    0.0   -0.1
    52.613  -170.870   -0.0    0.0   -0.1
    52.622  -170.870   -0.0    0.0   -0.1
    52.631  -170.870   -0.0    0.0   -0.1
    52.640  -170.870   -0.0    0.0   -0.1
    52.649  -170.870   -0.0    0.0   -0.1
    52.658  -170.870   -0.0    0.0   -0.1
    52.667  -170.870   -0.0    0.0   -0.1
    52.676  -170.870   -0.0    0.0   -0.1
    52.685  -170.870   -0.0    0.0   -0.1
    52.694  -170.870   -0.0    0.0   -0.1
    52.703  -170.870   -0.0    0.0   -0.1
    52.712  -170.870   -0.0    0.0   -0.1
    52.721  -170.870   -0.0    0.0   -0.1
    52.730  -170.870   -0.0    0.0   -0.1
    52.739  -170.870   -0.0    0.0   -0.1
    52.748  -170.870   -0.0    0.0   -0.1
    52.757  -170.870   -0.0    0.0   -0.1
    52.766  -170.870   -0.0    0.0   -0.1
    52.775  -170.870   -0.0    0.0   -0.1
    52.784  -170.870   -0.0    0.0   -0.1
    52.793  -170.870   -0.0   -0.0   -0.1
    52.802  -170.870   -0.0   -0.0   -0.1
    52.811  -170.870   -0.0   -0.0   -0.1
    52.820  -170.870   -0.0   -0.0   -0.1
    52.829  -170.870   -0.0   -0.0   -0.1
    52.838  -170.870   -0.0   -0.0   -0.1
    52.847  -170.870   -0.0   -0.0   -0.0
    52.856  -170.870   -0.0   -0.0   -0.0
    52.865  -170.870   -0.0   -0.0   -0.0
    52.874  -170.870   -0.0   -0.0   -0.0
    52.883  -170.870   -0.0   -0.0   -0.0
    52.892  -170.870   -0.0   -0.0   -0.0
    52.901  -170.870   -0.0   -0.0   -0.0
    52.910  -170.870   -0.0   -0.0   -0.0
    52.919  -170.870   -0.0   -0.0   -0.0
    52.928  -170.870   -0.0   -0.0   -0.0
    52.937  -170.870   -0.0    0.0   -0.0
    52.946  -170.870   -0.0    0.0   -0.0
    52.955  -170.870   -0.0    0.0   -0.0
    52.964  -170.870   -0.0    0.0   -0.0
    52.973  -170.870   -0.0    0.0   -0.0
    52.982  -170.870   -0.0    0.0   -0.0
    52.991  -170.870   -0.0    0.0   -0.0
    53.000  -170.870   -0.0    0.0   -0.0
    53.009  -170.870    0.0    0.0   -0.0
    53.018  -170.870    0.0    0.0   -0.0
    53.027  -170.870    0.0    0.0   -0.0
    53.036  -170.870    0.0    0.0    0.0
    53.045  -170.870    0.0    0.0    0.0
    53.054  -170.870    0.0    0.0    0.0
    53.063  -170.870    0.0    0.0    0.0
    53.072  -170.870    0.0    0.0    0.0
    53.081  -170.870    0.0    0.0    0.0
    53.090  -170.870    0.0    0.0    0.0
    53.099  -170.870    0.0    0.0    0.0
    53.108  -170.870    0.0    0.0    0.0
    53.117  -170.870    0.0    0.0    0.0
    53.126  -170.870    0.0    0.0    0.0
    53.135  -170.870    0.0    0.0    0.0
    52.234  -170.855   -0.0    0.1   -0.1
    52.243  -170.855   -0.0    0.1   -0.1
    52.252  -170.855   -0.0    0.1   -0.1
    52.261  -170.855   -0.0    0.1   -0.1
    52.270  -170.855   -0.0    0.1   -0.1
    52.279  -170.855   -0.0    0.1   -0.1
    52.288  -170.855   -0.0    0.1   -0.1
    52.297  -170.855   -0.0    0.1   -0.1
    52.306  -170.855   -0.0    0.1   -0.1
    52.315  -170.855   -0.0    0.1   -0.1
    52.324  -170.855   -0.0    0.1   -0.1
    52.333  -170.855   -0.0    0.1   -0.1
    52.342  -170.855   -0.0    0.1   -0.1
    52.351  -170.855   -0.0    0.1   -0.1
    52.360  -170.855   -0.0    0.0   -0.1
    52.369  -170.855   -0.0    0.0   -0.1
    52.378  -170.855   -0.0    0.0   -0.1
    52.387  -170.855   -0.0    0.0   -0.1
    52.396  -170.855   -0.0    0.0   -0.1
    52.405  -170.855   -0.0    0.0   -0.1
    52.414  -170.855   -0.0    0.0   -0.1
    52.423  -170.855   -0.0    0.0   -0.1
    52.432  -170.855   -0.0    0.0   -0.1
    52.441  -170.855   -0.0    0.0   -0.1
    52.450  -170.855   -0.0    0.0   -0.1
    52.459  -170.855   -0.0    0.0   -0.1
    52.468  -170.855   -0.0    0.0   -0.1
    52.477  -170.855   -0.0    0.0   -0.1
    52.486  -170.855   -0.0    0.0   -0.1
    52.495  -170.855   -0.0    0.0   -0.1
    52.504  -170.855   -0.0    0.0   -0.1
    52.513  -170.855   -0.0    0.0   -0.1
    52.522  -170.855   -0.0    0.0   -0.1
    52.531  -170.855   -0.0    0.0   -0.1
    52.540  -170.855   -0.0    0.0   -0.1
    52.549  -170.855   -0.0    0.0   -0.1
    52.558  -170.855   -0.0    0.0   -0.1
    52.567  -170.855   -0.0    0.0   -0.1
    52.576  -170.855   -0.0    0.0   -0.1
    52.586  -170.855   -0.0    0.0   -0.1
    52.595  -170.855   -0.0    0.0   -0.1
    52.604  -170.855   -0.0    0.0   -0.1
    52.613  -170.855   -0.0    0.0   -0.1
    52.622  -170.855   -0.0    0.0   -0.1
    52.631  -170.855   -0.0    0.0   -0.1
    52.640  -170.855   -0.0    0.0   -0.1
    52.649  -170.855   -0.0    0.0   -0.1
    52.658  -170.855   -0.0    0.0   -0.1
    52.667  -170.855   -0.0    0.0   -0.1
    52.676  -170.855   -0.0    0.0   -0.1
    52.685  -170.855   -0.0    0.0   -0.1
    52.694  -170.855   -0.0    0.0   -0.1
    52.703  -170.855   -0.0    0.0   -0.1
    52.712  -170.855   -0.0    0.0   -0.1
    52.721  -170.855   -0.0    0.0   -0.1
    52.730  -170.855   -0.0    0.0   -0.1
    52.739  -170.855   -0.0    0.0   -0.1
    52.748  -170.855   -0.0    0.0   -0.1
    52.757  -170.855   -0.0    0.0   -0.1
    52.766  -170.855   -0.0    0.0   -0.1
    52.775  -170.855   -0.0    0.0   -0.1
    52.784  -170.855   -0.0    0.0   -0.1
    52.793  -170.855   -0.0    0.0   -0.1
    52.802  -170.855   -0.0   -0.0   -0.1
    52.811  -170.855   -0.0   -0.0   -0.1
    52.820  -170.855   -0.0   -0.0   -0.1
    52.829  -170.855   -0.0   -0.0   -0.1
    52.838  -170.855   -0.0   -0.0   -0.1
    52.847  -170.855   -0.0   -0.0   -0.0
    52.856  -170.855   -0.0   -0.0   -0.0
    52.865  -170.855   -0.0   -0.0   -0.0
    52.874  -170.855   -0.0   -0.0   -0.0
    52.883  -170.855   -0.0   -0.0   -0.0
    52.892  -170.855   -0.0   -0.0   -0.0
    52.901  -170.855   -0.0   -0.0   -0.0
    52.910  -170.855   -0.0   -0.0   -0.0
    52.919  -170.855   -0.0   -0.0   -0.0
    52.928  -170.855   -0.0   -0.0   -0.0
    52.937  -170.855   -0.0    0.0   -0.0
    52.946  -170.855   -0.0    0.0   -0.0
    52.955  -170.855   -0.0    0.0   -0.0
    52.964  -170.855   -0.0    0.0   -0.0
    52.973  -170.855   -0.0    0.0   -0.0
    52.982  -170.855   -0.0    0.0   -0.0
    52.991  -170.855   -0.0    0.0   -0.0
    53.000  -170.855   -0.0    0.0   -0.0
    53.009  -170.855    0.0    0.0   -0.0
    53.018  -170.855    0.0    0.0   -0.0
    53.027  -170.855    0.0    0.0   -0.0
    53.036  -170.855    0.0    0.0    0.0
    53.045  -170.855    0.0    0.0    0.0
    53.054  -170.855    0.0    0.0    0.0
    53.063  -170.855    0.0    0.0    0.0
    53.072  -170.855    0.0    0.0    0.0
    53.081  -170.855    0.0    0.0    0.0
    53.090  -170.855    0.0    0.0    0.0
    53.099  -170.855    0.0    0.0    0.0
    53.108  -170.855    0.0    0.0    0.0
    53.117  -170.855    0.0    0.0    0.0
    53.126  -170.855    0.0    0.0    0.0
    53.135  -170.855    0.0    0.0    0.0
    52.234  -170.840   -0.0    0.1   -0.1
    52.243  -170.840   -0.0    0.1   -0.1
    52.252  -170.840   -0.0    0.1   -0.1
    52.261  -170.840   -0.0    0.1   -0.1
    52.270  -170.840   -0.0    0.1   -0.1
    52.279  -170.840   -0.0    0.1   -0.1
    52.288  -170.840   -0.0    0.1   -0.1
    52.297  -170.840   -0.0    0.1   -0.1
    52.306  -170.840   -0.0    0.1   -0.1
    52.315  -170.840   -0.0    0.1   -0.1
    52.324  -170.840   -0.0    0.1   -0.1
    52.333  -170.840   -0.0    0.1   -0.1
    52.342  -170.840   -0.0    0.1   -0.1
    52.351  -170.840   -0.0    0.1   -0.1
    52.360  -170.840   -0.0    0.0   -0.1
    52.369  -170.840   -0.0    0.0   -0.1
    52.378  -170.840   -0.0    0.0   -0.1
    52.387  -170.840   -0.0    0.0   -0.1
    52.396  -170.840   -0.0    0.0   -0.1
    52.405  -170.840   -0.0    0.0   -0.1
    52.414  -170.840   -0.0    0.0   -0.1
    52.423  -170.840   -0.0    0.0   -0.1
    52.432  -170.840   -0.0    0.0   -0.1
    52.441  -170.840   -0.0    0.0   -0.1
    52.450  -170.840   -0.0    0.0   -0.1
    52.459  -170.840   -0.0    0.0   -0.1
    52.468  -170.840   -0.0    0.0   -0.1
    52.477  -170.840   -0.0    0.0   -0.1
    52.486  -170.840   -0.0    0.0   -0.1
    52.495  -170.840   -0.0    0.0   -0.1
    52.504  -170.840   -0.0    0.0   -0.1
    52.513  -170.840   -0.0    0.0   -0.1
    52.522  -170.840   -0.0    0.0   -0.1
    52.531  -170.840   -0.0    0.0   -0.1
    52.540  -170.840   -0.0    0.0   -0.1
    52.549  -170.840   -0.0    0.0   -0.1
    52.558  -170.840   -0.0    0.0   -0.1
    52.567  -170.840   -0.0    0.0   -0.1
    52.576  -170.840   -0.0    0.0   -0.1
    52.586  -170.840   -0.0    0.0   -0.1
    52.595  -170.840   -0.0    0.0   -0.1
    52.604  -170.840   -0.0    0.0   -0.1
    52.613  -170.840   -0.0    0.0   -0.1
    52.622  -170.840   -0.0    0.0   -0.1
    52.631  -170.840   -0.0    0.0   -0.1
    52.640  -170.840   -0.0    0.0   -0.1
    52.649  -170.840   -0.0    0.0   -0.1
    52.658  -170.840   -0.0    0.0   -0.1
    52.667  -170.840   -0.0    0.0   -0.1
    52.676  -170.840   -0.0    0.0   -0.1
    52.685  -170.840   -0.0    0.0   -0.1
    52.694  -170.840   -0.0    0.0   -0.1
    52.703  -170.840   -0.0    0.0   -0.1
    52.712  -170.840   -0.0    0.0   -0.1
    52.721  -170.840   -0.0    0.0   -0.1
    52.730  -170.840   -0.0    0.0   -0.1
    52.739  -170.840   -0.0    0.0   -0.1
    52.748  -170.840   -0.0    0.0   -0.1
    52.757  -170.840   -0.0    0.0   -0.1
    52.766  -170.840   -0.0    0.0   -0.1
    52.775  -170.840   -0.0    0.0   -0.1
    52.784  -170.840   -0.0    0.0   -0.1
    52.793  -170.840   -0.0    0.0   -0.1
    52.802  -170.840   -0.0   -0.0   -0.1
    52.811  -170.840   -0.0   -0.0   -0.1
    52.820  -170.840   -0.0   -0.0   -0.1
    52.829  -170.840   -0.0   -0.0   -0.1
    52.838  -170.840   -0.0   -0.0   -0.1
    52.847  -170.840   -0.0   -0.0   -0.0
    52.856  -170.840   -0.0   -0.0   -0.0
    52.865  -170.840   -0.0   -0.0   -0.0
    52.874  -170.840   -0.0   -0.0   -0.0
    52.883  -170.840   -0.0   -0.0   -0.0
    52.892  -170.840   -0.0   -0.0   -0.0
    52.901  -170.840   -0.0   -0.0   -0.0
    52.910  -170.840   -0.0   -0.0   -0.0
    52.919  -170.840   -0.0   -0.0   -0.0
    52.928  -170.840   -0.0    0.0   -0.0
    52.937  -170.840   -0.0    0.0   -0.0
    52.946  -170.840   -0.0    0.0   -0.0
    52.955  -170.840   -0.0    0.0   -0.0
    52.964  -170.840   -0.0    0.0   -0.0
    52.973  -170.840   -0.0    0.0   -0.0
    52.982  -170.840   -0.0    0.0   -0.0
    52.991  -170.840   -0.0    0.0   -0.0
    53.000  -170.840   -0.0    0.0   -0.0
    53.009  -170.840    0.0    0.0   -0.0
    53.018  -170.840    0.0    0.0   -0.0
    53.027  -170.840    0.0    0.0   -0.0
    53.036  -170.840    0.0    0.0    0.0
    53.045  -170.840    0.0    0.0    0.0
    53.054  -170.840    0.0    0.0    0.0
    53.063  -170.840    0.0    0.0    0.0
    53.072  -170.840    0.0    0.0    0.0
    53.081  -170.840    0.0    0.0    0.0
    53.090  -170.840    0.0    0.0    0.0
    53.099  -170.840    0.0    0.0    0.0
    53.108  -170.840    0.0    0.0    0.0
    53.117  -170.840    0.0    0.0    0.0
    53.126  -170.840    0.0    0.0    0.0
    53.135  -170.840    0.0    0.0    0.0
    52.234  -170.825   -0.0    0.1   -0.1
    52.243  -170.825   -0.0    0.1   -0.1
    52.252  -170.825   -0.0    0.1   -0.1
    52.261  -170.825   -0.0    0.1   -0.1
    52.270  -170.825   -0.0    0.1   -0.1
    52.279  -170.825   -0.0    0.1   -0.1
    52.288  -170.825   -0.0    0.1   -0.1
    52.297  -170.825   -0.0    0.1   -0.1
    52.306  -170.825   -0.0    0.1   -0.1
    52.315  -170.825   -0.0    0.1   -0.1
    52.324  -170.825   -0.0    0.1   -0.1
    52.333  -170.825   -0.0    0.1   -0.1
    52.342  -170.825   -0.0    0.1   -0.1
    52.351  -170.825   -0.0    0.1   -0.1
    52.360  -170.825   -0.0    0.0   -0.1
    52.369  -170.825   -0.0    0.0   -0.1
    52.378  -170.825   -0.0    0.0   -0.1
    52.387  -170.825   -0.0    0.0   -0.1
    52.396  -170.825   -0.0    0.0   -0.1
    52.405  -170.825   -0.0    0.0   -0.1
    52.414  -170.825   -0.0    0.0   -0.1
    52.423  -170.825   -0.0    0.0   -0.1
    52.432  -170.825   -0.0    0.0   -0.1
    52.441  -170.825   -0.0    0.0   -0.1
    52.450  -170.825   -0.0    0.0   -0.1
    52.459  -170.825   -0.0    0.0   -0.1
    52.468  -170.825   -0.0    0.0   -0.1
    52.477  -170.825   -0.0    0.0   -0.1
    52.486  -170.825   -0.0    0.0   -0.1
    52.495  -170.825   -0.0    0.0   -0.1
    52.504  -170.825   -0.0    0.0   -0.1
    52.513  -170.825   -0.0    0.0   -0.1
    52.522  -170.825   -0.0    0.0   -0.1
    52.531  -170.825   -0.0    0.0   -0.1
    52.540  -170.825   -0.0    0.0   -0.1
    52.549  -170.825   -0.0    0.0   -0.1
    52.558  -170.825   -0.0    0.0   -0.1
    52.567  -170.825   -0.0    0.0   -0.1
    52.576  -170.825   -0.0    0.0   -0.1
    52.586  -170.825   -0.0    0.0   -0.1
    52.595  -170.825   -0.0    0.0   -0.1
    52.604  -170.825   -0.0    0.0   -0.1
    52.613  -170.825   -0.0    0.0   -0.1
    52.622  -170.825   -0.0    0.0   -0.1
    52.631  -170.825   -0.0    0.0   -0.1
    52.640  -170.825   -0.0    0.0   -0.1
    52.649  -170.825   -0.0    0.0   -0.1
    52.658  -170.825   -0.0    0.0   -0.1
    52.667  -170.825   -0.0    0.0   -0.1
    52.676  -170.825   -0.0    0.0   -0.1
    52.685  -170.825   -0.0    0.0   -0.1
    52.694  -170.825   -0.0    0.0   -0.1
    52.703  -170.825   -0.0    0.0   -0.1
    52.712  -170.825   -0.0    0.0   -0.1
    52.721  -170.825   -0.0    0.0   -0.1
    52.730  -170.825   -0.0    0.0   -0.1
    52.739  -170.825   -0.0    0.0   -0.1
    52.748  -170.825   -0.0    0.0   -0.1
    52.757  -170.825   -0.0    0.0   -0.1
    52.766  -170.825   -0.0    0.0   -0.1
    52.775  -170.825   -0.0    0.0   -0.1
    52.784  -170.825   -0.0    0.0   -0.1
    52.793  -170.825   -0.0    0.0   -0.1
    52.802  -170.825   -0.0    0.0   -0.1
    52.811  -170.825   -0.0   -0.0   -0.1
    52.820  -170.825   -0.0   -0.0   -0.1
    52.829  -170.825   -0.0   -0.0   -0.1
    52.838  -170.825   -0.0   -0.0   -0.0
    52.847  -170.825   -0.0   -0.0   -0.0
    52.856  -170.825   -0.0   -0.0   -0.0
    52.865  -170.825   -0.0   -0.0   -0.0
    52.874  -170.825   -0.0   -0.0   -0.0
    52.883  -170.825   -0.0   -0.0   -0.0
    52.892  -170.825   -0.0   -0.0   -0.0
    52.901  -170.825   -0.0   -0.0   -0.0
    52.910  -170.825   -0.0   -0.0   -0.0
    52.919  -170.825   -0.0    0.0   -0.0
    52.928  -170.825   -0.0    0.0   -0.0
    52.937  -170.825   -0.0    0.0   -0.0
    52.946  -170.825   -0.0    0.0   -0.0
    52.955  -170.825   -0.0    0.0   -0.0
    52.964  -170.825   -0.0    0.0   -0.0
    52.973  -170.825   -0.0    0.0   -0.0
    52.982  -170.825   -0.0    0.0   -0.0
    52.991  -170.825   -0.0    0.0   -0.0
    53.000  -170.825   -0.0    0.0   -0.0
    53.009  -170.825    0.0    0.0   -0.0
    53.018  -170.825    0.0    0.0   -0.0
    53.027  -170.825    0.0    0.0    0.0
    53.036  -170.825    0.0    0.0    0.0
    53.045  -170.825    0.0    0.0    0.0
    53.054  -170.825    0.0    0.0    0.0
    53.063  -170.825    0.0    0.0    0.0
    53.072  -170.825    0.0    0.0    0.0
    53.081  -170.825    0.0    0.0    0.0
    53.090  -170.825    0.0    0.0    0.0
    53.099  -170.825    0.0    0.0    0.0
    53.108  -170.825    0.0    0.0    0.0
    53.117  -170.825    0.0    0.0    0.0
    53.126  -170.825    0.0    0.0    0.0
    53.135  -170.825    0.0    0.0    0.0
    52.234  -170.810   -0.0    0.1   -0.1
    52.243  -170.810   -0.0    0.1   -0.1
    52.252  -170.810   -0.0    0.1   -0.1
    52.261  -170.810   -0.0    0.1   -0.1
    52.270  -170.810   -0.0    0.1   -0.1
    52.279  -170.810   -0.0    0.1   -0.1
    52.288  -170.810   -0.0    0.1   -0.1
    52.297  -170.810   -0.0    0.1   -0.1
    52.306  -170.810   -0.0    0.1   -0.1
    52.315  -170.810   -0.0    0.1   -0.1
    52.324  -170.810   -0.0    0.1   -0.1
    52.333  -170.810   -0.0    0.1   -0.1
    52.342  -170.810   -0.0    0.1   -0.1
    52.351  -170.810   -0.0    0.0   -0.1
    52.360  -170.810   -0.0    0.0   -0.1
    52.369  -170.810   -0.0    0.0   -0.1
    52.378  -170.810   -0.0    0.0   -0.1
    52.387  -170.810   -0.0    0.0   -0.1
    52.396  -170.810   -0.0    0.0   -0.1
    52.405  -170.810   -0.0    0.0   -0.1
    52.414  -170.810   -0.0    0.0   -0.1
    52.423  -170.810   -0.0    0.0   -0.1
    52.432  -170.810   -0.0    0.0   -0.1
    52.441  -170.810   -0.0    0.0   -0.1
    52.450  -170.810   -0.0    0.0   -0.1
    52.459  -170.810   -0.0    0.0   -0.1
    52.468  -170.810   -0.0    0.0   -0.1
    52.477  -170.810   -0.0    0.0   -0.1
    52.486  -170.810   -0.0    0.0   -0.1
    52.495  -170.810   -0.0    0.0   -0.1
    52.504  -170.810   -0.0    0.0   -0.1
    52.513  -170.810   -0.0    0.0   -0.1
    52.522  -170.810   -0.0    0.0   -0.1
    52.531  -170.810   -0.0    0.0   -0.1
    52.540  -170.810   -0.0    0.0   -0.1
    52.549  -170.810   -0.0    0.0   -0.1
    52.558  -170.810   -0.0    0.0   -0.1
    52.567  -170.810   -0.0    0.0   -0.1
    52.576  -170.810   -0.0    0.0   -0.1
    52.586  -170.810   -0.0    0.0   -0.1
    52.595  -170.810   -0.0    0.0   -0.1
    52.604  -170.810   -0.0    0.0   -0.1
    52.613  -170.810   -0.0    0.0   -0.1
    52.622  -170.810   -0.0    0.0   -0.1
    52.631  -170.810   -0.0    0.0   -0.1
    52.640  -170.810   -0.0    0.0   -0.1
    52.649  -170.810   -0.0    0.0   -0.1
    52.658  -170.810   -0.0    0.0   -0.1
    52.667  -170.810   -0.0    0.0   -0.1
    52.676  -170.810   -0.0    0.0   -0.1
    52.685  -170.810   -0.0    0.0   -0.1
    52.694  -170.810   -0.0    0.0   -0.1
    52.703  -170.810   -0.0    0.0   -0.1
    52.712  -170.810   -0.0    0.0   -0.1
    52.721  -170.810   -0.0    0.0   -0.1
    52.730  -170.810   -0.0    0.0   -0.1
    52.739  -170.810   -0.0    0.0   -0.1
    52.748  -170.810   -0.0    0.0   -0.1
    52.757  -170.810   -0.0    0.0   -0.1
    52.766  -170.810   -0.0    0.0   -0.1
    52.775  -170.810   -0.0    0.0   -0.1
    52.784  -170.810   -0.0    0.0   -0.1
    52.793  -170.810   -0.0    0.0   -0.1
    52.802  -170.810   -0.0    0.0   -0.1
    52.811  -170.810   -0.0   -0.0   -0.1
    52.820  -170.810   -0.0   -0.0   -0.1
    52.829  -170.810   -0.0   -0.0   -0.1
    52.838  -170.810   -0.0   -0.0   -0.0
    52.847  -170.810   -0.0   -0.0   -0.0
    52.856  -170.810   -0.0   -0.0   -0.0
    52.865  -170.810   -0.0   -0.0   -0.0
    52.874  -170.810   -0.0   -0.0   -0.0
    52.883  -170.810   -0.0   -0.0   -0.0
    52.892  -170.810   -0.0   -0.0   -0.0
    52.901  -170.810   -0.0   -0.0   -0.0
    52.910  -170.810   -0.0    0.0   -0.0
    52.919  -170.810   -0.0    0.0   -0.0
    52.928  -170.810   -0.0    0.0   -0.0
    52.937  -170.810   -0.0    0.0   -0.0
    52.946  -170.810   -0.0    0.0   -0.0
    52.955  -170.810   -0.0    0.0   -0.0
    52.964  -170.810   -0.0    0.0   -0.0
    52.973  -170.810   -0.0    0.0   -0.0
    52.982  -170.810   -0.0    0.0   -0.0
    52.991  -170.810   -0.0    0.0   -0.0
    53.000  -170.810    0.0    0.0   -0.0
    53.009  -170.810    0.0    0.0   -0.0
    53.018  -170.810    0.0    0.0   -0.0
    53.027  -170.810    0.0    0.0    0.0
    53.036  -170.810    0.0    0.0    0.0
    53.045  -170.810    0.0    0.0    0.0
    53.054  -170.810    0.0    0.0    0.0
    53.063  -170.810    0.0    0.0    0.0
    53.072  -170.810    0.0    0.0    0.0
    53.081  -170.810    0.0    0.0    0.0
    53.090  -170.810    0.0    0.0    0.0
    53.099  -170.810    0.0    0.0    0.0
    53.108  -170.810    0.0    0.0    0.0
    53.117  -170.810    0.0    0.0    0.0
    53.126  -170.810    0.0    0.0    0.0
    53.135  -170.810    0.0    0.0    0.0
